file_name,MMSI,timestamp,lat,lon,az_deg,el_deg,range_m
ONMS_CI01_671129631_20230110_163436_20230110_183440_16k.flac,369140000,2023-01-10 18:34:00,34.05764,-120.09526,318.5693910684644,0.3900060057041018,2080.2961381170653
ONMS_CI01_671129631_20230110_163436_20230110_183440_16k.flac,369140000,2023-01-10 18:34:05,34.05770054899012,-120.09514447733173,318.9123628438386,0.3903963746467994,2078.3098406009285
ONMS_CI01_671129631_20230110_163436_20230110_183440_16k.flac,369140000,2023-01-10 18:34:10,34.05776109787107,-120.0950289544992,319.25597851339194,0.3907727613635341,2076.398150538353
ONMS_CI01_671129631_20230120_163308_20230120_181727_16k.flac,338395327,2023-01-20 18:14:57,34.03265,-120.09829,233.80704317088234,0.3954604124263408,2052.937502448472
ONMS_CI01_671129631_20230120_163308_20230120_181727_16k.flac,338395327,2023-01-20 18:15:02,34.03264791355545,-120.09825667033523,233.75102688683162,0.39593390360265845,2050.5915309117495
ONMS_CI01_671129631_20230120_163308_20230120_181727_16k.flac,338395327,2023-01-20 18:15:07,34.03264582710187,-120.09822334067208,233.69488233287237,0.396408057590432,2048.2475239278547
ONMS_CI01_671129631_20230110_163436_20230110_210310_16k.flac,369140000,2023-01-10 21:01:50,34.05456,-120.09661,309.0551961388688,0.42104765215349305,1933.2646418206587
ONMS_CI01_671129631_20230110_163436_20230110_210310_16k.flac,369140000,2023-01-10 21:01:55,34.054474641185635,-120.09651165522703,309.00644925119127,0.4240189341087952,1920.249521764507
ONMS_CI01_671129631_20230110_163436_20230110_210310_16k.flac,369140000,2023-01-10 21:02:00,34.05438928229138,-120.0964133106512,308.95703705641745,0.42702964157595175,1907.2358155953498
ONMS_CI01_671129631_20230113_163412_20230113_203044_16k.flac,338176382,2023-01-13 20:30:17,34.05127,-120.06215,63.08271527614954,0.4323667252190587,1884.6176782475895
ONMS_CI01_671129631_20230113_163412_20230113_203044_16k.flac,338176382,2023-01-13 20:30:22,34.0512001898436,-120.06194651888927,63.54785911279269,0.42921535106139713,1897.9288953811017
ONMS_CI01_671129631_20230113_163412_20230113_203044_16k.flac,338176382,2023-01-13 20:30:27,34.05113037934959,-120.06174303811208,64.00649365932142,0.4260784382893374,1911.3634498173517
ONMS_CI01_671129631_20230113_163412_20230113_202415_16k.flac,338176382,2023-01-13 20:23:48,34.05428,-120.07822,9.407868283129858,0.6851066634548931,1203.148565065077
ONMS_CI01_671129631_20230113_163412_20230113_202415_16k.flac,338176382,2023-01-13 20:23:53,34.05425862638164,-120.07800140761314,10.373688480361805,0.6844529139337745,1204.2800017581767
ONMS_CI01_671129631_20230113_163412_20230113_202415_16k.flac,338176382,2023-01-13 20:23:58,34.054237252374506,-120.077782815336,11.337422091312863,0.6836036690025791,1205.7528860799075
ONMS_CI01_671129631_20230121_163258_20230121_190201_16k.flac,338395327,2023-01-21 19:01:35,34.03132,-120.09162,217.4293232147273,0.4774305401651969,1712.5051762907246
ONMS_CI01_671129631_20230121_163258_20230121_190201_16k.flac,338395327,2023-01-21 19:01:40,34.031344538741806,-120.09164553081702,217.54736719446316,0.47763940363417445,1711.7799935517721
ONMS_CI01_671129631_20230121_163258_20230121_190201_16k.flac,338395327,2023-01-21 19:01:45,34.03136907747822,-120.09167106164874,217.66551073868914,0.4778463452198383,1711.0620823703857
ONMS_CI01_671129631_20230110_163436_20230110_210012_16k.flac,369140000,2023-01-10 20:59:39,34.05676,-120.09924,309.97591358680097,0.3548165167041699,2275.8543803299503
ONMS_CI01_671129631_20230110_163436_20230110_210012_16k.flac,369140000,2023-01-10 20:59:44,34.056674437365054,-120.09913791464288,309.94500999503225,0.35702541594600096,2262.535236978589
ONMS_CI01_671129631_20230110_163436_20230110_210012_16k.flac,369140000,2023-01-10 20:59:49,34.05658887464414,-120.0990358294909,309.9137403949177,0.35925965425399653,2249.216762829915
ONMS_CI01_671129631_20230113_163412_20230113_202919_16k.flac,338176382,2023-01-13 20:29:16,34.05205,-120.06456,57.197161172723376,0.47119215439237455,1734.4982128506724
ONMS_CI01_671129631_20230113_163412_20230113_202919_16k.flac,338176382,2023-01-13 20:29:21,34.052003978875554,-120.06436718238771,57.6542158986542,0.4677766365228076,1746.753726028183
ONMS_CI01_671129631_20230113_163412_20230113_202919_16k.flac,338176382,2023-01-13 20:29:26,34.05195795744833,-120.0641743649838,58.104873116719745,0.4643780288632437,1759.1188380660158
ONMS_CI01_671129631_20230121_163258_20230121_194038_16k.flac,368105370,2023-01-21 19:40:30,34.05996,-120.09556,322.3034462200734,0.3514453827340631,2296.415569084916
ONMS_CI01_671129631_20230121_163258_20230121_194038_16k.flac,368105370,2023-01-21 19:40:35,34.059957685019185,-120.09570485598083,322.0364708972632,0.3501535314173972,2304.4161993279895
ONMS_CI01_671129631_20230121_163258_20230121_194038_16k.flac,368105370,2023-01-21 19:40:40,34.05995536986766,-120.09584971195378,321.7713487498442,0.3488624293320594,2312.4665150096557
ONMS_CI01_671129631_20230207_163031_20230207_164201_16k.flac,368105370,2023-02-07 20:48:00,34.04758,-120.10045,283.45075668688827,0.42679689103965474,1908.2938043863346
ONMS_CI01_671129631_20230207_163031_20230207_164201_16k.flac,368105370,2023-02-07 20:48:05,34.0475677804205,-120.10030028475256,283.5080553096978,0.43002043793671774,1894.5349949512645
ONMS_CI01_671129631_20230207_163031_20230207_164201_16k.flac,368105370,2023-02-07 20:48:10,34.047555560658644,-120.10015056954808,283.5661922582517,0.43328978501616117,1880.7781136994179
ONMS_CI01_671129631_20230121_163258_20230121_181914_16k.flac,338395327,2023-01-21 18:18:38,34.03639,-120.08219,192.02708294104542,1.015047750114876,815.563040739303
ONMS_CI01_671129631_20230121_163258_20230121_181914_16k.flac,338395327,2023-01-21 18:18:43,34.03634153331452,-120.08261498791576,194.60124604713343,0.9974636653607967,829.8331410870579
ONMS_CI01_671129631_20230121_163258_20230121_181914_16k.flac,338395327,2023-01-21 18:18:48,34.036293065159754,-120.08303997534813,197.0835346107343,0.9785837348235538,845.7193709464855
ONMS_CI01_671129631_20230120_163308_20230120_182208_16k.flac,338395327,2023-01-20 18:21:30,34.03057,-120.09385,220.8263918154867,0.4270617284370341,1907.0678698641989
ONMS_CI01_671129631_20230120_163308_20230120_182208_16k.flac,338395327,2023-01-20 18:21:35,34.03053028624602,-120.09379551287977,220.62546935698725,0.42704849693837044,1907.1240846749758
ONMS_CI01_671129631_20230120_163308_20230120_182208_16k.flac,338395327,2023-01-20 18:21:40,34.030490572467635,-120.09374102581032,220.42456121427944,0.42702980467236873,1907.203749161704
ONMS_CI01_671129631_20230113_163412_20230113_201507_16k.flac,338176382,2023-01-13 20:14:46,34.05508,-120.10138,303.3087857318889,0.34715416328472454,2323.2965762897543
ONMS_CI01_671129631_20230113_163412_20230113_201507_16k.flac,338176382,2023-01-13 20:14:51,34.05506776887927,-120.10114643398606,303.57491993767854,0.35014661046980244,2304.5530522120216
ONMS_CI01_671129631_20230113_163412_20230113_201507_16k.flac,338176382,2023-01-13 20:14:56,34.05505553731473,-120.10091286803922,303.84541294306507,0.3531784926410275,2285.8600682917427
ONMS_CI01_671129631_20230110_163436_20230110_211601_16k.flac,369140000,2023-01-10 21:14:53,34.04372,-120.09369,270.72603131793045,0.6688494802666508,1231.9641327884465
ONMS_CI01_671129631_20230110_163436_20230110_211601_16k.flac,369140000,2023-01-10 21:14:58,34.04370365366368,-120.09380251192022,270.636399766564,0.66317554748688,1242.3304362856627
ONMS_CI01_671129631_20230110_163436_20230110_211601_16k.flac,369140000,2023-01-10 21:15:03,34.04368730722433,-120.09391502379727,270.54825206424016,0.6575931543038072,1252.6997411142413
ONMS_CI01_671129631_20230110_223434_20230110_224458_16k.flac,369140000,2023-01-10 22:43:50,34.05852,-120.07866,5.378480649145282,0.49160014177569306,1664.585267473364
ONMS_CI01_671129631_20230110_223434_20230110_224458_16k.flac,369140000,2023-01-10 22:43:55,34.05862111154904,-120.0784764560837,5.918837637055734,0.4877251138330092,1677.4142322951839
ONMS_CI01_671129631_20230110_223434_20230110_224458_16k.flac,369140000,2023-01-10 22:44:00,34.05872222282234,-120.07829291173152,6.450944891190883,0.48386465598708106,1690.3901169111048
ONMS_CI01_671129631_20230207_163031_20230207_211048_16k.flac,368105370,2023-02-07 21:10:01,34.05218,-120.06458,56.765254824312066,0.4694281069205632,1740.8053586934548
ONMS_CI01_671129631_20230207_163031_20230207_211048_16k.flac,368105370,2023-02-07 21:10:06,34.052180388464755,-120.06444627516888,56.98543100243712,0.46655700056859045,1751.1696531791004
ONMS_CI01_671129631_20230207_163031_20230207_211048_16k.flac,368105370,2023-02-07 21:10:11,34.05218077678405,-120.06431255033652,57.20301294392339,0.46371217598826137,1761.559505296274
ONMS_CI01_671129631_20230110_163436_20230110_210748_16k.flac,369140000,2023-01-10 21:07:09,34.049,-120.09003,303.92900585539803,0.7663747055911447,1077.2794299201407
ONMS_CI01_671129631_20230110_163436_20230110_210748_16k.flac,369140000,2023-01-10 21:07:14,34.0489132592677,-120.08992936908422,303.7783298280466,0.7759091130859306,1064.2047876965821
ONMS_CI01_671129631_20230110_163436_20230110_210748_16k.flac,369140000,2023-01-10 21:07:19,34.048826518451804,-120.08982873837338,303.6239057861649,0.7856735425453049,1051.1377168201075
ONMS_CI01_671129631_20230121_163258_20230121_195139_16k.flac,338395327,2023-01-21 19:51:23,34.05674,-120.0656,43.009193555181604,0.4071590310894096,1996.4402908062123
ONMS_CI01_671129631_20230121_163258_20230121_195139_16k.flac,338395327,2023-01-21 19:51:28,34.056967522731185,-120.06532568197393,43.045826581085024,0.399681650571379,2032.1699821114464
ONMS_CI01_671129631_20230121_163258_20230121_195139_16k.flac,338395327,2023-01-21 19:51:33,34.05719504484177,-120.06505136248198,43.0811936198895,0.39245695003292264,2067.900507377579
ONMS_CI01_671129631_20230113_163412_20230113_201635_16k.flac,338176382,2023-01-13 20:15:49,34.05503,-120.09868,306.8911873838822,0.38310842660521843,2116.0375431079647
ONMS_CI01_671129631_20230113_163412_20230113_201635_16k.flac,338176382,2023-01-13 20:15:54,34.05503233098922,-120.09847942436723,307.19985614143485,0.38590670617387784,2101.4111824013166
ONMS_CI01_671129631_20230113_163412_20230113_201635_16k.flac,338176382,2023-01-13 20:15:59,34.055034661651185,-120.09827884872348,307.51284281689345,0.3887312174436889,2086.8466664377647
ONMS_CI01_671129631_20230110_163436_20230110_211100_16k.flac,369140000,2023-01-10 21:10:26,34.04606,-120.08869,289.6600812327726,1.0121768494681596,817.8708172738261
ONMS_CI01_671129631_20230110_163436_20230110_211100_16k.flac,369140000,2023-01-10 21:10:31,34.046013471080265,-120.08874032881252,289.21147001872885,1.0088652153362745,820.5358644514101
ONMS_CI01_671129631_20230110_163436_20230110_211100_16k.flac,369140000,2023-01-10 21:10:36,34.04596694213958,-120.08879065757007,288.7657915122844,1.0055134658753433,823.2508740449354
ONMS_CI01_671129631_20230121_163258_20230121_191253_16k.flac,338395327,2023-01-21 19:12:10,34.02921,-120.09337,217.031112805508,0.40711410991612973,1996.6312315617947
ONMS_CI01_671129631_20230121_163258_20230121_191253_16k.flac,338395327,2023-01-21 19:12:15,34.02918251406272,-120.09334006599057,216.91513662381496,0.40694939590850343,1997.404798509012
ONMS_CI01_671129631_20230121_163258_20230121_191253_16k.flac,338395327,2023-01-21 19:12:20,34.02915502811803,-120.09331013200045,216.7992507183775,0.4067830684742406,1998.1865425495632
ONMS_CI01_671129631_20230120_163308_20230120_182020_16k.flac,338395327,2023-01-20 18:19:59,34.0311,-120.09489,224.12940613590814,0.4221119859844239,1928.561831744061
ONMS_CI01_671129631_20230120_163308_20230120_182020_16k.flac,338395327,2023-01-20 18:20:04,34.03108921962712,-120.0948187501972,223.9640176993016,0.42295986448824685,1924.8475193079164
ONMS_CI01_671129631_20230120_163308_20230120_182020_16k.flac,338395327,2023-01-20 18:20:09,34.03107843921295,-120.09474750041241,223.7979910931335,0.42380726093016635,1921.1493067143208
ONMS_CI01_671129631_20230207_163031_20230207_163833_16k.flac,368105370,2023-02-07 20:48:00,34.04758,-120.10045,283.45075668688827,0.42679689103965474,1908.2938043863346
ONMS_CI01_671129631_20230207_163031_20230207_163833_16k.flac,368105370,2023-02-07 20:48:05,34.0475677804205,-120.10030028475256,283.5080553096978,0.43002043793671774,1894.5349949512645
ONMS_CI01_671129631_20230207_163031_20230207_163833_16k.flac,368105370,2023-02-07 20:48:10,34.047555560658644,-120.10015056954808,283.5661922582517,0.43328978501616117,1880.7781136994179
ONMS_CI01_671129631_20230120_163308_20230120_185845_16k.flac,338395327,2023-01-20 18:57:43,34.03312,-120.09992,237.30365912050104,0.3771983197101701,2147.605659934353
ONMS_CI01_671129631_20230120_163308_20230120_185845_16k.flac,338395327,2023-01-20 18:57:48,34.03315609269686,-120.09990967209366,237.37989037025974,0.37774631484897553,2144.641800289644
ONMS_CI01_671129631_20230120_163308_20230120_185845_16k.flac,338395327,2023-01-20 18:57:53,34.03319218539267,-120.09989934417858,237.4563324862069,0.37829508297698955,2141.6817475943176
ONMS_CI01_671129631_20230121_163258_20230121_195132_16k.flac,338395327,2023-01-21 19:51:23,34.05674,-120.0656,43.009193555181604,0.4071590310894096,1996.4402908062123
ONMS_CI01_671129631_20230121_163258_20230121_195132_16k.flac,338395327,2023-01-21 19:51:28,34.056967522731185,-120.06532568197393,43.045826581085024,0.399681650571379,2032.1699821114464
ONMS_CI01_671129631_20230121_163258_20230121_195132_16k.flac,338395327,2023-01-21 19:51:33,34.05719504484177,-120.06505136248198,43.0811936198895,0.39245695003292264,2067.900507377579
ONMS_CI01_671129631_20230207_163031_20230207_164556_16k.flac,368105370,2023-02-07 20:48:00,34.04758,-120.10045,283.45075668688827,0.42679689103965474,1908.2938043863346
ONMS_CI01_671129631_20230207_163031_20230207_164556_16k.flac,368105370,2023-02-07 20:48:05,34.0475677804205,-120.10030028475256,283.5080553096978,0.43002043793671774,1894.5349949512645
ONMS_CI01_671129631_20230207_163031_20230207_164556_16k.flac,368105370,2023-02-07 20:48:10,34.047555560658644,-120.10015056954808,283.5661922582517,0.43328978501616117,1880.7781136994179
ONMS_CI01_671129631_20230121_163258_20230121_185553_16k.flac,338395327,2023-01-21 18:54:18,34.02941,-120.08979,209.01623716975465,0.4541307351378681,1797.3934253288114
ONMS_CI01_671129631_20230121_163258_20230121_185553_16k.flac,338395327,2023-01-21 18:54:23,34.02944941309036,-120.08978900840714,209.08141337495195,0.4551446404892121,1793.527033504798
ONMS_CI01_671129631_20230121_163258_20230121_185553_16k.flac,338395327,2023-01-21 18:54:28,34.029488826180476,-120.08978801681336,209.14687112747274,0.4561622362633456,1789.6629729153826
ONMS_CI01_671129631_20230121_163258_20230121_194640_16k.flac,338395327,2023-01-21 19:46:23,34.0405,-120.07496,124.46545786486881,1.3732232997334912,603.8570723653951
ONMS_CI01_671129631_20230121_163258_20230121_194640_16k.flac,338395327,2023-01-21 19:46:28,34.04071998773495,-120.074708350601,121.33871701702462,1.359089383995298,610.1108962696075
ONMS_CI01_671129631_20230121_163258_20230121_194640_16k.flac,338395327,2023-01-21 19:46:33,34.04093997494694,-120.07445669990258,118.28433733425642,1.341359814728106,618.1408369866356
ONMS_CI01_671129631_20230113_163412_20230113_202611_16k.flac,338176382,2023-01-13 20:25:18,34.05401,-120.07442,25.32465298037817,0.6432870996075655,1280.0312782432893
ONMS_CI01_671129631_20230113_163412_20230113_202611_16k.flac,338176382,2023-01-13 20:25:23,34.054006438336536,-120.07417486839982,26.241180310852954,0.6384682746095444,1289.520553135948
ONMS_CI01_671129631_20230113_163412_20230113_202611_16k.flac,338176382,2023-01-13 20:25:28,34.054002876184256,-120.07392973682016,27.144088373671845,0.6335577674167571,1299.334896503361
ONMS_CI01_671129631_20230110_223434_20230110_223542_16k.flac,369140000,2023-01-10 22:35:11,34.05371,-120.09287,314.1906110557152,0.5080768486892256,1612.181907928642
ONMS_CI01_671129631_20230110_223434_20230110_223542_16k.flac,369140000,2023-01-10 22:35:16,34.05376787662607,-120.09274609103707,314.6386348368073,0.5092721805334417,1608.5018299185447
ONMS_CI01_671129631_20230110_223434_20230110_223542_16k.flac,369140000,2023-01-10 22:35:21,34.0538257531267,-120.09262218190574,315.08868588071897,0.5104406082715908,1604.9205430206498
ONMS_CI01_671129631_20230120_163308_20230120_181543_16k.flac,338395327,2023-01-20 18:14:57,34.03265,-120.09829,233.80704317088234,0.3954604124263408,2052.937502448472
ONMS_CI01_671129631_20230120_163308_20230120_181543_16k.flac,338395327,2023-01-20 18:15:02,34.03264791355545,-120.09825667033523,233.75102688683162,0.39593390360265845,2050.5915309117495
ONMS_CI01_671129631_20230120_163308_20230120_181543_16k.flac,338395327,2023-01-20 18:15:07,34.03264582710187,-120.09822334067208,233.69488233287237,0.396408057590432,2048.2475239278547
ONMS_CI01_671129631_20230121_163258_20230121_193748_16k.flac,368105370,2023-01-21 19:36:58,34.06023,-120.08989,334.50517195023264,0.39680138245502367,2046.2101228539148
ONMS_CI01_671129631_20230121_163258_20230121_193748_16k.flac,368105370,2023-01-21 19:37:03,34.06022484547375,-120.09002638395067,334.18084043776133,0.39580201006498766,2051.1473603411364
ONMS_CI01_671129631_20230121_163258_20230121_193748_16k.flac,368105370,2023-01-21 19:37:08,34.06021969079617,-120.09016276788483,333.8580769096628,0.39479418517584686,2056.150003170926
ONMS_CI01_671129631_20230121_163258_20230121_191851_16k.flac,368105370,2023-01-21 19:18:28,34.06122,-120.0611,42.24436254220486,0.3023966479755702,2643.4195570799275
ONMS_CI01_671129631_20230121_163258_20230121_191851_16k.flac,368105370,2023-01-21 19:18:33,34.06122950750227,-120.06123325107748,42.031033762086835,0.3033210836147186,2635.9465700503174
ONMS_CI01_671129631_20230121_163258_20230121_191851_16k.flac,368105370,2023-01-21 19:18:38,34.06123901486007,-120.06136650218474,41.81649491328265,0.3042460016929026,2628.5103318580386
ONMS_CI01_671129631_20230121_163258_20230121_181449_16k.flac,338395327,2023-01-21 18:14:49,34.04015,-120.06393,104.08189023641178,0.5244292500898673,1563.2859654520241
ONMS_CI01_671129631_20230121_163258_20230121_181449_16k.flac,338395327,2023-01-21 18:14:54,34.04005318380231,-120.06432261414434,104.80213817668336,0.5358319965947222,1530.85931722842
ONMS_CI01_671129631_20230121_163258_20230121_181449_16k.flac,338395327,2023-01-21 18:14:59,34.03995636634939,-120.06471522739649,105.55343703258225,0.5476274746763835,1498.685064071061
ONMS_CI01_671129631_20230110_163436_20230110_174859_16k.flac,369140000,2023-01-10 17:48:10,34.05999,-120.07106,25.228008524079183,0.4038026697921302,2012.2683769945895
ONMS_CI01_671129631_20230110_163436_20230110_174859_16k.flac,369140000,2023-01-10 17:48:15,34.05989672086604,-120.07130592770781,24.764441421156036,0.40781766696260335,1993.2958023859608
ONMS_CI01_671129631_20230110_163436_20230110_174859_16k.flac,369140000,2023-01-10 17:48:20,34.05980344123863,-120.07155185487677,24.29199602364514,0.41187925574604245,1974.4562152575547
ONMS_CI01_671129631_20230120_163308_20230120_182836_16k.flac,338395327,2023-01-20 18:27:30,34.02933,-120.09212,214.51686276441652,0.42444695353990236,1918.339829562364
ONMS_CI01_671129631_20230120_163308_20230120_182836_16k.flac,338395327,2023-01-20 18:27:35,34.02928920268741,-120.09207873765943,214.34663522342092,0.4240836736384424,1919.9182912791425
ONMS_CI01_671129631_20230120_163308_20230120_182836_16k.flac,338395327,2023-01-20 18:27:40,34.0292484053607,-120.09203747535838,214.17668887094874,0.42371709594133866,1921.513671341247
ONMS_CI01_671129631_20230110_163436_20230110_174719_16k.flac,369140000,2023-01-10 17:46:50,34.06138,-120.06757,30.859569239293805,0.35082933058564864,2300.1907322316547
ONMS_CI01_671129631_20230110_163436_20230110_174719_16k.flac,369140000,2023-01-10 17:46:55,34.061279974301556,-120.06780895886519,30.526667511625487,0.35421911751595636,2279.3880818977927
ONMS_CI01_671129631_20230110_163436_20230110_174719_16k.flac,369140000,2023-01-10 17:47:00,34.061179948136925,-120.06804791716888,30.187644859328895,0.3576565134883495,2258.6638013721968
ONMS_CI01_671129631_20230121_163258_20230121_194905_16k.flac,338395327,2023-01-21 19:48:40,34.04851,-120.07207,54.42248496755576,0.8795459843502351,940.0880498076369
ONMS_CI01_671129631_20230121_163258_20230121_194905_16k.flac,338395327,2023-01-21 19:48:45,34.048823515972764,-120.07200832224704,52.939811576202914,0.8563739401526196,965.2709265413888
ONMS_CI01_671129631_20230121_163258_20230121_194905_16k.flac,338395327,2023-01-21 19:48:50,34.04913703189856,-120.07194664404007,51.53343726774699,0.8338526789842818,991.0671060835577
ONMS_CI01_671129631_20230207_163031_20230207_210933_16k.flac,368105370,2023-02-07 21:08:28,34.05188,-120.06719,52.845731742188725,0.5380910865756372,1524.565980105336
ONMS_CI01_671129631_20230207_163031_20230207_210933_16k.flac,368105370,2023-02-07 21:08:33,34.05188343155367,-120.06704240268262,53.14145073484773,0.5340979978995237,1535.6780841658222
ONMS_CI01_671129631_20230207_163031_20230207_210933_16k.flac,368105370,2023-02-07 21:08:38,34.05188686293014,-120.06689480535336,53.432912839076955,0.5301473851673278,1546.8305118676165
ONMS_CI01_671129631_20230110_163436_20230110_180102_16k.flac,369140000,2023-01-10 18:00:10,34.04998,-120.09383,299.70255642650744,0.5733460064002261,1432.9563716196565
ONMS_CI01_671129631_20230110_163436_20230110_180102_16k.flac,369140000,2023-01-10 18:00:15,34.04991872968727,-120.09394825653402,299.2521350952836,0.5708358631380638,1439.1185531298224
ONMS_CI01_671129631_20230110_163436_20230110_180102_16k.flac,369140000,2023-01-10 18:00:20,34.049857459260174,-120.09406651289792,298.8055823602142,0.5683114259534154,1445.3689051542442
ONMS_CI01_671129631_20230207_163031_20230207_164400_16k.flac,368105370,2023-02-07 20:48:00,34.04758,-120.10045,283.45075668688827,0.42679689103965474,1908.2938043863346
ONMS_CI01_671129631_20230207_163031_20230207_164400_16k.flac,368105370,2023-02-07 20:48:05,34.0475677804205,-120.10030028475256,283.5080553096978,0.43002043793671774,1894.5349949512645
ONMS_CI01_671129631_20230207_163031_20230207_164400_16k.flac,368105370,2023-02-07 20:48:10,34.047555560658644,-120.10015056954808,283.5661922582517,0.43328978501616117,1880.7781136994179
ONMS_CI01_671129631_20230207_163031_20230207_211136_16k.flac,368105370,2023-02-07 21:11:28,34.05218,-120.06206,60.53395079723879,0.4196161482907296,1939.6247563250247
ONMS_CI01_671129631_20230207_163031_20230207_211136_16k.flac,368105370,2023-02-07 21:11:33,34.05217752316745,-120.06191794766734,60.73039591485325,0.4170853933768299,1950.9208773972966
ONMS_CI01_671129631_20230207_163031_20230207_211136_16k.flac,368105370,2023-02-07 21:11:38,34.05217504617075,-120.06177589534293,60.92457685931251,0.4145782001918447,1962.2396704600055
ONMS_CI01_671129631_20230113_163412_20230113_202134_16k.flac,338176382,2023-01-13 20:21:18,34.05462,-120.08462,342.1553076970434,0.6399545524007936,1286.5737674465431
ONMS_CI01_671129631_20230113_163412_20230113_202134_16k.flac,338176382,2023-01-13 20:21:23,34.0546043779139,-120.08438672728698,343.0503475967026,0.6440789584811096,1278.480207021543
ONMS_CI01_671129631_20230113_163412_20230113_202134_16k.flac,338176382,2023-01-13 20:21:28,34.0545887553851,-120.08415345465954,343.95656903463356,0.6480914684194532,1270.7025272442336
ONMS_CI01_671129631_20230121_163258_20230121_193625_16k.flac,368105370,2023-01-21 19:35:30,34.06036,-120.08754,340.3729221204168,0.41150142581038707,1976.183282353952
ONMS_CI01_671129631_20230121_163258_20230121_193625_16k.flac,368105370,2023-01-21 19:35:35,34.060354538130895,-120.08767915626692,340.01687095192926,0.4106811696838286,1979.9668353054844
ONMS_CI01_671129631_20230121_163258_20230121_193625_16k.flac,368105370,2023-01-21 19:35:40,34.06034907610424,-120.08781831251598,339.6621916652647,0.4098475584596311,1983.8265517377024
ONMS_CI01_671129631_20230113_163412_20230113_203033_16k.flac,338176382,2023-01-13 20:30:17,34.05127,-120.06215,63.08271527614954,0.4323667252190587,1884.6176782475895
ONMS_CI01_671129631_20230113_163412_20230113_203033_16k.flac,338176382,2023-01-13 20:30:22,34.0512001898436,-120.06194651888927,63.54785911279269,0.42921535106139713,1897.9288953811017
ONMS_CI01_671129631_20230113_163412_20230113_203033_16k.flac,338176382,2023-01-13 20:30:27,34.05113037934959,-120.06174303811208,64.00649365932142,0.4260784382893374,1911.3634498173517
ONMS_CI01_671129631_20230110_163436_20230110_180306_16k.flac,369140000,2023-01-10 18:02:31,34.04827,-120.09715,288.54442206899097,0.5004168219548792,1636.2009719616317
ONMS_CI01_671129631_20230110_163436_20230110_180306_16k.flac,369140000,2023-01-10 18:02:36,34.048208215109355,-120.09726786713614,288.1974548278853,0.49785749874917945,1644.3706839235554
ONMS_CI01_671129631_20230110_163436_20230110_180306_16k.flac,369140000,2023-01-10 18:02:41,34.04814643010507,-120.09738573410131,287.85393092942456,0.49530468747394046,1652.6000988368046
ONMS_CI01_671129631_20230207_163031_20230207_164009_16k.flac,368105370,2023-02-07 20:48:00,34.04758,-120.10045,283.45075668688827,0.42679689103965474,1908.2938043863346
ONMS_CI01_671129631_20230207_163031_20230207_164009_16k.flac,368105370,2023-02-07 20:48:05,34.0475677804205,-120.10030028475256,283.5080553096978,0.43002043793671774,1894.5349949512645
ONMS_CI01_671129631_20230207_163031_20230207_164009_16k.flac,368105370,2023-02-07 20:48:10,34.047555560658644,-120.10015056954808,283.5661922582517,0.43328978501616117,1880.7781136994179
ONMS_CI01_671129631_20230120_163308_20230120_184559_16k.flac,338395327,2023-01-20 18:45:34,34.02889,-120.09598,221.53861346405833,0.3718596932377976,2176.838976856623
ONMS_CI01_671129631_20230120_163308_20230120_184559_16k.flac,338395327,2023-01-20 18:45:39,34.02891163450035,-120.09599002659604,221.59877090494066,0.37207228346424953,2175.6576590469704
ONMS_CI01_671129631_20230120_163308_20230120_184559_16k.flac,338395327,2023-01-20 18:45:44,34.028933268999836,-120.09600005319717,221.6589936451877,0.3722846662254664,2174.478742175444
ONMS_CI01_671129631_20230120_163308_20230120_191828_16k.flac,338395327,2023-01-20 19:17:14,34.03251,-120.08996,215.8584870980616,0.541531863069404,1515.092768929314
ONMS_CI01_671129631_20230120_163308_20230120_191828_16k.flac,338395327,2023-01-20 19:17:19,34.03248866569434,-120.08992353922797,215.7028519011336,0.5415495557842639,1515.044266201622
ONMS_CI01_671129631_20230120_163308_20230120_191828_16k.flac,338395327,2023-01-20 19:17:24,34.03246733137778,-120.08988707847418,215.54720788638178,0.5415631530816718,1515.0069419316478
ONMS_CI01_671129631_20230110_163436_20230110_180448_16k.flac,369140000,2023-01-10 18:04:50,34.04668,-120.1003,280.57919884030065,0.4349249360617343,1873.974430194057
ONMS_CI01_671129631_20230110_163436_20230110_180448_16k.flac,369140000,2023-01-10 18:04:55,34.04661663657184,-120.10042324848654,280.30557847534175,0.4325461778584411,1883.8935945928831
ONMS_CI01_671129631_20230110_163436_20230110_180448_16k.flac,369140000,2023-01-10 18:05:00,34.04655327301948,-120.10054649678972,280.03483064497806,0.4301818324842662,1893.855273245518
ONMS_CI01_671129631_20230120_163308_20230120_194654_16k.flac,338395327,2023-01-20 19:48:17,34.02611,-120.09829,220.5331671541252,0.31439327558330854,2549.516851753758
ONMS_CI01_671129631_20230120_163308_20230120_194654_16k.flac,338395327,2023-01-20 19:48:22,34.02614234632679,-120.09828666947485,220.58035886678277,0.3147809391301529,2546.590549031406
ONMS_CI01_671129631_20230120_163308_20230120_194654_16k.flac,338395327,2023-01-20 19:48:27,34.02617469265331,-120.09828333894716,220.6276591320846,0.3151692341184227,2543.665977944741
ONMS_CI01_671129631_20230207_163031_20230207_205719_16k.flac,368105370,2023-02-07 20:57:30,34.04906,-120.08521,323.5651220255879,1.096037697153684,755.6950382684983
ONMS_CI01_671129631_20230207_163031_20230207_205719_16k.flac,368105370,2023-02-07 20:57:35,34.04906713294705,-120.08509330855806,324.2633649097176,1.1044290132140253,749.9889515210835
ONMS_CI01_671129631_20230207_163031_20230207_205719_16k.flac,368105370,2023-02-07 20:57:40,34.04907426578333,-120.08497661709656,324.97221088822334,1.1127785594235844,744.3959208860998
ONMS_CI01_671129631_20230110_163436_20230110_175718_16k.flac,369140000,2023-01-10 17:56:20,34.05268,-120.08875,322.46474517245997,0.6468853757739949,1273.0454186736058
ONMS_CI01_671129631_20230110_163436_20230110_175718_16k.flac,369140000,2023-01-10 17:56:25,34.052633621624445,-120.0888465086856,322.00614578956294,0.6461670842585232,1274.4362296957886
ONMS_CI01_671129631_20230110_163436_20230110_175718_16k.flac,369140000,2023-01-10 17:56:30,34.05258724317277,-120.0889430172661,321.54857563665587,0.6454084054025858,1275.9084962258949
ONMS_CI01_671129631_20230110_163436_20230110_211535_16k.flac,369140000,2023-01-10 21:14:53,34.04372,-120.09369,270.72603131793045,0.6688494802666508,1231.9641327884465
ONMS_CI01_671129631_20230110_163436_20230110_211535_16k.flac,369140000,2023-01-10 21:14:58,34.04370365366368,-120.09380251192022,270.636399766564,0.66317554748688,1242.3304362856627
ONMS_CI01_671129631_20230110_163436_20230110_211535_16k.flac,369140000,2023-01-10 21:15:03,34.04368730722433,-120.09391502379727,270.54825206424016,0.6575931543038072,1252.6997411142413
ONMS_CI01_671129631_20230110_163436_20230110_183241_16k.flac,369140000,2023-01-10 18:31:49,34.056,-120.09828,309.7715647333111,0.3760540923615683,2153.7921825172302
ONMS_CI01_671129631_20230110_163436_20230110_183241_16k.flac,369140000,2023-01-10 18:31:54,34.05606468539619,-120.09816776268518,310.095112696547,0.37666835211607536,2150.4501535801905
ONMS_CI01_671129631_20230110_163436_20230110_183241_16k.flac,369140000,2023-01-10 18:31:59,34.05612937068923,-120.09805552519984,310.4196575402582,0.37727177290335495,2147.176908253305
ONMS_CI01_671129631_20230110_163436_20230110_183039_16k.flac,369140000,2023-01-10 18:29:31,34.05423,-120.10136,301.34598225548973,0.3555713083728414,2271.3264734145087
ONMS_CI01_671129631_20230110_163436_20230110_183039_16k.flac,369140000,2023-01-10 18:29:36,34.05429173203882,-120.10125208649309,301.62483173961743,0.3563876231523784,2266.4042692622315
ONMS_CI01_671129631_20230110_163436_20230110_183039_16k.flac,369140000,2023-01-10 18:29:41,34.054353463982295,-120.10114417282975,301.9048884599067,0.3571983950401714,2261.5359786587264
ONMS_CI01_671129631_20230207_163031_20230207_163508_16k.flac,368105370,2023-02-07 20:48:00,34.04758,-120.10045,283.45075668688827,0.42679689103965474,1908.2938043863346
ONMS_CI01_671129631_20230207_163031_20230207_163508_16k.flac,368105370,2023-02-07 20:48:05,34.0475677804205,-120.10030028475256,283.5080553096978,0.43002043793671774,1894.5349949512645
ONMS_CI01_671129631_20230207_163031_20230207_163508_16k.flac,368105370,2023-02-07 20:48:10,34.047555560658644,-120.10015056954808,283.5661922582517,0.43328978501616117,1880.7781136994179
ONMS_CI01_671129631_20230120_163308_20230120_184344_16k.flac,338395327,2023-01-20 18:44:05,34.02833,-120.09552,219.6342522417034,0.3683736125868099,2196.3862116409946
ONMS_CI01_671129631_20230120_163308_20230120_184344_16k.flac,338395327,2023-01-20 18:44:10,34.02835755891398,-120.09554549038984,219.73245100613286,0.3685239343894668,2195.536340258887
ONMS_CI01_671129631_20230120_163308_20230120_184344_16k.flac,338395327,2023-01-20 18:44:15,34.02838511782256,-120.09557098079617,219.8307255380381,0.36867322745655834,2194.6929228183567
ONMS_CI01_671129631_20230207_163031_20230207_163336_16k.flac,368105370,2023-02-07 20:48:00,34.04758,-120.10045,283.45075668688827,0.42679689103965474,1908.2938043863346
ONMS_CI01_671129631_20230207_163031_20230207_163336_16k.flac,368105370,2023-02-07 20:48:05,34.0475677804205,-120.10030028475256,283.5080553096978,0.43002043793671774,1894.5349949512645
ONMS_CI01_671129631_20230207_163031_20230207_163336_16k.flac,368105370,2023-02-07 20:48:10,34.047555560658644,-120.10015056954808,283.5661922582517,0.43328978501616117,1880.7781136994179
ONMS_CI01_671129631_20230120_163308_20230120_190550_16k.flac,338395327,2023-01-20 19:03:41,34.03463,-120.09748,237.89221040739395,0.436455714635497,1867.6056844725363
ONMS_CI01_671129631_20230120_163308_20230120_190550_16k.flac,338395327,2023-01-20 19:03:46,34.034633470629984,-120.09740770027719,237.79299927757774,0.4378813677845392,1861.7490974262146
ONMS_CI01_671129631_20230120_163308_20230120_190550_16k.flac,338395327,2023-01-20 19:03:51,34.03463694121745,-120.09733540054847,237.6931622557903,0.439314472737427,1855.8981284642252
ONMS_CI01_671129631_20230110_163436_20230110_211732_16k.flac,369140000,2023-01-10 21:17:29,34.04551,-120.09624,278.3058399960226,0.5536267526531713,1482.832724867819
ONMS_CI01_671129631_20230110_163436_20230110_211732_16k.flac,369140000,2023-01-10 21:17:34,34.045578131616715,-120.09632746366107,278.54829115975144,0.5501702696221885,1491.927660913325
ONMS_CI01_671129631_20230110_163436_20230110_211732_16k.flac,369140000,2023-01-10 21:17:39,34.04564626317047,-120.09641492746205,278.78779971780574,0.5467453282691676,1501.0489904251294
ONMS_CI01_671129631_20230121_163258_20230121_194222_16k.flac,368105370,2023-01-21 19:41:57,34.05988,-120.09793,318.0896732097135,0.33099176385439344,2429.7784590196834
ONMS_CI01_671129631_20230121_163258_20230121_194222_16k.flac,368105370,2023-01-21 19:42:02,34.059878696745095,-120.09805815576462,317.8804743468218,0.32986085862100945,2437.5914462193177
ONMS_CI01_671129631_20230121_163258_20230121_194222_16k.flac,368105370,2023-01-21 19:42:07,34.05987739335656,-120.0981863115253,317.67261504858004,0.3287323256583649,2445.4367215823113
ONMS_CI01_671129631_20230110_163436_20230110_210607_16k.flac,369140000,2023-01-10 21:05:59,34.05021,-120.09146,305.6399623477259,0.6525015891199892,1262.2912287389815
ONMS_CI01_671129631_20230110_163436_20230110_210607_16k.flac,369140000,2023-01-10 21:06:04,34.05012608271158,-120.09135988552084,305.53997552717476,0.6593733526011688,1249.358108330745
ONMS_CI01_671129631_20230110_163436_20230110_210607_16k.flac,369140000,2023-01-10 21:06:09,34.0500421653405,-120.09125977123897,305.43789699897087,0.6663855293198886,1236.4288897915678
ONMS_CI01_671129631_20230121_163258_20230121_192918_16k.flac,368105370,2023-01-21 19:27:59,34.06099,-120.07588,12.061832418527366,0.4117921034349005,1974.8331162521768
ONMS_CI01_671129631_20230121_163258_20230121_192918_16k.flac,368105370,2023-01-21 19:28:04,34.06098851058696,-120.07600815450702,11.72670942143727,0.4123584548439895,1972.2325613301252
ONMS_CI01_671129631_20230121_163258_20230121_192918_16k.flac,368105370,2023-01-21 19:28:09,34.06098702104031,-120.07613630900956,11.39071296380034,0.41291148268187394,1969.6996514012023
ONMS_CI01_671129631_20230120_163308_20230120_190249_16k.flac,338395327,2023-01-20 19:02:11,34.0345,-120.09834,238.77733604903128,0.4189083527138526,1942.766109525516
ONMS_CI01_671129631_20230120_163308_20230120_190249_16k.flac,338395327,2023-01-20 19:02:16,34.03451364699181,-120.09830156930613,238.76120649415688,0.4197678745436363,1938.9467705686027
ONMS_CI01_671129631_20230120_163308_20230120_190249_16k.flac,338395327,2023-01-20 19:02:21,34.03452729397158,-120.09826313859995,238.7450132674758,0.4206306866399461,1935.1275862903024
ONMS_CI01_671129631_20230120_163308_20230120_183157_16k.flac,338395327,2023-01-20 18:32:01,34.02793,-120.08932,205.5116694147928,0.4232558569396523,1923.502648253942
ONMS_CI01_671129631_20230120_163308_20230120_183157_16k.flac,338395327,2023-01-20 18:32:06,34.02789183129831,-120.08927135292764,205.33674674005397,0.4228220300669132,1925.3980402781008
ONMS_CI01_671129631_20230120_163308_20230120_183157_16k.flac,338395327,2023-01-20 18:32:11,34.02785366257713,-120.08922270589883,205.16216976276323,0.4223849535234139,1927.311341990252
ONMS_CI01_671129631_20230110_163436_20230110_180208_16k.flac,369140000,2023-01-10 18:01:20,34.04913,-120.09546,293.8137939859765,0.5379300933563078,1525.028561725856
ONMS_CI01_671129631_20230110_163436_20230110_180208_16k.flac,369140000,2023-01-10 18:01:25,34.049066681655034,-120.09557668789715,293.4108320875286,0.5353880849300316,1532.0885940592025
ONMS_CI01_671129631_20230110_163436_20230110_180208_16k.flac,369140000,2023-01-10 18:01:30,34.04900336319864,-120.0956933756208,293.01158680658097,0.5328424387885464,1539.2237072694281
ONMS_CI01_671129631_20230207_163031_20230207_164106_16k.flac,368105370,2023-02-07 20:48:00,34.04758,-120.10045,283.45075668688827,0.42679689103965474,1908.2938043863346
ONMS_CI01_671129631_20230207_163031_20230207_164106_16k.flac,368105370,2023-02-07 20:48:05,34.0475677804205,-120.10030028475256,283.5080553096978,0.43002043793671774,1894.5349949512645
ONMS_CI01_671129631_20230207_163031_20230207_164106_16k.flac,368105370,2023-02-07 20:48:10,34.047555560658644,-120.10015056954808,283.5661922582517,0.43328978501616117,1880.7781136994179
ONMS_CI01_671129631_20230120_163308_20230120_183635_16k.flac,338395327,2023-01-20 18:35:01,34.02657,-120.09051,206.44248147173712,0.38476523324104533,2107.2534820028777
ONMS_CI01_671129631_20230120_163308_20230120_183635_16k.flac,338395327,2023-01-20 18:35:06,34.026563138454044,-120.09056790389404,206.56329445454378,0.3841784995608488,2110.320490479544
ONMS_CI01_671129631_20230120_163308_20230120_183635_16k.flac,338395327,2023-01-20 18:35:11,34.02655627688081,-120.09062580777876,206.68375623250483,0.3835916469344388,2113.3968542222606
ONMS_CI01_671129631_20230120_163308_20230120_194920_16k.flac,338395327,2023-01-20 19:48:17,34.02611,-120.09829,220.5331671541252,0.31439327558330854,2549.516851753758
ONMS_CI01_671129631_20230120_163308_20230120_194920_16k.flac,338395327,2023-01-20 19:48:22,34.02614234632679,-120.09828666947485,220.58035886678277,0.3147809391301529,2546.590549031406
ONMS_CI01_671129631_20230120_163308_20230120_194920_16k.flac,338395327,2023-01-20 19:48:27,34.02617469265331,-120.09828333894716,220.6276591320846,0.3151692341184227,2543.665977944741
ONMS_CI01_671129631_20230121_163258_20230121_184516_16k.flac,338395327,2023-01-21 18:44:15,34.02611,-120.09234,209.74628590296996,0.3621886750626303,2231.893299217006
ONMS_CI01_671129631_20230121_163258_20230121_184516_16k.flac,338395327,2023-01-21 18:44:20,34.02611199866426,-120.09228713759711,209.6401579962838,0.3626362476782021,2229.2828324336474
ONMS_CI01_671129631_20230121_163258_20230121_184516_16k.flac,338395327,2023-01-21 18:44:25,34.026113997305806,-120.09223427519174,209.533781604337,0.3630835234484065,2226.6800319245904
ONMS_CI01_671129631_20230121_163258_20230121_181836_16k.flac,338395327,2023-01-21 18:17:24,34.03743,-120.07615,150.37969841762438,1.055060193248044,784.8490783708716
ONMS_CI01_671129631_20230121_163258_20230121_181836_16k.flac,338395327,2023-01-21 18:17:29,34.037383384260856,-120.07652466247829,152.79982604968185,1.0714299774942042,772.9367492242767
ONMS_CI01_671129631_20230121_163258_20230121_181836_16k.flac,338395327,2023-01-21 18:17:34,34.037336767379706,-120.07689932454669,155.29113865596426,1.0862704247972212,762.4446620717472
ONMS_CI01_671129631_20230121_163258_20230121_193106_16k.flac,368105370,2023-01-21 19:30:59,34.06076,-120.08058,359.3616228506551,0.42733241484921863,1905.8340793676748
ONMS_CI01_671129631_20230121_163258_20230121_193106_16k.flac,368105370,2023-01-21 19:31:04,34.060753058641964,-120.08072464379008,358.9598072498659,0.427466396933079,1905.2598524987704
ONMS_CI01_671129631_20230121_163258_20230121_193106_16k.flac,368105370,2023-01-21 19:31:09,34.06074611711372,-120.08086928755657,358.5577691422949,0.427578570022034,1904.7793789661082
ONMS_CI01_671129631_20230121_163258_20230121_183603_16k.flac,338395327,2023-01-21 18:35:10,34.02683,-120.09681,219.29172969861457,0.3352825227919739,2400.5611047545294
ONMS_CI01_671129631_20230121_163258_20230121_183603_16k.flac,338395327,2023-01-21 18:35:15,34.02681675101052,-120.09675953186012,219.18332827509795,0.33555160503722326,2398.75186209973
ONMS_CI01_671129631_20230121_163258_20230121_183603_16k.flac,338395327,2023-01-21 18:35:20,34.02680350200031,-120.09670906373591,219.07476358944018,0.3358197993513184,2396.9512185049857
ONMS_CI01_671129631_20230110_163436_20230110_211355_16k.flac,369140000,2023-01-10 21:13:50,34.04416,-120.09242,273.30712688398773,0.739140188301383,1116.4590452123155
ONMS_CI01_671129631_20230110_163436_20230110_211355_16k.flac,369140000,2023-01-10 21:13:55,34.044108932205134,-120.09252931904108,272.9898316586535,0.7326419983309337,1126.2268231225328
ONMS_CI01_671129631_20230110_163436_20230110_211355_16k.flac,369140000,2023-01-10 21:14:00,34.04405786431264,-120.09263863795107,272.6780031921597,0.7262327997165952,1136.028553680865
ONMS_CI01_671129631_20230121_163258_20230121_193302_16k.flac,368105370,2023-01-21 19:32:29,34.06063,-120.0829,352.9045762725008,0.4273190514180158,1905.8939424049192
ONMS_CI01_671129631_20230121_163258_20230121_193302_16k.flac,368105370,2023-01-21 19:32:34,34.06062108658456,-120.08302492199245,352.5569353723033,0.4272074745652948,1906.3727207413442
ONMS_CI01_671129631_20230121_163258_20230121_193302_16k.flac,368105370,2023-01-21 19:32:39,34.06061217304215,-120.08314984395875,352.2094818393953,0.4270796133326525,1906.9216400360829
ONMS_CI01_671129631_20230120_163308_20230120_184422_16k.flac,338395327,2023-01-20 18:44:05,34.02833,-120.09552,219.6342522417034,0.3683736125868099,2196.3862116409946
ONMS_CI01_671129631_20230120_163308_20230120_184422_16k.flac,338395327,2023-01-20 18:44:10,34.02835755891398,-120.09554549038984,219.73245100613286,0.3685239343894668,2195.536340258887
ONMS_CI01_671129631_20230120_163308_20230120_184422_16k.flac,338395327,2023-01-20 18:44:15,34.02838511782256,-120.09557098079617,219.8307255380381,0.36867322745655834,2194.6929228183567
ONMS_CI01_671129631_20230207_163031_20230207_205143_16k.flac,368105370,2023-02-07 20:51:01,34.04763,-120.09561,287.68794424670284,0.5550978902392494,1478.9891819964444
ONMS_CI01_671129631_20230207_163031_20230207_205143_16k.flac,368105370,2023-02-07 20:51:06,34.047647582031296,-120.09548643110757,287.89561275566933,0.5590712936752229,1468.7209688535406
ONMS_CI01_671129631_20230207_163031_20230207_205143_16k.flac,368105370,2023-02-07 20:51:11,34.047665163938326,-120.09536286216417,288.1062029120217,0.5630922683764147,1458.4723269288504
ONMS_CI01_671129631_20230207_163031_20230207_205445_16k.flac,368105370,2023-02-07 20:54:28,34.04845,-120.09007,301.0461488108766,0.788340669768334,1047.6249102979202
ONMS_CI01_671129631_20230207_163031_20230207_205445_16k.flac,368105370,2023-02-07 20:54:33,34.04845852967209,-120.08991153871801,301.5084513312945,0.7975944854360238,1035.6117374752537
ONMS_CI01_671129631_20230207_163031_20230207_205445_16k.flac,368105370,2023-02-07 20:54:38,34.048467059139924,-120.0897530774043,301.98157570448393,0.8070092312816346,1023.6675808738439
ONMS_CI01_671129631_20230207_163031_20230207_164940_16k.flac,368105370,2023-02-07 20:48:00,34.04758,-120.10045,283.45075668688827,0.42679689103965474,1908.2938043863346
ONMS_CI01_671129631_20230207_163031_20230207_164940_16k.flac,368105370,2023-02-07 20:48:05,34.0475677804205,-120.10030028475256,283.5080553096978,0.43002043793671774,1894.5349949512645
ONMS_CI01_671129631_20230207_163031_20230207_164940_16k.flac,368105370,2023-02-07 20:48:10,34.047555560658644,-120.10015056954808,283.5661922582517,0.43328978501616117,1880.7781136994179
ONMS_CI01_671129631_20230110_223434_20230110_224410_16k.flac,369140000,2023-01-10 22:43:50,34.05852,-120.07866,5.378480649145282,0.49160014177569306,1664.585267473364
ONMS_CI01_671129631_20230110_223434_20230110_224410_16k.flac,369140000,2023-01-10 22:43:55,34.05862111154904,-120.0784764560837,5.918837637055734,0.4877251138330092,1677.4142322951839
ONMS_CI01_671129631_20230110_223434_20230110_224410_16k.flac,369140000,2023-01-10 22:44:00,34.05872222282234,-120.07829291173152,6.450944891190883,0.48386465598708106,1690.3901169111048
ONMS_CI01_671129631_20230110_163436_20230110_181923_16k.flac,369140000,2023-01-10 18:29:31,34.05423,-120.10136,301.34598225548973,0.3555713083728414,2271.3264734145087
ONMS_CI01_671129631_20230110_163436_20230110_181923_16k.flac,369140000,2023-01-10 18:29:36,34.05429173203882,-120.10125208649309,301.62483173961743,0.3563876231523784,2266.4042692622315
ONMS_CI01_671129631_20230110_163436_20230110_181923_16k.flac,369140000,2023-01-10 18:29:41,34.054353463982295,-120.10114417282975,301.9048884599067,0.3571983950401714,2261.5359786587264
ONMS_CI01_671129631_20230120_163308_20230120_192251_16k.flac,338395327,2023-01-20 19:21:44,34.03068,-120.08886,208.77790877995812,0.501541845955702,1632.5636490819443
ONMS_CI01_671129631_20230120_163308_20230120_192251_16k.flac,338395327,2023-01-20 19:21:49,34.030639241774246,-120.08883341990266,208.62627501791587,0.5006619706057308,1635.3505255615896
ONMS_CI01_671129631_20230120_163308_20230120_192251_16k.flac,338395327,2023-01-20 19:21:54,34.03059848354246,-120.08880683983074,208.47515828368145,0.49978146108504545,1638.1488165056464
ONMS_CI01_671129631_20230207_163031_20230207_210556_16k.flac,368105370,2023-02-07 21:05:28,34.05122,-120.07224,41.4620845392018,0.7295050939089635,1130.983012237699
ONMS_CI01_671129631_20230207_163031_20230207_210556_16k.flac,368105370,2023-02-07 21:05:33,34.05124070679434,-120.07210577578338,41.85208850409176,0.7230518346773525,1140.9360890505861
ONMS_CI01_671129631_20230207_163031_20230207_210556_16k.flac,368105370,2023-02-07 21:05:38,34.05126141344206,-120.07197155150152,42.235328348575734,0.7166766095290314,1150.9411189891034
ONMS_CI01_671129631_20230110_223434_20230110_224000_16k.flac,369140000,2023-01-10 22:39:59,34.05553,-120.08527,341.0844493951558,0.5865731737498268,1401.2867000715055
ONMS_CI01_671129631_20230110_223434_20230110_224000_16k.flac,369140000,2023-01-10 22:40:04,34.05553330206232,-120.08512796630579,341.5979588208984,0.5882233027707537,1397.4379717463985
ONMS_CI01_671129631_20230110_223434_20230110_224000_16k.flac,369140000,2023-01-10 22:40:09,34.05553660396054,-120.08498593260056,342.1142631703736,0.5898336718574033,1393.7020965452461
ONMS_CI01_671129631_20230110_163436_20230110_205443_16k.flac,369140000,2023-01-10 20:58:20,34.05807,-120.1008,310.4117621125678,0.32389848703343355,2479.64203418878
ONMS_CI01_671129631_20230110_163436_20230110_205443_16k.flac,369140000,2023-01-10 20:58:25,34.05798507099954,-120.10070111553519,310.38255690669297,0.32573086857809497,2466.584659474805
ONMS_CI01_671129631_20230110_163436_20230110_205443_16k.flac,369140000,2023-01-10 20:58:30,34.05790014191837,-120.10060223126763,310.3530408446991,0.3275820361542088,2453.5279348194226
ONMS_CI01_671129631_20230120_163308_20230120_183321_16k.flac,338395327,2023-01-20 18:32:01,34.02793,-120.08932,205.5116694147928,0.4232558569396523,1923.502648253942
ONMS_CI01_671129631_20230120_163308_20230120_183321_16k.flac,338395327,2023-01-20 18:32:06,34.02789183129831,-120.08927135292764,205.33674674005397,0.4228220300669132,1925.3980402781008
ONMS_CI01_671129631_20230120_163308_20230120_183321_16k.flac,338395327,2023-01-20 18:32:11,34.02785366257713,-120.08922270589883,205.16216976276323,0.4223849535234139,1927.311341990252
ONMS_CI01_671129631_20230121_163258_20230121_192431_16k.flac,368105370,2023-01-21 19:23:30,34.06122,-120.06893,28.31537497863119,0.3637625362297402,2222.735942397475
ONMS_CI01_671129631_20230121_163258_20230121_192431_16k.flac,368105370,2023-01-21 19:23:35,34.06121581608367,-120.06906085706522,28.046177642162593,0.364821066793669,2216.620736149793
ONMS_CI01_671129631_20230121_163258_20230121_192431_16k.flac,368105370,2023-01-21 19:23:40,34.06121163202803,-120.0691917141176,27.775496825166215,0.36587671731570837,2210.5547300119197
ONMS_CI01_671129631_20230207_163031_20230207_204835_16k.flac,368105370,2023-02-07 20:48:00,34.04758,-120.10045,283.45075668688827,0.42679689103965474,1908.2938043863346
ONMS_CI01_671129631_20230207_163031_20230207_204835_16k.flac,368105370,2023-02-07 20:48:05,34.0475677804205,-120.10030028475256,283.5080553096978,0.43002043793671774,1894.5349949512645
ONMS_CI01_671129631_20230207_163031_20230207_204835_16k.flac,368105370,2023-02-07 20:48:10,34.047555560658644,-120.10015056954808,283.5661922582517,0.43328978501616117,1880.7781136994179
ONMS_CI01_671129631_20230207_163031_20230207_205830_16k.flac,368105370,2023-02-07 20:57:30,34.04906,-120.08521,323.5651220255879,1.096037697153684,755.6950382684983
ONMS_CI01_671129631_20230207_163031_20230207_205830_16k.flac,368105370,2023-02-07 20:57:35,34.04906713294705,-120.08509330855806,324.2633649097176,1.1044290132140253,749.9889515210835
ONMS_CI01_671129631_20230207_163031_20230207_205830_16k.flac,368105370,2023-02-07 20:57:40,34.04907426578333,-120.08497661709656,324.97221088822334,1.1127785594235844,744.3959208860998
ONMS_CI01_671129631_20230207_163031_20230207_210413_16k.flac,368105370,2023-02-07 21:04:01,34.05076,-120.0746,33.68677190136652,0.863590227758215,957.278306970782
ONMS_CI01_671129631_20230207_163031_20230207_210413_16k.flac,368105370,2023-02-07 21:04:06,34.050796972141335,-120.0744738689896,34.12608545525845,0.8546618671306462,967.1777346643531
ONMS_CI01_671129631_20230207_163031_20230207_210413_16k.flac,368105370,2023-02-07 21:04:11,34.050833944153034,-120.07434773786972,34.55647034686309,0.8458648065620881,977.1328788848247
ONMS_CI01_671129631_20230121_163258_20230121_182222_16k.flac,338395327,2023-01-21 18:21:06,34.03005,-120.09166,214.8377873340632,0.4461324586810578,1828.4925474068848
ONMS_CI01_671129631_20230121_163258_20230121_182222_16k.flac,338395327,2023-01-21 18:21:11,34.02975810975866,-120.09191191986292,214.8563212634032,0.43625848109804055,1868.3562018204577
ONMS_CI01_671129631_20230121_163258_20230121_182222_16k.flac,338395327,2023-01-21 18:21:16,34.02946621898735,-120.09216383800056,214.87408077887764,0.42678950853278347,1908.2200947893136
ONMS_CI01_671129631_20230113_163412_20230113_201826_16k.flac,338176382,2023-01-13 20:17:17,34.05491,-120.09493,313.0362998299722,0.4428208239473714,1841.7068085098451
ONMS_CI01_671129631_20230113_163412_20230113_201826_16k.flac,338176382,2023-01-13 20:17:22,34.05490439121671,-120.09471558077023,313.4457092105122,0.4465539994234126,1826.8579343611605
ONMS_CI01_671129631_20230113_163412_20230113_201826_16k.flac,338176382,2023-01-13 20:17:27,34.0548987820594,-120.0945011615687,313.8618073376815,0.45032285712044434,1812.1038648687602
ONMS_CI01_671129631_20230120_163308_20230120_192809_16k.flac,338395327,2023-01-20 19:29:02,34.02678,-120.08835,201.6277228755874,0.4054029030855501,2004.6557654683095
ONMS_CI01_671129631_20230120_163308_20230120_192809_16k.flac,338395327,2023-01-20 19:29:07,34.02674080494443,-120.08838922120185,201.67804342761553,0.4042700167386602,2010.032892448165
ONMS_CI01_671129631_20230120_163308_20230120_192809_16k.flac,338395327,2023-01-20 19:29:12,34.0267016098761,-120.08842844236764,201.72809541622777,0.4031427240869923,2015.4115622391457
ONMS_CI01_671129631_20230121_163258_20230121_183303_16k.flac,338395327,2023-01-21 18:31:39,34.02677,-120.09758,220.4799554092052,0.3278968343593432,2451.263940187543
ONMS_CI01_671129631_20230121_163258_20230121_183303_16k.flac,338395327,2023-01-21 18:31:44,34.02678539511069,-120.09764712805395,220.6159530154509,0.3275073838113857,2453.9956199554663
ONMS_CI01_671129631_20230121_163258_20230121_183303_16k.flac,338395327,2023-01-21 18:31:49,34.026800790184716,-120.09771425613216,220.7516474121993,0.3271168114453318,2456.7410943761674
ONMS_CI01_671129631_20230110_163436_20230110_210500_16k.flac,369140000,2023-01-10 21:04:40,34.05153,-120.093,307.0559644314925,0.5610676595387414,1463.5941804787874
ONMS_CI01_671129631_20230110_163436_20230110_210500_16k.flac,369140000,2023-01-10 21:04:45,34.05144384619829,-120.09289864103346,306.97739318605096,0.5663032404268957,1450.3693582013254
ONMS_CI01_671129631_20230110_163436_20230110_210500_16k.flac,369140000,2023-01-10 21:04:50,34.0513576923118,-120.09279728227196,306.897375900077,0.5716329539394521,1437.147325370324
ONMS_CI01_671129631_20230121_163258_20230121_190703_16k.flac,338395327,2023-01-21 19:06:37,34.031,-120.0931,220.15985862513318,0.44681237589230516,1825.8223479028427
ONMS_CI01_671129631_20230121_163258_20230121_190703_16k.flac,338395327,2023-01-21 19:06:42,34.03097244371049,-120.09310465159525,220.1083829343289,0.4461500647384,1828.4362707909168
ONMS_CI01_671129631_20230121_163258_20230121_190703_16k.flac,338395327,2023-01-21 19:06:47,34.03094488742067,-120.09310930318749,220.05705426268196,0.445489239603688,1831.0516654478852
ONMS_CI01_671129631_20230110_223434_20230110_223903_16k.flac,369140000,2023-01-10 22:38:39,34.05548,-120.08746,333.55927309175496,0.5568880000855109,1474.2895383114208
ONMS_CI01_671129631_20230110_223434_20230110_223903_16k.flac,369140000,2023-01-10 22:38:44,34.05549120319124,-120.08732974885315,334.0005083135787,0.5585163120796369,1470.0906929936878
ONMS_CI01_671129631_20230110_223434_20230110_223903_16k.flac,369140000,2023-01-10 22:38:49,34.05550240624443,-120.08719949767205,334.4442450048178,0.5601195565307558,1465.9795212204283
ONMS_CI01_671129631_20230113_163412_20230113_202842_16k.flac,338176382,2023-01-13 20:27:49,34.05301,-120.06805,47.35049148678119,0.5311198887435231,1544.0610160622293
ONMS_CI01_671129631_20230113_163412_20230113_202842_16k.flac,338176382,2023-01-13 20:27:54,34.05296270820809,-120.0678115084913,48.04152098020631,0.5266539904489941,1556.8173338825854
ONMS_CI01_671129631_20230113_163412_20230113_202842_16k.flac,338176382,2023-01-13 20:27:59,34.052915415953144,-120.06757301724745,48.72122016388986,0.5221836479717068,1569.7963987291585
ONMS_CI01_671129631_20230110_163436_20230110_211249_16k.flac,369140000,2023-01-10 21:12:41,34.04491,-120.09095,278.57450373403225,0.8348269200690743,989.9316128490295
ONMS_CI01_671129631_20230110_163436_20230110_211249_16k.flac,369140000,2023-01-10 21:12:46,34.044863038084934,-120.09104930864815,278.2003939475995,0.8278011508662713,998.2432994855026
ONMS_CI01_671129631_20230110_163436_20230110_211249_16k.flac,369140000,2023-01-10 21:12:51,34.0448160760893,-120.09114861718682,277.8324793110863,0.8208562922489162,1006.5968467273252
ONMS_CI01_671129631_20230110_163436_20230110_175839_16k.flac,369140000,2023-01-10 17:57:49,34.05168,-120.0906,313.5144555673419,0.6307374184594842,1305.0560759630343
ONMS_CI01_671129631_20230110_163436_20230110_175839_16k.flac,369140000,2023-01-10 17:57:54,34.051622404626386,-120.09070454174021,313.0202544749629,0.6294353558154162,1307.7066422771802
ONMS_CI01_671129631_20230110_163436_20230110_175839_16k.flac,369140000,2023-01-10 17:57:59,34.05156480916333,-120.09080908333904,312.5280893926993,0.6280912020748325,1310.454090486972
ONMS_CI01_671129631_20230120_163308_20230120_195442_16k.flac,338395327,2023-01-20 19:51:10,34.02695,-120.09911,223.20822985013504,0.316909365138887,2530.655028449501
ONMS_CI01_671129631_20230120_163308_20230120_195442_16k.flac,338395327,2023-01-20 19:51:15,34.02696959044135,-120.09915739874594,223.31410092588192,0.3167194113221003,2532.0717022480117
ONMS_CI01_671129631_20230120_163308_20230120_195442_16k.flac,338395327,2023-01-20 19:51:20,34.02698918086435,-120.09920479751368,223.41985323532126,0.31652850634272484,2533.497011509411
ONMS_CI01_671129631_20230121_163258_20230121_182907_16k.flac,338395327,2023-01-21 18:27:27,34.02744,-120.09513,217.32513829527625,0.3589016543656197,2251.279239369376
ONMS_CI01_671129631_20230121_163258_20230121_182907_16k.flac,338395327,2023-01-21 18:27:32,34.02742072436864,-120.09516807662067,217.3632633986285,0.35825724121320557,2255.1119053218067
ONMS_CI01_671129631_20230121_163258_20230121_182907_16k.flac,338395327,2023-01-21 18:27:37,34.027401448725435,-120.0952061532241,217.40125910897368,0.3576147899387602,2258.9455666048134
ONMS_CI01_671129631_20230110_163436_20230110_174920_16k.flac,369140000,2023-01-10 17:49:20,34.05871,-120.07451,17.809819886238017,0.46334695867742787,1762.8195516302492
ONMS_CI01_671129631_20230110_163436_20230110_174920_16k.flac,369140000,2023-01-10 17:49:25,34.05861359889172,-120.07475725996355,17.203869354611886,0.4680307782190406,1745.7541159108578
ONMS_CI01_671129631_20230110_163436_20230110_174920_16k.flac,369140000,2023-01-10 17:49:30,34.05851719728456,-120.07500451936721,16.58602493549559,0.4727493265374654,1728.8877794186214
ONMS_CI01_671129631_20230207_163031_20230207_164756_16k.flac,368105370,2023-02-07 20:48:00,34.04758,-120.10045,283.45075668688827,0.42679689103965474,1908.2938043863346
ONMS_CI01_671129631_20230207_163031_20230207_164756_16k.flac,368105370,2023-02-07 20:48:05,34.0475677804205,-120.10030028475256,283.5080553096978,0.43002043793671774,1894.5349949512645
ONMS_CI01_671129631_20230207_163031_20230207_164756_16k.flac,368105370,2023-02-07 20:48:10,34.047555560658644,-120.10015056954808,283.5661922582517,0.43328978501616117,1880.7781136994179
ONMS_CI01_671129631_20230110_163436_20230110_183609_16k.flac,369140000,2023-01-10 18:35:10,34.05849,-120.09371,323.2866401205922,0.39337628003269604,2063.262416744462
ONMS_CI01_671129631_20230110_163436_20230110_183609_16k.flac,369140000,2023-01-10 18:35:15,34.058551719131295,-120.09359537357601,323.6360117641288,0.3935361233757662,2062.4608968425364
ONMS_CI01_671129631_20230110_163436_20230110_183609_16k.flac,369140000,2023-01-10 18:35:20,34.0586134381551,-120.09348074698585,323.9856420629752,0.3936807445831592,2061.7361170630056
ONMS_CI01_671129631_20230121_163258_20230121_191340_16k.flac,338395327,2023-01-21 19:13:39,34.02882,-120.09283,215.14592784945546,0.4059255304710809,2002.2230946649136
ONMS_CI01_671129631_20230121_163258_20230121_191340_16k.flac,338395327,2023-01-21 19:13:44,34.02879300255782,-120.09279176487793,215.0139970264022,0.40583614756246683,2002.6448865066366
ONMS_CI01_671129631_20230121_163258_20230121_191340_16k.flac,338395327,2023-01-21 19:13:49,34.02876600510365,-120.09275352978008,214.88212246729933,0.4057445562066654,2003.077291498021
ONMS_CI01_671129631_20230121_163258_20230121_194026_16k.flac,368105370,2023-01-21 19:38:58,34.06007,-120.09312,327.19813572977245,0.37196055243057713,2176.2416070210593
ONMS_CI01_671129631_20230121_163258_20230121_194026_16k.flac,368105370,2023-01-21 19:39:03,34.06005398977097,-120.09325516220682,326.8974089306737,0.3710097023144203,2181.5400792583528
ONMS_CI01_671129631_20230121_163258_20230121_194026_16k.flac,368105370,2023-01-21 19:39:08,34.06003797939328,-120.0933903243628,326.59814765020036,0.37005268790653556,2186.8983555324803
ONMS_CI01_671129631_20230121_163258_20230121_192017_16k.flac,368105370,2023-01-21 19:20:30,34.0613,-120.06429,37.025806650733365,0.32634336222955856,2462.1710799847074
ONMS_CI01_671129631_20230121_163258_20230121_192017_16k.flac,368105370,2023-01-21 19:20:35,34.06130516204796,-120.06441243797752,36.807244435957585,0.32724180028808153,2455.8381919998865
ONMS_CI01_671129631_20230121_163258_20230121_192017_16k.flac,368105370,2023-01-21 19:20:40,34.06131032397394,-120.0645348759699,36.58755526757539,0.32813960284257215,2449.541223697664
ONMS_CI01_671129631_20230121_163258_20230121_191945_16k.flac,368105370,2023-01-21 19:19:29,34.06125,-120.06269,39.75170871420651,0.31438245914832263,2549.5933895730723
ONMS_CI01_671129631_20230121_163258_20230121_191945_16k.flac,368105370,2023-01-21 19:19:34,34.06126030683153,-120.06282876087282,39.5132951676534,0.3153497406843668,2542.3010533277943
ONMS_CI01_671129631_20230121_163258_20230121_191945_16k.flac,368105370,2023-01-21 19:19:39,34.06127061350638,-120.06296752177921,39.27351409083886,0.31631647760016113,2535.052988470756
ONMS_CI01_671129631_20230120_163308_20230120_185941_16k.flac,338395327,2023-01-20 18:57:43,34.03312,-120.09992,237.30365912050104,0.3771983197101701,2147.605659934353
ONMS_CI01_671129631_20230120_163308_20230120_185941_16k.flac,338395327,2023-01-20 18:57:48,34.03315609269686,-120.09990967209366,237.37989037025974,0.37774631484897553,2144.641800289644
ONMS_CI01_671129631_20230120_163308_20230120_185941_16k.flac,338395327,2023-01-20 18:57:53,34.03319218539267,-120.09989934417858,237.4563324862069,0.37829508297698955,2141.6817475943176
ONMS_CI01_671129631_20230121_163258_20230121_185408_16k.flac,338395327,2023-01-21 18:52:46,34.02874,-120.08981,207.95768715598624,0.4374110047066978,1863.5984984166698
ONMS_CI01_671129631_20230121_163258_20230121_185408_16k.flac,338395327,2023-01-21 18:52:51,34.02877476476506,-120.08981138514997,208.01684182632715,0.438227800753059,1860.253224452946
ONMS_CI01_671129631_20230121_163258_20230121_185408_16k.flac,338395327,2023-01-21 18:52:56,34.028809529529916,-120.08981277030108,208.07620958378794,0.43904699698793237,1856.9099407942292
ONMS_CI01_671129631_20230110_223434_20230110_224237_16k.flac,369140000,2023-01-10 22:42:39,34.05735,-120.08079,358.4765630183132,0.5368232071982533,1528.0210319318137
ONMS_CI01_671129631_20230110_223434_20230110_224237_16k.flac,369140000,2023-01-10 22:42:44,34.05743184679252,-120.08064798315831,358.9742409674961,0.5336756251245836,1536.8054929686864
ONMS_CI01_671129631_20230110_223434_20230110_224237_16k.flac,369140000,2023-01-10 22:42:49,34.05751369341986,-120.08050596604366,359.4662246162113,0.5305229999364356,1545.7045751336009
ONMS_CI01_671129631_20230113_163412_20230113_201941_16k.flac,338176382,2023-01-13 20:18:48,34.05486,-120.09102,321.7869274917966,0.5145031398016212,1592.5814073348988
ONMS_CI01_671129631_20230113_163412_20230113_201941_16k.flac,338176382,2023-01-13 20:18:53,34.054847828990034,-120.09082552628782,322.2680595292895,0.5185555021350071,1580.4688692361228
ONMS_CI01_671129631_20230113_163412_20230113_201941_16k.flac,338176382,2023-01-13 20:18:58,34.05483565767239,-120.09063105263122,322.75658876341134,0.5226308948463771,1568.4694933951448
ONMS_CI01_671129631_20230110_163436_20230110_175609_16k.flac,369140000,2023-01-10 17:54:59,34.05337,-120.08728,329.4942683663222,0.6534274199416767,1260.5133032022109
ONMS_CI01_671129631_20230110_163436_20230110_175609_16k.flac,369140000,2023-01-10 17:55:04,34.05332501152086,-120.08737103046118,329.04994900612854,0.6534247398019138,1260.518722995479
ONMS_CI01_671129631_20230110_163436_20230110_175609_16k.flac,369140000,2023-01-10 17:55:09,34.053280022973986,-120.08746206082618,328.6056601849674,0.6533820912452455,1260.599933862675
ONMS_CI01_671129631_20230121_163258_20230121_192348_16k.flac,368105370,2023-01-21 19:23:30,34.06122,-120.06893,28.31537497863119,0.3637625362297402,2222.735942397475
ONMS_CI01_671129631_20230121_163258_20230121_192348_16k.flac,368105370,2023-01-21 19:23:35,34.06121581608367,-120.06906085706522,28.046177642162593,0.364821066793669,2216.620736149793
ONMS_CI01_671129631_20230121_163258_20230121_192348_16k.flac,368105370,2023-01-21 19:23:40,34.06121163202803,-120.0691917141176,27.775496825166215,0.36587671731570837,2210.5547300119197
ONMS_CI01_671129631_20230110_163436_20230110_175154_16k.flac,369140000,2023-01-10 17:51:40,34.05607,-120.08121,356.719984959741,0.5924017861855878,1387.779637269895
ONMS_CI01_671129631_20230110_163436_20230110_175154_16k.flac,369140000,2023-01-10 17:51:45,34.055984120134674,-120.08141694843172,355.9050169688148,0.596031264423719,1379.5025281174064
ONMS_CI01_671129631_20230110_163436_20230110_175154_16k.flac,369140000,2023-01-10 17:51:50,34.05589823991972,-120.08162389644603,355.0803783165024,0.5995780865327053,1371.5078280593477
ONMS_CI01_671129631_20230121_163258_20230121_192158_16k.flac,368105370,2023-01-21 19:21:58,34.06128,-120.06656,32.95903494504658,0.344494965425407,2340.0767460933844
ONMS_CI01_671129631_20230121_163258_20230121_192158_16k.flac,368105370,2023-01-21 19:22:03,34.06128069606601,-120.06667980577431,32.73021839826582,0.3454242385712313,2334.141788519366
ONMS_CI01_671129631_20230121_163258_20230121_192158_16k.flac,368105370,2023-01-21 19:22:08,34.061281392015246,-120.06679961155059,32.50023891904065,0.3463522118543513,2328.2442464245855
ONMS_CI01_671129631_20230121_163258_20230121_192719_16k.flac,338395327,2023-01-21 19:27:19,34.02608,-120.08749,198.7632578265681,0.3960041681299076,2050.1287024979183
ONMS_CI01_671129631_20230121_163258_20230121_192719_16k.flac,338395327,2023-01-21 19:27:24,34.02605413319696,-120.08745805335177,198.65947933567188,0.3956463176762669,2051.8999697255867
ONMS_CI01_671129631_20230121_163258_20230121_192719_16k.flac,338395327,2023-01-21 19:27:29,34.02602826638549,-120.08742610672292,198.55588020828444,0.3952877169108547,2053.677956782521
ONMS_CI01_671129631_20230110_163436_20230110_175947_16k.flac,369140000,2023-01-10 17:59:00,34.05083,-120.09218,306.3650704000851,0.606370027082493,1356.4910652074975
ONMS_CI01_671129631_20230110_163436_20230110_175947_16k.flac,369140000,2023-01-10 17:59:05,34.050771841653855,-120.09229401797104,305.88366318823046,0.6042337574127642,1361.1922432876045
ONMS_CI01_671129631_20230110_163436_20230110_175947_16k.flac,369140000,2023-01-10 17:59:10,34.050713683201415,-120.09240803578639,305.4056036768582,0.6020691295259946,1365.9888416520648
ONMS_CI01_671129631_20230207_163031_20230207_211236_16k.flac,368105370,2023-02-07 21:11:28,34.05218,-120.06206,60.53395079723879,0.4196161482907296,1939.6247563250247
ONMS_CI01_671129631_20230207_163031_20230207_211236_16k.flac,368105370,2023-02-07 21:11:33,34.05217752316745,-120.06191794766734,60.73039591485325,0.4170853933768299,1950.9208773972966
ONMS_CI01_671129631_20230207_163031_20230207_211236_16k.flac,368105370,2023-02-07 21:11:38,34.05217504617075,-120.06177589534293,60.92457685931251,0.4145782001918447,1962.2396704600055
ONMS_CI01_671129631_20230121_163258_20230121_190340_16k.flac,338395327,2023-01-21 19:01:35,34.03132,-120.09162,217.4293232147273,0.4774305401651969,1712.5051762907246
ONMS_CI01_671129631_20230121_163258_20230121_190340_16k.flac,338395327,2023-01-21 19:01:40,34.031344538741806,-120.09164553081702,217.54736719446316,0.47763940363417445,1711.7799935517721
ONMS_CI01_671129631_20230121_163258_20230121_190340_16k.flac,338395327,2023-01-21 19:01:45,34.03136907747822,-120.09167106164874,217.66551073868914,0.4778463452198383,1711.0620823703857
ONMS_CI01_671129631_20230120_163308_20230120_191419_16k.flac,338395327,2023-01-20 19:14:14,34.03353,-120.09152,222.78034021373665,0.5401668412291429,1518.8371762429383
ONMS_CI01_671129631_20230120_163308_20230120_191419_16k.flac,338395327,2023-01-20 19:14:19,34.03348510765328,-120.09149733338646,222.59507377736782,0.5393505535662299,1521.0786981663252
ONMS_CI01_671129631_20230120_163308_20230120_191419_16k.flac,338395327,2023-01-20 19:14:24,34.03344021530206,-120.09147466679678,222.41035454377257,0.5385308902120428,1523.3360758097247
ONMS_CI01_671129631_20230207_163031_20230207_163200_16k.flac,368105370,2023-02-07 20:48:00,34.04758,-120.10045,283.45075668688827,0.42679689103965474,1908.2938043863346
ONMS_CI01_671129631_20230207_163031_20230207_163200_16k.flac,368105370,2023-02-07 20:48:05,34.0475677804205,-120.10030028475256,283.5080553096978,0.43002043793671774,1894.5349949512645
ONMS_CI01_671129631_20230207_163031_20230207_163200_16k.flac,368105370,2023-02-07 20:48:10,34.047555560658644,-120.10015056954808,283.5661922582517,0.43328978501616117,1880.7781136994179
ONMS_CI01_671129631_20230120_163308_20230120_200516_16k.flac,338395327,2023-01-20 20:04:52,34.03895,-120.06572,110.81079718791065,0.5683286082483385,1445.3340790431923
ONMS_CI01_671129631_20230120_163308_20230120_200516_16k.flac,338395327,2023-01-20 20:04:57,34.039160349550876,-120.06539425248849,109.54000313790907,0.560321873867308,1465.5169613240435
ONMS_CI01_671129631_20230120_163308_20230120_200516_16k.flac,338395327,2023-01-20 20:05:02,34.03937069823152,-120.06506850336872,108.30432800074463,0.5522632956257485,1486.4009542279268
ONMS_CI01_671129631_20230110_163436_20230110_175038_16k.flac,369140000,2023-01-10 17:50:21,34.05752,-120.07754,9.524096261843168,0.5227972958930882,1567.9511900058376
ONMS_CI01_671129631_20230110_163436_20230110_175038_16k.flac,369140000,2023-01-10 17:50:26,34.05742152799737,-120.07778916346827,8.754007118750506,0.527786842364033,1553.5131047285488
ONMS_CI01_671129631_20230110_163436_20230110_175038_16k.flac,369140000,2023-01-10 17:50:31,34.05732305548811,-120.07803832636024,7.969613088266983,0.5327672653057839,1539.3608823516756
ONMS_CI01_671129631_20230121_163258_20230121_192049_16k.flac,368105370,2023-01-21 19:20:30,34.0613,-120.06429,37.025806650733365,0.32634336222955856,2462.1710799847074
ONMS_CI01_671129631_20230121_163258_20230121_192049_16k.flac,368105370,2023-01-21 19:20:35,34.06130516204796,-120.06441243797752,36.807244435957585,0.32724180028808153,2455.8381919998865
ONMS_CI01_671129631_20230121_163258_20230121_192049_16k.flac,368105370,2023-01-21 19:20:40,34.06131032397394,-120.0645348759699,36.58755526757539,0.32813960284257215,2449.541223697664
ONMS_CI01_671129631_20230120_163308_20230120_181427_16k.flac,338395327,2023-01-20 18:13:26,34.03313,-120.09902,236.0907179455272,0.39055948472664226,2077.5377103624287
ONMS_CI01_671129631_20230120_163308_20230120_181427_16k.flac,338395327,2023-01-20 18:13:31,34.03310046129116,-120.09898073373655,235.95985007446757,0.3907910229722007,2076.3624645734244
ONMS_CI01_671129631_20230120_163308_20230120_181427_16k.flac,338395327,2023-01-20 18:13:36,34.03307092256964,-120.09894146750032,235.82883465114713,0.3910206766160964,2075.1980629077284
ONMS_CI01_671129631_20230120_163308_20230120_185741_16k.flac,338395327,2023-01-20 18:57:43,34.03312,-120.09992,237.30365912050104,0.3771983197101701,2147.605659934353
ONMS_CI01_671129631_20230120_163308_20230120_185741_16k.flac,338395327,2023-01-20 18:57:48,34.03315609269686,-120.09990967209366,237.37989037025974,0.37774631484897553,2144.641800289644
ONMS_CI01_671129631_20230120_163308_20230120_185741_16k.flac,338395327,2023-01-20 18:57:53,34.03319218539267,-120.09989934417858,237.4563324862069,0.37829508297698955,2141.6817475943176
ONMS_CI01_671129631_20230120_163308_20230120_185121_16k.flac,338395327,2023-01-20 18:50:07,34.03033,-120.09754,227.20916429479377,0.37430103887159194,2163.3692059155787
ONMS_CI01_671129631_20230120_163308_20230120_185121_16k.flac,338395327,2023-01-20 18:50:12,34.03034856809629,-120.09758176785373,227.31852974480597,0.37404015400227253,2164.803932621469
ONMS_CI01_671129631_20230120_163308_20230120_185121_16k.flac,338395327,2023-01-20 18:50:17,34.030367136178334,-120.09762353572566,227.42774992286627,0.37377817629595833,2166.2465359476255
ONMS_CI01_671129631_20230120_163308_20230120_185234_16k.flac,338395327,2023-01-20 18:51:38,34.0309,-120.09821,229.5473471480634,0.37353166996097403,2167.6143285563885
ONMS_CI01_671129631_20230120_163308_20230120_185234_16k.flac,338395327,2023-01-20 18:51:43,34.03092982099993,-120.09826644007023,229.70315181863887,0.37320078974093246,2169.441359949204
ONMS_CI01_671129631_20230120_163308_20230120_185234_16k.flac,338395327,2023-01-20 18:51:48,34.03095964197381,-120.09832288017996,229.8586931234157,0.3728675585048541,2171.2844058123455
ONMS_CI01_671129631_20230120_163308_20230120_183928_16k.flac,338395327,2023-01-20 18:38:03,34.02683,-120.09248,211.08918085034523,0.37316528593023074,2169.559084390687
ONMS_CI01_671129631_20230120_163308_20230120_183928_16k.flac,338395327,2023-01-20 18:38:08,34.02684400196738,-120.09252722742089,211.2089584820124,0.37299775404030977,2170.485483693658
ONMS_CI01_671129631_20230120_163308_20230120_183928_16k.flac,338395327,2023-01-20 18:38:13,34.026858003916615,-120.0925744548573,211.3286333841201,0.3728286492667488,2171.4213600326575
ONMS_CI01_671129631_20230110_163436_20230110_211217_16k.flac,369140000,2023-01-10 21:11:31,34.04558,-120.08961,284.54774545149877,0.9364528345904479,883.4652160172853
ONMS_CI01_671129631_20230110_163436_20230110_211217_16k.flac,369140000,2023-01-10 21:11:36,34.045541448839366,-120.08968616943575,284.167195762913,0.9303424017672226,889.2181038067285
ONMS_CI01_671129631_20230110_163436_20230110_211217_16k.flac,369140000,2023-01-10 21:11:41,34.04550289763127,-120.08976233880259,283.79155605332113,0.9242698625029963,895.0097129111233
ONMS_CI01_671129631_20230120_163308_20230120_190939_16k.flac,338395327,2023-01-20 19:08:13,34.03415,-120.09501,232.3117195509751,0.47792118309000914,1710.8336655854278
ONMS_CI01_671129631_20230120_163308_20230120_190939_16k.flac,338395327,2023-01-20 19:08:18,34.034125404094425,-120.09498045678913,232.18351153595637,0.4780613368598693,1710.3474734932659
ONMS_CI01_671129631_20230120_163308_20230120_190939_16k.flac,338395327,2023-01-20 19:08:23,34.03410080818167,-120.09495091359533,232.0552312476199,0.4781990957944256,1709.8698494953032
ONMS_CI01_671129631_20230120_163308_20230120_185309_16k.flac,338395327,2023-01-20 18:51:38,34.0309,-120.09821,229.5473471480634,0.37353166996097403,2167.6143285563885
ONMS_CI01_671129631_20230120_163308_20230120_185309_16k.flac,338395327,2023-01-20 18:51:43,34.03092982099993,-120.09826644007023,229.70315181863887,0.37320078974093246,2169.441359949204
ONMS_CI01_671129631_20230120_163308_20230120_185309_16k.flac,338395327,2023-01-20 18:51:48,34.03095964197381,-120.09832288017996,229.8586931234157,0.3728675585048541,2171.2844058123455
ONMS_CI01_671129631_20230110_223434_20230110_223713_16k.flac,369140000,2023-01-10 22:36:19,34.05447,-120.09123,320.25518867464217,0.5217160248471704,1571.1513996006272
ONMS_CI01_671129631_20230110_223434_20230110_223713_16k.flac,369140000,2023-01-10 22:36:24,34.054525118465165,-120.09110114719206,320.732194880246,0.5226902718834457,1568.2992742528468
ONMS_CI01_671129631_20230110_223434_20230110_223713_16k.flac,369140000,2023-01-10 22:36:29,34.05458023679476,-120.09097229421734,321.21090605175806,0.5236305538806423,1565.556232240797
ONMS_CI01_671129631_20230110_163436_20230110_183308_16k.flac,369140000,2023-01-10 18:32:50,34.05676,-120.09689,313.7555166119796,0.38345793850262205,2114.1727813336292
ONMS_CI01_671129631_20230110_163436_20230110_183308_16k.flac,369140000,2023-01-10 18:32:55,34.0568240316385,-120.09677722185346,314.0901016437081,0.38394837232323115,2111.598307979152
ONMS_CI01_671129631_20230110_163436_20230110_183308_16k.flac,369140000,2023-01-10 18:33:00,34.05688806317287,-120.09666444353729,314.4254920963636,0.38442616991003264,2109.0960134470215
ONMS_CI01_671129631_20230110_163436_20230110_223148_16k.flac,369140000,2023-01-10 22:31:39,34.05119,-120.09788,297.5475911568764,0.4468953821216385,1825.5505669712422
ONMS_CI01_671129631_20230110_163436_20230110_223148_16k.flac,369140000,2023-01-10 22:31:44,34.05125159687628,-120.09776861828378,297.88808000717125,0.44840433294208504,1819.6230969641174
ONMS_CI01_671129631_20230110_163436_20230110_223148_16k.flac,369140000,2023-01-10 22:31:49,34.051313193651026,-120.09765723640645,298.23078235661245,0.44990634793739986,1813.7603029486768
ONMS_CI01_671129631_20230120_163308_20230120_200212_16k.flac,338395327,2023-01-20 20:00:53,34.03153,-120.08513,198.27656910061188,0.5838450425640156,1407.694856741187
ONMS_CI01_671129631_20230120_163308_20230120_200212_16k.flac,338395327,2023-01-20 20:00:58,34.03165862745876,-120.08477804801184,197.18409861186927,0.593965098294139,1384.207886237001
ONMS_CI01_671129631_20230120_163308_20230120_200212_16k.flac,338395327,2023-01-20 20:01:03,34.03178725390748,-120.08442609496144,196.05433777703152,0.604195098065804,1361.2414008907358
ONMS_CI01_671129631_20230110_223434_20230110_224327_16k.flac,369140000,2023-01-10 22:42:39,34.05735,-120.08079,358.4765630183132,0.5368232071982533,1528.0210319318137
ONMS_CI01_671129631_20230110_223434_20230110_224327_16k.flac,369140000,2023-01-10 22:42:44,34.05743184679252,-120.08064798315831,358.9742409674961,0.5336756251245836,1536.8054929686864
ONMS_CI01_671129631_20230110_223434_20230110_224327_16k.flac,369140000,2023-01-10 22:42:49,34.05751369341986,-120.08050596604366,359.4662246162113,0.5305229999364356,1545.7045751336009
ONMS_CI01_671129631_20230121_163258_20230121_192630_16k.flac,338395327,2023-01-21 19:25:50,34.0265,-120.08804,200.5498511086654,0.4014920209929262,2023.3356203169224
ONMS_CI01_671129631_20230121_163258_20230121_192630_16k.flac,338395327,2023-01-21 19:25:55,34.026483569566956,-120.08801656569946,200.47438310645603,0.40129526162185436,2024.2843723446879
ONMS_CI01_671129631_20230121_163258_20230121_192630_16k.flac,338395327,2023-01-21 19:26:00,34.0264671391294,-120.08799313140797,200.39898594688103,0.4010979561374784,2025.236632900701
ONMS_CI01_671129631_20230120_163308_20230120_182437_16k.flac,338395327,2023-01-20 18:22:59,34.02992,-120.09331,218.30714634156297,0.4215761671912438,1930.8982988299906
ONMS_CI01_671129631_20230120_163308_20230120_182437_16k.flac,338395327,2023-01-20 18:23:04,34.029907419185015,-120.09329362479292,218.2462690267322,0.42153999146194837,1931.0572585675034
ONMS_CI01_671129631_20230120_163308_20230120_182437_16k.flac,338395327,2023-01-20 18:23:09,34.02989483836784,-120.09327724959068,218.1854018029072,0.4215033263917089,1931.2183978449382
ONMS_CI01_671129631_20230121_163258_20230121_184011_16k.flac,338395327,2023-01-21 18:38:10,34.02671,-120.09512,216.0922687911463,0.3483521213834831,2315.6520203010664
ONMS_CI01_671129631_20230121_163258_20230121_184011_16k.flac,338395327,2023-01-21 18:38:15,34.02669201218633,-120.09508102529814,215.9911918099974,0.34843240333120695,2315.1480852488394
ONMS_CI01_671129631_20230121_163258_20230121_184011_16k.flac,338395327,2023-01-21 18:38:20,34.02667402436027,-120.09504205061275,215.89007112981838,0.34851156927211163,2314.6513581091986
ONMS_CI01_671129631_20230121_163258_20230121_191021_16k.flac,338395327,2023-01-21 19:09:37,34.03007,-120.0937,219.44628384667524,0.41939420740957667,1940.5467538208964
ONMS_CI01_671129631_20230121_163258_20230121_191021_16k.flac,338395327,2023-01-21 19:09:42,34.0300301045701,-120.09371474144193,219.39443829859124,0.4184320008705907,1944.829951985457
ONMS_CI01_671129631_20230121_163258_20230121_191021_16k.flac,338395327,2023-01-21 19:09:47,34.029990209138184,-120.09372948287005,219.3428206675329,0.41747358455096434,1949.114736010913
ONMS_CI01_671129631_20230120_163308_20230120_181009_16k.flac,338395327,2023-01-20 18:09:57,34.03419,-120.10116,241.54737148662315,0.3702664379346913,2185.819096959948
ONMS_CI01_671129631_20230120_163308_20230120_181009_16k.flac,338395327,2023-01-20 18:10:02,34.034145342704434,-120.10110728829073,241.37225249049766,0.37060700036367317,2183.910879781252
ONMS_CI01_671129631_20230120_163308_20230120_181009_16k.flac,338395327,2023-01-20 18:10:07,34.03410068538595,-120.10105457663671,241.196828830868,0.37094448539646396,2182.0230985655876
ONMS_CI01_671129631_20230120_163308_20230120_200104_16k.flac,338395327,2023-01-20 20:00:53,34.03153,-120.08513,198.27656910061188,0.5838450425640156,1407.694856741187
ONMS_CI01_671129631_20230120_163308_20230120_200104_16k.flac,338395327,2023-01-20 20:00:58,34.03165862745876,-120.08477804801184,197.18409861186927,0.593965098294139,1384.207886237001
ONMS_CI01_671129631_20230120_163308_20230120_200104_16k.flac,338395327,2023-01-20 20:01:03,34.03178725390748,-120.08442609496144,196.05433777703152,0.604195098065804,1361.2414008907358
ONMS_CI01_671129631_20230120_163308_20230120_191621_16k.flac,338395327,2023-01-20 19:15:45,34.03288,-120.09085,219.24964874836502,0.5351728079972778,1532.6501512043744
ONMS_CI01_671129631_20230120_163308_20230120_191621_16k.flac,338395327,2023-01-20 19:15:50,34.0328675178371,-120.09080215844409,219.08880325527053,0.5357882727302838,1530.9335470689002
ONMS_CI01_671129631_20230120_163308_20230120_191621_16k.flac,338395327,2023-01-20 19:15:55,34.03285503565556,-120.09075431690218,218.92759789319103,0.5364007521312795,1529.229034096811
ONMS_CI01_671129631_20230120_163308_20230120_183429_16k.flac,338395327,2023-01-20 18:33:33,34.02697,-120.0894,204.40182606108084,0.40152872635082454,2023.168304721787
ONMS_CI01_671129631_20230120_163308_20230120_183429_16k.flac,338395327,2023-01-20 18:33:38,34.02690113301498,-120.08946602813108,204.46942985777068,0.39957151284323633,2032.645112370873
ONMS_CI01_671129631_20230120_163308_20230120_183429_16k.flac,338395327,2023-01-20 18:33:43,34.026832265993725,-120.0895320561555,204.53640607707794,0.3976314979377584,2042.1247256769136
ONMS_CI01_671129631_20230110_163436_20230110_212106_16k.flac,369140000,2023-01-10 21:20:59,34.04859,-120.1003,286.7932810163905,0.42314040559388993,1924.1344185031921
ONMS_CI01_671129631_20230110_163436_20230110_212106_16k.flac,369140000,2023-01-10 21:21:04,34.04866573604414,-120.10040176191994,286.9510678385377,0.42053961536118506,1935.5627513965794
ONMS_CI01_671129631_20230110_163436_20230110_212106_16k.flac,369140000,2023-01-10 21:21:09,34.048741472003115,-120.10050352402084,287.1070010551018,0.4179655093042899,1947.0055941034263
ONMS_CI01_671129631_20230120_163308_20230120_200340_16k.flac,338395327,2023-01-20 20:03:39,34.03605,-120.07162,136.013526652916,0.7104320775216659,1160.912328757514
ONMS_CI01_671129631_20230120_163308_20230120_200340_16k.flac,338395327,2023-01-20 20:03:44,34.0362215124711,-120.07117208642833,133.92044823825992,0.700741435648373,1176.7300798636963
ONMS_CI01_671129631_20230120_163308_20230120_200340_16k.flac,338395327,2023-01-20 20:03:49,34.03639302330574,-120.07072417105378,131.88553406754735,0.6904079845709995,1194.0751937223506
ONMS_CI01_671129631_20230120_163308_20230120_182644_16k.flac,338395327,2023-01-20 18:26:00,34.02997,-120.09296,217.64812645173464,0.427159421475263,1906.6393366678715
ONMS_CI01_671129631_20230120_163308_20230120_182644_16k.flac,338395327,2023-01-20 18:26:05,34.029946002278706,-120.09292601276512,217.52459365731076,0.42711381917726543,1906.8346850129756
ONMS_CI01_671129631_20230120_163308_20230120_182644_16k.flac,338395327,2023-01-20 18:26:10,34.029922004547934,-120.09289202554938,217.4010867467277,0.42706616174852796,1907.0388950570705
ONMS_CI01_671129631_20230121_163258_20230121_184236_16k.flac,338395327,2023-01-21 18:42:15,34.02604,-120.09332,211.62086546558808,0.35333965185948096,2284.75439116314
ONMS_CI01_671129631_20230121_163258_20230121_184236_16k.flac,338395327,2023-01-21 18:42:20,34.02604215536026,-120.09328388640499,211.55271946077468,0.3536590444441345,2282.8041072227825
ONMS_CI01_671129631_20230121_163258_20230121_184236_16k.flac,338395327,2023-01-21 18:42:25,34.0260443107099,-120.09324777280814,211.4844570091736,0.35397843718795086,2280.8570580089136
ONMS_CI01_671129631_20230110_163436_20230110_205915_16k.flac,369140000,2023-01-10 20:58:20,34.05807,-120.1008,310.4117621125678,0.32389848703343355,2479.64203418878
ONMS_CI01_671129631_20230110_163436_20230110_205915_16k.flac,369140000,2023-01-10 20:58:25,34.05798507099954,-120.10070111553519,310.38255690669297,0.32573086857809497,2466.584659474805
ONMS_CI01_671129631_20230110_163436_20230110_205915_16k.flac,369140000,2023-01-10 20:58:30,34.05790014191837,-120.10060223126763,310.3530408446991,0.3275820361542088,2453.5279348194226
ONMS_CI01_671129631_20230120_163308_20230120_191301_16k.flac,338395327,2023-01-20 19:11:13,34.03373,-120.09328,227.5428088114385,0.5060335861188289,1618.5128615405158
ONMS_CI01_671129631_20230120_163308_20230120_191301_16k.flac,338395327,2023-01-20 19:11:18,34.033704107244624,-120.09322720140625,227.35106936255397,0.5065643307389346,1616.8641259091626
ONMS_CI01_671129631_20230120_163308_20230120_191301_16k.flac,338395327,2023-01-20 19:11:23,34.03367821446646,-120.09317440284457,227.15894060174293,0.5070902848976526,1615.23353299701
ONMS_CI01_671129631_20230121_163258_20230121_194454_16k.flac,338395327,2023-01-21 19:43:37,34.03222,-120.08338,192.52022640725318,0.6377911180087871,1290.857185120392
ONMS_CI01_671129631_20230121_163258_20230121_194454_16k.flac,338395327,2023-01-21 19:43:42,34.03247102622878,-120.08314612263632,191.8353229814663,0.6541759153485939,1259.0850193233991
ONMS_CI01_671129631_20230121_163258_20230121_194454_16k.flac,338395327,2023-01-21 19:43:47,34.03272205200246,-120.08291224389501,191.1150630247111,0.6712964467050467,1227.5021491967182
ONMS_CI01_671129631_20230121_163258_20230121_195001_16k.flac,338395327,2023-01-21 19:48:40,34.04851,-120.07207,54.42248496755576,0.8795459843502351,940.0880498076369
ONMS_CI01_671129631_20230121_163258_20230121_195001_16k.flac,338395327,2023-01-21 19:48:45,34.048823515972764,-120.07200832224704,52.939811576202914,0.8563739401526196,965.2709265413888
ONMS_CI01_671129631_20230121_163258_20230121_195001_16k.flac,338395327,2023-01-21 19:48:50,34.04913703189856,-120.07194664404007,51.53343726774699,0.8338526789842818,991.0671060835577
ONMS_CI01_671129631_20230120_163308_20230120_192915_16k.flac,338395327,2023-01-20 19:29:02,34.02678,-120.08835,201.6277228755874,0.4054029030855501,2004.6557654683095
ONMS_CI01_671129631_20230120_163308_20230120_192915_16k.flac,338395327,2023-01-20 19:29:07,34.02674080494443,-120.08838922120185,201.67804342761553,0.4042700167386602,2010.032892448165
ONMS_CI01_671129631_20230120_163308_20230120_192915_16k.flac,338395327,2023-01-20 19:29:12,34.0267016098761,-120.08842844236764,201.72809541622777,0.4031427240869923,2015.4115622391457
ONMS_CI01_671129631_20230121_163258_20230121_182352_16k.flac,338395327,2023-01-21 18:22:24,34.02849,-120.09304,214.99988178483852,0.3973937670266582,2043.324930437285
ONMS_CI01_671129631_20230121_163258_20230121_182352_16k.flac,338395327,2023-01-21 18:22:29,34.02843815771539,-120.0930769707329,214.98589005461804,0.39604102843601596,2049.993826462404
ONMS_CI01_671129631_20230121_163258_20230121_182352_16k.flac,338395327,2023-01-21 18:22:34,34.028386315419226,-120.09311394142082,214.97198906838398,0.3946968435154283,2056.6628450226135
ONMS_CI01_671129631_20230121_163258_20230121_185740_16k.flac,338395327,2023-01-21 18:56:18,34.03022,-120.08999,210.9961495802937,0.4727774646615804,1728.8114678553522
ONMS_CI01_671129631_20230121_163258_20230121_185740_16k.flac,338395327,2023-01-21 18:56:23,34.030244950763844,-120.08999636990941,211.06017004190457,0.4733624943145167,1726.7429867204598
ONMS_CI01_671129631_20230121_163258_20230121_185740_16k.flac,338395327,2023-01-21 18:56:28,34.030269901527255,-120.09000273982255,211.12434399928955,0.47394829157282503,1724.676666635548
ONMS_CI01_671129631_20230110_163436_20230110_210152_16k.flac,369140000,2023-01-10 21:01:50,34.05456,-120.09661,309.0551961388688,0.42104765215349305,1933.2646418206587
ONMS_CI01_671129631_20230110_163436_20230110_210152_16k.flac,369140000,2023-01-10 21:01:55,34.054474641185635,-120.09651165522703,309.00644925119127,0.4240189341087952,1920.249521764507
ONMS_CI01_671129631_20230110_163436_20230110_210152_16k.flac,369140000,2023-01-10 21:02:00,34.05438928229138,-120.0964133106512,308.95703705641745,0.42702964157595175,1907.2358155953498
ONMS_CI01_671129631_20230207_163031_20230207_210305_16k.flac,368105370,2023-02-07 21:02:46,34.05025,-120.07711,22.015070852388803,1.037311938120817,798.183276338315
ONMS_CI01_671129631_20230207_163031_20230207_210305_16k.flac,368105370,2023-02-07 21:02:51,34.050272892603346,-120.07695077627754,22.91626194816414,1.026992283897804,806.1469900413871
ONMS_CI01_671129631_20230207_163031_20230207_210305_16k.flac,368105370,2023-02-07 21:02:56,34.05029578500037,-120.0767915524695,23.799602721217447,1.0166279857985592,814.3061716472656
ONMS_CI01_671129631_20230121_163258_20230121_194741_16k.flac,338395327,2023-01-21 19:47:25,34.04365,-120.07179,89.4347743760856,1.0473727192487823,790.5795881670343
ONMS_CI01_671129631_20230121_163258_20230121_194741_16k.flac,338395327,2023-01-21 19:47:30,34.043920137439045,-120.07165624590505,87.30668285868052,1.03005931792929,803.7746372420967
ONMS_CI01_671129631_20230121_163258_20230121_194741_16k.flac,338395327,2023-01-21 19:47:35,34.044190274720684,-120.07152249096191,85.25008637920193,1.0119657884265618,818.0415988664655
ONMS_CI01_671129631_20230121_163258_20230121_184212_16k.flac,338395327,2023-01-21 18:40:43,34.02622,-120.09402,213.25151961747872,0.35044691986371596,2302.5715694037817
ONMS_CI01_671129631_20230121_163258_20230121_184212_16k.flac,338395327,2023-01-21 18:40:48,34.026195285968605,-120.0939728653226,213.12352237953584,0.35046100417077153,2302.483595468605
ONMS_CI01_671129631_20230121_163258_20230121_184212_16k.flac,338395327,2023-01-21 18:40:53,34.02617057191903,-120.09392573067251,212.99551599857105,0.35047323707463085,2302.407112780392
ONMS_CI01_671129631_20230207_163031_20230207_164907_16k.flac,368105370,2023-02-07 20:48:00,34.04758,-120.10045,283.45075668688827,0.42679689103965474,1908.2938043863346
ONMS_CI01_671129631_20230207_163031_20230207_164907_16k.flac,368105370,2023-02-07 20:48:05,34.0475677804205,-120.10030028475256,283.5080553096978,0.43002043793671774,1894.5349949512645
ONMS_CI01_671129631_20230207_163031_20230207_164907_16k.flac,368105370,2023-02-07 20:48:10,34.047555560658644,-120.10015056954808,283.5661922582517,0.43328978501616117,1880.7781136994179
ONMS_CI01_671129631_20230120_163308_20230120_184900_16k.flac,338395327,2023-01-20 18:47:05,34.02955,-120.09622,223.28458253526662,0.37902063594403507,2137.722636216084
ONMS_CI01_671129631_20230120_163308_20230120_184900_16k.flac,338395327,2023-01-20 18:47:10,34.029589222405725,-120.09624410699716,223.4080598480041,0.37932581591059134,2136.0862586365083
ONMS_CI01_671129631_20230120_163308_20230120_184900_16k.flac,338395327,2023-01-20 18:47:15,34.029628444806484,-120.09626821401652,223.5317259220927,0.3796295958533713,2134.4598166672777
ONMS_CI01_671129631_20230110_163436_20230110_180536_16k.flac,369140000,2023-01-10 18:04:50,34.04668,-120.1003,280.57919884030065,0.4349249360617343,1873.974430194057
ONMS_CI01_671129631_20230110_163436_20230110_180536_16k.flac,369140000,2023-01-10 18:04:55,34.04661663657184,-120.10042324848654,280.30557847534175,0.4325461778584411,1883.8935945928831
ONMS_CI01_671129631_20230110_163436_20230110_180536_16k.flac,369140000,2023-01-10 18:05:00,34.04655327301948,-120.10054649678972,280.03483064497806,0.4301818324842662,1893.855273245518
ONMS_CI01_671129631_20230121_163258_20230121_181637_16k.flac,338395327,2023-01-21 18:16:08,34.03812,-120.06991,122.13553629667987,0.724573822021676,1138.5830425285505
ONMS_CI01_671129631_20230121_163258_20230121_181637_16k.flac,338395327,2023-01-21 18:16:13,34.037998952746605,-120.07028681587369,123.66904180697948,0.7389953183719232,1116.6644623343234
ONMS_CI01_671129631_20230121_163258_20230121_181637_16k.flac,338395327,2023-01-21 18:16:18,34.03787790433603,-120.07066363067688,125.26276890479727,0.753410644365039,1095.5774060038511
ONMS_CI01_671129631_20230121_163258_20230121_194438_16k.flac,338395327,2023-01-21 19:43:37,34.03222,-120.08338,192.52022640725318,0.6377911180087871,1290.857185120392
ONMS_CI01_671129631_20230121_163258_20230121_194438_16k.flac,338395327,2023-01-21 19:43:42,34.03247102622878,-120.08314612263632,191.8353229814663,0.6541759153485939,1259.0850193233991
ONMS_CI01_671129631_20230121_163258_20230121_194438_16k.flac,338395327,2023-01-21 19:43:47,34.03272205200246,-120.08291224389501,191.1150630247111,0.6712964467050467,1227.5021491967182
ONMS_CI01_671129631_20230110_163436_20230110_175431_16k.flac,369140000,2023-01-10 17:53:51,34.05409,-120.086,335.8939641171627,0.6446961425420021,1277.2820378953854
ONMS_CI01_671129631_20230110_163436_20230110_175431_16k.flac,369140000,2023-01-10 17:53:56,34.05402596651433,-120.08612603411605,335.2865371073176,0.6455494281491078,1275.6237568814279
ONMS_CI01_671129631_20230110_163436_20230110_175431_16k.flac,369140000,2023-01-10 17:54:01,34.05396193289877,-120.08625206804258,334.67759720271937,0.6463307078358139,1274.1091937826834
ONMS_CI01_671129631_20230121_163258_20230121_190907_16k.flac,338395327,2023-01-21 19:08:08,34.0305,-120.09332,219.54363707214037,0.4331147847567545,1881.4213545524565
ONMS_CI01_671129631_20230121_163258_20230121_190907_16k.flac,338395327,2023-01-21 19:08:13,34.030486612734734,-120.0933392306635,219.55654633880187,0.4325710604443891,1883.697095522685
ONMS_CI01_671129631_20230121_163258_20230121_190907_16k.flac,338395327,2023-01-21 19:08:18,34.03047322546642,-120.09335846132096,219.56942444865166,0.43202860094950096,1885.9729320448514
ONMS_CI01_671129631_20230121_163258_20230121_191742_16k.flac,368105370,2023-01-21 19:17:27,34.0612,-120.05953,44.51829362774419,0.2907253338330307,2741.39799185662
ONMS_CI01_671129631_20230121_163258_20230121_191742_16k.flac,368105370,2023-01-21 19:17:32,34.061193536191595,-120.05966072305391,44.348436117585386,0.2917594751387304,2732.435831378519
ONMS_CI01_671129631_20230121_163258_20230121_191742_16k.flac,368105370,2023-01-21 19:17:37,34.06118707224414,-120.05979144608798,44.17746218673587,0.2927973422643124,2723.497843505235
ONMS_CI01_671129631_20230120_163308_20230120_180846_16k.flac,338395327,2023-01-20 18:08:40,34.0347,-120.10188,243.65043821415068,0.36446943068862314,2218.802807470194
ONMS_CI01_671129631_20230120_163308_20230120_180846_16k.flac,338395327,2023-01-20 18:08:45,34.034671926254,-120.10180354473057,243.4970864852114,0.3653262459747086,2213.867368441504
ONMS_CI01_671129631_20230120_163308_20230120_180846_16k.flac,338395327,2023-01-20 18:08:50,34.034643852460334,-120.10172708951151,243.3430505654305,0.3661840072696131,2208.9478592924365
ONMS_CI01_671129631_20230121_163258_20230121_191345_16k.flac,338395327,2023-01-21 19:13:39,34.02882,-120.09283,215.14592784945546,0.4059255304710809,2002.2230946649136
ONMS_CI01_671129631_20230121_163258_20230121_191345_16k.flac,338395327,2023-01-21 19:13:44,34.02879300255782,-120.09279176487793,215.0139970264022,0.40583614756246683,2002.6448865066366
ONMS_CI01_671129631_20230121_163258_20230121_191345_16k.flac,338395327,2023-01-21 19:13:49,34.02876600510365,-120.09275352978008,214.88212246729933,0.4057445562066654,2003.077291498021
ONMS_CI01_671129631_20230113_163412_20230113_202719_16k.flac,338176382,2023-01-13 20:26:47,34.0535,-120.07061,39.25616689422894,0.5781912688871188,1421.183921679521
ONMS_CI01_671129631_20230113_163412_20230113_202719_16k.flac,338176382,2023-01-13 20:26:52,34.05346734832488,-120.07039626258376,39.95976523190974,0.574147242765733,1430.9757731252746
ONMS_CI01_671129631_20230113_163412_20230113_202719_16k.flac,338176382,2023-01-13 20:26:57,34.05343469627795,-120.07018252533142,40.65369590848776,0.5700714683882092,1440.9804505097827
ONMS_CI01_671129631_20230121_163258_20230121_191727_16k.flac,368105370,2023-01-21 19:17:27,34.0612,-120.05953,44.51829362774419,0.2907253338330307,2741.39799185662
ONMS_CI01_671129631_20230121_163258_20230121_191727_16k.flac,368105370,2023-01-21 19:17:32,34.061193536191595,-120.05966072305391,44.348436117585386,0.2917594751387304,2732.435831378519
ONMS_CI01_671129631_20230121_163258_20230121_191727_16k.flac,368105370,2023-01-21 19:17:37,34.06118707224414,-120.05979144608798,44.17746218673587,0.2927973422643124,2723.497843505235
ONMS_CI01_671129631_20230120_163308_20230120_195914_16k.flac,338395327,2023-01-20 19:58:53,34.02848,-120.09362,216.19389072917284,0.39096603388807816,2075.401563703527
ONMS_CI01_671129631_20230120_163308_20230120_195914_16k.flac,338395327,2023-01-20 19:58:58,34.02857153535743,-120.0932691796048,215.63005186049983,0.396409073108029,2048.1773973697414
ONMS_CI01_671129631_20230120_163308_20230120_195914_16k.flac,338395327,2023-01-20 19:59:03,34.028663069712636,-120.09291835845623,215.05107917526692,0.4019531275708569,2021.1569211531837
ONMS_CI01_671129631_20230207_163031_20230207_205358_16k.flac,368105370,2023-02-07 20:52:28,34.04797,-120.09327,292.20816738331735,0.638946679109706,1288.607365769332
ONMS_CI01_671129631_20230207_163031_20230207_205358_16k.flac,368105370,2023-02-07 20:52:33,34.048004489562565,-120.09315168355845,292.5515266503629,0.6433404060091836,1279.9618789017752
ONMS_CI01_671129631_20230207_163031_20230207_205358_16k.flac,368105370,2023-02-07 20:52:38,34.048038979011054,-120.0930333670211,292.8995437965324,0.6477692074389951,1271.3629851251055
ONMS_CI01_671129631_20230120_163308_20230120_190438_16k.flac,338395327,2023-01-20 19:03:41,34.03463,-120.09748,237.89221040739395,0.436455714635497,1867.6056844725363
ONMS_CI01_671129631_20230120_163308_20230120_190438_16k.flac,338395327,2023-01-20 19:03:46,34.034633470629984,-120.09740770027719,237.79299927757774,0.4378813677845392,1861.7490974262146
ONMS_CI01_671129631_20230120_163308_20230120_190438_16k.flac,338395327,2023-01-20 19:03:51,34.03463694121745,-120.09733540054847,237.6931622557903,0.439314472737427,1855.8981284642252
ONMS_CI01_671129631_20230113_163412_20230113_202021_16k.flac,338176382,2023-01-13 20:20:17,34.05471,-120.08722,332.8080971153983,0.5922804570976606,1388.0716269038842
ONMS_CI01_671129631_20230113_163412_20230113_202021_16k.flac,338176382,2023-01-13 20:20:22,34.05470587185623,-120.08698323908354,333.6079773600317,0.5967847277943867,1377.8088994840498
ONMS_CI01_671129631_20230113_163412_20230113_202021_16k.flac,338176382,2023-01-13 20:20:27,34.054701743256466,-120.08674647819004,334.4197033380587,0.6012336589126998,1367.8186798744632
ONMS_CI01_671129631_20230207_163031_20230207_210122_16k.flac,368105370,2023-02-07 21:00:30,34.04981,-120.08035,0.0,1.1989192811381144,691.2030389586462
ONMS_CI01_671129631_20230207_163031_20230207_210122_16k.flac,368105370,2023-02-07 21:00:35,34.049839183701565,-120.08022095609316,0.9831592735833384,1.1931252300188284,694.5416904956462
ONMS_CI01_671129631_20230207_163031_20230207_210122_16k.flac,368105370,2023-02-07 21:00:40,34.049868367267536,-120.08009191209788,1.9566241916593181,1.1870402987975497,698.0827728426747
ONMS_CI01_671129631_20230207_163031_20230207_201236_16k.flac,368105370,2023-02-07 20:48:00,34.04758,-120.10045,283.45075668688827,0.42679689103965474,1908.2938043863346
ONMS_CI01_671129631_20230207_163031_20230207_201236_16k.flac,368105370,2023-02-07 20:48:05,34.0475677804205,-120.10030028475256,283.5080553096978,0.43002043793671774,1894.5349949512645
ONMS_CI01_671129631_20230207_163031_20230207_201236_16k.flac,368105370,2023-02-07 20:48:10,34.047555560658644,-120.10015056954808,283.5661922582517,0.43328978501616117,1880.7781136994179
ONMS_CI01_671129631_20230110_163436_20230110_211853_16k.flac,369140000,2023-01-10 21:18:40,34.04653,-120.09757,281.633795071147,0.5044769948096935,1623.4102581318296
ONMS_CI01_671129631_20230110_163436_20230110_211853_16k.flac,369140000,2023-01-10 21:18:45,34.046602065362,-120.09766447866348,281.84677368161755,0.5012463863225978,1633.5764955376599
ONMS_CI01_671129631_20230110_163436_20230110_211853_16k.flac,369140000,2023-01-10 21:18:50,34.04667413065056,-120.09775895748679,282.05711475597604,0.49804821925135767,1643.7650285745017
ONMS_CI01_671129631_20230121_163258_20230121_192550_16k.flac,338395327,2023-01-21 19:25:50,34.0265,-120.08804,200.5498511086654,0.4014920209929262,2023.3356203169224
ONMS_CI01_671129631_20230121_163258_20230121_192550_16k.flac,338395327,2023-01-21 19:25:55,34.026483569566956,-120.08801656569946,200.47438310645603,0.40129526162185436,2024.2843723446879
ONMS_CI01_671129631_20230121_163258_20230121_192550_16k.flac,338395327,2023-01-21 19:26:00,34.0264671391294,-120.08799313140797,200.39898594688103,0.4010979561374784,2025.236632900701
ONMS_CI01_671129631_20230207_163031_20230207_210011_16k.flac,368105370,2023-02-07 20:59:00,34.04945,-120.08277,341.05963068474404,1.2035725903876988,688.5456620098548
ONMS_CI01_671129631_20230207_163031_20230207_210011_16k.flac,368105370,2023-02-07 20:59:05,34.04945586658164,-120.0826085738016,342.257745004837,1.2107706572100516,684.4735484520695
ONMS_CI01_671129631_20230207_163031_20230207_210011_16k.flac,368105370,2023-02-07 20:59:10,34.04946173295131,-120.08244714758094,343.46966958911503,1.2175102675502991,680.704115673972
ONMS_CI01_671129631_20230121_163258_20230121_185957_16k.flac,338395327,2023-01-21 18:58:47,34.031,-120.09054,213.99641906381626,0.48603558485634296,1683.1041980545222
ONMS_CI01_671129631_20230121_163258_20230121_185957_16k.flac,338395327,2023-01-21 18:58:52,34.03102812890395,-120.09056906021152,214.13163997371876,0.48635803706004044,1682.0222970957225
ONMS_CI01_671129631_20230121_163258_20230121_185957_16k.flac,338395327,2023-01-21 18:58:57,34.031056257800905,-120.09059812044222,214.26703420527696,0.4866780978036198,1680.9497761099938
ONMS_CI01_671129631_20230110_163436_20230110_223005_16k.flac,369140000,2023-01-10 22:29:20,34.0497,-120.1012,289.4294244751522,0.3978095129348248,2041.4003796401005
ONMS_CI01_671129631_20230110_163436_20230110_223005_16k.flac,369140000,2023-01-10 22:29:25,34.04973718071455,-120.10107100721531,289.6507995412052,0.39982606498996076,2031.5543376164796
ONMS_CI01_671129631_20230110_163436_20230110_223005_16k.flac,369140000,2023-01-10 22:29:30,34.04977436129352,-120.10094201431802,289.8743276061203,0.40185546674056016,2021.7389193786717
ONMS_CI01_671129631_20230110_163436_20230110_183809_16k.flac,369140000,2023-01-10 18:37:10,34.05994,-120.09097,331.61950738491885,0.39347976248631095,2062.7160771690433
ONMS_CI01_671129631_20230110_163436_20230110_183809_16k.flac,369140000,2023-01-10 18:37:15,34.06000143488389,-120.09085847783793,331.96091566275516,0.3932525234618688,2063.8531443472184
ONMS_CI01_671129631_20230110_163436_20230110_183809_16k.flac,369140000,2023-01-10 18:37:20,34.06006286966597,-120.09074695551492,332.30193584298183,0.39301094077150217,2065.0634050718168
ONMS_CI01_671129631_20230110_163436_20230110_223311_16k.flac,369140000,2023-01-10 22:32:50,34.05209,-120.09621,302.81037977282074,0.46900275295669347,1742.334015979115
ONMS_CI01_671129631_20230110_163436_20230110_223311_16k.flac,369140000,2023-01-10 22:32:55,34.05215229760597,-120.09609251767856,303.1958164344087,0.4704909096446423,1736.9995849773888
ONMS_CI01_671129631_20230110_163436_20230110_223311_16k.flac,369140000,2023-01-10 22:33:00,34.05221459509903,-120.09597503518525,303.5836102776528,0.4719658218008298,1731.7442386830603
ONMS_CI01_671129631_20230207_163031_20230207_164345_16k.flac,368105370,2023-02-07 20:48:00,34.04758,-120.10045,283.45075668688827,0.42679689103965474,1908.2938043863346
ONMS_CI01_671129631_20230207_163031_20230207_164345_16k.flac,368105370,2023-02-07 20:48:05,34.0475677804205,-120.10030028475256,283.5080553096978,0.43002043793671774,1894.5349949512645
ONMS_CI01_671129631_20230207_163031_20230207_164345_16k.flac,368105370,2023-02-07 20:48:10,34.047555560658644,-120.10015056954808,283.5661922582517,0.43328978501616117,1880.7781136994179
ONMS_CI01_671129631_20230121_163258_20230121_181953_16k.flac,338395327,2023-01-21 18:19:52,34.03414,-120.08785,213.48309390368144,0.6560773339485436,1255.5109668060065
ONMS_CI01_671129631_20230121_163258_20230121_181953_16k.flac,338395327,2023-01-21 18:19:57,34.03391873420383,-120.08815039936785,213.9090683138336,0.6375661296120899,1291.3186178401863
ONMS_CI01_671129631_20230121_163258_20230121_181953_16k.flac,338395327,2023-01-21 18:20:02,34.03369746766579,-120.08845079717592,214.31203224650736,0.6200130034215203,1327.1939081953062
ONMS_CI01_671129631_20230121_163258_20230121_194152_16k.flac,368105370,2023-01-21 19:41:57,34.05988,-120.09793,318.0896732097135,0.33099176385439344,2429.7784590196834
ONMS_CI01_671129631_20230121_163258_20230121_194152_16k.flac,368105370,2023-01-21 19:42:02,34.059878696745095,-120.09805815576462,317.8804743468218,0.32986085862100945,2437.5914462193177
ONMS_CI01_671129631_20230121_163258_20230121_194152_16k.flac,368105370,2023-01-21 19:42:07,34.05987739335656,-120.0981863115253,317.67261504858004,0.3287323256583649,2445.4367215823113
ONMS_CI01_671129631_20230121_163258_20230121_193438_16k.flac,368105370,2023-01-21 19:33:58,34.06051,-120.08517,346.6696085582285,0.4217686734188784,1929.9936260177112
ONMS_CI01_671129631_20230121_163258_20230121_193438_16k.flac,368105370,2023-01-21 19:34:03,34.060507579874425,-120.08529813328747,346.32649684473824,0.4212003279044972,1932.4949414839746
ONMS_CI01_671129631_20230121_163258_20230121_193438_16k.flac,368105370,2023-01-21 19:34:08,34.06050515961528,-120.08542626656765,345.984284478074,0.42061777794183414,1935.065374370492
ONMS_CI01_671129631_20230207_163031_20230207_205045_16k.flac,368105370,2023-02-07 20:49:29,34.04761,-120.0981,285.2611699507797,0.4814021065840867,1698.8816681944684
ONMS_CI01_671129631_20230207_163031_20230207_205045_16k.flac,368105370,2023-02-07 20:49:34,34.04760814229426,-120.09795794165557,285.3716616496646,0.4851440091096637,1686.1763262764123
ONMS_CI01_671129631_20230207_163031_20230207_205045_16k.flac,368105370,2023-02-07 20:49:39,34.04760628442437,-120.09781588331731,285.4838308007192,0.4889399476683397,1673.4773568822466
ONMS_CI01_671129631_20230207_163031_20230207_210749_16k.flac,368105370,2023-02-07 21:07:01,34.05157,-120.06966,48.07597657777204,0.620288441665572,1326.629367329058
ONMS_CI01_671129631_20230207_163031_20230207_210749_16k.flac,368105370,2023-02-07 21:07:06,34.05158365988928,-120.06953009371388,48.37115351338183,0.6155796161061095,1336.5835908378244
ONMS_CI01_671129631_20230207_163031_20230207_210749_16k.flac,368105370,2023-02-07 21:07:11,34.05159731964125,-120.0694001873861,48.66195818575734,0.6109235808002733,1346.5727683625062
ONMS_CI01_671129631_20230121_163258_20230121_185026_16k.flac,338395327,2023-01-21 18:48:16,34.02703,-120.09051,207.07381988487413,0.39368379596872094,2061.691111180236
ONMS_CI01_671129631_20230121_163258_20230121_185026_16k.flac,338395327,2023-01-21 18:48:21,34.027054096352614,-120.09047611473372,207.03009485087682,0.3944456875548278,2057.8876646109366
ONMS_CI01_671129631_20230121_163258_20230121_185026_16k.flac,338395327,2023-01-21 18:48:26,34.0270781926958,-120.09044222944827,206.98620790754515,0.3952100950603247,2054.0854212630825
ONMS_CI01_671129631_20230110_163436_20230110_212050_16k.flac,369140000,2023-01-10 21:19:50,34.04743,-120.09873,284.12945752048074,0.4668630267795723,1750.0904695140364
ONMS_CI01_671129631_20230110_163436_20230110_212050_16k.flac,369140000,2023-01-10 21:19:55,34.047504191175776,-120.09882591367791,284.3188749671742,0.4639559272757029,1760.6957163926454
ONMS_CI01_671129631_20230110_163436_20230110_212050_16k.flac,369140000,2023-01-10 21:20:00,34.04757838227582,-120.09892182752289,284.5060220589818,0.4610779480629898,1771.319979030971
ONMS_CI01_671129631_20230110_163436_20230110_210044_16k.flac,369140000,2023-01-10 20:59:39,34.05676,-120.09924,309.97591358680097,0.3548165167041699,2275.8543803299503
ONMS_CI01_671129631_20230110_163436_20230110_210044_16k.flac,369140000,2023-01-10 20:59:44,34.056674437365054,-120.09913791464288,309.94500999503225,0.35702541594600096,2262.535236978589
ONMS_CI01_671129631_20230110_163436_20230110_210044_16k.flac,369140000,2023-01-10 20:59:49,34.05658887464414,-120.0990358294909,309.9137403949177,0.35925965425399653,2249.216762829915
ONMS_CI01_671129631_20230110_163436_20230110_212957_16k.flac,369140000,2023-01-10 21:20:59,34.04859,-120.1003,286.7932810163905,0.42314040559388993,1924.1344185031921
ONMS_CI01_671129631_20230110_163436_20230110_212957_16k.flac,369140000,2023-01-10 21:21:04,34.04866573604414,-120.10040176191994,286.9510678385377,0.42053961536118506,1935.5627513965794
ONMS_CI01_671129631_20230110_163436_20230110_212957_16k.flac,369140000,2023-01-10 21:21:09,34.048741472003115,-120.10050352402084,287.1070010551018,0.4179655093042899,1947.0055941034263
ONMS_CI01_671129631_20230121_163258_20230121_193037_16k.flac,368105370,2023-01-21 19:29:29,34.06087,-120.07824,5.799496947805028,0.4222699521806333,1927.7856215155
ONMS_CI01_671129631_20230121_163258_20230121_193037_16k.flac,368105370,2023-01-21 19:29:34,34.06087586595455,-120.07837913336382,5.417607876084899,0.42240860757113746,1927.177612735505
ONMS_CI01_671129631_20230121_163258_20230121_193037_16k.flac,368105370,2023-01-21 19:29:39,34.0608817317516,-120.07851826674684,5.035494736667907,0.42252779250948824,1926.6552661423955
ONMS_CI01_671129631_20230121_163258_20230121_184944_16k.flac,338395327,2023-01-21 18:48:16,34.02703,-120.09051,207.07381988487413,0.39368379596872094,2061.691111180236
ONMS_CI01_671129631_20230121_163258_20230121_184944_16k.flac,338395327,2023-01-21 18:48:21,34.027054096352614,-120.09047611473372,207.03009485087682,0.3944456875548278,2057.8876646109366
ONMS_CI01_671129631_20230121_163258_20230121_184944_16k.flac,338395327,2023-01-21 18:48:26,34.0270781926958,-120.09044222944827,206.98620790754515,0.3952100950603247,2054.0854212630825
ONMS_CI01_671129631_20230110_163436_20230110_182957_16k.flac,369140000,2023-01-10 18:29:31,34.05423,-120.10136,301.34598225548973,0.3555713083728414,2271.3264734145087
ONMS_CI01_671129631_20230110_163436_20230110_182957_16k.flac,369140000,2023-01-10 18:29:36,34.05429173203882,-120.10125208649309,301.62483173961743,0.3563876231523784,2266.4042692622315
ONMS_CI01_671129631_20230110_163436_20230110_182957_16k.flac,369140000,2023-01-10 18:29:41,34.054353463982295,-120.10114417282975,301.9048884599067,0.3571983950401714,2261.5359786587264
ONMS_CI01_671129631_20230110_163436_20230110_223407_16k.flac,369140000,2023-01-10 22:33:59,34.05293,-120.09449,308.46700405919523,0.4907504825527127,1667.4505467034567
ONMS_CI01_671129631_20230110_163436_20230110_223407_16k.flac,369140000,2023-01-10 22:34:04,34.05298585727309,-120.09436793147395,308.87580102831464,0.4922496629177006,1662.5214065564437
ONMS_CI01_671129631_20230110_163436_20230110_223407_16k.flac,369140000,2023-01-10 22:34:09,34.05304171442445,-120.0942458627878,309.28700836274766,0.49373150648595737,1657.6773943777573
ONMS_CI01_671129631_20230121_163258_20230121_192221_16k.flac,368105370,2023-01-21 19:21:58,34.06128,-120.06656,32.95903494504658,0.344494965425407,2340.0767460933844
ONMS_CI01_671129631_20230121_163258_20230121_192221_16k.flac,368105370,2023-01-21 19:22:03,34.06128069606601,-120.06667980577431,32.73021839826582,0.3454242385712313,2334.141788519366
ONMS_CI01_671129631_20230121_163258_20230121_192221_16k.flac,368105370,2023-01-21 19:22:08,34.061281392015246,-120.06679961155059,32.50023891904065,0.3463522118543513,2328.2442464245855
ONMS_CI01_671129631_20230121_163258_20230121_184714_16k.flac,338395327,2023-01-21 18:46:45,34.02662,-120.09115,207.933276016619,0.38058047580447485,2129.322742672689
ONMS_CI01_671129631_20230121_163258_20230121_184714_16k.flac,338395327,2023-01-21 18:46:50,34.026634163503545,-120.0910882422999,207.81724982718384,0.38134310703919233,2125.26777911532
ONMS_CI01_671129631_20230121_163258_20230121_184714_16k.flac,338395327,2023-01-21 18:46:55,34.02664832697604,-120.09102648457929,207.700780499664,0.38210693004252494,2121.2215640730606
ONMS_CI01_671129631_20230120_163308_20230120_191020_16k.flac,338395327,2023-01-20 19:09:43,34.03393,-120.09419,230.0560588490241,0.49084676492276835,1667.1302608259132
ONMS_CI01_671129631_20230120_163308_20230120_191020_16k.flac,338395327,2023-01-20 19:09:48,34.03393087413961,-120.09413987461879,229.95623643481176,0.4919438346614349,1663.5221496788156
ONMS_CI01_671129631_20230120_163308_20230120_191020_16k.flac,338395327,2023-01-20 19:09:53,34.03393174825879,-120.09408974923656,229.85598033076124,0.4930440516495319,1659.9191100808612
ONMS_CI01_671129631_20230110_163436_20230110_175323_16k.flac,369140000,2023-01-10 17:52:50,34.05489,-120.08424,344.0249291519527,0.6307414698228232,1305.0230755934103
ONMS_CI01_671129631_20230110_163436_20230110_175323_16k.flac,369140000,2023-01-10 17:52:55,34.05481468331818,-120.08443142937391,343.17594167346516,0.6322338418718421,1301.9993570819665
ONMS_CI01_671129631_20230110_163436_20230110_175323_16k.flac,369140000,2023-01-10 17:53:00,34.05473936633732,-120.08462285840922,342.3231894462601,0.6335904634620352,1299.2627674555847
ONMS_CI01_671129631_20230110_163436_20230110_210935_16k.flac,369140000,2023-01-10 21:09:23,34.04668,-120.08811,295.6385740227614,1.0416425197733896,794.8963391961393
ONMS_CI01_671129631_20230110_163436_20230110_210935_16k.flac,369140000,2023-01-10 21:09:28,34.04659699158445,-120.0880993430249,295.06732875639216,1.0480555237741782,790.0658449283134
ONMS_CI01_671129631_20230110_163436_20230110_210935_16k.flac,369140000,2023-01-10 21:09:33,34.04651398316686,-120.08808868607056,294.48911121420264,1.0544397172857707,785.3148305565416
ONMS_CI01_671129631_20230120_163308_20230120_195146_16k.flac,338395327,2023-01-20 19:51:10,34.02695,-120.09911,223.20822985013504,0.316909365138887,2530.655028449501
ONMS_CI01_671129631_20230120_163308_20230120_195146_16k.flac,338395327,2023-01-20 19:51:15,34.02696959044135,-120.09915739874594,223.31410092588192,0.3167194113221003,2532.0717022480117
ONMS_CI01_671129631_20230120_163308_20230120_195146_16k.flac,338395327,2023-01-20 19:51:20,34.02698918086435,-120.09920479751368,223.41985323532126,0.31652850634272484,2533.497011509411
ONMS_CI01_671129631_20230121_103301_20230121_112137_16k.flac,338395327,2023-01-21 18:14:49,34.04015,-120.06393,104.08189023641178,0.5244292500898673,1563.2859654520241
ONMS_CI01_671129631_20230121_103301_20230121_112137_16k.flac,338395327,2023-01-21 18:14:54,34.04005318380231,-120.06432261414434,104.80213817668336,0.5358319965947222,1530.85931722842
ONMS_CI01_671129631_20230121_103301_20230121_112137_16k.flac,338395327,2023-01-21 18:14:59,34.03995636634939,-120.06471522739649,105.55343703258225,0.5476274746763835,1498.685064071061
ONMS_CI01_671129631_20230120_163308_20230120_192037_16k.flac,338395327,2023-01-20 19:20:15,34.03141,-120.08933,211.564501313186,0.5172451508092044,1584.3554423304863
ONMS_CI01_671129631_20230120_163308_20230120_192037_16k.flac,338395327,2023-01-20 19:20:20,34.03136105930298,-120.08931269925999,211.41287429044448,0.5159749466740554,1588.1503463623278
ONMS_CI01_671129631_20230120_163308_20230120_192037_16k.flac,338395327,2023-01-20 19:20:25,34.031312118603125,-120.08929539853986,211.26197128059684,0.5147070384275239,1591.9563195803403
ONMS_CI01_671129631_20230120_163308_20230120_181308_16k.flac,338395327,2023-01-20 18:13:26,34.03313,-120.09902,236.0907179455272,0.39055948472664226,2077.5377103624287
ONMS_CI01_671129631_20230120_163308_20230120_181308_16k.flac,338395327,2023-01-20 18:13:31,34.03310046129116,-120.09898073373655,235.95985007446757,0.3907910229722007,2076.3624645734244
ONMS_CI01_671129631_20230120_163308_20230120_181308_16k.flac,338395327,2023-01-20 18:13:36,34.03307092256964,-120.09894146750032,235.82883465114713,0.3910206766160964,2075.1980629077284
ONMS_CI01_671129631_20230110_223434_20230110_223800_16k.flac,369140000,2023-01-10 22:37:29,34.05527,-120.08942,327.1469185336306,0.5312484453113061,1543.6745115104434
ONMS_CI01_671129631_20230110_223434_20230110_223800_16k.flac,369140000,2023-01-10 22:37:34,34.05532054128675,-120.08929154005182,327.6301437562787,0.5318388080603993,1542.003940003198
ONMS_CI01_671129631_20230110_223434_20230110_223800_16k.flac,369140000,2023-01-10 22:37:39,34.05537108243884,-120.08916307995116,328.11438270670686,0.5323914592793708,1540.4432753060587
ONMS_CI01_671129631_20230110_163436_20230110_223105_16k.flac,369140000,2023-01-10 22:30:29,34.05035,-120.09951,293.00548317572105,0.42363736491572074,1921.9536357440604
ONMS_CI01_671129631_20230110_163436_20230110_223105_16k.flac,369140000,2023-01-10 22:30:34,34.05040211489911,-120.09938869597528,293.2957746667359,0.4254862298975099,1913.9265995415467
ONMS_CI01_671129631_20230110_163436_20230110_223105_16k.flac,369140000,2023-01-10 22:30:39,34.05045422967807,-120.09926739180214,293.58850393884813,0.42733881170023563,1905.9491057364037
ONMS_CI01_671129631_20230120_163308_20230120_183947_16k.flac,338395327,2023-01-20 18:39:36,34.0272,-120.09335,213.4578145419486,0.3716894151537161,2177.752115534934
ONMS_CI01_671129631_20230120_163308_20230120_183947_16k.flac,338395327,2023-01-20 18:39:41,34.027215139028186,-120.09338761263758,213.55840033428456,0.3715966135396634,2178.2691220924753
ONMS_CI01_671129631_20230120_163308_20230120_183947_16k.flac,338395327,2023-01-20 18:39:46,34.02723027804484,-120.09342522528853,213.65893807859064,0.3715026504273493,2178.7928385089663
ONMS_CI01_671129631_20230110_163436_20230110_210915_16k.flac,369140000,2023-01-10 21:08:19,34.04782,-120.08864,301.5697613122725,0.9206265488343495,898.5167241677293
ONMS_CI01_671129631_20230110_163436_20230110_210915_16k.flac,369140000,2023-01-10 21:08:24,34.047734927343136,-120.08854130565939,301.35821739854623,0.9339380293089987,885.8202554179129
ONMS_CI01_671129631_20230110_163436_20230110_210915_16k.flac,369140000,2023-01-10 21:08:29,34.04764985460586,-120.0884426115159,301.14052259070746,0.9476213877763869,873.1362586459463
ONMS_CI01_671129631_20230121_163258_20230121_194329_16k.flac,368105370,2023-01-21 19:43:29,34.0598,-120.10046,314.10368501305004,0.3097043935244353,2585.475519714115
ONMS_CI01_671129631_20230121_163258_20230121_194329_16k.flac,368105370,2023-01-21 19:43:34,34.059798033016214,-120.1006104362484,313.8868801569359,0.30844184407159486,2595.3169374035406
ONMS_CI01_671129631_20230121_163258_20230121_194329_16k.flac,368105370,2023-01-21 19:43:39,34.03232041054612,-120.08328644921984,192.2503524628366,0.6442593256645286,1278.1265049100616
ONMS_CI01_671129631_20230121_163258_20230121_182403_16k.flac,338395327,2023-01-21 18:22:24,34.02849,-120.09304,214.99988178483852,0.3973937670266582,2043.324930437285
ONMS_CI01_671129631_20230121_163258_20230121_182403_16k.flac,338395327,2023-01-21 18:22:29,34.02843815771539,-120.0930769707329,214.98589005461804,0.39604102843601596,2049.993826462404
ONMS_CI01_671129631_20230121_163258_20230121_182403_16k.flac,338395327,2023-01-21 18:22:34,34.028386315419226,-120.09311394142082,214.97198906838398,0.3946968435154283,2056.6628450226135
ONMS_CI01_671129631_20230113_163412_20230113_202327_16k.flac,338176382,2023-01-13 20:22:47,34.05441,-120.0808,358.0192293128889,0.6857111300480893,1202.1034253866817
ONMS_CI01_671129631_20230113_163412_20230113_202327_16k.flac,338176382,2023-01-13 20:22:52,34.05441284087628,-120.08058271693827,358.9756165115546,0.6858334445595661,1201.8923443198594
ONMS_CI01_671129631_20230113_163412_20230113_202327_16k.flac,338176382,2023-01-13 20:22:57,34.05441568136852,-120.08036543386204,359.93207316238914,0.6857616734825918,1202.0161566300494
ONMS_CI01_671129631_20230121_163258_20230121_183115_16k.flac,338395327,2023-01-21 18:30:08,34.02728,-120.09656,219.62692103903862,0.3433679022134351,2347.347640123896
ONMS_CI01_671129631_20230121_163258_20230121_183115_16k.flac,338395327,2023-01-21 18:30:13,34.02723838186096,-120.09660437898863,219.6321193232072,0.34241234588659547,2353.5171594690064
ONMS_CI01_671129631_20230121_163258_20230121_183115_16k.flac,338395327,2023-01-21 18:30:18,34.027196763705604,-120.09664875793393,219.63729042394758,0.34146163814348185,2359.6866986982823
ONMS_CI01_671129631_20230121_163258_20230121_183714_16k.flac,338395327,2023-01-21 18:36:41,34.02694,-120.09572,217.56416539760687,0.34632549655552586,2328.438899129858
ONMS_CI01_671129631_20230121_163258_20230121_183714_16k.flac,338395327,2023-01-21 18:36:46,34.02693585431611,-120.09567011561268,217.46729197793366,0.34671073160125276,2325.9986558088576
ONMS_CI01_671129631_20230121_163258_20230121_183714_16k.flac,338395327,2023-01-21 18:36:51,34.026931708611976,-120.09562023123021,217.3702153521973,0.347095697652087,2323.565075547699
