MMSI,BaseDateTime,LAT,LON,SOG,COG,Heading,VesselName,IMO,CallSign,VesselType,Status,Length,Width,Draft,Cargo,TransceiverClass
636018613,2020-01-13T21:53:40,30.48626,-79.98318,15.6,345.2,334.0,,,,,0,,,,,A
636018613,2020-01-13T21:56:40,30.49885,-79.98705,15.6,344.7,334.0,,,,,0,,,,,A
636018613,2020-01-13T21:59:38,30.51127,-79.99099,15.6,344.3,334.0,,,,,0,,,,,A
431651000,2020-01-26T13:29:43,30.51051,-79.99251,13.7,270.7,261.0,,,,,0,,,,,A
431651000,2020-01-26T13:31:43,30.51062,-80.00138,13.7,270.2,260.0,,,,,0,,,,,A
431651000,2020-01-26T13:32:44,30.51064,-80.00588,13.6,270.3,260.0,,,,,0,,,,,A
431651000,2020-01-26T13:33:54,30.51067,-80.01097,13.6,271.0,260.0,,,,,0,,,,,A
431651000,2020-01-26T13:35:04,30.51071,-80.01617,13.7,270.0,260.0,,,,,0,,,,,A
431651000,2020-01-26T13:36:24,30.51073,-80.02204,13.7,270.1,260.0,,,,,0,,,,,A
636019198,2020-02-18T07:05:58,30.48025,-80.02300,10.3,161.8,170.0,,,,,0,,,,,A
636019198,2020-02-18T07:07:08,30.47704,-80.02181,10.2,162.3,170.0,,,,,0,,,,,A
257484000,2020-03-03T15:24:55,30.48330,-80.02312,7.5,161.5,169.0,,,,,0,,,,,A
257484000,2020-03-03T15:26:35,30.48003,-80.02184,7.5,161.7,169.0,,,,,0,,,,,A
636018470,2020-03-27T13:35:00,30.51211,-79.98201,9.1,173.8,179.0,,,,,0,,,,,A
367493000,2020-05-06T12:02:39,30.51138,-79.99314,8.3,186.5,511.0,,,,,0,,,,,A
367493000,2020-05-06T12:03:58,30.50838,-79.99351,8.3,186.1,511.0,,,,,0,,,,,A
367493000,2020-05-06T12:05:09,30.50563,-79.99384,8.3,187.1,511.0,,,,,0,,,,,A
367493000,2020-05-06T12:06:29,30.50261,-79.99421,8.3,185.6,511.0,,,,,0,,,,,A
367493000,2020-05-06T12:07:38,30.49995,-79.99454,8.3,187.1,511.0,,,,,0,,,,,A
367493000,2020-05-06T12:08:49,30.49729,-79.99490,8.2,187.9,511.0,,,,,0,,,,,A
367493000,2020-05-06T12:09:58,30.49460,-79.99521,8.3,186.2,511.0,,,,,0,,,,,A
367493000,2020-05-06T12:11:07,30.49194,-79.99555,8.4,186.6,511.0,,,,,0,,,,,A
367493000,2020-05-06T12:12:08,30.48959,-79.99586,8.3,187.3,511.0,,,,,0,,,,,A
367493000,2020-05-06T12:13:18,30.48694,-79.99623,8.3,187.3,511.0,,,,,0,,,,,A
367493000,2020-05-06T12:14:29,30.48420,-79.99659,8.4,186.8,511.0,,,,,0,,,,,A
367493000,2020-05-06T12:15:39,30.48151,-79.99696,8.4,187.6,511.0,,,,,0,,,,,A
367493000,2020-05-06T12:16:48,30.47886,-79.99741,8.3,188.1,511.0,,,,,0,,,,,A
257486000,2020-05-22T21:07:22,30.47913,-80.01667,13.0,341.4,330.0,,,,,0,,,,,A
257486000,2020-05-22T21:08:32,30.48325,-80.01818,13.2,342.5,328.0,,,,,0,,,,,A
257486000,2020-05-22T21:09:42,30.48736,-80.01974,13.3,344.4,328.0,,,,,0,,,,,A
257486000,2020-05-22T21:10:43,30.49088,-80.02116,13.3,340.0,330.0,,,,,0,,,,,A
257486000,2020-05-22T21:11:51,30.49490,-80.02265,13.3,342.3,329.0,,,,,0,,,,,A
232019955,2020-05-24T03:37:23,30.48491,-79.98691,8.3,348.5,0.0,ULTIMA,,MENK8,36,,17,5,,,B
311000779,2020-06-08T07:22:51,30.51205,-79.98173,10.0,266.3,247.0,,,,,0,,,,,A
311000779,2020-06-08T07:24:01,30.51163,-79.98542,9.8,259.7,248.0,,,,,0,,,,,A
311000779,2020-06-08T07:25:09,30.51134,-79.98909,10.1,264.7,250.0,,,,,0,,,,,A
311000779,2020-06-08T07:26:20,30.51108,-79.99300,10.3,265.0,250.0,,,,,0,,,,,A
311000779,2020-06-08T07:27:30,30.51079,-79.99688,10.4,264.4,251.0,,,,,0,,,,,A
311000779,2020-06-08T07:28:41,30.51052,-80.00087,10.6,265.4,255.0,,,,,0,,,,,A
311000779,2020-06-08T07:29:50,30.51047,-80.00486,10.9,269.6,255.0,,,,,0,,,,,A
311000779,2020-06-08T07:31:09,30.51039,-80.00953,11.0,270.8,258.0,,,,,0,,,,,A
311000779,2020-06-08T07:32:31,30.51040,-80.01432,11.1,269.0,255.0,,,,,0,,,,,A
311000779,2020-06-08T07:33:39,30.51026,-80.01831,10.9,264.8,256.0,,,,,0,,,,,A
311000779,2020-06-08T07:34:50,30.51019,-80.02250,10.9,268.6,254.0,,,,,0,,,,,A
338408000,2020-07-12T09:11:01,30.51167,-79.99367,16.3,186.5,189.0,MAERSK CHICAGO,IMO9332975,WMCS,70,0,299,40,14.5,71,A
338408000,2020-07-12T09:12:07,30.50667,-79.99433,16.2,186.6,190.0,MAERSK CHICAGO,IMO9332975,WMCS,70,0,299,40,14.5,71,A
338408000,2020-07-12T09:13:18,30.50133,-79.99500,16.2,186.6,190.0,MAERSK CHICAGO,IMO9332975,WMCS,70,0,299,40,14.5,71,A
338408000,2020-07-12T09:14:19,30.49683,-79.99567,16.2,186.9,190.0,MAERSK CHICAGO,IMO9332975,WMCS,70,0,299,40,14.5,71,A
338408000,2020-07-12T09:15:24,30.49183,-79.99638,16.1,187.4,190.0,MAERSK CHICAGO,IMO9332975,WMCS,70,0,299,40,14.5,71,A
338408000,2020-07-12T09:16:31,30.48683,-79.99717,16.2,187.3,189.0,MAERSK CHICAGO,IMO9332975,WMCS,70,0,299,40,14.5,71,A
338408000,2020-07-12T09:17:37,30.48200,-79.99783,16.2,186.5,189.0,MAERSK CHICAGO,IMO9332975,WMCS,70,0,299,40,14.5,71,A
355870000,2020-07-21T12:45:45,30.49628,-79.98233,10.3,268.6,253.0,,,,,0,,,,,A
355870000,2020-07-21T12:46:56,30.49621,-79.98621,10.1,268.1,252.0,,,,,0,,,,,A
355870000,2020-07-21T12:48:06,30.49611,-79.99004,10.0,267.9,253.0,,,,,0,,,,,A
355870000,2020-07-21T12:49:26,30.49598,-79.99426,9.9,267.8,253.0,,,,,0,,,,,A
355870000,2020-07-21T12:50:36,30.49588,-79.99787,9.4,268.6,253.0,,,,,0,,,,,A
355870000,2020-07-21T12:51:47,30.49580,-80.00135,8.9,269.3,253.0,,,,,0,,,,,A
355870000,2020-07-21T12:52:55,30.49579,-80.00453,8.5,269.7,252.0,,,,,0,,,,,A
355870000,2020-07-21T12:54:06,30.49572,-80.00762,7.8,267.8,252.0,,,,,0,,,,,A
355870000,2020-07-21T12:55:15,30.49569,-80.01041,7.4,269.3,253.0,,,,,0,,,,,A
355870000,2020-07-21T12:56:16,30.49571,-80.01269,7.0,271.1,253.0,,,,,0,,,,,A
355870000,2020-07-21T12:57:27,30.49582,-80.01525,6.5,272.6,251.0,,,,,0,,,,,A
355870000,2020-07-21T12:58:57,30.49590,-80.01820,5.8,272.7,252.0,,,,,0,,,,,A
355870000,2020-07-21T13:00:05,30.49603,-80.02027,5.4,273.5,250.0,,,,,0,,,,,A
355870000,2020-07-21T13:01:06,30.49614,-80.02195,5.1,273.6,251.0,,,,,0,,,,,A
311000779,2020-08-04T14:14:16,30.51213,-79.99676,8.4,261.8,249.0,,,,,0,,,,,A
311000779,2020-08-04T14:16:35,30.51213,-80.00334,8.3,259.7,247.0,,,,,0,,,,,A
311000779,2020-08-04T14:20:55,30.51180,-80.01538,9.3,278.9,252.0,,,,,0,,,,,A
311000779,2020-08-04T14:23:05,30.51185,-80.02144,8.6,270.1,249.0,,,,,0,,,,,A
257482000,2020-08-04T19:50:05,30.48759,-79.98276,11.1,340.5,321.0,,,,,0,,,,,A
257482000,2020-08-04T19:51:35,30.49197,-79.98458,11.1,340.1,321.0,,,,,0,,,,,A
257482000,2020-08-04T19:53:06,30.49634,-79.98643,11.1,339.8,321.0,,,,,0,,,,,A
257482000,2020-08-04T19:55:06,30.50215,-79.98890,11.2,339.2,320.0,,,,,0,,,,,A
257482000,2020-08-04T19:56:25,30.50596,-79.99061,11.1,338.0,321.0,,,,,0,,,,,A
257482000,2020-08-04T19:57:55,30.51030,-79.99252,11.2,339.4,320.0,,,,,0,,,,,A
257482000,2020-08-07T11:48:02,30.51220,-79.98695,9.0,158.0,168.0,,,,,0,,,,,A
257482000,2020-08-07T11:50:42,30.50604,-79.98399,8.9,158.2,168.0,,,,,0,,,,,A
257482000,2020-08-07T11:52:51,30.50108,-79.98158,8.9,156.8,167.0,,,,,0,,,,,A
248917000,2020-09-09T02:55:21,30.50966,-80.00899,15.3,137.5,148.0,,,,,0,,,,,A
248917000,2020-09-09T02:56:27,30.50615,-80.00533,15.4,137.9,148.0,,,,,0,,,,,A
248917000,2020-09-09T02:57:33,30.50267,-80.00163,15.4,137.4,148.0,,,,,0,,,,,A
248917000,2020-09-09T02:58:39,30.49918,-79.99793,15.4,137.5,148.0,,,,,0,,,,,A
248917000,2020-09-09T02:59:45,30.49567,-79.99424,15.4,137.4,148.0,,,,,0,,,,,A
248917000,2020-09-09T03:00:09,30.49441,-79.99288,15.4,137.4,148.0,,,,,0,,,,,A
248917000,2020-09-09T03:01:15,30.49091,-79.98919,15.4,137.3,147.0,,,,,0,,,,,A
248917000,2020-09-09T03:02:21,30.48749,-79.98538,15.5,136.1,148.0,,,,,0,,,,,A
248917000,2020-09-09T03:03:27,30.48398,-79.98170,15.5,138.1,149.0,,,,,0,,,,,A
257484000,2020-09-16T10:08:58,30.47879,-80.02267,7.9,163.0,170.0,,,,,0,,,,,A
368060120,2020-10-19T00:28:58,30.49527,-79.99621,38.8,291.5,511.0,PLAYTIME,,,37,,28,7,,,B
368060120,2020-10-19T00:30:22,30.50099,-80.01183,36.9,293.1,511.0,PLAYTIME,,,37,,28,7,,,B
351400000,2020-12-01T14:23:28,30.49952,-80.01385,16.8,292.0,287.0,,,,,0,,,,,A
367370000,2020-08-18T21:03:27,30.48028,-80.00000,15.1,0.0,356.0,SGT WILLIAM R BUTTON,IMO8302466,NWRB,70,0,205,32,9.8,70,A
367370000,2020-08-18T21:04:33,30.48490,-80.00001,15.1,0.0,356.0,SGT WILLIAM R BUTTON,IMO8302466,NWRB,70,0,205,32,9.8,70,A
367370000,2020-08-18T21:05:39,30.48949,-80.00003,14.9,359.0,355.0,SGT WILLIAM R BUTTON,IMO8302466,NWRB,70,0,205,32,9.8,70,A
367370000,2020-08-18T21:06:45,30.49406,-80.00008,14.9,0.0,356.0,SGT WILLIAM R BUTTON,IMO8302466,NWRB,70,0,205,32,9.8,70,A
367370000,2020-08-18T21:08:03,30.49939,-80.00009,14.9,0.0,356.0,SGT WILLIAM R BUTTON,IMO8302466,NWRB,70,0,205,32,9.8,70,A
367370000,2020-08-18T21:09:27,30.50520,-80.00018,14.9,359.0,355.0,SGT WILLIAM R BUTTON,IMO8302466,NWRB,70,0,205,32,9.8,70,A
367370000,2020-08-18T21:10:39,30.51024,-80.00026,14.9,359.0,357.0,SGT WILLIAM R BUTTON,IMO8302466,NWRB,70,0,205,32,9.8,70,A
367370000,2020-08-19T02:04:45,30.48560,-79.98739,9.9,177.0,181.0,SGT WILLIAM R BUTTON,IMO8302466,NWRB,70,0,205,32,9.8,70,A
367453030,2020-05-02T06:25:25,30.47765,-79.99589,8.8,4.5,511.0,REED DANOS,IMO7721988,WDG9285,31,11,30,9,3.9,,A
367453030,2020-05-02T06:26:37,30.48041,-79.99559,8.3,5.4,511.0,REED DANOS,IMO7721988,WDG9285,31,11,30,9,3.9,,A
367453030,2020-05-02T06:28:17,30.48439,-79.99526,8.6,3.3,511.0,REED DANOS,IMO7721988,WDG9285,31,11,30,9,3.9,,A
367453030,2020-05-02T06:29:25,30.48704,-79.99503,8.6,2.8,511.0,REED DANOS,IMO7721988,WDG9285,31,11,30,9,3.9,,A
367453030,2020-05-02T06:30:26,30.48942,-79.99479,8.2,3.7,511.0,REED DANOS,IMO7721988,WDG9285,31,11,30,9,3.9,,A
367453030,2020-05-02T06:31:47,30.49256,-79.99436,8.3,6.3,511.0,REED DANOS,IMO7721988,WDG9285,31,11,30,9,3.9,,A
367453030,2020-05-02T06:32:57,30.49521,-79.99402,8.2,6.5,511.0,REED DANOS,IMO7721988,WDG9285,31,11,30,9,3.9,,A
367453030,2020-05-02T06:34:07,30.49796,-79.99367,8.3,2.2,511.0,REED DANOS,IMO7721988,WDG9285,31,11,30,9,3.9,,A
367453030,2020-05-02T06:35:17,30.50070,-79.99331,8.6,4.1,511.0,REED DANOS,IMO7721988,WDG9285,31,11,30,9,3.9,,A
367453030,2020-05-02T06:36:26,30.50341,-79.99299,8.6,8.4,511.0,REED DANOS,IMO7721988,WDG9285,31,11,30,9,3.9,,A
367453030,2020-05-02T06:37:47,30.50660,-79.99262,8.7,4.1,511.0,REED DANOS,IMO7721988,WDG9285,31,11,30,9,3.9,,A
367453030,2020-05-02T06:39:06,30.50963,-79.99227,8.9,7.7,511.0,REED DANOS,IMO7721988,WDG9285,31,11,30,9,3.9,,A
566184000,2020-02-26T07:36:53,30.51119,-79.98210,10.2,291.2,275.0,MANON,IMO9179725,9V9244,70,0,227,32,11.0,,A
566184000,2020-02-26T07:38:01,30.51250,-79.98570,10.6,293.1,278.0,MANON,IMO9179725,9V9244,70,0,227,32,11.0,,A
565503000,2020-04-05T02:30:06,30.50983,-79.98438,17.4,297.4,293.0,CENTAURUS LEADER,IMO9284740,9V2891,70,0,199,32,10.3,,A
311109000,2020-04-04T08:24:15,30.50383,-79.98802,11.7,268.1,260.0,NORWEGIAN SUN,IMO9218131,C6RN3,60,0,258,32,8.0,,A
311109000,2020-04-04T08:25:23,30.50368,-79.99227,11.7,268.0,260.0,NORWEGIAN SUN,IMO9218131,C6RN3,60,0,258,32,8.0,,A
311109000,2020-04-04T08:27:15,30.50350,-79.99932,11.8,267.6,260.0,NORWEGIAN SUN,IMO9218131,C6RN3,60,0,258,32,8.0,,A
311109000,2020-04-04T08:28:23,30.50332,-80.00358,11.7,267.0,260.0,NORWEGIAN SUN,IMO9218131,C6RN3,60,0,258,32,8.0,,A
311109000,2020-04-04T08:30:15,30.50312,-80.01065,11.8,268.0,261.0,NORWEGIAN SUN,IMO9218131,C6RN3,60,0,258,32,8.0,,A
311109000,2020-04-04T08:31:35,30.50298,-80.01570,11.8,267.5,260.0,NORWEGIAN SUN,IMO9218131,C6RN3,60,0,258,32,8.0,,A
311109000,2020-04-04T08:33:35,30.50263,-80.02325,11.8,265.9,260.0,NORWEGIAN SUN,IMO9218131,C6RN3,60,0,258,32,8.0,,A
311109000,2020-04-15T23:04:54,30.49773,-80.02315,6.8,90.6,110.0,NORWEGIAN SUN,IMO9218131,C6RN3,60,0,258,32,8.0,,A
311109000,2020-04-15T23:06:04,30.49773,-80.02055,6.9,89.9,110.0,NORWEGIAN SUN,IMO9218131,C6RN3,60,0,258,32,8.0,,A
311109000,2020-04-15T23:07:13,30.49773,-80.01805,6.8,90.0,110.0,NORWEGIAN SUN,IMO9218131,C6RN3,60,0,258,32,8.0,,A
311109000,2020-04-15T23:08:24,30.49775,-80.01543,6.9,88.8,109.0,NORWEGIAN SUN,IMO9218131,C6RN3,60,0,258,32,8.0,,A
311109000,2020-04-15T23:09:33,30.49778,-80.01292,6.9,89.2,110.0,NORWEGIAN SUN,IMO9218131,C6RN3,60,0,258,32,8.0,,A
311109000,2020-04-15T23:10:43,30.49780,-80.01035,6.9,88.6,110.0,NORWEGIAN SUN,IMO9218131,C6RN3,60,0,258,32,8.0,,A
311109000,2020-04-15T23:11:53,30.49782,-80.00777,6.8,89.8,110.0,NORWEGIAN SUN,IMO9218131,C6RN3,60,0,258,32,8.0,,A
311109000,2020-04-15T23:13:03,30.49783,-80.00520,6.8,90.6,110.0,NORWEGIAN SUN,IMO9218131,C6RN3,60,0,258,32,8.0,,A
311109000,2020-04-15T23:14:14,30.49787,-80.00257,7.0,89.1,110.0,NORWEGIAN SUN,IMO9218131,C6RN3,60,0,258,32,8.0,,A
311109000,2020-04-15T23:15:43,30.49782,-79.99917,7.3,91.5,111.0,NORWEGIAN SUN,IMO9218131,C6RN3,60,0,258,32,8.0,,A
311109000,2020-04-15T23:16:54,30.49775,-79.99630,7.6,91.8,110.0,NORWEGIAN SUN,IMO9218131,C6RN3,60,0,258,32,8.0,,A
311109000,2020-04-15T23:18:03,30.49765,-79.99345,7.8,93.0,111.0,NORWEGIAN SUN,IMO9218131,C6RN3,60,0,258,32,8.0,,A
311109000,2020-04-15T23:19:14,30.49755,-79.99047,7.9,92.5,110.0,NORWEGIAN SUN,IMO9218131,C6RN3,60,0,258,32,8.0,,A
311109000,2020-04-15T23:21:13,30.49738,-79.98545,7.9,92.5,110.0,NORWEGIAN SUN,IMO9218131,C6RN3,60,0,258,32,8.0,,A
311109000,2020-04-15T23:22:24,30.49728,-79.98243,7.9,92.4,110.0,NORWEGIAN SUN,IMO9218131,C6RN3,60,0,258,32,8.0,,A
311109000,2020-04-16T17:54:44,30.49113,-80.01130,6.9,91.8,109.0,NORWEGIAN SUN,IMO9218131,C6RN3,60,0,258,32,8.0,,A
311109000,2020-04-16T17:59:14,30.49117,-80.00102,7.7,92.4,109.0,NORWEGIAN SUN,IMO9218131,C6RN3,60,0,258,32,8.0,,A
311109000,2020-04-16T18:00:53,30.49102,-79.99712,7.8,93.7,110.0,NORWEGIAN SUN,IMO9218131,C6RN3,60,0,258,32,8.0,,A
311109000,2020-04-16T18:04:53,30.49085,-79.98773,7.2,86.4,107.0,NORWEGIAN SUN,IMO9218131,C6RN3,60,0,258,32,8.0,,A
432716000,2020-01-30T12:39:34,30.50742,-79.99500,14.6,269.0,264.0,BISHU HIGHWAY,IMO9409340,7JFK,70,0,199,32,9.8,70,A
374971000,2020-07-10T20:48:22,30.51188,-79.98981,11.7,131.7,144.0,HILMA BULKER,IMO9747041,3EEF8,70,0,,,,,A
374971000,2020-07-10T20:50:22,30.50685,-79.98546,11.2,146.4,150.0,HILMA BULKER,IMO9747041,3EEF8,70,0,,,,,A
374971000,2020-07-10T20:51:41,30.50346,-79.98278,11.2,145.7,150.0,HILMA BULKER,IMO9747041,3EEF8,70,0,,,,,A
305140000,2020-11-03T10:42:22,30.48027,-79.98811,16.7,24.4,32.0,TUCANA J,IMO9355472,V2CX7,70,0,139,22,7.4,70,A
368135940,2020-04-26T06:13:42,30.48152,-79.99362,12.8,12.1,19.0,NEVER SIP,,,90,8,20,6,3.0,90,A
368135940,2020-04-26T06:14:44,30.48517,-79.99260,12.8,13.5,5.0,NEVER SIP,,,90,8,20,6,3.0,90,A
367606000,2020-03-04T09:45:05,30.50907,-80.01369,20.5,210.6,208.0,MAERSK IOWA,IMO9298686,KABL,70,0,292,32,13.5,,A
367606000,2020-03-04T09:46:11,30.50371,-80.01743,20.5,210.6,208.0,MAERSK IOWA,IMO9298686,KABL,70,0,292,32,13.5,,A
367606000,2020-03-04T09:47:30,30.49729,-80.02180,20.5,209.9,207.0,MAERSK IOWA,IMO9298686,KABL,70,0,292,32,13.5,,A
367606000,2020-05-12T18:49:13,30.49385,-79.99908,15.9,209.7,207.0,MAERSK IOWA,IMO9298686,KABL,70,0,292,32,13.5,,A
367606000,2020-05-12T18:50:37,30.48847,-80.00263,15.9,209.1,207.0,MAERSK IOWA,IMO9298686,KABL,70,0,292,32,13.5,,A
367606000,2020-05-12T18:51:43,30.48417,-80.00551,15.9,209.8,207.0,MAERSK IOWA,IMO9298686,KABL,70,0,292,32,13.5,,A
367606000,2020-06-16T13:51:39,30.51079,-79.99360,12.9,210.4,207.0,MAERSK IOWA,IMO9298686,KABL,70,0,292,32,13.5,,A
367606000,2020-06-16T13:52:48,30.50717,-79.99590,12.9,208.4,207.0,MAERSK IOWA,IMO9298686,KABL,70,0,292,32,13.5,,A
367606000,2020-06-16T13:53:58,30.50351,-79.99829,13.0,209.5,208.0,MAERSK IOWA,IMO9298686,KABL,70,0,292,32,13.5,,A
367606000,2020-06-16T13:55:09,30.49984,-80.00079,13.0,212.2,208.0,MAERSK IOWA,IMO9298686,KABL,70,0,292,32,13.5,,A
367606000,2020-06-16T13:56:18,30.49621,-80.00315,13.0,208.3,208.0,MAERSK IOWA,IMO9298686,KABL,70,0,292,32,13.5,,A
367606000,2020-06-16T13:57:29,30.49250,-80.00559,13.0,209.3,207.0,MAERSK IOWA,IMO9298686,KABL,70,0,292,32,13.5,,A
367606000,2020-06-16T13:58:39,30.48881,-80.00795,13.0,209.8,208.0,MAERSK IOWA,IMO9298686,KABL,70,0,292,32,13.5,,A
367606000,2020-06-16T14:00:18,30.48359,-80.01132,13.0,208.8,207.0,MAERSK IOWA,IMO9298686,KABL,70,0,292,32,13.5,,A
367606000,2020-06-16T14:00:39,30.48247,-80.01201,13.1,206.5,208.0,MAERSK IOWA,IMO9298686,KABL,70,0,292,32,13.5,,A
367606000,2020-06-16T14:01:48,30.47885,-80.01437,13.0,210.5,208.0,MAERSK IOWA,IMO9298686,KABL,70,0,292,32,13.5,,A
432716000,2020-03-22T15:11:25,30.49937,-79.98202,13.2,262.0,250.0,BISHU HIGHWAY,IMO9409340,7JFK,70,0,199,32,9.8,70,A
432716000,2020-03-22T15:12:45,30.49868,-79.98763,13.2,260.0,248.0,BISHU HIGHWAY,IMO9409340,7JFK,70,0,199,32,9.8,70,A
432716000,2020-03-22T15:13:56,30.49783,-79.99242,13.0,258.0,247.0,BISHU HIGHWAY,IMO9409340,7JFK,70,0,199,32,9.8,70,A
432716000,2020-03-22T15:15:06,30.49698,-79.99722,13.1,258.0,247.0,BISHU HIGHWAY,IMO9409340,7JFK,70,0,199,32,9.8,70,A
432716000,2020-03-22T15:16:16,30.49618,-80.00207,13.2,259.0,248.0,BISHU HIGHWAY,IMO9409340,7JFK,70,0,199,32,9.8,70,A
432716000,2020-03-22T15:17:27,30.49523,-80.00695,13.1,257.0,247.0,BISHU HIGHWAY,IMO9409340,7JFK,70,0,199,32,9.8,70,A
432716000,2020-03-22T15:18:37,30.49437,-80.01175,13.2,258.0,247.0,BISHU HIGHWAY,IMO9409340,7JFK,70,0,199,32,9.8,70,A
432716000,2020-03-22T15:19:55,30.49335,-80.01712,13.2,257.0,247.0,BISHU HIGHWAY,IMO9409340,7JFK,70,0,199,32,9.8,70,A
432716000,2020-03-22T15:21:07,30.49237,-80.02213,13.2,257.0,247.0,BISHU HIGHWAY,IMO9409340,7JFK,70,0,199,32,9.8,70,A
316022888,2020-03-25T05:57:14,30.51006,-79.98172,10.4,352.2,339.0,OCEAN TRAVERSE NORD,IMO9666534,CFN6217,90,0,71,12,4.5,33,A
566086000,2020-10-02T04:37:53,30.48936,-79.98241,12.6,333.0,313.0,SALOME,IMO9515412,9V9112,70,0,264,33,12.3,,A
566086000,2020-10-02T04:39:04,30.49282,-79.98477,11.9,326.6,305.0,SALOME,IMO9515412,9V9112,70,0,264,33,12.3,,A
566086000,2020-10-02T04:40:53,30.49716,-79.98894,10.7,315.2,289.0,SALOME,IMO9515412,9V9112,70,0,264,33,12.3,,A
566086000,2020-10-02T04:42:12,30.49963,-79.99218,9.9,309.3,282.0,SALOME,IMO9515412,9V9112,70,0,264,33,12.3,,A
566086000,2020-10-02T04:43:24,30.50164,-79.99516,10.0,308.1,283.0,SALOME,IMO9515412,9V9112,70,0,264,33,12.3,,A
566086000,2020-10-02T04:44:33,30.50366,-79.99813,10.0,307.2,283.0,SALOME,IMO9515412,9V9112,70,0,264,33,12.3,,A
566086000,2020-10-02T04:45:43,30.50559,-80.00117,10.2,305.7,281.0,SALOME,IMO9515412,9V9112,70,0,264,33,12.3,,A
566086000,2020-10-02T04:48:43,30.51030,-80.00951,10.4,301.8,279.0,SALOME,IMO9515412,9V9112,70,0,264,33,12.3,,A
566086000,2020-10-02T04:50:04,30.51236,-80.01333,10.5,301.8,280.0,SALOME,IMO9515412,9V9112,70,0,264,33,12.3,,A
255805961,2020-02-15T04:46:08,30.51018,-79.99467,7.9,176.8,179.0,MSC ALESSIA,IMO9225653,CQIH5,70,0,300,40,14.5,,A
255805961,2020-02-15T04:48:09,30.50574,-79.99443,7.9,180.5,180.0,MSC ALESSIA,IMO9225653,CQIH5,70,0,300,40,14.5,,A
255805961,2020-02-15T04:51:17,30.49893,-79.99407,7.9,176.5,178.0,MSC ALESSIA,IMO9225653,CQIH5,70,0,300,40,14.5,,A
255805961,2020-02-15T04:52:48,30.49561,-79.99387,7.9,175.8,178.0,MSC ALESSIA,IMO9225653,CQIH5,70,0,300,40,14.5,,A
255805961,2020-02-15T04:54:19,30.49228,-79.99366,8.0,176.9,179.0,MSC ALESSIA,IMO9225653,CQIH5,70,0,300,40,14.5,,A
255805961,2020-02-15T04:55:37,30.48936,-79.99354,7.9,178.0,179.0,MSC ALESSIA,IMO9225653,CQIH5,70,0,300,40,14.5,,A
255805961,2020-02-15T04:56:48,30.48677,-79.99340,8.0,179.0,179.0,MSC ALESSIA,IMO9225653,CQIH5,70,0,300,40,14.5,,A
255805961,2020-02-15T04:58:17,30.48348,-79.99328,7.9,177.3,178.0,MSC ALESSIA,IMO9225653,CQIH5,70,0,300,40,14.5,,A
255805961,2020-02-15T04:59:39,30.48051,-79.99315,7.9,178.7,178.0,MSC ALESSIA,IMO9225653,CQIH5,70,0,300,40,14.5,,A
255805961,2020-02-15T05:00:28,30.47873,-79.99307,7.9,177.3,178.0,MSC ALESSIA,IMO9225653,CQIH5,70,0,300,40,14.5,,A
338154611,2020-07-26T03:08:17,30.50693,-79.99359,33.6,293.3,511.0,KELLY ANNE,,,33,,5,2,,,B
338154611,2020-07-26T03:09:23,30.51088,-80.00430,33.0,292.8,511.0,KELLY ANNE,,,33,,5,2,,,B
338371719,2020-07-31T17:38:58,30.48517,-80.01485,37.1,2.3,511.0,SEASMOKE,,,37,,0,0,,,B
338371719,2020-07-31T17:40:03,30.49629,-80.01387,37.0,3.8,511.0,SEASMOKE,,,37,,0,0,,,B
338371719,2020-07-31T17:41:19,30.50927,-80.01248,36.8,5.1,511.0,SEASMOKE,,,37,,0,0,,,B
538004422,2020-08-12T23:25:01,30.51032,-79.98878,9.0,160.9,169.0,ATLANTIC GLORY,IMO9536844,V7WY4,70,0,179,28,10.1,,A
538004422,2020-08-12T23:26:11,30.50751,-79.98757,9.1,158.4,167.0,ATLANTIC GLORY,IMO9536844,V7WY4,70,0,179,28,10.1,,A
538004422,2020-08-12T23:27:21,30.50480,-79.98627,9.1,157.9,167.0,ATLANTIC GLORY,IMO9536844,V7WY4,70,0,179,28,10.1,,A
538004422,2020-08-12T23:28:32,30.50204,-79.98490,9.1,156.0,166.0,ATLANTIC GLORY,IMO9536844,V7WY4,70,0,179,28,10.1,,A
538004422,2020-08-12T23:29:40,30.49938,-79.98352,9.1,155.5,166.0,ATLANTIC GLORY,IMO9536844,V7WY4,70,0,179,28,10.1,,A
538004422,2020-08-12T23:30:51,30.49668,-79.98213,9.1,156.5,167.0,ATLANTIC GLORY,IMO9536844,V7WY4,70,0,179,28,10.1,,A
372884000,2020-07-30T11:37:45,30.48448,-79.98287,15.0,322.0,306.0,VOLANS LEADER,IMO9381237,3EKZ6,70,0,199,32,10.0,,A
372884000,2020-07-30T11:38:50,30.48793,-79.98615,14.7,319.0,302.0,VOLANS LEADER,IMO9381237,3EKZ6,70,0,199,32,10.0,,A
372884000,2020-07-30T11:39:56,30.49120,-79.98965,14.4,316.0,298.0,VOLANS LEADER,IMO9381237,3EKZ6,70,0,199,32,10.0,,A
372884000,2020-07-30T11:41:02,30.49432,-79.99333,14.2,313.0,296.0,VOLANS LEADER,IMO9381237,3EKZ6,70,0,199,32,10.0,,A
372884000,2020-07-30T11:42:08,30.49720,-79.99698,14.1,311.0,294.0,VOLANS LEADER,IMO9381237,3EKZ6,70,0,199,32,10.0,,A
372884000,2020-07-30T11:43:14,30.49992,-80.00080,13.8,308.0,289.0,VOLANS LEADER,IMO9381237,3EKZ6,70,0,199,32,10.0,,A
372884000,2020-07-30T11:44:20,30.50248,-80.00462,13.9,307.0,290.0,VOLANS LEADER,IMO9381237,3EKZ6,70,0,199,32,10.0,,A
372884000,2020-07-30T11:47:14,30.50957,-80.01518,14.4,307.0,291.0,VOLANS LEADER,IMO9381237,3EKZ6,70,0,199,32,10.0,,A
372884000,2020-07-30T11:48:20,30.51227,-80.01933,14.4,306.0,290.0,VOLANS LEADER,IMO9381237,3EKZ6,70,0,199,32,10.0,,A
357357000,2020-01-31T14:23:28,30.48881,-79.98570,14.0,351.2,349.0,SK SUMMIT,IMO9157624,3FHD9,80,0,277,43,12.0,,A
357357000,2020-01-31T14:26:04,30.49936,-79.98729,14.8,352.3,351.0,SK SUMMIT,IMO9157624,3FHD9,80,0,277,43,12.0,,A
357357000,2020-01-31T14:27:28,30.50509,-79.98816,14.7,352.8,350.0,SK SUMMIT,IMO9157624,3FHD9,80,0,277,43,12.0,,A
367361960,2020-11-27T17:51:16,30.49519,-79.98468,13.2,359.9,356.0,BROWNSVILLE,IMO9385738,WDE5095,31,0,45,14,7.0,80,A
367361960,2020-11-27T17:53:16,30.50259,-79.98479,13.2,359.1,357.0,BROWNSVILLE,IMO9385738,WDE5095,31,0,45,14,7.0,80,A
338767000,2020-01-12T04:59:51,30.49475,-79.98394,8.4,278.7,253.0,NEIL ARMSTRONG,IMO9688946,WARL,90,0,73,15,,,A
338767000,2020-01-12T05:00:21,30.49494,-79.98524,8.6,281.6,254.0,NEIL ARMSTRONG,IMO9688946,WARL,90,0,73,15,,,A
338767000,2020-01-12T05:01:22,30.49533,-79.98799,8.5,280.9,251.0,NEIL ARMSTRONG,IMO9688946,WARL,90,0,73,15,,,A
338767000,2020-01-12T05:02:51,30.49588,-79.99188,8.3,276.7,252.0,NEIL ARMSTRONG,IMO9688946,WARL,90,0,73,15,,,A
338767000,2020-01-12T05:04:12,30.49640,-79.99551,8.3,278.6,254.0,NEIL ARMSTRONG,IMO9688946,WARL,90,0,73,15,,,A
338767000,2020-01-12T05:06:31,30.49726,-80.00080,4.6,263.3,219.0,NEIL ARMSTRONG,IMO9688946,WARL,90,0,73,15,,,A
338767000,2020-01-12T05:07:41,30.49715,-80.00125,1.6,11.5,190.0,NEIL ARMSTRONG,IMO9688946,WARL,90,0,73,15,,,A
338767000,2020-01-12T05:14:52,30.49896,-80.00049,0.4,58.4,197.0,NEIL ARMSTRONG,IMO9688946,WARL,90,0,73,15,,,A
338767000,2020-01-12T05:17:10,30.49918,-80.00049,0.1,310.1,193.0,NEIL ARMSTRONG,IMO9688946,WARL,90,0,73,15,,,A
338767000,2020-01-12T05:20:31,30.49946,-80.00025,1.0,35.2,193.0,NEIL ARMSTRONG,IMO9688946,WARL,90,0,73,15,,,A
338767000,2020-01-12T05:24:01,30.50025,-80.00001,1.4,18.4,196.0,NEIL ARMSTRONG,IMO9688946,WARL,90,0,73,15,,,A
338767000,2020-01-12T05:27:32,30.50077,-79.99986,0.8,29.5,193.0,NEIL ARMSTRONG,IMO9688946,WARL,90,0,73,15,,,A
338767000,2020-01-12T05:28:51,30.50088,-79.99974,0.6,47.6,196.0,NEIL ARMSTRONG,IMO9688946,WARL,90,0,73,15,,,A
338767000,2020-01-12T05:30:01,30.50103,-79.99972,0.9,29.3,195.0,NEIL ARMSTRONG,IMO9688946,WARL,90,0,73,15,,,A
338767000,2020-01-12T05:32:11,30.50130,-79.99956,1.0,42.3,194.0,NEIL ARMSTRONG,IMO9688946,WARL,90,0,73,15,,,A
338767000,2020-01-12T05:34:22,30.50162,-79.99950,0.6,12.9,194.0,NEIL ARMSTRONG,IMO9688946,WARL,90,0,73,15,,,A
338767000,2020-01-12T05:35:51,30.50170,-79.99939,0.0,347.1,194.0,NEIL ARMSTRONG,IMO9688946,WARL,90,0,73,15,,,A
338767000,2020-01-12T05:37:22,30.50184,-79.99930,0.1,39.2,194.0,NEIL ARMSTRONG,IMO9688946,WARL,90,0,73,15,,,A
338767000,2020-01-12T05:44:01,30.50275,-79.99896,0.5,11.9,194.0,NEIL ARMSTRONG,IMO9688946,WARL,90,0,73,15,,,A
338767000,2020-01-12T05:47:00,30.50315,-79.99890,0.8,342.4,195.0,NEIL ARMSTRONG,IMO9688946,WARL,90,0,73,15,,,A
338767000,2020-01-12T05:48:31,30.50346,-79.99883,1.4,26.1,193.0,NEIL ARMSTRONG,IMO9688946,WARL,90,0,73,15,,,A
338767000,2020-01-12T05:50:02,30.50390,-79.99874,1.0,3.8,194.0,NEIL ARMSTRONG,IMO9688946,WARL,90,0,73,15,,,A
338767000,2020-01-12T05:51:21,30.50424,-79.99865,1.3,16.4,194.0,NEIL ARMSTRONG,IMO9688946,WARL,90,0,73,15,,,A
338767000,2020-01-12T05:54:12,30.50476,-79.99853,0.9,1.1,194.0,NEIL ARMSTRONG,IMO9688946,WARL,90,0,73,15,,,A
338767000,2020-01-12T05:55:51,30.50497,-79.99846,0.7,16.0,194.0,NEIL ARMSTRONG,IMO9688946,WARL,90,0,73,15,,,A
338767000,2020-01-12T05:59:51,30.50547,-79.99824,0.5,28.2,194.0,NEIL ARMSTRONG,IMO9688946,WARL,90,0,73,15,,,A
338767000,2020-01-12T06:01:12,30.50564,-79.99815,1.0,42.5,194.0,NEIL ARMSTRONG,IMO9688946,WARL,90,0,73,15,,,A
338767000,2020-01-12T06:02:30,30.50581,-79.99808,0.4,33.8,195.0,NEIL ARMSTRONG,IMO9688946,WARL,90,0,73,15,,,A
338767000,2020-01-12T06:03:41,30.50606,-79.99800,0.8,25.0,194.0,NEIL ARMSTRONG,IMO9688946,WARL,90,0,73,15,,,A
338767000,2020-01-12T06:06:30,30.50659,-79.99780,1.1,6.9,195.0,NEIL ARMSTRONG,IMO9688946,WARL,90,0,73,15,,,A
338767000,2020-01-12T06:07:50,30.50689,-79.99767,1.7,6.8,193.0,NEIL ARMSTRONG,IMO9688946,WARL,90,0,73,15,,,A
338767000,2020-01-12T06:10:10,30.50740,-79.99751,1.1,352.1,196.0,NEIL ARMSTRONG,IMO9688946,WARL,90,0,73,15,,,A
338767000,2020-01-12T06:11:40,30.50767,-79.99739,1.0,23.8,195.0,NEIL ARMSTRONG,IMO9688946,WARL,90,0,73,15,,,A
338767000,2020-01-12T06:14:30,30.50795,-79.99718,0.4,13.9,195.0,NEIL ARMSTRONG,IMO9688946,WARL,90,0,73,15,,,A
338767000,2020-01-12T06:16:01,30.50815,-79.99714,0.8,13.6,194.0,NEIL ARMSTRONG,IMO9688946,WARL,90,0,73,15,,,A
338767000,2020-01-12T06:18:11,30.50845,-79.99703,1.1,16.6,194.0,NEIL ARMSTRONG,IMO9688946,WARL,90,0,73,15,,,A
338767000,2020-01-12T06:20:01,30.50871,-79.99695,0.9,28.3,194.0,NEIL ARMSTRONG,IMO9688946,WARL,90,0,73,15,,,A
338767000,2020-01-12T06:21:32,30.50889,-79.99686,0.5,2.6,194.0,NEIL ARMSTRONG,IMO9688946,WARL,90,0,73,15,,,A
338767000,2020-01-12T06:23:20,30.50915,-79.99673,1.1,7.1,194.0,NEIL ARMSTRONG,IMO9688946,WARL,90,0,73,15,,,A
338767000,2020-01-12T06:25:40,30.50950,-79.99657,1.1,36.0,195.0,NEIL ARMSTRONG,IMO9688946,WARL,90,0,73,15,,,A
338767000,2020-01-12T06:27:00,30.50967,-79.99648,1.0,31.0,194.0,NEIL ARMSTRONG,IMO9688946,WARL,90,0,73,15,,,A
338767000,2020-01-12T06:30:30,30.51021,-79.99628,0.9,353.9,195.0,NEIL ARMSTRONG,IMO9688946,WARL,90,0,73,15,,,A
338767000,2020-01-12T06:31:42,30.51042,-79.99621,0.8,16.1,196.0,NEIL ARMSTRONG,IMO9688946,WARL,90,0,73,15,,,A
338767000,2020-01-12T06:33:42,30.51076,-79.99613,0.7,22.0,193.0,NEIL ARMSTRONG,IMO9688946,WARL,90,0,73,15,,,A
338767000,2020-01-12T06:35:02,30.51101,-79.99608,0.9,12.4,194.0,NEIL ARMSTRONG,IMO9688946,WARL,90,0,73,15,,,A
338767000,2020-01-12T06:37:41,30.51152,-79.99587,1.3,32.0,191.0,NEIL ARMSTRONG,IMO9688946,WARL,90,0,73,15,,,A
338767000,2020-01-12T06:40:31,30.51193,-79.99573,0.1,26.6,195.0,NEIL ARMSTRONG,IMO9688946,WARL,90,0,73,15,,,A
338767000,2020-01-12T06:45:01,30.51276,-79.99557,1.5,356.0,197.0,NEIL ARMSTRONG,IMO9688946,WARL,90,0,73,15,,,A
338767000,2020-01-12T10:31:52,30.51250,-79.99220,3.8,190.9,195.0,NEIL ARMSTRONG,IMO9688946,WARL,90,0,73,15,,,A
338767000,2020-01-12T10:34:41,30.51002,-79.99339,3.5,200.3,194.0,NEIL ARMSTRONG,IMO9688946,WARL,90,0,73,15,,,A
338767000,2020-01-12T10:36:11,30.50871,-79.99402,3.4,198.2,196.0,NEIL ARMSTRONG,IMO9688946,WARL,90,0,73,15,,,A
338767000,2020-01-12T10:39:41,30.50558,-79.99557,3.4,202.5,196.0,NEIL ARMSTRONG,IMO9688946,WARL,90,0,73,15,,,A
338767000,2020-01-12T10:41:01,30.50440,-79.99617,3.6,207.5,194.0,NEIL ARMSTRONG,IMO9688946,WARL,90,0,73,15,,,A
338767000,2020-01-12T10:42:11,30.50336,-79.99669,3.3,213.8,195.0,NEIL ARMSTRONG,IMO9688946,WARL,90,0,73,15,,,A
338767000,2020-01-12T10:43:31,30.50221,-79.99729,3.6,203.5,194.0,NEIL ARMSTRONG,IMO9688946,WARL,90,0,73,15,,,A
338767000,2020-01-12T10:44:42,30.50110,-79.99781,3.6,205.3,195.0,NEIL ARMSTRONG,IMO9688946,WARL,90,0,73,15,,,A
338767000,2020-01-12T10:46:21,30.49973,-79.99855,2.9,213.0,195.0,NEIL ARMSTRONG,IMO9688946,WARL,90,0,73,15,,,A
338767000,2020-01-12T10:50:21,30.49816,-79.99989,1.8,221.6,196.0,NEIL ARMSTRONG,IMO9688946,WARL,90,0,73,15,,,A
338767000,2020-01-12T10:54:21,30.49596,-80.00156,3.0,208.2,196.0,NEIL ARMSTRONG,IMO9688946,WARL,90,0,73,15,,,A
338767000,2020-01-12T10:55:31,30.49521,-80.00209,3.1,199.5,193.0,NEIL ARMSTRONG,IMO9688946,WARL,90,0,73,15,,,A
338767000,2020-01-12T10:56:41,30.49443,-80.00242,2.7,191.5,190.0,NEIL ARMSTRONG,IMO9688946,WARL,90,0,73,15,,,A
338767000,2020-01-12T10:57:50,30.49365,-80.00277,2.7,199.2,190.0,NEIL ARMSTRONG,IMO9688946,WARL,90,0,73,15,,,A
338767000,2020-01-12T10:59:10,30.49282,-80.00325,2.8,213.9,199.0,NEIL ARMSTRONG,IMO9688946,WARL,90,0,73,15,,,A
338767000,2020-01-12T11:00:50,30.49212,-80.00388,1.4,224.5,194.0,NEIL ARMSTRONG,IMO9688946,WARL,90,0,73,15,,,A
338767000,2020-01-12T11:01:52,30.49212,-80.00398,0.8,341.8,189.0,NEIL ARMSTRONG,IMO9688946,WARL,90,0,73,15,,,A
338767000,2020-01-12T11:03:12,30.49231,-80.00405,0.9,319.0,194.0,NEIL ARMSTRONG,IMO9688946,WARL,90,0,73,15,,,A
338767000,2020-01-12T11:04:20,30.49249,-80.00413,0.9,340.1,192.0,NEIL ARMSTRONG,IMO9688946,WARL,90,0,73,15,,,A
338767000,2020-01-12T11:05:32,30.49271,-80.00416,1.6,356.8,189.0,NEIL ARMSTRONG,IMO9688946,WARL,90,0,73,15,,,A
338767000,2020-01-12T11:06:42,30.49300,-80.00411,1.4,359.9,189.0,NEIL ARMSTRONG,IMO9688946,WARL,90,0,73,15,,,A
338767000,2020-01-12T11:07:52,30.49331,-80.00402,1.5,41.2,186.0,NEIL ARMSTRONG,IMO9688946,WARL,90,0,73,15,,,A
338767000,2020-01-12T11:09:31,30.49369,-80.00391,1.2,25.5,186.0,NEIL ARMSTRONG,IMO9688946,WARL,90,0,73,15,,,A
338767000,2020-01-12T11:10:42,30.49397,-80.00382,0.9,8.4,186.0,NEIL ARMSTRONG,IMO9688946,WARL,90,0,73,15,,,A
338767000,2020-01-12T11:11:52,30.49424,-80.00372,1.1,10.6,185.0,NEIL ARMSTRONG,IMO9688946,WARL,90,0,73,15,,,A
338767000,2020-01-12T11:13:01,30.49446,-80.00361,0.9,25.0,186.0,NEIL ARMSTRONG,IMO9688946,WARL,90,0,73,15,,,A
338767000,2020-01-12T11:14:10,30.49473,-80.00349,1.4,7.0,186.0,NEIL ARMSTRONG,IMO9688946,WARL,90,0,73,15,,,A
338767000,2020-01-12T11:15:50,30.49544,-80.00335,2.1,11.4,187.0,NEIL ARMSTRONG,IMO9688946,WARL,90,0,73,15,,,A
338767000,2020-01-12T11:17:01,30.49609,-80.00321,2.2,9.0,185.0,NEIL ARMSTRONG,IMO9688946,WARL,90,0,73,15,,,A
338767000,2020-01-12T11:18:50,30.49719,-80.00302,2.5,0.0,186.0,NEIL ARMSTRONG,IMO9688946,WARL,90,0,73,15,,,A
338767000,2020-01-12T11:20:01,30.49775,-80.00288,1.5,12.0,187.0,NEIL ARMSTRONG,IMO9688946,WARL,90,0,73,15,,,A
338767000,2020-01-12T11:21:11,30.49795,-80.00280,0.5,19.2,186.0,NEIL ARMSTRONG,IMO9688946,WARL,90,0,73,15,,,A
338767000,2020-01-12T11:22:22,30.49794,-80.00272,0.3,119.1,187.0,NEIL ARMSTRONG,IMO9688946,WARL,90,0,73,15,,,A
338767000,2020-01-12T11:23:41,30.49782,-80.00259,0.6,129.6,185.0,NEIL ARMSTRONG,IMO9688946,WARL,90,0,73,15,,,A
338767000,2020-01-12T11:24:51,30.49766,-80.00252,0.9,160.9,186.0,NEIL ARMSTRONG,IMO9688946,WARL,90,0,73,15,,,A
338767000,2020-01-12T11:27:30,30.49720,-80.00239,0.8,158.9,187.0,NEIL ARMSTRONG,IMO9688946,WARL,90,0,73,15,,,A
338767000,2020-01-12T11:28:41,30.49701,-80.00233,0.9,153.8,187.0,NEIL ARMSTRONG,IMO9688946,WARL,90,0,73,15,,,A
338767000,2020-01-12T11:29:52,30.49682,-80.00234,0.9,183.8,190.0,NEIL ARMSTRONG,IMO9688946,WARL,90,0,73,15,,,A
338767000,2020-01-12T11:31:00,30.49663,-80.00239,0.8,190.7,189.0,NEIL ARMSTRONG,IMO9688946,WARL,90,0,73,15,,,A
338767000,2020-01-12T11:33:00,30.49625,-80.00243,0.8,176.3,188.0,NEIL ARMSTRONG,IMO9688946,WARL,90,0,73,15,,,A
338767000,2020-01-12T11:34:11,30.49601,-80.00245,0.9,192.9,189.0,NEIL ARMSTRONG,IMO9688946,WARL,90,0,73,15,,,A
338767000,2020-01-12T11:35:31,30.49579,-80.00248,0.9,185.0,188.0,NEIL ARMSTRONG,IMO9688946,WARL,90,0,73,15,,,A
338767000,2020-01-12T11:37:41,30.49542,-80.00257,0.8,206.8,188.0,NEIL ARMSTRONG,IMO9688946,WARL,90,0,73,15,,,A
338767000,2020-01-12T11:38:51,30.49528,-80.00257,0.9,191.8,189.0,NEIL ARMSTRONG,IMO9688946,WARL,90,0,73,15,,,A
338767000,2020-01-12T11:40:00,30.49513,-80.00261,0.2,212.1,188.0,NEIL ARMSTRONG,IMO9688946,WARL,90,0,73,15,,,A
338767000,2020-01-12T11:41:12,30.49495,-80.00261,1.0,155.2,189.0,NEIL ARMSTRONG,IMO9688946,WARL,90,0,73,15,,,A
338767000,2020-01-12T11:44:01,30.49446,-80.00273,1.2,206.9,188.0,NEIL ARMSTRONG,IMO9688946,WARL,90,0,73,15,,,A
338767000,2020-01-12T11:45:11,30.49427,-80.00276,0.7,190.7,188.0,NEIL ARMSTRONG,IMO9688946,WARL,90,0,73,15,,,A
338767000,2020-01-12T11:48:21,30.49383,-80.00290,1.1,191.2,187.0,NEIL ARMSTRONG,IMO9688946,WARL,90,0,73,15,,,A
338767000,2020-01-12T11:49:30,30.49368,-80.00291,0.1,204.5,190.0,NEIL ARMSTRONG,IMO9688946,WARL,90,0,73,15,,,A
338767000,2020-01-12T11:53:02,30.49403,-80.00293,0.0,11.0,189.0,NEIL ARMSTRONG,IMO9688946,WARL,90,0,73,15,,,A
338767000,2020-01-12T11:55:02,30.49409,-80.00296,0.1,280.6,189.0,NEIL ARMSTRONG,IMO9688946,WARL,90,0,73,15,,,A
338767000,2020-01-12T11:59:12,30.49384,-80.00302,0.1,205.5,188.0,NEIL ARMSTRONG,IMO9688946,WARL,90,0,73,15,,,A
338767000,2020-01-12T12:00:12,30.49378,-80.00301,0.1,245.7,188.0,NEIL ARMSTRONG,IMO9688946,WARL,90,0,73,15,,,A
338767000,2020-01-12T12:01:31,30.49370,-80.00300,0.1,213.4,189.0,NEIL ARMSTRONG,IMO9688946,WARL,90,0,73,15,,,A
338767000,2020-01-12T12:03:12,30.49362,-80.00299,0.0,265.6,188.0,NEIL ARMSTRONG,IMO9688946,WARL,90,0,73,15,,,A
338767000,2020-01-12T12:04:40,30.49363,-80.00298,0.2,357.1,189.0,NEIL ARMSTRONG,IMO9688946,WARL,90,0,73,15,,,A
338767000,2020-01-12T12:05:51,30.49369,-80.00300,0.1,330.6,189.0,NEIL ARMSTRONG,IMO9688946,WARL,90,0,73,15,,,A
338767000,2020-01-12T12:07:10,30.49369,-80.00301,0.1,306.1,188.0,NEIL ARMSTRONG,IMO9688946,WARL,90,0,73,15,,,A
338767000,2020-01-12T12:08:22,30.49367,-80.00301,0.0,128.1,188.0,NEIL ARMSTRONG,IMO9688946,WARL,90,0,73,15,,,A
338767000,2020-01-12T12:09:31,30.49363,-80.00298,0.0,158.0,187.0,NEIL ARMSTRONG,IMO9688946,WARL,90,0,73,15,,,A
338767000,2020-01-12T12:10:40,30.49355,-80.00296,0.2,153.1,189.0,NEIL ARMSTRONG,IMO9688946,WARL,90,0,73,15,,,A
338767000,2020-01-12T12:11:52,30.49343,-80.00298,0.4,163.4,188.0,NEIL ARMSTRONG,IMO9688946,WARL,90,0,73,15,,,A
338767000,2020-01-12T12:13:02,30.49338,-80.00298,0.5,250.8,186.0,NEIL ARMSTRONG,IMO9688946,WARL,90,0,73,15,,,A
338767000,2020-01-12T12:14:20,30.49334,-80.00298,0.5,229.5,188.0,NEIL ARMSTRONG,IMO9688946,WARL,90,0,73,15,,,A
338767000,2020-01-12T12:15:31,30.49334,-80.00300,0.1,263.5,189.0,NEIL ARMSTRONG,IMO9688946,WARL,90,0,73,15,,,A
338767000,2020-01-12T12:17:11,30.49324,-80.00309,0.8,217.6,189.0,NEIL ARMSTRONG,IMO9688946,WARL,90,0,73,15,,,A
338767000,2020-01-12T12:19:21,30.49296,-80.00315,0.2,203.2,188.0,NEIL ARMSTRONG,IMO9688946,WARL,90,0,73,15,,,A
338767000,2020-01-12T12:21:21,30.49290,-80.00316,0.2,136.7,187.0,NEIL ARMSTRONG,IMO9688946,WARL,90,0,73,15,,,A
338767000,2020-01-12T12:22:32,30.49289,-80.00315,0.1,94.9,190.0,NEIL ARMSTRONG,IMO9688946,WARL,90,0,73,15,,,A
338767000,2020-01-12T12:25:01,30.49290,-80.00312,0.1,53.4,188.0,NEIL ARMSTRONG,IMO9688946,WARL,90,0,73,15,,,A
338767000,2020-01-12T12:26:10,30.49287,-80.00308,0.1,42.3,189.0,NEIL ARMSTRONG,IMO9688946,WARL,90,0,73,15,,,A
338767000,2020-01-12T12:27:21,30.49288,-80.00306,0.3,161.2,189.0,NEIL ARMSTRONG,IMO9688946,WARL,90,3,73,15,,,A
338767000,2020-01-12T12:30:10,30.49110,-80.00329,3.6,180.9,188.0,NEIL ARMSTRONG,IMO9688946,WARL,90,3,73,15,,,A
338767000,2020-01-12T12:31:12,30.49018,-80.00355,3.4,191.4,193.0,NEIL ARMSTRONG,IMO9688946,WARL,90,3,73,15,,,A
338767000,2020-01-12T12:32:20,30.48907,-80.00383,3.8,192.4,192.0,NEIL ARMSTRONG,IMO9688946,WARL,90,3,73,15,,,A
338767000,2020-01-12T12:33:32,30.48782,-80.00420,4.1,192.4,192.0,NEIL ARMSTRONG,IMO9688946,WARL,90,3,73,15,,,A
338767000,2020-01-12T12:36:12,30.48477,-80.00499,4.2,191.3,192.0,NEIL ARMSTRONG,IMO9688946,WARL,90,3,73,15,,,A
338767000,2020-01-12T12:37:21,30.48339,-80.00533,4.6,192.4,191.0,NEIL ARMSTRONG,IMO9688946,WARL,90,3,73,15,,,A
338767000,2020-01-12T12:40:02,30.47978,-80.00622,5.3,197.5,191.0,NEIL ARMSTRONG,IMO9688946,WARL,90,3,73,15,,,A
338767000,2020-01-12T12:41:20,30.47800,-80.00671,5.1,190.4,191.0,NEIL ARMSTRONG,IMO9688946,WARL,90,3,73,15,,,A
338767000,2020-01-12T14:30:00,30.47777,-80.00972,3.4,2.7,192.0,NEIL ARMSTRONG,IMO9688946,WARL,90,3,73,15,,,A
338767000,2020-01-12T14:32:11,30.47980,-80.00923,3.5,13.1,191.0,NEIL ARMSTRONG,IMO9688946,WARL,90,3,73,15,,,A
338767000,2020-01-12T14:33:21,30.48094,-80.00897,3.6,15.6,191.0,NEIL ARMSTRONG,IMO9688946,WARL,90,3,73,15,,,A
338767000,2020-01-12T14:34:31,30.48210,-80.00872,3.8,14.4,189.0,NEIL ARMSTRONG,IMO9688946,WARL,90,3,73,15,,,A
338767000,2020-01-12T14:35:42,30.48328,-80.00845,4.0,17.0,191.0,NEIL ARMSTRONG,IMO9688946,WARL,90,3,73,15,,,A
338767000,2020-01-12T14:36:51,30.48445,-80.00818,3.6,17.7,196.0,NEIL ARMSTRONG,IMO9688946,WARL,90,3,73,15,,,A
338767000,2020-01-12T14:39:42,30.48684,-80.00745,2.6,22.6,191.0,NEIL ARMSTRONG,IMO9688946,WARL,90,3,73,15,,,A
338767000,2020-01-12T14:40:51,30.48758,-80.00725,2.3,8.1,195.0,NEIL ARMSTRONG,IMO9688946,WARL,90,3,73,15,,,A
338767000,2020-01-12T14:42:51,30.48875,-80.00686,2.4,7.5,197.0,NEIL ARMSTRONG,IMO9688946,WARL,90,3,73,15,,,A
338767000,2020-01-12T14:44:00,30.48953,-80.00656,2.8,20.4,197.0,NEIL ARMSTRONG,IMO9688946,WARL,90,3,73,15,,,A
338767000,2020-01-12T14:45:12,30.49042,-80.00621,2.9,18.0,198.0,NEIL ARMSTRONG,IMO9688946,WARL,90,3,73,15,,,A
338767000,2020-01-12T14:49:00,30.49287,-80.00509,2.1,18.0,198.0,NEIL ARMSTRONG,IMO9688946,WARL,90,3,73,15,,,A
338767000,2020-01-12T14:50:51,30.49364,-80.00467,1.5,29.3,198.0,NEIL ARMSTRONG,IMO9688946,WARL,90,3,73,15,,,A
338767000,2020-01-12T14:53:00,30.49393,-80.00451,0.0,36.2,197.0,NEIL ARMSTRONG,IMO9688946,WARL,90,3,73,15,,,A
338767000,2020-01-12T14:54:12,30.49391,-80.00450,0.1,89.4,197.0,NEIL ARMSTRONG,IMO9688946,WARL,90,3,73,15,,,A
338767000,2020-01-12T14:55:22,30.49387,-80.00449,0.2,145.5,197.0,NEIL ARMSTRONG,IMO9688946,WARL,90,3,73,15,,,A
338767000,2020-01-12T14:56:31,30.49386,-80.00442,0.2,61.5,196.0,NEIL ARMSTRONG,IMO9688946,WARL,90,3,73,15,,,A
338767000,2020-01-12T14:57:41,30.49383,-80.00430,0.4,102.0,196.0,NEIL ARMSTRONG,IMO9688946,WARL,90,3,73,15,,,A
338767000,2020-01-12T14:58:50,30.49383,-80.00417,0.2,94.9,195.0,NEIL ARMSTRONG,IMO9688946,WARL,90,3,73,15,,,A
338767000,2020-01-12T15:00:12,30.49403,-80.00410,1.2,18.7,193.0,NEIL ARMSTRONG,IMO9688946,WARL,90,3,73,15,,,A
338767000,2020-01-12T15:01:31,30.49482,-80.00387,3.0,5.8,196.0,NEIL ARMSTRONG,IMO9688946,WARL,90,3,73,15,,,A
338767000,2020-01-12T15:03:00,30.49617,-80.00342,3.8,5.0,195.0,NEIL ARMSTRONG,IMO9688946,WARL,90,3,73,15,,,A
338767000,2020-01-12T15:04:20,30.49750,-80.00291,3.6,15.2,196.0,NEIL ARMSTRONG,IMO9688946,WARL,90,3,73,15,,,A
338767000,2020-01-12T15:05:42,30.49865,-80.00240,3.3,26.8,194.0,NEIL ARMSTRONG,IMO9688946,WARL,90,3,73,15,,,A
338767000,2020-01-12T15:07:00,30.49976,-80.00179,3.6,24.8,194.0,NEIL ARMSTRONG,IMO9688946,WARL,90,3,73,15,,,A
338767000,2020-01-12T15:08:41,30.50127,-80.00097,3.5,16.0,197.0,NEIL ARMSTRONG,IMO9688946,WARL,90,3,73,15,,,A
338767000,2020-01-12T15:10:00,30.50229,-80.00043,2.8,25.0,195.0,NEIL ARMSTRONG,IMO9688946,WARL,90,3,73,15,,,A
338767000,2020-01-12T15:11:11,30.50312,-80.00000,3.1,28.7,200.0,NEIL ARMSTRONG,IMO9688946,WARL,90,3,73,15,,,A
338767000,2020-01-12T15:12:21,30.50410,-79.99955,3.3,24.8,193.0,NEIL ARMSTRONG,IMO9688946,WARL,90,3,73,15,,,A
338767000,2020-01-12T15:13:31,30.50506,-79.99903,3.2,31.3,195.0,NEIL ARMSTRONG,IMO9688946,WARL,90,3,73,15,,,A
338767000,2020-01-12T15:14:51,30.50605,-79.99857,2.9,21.7,197.0,NEIL ARMSTRONG,IMO9688946,WARL,90,3,73,15,,,A
338767000,2020-01-12T15:17:42,30.50833,-79.99740,3.3,11.0,194.0,NEIL ARMSTRONG,IMO9688946,WARL,90,3,73,15,,,A
338767000,2020-01-12T15:18:50,30.50918,-79.99688,3.3,38.8,196.0,NEIL ARMSTRONG,IMO9688946,WARL,90,3,73,15,,,A
338767000,2020-01-12T15:20:01,30.51013,-79.99639,3.4,29.6,197.0,NEIL ARMSTRONG,IMO9688946,WARL,90,3,73,15,,,A
338767000,2020-01-12T15:21:11,30.51115,-79.99590,3.4,21.0,194.0,NEIL ARMSTRONG,IMO9688946,WARL,90,3,73,15,,,A
338767000,2020-01-12T15:22:31,30.51227,-79.99529,3.1,18.0,192.0,NEIL ARMSTRONG,IMO9688946,WARL,90,3,73,15,,,A
338767000,2020-01-12T17:23:01,30.51289,-79.99363,5.6,198.8,199.0,NEIL ARMSTRONG,IMO9688946,WARL,90,3,73,15,,,A
338767000,2020-01-12T17:24:11,30.51120,-79.99429,5.6,195.4,200.0,NEIL ARMSTRONG,IMO9688946,WARL,90,3,73,15,,,A
338767000,2020-01-12T17:26:01,30.50854,-79.99544,5.6,201.1,202.0,NEIL ARMSTRONG,IMO9688946,WARL,90,3,73,15,,,A
338767000,2020-01-12T17:27:11,30.50688,-79.99624,5.7,202.3,202.0,NEIL ARMSTRONG,IMO9688946,WARL,90,3,73,15,,,A
338767000,2020-01-12T17:28:30,30.50496,-79.99718,5.5,198.2,199.0,NEIL ARMSTRONG,IMO9688946,WARL,90,3,73,15,,,A
338767000,2020-01-12T17:29:42,30.50322,-79.99796,5.7,204.0,200.0,NEIL ARMSTRONG,IMO9688946,WARL,90,3,73,15,,,A
338767000,2020-01-12T17:30:50,30.50156,-79.99871,5.7,199.5,200.0,NEIL ARMSTRONG,IMO9688946,WARL,90,3,73,15,,,A
338767000,2020-01-12T17:32:11,30.49959,-79.99959,5.7,202.4,200.0,NEIL ARMSTRONG,IMO9688946,WARL,90,3,73,15,,,A
338767000,2020-01-12T17:33:21,30.49788,-80.00033,5.6,198.6,201.0,NEIL ARMSTRONG,IMO9688946,WARL,90,3,73,15,,,A
338767000,2020-01-12T17:35:40,30.49500,-80.00169,3.6,198.7,200.0,NEIL ARMSTRONG,IMO9688946,WARL,90,3,73,15,,,A
338767000,2020-01-12T17:38:10,30.49262,-80.00290,3.8,205.3,203.0,NEIL ARMSTRONG,IMO9688946,WARL,90,3,73,15,,,A
338767000,2020-01-12T17:39:32,30.49231,-80.00312,0.3,14.1,200.0,NEIL ARMSTRONG,IMO9688946,WARL,90,3,73,15,,,A
338767000,2020-01-12T17:40:41,30.49298,-80.00293,2.5,30.1,200.0,NEIL ARMSTRONG,IMO9688946,WARL,90,3,73,15,,,A
338767000,2020-01-12T17:43:52,30.49597,-80.00201,3.7,17.3,201.0,NEIL ARMSTRONG,IMO9688946,WARL,90,3,73,15,,,A
338767000,2020-01-12T17:45:01,30.49692,-80.00172,2.7,20.7,196.0,NEIL ARMSTRONG,IMO9688946,WARL,90,3,73,15,,,A
338767000,2020-01-12T17:46:11,30.49747,-80.00150,1.5,17.4,195.0,NEIL ARMSTRONG,IMO9688946,WARL,90,3,73,15,,,A
338767000,2020-01-12T17:47:12,30.49767,-80.00135,0.9,32.7,197.0,NEIL ARMSTRONG,IMO9688946,WARL,90,3,73,15,,,A
338767000,2020-01-12T17:48:31,30.49797,-80.00114,1.5,33.3,199.0,NEIL ARMSTRONG,IMO9688946,WARL,90,3,73,15,,,A
338767000,2020-01-12T17:50:01,30.49865,-80.00091,1.5,16.5,200.0,NEIL ARMSTRONG,IMO9688946,WARL,90,3,73,15,,,A
338767000,2020-01-12T17:51:12,30.49897,-80.00081,0.7,5.0,198.0,NEIL ARMSTRONG,IMO9688946,WARL,90,3,73,15,,,A
338767000,2020-01-12T17:52:31,30.49908,-80.00075,0.1,25.2,199.0,NEIL ARMSTRONG,IMO9688946,WARL,90,3,73,15,,,A
338767000,2020-01-12T17:56:51,30.49784,-80.00053,3.2,177.9,192.0,NEIL ARMSTRONG,IMO9688946,WARL,90,3,73,15,,,A
338767000,2020-01-12T18:00:10,30.49406,-79.99952,4.5,166.0,181.0,NEIL ARMSTRONG,IMO9688946,WARL,90,3,73,15,,,A
338767000,2020-01-12T18:01:51,30.49219,-79.99889,3.5,154.1,184.0,NEIL ARMSTRONG,IMO9688946,WARL,90,3,73,15,,,A
338767000,2020-01-12T18:03:01,30.49179,-79.99858,1.1,91.5,192.0,NEIL ARMSTRONG,IMO9688946,WARL,90,3,73,15,,,A
338767000,2020-01-12T18:04:10,30.49197,-79.99838,0.7,39.6,198.0,NEIL ARMSTRONG,IMO9688946,WARL,90,3,73,15,,,A
338767000,2020-01-12T18:05:22,30.49209,-79.99832,0.2,118.0,201.0,NEIL ARMSTRONG,IMO9688946,WARL,90,3,73,15,,,A
338767000,2020-01-12T18:06:32,30.49169,-79.99854,2.0,214.3,207.0,NEIL ARMSTRONG,IMO9688946,WARL,90,3,73,15,,,A
338767000,2020-01-12T18:07:51,30.49103,-79.99945,3.4,240.9,217.0,NEIL ARMSTRONG,IMO9688946,WARL,90,3,73,15,,,A
338767000,2020-01-12T18:09:10,30.49043,-80.00070,3.4,249.5,222.0,NEIL ARMSTRONG,IMO9688946,WARL,90,3,73,15,,,A
338767000,2020-01-12T18:10:22,30.49019,-80.00202,3.5,260.4,229.0,NEIL ARMSTRONG,IMO9688946,WARL,90,3,73,15,,,A
338767000,2020-01-12T18:11:32,30.49017,-80.00325,3.4,272.7,229.0,NEIL ARMSTRONG,IMO9688946,WARL,90,3,73,15,,,A
338767000,2020-01-12T18:12:41,30.49011,-80.00448,3.4,271.5,230.0,NEIL ARMSTRONG,IMO9688946,WARL,90,3,73,15,,,A
338767000,2020-01-12T18:13:52,30.49027,-80.00560,2.7,285.1,236.0,NEIL ARMSTRONG,IMO9688946,WARL,90,3,73,15,,,A
338767000,2020-01-12T18:15:11,30.49072,-80.00658,2.6,311.8,234.0,NEIL ARMSTRONG,IMO9688946,WARL,90,3,73,15,,,A
338767000,2020-01-12T18:16:41,30.49145,-80.00729,2.3,322.8,234.0,NEIL ARMSTRONG,IMO9688946,WARL,90,3,73,15,,,A
338767000,2020-01-12T18:17:50,30.49214,-80.00776,2.5,333.7,229.0,NEIL ARMSTRONG,IMO9688946,WARL,90,3,73,15,,,A
338767000,2020-01-12T18:18:55,30.49278,-80.00786,2.3,3.3,207.0,NEIL ARMSTRONG,IMO9688946,WARL,90,3,73,15,,,A
338767000,2020-01-12T18:20:01,30.49362,-80.00763,2.9,8.5,197.0,NEIL ARMSTRONG,IMO9688946,WARL,90,3,73,15,,,A
338767000,2020-01-12T18:21:11,30.49422,-80.00746,1.2,12.2,198.0,NEIL ARMSTRONG,IMO9688946,WARL,90,3,73,15,,,A
338767000,2020-01-12T18:22:21,30.49430,-80.00746,0.0,60.2,198.0,NEIL ARMSTRONG,IMO9688946,WARL,90,3,73,15,,,A
338767000,2020-01-12T18:23:32,30.49419,-80.00749,0.1,216.1,198.0,NEIL ARMSTRONG,IMO9688946,WARL,90,3,73,15,,,A
338767000,2020-01-12T18:25:50,30.49410,-80.00750,0.1,105.7,197.0,NEIL ARMSTRONG,IMO9688946,WARL,90,3,73,15,,,A
338767000,2020-01-12T18:27:32,30.49407,-80.00750,1.4,185.4,196.0,NEIL ARMSTRONG,IMO9688946,WARL,90,3,73,15,,,A
338767000,2020-01-12T18:28:50,30.49334,-80.00770,2.8,196.2,197.0,NEIL ARMSTRONG,IMO9688946,WARL,90,3,73,15,,,A
338767000,2020-01-12T18:30:32,30.49215,-80.00907,4.7,228.7,215.0,NEIL ARMSTRONG,IMO9688946,WARL,90,3,73,15,,,A
338767000,2020-01-12T18:31:40,30.49099,-80.01048,5.8,223.3,215.0,NEIL ARMSTRONG,IMO9688946,WARL,90,3,73,15,,,A
338767000,2020-01-12T18:32:52,30.48955,-80.01219,6.2,226.4,219.0,NEIL ARMSTRONG,IMO9688946,WARL,90,3,73,15,,,A
338767000,2020-01-12T18:34:41,30.48747,-80.01519,6.6,230.0,221.0,NEIL ARMSTRONG,IMO9688946,WARL,90,3,73,15,,,A
338767000,2020-01-12T18:35:52,30.48612,-80.01729,6.8,235.7,218.0,NEIL ARMSTRONG,IMO9688946,WARL,90,3,73,15,,,A
338767000,2020-01-12T18:38:10,30.48347,-80.02122,6.6,230.6,219.0,NEIL ARMSTRONG,IMO9688946,WARL,90,3,73,15,,,A
538070696,2020-05-31T08:38:18,30.47904,-80.00058,16.1,5.2,285.0,CASUAL WATER,,V7TF6,37,15,33,7,,0,A
538070696,2020-05-31T08:39:35,30.48443,-79.99895,16.1,20.6,328.0,CASUAL WATER,,V7TF6,37,15,33,7,,0,A
538070696,2020-05-31T08:40:38,30.48881,-79.99705,15.9,17.7,317.0,CASUAL WATER,,V7TF6,37,15,33,7,,0,A
538070696,2020-05-31T08:42:09,30.49416,-79.99269,16.2,23.5,9.0,CASUAL WATER,,V7TF6,37,15,33,7,,0,A
538070696,2020-05-31T08:43:14,30.49871,-79.99244,15.6,3.8,278.0,CASUAL WATER,,V7TF6,37,15,33,7,,0,A
538070696,2020-05-31T08:44:21,30.50345,-79.99229,14.6,357.0,271.0,CASUAL WATER,,V7TF6,37,15,33,7,,0,A
538070696,2020-05-31T08:45:23,30.50789,-79.99221,14.6,357.0,270.0,CASUAL WATER,,V7TF6,37,15,33,7,,0,A
538070696,2020-05-31T08:46:25,30.51233,-79.99211,16.1,4.4,280.0,CASUAL WATER,,V7TF6,37,15,33,7,,0,A
565871000,2020-07-28T03:54:28,30.50673,-79.98242,10.3,268.5,251.0,MTM PENANG,IMO9712591,9V2994,80,0,149,24,10.2,,A
565871000,2020-07-28T03:55:38,30.50664,-79.98626,10.3,268.1,251.0,MTM PENANG,IMO9712591,9V2994,80,0,149,24,10.2,,A
565871000,2020-07-28T03:56:49,30.50652,-79.99007,10.2,267.7,251.0,MTM PENANG,IMO9712591,9V2994,80,0,149,24,10.2,,A
565871000,2020-07-28T03:57:58,30.50637,-79.99382,10.2,267.4,251.0,MTM PENANG,IMO9712591,9V2994,80,0,149,24,10.2,,A
565871000,2020-07-28T03:59:09,30.50618,-79.99777,10.3,266.6,251.0,MTM PENANG,IMO9712591,9V2994,80,0,149,24,10.2,,A
565871000,2020-07-28T04:00:09,30.50599,-80.00097,10.2,265.7,252.0,MTM PENANG,IMO9712591,9V2994,80,0,149,24,10.2,,A
565871000,2020-07-28T04:02:59,30.50564,-80.01030,10.2,267.0,252.0,MTM PENANG,IMO9712591,9V2994,80,0,149,24,10.2,,A
565871000,2020-07-28T04:04:08,30.50550,-80.01407,10.2,267.7,252.0,MTM PENANG,IMO9712591,9V2994,80,0,149,24,10.2,,A
565871000,2020-07-28T04:05:38,30.50527,-80.01899,10.2,266.7,251.0,MTM PENANG,IMO9712591,9V2994,80,0,149,24,10.2,,A
338185302,2020-03-29T10:38:27,30.49041,-79.98555,11.4,13.1,511.0,AVE MARIA,,,37,,10,,,,B
338185302,2020-03-29T10:40:26,30.49657,-79.98374,10.9,15.8,511.0,AVE MARIA,,,37,,10,,,,B
338185302,2020-03-29T10:42:26,30.50275,-79.98191,11.6,16.1,511.0,AVE MARIA,,,37,,10,,,,B
244903000,2020-07-31T16:13:30,30.50537,-80.02295,16.6,113.6,129.0,SLUISGRACHT,IMO9202522,PFBE,70,0,172,25,10.6,70,A
244903000,2020-07-31T16:14:36,30.50332,-80.01754,16.6,114.4,126.0,SLUISGRACHT,IMO9202522,PFBE,70,0,172,25,10.6,70,A
244903000,2020-07-31T16:16:00,30.50138,-80.01028,16.7,104.0,119.0,SLUISGRACHT,IMO9202522,PFBE,70,0,172,25,10.6,70,A
244903000,2020-07-31T16:17:06,30.50023,-80.00458,16.4,102.9,119.0,SLUISGRACHT,IMO9202522,PFBE,70,0,172,25,10.6,70,A
244903000,2020-07-31T16:18:12,30.49915,-79.99894,16.1,102.2,119.0,SLUISGRACHT,IMO9202522,PFBE,70,0,172,25,10.6,70,A
244903000,2020-07-31T16:19:48,30.49767,-79.99088,15.8,101.8,119.0,SLUISGRACHT,IMO9202522,PFBE,70,0,172,25,10.6,70,A
244903000,2020-07-31T16:20:54,30.49667,-79.98533,15.8,101.8,119.0,SLUISGRACHT,IMO9202522,PFBE,70,0,172,25,10.6,70,A
356956000,2020-12-08T13:23:07,30.50907,-79.98175,17.4,323.0,314.0,MORNING CELINE,IMO9519133,3FMC5,70,0,199,32,10.0,70,A
355981000,2020-11-11T03:45:39,30.48384,-79.98838,11.6,358.7,358.0,NYK APOLLO,IMO9247730,HOQM,70,0,299,40,14.0,,A
355981000,2020-11-11T03:48:39,30.49311,-79.98868,11.1,0.7,358.0,NYK APOLLO,IMO9247730,HOQM,70,0,299,40,14.0,,A
355981000,2020-11-11T03:52:18,30.50433,-79.98927,11.1,357.4,359.0,NYK APOLLO,IMO9247730,HOQM,70,0,299,40,14.0,,A
369305000,2020-05-02T08:41:55,30.47829,-79.99173,16.6,0.1,355.0,MAGDALEN,IMO9652210,WDJ7547,,0,,,,,A
369305000,2020-05-02T08:43:01,30.48337,-79.99168,16.6,1.4,355.0,MAGDALEN,IMO9652210,WDJ7547,,0,,,,,A
369305000,2020-05-02T08:44:08,30.48852,-79.99161,16.5,0.6,355.0,MAGDALEN,IMO9652210,WDJ7547,,0,,,,,A
369305000,2020-05-02T08:45:13,30.49351,-79.99154,16.6,0.0,355.0,MAGDALEN,IMO9652210,WDJ7547,,0,,,,,A
369305000,2020-05-02T08:46:20,30.49856,-79.99146,16.6,0.6,354.0,MAGDALEN,IMO9652210,WDJ7547,,0,,,,,A
369305000,2020-05-02T08:47:26,30.50370,-79.99141,16.6,1.3,354.0,MAGDALEN,IMO9652210,WDJ7547,,0,,,,,A
369305000,2020-05-02T08:48:32,30.50870,-79.99138,16.6,0.5,355.0,MAGDALEN,IMO9652210,WDJ7547,,0,,,,,A
338767000,2020-12-13T04:47:10,30.47958,-79.99497,7.4,20.3,22.0,NEIL ARMSTRONG,IMO9688946,WARL,90,0,73,15,,,A
338767000,2020-12-13T04:50:30,30.48625,-79.99209,7.8,22.2,22.0,NEIL ARMSTRONG,IMO9688946,WARL,90,0,73,15,,,A
338767000,2020-12-13T04:51:50,30.48902,-79.99094,7.9,19.2,22.0,NEIL ARMSTRONG,IMO9688946,WARL,90,0,73,15,,,A
338767000,2020-12-13T04:53:10,30.49182,-79.98976,8.0,18.9,22.0,NEIL ARMSTRONG,IMO9688946,WARL,90,0,73,15,,,A
338767000,2020-12-13T04:54:21,30.49426,-79.98874,8.1,19.8,21.0,NEIL ARMSTRONG,IMO9688946,WARL,90,0,73,15,,,A
338767000,2020-12-13T04:56:51,30.49949,-79.98653,7.9,18.6,23.0,NEIL ARMSTRONG,IMO9688946,WARL,90,0,73,15,,,A
338767000,2020-12-13T05:00:49,30.50771,-79.98310,8.0,20.5,23.0,NEIL ARMSTRONG,IMO9688946,WARL,90,0,73,15,,,A
338767000,2020-12-13T05:37:20,30.50497,-79.99824,7.7,199.4,198.0,NEIL ARMSTRONG,IMO9688946,WARL,90,0,73,15,,,A
338767000,2020-12-13T05:40:10,30.49926,-80.00067,7.6,198.1,198.0,NEIL ARMSTRONG,IMO9688946,WARL,90,0,73,15,,,A
338767000,2020-12-13T05:45:20,30.48877,-80.00505,7.7,198.2,200.0,NEIL ARMSTRONG,IMO9688946,WARL,90,0,73,15,,,A
338767000,2020-12-13T06:21:39,30.48191,-80.02179,7.9,20.9,24.0,NEIL ARMSTRONG,IMO9688946,WARL,90,0,73,15,,,A
338767000,2020-12-13T06:22:51,30.48431,-80.02076,7.9,20.6,24.0,NEIL ARMSTRONG,IMO9688946,WARL,90,0,73,15,,,A
338767000,2020-12-13T06:24:01,30.48670,-80.01975,7.8,21.2,24.0,NEIL ARMSTRONG,IMO9688946,WARL,90,0,73,15,,,A
338767000,2020-12-13T06:25:40,30.49009,-80.01832,7.8,20.0,25.0,NEIL ARMSTRONG,IMO9688946,WARL,90,0,73,15,,,A
338767000,2020-12-13T06:27:00,30.49287,-80.01716,7.9,19.6,25.0,NEIL ARMSTRONG,IMO9688946,WARL,90,0,73,15,,,A
338767000,2020-12-13T06:28:30,30.49591,-80.01588,7.8,19.8,25.0,NEIL ARMSTRONG,IMO9688946,WARL,90,0,73,15,,,A
338767000,2020-12-13T06:29:40,30.49833,-80.01488,7.8,19.7,23.0,NEIL ARMSTRONG,IMO9688946,WARL,90,0,73,15,,,A
338767000,2020-12-13T06:31:21,30.50184,-80.01340,8.0,19.9,24.0,NEIL ARMSTRONG,IMO9688946,WARL,90,0,73,15,,,A
338767000,2020-12-13T06:32:31,30.50426,-80.01237,7.9,19.1,25.0,NEIL ARMSTRONG,IMO9688946,WARL,90,0,73,15,,,A
338767000,2020-12-13T06:34:51,30.50906,-80.01035,7.9,19.2,25.0,NEIL ARMSTRONG,IMO9688946,WARL,90,0,73,15,,,A
338767000,2020-12-13T09:38:10,30.48888,-80.02325,9.2,54.0,65.0,NEIL ARMSTRONG,IMO9688946,WARL,90,0,73,15,,,A
338767000,2020-12-13T09:40:11,30.49187,-80.01842,9.2,54.2,65.0,NEIL ARMSTRONG,IMO9688946,WARL,90,0,73,15,,,A
338767000,2020-12-13T09:42:11,30.49484,-80.01362,8.8,53.8,68.0,NEIL ARMSTRONG,IMO9688946,WARL,90,0,73,15,,,A
338767000,2020-12-13T09:43:40,30.49689,-80.01018,8.5,56.9,76.0,NEIL ARMSTRONG,IMO9688946,WARL,90,0,73,15,,,A
338767000,2020-12-13T09:45:40,30.49892,-80.00558,6.9,66.8,96.0,NEIL ARMSTRONG,IMO9688946,WARL,90,0,73,15,,,A
338767000,2020-12-13T09:46:57,30.49917,-80.00341,4.1,95.0,141.0,NEIL ARMSTRONG,IMO9688946,WARL,90,0,73,15,,,A
338767000,2020-12-13T09:48:00,30.49874,-80.00272,1.7,161.8,192.0,NEIL ARMSTRONG,IMO9688946,WARL,90,0,73,15,,,A
338767000,2020-12-13T09:50:30,30.49853,-80.00307,0.1,309.0,195.0,NEIL ARMSTRONG,IMO9688946,WARL,90,0,73,15,,,A
338767000,2020-12-13T09:52:30,30.49854,-80.00308,0.0,309.0,189.0,NEIL ARMSTRONG,IMO9688946,WARL,90,0,73,15,,,A
338767000,2020-12-13T09:54:21,30.49853,-80.00299,0.0,309.0,188.0,NEIL ARMSTRONG,IMO9688946,WARL,90,0,73,15,,,A
338767000,2020-12-13T09:55:30,30.49850,-80.00294,0.0,309.0,188.0,NEIL ARMSTRONG,IMO9688946,WARL,90,0,73,15,,,A
338767000,2020-12-13T09:56:31,30.49848,-80.00292,0.0,309.0,188.0,NEIL ARMSTRONG,IMO9688946,WARL,90,0,73,15,,,A
338767000,2020-12-13T09:57:40,30.49849,-80.00288,0.0,309.0,188.0,NEIL ARMSTRONG,IMO9688946,WARL,90,0,73,15,,,A
338767000,2020-12-13T09:58:50,30.49848,-80.00283,0.0,309.0,188.0,NEIL ARMSTRONG,IMO9688946,WARL,90,0,73,15,,,A
338767000,2020-12-13T10:00:00,30.49847,-80.00280,0.0,309.0,188.0,NEIL ARMSTRONG,IMO9688946,WARL,90,0,73,15,,,A
338767000,2020-12-13T10:00:00,30.49847,-80.00280,0.0,309.0,188.0,NEIL ARMSTRONG,IMO9688946,WARL,90,0,73,15,,,A
338767000,2020-12-13T10:01:11,30.49829,-80.00278,0.7,167.6,186.0,NEIL ARMSTRONG,IMO9688946,WARL,90,0,73,15,,,A
338767000,2020-12-13T10:02:19,30.49806,-80.00271,0.8,167.4,186.0,NEIL ARMSTRONG,IMO9688946,WARL,90,0,73,15,,,A
338767000,2020-12-13T10:03:29,30.49782,-80.00268,0.7,180.1,189.0,NEIL ARMSTRONG,IMO9688946,WARL,90,0,73,15,,,A
338767000,2020-12-13T10:04:30,30.49763,-80.00266,0.6,173.5,188.0,NEIL ARMSTRONG,IMO9688946,WARL,90,0,73,15,,,A
338767000,2020-12-13T10:05:40,30.49759,-80.00264,0.0,170.9,186.0,NEIL ARMSTRONG,IMO9688946,WARL,90,0,73,15,,,A
338767000,2020-12-13T10:06:50,30.49757,-80.00252,0.0,170.9,186.0,NEIL ARMSTRONG,IMO9688946,WARL,90,0,73,15,,,A
338767000,2020-12-13T10:08:01,30.49755,-80.00242,0.0,170.9,186.0,NEIL ARMSTRONG,IMO9688946,WARL,90,0,73,15,,,A
338767000,2020-12-13T10:09:30,30.49756,-80.00230,0.0,170.9,185.0,NEIL ARMSTRONG,IMO9688946,WARL,90,0,73,15,,,A
338767000,2020-12-13T10:10:39,30.49755,-80.00219,0.0,170.9,188.0,NEIL ARMSTRONG,IMO9688946,WARL,90,0,73,15,,,A
338767000,2020-12-13T10:12:00,30.49756,-80.00209,0.1,109.9,188.0,NEIL ARMSTRONG,IMO9688946,WARL,90,0,73,15,,,A
338767000,2020-12-13T10:13:10,30.49754,-80.00202,0.1,109.9,188.0,NEIL ARMSTRONG,IMO9688946,WARL,90,0,73,15,,,A
338767000,2020-12-13T10:14:39,30.49753,-80.00192,0.0,109.9,190.0,NEIL ARMSTRONG,IMO9688946,WARL,90,0,73,15,,,A
338767000,2020-12-13T10:15:51,30.49748,-80.00184,0.0,109.9,189.0,NEIL ARMSTRONG,IMO9688946,WARL,90,0,73,15,,,A
338767000,2020-12-13T10:16:59,30.49750,-80.00175,0.0,109.9,190.0,NEIL ARMSTRONG,IMO9688946,WARL,90,0,73,15,,,A
338767000,2020-12-13T10:18:00,30.49749,-80.00170,0.0,107.6,190.0,NEIL ARMSTRONG,IMO9688946,WARL,90,0,73,15,,,A
338767000,2020-12-13T10:19:30,30.49746,-80.00164,0.0,107.6,195.0,NEIL ARMSTRONG,IMO9688946,WARL,90,0,73,15,,,A
338767000,2020-12-13T10:20:50,30.49746,-80.00164,0.0,107.6,195.0,NEIL ARMSTRONG,IMO9688946,WARL,90,0,73,15,,,A
338767000,2020-12-13T10:22:00,30.49748,-80.00165,0.0,107.6,195.0,NEIL ARMSTRONG,IMO9688946,WARL,90,0,73,15,,,A
338767000,2020-12-13T10:23:31,30.49746,-80.00164,0.0,107.6,195.0,NEIL ARMSTRONG,IMO9688946,WARL,90,0,73,15,,,A
338767000,2020-12-13T10:24:40,30.49747,-80.00165,0.0,107.6,195.0,NEIL ARMSTRONG,IMO9688946,WARL,90,0,73,15,,,A
338767000,2020-12-13T10:26:59,30.49747,-80.00165,0.0,107.6,195.0,NEIL ARMSTRONG,IMO9688946,WARL,90,0,73,15,,,A
338767000,2020-12-13T10:28:10,30.49749,-80.00164,0.0,107.6,195.0,NEIL ARMSTRONG,IMO9688946,WARL,90,0,73,15,,,A
338767000,2020-12-13T10:29:20,30.49747,-80.00164,0.0,107.6,195.0,NEIL ARMSTRONG,IMO9688946,WARL,90,0,73,15,,,A
338767000,2020-12-13T10:30:50,30.49746,-80.00164,0.0,107.6,195.0,NEIL ARMSTRONG,IMO9688946,WARL,90,0,73,15,,,A
338767000,2020-12-13T10:32:00,30.49746,-80.00165,0.0,107.6,195.0,NEIL ARMSTRONG,IMO9688946,WARL,90,0,73,15,,,A
338767000,2020-12-13T10:33:21,30.49746,-80.00167,0.0,107.6,195.0,NEIL ARMSTRONG,IMO9688946,WARL,90,0,73,15,,,A
338767000,2020-12-13T10:34:50,30.49745,-80.00166,0.0,107.6,195.0,NEIL ARMSTRONG,IMO9688946,WARL,90,0,73,15,,,A
338767000,2020-12-13T10:37:09,30.49747,-80.00166,0.0,107.6,195.0,NEIL ARMSTRONG,IMO9688946,WARL,90,0,73,15,,,A
338767000,2020-12-13T10:38:19,30.49746,-80.00165,0.1,107.6,195.0,NEIL ARMSTRONG,IMO9688946,WARL,90,0,73,15,,,A
338767000,2020-12-13T10:39:40,30.49748,-80.00165,0.0,107.6,195.0,NEIL ARMSTRONG,IMO9688946,WARL,90,0,73,15,,,A
338767000,2020-12-13T10:40:50,30.49746,-80.00165,0.0,107.6,195.0,NEIL ARMSTRONG,IMO9688946,WARL,90,0,73,15,,,A
338767000,2020-12-13T10:42:09,30.49747,-80.00165,0.0,107.6,195.0,NEIL ARMSTRONG,IMO9688946,WARL,90,0,73,15,,,A
338767000,2020-12-13T10:43:20,30.49749,-80.00165,0.0,107.6,195.0,NEIL ARMSTRONG,IMO9688946,WARL,90,0,73,15,,,A
338767000,2020-12-13T10:45:00,30.49747,-80.00167,0.0,107.6,195.0,NEIL ARMSTRONG,IMO9688946,WARL,90,0,73,15,,,A
338767000,2020-12-13T10:47:10,30.49747,-80.00166,0.0,107.6,195.0,NEIL ARMSTRONG,IMO9688946,WARL,90,0,73,15,,,A
338767000,2020-12-13T10:48:21,30.49748,-80.00164,0.0,107.6,195.0,NEIL ARMSTRONG,IMO9688946,WARL,90,0,73,15,,,A
338767000,2020-12-13T10:51:10,30.49748,-80.00166,0.0,107.6,195.0,NEIL ARMSTRONG,IMO9688946,WARL,90,0,73,15,,,A
338767000,2020-12-13T10:52:59,30.49747,-80.00165,0.0,107.6,195.0,NEIL ARMSTRONG,IMO9688946,WARL,90,0,73,15,,,A
338767000,2020-12-13T10:54:50,30.49745,-80.00165,0.0,107.6,196.0,NEIL ARMSTRONG,IMO9688946,WARL,90,0,73,15,,,A
338767000,2020-12-13T10:55:59,30.49744,-80.00165,0.0,107.6,195.0,NEIL ARMSTRONG,IMO9688946,WARL,90,0,73,15,,,A
338767000,2020-12-13T10:57:50,30.49742,-80.00167,0.0,107.6,195.0,NEIL ARMSTRONG,IMO9688946,WARL,90,0,73,15,,,A
338767000,2020-12-13T10:59:21,30.49743,-80.00165,0.0,107.6,195.0,NEIL ARMSTRONG,IMO9688946,WARL,90,0,73,15,,,A
338767000,2020-12-13T11:00:11,30.49744,-80.00166,0.0,107.6,195.0,NEIL ARMSTRONG,IMO9688946,WARL,90,0,73,15,,,A
338767000,2020-12-13T11:01:21,30.49745,-80.00166,0.0,107.6,195.0,NEIL ARMSTRONG,IMO9688946,WARL,90,0,73,15,,,A
338767000,2020-12-13T11:02:39,30.49748,-80.00166,0.0,107.6,195.0,NEIL ARMSTRONG,IMO9688946,WARL,90,0,73,15,,,A
338767000,2020-12-13T11:03:40,30.49749,-80.00166,0.0,107.6,195.0,NEIL ARMSTRONG,IMO9688946,WARL,90,0,73,15,,,A
338767000,2020-12-13T11:04:51,30.49748,-80.00166,0.0,107.6,195.0,NEIL ARMSTRONG,IMO9688946,WARL,90,0,73,15,,,A
338767000,2020-12-13T11:06:10,30.49748,-80.00165,0.0,107.6,195.0,NEIL ARMSTRONG,IMO9688946,WARL,90,0,73,15,,,A
338767000,2020-12-13T11:07:20,30.49748,-80.00164,0.0,107.6,196.0,NEIL ARMSTRONG,IMO9688946,WARL,90,0,73,15,,,A
338767000,2020-12-13T11:08:29,30.49748,-80.00163,0.0,107.6,195.0,NEIL ARMSTRONG,IMO9688946,WARL,90,0,73,15,,,A
338767000,2020-12-13T11:09:41,30.49747,-80.00163,0.0,107.6,194.0,NEIL ARMSTRONG,IMO9688946,WARL,90,0,73,15,,,A
338767000,2020-12-13T11:10:51,30.49747,-80.00163,0.0,107.6,194.0,NEIL ARMSTRONG,IMO9688946,WARL,90,0,73,15,,,A
338767000,2020-12-13T11:12:00,30.49746,-80.00162,0.0,107.6,196.0,NEIL ARMSTRONG,IMO9688946,WARL,90,0,73,15,,,A
338767000,2020-12-13T11:13:31,30.49744,-80.00164,0.0,107.6,195.0,NEIL ARMSTRONG,IMO9688946,WARL,90,0,73,15,,,A
338767000,2020-12-13T11:15:10,30.49747,-80.00168,0.0,107.6,195.0,NEIL ARMSTRONG,IMO9688946,WARL,90,0,73,15,,,A
338767000,2020-12-13T11:16:20,30.49748,-80.00165,0.0,107.6,195.0,NEIL ARMSTRONG,IMO9688946,WARL,90,0,73,15,,,A
338767000,2020-12-13T11:17:41,30.49746,-80.00165,0.0,107.6,195.0,NEIL ARMSTRONG,IMO9688946,WARL,90,0,73,15,,,A
338767000,2020-12-13T11:19:29,30.49746,-80.00164,0.0,107.6,195.0,NEIL ARMSTRONG,IMO9688946,WARL,90,0,73,15,,,A
338767000,2020-12-13T11:20:51,30.49746,-80.00165,0.0,107.6,195.0,NEIL ARMSTRONG,IMO9688946,WARL,90,0,73,15,,,A
338767000,2020-12-13T11:22:29,30.49747,-80.00165,0.0,107.6,194.0,NEIL ARMSTRONG,IMO9688946,WARL,90,0,73,15,,,A
338767000,2020-12-13T11:25:29,30.49747,-80.00165,0.0,107.6,195.0,NEIL ARMSTRONG,IMO9688946,WARL,90,0,73,15,,,A
338767000,2020-12-13T11:27:01,30.49747,-80.00166,0.0,107.6,196.0,NEIL ARMSTRONG,IMO9688946,WARL,90,0,73,15,,,A
338767000,2020-12-13T11:28:10,30.49746,-80.00164,0.0,107.6,195.0,NEIL ARMSTRONG,IMO9688946,WARL,90,0,73,15,,,A
338767000,2020-12-13T11:29:30,30.49747,-80.00161,0.0,107.6,195.0,NEIL ARMSTRONG,IMO9688946,WARL,90,0,73,15,,,A
338767000,2020-12-13T11:31:00,30.49746,-80.00162,0.0,107.6,196.0,NEIL ARMSTRONG,IMO9688946,WARL,90,0,73,15,,,A
338767000,2020-12-13T11:32:10,30.49748,-80.00162,0.0,107.6,195.0,NEIL ARMSTRONG,IMO9688946,WARL,90,0,73,15,,,A
338767000,2020-12-13T11:33:21,30.49748,-80.00162,0.0,107.6,195.0,NEIL ARMSTRONG,IMO9688946,WARL,90,0,73,15,,,A
338767000,2020-12-13T11:34:31,30.49746,-80.00164,0.0,107.6,195.0,NEIL ARMSTRONG,IMO9688946,WARL,90,0,73,15,,,A
338767000,2020-12-13T11:36:10,30.49746,-80.00164,0.0,107.6,195.0,NEIL ARMSTRONG,IMO9688946,WARL,90,0,73,15,,,A
338767000,2020-12-13T11:37:21,30.49748,-80.00164,0.0,107.6,195.0,NEIL ARMSTRONG,IMO9688946,WARL,90,0,73,15,,,A
338767000,2020-12-13T11:38:31,30.49749,-80.00165,0.0,107.6,195.0,NEIL ARMSTRONG,IMO9688946,WARL,90,0,73,15,,,A
338767000,2020-12-13T11:40:00,30.49747,-80.00165,0.0,107.6,196.0,NEIL ARMSTRONG,IMO9688946,WARL,90,0,73,15,,,A
338767000,2020-12-13T11:41:50,30.49745,-80.00166,0.0,107.6,195.0,NEIL ARMSTRONG,IMO9688946,WARL,90,0,73,15,,,A
338767000,2020-12-13T11:43:31,30.49743,-80.00165,0.0,107.6,195.0,NEIL ARMSTRONG,IMO9688946,WARL,90,0,73,15,,,A
338767000,2020-12-13T11:44:50,30.49738,-80.00165,0.0,107.6,196.0,NEIL ARMSTRONG,IMO9688946,WARL,90,0,73,15,,,A
338767000,2020-12-13T11:46:50,30.49744,-80.00164,0.0,107.6,195.0,NEIL ARMSTRONG,IMO9688946,WARL,90,0,73,15,,,A
338767000,2020-12-13T11:48:00,30.49746,-80.00165,0.0,107.6,195.0,NEIL ARMSTRONG,IMO9688946,WARL,90,0,73,15,,,A
338767000,2020-12-13T11:51:10,30.49747,-80.00165,0.0,107.6,195.0,NEIL ARMSTRONG,IMO9688946,WARL,90,0,73,15,,,A
338767000,2020-12-13T11:53:51,30.49745,-80.00169,0.0,107.6,195.0,NEIL ARMSTRONG,IMO9688946,WARL,90,0,73,15,,,A
338767000,2020-12-13T11:54:59,30.49746,-80.00167,0.0,107.6,195.0,NEIL ARMSTRONG,IMO9688946,WARL,90,0,73,15,,,A
338767000,2020-12-13T11:57:51,30.49746,-80.00163,0.0,107.6,195.0,NEIL ARMSTRONG,IMO9688946,WARL,90,0,73,15,,,A
338767000,2020-12-13T11:58:59,30.49746,-80.00164,0.0,107.6,195.0,NEIL ARMSTRONG,IMO9688946,WARL,90,0,73,15,,,A
338767000,2020-12-13T11:59:59,30.49746,-80.00165,0.0,107.6,195.0,NEIL ARMSTRONG,IMO9688946,WARL,90,0,73,15,,,A
338767000,2020-12-13T12:01:51,30.49744,-80.00166,0.0,107.6,195.0,NEIL ARMSTRONG,IMO9688946,WARL,90,0,73,15,,,A
338767000,2020-12-13T12:02:59,30.49743,-80.00163,0.0,107.6,195.0,NEIL ARMSTRONG,IMO9688946,WARL,90,0,73,15,,,A
338767000,2020-12-13T12:04:11,30.49742,-80.00163,0.0,107.6,195.0,NEIL ARMSTRONG,IMO9688946,WARL,90,0,73,15,,,A
338767000,2020-12-13T12:05:30,30.49743,-80.00165,0.0,107.6,195.0,NEIL ARMSTRONG,IMO9688946,WARL,90,0,73,15,,,A
338767000,2020-12-13T12:06:50,30.49747,-80.00165,0.0,107.6,196.0,NEIL ARMSTRONG,IMO9688946,WARL,90,0,73,15,,,A
338767000,2020-12-13T12:08:01,30.49747,-80.00164,0.1,107.6,195.0,NEIL ARMSTRONG,IMO9688946,WARL,90,0,73,15,,,A
338767000,2020-12-13T12:09:11,30.49748,-80.00165,0.0,107.6,194.0,NEIL ARMSTRONG,IMO9688946,WARL,90,0,73,15,,,A
338767000,2020-12-13T12:10:31,30.49749,-80.00163,0.0,107.6,195.0,NEIL ARMSTRONG,IMO9688946,WARL,90,0,73,15,,,A
338767000,2020-12-13T12:11:41,30.49749,-80.00161,0.0,107.6,195.0,NEIL ARMSTRONG,IMO9688946,WARL,90,0,73,15,,,A
338767000,2020-12-13T12:13:11,30.49747,-80.00164,0.0,107.6,195.0,NEIL ARMSTRONG,IMO9688946,WARL,90,0,73,15,,,A
338767000,2020-12-13T12:14:30,30.49745,-80.00163,0.0,107.6,195.0,NEIL ARMSTRONG,IMO9688946,WARL,90,0,73,15,,,A
338767000,2020-12-13T12:15:40,30.49746,-80.00164,0.0,107.6,195.0,NEIL ARMSTRONG,IMO9688946,WARL,90,0,73,15,,,A
338767000,2020-12-13T12:17:00,30.49749,-80.00164,0.0,107.6,196.0,NEIL ARMSTRONG,IMO9688946,WARL,90,0,73,15,,,A
338767000,2020-12-13T12:18:20,30.49750,-80.00165,0.0,107.6,195.0,NEIL ARMSTRONG,IMO9688946,WARL,90,0,73,15,,,A
338767000,2020-12-13T12:19:40,30.49749,-80.00167,0.0,107.6,195.0,NEIL ARMSTRONG,IMO9688946,WARL,90,0,73,15,,,A
338767000,2020-12-13T12:21:20,30.49747,-80.00167,0.0,107.6,195.0,NEIL ARMSTRONG,IMO9688946,WARL,90,0,73,15,,,A
338767000,2020-12-13T12:22:29,30.49749,-80.00167,0.0,349.0,195.0,NEIL ARMSTRONG,IMO9688946,WARL,90,0,73,15,,,A
338767000,2020-12-13T12:24:11,30.49751,-80.00166,0.0,349.0,195.0,NEIL ARMSTRONG,IMO9688946,WARL,90,0,73,15,,,A
338767000,2020-12-13T12:25:20,30.49748,-80.00166,0.0,349.0,196.0,NEIL ARMSTRONG,IMO9688946,WARL,90,0,73,15,,,A
338767000,2020-12-13T12:26:31,30.49749,-80.00168,0.1,117.6,195.0,NEIL ARMSTRONG,IMO9688946,WARL,90,0,73,15,,,A
338767000,2020-12-13T12:27:40,30.49747,-80.00168,0.1,117.6,195.0,NEIL ARMSTRONG,IMO9688946,WARL,90,0,73,15,,,A
338767000,2020-12-13T12:28:51,30.49748,-80.00168,0.0,117.6,195.0,NEIL ARMSTRONG,IMO9688946,WARL,90,0,73,15,,,A
338767000,2020-12-13T12:30:00,30.49750,-80.00165,0.0,117.6,196.0,NEIL ARMSTRONG,IMO9688946,WARL,90,0,73,15,,,A
338767000,2020-12-13T12:31:20,30.49748,-80.00167,0.0,117.6,195.0,NEIL ARMSTRONG,IMO9688946,WARL,90,0,73,15,,,A
338767000,2020-12-13T12:32:50,30.49749,-80.00169,0.0,117.6,196.0,NEIL ARMSTRONG,IMO9688946,WARL,90,0,73,15,,,A
338767000,2020-12-13T12:34:50,30.49746,-80.00168,0.0,117.6,194.0,NEIL ARMSTRONG,IMO9688946,WARL,90,0,73,15,,,A
338767000,2020-12-13T12:36:00,30.49748,-80.00166,0.0,117.6,195.0,NEIL ARMSTRONG,IMO9688946,WARL,90,0,73,15,,,A
338767000,2020-12-13T12:38:50,30.49748,-80.00165,0.0,117.6,195.0,NEIL ARMSTRONG,IMO9688946,WARL,90,0,73,15,,,A
338767000,2020-12-13T12:40:31,30.49747,-80.00166,0.0,117.6,195.0,NEIL ARMSTRONG,IMO9688946,WARL,90,0,73,15,,,A
338767000,2020-12-13T12:42:11,30.49748,-80.00167,0.0,117.6,195.0,NEIL ARMSTRONG,IMO9688946,WARL,90,0,73,15,,,A
338767000,2020-12-13T12:43:59,30.49748,-80.00167,0.0,117.6,195.0,NEIL ARMSTRONG,IMO9688946,WARL,90,0,73,15,,,A
338767000,2020-12-13T12:45:11,30.49750,-80.00165,0.0,117.6,195.0,NEIL ARMSTRONG,IMO9688946,WARL,90,3,73,15,,,A
338767000,2020-12-13T12:48:00,30.49757,-80.00161,0.7,29.6,195.0,NEIL ARMSTRONG,IMO9688946,WARL,90,3,73,15,,,A
338767000,2020-12-13T12:50:10,30.49795,-80.00132,0.5,36.9,195.0,NEIL ARMSTRONG,IMO9688946,WARL,90,3,73,15,,,A
338767000,2020-12-13T12:51:20,30.49808,-80.00118,0.7,32.7,195.0,NEIL ARMSTRONG,IMO9688946,WARL,90,3,73,15,,,A
338767000,2020-12-13T12:52:30,30.49840,-80.00099,1.2,26.4,194.0,NEIL ARMSTRONG,IMO9688946,WARL,90,3,73,15,,,A
338767000,2020-12-13T12:54:41,30.49912,-80.00054,1.5,28.9,196.0,NEIL ARMSTRONG,IMO9688946,WARL,90,3,73,15,,,A
338767000,2020-12-13T12:57:29,30.50007,-79.99987,1.4,27.1,196.0,NEIL ARMSTRONG,IMO9688946,WARL,90,3,73,15,,,A
338767000,2020-12-13T12:59:59,30.50099,-79.99929,1.6,27.8,195.0,NEIL ARMSTRONG,IMO9688946,WARL,90,3,73,15,,,A
338767000,2020-12-13T12:59:59,30.50099,-79.99929,1.6,27.8,195.0,NEIL ARMSTRONG,IMO9688946,WARL,90,3,73,15,,,A
338767000,2020-12-13T13:01:11,30.50125,-79.99922,0.6,354.4,196.0,NEIL ARMSTRONG,IMO9688946,WARL,90,3,73,15,,,A
338767000,2020-12-13T13:02:59,30.50164,-79.99927,1.0,4.7,194.0,NEIL ARMSTRONG,IMO9688946,WARL,90,3,73,15,,,A
338767000,2020-12-13T13:04:51,30.50204,-79.99931,1.6,358.6,197.0,NEIL ARMSTRONG,IMO9688946,WARL,90,3,73,15,,,A
338767000,2020-12-13T13:05:59,30.50243,-79.99937,1.6,349.6,195.0,NEIL ARMSTRONG,IMO9688946,WARL,90,3,73,15,,,A
338767000,2020-12-13T13:07:11,30.50291,-79.99940,1.5,4.7,193.0,NEIL ARMSTRONG,IMO9688946,WARL,90,3,73,15,,,A
338767000,2020-12-13T13:08:20,30.50330,-79.99932,0.8,12.7,194.0,NEIL ARMSTRONG,IMO9688946,WARL,90,3,73,15,,,A
338767000,2020-12-13T13:09:30,30.50333,-79.99927,0.0,15.6,196.0,NEIL ARMSTRONG,IMO9688946,WARL,90,3,73,15,,,A
338767000,2020-12-13T13:10:51,30.50282,-79.99941,1.7,194.3,196.0,NEIL ARMSTRONG,IMO9688946,WARL,90,3,73,15,,,A
338767000,2020-12-13T13:12:10,30.50199,-79.99964,2.8,196.2,196.0,NEIL ARMSTRONG,IMO9688946,WARL,90,3,73,15,,,A
338767000,2020-12-13T13:13:20,30.50096,-79.99997,3.4,194.8,196.0,NEIL ARMSTRONG,IMO9688946,WARL,90,3,73,15,,,A
338767000,2020-12-13T13:14:31,30.49972,-80.00036,4.2,196.3,196.0,NEIL ARMSTRONG,IMO9688946,WARL,90,3,73,15,,,A
338767000,2020-12-13T13:16:10,30.49767,-80.00100,4.7,196.4,196.0,NEIL ARMSTRONG,IMO9688946,WARL,90,3,73,15,,,A
338767000,2020-12-13T13:17:19,30.49648,-80.00138,2.8,194.5,196.0,NEIL ARMSTRONG,IMO9688946,WARL,90,3,73,15,,,A
338767000,2020-12-13T13:18:31,30.49572,-80.00161,1.8,194.7,196.0,NEIL ARMSTRONG,IMO9688946,WARL,90,3,73,15,,,A
338767000,2020-12-13T13:19:41,30.49550,-80.00168,0.1,196.1,197.0,NEIL ARMSTRONG,IMO9688946,WARL,90,3,73,15,,,A
338767000,2020-12-13T13:20:50,30.49553,-80.00165,0.0,196.1,196.0,NEIL ARMSTRONG,IMO9688946,WARL,90,3,73,15,,,A
338767000,2020-12-13T13:22:00,30.49554,-80.00163,0.0,196.1,197.0,NEIL ARMSTRONG,IMO9688946,WARL,90,3,73,15,,,A
338767000,2020-12-13T13:23:09,30.49554,-80.00165,0.0,196.1,198.0,NEIL ARMSTRONG,IMO9688946,WARL,90,3,73,15,,,A
338767000,2020-12-13T13:24:21,30.49553,-80.00166,0.0,196.1,200.0,NEIL ARMSTRONG,IMO9688946,WARL,90,3,73,15,,,A
338767000,2020-12-13T13:25:30,30.49554,-80.00166,0.0,196.1,200.0,NEIL ARMSTRONG,IMO9688946,WARL,90,3,73,15,,,A
338767000,2020-12-13T13:26:40,30.49551,-80.00166,0.0,196.1,200.0,NEIL ARMSTRONG,IMO9688946,WARL,90,3,73,15,,,A
338767000,2020-12-13T13:27:50,30.49550,-80.00166,0.0,196.1,200.0,NEIL ARMSTRONG,IMO9688946,WARL,90,3,73,15,,,A
338767000,2020-12-13T13:28:59,30.49550,-80.00165,0.0,196.1,199.0,NEIL ARMSTRONG,IMO9688946,WARL,90,3,73,15,,,A
338767000,2020-12-13T13:30:11,30.49550,-80.00164,0.0,196.1,201.0,NEIL ARMSTRONG,IMO9688946,WARL,90,3,73,15,,,A
338767000,2020-12-13T13:31:29,30.49550,-80.00165,0.0,196.1,200.0,NEIL ARMSTRONG,IMO9688946,WARL,90,3,73,15,,,A
338767000,2020-12-13T13:33:29,30.49551,-80.00168,0.0,196.1,200.0,NEIL ARMSTRONG,IMO9688946,WARL,90,3,73,15,,,A
338767000,2020-12-13T13:34:40,30.49551,-80.00167,0.0,196.1,200.0,NEIL ARMSTRONG,IMO9688946,WARL,90,3,73,15,,,A
338767000,2020-12-13T13:35:50,30.49553,-80.00166,0.0,196.1,200.0,NEIL ARMSTRONG,IMO9688946,WARL,90,3,73,15,,,A
338767000,2020-12-13T13:36:59,30.49552,-80.00164,0.0,196.1,200.0,NEIL ARMSTRONG,IMO9688946,WARL,90,3,73,15,,,A
338767000,2020-12-13T13:38:01,30.49550,-80.00165,0.0,196.1,200.0,NEIL ARMSTRONG,IMO9688946,WARL,90,3,73,15,,,A
338767000,2020-12-13T13:39:31,30.49533,-80.00174,1.7,200.5,200.0,NEIL ARMSTRONG,IMO9688946,WARL,90,3,73,15,,,A
338767000,2020-12-13T13:40:39,30.49449,-80.00212,3.7,202.3,203.0,NEIL ARMSTRONG,IMO9688946,WARL,90,3,73,15,,,A
338767000,2020-12-13T13:42:01,30.49280,-80.00294,5.3,200.6,200.0,NEIL ARMSTRONG,IMO9688946,WARL,90,3,73,15,,,A
338767000,2020-12-13T13:43:49,30.49014,-80.00426,5.9,206.5,205.0,NEIL ARMSTRONG,IMO9688946,WARL,90,3,73,15,,,A
338767000,2020-12-13T13:45:11,30.48806,-80.00541,6.0,203.1,203.0,NEIL ARMSTRONG,IMO9688946,WARL,90,3,73,15,,,A
338767000,2020-12-13T13:46:21,30.48623,-80.00628,6.4,202.2,202.0,NEIL ARMSTRONG,IMO9688946,WARL,90,3,73,15,,,A
338767000,2020-12-13T13:48:11,30.48312,-80.00765,6.5,201.1,201.0,NEIL ARMSTRONG,IMO9688946,WARL,90,3,73,15,,,A
338767000,2020-12-13T13:49:31,30.48092,-80.00865,6.3,205.0,205.0,NEIL ARMSTRONG,IMO9688946,WARL,90,3,73,15,,,A
338767000,2020-12-13T13:50:39,30.47910,-80.00963,6.1,203.9,204.0,NEIL ARMSTRONG,IMO9688946,WARL,90,3,73,15,,,A
338767000,2020-12-13T14:59:40,30.47700,-80.00986,1.7,30.8,200.0,NEIL ARMSTRONG,IMO9688946,WARL,90,3,73,15,,,A
338767000,2020-12-13T15:00:20,30.47730,-80.00967,1.8,34.2,200.0,NEIL ARMSTRONG,IMO9688946,WARL,90,3,73,15,,,A
338767000,2020-12-13T15:01:30,30.47781,-80.00926,1.9,33.7,200.0,NEIL ARMSTRONG,IMO9688946,WARL,90,3,73,15,,,A
338767000,2020-12-13T15:02:49,30.47837,-80.00888,2.0,30.0,200.0,NEIL ARMSTRONG,IMO9688946,WARL,90,3,73,15,,,A
338767000,2020-12-13T15:03:59,30.47901,-80.00850,2.0,28.9,200.0,NEIL ARMSTRONG,IMO9688946,WARL,90,3,73,15,,,A
338767000,2020-12-13T15:05:11,30.47959,-80.00812,2.1,29.4,200.0,NEIL ARMSTRONG,IMO9688946,WARL,90,3,73,15,,,A
338767000,2020-12-13T15:06:21,30.48022,-80.00772,2.2,28.0,200.0,NEIL ARMSTRONG,IMO9688946,WARL,90,3,73,15,,,A
338767000,2020-12-13T15:08:01,30.48113,-80.00715,2.2,28.4,201.0,NEIL ARMSTRONG,IMO9688946,WARL,90,3,73,15,,,A
338767000,2020-12-13T15:09:11,30.48176,-80.00677,2.2,27.2,200.0,NEIL ARMSTRONG,IMO9688946,WARL,90,3,73,15,,,A
338767000,2020-12-13T15:10:20,30.48232,-80.00637,2.2,30.2,200.0,NEIL ARMSTRONG,IMO9688946,WARL,90,3,73,15,,,A
338767000,2020-12-13T15:12:01,30.48318,-80.00580,2.1,28.6,199.0,NEIL ARMSTRONG,IMO9688946,WARL,90,3,73,15,,,A
338767000,2020-12-13T15:13:20,30.48382,-80.00541,2.0,29.6,200.0,NEIL ARMSTRONG,IMO9688946,WARL,90,3,73,15,,,A
338767000,2020-12-13T15:14:30,30.48423,-80.00510,1.2,36.4,200.0,NEIL ARMSTRONG,IMO9688946,WARL,90,3,73,15,,,A
338767000,2020-12-13T15:15:40,30.48432,-80.00492,0.1,64.4,201.0,NEIL ARMSTRONG,IMO9688946,WARL,90,3,73,15,,,A
338767000,2020-12-13T15:16:51,30.48435,-80.00484,0.0,97.3,201.0,NEIL ARMSTRONG,IMO9688946,WARL,90,3,73,15,,,A
338767000,2020-12-13T15:18:00,30.48433,-80.00481,0.0,97.3,200.0,NEIL ARMSTRONG,IMO9688946,WARL,90,3,73,15,,,A
338767000,2020-12-13T15:19:09,30.48435,-80.00483,0.0,97.3,200.0,NEIL ARMSTRONG,IMO9688946,WARL,90,3,73,15,,,A
338767000,2020-12-13T15:20:31,30.48435,-80.00485,0.0,97.3,200.0,NEIL ARMSTRONG,IMO9688946,WARL,90,3,73,15,,,A
338767000,2020-12-13T15:21:40,30.48435,-80.00485,0.0,97.3,200.0,NEIL ARMSTRONG,IMO9688946,WARL,90,3,73,15,,,A
338767000,2020-12-13T15:23:00,30.48450,-80.00479,0.3,13.3,200.0,NEIL ARMSTRONG,IMO9688946,WARL,90,3,73,15,,,A
338767000,2020-12-13T15:24:59,30.48471,-80.00473,0.4,20.7,200.0,NEIL ARMSTRONG,IMO9688946,WARL,90,3,73,15,,,A
338767000,2020-12-13T15:26:10,30.48480,-80.00472,0.2,14.0,200.0,NEIL ARMSTRONG,IMO9688946,WARL,90,3,73,15,,,A
338767000,2020-12-13T15:27:19,30.48492,-80.00467,0.2,13.4,200.0,NEIL ARMSTRONG,IMO9688946,WARL,90,3,73,15,,,A
338767000,2020-12-13T15:28:30,30.48508,-80.00463,0.0,13.5,200.0,NEIL ARMSTRONG,IMO9688946,WARL,90,3,73,15,,,A
338767000,2020-12-13T15:30:40,30.48532,-80.00457,0.4,12.0,200.0,NEIL ARMSTRONG,IMO9688946,WARL,90,3,73,15,,,A
338767000,2020-12-13T15:31:49,30.48542,-80.00453,0.0,14.1,200.0,NEIL ARMSTRONG,IMO9688946,WARL,90,3,73,15,,,A
338767000,2020-12-13T15:32:51,30.48551,-80.00451,0.3,12.4,200.0,NEIL ARMSTRONG,IMO9688946,WARL,90,3,73,15,,,A
338767000,2020-12-13T15:35:11,30.48589,-80.00439,0.6,14.6,200.0,NEIL ARMSTRONG,IMO9688946,WARL,90,3,73,15,,,A
338767000,2020-12-13T15:37:10,30.48623,-80.00428,0.7,15.1,201.0,NEIL ARMSTRONG,IMO9688946,WARL,90,3,73,15,,,A
338767000,2020-12-13T15:39:30,30.48664,-80.00418,0.9,14.2,200.0,NEIL ARMSTRONG,IMO9688946,WARL,90,3,73,15,,,A
338767000,2020-12-13T15:41:30,30.48708,-80.00403,0.8,11.2,200.0,NEIL ARMSTRONG,IMO9688946,WARL,90,3,73,15,,,A
338767000,2020-12-13T15:42:49,30.48737,-80.00395,0.9,12.3,200.0,NEIL ARMSTRONG,IMO9688946,WARL,90,3,73,15,,,A
338767000,2020-12-13T15:44:49,30.48778,-80.00379,0.8,14.0,200.0,NEIL ARMSTRONG,IMO9688946,WARL,90,3,73,15,,,A
338767000,2020-12-13T15:46:00,30.48810,-80.00369,1.0,18.7,200.0,NEIL ARMSTRONG,IMO9688946,WARL,90,3,73,15,,,A
338767000,2020-12-13T15:47:10,30.48842,-80.00360,1.0,14.4,200.0,NEIL ARMSTRONG,IMO9688946,WARL,90,3,73,15,,,A
338767000,2020-12-13T15:48:30,30.48875,-80.00351,1.1,15.8,200.0,NEIL ARMSTRONG,IMO9688946,WARL,90,3,73,15,,,A
338767000,2020-12-13T15:49:41,30.48909,-80.00340,1.0,13.9,200.0,NEIL ARMSTRONG,IMO9688946,WARL,90,3,73,15,,,A
338767000,2020-12-13T15:50:49,30.48940,-80.00330,1.1,16.1,200.0,NEIL ARMSTRONG,IMO9688946,WARL,90,3,73,15,,,A
338767000,2020-12-13T15:52:09,30.48975,-80.00320,1.0,16.4,200.0,NEIL ARMSTRONG,IMO9688946,WARL,90,3,73,15,,,A
338767000,2020-12-13T15:53:20,30.49007,-80.00310,1.0,14.7,200.0,NEIL ARMSTRONG,IMO9688946,WARL,90,3,73,15,,,A
338767000,2020-12-13T15:54:31,30.49041,-80.00301,1.0,12.5,200.0,NEIL ARMSTRONG,IMO9688946,WARL,90,3,73,15,,,A
338767000,2020-12-13T15:55:39,30.49071,-80.00291,1.0,12.4,200.0,NEIL ARMSTRONG,IMO9688946,WARL,90,3,73,15,,,A
338767000,2020-12-13T15:57:39,30.49123,-80.00274,1.1,15.2,201.0,NEIL ARMSTRONG,IMO9688946,WARL,90,3,73,15,,,A
338767000,2020-12-13T15:58:41,30.49150,-80.00265,1.0,11.6,201.0,NEIL ARMSTRONG,IMO9688946,WARL,90,3,73,15,,,A
338767000,2020-12-13T15:59:51,30.49180,-80.00255,1.0,12.8,200.0,NEIL ARMSTRONG,IMO9688946,WARL,90,3,73,15,,,A
338767000,2020-12-13T16:00:10,30.49189,-80.00253,1.0,10.4,200.0,NEIL ARMSTRONG,IMO9688946,WARL,90,3,73,15,,,A
338767000,2020-12-13T16:01:21,30.49220,-80.00244,1.0,15.2,200.0,NEIL ARMSTRONG,IMO9688946,WARL,90,3,73,15,,,A
338767000,2020-12-13T16:02:31,30.49252,-80.00234,1.0,12.4,200.0,NEIL ARMSTRONG,IMO9688946,WARL,90,3,73,15,,,A
338767000,2020-12-13T16:03:40,30.49259,-80.00233,0.3,9.9,201.0,NEIL ARMSTRONG,IMO9688946,WARL,90,3,73,15,,,A
338767000,2020-12-13T16:04:51,30.49262,-80.00231,0.0,65.1,201.0,NEIL ARMSTRONG,IMO9688946,WARL,90,3,73,15,,,A
338767000,2020-12-13T16:05:59,30.49261,-80.00230,0.0,65.1,201.0,NEIL ARMSTRONG,IMO9688946,WARL,90,3,73,15,,,A
338767000,2020-12-13T16:07:01,30.49261,-80.00230,0.0,65.1,201.0,NEIL ARMSTRONG,IMO9688946,WARL,90,3,73,15,,,A
338767000,2020-12-13T16:08:10,30.49263,-80.00229,0.0,65.1,200.0,NEIL ARMSTRONG,IMO9688946,WARL,90,3,73,15,,,A
338767000,2020-12-13T16:09:19,30.49263,-80.00229,0.0,65.1,200.0,NEIL ARMSTRONG,IMO9688946,WARL,90,3,73,15,,,A
338767000,2020-12-13T16:10:30,30.49261,-80.00230,0.1,65.1,200.0,NEIL ARMSTRONG,IMO9688946,WARL,90,3,73,15,,,A
338767000,2020-12-13T16:11:41,30.49262,-80.00230,0.0,65.1,201.0,NEIL ARMSTRONG,IMO9688946,WARL,90,3,73,15,,,A
338767000,2020-12-13T16:13:01,30.49261,-80.00230,0.1,65.1,200.0,NEIL ARMSTRONG,IMO9688946,WARL,90,3,73,15,,,A
338767000,2020-12-13T16:14:10,30.49262,-80.00232,0.1,65.1,200.0,NEIL ARMSTRONG,IMO9688946,WARL,90,3,73,15,,,A
338767000,2020-12-13T16:15:29,30.49261,-80.00233,0.0,65.1,200.0,NEIL ARMSTRONG,IMO9688946,WARL,90,3,73,15,,,A
338767000,2020-12-13T16:16:40,30.49261,-80.00229,0.0,65.1,201.0,NEIL ARMSTRONG,IMO9688946,WARL,90,3,73,15,,,A
338767000,2020-12-13T16:18:10,30.49262,-80.00232,0.1,65.1,200.0,NEIL ARMSTRONG,IMO9688946,WARL,90,3,73,15,,,A
338767000,2020-12-13T16:19:40,30.49262,-80.00229,0.1,65.1,200.0,NEIL ARMSTRONG,IMO9688946,WARL,90,3,73,15,,,A
338767000,2020-12-13T16:20:50,30.49260,-80.00230,0.0,65.1,200.0,NEIL ARMSTRONG,IMO9688946,WARL,90,3,73,15,,,A
338767000,2020-12-13T16:22:01,30.49260,-80.00230,0.1,65.1,200.0,NEIL ARMSTRONG,IMO9688946,WARL,90,3,73,15,,,A
338767000,2020-12-13T16:23:11,30.49260,-80.00232,0.0,65.1,199.0,NEIL ARMSTRONG,IMO9688946,WARL,90,3,73,15,,,A
338767000,2020-12-13T16:24:31,30.49261,-80.00230,0.0,65.1,200.0,NEIL ARMSTRONG,IMO9688946,WARL,90,3,73,15,,,A
338767000,2020-12-13T16:25:39,30.49260,-80.00231,0.0,65.1,200.0,NEIL ARMSTRONG,IMO9688946,WARL,90,3,73,15,,,A
338767000,2020-12-13T16:26:50,30.49259,-80.00230,0.0,65.1,201.0,NEIL ARMSTRONG,IMO9688946,WARL,90,3,73,15,,,A
338767000,2020-12-13T16:28:01,30.49260,-80.00232,0.0,65.1,200.0,NEIL ARMSTRONG,IMO9688946,WARL,90,3,73,15,,,A
338767000,2020-12-13T16:29:30,30.49260,-80.00233,0.1,65.1,200.0,NEIL ARMSTRONG,IMO9688946,WARL,90,3,73,15,,,A
338767000,2020-12-13T16:31:40,30.49259,-80.00234,0.0,65.1,201.0,NEIL ARMSTRONG,IMO9688946,WARL,90,3,73,15,,,A
338767000,2020-12-13T16:32:50,30.49258,-80.00232,0.0,65.1,200.0,NEIL ARMSTRONG,IMO9688946,WARL,90,3,73,15,,,A
338767000,2020-12-13T16:34:50,30.49256,-80.00232,0.0,65.1,200.0,NEIL ARMSTRONG,IMO9688946,WARL,90,3,73,15,,,A
338767000,2020-12-13T16:36:01,30.49266,-80.00227,0.8,19.8,201.0,NEIL ARMSTRONG,IMO9688946,WARL,90,3,73,15,,,A
338767000,2020-12-13T16:37:10,30.49298,-80.00209,1.3,25.0,200.0,NEIL ARMSTRONG,IMO9688946,WARL,90,3,73,15,,,A
338767000,2020-12-13T16:38:21,30.49339,-80.00186,1.4,24.0,200.0,NEIL ARMSTRONG,IMO9688946,WARL,90,3,73,15,,,A
338767000,2020-12-13T16:40:00,30.49395,-80.00157,1.4,23.7,200.0,NEIL ARMSTRONG,IMO9688946,WARL,90,3,73,15,,,A
338767000,2020-12-13T16:41:09,30.49433,-80.00137,1.3,22.8,200.0,NEIL ARMSTRONG,IMO9688946,WARL,90,3,73,15,,,A
338767000,2020-12-13T16:43:01,30.49495,-80.00108,1.3,19.7,200.0,NEIL ARMSTRONG,IMO9688946,WARL,90,3,73,15,,,A
338767000,2020-12-13T16:45:19,30.49568,-80.00071,1.2,24.1,200.0,NEIL ARMSTRONG,IMO9688946,WARL,90,3,73,15,,,A
338767000,2020-12-13T16:46:20,30.49600,-80.00054,1.2,22.7,200.0,NEIL ARMSTRONG,IMO9688946,WARL,90,3,73,15,,,A
338767000,2020-12-13T16:47:30,30.49638,-80.00037,1.2,22.0,200.0,NEIL ARMSTRONG,IMO9688946,WARL,90,3,73,15,,,A
338767000,2020-12-13T16:49:30,30.49701,-80.00005,1.3,26.7,199.0,NEIL ARMSTRONG,IMO9688946,WARL,90,3,73,15,,,A
338767000,2020-12-13T16:52:20,30.49800,-79.99951,1.5,26.0,200.0,NEIL ARMSTRONG,IMO9688946,WARL,90,3,73,15,,,A
338767000,2020-12-13T16:53:31,30.49844,-79.99927,1.4,23.9,200.0,NEIL ARMSTRONG,IMO9688946,WARL,90,3,73,15,,,A
338767000,2020-12-13T16:55:41,30.49913,-79.99863,1.5,49.7,200.0,NEIL ARMSTRONG,IMO9688946,WARL,90,3,73,15,,,A
338767000,2020-12-13T16:56:50,30.49950,-79.99818,2.1,44.3,198.0,NEIL ARMSTRONG,IMO9688946,WARL,90,3,73,15,,,A
338767000,2020-12-13T16:57:59,30.50022,-79.99755,3.1,30.6,197.0,NEIL ARMSTRONG,IMO9688946,WARL,90,3,73,15,,,A
338767000,2020-12-13T16:59:10,30.50132,-79.99696,3.9,22.2,201.0,NEIL ARMSTRONG,IMO9688946,WARL,90,3,73,15,,,A
338767000,2020-12-13T16:59:59,30.50217,-79.99655,4.5,21.5,207.0,NEIL ARMSTRONG,IMO9688946,WARL,90,3,73,15,,,A
338767000,2020-12-13T17:01:00,30.50319,-79.99612,3.4,19.8,207.0,NEIL ARMSTRONG,IMO9688946,WARL,90,3,73,15,,,A
338767000,2020-12-13T17:02:10,30.50397,-79.99592,2.1,9.5,201.0,NEIL ARMSTRONG,IMO9688946,WARL,90,3,73,15,,,A
338767000,2020-12-13T17:03:20,30.50476,-79.99561,2.9,22.4,195.0,NEIL ARMSTRONG,IMO9688946,WARL,90,3,73,15,,,A
338767000,2020-12-13T17:04:30,30.50542,-79.99535,1.8,13.1,201.0,NEIL ARMSTRONG,IMO9688946,WARL,90,3,73,15,,,A
338767000,2020-12-13T17:05:41,30.50602,-79.99518,1.7,13.0,201.0,NEIL ARMSTRONG,IMO9688946,WARL,90,3,73,15,,,A
338767000,2020-12-13T17:06:59,30.50660,-79.99502,1.6,15.0,199.0,NEIL ARMSTRONG,IMO9688946,WARL,90,3,73,15,,,A
338767000,2020-12-13T17:08:10,30.50710,-79.99486,1.6,16.9,200.0,NEIL ARMSTRONG,IMO9688946,WARL,90,3,73,15,,,A
338767000,2020-12-13T17:09:20,30.50756,-79.99469,1.5,17.9,200.0,NEIL ARMSTRONG,IMO9688946,WARL,90,3,73,15,,,A
338767000,2020-12-13T17:10:41,30.50806,-79.99450,1.5,19.7,200.0,NEIL ARMSTRONG,IMO9688946,WARL,90,3,73,15,,,A
338767000,2020-12-13T17:11:51,30.50846,-79.99434,1.3,17.2,200.0,NEIL ARMSTRONG,IMO9688946,WARL,90,3,73,15,,,A
338767000,2020-12-13T17:13:00,30.50867,-79.99426,0.1,16.9,200.0,NEIL ARMSTRONG,IMO9688946,WARL,90,3,73,15,,,A
338767000,2020-12-13T17:14:10,30.50857,-79.99431,0.9,200.6,200.0,NEIL ARMSTRONG,IMO9688946,WARL,90,3,73,15,,,A
338767000,2020-12-13T17:15:50,30.50801,-79.99455,1.1,201.8,200.0,NEIL ARMSTRONG,IMO9688946,WARL,90,3,73,15,,,A
338767000,2020-12-13T17:17:11,30.50778,-79.99464,0.5,205.1,201.0,NEIL ARMSTRONG,IMO9688946,WARL,90,3,73,15,,,A
338767000,2020-12-13T17:18:31,30.50773,-79.99464,0.0,206.8,200.0,NEIL ARMSTRONG,IMO9688946,WARL,90,3,73,15,,,A
338767000,2020-12-13T17:19:40,30.50777,-79.99464,0.0,206.8,200.0,NEIL ARMSTRONG,IMO9688946,WARL,90,3,73,15,,,A
338767000,2020-12-13T17:21:00,30.50787,-79.99464,0.6,18.2,200.0,NEIL ARMSTRONG,IMO9688946,WARL,90,3,73,15,,,A
338767000,2020-12-13T17:23:09,30.50854,-79.99435,1.4,20.0,200.0,NEIL ARMSTRONG,IMO9688946,WARL,90,3,73,15,,,A
338767000,2020-12-13T17:24:30,30.50912,-79.99408,1.8,20.6,200.0,NEIL ARMSTRONG,IMO9688946,WARL,90,3,73,15,,,A
338767000,2020-12-13T17:25:39,30.50972,-79.99382,1.9,20.1,200.0,NEIL ARMSTRONG,IMO9688946,WARL,90,3,73,15,,,A
338767000,2020-12-13T17:26:49,30.51031,-79.99358,1.9,20.2,200.0,NEIL ARMSTRONG,IMO9688946,WARL,90,3,73,15,,,A
338767000,2020-12-13T17:27:59,30.51086,-79.99338,1.8,17.5,200.0,NEIL ARMSTRONG,IMO9688946,WARL,90,3,73,15,,,A
338767000,2020-12-13T17:29:11,30.51141,-79.99318,1.8,17.4,200.0,NEIL ARMSTRONG,IMO9688946,WARL,90,3,73,15,,,A
338767000,2020-12-13T17:30:40,30.51215,-79.99289,1.9,17.3,200.0,NEIL ARMSTRONG,IMO9688946,WARL,90,3,73,15,,,A
338767000,2020-12-13T17:31:51,30.51264,-79.99272,1.2,15.3,200.0,NEIL ARMSTRONG,IMO9688946,WARL,90,3,73,15,,,A
338767000,2020-12-13T17:33:00,30.51278,-79.99268,0.1,354.0,200.0,NEIL ARMSTRONG,IMO9688946,WARL,90,3,73,15,,,A
338767000,2020-12-13T17:34:10,30.51286,-79.99271,0.0,354.0,199.0,NEIL ARMSTRONG,IMO9688946,WARL,90,3,73,15,,,A
338767000,2020-12-13T18:18:31,30.51258,-79.99440,1.2,194.7,192.0,NEIL ARMSTRONG,IMO9688946,WARL,90,3,73,15,,,A
338767000,2020-12-13T18:20:00,30.51210,-79.99455,1.2,198.7,193.0,NEIL ARMSTRONG,IMO9688946,WARL,90,3,73,15,,,A
338767000,2020-12-13T18:21:20,30.51167,-79.99473,1.2,199.6,193.0,NEIL ARMSTRONG,IMO9688946,WARL,90,3,73,15,,,A
338767000,2020-12-13T18:22:30,30.51130,-79.99489,1.3,199.4,193.0,NEIL ARMSTRONG,IMO9688946,WARL,90,3,73,15,,,A
338767000,2020-12-13T18:23:49,30.51088,-79.99506,1.3,200.1,193.0,NEIL ARMSTRONG,IMO9688946,WARL,90,3,73,15,,,A
338767000,2020-12-13T18:25:00,30.51051,-79.99518,1.3,200.6,193.0,NEIL ARMSTRONG,IMO9688946,WARL,90,3,73,15,,,A
338767000,2020-12-13T18:26:09,30.51013,-79.99533,1.2,201.6,193.0,NEIL ARMSTRONG,IMO9688946,WARL,90,3,73,15,,,A
338767000,2020-12-13T18:27:20,30.50974,-79.99549,1.2,202.4,193.0,NEIL ARMSTRONG,IMO9688946,WARL,90,3,73,15,,,A
338767000,2020-12-13T18:28:31,30.50936,-79.99566,1.2,201.5,193.0,NEIL ARMSTRONG,IMO9688946,WARL,90,3,73,15,,,A
338767000,2020-12-13T18:29:41,30.50897,-79.99582,1.3,199.2,193.0,NEIL ARMSTRONG,IMO9688946,WARL,90,3,73,15,,,A
338767000,2020-12-13T18:30:50,30.50858,-79.99598,1.4,200.6,193.0,NEIL ARMSTRONG,IMO9688946,WARL,90,3,73,15,,,A
338767000,2020-12-13T18:32:10,30.50814,-79.99615,1.2,196.6,193.0,NEIL ARMSTRONG,IMO9688946,WARL,90,3,73,15,,,A
338767000,2020-12-13T18:34:30,30.50740,-79.99647,1.0,203.2,193.0,NEIL ARMSTRONG,IMO9688946,WARL,90,3,73,15,,,A
338767000,2020-12-13T18:35:40,30.50717,-79.99660,0.5,212.9,193.0,NEIL ARMSTRONG,IMO9688946,WARL,90,3,73,15,,,A
338767000,2020-12-13T18:38:21,30.50714,-79.99664,0.0,208.4,190.0,NEIL ARMSTRONG,IMO9688946,WARL,90,3,73,15,,,A
338767000,2020-12-13T18:39:31,30.50714,-79.99664,0.0,208.4,191.0,NEIL ARMSTRONG,IMO9688946,WARL,90,3,73,15,,,A
338767000,2020-12-13T18:40:40,30.50716,-79.99664,0.0,208.4,190.0,NEIL ARMSTRONG,IMO9688946,WARL,90,3,73,15,,,A
338767000,2020-12-13T18:41:49,30.50715,-79.99662,0.0,208.4,189.0,NEIL ARMSTRONG,IMO9688946,WARL,90,3,73,15,,,A
338767000,2020-12-13T18:43:00,30.50715,-79.99663,0.0,208.4,190.0,NEIL ARMSTRONG,IMO9688946,WARL,90,3,73,15,,,A
338767000,2020-12-13T18:44:10,30.50715,-79.99663,0.0,208.4,190.0,NEIL ARMSTRONG,IMO9688946,WARL,90,3,73,15,,,A
338767000,2020-12-13T18:45:31,30.50714,-79.99662,0.0,208.4,190.0,NEIL ARMSTRONG,IMO9688946,WARL,90,3,73,15,,,A
338767000,2020-12-13T18:46:50,30.50715,-79.99664,0.0,208.4,190.0,NEIL ARMSTRONG,IMO9688946,WARL,90,3,73,15,,,A
338767000,2020-12-13T18:49:01,30.50713,-79.99665,0.0,208.4,190.0,NEIL ARMSTRONG,IMO9688946,WARL,90,3,73,15,,,A
338767000,2020-12-13T18:50:09,30.50714,-79.99665,0.0,208.4,190.0,NEIL ARMSTRONG,IMO9688946,WARL,90,3,73,15,,,A
338767000,2020-12-13T18:52:09,30.50714,-79.99665,0.0,208.4,190.0,NEIL ARMSTRONG,IMO9688946,WARL,90,3,73,15,,,A
338767000,2020-12-13T18:55:10,30.50716,-79.99663,0.0,208.4,190.0,NEIL ARMSTRONG,IMO9688946,WARL,90,3,73,15,,,A
338767000,2020-12-13T18:56:30,30.50718,-79.99662,0.0,208.4,191.0,NEIL ARMSTRONG,IMO9688946,WARL,90,3,73,15,,,A
338767000,2020-12-13T18:58:10,30.50717,-79.99663,0.0,208.4,190.0,NEIL ARMSTRONG,IMO9688946,WARL,90,3,73,15,,,A
338767000,2020-12-13T18:59:20,30.50715,-79.99663,0.0,208.4,190.0,NEIL ARMSTRONG,IMO9688946,WARL,90,3,73,15,,,A
338767000,2020-12-13T19:00:10,30.50718,-79.99665,0.0,208.4,190.0,NEIL ARMSTRONG,IMO9688946,WARL,90,3,73,15,,,A
338767000,2020-12-13T19:01:20,30.50716,-79.99665,0.0,208.4,191.0,NEIL ARMSTRONG,IMO9688946,WARL,90,3,73,15,,,A
338767000,2020-12-13T19:02:31,30.50719,-79.99662,0.0,208.4,190.0,NEIL ARMSTRONG,IMO9688946,WARL,90,3,73,15,,,A
338767000,2020-12-13T19:03:40,30.50718,-79.99662,0.0,208.4,190.0,NEIL ARMSTRONG,IMO9688946,WARL,90,3,73,15,,,A
338767000,2020-12-13T19:04:49,30.50718,-79.99662,0.0,208.4,190.0,NEIL ARMSTRONG,IMO9688946,WARL,90,3,73,15,,,A
338767000,2020-12-13T19:05:59,30.50715,-79.99661,0.0,208.4,190.0,NEIL ARMSTRONG,IMO9688946,WARL,90,3,73,15,,,A
338767000,2020-12-13T19:07:10,30.50715,-79.99661,0.1,208.4,190.0,NEIL ARMSTRONG,IMO9688946,WARL,90,3,73,15,,,A
338767000,2020-12-13T19:08:20,30.50714,-79.99662,0.0,208.4,190.0,NEIL ARMSTRONG,IMO9688946,WARL,90,3,73,15,,,A
338767000,2020-12-13T19:09:30,30.50713,-79.99662,0.1,208.4,190.0,NEIL ARMSTRONG,IMO9688946,WARL,90,3,73,15,,,A
338767000,2020-12-13T19:10:40,30.50714,-79.99664,0.0,208.4,190.0,NEIL ARMSTRONG,IMO9688946,WARL,90,3,73,15,,,A
338767000,2020-12-13T19:11:59,30.50714,-79.99663,0.0,208.4,189.0,NEIL ARMSTRONG,IMO9688946,WARL,90,3,73,15,,,A
338767000,2020-12-13T19:13:11,30.50715,-79.99662,0.1,208.4,190.0,NEIL ARMSTRONG,IMO9688946,WARL,90,3,73,15,,,A
338767000,2020-12-13T19:14:20,30.50715,-79.99661,0.0,208.4,190.0,NEIL ARMSTRONG,IMO9688946,WARL,90,3,73,15,,,A
338767000,2020-12-13T19:15:29,30.50715,-79.99661,0.0,208.4,190.0,NEIL ARMSTRONG,IMO9688946,WARL,90,3,73,15,,,A
338767000,2020-12-13T19:16:40,30.50713,-79.99661,0.0,208.4,190.0,NEIL ARMSTRONG,IMO9688946,WARL,90,3,73,15,,,A
338767000,2020-12-13T19:18:01,30.50714,-79.99661,0.0,208.4,190.0,NEIL ARMSTRONG,IMO9688946,WARL,90,3,73,15,,,A
338767000,2020-12-13T19:19:09,30.50718,-79.99663,0.0,208.4,190.0,NEIL ARMSTRONG,IMO9688946,WARL,90,3,73,15,,,A
338767000,2020-12-13T19:20:19,30.50716,-79.99662,0.1,266.5,190.0,NEIL ARMSTRONG,IMO9688946,WARL,90,3,73,15,,,A
338767000,2020-12-13T19:21:20,30.50715,-79.99662,0.0,266.5,190.0,NEIL ARMSTRONG,IMO9688946,WARL,90,3,73,15,,,A
338767000,2020-12-13T19:22:59,30.50714,-79.99662,0.0,266.5,190.0,NEIL ARMSTRONG,IMO9688946,WARL,90,3,73,15,,,A
338767000,2020-12-13T19:24:09,30.50713,-79.99661,0.0,266.5,190.0,NEIL ARMSTRONG,IMO9688946,WARL,90,3,73,15,,,A
338767000,2020-12-13T19:25:20,30.50716,-79.99662,0.1,266.5,190.0,NEIL ARMSTRONG,IMO9688946,WARL,90,3,73,15,,,A
338767000,2020-12-13T19:26:51,30.50716,-79.99663,0.1,266.5,190.0,NEIL ARMSTRONG,IMO9688946,WARL,90,3,73,15,,,A
338767000,2020-12-13T19:28:41,30.50715,-79.99663,0.0,266.5,190.0,NEIL ARMSTRONG,IMO9688946,WARL,90,3,73,15,,,A
338767000,2020-12-13T19:30:20,30.50715,-79.99662,0.0,266.5,190.0,NEIL ARMSTRONG,IMO9688946,WARL,90,3,73,15,,,A
338767000,2020-12-13T19:31:31,30.50715,-79.99664,0.0,266.5,190.0,NEIL ARMSTRONG,IMO9688946,WARL,90,3,73,15,,,A
338767000,2020-12-13T19:32:40,30.50714,-79.99664,0.0,266.5,190.0,NEIL ARMSTRONG,IMO9688946,WARL,90,3,73,15,,,A
338767000,2020-12-13T19:34:09,30.50713,-79.99666,0.1,266.5,190.0,NEIL ARMSTRONG,IMO9688946,WARL,90,3,73,15,,,A
338767000,2020-12-13T19:35:20,30.50714,-79.99667,0.0,266.5,190.0,NEIL ARMSTRONG,IMO9688946,WARL,90,3,73,15,,,A
338767000,2020-12-13T19:36:40,30.50714,-79.99664,0.0,266.5,191.0,NEIL ARMSTRONG,IMO9688946,WARL,90,3,73,15,,,A
338767000,2020-12-13T19:37:50,30.50714,-79.99665,0.1,266.5,190.0,NEIL ARMSTRONG,IMO9688946,WARL,90,3,73,15,,,A
338767000,2020-12-13T19:40:21,30.50713,-79.99664,0.1,266.5,190.0,NEIL ARMSTRONG,IMO9688946,WARL,90,3,73,15,,,A
338767000,2020-12-13T19:41:29,30.50714,-79.99663,0.0,266.5,190.0,NEIL ARMSTRONG,IMO9688946,WARL,90,3,73,15,,,A
338767000,2020-12-13T19:43:31,30.50718,-79.99661,0.0,266.5,190.0,NEIL ARMSTRONG,IMO9688946,WARL,90,3,73,15,,,A
338767000,2020-12-13T19:44:50,30.50717,-79.99661,0.0,266.5,190.0,NEIL ARMSTRONG,IMO9688946,WARL,90,3,73,15,,,A
338767000,2020-12-13T19:46:01,30.50716,-79.99662,0.0,266.5,190.0,NEIL ARMSTRONG,IMO9688946,WARL,90,3,73,15,,,A
338767000,2020-12-13T19:48:01,30.50718,-79.99663,0.1,266.5,190.0,NEIL ARMSTRONG,IMO9688946,WARL,90,3,73,15,,,A
338767000,2020-12-13T19:50:31,30.50717,-79.99662,0.0,266.5,190.0,NEIL ARMSTRONG,IMO9688946,WARL,90,3,73,15,,,A
338767000,2020-12-13T19:51:41,30.50719,-79.99661,0.0,266.5,190.0,NEIL ARMSTRONG,IMO9688946,WARL,90,3,73,15,,,A
338767000,2020-12-13T19:52:49,30.50717,-79.99662,0.1,266.5,190.0,NEIL ARMSTRONG,IMO9688946,WARL,90,3,73,15,,,A
338767000,2020-12-13T19:54:00,30.50715,-79.99658,0.0,266.5,190.0,NEIL ARMSTRONG,IMO9688946,WARL,90,3,73,15,,,A
338767000,2020-12-13T19:55:09,30.50712,-79.99658,0.0,266.5,190.0,NEIL ARMSTRONG,IMO9688946,WARL,90,3,73,15,,,A
338767000,2020-12-13T19:57:20,30.50715,-79.99663,0.0,266.5,190.0,NEIL ARMSTRONG,IMO9688946,WARL,90,3,73,15,,,A
338767000,2020-12-13T19:58:40,30.50716,-79.99664,0.0,266.5,191.0,NEIL ARMSTRONG,IMO9688946,WARL,90,3,73,15,,,A
338767000,2020-12-13T19:59:50,30.50715,-79.99664,0.1,266.5,190.0,NEIL ARMSTRONG,IMO9688946,WARL,90,3,73,15,,,A
338767000,2020-12-13T20:00:10,30.50715,-79.99664,0.0,266.5,190.0,NEIL ARMSTRONG,IMO9688946,WARL,90,3,73,15,,,A
338767000,2020-12-13T20:01:21,30.50714,-79.99662,0.1,266.5,190.0,NEIL ARMSTRONG,IMO9688946,WARL,90,3,73,15,,,A
338767000,2020-12-13T20:02:31,30.50711,-79.99661,0.0,266.5,190.0,NEIL ARMSTRONG,IMO9688946,WARL,90,3,73,15,,,A
338767000,2020-12-13T20:03:40,30.50712,-79.99664,0.0,266.5,190.0,NEIL ARMSTRONG,IMO9688946,WARL,90,3,73,15,,,A
338767000,2020-12-13T20:04:51,30.50714,-79.99662,0.0,266.5,190.0,NEIL ARMSTRONG,IMO9688946,WARL,90,3,73,15,,,A
338767000,2020-12-13T20:05:59,30.50715,-79.99661,0.0,266.5,191.0,NEIL ARMSTRONG,IMO9688946,WARL,90,3,73,15,,,A
338767000,2020-12-13T20:07:11,30.50718,-79.99662,0.0,266.5,190.0,NEIL ARMSTRONG,IMO9688946,WARL,90,3,73,15,,,A
338767000,2020-12-13T20:08:21,30.50717,-79.99662,0.0,266.5,190.0,NEIL ARMSTRONG,IMO9688946,WARL,90,3,73,15,,,A
338767000,2020-12-13T20:09:31,30.50716,-79.99663,0.0,266.5,190.0,NEIL ARMSTRONG,IMO9688946,WARL,90,3,73,15,,,A
338767000,2020-12-13T20:11:11,30.50716,-79.99664,0.0,266.5,190.0,NEIL ARMSTRONG,IMO9688946,WARL,90,3,73,15,,,A
338767000,2020-12-13T20:12:40,30.50718,-79.99665,0.0,266.5,190.0,NEIL ARMSTRONG,IMO9688946,WARL,90,3,73,15,,,A
338767000,2020-12-13T20:14:00,30.50717,-79.99663,0.0,266.5,190.0,NEIL ARMSTRONG,IMO9688946,WARL,90,3,73,15,,,A
338767000,2020-12-13T20:15:10,30.50719,-79.99662,0.0,266.5,190.0,NEIL ARMSTRONG,IMO9688946,WARL,90,3,73,15,,,A
338767000,2020-12-13T20:16:40,30.50715,-79.99662,0.0,266.5,190.0,NEIL ARMSTRONG,IMO9688946,WARL,90,3,73,15,,,A
338767000,2020-12-13T20:17:51,30.50713,-79.99660,0.0,266.5,190.0,NEIL ARMSTRONG,IMO9688946,WARL,90,3,73,15,,,A
338767000,2020-12-13T20:19:09,30.50714,-79.99663,0.0,266.5,190.0,NEIL ARMSTRONG,IMO9688946,WARL,90,3,73,15,,,A
338767000,2020-12-13T20:20:39,30.50713,-79.99663,0.0,266.5,190.0,NEIL ARMSTRONG,IMO9688946,WARL,90,3,73,15,,,A
338767000,2020-12-13T20:21:50,30.50713,-79.99663,0.0,266.5,190.0,NEIL ARMSTRONG,IMO9688946,WARL,90,3,73,15,,,A
338767000,2020-12-13T20:23:11,30.50713,-79.99663,0.0,266.5,191.0,NEIL ARMSTRONG,IMO9688946,WARL,90,3,73,15,,,A
338767000,2020-12-13T20:24:19,30.50714,-79.99662,0.0,266.5,190.0,NEIL ARMSTRONG,IMO9688946,WARL,90,3,73,15,,,A
338767000,2020-12-13T20:25:31,30.50714,-79.99664,0.0,266.5,190.0,NEIL ARMSTRONG,IMO9688946,WARL,90,3,73,15,,,A
338767000,2020-12-13T20:26:41,30.50715,-79.99663,0.0,266.5,190.0,NEIL ARMSTRONG,IMO9688946,WARL,90,3,73,15,,,A
338767000,2020-12-13T20:28:11,30.50717,-79.99663,0.0,266.5,190.0,NEIL ARMSTRONG,IMO9688946,WARL,90,3,73,15,,,A
338767000,2020-12-13T20:29:21,30.50717,-79.99662,0.0,266.5,190.0,NEIL ARMSTRONG,IMO9688946,WARL,90,3,73,15,,,A
338767000,2020-12-13T20:30:29,30.50716,-79.99662,0.0,266.5,190.0,NEIL ARMSTRONG,IMO9688946,WARL,90,3,73,15,,,A
338767000,2020-12-13T20:31:40,30.50715,-79.99662,0.0,266.5,190.0,NEIL ARMSTRONG,IMO9688946,WARL,90,3,73,15,,,A
338767000,2020-12-13T20:32:51,30.50716,-79.99663,0.0,266.5,190.0,NEIL ARMSTRONG,IMO9688946,WARL,90,3,73,15,,,A
338767000,2020-12-13T20:33:59,30.50715,-79.99660,0.0,266.5,190.0,NEIL ARMSTRONG,IMO9688946,WARL,90,3,73,15,,,A
338767000,2020-12-13T20:35:10,30.50714,-79.99662,0.0,266.5,190.0,NEIL ARMSTRONG,IMO9688946,WARL,90,3,73,15,,,A
338767000,2020-12-13T20:36:21,30.50715,-79.99662,0.1,266.5,190.0,NEIL ARMSTRONG,IMO9688946,WARL,90,3,73,15,,,A
338767000,2020-12-13T20:37:49,30.50714,-79.99663,0.1,266.5,190.0,NEIL ARMSTRONG,IMO9688946,WARL,90,3,73,15,,,A
338767000,2020-12-13T20:40:21,30.50713,-79.99663,0.1,266.5,190.0,NEIL ARMSTRONG,IMO9688946,WARL,90,3,73,15,,,A
338767000,2020-12-13T20:42:21,30.50716,-79.99665,0.0,266.5,190.0,NEIL ARMSTRONG,IMO9688946,WARL,90,3,73,15,,,A
338767000,2020-12-13T20:43:30,30.50715,-79.99663,0.0,266.5,190.0,NEIL ARMSTRONG,IMO9688946,WARL,90,3,73,15,,,A
338767000,2020-12-13T20:45:21,30.50717,-79.99663,0.0,266.5,190.0,NEIL ARMSTRONG,IMO9688946,WARL,90,3,73,15,,,A
338767000,2020-12-13T20:47:40,30.50717,-79.99664,0.0,266.5,190.0,NEIL ARMSTRONG,IMO9688946,WARL,90,3,73,15,,,A
338767000,2020-12-13T20:49:00,30.50716,-79.99663,0.1,266.5,190.0,NEIL ARMSTRONG,IMO9688946,WARL,90,3,73,15,,,A
338767000,2020-12-13T20:50:50,30.50715,-79.99665,0.0,266.5,190.0,NEIL ARMSTRONG,IMO9688946,WARL,90,3,73,15,,,A
338767000,2020-12-13T20:53:50,30.50713,-79.99664,0.0,266.5,190.0,NEIL ARMSTRONG,IMO9688946,WARL,90,3,73,15,,,A
338767000,2020-12-13T20:55:10,30.50713,-79.99664,0.0,266.5,190.0,NEIL ARMSTRONG,IMO9688946,WARL,90,3,73,15,,,A
338767000,2020-12-13T20:56:21,30.50715,-79.99664,0.0,266.5,190.0,NEIL ARMSTRONG,IMO9688946,WARL,90,3,73,15,,,A
338767000,2020-12-13T20:57:31,30.50716,-79.99663,0.0,266.5,191.0,NEIL ARMSTRONG,IMO9688946,WARL,90,3,73,15,,,A
338767000,2020-12-13T20:58:40,30.50717,-79.99664,0.0,266.5,190.0,NEIL ARMSTRONG,IMO9688946,WARL,90,3,73,15,,,A
338767000,2020-12-13T20:59:50,30.50712,-79.99664,0.0,266.5,191.0,NEIL ARMSTRONG,IMO9688946,WARL,90,3,73,15,,,A
338767000,2020-12-13T21:00:10,30.50712,-79.99665,0.0,266.5,190.0,NEIL ARMSTRONG,IMO9688946,WARL,90,3,73,15,,,A
338767000,2020-12-13T21:01:19,30.50708,-79.99664,0.0,266.5,190.0,NEIL ARMSTRONG,IMO9688946,WARL,90,3,73,15,,,A
338767000,2020-12-13T21:02:31,30.50710,-79.99665,0.0,266.5,190.0,NEIL ARMSTRONG,IMO9688946,WARL,90,3,73,15,,,A
338767000,2020-12-13T21:03:41,30.50712,-79.99666,0.0,266.5,190.0,NEIL ARMSTRONG,IMO9688946,WARL,90,3,73,15,,,A
338767000,2020-12-13T21:04:51,30.50713,-79.99664,0.0,266.5,190.0,NEIL ARMSTRONG,IMO9688946,WARL,90,3,73,15,,,A
338767000,2020-12-13T21:05:59,30.50712,-79.99665,0.0,266.5,190.0,NEIL ARMSTRONG,IMO9688946,WARL,90,3,73,15,,,A
338767000,2020-12-13T21:07:10,30.50714,-79.99665,0.0,266.5,190.0,NEIL ARMSTRONG,IMO9688946,WARL,90,3,73,15,,,A
338767000,2020-12-13T21:08:21,30.50714,-79.99662,0.0,266.5,190.0,NEIL ARMSTRONG,IMO9688946,WARL,90,3,73,15,,,A
338767000,2020-12-13T21:09:30,30.50715,-79.99663,0.0,266.5,190.0,NEIL ARMSTRONG,IMO9688946,WARL,90,3,73,15,,,A
338767000,2020-12-13T21:10:40,30.50714,-79.99663,0.0,266.5,190.0,NEIL ARMSTRONG,IMO9688946,WARL,90,3,73,15,,,A
338767000,2020-12-13T21:11:50,30.50715,-79.99662,0.1,266.5,190.0,NEIL ARMSTRONG,IMO9688946,WARL,90,3,73,15,,,A
338767000,2020-12-13T21:13:11,30.50715,-79.99661,0.0,266.5,190.0,NEIL ARMSTRONG,IMO9688946,WARL,90,3,73,15,,,A
338767000,2020-12-13T21:14:50,30.50715,-79.99661,0.0,266.5,190.0,NEIL ARMSTRONG,IMO9688946,WARL,90,3,73,15,,,A
338767000,2020-12-13T21:16:00,30.50715,-79.99662,0.0,266.5,190.0,NEIL ARMSTRONG,IMO9688946,WARL,90,3,73,15,,,A
338767000,2020-12-13T21:17:21,30.50715,-79.99662,0.0,266.5,190.0,NEIL ARMSTRONG,IMO9688946,WARL,90,3,73,15,,,A
338767000,2020-12-13T21:18:50,30.50716,-79.99664,0.1,266.5,190.0,NEIL ARMSTRONG,IMO9688946,WARL,90,3,73,15,,,A
338767000,2020-12-13T21:20:21,30.50715,-79.99664,0.0,266.5,190.0,NEIL ARMSTRONG,IMO9688946,WARL,90,3,73,15,,,A
338767000,2020-12-13T21:21:31,30.50715,-79.99663,0.0,266.5,190.0,NEIL ARMSTRONG,IMO9688946,WARL,90,3,73,15,,,A
338767000,2020-12-13T21:22:41,30.50714,-79.99662,0.0,266.5,190.0,NEIL ARMSTRONG,IMO9688946,WARL,90,3,73,15,,,A
338767000,2020-12-13T21:24:21,30.50716,-79.99665,0.0,266.5,190.0,NEIL ARMSTRONG,IMO9688946,WARL,90,3,73,15,,,A
338767000,2020-12-13T21:25:30,30.50716,-79.99667,0.0,266.5,190.0,NEIL ARMSTRONG,IMO9688946,WARL,90,3,73,15,,,A
338767000,2020-12-13T21:26:41,30.50714,-79.99665,0.0,266.5,190.0,NEIL ARMSTRONG,IMO9688946,WARL,90,3,73,15,,,A
338767000,2020-12-13T21:28:30,30.50717,-79.99664,0.1,266.5,190.0,NEIL ARMSTRONG,IMO9688946,WARL,90,3,73,15,,,A
338767000,2020-12-13T21:29:51,30.50715,-79.99665,0.0,266.5,190.0,NEIL ARMSTRONG,IMO9688946,WARL,90,3,73,15,,,A
338767000,2020-12-13T21:31:11,30.50714,-79.99663,0.0,266.5,190.0,NEIL ARMSTRONG,IMO9688946,WARL,90,3,73,15,,,A
338767000,2020-12-13T21:32:21,30.50714,-79.99662,0.0,266.5,190.0,NEIL ARMSTRONG,IMO9688946,WARL,90,3,73,15,,,A
338767000,2020-12-13T21:33:41,30.50713,-79.99662,0.0,266.5,190.0,NEIL ARMSTRONG,IMO9688946,WARL,90,3,73,15,,,A
338767000,2020-12-13T21:35:49,30.50712,-79.99662,0.0,266.5,190.0,NEIL ARMSTRONG,IMO9688946,WARL,90,3,73,15,,,A
338767000,2020-12-13T21:37:00,30.50715,-79.99658,0.0,266.5,190.0,NEIL ARMSTRONG,IMO9688946,WARL,90,3,73,15,,,A
338767000,2020-12-13T21:38:41,30.50715,-79.99661,0.1,266.5,190.0,NEIL ARMSTRONG,IMO9688946,WARL,90,3,73,15,,,A
338767000,2020-12-13T21:39:49,30.50716,-79.99660,0.0,266.5,190.0,NEIL ARMSTRONG,IMO9688946,WARL,90,3,73,15,,,A
338767000,2020-12-13T21:41:30,30.50717,-79.99662,0.0,266.5,191.0,NEIL ARMSTRONG,IMO9688946,WARL,90,3,73,15,,,A
338767000,2020-12-13T21:43:30,30.50716,-79.99663,0.0,266.5,190.0,NEIL ARMSTRONG,IMO9688946,WARL,90,3,73,15,,,A
338767000,2020-12-13T21:45:30,30.50716,-79.99663,0.0,266.5,190.0,NEIL ARMSTRONG,IMO9688946,WARL,90,3,73,15,,,A
338767000,2020-12-13T21:47:31,30.50715,-79.99663,0.0,266.5,190.0,NEIL ARMSTRONG,IMO9688946,WARL,90,3,73,15,,,A
338767000,2020-12-13T21:49:50,30.50714,-79.99662,0.1,266.5,190.0,NEIL ARMSTRONG,IMO9688946,WARL,90,3,73,15,,,A
338767000,2020-12-13T21:51:00,30.50714,-79.99663,0.1,266.5,190.0,NEIL ARMSTRONG,IMO9688946,WARL,90,3,73,15,,,A
338767000,2020-12-13T21:53:29,30.50714,-79.99663,0.0,266.5,190.0,NEIL ARMSTRONG,IMO9688946,WARL,90,3,73,15,,,A
338767000,2020-12-13T21:55:29,30.50716,-79.99665,0.0,266.5,190.0,NEIL ARMSTRONG,IMO9688946,WARL,90,3,73,15,,,A
338767000,2020-12-13T21:56:40,30.50717,-79.99663,0.0,266.5,190.0,NEIL ARMSTRONG,IMO9688946,WARL,90,3,73,15,,,A
338767000,2020-12-13T21:59:21,30.50716,-79.99660,0.0,266.5,190.0,NEIL ARMSTRONG,IMO9688946,WARL,90,3,73,15,,,A
338767000,2020-12-13T21:59:59,30.50716,-79.99659,0.0,266.5,190.0,NEIL ARMSTRONG,IMO9688946,WARL,90,3,73,15,,,A
338767000,2020-12-13T22:01:00,30.50713,-79.99658,0.0,266.5,190.0,NEIL ARMSTRONG,IMO9688946,WARL,90,3,73,15,,,A
338767000,2020-12-13T22:02:10,30.50713,-79.99660,0.0,266.5,190.0,NEIL ARMSTRONG,IMO9688946,WARL,90,3,73,15,,,A
338767000,2020-12-13T22:03:20,30.50714,-79.99664,0.0,266.5,190.0,NEIL ARMSTRONG,IMO9688946,WARL,90,3,73,15,,,A
338767000,2020-12-13T22:04:30,30.50712,-79.99665,0.0,266.5,190.0,NEIL ARMSTRONG,IMO9688946,WARL,90,3,73,15,,,A
338767000,2020-12-13T22:05:51,30.50715,-79.99664,0.0,266.5,190.0,NEIL ARMSTRONG,IMO9688946,WARL,90,3,73,15,,,A
338767000,2020-12-13T22:07:09,30.50718,-79.99662,0.0,266.5,190.0,NEIL ARMSTRONG,IMO9688946,WARL,90,3,73,15,,,A
338767000,2020-12-13T22:08:31,30.50718,-79.99663,0.1,266.5,190.0,NEIL ARMSTRONG,IMO9688946,WARL,90,3,73,15,,,A
338767000,2020-12-13T22:09:51,30.50717,-79.99664,0.0,266.5,190.0,NEIL ARMSTRONG,IMO9688946,WARL,90,3,73,15,,,A
338767000,2020-12-13T22:11:09,30.50716,-79.99664,0.1,266.5,190.0,NEIL ARMSTRONG,IMO9688946,WARL,90,3,73,15,,,A
338767000,2020-12-13T22:12:11,30.50714,-79.99666,0.1,266.5,190.0,NEIL ARMSTRONG,IMO9688946,WARL,90,3,73,15,,,A
338767000,2020-12-13T22:13:30,30.50715,-79.99666,0.0,266.5,190.0,NEIL ARMSTRONG,IMO9688946,WARL,90,3,73,15,,,A
338767000,2020-12-13T22:14:40,30.50716,-79.99666,0.0,266.5,190.0,NEIL ARMSTRONG,IMO9688946,WARL,90,3,73,15,,,A
338767000,2020-12-13T22:15:51,30.50715,-79.99664,0.1,266.5,190.0,NEIL ARMSTRONG,IMO9688946,WARL,90,3,73,15,,,A
338767000,2020-12-13T22:17:21,30.50713,-79.99663,0.0,266.5,190.0,NEIL ARMSTRONG,IMO9688946,WARL,90,3,73,15,,,A
338767000,2020-12-13T22:18:30,30.50716,-79.99664,0.1,266.5,190.0,NEIL ARMSTRONG,IMO9688946,WARL,90,3,73,15,,,A
338767000,2020-12-13T22:19:49,30.50715,-79.99663,0.0,266.5,190.0,NEIL ARMSTRONG,IMO9688946,WARL,90,3,73,15,,,A
338767000,2020-12-13T22:21:21,30.50714,-79.99664,0.0,266.5,190.0,NEIL ARMSTRONG,IMO9688946,WARL,90,3,73,15,,,A
338767000,2020-12-13T22:22:49,30.50713,-79.99661,0.0,266.5,190.0,NEIL ARMSTRONG,IMO9688946,WARL,90,3,73,15,,,A
338767000,2020-12-13T22:23:59,30.50717,-79.99662,0.0,266.5,190.0,NEIL ARMSTRONG,IMO9688946,WARL,90,3,73,15,,,A
338767000,2020-12-13T22:25:40,30.50717,-79.99663,0.1,266.5,190.0,NEIL ARMSTRONG,IMO9688946,WARL,90,3,73,15,,,A
338767000,2020-12-13T22:26:41,30.50716,-79.99664,0.1,271.9,190.0,NEIL ARMSTRONG,IMO9688946,WARL,90,3,73,15,,,A
338767000,2020-12-13T22:28:41,30.50712,-79.99663,0.4,194.1,190.0,NEIL ARMSTRONG,IMO9688946,WARL,90,3,73,15,,,A
338767000,2020-12-13T22:29:50,30.50685,-79.99669,0.9,190.2,190.0,NEIL ARMSTRONG,IMO9688946,WARL,90,3,73,15,,,A
338767000,2020-12-13T22:31:41,30.50617,-79.99683,1.5,191.7,190.0,NEIL ARMSTRONG,IMO9688946,WARL,90,3,73,15,,,A
338767000,2020-12-13T22:33:41,30.50530,-79.99700,1.7,190.9,190.0,NEIL ARMSTRONG,IMO9688946,WARL,90,3,73,15,,,A
338767000,2020-12-13T22:36:30,30.50399,-79.99727,1.8,191.3,189.0,NEIL ARMSTRONG,IMO9688946,WARL,90,3,73,15,,,A
338767000,2020-12-13T22:37:41,30.50337,-79.99738,1.8,190.0,190.0,NEIL ARMSTRONG,IMO9688946,WARL,90,3,73,15,,,A
338767000,2020-12-13T22:40:11,30.50204,-79.99761,1.9,191.3,190.0,NEIL ARMSTRONG,IMO9688946,WARL,90,3,73,15,,,A
338767000,2020-12-13T22:41:20,30.50149,-79.99773,1.8,189.7,190.0,NEIL ARMSTRONG,IMO9688946,WARL,90,3,73,15,,,A
338767000,2020-12-13T22:42:30,30.50092,-79.99785,1.8,189.1,190.0,NEIL ARMSTRONG,IMO9688946,WARL,90,3,73,15,,,A
338767000,2020-12-13T22:44:00,30.50016,-79.99804,1.9,190.7,190.0,NEIL ARMSTRONG,IMO9688946,WARL,90,3,73,15,,,A
338767000,2020-12-13T22:45:20,30.49945,-79.99817,1.9,192.6,190.0,NEIL ARMSTRONG,IMO9688946,WARL,90,3,73,15,,,A
338767000,2020-12-13T22:46:30,30.49889,-79.99830,1.9,189.0,190.0,NEIL ARMSTRONG,IMO9688946,WARL,90,3,73,15,,,A
338767000,2020-12-13T22:48:00,30.49813,-79.99854,1.9,200.9,200.0,NEIL ARMSTRONG,IMO9688946,WARL,90,3,73,15,,,A
338767000,2020-12-13T22:49:11,30.49756,-79.99875,1.9,200.7,199.0,NEIL ARMSTRONG,IMO9688946,WARL,90,3,73,15,,,A
338767000,2020-12-13T22:50:20,30.49700,-79.99900,1.9,201.8,200.0,NEIL ARMSTRONG,IMO9688946,WARL,90,3,73,15,,,A
338767000,2020-12-13T22:51:29,30.49641,-79.99922,1.9,199.9,199.0,NEIL ARMSTRONG,IMO9688946,WARL,90,3,73,15,,,A
338767000,2020-12-13T22:52:39,30.49586,-79.99947,1.9,198.3,200.0,NEIL ARMSTRONG,IMO9688946,WARL,90,3,73,15,,,A
338767000,2020-12-13T22:53:49,30.49544,-79.99964,0.9,202.4,198.0,NEIL ARMSTRONG,IMO9688946,WARL,90,3,73,15,,,A
338767000,2020-12-13T22:55:01,30.49536,-79.99967,0.0,207.9,199.0,NEIL ARMSTRONG,IMO9688946,WARL,90,3,73,15,,,A
338767000,2020-12-13T22:57:10,30.49536,-79.99974,0.0,268.8,199.0,NEIL ARMSTRONG,IMO9688946,WARL,90,3,73,15,,,A
338767000,2020-12-13T22:58:19,30.49536,-79.99975,0.1,285.0,200.0,NEIL ARMSTRONG,IMO9688946,WARL,90,3,73,15,,,A
338767000,2020-12-13T22:59:29,30.49539,-79.99980,0.0,285.0,199.0,NEIL ARMSTRONG,IMO9688946,WARL,90,3,73,15,,,A
338767000,2020-12-13T22:59:59,30.49540,-79.99984,0.1,287.2,198.0,NEIL ARMSTRONG,IMO9688946,WARL,90,3,73,15,,,A
338767000,2020-12-13T23:01:11,30.49544,-79.99991,0.0,281.6,198.0,NEIL ARMSTRONG,IMO9688946,WARL,90,3,73,15,,,A
338767000,2020-12-13T23:02:19,30.49545,-80.00002,0.3,294.3,199.0,NEIL ARMSTRONG,IMO9688946,WARL,90,3,73,15,,,A
338767000,2020-12-13T23:03:20,30.49545,-80.00011,0.3,289.9,199.0,NEIL ARMSTRONG,IMO9688946,WARL,90,3,73,15,,,A
338767000,2020-12-13T23:05:01,30.49549,-80.00027,0.3,276.2,199.0,NEIL ARMSTRONG,IMO9688946,WARL,90,3,73,15,,,A
338767000,2020-12-13T23:06:09,30.49555,-80.00037,0.4,289.6,199.0,NEIL ARMSTRONG,IMO9688946,WARL,90,3,73,15,,,A
338767000,2020-12-13T23:07:20,30.49559,-80.00050,0.3,290.3,199.0,NEIL ARMSTRONG,IMO9688946,WARL,90,3,73,15,,,A
338767000,2020-12-13T23:08:30,30.49562,-80.00062,0.2,283.5,199.0,NEIL ARMSTRONG,IMO9688946,WARL,90,3,73,15,,,A
338767000,2020-12-13T23:09:51,30.49567,-80.00072,0.2,283.5,199.0,NEIL ARMSTRONG,IMO9688946,WARL,90,3,73,15,,,A
338767000,2020-12-13T23:11:30,30.49572,-80.00083,0.1,283.0,199.0,NEIL ARMSTRONG,IMO9688946,WARL,90,3,73,15,,,A
338767000,2020-12-13T23:13:00,30.49574,-80.00094,0.3,288.6,199.0,NEIL ARMSTRONG,IMO9688946,WARL,90,3,73,15,,,A
338767000,2020-12-13T23:14:09,30.49577,-80.00107,0.0,285.3,199.0,NEIL ARMSTRONG,IMO9688946,WARL,90,3,73,15,,,A
338767000,2020-12-13T23:15:41,30.49582,-80.00116,0.0,285.3,199.0,NEIL ARMSTRONG,IMO9688946,WARL,90,3,73,15,,,A
338767000,2020-12-13T23:16:50,30.49583,-80.00121,0.0,285.3,199.0,NEIL ARMSTRONG,IMO9688946,WARL,90,3,73,15,,,A
338767000,2020-12-13T23:18:00,30.49585,-80.00130,0.0,285.3,199.0,NEIL ARMSTRONG,IMO9688946,WARL,90,3,73,15,,,A
338767000,2020-12-13T23:19:09,30.49586,-80.00136,0.0,285.3,199.0,NEIL ARMSTRONG,IMO9688946,WARL,90,3,73,15,,,A
338767000,2020-12-13T23:20:29,30.49587,-80.00136,0.0,285.3,199.0,NEIL ARMSTRONG,IMO9688946,WARL,90,3,73,15,,,A
338767000,2020-12-13T23:22:00,30.49586,-80.00135,0.1,285.3,199.0,NEIL ARMSTRONG,IMO9688946,WARL,90,3,73,15,,,A
338767000,2020-12-13T23:23:01,30.49588,-80.00133,0.0,285.3,199.0,NEIL ARMSTRONG,IMO9688946,WARL,90,3,73,15,,,A
338767000,2020-12-13T23:24:11,30.49589,-80.00134,0.0,285.3,199.0,NEIL ARMSTRONG,IMO9688946,WARL,90,3,73,15,,,A
338767000,2020-12-13T23:25:19,30.49587,-80.00136,0.0,285.3,199.0,NEIL ARMSTRONG,IMO9688946,WARL,90,3,73,15,,,A
338767000,2020-12-13T23:26:30,30.49585,-80.00136,0.0,285.3,199.0,NEIL ARMSTRONG,IMO9688946,WARL,90,3,73,15,,,A
338767000,2020-12-13T23:27:39,30.49585,-80.00137,0.0,285.3,199.0,NEIL ARMSTRONG,IMO9688946,WARL,90,3,73,15,,,A
338767000,2020-12-13T23:29:20,30.49586,-80.00139,0.0,285.3,199.0,NEIL ARMSTRONG,IMO9688946,WARL,90,3,73,15,,,A
338767000,2020-12-13T23:30:41,30.49585,-80.00136,0.0,285.3,199.0,NEIL ARMSTRONG,IMO9688946,WARL,90,3,73,15,,,A
338767000,2020-12-13T23:32:01,30.49585,-80.00133,0.0,285.3,199.0,NEIL ARMSTRONG,IMO9688946,WARL,90,3,73,15,,,A
338767000,2020-12-13T23:33:30,30.49587,-80.00136,0.1,285.3,199.0,NEIL ARMSTRONG,IMO9688946,WARL,90,3,73,15,,,A
338767000,2020-12-13T23:34:31,30.49587,-80.00134,0.0,285.3,199.0,NEIL ARMSTRONG,IMO9688946,WARL,90,3,73,15,,,A
338767000,2020-12-13T23:36:51,30.49586,-80.00138,0.1,37.3,199.0,NEIL ARMSTRONG,IMO9688946,WARL,90,3,73,15,,,A
338767000,2020-12-13T23:38:01,30.49586,-80.00138,0.0,37.3,199.0,NEIL ARMSTRONG,IMO9688946,WARL,90,3,73,15,,,A
338767000,2020-12-13T23:39:09,30.49585,-80.00140,0.0,37.3,200.0,NEIL ARMSTRONG,IMO9688946,WARL,90,3,73,15,,,A
338767000,2020-12-13T23:41:21,30.49586,-80.00139,0.0,37.3,199.0,NEIL ARMSTRONG,IMO9688946,WARL,90,3,73,15,,,A
338767000,2020-12-13T23:43:00,30.49586,-80.00135,0.0,37.3,199.0,NEIL ARMSTRONG,IMO9688946,WARL,90,3,73,15,,,A
338767000,2020-12-13T23:44:21,30.49588,-80.00135,0.0,37.3,199.0,NEIL ARMSTRONG,IMO9688946,WARL,90,3,73,15,,,A
338767000,2020-12-13T23:46:21,30.49590,-80.00134,0.0,37.3,199.0,NEIL ARMSTRONG,IMO9688946,WARL,90,3,73,15,,,A
338767000,2020-12-13T23:47:30,30.49589,-80.00134,0.0,37.3,199.0,NEIL ARMSTRONG,IMO9688946,WARL,90,3,73,15,,,A
338767000,2020-12-13T23:48:40,30.49587,-80.00133,0.0,37.3,199.0,NEIL ARMSTRONG,IMO9688946,WARL,90,3,73,15,,,A
338767000,2020-12-13T23:50:30,30.49586,-80.00137,0.0,37.3,199.0,NEIL ARMSTRONG,IMO9688946,WARL,90,3,73,15,,,A
338767000,2020-12-13T23:51:39,30.49587,-80.00135,0.0,37.3,200.0,NEIL ARMSTRONG,IMO9688946,WARL,90,3,73,15,,,A
338767000,2020-12-13T23:52:49,30.49588,-80.00135,0.0,37.3,200.0,NEIL ARMSTRONG,IMO9688946,WARL,90,3,73,15,,,A
338767000,2020-12-13T23:53:59,30.49586,-80.00137,0.0,37.3,199.0,NEIL ARMSTRONG,IMO9688946,WARL,90,3,73,15,,,A
338767000,2020-12-13T23:55:10,30.49584,-80.00138,0.0,37.3,199.0,NEIL ARMSTRONG,IMO9688946,WARL,90,3,73,15,,,A
338767000,2020-12-13T23:56:21,30.49586,-80.00138,0.0,37.3,199.0,NEIL ARMSTRONG,IMO9688946,WARL,90,3,73,15,,,A
338767000,2020-12-13T23:58:50,30.49584,-80.00134,0.0,37.3,200.0,NEIL ARMSTRONG,IMO9688946,WARL,90,3,73,15,,,A
255805961,2020-07-03T18:43:14,30.50478,-79.98419,9.4,261.1,240.0,MSC ALESSIA,IMO9225653,CQIH5,70,0,300,40,14.5,,A
255805961,2020-07-03T18:44:34,30.50423,-79.98819,9.6,261.1,241.0,MSC ALESSIA,IMO9225653,CQIH5,70,0,300,40,14.5,,A
255805961,2020-07-03T18:45:44,30.50373,-79.99180,9.8,261.3,241.0,MSC ALESSIA,IMO9225653,CQIH5,70,0,300,40,14.5,,A
255805961,2020-07-03T18:46:53,30.50321,-79.99546,10.0,260.3,241.0,MSC ALESSIA,IMO9225653,CQIH5,70,0,300,40,14.5,,A
255805961,2020-07-03T18:47:54,30.50275,-79.99863,10.1,260.2,241.0,MSC ALESSIA,IMO9225653,CQIH5,70,0,300,40,14.5,,A
255805961,2020-07-03T18:49:14,30.50211,-80.00291,10.1,260.2,241.0,MSC ALESSIA,IMO9225653,CQIH5,70,0,300,40,14.5,,A
255805961,2020-07-03T18:50:23,30.50164,-80.00666,10.2,262.3,244.0,MSC ALESSIA,IMO9225653,CQIH5,70,0,300,40,14.5,,A
255805961,2020-07-03T18:51:44,30.50116,-80.01113,10.4,263.1,244.0,MSC ALESSIA,IMO9225653,CQIH5,70,0,300,40,14.5,,A
255805961,2020-07-03T18:52:54,30.50076,-80.01500,10.4,263.1,244.0,MSC ALESSIA,IMO9225653,CQIH5,70,0,300,40,14.5,,A
255805961,2020-07-03T18:54:04,30.50031,-80.01884,10.3,262.5,244.0,MSC ALESSIA,IMO9225653,CQIH5,70,0,300,40,14.5,,A
255805961,2020-07-03T18:55:13,30.49990,-80.02263,10.3,262.1,244.0,MSC ALESSIA,IMO9225653,CQIH5,70,0,300,40,14.5,,A
367404170,2020-05-22T20:10:01,30.47719,-80.02118,9.0,20.9,511.0,ALBI,,WDE8325,30,,17,6,,,B
367404170,2020-05-22T20:11:31,30.48086,-80.01929,9.6,26.3,511.0,ALBI,,WDE8325,30,,17,6,,,B
367404170,2020-05-22T20:13:02,30.48456,-80.01741,9.7,28.0,511.0,ALBI,,WDE8325,30,,17,6,,,B
367404170,2020-05-22T20:14:30,30.48818,-80.01553,10.1,23.1,511.0,ALBI,,WDE8325,30,,17,6,,,B
367404170,2020-05-22T20:16:31,30.49304,-80.01301,9.2,24.5,511.0,ALBI,,WDE8325,30,,17,6,,,B
367404170,2020-05-22T20:18:01,30.49677,-80.01108,9.5,17.5,511.0,ALBI,,WDE8325,30,,17,6,,,B
367404170,2020-05-22T20:19:02,30.49927,-80.00981,9.7,23.8,511.0,ALBI,,WDE8325,30,,17,6,,,B
367404170,2020-05-22T20:20:31,30.50293,-80.00795,9.9,28.0,511.0,ALBI,,WDE8325,30,,17,6,,,B
367404170,2020-05-22T20:22:01,30.50662,-80.00598,9.8,24.6,511.0,ALBI,,WDE8325,30,,17,6,,,B
367404170,2020-05-22T20:23:02,30.50908,-80.00469,9.7,25.4,511.0,ALBI,,WDE8325,30,,17,6,,,B
368105990,2020-05-02T22:56:27,30.48008,-80.01766,16.4,13.1,511.0,AURA,,WDK9703,37,,28,8,,,B
368105990,2020-05-02T22:57:59,30.48703,-80.01571,16.4,14.9,511.0,AURA,,WDK9703,37,,28,8,,,B
368105990,2020-05-02T22:59:28,30.49359,-80.01381,16.7,15.3,511.0,AURA,,WDK9703,37,,28,8,,,B
368105990,2020-05-02T23:00:27,30.49804,-80.01251,16.4,12.5,511.0,AURA,,WDK9703,37,,28,8,,,B
368105990,2020-05-02T23:01:28,30.50251,-80.01119,16.6,13.9,511.0,AURA,,WDK9703,37,,28,8,,,B
368105990,2020-05-02T23:02:58,30.50925,-80.00923,16.9,13.1,511.0,AURA,,WDK9703,37,,28,8,,,B
311045300,2020-01-18T12:23:28,30.50218,-80.01900,10.5,119.0,131.0,NEPTUNE ACE,IMO9584059,C6YU3,70,0,199,32,9.8,70,A
311045300,2020-01-18T12:26:28,30.49778,-80.01002,10.8,118.0,132.0,NEPTUNE ACE,IMO9584059,C6YU3,70,0,199,32,9.8,70,A
311045300,2020-01-18T12:27:39,30.49600,-80.00647,10.7,119.0,132.0,NEPTUNE ACE,IMO9584059,C6YU3,70,0,199,32,9.8,70,A
311045300,2020-01-18T12:29:27,30.49328,-80.00100,10.9,119.0,132.0,NEPTUNE ACE,IMO9584059,C6YU3,70,0,199,32,9.8,70,A
311045300,2020-01-18T12:31:19,30.49007,-79.99573,10.6,128.0,140.0,NEPTUNE ACE,IMO9584059,C6YU3,70,0,199,32,9.8,70,A
311045300,2020-01-18T12:32:27,30.48797,-79.99263,10.6,129.0,141.0,NEPTUNE ACE,IMO9584059,C6YU3,70,0,199,32,9.8,70,A
311045300,2020-01-18T12:33:48,30.48515,-79.98967,10.2,140.0,149.0,NEPTUNE ACE,IMO9584059,C6YU3,70,0,199,32,9.8,70,A
338803000,2020-04-05T08:59:41,30.50512,-80.00939,16.3,244.1,511.0,FORD,,NPOF,90,0,128,14,,,A
338803000,2020-04-05T09:00:30,30.50343,-80.01311,16.1,242.1,511.0,FORD,,NPOF,90,0,128,14,,,A
338803000,2020-04-06T03:30:01,30.49456,-80.00050,7.3,337.3,511.0,FORD,,NPOF,90,0,128,14,,,A
338803000,2020-04-10T03:41:26,30.51176,-80.02236,6.4,81.1,511.0,FORD,,NPOF,90,0,128,14,,,A
338803000,2020-04-10T03:42:56,30.51208,-80.01923,6.6,84.5,511.0,FORD,,NPOF,90,0,128,14,,,A
338803000,2020-04-10T03:44:17,30.51238,-80.01638,6.8,84.0,511.0,FORD,,NPOF,90,0,128,14,,,A
338803000,2020-04-10T03:46:16,30.51270,-80.01197,7.0,84.9,511.0,FORD,,NPOF,90,0,128,14,,,A
538003831,2020-11-24T14:48:38,30.49312,-79.98387,16.9,317.0,314.0,GLOVIS COUNTESS,IMO9476721,V7TM4,70,0,200,32,9.7,70,A
538003831,2020-11-24T14:52:44,30.50707,-79.99888,16.7,317.1,314.0,GLOVIS COUNTESS,IMO9476721,V7TM4,70,0,200,32,9.7,70,A
636017559,2020-04-10T00:10:34,30.48143,-80.01847,15.4,339.3,326.0,ROSALIA,IMO9696826,D5LN8,70,0,180,,,,A
636017559,2020-04-10T00:11:47,30.48617,-80.02067,15.2,337.6,326.0,ROSALIA,IMO9696826,D5LN8,70,0,180,,,,A
636017559,2020-04-10T00:12:52,30.49045,-80.02266,15.3,338.9,326.0,ROSALIA,IMO9696826,D5LN8,70,0,180,,,,A
369970518,2020-07-28T01:38:17,30.50953,-80.02231,5.4,175.4,186.0,USNS HUNTER,IMO8131362,NHUN,90,0,50,11,,,A
369970518,2020-07-28T01:39:44,30.50740,-80.02219,5.5,168.1,182.0,USNS HUNTER,IMO8131362,NHUN,90,0,50,11,,,A
369970518,2020-07-28T01:41:08,30.50527,-80.02164,5.6,169.4,182.0,USNS HUNTER,IMO8131362,NHUN,90,0,50,11,,,A
369970518,2020-07-28T01:43:16,30.50204,-80.02078,5.5,169.9,183.0,USNS HUNTER,IMO8131362,NHUN,90,0,50,11,,,A
369970518,2020-07-28T01:45:47,30.49830,-80.01972,5.5,169.2,182.0,USNS HUNTER,IMO8131362,NHUN,90,0,50,11,,,A
369970518,2020-07-28T01:47:07,30.49631,-80.01908,5.7,161.4,183.0,USNS HUNTER,IMO8131362,NHUN,90,0,50,11,,,A
369970518,2020-07-28T01:54:58,30.48478,-80.01462,6.1,159.0,183.0,USNS HUNTER,IMO8131362,NHUN,90,0,50,11,,,A
636092825,2020-08-27T14:05:36,30.48398,-80.01799,16.9,116.9,130.0,AS SAMANTA,IMO9410260,D5PZ3,70,0,175,28,7.0,70,A
636092825,2020-08-27T14:06:41,30.48139,-80.01285,16.6,123.3,135.0,AS SAMANTA,IMO9410260,D5PZ3,70,0,175,28,7.0,70,A
636092825,2020-08-27T14:07:47,30.47864,-80.00786,16.7,122.5,135.0,AS SAMANTA,IMO9410260,D5PZ3,70,0,175,28,7.0,70,A
367611190,2020-06-28T09:58:24,30.48117,-80.02145,10.6,10.7,6.0,FINISTERRE,,WDH3814,37,,11,,,,B
367611190,2020-06-28T09:59:53,30.48556,-80.02047,10.8,10.6,7.0,FINISTERRE,,WDH3814,37,,11,,,,B
367611190,2020-06-28T10:00:53,30.48844,-80.01981,10.5,11.4,8.0,FINISTERRE,,WDH3814,37,,11,,,,B
367611190,2020-06-28T10:01:54,30.49137,-80.01913,11.2,9.7,3.0,FINISTERRE,,WDH3814,37,,11,,,,B
367611190,2020-06-28T10:03:25,30.49593,-80.01810,10.6,10.1,4.0,FINISTERRE,,WDH3814,37,,11,,,,B
367611190,2020-06-28T10:04:53,30.50032,-80.01709,10.3,12.2,4.0,FINISTERRE,,WDH3814,37,,11,,,,B
367611190,2020-06-28T10:06:23,30.50483,-80.01608,10.8,11.7,6.0,FINISTERRE,,WDH3814,37,,11,,,,B
367611190,2020-06-28T10:08:28,30.51114,-80.01466,10.4,11.4,6.0,FINISTERRE,,WDH3814,37,,11,,,,B
636019574,2020-06-06T00:41:14,30.51080,-80.00455,12.9,177.0,174.0,CALYPSO,IMO9550371,D5VD2,70,0,172,28,6.1,74,A
636019574,2020-06-06T00:42:15,30.50722,-80.00438,12.9,177.0,174.0,CALYPSO,IMO9550371,D5VD2,70,0,172,28,6.1,74,A
636019574,2020-06-06T00:43:23,30.50315,-80.00417,12.9,177.0,174.0,CALYPSO,IMO9550371,D5VD2,70,0,172,28,6.1,74,A
636019574,2020-06-06T00:44:33,30.49885,-80.00395,12.9,177.0,174.0,CALYPSO,IMO9550371,D5VD2,70,0,172,28,6.1,74,A
636019574,2020-06-06T00:45:43,30.49477,-80.00370,12.9,177.0,174.0,CALYPSO,IMO9550371,D5VD2,70,0,172,28,6.1,74,A
636019574,2020-06-06T00:46:53,30.49047,-80.00350,12.9,177.0,174.0,CALYPSO,IMO9550371,D5VD2,70,0,172,28,6.1,74,A
636019574,2020-06-06T00:48:03,30.48640,-80.00328,12.9,177.0,174.0,CALYPSO,IMO9550371,D5VD2,70,0,172,28,6.1,74,A
636019574,2020-06-06T00:49:14,30.48208,-80.00307,12.9,177.0,174.0,CALYPSO,IMO9550371,D5VD2,70,0,172,28,6.1,74,A
636019574,2020-06-06T00:50:23,30.47798,-80.00288,12.8,177.0,174.0,CALYPSO,IMO9550371,D5VD2,70,0,172,28,6.1,74,A
636091888,2020-03-22T23:30:45,30.47795,-79.98256,16.3,351.0,346.0,TRUDY,IMO9415246,A8UE2,70,0,184,23,10.4,70,A
636091888,2020-03-22T23:31:50,30.48287,-79.98348,16.3,350.5,345.0,TRUDY,IMO9415246,A8UE2,70,0,184,23,10.4,70,A
636091888,2020-03-22T23:32:56,30.48780,-79.98441,16.3,350.9,345.0,TRUDY,IMO9415246,A8UE2,70,0,184,23,10.4,70,A
636091888,2020-03-22T23:34:56,30.49676,-79.98607,16.3,350.7,346.0,TRUDY,IMO9415246,A8UE2,70,0,184,23,10.4,70,A
636091888,2020-03-22T23:36:21,30.50303,-79.98724,16.3,350.2,345.0,TRUDY,IMO9415246,A8UE2,70,0,184,23,10.4,70,A
636091888,2020-03-22T23:37:32,30.50839,-79.98821,16.3,350.9,345.0,TRUDY,IMO9415246,A8UE2,70,0,184,23,10.4,70,A
367596850,2020-08-26T06:29:41,30.51085,-80.01170,6.9,187.3,186.0,HOS BAYOU,IMO9647681,WDH2368,90,0,92,19,6.4,,A
367596850,2020-08-26T06:30:51,30.50864,-80.01202,6.9,187.0,186.0,HOS BAYOU,IMO9647681,WDH2368,90,0,92,19,6.4,,A
367596850,2020-08-26T06:32:11,30.50610,-80.01239,6.9,188.0,185.0,HOS BAYOU,IMO9647681,WDH2368,90,0,92,19,6.4,,A
367596850,2020-08-26T06:33:21,30.50388,-80.01278,7.0,188.6,186.0,HOS BAYOU,IMO9647681,WDH2368,90,0,92,19,6.4,,A
367596850,2020-08-26T06:34:30,30.50172,-80.01306,7.0,188.0,184.0,HOS BAYOU,IMO9647681,WDH2368,90,0,92,19,6.4,,A
367596850,2020-08-26T06:35:41,30.49945,-80.01345,6.9,187.5,186.0,HOS BAYOU,IMO9647681,WDH2368,90,0,92,19,6.4,,A
367596850,2020-08-26T06:36:50,30.49722,-80.01378,7.0,186.5,185.0,HOS BAYOU,IMO9647681,WDH2368,90,0,92,19,6.4,,A
367596850,2020-08-26T06:38:10,30.49468,-80.01422,7.0,186.4,186.0,HOS BAYOU,IMO9647681,WDH2368,90,0,92,19,6.4,,A
367596850,2020-08-26T06:39:11,30.49271,-80.01456,6.9,187.9,186.0,HOS BAYOU,IMO9647681,WDH2368,90,0,92,19,6.4,,A
367596850,2020-08-26T06:40:20,30.49047,-80.01490,7.0,187.9,184.0,HOS BAYOU,IMO9647681,WDH2368,90,0,92,19,6.4,,A
367596850,2020-08-26T06:41:31,30.48822,-80.01526,7.1,186.7,186.0,HOS BAYOU,IMO9647681,WDH2368,90,0,92,19,6.4,,A
367596850,2020-08-26T06:42:41,30.48594,-80.01568,7.1,187.0,185.0,HOS BAYOU,IMO9647681,WDH2368,90,0,92,19,6.4,,A
367596850,2020-08-26T06:43:51,30.48369,-80.01601,7.0,188.0,186.0,HOS BAYOU,IMO9647681,WDH2368,90,0,92,19,6.4,,A
367596850,2020-08-26T06:45:01,30.48140,-80.01636,7.0,186.4,185.0,HOS BAYOU,IMO9647681,WDH2368,90,0,92,19,6.4,,A
367596850,2020-08-26T06:46:10,30.47925,-80.01673,6.9,188.4,186.0,HOS BAYOU,IMO9647681,WDH2368,90,0,92,19,6.4,,A
367596850,2020-08-26T06:47:20,30.47708,-80.01711,6.7,186.0,185.0,HOS BAYOU,IMO9647681,WDH2368,90,0,92,19,6.4,,A
311005800,2020-03-26T04:47:43,30.47978,-79.98972,14.5,347.8,341.0,ORAWA,IMO9386926,C6XD8,70,0,189,28,10.4,,A
311005800,2020-03-26T04:48:48,30.48406,-79.99075,14.6,348.5,341.0,ORAWA,IMO9386926,C6XD8,70,0,189,28,10.4,,A
311005800,2020-03-26T04:50:19,30.49009,-79.99217,14.6,348.4,341.0,ORAWA,IMO9386926,C6XD8,70,0,189,28,10.4,,A
311005800,2020-03-26T04:51:30,30.49481,-79.99328,14.6,348.5,341.0,ORAWA,IMO9386926,C6XD8,70,0,189,28,10.4,,A
311005800,2020-03-26T04:53:19,30.50205,-79.99500,14.7,348.5,341.0,ORAWA,IMO9386926,C6XD8,70,0,189,28,10.4,,A
311005800,2020-03-26T04:55:00,30.50878,-79.99660,14.8,348.6,341.0,ORAWA,IMO9386926,C6XD8,70,0,189,28,10.4,,A
311005800,2020-03-26T04:56:01,30.51286,-79.99756,14.8,348.6,341.0,ORAWA,IMO9386926,C6XD8,70,0,189,28,10.4,,A
372995000,2020-06-01T12:57:57,30.48215,-79.99318,18.6,355.0,355.0,BESS,IMO9531715,3FHH5,70,0,199,32,9.6,70,A
372995000,2020-06-01T12:59:03,30.48780,-79.99370,18.7,355.0,355.0,BESS,IMO9531715,3FHH5,70,0,199,32,9.6,70,A
372995000,2020-06-01T13:00:09,30.49367,-79.99417,18.9,356.0,355.0,BESS,IMO9531715,3FHH5,70,0,199,32,9.6,70,A
372995000,2020-06-01T13:00:27,30.49525,-79.99430,18.9,356.0,355.0,BESS,IMO9531715,3FHH5,70,0,199,32,9.6,70,A
372995000,2020-06-01T13:01:33,30.50097,-79.99470,18.9,356.0,354.0,BESS,IMO9531715,3FHH5,70,0,199,32,9.6,70,A
372995000,2020-06-01T13:02:39,30.50673,-79.99603,18.7,346.0,340.0,BESS,IMO9531715,3FHH5,70,0,199,32,9.6,70,A
372995000,2020-06-01T13:03:45,30.51177,-79.99867,18.1,331.0,322.0,BESS,IMO9531715,3FHH5,70,0,199,32,9.6,70,A
367139590,2020-10-17T00:59:31,30.49690,-79.99133,13.6,358.0,359.0,BRANDYWINE,IMO9378761,WDD4054,31,0,37,11,,,A
367139590,2020-10-17T01:01:11,30.50324,-79.99155,13.7,358.4,359.0,BRANDYWINE,IMO9378761,WDD4054,31,0,37,11,,,A
255806104,2020-07-30T09:02:18,30.51084,-79.98187,9.3,168.8,177.0,AS FEDERICA,IMO9395068,CQIY6,71,0,166,25,8.9,71,A
636019825,2020-04-26T01:22:43,30.51098,-79.98441,7.4,182.5,188.0,CONTI LYON,IMO9222285,D5WI6,79,0,300,40,11.2,71,A
636019825,2020-04-26T01:23:51,30.50863,-79.98455,7.4,182.5,188.0,CONTI LYON,IMO9222285,D5WI6,79,0,300,40,11.2,71,A
636019825,2020-04-26T01:25:13,30.50581,-79.98475,7.4,183.3,188.0,CONTI LYON,IMO9222285,D5WI6,79,0,300,40,11.2,71,A
636019825,2020-04-26T01:26:21,30.50349,-79.98490,7.4,183.3,188.0,CONTI LYON,IMO9222285,D5WI6,79,0,300,40,11.2,71,A
636019825,2020-04-26T01:27:32,30.50100,-79.98505,7.5,183.4,188.0,CONTI LYON,IMO9222285,D5WI6,79,0,300,40,11.2,71,A
636019825,2020-04-26T01:28:42,30.49858,-79.98520,7.4,183.3,188.0,CONTI LYON,IMO9222285,D5WI6,79,0,300,40,11.2,71,A
636019825,2020-04-26T01:29:52,30.49622,-79.98535,7.4,182.5,188.0,CONTI LYON,IMO9222285,D5WI6,79,0,300,40,11.2,71,A
636019825,2020-04-26T01:31:01,30.49381,-79.98548,7.4,182.5,188.0,CONTI LYON,IMO9222285,D5WI6,79,0,300,40,11.2,71,A
636019825,2020-04-26T01:32:02,30.49169,-79.98561,7.4,182.5,188.0,CONTI LYON,IMO9222285,D5WI6,79,0,300,40,11.2,71,A
636019825,2020-04-26T01:33:22,30.48898,-79.98579,7.3,183.3,188.0,CONTI LYON,IMO9222285,D5WI6,79,0,300,40,11.2,71,A
636019825,2020-04-26T01:34:31,30.48663,-79.98595,7.4,183.3,188.0,CONTI LYON,IMO9222285,D5WI6,79,0,300,40,11.2,71,A
636019825,2020-04-26T01:35:43,30.48417,-79.98611,7.3,182.5,188.0,CONTI LYON,IMO9222285,D5WI6,79,0,300,40,11.2,71,A
636019825,2020-04-26T01:36:50,30.48189,-79.98626,7.4,183.3,188.0,CONTI LYON,IMO9222285,D5WI6,79,0,300,40,11.2,71,A
636019825,2020-04-26T01:38:02,30.47942,-79.98641,7.4,183.3,188.0,CONTI LYON,IMO9222285,D5WI6,79,0,300,40,11.2,71,A
636019825,2020-04-26T01:39:11,30.47706,-79.98656,7.3,183.5,189.0,CONTI LYON,IMO9222285,D5WI6,79,0,300,40,11.2,71,A
368112580,2020-07-19T11:07:11,30.50858,-80.02115,13.1,23.9,37.0,WINNING HAND,,WDL2497,37,0,35,10,2.0,37,A
368112580,2020-07-19T11:08:21,30.51243,-80.01905,13.2,23.2,37.0,WINNING HAND,,WDL2497,37,0,35,10,2.0,37,A
259932000,2020-05-17T00:42:38,30.51153,-79.99660,5.7,161.1,172.0,SPAR LIBRA,IMO9328534,LAMX7,70,0,189,32,12.6,,A
259932000,2020-05-17T00:43:39,30.50994,-79.99613,5.9,164.0,171.0,SPAR LIBRA,IMO9328534,LAMX7,70,0,189,32,12.6,,A
259932000,2020-05-17T00:44:48,30.50816,-79.99548,5.8,161.5,170.0,SPAR LIBRA,IMO9328534,LAMX7,70,0,189,32,12.6,,A
259932000,2020-05-17T00:46:09,30.50601,-79.99457,6.2,161.0,170.0,SPAR LIBRA,IMO9328534,LAMX7,70,0,189,32,12.6,,A
259932000,2020-05-17T00:47:17,30.50408,-79.99383,6.4,166.3,171.0,SPAR LIBRA,IMO9328534,LAMX7,70,0,189,32,12.6,,A
259932000,2020-05-17T00:48:48,30.50144,-79.99294,6.4,163.2,171.0,SPAR LIBRA,IMO9328534,LAMX7,70,0,189,32,12.6,,A
259932000,2020-05-17T00:49:58,30.49938,-79.99230,6.4,166.2,171.0,SPAR LIBRA,IMO9328534,LAMX7,70,0,189,32,12.6,,A
259932000,2020-05-17T00:51:09,30.49738,-79.99158,6.4,161.6,173.0,SPAR LIBRA,IMO9328534,LAMX7,70,0,189,32,12.6,,A
259932000,2020-05-17T00:52:28,30.49514,-79.99097,6.2,167.0,172.0,SPAR LIBRA,IMO9328534,LAMX7,70,0,189,32,12.6,,A
259932000,2020-05-17T00:53:58,30.49278,-79.99019,5.7,166.2,171.0,SPAR LIBRA,IMO9328534,LAMX7,70,0,189,32,12.6,,A
259932000,2020-05-17T00:55:09,30.49091,-79.98949,6.1,165.8,171.0,SPAR LIBRA,IMO9328534,LAMX7,70,0,189,32,12.6,,A
259932000,2020-05-17T00:56:29,30.48879,-79.98880,6.0,167.2,172.0,SPAR LIBRA,IMO9328534,LAMX7,70,0,189,32,12.6,,A
259932000,2020-05-17T00:57:38,30.48685,-79.98818,6.0,164.6,172.0,SPAR LIBRA,IMO9328534,LAMX7,70,0,189,32,12.6,,A
259932000,2020-05-17T00:58:48,30.48497,-79.98764,5.9,164.0,173.0,SPAR LIBRA,IMO9328534,LAMX7,70,0,189,32,12.6,,A
259932000,2020-05-17T00:59:57,30.48309,-79.98703,6.0,165.0,172.0,SPAR LIBRA,IMO9328534,LAMX7,70,0,189,32,12.6,,A
259932000,2020-05-17T01:00:29,30.48227,-79.98676,5.8,162.6,172.0,SPAR LIBRA,IMO9328534,LAMX7,70,0,189,32,12.6,,A
259932000,2020-05-17T01:01:38,30.48056,-79.98633,5.3,169.8,173.0,SPAR LIBRA,IMO9328534,LAMX7,70,0,189,32,12.6,,A
259932000,2020-05-17T01:02:49,30.47895,-79.98596,5.1,167.8,172.0,SPAR LIBRA,IMO9328534,LAMX7,70,0,189,32,12.6,,A
259932000,2020-05-17T01:03:59,30.47725,-79.98546,5.7,162.0,171.0,SPAR LIBRA,IMO9328534,LAMX7,70,0,189,32,12.6,,A
538071128,2020-07-31T04:25:34,30.47992,-79.99924,13.4,0.8,350.0,MACGUFFIN,,V7NO2,,5,,,,,A
538071128,2020-07-31T04:27:04,30.48551,-79.99924,13.3,358.5,347.0,MACGUFFIN,,V7NO2,,5,,,,,A
538071128,2020-07-31T04:29:04,30.49300,-79.99933,13.7,357.7,350.0,MACGUFFIN,,V7NO2,,5,,,,,A
538071128,2020-07-31T04:30:14,30.49738,-79.99930,13.7,359.3,347.0,MACGUFFIN,,V7NO2,,5,,,,,A
538071128,2020-07-31T04:32:04,30.50424,-79.99928,13.6,1.3,350.0,MACGUFFIN,,V7NO2,,5,,,,,A
538071128,2020-07-31T04:33:35,30.50978,-79.99927,13.2,358.4,345.0,MACGUFFIN,,V7NO2,,5,,,,,A
538003831,2020-07-13T01:29:14,30.50769,-79.98672,18.3,322.8,311.0,GLOVIS COUNTESS,IMO9476721,V7TM4,70,0,200,32,9.7,70,A
305350000,2020-03-18T21:51:04,30.49676,-79.98377,15.1,271.9,255.0,K-STORM,IMO9389435,V2DV8,70,0,139,22,7.4,79,A
305350000,2020-03-18T21:53:40,30.49672,-79.99642,15.0,271.8,255.0,K-STORM,IMO9389435,V2DV8,70,0,139,22,7.4,79,A
305350000,2020-03-18T21:54:45,30.49669,-80.00161,15.0,270.8,255.0,K-STORM,IMO9389435,V2DV8,70,0,139,22,7.4,79,A
305350000,2020-03-18T21:55:52,30.49669,-80.00696,14.8,270.6,255.0,K-STORM,IMO9389435,V2DV8,70,0,139,22,7.4,79,A
305350000,2020-03-18T21:57:04,30.49665,-80.01269,14.9,269.4,255.0,K-STORM,IMO9389435,V2DV8,70,0,139,22,7.4,79,A
305350000,2020-03-18T21:58:09,30.49666,-80.01789,14.9,271.5,256.0,K-STORM,IMO9389435,V2DV8,70,0,139,22,7.4,79,A
538070314,2020-03-25T08:46:47,30.48536,-80.01351,11.9,14.6,13.0,S/Y FALCON,,V7LR3,36,,29,7,,,B
538070314,2020-03-25T08:48:17,30.49000,-80.01207,11.8,8.7,6.0,S/Y FALCON,,V7LR3,36,,29,7,,,B
538070314,2020-03-25T08:52:47,30.50409,-80.00751,11.4,16.1,19.0,S/Y FALCON,,V7LR3,36,,29,7,,,B
371475000,2020-05-15T15:29:29,30.50947,-79.98606,11.2,176.7,181.0,MSC CAROLINA,IMO9295397,3ECV5,70,0,274,40,14.5,72,A
371475000,2020-05-15T15:30:38,30.50588,-79.98583,11.1,177.1,181.0,MSC CAROLINA,IMO9295397,3ECV5,70,0,274,40,14.5,72,A
371475000,2020-05-15T15:31:48,30.50231,-79.98560,11.2,176.9,180.0,MSC CAROLINA,IMO9295397,3ECV5,70,0,274,40,14.5,72,A
371475000,2020-05-15T15:35:49,30.48964,-79.98491,11.3,180.5,184.0,MSC CAROLINA,IMO9295397,3ECV5,70,0,274,40,14.5,72,A
371475000,2020-05-15T15:37:29,30.48439,-79.98504,11.2,180.5,185.0,MSC CAROLINA,IMO9295397,3ECV5,70,0,274,40,14.5,72,A
371475000,2020-05-15T15:39:18,30.47877,-79.98557,11.2,188.9,190.0,MSC CAROLINA,IMO9295397,3ECV5,70,0,274,40,14.5,72,A
366757230,2020-10-01T15:08:08,30.47780,-80.01160,3.8,18.7,123.0,GARY CHOUEST,IMO9132313,WCY7287,90,3,81,18,7.0,38,A
366757230,2020-10-01T15:10:18,30.47991,-80.01082,3.7,17.4,119.0,GARY CHOUEST,IMO9132313,WCY7287,90,3,81,18,7.0,38,A
366757230,2020-10-01T15:11:29,30.48107,-80.01038,3.5,18.9,119.0,GARY CHOUEST,IMO9132313,WCY7287,90,3,81,18,7.0,38,A
366757230,2020-10-01T15:18:19,30.48753,-80.00805,3.5,17.9,133.0,GARY CHOUEST,IMO9132313,WCY7287,90,3,81,18,7.0,38,A
366757230,2020-10-01T15:19:39,30.48878,-80.00761,3.5,17.4,135.0,GARY CHOUEST,IMO9132313,WCY7287,90,3,81,18,7.0,38,A
366757230,2020-10-01T15:21:19,30.49032,-80.00703,3.3,17.2,135.0,GARY CHOUEST,IMO9132313,WCY7287,90,3,81,18,7.0,38,A
366757230,2020-10-01T15:22:39,30.49159,-80.00662,3.5,16.5,138.0,GARY CHOUEST,IMO9132313,WCY7287,90,3,81,18,7.0,38,A
366757230,2020-10-01T15:23:48,30.49268,-80.00625,3.5,17.2,137.0,GARY CHOUEST,IMO9132313,WCY7287,90,3,81,18,7.0,38,A
366757230,2020-10-01T15:25:09,30.49393,-80.00581,3.5,16.1,138.0,GARY CHOUEST,IMO9132313,WCY7287,90,3,81,18,7.0,38,A
366757230,2020-10-01T15:26:19,30.49499,-80.00543,3.3,17.3,140.0,GARY CHOUEST,IMO9132313,WCY7287,90,3,81,18,7.0,38,A
366757230,2020-10-01T15:35:39,30.50352,-80.00204,3.5,21.5,123.0,GARY CHOUEST,IMO9132313,WCY7287,90,3,81,18,7.0,38,A
366757230,2020-10-01T15:36:59,30.50471,-80.00149,3.5,19.5,118.0,GARY CHOUEST,IMO9132313,WCY7287,90,3,81,18,7.0,38,A
366757230,2020-10-01T15:38:08,30.50574,-80.00108,3.5,17.9,119.0,GARY CHOUEST,IMO9132313,WCY7287,90,3,81,18,7.0,38,A
366757230,2020-10-01T15:39:18,30.50682,-80.00067,3.5,18.0,118.0,GARY CHOUEST,IMO9132313,WCY7287,90,3,81,18,7.0,38,A
366757230,2020-10-01T15:40:29,30.50792,-80.00026,3.4,18.8,118.0,GARY CHOUEST,IMO9132313,WCY7287,90,3,81,18,7.0,38,A
366757230,2020-10-01T15:41:39,30.50900,-79.99986,3.4,18.2,121.0,GARY CHOUEST,IMO9132313,WCY7287,90,3,81,18,7.0,38,A
366757230,2020-10-01T15:42:49,30.51006,-79.99943,3.4,19.0,121.0,GARY CHOUEST,IMO9132313,WCY7287,90,3,81,18,7.0,38,A
305350000,2020-03-04T23:46:34,30.49590,-79.99349,15.4,264.5,254.0,K-STORM,IMO9389435,V2DV8,70,0,139,22,7.4,79,A
305350000,2020-03-04T23:49:57,30.49512,-80.01033,15.7,268.0,260.0,K-STORM,IMO9389435,V2DV8,70,0,139,22,7.4,79,A
305350000,2020-03-04T23:51:39,30.49483,-80.01889,15.7,268.6,261.0,K-STORM,IMO9389435,V2DV8,70,0,139,22,7.4,79,A
563143000,2020-03-13T00:34:48,30.48492,-79.98209,10.9,342.8,326.0,EVER LIVING,IMO9629031,9V9791,70,0,334,45,14.2,74,A
563143000,2020-03-13T00:36:08,30.48887,-79.98347,11.0,343.3,326.0,EVER LIVING,IMO9629031,9V9791,70,0,334,45,14.2,74,A
563143000,2020-03-13T00:37:19,30.49230,-79.98466,11.0,343.0,325.0,EVER LIVING,IMO9629031,9V9791,70,0,334,45,14.2,74,A
563143000,2020-03-13T00:40:07,30.50053,-79.98762,11.0,342.8,326.0,EVER LIVING,IMO9629031,9V9791,70,0,334,45,14.2,74,A
563143000,2020-03-13T00:41:19,30.50409,-79.98887,11.1,343.0,324.0,EVER LIVING,IMO9629031,9V9791,70,0,334,45,14.2,74,A
563143000,2020-03-13T00:43:28,30.51035,-79.99116,11.0,342.0,324.0,EVER LIVING,IMO9629031,9V9791,70,0,334,45,14.2,74,A
338273000,2020-08-27T23:07:48,30.48445,-80.02063,14.6,94.6,113.0,SLNC YORK,IMO9538907,WNCG,70,0,142,23,5.8,70,A
338273000,2020-08-27T23:08:54,30.48408,-80.01546,14.6,94.6,113.0,SLNC YORK,IMO9538907,WNCG,70,0,142,23,5.8,70,A
338273000,2020-08-27T23:10:06,30.48367,-80.00985,14.4,94.8,112.0,SLNC YORK,IMO9538907,WNCG,70,0,142,23,5.8,70,A
338273000,2020-08-27T23:11:12,30.48331,-80.00475,14.3,94.7,113.0,SLNC YORK,IMO9538907,WNCG,70,0,142,23,5.8,70,A
338273000,2020-08-27T23:12:18,30.48298,-79.99967,14.3,93.8,112.0,SLNC YORK,IMO9538907,WNCG,70,0,142,23,5.8,70,A
338273000,2020-08-27T23:13:24,30.48263,-79.99460,14.2,94.6,113.0,SLNC YORK,IMO9538907,WNCG,70,0,142,23,5.8,70,A
338273000,2020-08-27T23:14:30,30.48225,-79.98956,14.3,94.3,113.0,SLNC YORK,IMO9538907,WNCG,70,0,142,23,5.8,70,A
338273000,2020-08-27T23:15:31,30.48192,-79.98495,14.3,94.7,113.0,SLNC YORK,IMO9538907,WNCG,70,0,142,23,5.8,70,A
373996000,2020-05-05T23:27:41,30.47922,-80.01153,15.9,346.5,338.0,HOEGH BRASILIA,IMO9368895,3FHU3,70,0,179,32,9.6,70,A
373996000,2020-05-05T23:28:47,30.48397,-80.01280,15.9,347.0,338.0,HOEGH BRASILIA,IMO9368895,3FHU3,70,0,179,32,9.6,70,A
373996000,2020-05-05T23:29:52,30.48862,-80.01412,15.8,345.7,336.0,HOEGH BRASILIA,IMO9368895,3FHU3,70,0,179,32,9.6,70,A
373996000,2020-05-05T23:30:58,30.49329,-80.01554,15.8,345.0,335.0,HOEGH BRASILIA,IMO9368895,3FHU3,70,0,179,32,9.6,70,A
373996000,2020-05-05T23:32:04,30.49799,-80.01692,15.9,346.3,337.0,HOEGH BRASILIA,IMO9368895,3FHU3,70,0,179,32,9.6,70,A
373996000,2020-05-05T23:33:10,30.50273,-80.01823,15.8,346.4,337.0,HOEGH BRASILIA,IMO9368895,3FHU3,70,0,179,32,9.6,70,A
373996000,2020-05-05T23:34:17,30.50744,-80.01962,15.8,345.0,335.0,HOEGH BRASILIA,IMO9368895,3FHU3,70,0,179,32,9.6,70,A
373996000,2020-05-05T23:35:22,30.51211,-80.02104,15.8,345.7,336.0,HOEGH BRASILIA,IMO9368895,3FHU3,70,0,179,32,9.6,70,A
366757230,2020-09-24T15:14:19,30.47729,-80.01181,5.6,0.5,354.0,GARY CHOUEST,IMO9132313,WCY7287,90,0,81,18,7.0,38,A
366757230,2020-09-24T15:21:09,30.48803,-80.01094,5.6,4.1,356.0,GARY CHOUEST,IMO9132313,WCY7287,90,0,81,18,7.0,38,A
366757230,2020-09-24T15:31:19,30.50346,-80.00993,5.7,5.5,356.0,GARY CHOUEST,IMO9132313,WCY7287,90,0,81,18,7.0,38,A
366757230,2020-09-25T18:49:49,30.47793,-80.00394,3.5,4.2,226.0,GARY CHOUEST,IMO9132313,WCY7287,90,3,81,18,7.0,38,A
366757230,2020-09-25T18:51:29,30.47952,-80.00374,3.4,4.7,220.0,GARY CHOUEST,IMO9132313,WCY7287,90,3,81,18,7.0,38,A
366757230,2020-09-25T18:55:59,30.48380,-80.00337,3.2,3.1,229.0,GARY CHOUEST,IMO9132313,WCY7287,90,3,81,18,7.0,38,A
366757230,2020-09-25T18:58:49,30.48634,-80.00308,3.2,4.7,220.0,GARY CHOUEST,IMO9132313,WCY7287,90,3,81,18,7.0,38,A
366757230,2020-09-25T19:00:09,30.48752,-80.00298,3.1,5.2,216.0,GARY CHOUEST,IMO9132313,WCY7287,90,3,81,18,7.0,38,A
366757230,2020-09-25T19:01:19,30.48854,-80.00282,3.1,5.2,214.0,GARY CHOUEST,IMO9132313,WCY7287,90,3,81,18,7.0,38,A
366757230,2020-09-25T19:02:29,30.48954,-80.00270,3.1,3.0,210.0,GARY CHOUEST,IMO9132313,WCY7287,90,3,81,18,7.0,38,A
366757230,2020-09-25T19:03:38,30.49052,-80.00259,3.1,6.3,207.0,GARY CHOUEST,IMO9132313,WCY7287,90,3,81,18,7.0,38,A
366757230,2020-09-25T19:04:49,30.49154,-80.00246,3.1,6.1,204.0,GARY CHOUEST,IMO9132313,WCY7287,90,3,81,18,7.0,38,A
366757230,2020-09-25T19:05:58,30.49254,-80.00235,3.1,6.0,203.0,GARY CHOUEST,IMO9132313,WCY7287,90,3,81,18,7.0,38,A
366757230,2020-09-25T19:07:38,30.49396,-80.00210,3.1,8.5,197.0,GARY CHOUEST,IMO9132313,WCY7287,90,3,81,18,7.0,38,A
366757230,2020-09-25T19:09:29,30.49562,-80.00187,3.2,4.6,198.0,GARY CHOUEST,IMO9132313,WCY7287,90,3,81,18,7.0,38,A
366757230,2020-09-25T19:10:38,30.49667,-80.00175,3.3,6.6,199.0,GARY CHOUEST,IMO9132313,WCY7287,90,3,81,18,7.0,38,A
366757230,2020-09-25T19:12:19,30.49821,-80.00152,3.4,7.5,198.0,GARY CHOUEST,IMO9132313,WCY7287,90,3,81,18,7.0,38,A
366757230,2020-09-25T19:13:29,30.49928,-80.00139,3.3,6.2,195.0,GARY CHOUEST,IMO9132313,WCY7287,90,3,81,18,7.0,38,A
366757230,2020-09-25T19:16:09,30.50176,-80.00109,3.3,5.3,197.0,GARY CHOUEST,IMO9132313,WCY7287,90,3,81,18,7.0,38,A
366757230,2020-09-25T19:17:19,30.50281,-80.00093,3.1,5.6,201.0,GARY CHOUEST,IMO9132313,WCY7287,90,3,81,18,7.0,38,A
366757230,2020-09-25T19:21:48,30.50691,-80.00044,3.3,9.4,208.0,GARY CHOUEST,IMO9132313,WCY7287,90,3,81,18,7.0,38,A
366757230,2020-09-25T19:27:28,30.51213,-79.99949,3.4,7.9,194.0,GARY CHOUEST,IMO9132313,WCY7287,90,3,81,18,7.0,38,A
366757230,2020-09-27T06:01:07,30.47784,-80.02084,3.3,27.1,67.0,GARY CHOUEST,IMO9132313,WCY7287,90,3,81,18,7.0,38,A
366757230,2020-09-27T06:02:28,30.47896,-80.02017,3.4,27.1,66.0,GARY CHOUEST,IMO9132313,WCY7287,90,3,81,18,7.0,38,A
366757230,2020-09-27T06:03:38,30.47995,-80.01963,3.3,27.4,66.0,GARY CHOUEST,IMO9132313,WCY7287,90,3,81,18,7.0,38,A
366757230,2020-09-27T06:04:48,30.48089,-80.01908,3.3,27.6,66.0,GARY CHOUEST,IMO9132313,WCY7287,90,3,81,18,7.0,38,A
366757230,2020-09-27T06:06:29,30.48227,-80.01820,3.3,27.2,67.0,GARY CHOUEST,IMO9132313,WCY7287,90,3,81,18,7.0,38,A
366757230,2020-09-27T06:08:29,30.48396,-80.01720,3.3,28.5,64.0,GARY CHOUEST,IMO9132313,WCY7287,90,3,81,18,7.0,38,A
366757230,2020-09-27T06:09:48,30.48507,-80.01656,3.4,26.3,61.0,GARY CHOUEST,IMO9132313,WCY7287,90,3,81,18,7.0,38,A
366757230,2020-09-27T06:12:38,30.48751,-80.01514,3.4,25.3,54.0,GARY CHOUEST,IMO9132313,WCY7287,90,3,81,18,7.0,38,A
366757230,2020-09-27T06:13:48,30.48849,-80.01464,3.3,24.6,52.0,GARY CHOUEST,IMO9132313,WCY7287,90,3,81,18,7.0,38,A
366757230,2020-09-27T06:14:58,30.48952,-80.01411,3.3,24.5,49.0,GARY CHOUEST,IMO9132313,WCY7287,90,3,81,18,7.0,38,A
366757230,2020-09-27T06:18:38,30.49276,-80.01240,3.5,23.6,46.0,GARY CHOUEST,IMO9132313,WCY7287,90,3,81,18,7.0,38,A
366757230,2020-09-27T06:20:08,30.49410,-80.01173,3.5,22.2,44.0,GARY CHOUEST,IMO9132313,WCY7287,90,3,81,18,7.0,38,A
366757230,2020-09-27T06:22:08,30.49589,-80.01082,3.5,23.1,42.0,GARY CHOUEST,IMO9132313,WCY7287,90,3,81,18,7.0,38,A
366757230,2020-09-27T06:23:39,30.49724,-80.01015,3.5,24.2,41.0,GARY CHOUEST,IMO9132313,WCY7287,90,3,81,18,7.0,38,A
366757230,2020-09-27T06:25:39,30.49904,-80.00925,3.5,23.9,42.0,GARY CHOUEST,IMO9132313,WCY7287,90,3,81,18,7.0,38,A
366757230,2020-09-27T06:30:19,30.50316,-80.00709,3.3,24.8,49.0,GARY CHOUEST,IMO9132313,WCY7287,90,3,81,18,7.0,38,A
366757230,2020-09-27T06:33:19,30.50568,-80.00571,3.3,25.7,59.0,GARY CHOUEST,IMO9132313,WCY7287,90,3,81,18,7.0,38,A
366757230,2020-09-27T06:35:08,30.50721,-80.00488,3.3,26.2,62.0,GARY CHOUEST,IMO9132313,WCY7287,90,3,81,18,7.0,38,A
366757230,2020-09-27T06:36:59,30.50879,-80.00399,3.3,25.5,62.0,GARY CHOUEST,IMO9132313,WCY7287,90,3,81,18,7.0,38,A
366757230,2020-09-27T06:38:08,30.50975,-80.00346,3.3,24.8,63.0,GARY CHOUEST,IMO9132313,WCY7287,90,3,81,18,7.0,38,A
366757230,2020-09-27T06:40:49,30.51204,-80.00217,3.3,27.0,62.0,GARY CHOUEST,IMO9132313,WCY7287,90,3,81,18,7.0,38,A
366757230,2020-09-27T07:05:58,30.51232,-79.99525,1.2,179.3,194.0,GARY CHOUEST,IMO9132313,WCY7287,90,3,81,18,7.0,38,A
366757230,2020-09-27T07:07:09,30.51191,-79.99521,1.2,179.3,194.0,GARY CHOUEST,IMO9132313,WCY7287,90,3,81,18,7.0,38,A
366757230,2020-09-27T07:08:28,30.51145,-79.99521,1.2,179.8,194.0,GARY CHOUEST,IMO9132313,WCY7287,90,3,81,18,7.0,38,A
366757230,2020-09-27T07:11:39,30.51041,-79.99523,1.2,181.5,195.0,GARY CHOUEST,IMO9132313,WCY7287,90,3,81,18,7.0,38,A
366757230,2020-09-27T07:12:48,30.51001,-79.99524,1.2,181.3,195.0,GARY CHOUEST,IMO9132313,WCY7287,90,3,81,18,7.0,38,A
366757230,2020-09-27T07:13:58,30.50961,-79.99525,1.2,181.2,195.0,GARY CHOUEST,IMO9132313,WCY7287,90,3,81,18,7.0,38,A
366757230,2020-09-27T07:18:19,30.50814,-79.99528,1.2,181.1,195.0,GARY CHOUEST,IMO9132313,WCY7287,90,3,81,18,7.0,38,A
366757230,2020-09-27T07:20:58,30.50728,-79.99530,1.1,180.9,195.0,GARY CHOUEST,IMO9132313,WCY7287,90,3,81,18,7.0,38,A
366757230,2020-09-27T07:22:38,30.50671,-79.99530,1.2,182.0,195.0,GARY CHOUEST,IMO9132313,WCY7287,90,3,81,18,7.0,38,A
366757230,2020-09-27T07:25:09,30.50590,-79.99533,1.1,180.6,195.0,GARY CHOUEST,IMO9132313,WCY7287,90,3,81,18,7.0,38,A
366757230,2020-09-27T07:27:09,30.50526,-79.99531,1.1,181.2,195.0,GARY CHOUEST,IMO9132313,WCY7287,90,3,81,18,7.0,38,A
366757230,2020-09-27T07:28:38,30.50478,-79.99535,1.1,182.8,195.0,GARY CHOUEST,IMO9132313,WCY7287,90,3,81,18,7.0,38,A
366757230,2020-09-27T07:30:38,30.50408,-79.99542,1.1,185.0,195.0,GARY CHOUEST,IMO9132313,WCY7287,90,3,81,18,7.0,38,A
366757230,2020-09-27T07:31:48,30.50369,-79.99543,1.2,185.8,195.0,GARY CHOUEST,IMO9132313,WCY7287,90,3,81,18,7.0,38,A
366757230,2020-09-27T07:34:48,30.50267,-79.99551,1.2,185.0,195.0,GARY CHOUEST,IMO9132313,WCY7287,90,3,81,18,7.0,38,A
366757230,2020-09-27T07:37:48,30.50165,-79.99563,1.2,187.6,195.0,GARY CHOUEST,IMO9132313,WCY7287,90,3,81,18,7.0,38,A
366757230,2020-09-27T07:40:18,30.50076,-79.99570,1.3,183.5,194.0,GARY CHOUEST,IMO9132313,WCY7287,90,3,81,18,7.0,38,A
366757230,2020-09-27T07:41:38,30.50030,-79.99575,1.1,184.9,195.0,GARY CHOUEST,IMO9132313,WCY7287,90,3,81,18,7.0,38,A
366757230,2020-09-27T07:43:08,30.49986,-79.99579,1.0,184.0,194.0,GARY CHOUEST,IMO9132313,WCY7287,90,3,81,18,7.0,38,A
366757230,2020-09-27T07:44:48,30.49942,-79.99580,1.0,181.7,194.0,GARY CHOUEST,IMO9132313,WCY7287,90,3,81,18,7.0,38,A
366757230,2020-09-27T07:46:29,30.49896,-79.99582,0.9,181.2,194.0,GARY CHOUEST,IMO9132313,WCY7287,90,3,81,18,7.0,38,A
366757230,2020-09-27T07:47:48,30.49862,-79.99586,0.9,183.5,195.0,GARY CHOUEST,IMO9132313,WCY7287,90,3,81,18,7.0,38,A
366757230,2020-09-27T07:50:29,30.49797,-79.99588,0.9,184.4,195.0,GARY CHOUEST,IMO9132313,WCY7287,90,3,81,18,7.0,38,A
366757230,2020-09-27T07:56:08,30.49656,-79.99605,0.9,185.8,194.0,GARY CHOUEST,IMO9132313,WCY7287,90,3,81,18,7.0,38,A
366757230,2020-09-27T07:57:19,30.49625,-79.99607,0.9,185.1,195.0,GARY CHOUEST,IMO9132313,WCY7287,90,3,81,18,7.0,38,A
366757230,2020-09-27T07:58:28,30.49594,-79.99611,0.9,185.0,195.0,GARY CHOUEST,IMO9132313,WCY7287,90,3,81,18,7.0,38,A
366757230,2020-09-27T07:59:39,30.49565,-79.99615,0.9,186.1,195.0,GARY CHOUEST,IMO9132313,WCY7287,90,3,81,18,7.0,38,A
366757230,2020-09-27T08:00:08,30.49553,-79.99617,0.9,185.8,195.0,GARY CHOUEST,IMO9132313,WCY7287,90,3,81,18,7.0,38,A
366757230,2020-09-27T08:01:19,30.49527,-79.99620,0.9,187.1,195.0,GARY CHOUEST,IMO9132313,WCY7287,90,3,81,18,7.0,38,A
366757230,2020-09-27T08:02:29,30.49496,-79.99621,0.9,186.9,195.0,GARY CHOUEST,IMO9132313,WCY7287,90,3,81,18,7.0,38,A
366757230,2020-09-27T08:04:08,30.49456,-79.99630,0.8,188.8,194.0,GARY CHOUEST,IMO9132313,WCY7287,90,3,81,18,7.0,38,A
366757230,2020-09-27T08:05:19,30.49428,-79.99635,0.8,187.2,194.0,GARY CHOUEST,IMO9132313,WCY7287,90,3,81,18,7.0,38,A
366757230,2020-09-27T08:07:39,30.49371,-79.99644,0.9,189.6,195.0,GARY CHOUEST,IMO9132313,WCY7287,90,3,81,18,7.0,38,A
366757230,2020-09-27T08:09:29,30.49325,-79.99652,0.9,188.1,195.0,GARY CHOUEST,IMO9132313,WCY7287,90,3,81,18,7.0,38,A
366757230,2020-09-27T08:10:38,30.49300,-79.99657,0.9,190.8,195.0,GARY CHOUEST,IMO9132313,WCY7287,90,3,81,18,7.0,38,A
366757230,2020-09-27T08:11:59,30.49270,-79.99664,0.8,189.4,194.0,GARY CHOUEST,IMO9132313,WCY7287,90,3,81,18,7.0,38,A
366757230,2020-09-27T08:15:18,30.49188,-79.99683,0.9,190.0,195.0,GARY CHOUEST,IMO9132313,WCY7287,90,3,81,18,7.0,38,A
366757230,2020-09-27T08:19:49,30.49077,-79.99708,0.9,194.9,194.0,GARY CHOUEST,IMO9132313,WCY7287,90,3,81,18,7.0,38,A
366757230,2020-09-27T08:21:39,30.49037,-79.99722,0.9,195.0,194.0,GARY CHOUEST,IMO9132313,WCY7287,90,3,81,18,7.0,38,A
366757230,2020-09-27T08:23:49,30.48986,-79.99737,0.9,195.3,195.0,GARY CHOUEST,IMO9132313,WCY7287,90,3,81,18,7.0,38,A
366757230,2020-09-27T08:24:59,30.48959,-79.99746,0.8,196.1,195.0,GARY CHOUEST,IMO9132313,WCY7287,90,3,81,18,7.0,38,A
366757230,2020-09-27T08:32:09,30.48792,-79.99811,0.9,198.9,195.0,GARY CHOUEST,IMO9132313,WCY7287,90,3,81,18,7.0,38,A
366757230,2020-09-27T08:36:18,30.48704,-79.99851,0.8,202.4,194.0,GARY CHOUEST,IMO9132313,WCY7287,90,3,81,18,7.0,38,A
366757230,2020-09-27T08:39:18,30.48640,-79.99882,0.8,205.0,195.0,GARY CHOUEST,IMO9132313,WCY7287,90,3,81,18,7.0,38,A
366757230,2020-09-27T08:41:59,30.48589,-79.99908,0.8,201.3,195.0,GARY CHOUEST,IMO9132313,WCY7287,90,3,81,18,7.0,38,A
366757230,2020-09-27T08:43:18,30.48562,-79.99919,0.7,203.5,194.0,GARY CHOUEST,IMO9132313,WCY7287,90,3,81,18,7.0,38,A
366757230,2020-09-27T08:44:29,30.48539,-79.99929,0.8,203.8,195.0,GARY CHOUEST,IMO9132313,WCY7287,90,3,81,18,7.0,38,A
366757230,2020-09-27T08:45:39,30.48516,-79.99939,0.8,202.0,194.0,GARY CHOUEST,IMO9132313,WCY7287,90,3,81,18,7.0,38,A
366757230,2020-09-27T08:46:49,30.48492,-79.99950,0.8,202.0,195.0,GARY CHOUEST,IMO9132313,WCY7287,90,3,81,18,7.0,38,A
366757230,2020-09-27T08:48:08,30.48465,-79.99955,0.7,174.8,188.0,GARY CHOUEST,IMO9132313,WCY7287,90,3,81,18,7.0,38,A
366757230,2020-09-27T08:49:28,30.48438,-79.99954,0.8,178.1,190.0,GARY CHOUEST,IMO9132313,WCY7287,90,3,81,18,7.0,38,A
366757230,2020-09-27T08:50:49,30.48408,-79.99954,0.8,180.3,190.0,GARY CHOUEST,IMO9132313,WCY7287,90,3,81,18,7.0,38,A
366757230,2020-09-27T08:51:59,30.48381,-79.99953,0.8,178.6,189.0,GARY CHOUEST,IMO9132313,WCY7287,90,3,81,18,7.0,38,A
366757230,2020-09-27T08:53:08,30.48355,-79.99949,0.8,176.3,190.0,GARY CHOUEST,IMO9132313,WCY7287,90,3,81,18,7.0,38,A
366757230,2020-09-27T08:54:19,30.48329,-79.99947,0.8,177.0,189.0,GARY CHOUEST,IMO9132313,WCY7287,90,3,81,18,7.0,38,A
366757230,2020-09-27T08:55:28,30.48305,-79.99946,0.8,176.5,190.0,GARY CHOUEST,IMO9132313,WCY7287,90,3,81,18,7.0,38,A
366757230,2020-09-27T08:56:38,30.48281,-79.99944,0.8,177.7,189.0,GARY CHOUEST,IMO9132313,WCY7287,90,3,81,18,7.0,38,A
366757230,2020-09-27T08:58:19,30.48242,-79.99943,0.8,178.8,190.0,GARY CHOUEST,IMO9132313,WCY7287,90,3,81,18,7.0,38,A
366757230,2020-09-27T08:59:28,30.48215,-79.99941,0.8,175.2,190.0,GARY CHOUEST,IMO9132313,WCY7287,90,3,81,18,7.0,38,A
366757230,2020-09-27T09:00:19,30.48197,-79.99938,0.8,177.1,190.0,GARY CHOUEST,IMO9132313,WCY7287,90,3,81,18,7.0,38,A
366757230,2020-09-27T09:01:29,30.48171,-79.99935,0.8,174.8,190.0,GARY CHOUEST,IMO9132313,WCY7287,90,3,81,18,7.0,38,A
366757230,2020-09-27T09:02:39,30.48143,-79.99935,0.8,176.3,190.0,GARY CHOUEST,IMO9132313,WCY7287,90,3,81,18,7.0,38,A
366757230,2020-09-27T09:03:49,30.48115,-79.99932,0.8,176.3,190.0,GARY CHOUEST,IMO9132313,WCY7287,90,3,81,18,7.0,38,A
366757230,2020-09-27T09:05:39,30.48073,-79.99930,0.9,177.0,190.0,GARY CHOUEST,IMO9132313,WCY7287,90,3,81,18,7.0,38,A
366757230,2020-09-27T09:07:09,30.48040,-79.99929,0.9,176.0,189.0,GARY CHOUEST,IMO9132313,WCY7287,90,3,81,18,7.0,38,A
366757230,2020-09-27T09:08:59,30.47994,-79.99925,0.9,175.1,189.0,GARY CHOUEST,IMO9132313,WCY7287,90,3,81,18,7.0,38,A
366757230,2020-09-27T09:11:19,30.47935,-79.99921,0.9,176.8,190.0,GARY CHOUEST,IMO9132313,WCY7287,90,3,81,18,7.0,38,A
366757230,2020-09-27T09:13:28,30.47885,-79.99915,0.9,176.0,189.0,GARY CHOUEST,IMO9132313,WCY7287,90,3,81,18,7.0,38,A
366757230,2020-09-27T09:16:28,30.47809,-79.99910,0.8,178.2,190.0,GARY CHOUEST,IMO9132313,WCY7287,90,3,81,18,7.0,38,A
366757230,2020-09-27T09:17:48,30.47777,-79.99910,0.8,179.3,190.0,GARY CHOUEST,IMO9132313,WCY7287,90,3,81,18,7.0,38,A
366757230,2020-09-27T09:18:58,30.47753,-79.99909,0.8,178.4,189.0,GARY CHOUEST,IMO9132313,WCY7287,90,3,81,18,7.0,38,A
366757230,2020-09-27T09:20:08,30.47727,-79.99909,0.8,179.6,190.0,GARY CHOUEST,IMO9132313,WCY7287,90,3,81,18,7.0,38,A
366757230,2020-09-27T19:19:09,30.48026,-80.00616,2.1,6.7,166.0,GARY CHOUEST,IMO9132313,WCY7287,90,3,81,18,7.0,38,A
366757230,2020-09-27T19:20:29,30.48099,-80.00606,2.0,5.9,164.0,GARY CHOUEST,IMO9132313,WCY7287,90,3,81,18,7.0,38,A
366757230,2020-09-27T19:21:48,30.48173,-80.00595,2.1,7.2,163.0,GARY CHOUEST,IMO9132313,WCY7287,90,3,81,18,7.0,38,A
366757230,2020-09-27T19:27:59,30.48545,-80.00538,2.3,7.1,160.0,GARY CHOUEST,IMO9132313,WCY7287,90,3,81,18,7.0,38,A
366757230,2020-09-27T19:41:19,30.49393,-80.00377,2.3,9.6,159.0,GARY CHOUEST,IMO9132313,WCY7287,90,3,81,18,7.0,38,A
366757230,2020-09-27T19:51:38,30.50083,-80.00258,2.4,9.1,158.0,GARY CHOUEST,IMO9132313,WCY7287,90,3,81,18,7.0,38,A
366757230,2020-09-27T19:56:28,30.50401,-80.00202,2.3,7.6,160.0,GARY CHOUEST,IMO9132313,WCY7287,90,3,81,18,7.0,38,A
366757230,2020-09-27T19:57:48,30.50490,-80.00187,2.4,8.7,163.0,GARY CHOUEST,IMO9132313,WCY7287,90,3,81,18,7.0,38,A
366757230,2020-09-27T20:06:19,30.51072,-80.00093,2.4,6.2,157.0,GARY CHOUEST,IMO9132313,WCY7287,90,3,81,18,7.0,38,A
366757230,2020-09-27T20:08:08,30.51192,-80.00075,2.3,5.7,157.0,GARY CHOUEST,IMO9132313,WCY7287,90,3,81,18,7.0,38,A
366757230,2020-09-27T20:45:48,30.50992,-80.00240,2.1,188.9,189.0,GARY CHOUEST,IMO9132313,WCY7287,90,3,81,18,7.0,38,A
366757230,2020-09-27T20:59:29,30.50201,-80.00423,2.1,194.8,189.0,GARY CHOUEST,IMO9132313,WCY7287,90,3,81,18,7.0,38,A
366757230,2020-09-27T21:00:48,30.50125,-80.00444,2.2,194.4,189.0,GARY CHOUEST,IMO9132313,WCY7287,90,3,81,18,7.0,38,A
366757230,2020-09-27T21:06:39,30.49785,-80.00552,2.1,194.3,189.0,GARY CHOUEST,IMO9132313,WCY7287,90,3,81,18,7.0,38,A
366757230,2020-09-27T21:15:19,30.49337,-80.00680,1.8,195.9,189.0,GARY CHOUEST,IMO9132313,WCY7287,90,3,81,18,7.0,38,A
366757230,2020-09-27T21:25:08,30.48864,-80.00840,1.6,197.0,190.0,GARY CHOUEST,IMO9132313,WCY7287,90,3,81,18,7.0,38,A
366757230,2020-09-27T21:28:18,30.48731,-80.00849,1.5,171.5,182.0,GARY CHOUEST,IMO9132313,WCY7287,90,3,81,18,7.0,38,A
366757230,2020-09-27T21:29:28,30.48686,-80.00859,1.3,199.2,190.0,GARY CHOUEST,IMO9132313,WCY7287,90,3,81,18,7.0,38,A
366757230,2020-09-29T18:35:19,30.49361,-79.98628,4.3,32.5,98.0,GARY CHOUEST,IMO9132313,WCY7287,90,3,81,18,7.0,38,A
366757230,2020-09-29T18:48:29,30.49152,-79.98252,3.8,206.5,207.0,GARY CHOUEST,IMO9132313,WCY7287,90,3,81,18,7.0,38,A
366757230,2020-09-29T18:52:49,30.48715,-79.98483,4.2,205.6,207.0,GARY CHOUEST,IMO9132313,WCY7287,90,3,81,18,7.0,38,A
366757230,2020-09-29T18:55:39,30.48425,-79.98650,4.0,205.9,207.0,GARY CHOUEST,IMO9132313,WCY7287,90,3,81,18,7.0,38,A
248264000,2020-05-21T02:44:41,30.50070,-79.98225,11.4,317.4,299.0,TUGELA,IMO9505065,9HA2292,70,0,229,32,11.3,,A
248264000,2020-05-21T02:45:50,30.50336,-79.98520,11.2,315.8,296.0,TUGELA,IMO9505065,9HA2292,70,0,229,32,11.3,,A
248264000,2020-05-21T02:46:51,30.50553,-79.98777,11.2,314.1,295.0,TUGELA,IMO9505065,9HA2292,70,0,229,32,11.3,,A
248264000,2020-05-21T02:48:02,30.50815,-79.99079,11.2,314.6,296.0,TUGELA,IMO9505065,9HA2292,70,0,229,32,11.3,,A
248264000,2020-05-21T02:49:12,30.51064,-79.99382,11.0,311.9,291.0,TUGELA,IMO9505065,9HA2292,70,0,229,32,11.3,,A
339378000,2020-05-24T08:23:37,30.47996,-80.01542,15.7,15.8,16.0,M3,IMO9025285,6YRY2,37,0,44,8,2.4,37,A
339378000,2020-05-24T08:24:48,30.48500,-80.01369,15.7,15.8,18.0,M3,IMO9025285,6YRY2,37,0,44,8,2.4,37,A
339378000,2020-05-24T08:25:55,30.48968,-80.01206,15.7,17.0,17.0,M3,IMO9025285,6YRY2,37,0,44,8,2.4,37,A
339378000,2020-05-24T08:27:00,30.49420,-80.01046,15.4,17.4,17.0,M3,IMO9025285,6YRY2,37,0,44,8,2.4,37,A
339378000,2020-05-24T08:28:13,30.49928,-80.00864,15.7,16.9,16.0,M3,IMO9025285,6YRY2,37,0,44,8,2.4,37,A
339378000,2020-05-24T08:29:18,30.50385,-80.00703,15.9,16.9,17.0,M3,IMO9025285,6YRY2,37,0,44,8,2.4,37,A
339378000,2020-05-24T08:30:31,30.50896,-80.00519,15.7,17.2,17.0,M3,IMO9025285,6YRY2,37,0,44,8,2.4,37,A
371475000,2020-07-17T11:25:58,30.51046,-79.98280,10.7,179.4,180.0,MSC CAROLINA,IMO9295397,3ECV5,70,0,274,40,14.5,72,A
371475000,2020-07-17T11:27:07,30.50700,-79.98273,10.7,179.3,180.0,MSC CAROLINA,IMO9295397,3ECV5,70,0,274,40,14.5,72,A
371475000,2020-07-17T11:28:16,30.50356,-79.98267,10.7,179.3,180.0,MSC CAROLINA,IMO9295397,3ECV5,70,0,274,40,14.5,72,A
371475000,2020-07-17T11:29:57,30.49853,-79.98268,10.7,183.1,185.0,MSC CAROLINA,IMO9295397,3ECV5,70,0,274,40,14.5,72,A
371475000,2020-07-17T11:31:07,30.49505,-79.98307,10.8,186.9,187.0,MSC CAROLINA,IMO9295397,3ECV5,70,0,274,40,14.5,72,A
371475000,2020-07-17T11:32:08,30.49206,-79.98355,10.8,188.7,188.0,MSC CAROLINA,IMO9295397,3ECV5,70,0,274,40,14.5,72,A
371475000,2020-07-17T11:34:08,30.48613,-79.98469,10.8,190.1,188.0,MSC CAROLINA,IMO9295397,3ECV5,70,0,274,40,14.5,72,A
371475000,2020-07-17T11:35:17,30.48268,-79.98541,10.8,189.7,188.0,MSC CAROLINA,IMO9295397,3ECV5,70,0,274,40,14.5,72,A
371475000,2020-07-17T11:36:26,30.47927,-79.98605,10.8,189.3,189.0,MSC CAROLINA,IMO9295397,3ECV5,70,0,274,40,14.5,72,A
367136710,2020-12-04T18:23:25,30.50963,-79.99908,21.6,317.2,309.0,WASHINGTON EXPRESS,IMO9243198,WDD3826,70,0,243,32,11.0,71,A
220061000,2020-02-24T21:16:26,30.50983,-80.00883,16.0,162.9,160.0,CORNELIA MAERSK,IMO9245756,OWWS2,70,0,346,42,14.5,71,A
220061000,2020-02-24T21:18:02,30.50300,-80.00633,16.0,162.6,160.0,CORNELIA MAERSK,IMO9245756,OWWS2,70,0,346,42,14.5,71,A
220061000,2020-02-24T21:21:14,30.48967,-80.00083,16.0,159.5,160.0,CORNELIA MAERSK,IMO9245756,OWWS2,70,0,346,42,14.5,71,A
220061000,2020-02-24T21:22:38,30.48383,-79.99850,15.9,160.5,160.0,CORNELIA MAERSK,IMO9245756,OWWS2,70,0,346,42,14.5,71,A
211779000,2020-05-22T10:55:00,30.51242,-79.99865,8.3,166.9,176.0,NORTHERN MAJESTIC,IMO9252565,DCPP2,70,0,300,40,14.5,74,A
211779000,2020-05-22T10:56:10,30.50973,-79.99800,8.3,167.6,176.0,NORTHERN MAJESTIC,IMO9252565,DCPP2,70,0,300,40,14.5,74,A
211779000,2020-05-22T10:57:18,30.50720,-79.99737,8.3,169.0,176.0,NORTHERN MAJESTIC,IMO9252565,DCPP2,70,0,300,40,14.5,74,A
211779000,2020-05-22T10:58:29,30.50452,-79.99672,8.2,167.8,177.0,NORTHERN MAJESTIC,IMO9252565,DCPP2,70,0,300,40,14.5,74,A
211779000,2020-05-22T10:59:30,30.50232,-79.99617,8.2,167.5,176.0,NORTHERN MAJESTIC,IMO9252565,DCPP2,70,0,300,40,14.5,74,A
211779000,2020-05-22T11:00:10,30.50080,-79.99577,8.1,166.7,176.0,NORTHERN MAJESTIC,IMO9252565,DCPP2,70,0,300,40,14.5,74,A
211779000,2020-05-22T11:01:18,30.49828,-79.99515,8.2,167.5,176.0,NORTHERN MAJESTIC,IMO9252565,DCPP2,70,0,300,40,14.5,74,A
211779000,2020-05-22T11:02:19,30.49605,-79.99458,8.2,168.5,176.0,NORTHERN MAJESTIC,IMO9252565,DCPP2,70,0,300,40,14.5,74,A
211779000,2020-05-22T11:03:29,30.49342,-79.99398,8.2,169.2,177.0,NORTHERN MAJESTIC,IMO9252565,DCPP2,70,0,300,40,14.5,74,A
211779000,2020-05-22T11:04:39,30.49078,-79.99335,8.3,168.3,177.0,NORTHERN MAJESTIC,IMO9252565,DCPP2,70,0,300,40,14.5,74,A
211779000,2020-05-22T11:05:49,30.48808,-79.99268,8.3,167.6,176.0,NORTHERN MAJESTIC,IMO9252565,DCPP2,70,0,300,40,14.5,74,A
211779000,2020-05-22T11:06:59,30.48545,-79.99207,8.4,167.7,176.0,NORTHERN MAJESTIC,IMO9252565,DCPP2,70,0,300,40,14.5,74,A
211779000,2020-05-22T11:08:09,30.48277,-79.99142,8.5,167.8,176.0,NORTHERN MAJESTIC,IMO9252565,DCPP2,70,0,300,40,14.5,74,A
211779000,2020-05-22T11:09:20,30.48007,-79.99073,8.5,167.9,172.0,NORTHERN MAJESTIC,IMO9252565,DCPP2,70,0,300,40,14.5,74,A
211779000,2020-05-22T11:10:28,30.47745,-79.98985,8.5,163.9,170.0,NORTHERN MAJESTIC,IMO9252565,DCPP2,70,0,300,40,14.5,74,A
367725750,2020-06-19T03:28:36,30.50955,-79.98893,13.8,5.5,511.0,MARINER III,,WDI7140,60,0,32,5,,,A
372516000,2020-04-07T00:05:38,30.48623,-79.98210,17.5,325.0,317.0,GRAND SAPPHIRE,IMO9325233,3EJH,70,0,199,32,9.6,70,A
372516000,2020-04-07T00:06:44,30.49055,-79.98553,17.7,324.0,316.0,GRAND SAPPHIRE,IMO9325233,3EJH,70,0,199,32,9.6,70,A
372516000,2020-04-07T00:07:49,30.49493,-79.98930,17.3,322.0,312.0,GRAND SAPPHIRE,IMO9325233,3EJH,70,0,199,32,9.6,70,A
372516000,2020-04-07T00:09:02,30.49940,-79.99375,17.2,318.0,309.0,GRAND SAPPHIRE,IMO9325233,3EJH,70,0,199,32,9.6,70,A
372516000,2020-04-07T00:10:07,30.50315,-79.99768,17.3,318.0,309.0,GRAND SAPPHIRE,IMO9325233,3EJH,70,0,199,32,9.6,70,A
372516000,2020-04-07T00:11:14,30.50727,-80.00192,17.5,318.0,310.0,GRAND SAPPHIRE,IMO9325233,3EJH,70,0,199,32,9.6,70,A
372516000,2020-04-07T00:12:26,30.51085,-80.00637,16.7,310.0,298.0,GRAND SAPPHIRE,IMO9325233,3EJH,70,0,199,32,9.6,70,A
538005652,2020-05-24T06:39:03,30.51262,-80.00135,9.4,160.8,174.0,DOLCE VITA,IMO9697155,V7FR9,70,0,179,32,10.5,,A
538005652,2020-05-24T06:40:14,30.50972,-80.00017,9.4,161.0,173.0,DOLCE VITA,IMO9697155,V7FR9,70,0,179,32,10.5,,A
538005652,2020-05-24T06:41:34,30.50640,-79.99882,9.4,160.6,174.0,DOLCE VITA,IMO9697155,V7FR9,70,0,179,32,10.5,,A
538005652,2020-05-24T06:42:43,30.50353,-79.99775,9.4,161.7,174.0,DOLCE VITA,IMO9697155,V7FR9,70,0,179,32,10.5,,A
538005652,2020-05-24T06:43:54,30.50056,-79.99665,9.4,160.6,175.0,DOLCE VITA,IMO9697155,V7FR9,70,0,179,32,10.5,,A
538005652,2020-05-24T06:45:03,30.49766,-79.99561,9.3,163.1,175.0,DOLCE VITA,IMO9697155,V7FR9,70,0,179,32,10.5,,A
538005652,2020-05-24T06:46:04,30.49515,-79.99470,9.4,161.3,175.0,DOLCE VITA,IMO9697155,V7FR9,70,0,179,32,10.5,,A
538005652,2020-05-24T06:47:14,30.49220,-79.99361,9.5,159.2,174.0,DOLCE VITA,IMO9697155,V7FR9,70,0,179,32,10.5,,A
538005652,2020-05-24T06:48:24,30.48933,-79.99260,9.2,164.9,175.0,DOLCE VITA,IMO9697155,V7FR9,70,0,179,32,10.5,,A
538005652,2020-05-24T06:49:34,30.48643,-79.99158,9.3,163.0,175.0,DOLCE VITA,IMO9697155,V7FR9,70,0,179,32,10.5,,A
538005652,2020-05-24T06:50:44,30.48351,-79.99056,9.4,161.9,175.0,DOLCE VITA,IMO9697155,V7FR9,70,0,179,32,10.5,,A
538005652,2020-05-24T06:51:53,30.48060,-79.98955,9.4,162.8,175.0,DOLCE VITA,IMO9697155,V7FR9,70,0,179,32,10.5,,A
538005652,2020-05-24T06:52:55,30.47805,-79.98867,9.3,162.0,175.0,DOLCE VITA,IMO9697155,V7FR9,70,0,179,32,10.5,,A
538005127,2020-08-08T09:48:47,30.50902,-79.98659,16.1,297.1,288.0,GLOVIS CHAMPION,IMO9651113,V7BE7,70,0,199,32,10.0,70,A
538005127,2020-08-08T09:49:53,30.51133,-79.99164,16.2,298.3,289.0,GLOVIS CHAMPION,IMO9651113,V7BE7,70,0,199,32,10.0,70,A
247304200,2020-09-05T05:22:26,30.51100,-80.01667,15.2,90.0,109.0,GRANDE TOGO,IMO9465370,IBNN,70,0,211,32,8.5,70,A
247304200,2020-09-05T05:23:56,30.51100,-80.00933,15.1,90.1,109.0,GRANDE TOGO,IMO9465370,IBNN,70,0,211,32,8.5,70,A
247304200,2020-09-05T05:25:26,30.51100,-80.00200,15.1,89.8,109.0,GRANDE TOGO,IMO9465370,IBNN,70,0,211,32,8.5,70,A
247304200,2020-09-05T05:26:38,30.51100,-79.99617,15.1,89.7,109.0,GRANDE TOGO,IMO9465370,IBNN,70,0,211,32,8.5,70,A
247304200,2020-09-05T05:27:50,30.51100,-79.99033,15.0,90.6,109.0,GRANDE TOGO,IMO9465370,IBNN,70,0,211,32,8.5,70,A
247304200,2020-09-05T05:29:01,30.51100,-79.98467,15.1,88.7,107.0,GRANDE TOGO,IMO9465370,IBNN,70,0,211,32,8.5,70,A
367501540,2020-09-16T19:09:24,30.48003,-80.01980,14.2,1.5,358.0,OSG ENDURANCE,IMO9441477,WDF9078,31,0,42,11,5.5,,A
367501540,2020-09-16T19:10:29,30.48427,-80.01972,13.9,0.7,359.0,OSG ENDURANCE,IMO9441477,WDF9078,31,0,42,11,5.5,,A
367501540,2020-09-16T19:14:11,30.49850,-80.01928,13.1,0.9,358.0,OSG ENDURANCE,IMO9441477,WDF9078,31,0,42,11,5.5,,A
367501540,2020-09-16T19:16:11,30.50600,-80.01901,13.4,3.0,358.0,OSG ENDURANCE,IMO9441477,WDF9078,31,0,42,11,5.5,,A
367501540,2020-09-16T19:17:23,30.51059,-80.01888,13.7,2.5,358.0,OSG ENDURANCE,IMO9441477,WDF9078,31,0,42,11,5.5,,A
566085000,2020-10-18T10:28:38,30.51091,-79.99940,14.0,163.3,167.0,PARSIFAL,IMO9515395,9V9111,70,0,264,32,12.3,,A
566085000,2020-10-18T10:29:44,30.50681,-79.99800,13.9,163.5,168.0,PARSIFAL,IMO9515395,9V9111,70,0,264,32,12.3,,A
248264000,2020-10-19T08:11:31,30.49961,-79.98370,16.9,324.7,318.0,TUGELA,IMO9505065,9HA2292,70,0,229,32,11.3,,A
248264000,2020-10-19T08:13:19,30.50654,-79.98944,17.1,324.9,318.0,TUGELA,IMO9505065,9HA2292,70,0,229,32,11.3,,A
356909000,2020-09-28T14:49:02,30.51167,-79.98465,13.4,305.0,289.0,GRAND VEGA,IMO9355252,3FWB5,70,0,199,32,9.6,,A
