MMSI,BaseDateTime,LAT,LON,SOG,COG,Heading,VesselName,IMO,CallSign,VesselType,Status,Length,Width,Draft,Cargo,TransceiverClass
338422759,2024-05-22T15:42:27,24.46639,-81.88269,17.7,222.0,511.0,TRANQUILITY,,,37,,21,8,,,B
338422759,2024-05-22T15:43:30,24.46281,-81.88675,17.6,233.7,511.0,TRANQUILITY,,,37,,21,8,,,B
338422759,2024-05-22T15:44:58,24.45876,-81.89331,17.6,236.9,511.0,TRANQUILITY,,,37,,21,8,,,B
338226016,2024-05-22T16:02:19,24.46818,-81.88278,5.3,200.5,511.0,TWOLYNNE,,,36,,16,5,,,B
338226016,2024-05-22T16:03:51,24.46603,-81.88363,5.1,202.4,511.0,TWOLYNNE,,,36,,16,5,,,B
338226016,2024-05-22T16:05:20,24.46397,-81.88449,5.3,206.2,511.0,TWOLYNNE,,,36,,16,5,,,B
338226016,2024-05-22T16:07:19,24.46116,-81.88505,5.2,190.4,511.0,TWOLYNNE,,,36,,16,5,,,B
338226016,2024-05-22T16:08:48,24.45900,-81.88554,5.1,183.3,511.0,TWOLYNNE,,,36,,16,5,,,B
338226016,2024-05-22T16:10:18,24.45694,-81.88534,4.6,176.5,511.0,TWOLYNNE,,,36,,16,5,,,B
338226016,2024-05-22T16:11:50,24.45497,-81.88515,4.7,175.1,511.0,TWOLYNNE,,,36,,16,5,,,B
338226016,2024-05-22T16:13:51,24.45291,-81.88446,3.1,120.2,511.0,TWOLYNNE,,,36,,16,5,,,B
338226016,2024-05-22T16:14:52,24.45255,-81.88368,2.7,112.5,511.0,TWOLYNNE,,,36,,16,5,,,B
338226016,2024-05-22T16:16:49,24.45214,-81.88230,2.5,83.7,511.0,TWOLYNNE,,,36,,16,5,,,B
338226016,2024-05-22T16:18:49,24.45225,-81.88088,1.8,78.5,511.0,TWOLYNNE,,,36,,16,5,,,B
338226016,2024-05-22T16:20:18,24.45230,-81.88048,0.5,88.2,511.0,TWOLYNNE,,,36,,16,5,,,B
338226016,2024-05-22T16:21:19,24.45230,-81.88044,0.0,88.2,511.0,TWOLYNNE,,,36,,16,5,,,B
338226016,2024-05-22T16:27:49,24.45237,-81.88052,0.3,88.2,511.0,TWOLYNNE,,,36,,16,5,,,B
338226016,2024-05-22T16:30:49,24.45236,-81.88052,0.0,88.2,511.0,TWOLYNNE,,,36,,16,5,,,B
338226016,2024-05-22T16:33:48,24.45237,-81.88052,0.3,88.2,511.0,TWOLYNNE,,,36,,16,5,,,B
338226016,2024-05-22T17:35:45,24.45230,-81.88051,0.0,161.7,511.0,TWOLYNNE,,,36,,16,5,,,B
338226016,2024-05-22T17:37:45,24.45210,-81.88082,0.2,178.3,511.0,TWOLYNNE,,,36,,16,5,,,B
338226016,2024-05-22T17:39:15,24.45260,-81.88185,3.6,289.3,511.0,TWOLYNNE,,,36,,16,5,,,B
338226016,2024-05-22T17:40:16,24.45299,-81.88315,4.9,291.7,511.0,TWOLYNNE,,,36,,16,5,,,B
338226016,2024-05-22T17:41:46,24.45366,-81.88533,5.0,287.8,511.0,TWOLYNNE,,,36,,16,5,,,B
338226016,2024-05-22T17:43:15,24.45435,-81.88755,5.5,289.5,511.0,TWOLYNNE,,,36,,16,5,,,B
338226016,2024-05-22T17:44:45,24.45511,-81.88995,5.5,290.3,511.0,TWOLYNNE,,,36,,16,5,,,B
338226016,2024-05-22T17:46:45,24.45608,-81.89323,5.6,289.8,511.0,TWOLYNNE,,,36,,16,5,,,B
338226016,2024-05-22T17:47:47,24.45657,-81.89489,5.6,289.6,511.0,TWOLYNNE,,,36,,16,5,,,B
338226016,2024-05-22T17:48:48,24.45705,-81.89657,5.6,282.0,511.0,TWOLYNNE,,,36,,16,5,,,B
338422759,2024-05-22T19:57:31,24.43649,-81.89736,7.7,178.9,511.0,TRANQUILITY,,,37,,21,8,,,B
338422759,2024-05-22T19:59:02,24.43270,-81.89740,9.5,182.6,511.0,TRANQUILITY,,,37,,21,8,,,B
338422759,2024-05-22T20:14:58,24.43843,-81.88542,17.5,356.1,511.0,TRANQUILITY,,,37,,21,8,,,B
338422759,2024-05-22T20:16:01,24.44355,-81.88593,17.5,353.2,511.0,TRANQUILITY,,,37,,21,8,,,B
338422759,2024-05-22T20:17:28,24.45051,-81.88642,17.3,0.7,511.0,TRANQUILITY,,,37,,21,8,,,B
338422759,2024-05-22T20:19:02,24.45831,-81.88598,17.3,0.4,511.0,TRANQUILITY,,,37,,21,8,,,B
338422759,2024-05-22T20:20:36,24.46437,-81.88187,17.3,41.4,511.0,TRANQUILITY,,,37,,21,8,,,B
338226016,2024-05-27T16:04:51,24.45084,-81.89735,5.0,69.8,511.0,TWOLYNNE,,,36,,16,5,,,B
338226016,2024-05-27T16:06:21,24.45122,-81.89533,4.8,73.7,511.0,TWOLYNNE,,,36,,16,5,,,B
338226016,2024-05-27T16:07:50,24.45159,-81.89333,4.5,80.0,511.0,TWOLYNNE,,,36,,16,5,,,B
338226016,2024-05-27T16:09:21,24.45197,-81.89134,5.2,73.8,511.0,TWOLYNNE,,,36,,16,5,,,B
338226016,2024-05-27T16:10:50,24.45230,-81.88936,4.4,78.1,511.0,TWOLYNNE,,,36,,16,5,,,B
338226016,2024-05-27T16:12:20,24.45270,-81.88739,4.3,77.3,511.0,TWOLYNNE,,,36,,16,5,,,B
338226016,2024-05-27T16:13:52,24.45261,-81.88559,4.3,112.4,511.0,TWOLYNNE,,,36,,16,5,,,B
338226016,2024-05-27T16:15:22,24.45201,-81.88393,3.8,87.8,511.0,TWOLYNNE,,,36,,16,5,,,B
338226016,2024-05-27T16:16:52,24.45279,-81.88219,4.7,38.3,511.0,TWOLYNNE,,,36,,16,5,,,B
338226016,2024-05-27T16:18:21,24.45433,-81.88093,4.9,10.5,511.0,TWOLYNNE,,,36,,16,5,,,B
338226016,2024-05-27T16:21:22,24.45856,-81.88130,4.9,359.4,511.0,TWOLYNNE,,,36,,16,5,,,B
338226016,2024-05-27T16:22:50,24.46063,-81.88147,5.2,359.8,511.0,TWOLYNNE,,,36,,16,5,,,B
338226016,2024-05-27T16:24:20,24.46277,-81.88164,5.3,358.9,511.0,TWOLYNNE,,,36,,16,5,,,B
338226016,2024-05-27T16:25:50,24.46495,-81.88177,5.2,358.6,511.0,TWOLYNNE,,,36,,16,5,,,B
338226016,2024-05-27T16:27:50,24.46718,-81.88012,4.8,61.5,511.0,TWOLYNNE,,,36,,16,5,,,B
366720000,2024-07-06T16:39:37,24.45167,-81.87847,7.9,58.7,59.0,COOL BUZZ,,WDM5753,37,,36,2,,,B
366720000,2024-07-06T16:41:36,24.45207,-81.87774,0.1,360.0,179.0,COOL BUZZ,,WDM5753,37,,36,2,,,B
366720000,2024-07-06T16:43:37,24.45207,-81.87773,0.2,360.0,152.0,COOL BUZZ,,WDM5753,37,,36,2,,,B
366720000,2024-07-06T16:49:35,24.45207,-81.87775,0.1,360.0,172.0,COOL BUZZ,,WDM5753,37,,36,2,,,B
366720000,2024-07-06T16:52:35,24.45208,-81.87774,0.2,360.0,155.0,COOL BUZZ,,WDM5753,37,,36,2,,,B
366720000,2024-07-06T16:55:35,24.45208,-81.87775,0.2,360.0,148.0,COOL BUZZ,,WDM5753,37,,36,2,,,B
366720000,2024-07-06T17:07:35,24.45209,-81.87776,0.2,360.0,158.0,COOL BUZZ,,WDM5753,37,,36,2,,,B
366720000,2024-07-06T17:13:35,24.45207,-81.87777,0.0,360.0,148.0,COOL BUZZ,,WDM5753,37,,36,2,,,B
366720000,2024-07-06T17:22:35,24.45127,-81.87982,6.1,260.5,264.0,COOL BUZZ,,WDM5753,37,,36,2,,,B
366720000,2024-07-06T17:23:39,24.45390,-81.88209,22.0,341.8,342.0,COOL BUZZ,,WDM5753,37,,36,2,,,B
366720000,2024-07-06T18:33:41,24.45132,-81.88302,31.3,174.1,175.0,COOL BUZZ,,WDM5753,37,,36,2,,,B
366720000,2024-07-06T20:43:41,24.44692,-81.88116,34.8,1.3,0.0,COOL BUZZ,,WDM5753,37,,36,2,,,B
366720000,2024-07-06T15:39:03,24.45824,-81.86119,10.2,251.2,251.0,COOL BUZZ,,WDM5753,37,,36,2,,,B
366720000,2024-07-06T15:40:04,24.45804,-81.86226,1.3,296.9,281.0,COOL BUZZ,,WDM5753,37,,36,2,,,B
366720000,2024-07-06T15:53:32,24.45999,-81.88142,3.2,334.7,338.0,COOL BUZZ,,WDM5753,37,,36,2,,,B
366720000,2024-07-06T16:35:06,24.46055,-81.88179,5.9,191.7,190.0,COOL BUZZ,,WDM5753,37,,36,2,,,B
366720000,2024-07-06T21:12:15,24.46192,-81.88069,3.4,55.9,58.0,COOL BUZZ,,WDM5753,37,,36,2,,,B
366720000,2024-07-06T21:13:19,24.46318,-81.87943,6.9,32.2,33.0,COOL BUZZ,,WDM5753,37,,36,2,,,B
366720000,2024-07-06T21:14:50,24.46601,-81.87690,17.1,39.0,40.0,COOL BUZZ,,WDM5753,37,,36,2,,,B
366720000,2024-07-05T14:30:02,24.45757,-81.88297,6.7,188.9,180.0,COOL BUZZ,,WDM5753,37,,36,2,,,B
366720000,2024-07-05T14:31:29,24.45688,-81.88315,1.7,264.8,205.0,COOL BUZZ,,WDM5753,37,,36,2,,,B
366720000,2024-07-05T14:32:30,24.45685,-81.88334,0.6,260.8,220.0,COOL BUZZ,,WDM5753,37,,36,2,,,B
366720000,2024-07-05T14:34:00,24.45635,-81.88341,1.4,162.3,109.0,COOL BUZZ,,WDM5753,37,,36,2,,,B
366720000,2024-07-05T14:35:30,24.45633,-81.88312,0.8,120.1,105.0,COOL BUZZ,,WDM5753,37,,36,2,,,B
366720000,2024-07-05T14:39:28,24.45603,-81.88347,0.9,261.3,230.0,COOL BUZZ,,WDM5753,37,,36,2,,,B
366720000,2024-07-05T14:42:29,24.45587,-81.88407,0.9,233.8,233.0,COOL BUZZ,,WDM5753,37,,36,2,,,B
366720000,2024-07-05T14:45:29,24.45719,-81.88469,3.1,334.3,346.0,COOL BUZZ,,WDM5753,37,,36,2,,,B
366720000,2024-07-05T14:46:58,24.45783,-81.88474,0.6,301.0,358.0,COOL BUZZ,,WDM5753,37,,36,2,,,B
366720000,2024-07-05T14:48:29,24.45797,-81.88469,5.3,160.0,167.0,COOL BUZZ,,WDM5753,37,,36,2,,,B
366720000,2024-07-05T14:50:28,24.45658,-81.88456,1.1,168.2,144.0,COOL BUZZ,,WDM5753,37,,36,2,,,B
366720000,2024-07-05T14:51:29,24.45633,-81.88444,1.9,105.0,81.0,COOL BUZZ,,WDM5753,37,,36,2,,,B
366720000,2024-07-05T14:53:00,24.45794,-81.88442,6.0,356.3,355.0,COOL BUZZ,,WDM5753,37,,36,2,,,B
366720000,2024-07-06T15:44:33,24.45854,-81.87731,5.8,222.9,224.0,COOL BUZZ,,WDM5753,37,,36,2,,,B
366720000,2024-07-06T15:46:03,24.45681,-81.87919,5.1,205.0,201.0,COOL BUZZ,,WDM5753,37,,36,2,,,B
366720000,2024-07-06T15:48:02,24.45490,-81.87948,1.2,207.4,201.0,COOL BUZZ,,WDM5753,37,,36,2,,,B
366720000,2024-07-06T15:49:33,24.45476,-81.87977,0.5,253.6,250.0,COOL BUZZ,,WDM5753,37,,36,2,,,B
366720000,2024-07-06T15:51:02,24.45515,-81.88016,6.7,13.6,12.0,COOL BUZZ,,WDM5753,37,,36,2,,,B
366720000,2024-07-06T16:36:37,24.45674,-81.88137,9.5,180.3,180.0,COOL BUZZ,,WDM5753,37,,36,2,,,B
366720000,2024-07-06T18:32:37,24.45926,-81.88201,9.7,201.5,203.0,COOL BUZZ,,WDM5753,37,,36,2,,,B
366720000,2024-07-06T20:45:11,24.45936,-81.88309,5.7,356.3,357.0,COOL BUZZ,,WDM5753,37,,36,2,,,B
366720000,2024-07-05T14:28:30,24.46076,-81.88205,17.9,242.3,239.0,COOL BUZZ,,WDM5753,37,,36,2,,,B
366720000,2024-07-06T15:55:32,24.46085,-81.88191,0.8,276.0,281.0,COOL BUZZ,,WDM5753,37,,36,2,,,B
366720000,2024-07-06T15:56:33,24.46091,-81.88211,0.5,286.8,272.0,COOL BUZZ,,WDM5753,37,,36,2,,,B
366720000,2024-07-06T16:08:35,24.46151,-81.88203,1.5,174.4,183.0,COOL BUZZ,,WDM5753,37,,36,2,,,B
366720000,2024-07-06T16:10:36,24.46134,-81.88208,0.3,360.0,131.0,COOL BUZZ,,WDM5753,37,,36,2,,,B
366720000,2024-07-06T16:14:06,24.46138,-81.88201,0.1,360.0,144.0,COOL BUZZ,,WDM5753,37,,36,2,,,B
366720000,2024-07-06T16:20:06,24.46136,-81.88213,0.4,360.0,144.0,COOL BUZZ,,WDM5753,37,,36,2,,,B
366720000,2024-07-06T16:26:06,24.46137,-81.88207,0.1,360.0,137.0,COOL BUZZ,,WDM5753,37,,36,2,,,B
366720000,2024-07-06T16:29:06,24.46137,-81.88200,0.2,360.0,144.0,COOL BUZZ,,WDM5753,37,,36,2,,,B
366720000,2024-07-06T16:32:06,24.46136,-81.88202,0.5,267.3,142.0,COOL BUZZ,,WDM5753,37,,36,2,,,B
366720000,2024-07-06T17:26:39,24.46135,-81.88193,0.4,355.1,142.0,COOL BUZZ,,WDM5753,37,,36,2,,,B
366720000,2024-07-06T17:27:41,24.46137,-81.88198,0.3,360.0,142.0,COOL BUZZ,,WDM5753,37,,36,2,,,B
366720000,2024-07-06T17:29:11,24.46138,-81.88202,0.3,360.0,140.0,COOL BUZZ,,WDM5753,37,,36,2,,,B
366720000,2024-07-06T17:32:36,24.46135,-81.88210,0.3,360.0,126.0,COOL BUZZ,,WDM5753,37,,36,2,,,B
366720000,2024-07-06T17:38:37,24.46133,-81.88210,0.1,360.0,127.0,COOL BUZZ,,WDM5753,37,,36,2,,,B
366720000,2024-07-06T17:41:36,24.46135,-81.88207,0.2,360.0,133.0,COOL BUZZ,,WDM5753,37,,36,2,,,B
366720000,2024-07-06T17:44:36,24.46118,-81.88207,0.3,360.0,104.0,COOL BUZZ,,WDM5753,37,,36,2,,,B
366720000,2024-07-06T17:47:36,24.46117,-81.88206,0.3,360.0,106.0,COOL BUZZ,,WDM5753,37,,36,2,,,B
366720000,2024-07-06T17:50:36,24.46124,-81.88214,0.1,360.0,104.0,COOL BUZZ,,WDM5753,37,,36,2,,,B
366720000,2024-07-06T17:59:36,24.46130,-81.88206,0.1,360.0,126.0,COOL BUZZ,,WDM5753,37,,36,2,,,B
366720000,2024-07-06T18:02:36,24.46135,-81.88212,0.5,33.2,126.0,COOL BUZZ,,WDM5753,37,,36,2,,,B
366720000,2024-07-06T18:05:36,24.46134,-81.88212,0.3,360.0,122.0,COOL BUZZ,,WDM5753,37,,36,2,,,B
366720000,2024-07-06T18:08:37,24.46136,-81.88206,0.0,360.0,131.0,COOL BUZZ,,WDM5753,37,,36,2,,,B
366720000,2024-07-06T18:14:37,24.46133,-81.88218,0.1,360.0,118.0,COOL BUZZ,,WDM5753,37,,36,2,,,B
366720000,2024-07-06T18:20:38,24.46131,-81.88216,0.1,360.0,116.0,COOL BUZZ,,WDM5753,37,,36,2,,,B
366720000,2024-07-06T18:23:36,24.46131,-81.88214,0.1,360.0,116.0,COOL BUZZ,,WDM5753,37,,36,2,,,B
366720000,2024-07-06T18:26:37,24.46133,-81.88216,0.1,360.0,122.0,COOL BUZZ,,WDM5753,37,,36,2,,,B
366720000,2024-07-05T14:27:01,24.46693,-81.87205,27.3,213.9,212.0,COOL BUZZ,,WDM5753,37,,36,2,,,B
366720000,2024-07-06T15:41:32,24.45807,-81.86368,6.0,250.4,252.0,COOL BUZZ,,WDM5753,37,,36,2,,,B
366720000,2024-07-06T15:43:02,24.45994,-81.87155,27.6,281.1,277.0,COOL BUZZ,,WDM5753,37,,36,2,,,B
366720000,2024-07-05T14:54:28,24.46013,-81.88619,7.2,340.7,341.0,COOL BUZZ,,WDM5753,37,,36,2,,,B
366720000,2024-07-05T14:55:30,24.46229,-81.88940,17.4,297.2,292.0,COOL BUZZ,,WDM5753,37,,36,2,,,B
366720000,2024-07-06T15:58:02,24.46115,-81.88256,0.9,312.0,353.0,COOL BUZZ,,WDM5753,37,,36,2,,,B
366720000,2024-07-06T15:59:34,24.46134,-81.88266,0.2,360.0,12.0,COOL BUZZ,,WDM5753,37,,36,2,,,B
366720000,2024-07-06T16:00:02,24.46139,-81.88268,0.3,332.7,16.0,COOL BUZZ,,WDM5753,37,,36,2,,,B
366720000,2024-07-06T16:06:38,24.46186,-81.88283,0.9,78.7,97.0,COOL BUZZ,,WDM5753,37,,36,2,,,B
366720000,2024-07-06T17:25:09,24.46183,-81.88262,4.0,50.2,53.0,COOL BUZZ,,WDM5753,37,,36,2,,,B
366720000,2024-07-06T20:46:41,24.46079,-81.88295,3.4,71.9,65.0,COOL BUZZ,,WDM5753,37,,36,2,,,B
366720000,2024-07-06T20:47:42,24.46129,-81.88233,2.2,99.0,115.0,COOL BUZZ,,WDM5753,37,,36,2,,,B
366720000,2024-07-06T20:49:41,24.46110,-81.88227,0.1,360.0,97.0,COOL BUZZ,,WDM5753,37,,36,2,,,B
366720000,2024-07-06T20:51:11,24.46105,-81.88229,0.1,360.0,84.0,COOL BUZZ,,WDM5753,37,,36,2,,,B
366720000,2024-07-06T20:54:15,24.46103,-81.88230,0.1,360.0,80.0,COOL BUZZ,,WDM5753,37,,36,2,,,B
366720000,2024-07-06T21:00:18,24.46100,-81.88230,0.1,360.0,72.0,COOL BUZZ,,WDM5753,37,,36,2,,,B
366720000,2024-07-06T21:03:15,24.46099,-81.88231,0.2,360.0,65.0,COOL BUZZ,,WDM5753,37,,36,2,,,B
366720000,2024-07-06T21:06:16,24.46103,-81.88227,0.3,330.7,67.0,COOL BUZZ,,WDM5753,37,,36,2,,,B
366720000,2024-07-06T18:35:43,24.43400,-81.87730,32.9,159.9,166.0,COOL BUZZ,,WDM5753,37,,36,2,,,B
366720000,2024-07-06T20:42:12,24.43301,-81.88207,34.4,9.6,8.0,COOL BUZZ,,WDM5753,37,,36,2,,,B
368290490,2024-07-08T19:44:12,24.46702,-81.87107,7.7,231.8,235.0,DUET,,WDN5487,36,,0,0,,,B
368290490,2024-07-08T19:45:41,24.46503,-81.87374,7.6,225.1,227.0,DUET,,WDN5487,36,,0,0,,,B
368290490,2024-07-08T19:47:12,24.46259,-81.87599,7.6,219.7,223.0,DUET,,WDN5487,36,,0,0,,,B
368290490,2024-07-08T19:48:40,24.46017,-81.87808,7.5,217.9,222.0,DUET,,WDN5487,36,,0,0,,,B
368290490,2024-07-08T19:50:10,24.45803,-81.87990,6.1,212.8,213.0,DUET,,WDN5487,36,,0,0,,,B
368290490,2024-07-08T19:51:14,24.45639,-81.88063,6.0,195.5,197.0,DUET,,WDN5487,36,,0,0,,,B
368290490,2024-07-08T19:52:41,24.45439,-81.88042,3.9,143.2,140.0,DUET,,WDN5487,36,,0,0,,,B
368290490,2024-07-08T19:54:11,24.45373,-81.87988,0.5,194.9,101.0,DUET,,WDN5487,36,,0,0,,,B
368290490,2024-07-08T19:55:43,24.45372,-81.87995,0.2,360.0,74.0,DUET,,WDN5487,36,,0,0,,,B
368290490,2024-07-08T19:59:44,24.45379,-81.87994,0.0,360.0,104.0,DUET,,WDN5487,36,,0,0,,,B
368290490,2024-07-08T20:02:44,24.45380,-81.87995,0.0,360.0,103.0,DUET,,WDN5487,36,,0,0,,,B
368290490,2024-07-08T20:05:44,24.45383,-81.87992,0.1,360.0,104.0,DUET,,WDN5487,36,,0,0,,,B
368290490,2024-07-08T20:11:45,24.45384,-81.87992,0.1,360.0,112.0,DUET,,WDN5487,36,,0,0,,,B
368290490,2024-07-08T20:14:45,24.45384,-81.87991,0.0,360.0,104.0,DUET,,WDN5487,36,,0,0,,,B
368290490,2024-07-08T20:17:44,24.45386,-81.87990,0.1,360.0,106.0,DUET,,WDN5487,36,,0,0,,,B
368290490,2024-07-08T20:20:46,24.45387,-81.87989,0.2,360.0,110.0,DUET,,WDN5487,36,,0,0,,,B
368290490,2024-07-08T20:23:44,24.45385,-81.87991,0.2,360.0,103.0,DUET,,WDN5487,36,,0,0,,,B
368290490,2024-07-08T20:26:44,24.45386,-81.87990,0.1,360.0,111.0,DUET,,WDN5487,36,,0,0,,,B
368290490,2024-07-08T20:29:46,24.45382,-81.87993,0.0,360.0,105.0,DUET,,WDN5487,36,,0,0,,,B
368290490,2024-07-08T20:32:45,24.45389,-81.87987,0.2,360.0,116.0,DUET,,WDN5487,36,,0,0,,,B
368290490,2024-07-08T20:35:45,24.45386,-81.87990,0.1,360.0,109.0,DUET,,WDN5487,36,,0,0,,,B
368290490,2024-07-08T20:38:44,24.45385,-81.87989,0.1,360.0,138.0,DUET,,WDN5487,36,,0,0,,,B
368290490,2024-07-08T20:41:43,24.45387,-81.87989,0.0,360.0,132.0,DUET,,WDN5487,36,,0,0,,,B
368290490,2024-07-08T20:44:43,24.45390,-81.87987,0.1,360.0,133.0,DUET,,WDN5487,36,,0,0,,,B
368290490,2024-07-08T20:47:45,24.45388,-81.87989,0.1,360.0,118.0,DUET,,WDN5487,36,,0,0,,,B
368290490,2024-07-08T20:50:44,24.45387,-81.87989,0.1,360.0,138.0,DUET,,WDN5487,36,,0,0,,,B
368290490,2024-07-08T20:53:44,24.45389,-81.87986,0.1,360.0,137.0,DUET,,WDN5487,36,,0,0,,,B
368290490,2024-07-08T20:56:44,24.45390,-81.87986,0.1,360.0,127.0,DUET,,WDN5487,36,,0,0,,,B
368290490,2024-07-08T20:59:44,24.45386,-81.87990,0.2,360.0,94.0,DUET,,WDN5487,36,,0,0,,,B
368290490,2024-07-08T21:02:44,24.45386,-81.87991,0.0,360.0,125.0,DUET,,WDN5487,36,,0,0,,,B
368290490,2024-07-08T21:05:47,24.45390,-81.87986,0.0,360.0,147.0,DUET,,WDN5487,36,,0,0,,,B
368290490,2024-07-08T21:08:44,24.45391,-81.87986,0.1,360.0,116.0,DUET,,WDN5487,36,,0,0,,,B
368290490,2024-07-08T21:11:44,24.45387,-81.87990,0.2,360.0,103.0,DUET,,WDN5487,36,,0,0,,,B
368290490,2024-07-08T21:14:43,24.45387,-81.87990,0.0,360.0,133.0,DUET,,WDN5487,36,,0,0,,,B
368290490,2024-07-08T21:17:44,24.45389,-81.87989,0.1,360.0,120.0,DUET,,WDN5487,36,,0,0,,,B
368290490,2024-07-08T21:20:44,24.45383,-81.87994,0.4,234.8,113.0,DUET,,WDN5487,36,,0,0,,,B
368290490,2024-07-08T21:23:44,24.45385,-81.87990,0.1,360.0,142.0,DUET,,WDN5487,36,,0,0,,,B
368290490,2024-07-08T21:26:44,24.45388,-81.87989,0.0,360.0,126.0,DUET,,WDN5487,36,,0,0,,,B
368290490,2024-07-08T21:32:45,24.45384,-81.87990,0.0,360.0,137.0,DUET,,WDN5487,36,,0,0,,,B
368290490,2024-07-08T21:35:44,24.45385,-81.87991,0.2,360.0,120.0,DUET,,WDN5487,36,,0,0,,,B
368290490,2024-07-08T21:38:44,24.45385,-81.87992,0.1,360.0,137.0,DUET,,WDN5487,36,,0,0,,,B
368290490,2024-07-08T21:44:44,24.45386,-81.87990,0.1,360.0,107.0,DUET,,WDN5487,36,,0,0,,,B
368290490,2024-07-08T21:47:43,24.45384,-81.87990,0.1,360.0,95.0,DUET,,WDN5487,36,,0,0,,,B
368290490,2024-07-08T21:50:44,24.45382,-81.87992,0.0,360.0,98.0,DUET,,WDN5487,36,,0,0,,,B
368290490,2024-07-08T21:53:43,24.45381,-81.87993,0.2,360.0,90.0,DUET,,WDN5487,36,,0,0,,,B
368290490,2024-07-08T21:56:43,24.45383,-81.87991,0.1,360.0,120.0,DUET,,WDN5487,36,,0,0,,,B
368290490,2024-07-08T21:59:43,24.45383,-81.87990,0.1,360.0,129.0,DUET,,WDN5487,36,,0,0,,,B
368290490,2024-07-08T22:02:44,24.45385,-81.87990,0.2,360.0,125.0,DUET,,WDN5487,36,,0,0,,,B
368290490,2024-07-08T22:05:44,24.45378,-81.87993,0.0,360.0,103.0,DUET,,WDN5487,36,,0,0,,,B
368290490,2024-07-08T22:08:44,24.45371,-81.88168,5.8,301.8,304.0,DUET,,WDN5487,36,,0,0,,,B
368290490,2024-07-08T22:10:11,24.45469,-81.88420,7.5,292.1,300.0,DUET,,WDN5487,36,,0,0,,,B
368290490,2024-07-08T22:11:40,24.45593,-81.88752,8.0,294.4,296.0,DUET,,WDN5487,36,,0,0,,,B
368290490,2024-07-08T22:13:12,24.45717,-81.89093,7.7,292.2,298.0,DUET,,WDN5487,36,,0,0,,,B
368290490,2024-07-08T22:14:41,24.45872,-81.89414,7.9,297.8,300.0,DUET,,WDN5487,36,,0,0,,,B
368290490,2024-07-08T22:16:12,24.46019,-81.89736,8.1,297.1,296.0,DUET,,WDN5487,36,,0,0,,,B
338405189,2024-07-17T14:01:31,24.45876,-81.89733,8.2,44.4,511.0,BLEU,,,37,,11,4,,,B
338405189,2024-07-17T14:03:01,24.46120,-81.89464,8.1,45.3,511.0,BLEU,,,37,,11,4,,,B
368351870,2024-07-19T11:37:22,24.46154,-81.89705,26.1,219.7,511.0,JUSTA LIL MORE,,WDP4159,37,,22,6,,,B
338405189,2024-07-17T14:04:31,24.46373,-81.89214,8.2,42.8,511.0,BLEU,,,37,,11,4,,,B
338405189,2024-07-17T14:06:07,24.46619,-81.88922,8.1,56.0,511.0,BLEU,,,37,,11,4,,,B
368351870,2024-07-19T11:35:55,24.46757,-81.88788,25.9,238.0,511.0,JUSTA LIL MORE,,WDP4159,37,,22,6,,,B
368351870,2024-07-20T11:31:37,24.46573,-81.88001,25.3,244.4,511.0,JUSTA LIL MORE,,WDP4159,37,,22,6,,,B
368351870,2024-07-20T11:33:09,24.46244,-81.89146,25.9,247.2,511.0,JUSTA LIL MORE,,WDP4159,37,,22,6,,,B
368290490,2024-07-22T16:48:10,24.44862,-81.85981,6.3,254.9,251.0,DUET,,WDN5487,36,,0,0,,,B
368290490,2024-07-22T16:49:11,24.44815,-81.86166,6.7,252.7,249.0,DUET,,WDN5487,36,,0,0,,,B
368290490,2024-07-22T16:50:40,24.44750,-81.86437,6.5,253.5,250.0,DUET,,WDN5487,36,,0,0,,,B
368290490,2024-07-22T16:51:41,24.44706,-81.86614,5.4,259.2,258.0,DUET,,WDN5487,36,,0,0,,,B
368290490,2024-07-22T16:52:43,24.44668,-81.86769,5.4,252.7,250.0,DUET,,WDN5487,36,,0,0,,,B
368290490,2024-07-22T16:54:10,24.44604,-81.87024,6.4,257.2,255.0,DUET,,WDN5487,36,,0,0,,,B
338455211,2024-07-25T21:47:33,24.44435,-81.86527,26.6,69.7,511.0,NEXT LEVEL,,,37,,19,6,,,B
368290490,2024-07-22T16:55:40,24.44547,-81.87280,6.2,256.5,254.0,DUET,,WDN5487,36,,0,0,,,B
368290490,2024-07-22T16:56:41,24.44524,-81.87452,5.4,266.0,263.0,DUET,,WDN5487,36,,0,0,,,B
368290490,2024-07-22T16:58:13,24.44502,-81.87675,4.8,262.8,262.0,DUET,,WDN5487,36,,0,0,,,B
338455211,2024-07-25T21:46:29,24.44140,-81.87338,27.4,68.5,511.0,NEXT LEVEL,,,37,,19,6,,,B
368290490,2024-07-22T17:00:10,24.44474,-81.87953,4.9,262.9,261.0,DUET,,WDN5487,36,,0,0,,,B
368290490,2024-07-22T17:02:10,24.44445,-81.88247,5.1,264.5,262.0,DUET,,WDN5487,36,,0,0,,,B
368290490,2024-07-22T17:03:11,24.44427,-81.88412,5.4,265.3,265.0,DUET,,WDN5487,36,,0,0,,,B
368290490,2024-07-22T17:04:40,24.44405,-81.88657,5.9,264.2,262.0,DUET,,WDN5487,36,,0,0,,,B
368290490,2024-07-22T17:06:11,24.44376,-81.88897,5.7,262.3,260.0,DUET,,WDN5487,36,,0,0,,,B
368290490,2024-07-22T17:07:42,24.44356,-81.89144,5.0,262.5,260.0,DUET,,WDN5487,36,,0,0,,,B
368290490,2024-07-22T17:09:12,24.44334,-81.89370,4.6,264.7,262.0,DUET,,WDN5487,36,,0,0,,,B
368290490,2024-07-22T17:10:41,24.44311,-81.89598,5.2,266.4,265.0,DUET,,WDN5487,36,,0,0,,,B
338455211,2024-07-25T21:43:14,24.43249,-81.89771,28.4,72.5,511.0,NEXT LEVEL,,,37,,19,6,,,B
338455211,2024-07-25T21:44:18,24.43542,-81.88979,27.6,70.0,511.0,NEXT LEVEL,,,37,,19,6,,,B
338455211,2024-07-25T21:45:23,24.43835,-81.88170,26.7,68.8,511.0,NEXT LEVEL,,,37,,19,6,,,B
378113178,2024-08-06T17:36:00,24.43503,-81.88108,19.5,69.4,70.0,LILUSH,,ZJL2215,37,,27,7,,,B
338405189,2024-08-07T17:42:36,24.46814,-81.88475,7.6,228.1,511.0,BLEU,,,37,,11,4,,,B
338405189,2024-08-07T17:44:06,24.46584,-81.88727,7.9,225.2,511.0,BLEU,,,37,,11,4,,,B
338405189,2024-08-07T17:45:08,24.46421,-81.88905,8.0,227.3,511.0,BLEU,,,37,,11,4,,,B
338405189,2024-08-07T17:46:36,24.46193,-81.89155,7.8,224.4,511.0,BLEU,,,37,,11,4,,,B
338405189,2024-08-07T17:47:38,24.46032,-81.89333,7.8,227.5,511.0,BLEU,,,37,,11,4,,,B
338405189,2024-08-07T17:49:04,24.45811,-81.89573,7.8,227.7,511.0,BLEU,,,37,,11,4,,,B
338405189,2024-08-07T17:50:06,24.45664,-81.89759,7.7,227.6,511.0,BLEU,,,37,,11,4,,,B
319283800,2024-08-11T22:02:36,24.44256,-81.87799,20.7,78.3,79.0,PURA VIDA,,ZGSF,37,,0,0,,,B
319283800,2024-08-11T22:04:04,24.44440,-81.86900,20.5,75.6,76.0,PURA VIDA,,ZGSF,37,,0,0,,,B
319283800,2024-08-11T22:05:06,24.44595,-81.86279,21.1,74.2,75.0,PURA VIDA,,ZGSF,37,,0,0,,,B
378113178,2024-08-06T17:37:59,24.43892,-81.87035,19.2,69.2,68.0,LILUSH,,ZJL2215,37,,27,7,,,B
378113178,2024-08-06T17:39:29,24.44183,-81.86215,19.7,66.7,67.0,LILUSH,,ZJL2215,37,,27,7,,,B
319283800,2024-08-11T22:00:05,24.44036,-81.89381,20.8,85.7,85.0,PURA VIDA,,ZGSF,37,,0,0,,,B
319283800,2024-08-11T22:01:34,24.44146,-81.88439,20.9,79.0,80.0,PURA VIDA,,ZGSF,37,,0,0,,,B
258005780,2024-08-16T16:13:44,24.45532,-81.88818,7.5,241.7,511.0,CELIMA,,LGTZ,37,,16,8,,,B
258005780,2024-08-16T16:15:18,24.45366,-81.89129,7.8,239.6,511.0,CELIMA,,LGTZ,37,,16,8,,,B
258005780,2024-08-16T16:16:44,24.45207,-81.89426,7.8,239.4,511.0,CELIMA,,LGTZ,37,,16,8,,,B
258005780,2024-08-16T16:18:17,24.45021,-81.89747,8.1,239.0,511.0,CELIMA,,LGTZ,37,,16,8,,,B
258005780,2024-08-16T16:08:46,24.46059,-81.87865,7.1,239.0,511.0,CELIMA,,LGTZ,37,,16,8,,,B
258005780,2024-08-16T16:10:13,24.45911,-81.88134,7.4,238.7,511.0,CELIMA,,LGTZ,37,,16,8,,,B
258005780,2024-08-16T16:11:46,24.45752,-81.88432,7.6,239.3,511.0,CELIMA,,LGTZ,37,,16,8,,,B
258005780,2024-08-16T16:00:13,24.46801,-81.86079,7.9,242.0,511.0,CELIMA,,LGTZ,37,,16,8,,,B
258005780,2024-08-16T16:02:13,24.46587,-81.86494,7.9,241.6,511.0,CELIMA,,LGTZ,37,,16,8,,,B
258005780,2024-08-16T16:05:13,24.46277,-81.87134,7.7,239.4,511.0,CELIMA,,LGTZ,37,,16,8,,,B
258005780,2024-08-16T16:06:46,24.46202,-81.87472,7.3,254.0,511.0,CELIMA,,LGTZ,37,,16,8,,,B
338206408,2024-08-31T17:05:53,24.46805,-81.86360,18.7,259.6,511.0,REEL EXCUSE,,WDD6120,37,,16,6,,,B
338206408,2024-08-31T22:24:54,24.45643,-81.86629,21.4,53.3,511.0,REEL EXCUSE,,WDD6120,37,,16,6,,,B
338206408,2024-08-31T22:26:23,24.46192,-81.85861,21.7,51.9,511.0,REEL EXCUSE,,WDD6120,37,,16,6,,,B
338206408,2024-08-31T17:07:22,24.46708,-81.87210,19.0,264.1,511.0,REEL EXCUSE,,WDD6120,37,,16,6,,,B
338206408,2024-08-31T17:08:23,24.46623,-81.87778,19.7,255.6,511.0,REEL EXCUSE,,WDD6120,37,,16,6,,,B
338206408,2024-08-31T17:09:52,24.46404,-81.88630,19.6,252.7,511.0,REEL EXCUSE,,WDD6120,37,,16,6,,,B
338206408,2024-08-31T17:11:24,24.46137,-81.89492,19.3,251.8,511.0,REEL EXCUSE,,WDD6120,37,,16,6,,,B
338206408,2024-08-31T20:57:23,24.46280,-81.87878,20.0,199.7,511.0,REEL EXCUSE,,WDD6120,37,,16,6,,,B
338206408,2024-08-31T20:58:53,24.45457,-81.88011,16.1,180.2,511.0,REEL EXCUSE,,WDD6120,37,,16,6,,,B
338206408,2024-08-31T20:59:54,24.45223,-81.87975,6.4,153.0,511.0,REEL EXCUSE,,WDD6120,37,,16,6,,,B
338206408,2024-08-31T21:00:24,24.45156,-81.87913,6.2,113.9,511.0,REEL EXCUSE,,WDD6120,37,,16,6,,,B
338206408,2024-08-31T21:01:54,24.45167,-81.87793,1.4,140.6,511.0,REEL EXCUSE,,WDD6120,37,,16,6,,,B
338206408,2024-08-31T21:03:22,24.45169,-81.87780,0.4,90.8,511.0,REEL EXCUSE,,WDD6120,37,,16,6,,,B
338206408,2024-08-31T21:07:23,24.45182,-81.87797,0.6,293.4,511.0,REEL EXCUSE,,WDD6120,37,,16,6,,,B
338206408,2024-08-31T21:10:29,24.45185,-81.87801,0.1,98.3,511.0,REEL EXCUSE,,WDD6120,37,,16,6,,,B
338206408,2024-08-31T21:13:25,24.45187,-81.87804,0.2,356.8,511.0,REEL EXCUSE,,WDD6120,37,,16,6,,,B
338206408,2024-08-31T21:16:25,24.45186,-81.87802,0.5,113.9,511.0,REEL EXCUSE,,WDD6120,37,,16,6,,,B
338206408,2024-08-31T21:19:26,24.45186,-81.87806,0.0,81.4,511.0,REEL EXCUSE,,WDD6120,37,,16,6,,,B
338206408,2024-08-31T21:22:27,24.45187,-81.87807,0.9,302.5,511.0,REEL EXCUSE,,WDD6120,37,,16,6,,,B
338206408,2024-08-31T21:25:23,24.45186,-81.87808,0.3,313.0,511.0,REEL EXCUSE,,WDD6120,37,,16,6,,,B
338206408,2024-08-31T21:28:24,24.45186,-81.87810,0.3,352.0,511.0,REEL EXCUSE,,WDD6120,37,,16,6,,,B
338206408,2024-08-31T21:31:24,24.45186,-81.87811,0.2,336.0,511.0,REEL EXCUSE,,WDD6120,37,,16,6,,,B
338206408,2024-08-31T21:34:26,24.45187,-81.87810,0.9,141.1,511.0,REEL EXCUSE,,WDD6120,37,,16,6,,,B
338206408,2024-08-31T21:37:25,24.45187,-81.87811,1.1,44.6,511.0,REEL EXCUSE,,WDD6120,37,,16,6,,,B
338206408,2024-08-31T21:40:23,24.45186,-81.87811,0.5,51.8,511.0,REEL EXCUSE,,WDD6120,37,,16,6,,,B
338206408,2024-08-31T21:43:24,24.45188,-81.87810,0.1,278.4,511.0,REEL EXCUSE,,WDD6120,37,,16,6,,,B
338206408,2024-08-31T21:46:25,24.45187,-81.87809,0.3,93.8,511.0,REEL EXCUSE,,WDD6120,37,,16,6,,,B
338206408,2024-08-31T21:49:23,24.45187,-81.87813,0.5,65.2,511.0,REEL EXCUSE,,WDD6120,37,,16,6,,,B
338206408,2024-08-31T21:52:22,24.45187,-81.87813,0.3,295.6,511.0,REEL EXCUSE,,WDD6120,37,,16,6,,,B
338206408,2024-08-31T21:55:26,24.45187,-81.87814,0.5,295.6,511.0,REEL EXCUSE,,WDD6120,37,,16,6,,,B
338206408,2024-08-31T21:58:26,24.45187,-81.87815,0.6,295.6,511.0,REEL EXCUSE,,WDD6120,37,,16,6,,,B
338206408,2024-08-31T22:01:24,24.45186,-81.87815,1.0,295.6,511.0,REEL EXCUSE,,WDD6120,37,,16,6,,,B
338206408,2024-08-31T22:04:23,24.45187,-81.87814,0.2,295.6,511.0,REEL EXCUSE,,WDD6120,37,,16,6,,,B
338206408,2024-08-31T22:07:23,24.45187,-81.87814,0.2,252.4,511.0,REEL EXCUSE,,WDD6120,37,,16,6,,,B
338206408,2024-08-31T22:10:22,24.45187,-81.87812,0.2,252.4,511.0,REEL EXCUSE,,WDD6120,37,,16,6,,,B
338206408,2024-08-31T22:13:22,24.45187,-81.87811,0.4,98.1,511.0,REEL EXCUSE,,WDD6120,37,,16,6,,,B
338206408,2024-08-31T22:16:24,24.45187,-81.87814,1.0,98.1,511.0,REEL EXCUSE,,WDD6120,37,,16,6,,,B
338206408,2024-08-31T22:19:22,24.45187,-81.87815,0.2,65.8,511.0,REEL EXCUSE,,WDD6120,37,,16,6,,,B
338206408,2024-08-31T22:21:54,24.45204,-81.87827,3.4,311.9,511.0,REEL EXCUSE,,WDD6120,37,,16,6,,,B
338206408,2024-08-31T22:23:23,24.45203,-81.87485,21.4,69.7,511.0,REEL EXCUSE,,WDD6120,37,,16,6,,,B
338206408,2024-09-14T21:29:28,24.44257,-81.89732,21.5,84.3,511.0,REEL EXCUSE,,WDD6120,37,,16,6,,,B
338206408,2024-09-14T21:30:29,24.44319,-81.89089,20.5,82.8,511.0,REEL EXCUSE,,WDD6120,37,,16,6,,,B
338206408,2024-09-14T21:32:31,24.44501,-81.87826,21.6,68.6,511.0,REEL EXCUSE,,WDD6120,37,,16,6,,,B
338206408,2024-09-14T21:34:00,24.44820,-81.86942,20.4,67.5,511.0,REEL EXCUSE,,WDD6120,37,,16,6,,,B
338206408,2024-09-14T21:35:29,24.45139,-81.86055,20.8,69.4,511.0,REEL EXCUSE,,WDD6120,37,,16,6,,,B
366982190,2024-06-21T06:03:38,24.43308,-81.86368,4.7,63.3,511.0,CTRACTOR-8,IMO8875437,WCO3208,96,8,27,11,5.4,96,A
366982190,2024-06-21T06:04:47,24.43356,-81.86213,4.8,67.4,511.0,CTRACTOR-8,IMO8875437,WCO3208,96,8,27,11,5.4,96,A
366982190,2024-06-21T06:05:58,24.43424,-81.86069,4.6,60.2,511.0,CTRACTOR-8,IMO8875437,WCO3208,96,8,27,11,5.4,96,A
366982190,2024-06-21T06:07:08,24.43515,-81.85931,4.9,42.1,511.0,CTRACTOR-8,IMO8875437,WCO3208,96,8,27,11,5.4,96,A
368116190,2024-05-22T19:07:45,24.46737,-81.87856,9.0,203.4,511.0,HAVANAMOON,,WDL2869,37,,31,9,,,B
368116190,2024-05-22T19:09:16,24.46385,-81.88035,9.3,206.4,511.0,HAVANAMOON,,WDL2869,37,,31,9,,,B
368116190,2024-05-22T19:10:45,24.46089,-81.88166,6.8,182.3,511.0,HAVANAMOON,,WDL2869,37,,31,9,,,B
368116190,2024-05-22T19:12:16,24.45848,-81.88168,5.7,178.8,511.0,HAVANAMOON,,WDL2869,37,,31,9,,,B
368116190,2024-05-22T19:13:45,24.45621,-81.88154,5.5,177.1,511.0,HAVANAMOON,,WDL2869,37,,31,9,,,B
368116190,2024-05-22T19:17:05,24.45315,-81.88099,0.7,360.0,511.0,HAVANAMOON,,WDL2869,37,,31,9,,,B
368116190,2024-05-22T19:19:28,24.45339,-81.88015,0.8,360.0,511.0,HAVANAMOON,,WDL2869,37,,31,9,,,B
368116190,2024-05-22T19:24:03,24.45335,-81.88023,0.2,360.0,511.0,HAVANAMOON,,WDL2869,37,,31,9,,,B
368116190,2024-05-22T19:25:04,24.45335,-81.88022,0.1,360.0,511.0,HAVANAMOON,,WDL2869,37,,31,9,,,B
368116190,2024-05-22T19:27:46,24.45326,-81.88021,0.2,360.0,511.0,HAVANAMOON,,WDL2869,37,,31,9,,,B
368116190,2024-05-22T19:29:48,24.45322,-81.88021,0.6,360.0,511.0,HAVANAMOON,,WDL2869,37,,31,9,,,B
368116190,2024-05-22T19:32:48,24.45341,-81.88017,0.5,360.0,511.0,HAVANAMOON,,WDL2869,37,,31,9,,,B
368116190,2024-05-22T19:37:11,24.45331,-81.88021,0.2,360.0,511.0,HAVANAMOON,,WDL2869,37,,31,9,,,B
368116190,2024-05-22T19:40:10,24.45341,-81.88017,0.1,360.0,511.0,HAVANAMOON,,WDL2869,37,,31,9,,,B
368116190,2024-05-22T19:42:29,24.45339,-81.88018,0.3,360.0,511.0,HAVANAMOON,,WDL2869,37,,31,9,,,B
368116190,2024-05-22T19:45:25,24.45330,-81.88022,0.2,360.0,511.0,HAVANAMOON,,WDL2869,37,,31,9,,,B
368116190,2024-05-22T19:48:41,24.45332,-81.88021,0.1,360.0,511.0,HAVANAMOON,,WDL2869,37,,31,9,,,B
368116190,2024-05-22T19:51:50,24.45331,-81.88020,0.0,360.0,511.0,HAVANAMOON,,WDL2869,37,,31,9,,,B
368116190,2024-05-22T19:54:41,24.45343,-81.88019,0.2,360.0,511.0,HAVANAMOON,,WDL2869,37,,31,9,,,B
368116190,2024-05-22T19:57:24,24.45331,-81.88020,0.0,360.0,511.0,HAVANAMOON,,WDL2869,37,,31,9,,,B
368116190,2024-05-22T20:00:50,24.45338,-81.88017,0.1,360.0,511.0,HAVANAMOON,,WDL2869,37,,31,9,,,B
368116190,2024-05-22T20:03:46,24.45331,-81.88020,0.1,360.0,511.0,HAVANAMOON,,WDL2869,37,,31,9,,,B
368116190,2024-05-22T20:06:23,24.45329,-81.88020,0.1,360.0,511.0,HAVANAMOON,,WDL2869,37,,31,9,,,B
368116190,2024-05-22T20:09:45,24.45324,-81.88019,0.4,360.0,511.0,HAVANAMOON,,WDL2869,37,,31,9,,,B
368116190,2024-05-22T20:12:49,24.45322,-81.88022,0.0,360.0,511.0,HAVANAMOON,,WDL2869,37,,31,9,,,B
368116190,2024-05-22T20:17:35,24.45336,-81.88018,0.0,360.0,511.0,HAVANAMOON,,WDL2869,37,,31,9,,,B
368116190,2024-05-22T20:20:37,24.45328,-81.88018,0.2,360.0,511.0,HAVANAMOON,,WDL2869,37,,31,9,,,B
368116190,2024-05-22T20:23:14,24.45326,-81.88021,0.2,360.0,511.0,HAVANAMOON,,WDL2869,37,,31,9,,,B
368116190,2024-05-22T20:29:17,24.45327,-81.88019,0.0,360.0,511.0,HAVANAMOON,,WDL2869,37,,31,9,,,B
368116190,2024-05-22T20:31:46,24.45326,-81.88019,0.1,360.0,511.0,HAVANAMOON,,WDL2869,37,,31,9,,,B
368116190,2024-05-22T20:34:46,24.45325,-81.88019,0.1,360.0,511.0,HAVANAMOON,,WDL2869,37,,31,9,,,B
368116190,2024-05-22T20:40:48,24.45328,-81.88020,0.1,360.0,511.0,HAVANAMOON,,WDL2869,37,,31,9,,,B
368116190,2024-05-22T20:44:00,24.45328,-81.88022,0.3,360.0,511.0,HAVANAMOON,,WDL2869,37,,31,9,,,B
368116190,2024-05-22T20:47:01,24.45334,-81.88019,0.2,360.0,511.0,HAVANAMOON,,WDL2869,37,,31,9,,,B
368116190,2024-05-22T20:51:51,24.45323,-81.88023,0.5,360.0,511.0,HAVANAMOON,,WDL2869,37,,31,9,,,B
368116190,2024-05-22T20:57:39,24.45336,-81.88080,1.2,351.3,511.0,HAVANAMOON,,WDL2869,37,,31,9,,,B
368116190,2024-05-22T21:00:43,24.45888,-81.88386,10.0,337.7,511.0,HAVANAMOON,,WDL2869,37,,31,9,,,B
368116190,2024-05-22T21:02:14,24.46253,-81.88623,10.0,332.8,511.0,HAVANAMOON,,WDL2869,37,,31,9,,,B
368116190,2024-05-22T21:03:43,24.46598,-81.88868,10.3,321.2,511.0,HAVANAMOON,,WDL2869,37,,31,9,,,B
338310292,2024-05-25T18:46:12,24.46306,-81.86019,7.9,300.4,299.0,SOMEWHERE,,,37,,15,10,,,B
338310292,2024-05-25T18:47:42,24.46421,-81.86273,5.5,300.7,303.0,SOMEWHERE,,,37,,15,10,,,B
338310292,2024-05-25T18:50:12,24.46624,-81.86670,7.9,286.6,285.0,SOMEWHERE,,,37,,15,10,,,B
338310292,2024-05-25T18:52:12,24.46746,-81.87141,8.2,285.9,284.0,SOMEWHERE,,,37,,15,10,,,B
338310292,2024-05-28T16:21:41,24.46783,-81.87801,5.0,244.1,511.0,SOMEWHERE,,,37,,15,10,,,B
338310292,2024-05-28T16:23:41,24.46658,-81.88094,5.4,245.6,239.0,SOMEWHERE,,,37,,15,10,,,B
338310292,2024-05-28T16:25:41,24.46543,-81.88367,4.9,245.0,239.0,SOMEWHERE,,,37,,15,10,,,B
338310292,2024-05-28T16:27:41,24.46444,-81.88606,4.1,241.0,233.0,SOMEWHERE,,,37,,15,10,,,B
338310292,2024-05-28T16:29:12,24.46348,-81.88759,3.9,233.8,227.0,SOMEWHERE,,,37,,15,10,,,B
338310292,2024-05-28T16:30:39,24.46258,-81.88913,4.2,238.9,511.0,SOMEWHERE,,,37,,15,10,,,B
338310292,2024-05-28T16:32:39,24.46126,-81.89139,4.6,239.5,511.0,SOMEWHERE,,,37,,15,10,,,B
338310292,2024-05-28T16:34:39,24.45991,-81.89377,4.5,236.6,511.0,SOMEWHERE,,,37,,15,10,,,B
338310292,2024-05-28T16:36:10,24.45890,-81.89549,4.4,236.6,511.0,SOMEWHERE,,,37,,15,10,,,B
338310292,2024-05-28T16:37:39,24.45790,-81.89723,4.9,238.6,231.0,SOMEWHERE,,,37,,15,10,,,B
338310292,2024-05-28T17:47:11,24.44763,-81.89484,6.1,92.3,93.0,SOMEWHERE,,,37,,15,10,,,B
338310292,2024-05-28T17:48:38,24.44788,-81.89206,6.3,84.1,86.0,SOMEWHERE,,,37,,15,10,,,B
338310292,2024-05-28T17:50:11,24.44810,-81.88909,6.3,88.2,511.0,SOMEWHERE,,,37,,15,10,,,B
338310292,2024-05-28T17:51:39,24.44832,-81.88632,6.3,79.8,81.0,SOMEWHERE,,,37,,15,10,,,B
338310292,2024-05-28T17:53:08,24.44991,-81.88411,6.3,47.7,52.0,SOMEWHERE,,,37,,15,10,,,B
338310292,2024-05-28T17:54:39,24.45222,-81.88237,6.9,39.4,38.0,SOMEWHERE,,,37,,15,10,,,B
338310292,2024-05-28T17:56:38,24.45363,-81.88062,2.6,53.8,511.0,SOMEWHERE,,,37,,15,10,,,B
338310292,2024-05-28T17:58:08,24.45386,-81.88004,0.7,94.9,105.0,SOMEWHERE,,,37,,15,10,,,B
338310292,2024-05-28T18:00:08,24.45383,-81.87985,0.1,360.0,511.0,SOMEWHERE,,,37,,15,10,,,B
338310292,2024-05-28T18:03:10,24.45390,-81.87981,0.1,360.0,511.0,SOMEWHERE,,,37,,15,10,,,B
338310292,2024-05-28T18:06:07,24.45389,-81.87988,0.1,360.0,511.0,SOMEWHERE,,,37,,15,10,,,B
338310292,2024-05-28T18:12:08,24.45391,-81.87980,0.2,360.0,511.0,SOMEWHERE,,,37,,15,10,,,B
338310292,2024-05-28T18:18:08,24.45388,-81.87986,0.1,360.0,127.0,SOMEWHERE,,,37,,15,10,,,B
338310292,2024-05-28T18:24:08,24.45390,-81.87984,0.2,360.0,511.0,SOMEWHERE,,,37,,15,10,,,B
338310292,2024-05-28T18:27:06,24.45388,-81.87988,0.3,360.0,118.0,SOMEWHERE,,,37,,15,10,,,B
338310292,2024-05-28T18:30:08,24.45390,-81.87981,0.1,360.0,511.0,SOMEWHERE,,,37,,15,10,,,B
338310292,2024-05-28T18:33:35,24.45223,-81.88061,5.1,169.3,168.0,SOMEWHERE,,,37,,15,10,,,B
338310292,2024-05-28T18:35:35,24.45084,-81.87850,4.6,89.7,90.0,SOMEWHERE,,,37,,15,10,,,B
338310292,2024-05-28T18:37:35,24.45142,-81.87585,4.7,55.5,57.0,SOMEWHERE,,,37,,15,10,,,B
338310292,2024-05-28T18:42:35,24.45297,-81.87480,0.4,65.0,64.0,SOMEWHERE,,,37,,15,10,,,B
338310292,2024-05-28T18:48:34,24.45303,-81.87489,0.1,360.0,511.0,SOMEWHERE,,,37,,15,10,,,B
338310292,2024-05-28T18:51:34,24.45304,-81.87487,0.3,360.0,108.0,SOMEWHERE,,,37,,15,10,,,B
338310292,2024-05-28T18:57:36,24.45306,-81.87480,0.2,360.0,120.0,SOMEWHERE,,,37,,15,10,,,B
338310292,2024-05-28T19:00:35,24.45306,-81.87487,0.1,360.0,162.0,SOMEWHERE,,,37,,15,10,,,B
338310292,2024-05-28T19:18:35,24.45303,-81.87484,0.1,360.0,511.0,SOMEWHERE,,,37,,15,10,,,B
338310292,2024-05-28T19:21:34,24.45305,-81.87480,0.2,360.0,511.0,SOMEWHERE,,,37,,15,10,,,B
338310292,2024-05-28T19:27:35,24.45303,-81.87486,0.1,360.0,511.0,SOMEWHERE,,,37,,15,10,,,B
338310292,2024-05-28T19:30:33,24.45301,-81.87488,0.5,224.7,21.0,SOMEWHERE,,,37,,15,10,,,B
338310292,2024-05-28T19:32:02,24.45252,-81.87462,2.3,90.8,511.0,SOMEWHERE,,,37,,15,10,,,B
338310292,2024-05-28T19:34:02,24.45264,-81.87209,5.2,69.8,65.0,SOMEWHERE,,,37,,15,10,,,B
338310292,2024-05-28T19:37:02,24.45581,-81.86885,5.3,36.1,33.0,SOMEWHERE,,,37,,15,10,,,B
338310292,2024-05-28T19:41:03,24.46065,-81.86497,5.6,35.3,511.0,SOMEWHERE,,,37,,15,10,,,B
338310292,2024-05-28T19:42:34,24.46262,-81.86358,6.5,29.9,511.0,SOMEWHERE,,,37,,15,10,,,B
338310292,2024-05-28T19:44:03,24.46492,-81.86209,6.5,33.0,511.0,SOMEWHERE,,,37,,15,10,,,B
338310292,2024-05-28T19:45:04,24.46649,-81.86102,6.7,31.7,26.0,SOMEWHERE,,,37,,15,10,,,B
338310292,2024-06-05T19:47:59,24.46757,-81.88034,5.3,252.6,248.0,SOMEWHERE,,,37,,15,10,,,B
338310292,2024-06-05T19:49:32,24.46678,-81.88257,5.2,247.1,511.0,SOMEWHERE,,,37,,15,10,,,B
338310292,2024-06-05T19:51:32,24.46573,-81.88541,5.0,244.3,238.0,SOMEWHERE,,,37,,15,10,,,B
338310292,2024-06-05T19:54:30,24.46367,-81.88918,4.8,238.3,231.0,SOMEWHERE,,,37,,15,10,,,B
338310292,2024-06-05T19:56:01,24.46268,-81.89111,4.7,241.6,234.0,SOMEWHERE,,,37,,15,10,,,B
338310292,2024-06-05T19:57:30,24.46181,-81.89297,5.0,248.6,511.0,SOMEWHERE,,,37,,15,10,,,B
338310292,2024-06-05T20:00:30,24.46035,-81.89677,4.1,245.5,511.0,SOMEWHERE,,,37,,15,10,,,B
368116190,2024-06-07T18:26:41,24.46823,-81.87297,10.4,227.7,511.0,HAVANAMOON,,WDL2869,37,,31,9,,,B
368116190,2024-06-07T18:28:07,24.46539,-81.87641,10.4,228.3,511.0,HAVANAMOON,,WDL2869,37,,31,9,,,B
368116190,2024-06-07T18:29:11,24.46355,-81.87855,7.5,222.6,511.0,HAVANAMOON,,WDL2869,37,,31,9,,,B
368116190,2024-06-07T18:30:40,24.46150,-81.88046,6.5,211.3,511.0,HAVANAMOON,,WDL2869,37,,31,9,,,B
368116190,2024-06-07T18:32:08,24.45892,-81.88107,7.3,173.4,511.0,HAVANAMOON,,WDL2869,37,,31,9,,,B
368116190,2024-06-07T18:33:40,24.45589,-81.88064,7.3,169.8,511.0,HAVANAMOON,,WDL2869,37,,31,9,,,B
368116190,2024-06-07T18:35:08,24.45416,-81.88033,3.2,164.8,511.0,HAVANAMOON,,WDL2869,37,,31,9,,,B
368116190,2024-06-07T18:37:17,24.45243,-81.88085,6.3,209.0,511.0,HAVANAMOON,,WDL2869,37,,31,9,,,B
368116190,2024-06-07T18:39:17,24.45064,-81.87848,6.2,85.4,511.0,HAVANAMOON,,WDL2869,37,,31,9,,,B
368116190,2024-06-07T18:42:14,24.45215,-81.87546,3.3,313.3,511.0,HAVANAMOON,,WDL2869,37,,31,9,,,B
368116190,2024-06-07T18:43:44,24.45237,-81.87577,0.4,360.0,511.0,HAVANAMOON,,WDL2869,37,,31,9,,,B
368116190,2024-06-07T18:45:19,24.45244,-81.87583,0.3,360.0,511.0,HAVANAMOON,,WDL2869,37,,31,9,,,B
368116190,2024-06-07T18:48:50,24.45256,-81.87575,0.1,360.0,511.0,HAVANAMOON,,WDL2869,37,,31,9,,,B
368116190,2024-06-07T18:51:45,24.45262,-81.87580,0.3,360.0,511.0,HAVANAMOON,,WDL2869,37,,31,9,,,B
368116190,2024-06-07T18:54:58,24.45260,-81.87579,0.0,360.0,511.0,HAVANAMOON,,WDL2869,37,,31,9,,,B
368116190,2024-06-07T18:57:56,24.45255,-81.87568,0.1,360.0,511.0,HAVANAMOON,,WDL2869,37,,31,9,,,B
368116190,2024-06-07T19:00:58,24.45261,-81.87576,0.2,360.0,511.0,HAVANAMOON,,WDL2869,37,,31,9,,,B
368116190,2024-06-07T19:03:48,24.45257,-81.87580,0.1,360.0,511.0,HAVANAMOON,,WDL2869,37,,31,9,,,B
368116190,2024-06-07T19:07:01,24.45258,-81.87583,0.0,360.0,511.0,HAVANAMOON,,WDL2869,37,,31,9,,,B
368116190,2024-06-07T19:09:57,24.45260,-81.87575,0.3,360.0,511.0,HAVANAMOON,,WDL2869,37,,31,9,,,B
368116190,2024-06-07T19:12:53,24.45255,-81.87574,0.5,360.0,511.0,HAVANAMOON,,WDL2869,37,,31,9,,,B
368116190,2024-06-07T19:15:36,24.45256,-81.87569,0.2,360.0,511.0,HAVANAMOON,,WDL2869,37,,31,9,,,B
368116190,2024-06-07T19:19:00,24.45257,-81.87570,1.2,360.0,511.0,HAVANAMOON,,WDL2869,37,,31,9,,,B
368116190,2024-06-07T19:21:48,24.45255,-81.87568,0.2,360.0,511.0,HAVANAMOON,,WDL2869,37,,31,9,,,B
368116190,2024-06-07T19:24:35,24.45257,-81.87566,0.2,360.0,511.0,HAVANAMOON,,WDL2869,37,,31,9,,,B
368116190,2024-06-07T19:26:04,24.45261,-81.87573,0.1,360.0,511.0,HAVANAMOON,,WDL2869,37,,31,9,,,B
368116190,2024-06-07T19:29:15,24.45261,-81.87581,0.1,360.0,511.0,HAVANAMOON,,WDL2869,37,,31,9,,,B
368116190,2024-06-07T19:33:59,24.45260,-81.87578,0.1,360.0,511.0,HAVANAMOON,,WDL2869,37,,31,9,,,B
368116190,2024-06-07T19:36:59,24.45261,-81.87577,0.1,360.0,511.0,HAVANAMOON,,WDL2869,37,,31,9,,,B
368116190,2024-06-07T19:39:14,24.45258,-81.87588,0.2,360.0,511.0,HAVANAMOON,,WDL2869,37,,31,9,,,B
368116190,2024-06-07T19:42:23,24.45258,-81.87584,0.2,360.0,511.0,HAVANAMOON,,WDL2869,37,,31,9,,,B
368116190,2024-06-07T19:45:12,24.45260,-81.87584,0.3,360.0,511.0,HAVANAMOON,,WDL2869,37,,31,9,,,B
368116190,2024-06-07T19:51:39,24.45258,-81.87578,0.2,360.0,511.0,HAVANAMOON,,WDL2869,37,,31,9,,,B
368116190,2024-06-07T19:54:16,24.45260,-81.87575,0.2,360.0,511.0,HAVANAMOON,,WDL2869,37,,31,9,,,B
368116190,2024-06-07T19:57:19,24.45260,-81.87588,0.0,360.0,511.0,HAVANAMOON,,WDL2869,37,,31,9,,,B
368116190,2024-06-07T20:00:09,24.45259,-81.87578,0.5,360.0,511.0,HAVANAMOON,,WDL2869,37,,31,9,,,B
368116190,2024-06-07T20:01:38,24.45259,-81.87581,0.2,360.0,511.0,HAVANAMOON,,WDL2869,37,,31,9,,,B
368116190,2024-06-07T20:04:30,24.45259,-81.87591,0.1,360.0,511.0,HAVANAMOON,,WDL2869,37,,31,9,,,B
368116190,2024-06-07T20:08:31,24.45263,-81.87579,0.2,360.0,511.0,HAVANAMOON,,WDL2869,37,,31,9,,,B
368116190,2024-06-07T20:09:58,24.45262,-81.87574,0.1,360.0,511.0,HAVANAMOON,,WDL2869,37,,31,9,,,B
368116190,2024-06-07T20:11:02,24.45260,-81.87573,0.0,360.0,511.0,HAVANAMOON,,WDL2869,37,,31,9,,,B
368116190,2024-06-07T20:12:50,24.45260,-81.87576,0.3,360.0,511.0,HAVANAMOON,,WDL2869,37,,31,9,,,B
368116190,2024-06-07T20:15:20,24.45258,-81.87585,0.3,360.0,511.0,HAVANAMOON,,WDL2869,37,,31,9,,,B
368116190,2024-06-07T20:18:23,24.45259,-81.87591,0.1,360.0,511.0,HAVANAMOON,,WDL2869,37,,31,9,,,B
368116190,2024-06-07T20:22:29,24.45260,-81.87581,0.2,360.0,511.0,HAVANAMOON,,WDL2869,37,,31,9,,,B
368116190,2024-06-07T20:27:45,24.45256,-81.87588,1.4,360.0,511.0,HAVANAMOON,,WDL2869,37,,31,9,,,B
368116190,2024-06-07T20:29:52,24.44899,-81.87654,8.7,193.9,511.0,HAVANAMOON,,WDL2869,37,,31,9,,,B
368116190,2024-06-07T20:31:52,24.44402,-81.87697,9.5,183.8,511.0,HAVANAMOON,,WDL2869,37,,31,9,,,B
368116190,2024-06-07T20:33:19,24.44033,-81.87740,11.1,185.6,511.0,HAVANAMOON,,WDL2869,37,,31,9,,,B
368116190,2024-06-07T20:34:52,24.43550,-81.87795,11.0,185.7,511.0,HAVANAMOON,,WDL2869,37,,31,9,,,B
368116190,2024-06-15T23:27:42,24.45815,-81.86506,9.1,334.2,511.0,HAVANAMOON,,WDL2869,37,,31,9,,,B
368116190,2024-06-15T23:29:11,24.46225,-81.86622,10.8,352.4,511.0,HAVANAMOON,,WDL2869,37,,31,9,,,B
368116190,2024-06-15T23:30:43,24.46674,-81.86705,10.8,353.2,511.0,HAVANAMOON,,WDL2869,37,,31,9,,,B
368116190,2024-06-15T23:06:00,24.44179,-81.89690,6.4,43.9,511.0,HAVANAMOON,,WDL2869,37,,31,9,,,B
368116190,2024-06-15T23:07:25,24.44325,-81.89465,6.7,60.5,511.0,HAVANAMOON,,WDL2869,37,,31,9,,,B
368116190,2024-06-15T23:10:11,24.44510,-81.88977,6.4,76.3,511.0,HAVANAMOON,,WDL2869,37,,31,9,,,B
368116190,2024-06-15T23:11:36,24.44560,-81.88711,6.1,79.0,511.0,HAVANAMOON,,WDL2869,37,,31,9,,,B
368116190,2024-06-15T23:14:50,24.44646,-81.88090,6.4,81.3,511.0,HAVANAMOON,,WDL2869,37,,31,9,,,B
368116190,2024-06-15T23:20:23,24.44790,-81.87044,6.3,79.6,511.0,HAVANAMOON,,WDL2869,37,,31,9,,,B
368116190,2024-06-15T23:21:53,24.44832,-81.86762,6.0,81.6,511.0,HAVANAMOON,,WDL2869,37,,31,9,,,B
368116190,2024-06-15T23:23:47,24.44978,-81.86427,8.3,48.5,511.0,HAVANAMOON,,WDL2869,37,,31,9,,,B
368116190,2024-06-15T23:25:17,24.45286,-81.86311,8.1,348.7,511.0,HAVANAMOON,,WDL2869,37,,31,9,,,B
368116190,2024-06-15T23:26:31,24.45551,-81.86406,8.4,337.9,511.0,HAVANAMOON,,WDL2869,37,,31,9,,,B
368116190,2024-07-18T20:42:36,24.45237,-81.86717,7.7,66.6,511.0,HAVANAMOON,,WDL2869,37,,31,9,,,B
368116190,2024-07-18T20:43:38,24.45334,-81.86488,8.1,63.3,511.0,HAVANAMOON,,WDL2869,37,,31,9,,,B
368116190,2024-07-18T20:45:07,24.45506,-81.86186,7.2,59.4,511.0,HAVANAMOON,,WDL2869,37,,31,9,,,B
368116190,2024-07-18T20:46:36,24.45564,-81.86036,1.2,360.0,511.0,HAVANAMOON,,WDL2869,37,,31,9,,,B
368116190,2024-07-18T20:54:25,24.45431,-81.85924,0.3,360.0,511.0,HAVANAMOON,,WDL2869,37,,31,9,,,B
368116190,2024-07-16T23:03:01,24.45931,-81.88312,5.9,179.1,511.0,HAVANAMOON,,WDL2869,37,,31,9,,,B
368116190,2024-07-16T23:04:39,24.45670,-81.88261,5.8,155.1,511.0,HAVANAMOON,,WDL2869,37,,31,9,,,B
368116190,2024-07-16T23:07:32,24.45402,-81.88058,3.1,117.1,511.0,HAVANAMOON,,WDL2869,37,,31,9,,,B
368116190,2024-07-16T23:11:03,24.45377,-81.88001,0.3,360.0,511.0,HAVANAMOON,,WDL2869,37,,31,9,,,B
368116190,2024-07-16T23:12:32,24.45368,-81.87999,0.6,360.0,511.0,HAVANAMOON,,WDL2869,37,,31,9,,,B
368116190,2024-07-16T23:14:45,24.45377,-81.87995,0.1,360.0,511.0,HAVANAMOON,,WDL2869,37,,31,9,,,B
368116190,2024-07-16T23:16:24,24.45378,-81.88000,0.2,360.0,511.0,HAVANAMOON,,WDL2869,37,,31,9,,,B
368116190,2024-07-16T23:17:26,24.45369,-81.87999,0.9,360.0,511.0,HAVANAMOON,,WDL2869,37,,31,9,,,B
368116190,2024-07-16T23:21:24,24.45384,-81.87996,0.2,360.0,511.0,HAVANAMOON,,WDL2869,37,,31,9,,,B
368116190,2024-07-16T23:24:25,24.45373,-81.87998,0.6,360.0,511.0,HAVANAMOON,,WDL2869,37,,31,9,,,B
368116190,2024-07-16T23:26:51,24.45375,-81.87996,0.2,360.0,511.0,HAVANAMOON,,WDL2869,37,,31,9,,,B
368116190,2024-07-16T23:29:35,24.45371,-81.87998,0.4,360.0,511.0,HAVANAMOON,,WDL2869,37,,31,9,,,B
368116190,2024-07-16T23:32:51,24.45371,-81.87996,0.3,360.0,511.0,HAVANAMOON,,WDL2869,37,,31,9,,,B
368116190,2024-07-16T23:35:38,24.45377,-81.87996,0.2,360.0,511.0,HAVANAMOON,,WDL2869,37,,31,9,,,B
368116190,2024-07-16T23:38:56,24.45370,-81.87997,0.3,360.0,511.0,HAVANAMOON,,WDL2869,37,,31,9,,,B
368116190,2024-07-16T23:40:25,24.45365,-81.88001,0.3,360.0,511.0,HAVANAMOON,,WDL2869,37,,31,9,,,B
368116190,2024-07-16T23:42:39,24.45379,-81.87999,0.8,360.0,511.0,HAVANAMOON,,WDL2869,37,,31,9,,,B
368116190,2024-07-17T00:05:16,24.45415,-81.88157,5.8,328.6,511.0,HAVANAMOON,,WDL2869,37,,31,9,,,B
368116190,2024-07-17T00:07:16,24.45849,-81.88312,8.3,1.2,511.0,HAVANAMOON,,WDL2869,37,,31,9,,,B
368116190,2024-07-18T17:46:23,24.45983,-81.88176,5.8,192.7,511.0,HAVANAMOON,,WDL2869,37,,31,9,,,B
368116190,2024-07-18T17:47:56,24.45731,-81.88204,6.1,179.9,511.0,HAVANAMOON,,WDL2869,37,,31,9,,,B
368116190,2024-07-18T17:54:29,24.45336,-81.88006,0.2,360.0,511.0,HAVANAMOON,,WDL2869,37,,31,9,,,B
368116190,2024-07-18T17:56:41,24.45336,-81.88013,0.6,360.0,511.0,HAVANAMOON,,WDL2869,37,,31,9,,,B
368116190,2024-07-18T17:58:40,24.45347,-81.88006,0.8,360.0,511.0,HAVANAMOON,,WDL2869,37,,31,9,,,B
368116190,2024-07-18T17:59:50,24.45351,-81.88003,0.3,360.0,511.0,HAVANAMOON,,WDL2869,37,,31,9,,,B
368116190,2024-07-18T18:01:20,24.45346,-81.88007,0.3,360.0,511.0,HAVANAMOON,,WDL2869,37,,31,9,,,B
368116190,2024-07-18T18:06:46,24.45347,-81.88007,0.3,360.0,511.0,HAVANAMOON,,WDL2869,37,,31,9,,,B
368116190,2024-07-18T18:12:48,24.45346,-81.88011,0.2,360.0,511.0,HAVANAMOON,,WDL2869,37,,31,9,,,B
368116190,2024-07-18T18:15:50,24.45341,-81.88011,1.0,360.0,511.0,HAVANAMOON,,WDL2869,37,,31,9,,,B
368116190,2024-07-18T18:18:52,24.45344,-81.88009,0.8,360.0,511.0,HAVANAMOON,,WDL2869,37,,31,9,,,B
368116190,2024-07-18T18:23:17,24.45342,-81.88010,0.2,360.0,511.0,HAVANAMOON,,WDL2869,37,,31,9,,,B
368116190,2024-07-18T18:24:48,24.45344,-81.88008,0.3,360.0,511.0,HAVANAMOON,,WDL2869,37,,31,9,,,B
368116190,2024-07-18T18:27:50,24.45348,-81.88002,0.5,360.0,511.0,HAVANAMOON,,WDL2869,37,,31,9,,,B
368116190,2024-07-18T18:29:49,24.45340,-81.88010,0.0,360.0,511.0,HAVANAMOON,,WDL2869,37,,31,9,,,B
368116190,2024-07-18T18:30:59,24.45340,-81.88014,0.6,360.0,511.0,HAVANAMOON,,WDL2869,37,,31,9,,,B
368116190,2024-07-18T18:32:29,24.45343,-81.88010,0.5,360.0,511.0,HAVANAMOON,,WDL2869,37,,31,9,,,B
368116190,2024-07-18T18:35:07,24.45349,-81.88007,0.3,360.0,511.0,HAVANAMOON,,WDL2869,37,,31,9,,,B
368116190,2024-07-18T18:37:34,24.45344,-81.88013,0.2,360.0,511.0,HAVANAMOON,,WDL2869,37,,31,9,,,B
368116190,2024-07-18T18:39:05,24.45343,-81.88016,0.4,360.0,511.0,HAVANAMOON,,WDL2869,37,,31,9,,,B
368116190,2024-07-18T18:41:09,24.45340,-81.88008,0.0,360.0,511.0,HAVANAMOON,,WDL2869,37,,31,9,,,B
368116190,2024-07-18T18:46:06,24.45341,-81.88013,0.1,360.0,511.0,HAVANAMOON,,WDL2869,37,,31,9,,,B
368116190,2024-07-18T18:49:06,24.45345,-81.88010,0.1,360.0,511.0,HAVANAMOON,,WDL2869,37,,31,9,,,B
368116190,2024-07-18T18:51:30,24.45341,-81.88014,0.5,360.0,511.0,HAVANAMOON,,WDL2869,37,,31,9,,,B
368116190,2024-07-18T18:53:30,24.45342,-81.88012,1.4,224.4,511.0,HAVANAMOON,,WDL2869,37,,31,9,,,B
368116190,2024-07-18T18:57:18,24.45346,-81.88006,0.7,360.0,511.0,HAVANAMOON,,WDL2869,37,,31,9,,,B
368116190,2024-07-18T19:02:50,24.45346,-81.88006,0.2,360.0,511.0,HAVANAMOON,,WDL2869,37,,31,9,,,B
368116190,2024-07-18T19:05:59,24.45351,-81.87990,0.5,360.0,511.0,HAVANAMOON,,WDL2869,37,,31,9,,,B
368116190,2024-07-18T19:09:14,24.45351,-81.87990,0.1,360.0,511.0,HAVANAMOON,,WDL2869,37,,31,9,,,B
368116190,2024-07-18T19:13:07,24.45351,-81.87986,0.5,360.0,511.0,HAVANAMOON,,WDL2869,37,,31,9,,,B
368116190,2024-07-18T19:18:02,24.45349,-81.87984,0.2,360.0,511.0,HAVANAMOON,,WDL2869,37,,31,9,,,B
368116190,2024-07-18T19:21:01,24.45353,-81.87989,0.1,360.0,511.0,HAVANAMOON,,WDL2869,37,,31,9,,,B
368116190,2024-07-18T19:23:23,24.45351,-81.87998,0.7,360.0,511.0,HAVANAMOON,,WDL2869,37,,31,9,,,B
368116190,2024-07-18T19:26:37,24.45352,-81.88001,1.2,360.0,511.0,HAVANAMOON,,WDL2869,37,,31,9,,,B
368116190,2024-07-18T19:32:59,24.45347,-81.88009,0.1,360.0,511.0,HAVANAMOON,,WDL2869,37,,31,9,,,B
368116190,2024-07-18T19:34:27,24.45345,-81.88003,0.2,360.0,511.0,HAVANAMOON,,WDL2869,37,,31,9,,,B
368116190,2024-07-18T19:37:27,24.45348,-81.88004,0.3,360.0,511.0,HAVANAMOON,,WDL2869,37,,31,9,,,B
368116190,2024-07-18T19:40:20,24.45344,-81.88007,0.5,360.0,511.0,HAVANAMOON,,WDL2869,37,,31,9,,,B
368116190,2024-07-18T19:43:27,24.45350,-81.88001,0.1,360.0,511.0,HAVANAMOON,,WDL2869,37,,31,9,,,B
368116190,2024-07-18T19:46:24,24.45350,-81.88003,0.7,360.0,511.0,HAVANAMOON,,WDL2869,37,,31,9,,,B
368116190,2024-07-18T19:49:20,24.45348,-81.88007,0.1,360.0,511.0,HAVANAMOON,,WDL2869,37,,31,9,,,B
368116190,2024-07-18T19:52:33,24.45346,-81.88010,0.0,360.0,511.0,HAVANAMOON,,WDL2869,37,,31,9,,,B
368116190,2024-07-18T19:55:16,24.45344,-81.88014,0.2,360.0,511.0,HAVANAMOON,,WDL2869,37,,31,9,,,B
368116190,2024-07-18T19:58:33,24.45347,-81.88011,0.5,360.0,511.0,HAVANAMOON,,WDL2869,37,,31,9,,,B
368116190,2024-07-18T20:06:41,24.45348,-81.88006,0.1,360.0,511.0,HAVANAMOON,,WDL2869,37,,31,9,,,B
368116190,2024-07-18T20:08:10,24.45346,-81.88009,0.3,360.0,511.0,HAVANAMOON,,WDL2869,37,,31,9,,,B
368116190,2024-07-18T20:10:26,24.45341,-81.88015,0.1,360.0,511.0,HAVANAMOON,,WDL2869,37,,31,9,,,B
368116190,2024-07-18T20:13:30,24.45346,-81.88009,0.5,360.0,511.0,HAVANAMOON,,WDL2869,37,,31,9,,,B
368116190,2024-07-18T20:17:34,24.45337,-81.88016,0.4,360.0,511.0,HAVANAMOON,,WDL2869,37,,31,9,,,B
368116190,2024-07-18T20:20:30,24.45343,-81.88010,0.4,360.0,511.0,HAVANAMOON,,WDL2869,37,,31,9,,,B
368116190,2024-07-18T20:22:53,24.45339,-81.88015,0.9,44.0,511.0,HAVANAMOON,,WDL2869,37,,31,9,,,B
368116190,2024-07-18T20:26:07,24.45342,-81.88013,0.1,360.0,511.0,HAVANAMOON,,WDL2869,37,,31,9,,,B
368116190,2024-07-18T20:28:43,24.45340,-81.88015,0.2,360.0,511.0,HAVANAMOON,,WDL2869,37,,31,9,,,B
368116190,2024-07-18T20:32:05,24.45342,-81.88014,0.1,360.0,511.0,HAVANAMOON,,WDL2869,37,,31,9,,,B
368116190,2024-07-18T20:35:07,24.45206,-81.88131,5.5,188.6,511.0,HAVANAMOON,,WDL2869,37,,31,9,,,B
368116190,2024-07-18T20:36:38,24.45047,-81.87956,6.5,101.1,511.0,HAVANAMOON,,WDL2869,37,,31,9,,,B
368116190,2024-07-18T20:38:07,24.45019,-81.87655,7.5,86.6,511.0,HAVANAMOON,,WDL2869,37,,31,9,,,B
368116190,2024-07-18T20:39:36,24.45010,-81.87334,6.8,92.3,511.0,HAVANAMOON,,WDL2869,37,,31,9,,,B
368116190,2024-07-18T20:41:07,24.45102,-81.87017,6.7,58.4,511.0,HAVANAMOON,,WDL2869,37,,31,9,,,B
368116190,2024-07-16T22:59:00,24.46708,-81.88084,9.1,204.0,511.0,HAVANAMOON,,WDL2869,37,,31,9,,,B
368116190,2024-07-16T23:00:00,24.46481,-81.88186,6.9,199.0,511.0,HAVANAMOON,,WDL2869,37,,31,9,,,B
368116190,2024-07-16T23:01:32,24.46200,-81.88279,7.2,197.1,511.0,HAVANAMOON,,WDL2869,37,,31,9,,,B
368116190,2024-07-17T00:08:47,24.46251,-81.88292,9.9,14.9,511.0,HAVANAMOON,,WDL2869,37,,31,9,,,B
368116190,2024-07-17T00:09:48,24.46518,-81.88227,9.9,12.5,511.0,HAVANAMOON,,WDL2869,37,,31,9,,,B
368116190,2024-07-18T17:42:25,24.46609,-81.87530,9.7,223.2,511.0,HAVANAMOON,,WDL2869,37,,31,9,,,B
368116190,2024-07-18T17:44:56,24.46201,-81.88045,7.5,220.7,511.0,HAVANAMOON,,WDL2869,37,,31,9,,,B
338310292,2024-07-27T19:27:01,24.45340,-81.85853,7.5,253.2,511.0,SOMEWHERE,,,37,,15,10,,,B
338310292,2024-07-27T19:29:01,24.45278,-81.86319,8.4,269.3,511.0,SOMEWHERE,,,37,,15,10,,,B
338310292,2024-07-27T19:31:01,24.45251,-81.86795,8.5,275.2,273.0,SOMEWHERE,,,37,,15,10,,,B
338310292,2024-07-27T21:49:28,24.45152,-81.87015,1.2,88.9,95.0,SOMEWHERE,,,37,,15,10,,,B
338310292,2024-07-27T21:52:31,24.45177,-81.86897,2.6,44.5,511.0,SOMEWHERE,,,37,,15,10,,,B
338310292,2024-07-27T21:53:56,24.45269,-81.86827,3.2,28.8,511.0,SOMEWHERE,,,37,,15,10,,,B
338310292,2024-07-27T21:55:56,24.45412,-81.86731,3.3,18.1,511.0,SOMEWHERE,,,37,,15,10,,,B
338310292,2024-07-27T22:00:28,24.45851,-81.86521,3.5,0.2,511.0,SOMEWHERE,,,37,,15,10,,,B
338310292,2024-07-27T22:02:28,24.46034,-81.86481,3.8,18.1,26.0,SOMEWHERE,,,37,,15,10,,,B
338310292,2024-07-27T22:03:57,24.46166,-81.86417,3.0,19.0,26.0,SOMEWHERE,,,37,,15,10,,,B
338310292,2024-07-27T22:05:57,24.46332,-81.86323,3.1,30.3,511.0,SOMEWHERE,,,37,,15,10,,,B
338310292,2024-07-27T22:07:57,24.46470,-81.86209,3.8,30.2,511.0,SOMEWHERE,,,37,,15,10,,,B
338310292,2024-07-27T22:09:57,24.46640,-81.86079,3.0,36.6,44.0,SOMEWHERE,,,37,,15,10,,,B
338310292,2024-07-27T22:10:58,24.46699,-81.86033,2.8,36.5,511.0,SOMEWHERE,,,37,,15,10,,,B
338310292,2024-07-27T19:33:03,24.45294,-81.87268,5.8,275.0,270.0,SOMEWHERE,,,37,,15,10,,,B
338310292,2024-07-27T19:35:04,24.45297,-81.87467,2.1,292.7,511.0,SOMEWHERE,,,37,,15,10,,,B
338310292,2024-07-27T19:38:04,24.45287,-81.87488,0.2,360.0,511.0,SOMEWHERE,,,37,,15,10,,,B
338310292,2024-07-27T19:41:31,24.45294,-81.87496,0.3,360.0,135.0,SOMEWHERE,,,37,,15,10,,,B
338310292,2024-07-27T19:53:32,24.45293,-81.87495,0.2,360.0,511.0,SOMEWHERE,,,37,,15,10,,,B
338310292,2024-07-27T20:05:32,24.45298,-81.87494,0.1,360.0,88.0,SOMEWHERE,,,37,,15,10,,,B
338310292,2024-07-27T20:08:29,24.45290,-81.87496,0.2,360.0,92.0,SOMEWHERE,,,37,,15,10,,,B
338310292,2024-07-27T20:11:31,24.45292,-81.87496,0.1,360.0,511.0,SOMEWHERE,,,37,,15,10,,,B
338310292,2024-07-27T20:14:32,24.45292,-81.87495,0.1,360.0,511.0,SOMEWHERE,,,37,,15,10,,,B
338310292,2024-07-27T20:17:32,24.45291,-81.87496,0.1,360.0,511.0,SOMEWHERE,,,37,,15,10,,,B
338310292,2024-07-27T20:23:29,24.45296,-81.87494,0.1,360.0,80.0,SOMEWHERE,,,37,,15,10,,,B
338310292,2024-07-27T20:35:30,24.45294,-81.87495,0.1,360.0,511.0,SOMEWHERE,,,37,,15,10,,,B
338310292,2024-07-27T20:41:30,24.45291,-81.87495,0.1,360.0,511.0,SOMEWHERE,,,37,,15,10,,,B
338310292,2024-07-27T20:47:32,24.45291,-81.87496,0.2,360.0,511.0,SOMEWHERE,,,37,,15,10,,,B
338310292,2024-07-27T20:50:31,24.45294,-81.87495,0.2,360.0,511.0,SOMEWHERE,,,37,,15,10,,,B
338310292,2024-07-27T20:53:30,24.45293,-81.87494,0.2,360.0,511.0,SOMEWHERE,,,37,,15,10,,,B
338310292,2024-07-27T21:05:30,24.45295,-81.87493,0.1,360.0,511.0,SOMEWHERE,,,37,,15,10,,,B
338310292,2024-07-27T21:08:31,24.45294,-81.87494,0.1,360.0,90.0,SOMEWHERE,,,37,,15,10,,,B
338310292,2024-07-27T21:11:32,24.45295,-81.87493,0.1,360.0,511.0,SOMEWHERE,,,37,,15,10,,,B
338310292,2024-07-27T21:14:29,24.45295,-81.87494,0.1,360.0,511.0,SOMEWHERE,,,37,,15,10,,,B
338310292,2024-07-27T21:17:31,24.45296,-81.87493,0.1,360.0,511.0,SOMEWHERE,,,37,,15,10,,,B
338310292,2024-07-27T21:20:32,24.45296,-81.87493,0.1,360.0,511.0,SOMEWHERE,,,37,,15,10,,,B
338310292,2024-07-27T21:23:30,24.45296,-81.87493,0.2,360.0,511.0,SOMEWHERE,,,37,,15,10,,,B
338310292,2024-07-27T21:26:30,24.45295,-81.87493,0.1,360.0,511.0,SOMEWHERE,,,37,,15,10,,,B
338310292,2024-07-27T21:35:31,24.45295,-81.87494,0.1,360.0,511.0,SOMEWHERE,,,37,,15,10,,,B
338310292,2024-07-27T21:38:31,24.45295,-81.87494,0.2,360.0,511.0,SOMEWHERE,,,37,,15,10,,,B
338310292,2024-07-27T21:40:29,24.45268,-81.87490,3.5,142.5,511.0,SOMEWHERE,,,37,,15,10,,,B
338310292,2024-07-27T21:42:29,24.45222,-81.87296,3.6,72.6,75.0,SOMEWHERE,,,37,,15,10,,,B
338310292,2024-07-27T21:43:59,24.45231,-81.87208,1.6,106.2,105.0,SOMEWHERE,,,37,,15,10,,,B
338310292,2024-07-27T21:45:29,24.45188,-81.87155,1.7,149.6,511.0,SOMEWHERE,,,37,,15,10,,,B
338310292,2024-07-27T21:46:59,24.45181,-81.87106,1.1,86.1,511.0,SOMEWHERE,,,37,,15,10,,,B
338310292,2024-08-17T15:50:33,24.46118,-81.87700,7.5,231.7,235.0,SOMEWHERE,,,37,,15,10,,,B
338310292,2024-08-17T15:52:00,24.45938,-81.87958,6.9,239.8,249.0,SOMEWHERE,,,37,,15,10,,,B
338310292,2024-08-17T15:56:00,24.45326,-81.88044,3.4,126.4,111.0,SOMEWHERE,,,37,,15,10,,,B
338310292,2024-08-17T15:57:33,24.45255,-81.87991,3.0,151.2,511.0,SOMEWHERE,,,37,,15,10,,,B
338310292,2024-08-17T15:59:00,24.45232,-81.87966,0.4,306.7,341.0,SOMEWHERE,,,37,,15,10,,,B
338310292,2024-08-17T16:01:00,24.45223,-81.87967,0.3,360.0,22.0,SOMEWHERE,,,37,,15,10,,,B
338310292,2024-08-17T16:12:59,24.45222,-81.87962,0.0,360.0,511.0,SOMEWHERE,,,37,,15,10,,,B
338310292,2024-08-17T16:25:02,24.45224,-81.87960,0.0,360.0,511.0,SOMEWHERE,,,37,,15,10,,,B
338310292,2024-08-17T16:30:59,24.45222,-81.87963,0.1,360.0,356.0,SOMEWHERE,,,37,,15,10,,,B
338310292,2024-08-17T16:34:00,24.45223,-81.87964,0.1,360.0,3.0,SOMEWHERE,,,37,,15,10,,,B
338310292,2024-08-17T16:37:01,24.45223,-81.87965,0.1,360.0,511.0,SOMEWHERE,,,37,,15,10,,,B
338310292,2024-08-17T16:40:00,24.45223,-81.87966,0.1,360.0,3.0,SOMEWHERE,,,37,,15,10,,,B
338310292,2024-08-17T16:42:59,24.45224,-81.87967,0.0,360.0,511.0,SOMEWHERE,,,37,,15,10,,,B
338310292,2024-08-17T16:49:00,24.45225,-81.87966,0.1,360.0,2.0,SOMEWHERE,,,37,,15,10,,,B
338310292,2024-08-17T16:54:59,24.45224,-81.87971,0.0,360.0,10.0,SOMEWHERE,,,37,,15,10,,,B
338310292,2024-08-17T17:09:59,24.45224,-81.87968,0.1,360.0,10.0,SOMEWHERE,,,37,,15,10,,,B
338310292,2024-08-17T17:13:02,24.45224,-81.87967,0.1,360.0,9.0,SOMEWHERE,,,37,,15,10,,,B
338310292,2024-08-17T17:16:01,24.45224,-81.87967,0.1,360.0,511.0,SOMEWHERE,,,37,,15,10,,,B
338310292,2024-08-17T17:19:02,24.45224,-81.87964,0.0,360.0,511.0,SOMEWHERE,,,37,,15,10,,,B
338310292,2024-08-17T17:22:02,24.45225,-81.87960,0.0,360.0,10.0,SOMEWHERE,,,37,,15,10,,,B
338310292,2024-08-17T17:24:59,24.45226,-81.87956,0.0,360.0,7.0,SOMEWHERE,,,37,,15,10,,,B
338310292,2024-08-17T17:31:00,24.45227,-81.87956,0.1,360.0,511.0,SOMEWHERE,,,37,,15,10,,,B
338310292,2024-08-17T17:34:01,24.45226,-81.87958,0.0,360.0,511.0,SOMEWHERE,,,37,,15,10,,,B
338310292,2024-08-17T17:37:00,24.45226,-81.87959,0.1,360.0,511.0,SOMEWHERE,,,37,,15,10,,,B
338310292,2024-08-17T17:40:30,24.45226,-81.87988,3.5,261.6,269.0,SOMEWHERE,,,37,,15,10,,,B
338310292,2024-08-17T17:43:30,24.45581,-81.88179,6.4,354.3,511.0,SOMEWHERE,,,37,,15,10,,,B
338310292,2024-08-17T17:45:00,24.45839,-81.88167,6.2,15.6,9.0,SOMEWHERE,,,37,,15,10,,,B
338310292,2024-08-17T17:47:00,24.46114,-81.87942,6.5,41.1,511.0,SOMEWHERE,,,37,,15,10,,,B
338310292,2024-08-17T17:48:01,24.46256,-81.87801,6.8,43.5,511.0,SOMEWHERE,,,37,,15,10,,,B
368332110,2024-08-17T23:17:43,24.44780,-81.86683,7.1,253.6,258.0,MY MANDI,,WDN9985,36,,15,4,,,B
368332110,2024-08-17T23:19:15,24.44708,-81.86988,7.1,253.2,259.0,MY MANDI,,WDN9985,36,,15,4,,,B
368332110,2024-08-17T23:20:44,24.44640,-81.87287,7.1,256.1,257.0,MY MANDI,,WDN9985,36,,15,4,,,B
368332110,2024-08-17T23:21:45,24.44595,-81.87487,7.1,258.9,258.0,MY MANDI,,WDN9985,36,,15,4,,,B
368332110,2024-08-17T23:22:48,24.44548,-81.87685,6.3,255.1,258.0,MY MANDI,,WDN9985,36,,15,4,,,B
368332110,2024-08-17T23:23:49,24.44505,-81.87872,6.3,257.7,260.0,MY MANDI,,WDN9985,36,,15,4,,,B
368332110,2024-08-17T23:25:19,24.44438,-81.88143,7.1,259.2,258.0,MY MANDI,,WDN9985,36,,15,4,,,B
368332110,2024-08-17T23:26:21,24.44390,-81.88337,7.1,254.5,259.0,MY MANDI,,WDN9985,36,,15,4,,,B
368332110,2024-08-17T23:27:53,24.44327,-81.88608,6.3,256.4,257.0,MY MANDI,,WDN9985,36,,15,4,,,B
368332110,2024-08-17T23:29:54,24.44242,-81.88955,6.3,257.3,258.0,MY MANDI,,WDN9985,36,,15,4,,,B
368332110,2024-08-17T23:30:56,24.44202,-81.89137,6.3,253.4,258.0,MY MANDI,,WDN9985,36,,15,4,,,B
368332110,2024-08-17T23:31:57,24.44162,-81.89325,7.1,256.5,258.0,MY MANDI,,WDN9985,36,,15,4,,,B
368332110,2024-08-17T23:33:01,24.44120,-81.89517,6.3,258.0,260.0,MY MANDI,,WDN9985,36,,15,4,,,B
368332110,2024-08-17T23:34:32,24.44062,-81.89783,6.3,257.0,257.0,MY MANDI,,WDN9985,36,,15,4,,,B
338310292,2024-08-17T15:46:01,24.46664,-81.86819,7.8,240.2,511.0,SOMEWHERE,,,37,,15,10,,,B
338310292,2024-08-17T15:47:33,24.46486,-81.87124,7.8,234.2,236.0,SOMEWHERE,,,37,,15,10,,,B
338310292,2024-08-17T15:49:01,24.46308,-81.87409,7.7,233.2,511.0,SOMEWHERE,,,37,,15,10,,,B
338310292,2024-08-17T17:49:02,24.46392,-81.87665,5.3,45.1,511.0,SOMEWHERE,,,37,,15,10,,,B
338310292,2024-08-17T17:51:02,24.46467,-81.87503,2.6,158.4,511.0,SOMEWHERE,,,37,,15,10,,,B
338310292,2024-08-17T17:54:02,24.46369,-81.87433,2.4,90.7,88.0,SOMEWHERE,,,37,,15,10,,,B
338310292,2024-08-17T17:56:01,24.46388,-81.87188,2.8,73.3,511.0,SOMEWHERE,,,37,,15,10,,,B
338310292,2024-08-17T17:58:01,24.46447,-81.87025,3.7,36.8,511.0,SOMEWHERE,,,37,,15,10,,,B
338310292,2024-08-17T18:00:01,24.46605,-81.86903,3.3,30.2,511.0,SOMEWHERE,,,37,,15,10,,,B
338310292,2024-08-17T18:02:04,24.46772,-81.86792,3.6,33.6,511.0,SOMEWHERE,,,37,,15,10,,,B
368332110,2024-08-17T23:15:09,24.44893,-81.86177,7.1,256.1,258.0,MY MANDI,,WDN9985,36,,15,4,,,B
368332110,2024-08-17T23:16:41,24.44823,-81.86483,7.1,255.8,258.0,MY MANDI,,WDN9985,36,,15,4,,,B
338310292,2024-08-21T19:45:32,24.45500,-81.86724,6.6,31.9,511.0,SOMEWHERE,,,37,,15,10,,,B
338310292,2024-08-21T19:47:32,24.45848,-81.86517,7.4,7.4,511.0,SOMEWHERE,,,37,,15,10,,,B
338310292,2024-08-21T19:49:32,24.46232,-81.86431,6.9,19.4,12.0,SOMEWHERE,,,37,,15,10,,,B
338310292,2024-08-21T19:51:00,24.46525,-81.86328,7.9,18.4,511.0,SOMEWHERE,,,37,,15,10,,,B
338310292,2024-08-21T17:54:59,24.45041,-81.86307,7.0,267.0,268.0,SOMEWHERE,,,37,,15,10,,,B
338310292,2024-08-21T17:56:02,24.45047,-81.86541,7.7,270.9,511.0,SOMEWHERE,,,37,,15,10,,,B
338310292,2024-08-21T17:57:29,24.45063,-81.86870,7.8,274.7,511.0,SOMEWHERE,,,37,,15,10,,,B
338310292,2024-08-21T17:59:02,24.45114,-81.87215,7.9,282.0,281.0,SOMEWHERE,,,37,,15,10,,,B
338310292,2024-08-21T17:59:59,24.45157,-81.87431,7.6,284.8,511.0,SOMEWHERE,,,37,,15,10,,,B
338310292,2024-08-21T18:02:59,24.45211,-81.87655,0.2,360.0,511.0,SOMEWHERE,,,37,,15,10,,,B
338310292,2024-08-21T18:13:32,24.45227,-81.87646,0.2,360.0,226.0,SOMEWHERE,,,37,,15,10,,,B
338310292,2024-08-21T18:25:30,24.45227,-81.87644,0.2,360.0,215.0,SOMEWHERE,,,37,,15,10,,,B
338310292,2024-08-21T18:31:31,24.45226,-81.87644,0.2,360.0,511.0,SOMEWHERE,,,37,,15,10,,,B
338310292,2024-08-21T18:37:30,24.45228,-81.87646,0.0,360.0,221.0,SOMEWHERE,,,37,,15,10,,,B
338310292,2024-08-21T18:43:30,24.45230,-81.87652,0.0,360.0,219.0,SOMEWHERE,,,37,,15,10,,,B
338310292,2024-08-21T18:49:31,24.45231,-81.87652,0.1,360.0,511.0,SOMEWHERE,,,37,,15,10,,,B
338310292,2024-08-21T18:55:32,24.45230,-81.87653,0.1,360.0,217.0,SOMEWHERE,,,37,,15,10,,,B
338310292,2024-08-21T19:01:30,24.45232,-81.87656,0.2,360.0,212.0,SOMEWHERE,,,37,,15,10,,,B
338310292,2024-08-21T19:04:31,24.45231,-81.87653,0.1,360.0,511.0,SOMEWHERE,,,37,,15,10,,,B
338310292,2024-08-21T19:07:31,24.45230,-81.87648,0.1,360.0,224.0,SOMEWHERE,,,37,,15,10,,,B
338310292,2024-08-21T19:13:29,24.45228,-81.87646,0.2,360.0,511.0,SOMEWHERE,,,37,,15,10,,,B
338310292,2024-08-21T19:19:30,24.45230,-81.87653,0.2,360.0,230.0,SOMEWHERE,,,37,,15,10,,,B
338310292,2024-08-21T19:25:31,24.45230,-81.87654,0.2,360.0,511.0,SOMEWHERE,,,37,,15,10,,,B
338310292,2024-08-21T19:31:31,24.45231,-81.87658,0.1,360.0,511.0,SOMEWHERE,,,37,,15,10,,,B
338310292,2024-08-21T19:36:30,24.45195,-81.87672,3.8,166.0,162.0,SOMEWHERE,,,37,,15,10,,,B
338310292,2024-08-21T19:38:30,24.45030,-81.87464,4.6,140.4,139.0,SOMEWHERE,,,37,,15,10,,,B
338310292,2024-08-21T19:39:59,24.44978,-81.87251,4.9,95.5,100.0,SOMEWHERE,,,37,,15,10,,,B
338310292,2024-08-21T19:41:32,24.45023,-81.87029,5.3,59.2,55.0,SOMEWHERE,,,37,,15,10,,,B
338310292,2024-08-21T19:43:32,24.45198,-81.86817,4.7,18.3,511.0,SOMEWHERE,,,37,,15,10,,,B
338469000,2024-08-31T19:27:27,24.46487,-81.86684,12.2,50.1,511.0,ALEX CHOUEST,IMO9132337,WCZ2532,90,,84,18,,,B
338469000,2024-08-31T19:28:59,24.46824,-81.86226,12.5,52.2,511.0,ALEX CHOUEST,IMO9132337,WCZ2532,90,,84,18,,,B
338469000,2024-08-31T13:03:12,24.45618,-81.88030,1.2,73.7,511.0,ALEX CHOUEST,IMO9132337,WCZ2532,90,,84,18,,,B
338469000,2024-08-31T13:04:28,24.45636,-81.87975,1.6,73.8,511.0,ALEX CHOUEST,IMO9132337,WCZ2532,90,,84,18,,,B
338469000,2024-08-31T13:05:43,24.45649,-81.87931,1.3,64.8,511.0,ALEX CHOUEST,IMO9132337,WCZ2532,90,,84,18,,,B
338469000,2024-08-31T13:06:57,24.45668,-81.87878,0.7,75.8,511.0,ALEX CHOUEST,IMO9132337,WCZ2532,90,,84,18,,,B
338469000,2024-08-31T13:09:15,24.45679,-81.87876,0.9,300.7,511.0,ALEX CHOUEST,IMO9132337,WCZ2532,90,,84,18,,,B
338469000,2024-08-31T13:12:08,24.45698,-81.87904,0.1,360.0,511.0,ALEX CHOUEST,IMO9132337,WCZ2532,90,,84,18,,,B
338469000,2024-08-31T13:15:14,24.45698,-81.87909,0.0,360.0,511.0,ALEX CHOUEST,IMO9132337,WCZ2532,90,,84,18,,,B
338469000,2024-08-31T13:17:58,24.45699,-81.87910,0.0,360.0,511.0,ALEX CHOUEST,IMO9132337,WCZ2532,90,,84,18,,,B
338469000,2024-08-31T13:21:12,24.45696,-81.87913,0.0,360.0,511.0,ALEX CHOUEST,IMO9132337,WCZ2532,90,,84,18,,,B
338469000,2024-08-31T13:23:55,24.45693,-81.87917,0.2,360.0,511.0,ALEX CHOUEST,IMO9132337,WCZ2532,90,,84,18,,,B
338469000,2024-08-31T13:27:24,24.45689,-81.87918,0.2,360.0,511.0,ALEX CHOUEST,IMO9132337,WCZ2532,90,,84,18,,,B
338469000,2024-08-31T13:30:16,24.45695,-81.87918,0.2,360.0,511.0,ALEX CHOUEST,IMO9132337,WCZ2532,90,,84,18,,,B
338469000,2024-08-31T13:36:08,24.45695,-81.87914,0.0,360.0,511.0,ALEX CHOUEST,IMO9132337,WCZ2532,90,,84,18,,,B
338469000,2024-08-31T13:39:12,24.45690,-81.87917,0.2,360.0,511.0,ALEX CHOUEST,IMO9132337,WCZ2532,90,,84,18,,,B
338469000,2024-08-31T13:42:29,24.45682,-81.87916,0.1,360.0,511.0,ALEX CHOUEST,IMO9132337,WCZ2532,90,,84,18,,,B
338469000,2024-08-31T13:45:26,24.45680,-81.87916,0.0,360.0,511.0,ALEX CHOUEST,IMO9132337,WCZ2532,90,,84,18,,,B
338469000,2024-08-31T13:48:08,24.45684,-81.87916,0.0,360.0,511.0,ALEX CHOUEST,IMO9132337,WCZ2532,90,,84,18,,,B
338469000,2024-08-31T13:50:57,24.45678,-81.87915,0.1,360.0,511.0,ALEX CHOUEST,IMO9132337,WCZ2532,90,,84,18,,,B
338469000,2024-08-31T13:54:04,24.45682,-81.87916,0.0,360.0,511.0,ALEX CHOUEST,IMO9132337,WCZ2532,90,,84,18,,,B
338469000,2024-08-31T13:57:05,24.45682,-81.87917,0.1,360.0,511.0,ALEX CHOUEST,IMO9132337,WCZ2532,90,,84,18,,,B
338469000,2024-08-31T14:00:23,24.45686,-81.87917,0.0,360.0,511.0,ALEX CHOUEST,IMO9132337,WCZ2532,90,,84,18,,,B
338469000,2024-08-31T14:02:54,24.45685,-81.87916,0.1,360.0,511.0,ALEX CHOUEST,IMO9132337,WCZ2532,90,,84,18,,,B
338469000,2024-08-31T14:06:19,24.45685,-81.87915,0.1,360.0,511.0,ALEX CHOUEST,IMO9132337,WCZ2532,90,,84,18,,,B
338469000,2024-08-31T14:09:20,24.45685,-81.87915,0.0,360.0,511.0,ALEX CHOUEST,IMO9132337,WCZ2532,90,,84,18,,,B
338469000,2024-08-31T14:12:21,24.45681,-81.87915,0.1,360.0,511.0,ALEX CHOUEST,IMO9132337,WCZ2532,90,,84,18,,,B
338469000,2024-08-31T14:15:20,24.45683,-81.87917,0.0,360.0,511.0,ALEX CHOUEST,IMO9132337,WCZ2532,90,,84,18,,,B
338469000,2024-08-31T14:18:15,24.45677,-81.87914,0.0,360.0,511.0,ALEX CHOUEST,IMO9132337,WCZ2532,90,,84,18,,,B
338469000,2024-08-31T14:21:17,24.45678,-81.87914,0.0,360.0,511.0,ALEX CHOUEST,IMO9132337,WCZ2532,90,,84,18,,,B
338469000,2024-08-31T14:24:24,24.45679,-81.87912,0.1,360.0,511.0,ALEX CHOUEST,IMO9132337,WCZ2532,90,,84,18,,,B
338469000,2024-08-31T14:27:28,24.45681,-81.87913,0.1,360.0,511.0,ALEX CHOUEST,IMO9132337,WCZ2532,90,,84,18,,,B
338469000,2024-08-31T14:30:00,24.45684,-81.87916,0.2,360.0,511.0,ALEX CHOUEST,IMO9132337,WCZ2532,90,,84,18,,,B
338469000,2024-08-31T14:33:18,24.45690,-81.87917,0.0,360.0,511.0,ALEX CHOUEST,IMO9132337,WCZ2532,90,,84,18,,,B
338469000,2024-08-31T14:36:17,24.45691,-81.87917,0.0,360.0,511.0,ALEX CHOUEST,IMO9132337,WCZ2532,90,,84,18,,,B
338469000,2024-08-31T14:39:13,24.45693,-81.87915,0.1,360.0,511.0,ALEX CHOUEST,IMO9132337,WCZ2532,90,,84,18,,,B
338469000,2024-08-31T14:42:17,24.45702,-81.87909,0.0,360.0,511.0,ALEX CHOUEST,IMO9132337,WCZ2532,90,,84,18,,,B
338469000,2024-08-31T14:45:21,24.45705,-81.87907,0.1,360.0,511.0,ALEX CHOUEST,IMO9132337,WCZ2532,90,,84,18,,,B
338469000,2024-08-31T14:48:09,24.45705,-81.87913,0.2,360.0,511.0,ALEX CHOUEST,IMO9132337,WCZ2532,90,,84,18,,,B
338469000,2024-08-31T14:51:28,24.45707,-81.87907,0.1,360.0,511.0,ALEX CHOUEST,IMO9132337,WCZ2532,90,,84,18,,,B
338469000,2024-08-31T14:54:23,24.45708,-81.87909,0.0,360.0,511.0,ALEX CHOUEST,IMO9132337,WCZ2532,90,,84,18,,,B
338469000,2024-08-31T14:56:56,24.45711,-81.87908,0.1,360.0,511.0,ALEX CHOUEST,IMO9132337,WCZ2532,90,,84,18,,,B
338469000,2024-08-31T15:00:29,24.45712,-81.87903,0.0,360.0,511.0,ALEX CHOUEST,IMO9132337,WCZ2532,90,,84,18,,,B
338469000,2024-08-31T15:03:11,24.45712,-81.87902,0.1,360.0,511.0,ALEX CHOUEST,IMO9132337,WCZ2532,90,,84,18,,,B
338469000,2024-08-31T15:06:23,24.45712,-81.87905,0.0,360.0,511.0,ALEX CHOUEST,IMO9132337,WCZ2532,90,,84,18,,,B
338469000,2024-08-31T15:09:03,24.45711,-81.87903,0.2,360.0,511.0,ALEX CHOUEST,IMO9132337,WCZ2532,90,,84,18,,,B
338469000,2024-08-31T15:12:04,24.45709,-81.87902,0.0,360.0,511.0,ALEX CHOUEST,IMO9132337,WCZ2532,90,,84,18,,,B
338469000,2024-08-31T15:15:29,24.45710,-81.87900,0.0,360.0,511.0,ALEX CHOUEST,IMO9132337,WCZ2532,90,,84,18,,,B
338469000,2024-08-31T15:18:28,24.45710,-81.87901,0.1,360.0,511.0,ALEX CHOUEST,IMO9132337,WCZ2532,90,,84,18,,,B
338469000,2024-08-31T15:21:16,24.45711,-81.87899,0.1,360.0,511.0,ALEX CHOUEST,IMO9132337,WCZ2532,90,,84,18,,,B
338469000,2024-08-31T15:24:25,24.45711,-81.87898,0.1,360.0,511.0,ALEX CHOUEST,IMO9132337,WCZ2532,90,,84,18,,,B
338469000,2024-08-31T15:26:58,24.45710,-81.87899,0.0,360.0,511.0,ALEX CHOUEST,IMO9132337,WCZ2532,90,,84,18,,,B
338469000,2024-08-31T15:35:54,24.45711,-81.87901,0.1,360.0,511.0,ALEX CHOUEST,IMO9132337,WCZ2532,90,,84,18,,,B
338469000,2024-08-31T15:39:27,24.45711,-81.87899,0.1,360.0,511.0,ALEX CHOUEST,IMO9132337,WCZ2532,90,,84,18,,,B
338469000,2024-08-31T15:42:13,24.45712,-81.87896,0.0,360.0,511.0,ALEX CHOUEST,IMO9132337,WCZ2532,90,,84,18,,,B
338469000,2024-08-31T15:45:14,24.45711,-81.87903,0.0,360.0,511.0,ALEX CHOUEST,IMO9132337,WCZ2532,90,,84,18,,,B
338469000,2024-08-31T15:48:08,24.45711,-81.87902,0.0,360.0,511.0,ALEX CHOUEST,IMO9132337,WCZ2532,90,,84,18,,,B
338469000,2024-08-31T15:50:56,24.45711,-81.87900,0.0,360.0,511.0,ALEX CHOUEST,IMO9132337,WCZ2532,90,,84,18,,,B
338469000,2024-08-31T15:54:23,24.45711,-81.87902,0.1,360.0,511.0,ALEX CHOUEST,IMO9132337,WCZ2532,90,,84,18,,,B
338469000,2024-08-31T15:56:54,24.45711,-81.87902,0.0,360.0,511.0,ALEX CHOUEST,IMO9132337,WCZ2532,90,,84,18,,,B
338469000,2024-08-31T15:59:59,24.45711,-81.87902,0.1,360.0,511.0,ALEX CHOUEST,IMO9132337,WCZ2532,90,,84,18,,,B
338469000,2024-08-31T16:03:15,24.45711,-81.87901,0.0,360.0,511.0,ALEX CHOUEST,IMO9132337,WCZ2532,90,,84,18,,,B
338469000,2024-08-31T16:06:15,24.45713,-81.87899,0.1,360.0,511.0,ALEX CHOUEST,IMO9132337,WCZ2532,90,,84,18,,,B
338469000,2024-08-31T16:09:10,24.45712,-81.87902,0.1,360.0,511.0,ALEX CHOUEST,IMO9132337,WCZ2532,90,,84,18,,,B
338469000,2024-08-31T16:11:58,24.45713,-81.87898,0.1,360.0,511.0,ALEX CHOUEST,IMO9132337,WCZ2532,90,,84,18,,,B
338469000,2024-08-31T16:15:05,24.45711,-81.87899,0.0,360.0,511.0,ALEX CHOUEST,IMO9132337,WCZ2532,90,,84,18,,,B
338469000,2024-08-31T16:18:09,24.45712,-81.87897,0.3,360.0,511.0,ALEX CHOUEST,IMO9132337,WCZ2532,90,,84,18,,,B
338469000,2024-08-31T16:21:21,24.45712,-81.87898,0.2,360.0,511.0,ALEX CHOUEST,IMO9132337,WCZ2532,90,,84,18,,,B
338469000,2024-08-31T16:24:28,24.45713,-81.87887,0.0,360.0,511.0,ALEX CHOUEST,IMO9132337,WCZ2532,90,,84,18,,,B
338469000,2024-08-31T16:30:01,24.45713,-81.87884,0.1,360.0,511.0,ALEX CHOUEST,IMO9132337,WCZ2532,90,,84,18,,,B
338469000,2024-08-31T16:33:15,24.45714,-81.87885,0.1,360.0,511.0,ALEX CHOUEST,IMO9132337,WCZ2532,90,,84,18,,,B
338469000,2024-08-31T16:36:01,24.45713,-81.87890,0.1,360.0,511.0,ALEX CHOUEST,IMO9132337,WCZ2532,90,,84,18,,,B
338469000,2024-08-31T16:38:58,24.45713,-81.87891,0.0,360.0,511.0,ALEX CHOUEST,IMO9132337,WCZ2532,90,,84,18,,,B
338469000,2024-08-31T16:42:02,24.45713,-81.87887,0.2,360.0,511.0,ALEX CHOUEST,IMO9132337,WCZ2532,90,,84,18,,,B
338469000,2024-08-31T16:45:11,24.45713,-81.87889,0.1,360.0,511.0,ALEX CHOUEST,IMO9132337,WCZ2532,90,,84,18,,,B
338469000,2024-08-31T16:47:59,24.45713,-81.87888,0.1,360.0,511.0,ALEX CHOUEST,IMO9132337,WCZ2532,90,,84,18,,,B
338469000,2024-08-31T16:51:06,24.45712,-81.87887,0.0,360.0,511.0,ALEX CHOUEST,IMO9132337,WCZ2532,90,,84,18,,,B
338469000,2024-08-31T16:54:06,24.45711,-81.87885,0.1,360.0,511.0,ALEX CHOUEST,IMO9132337,WCZ2532,90,,84,18,,,B
338469000,2024-08-31T16:57:25,24.45711,-81.87883,0.1,360.0,511.0,ALEX CHOUEST,IMO9132337,WCZ2532,90,,84,18,,,B
338469000,2024-08-31T17:00:22,24.45712,-81.87888,0.1,360.0,511.0,ALEX CHOUEST,IMO9132337,WCZ2532,90,,84,18,,,B
338469000,2024-08-31T17:03:20,24.45712,-81.87888,0.1,360.0,511.0,ALEX CHOUEST,IMO9132337,WCZ2532,90,,84,18,,,B
338469000,2024-08-31T17:08:57,24.45711,-81.87885,0.1,360.0,511.0,ALEX CHOUEST,IMO9132337,WCZ2532,90,,84,18,,,B
338469000,2024-08-31T17:12:24,24.45711,-81.87886,0.0,360.0,511.0,ALEX CHOUEST,IMO9132337,WCZ2532,90,,84,18,,,B
338469000,2024-08-31T17:14:54,24.45711,-81.87885,0.0,360.0,511.0,ALEX CHOUEST,IMO9132337,WCZ2532,90,,84,18,,,B
338469000,2024-08-31T17:18:26,24.45712,-81.87885,0.1,360.0,511.0,ALEX CHOUEST,IMO9132337,WCZ2532,90,,84,18,,,B
338469000,2024-08-31T17:21:19,24.45712,-81.87885,0.3,360.0,511.0,ALEX CHOUEST,IMO9132337,WCZ2532,90,,84,18,,,B
338469000,2024-08-31T17:27:03,24.45712,-81.87883,0.1,360.0,511.0,ALEX CHOUEST,IMO9132337,WCZ2532,90,,84,18,,,B
338469000,2024-08-31T17:29:59,24.45711,-81.87882,0.1,360.0,511.0,ALEX CHOUEST,IMO9132337,WCZ2532,90,,84,18,,,B
338469000,2024-08-31T17:33:08,24.45711,-81.87881,0.1,360.0,511.0,ALEX CHOUEST,IMO9132337,WCZ2532,90,,84,18,,,B
338469000,2024-08-31T17:35:59,24.45712,-81.87883,0.2,360.0,511.0,ALEX CHOUEST,IMO9132337,WCZ2532,90,,84,18,,,B
338469000,2024-08-31T17:39:16,24.45712,-81.87883,0.1,360.0,511.0,ALEX CHOUEST,IMO9132337,WCZ2532,90,,84,18,,,B
338469000,2024-08-31T17:45:17,24.45712,-81.87884,0.2,360.0,511.0,ALEX CHOUEST,IMO9132337,WCZ2532,90,,84,18,,,B
338469000,2024-08-31T17:47:55,24.45709,-81.87880,0.1,360.0,511.0,ALEX CHOUEST,IMO9132337,WCZ2532,90,,84,18,,,B
338469000,2024-08-31T17:51:29,24.45709,-81.87878,0.1,360.0,511.0,ALEX CHOUEST,IMO9132337,WCZ2532,90,,84,18,,,B
338469000,2024-08-31T17:54:05,24.45711,-81.87881,0.0,360.0,511.0,ALEX CHOUEST,IMO9132337,WCZ2532,90,,84,18,,,B
338469000,2024-08-31T17:57:04,24.45711,-81.87880,0.1,360.0,511.0,ALEX CHOUEST,IMO9132337,WCZ2532,90,,84,18,,,B
338469000,2024-08-31T18:00:01,24.45709,-81.87879,0.1,360.0,511.0,ALEX CHOUEST,IMO9132337,WCZ2532,90,,84,18,,,B
338469000,2024-08-31T18:03:04,24.45711,-81.87879,0.1,360.0,511.0,ALEX CHOUEST,IMO9132337,WCZ2532,90,,84,18,,,B
338469000,2024-08-31T18:06:23,24.45711,-81.87881,0.1,360.0,511.0,ALEX CHOUEST,IMO9132337,WCZ2532,90,,84,18,,,B
338469000,2024-08-31T18:08:58,24.45710,-81.87880,0.1,360.0,511.0,ALEX CHOUEST,IMO9132337,WCZ2532,90,,84,18,,,B
338469000,2024-08-31T18:15:29,24.45708,-81.87879,0.0,360.0,511.0,ALEX CHOUEST,IMO9132337,WCZ2532,90,,84,18,,,B
338469000,2024-08-31T18:18:09,24.45709,-81.87879,0.1,360.0,511.0,ALEX CHOUEST,IMO9132337,WCZ2532,90,,84,18,,,B
338469000,2024-08-31T18:21:25,24.45710,-81.87880,0.0,360.0,511.0,ALEX CHOUEST,IMO9132337,WCZ2532,90,,84,18,,,B
338469000,2024-08-31T18:24:26,24.45708,-81.87880,0.0,360.0,511.0,ALEX CHOUEST,IMO9132337,WCZ2532,90,,84,18,,,B
338469000,2024-08-31T18:27:14,24.45709,-81.87881,0.0,360.0,511.0,ALEX CHOUEST,IMO9132337,WCZ2532,90,,84,18,,,B
338469000,2024-08-31T18:29:55,24.45709,-81.87879,0.0,360.0,511.0,ALEX CHOUEST,IMO9132337,WCZ2532,90,,84,18,,,B
338469000,2024-08-31T18:33:22,24.45708,-81.87879,0.0,360.0,511.0,ALEX CHOUEST,IMO9132337,WCZ2532,90,,84,18,,,B
338469000,2024-08-31T18:36:22,24.45707,-81.87879,0.0,360.0,511.0,ALEX CHOUEST,IMO9132337,WCZ2532,90,,84,18,,,B
338469000,2024-08-31T18:38:58,24.45710,-81.87882,0.1,360.0,511.0,ALEX CHOUEST,IMO9132337,WCZ2532,90,,84,18,,,B
338469000,2024-08-31T18:41:58,24.45710,-81.87881,0.1,360.0,511.0,ALEX CHOUEST,IMO9132337,WCZ2532,90,,84,18,,,B
338469000,2024-08-31T18:44:58,24.45708,-81.87878,0.0,360.0,511.0,ALEX CHOUEST,IMO9132337,WCZ2532,90,,84,18,,,B
338469000,2024-08-31T18:47:59,24.45707,-81.87878,0.1,360.0,511.0,ALEX CHOUEST,IMO9132337,WCZ2532,90,,84,18,,,B
338469000,2024-08-31T18:51:09,24.45708,-81.87878,0.1,360.0,511.0,ALEX CHOUEST,IMO9132337,WCZ2532,90,,84,18,,,B
338469000,2024-08-31T18:54:41,24.45708,-81.87879,0.1,360.0,511.0,ALEX CHOUEST,IMO9132337,WCZ2532,90,,84,18,,,B
338469000,2024-08-31T18:57:10,24.45707,-81.87880,0.0,360.0,511.0,ALEX CHOUEST,IMO9132337,WCZ2532,90,,84,18,,,B
338469000,2024-08-31T19:00:27,24.45707,-81.87878,0.2,360.0,511.0,ALEX CHOUEST,IMO9132337,WCZ2532,90,,84,18,,,B
338469000,2024-08-31T19:06:12,24.45710,-81.87880,0.2,360.0,511.0,ALEX CHOUEST,IMO9132337,WCZ2532,90,,84,18,,,B
338469000,2024-08-31T19:09:35,24.45711,-81.87879,0.1,360.0,511.0,ALEX CHOUEST,IMO9132337,WCZ2532,90,,84,18,,,B
338469000,2024-08-31T19:12:28,24.45710,-81.87880,0.0,360.0,511.0,ALEX CHOUEST,IMO9132337,WCZ2532,90,,84,18,,,B
338469000,2024-08-31T19:15:17,24.45710,-81.87879,0.1,360.0,511.0,ALEX CHOUEST,IMO9132337,WCZ2532,90,,84,18,,,B
338469000,2024-08-31T19:18:28,24.45704,-81.87881,0.1,360.0,511.0,ALEX CHOUEST,IMO9132337,WCZ2532,90,,84,18,,,B
338469000,2024-08-31T19:21:19,24.45714,-81.87883,1.2,7.2,511.0,ALEX CHOUEST,IMO9132337,WCZ2532,90,,84,18,,,B
338469000,2024-08-31T19:24:27,24.45921,-81.87527,9.4,52.5,511.0,ALEX CHOUEST,IMO9132337,WCZ2532,90,,84,18,,,B
338469000,2024-08-31T19:25:59,24.46177,-81.87139,11.4,55.4,511.0,ALEX CHOUEST,IMO9132337,WCZ2532,90,,84,18,,,B
368248910,2024-05-19T19:32:29,24.43361,-81.88191,32.8,57.5,53.0,REEL WHEELS III,,WDM9036,37,0,27,7,0.0,37,A
368248910,2024-05-19T19:33:31,24.43902,-81.87315,33.6,52.6,49.0,REEL WHEELS III,,WDM9036,37,0,27,7,0.0,37,A
368248910,2024-05-19T19:34:33,24.44463,-81.86468,33.4,59.1,55.0,REEL WHEELS III,,WDM9036,37,0,27,7,0.0,37,A
368248910,2024-09-11T15:16:57,24.43627,-81.89724,7.8,22.1,11.0,REEL WHEELS III,,WDM9036,37,0,27,7,0.0,37,A
338380000,2024-05-18T15:11:02,24.46183,-81.85925,10.3,221.4,511.0,TERALANI 2,,WDA2147,36,,20,11,,,B
338380000,2024-05-18T15:13:34,24.45645,-81.86005,5.5,173.0,511.0,TERALANI 2,,WDA2147,36,,20,11,,,B
338380000,2024-05-18T15:16:40,24.45625,-81.85997,3.1,13.6,511.0,TERALANI 2,,WDA2147,36,,20,11,,,B
338380000,2024-05-18T15:17:47,24.45553,-81.85978,4.7,179.5,511.0,TERALANI 2,,WDA2147,36,,20,11,,,B
338380000,2024-05-18T15:21:15,24.45548,-81.85972,0.7,0.0,511.0,TERALANI 2,,WDA2147,36,,20,11,,,B
338380000,2024-05-18T15:24:15,24.45550,-81.85968,0.7,75.6,511.0,TERALANI 2,,WDA2147,36,,20,11,,,B
338380000,2024-05-18T15:27:15,24.45550,-81.85968,0.7,239.1,511.0,TERALANI 2,,WDA2147,36,,20,11,,,B
338380000,2024-05-18T15:30:17,24.45550,-81.85967,0.7,0.0,511.0,TERALANI 2,,WDA2147,36,,20,11,,,B
338380000,2024-05-18T15:33:18,24.45550,-81.85967,0.7,0.0,511.0,TERALANI 2,,WDA2147,36,,20,11,,,B
338380000,2024-05-18T15:36:19,24.45550,-81.85965,0.7,0.0,511.0,TERALANI 2,,WDA2147,36,,20,11,,,B
338380000,2024-05-18T15:39:18,24.45550,-81.85967,0.7,0.0,511.0,TERALANI 2,,WDA2147,36,,20,11,,,B
338380000,2024-05-18T15:49:27,24.45552,-81.85972,0.7,0.0,511.0,TERALANI 2,,WDA2147,36,,20,11,,,B
338380000,2024-05-18T15:52:25,24.45552,-81.85970,0.7,0.0,511.0,TERALANI 2,,WDA2147,36,,20,11,,,B
338380000,2024-05-18T15:55:27,24.45552,-81.85970,0.7,0.0,511.0,TERALANI 2,,WDA2147,36,,20,11,,,B
338380000,2024-05-18T15:58:26,24.45560,-81.85968,3.1,349.9,511.0,TERALANI 2,,WDA2147,36,,20,11,,,B
338380000,2024-05-18T15:59:28,24.45538,-81.86042,6.3,299.2,511.0,TERALANI 2,,WDA2147,36,,20,11,,,B
338380000,2024-05-18T16:00:28,24.45785,-81.86035,11.1,18.8,511.0,TERALANI 2,,WDA2147,36,,20,11,,,B
338380000,2024-05-18T19:18:03,24.46800,-81.87655,10.3,222.9,511.0,TERALANI 2,,WDA2147,36,,20,11,,,B
338380000,2024-05-18T19:19:06,24.46548,-81.87815,10.3,207.2,511.0,TERALANI 2,,WDA2147,36,,20,11,,,B
338380000,2024-05-18T19:20:35,24.46192,-81.88045,10.3,200.4,511.0,TERALANI 2,,WDA2147,36,,20,11,,,B
338380000,2024-05-18T19:21:37,24.45922,-81.88098,10.3,186.3,511.0,TERALANI 2,,WDA2147,36,,20,11,,,B
338380000,2024-05-18T19:23:06,24.45523,-81.88078,9.5,166.8,511.0,TERALANI 2,,WDA2147,36,,20,11,,,B
338380000,2024-05-18T19:24:07,24.45335,-81.88012,6.3,156.7,511.0,TERALANI 2,,WDA2147,36,,20,11,,,B
338380000,2024-05-18T19:28:08,24.45268,-81.87968,0.7,0.0,511.0,TERALANI 2,,WDA2147,36,,20,11,,,B
338380000,2024-05-18T19:31:07,24.45270,-81.87962,0.7,273.8,511.0,TERALANI 2,,WDA2147,36,,20,11,,,B
338380000,2024-05-18T19:34:08,24.45270,-81.87963,0.7,0.0,511.0,TERALANI 2,,WDA2147,36,,20,11,,,B
338380000,2024-05-18T19:37:08,24.45270,-81.87963,0.7,0.0,511.0,TERALANI 2,,WDA2147,36,,20,11,,,B
338380000,2024-05-18T19:40:08,24.45270,-81.87962,0.7,0.0,511.0,TERALANI 2,,WDA2147,36,,20,11,,,B
338380000,2024-05-18T19:46:07,24.45270,-81.87962,0.7,0.0,511.0,TERALANI 2,,WDA2147,36,,20,11,,,B
338380000,2024-05-18T19:52:07,24.45270,-81.87960,0.7,0.0,511.0,TERALANI 2,,WDA2147,36,,20,11,,,B
338380000,2024-05-18T19:55:10,24.45270,-81.87960,0.7,0.0,511.0,TERALANI 2,,WDA2147,36,,20,11,,,B
338380000,2024-05-18T19:58:12,24.45268,-81.87962,0.7,0.0,511.0,TERALANI 2,,WDA2147,36,,20,11,,,B
338380000,2024-05-18T20:01:11,24.45268,-81.87962,0.7,0.0,511.0,TERALANI 2,,WDA2147,36,,20,11,,,B
338380000,2024-05-18T20:04:09,24.45268,-81.87960,0.7,0.0,511.0,TERALANI 2,,WDA2147,36,,20,11,,,B
338380000,2024-05-18T20:07:09,24.45265,-81.87960,0.7,0.0,511.0,TERALANI 2,,WDA2147,36,,20,11,,,B
338380000,2024-05-18T20:10:11,24.45265,-81.87962,0.7,0.0,511.0,TERALANI 2,,WDA2147,36,,20,11,,,B
338380000,2024-05-18T20:13:09,24.45267,-81.87965,0.7,0.0,511.0,TERALANI 2,,WDA2147,36,,20,11,,,B
338380000,2024-05-18T20:16:12,24.45268,-81.87968,0.7,0.0,511.0,TERALANI 2,,WDA2147,36,,20,11,,,B
338380000,2024-05-18T20:19:11,24.45268,-81.87967,0.7,0.0,511.0,TERALANI 2,,WDA2147,36,,20,11,,,B
338380000,2024-05-18T20:22:10,24.45268,-81.87970,0.7,0.0,511.0,TERALANI 2,,WDA2147,36,,20,11,,,B
338380000,2024-05-18T20:25:11,24.45268,-81.87972,0.7,0.0,511.0,TERALANI 2,,WDA2147,36,,20,11,,,B
338380000,2024-05-18T20:28:13,24.45268,-81.87970,0.7,0.0,511.0,TERALANI 2,,WDA2147,36,,20,11,,,B
338380000,2024-05-18T20:31:15,24.45268,-81.87970,0.7,0.0,511.0,TERALANI 2,,WDA2147,36,,20,11,,,B
338380000,2024-05-18T20:33:49,24.45287,-81.88017,4.7,278.4,511.0,TERALANI 2,,WDA2147,36,,20,11,,,B
338380000,2024-05-18T20:34:50,24.45370,-81.88050,10.3,350.5,511.0,TERALANI 2,,WDA2147,36,,20,11,,,B
338380000,2024-05-18T20:35:52,24.45663,-81.88087,10.3,355.4,511.0,TERALANI 2,,WDA2147,36,,20,11,,,B
338380000,2024-05-18T20:36:53,24.45962,-81.88083,10.3,13.5,511.0,TERALANI 2,,WDA2147,36,,20,11,,,B
338380000,2024-05-18T20:38:24,24.46362,-81.87880,11.9,27.2,511.0,TERALANI 2,,WDA2147,36,,20,11,,,B
338380000,2024-05-18T20:39:25,24.46617,-81.87720,11.1,24.2,511.0,TERALANI 2,,WDA2147,36,,20,11,,,B
338380000,2024-05-19T15:05:49,24.46655,-81.86530,11.1,205.6,511.0,TERALANI 2,,WDA2147,36,,20,11,,,B
338380000,2024-05-19T15:07:20,24.46258,-81.86743,10.3,206.4,511.0,TERALANI 2,,WDA2147,36,,20,11,,,B
338380000,2024-05-19T15:08:51,24.45862,-81.86963,11.1,206.6,511.0,TERALANI 2,,WDA2147,36,,20,11,,,B
338380000,2024-05-19T15:09:53,24.45610,-81.87147,11.1,217.5,511.0,TERALANI 2,,WDA2147,36,,20,11,,,B
338380000,2024-05-19T15:11:22,24.45365,-81.87290,7.1,152.3,511.0,TERALANI 2,,WDA2147,36,,20,11,,,B
338380000,2024-05-19T15:12:27,24.45287,-81.87340,3.1,298.8,511.0,TERALANI 2,,WDA2147,36,,20,11,,,B
338380000,2024-05-19T15:15:55,24.45290,-81.87332,5.5,54.5,511.0,TERALANI 2,,WDA2147,36,,20,11,,,B
338380000,2024-05-19T15:17:57,24.45365,-81.87362,2.3,222.8,511.0,TERALANI 2,,WDA2147,36,,20,11,,,B
338380000,2024-05-19T15:27:01,24.45342,-81.87357,0.7,325.4,511.0,TERALANI 2,,WDA2147,36,,20,11,,,B
338380000,2024-05-19T15:30:00,24.45342,-81.87357,0.7,0.0,511.0,TERALANI 2,,WDA2147,36,,20,11,,,B
338380000,2024-05-19T15:33:01,24.45340,-81.87358,0.7,0.0,511.0,TERALANI 2,,WDA2147,36,,20,11,,,B
338380000,2024-05-19T15:36:00,24.45340,-81.87358,0.7,0.0,511.0,TERALANI 2,,WDA2147,36,,20,11,,,B
338380000,2024-05-19T15:39:00,24.45343,-81.87358,0.7,0.0,511.0,TERALANI 2,,WDA2147,36,,20,11,,,B
338380000,2024-05-19T15:46:11,24.45350,-81.87355,0.7,139.9,511.0,TERALANI 2,,WDA2147,36,,20,11,,,B
338380000,2024-05-19T15:49:08,24.45353,-81.87352,0.7,0.0,511.0,TERALANI 2,,WDA2147,36,,20,11,,,B
338380000,2024-05-19T15:52:09,24.45355,-81.87352,0.7,0.0,511.0,TERALANI 2,,WDA2147,36,,20,11,,,B
338380000,2024-05-19T15:58:10,24.45357,-81.87352,0.7,0.0,511.0,TERALANI 2,,WDA2147,36,,20,11,,,B
338380000,2024-05-19T16:02:04,24.45357,-81.87297,3.9,74.4,511.0,TERALANI 2,,WDA2147,36,,20,11,,,B
338380000,2024-05-19T16:03:37,24.45355,-81.87120,9.5,68.0,511.0,TERALANI 2,,WDA2147,36,,20,11,,,B
338380000,2024-05-19T16:06:08,24.45337,-81.86345,11.1,94.9,511.0,TERALANI 2,,WDA2147,36,,20,11,,,B
338380000,2024-05-19T16:07:09,24.45292,-81.86015,11.1,87.0,511.0,TERALANI 2,,WDA2147,36,,20,11,,,B
338380000,2024-05-22T15:07:14,24.46402,-81.88028,11.1,208.1,511.0,TERALANI 2,,WDA2147,36,,20,11,,,B
338380000,2024-05-22T15:08:44,24.45980,-81.88188,11.1,188.5,511.0,TERALANI 2,,WDA2147,36,,20,11,,,B
338380000,2024-05-22T15:10:15,24.45537,-81.88225,11.1,170.9,511.0,TERALANI 2,,WDA2147,36,,20,11,,,B
338380000,2024-05-22T15:11:47,24.45252,-81.88027,5.5,113.7,511.0,TERALANI 2,,WDA2147,36,,20,11,,,B
338380000,2024-05-22T15:18:17,24.45245,-81.87990,0.7,0.0,511.0,TERALANI 2,,WDA2147,36,,20,11,,,B
338380000,2024-05-22T15:21:15,24.45248,-81.87988,0.7,0.0,511.0,TERALANI 2,,WDA2147,36,,20,11,,,B
338380000,2024-05-22T15:24:16,24.45252,-81.87987,0.7,0.0,511.0,TERALANI 2,,WDA2147,36,,20,11,,,B
338380000,2024-05-22T15:27:15,24.45253,-81.87987,0.7,0.0,511.0,TERALANI 2,,WDA2147,36,,20,11,,,B
338380000,2024-05-22T15:30:15,24.45253,-81.87987,0.7,0.0,511.0,TERALANI 2,,WDA2147,36,,20,11,,,B
338380000,2024-05-22T15:33:18,24.45255,-81.87987,0.7,0.0,511.0,TERALANI 2,,WDA2147,36,,20,11,,,B
338380000,2024-05-22T15:36:18,24.45257,-81.87987,0.7,189.9,511.0,TERALANI 2,,WDA2147,36,,20,11,,,B
338380000,2024-05-22T15:42:19,24.45252,-81.87992,0.7,0.0,511.0,TERALANI 2,,WDA2147,36,,20,11,,,B
338380000,2024-05-22T15:48:18,24.45252,-81.87993,0.7,0.0,511.0,TERALANI 2,,WDA2147,36,,20,11,,,B
338380000,2024-05-22T15:51:19,24.45252,-81.87993,0.7,0.0,511.0,TERALANI 2,,WDA2147,36,,20,11,,,B
338380000,2024-05-22T15:54:21,24.45252,-81.87993,0.7,0.0,511.0,TERALANI 2,,WDA2147,36,,20,11,,,B
338380000,2024-05-22T15:57:20,24.45252,-81.87993,0.7,0.0,511.0,TERALANI 2,,WDA2147,36,,20,11,,,B
338380000,2024-05-22T16:01:10,24.45262,-81.88038,3.1,289.3,511.0,TERALANI 2,,WDA2147,36,,20,11,,,B
338380000,2024-05-22T16:02:31,24.45075,-81.87965,10.3,114.9,511.0,TERALANI 2,,WDA2147,36,,20,11,,,B
338380000,2024-05-22T16:04:00,24.45143,-81.87515,10.3,82.0,511.0,TERALANI 2,,WDA2147,36,,20,11,,,B
338380000,2024-05-22T16:05:04,24.45268,-81.87225,10.3,56.2,511.0,TERALANI 2,,WDA2147,36,,20,11,,,B
338380000,2024-05-22T16:07:04,24.45475,-81.86650,10.3,83.4,511.0,TERALANI 2,,WDA2147,36,,20,11,,,B
338380000,2024-05-22T16:08:38,24.45477,-81.86165,9.5,89.2,511.0,TERALANI 2,,WDA2147,36,,20,11,,,B
338380000,2024-05-22T16:09:40,24.45483,-81.86010,3.1,83.5,511.0,TERALANI 2,,WDA2147,36,,20,11,,,B
338380000,2024-05-22T16:13:10,24.45487,-81.85988,0.7,0.0,511.0,TERALANI 2,,WDA2147,36,,20,11,,,B
338380000,2024-05-22T16:19:11,24.45497,-81.85988,0.7,0.0,511.0,TERALANI 2,,WDA2147,36,,20,11,,,B
338380000,2024-05-22T16:25:11,24.45498,-81.85990,0.7,0.0,511.0,TERALANI 2,,WDA2147,36,,20,11,,,B
338380000,2024-05-22T16:28:12,24.45497,-81.85992,0.7,214.5,511.0,TERALANI 2,,WDA2147,36,,20,11,,,B
338380000,2024-05-22T16:31:17,24.45493,-81.85992,0.7,353.1,511.0,TERALANI 2,,WDA2147,36,,20,11,,,B
338380000,2024-05-22T16:34:14,24.45497,-81.85992,0.7,0.0,511.0,TERALANI 2,,WDA2147,36,,20,11,,,B
338380000,2024-05-22T16:37:15,24.45498,-81.85992,0.7,215.3,511.0,TERALANI 2,,WDA2147,36,,20,11,,,B
338380000,2024-05-22T16:40:16,24.45493,-81.85993,0.7,0.0,511.0,TERALANI 2,,WDA2147,36,,20,11,,,B
338380000,2024-05-22T16:43:14,24.45493,-81.85993,0.7,0.0,511.0,TERALANI 2,,WDA2147,36,,20,11,,,B
338380000,2024-05-22T16:46:16,24.45493,-81.85993,0.7,0.0,511.0,TERALANI 2,,WDA2147,36,,20,11,,,B
338380000,2024-05-22T16:49:16,24.45492,-81.85993,0.7,17.7,511.0,TERALANI 2,,WDA2147,36,,20,11,,,B
338380000,2024-05-22T16:52:18,24.45493,-81.85993,0.7,5.2,511.0,TERALANI 2,,WDA2147,36,,20,11,,,B
338380000,2024-05-22T16:55:18,24.45495,-81.85993,0.7,0.0,511.0,TERALANI 2,,WDA2147,36,,20,11,,,B
338380000,2024-05-22T16:56:40,24.45488,-81.86022,0.7,0.0,511.0,TERALANI 2,,WDA2147,36,,20,11,,,B
338380000,2024-05-22T16:58:01,24.45732,-81.86135,10.3,0.7,511.0,TERALANI 2,,WDA2147,36,,20,11,,,B
338380000,2024-05-22T16:59:02,24.45995,-81.86035,9.5,24.8,511.0,TERALANI 2,,WDA2147,36,,20,11,,,B
338380000,2024-05-22T17:00:03,24.46248,-81.85908,10.3,27.3,511.0,TERALANI 2,,WDA2147,36,,20,11,,,B
338380000,2024-05-22T19:09:15,24.46363,-81.85963,11.1,203.4,511.0,TERALANI 2,,WDA2147,36,,20,11,,,B
338380000,2024-05-22T19:10:44,24.45962,-81.86122,11.1,195.2,511.0,TERALANI 2,,WDA2147,36,,20,11,,,B
338380000,2024-05-22T19:11:45,24.45680,-81.86150,10.3,166.7,511.0,TERALANI 2,,WDA2147,36,,20,11,,,B
338380000,2024-05-22T19:19:17,24.45530,-81.85995,0.7,0.0,511.0,TERALANI 2,,WDA2147,36,,20,11,,,B
338380000,2024-05-22T19:22:17,24.45533,-81.85995,0.7,0.0,511.0,TERALANI 2,,WDA2147,36,,20,11,,,B
338380000,2024-05-22T19:28:18,24.45530,-81.85997,0.7,0.0,511.0,TERALANI 2,,WDA2147,36,,20,11,,,B
338380000,2024-05-22T19:31:17,24.45532,-81.85995,0.7,0.0,511.0,TERALANI 2,,WDA2147,36,,20,11,,,B
338380000,2024-05-22T19:34:19,24.45530,-81.85995,0.7,0.0,511.0,TERALANI 2,,WDA2147,36,,20,11,,,B
338380000,2024-05-22T19:37:22,24.45530,-81.85995,0.7,0.0,511.0,TERALANI 2,,WDA2147,36,,20,11,,,B
338380000,2024-05-22T19:40:20,24.45532,-81.85993,0.7,0.0,511.0,TERALANI 2,,WDA2147,36,,20,11,,,B
338380000,2024-05-22T19:46:19,24.45532,-81.85993,0.7,0.0,511.0,TERALANI 2,,WDA2147,36,,20,11,,,B
338380000,2024-05-22T19:49:20,24.45532,-81.85993,0.7,0.0,511.0,TERALANI 2,,WDA2147,36,,20,11,,,B
338380000,2024-05-22T19:52:20,24.45532,-81.85993,0.7,0.0,511.0,TERALANI 2,,WDA2147,36,,20,11,,,B
338380000,2024-05-22T19:55:19,24.45530,-81.85993,0.7,0.0,511.0,TERALANI 2,,WDA2147,36,,20,11,,,B
338380000,2024-05-22T19:58:20,24.45530,-81.85993,0.7,0.0,511.0,TERALANI 2,,WDA2147,36,,20,11,,,B
338380000,2024-05-22T20:01:20,24.45530,-81.85993,0.7,0.0,511.0,TERALANI 2,,WDA2147,36,,20,11,,,B
338380000,2024-05-22T20:07:21,24.45530,-81.85993,0.7,0.0,511.0,TERALANI 2,,WDA2147,36,,20,11,,,B
338380000,2024-05-22T20:10:23,24.45528,-81.85993,0.7,0.0,511.0,TERALANI 2,,WDA2147,36,,20,11,,,B
338380000,2024-05-22T20:13:21,24.45527,-81.85993,0.7,0.0,511.0,TERALANI 2,,WDA2147,36,,20,11,,,B
338380000,2024-05-22T20:16:22,24.45528,-81.85992,0.7,0.0,511.0,TERALANI 2,,WDA2147,36,,20,11,,,B
338380000,2024-05-22T20:19:22,24.45530,-81.85992,0.7,0.0,511.0,TERALANI 2,,WDA2147,36,,20,11,,,B
338380000,2024-05-22T20:22:23,24.45530,-81.85993,0.7,0.0,511.0,TERALANI 2,,WDA2147,36,,20,11,,,B
338380000,2024-05-22T20:25:22,24.45530,-81.85993,0.7,0.0,511.0,TERALANI 2,,WDA2147,36,,20,11,,,B
338380000,2024-05-22T20:30:40,24.45523,-81.86032,2.3,224.1,511.0,TERALANI 2,,WDA2147,36,,20,11,,,B
338380000,2024-05-22T20:31:56,24.45737,-81.86135,10.3,3.7,511.0,TERALANI 2,,WDA2147,36,,20,11,,,B
338380000,2024-05-22T20:33:00,24.46010,-81.86027,10.3,17.8,511.0,TERALANI 2,,WDA2147,36,,20,11,,,B
338380000,2024-05-22T20:34:28,24.46400,-81.85868,10.3,20.9,511.0,TERALANI 2,,WDA2147,36,,20,11,,,B
367490230,2024-05-24T23:18:52,24.46822,-81.87520,9.1,230.2,230.0,YANKEE CAPTS,,WDF7989,30,,31,6,,,B
367490230,2024-05-24T23:20:22,24.46574,-81.87840,9.1,229.9,231.0,YANKEE CAPTS,,WDF7989,30,,31,6,,,B
367490230,2024-05-24T23:21:52,24.46323,-81.88154,9.0,230.8,230.0,YANKEE CAPTS,,WDF7989,30,,31,6,,,B
367490230,2024-05-24T23:23:21,24.46079,-81.88461,8.8,229.2,231.0,YANKEE CAPTS,,WDF7989,30,,31,6,,,B
367490230,2024-05-24T23:24:50,24.45835,-81.88770,9.0,229.1,230.0,YANKEE CAPTS,,WDF7989,30,,31,6,,,B
367490230,2024-05-24T23:26:22,24.45589,-81.89086,9.0,229.0,230.0,YANKEE CAPTS,,WDF7989,30,,31,6,,,B
367490230,2024-05-24T23:27:52,24.45308,-81.89286,7.5,139.7,138.0,YANKEE CAPTS,,WDF7989,30,,31,6,,,B
367490230,2024-05-24T23:29:21,24.45034,-81.89175,9.0,206.2,207.0,YANKEE CAPTS,,WDF7989,30,,31,6,,,B
367490230,2024-05-24T23:30:51,24.44701,-81.89369,9.2,208.7,209.0,YANKEE CAPTS,,WDF7989,30,,31,6,,,B
367490230,2024-05-24T23:32:21,24.44366,-81.89579,9.1,208.8,210.0,YANKEE CAPTS,,WDF7989,30,,31,6,,,B
367490230,2024-05-24T23:33:51,24.44031,-81.89791,9.2,210.0,210.0,YANKEE CAPTS,,WDF7989,30,,31,6,,,B
338380000,2024-05-25T15:17:44,24.46745,-81.89417,11.1,236.2,511.0,TERALANI 2,,WDA2147,36,,20,11,,,B
338380000,2024-05-25T15:18:47,24.46562,-81.89695,11.1,225.3,511.0,TERALANI 2,,WDA2147,36,,20,11,,,B
338380000,2024-05-25T19:13:35,24.46597,-81.87815,11.1,214.3,511.0,TERALANI 2,,WDA2147,36,,20,11,,,B
338380000,2024-05-25T19:14:36,24.46340,-81.87992,11.1,209.7,511.0,TERALANI 2,,WDA2147,36,,20,11,,,B
338380000,2024-05-25T19:15:37,24.46052,-81.88103,11.1,192.6,511.0,TERALANI 2,,WDA2147,36,,20,11,,,B
338380000,2024-05-25T19:17:10,24.45608,-81.88108,11.1,166.7,511.0,TERALANI 2,,WDA2147,36,,20,11,,,B
338380000,2024-05-25T19:18:11,24.45408,-81.88043,5.5,172.5,511.0,TERALANI 2,,WDA2147,36,,20,11,,,B
338380000,2024-05-25T19:19:40,24.45227,-81.88135,5.5,114.2,511.0,TERALANI 2,,WDA2147,36,,20,11,,,B
338380000,2024-05-25T19:20:43,24.45228,-81.88028,0.7,123.1,511.0,TERALANI 2,,WDA2147,36,,20,11,,,B
338380000,2024-05-25T19:23:44,24.45222,-81.88037,0.7,0.0,511.0,TERALANI 2,,WDA2147,36,,20,11,,,B
338380000,2024-05-25T19:32:44,24.45233,-81.88030,0.7,0.0,511.0,TERALANI 2,,WDA2147,36,,20,11,,,B
338380000,2024-05-25T19:35:44,24.45235,-81.88028,0.7,0.0,511.0,TERALANI 2,,WDA2147,36,,20,11,,,B
338380000,2024-05-25T19:41:44,24.45230,-81.88022,0.7,138.8,511.0,TERALANI 2,,WDA2147,36,,20,11,,,B
338380000,2024-05-25T19:44:44,24.45233,-81.88020,0.7,0.0,511.0,TERALANI 2,,WDA2147,36,,20,11,,,B
338380000,2024-05-25T19:47:45,24.45235,-81.88023,0.7,0.0,511.0,TERALANI 2,,WDA2147,36,,20,11,,,B
338380000,2024-05-25T19:50:44,24.45237,-81.88027,0.7,0.0,511.0,TERALANI 2,,WDA2147,36,,20,11,,,B
338380000,2024-05-25T19:53:45,24.45240,-81.88030,0.7,0.0,511.0,TERALANI 2,,WDA2147,36,,20,11,,,B
338380000,2024-05-25T19:56:46,24.45242,-81.88035,0.7,0.0,511.0,TERALANI 2,,WDA2147,36,,20,11,,,B
338380000,2024-05-25T19:59:46,24.45245,-81.88033,0.7,0.0,511.0,TERALANI 2,,WDA2147,36,,20,11,,,B
338380000,2024-05-25T20:02:46,24.45247,-81.88028,0.7,0.0,511.0,TERALANI 2,,WDA2147,36,,20,11,,,B
338380000,2024-05-25T20:05:47,24.45248,-81.88022,0.7,0.0,511.0,TERALANI 2,,WDA2147,36,,20,11,,,B
338380000,2024-05-25T20:08:47,24.45253,-81.88022,0.7,0.0,511.0,TERALANI 2,,WDA2147,36,,20,11,,,B
338380000,2024-05-25T20:11:46,24.45252,-81.88027,0.7,0.0,511.0,TERALANI 2,,WDA2147,36,,20,11,,,B
338380000,2024-05-25T20:17:51,24.45253,-81.88027,0.7,0.0,511.0,TERALANI 2,,WDA2147,36,,20,11,,,B
338380000,2024-05-25T20:20:49,24.45253,-81.88020,0.7,0.0,511.0,TERALANI 2,,WDA2147,36,,20,11,,,B
338380000,2024-05-25T20:23:47,24.45255,-81.88017,0.7,0.0,511.0,TERALANI 2,,WDA2147,36,,20,11,,,B
338380000,2024-05-25T20:26:30,24.45288,-81.88047,3.1,293.2,511.0,TERALANI 2,,WDA2147,36,,20,11,,,B
338380000,2024-05-25T20:27:52,24.45352,-81.88088,10.3,357.6,511.0,TERALANI 2,,WDA2147,36,,20,11,,,B
338380000,2024-05-25T20:28:55,24.45642,-81.88083,10.3,9.9,511.0,TERALANI 2,,WDA2147,36,,20,11,,,B
338380000,2024-05-25T20:29:57,24.45923,-81.88103,10.3,2.3,511.0,TERALANI 2,,WDA2147,36,,20,11,,,B
338380000,2024-05-25T20:31:26,24.46315,-81.87977,10.3,34.4,511.0,TERALANI 2,,WDA2147,36,,20,11,,,B
338380000,2024-05-25T20:32:28,24.46558,-81.87807,10.3,31.0,511.0,TERALANI 2,,WDA2147,36,,20,11,,,B
338380000,2024-05-25T20:33:31,24.46805,-81.87647,10.3,31.2,511.0,TERALANI 2,,WDA2147,36,,20,11,,,B
338380000,2024-05-26T15:15:00,24.46375,-81.85920,10.3,211.3,511.0,TERALANI 2,,WDA2147,36,,20,11,,,B
338380000,2024-05-26T15:16:31,24.45997,-81.86113,10.3,192.3,511.0,TERALANI 2,,WDA2147,36,,20,11,,,B
338380000,2024-05-26T15:17:32,24.45715,-81.86140,10.3,169.0,511.0,TERALANI 2,,WDA2147,36,,20,11,,,B
338380000,2024-05-26T15:19:02,24.45535,-81.85987,3.1,121.3,511.0,TERALANI 2,,WDA2147,36,,20,11,,,B
338380000,2024-05-26T15:22:03,24.45540,-81.85988,0.7,77.4,511.0,TERALANI 2,,WDA2147,36,,20,11,,,B
338380000,2024-05-26T15:25:04,24.45545,-81.85985,0.7,0.0,511.0,TERALANI 2,,WDA2147,36,,20,11,,,B
338380000,2024-05-26T15:28:03,24.45543,-81.85987,0.7,0.0,511.0,TERALANI 2,,WDA2147,36,,20,11,,,B
338380000,2024-05-26T15:31:04,24.45543,-81.85988,0.7,0.0,511.0,TERALANI 2,,WDA2147,36,,20,11,,,B
338380000,2024-05-26T15:40:05,24.45547,-81.85982,0.7,65.9,511.0,TERALANI 2,,WDA2147,36,,20,11,,,B
338380000,2024-05-26T15:43:04,24.45547,-81.85980,0.7,0.0,511.0,TERALANI 2,,WDA2147,36,,20,11,,,B
338380000,2024-05-26T15:46:05,24.45547,-81.85982,0.7,0.0,511.0,TERALANI 2,,WDA2147,36,,20,11,,,B
338380000,2024-05-26T15:49:05,24.45547,-81.85982,0.7,0.0,511.0,TERALANI 2,,WDA2147,36,,20,11,,,B
338380000,2024-05-26T15:52:05,24.45547,-81.85982,0.7,0.0,511.0,TERALANI 2,,WDA2147,36,,20,11,,,B
338380000,2024-05-26T15:55:05,24.45548,-81.85982,0.7,0.0,511.0,TERALANI 2,,WDA2147,36,,20,11,,,B
338380000,2024-05-26T15:58:05,24.45545,-81.85983,0.7,0.0,511.0,TERALANI 2,,WDA2147,36,,20,11,,,B
338380000,2024-05-26T16:01:08,24.45547,-81.85982,0.7,0.0,511.0,TERALANI 2,,WDA2147,36,,20,11,,,B
338380000,2024-05-26T16:05:26,24.45472,-81.86013,8.7,183.1,511.0,TERALANI 2,,WDA2147,36,,20,11,,,B
338380000,2024-05-26T19:12:49,24.46250,-81.85973,10.3,204.5,511.0,TERALANI 2,,WDA2147,36,,20,11,,,B
338380000,2024-05-26T19:14:52,24.45707,-81.86152,10.3,165.1,511.0,TERALANI 2,,WDA2147,36,,20,11,,,B
338380000,2024-05-26T19:16:20,24.45528,-81.85987,3.1,109.8,511.0,TERALANI 2,,WDA2147,36,,20,11,,,B
338380000,2024-05-26T19:19:19,24.45523,-81.85995,0.7,0.0,511.0,TERALANI 2,,WDA2147,36,,20,11,,,B
338380000,2024-05-26T19:22:20,24.45528,-81.85993,0.7,0.0,511.0,TERALANI 2,,WDA2147,36,,20,11,,,B
338380000,2024-05-26T19:28:23,24.45537,-81.85992,0.7,0.0,511.0,TERALANI 2,,WDA2147,36,,20,11,,,B
338380000,2024-05-26T19:31:22,24.45538,-81.85990,0.7,0.0,511.0,TERALANI 2,,WDA2147,36,,20,11,,,B
338380000,2024-05-26T19:34:22,24.45538,-81.85990,0.7,0.0,511.0,TERALANI 2,,WDA2147,36,,20,11,,,B
338380000,2024-05-26T19:37:24,24.45540,-81.85990,0.7,0.0,511.0,TERALANI 2,,WDA2147,36,,20,11,,,B
338380000,2024-05-26T19:40:23,24.45540,-81.85988,0.7,0.0,511.0,TERALANI 2,,WDA2147,36,,20,11,,,B
338380000,2024-05-26T19:43:22,24.45542,-81.85988,0.7,0.0,511.0,TERALANI 2,,WDA2147,36,,20,11,,,B
338380000,2024-05-26T19:49:24,24.45543,-81.85987,0.7,0.0,511.0,TERALANI 2,,WDA2147,36,,20,11,,,B
338380000,2024-05-26T19:52:25,24.45543,-81.85987,0.7,0.0,511.0,TERALANI 2,,WDA2147,36,,20,11,,,B
338380000,2024-05-26T19:55:26,24.45543,-81.85985,0.7,0.0,511.0,TERALANI 2,,WDA2147,36,,20,11,,,B
338380000,2024-05-26T19:58:27,24.45543,-81.85985,0.7,0.0,511.0,TERALANI 2,,WDA2147,36,,20,11,,,B
338380000,2024-05-26T20:01:25,24.45543,-81.85985,0.7,0.0,511.0,TERALANI 2,,WDA2147,36,,20,11,,,B
338380000,2024-05-26T20:04:26,24.45543,-81.85985,0.7,0.0,511.0,TERALANI 2,,WDA2147,36,,20,11,,,B
338380000,2024-05-26T20:06:00,24.45543,-81.85985,0.7,0.0,511.0,TERALANI 2,,WDA2147,36,,20,11,,,B
338380000,2024-05-26T20:12:02,24.45543,-81.85985,0.7,0.0,511.0,TERALANI 2,,WDA2147,36,,20,11,,,B
338380000,2024-05-26T20:18:03,24.45543,-81.85985,0.7,0.0,511.0,TERALANI 2,,WDA2147,36,,20,11,,,B
338380000,2024-05-26T20:21:04,24.45545,-81.85985,0.7,0.0,511.0,TERALANI 2,,WDA2147,36,,20,11,,,B
338380000,2024-05-26T20:24:04,24.45545,-81.85985,0.7,0.0,511.0,TERALANI 2,,WDA2147,36,,20,11,,,B
338380000,2024-05-26T20:25:32,24.45553,-81.86032,3.9,278.0,511.0,TERALANI 2,,WDA2147,36,,20,11,,,B
338380000,2024-05-26T20:26:51,24.45618,-81.86093,9.5,339.2,511.0,TERALANI 2,,WDA2147,36,,20,11,,,B
338380000,2024-05-26T20:27:52,24.45877,-81.86088,10.3,21.3,511.0,TERALANI 2,,WDA2147,36,,20,11,,,B
338380000,2024-05-26T20:28:54,24.46128,-81.85965,10.3,21.7,511.0,TERALANI 2,,WDA2147,36,,20,11,,,B
338380000,2024-05-29T19:20:05,24.45438,-81.85997,2.3,336.3,511.0,TERALANI 2,,WDA2147,36,,20,11,,,B
338380000,2024-06-02T19:17:36,24.46197,-81.85970,10.3,209.4,511.0,TERALANI 2,,WDA2147,36,,20,11,,,B
338380000,2024-06-02T19:18:37,24.45938,-81.86100,10.3,198.2,511.0,TERALANI 2,,WDA2147,36,,20,11,,,B
338380000,2024-06-02T19:19:41,24.45655,-81.86133,9.5,158.0,511.0,TERALANI 2,,WDA2147,36,,20,11,,,B
338380000,2024-06-02T19:20:42,24.45528,-81.86007,3.1,111.1,511.0,TERALANI 2,,WDA2147,36,,20,11,,,B
338380000,2024-06-02T19:24:15,24.45523,-81.85993,0.7,0.0,511.0,TERALANI 2,,WDA2147,36,,20,11,,,B
338380000,2024-06-02T19:27:15,24.45527,-81.85993,0.7,0.0,511.0,TERALANI 2,,WDA2147,36,,20,11,,,B
338380000,2024-06-02T19:33:16,24.45532,-81.85993,0.7,0.0,511.0,TERALANI 2,,WDA2147,36,,20,11,,,B
338380000,2024-06-02T19:36:17,24.45530,-81.85995,0.7,0.0,511.0,TERALANI 2,,WDA2147,36,,20,11,,,B
338380000,2024-06-02T19:39:17,24.45528,-81.85995,0.7,331.8,511.0,TERALANI 2,,WDA2147,36,,20,11,,,B
338380000,2024-06-02T19:42:17,24.45530,-81.85995,0.7,0.0,511.0,TERALANI 2,,WDA2147,36,,20,11,,,B
338380000,2024-06-02T19:45:18,24.45532,-81.85995,0.7,353.1,511.0,TERALANI 2,,WDA2147,36,,20,11,,,B
338380000,2024-06-02T19:48:18,24.45532,-81.85995,0.7,0.0,511.0,TERALANI 2,,WDA2147,36,,20,11,,,B
338380000,2024-06-02T19:51:18,24.45530,-81.85997,0.7,0.0,511.0,TERALANI 2,,WDA2147,36,,20,11,,,B
338380000,2024-06-02T19:57:19,24.45528,-81.85997,0.7,0.0,511.0,TERALANI 2,,WDA2147,36,,20,11,,,B
338380000,2024-06-02T20:00:20,24.45527,-81.85997,0.7,0.0,511.0,TERALANI 2,,WDA2147,36,,20,11,,,B
338380000,2024-06-02T20:03:20,24.45528,-81.85997,0.7,0.0,511.0,TERALANI 2,,WDA2147,36,,20,11,,,B
338380000,2024-06-02T20:06:19,24.45528,-81.85997,0.7,0.0,511.0,TERALANI 2,,WDA2147,36,,20,11,,,B
338380000,2024-06-02T20:09:19,24.45528,-81.85998,0.7,0.0,511.0,TERALANI 2,,WDA2147,36,,20,11,,,B
338380000,2024-06-02T20:12:21,24.45530,-81.85998,0.7,0.0,511.0,TERALANI 2,,WDA2147,36,,20,11,,,B
338380000,2024-06-02T20:15:21,24.45528,-81.85998,0.7,74.7,511.0,TERALANI 2,,WDA2147,36,,20,11,,,B
338380000,2024-06-02T20:18:21,24.45528,-81.85998,0.7,0.0,511.0,TERALANI 2,,WDA2147,36,,20,11,,,B
338380000,2024-06-02T20:21:21,24.45530,-81.85998,0.7,0.0,511.0,TERALANI 2,,WDA2147,36,,20,11,,,B
338380000,2024-06-02T20:24:22,24.45525,-81.85998,0.7,0.0,511.0,TERALANI 2,,WDA2147,36,,20,11,,,B
338380000,2024-06-02T20:28:52,24.45512,-81.86030,1.5,196.6,511.0,TERALANI 2,,WDA2147,36,,20,11,,,B
338380000,2024-06-02T20:30:00,24.45712,-81.86128,10.3,345.1,511.0,TERALANI 2,,WDA2147,36,,20,11,,,B
338380000,2024-06-02T20:31:01,24.45992,-81.86063,10.3,16.4,511.0,TERALANI 2,,WDA2147,36,,20,11,,,B
338380000,2024-06-02T20:32:32,24.46395,-81.85910,11.1,23.1,511.0,TERALANI 2,,WDA2147,36,,20,11,,,B
368217520,2024-06-04T15:14:15,24.46753,-81.87671,28.2,236.6,511.0,SABRE STRONG,,WDM5608,37,,13,3,,,B
368217520,2024-06-04T15:15:20,24.46305,-81.88468,28.2,233.7,511.0,SABRE STRONG,,WDM5608,37,,13,3,,,B
368217520,2024-06-04T15:16:26,24.45766,-81.89199,28.2,235.6,511.0,SABRE STRONG,,WDM5608,37,,13,3,,,B
368217520,2024-06-04T18:55:14,24.45779,-81.89596,21.8,59.5,511.0,SABRE STRONG,,WDM5608,37,,13,3,,,B
368217520,2024-06-04T18:56:28,24.46138,-81.89003,17.5,48.2,511.0,SABRE STRONG,,WDM5608,37,,13,3,,,B
368217520,2024-06-04T18:57:43,24.46558,-81.88442,21.2,46.1,511.0,SABRE STRONG,,WDM5608,37,,13,3,,,B
368217520,2024-06-05T14:13:31,24.46585,-81.89545,25.5,259.4,511.0,SABRE STRONG,,WDM5608,37,,13,3,,,B
338380000,2024-06-05T15:05:57,24.46322,-81.85970,11.1,208.4,511.0,TERALANI 2,,WDA2147,36,,20,11,,,B
338380000,2024-06-05T15:08:28,24.45632,-81.86192,11.1,169.1,511.0,TERALANI 2,,WDA2147,36,,20,11,,,B
338380000,2024-06-05T15:10:01,24.45487,-81.85980,2.3,98.8,511.0,TERALANI 2,,WDA2147,36,,20,11,,,B
338380000,2024-06-05T15:13:00,24.45483,-81.85987,0.7,0.0,511.0,TERALANI 2,,WDA2147,36,,20,11,,,B
338380000,2024-06-05T15:16:01,24.45487,-81.85990,0.7,0.0,511.0,TERALANI 2,,WDA2147,36,,20,11,,,B
338380000,2024-06-05T15:19:02,24.45488,-81.85992,0.7,0.0,511.0,TERALANI 2,,WDA2147,36,,20,11,,,B
338380000,2024-06-05T15:22:03,24.45490,-81.85992,0.7,186.3,511.0,TERALANI 2,,WDA2147,36,,20,11,,,B
338380000,2024-06-05T15:25:03,24.45492,-81.85992,0.7,0.0,511.0,TERALANI 2,,WDA2147,36,,20,11,,,B
338380000,2024-06-05T15:34:03,24.45495,-81.85990,0.7,0.0,511.0,TERALANI 2,,WDA2147,36,,20,11,,,B
338380000,2024-06-05T15:37:04,24.45498,-81.85990,0.7,0.0,511.0,TERALANI 2,,WDA2147,36,,20,11,,,B
338380000,2024-06-05T15:43:03,24.45498,-81.85990,0.7,149.3,511.0,TERALANI 2,,WDA2147,36,,20,11,,,B
338380000,2024-06-05T15:46:05,24.45500,-81.85990,0.7,0.0,511.0,TERALANI 2,,WDA2147,36,,20,11,,,B
338380000,2024-06-05T15:49:06,24.45500,-81.85990,0.7,0.0,511.0,TERALANI 2,,WDA2147,36,,20,11,,,B
338380000,2024-06-05T15:55:05,24.45498,-81.85990,0.7,0.0,511.0,TERALANI 2,,WDA2147,36,,20,11,,,B
338380000,2024-06-05T15:58:07,24.45497,-81.85992,0.7,0.0,511.0,TERALANI 2,,WDA2147,36,,20,11,,,B
338380000,2024-06-05T15:59:08,24.45493,-81.86008,3.9,152.8,511.0,TERALANI 2,,WDA2147,36,,20,11,,,B
338380000,2024-06-05T16:00:07,24.45348,-81.85873,7.9,106.5,511.0,TERALANI 2,,WDA2147,36,,20,11,,,B
368217520,2024-06-05T18:41:04,24.45174,-81.89394,22.7,60.5,511.0,SABRE STRONG,,WDM5608,37,,13,3,,,B
368217520,2024-06-05T18:42:09,24.45612,-81.88858,21.7,45.8,511.0,SABRE STRONG,,WDM5608,37,,13,3,,,B
368217520,2024-06-05T18:43:14,24.46062,-81.88340,21.3,48.1,511.0,SABRE STRONG,,WDM5608,37,,13,3,,,B
368217520,2024-06-05T18:44:44,24.46471,-81.87470,21.4,67.2,511.0,SABRE STRONG,,WDM5608,37,,13,3,,,B
368217520,2024-06-05T18:45:45,24.46717,-81.86872,21.5,63.7,511.0,SABRE STRONG,,WDM5608,37,,13,3,,,B
368217520,2024-06-06T16:16:16,24.46521,-81.89377,21.4,66.0,511.0,SABRE STRONG,,WDM5608,37,,13,3,,,B
368217520,2024-06-06T16:17:30,24.46786,-81.88638,21.8,68.6,511.0,SABRE STRONG,,WDM5608,37,,13,3,,,B
368217520,2024-06-06T19:10:42,24.44018,-81.86157,6.7,245.3,511.0,SABRE STRONG,,WDM5608,37,,13,3,,,B
368217520,2024-06-06T19:12:10,24.43958,-81.86458,6.8,266.6,511.0,SABRE STRONG,,WDM5608,37,,13,3,,,B
368217520,2024-06-06T19:13:41,24.43915,-81.86778,6.3,243.7,511.0,SABRE STRONG,,WDM5608,37,,13,3,,,B
368217520,2024-06-06T19:15:09,24.43873,-81.87041,6.4,278.0,511.0,SABRE STRONG,,WDM5608,37,,13,3,,,B
368217520,2024-06-06T19:16:41,24.43890,-81.87310,5.1,267.2,511.0,SABRE STRONG,,WDM5608,37,,13,3,,,B
368217520,2024-06-06T19:18:09,24.43877,-81.87536,4.9,243.6,511.0,SABRE STRONG,,WDM5608,37,,13,3,,,B
368217520,2024-06-06T19:19:44,24.43790,-81.87762,5.2,263.3,511.0,SABRE STRONG,,WDM5608,37,,13,3,,,B
368217520,2024-06-06T19:21:12,24.43725,-81.87959,4.8,211.2,511.0,SABRE STRONG,,WDM5608,37,,13,3,,,B
368217520,2024-06-06T19:22:44,24.43537,-81.88044,4.8,210.2,511.0,SABRE STRONG,,WDM5608,37,,13,3,,,B
368217520,2024-06-06T19:24:12,24.43352,-81.88062,4.5,170.4,511.0,SABRE STRONG,,WDM5608,37,,13,3,,,B
368217520,2024-06-06T22:17:52,24.46555,-81.89389,23.8,70.8,511.0,SABRE STRONG,,WDM5608,37,,13,3,,,B
368217520,2024-06-06T22:18:57,24.46780,-81.88640,23.8,69.8,511.0,SABRE STRONG,,WDM5608,37,,13,3,,,B
368217520,2024-06-07T13:08:11,24.46632,-81.88655,25.0,230.3,511.0,SABRE STRONG,,WDM5608,37,,13,3,,,B
368217520,2024-06-07T13:09:26,24.46059,-81.89369,24.7,230.1,511.0,SABRE STRONG,,WDM5608,37,,13,3,,,B
368217520,2024-06-07T16:39:14,24.46607,-81.89742,26.0,57.6,511.0,SABRE STRONG,,WDM5608,37,,13,3,,,B
368217520,2024-06-07T18:22:47,24.46673,-81.87276,25.4,240.2,511.0,SABRE STRONG,,WDM5608,37,,13,3,,,B
368217520,2024-06-07T18:23:53,24.46278,-81.87987,25.0,238.8,511.0,SABRE STRONG,,WDM5608,37,,13,3,,,B
368217520,2024-06-07T18:25:02,24.45611,-81.88418,23.8,181.8,511.0,SABRE STRONG,,WDM5608,37,,13,3,,,B
368217520,2024-06-07T18:26:07,24.44924,-81.88297,21.1,137.4,511.0,SABRE STRONG,,WDM5608,37,,13,3,,,B
368217520,2024-06-07T18:27:13,24.44640,-81.87993,4.1,132.4,511.0,SABRE STRONG,,WDM5608,37,,13,3,,,B
368217520,2024-06-07T18:28:27,24.44588,-81.87929,1.0,116.1,511.0,SABRE STRONG,,WDM5608,37,,13,3,,,B
368217520,2024-06-07T18:29:43,24.44581,-81.87905,0.5,92.2,511.0,SABRE STRONG,,WDM5608,37,,13,3,,,B
368217520,2024-06-07T18:32:01,24.44505,-81.87823,6.1,152.3,511.0,SABRE STRONG,,WDM5608,37,,13,3,,,B
368217520,2024-06-07T18:33:31,24.44295,-81.87736,2.9,185.1,511.0,SABRE STRONG,,WDM5608,37,,13,3,,,B
368217520,2024-06-07T18:35:31,24.44254,-81.87733,0.4,360.0,511.0,SABRE STRONG,,WDM5608,37,,13,3,,,B
368217520,2024-06-07T18:40:53,24.44256,-81.87650,0.7,101.2,511.0,SABRE STRONG,,WDM5608,37,,13,3,,,B
368217520,2024-06-07T18:46:55,24.44264,-81.87548,0.4,360.0,511.0,SABRE STRONG,,WDM5608,37,,13,3,,,B
368217520,2024-06-07T18:52:57,24.44270,-81.87460,0.5,79.6,511.0,SABRE STRONG,,WDM5608,37,,13,3,,,B
368217520,2024-06-07T18:59:18,24.44296,-81.87355,0.5,360.0,511.0,SABRE STRONG,,WDM5608,37,,13,3,,,B
368217520,2024-06-07T19:05:15,24.44318,-81.87249,0.6,80.9,511.0,SABRE STRONG,,WDM5608,37,,13,3,,,B
368217520,2024-06-07T19:10:50,24.44337,-81.87152,0.5,360.0,511.0,SABRE STRONG,,WDM5608,37,,13,3,,,B
368217520,2024-06-07T19:17:12,24.44365,-81.87046,0.7,73.2,511.0,SABRE STRONG,,WDM5608,37,,13,3,,,B
368217520,2024-06-07T19:22:53,24.44394,-81.86962,0.6,67.9,511.0,SABRE STRONG,,WDM5608,37,,13,3,,,B
368217520,2024-06-07T19:29:09,24.44438,-81.86881,0.8,27.0,511.0,SABRE STRONG,,WDM5608,37,,13,3,,,B
368217520,2024-06-07T19:35:08,24.44482,-81.86802,0.3,360.0,511.0,SABRE STRONG,,WDM5608,37,,13,3,,,B
368217520,2024-06-07T19:40:47,24.44523,-81.86727,0.7,57.5,511.0,SABRE STRONG,,WDM5608,37,,13,3,,,B
368217520,2024-06-07T19:46:47,24.44574,-81.86635,0.6,52.0,511.0,SABRE STRONG,,WDM5608,37,,13,3,,,B
368217520,2024-06-07T19:50:18,24.44231,-81.86914,1.6,224.4,511.0,SABRE STRONG,,WDM5608,37,,13,3,,,B
368217520,2024-06-07T19:51:19,24.44219,-81.86925,0.3,360.0,511.0,SABRE STRONG,,WDM5608,37,,13,3,,,B
368217520,2024-06-07T19:58:01,24.44249,-81.86852,0.3,360.0,511.0,SABRE STRONG,,WDM5608,37,,13,3,,,B
368217520,2024-06-07T20:18:43,24.44378,-81.86617,2.6,344.0,511.0,SABRE STRONG,,WDM5608,37,,13,3,,,B
368217520,2024-06-07T20:20:14,24.44828,-81.86080,23.4,62.5,511.0,SABRE STRONG,,WDM5608,37,,13,3,,,B
338380000,2024-06-16T15:05:15,24.46028,-81.86040,10.3,204.6,511.0,TERALANI 2,,WDA2147,36,,20,11,,,B
338380000,2024-06-16T15:06:16,24.45763,-81.86155,10.3,183.6,511.0,TERALANI 2,,WDA2147,36,,20,11,,,B
319265200,2024-06-13T06:11:13,24.43463,-81.85877,6.2,247.0,511.0,ZEAHORSE,,ZGPW4,36,,24,12,,,B
319265200,2024-06-13T06:12:44,24.43333,-81.86137,6.4,243.7,511.0,ZEAHORSE,,ZGPW4,36,,24,12,,,B
338244313,2024-06-15T17:40:36,24.43554,-81.88059,21.3,52.1,511.0,SEA MISTRESS,,,37,,18,5,,,B
338244313,2024-06-15T17:42:05,24.44120,-81.87303,21.0,45.3,511.0,SEA MISTRESS,,,37,,18,5,,,B
338244313,2024-06-15T17:43:06,24.44388,-81.86734,21.1,74.0,511.0,SEA MISTRESS,,,37,,18,5,,,B
338244313,2024-06-15T17:44:08,24.44465,-81.86077,20.7,87.4,511.0,SEA MISTRESS,,,37,,18,5,,,B
338380000,2024-06-16T15:07:17,24.45548,-81.86065,5.5,129.3,511.0,TERALANI 2,,WDA2147,36,,20,11,,,B
338380000,2024-06-16T15:08:18,24.45517,-81.85987,0.7,111.7,511.0,TERALANI 2,,WDA2147,36,,20,11,,,B
338380000,2024-06-16T15:14:21,24.45515,-81.86000,0.7,0.0,511.0,TERALANI 2,,WDA2147,36,,20,11,,,B
338380000,2024-06-16T15:17:18,24.45517,-81.86000,0.7,152.9,511.0,TERALANI 2,,WDA2147,36,,20,11,,,B
338380000,2024-06-16T15:20:19,24.45517,-81.86000,0.7,0.0,511.0,TERALANI 2,,WDA2147,36,,20,11,,,B
338380000,2024-06-16T15:23:19,24.45517,-81.86000,0.7,0.0,511.0,TERALANI 2,,WDA2147,36,,20,11,,,B
338380000,2024-06-16T15:26:20,24.45517,-81.86000,0.7,7.6,511.0,TERALANI 2,,WDA2147,36,,20,11,,,B
338380000,2024-06-16T15:32:23,24.45513,-81.85998,0.7,0.0,511.0,TERALANI 2,,WDA2147,36,,20,11,,,B
338380000,2024-06-16T15:41:23,24.45518,-81.86000,0.7,0.0,511.0,TERALANI 2,,WDA2147,36,,20,11,,,B
338380000,2024-06-16T15:44:23,24.45517,-81.86000,0.7,149.5,511.0,TERALANI 2,,WDA2147,36,,20,11,,,B
338380000,2024-06-16T15:47:24,24.45517,-81.86000,0.7,180.3,511.0,TERALANI 2,,WDA2147,36,,20,11,,,B
338380000,2024-06-16T15:48:47,24.45525,-81.86022,1.5,171.1,511.0,TERALANI 2,,WDA2147,36,,20,11,,,B
338380000,2024-06-16T15:49:49,24.45375,-81.85922,9.5,117.4,511.0,TERALANI 2,,WDA2147,36,,20,11,,,B
338380000,2024-06-29T15:08:12,24.46417,-81.88018,11.1,209.6,511.0,TERALANI 2,,WDA2147,36,,20,11,,,B
338380000,2024-06-29T15:09:13,24.46125,-81.88155,11.9,196.4,511.0,TERALANI 2,,WDA2147,36,,20,11,,,B
338380000,2024-06-29T15:11:15,24.45538,-81.88225,10.3,170.6,511.0,TERALANI 2,,WDA2147,36,,20,11,,,B
338380000,2024-06-29T15:12:46,24.45295,-81.88100,3.1,130.0,511.0,TERALANI 2,,WDA2147,36,,20,11,,,B
338380000,2024-06-29T15:16:50,24.45245,-81.87995,0.7,0.0,511.0,TERALANI 2,,WDA2147,36,,20,11,,,B
338380000,2024-06-29T15:22:49,24.45243,-81.87995,0.7,0.0,511.0,TERALANI 2,,WDA2147,36,,20,11,,,B
338380000,2024-06-29T15:25:50,24.45243,-81.87993,0.7,0.0,511.0,TERALANI 2,,WDA2147,36,,20,11,,,B
338380000,2024-06-29T15:28:50,24.45242,-81.87993,0.7,0.0,511.0,TERALANI 2,,WDA2147,36,,20,11,,,B
338380000,2024-06-29T15:31:49,24.45245,-81.87990,0.7,272.9,511.0,TERALANI 2,,WDA2147,36,,20,11,,,B
338380000,2024-06-29T15:37:51,24.45247,-81.87995,0.7,203.0,511.0,TERALANI 2,,WDA2147,36,,20,11,,,B
338380000,2024-06-29T15:40:53,24.45248,-81.87993,0.7,165.4,511.0,TERALANI 2,,WDA2147,36,,20,11,,,B
338380000,2024-06-29T15:46:51,24.45248,-81.87995,0.7,172.5,511.0,TERALANI 2,,WDA2147,36,,20,11,,,B
338380000,2024-06-29T15:49:52,24.45248,-81.87995,0.7,0.0,511.0,TERALANI 2,,WDA2147,36,,20,11,,,B
338380000,2024-06-29T15:52:52,24.45247,-81.87995,0.7,0.0,511.0,TERALANI 2,,WDA2147,36,,20,11,,,B
338380000,2024-06-29T15:56:56,24.45258,-81.88032,2.3,324.3,511.0,TERALANI 2,,WDA2147,36,,20,11,,,B
338380000,2024-06-29T15:58:08,24.45087,-81.87972,8.7,115.1,511.0,TERALANI 2,,WDA2147,36,,20,11,,,B
338380000,2024-06-29T15:59:40,24.45143,-81.87558,9.5,90.5,511.0,TERALANI 2,,WDA2147,36,,20,11,,,B
338380000,2024-06-29T16:00:11,24.45158,-81.87413,9.5,71.9,511.0,TERALANI 2,,WDA2147,36,,20,11,,,B
338380000,2024-06-29T16:01:12,24.45268,-81.87160,9.5,70.0,511.0,TERALANI 2,,WDA2147,36,,20,11,,,B
338380000,2024-06-29T16:02:16,24.45362,-81.86895,9.5,63.9,511.0,TERALANI 2,,WDA2147,36,,20,11,,,B
338380000,2024-06-29T16:03:46,24.45505,-81.86545,8.7,62.0,511.0,TERALANI 2,,WDA2147,36,,20,11,,,B
338380000,2024-06-29T16:05:17,24.45502,-81.86195,7.1,96.6,511.0,TERALANI 2,,WDA2147,36,,20,11,,,B
338380000,2024-06-29T16:06:47,24.45490,-81.85983,0.7,285.1,511.0,TERALANI 2,,WDA2147,36,,20,11,,,B
338380000,2024-06-29T16:09:48,24.45493,-81.85995,0.7,167.7,511.0,TERALANI 2,,WDA2147,36,,20,11,,,B
338380000,2024-06-29T16:12:49,24.45490,-81.85995,0.7,0.0,511.0,TERALANI 2,,WDA2147,36,,20,11,,,B
338380000,2024-06-29T16:15:49,24.45488,-81.85995,0.7,319.1,511.0,TERALANI 2,,WDA2147,36,,20,11,,,B
338380000,2024-06-29T16:21:50,24.45487,-81.85995,0.7,7.2,511.0,TERALANI 2,,WDA2147,36,,20,11,,,B
338380000,2024-06-29T16:24:51,24.45487,-81.85995,0.7,0.0,511.0,TERALANI 2,,WDA2147,36,,20,11,,,B
338380000,2024-06-29T16:27:50,24.45487,-81.85997,0.7,0.0,511.0,TERALANI 2,,WDA2147,36,,20,11,,,B
338380000,2024-06-29T16:33:52,24.45488,-81.85995,0.7,0.0,511.0,TERALANI 2,,WDA2147,36,,20,11,,,B
338380000,2024-06-29T16:36:51,24.45490,-81.85997,0.7,0.0,511.0,TERALANI 2,,WDA2147,36,,20,11,,,B
338380000,2024-06-29T16:37:54,24.45487,-81.86037,2.3,242.4,511.0,TERALANI 2,,WDA2147,36,,20,11,,,B
338380000,2024-06-29T16:39:17,24.45647,-81.86057,7.9,17.6,511.0,TERALANI 2,,WDA2147,36,,20,11,,,B
338380000,2024-06-29T16:40:48,24.45952,-81.85960,8.7,20.9,511.0,TERALANI 2,,WDA2147,36,,20,11,,,B
338380000,2024-06-29T16:41:49,24.46178,-81.85865,8.7,20.4,511.0,TERALANI 2,,WDA2147,36,,20,11,,,B
338380000,2024-06-29T19:20:26,24.46632,-81.87968,11.1,197.4,511.0,TERALANI 2,,WDA2147,36,,20,11,,,B
338380000,2024-06-29T19:21:28,24.46333,-81.88052,10.3,191.7,511.0,TERALANI 2,,WDA2147,36,,20,11,,,B
338380000,2024-06-29T19:23:00,24.45913,-81.88198,11.1,199.8,511.0,TERALANI 2,,WDA2147,36,,20,11,,,B
338380000,2024-06-29T19:24:35,24.45698,-81.88242,1.5,341.3,511.0,TERALANI 2,,WDA2147,36,,20,11,,,B
338380000,2024-06-29T19:25:45,24.45510,-81.88230,7.9,161.4,511.0,TERALANI 2,,WDA2147,36,,20,11,,,B
338380000,2024-06-29T19:26:46,24.45332,-81.88100,7.1,136.6,511.0,TERALANI 2,,WDA2147,36,,20,11,,,B
338380000,2024-06-29T19:30:48,24.45243,-81.87992,0.7,346.8,511.0,TERALANI 2,,WDA2147,36,,20,11,,,B
338380000,2024-06-29T19:36:48,24.45250,-81.87993,0.7,358.1,511.0,TERALANI 2,,WDA2147,36,,20,11,,,B
338380000,2024-06-29T19:39:49,24.45250,-81.87993,0.7,0.0,511.0,TERALANI 2,,WDA2147,36,,20,11,,,B
338380000,2024-06-29T19:42:49,24.45250,-81.87993,0.7,0.0,511.0,TERALANI 2,,WDA2147,36,,20,11,,,B
338380000,2024-06-29T19:45:49,24.45250,-81.87993,0.7,13.1,511.0,TERALANI 2,,WDA2147,36,,20,11,,,B
338380000,2024-06-29T19:51:50,24.45252,-81.87993,0.7,0.0,511.0,TERALANI 2,,WDA2147,36,,20,11,,,B
338380000,2024-06-29T19:54:52,24.45250,-81.87995,0.7,0.0,511.0,TERALANI 2,,WDA2147,36,,20,11,,,B
338380000,2024-06-29T20:03:52,24.45257,-81.87993,0.7,329.3,511.0,TERALANI 2,,WDA2147,36,,20,11,,,B
338380000,2024-06-29T20:09:52,24.45253,-81.87995,0.7,0.0,511.0,TERALANI 2,,WDA2147,36,,20,11,,,B
338380000,2024-06-29T20:12:55,24.45253,-81.87995,0.7,0.0,511.0,TERALANI 2,,WDA2147,36,,20,11,,,B
338380000,2024-06-29T20:15:55,24.45252,-81.87995,0.7,187.7,511.0,TERALANI 2,,WDA2147,36,,20,11,,,B
338380000,2024-06-29T20:21:54,24.45253,-81.87993,0.7,0.0,511.0,TERALANI 2,,WDA2147,36,,20,11,,,B
338380000,2024-06-29T20:24:54,24.45252,-81.87993,0.7,0.0,511.0,TERALANI 2,,WDA2147,36,,20,11,,,B
338380000,2024-06-29T20:27:55,24.45253,-81.87993,0.7,200.9,511.0,TERALANI 2,,WDA2147,36,,20,11,,,B
338380000,2024-06-29T20:29:29,24.45345,-81.88078,11.9,333.1,511.0,TERALANI 2,,WDA2147,36,,20,11,,,B
338380000,2024-06-29T20:31:04,24.45803,-81.88118,10.3,5.2,511.0,TERALANI 2,,WDA2147,36,,20,11,,,B
338380000,2024-06-29T20:32:32,24.46208,-81.88053,11.1,29.9,511.0,TERALANI 2,,WDA2147,36,,20,11,,,B
338380000,2024-06-29T20:34:03,24.46602,-81.87852,10.3,14.4,511.0,TERALANI 2,,WDA2147,36,,20,11,,,B
338380000,2024-07-07T15:15:52,24.45307,-81.88008,7.1,148.7,511.0,TERALANI 2,,WDA2147,36,,20,11,,,B
338380000,2024-07-07T15:19:24,24.45262,-81.87982,0.7,94.6,511.0,TERALANI 2,,WDA2147,36,,20,11,,,B
338380000,2024-07-07T15:22:22,24.45267,-81.87978,0.7,0.0,511.0,TERALANI 2,,WDA2147,36,,20,11,,,B
338380000,2024-07-07T15:25:24,24.45268,-81.87977,0.7,0.0,511.0,TERALANI 2,,WDA2147,36,,20,11,,,B
338380000,2024-07-07T15:28:25,24.45268,-81.87977,0.7,0.0,511.0,TERALANI 2,,WDA2147,36,,20,11,,,B
338380000,2024-07-07T15:37:25,24.45265,-81.87983,0.7,25.4,511.0,TERALANI 2,,WDA2147,36,,20,11,,,B
338380000,2024-07-07T15:40:27,24.45267,-81.87980,0.7,0.0,511.0,TERALANI 2,,WDA2147,36,,20,11,,,B
338380000,2024-07-07T15:43:28,24.45267,-81.87980,0.7,184.4,511.0,TERALANI 2,,WDA2147,36,,20,11,,,B
338380000,2024-07-07T15:46:28,24.45267,-81.87978,0.7,0.0,511.0,TERALANI 2,,WDA2147,36,,20,11,,,B
338380000,2024-07-07T15:49:28,24.45270,-81.87975,0.7,0.0,511.0,TERALANI 2,,WDA2147,36,,20,11,,,B
338380000,2024-07-07T15:52:29,24.45270,-81.87975,0.7,0.0,511.0,TERALANI 2,,WDA2147,36,,20,11,,,B
338380000,2024-07-07T15:55:28,24.45268,-81.87977,0.7,207.2,511.0,TERALANI 2,,WDA2147,36,,20,11,,,B
338380000,2024-07-07T16:01:28,24.45268,-81.87978,0.7,274.1,511.0,TERALANI 2,,WDA2147,36,,20,11,,,B
338380000,2024-07-07T16:04:30,24.45270,-81.87977,0.7,0.0,511.0,TERALANI 2,,WDA2147,36,,20,11,,,B
338380000,2024-07-07T16:06:53,24.45112,-81.88037,7.9,150.3,511.0,TERALANI 2,,WDA2147,36,,20,11,,,B
338380000,2024-07-07T16:07:55,24.45108,-81.87753,10.3,76.9,511.0,TERALANI 2,,WDA2147,36,,20,11,,,B
338380000,2024-07-07T16:09:30,24.45247,-81.87287,10.3,69.8,511.0,TERALANI 2,,WDA2147,36,,20,11,,,B
338380000,2024-07-06T15:15:13,24.46455,-81.86017,10.3,197.4,511.0,TERALANI 2,,WDA2147,36,,20,11,,,B
338380000,2024-07-06T15:16:43,24.46057,-81.86155,10.3,196.8,511.0,TERALANI 2,,WDA2147,36,,20,11,,,B
338380000,2024-07-06T16:06:54,24.45722,-81.86125,10.3,348.8,511.0,TERALANI 2,,WDA2147,36,,20,11,,,B
338380000,2024-07-07T17:07:33,24.45730,-81.86130,10.3,352.7,511.0,TERALANI 2,,WDA2147,36,,20,11,,,B
338380000,2024-07-07T17:09:03,24.46120,-81.86000,10.3,17.8,511.0,TERALANI 2,,WDA2147,36,,20,11,,,B
338380000,2024-07-07T19:07:27,24.46240,-81.86013,11.1,210.8,511.0,TERALANI 2,,WDA2147,36,,20,11,,,B
338380000,2024-07-07T20:10:03,24.45770,-81.86140,11.1,353.9,511.0,TERALANI 2,,WDA2147,36,,20,11,,,B
338380000,2024-07-07T20:11:06,24.46043,-81.86042,10.3,22.6,511.0,TERALANI 2,,WDA2147,36,,20,11,,,B
338380000,2024-07-07T20:12:07,24.46302,-81.85913,10.3,16.9,511.0,TERALANI 2,,WDA2147,36,,20,11,,,B
338380000,2024-07-06T15:18:16,24.45653,-81.86088,7.9,152.1,511.0,TERALANI 2,,WDA2147,36,,20,11,,,B
338380000,2024-07-06T15:22:15,24.45530,-81.85993,0.7,0.0,511.0,TERALANI 2,,WDA2147,36,,20,11,,,B
338380000,2024-07-06T15:25:18,24.45533,-81.85992,0.7,0.0,511.0,TERALANI 2,,WDA2147,36,,20,11,,,B
338380000,2024-07-06T15:28:18,24.45538,-81.85988,0.7,0.0,511.0,TERALANI 2,,WDA2147,36,,20,11,,,B
338380000,2024-07-06T15:37:18,24.45547,-81.85980,0.7,0.0,511.0,TERALANI 2,,WDA2147,36,,20,11,,,B
338380000,2024-07-06T15:40:19,24.45547,-81.85980,0.7,346.4,511.0,TERALANI 2,,WDA2147,36,,20,11,,,B
338380000,2024-07-06T15:43:19,24.45547,-81.85982,0.7,0.0,511.0,TERALANI 2,,WDA2147,36,,20,11,,,B
338380000,2024-07-06T15:46:22,24.45545,-81.85983,0.7,0.0,511.0,TERALANI 2,,WDA2147,36,,20,11,,,B
338380000,2024-07-06T15:49:21,24.45543,-81.85983,0.7,0.0,511.0,TERALANI 2,,WDA2147,36,,20,11,,,B
338380000,2024-07-06T15:52:21,24.45545,-81.85983,0.7,0.0,511.0,TERALANI 2,,WDA2147,36,,20,11,,,B
338380000,2024-07-06T15:55:21,24.45545,-81.85982,0.7,0.0,511.0,TERALANI 2,,WDA2147,36,,20,11,,,B
338380000,2024-07-06T16:04:22,24.45545,-81.85982,0.7,0.0,511.0,TERALANI 2,,WDA2147,36,,20,11,,,B
338380000,2024-07-06T16:05:47,24.45523,-81.86008,0.7,145.1,511.0,TERALANI 2,,WDA2147,36,,20,11,,,B
338380000,2024-07-07T16:13:37,24.45538,-81.86105,8.7,89.3,511.0,TERALANI 2,,WDA2147,36,,20,11,,,B
338380000,2024-07-07T16:17:39,24.45538,-81.85995,0.7,0.0,511.0,TERALANI 2,,WDA2147,36,,20,11,,,B
338380000,2024-07-07T16:20:41,24.45542,-81.85988,0.7,254.8,511.0,TERALANI 2,,WDA2147,36,,20,11,,,B
338380000,2024-07-07T16:23:38,24.45543,-81.85987,0.7,0.0,511.0,TERALANI 2,,WDA2147,36,,20,11,,,B
338380000,2024-07-07T16:26:39,24.45545,-81.85985,0.7,106.9,511.0,TERALANI 2,,WDA2147,36,,20,11,,,B
338380000,2024-07-07T16:32:42,24.45547,-81.85982,0.7,0.0,511.0,TERALANI 2,,WDA2147,36,,20,11,,,B
338380000,2024-07-07T16:38:40,24.45542,-81.85988,0.7,0.0,511.0,TERALANI 2,,WDA2147,36,,20,11,,,B
338380000,2024-07-07T16:41:41,24.45542,-81.85988,0.7,0.0,511.0,TERALANI 2,,WDA2147,36,,20,11,,,B
338380000,2024-07-07T16:44:40,24.45543,-81.85987,0.7,0.0,511.0,TERALANI 2,,WDA2147,36,,20,11,,,B
338380000,2024-07-07T16:50:42,24.45542,-81.85988,0.7,0.0,511.0,TERALANI 2,,WDA2147,36,,20,11,,,B
338380000,2024-07-07T16:56:43,24.45540,-81.85990,0.7,0.0,511.0,TERALANI 2,,WDA2147,36,,20,11,,,B
338380000,2024-07-07T17:02:44,24.45540,-81.85992,0.7,0.0,511.0,TERALANI 2,,WDA2147,36,,20,11,,,B
338380000,2024-07-07T17:05:44,24.45542,-81.85990,1.5,285.4,511.0,TERALANI 2,,WDA2147,36,,20,11,,,B
338380000,2024-07-07T19:09:27,24.45672,-81.86143,11.1,161.5,511.0,TERALANI 2,,WDA2147,36,,20,11,,,B
338380000,2024-07-07T19:10:28,24.45540,-81.85990,2.3,165.4,511.0,TERALANI 2,,WDA2147,36,,20,11,,,B
338380000,2024-07-07T19:16:29,24.45532,-81.85997,0.7,0.0,511.0,TERALANI 2,,WDA2147,36,,20,11,,,B
338380000,2024-07-07T19:19:30,24.45533,-81.85995,0.7,0.0,511.0,TERALANI 2,,WDA2147,36,,20,11,,,B
338380000,2024-07-07T19:22:31,24.45537,-81.85993,0.7,0.0,511.0,TERALANI 2,,WDA2147,36,,20,11,,,B
338380000,2024-07-07T19:25:30,24.45542,-81.85992,0.7,82.8,511.0,TERALANI 2,,WDA2147,36,,20,11,,,B
338380000,2024-07-07T19:31:31,24.45545,-81.85990,0.7,0.0,511.0,TERALANI 2,,WDA2147,36,,20,11,,,B
338380000,2024-07-07T19:34:32,24.45543,-81.85988,0.7,0.0,511.0,TERALANI 2,,WDA2147,36,,20,11,,,B
338380000,2024-07-07T19:37:30,24.45545,-81.85987,0.7,0.0,511.0,TERALANI 2,,WDA2147,36,,20,11,,,B
338380000,2024-07-07T19:40:32,24.45545,-81.85985,0.7,0.0,511.0,TERALANI 2,,WDA2147,36,,20,11,,,B
338380000,2024-07-07T19:43:31,24.45547,-81.85982,0.7,0.0,511.0,TERALANI 2,,WDA2147,36,,20,11,,,B
338380000,2024-07-07T19:52:32,24.45547,-81.85980,0.7,0.0,511.0,TERALANI 2,,WDA2147,36,,20,11,,,B
338380000,2024-07-07T20:01:32,24.45548,-81.85977,0.7,0.0,511.0,TERALANI 2,,WDA2147,36,,20,11,,,B
338380000,2024-07-07T20:04:34,24.45548,-81.85977,0.7,0.0,511.0,TERALANI 2,,WDA2147,36,,20,11,,,B
338380000,2024-07-07T20:07:33,24.45548,-81.85977,0.7,0.0,511.0,TERALANI 2,,WDA2147,36,,20,11,,,B
338380000,2024-07-07T20:08:55,24.45563,-81.86045,1.5,212.3,511.0,TERALANI 2,,WDA2147,36,,20,11,,,B
338380000,2024-07-07T15:10:47,24.46687,-81.87920,10.3,208.7,511.0,TERALANI 2,,WDA2147,36,,20,11,,,B
338380000,2024-07-07T15:12:17,24.46287,-81.88090,11.1,196.6,511.0,TERALANI 2,,WDA2147,36,,20,11,,,B
338380000,2024-07-07T15:14:20,24.45707,-81.88133,11.1,180.2,511.0,TERALANI 2,,WDA2147,36,,20,11,,,B
338380000,2024-07-07T16:10:33,24.45407,-81.87017,10.3,53.8,511.0,TERALANI 2,,WDA2147,36,,20,11,,,B
338380000,2024-07-07T16:11:34,24.45517,-81.86737,10.3,85.5,511.0,TERALANI 2,,WDA2147,36,,20,11,,,B
338380000,2024-07-07T16:12:36,24.45528,-81.86412,11.1,93.1,511.0,TERALANI 2,,WDA2147,36,,20,11,,,B
338380000,2024-07-10T15:14:35,24.46637,-81.85933,9.5,202.1,511.0,TERALANI 2,,WDA2147,36,,20,11,,,B
338380000,2024-07-10T15:16:05,24.46270,-81.86063,9.5,191.1,511.0,TERALANI 2,,WDA2147,36,,20,11,,,B
338380000,2024-07-10T15:17:38,24.45885,-81.86140,9.5,191.5,511.0,TERALANI 2,,WDA2147,36,,20,11,,,B
338380000,2024-07-10T15:19:39,24.45512,-81.86010,3.1,131.2,511.0,TERALANI 2,,WDA2147,36,,20,11,,,B
338380000,2024-07-10T15:23:11,24.45510,-81.85990,0.7,0.0,511.0,TERALANI 2,,WDA2147,36,,20,11,,,B
338380000,2024-07-10T15:26:11,24.45508,-81.85990,0.7,0.0,511.0,TERALANI 2,,WDA2147,36,,20,11,,,B
338380000,2024-07-10T15:29:11,24.45507,-81.85988,0.7,0.0,511.0,TERALANI 2,,WDA2147,36,,20,11,,,B
338380000,2024-07-10T15:32:13,24.45505,-81.85990,0.7,314.7,511.0,TERALANI 2,,WDA2147,36,,20,11,,,B
338380000,2024-07-10T15:35:12,24.45507,-81.85990,0.7,0.0,511.0,TERALANI 2,,WDA2147,36,,20,11,,,B
338380000,2024-07-10T15:38:11,24.45508,-81.85988,0.7,0.0,511.0,TERALANI 2,,WDA2147,36,,20,11,,,B
338380000,2024-07-10T15:41:12,24.45508,-81.85987,0.7,0.0,511.0,TERALANI 2,,WDA2147,36,,20,11,,,B
338380000,2024-07-10T15:50:15,24.45505,-81.85990,0.7,0.0,511.0,TERALANI 2,,WDA2147,36,,20,11,,,B
338380000,2024-07-10T15:53:14,24.45510,-81.85985,0.7,0.0,511.0,TERALANI 2,,WDA2147,36,,20,11,,,B
338380000,2024-07-10T15:56:17,24.45512,-81.85985,0.7,0.0,511.0,TERALANI 2,,WDA2147,36,,20,11,,,B
338380000,2024-07-10T15:59:16,24.45512,-81.85987,0.7,0.0,511.0,TERALANI 2,,WDA2147,36,,20,11,,,B
338380000,2024-07-10T16:01:36,24.45457,-81.85987,7.9,160.9,511.0,TERALANI 2,,WDA2147,36,,20,11,,,B
338380000,2024-07-13T13:46:27,24.45935,-81.86010,10.3,222.5,511.0,TERALANI 2,,WDA2147,36,,20,11,,,B
338380000,2024-07-13T13:47:28,24.45675,-81.86125,10.3,179.0,511.0,TERALANI 2,,WDA2147,36,,20,11,,,B
338380000,2024-07-13T13:48:58,24.45515,-81.85992,1.5,88.8,511.0,TERALANI 2,,WDA2147,36,,20,11,,,B
338380000,2024-07-13T13:51:59,24.45510,-81.85998,0.7,0.0,511.0,TERALANI 2,,WDA2147,36,,20,11,,,B
338380000,2024-07-13T13:54:59,24.45507,-81.85997,0.7,0.0,511.0,TERALANI 2,,WDA2147,36,,20,11,,,B
338380000,2024-07-13T13:58:00,24.45505,-81.85998,0.7,0.0,511.0,TERALANI 2,,WDA2147,36,,20,11,,,B
338380000,2024-07-13T14:01:00,24.45505,-81.85998,0.7,0.0,511.0,TERALANI 2,,WDA2147,36,,20,11,,,B
338380000,2024-07-13T14:04:04,24.45507,-81.85998,0.7,167.3,511.0,TERALANI 2,,WDA2147,36,,20,11,,,B
338380000,2024-07-13T14:10:03,24.45505,-81.85997,0.7,0.0,511.0,TERALANI 2,,WDA2147,36,,20,11,,,B
338380000,2024-07-13T14:13:02,24.45510,-81.85998,0.7,145.6,511.0,TERALANI 2,,WDA2147,36,,20,11,,,B
338380000,2024-07-13T14:25:04,24.45507,-81.86000,0.7,0.0,511.0,TERALANI 2,,WDA2147,36,,20,11,,,B
338380000,2024-07-13T14:31:04,24.45507,-81.86000,0.7,0.0,511.0,TERALANI 2,,WDA2147,36,,20,11,,,B
338380000,2024-07-13T14:34:05,24.45507,-81.85998,0.7,0.0,511.0,TERALANI 2,,WDA2147,36,,20,11,,,B
338380000,2024-07-13T14:37:06,24.45507,-81.86000,0.7,0.0,511.0,TERALANI 2,,WDA2147,36,,20,11,,,B
338380000,2024-07-13T14:40:06,24.45507,-81.85998,0.7,0.0,511.0,TERALANI 2,,WDA2147,36,,20,11,,,B
338380000,2024-07-13T14:46:07,24.45507,-81.86000,0.7,185.1,511.0,TERALANI 2,,WDA2147,36,,20,11,,,B
338380000,2024-07-13T14:49:08,24.45507,-81.86002,0.7,0.8,511.0,TERALANI 2,,WDA2147,36,,20,11,,,B
338380000,2024-07-13T14:52:08,24.45515,-81.86003,0.7,0.0,511.0,TERALANI 2,,WDA2147,36,,20,11,,,B
338380000,2024-07-13T14:54:39,24.45538,-81.86063,6.3,348.3,511.0,TERALANI 2,,WDA2147,36,,20,11,,,B
338380000,2024-07-13T14:55:41,24.45812,-81.86050,10.3,8.1,511.0,TERALANI 2,,WDA2147,36,,20,11,,,B
338380000,2024-07-13T14:56:44,24.46093,-81.85977,10.3,13.0,511.0,TERALANI 2,,WDA2147,36,,20,11,,,B
338380000,2024-07-20T16:03:25,24.45173,-81.86925,9.5,78.6,511.0,TERALANI 2,,WDA2147,36,,20,11,,,B
338380000,2024-07-17T16:15:47,24.45260,-81.86793,7.9,76.1,511.0,TERALANI 2,,WDA2147,36,,20,11,,,B
338380000,2024-07-17T16:16:48,24.45303,-81.86547,8.7,81.9,511.0,TERALANI 2,,WDA2147,36,,20,11,,,B
338380000,2024-07-17T16:18:18,24.45412,-81.86198,8.7,51.1,511.0,TERALANI 2,,WDA2147,36,,20,11,,,B
338380000,2024-07-17T16:19:20,24.45477,-81.86013,3.9,74.7,511.0,TERALANI 2,,WDA2147,36,,20,11,,,B
338380000,2024-07-17T16:22:52,24.45497,-81.85993,0.7,0.0,511.0,TERALANI 2,,WDA2147,36,,20,11,,,B
338380000,2024-07-17T16:25:52,24.45497,-81.85993,0.7,80.8,511.0,TERALANI 2,,WDA2147,36,,20,11,,,B
338380000,2024-07-17T16:28:53,24.45503,-81.85990,0.7,211.5,511.0,TERALANI 2,,WDA2147,36,,20,11,,,B
338380000,2024-07-17T16:31:54,24.45495,-81.85993,0.7,17.4,511.0,TERALANI 2,,WDA2147,36,,20,11,,,B
338380000,2024-07-17T16:34:55,24.45500,-81.85988,0.7,0.0,511.0,TERALANI 2,,WDA2147,36,,20,11,,,B
338380000,2024-07-17T16:37:53,24.45500,-81.85990,0.7,166.2,511.0,TERALANI 2,,WDA2147,36,,20,11,,,B
338380000,2024-07-17T16:40:52,24.45497,-81.85995,0.7,51.3,511.0,TERALANI 2,,WDA2147,36,,20,11,,,B
338380000,2024-07-17T16:43:52,24.45502,-81.85992,0.7,0.0,511.0,TERALANI 2,,WDA2147,36,,20,11,,,B
338380000,2024-07-17T16:49:53,24.45492,-81.85997,0.7,25.4,511.0,TERALANI 2,,WDA2147,36,,20,11,,,B
338380000,2024-07-17T16:52:54,24.45498,-81.85995,0.7,172.1,511.0,TERALANI 2,,WDA2147,36,,20,11,,,B
338380000,2024-07-17T16:55:54,24.45497,-81.85997,0.7,0.9,511.0,TERALANI 2,,WDA2147,36,,20,11,,,B
338380000,2024-07-17T16:58:55,24.45497,-81.85995,0.7,0.0,511.0,TERALANI 2,,WDA2147,36,,20,11,,,B
338380000,2024-07-17T17:01:19,24.45515,-81.86038,3.1,270.2,511.0,TERALANI 2,,WDA2147,36,,20,11,,,B
338380000,2024-07-17T17:02:36,24.45558,-81.86065,4.7,353.2,511.0,TERALANI 2,,WDA2147,36,,20,11,,,B
338380000,2024-07-17T17:03:38,24.45775,-81.86155,9.5,353.9,511.0,TERALANI 2,,WDA2147,36,,20,11,,,B
338380000,2024-07-17T17:05:07,24.46157,-81.86195,9.5,350.1,511.0,TERALANI 2,,WDA2147,36,,20,11,,,B
338380000,2024-07-17T17:06:38,24.46532,-81.86192,9.5,9.4,511.0,TERALANI 2,,WDA2147,36,,20,11,,,B
338380000,2024-07-20T16:04:55,24.45223,-81.86492,10.3,86.8,511.0,TERALANI 2,,WDA2147,36,,20,11,,,B
338380000,2024-07-20T16:05:57,24.45218,-81.86188,10.3,93.1,511.0,TERALANI 2,,WDA2147,36,,20,11,,,B
338380000,2024-07-21T15:15:31,24.46435,-81.85927,10.3,202.0,511.0,TERALANI 2,,WDA2147,36,,20,11,,,B
338380000,2024-07-21T15:16:34,24.46167,-81.86040,10.3,204.1,511.0,TERALANI 2,,WDA2147,36,,20,11,,,B
338380000,2024-07-21T15:18:34,24.45638,-81.86152,7.9,151.7,511.0,TERALANI 2,,WDA2147,36,,20,11,,,B
338380000,2024-07-21T15:19:35,24.45527,-81.86013,3.9,109.8,511.0,TERALANI 2,,WDA2147,36,,20,11,,,B
338380000,2024-07-21T15:23:06,24.45522,-81.85998,0.7,0.0,511.0,TERALANI 2,,WDA2147,36,,20,11,,,B
338380000,2024-07-21T15:26:06,24.45525,-81.85998,0.7,193.4,511.0,TERALANI 2,,WDA2147,36,,20,11,,,B
338380000,2024-07-21T15:32:06,24.45525,-81.85998,0.7,0.0,511.0,TERALANI 2,,WDA2147,36,,20,11,,,B
338380000,2024-07-21T15:35:08,24.45523,-81.85998,0.7,201.3,511.0,TERALANI 2,,WDA2147,36,,20,11,,,B
338380000,2024-07-21T15:38:07,24.45523,-81.85998,0.7,0.0,511.0,TERALANI 2,,WDA2147,36,,20,11,,,B
338380000,2024-07-21T15:41:08,24.45527,-81.85997,0.7,94.8,511.0,TERALANI 2,,WDA2147,36,,20,11,,,B
338380000,2024-07-21T15:44:09,24.45527,-81.85997,0.7,0.0,511.0,TERALANI 2,,WDA2147,36,,20,11,,,B
338380000,2024-07-21T15:47:09,24.45528,-81.85997,0.7,0.0,511.0,TERALANI 2,,WDA2147,36,,20,11,,,B
338380000,2024-07-21T15:50:09,24.45527,-81.85998,0.7,0.0,511.0,TERALANI 2,,WDA2147,36,,20,11,,,B
338380000,2024-07-21T15:53:03,24.45517,-81.86018,2.3,349.3,511.0,TERALANI 2,,WDA2147,36,,20,11,,,B
338380000,2024-07-21T15:55:04,24.45870,-81.86093,7.9,61.2,511.0,TERALANI 2,,WDA2147,36,,20,11,,,B
338380000,2024-07-17T15:19:25,24.45952,-81.88235,8.7,199.0,511.0,TERALANI 2,,WDA2147,36,,20,11,,,B
338380000,2024-07-17T15:20:26,24.45717,-81.88225,8.7,173.4,511.0,TERALANI 2,,WDA2147,36,,20,11,,,B
338380000,2024-07-17T15:21:27,24.45497,-81.88163,8.7,161.5,511.0,TERALANI 2,,WDA2147,36,,20,11,,,B
338380000,2024-07-17T15:22:29,24.45330,-81.88068,6.3,153.2,511.0,TERALANI 2,,WDA2147,36,,20,11,,,B
338380000,2024-07-17T15:23:32,24.45253,-81.87983,2.3,129.4,511.0,TERALANI 2,,WDA2147,36,,20,11,,,B
338380000,2024-07-17T15:26:32,24.45252,-81.87987,0.7,0.0,511.0,TERALANI 2,,WDA2147,36,,20,11,,,B
338380000,2024-07-17T15:32:34,24.45258,-81.87987,0.7,0.0,511.0,TERALANI 2,,WDA2147,36,,20,11,,,B
338380000,2024-07-17T15:35:35,24.45257,-81.87988,0.7,28.6,511.0,TERALANI 2,,WDA2147,36,,20,11,,,B
338380000,2024-07-17T15:41:34,24.45257,-81.87990,0.7,0.0,511.0,TERALANI 2,,WDA2147,36,,20,11,,,B
338380000,2024-07-17T15:44:35,24.45257,-81.87992,0.7,53.0,511.0,TERALANI 2,,WDA2147,36,,20,11,,,B
338380000,2024-07-17T15:53:38,24.45258,-81.87988,0.7,0.0,511.0,TERALANI 2,,WDA2147,36,,20,11,,,B
338380000,2024-07-17T15:56:38,24.45260,-81.87987,0.7,0.0,511.0,TERALANI 2,,WDA2147,36,,20,11,,,B
338380000,2024-07-17T15:59:38,24.45262,-81.87985,0.7,0.0,511.0,TERALANI 2,,WDA2147,36,,20,11,,,B
338380000,2024-07-17T16:02:40,24.45260,-81.87987,0.7,201.2,511.0,TERALANI 2,,WDA2147,36,,20,11,,,B
338380000,2024-07-17T16:05:40,24.45258,-81.87990,0.7,0.0,511.0,TERALANI 2,,WDA2147,36,,20,11,,,B
338380000,2024-07-17T16:08:40,24.45280,-81.88010,0.7,209.4,511.0,TERALANI 2,,WDA2147,36,,20,11,,,B
338380000,2024-07-17T16:09:44,24.45155,-81.88015,5.5,150.8,511.0,TERALANI 2,,WDA2147,36,,20,11,,,B
338380000,2024-07-17T16:12:44,24.45180,-81.87530,7.9,65.4,511.0,TERALANI 2,,WDA2147,36,,20,11,,,B
338380000,2024-07-17T16:14:19,24.45223,-81.87153,8.7,96.2,511.0,TERALANI 2,,WDA2147,36,,20,11,,,B
338380000,2024-07-20T15:14:49,24.45802,-81.88222,10.3,182.7,511.0,TERALANI 2,,WDA2147,36,,20,11,,,B
338380000,2024-07-20T15:16:52,24.45277,-81.88038,7.9,131.4,511.0,TERALANI 2,,WDA2147,36,,20,11,,,B
338380000,2024-07-20T15:20:21,24.45243,-81.87990,0.7,0.0,511.0,TERALANI 2,,WDA2147,36,,20,11,,,B
338380000,2024-07-20T15:23:22,24.45253,-81.87990,0.7,0.0,511.0,TERALANI 2,,WDA2147,36,,20,11,,,B
338380000,2024-07-20T15:32:21,24.45250,-81.87992,0.7,0.0,511.0,TERALANI 2,,WDA2147,36,,20,11,,,B
338380000,2024-07-20T15:35:23,24.45250,-81.87992,0.7,0.0,511.0,TERALANI 2,,WDA2147,36,,20,11,,,B
338380000,2024-07-20T15:38:22,24.45250,-81.87992,0.7,0.0,511.0,TERALANI 2,,WDA2147,36,,20,11,,,B
338380000,2024-07-20T15:41:23,24.45252,-81.87992,0.7,0.0,511.0,TERALANI 2,,WDA2147,36,,20,11,,,B
338380000,2024-07-20T15:44:23,24.45250,-81.87992,0.7,0.0,511.0,TERALANI 2,,WDA2147,36,,20,11,,,B
338380000,2024-07-20T15:50:23,24.45248,-81.87993,0.7,0.0,511.0,TERALANI 2,,WDA2147,36,,20,11,,,B
338380000,2024-07-20T15:58:45,24.45273,-81.88028,2.3,348.5,511.0,TERALANI 2,,WDA2147,36,,20,11,,,B
338380000,2024-07-20T15:59:53,24.45087,-81.87952,10.3,97.0,511.0,TERALANI 2,,WDA2147,36,,20,11,,,B
338380000,2024-07-20T16:00:23,24.45068,-81.87808,10.3,99.2,511.0,TERALANI 2,,WDA2147,36,,20,11,,,B
338380000,2024-07-17T15:15:52,24.46652,-81.87682,9.5,214.7,511.0,TERALANI 2,,WDA2147,36,,20,11,,,B
338380000,2024-07-17T15:16:53,24.46453,-81.87847,9.5,217.7,511.0,TERALANI 2,,WDA2147,36,,20,11,,,B
338380000,2024-07-17T15:17:54,24.46247,-81.88003,8.7,211.8,511.0,TERALANI 2,,WDA2147,36,,20,11,,,B
338380000,2024-07-20T15:11:16,24.46742,-81.87820,10.3,207.9,511.0,TERALANI 2,,WDA2147,36,,20,11,,,B
338380000,2024-07-20T15:12:48,24.46358,-81.88053,10.3,204.4,511.0,TERALANI 2,,WDA2147,36,,20,11,,,B
338380000,2024-07-27T16:03:11,24.45000,-81.86980,10.3,82.9,511.0,TERALANI 2,,WDA2147,36,,20,11,,,B
338380000,2024-07-27T16:05:12,24.45033,-81.86375,10.3,87.0,511.0,TERALANI 2,,WDA2147,36,,20,11,,,B
338380000,2024-07-27T16:06:17,24.45070,-81.86057,10.3,76.2,511.0,TERALANI 2,,WDA2147,36,,20,11,,,B
368279080,2024-07-28T15:59:30,24.46243,-81.85914,8.6,240.9,234.0,SUGAR MAGNOLIA,,WDN4221,36,,12,6,,,B
368279080,2024-07-28T16:00:00,24.46173,-81.86011,7.7,214.7,208.0,SUGAR MAGNOLIA,,WDN4221,36,,12,6,,,B
368279080,2024-07-28T16:01:29,24.45848,-81.86050,7.9,178.8,174.0,SUGAR MAGNOLIA,,WDN4221,36,,12,6,,,B
368279080,2024-07-28T16:02:30,24.45623,-81.86043,7.5,168.1,163.0,SUGAR MAGNOLIA,,WDN4221,36,,12,6,,,B
368279080,2024-07-28T16:04:32,24.45530,-81.85979,0.8,299.1,140.0,SUGAR MAGNOLIA,,WDN4221,36,,12,6,,,B
368279080,2024-07-28T16:06:00,24.45535,-81.85982,0.1,360.0,153.0,SUGAR MAGNOLIA,,WDN4221,36,,12,6,,,B
368279080,2024-07-28T16:09:35,24.45530,-81.85986,0.0,360.0,125.0,SUGAR MAGNOLIA,,WDN4221,36,,12,6,,,B
338380000,2024-07-28T16:10:54,24.45212,-81.86972,8.7,66.5,511.0,TERALANI 2,,WDA2147,36,,20,11,,,B
338380000,2024-07-28T16:12:26,24.45337,-81.86620,8.7,65.3,511.0,TERALANI 2,,WDA2147,36,,20,11,,,B
368279080,2024-07-28T16:12:35,24.45531,-81.85984,0.0,360.0,131.0,SUGAR MAGNOLIA,,WDN4221,36,,12,6,,,B
338380000,2024-07-28T16:13:27,24.45420,-81.86380,8.7,72.1,511.0,TERALANI 2,,WDA2147,36,,20,11,,,B
338380000,2024-07-28T16:14:28,24.45473,-81.86133,8.7,77.4,511.0,TERALANI 2,,WDA2147,36,,20,11,,,B
338380000,2024-07-28T16:15:31,24.45500,-81.85990,1.5,100.5,511.0,TERALANI 2,,WDA2147,36,,20,11,,,B
368279080,2024-07-28T16:15:34,24.45532,-81.85983,0.2,360.0,144.0,SUGAR MAGNOLIA,,WDN4221,36,,12,6,,,B
368279080,2024-07-28T16:18:36,24.45532,-81.85983,0.1,360.0,146.0,SUGAR MAGNOLIA,,WDN4221,36,,12,6,,,B
338380000,2024-07-28T16:21:31,24.45508,-81.85987,0.7,0.0,511.0,TERALANI 2,,WDA2147,36,,20,11,,,B
368279080,2024-07-28T16:21:34,24.45533,-81.85982,0.1,360.0,134.0,SUGAR MAGNOLIA,,WDN4221,36,,12,6,,,B
338380000,2024-07-28T16:24:30,24.45508,-81.85988,0.7,0.0,511.0,TERALANI 2,,WDA2147,36,,20,11,,,B
368279080,2024-07-28T16:24:34,24.45532,-81.85981,0.0,360.0,120.0,SUGAR MAGNOLIA,,WDN4221,36,,12,6,,,B
368279080,2024-07-28T16:27:36,24.45532,-81.85984,0.3,360.0,132.0,SUGAR MAGNOLIA,,WDN4221,36,,12,6,,,B
338380000,2024-07-28T16:30:31,24.45507,-81.85988,0.7,0.0,511.0,TERALANI 2,,WDA2147,36,,20,11,,,B
368279080,2024-07-28T16:30:36,24.45533,-81.85982,0.1,360.0,118.0,SUGAR MAGNOLIA,,WDN4221,36,,12,6,,,B
338380000,2024-07-28T16:33:32,24.45507,-81.85988,0.7,0.0,511.0,TERALANI 2,,WDA2147,36,,20,11,,,B
368279080,2024-07-28T16:33:36,24.45533,-81.85984,0.1,360.0,122.0,SUGAR MAGNOLIA,,WDN4221,36,,12,6,,,B
338380000,2024-07-28T16:36:31,24.45505,-81.85990,0.7,144.0,511.0,TERALANI 2,,WDA2147,36,,20,11,,,B
368279080,2024-07-28T16:36:34,24.45532,-81.85985,0.0,360.0,134.0,SUGAR MAGNOLIA,,WDN4221,36,,12,6,,,B
368279080,2024-07-28T16:39:34,24.45531,-81.85985,0.2,360.0,116.0,SUGAR MAGNOLIA,,WDN4221,36,,12,6,,,B
368279080,2024-07-28T16:42:35,24.45531,-81.85985,0.1,360.0,116.0,SUGAR MAGNOLIA,,WDN4221,36,,12,6,,,B
338380000,2024-07-28T16:45:30,24.45508,-81.85990,0.7,118.3,511.0,TERALANI 2,,WDA2147,36,,20,11,,,B
368279080,2024-07-28T16:45:34,24.45532,-81.85984,0.1,360.0,126.0,SUGAR MAGNOLIA,,WDN4221,36,,12,6,,,B
338380000,2024-07-28T16:48:31,24.45507,-81.85990,0.7,0.0,511.0,TERALANI 2,,WDA2147,36,,20,11,,,B
368279080,2024-07-28T16:48:35,24.45533,-81.85985,0.1,360.0,130.0,SUGAR MAGNOLIA,,WDN4221,36,,12,6,,,B
338380000,2024-07-28T16:51:30,24.45508,-81.85988,0.7,351.0,511.0,TERALANI 2,,WDA2147,36,,20,11,,,B
368279080,2024-07-28T16:51:38,24.45531,-81.85986,0.1,360.0,111.0,SUGAR MAGNOLIA,,WDN4221,36,,12,6,,,B
368279080,2024-07-28T16:54:35,24.45533,-81.85984,0.0,360.0,119.0,SUGAR MAGNOLIA,,WDN4221,36,,12,6,,,B
338380000,2024-07-28T16:54:35,24.45508,-81.85990,0.7,287.7,511.0,TERALANI 2,,WDA2147,36,,20,11,,,B
338380000,2024-07-28T16:57:32,24.45510,-81.85990,0.7,0.0,511.0,TERALANI 2,,WDA2147,36,,20,11,,,B
368279080,2024-07-28T16:57:35,24.45534,-81.85984,0.2,360.0,134.0,SUGAR MAGNOLIA,,WDN4221,36,,12,6,,,B
338380000,2024-07-28T16:59:56,24.45530,-81.86043,3.1,277.2,511.0,TERALANI 2,,WDA2147,36,,20,11,,,B
338380000,2024-07-28T17:00:25,24.45520,-81.86078,2.3,224.3,511.0,TERALANI 2,,WDA2147,36,,20,11,,,B
368279080,2024-07-28T17:00:34,24.45536,-81.85981,0.0,360.0,145.0,SUGAR MAGNOLIA,,WDN4221,36,,12,6,,,B
338380000,2024-07-28T17:02:41,24.45813,-81.86208,9.5,342.7,511.0,TERALANI 2,,WDA2147,36,,20,11,,,B
368279080,2024-07-28T17:03:34,24.45533,-81.85984,0.1,360.0,130.0,SUGAR MAGNOLIA,,WDN4221,36,,12,6,,,B
338380000,2024-07-28T17:04:13,24.46183,-81.86312,9.5,359.5,511.0,TERALANI 2,,WDA2147,36,,20,11,,,B
338380000,2024-07-28T17:05:45,24.46532,-81.86185,9.5,16.6,511.0,TERALANI 2,,WDA2147,36,,20,11,,,B
368279080,2024-07-28T17:06:36,24.45532,-81.85984,0.0,360.0,126.0,SUGAR MAGNOLIA,,WDN4221,36,,12,6,,,B
368279080,2024-07-28T17:09:34,24.45531,-81.85983,0.1,360.0,132.0,SUGAR MAGNOLIA,,WDN4221,36,,12,6,,,B
368279080,2024-07-28T17:12:35,24.45531,-81.85984,0.1,360.0,138.0,SUGAR MAGNOLIA,,WDN4221,36,,12,6,,,B
368279080,2024-07-28T17:15:35,24.45530,-81.85984,0.1,360.0,124.0,SUGAR MAGNOLIA,,WDN4221,36,,12,6,,,B
368279080,2024-07-28T17:18:35,24.45530,-81.85984,0.1,360.0,126.0,SUGAR MAGNOLIA,,WDN4221,36,,12,6,,,B
368279080,2024-07-28T17:21:35,24.45533,-81.85983,0.1,360.0,137.0,SUGAR MAGNOLIA,,WDN4221,36,,12,6,,,B
368279080,2024-07-28T17:24:34,24.45531,-81.85983,0.3,360.0,105.0,SUGAR MAGNOLIA,,WDN4221,36,,12,6,,,B
368279080,2024-07-28T17:27:35,24.45534,-81.85981,0.1,360.0,109.0,SUGAR MAGNOLIA,,WDN4221,36,,12,6,,,B
368279080,2024-07-28T17:30:34,24.45531,-81.85982,0.1,360.0,116.0,SUGAR MAGNOLIA,,WDN4221,36,,12,6,,,B
368279080,2024-07-28T17:33:34,24.45533,-81.85983,0.0,360.0,131.0,SUGAR MAGNOLIA,,WDN4221,36,,12,6,,,B
368279080,2024-07-28T17:36:35,24.45530,-81.85985,0.1,360.0,128.0,SUGAR MAGNOLIA,,WDN4221,36,,12,6,,,B
368279080,2024-07-28T17:39:35,24.45534,-81.85983,0.0,360.0,141.0,SUGAR MAGNOLIA,,WDN4221,36,,12,6,,,B
368279080,2024-07-28T17:42:39,24.45533,-81.85986,0.1,360.0,121.0,SUGAR MAGNOLIA,,WDN4221,36,,12,6,,,B
368279080,2024-07-28T17:46:08,24.45817,-81.86219,6.1,350.6,356.0,SUGAR MAGNOLIA,,WDN4221,36,,12,6,,,B
368279080,2024-07-28T17:47:39,24.46065,-81.86130,7.3,38.8,39.0,SUGAR MAGNOLIA,,WDN4221,36,,12,6,,,B
368279080,2024-07-28T17:48:41,24.46234,-81.85955,7.9,49.1,53.0,SUGAR MAGNOLIA,,WDN4221,36,,12,6,,,B
338380000,2024-07-27T16:00:38,24.45060,-81.87718,10.3,90.8,511.0,TERALANI 2,,WDA2147,36,,20,11,,,B
338380000,2024-07-27T16:01:39,24.45073,-81.87415,10.3,87.0,511.0,TERALANI 2,,WDA2147,36,,20,11,,,B
338380000,2024-07-28T16:07:56,24.45043,-81.87677,7.9,92.5,511.0,TERALANI 2,,WDA2147,36,,20,11,,,B
338380000,2024-07-28T16:09:24,24.45097,-81.87325,8.7,72.8,511.0,TERALANI 2,,WDA2147,36,,20,11,,,B
338380000,2024-07-27T15:13:34,24.46695,-81.87887,10.3,200.8,511.0,TERALANI 2,,WDA2147,36,,20,11,,,B
338380000,2024-07-27T15:15:04,24.46295,-81.88007,10.3,189.6,511.0,TERALANI 2,,WDA2147,36,,20,11,,,B
338380000,2024-07-27T15:16:35,24.45887,-81.88098,10.3,189.0,511.0,TERALANI 2,,WDA2147,36,,20,11,,,B
338380000,2024-07-27T15:17:36,24.45613,-81.88140,10.3,183.2,511.0,TERALANI 2,,WDA2147,36,,20,11,,,B
338380000,2024-07-27T15:18:39,24.45415,-81.88107,4.7,149.0,511.0,TERALANI 2,,WDA2147,36,,20,11,,,B
338380000,2024-07-27T15:20:44,24.45257,-81.87980,1.5,138.3,511.0,TERALANI 2,,WDA2147,36,,20,11,,,B
338380000,2024-07-27T15:23:43,24.45263,-81.87985,0.7,0.0,511.0,TERALANI 2,,WDA2147,36,,20,11,,,B
338380000,2024-07-27T15:26:44,24.45262,-81.87987,0.7,0.0,511.0,TERALANI 2,,WDA2147,36,,20,11,,,B
338380000,2024-07-27T15:29:44,24.45263,-81.87985,0.7,0.0,511.0,TERALANI 2,,WDA2147,36,,20,11,,,B
338380000,2024-07-27T15:38:48,24.45260,-81.87987,0.7,0.0,511.0,TERALANI 2,,WDA2147,36,,20,11,,,B
338380000,2024-07-27T15:44:50,24.45255,-81.87990,0.7,0.0,511.0,TERALANI 2,,WDA2147,36,,20,11,,,B
338380000,2024-07-27T15:47:50,24.45253,-81.87990,0.7,0.0,511.0,TERALANI 2,,WDA2147,36,,20,11,,,B
338380000,2024-07-27T15:56:50,24.45253,-81.87988,0.7,0.0,511.0,TERALANI 2,,WDA2147,36,,20,11,,,B
338380000,2024-07-27T15:58:01,24.45263,-81.88040,3.9,276.6,511.0,TERALANI 2,,WDA2147,36,,20,11,,,B
338380000,2024-07-27T15:59:40,24.45093,-81.87997,9.5,121.7,511.0,TERALANI 2,,WDA2147,36,,20,11,,,B
338380000,2024-07-28T15:20:05,24.46682,-81.87898,8.7,199.3,511.0,TERALANI 2,,WDA2147,36,,20,11,,,B
338380000,2024-07-28T15:23:40,24.46025,-81.88377,7.9,166.7,511.0,TERALANI 2,,WDA2147,36,,20,11,,,B
338380000,2024-07-28T15:25:08,24.45718,-81.88300,7.9,161.1,511.0,TERALANI 2,,WDA2147,36,,20,11,,,B
338380000,2024-07-28T15:26:10,24.45522,-81.88195,7.9,145.0,511.0,TERALANI 2,,WDA2147,36,,20,11,,,B
338380000,2024-07-28T15:27:43,24.45337,-81.88010,1.5,128.7,511.0,TERALANI 2,,WDA2147,36,,20,11,,,B
338380000,2024-07-28T15:39:48,24.45340,-81.88023,0.7,53.1,511.0,TERALANI 2,,WDA2147,36,,20,11,,,B
338380000,2024-07-28T15:45:48,24.45345,-81.88018,0.7,0.0,511.0,TERALANI 2,,WDA2147,36,,20,11,,,B
338380000,2024-07-28T15:48:50,24.45347,-81.88018,0.7,0.0,511.0,TERALANI 2,,WDA2147,36,,20,11,,,B
338380000,2024-07-28T15:51:50,24.45348,-81.88017,0.7,0.0,511.0,TERALANI 2,,WDA2147,36,,20,11,,,B
338380000,2024-07-28T15:54:51,24.45350,-81.88015,0.7,0.0,511.0,TERALANI 2,,WDA2147,36,,20,11,,,B
338380000,2024-07-28T16:00:52,24.45348,-81.88017,0.7,0.0,511.0,TERALANI 2,,WDA2147,36,,20,11,,,B
338380000,2024-07-28T16:03:52,24.45348,-81.88018,0.7,0.0,511.0,TERALANI 2,,WDA2147,36,,20,11,,,B
338380000,2024-07-28T16:05:21,24.45300,-81.88063,7.1,216.6,511.0,TERALANI 2,,WDA2147,36,,20,11,,,B
338380000,2024-07-28T16:06:53,24.45083,-81.87928,7.9,108.7,511.0,TERALANI 2,,WDA2147,36,,20,11,,,B
338380000,2024-08-06T15:24:47,24.46810,-81.86505,8.7,197.9,511.0,TERALANI 2,,WDA2147,36,,20,11,,,B
338380000,2024-08-06T17:15:17,24.46490,-81.85875,9.5,34.5,511.0,TERALANI 2,,WDA2147,36,,20,11,,,B
338380000,2024-08-06T19:29:19,24.46480,-81.86628,8.7,200.7,511.0,TERALANI 2,,WDA2147,36,,20,11,,,B
338380000,2024-08-06T19:30:48,24.46372,-81.86667,8.7,196.0,511.0,TERALANI 2,,WDA2147,36,,20,11,,,B
338497074,2024-08-09T13:40:48,24.46493,-81.87176,11.9,202.3,511.0,GADU,,,37,,50,24,,,B
338380000,2024-08-09T15:18:40,24.46787,-81.87055,8.7,172.0,511.0,TERALANI 2,,WDA2147,36,,20,11,,,B
338380000,2024-08-09T15:19:43,24.46538,-81.87033,8.7,173.9,511.0,TERALANI 2,,WDA2147,36,,20,11,,,B
338497074,2024-08-09T17:07:47,24.46487,-81.86379,18.3,25.9,511.0,GADU,,,37,,50,24,,,B
338497074,2024-08-09T13:42:20,24.46003,-81.87326,11.4,187.3,511.0,GADU,,,37,,50,24,,,B
338497074,2024-08-09T13:44:20,24.45445,-81.87431,9.1,212.4,511.0,GADU,,,37,,50,24,,,B
338497074,2024-08-09T13:46:20,24.45300,-81.87507,2.2,200.8,511.0,GADU,,,37,,50,24,,,B
338497074,2024-08-09T13:48:18,24.45270,-81.87582,0.5,181.1,511.0,GADU,,,37,,50,24,,,B
338497074,2024-08-09T13:49:51,24.45249,-81.87594,2.5,225.3,511.0,GADU,,,37,,50,24,,,B
338497074,2024-08-09T13:51:51,24.45224,-81.87673,0.9,123.1,511.0,GADU,,,37,,50,24,,,B
338497074,2024-08-09T13:53:18,24.45230,-81.87666,0.3,203.7,511.0,GADU,,,37,,50,24,,,B
338497074,2024-08-09T13:56:50,24.45230,-81.87664,0.3,273.6,511.0,GADU,,,37,,50,24,,,B
338497074,2024-08-09T13:59:49,24.45229,-81.87661,0.2,360.0,511.0,GADU,,,37,,50,24,,,B
338497074,2024-08-09T14:02:51,24.45229,-81.87660,0.1,360.0,511.0,GADU,,,37,,50,24,,,B
338497074,2024-08-09T14:05:50,24.45230,-81.87661,0.2,360.0,511.0,GADU,,,37,,50,24,,,B
338497074,2024-08-09T14:14:51,24.45228,-81.87656,0.3,61.7,511.0,GADU,,,37,,50,24,,,B
338497074,2024-08-09T14:17:49,24.45227,-81.87657,0.1,360.0,511.0,GADU,,,37,,50,24,,,B
338497074,2024-08-09T14:20:49,24.45229,-81.87660,0.3,113.6,511.0,GADU,,,37,,50,24,,,B
338497074,2024-08-09T14:23:49,24.45228,-81.87658,0.1,360.0,511.0,GADU,,,37,,50,24,,,B
338497074,2024-08-09T14:26:51,24.45229,-81.87658,0.4,62.1,511.0,GADU,,,37,,50,24,,,B
338497074,2024-08-09T14:29:51,24.45229,-81.87657,0.3,288.4,511.0,GADU,,,37,,50,24,,,B
338497074,2024-08-09T14:32:50,24.45229,-81.87658,0.3,281.9,511.0,GADU,,,37,,50,24,,,B
338497074,2024-08-09T14:35:51,24.45230,-81.87661,0.1,360.0,511.0,GADU,,,37,,50,24,,,B
338497074,2024-08-09T14:38:52,24.45229,-81.87658,0.5,313.0,511.0,GADU,,,37,,50,24,,,B
338497074,2024-08-09T14:41:51,24.45229,-81.87658,0.0,360.0,511.0,GADU,,,37,,50,24,,,B
338497074,2024-08-09T14:50:52,24.45229,-81.87657,0.3,297.8,511.0,GADU,,,37,,50,24,,,B
338497074,2024-08-09T14:56:51,24.45229,-81.87658,0.4,277.7,511.0,GADU,,,37,,50,24,,,B
338497074,2024-08-09T14:59:49,24.45228,-81.87658,0.1,360.0,511.0,GADU,,,37,,50,24,,,B
338497074,2024-08-09T15:02:49,24.45227,-81.87654,0.2,360.0,511.0,GADU,,,37,,50,24,,,B
338497074,2024-08-09T15:05:51,24.45226,-81.87653,0.3,281.6,511.0,GADU,,,37,,50,24,,,B
338497074,2024-08-09T15:08:49,24.45226,-81.87653,0.3,154.0,511.0,GADU,,,37,,50,24,,,B
338497074,2024-08-09T15:11:52,24.45226,-81.87653,0.1,360.0,511.0,GADU,,,37,,50,24,,,B
338497074,2024-08-09T15:14:51,24.45226,-81.87656,0.2,360.0,511.0,GADU,,,37,,50,24,,,B
338497074,2024-08-09T15:17:50,24.45227,-81.87657,0.1,360.0,511.0,GADU,,,37,,50,24,,,B
338497074,2024-08-09T15:20:49,24.45227,-81.87658,0.4,117.1,511.0,GADU,,,37,,50,24,,,B
338380000,2024-08-09T15:21:11,24.46193,-81.86992,8.7,167.3,511.0,TERALANI 2,,WDA2147,36,,20,11,,,B
338380000,2024-08-09T15:23:12,24.45780,-81.86962,8.7,212.2,511.0,TERALANI 2,,WDA2147,36,,20,11,,,B
338497074,2024-08-09T15:23:49,24.45227,-81.87657,0.4,154.4,511.0,GADU,,,37,,50,24,,,B
338380000,2024-08-09T15:24:43,24.45502,-81.87193,8.7,240.2,511.0,TERALANI 2,,WDA2147,36,,20,11,,,B
338380000,2024-08-09T15:25:46,24.45403,-81.87347,3.9,232.6,511.0,TERALANI 2,,WDA2147,36,,20,11,,,B
338497074,2024-08-09T15:26:49,24.45226,-81.87657,0.6,107.4,511.0,GADU,,,37,,50,24,,,B
338380000,2024-08-09T15:29:14,24.45393,-81.87372,0.7,104.7,511.0,TERALANI 2,,WDA2147,36,,20,11,,,B
338497074,2024-08-09T15:29:52,24.45226,-81.87655,0.3,55.2,511.0,GADU,,,37,,50,24,,,B
338380000,2024-08-09T15:32:15,24.45392,-81.87368,0.7,132.5,511.0,TERALANI 2,,WDA2147,36,,20,11,,,B
338497074,2024-08-09T15:32:50,24.45224,-81.87654,0.2,116.4,511.0,GADU,,,37,,50,24,,,B
338380000,2024-08-09T15:35:17,24.45392,-81.87367,0.7,0.0,511.0,TERALANI 2,,WDA2147,36,,20,11,,,B
338497074,2024-08-09T15:35:50,24.45224,-81.87654,0.3,121.9,511.0,GADU,,,37,,50,24,,,B
338380000,2024-08-09T15:38:16,24.45390,-81.87365,0.7,0.0,511.0,TERALANI 2,,WDA2147,36,,20,11,,,B
338497074,2024-08-09T15:38:53,24.45225,-81.87655,0.2,360.0,511.0,GADU,,,37,,50,24,,,B
338497074,2024-08-09T15:41:51,24.45226,-81.87655,0.3,126.9,511.0,GADU,,,37,,50,24,,,B
338497074,2024-08-09T15:44:50,24.45226,-81.87655,0.2,314.6,511.0,GADU,,,37,,50,24,,,B
338380000,2024-08-09T15:47:17,24.45390,-81.87363,0.7,0.0,511.0,TERALANI 2,,WDA2147,36,,20,11,,,B
338497074,2024-08-09T15:47:53,24.45226,-81.87656,0.1,360.0,511.0,GADU,,,37,,50,24,,,B
338380000,2024-08-09T15:50:16,24.45390,-81.87362,0.7,0.0,511.0,TERALANI 2,,WDA2147,36,,20,11,,,B
338380000,2024-08-09T15:53:19,24.45392,-81.87363,0.7,0.0,511.0,TERALANI 2,,WDA2147,36,,20,11,,,B
338497074,2024-08-09T15:53:51,24.45226,-81.87657,0.0,360.0,511.0,GADU,,,37,,50,24,,,B
338497074,2024-08-09T15:56:49,24.45225,-81.87654,0.1,360.0,511.0,GADU,,,37,,50,24,,,B
338380000,2024-08-09T15:59:19,24.45392,-81.87362,0.7,0.0,511.0,TERALANI 2,,WDA2147,36,,20,11,,,B
338497074,2024-08-09T15:59:52,24.45224,-81.87656,0.2,131.7,511.0,GADU,,,37,,50,24,,,B
338380000,2024-08-09T16:02:18,24.45392,-81.87365,0.7,0.0,511.0,TERALANI 2,,WDA2147,36,,20,11,,,B
338497074,2024-08-09T16:02:50,24.45225,-81.87657,0.3,109.4,511.0,GADU,,,37,,50,24,,,B
338380000,2024-08-09T16:05:19,24.45392,-81.87365,0.7,0.0,511.0,TERALANI 2,,WDA2147,36,,20,11,,,B
338497074,2024-08-09T16:05:51,24.45225,-81.87656,0.2,360.0,511.0,GADU,,,37,,50,24,,,B
338380000,2024-08-09T16:08:18,24.45392,-81.87365,0.7,0.0,511.0,TERALANI 2,,WDA2147,36,,20,11,,,B
338497074,2024-08-09T16:08:51,24.45225,-81.87655,0.2,360.0,511.0,GADU,,,37,,50,24,,,B
338380000,2024-08-09T16:10:07,24.45455,-81.87350,0.7,9.1,511.0,TERALANI 2,,WDA2147,36,,20,11,,,B
338497074,2024-08-09T16:11:51,24.45225,-81.87652,0.2,346.3,511.0,GADU,,,37,,50,24,,,B
338380000,2024-08-09T16:12:13,24.45485,-81.86910,9.5,91.7,511.0,TERALANI 2,,WDA2147,36,,20,11,,,B
338380000,2024-08-09T16:13:16,24.45493,-81.86617,9.5,99.7,511.0,TERALANI 2,,WDA2147,36,,20,11,,,B
338497074,2024-08-09T16:14:50,24.45227,-81.87657,0.2,301.4,511.0,GADU,,,37,,50,24,,,B
338380000,2024-08-09T16:15:20,24.45352,-81.86080,9.5,102.9,511.0,TERALANI 2,,WDA2147,36,,20,11,,,B
338497074,2024-08-09T16:17:51,24.45227,-81.87655,0.0,360.0,511.0,GADU,,,37,,50,24,,,B
338497074,2024-08-09T16:20:50,24.45228,-81.87660,0.2,360.0,511.0,GADU,,,37,,50,24,,,B
338497074,2024-08-09T16:23:49,24.45228,-81.87661,0.4,275.8,511.0,GADU,,,37,,50,24,,,B
338497074,2024-08-09T16:26:50,24.45228,-81.87661,0.2,360.0,511.0,GADU,,,37,,50,24,,,B
338497074,2024-08-09T16:29:50,24.45227,-81.87658,0.2,297.0,511.0,GADU,,,37,,50,24,,,B
338497074,2024-08-09T16:32:51,24.45227,-81.87658,0.4,277.5,511.0,GADU,,,37,,50,24,,,B
338497074,2024-08-09T16:38:49,24.45228,-81.87661,0.1,360.0,511.0,GADU,,,37,,50,24,,,B
338497074,2024-08-09T16:41:52,24.45227,-81.87656,0.2,360.0,511.0,GADU,,,37,,50,24,,,B
338497074,2024-08-09T16:44:50,24.45227,-81.87657,0.2,360.0,511.0,GADU,,,37,,50,24,,,B
338497074,2024-08-09T16:47:49,24.45227,-81.87657,0.3,86.9,511.0,GADU,,,37,,50,24,,,B
338497074,2024-08-09T16:50:52,24.45228,-81.87660,0.5,118.9,511.0,GADU,,,37,,50,24,,,B
338497074,2024-08-09T16:56:50,24.45229,-81.87660,0.1,360.0,511.0,GADU,,,37,,50,24,,,B
338497074,2024-08-09T16:59:52,24.45227,-81.87659,0.4,166.3,511.0,GADU,,,37,,50,24,,,B
338497074,2024-08-09T17:04:17,24.45265,-81.87281,11.1,40.7,511.0,GADU,,,37,,50,24,,,B
338497074,2024-08-09T17:05:20,24.45539,-81.87036,12.9,42.7,511.0,GADU,,,37,,50,24,,,B
338497074,2024-08-09T17:06:31,24.45935,-81.86713,17.5,34.8,511.0,GADU,,,37,,50,24,,,B
338380000,2024-08-06T16:00:34,24.45325,-81.87343,0.7,0.0,511.0,TERALANI 2,,WDA2147,36,,20,11,,,B
338380000,2024-08-06T16:03:32,24.45323,-81.87343,0.7,0.0,511.0,TERALANI 2,,WDA2147,36,,20,11,,,B
338380000,2024-08-06T16:09:34,24.45328,-81.87345,0.7,154.8,511.0,TERALANI 2,,WDA2147,36,,20,11,,,B
338380000,2024-08-06T16:15:35,24.45330,-81.87347,1.5,48.5,511.0,TERALANI 2,,WDA2147,36,,20,11,,,B
338380000,2024-08-06T16:17:07,24.45363,-81.87330,2.3,2.4,511.0,TERALANI 2,,WDA2147,36,,20,11,,,B
338380000,2024-08-06T16:18:12,24.45335,-81.87003,8.7,97.3,511.0,TERALANI 2,,WDA2147,36,,20,11,,,B
338380000,2024-08-06T16:19:15,24.45305,-81.86722,8.7,95.5,511.0,TERALANI 2,,WDA2147,36,,20,11,,,B
338380000,2024-08-06T16:20:16,24.45312,-81.86442,9.5,89.1,511.0,TERALANI 2,,WDA2147,36,,20,11,,,B
338380000,2024-08-06T16:21:45,24.45318,-81.86030,8.7,83.2,511.0,TERALANI 2,,WDA2147,36,,20,11,,,B
338380000,2024-08-06T17:10:43,24.45460,-81.86085,8.7,334.2,511.0,TERALANI 2,,WDA2147,36,,20,11,,,B
338380000,2024-08-06T17:12:16,24.45810,-81.86135,8.7,12.3,511.0,TERALANI 2,,WDA2147,36,,20,11,,,B
338380000,2024-08-06T17:13:45,24.46153,-81.86015,8.7,11.6,511.0,TERALANI 2,,WDA2147,36,,20,11,,,B
338497074,2024-08-09T17:01:17,24.45218,-81.87645,3.1,135.4,511.0,GADU,,,37,,50,24,,,B
338497074,2024-08-09T17:02:47,24.45170,-81.87570,3.7,130.0,511.0,GADU,,,37,,50,24,,,B
338380000,2024-08-11T15:17:08,24.46793,-81.87760,9.5,206.4,511.0,TERALANI 2,,WDA2147,36,,20,11,,,B
338380000,2024-08-11T15:18:39,24.46468,-81.88010,10.3,214.4,511.0,TERALANI 2,,WDA2147,36,,20,11,,,B
338380000,2024-08-11T15:20:09,24.46133,-81.88238,9.5,195.2,511.0,TERALANI 2,,WDA2147,36,,20,11,,,B
338380000,2024-08-11T15:21:11,24.45878,-81.88318,9.5,186.8,511.0,TERALANI 2,,WDA2147,36,,20,11,,,B
338380000,2024-08-11T15:23:11,24.45390,-81.88193,9.5,146.5,511.0,TERALANI 2,,WDA2147,36,,20,11,,,B
338380000,2024-08-11T15:24:42,24.45222,-81.88035,3.9,153.2,511.0,TERALANI 2,,WDA2147,36,,20,11,,,B
338380000,2024-08-11T15:28:14,24.45195,-81.88028,0.7,171.7,511.0,TERALANI 2,,WDA2147,36,,20,11,,,B
338380000,2024-08-11T15:31:15,24.45190,-81.88027,0.7,0.0,511.0,TERALANI 2,,WDA2147,36,,20,11,,,B
338380000,2024-08-11T15:34:15,24.45192,-81.88028,0.7,0.0,511.0,TERALANI 2,,WDA2147,36,,20,11,,,B
338380000,2024-08-11T15:37:16,24.45193,-81.88028,0.7,0.0,511.0,TERALANI 2,,WDA2147,36,,20,11,,,B
338380000,2024-08-11T15:40:16,24.45195,-81.88030,0.7,0.0,511.0,TERALANI 2,,WDA2147,36,,20,11,,,B
338380000,2024-08-11T15:43:16,24.45200,-81.88030,0.7,0.0,511.0,TERALANI 2,,WDA2147,36,,20,11,,,B
338380000,2024-08-11T15:46:16,24.45200,-81.88032,0.7,0.0,511.0,TERALANI 2,,WDA2147,36,,20,11,,,B
338380000,2024-08-11T15:49:17,24.45203,-81.88032,0.7,0.0,511.0,TERALANI 2,,WDA2147,36,,20,11,,,B
338380000,2024-08-11T15:52:15,24.45202,-81.88032,0.7,136.3,511.0,TERALANI 2,,WDA2147,36,,20,11,,,B
338380000,2024-08-11T15:55:17,24.45198,-81.88032,0.7,312.3,511.0,TERALANI 2,,WDA2147,36,,20,11,,,B
338380000,2024-08-11T16:01:16,24.45195,-81.88032,0.7,0.0,511.0,TERALANI 2,,WDA2147,36,,20,11,,,B
338380000,2024-08-11T16:04:18,24.45197,-81.88032,0.7,354.5,511.0,TERALANI 2,,WDA2147,36,,20,11,,,B
338380000,2024-08-11T16:08:56,24.45140,-81.88007,8.7,147.5,511.0,TERALANI 2,,WDA2147,36,,20,11,,,B
338380000,2024-08-11T16:10:30,24.45010,-81.87635,9.5,91.5,511.0,TERALANI 2,,WDA2147,36,,20,11,,,B
338380000,2024-08-11T16:11:31,24.45030,-81.87365,8.7,78.3,511.0,TERALANI 2,,WDA2147,36,,20,11,,,B
338380000,2024-08-11T16:13:03,24.45143,-81.86978,9.5,67.8,511.0,TERALANI 2,,WDA2147,36,,20,11,,,B
338380000,2024-08-11T17:07:20,24.46325,-81.86833,9.5,12.7,511.0,TERALANI 2,,WDA2147,36,,20,11,,,B
338380000,2024-08-11T17:09:24,24.46797,-81.86593,9.5,28.9,511.0,TERALANI 2,,WDA2147,36,,20,11,,,B
338380000,2024-08-11T16:14:35,24.45248,-81.86595,9.5,72.6,511.0,TERALANI 2,,WDA2147,36,,20,11,,,B
338380000,2024-08-11T16:16:04,24.45388,-81.86208,9.5,66.8,511.0,TERALANI 2,,WDA2147,36,,20,11,,,B
338380000,2024-08-11T16:17:06,24.45473,-81.86000,3.9,63.0,511.0,TERALANI 2,,WDA2147,36,,20,11,,,B
338380000,2024-08-11T16:20:39,24.45482,-81.85992,0.7,338.8,511.0,TERALANI 2,,WDA2147,36,,20,11,,,B
338380000,2024-08-11T16:26:39,24.45488,-81.85995,0.7,0.0,511.0,TERALANI 2,,WDA2147,36,,20,11,,,B
338380000,2024-08-11T16:29:37,24.45488,-81.85995,0.7,0.0,511.0,TERALANI 2,,WDA2147,36,,20,11,,,B
338380000,2024-08-11T16:35:38,24.45488,-81.85995,0.7,0.0,511.0,TERALANI 2,,WDA2147,36,,20,11,,,B
338380000,2024-08-11T16:38:40,24.45487,-81.85995,0.7,0.0,511.0,TERALANI 2,,WDA2147,36,,20,11,,,B
338380000,2024-08-11T16:41:41,24.45487,-81.85995,0.7,0.0,511.0,TERALANI 2,,WDA2147,36,,20,11,,,B
338380000,2024-08-11T16:50:39,24.45487,-81.85995,0.7,0.0,511.0,TERALANI 2,,WDA2147,36,,20,11,,,B
338380000,2024-08-11T16:53:39,24.45487,-81.85995,0.7,0.0,511.0,TERALANI 2,,WDA2147,36,,20,11,,,B
338380000,2024-08-11T16:56:39,24.45488,-81.85995,0.7,0.0,511.0,TERALANI 2,,WDA2147,36,,20,11,,,B
338380000,2024-08-11T17:01:51,24.45493,-81.86038,3.9,273.9,511.0,TERALANI 2,,WDA2147,36,,20,11,,,B
338380000,2024-08-11T17:04:49,24.45875,-81.86370,9.5,305.1,511.0,TERALANI 2,,WDA2147,36,,20,11,,,B
338380000,2024-08-11T17:05:51,24.46023,-81.86623,10.3,305.3,511.0,TERALANI 2,,WDA2147,36,,20,11,,,B
338380000,2024-08-12T15:21:21,24.46577,-81.88067,10.3,212.5,511.0,TERALANI 2,,WDA2147,36,,20,11,,,B
338380000,2024-08-12T15:22:53,24.46212,-81.88240,9.5,189.2,511.0,TERALANI 2,,WDA2147,36,,20,11,,,B
338380000,2024-08-12T15:24:27,24.45813,-81.88315,9.5,185.9,511.0,TERALANI 2,,WDA2147,36,,20,11,,,B
338380000,2024-08-12T15:25:28,24.45543,-81.88320,9.5,164.5,511.0,TERALANI 2,,WDA2147,36,,20,11,,,B
338380000,2024-08-12T15:27:30,24.45197,-81.88020,3.1,88.3,511.0,TERALANI 2,,WDA2147,36,,20,11,,,B
338380000,2024-08-12T15:31:00,24.45187,-81.88023,0.7,327.9,511.0,TERALANI 2,,WDA2147,36,,20,11,,,B
338380000,2024-08-12T15:34:01,24.45197,-81.88027,0.7,0.0,511.0,TERALANI 2,,WDA2147,36,,20,11,,,B
338380000,2024-08-12T15:37:00,24.45200,-81.88028,0.7,0.0,511.0,TERALANI 2,,WDA2147,36,,20,11,,,B
338380000,2024-08-12T15:40:00,24.45203,-81.88030,0.7,0.0,511.0,TERALANI 2,,WDA2147,36,,20,11,,,B
338380000,2024-08-12T15:43:00,24.45205,-81.88030,0.7,0.0,511.0,TERALANI 2,,WDA2147,36,,20,11,,,B
338380000,2024-08-12T15:46:00,24.45207,-81.88032,0.7,0.0,511.0,TERALANI 2,,WDA2147,36,,20,11,,,B
338380000,2024-08-12T15:49:03,24.45208,-81.88032,0.7,0.0,511.0,TERALANI 2,,WDA2147,36,,20,11,,,B
338380000,2024-08-12T15:52:02,24.45208,-81.88032,0.7,159.2,511.0,TERALANI 2,,WDA2147,36,,20,11,,,B
338380000,2024-08-12T16:01:03,24.45208,-81.88032,0.7,0.0,511.0,TERALANI 2,,WDA2147,36,,20,11,,,B
338380000,2024-08-12T16:04:02,24.45207,-81.88033,0.7,0.0,511.0,TERALANI 2,,WDA2147,36,,20,11,,,B
338380000,2024-08-12T16:07:05,24.45205,-81.88032,0.7,0.0,511.0,TERALANI 2,,WDA2147,36,,20,11,,,B
338380000,2024-08-12T16:10:13,24.45150,-81.88030,7.1,107.8,511.0,TERALANI 2,,WDA2147,36,,20,11,,,B
338380000,2024-08-12T16:11:44,24.45105,-81.87637,9.5,86.0,511.0,TERALANI 2,,WDA2147,36,,20,11,,,B
338380000,2024-08-12T16:13:45,24.45162,-81.87087,9.5,84.2,511.0,TERALANI 2,,WDA2147,36,,20,11,,,B
338380000,2024-08-12T16:14:47,24.45198,-81.86808,9.5,85.4,511.0,TERALANI 2,,WDA2147,36,,20,11,,,B
338380000,2024-08-12T16:16:48,24.45355,-81.86290,9.5,64.8,511.0,TERALANI 2,,WDA2147,36,,20,11,,,B
338380000,2024-08-12T16:17:49,24.45458,-81.86048,6.3,56.5,511.0,TERALANI 2,,WDA2147,36,,20,11,,,B
338380000,2024-08-12T16:18:50,24.45493,-81.85982,0.7,256.5,511.0,TERALANI 2,,WDA2147,36,,20,11,,,B
338380000,2024-08-12T16:21:50,24.45493,-81.85988,0.7,0.0,511.0,TERALANI 2,,WDA2147,36,,20,11,,,B
338380000,2024-08-12T16:24:51,24.45495,-81.85992,0.7,0.0,511.0,TERALANI 2,,WDA2147,36,,20,11,,,B
338380000,2024-08-12T16:27:51,24.45495,-81.85992,0.7,0.0,511.0,TERALANI 2,,WDA2147,36,,20,11,,,B
338380000,2024-08-12T16:33:51,24.45497,-81.85993,0.7,0.0,511.0,TERALANI 2,,WDA2147,36,,20,11,,,B
338380000,2024-08-12T16:39:53,24.45498,-81.85993,0.7,178.4,511.0,TERALANI 2,,WDA2147,36,,20,11,,,B
338380000,2024-08-12T16:42:53,24.45497,-81.85993,0.7,0.0,511.0,TERALANI 2,,WDA2147,36,,20,11,,,B
338380000,2024-08-12T16:51:54,24.45498,-81.85993,0.7,0.0,511.0,TERALANI 2,,WDA2147,36,,20,11,,,B
338380000,2024-08-12T16:54:54,24.45498,-81.85993,0.7,0.0,511.0,TERALANI 2,,WDA2147,36,,20,11,,,B
338380000,2024-08-12T16:57:55,24.45502,-81.86018,2.3,275.6,511.0,TERALANI 2,,WDA2147,36,,20,11,,,B
338380000,2024-08-12T17:00:23,24.45637,-81.86207,9.5,323.4,511.0,TERALANI 2,,WDA2147,36,,20,11,,,B
338380000,2024-08-12T17:01:52,24.45980,-81.86285,8.7,4.9,511.0,TERALANI 2,,WDA2147,36,,20,11,,,B
338380000,2024-08-12T17:02:55,24.46222,-81.86245,8.7,10.0,511.0,TERALANI 2,,WDA2147,36,,20,11,,,B
338380000,2024-08-12T17:04:56,24.46683,-81.86118,8.7,9.7,511.0,TERALANI 2,,WDA2147,36,,20,11,,,B
338380000,2024-08-15T16:17:55,24.45080,-81.87033,9.5,266.5,511.0,TERALANI 2,,WDA2147,36,,20,11,,,B
338380000,2024-08-15T16:18:58,24.45080,-81.87343,10.3,268.7,511.0,TERALANI 2,,WDA2147,36,,20,11,,,B
338380000,2024-08-15T19:22:08,24.45962,-81.86910,10.3,206.7,511.0,TERALANI 2,,WDA2147,36,,20,11,,,B
338380000,2024-08-15T19:23:37,24.45607,-81.87132,10.3,206.7,511.0,TERALANI 2,,WDA2147,36,,20,11,,,B
338380000,2024-08-15T19:24:38,24.45348,-81.87235,10.3,204.2,511.0,TERALANI 2,,WDA2147,36,,20,11,,,B
338380000,2024-08-15T19:26:08,24.45230,-81.87448,2.3,282.3,511.0,TERALANI 2,,WDA2147,36,,20,11,,,B
338380000,2024-08-15T19:29:08,24.45257,-81.87503,0.7,115.5,511.0,TERALANI 2,,WDA2147,36,,20,11,,,B
338380000,2024-08-15T19:32:08,24.45257,-81.87500,0.7,0.0,511.0,TERALANI 2,,WDA2147,36,,20,11,,,B
338380000,2024-08-15T19:35:10,24.45260,-81.87497,0.7,0.0,511.0,TERALANI 2,,WDA2147,36,,20,11,,,B
338380000,2024-08-15T19:41:10,24.45257,-81.87498,0.7,0.0,511.0,TERALANI 2,,WDA2147,36,,20,11,,,B
338380000,2024-08-15T19:47:12,24.45257,-81.87498,0.7,202.4,511.0,TERALANI 2,,WDA2147,36,,20,11,,,B
338380000,2024-08-15T19:50:12,24.45252,-81.87502,0.7,0.0,511.0,TERALANI 2,,WDA2147,36,,20,11,,,B
338380000,2024-08-15T19:53:11,24.45252,-81.87502,0.7,0.0,511.0,TERALANI 2,,WDA2147,36,,20,11,,,B
338380000,2024-08-15T19:59:12,24.45258,-81.87500,0.7,0.0,511.0,TERALANI 2,,WDA2147,36,,20,11,,,B
338380000,2024-08-15T20:02:13,24.45257,-81.87500,0.7,0.0,511.0,TERALANI 2,,WDA2147,36,,20,11,,,B
338380000,2024-08-15T20:14:15,24.45253,-81.87500,0.7,0.0,511.0,TERALANI 2,,WDA2147,36,,20,11,,,B
338380000,2024-08-15T20:17:14,24.45252,-81.87502,0.7,0.0,511.0,TERALANI 2,,WDA2147,36,,20,11,,,B
338380000,2024-08-15T20:20:14,24.45255,-81.87500,0.7,24.6,511.0,TERALANI 2,,WDA2147,36,,20,11,,,B
338380000,2024-08-15T20:23:16,24.45258,-81.87498,0.7,0.0,511.0,TERALANI 2,,WDA2147,36,,20,11,,,B
338380000,2024-08-15T20:26:15,24.45257,-81.87498,0.7,21.3,511.0,TERALANI 2,,WDA2147,36,,20,11,,,B
338380000,2024-08-15T20:29:17,24.45257,-81.87498,0.7,0.0,511.0,TERALANI 2,,WDA2147,36,,20,11,,,B
338380000,2024-08-15T20:32:19,24.45257,-81.87497,0.7,0.0,511.0,TERALANI 2,,WDA2147,36,,20,11,,,B
338380000,2024-08-15T20:36:09,24.45283,-81.87260,10.3,54.1,511.0,TERALANI 2,,WDA2147,36,,20,11,,,B
338380000,2024-08-15T20:37:10,24.45530,-81.87117,10.3,21.7,511.0,TERALANI 2,,WDA2147,36,,20,11,,,B
338380000,2024-08-15T20:38:11,24.45792,-81.87005,10.3,31.6,511.0,TERALANI 2,,WDA2147,36,,20,11,,,B
338380000,2024-08-15T20:39:13,24.46052,-81.86870,11.1,31.3,511.0,TERALANI 2,,WDA2147,36,,20,11,,,B
338380000,2024-08-15T22:01:00,24.45155,-81.87732,3.1,323.6,511.0,TERALANI 2,,WDA2147,36,,20,11,,,B
338380000,2024-08-16T15:13:19,24.45958,-81.86803,9.5,202.8,511.0,TERALANI 2,,WDA2147,36,,20,11,,,B
338380000,2024-08-16T15:14:53,24.45585,-81.86990,9.5,206.2,511.0,TERALANI 2,,WDA2147,36,,20,11,,,B
338380000,2024-08-16T15:16:21,24.45255,-81.87198,9.5,227.5,511.0,TERALANI 2,,WDA2147,36,,20,11,,,B
338380000,2024-08-16T15:17:22,24.45112,-81.87427,9.5,244.5,511.0,TERALANI 2,,WDA2147,36,,20,11,,,B
338380000,2024-08-16T15:18:23,24.45127,-81.87677,7.1,282.7,511.0,TERALANI 2,,WDA2147,36,,20,11,,,B
338380000,2024-08-16T15:19:24,24.45152,-81.87848,7.9,257.7,511.0,TERALANI 2,,WDA2147,36,,20,11,,,B
338380000,2024-08-16T15:20:25,24.45125,-81.88010,2.3,292.4,511.0,TERALANI 2,,WDA2147,36,,20,11,,,B
338380000,2024-08-16T15:28:21,24.45163,-81.87908,0.7,0.0,511.0,TERALANI 2,,WDA2147,36,,20,11,,,B
338380000,2024-08-16T15:31:20,24.45165,-81.87903,0.7,0.0,511.0,TERALANI 2,,WDA2147,36,,20,11,,,B
338380000,2024-08-16T15:34:22,24.45165,-81.87897,0.7,0.0,511.0,TERALANI 2,,WDA2147,36,,20,11,,,B
338380000,2024-08-16T15:37:21,24.45167,-81.87893,0.7,0.0,511.0,TERALANI 2,,WDA2147,36,,20,11,,,B
338380000,2024-08-16T15:40:21,24.45172,-81.87890,0.7,0.0,511.0,TERALANI 2,,WDA2147,36,,20,11,,,B
338380000,2024-08-16T15:43:22,24.45172,-81.87890,0.7,182.6,511.0,TERALANI 2,,WDA2147,36,,20,11,,,B
338380000,2024-08-16T15:46:23,24.45167,-81.87893,0.7,0.0,511.0,TERALANI 2,,WDA2147,36,,20,11,,,B
338380000,2024-08-16T15:49:23,24.45162,-81.87898,0.7,0.0,511.0,TERALANI 2,,WDA2147,36,,20,11,,,B
338380000,2024-08-16T15:52:23,24.45153,-81.87913,0.7,0.0,511.0,TERALANI 2,,WDA2147,36,,20,11,,,B
338380000,2024-08-16T15:55:25,24.45152,-81.87920,0.7,0.0,511.0,TERALANI 2,,WDA2147,36,,20,11,,,B
338380000,2024-08-16T15:58:27,24.45152,-81.87922,0.7,0.0,511.0,TERALANI 2,,WDA2147,36,,20,11,,,B
338380000,2024-08-16T16:01:26,24.45152,-81.87918,0.7,0.0,511.0,TERALANI 2,,WDA2147,36,,20,11,,,B
338380000,2024-08-16T16:04:27,24.45155,-81.87908,0.7,0.0,511.0,TERALANI 2,,WDA2147,36,,20,11,,,B
338380000,2024-08-16T16:07:27,24.45130,-81.87897,2.3,82.3,511.0,TERALANI 2,,WDA2147,36,,20,11,,,B
338380000,2024-08-16T16:08:56,24.45087,-81.87570,8.7,87.6,511.0,TERALANI 2,,WDA2147,36,,20,11,,,B
338380000,2024-08-16T16:10:27,24.45085,-81.87172,9.5,95.2,511.0,TERALANI 2,,WDA2147,36,,20,11,,,B
338380000,2024-08-16T16:11:29,24.45077,-81.86887,9.5,90.0,511.0,TERALANI 2,,WDA2147,36,,20,11,,,B
338380000,2024-08-15T19:19:37,24.46458,-81.86412,9.5,226.0,511.0,TERALANI 2,,WDA2147,36,,20,11,,,B
338380000,2024-08-15T20:40:46,24.46437,-81.86640,10.3,16.1,511.0,TERALANI 2,,WDA2147,36,,20,11,,,B
338380000,2024-08-15T20:42:17,24.46817,-81.86420,11.1,28.7,511.0,TERALANI 2,,WDA2147,36,,20,11,,,B
338380000,2024-08-16T15:09:47,24.46797,-81.86382,9.5,208.8,511.0,TERALANI 2,,WDA2147,36,,20,11,,,B
338380000,2024-08-16T15:10:48,24.46563,-81.86507,9.5,206.1,511.0,TERALANI 2,,WDA2147,36,,20,11,,,B
338380000,2024-08-15T16:14:53,24.45220,-81.86153,9.5,252.8,511.0,TERALANI 2,,WDA2147,36,,20,11,,,B
338380000,2024-08-15T16:15:54,24.45165,-81.86442,10.3,261.4,511.0,TERALANI 2,,WDA2147,36,,20,11,,,B
338380000,2024-08-16T16:13:00,24.45102,-81.86468,9.5,83.0,511.0,TERALANI 2,,WDA2147,36,,20,11,,,B
338380000,2024-08-16T16:14:31,24.45170,-81.86065,7.9,81.2,511.0,TERALANI 2,,WDA2147,36,,20,11,,,B
338380000,2024-08-15T19:21:06,24.46177,-81.86720,10.3,220.6,511.0,TERALANI 2,,WDA2147,36,,20,11,,,B
338380000,2024-08-16T15:12:18,24.46198,-81.86678,10.3,204.8,511.0,TERALANI 2,,WDA2147,36,,20,11,,,B
338380000,2024-08-19T15:14:08,24.46733,-81.85863,8.7,202.0,511.0,TERALANI 2,,WDA2147,36,,20,11,,,B
338380000,2024-08-19T15:16:39,24.46142,-81.86082,9.5,193.2,511.0,TERALANI 2,,WDA2147,36,,20,11,,,B
338380000,2024-08-19T15:17:40,24.45893,-81.86127,9.5,183.5,511.0,TERALANI 2,,WDA2147,36,,20,11,,,B
338380000,2024-08-19T15:19:41,24.45627,-81.86548,8.7,245.1,511.0,TERALANI 2,,WDA2147,36,,20,11,,,B
338380000,2024-08-19T15:21:11,24.45473,-81.86900,8.7,246.2,511.0,TERALANI 2,,WDA2147,36,,20,11,,,B
338380000,2024-08-19T15:22:12,24.45365,-81.87132,8.7,241.0,511.0,TERALANI 2,,WDA2147,36,,20,11,,,B
338380000,2024-08-19T15:23:42,24.45245,-81.87480,7.1,262.1,511.0,TERALANI 2,,WDA2147,36,,20,11,,,B
338380000,2024-08-19T15:27:14,24.45245,-81.87550,0.7,0.0,511.0,TERALANI 2,,WDA2147,36,,20,11,,,B
338380000,2024-08-19T15:30:14,24.45250,-81.87552,0.7,0.0,511.0,TERALANI 2,,WDA2147,36,,20,11,,,B
338380000,2024-08-19T15:33:16,24.45255,-81.87553,0.7,0.0,511.0,TERALANI 2,,WDA2147,36,,20,11,,,B
338380000,2024-08-19T15:36:19,24.45253,-81.87552,0.7,0.0,511.0,TERALANI 2,,WDA2147,36,,20,11,,,B
338380000,2024-08-19T15:39:18,24.45253,-81.87552,0.7,0.0,511.0,TERALANI 2,,WDA2147,36,,20,11,,,B
338380000,2024-08-19T15:42:17,24.45253,-81.87552,0.7,194.2,511.0,TERALANI 2,,WDA2147,36,,20,11,,,B
338380000,2024-08-19T15:45:18,24.45250,-81.87550,0.7,170.7,511.0,TERALANI 2,,WDA2147,36,,20,11,,,B
338380000,2024-08-19T16:00:22,24.45257,-81.87553,0.7,0.0,511.0,TERALANI 2,,WDA2147,36,,20,11,,,B
338380000,2024-08-19T16:03:19,24.45257,-81.87552,0.7,0.0,511.0,TERALANI 2,,WDA2147,36,,20,11,,,B
338380000,2024-08-19T16:04:40,24.45230,-81.87480,0.7,152.5,511.0,TERALANI 2,,WDA2147,36,,20,11,,,B
338380000,2024-08-19T16:06:37,24.45145,-81.87143,10.3,98.1,511.0,TERALANI 2,,WDA2147,36,,20,11,,,B
338380000,2024-08-19T16:08:36,24.45192,-81.86558,10.3,85.1,511.0,TERALANI 2,,WDA2147,36,,20,11,,,B
338380000,2024-08-19T16:09:38,24.45233,-81.86253,10.3,78.1,511.0,TERALANI 2,,WDA2147,36,,20,11,,,B
338434133,2024-08-21T15:02:56,24.46761,-81.86316,6.4,189.6,511.0,FEAR KNOT,,,36,,12,4,,,B
338434133,2024-08-21T15:05:27,24.46340,-81.86484,6.5,208.4,511.0,FEAR KNOT,,,36,,12,4,,,B
338434133,2024-08-21T15:06:55,24.46100,-81.86617,6.7,205.8,511.0,FEAR KNOT,,,36,,12,4,,,B
338434133,2024-08-21T15:08:27,24.45855,-81.86754,6.7,204.3,511.0,FEAR KNOT,,,36,,12,4,,,B
338434133,2024-08-21T15:09:56,24.45615,-81.86886,6.4,209.0,511.0,FEAR KNOT,,,36,,12,4,,,B
338434133,2024-08-21T15:11:26,24.45391,-81.87033,5.5,219.2,511.0,FEAR KNOT,,,36,,12,4,,,B
338438802,2024-08-21T00:07:31,24.43617,-81.89249,5.7,267.4,511.0,GALWAY GIRL,,,37,,41,10,,,B
338438802,2024-08-21T00:09:01,24.43610,-81.89518,5.7,270.0,511.0,GALWAY GIRL,,,37,,41,10,,,B
338438802,2024-08-21T00:10:02,24.43610,-81.89699,5.9,271.1,511.0,GALWAY GIRL,,,37,,41,10,,,B
338438802,2024-08-21T00:00:02,24.43578,-81.87992,5.1,269.5,511.0,GALWAY GIRL,,,37,,41,10,,,B
338438802,2024-08-21T00:01:29,24.43582,-81.88225,5.2,272.5,511.0,GALWAY GIRL,,,37,,41,10,,,B
338438802,2024-08-21T00:03:02,24.43595,-81.88476,5.3,273.8,511.0,GALWAY GIRL,,,37,,41,10,,,B
338438802,2024-08-21T00:04:29,24.43610,-81.88718,5.7,273.2,511.0,GALWAY GIRL,,,37,,41,10,,,B
338438802,2024-08-21T00:05:31,24.43624,-81.88894,5.8,272.6,511.0,GALWAY GIRL,,,37,,41,10,,,B
338434133,2024-08-21T15:12:56,24.45273,-81.87235,5.3,238.3,511.0,FEAR KNOT,,,36,,12,4,,,B
338434133,2024-08-21T15:14:26,24.45221,-81.87466,4.9,260.9,511.0,FEAR KNOT,,,36,,12,4,,,B
338434133,2024-08-21T15:15:56,24.45259,-81.87591,2.3,64.9,511.0,FEAR KNOT,,,36,,12,4,,,B
338434133,2024-08-21T15:22:14,24.45260,-81.87569,0.1,360.0,511.0,FEAR KNOT,,,36,,12,4,,,B
338434133,2024-08-21T15:25:19,24.45260,-81.87570,0.1,360.0,511.0,FEAR KNOT,,,36,,12,4,,,B
338434133,2024-08-21T15:31:29,24.45259,-81.87572,0.2,360.0,511.0,FEAR KNOT,,,36,,12,4,,,B
338434133,2024-08-21T15:34:13,24.45261,-81.87575,0.2,360.0,511.0,FEAR KNOT,,,36,,12,4,,,B
338434133,2024-08-21T15:37:40,24.45260,-81.87571,0.5,74.8,511.0,FEAR KNOT,,,36,,12,4,,,B
338434133,2024-08-21T15:40:08,24.45261,-81.87572,0.2,360.0,511.0,FEAR KNOT,,,36,,12,4,,,B
338434133,2024-08-21T15:46:33,24.45261,-81.87574,0.0,360.0,511.0,FEAR KNOT,,,36,,12,4,,,B
338434133,2024-08-21T15:49:11,24.45260,-81.87568,0.1,360.0,511.0,FEAR KNOT,,,36,,12,4,,,B
338434133,2024-08-21T15:52:27,24.45261,-81.87574,0.1,360.0,511.0,FEAR KNOT,,,36,,12,4,,,B
338434133,2024-08-21T15:55:19,24.45261,-81.87577,0.3,360.0,511.0,FEAR KNOT,,,36,,12,4,,,B
338434133,2024-08-21T15:58:19,24.45260,-81.87570,0.4,53.7,511.0,FEAR KNOT,,,36,,12,4,,,B
338434133,2024-08-21T16:01:30,24.45258,-81.87566,0.3,360.0,511.0,FEAR KNOT,,,36,,12,4,,,B
338434133,2024-08-21T16:04:20,24.45259,-81.87567,0.3,360.0,511.0,FEAR KNOT,,,36,,12,4,,,B
338434133,2024-08-21T16:07:12,24.45258,-81.87570,0.3,112.7,511.0,FEAR KNOT,,,36,,12,4,,,B
338434133,2024-08-21T16:10:33,24.45256,-81.87562,0.0,360.0,511.0,FEAR KNOT,,,36,,12,4,,,B
338434133,2024-08-21T16:13:10,24.45253,-81.87563,0.1,360.0,511.0,FEAR KNOT,,,36,,12,4,,,B
338434133,2024-08-21T16:16:16,24.45259,-81.87568,0.1,360.0,511.0,FEAR KNOT,,,36,,12,4,,,B
338434133,2024-08-21T16:19:23,24.45259,-81.87567,0.3,360.0,511.0,FEAR KNOT,,,36,,12,4,,,B
338434133,2024-08-21T16:22:12,24.45257,-81.87566,0.1,360.0,511.0,FEAR KNOT,,,36,,12,4,,,B
338434133,2024-08-21T16:25:08,24.45257,-81.87563,0.2,360.0,511.0,FEAR KNOT,,,36,,12,4,,,B
338434133,2024-08-21T16:28:38,24.45261,-81.87567,0.1,360.0,511.0,FEAR KNOT,,,36,,12,4,,,B
338434133,2024-08-21T16:31:34,24.45259,-81.87563,0.2,360.0,511.0,FEAR KNOT,,,36,,12,4,,,B
338434133,2024-08-21T16:34:29,24.45257,-81.87561,0.1,360.0,511.0,FEAR KNOT,,,36,,12,4,,,B
338434133,2024-08-21T16:37:40,24.45258,-81.87562,0.2,360.0,511.0,FEAR KNOT,,,36,,12,4,,,B
338434133,2024-08-21T16:40:35,24.45260,-81.87565,0.1,360.0,511.0,FEAR KNOT,,,36,,12,4,,,B
338434133,2024-08-21T16:43:19,24.45260,-81.87565,0.1,360.0,511.0,FEAR KNOT,,,36,,12,4,,,B
338434133,2024-08-21T16:46:42,24.45256,-81.87560,0.3,319.1,511.0,FEAR KNOT,,,36,,12,4,,,B
338434133,2024-08-21T16:48:12,24.45254,-81.87557,0.1,360.0,511.0,FEAR KNOT,,,36,,12,4,,,B
338434133,2024-08-21T16:49:42,24.45252,-81.87559,0.1,360.0,511.0,FEAR KNOT,,,36,,12,4,,,B
338434133,2024-08-21T16:52:14,24.45259,-81.87562,0.2,360.0,511.0,FEAR KNOT,,,36,,12,4,,,B
338434133,2024-08-21T16:55:27,24.45253,-81.87557,0.0,360.0,511.0,FEAR KNOT,,,36,,12,4,,,B
338434133,2024-08-21T16:58:00,24.45257,-81.87557,0.4,360.0,511.0,FEAR KNOT,,,36,,12,4,,,B
338434133,2024-08-21T17:04:16,24.45257,-81.87559,0.1,360.0,511.0,FEAR KNOT,,,36,,12,4,,,B
338434133,2024-08-21T17:07:01,24.45253,-81.87556,0.3,360.0,511.0,FEAR KNOT,,,36,,12,4,,,B
338434133,2024-08-21T17:10:15,24.45259,-81.87561,0.3,360.0,511.0,FEAR KNOT,,,36,,12,4,,,B
338434133,2024-08-21T17:12:55,24.45253,-81.87555,0.0,360.0,511.0,FEAR KNOT,,,36,,12,4,,,B
338434133,2024-08-21T17:16:07,24.45254,-81.87558,0.1,360.0,511.0,FEAR KNOT,,,36,,12,4,,,B
338434133,2024-08-21T17:19:18,24.45255,-81.87559,0.1,360.0,511.0,FEAR KNOT,,,36,,12,4,,,B
338434133,2024-08-21T17:22:04,24.45246,-81.87555,0.1,360.0,511.0,FEAR KNOT,,,36,,12,4,,,B
338434133,2024-08-21T17:25:23,24.45239,-81.87548,1.5,167.1,511.0,FEAR KNOT,,,36,,12,4,,,B
338434133,2024-08-21T17:29:32,24.45268,-81.86944,6.0,81.4,511.0,FEAR KNOT,,,36,,12,4,,,B
338434133,2024-08-21T17:31:02,24.45265,-81.86670,5.9,86.9,511.0,FEAR KNOT,,,36,,12,4,,,B
338434133,2024-08-21T17:32:32,24.45257,-81.86391,6.2,90.9,511.0,FEAR KNOT,,,36,,12,4,,,B
338434133,2024-08-21T17:34:00,24.45252,-81.86126,6.2,93.5,511.0,FEAR KNOT,,,36,,12,4,,,B
338438802,2024-08-21T23:49:01,24.43588,-81.86245,4.9,273.2,511.0,GALWAY GIRL,,,37,,41,10,,,B
338438802,2024-08-21T23:50:30,24.43608,-81.86471,5.0,275.5,511.0,GALWAY GIRL,,,37,,41,10,,,B
338438802,2024-08-21T23:51:58,24.43637,-81.86694,5.1,277.5,511.0,GALWAY GIRL,,,37,,41,10,,,B
338438802,2024-08-21T23:53:31,24.43645,-81.86936,5.2,270.4,511.0,GALWAY GIRL,,,37,,41,10,,,B
338438802,2024-08-21T23:54:58,24.43645,-81.87171,5.3,268.1,511.0,GALWAY GIRL,,,37,,41,10,,,B
338438802,2024-08-21T23:56:31,24.43629,-81.87426,5.3,263.9,511.0,GALWAY GIRL,,,37,,41,10,,,B
338438802,2024-08-21T23:57:58,24.43600,-81.87662,5.2,260.4,511.0,GALWAY GIRL,,,37,,41,10,,,B
338438802,2024-08-21T23:59:02,24.43581,-81.87832,5.2,267.2,511.0,GALWAY GIRL,,,37,,41,10,,,B
338434133,2024-08-21T17:28:02,24.45282,-81.87216,6.0,69.1,511.0,FEAR KNOT,,,36,,12,4,,,B
338438802,2024-08-21T23:47:30,24.43569,-81.86016,5.2,279.5,511.0,GALWAY GIRL,,,37,,41,10,,,B
338380000,2024-08-31T14:45:49,24.46205,-81.85877,10.3,224.1,511.0,TERALANI 2,,WDA2147,36,,20,11,,,B
338380000,2024-08-31T14:47:21,24.45860,-81.86140,10.3,188.6,511.0,TERALANI 2,,WDA2147,36,,20,11,,,B
338380000,2024-08-31T14:48:52,24.45532,-81.86023,4.7,134.0,511.0,TERALANI 2,,WDA2147,36,,20,11,,,B
338380000,2024-08-31T14:52:53,24.45502,-81.85982,0.7,26.1,511.0,TERALANI 2,,WDA2147,36,,20,11,,,B
338380000,2024-08-31T14:56:13,24.45465,-81.85945,1.5,96.6,511.0,TERALANI 2,,WDA2147,36,,20,11,,,B
338380000,2024-08-31T15:02:15,24.45482,-81.85940,0.7,0.0,511.0,TERALANI 2,,WDA2147,36,,20,11,,,B
338380000,2024-08-31T15:05:16,24.45482,-81.85940,0.7,0.0,511.0,TERALANI 2,,WDA2147,36,,20,11,,,B
338380000,2024-08-31T15:07:17,24.45482,-81.85942,0.7,56.5,511.0,TERALANI 2,,WDA2147,36,,20,11,,,B
338380000,2024-08-31T15:14:17,24.45482,-81.85940,0.7,110.4,511.0,TERALANI 2,,WDA2147,36,,20,11,,,B
338380000,2024-08-31T15:17:19,24.45483,-81.85937,0.7,0.0,511.0,TERALANI 2,,WDA2147,36,,20,11,,,B
338380000,2024-08-31T15:20:19,24.45485,-81.85937,0.7,244.6,511.0,TERALANI 2,,WDA2147,36,,20,11,,,B
338380000,2024-08-31T15:23:19,24.45482,-81.85942,0.7,110.3,511.0,TERALANI 2,,WDA2147,36,,20,11,,,B
338380000,2024-08-31T15:26:21,24.45485,-81.85935,0.7,0.0,511.0,TERALANI 2,,WDA2147,36,,20,11,,,B
369493397,2024-05-14T19:14:53,24.43310,-81.86325,18.5,73.2,71.0,CG SEA DEVIL,,NSDD,55,0,26,6,1.7,55,A
367458640,2024-07-12T02:13:56,24.44001,-81.85866,10.1,264.8,511.0,RIO BRAVO,IMO8333207,WDL7896,32,11,31,10,5.5,32,A
367458640,2024-07-12T02:15:05,24.43971,-81.86221,10.2,264.3,511.0,RIO BRAVO,IMO8333207,WDL7896,32,11,31,10,5.5,32,A
367458640,2024-07-12T02:16:14,24.43941,-81.86582,10.1,263.4,511.0,RIO BRAVO,IMO8333207,WDL7896,32,11,31,10,5.5,32,A
367458640,2024-07-12T02:17:24,24.43896,-81.86935,10.2,261.4,511.0,RIO BRAVO,IMO8333207,WDL7896,32,11,31,10,5.5,32,A
367458640,2024-07-12T02:18:25,24.43856,-81.87244,10.2,262.6,511.0,RIO BRAVO,IMO8333207,WDL7896,32,11,31,10,5.5,32,A
367458640,2024-07-12T02:19:36,24.43809,-81.87607,10.3,262.3,511.0,RIO BRAVO,IMO8333207,WDL7896,32,11,31,10,5.5,32,A
367458640,2024-07-12T02:20:45,24.43768,-81.87973,10.2,263.7,511.0,RIO BRAVO,IMO8333207,WDL7896,32,11,31,10,5.5,32,A
367458640,2024-07-12T02:21:55,24.43728,-81.88330,10.3,262.9,511.0,RIO BRAVO,IMO8333207,WDL7896,32,11,31,10,5.5,32,A
367458640,2024-07-12T02:23:06,24.43691,-81.88694,10.2,262.9,511.0,RIO BRAVO,IMO8333207,WDL7896,32,11,31,10,5.5,32,A
367458640,2024-07-12T02:24:15,24.43647,-81.89054,10.1,260.0,511.0,RIO BRAVO,IMO8333207,WDL7896,32,11,31,10,5.5,32,A
367458640,2024-07-12T02:25:16,24.43594,-81.89361,10.2,259.6,511.0,RIO BRAVO,IMO8333207,WDL7896,32,11,31,10,5.5,32,A
367458640,2024-07-12T02:26:25,24.43533,-81.89711,10.3,260.4,511.0,RIO BRAVO,IMO8333207,WDL7896,32,11,31,10,5.5,32,A
338145235,2024-05-15T14:56:43,24.43307,-81.86792,8.5,58.0,511.0,ELLEN JEAN,,,30,,5,0,,,B
338145235,2024-05-15T14:58:13,24.43469,-81.86504,8.3,56.2,511.0,ELLEN JEAN,,,30,,5,0,,,B
338145235,2024-05-15T14:59:43,24.43631,-81.86213,7.6,67.0,511.0,ELLEN JEAN,,,30,,5,0,,,B
338145235,2024-05-15T15:00:13,24.43685,-81.86114,7.4,56.5,511.0,ELLEN JEAN,,,30,,5,0,,,B
338441677,2024-05-17T20:51:56,24.45290,-81.89507,26.9,105.7,511.0,SUPER SPORT,,,37,,16,5,,,B
338441677,2024-05-17T20:53:56,24.44956,-81.87874,26.1,93.2,511.0,SUPER SPORT,,,37,,16,5,,,B
338441677,2024-05-17T20:55:25,24.45017,-81.86648,27.4,81.6,511.0,SUPER SPORT,,,37,,16,5,,,B
368147000,2024-05-19T21:26:14,24.46033,-81.89638,28.9,59.9,511.0,COLORADO BLUE,,WDN5352,37,,10,5,,,B
368147000,2024-05-19T21:27:19,24.46468,-81.88839,27.8,63.4,511.0,COLORADO BLUE,,WDN5352,37,,10,5,,,B
368147000,2024-05-22T18:37:15,24.46226,-81.88797,32.8,225.0,511.0,COLORADO BLUE,,WDN5352,37,,10,5,,,B
368147000,2024-05-22T18:38:25,24.45502,-81.89648,32.8,226.2,511.0,COLORADO BLUE,,WDN5352,37,,10,5,,,B
368147000,2024-05-23T00:18:03,24.45603,-81.88815,31.4,57.6,511.0,COLORADO BLUE,,WDN5352,37,,10,5,,,B
368147000,2024-05-23T00:19:08,24.46160,-81.87999,31.3,52.8,511.0,COLORADO BLUE,,WDN5352,37,,10,5,,,B
368147000,2024-05-23T00:20:18,24.46791,-81.87096,31.5,53.1,511.0,COLORADO BLUE,,WDN5352,37,,10,5,,,B
368147000,2024-05-23T14:55:07,24.44228,-81.85965,28.9,263.7,511.0,COLORADO BLUE,,WDN5352,37,,10,5,,,B
368147000,2024-05-23T14:56:12,24.44064,-81.86911,29.0,256.1,511.0,COLORADO BLUE,,WDN5352,37,,10,5,,,B
368147000,2024-05-23T14:57:18,24.43871,-81.87857,29.0,260.1,511.0,COLORADO BLUE,,WDN5352,37,,10,5,,,B
368147000,2024-05-23T14:58:22,24.43750,-81.88818,28.9,267.6,511.0,COLORADO BLUE,,WDN5352,37,,10,5,,,B
368147000,2024-05-23T14:59:28,24.43622,-81.89776,29.1,261.8,511.0,COLORADO BLUE,,WDN5352,37,,10,5,,,B
368147000,2024-05-24T18:49:49,24.46250,-81.88578,31.2,228.8,511.0,COLORADO BLUE,,WDN5352,37,,10,5,,,B
368147000,2024-05-24T18:51:04,24.45536,-81.89474,31.1,227.0,511.0,COLORADO BLUE,,WDN5352,37,,10,5,,,B
338441677,2024-05-24T21:03:30,24.46765,-81.89112,25.6,215.8,511.0,SUPER SPORT,,,37,,16,5,,,B
368147000,2024-05-24T22:18:08,24.44647,-81.89643,31.5,48.7,511.0,COLORADO BLUE,,WDN5352,37,,10,5,,,B
368147000,2024-05-24T22:19:13,24.45275,-81.88878,31.7,49.0,511.0,COLORADO BLUE,,WDN5352,37,,10,5,,,B
368147000,2024-05-24T22:20:18,24.45922,-81.88080,31.4,47.4,511.0,COLORADO BLUE,,WDN5352,37,,10,5,,,B
368147000,2024-05-24T22:21:23,24.46555,-81.87306,31.8,45.5,511.0,COLORADO BLUE,,WDN5352,37,,10,5,,,B
338441677,2024-05-24T22:55:30,24.45713,-81.89714,27.5,38.5,511.0,SUPER SPORT,,,37,,16,5,,,B
338441677,2024-05-24T22:57:00,24.46632,-81.88929,27.6,40.2,511.0,SUPER SPORT,,,37,,16,5,,,B
368147000,2024-05-25T13:46:07,24.46432,-81.87301,29.9,232.7,511.0,COLORADO BLUE,,WDN5352,37,,10,5,,,B
368147000,2024-05-25T13:47:17,24.45861,-81.88185,31.4,235.3,511.0,COLORADO BLUE,,WDN5352,37,,10,5,,,B
368147000,2024-05-25T13:48:22,24.45303,-81.88997,30.5,229.7,511.0,COLORADO BLUE,,WDN5352,37,,10,5,,,B
368147000,2024-05-25T18:57:07,24.46456,-81.87285,31.4,237.3,511.0,COLORADO BLUE,,WDN5352,37,,10,5,,,B
368147000,2024-05-25T18:58:12,24.45935,-81.88141,31.2,237.2,511.0,COLORADO BLUE,,WDN5352,37,,10,5,,,B
368147000,2024-05-25T18:59:17,24.45367,-81.88976,31.0,231.0,511.0,COLORADO BLUE,,WDN5352,37,,10,5,,,B
368147000,2024-05-25T19:00:06,24.44921,-81.89589,31.4,230.8,511.0,COLORADO BLUE,,WDN5352,37,,10,5,,,B
368147000,2024-05-25T22:34:10,24.46588,-81.86693,32.3,220.1,511.0,COLORADO BLUE,,WDN5352,37,,10,5,,,B
368147000,2024-05-25T22:35:15,24.46116,-81.87586,31.9,244.9,511.0,COLORADO BLUE,,WDN5352,37,,10,5,,,B
368147000,2024-05-25T22:36:21,24.45613,-81.88472,31.4,233.0,511.0,COLORADO BLUE,,WDN5352,37,,10,5,,,B
368147000,2024-05-25T22:37:25,24.45006,-81.89301,38.6,230.7,511.0,COLORADO BLUE,,WDN5352,37,,10,5,,,B
368147000,2024-05-26T04:08:27,24.44987,-81.89076,31.5,50.6,511.0,COLORADO BLUE,,WDN5352,37,,10,5,,,B
368147000,2024-05-26T04:09:31,24.45586,-81.88271,32.4,50.4,511.0,COLORADO BLUE,,WDN5352,37,,10,5,,,B
368147000,2024-05-26T04:10:37,24.46219,-81.87465,31.8,53.6,511.0,COLORADO BLUE,,WDN5352,37,,10,5,,,B
368147000,2024-05-26T04:11:42,24.46763,-81.86590,32.4,55.6,511.0,COLORADO BLUE,,WDN5352,37,,10,5,,,B
338441677,2024-05-26T15:27:09,24.46090,-81.88133,24.6,186.4,511.0,SUPER SPORT,,,37,,16,5,,,B
338441677,2024-05-26T15:28:38,24.45342,-81.88142,8.5,149.5,511.0,SUPER SPORT,,,37,,16,5,,,B
338441677,2024-05-26T15:29:41,24.45173,-81.87996,7.0,141.9,511.0,SUPER SPORT,,,37,,16,5,,,B
338441677,2024-05-26T15:31:08,24.45184,-81.87880,0.6,158.7,511.0,SUPER SPORT,,,37,,16,5,,,B
338441677,2024-05-26T15:32:10,24.45174,-81.87897,3.8,255.5,511.0,SUPER SPORT,,,37,,16,5,,,B
338441677,2024-05-26T15:33:39,24.45169,-81.87917,2.7,77.3,511.0,SUPER SPORT,,,37,,16,5,,,B
338441677,2024-05-26T15:35:38,24.45194,-81.87942,0.5,344.6,511.0,SUPER SPORT,,,37,,16,5,,,B
338441677,2024-05-26T15:37:08,24.45190,-81.87940,0.6,355.7,511.0,SUPER SPORT,,,37,,16,5,,,B
338441677,2024-05-26T15:38:40,24.45193,-81.87936,0.6,121.2,511.0,SUPER SPORT,,,37,,16,5,,,B
338441677,2024-05-26T15:41:39,24.45195,-81.87941,0.0,82.5,511.0,SUPER SPORT,,,37,,16,5,,,B
338441677,2024-05-26T15:43:38,24.45193,-81.87939,0.2,111.7,511.0,SUPER SPORT,,,37,,16,5,,,B
338441677,2024-05-26T15:45:09,24.45195,-81.87937,0.4,298.3,511.0,SUPER SPORT,,,37,,16,5,,,B
338441677,2024-05-26T15:46:40,24.45195,-81.87938,0.7,16.8,511.0,SUPER SPORT,,,37,,16,5,,,B
338441677,2024-05-26T15:49:38,24.45195,-81.87940,0.4,122.1,511.0,SUPER SPORT,,,37,,16,5,,,B
338441677,2024-05-26T15:52:41,24.45195,-81.87936,0.2,236.5,511.0,SUPER SPORT,,,37,,16,5,,,B
338441677,2024-05-26T15:55:38,24.45193,-81.87932,0.8,89.3,511.0,SUPER SPORT,,,37,,16,5,,,B
338441677,2024-05-26T15:57:08,24.45194,-81.87937,0.6,340.2,511.0,SUPER SPORT,,,37,,16,5,,,B
338441677,2024-05-26T15:58:38,24.45191,-81.87935,1.1,144.0,511.0,SUPER SPORT,,,37,,16,5,,,B
338441677,2024-05-26T15:59:40,24.45197,-81.87934,0.4,303.0,511.0,SUPER SPORT,,,37,,16,5,,,B
338441677,2024-05-26T16:00:09,24.45196,-81.87935,1.1,264.2,511.0,SUPER SPORT,,,37,,16,5,,,B
338441677,2024-05-26T16:01:39,24.45192,-81.87937,0.4,88.2,511.0,SUPER SPORT,,,37,,16,5,,,B
338441677,2024-05-26T16:02:40,24.45193,-81.87935,0.5,12.4,511.0,SUPER SPORT,,,37,,16,5,,,B
338441677,2024-05-26T16:05:39,24.45199,-81.87935,0.2,121.7,511.0,SUPER SPORT,,,37,,16,5,,,B
338441677,2024-05-26T16:07:38,24.45191,-81.87939,0.2,158.3,511.0,SUPER SPORT,,,37,,16,5,,,B
338441677,2024-05-26T16:09:11,24.45193,-81.87938,0.7,23.9,511.0,SUPER SPORT,,,37,,16,5,,,B
338441677,2024-05-26T16:10:39,24.45190,-81.87936,0.9,286.2,511.0,SUPER SPORT,,,37,,16,5,,,B
338441677,2024-05-26T16:11:41,24.45190,-81.87934,1.3,200.8,511.0,SUPER SPORT,,,37,,16,5,,,B
338441677,2024-05-26T16:13:10,24.45191,-81.87937,0.6,265.1,511.0,SUPER SPORT,,,37,,16,5,,,B
338441677,2024-05-26T16:14:38,24.45194,-81.87933,0.5,134.7,511.0,SUPER SPORT,,,37,,16,5,,,B
338441677,2024-05-26T16:15:39,24.45196,-81.87931,0.4,27.6,511.0,SUPER SPORT,,,37,,16,5,,,B
338441677,2024-05-26T16:17:09,24.45191,-81.87938,0.6,132.4,511.0,SUPER SPORT,,,37,,16,5,,,B
338441677,2024-05-26T16:19:08,24.45194,-81.87932,0.7,181.8,511.0,SUPER SPORT,,,37,,16,5,,,B
338441677,2024-05-26T16:22:39,24.45194,-81.87933,0.7,4.7,511.0,SUPER SPORT,,,37,,16,5,,,B
338441677,2024-05-26T16:25:39,24.45194,-81.87939,0.3,29.0,511.0,SUPER SPORT,,,37,,16,5,,,B
338441677,2024-05-26T16:28:38,24.45194,-81.87937,0.4,86.9,511.0,SUPER SPORT,,,37,,16,5,,,B
338441677,2024-05-26T16:31:38,24.45192,-81.87935,0.7,108.5,511.0,SUPER SPORT,,,37,,16,5,,,B
338441677,2024-05-26T16:34:39,24.45195,-81.87937,0.4,223.3,511.0,SUPER SPORT,,,37,,16,5,,,B
338441677,2024-05-26T16:36:08,24.45196,-81.87939,0.9,101.3,511.0,SUPER SPORT,,,37,,16,5,,,B
338441677,2024-05-26T16:37:09,24.45196,-81.87939,0.5,251.8,511.0,SUPER SPORT,,,37,,16,5,,,B
338441677,2024-05-26T16:38:39,24.45187,-81.87938,0.7,176.8,511.0,SUPER SPORT,,,37,,16,5,,,B
338441677,2024-05-26T16:40:11,24.45194,-81.87938,0.6,172.0,511.0,SUPER SPORT,,,37,,16,5,,,B
338441677,2024-05-26T16:41:39,24.45192,-81.87938,0.8,125.1,511.0,SUPER SPORT,,,37,,16,5,,,B
338441677,2024-05-26T16:43:08,24.45196,-81.87939,0.2,345.6,511.0,SUPER SPORT,,,37,,16,5,,,B
338441677,2024-05-26T16:44:38,24.45190,-81.87938,1.3,271.9,511.0,SUPER SPORT,,,37,,16,5,,,B
338441677,2024-05-26T16:46:11,24.45195,-81.87937,0.8,42.3,511.0,SUPER SPORT,,,37,,16,5,,,B
338441677,2024-05-26T16:47:40,24.45190,-81.87941,0.8,218.5,511.0,SUPER SPORT,,,37,,16,5,,,B
338441677,2024-05-26T16:49:10,24.45194,-81.87936,0.7,38.3,511.0,SUPER SPORT,,,37,,16,5,,,B
338441677,2024-05-26T16:52:39,24.45193,-81.87937,0.4,199.3,511.0,SUPER SPORT,,,37,,16,5,,,B
338441677,2024-05-26T16:55:40,24.45196,-81.87935,0.4,64.3,511.0,SUPER SPORT,,,37,,16,5,,,B
338441677,2024-05-26T16:58:39,24.45193,-81.87937,1.1,50.7,511.0,SUPER SPORT,,,37,,16,5,,,B
338441677,2024-05-26T17:01:38,24.45195,-81.87938,0.7,57.0,511.0,SUPER SPORT,,,37,,16,5,,,B
338441677,2024-05-26T17:02:41,24.45199,-81.87935,0.1,326.4,511.0,SUPER SPORT,,,37,,16,5,,,B
338441677,2024-05-26T17:08:42,24.45200,-81.87932,0.6,67.0,511.0,SUPER SPORT,,,37,,16,5,,,B
338441677,2024-05-26T17:10:10,24.45189,-81.87945,0.6,280.3,511.0,SUPER SPORT,,,37,,16,5,,,B
338441677,2024-05-26T17:11:39,24.45193,-81.87941,0.2,248.5,511.0,SUPER SPORT,,,37,,16,5,,,B
338441677,2024-05-26T17:13:40,24.45188,-81.87940,0.6,165.7,511.0,SUPER SPORT,,,37,,16,5,,,B
338441677,2024-05-26T17:15:09,24.45120,-81.87921,6.7,203.6,511.0,SUPER SPORT,,,37,,16,5,,,B
338441677,2024-05-26T17:16:39,24.45002,-81.88278,15.4,241.4,511.0,SUPER SPORT,,,37,,16,5,,,B
338441677,2024-05-26T17:18:09,24.44654,-81.89160,25.3,244.2,511.0,SUPER SPORT,,,37,,16,5,,,B
338441677,2024-05-26T17:54:41,24.46333,-81.89491,26.4,36.6,511.0,SUPER SPORT,,,37,,16,5,,,B
368230350,2024-05-27T12:19:55,24.46615,-81.88196,28.4,232.0,511.0,PROBLEM SOLVER,,WDM7034,37,,0,0,,,B
368230350,2024-05-27T12:21:00,24.46084,-81.88912,26.7,225.9,511.0,PROBLEM SOLVER,,WDM7034,37,,0,0,,,B
368230350,2024-05-27T12:22:05,24.45517,-81.89574,26.6,226.2,511.0,PROBLEM SOLVER,,WDM7034,37,,0,0,,,B
338441677,2024-05-27T14:53:41,24.46546,-81.88017,26.3,195.3,511.0,SUPER SPORT,,,37,,16,5,,,B
338441677,2024-05-27T14:54:42,24.45814,-81.88154,26.2,187.7,511.0,SUPER SPORT,,,37,,16,5,,,B
338441677,2024-05-27T14:56:14,24.45207,-81.88069,7.9,147.1,511.0,SUPER SPORT,,,37,,16,5,,,B
338441677,2024-05-27T14:57:41,24.45188,-81.87930,2.6,64.1,511.0,SUPER SPORT,,,37,,16,5,,,B
338441677,2024-05-27T14:58:43,24.45183,-81.87940,2.4,249.9,511.0,SUPER SPORT,,,37,,16,5,,,B
338441677,2024-05-27T15:00:12,24.45179,-81.87927,1.0,73.2,511.0,SUPER SPORT,,,37,,16,5,,,B
338441677,2024-05-27T15:01:43,24.45176,-81.87938,2.1,249.1,511.0,SUPER SPORT,,,37,,16,5,,,B
338441677,2024-05-27T15:03:12,24.45190,-81.87939,0.7,59.3,511.0,SUPER SPORT,,,37,,16,5,,,B
338441677,2024-05-27T15:04:42,24.45189,-81.87936,0.5,174.2,511.0,SUPER SPORT,,,37,,16,5,,,B
338441677,2024-05-27T15:07:43,24.45189,-81.87934,0.8,98.7,511.0,SUPER SPORT,,,37,,16,5,,,B
338441677,2024-05-27T15:09:12,24.45191,-81.87940,0.3,23.0,511.0,SUPER SPORT,,,37,,16,5,,,B
338441677,2024-05-27T15:10:13,24.45192,-81.87938,0.6,247.2,511.0,SUPER SPORT,,,37,,16,5,,,B
338441677,2024-05-27T15:12:43,24.45191,-81.87937,0.3,119.0,511.0,SUPER SPORT,,,37,,16,5,,,B
338441677,2024-05-27T15:14:12,24.45193,-81.87934,0.6,333.8,511.0,SUPER SPORT,,,37,,16,5,,,B
338441677,2024-05-27T15:16:12,24.45191,-81.87937,0.9,137.8,511.0,SUPER SPORT,,,37,,16,5,,,B
338441677,2024-05-27T15:17:42,24.45195,-81.87937,1.5,60.0,511.0,SUPER SPORT,,,37,,16,5,,,B
338441677,2024-05-27T15:18:44,24.45189,-81.87935,1.1,161.5,511.0,SUPER SPORT,,,37,,16,5,,,B
338441677,2024-05-27T15:20:12,24.45192,-81.87936,1.2,112.2,511.0,SUPER SPORT,,,37,,16,5,,,B
338441677,2024-05-27T15:21:13,24.45191,-81.87935,1.1,150.0,511.0,SUPER SPORT,,,37,,16,5,,,B
338441677,2024-05-27T15:22:41,24.45191,-81.87939,0.6,51.7,511.0,SUPER SPORT,,,37,,16,5,,,B
338441677,2024-05-27T15:24:14,24.45190,-81.87938,0.7,150.6,511.0,SUPER SPORT,,,37,,16,5,,,B
338441677,2024-05-27T15:28:12,24.45191,-81.87937,0.3,337.0,511.0,SUPER SPORT,,,37,,16,5,,,B
338441677,2024-05-27T15:31:12,24.45193,-81.87937,0.3,292.5,511.0,SUPER SPORT,,,37,,16,5,,,B
338441677,2024-05-27T15:37:12,24.45194,-81.87941,1.0,233.6,511.0,SUPER SPORT,,,37,,16,5,,,B
338441677,2024-05-27T15:40:12,24.45189,-81.87940,0.8,286.6,511.0,SUPER SPORT,,,37,,16,5,,,B
338441677,2024-05-27T15:43:12,24.45191,-81.87936,0.6,165.8,511.0,SUPER SPORT,,,37,,16,5,,,B
338441677,2024-05-27T15:46:12,24.45192,-81.87937,0.3,254.3,511.0,SUPER SPORT,,,37,,16,5,,,B
338441677,2024-05-27T15:48:41,24.45196,-81.87938,1.5,334.6,511.0,SUPER SPORT,,,37,,16,5,,,B
338441677,2024-05-27T15:49:42,24.45196,-81.87939,0.7,337.3,511.0,SUPER SPORT,,,37,,16,5,,,B
338441677,2024-05-27T15:51:11,24.45195,-81.87934,1.1,323.9,511.0,SUPER SPORT,,,37,,16,5,,,B
338441677,2024-05-27T15:52:13,24.45193,-81.87938,0.8,113.5,511.0,SUPER SPORT,,,37,,16,5,,,B
338441677,2024-05-27T15:53:42,24.45191,-81.87936,1.1,161.6,511.0,SUPER SPORT,,,37,,16,5,,,B
338441677,2024-05-27T15:55:12,24.45194,-81.87937,1.3,246.2,511.0,SUPER SPORT,,,37,,16,5,,,B
338441677,2024-05-27T15:56:43,24.45190,-81.87938,0.8,114.1,511.0,SUPER SPORT,,,37,,16,5,,,B
338441677,2024-05-27T15:58:12,24.45146,-81.87950,7.1,197.9,511.0,SUPER SPORT,,,37,,16,5,,,B
338441677,2024-05-27T15:59:42,24.45346,-81.88240,18.2,0.1,511.0,SUPER SPORT,,,37,,16,5,,,B
338441677,2024-05-27T16:00:13,24.45672,-81.88256,22.5,0.2,511.0,SUPER SPORT,,,37,,16,5,,,B
338441677,2024-05-27T16:01:42,24.46655,-81.88021,26.3,15.9,511.0,SUPER SPORT,,,37,,16,5,,,B
368230350,2024-05-27T17:24:32,24.43516,-81.89153,29.0,43.3,511.0,PROBLEM SOLVER,,WDM7034,37,,0,0,,,B
368230350,2024-05-27T17:25:47,24.44224,-81.88356,29.4,52.4,511.0,PROBLEM SOLVER,,WDM7034,37,,0,0,,,B
368230350,2024-05-27T17:26:52,24.44854,-81.87648,30.5,39.8,511.0,PROBLEM SOLVER,,WDM7034,37,,0,0,,,B
368230350,2024-05-27T17:27:57,24.45547,-81.86964,28.9,40.9,511.0,PROBLEM SOLVER,,WDM7034,37,,0,0,,,B
368230350,2024-05-27T17:29:02,24.46256,-81.86273,30.8,39.5,511.0,PROBLEM SOLVER,,WDM7034,37,,0,0,,,B
368147000,2024-06-01T14:07:47,24.46614,-81.87471,23.9,229.7,511.0,COLORADO BLUE,,WDN5352,37,,10,5,,,B
368147000,2024-06-01T14:08:51,24.46174,-81.88096,23.9,227.0,511.0,COLORADO BLUE,,WDN5352,37,,10,5,,,B
368147000,2024-06-01T14:10:06,24.45659,-81.88790,23.1,230.6,511.0,COLORADO BLUE,,WDN5352,37,,10,5,,,B
368147000,2024-06-01T14:11:10,24.45241,-81.89415,22.2,236.2,511.0,COLORADO BLUE,,WDN5352,37,,10,5,,,B
368230350,2024-06-05T12:51:00,24.46441,-81.88866,29.5,218.1,511.0,PROBLEM SOLVER,,WDM7034,37,,0,0,,,B
368230350,2024-06-05T12:52:05,24.45753,-81.89454,29.3,213.6,511.0,PROBLEM SOLVER,,WDM7034,37,,0,0,,,B
368230350,2024-06-05T15:20:04,24.43828,-81.89165,29.5,86.5,511.0,PROBLEM SOLVER,,WDM7034,37,,0,0,,,B
368230350,2024-06-05T15:21:08,24.43916,-81.88207,27.3,92.7,511.0,PROBLEM SOLVER,,WDM7034,37,,0,0,,,B
368230350,2024-06-05T15:22:13,24.43928,-81.87828,5.9,23.6,511.0,PROBLEM SOLVER,,WDM7034,37,,0,0,,,B
368230350,2024-06-05T15:23:33,24.43912,-81.87917,5.2,267.1,511.0,PROBLEM SOLVER,,WDM7034,37,,0,0,,,B
368230350,2024-06-05T15:25:33,24.43877,-81.87971,4.5,346.9,511.0,PROBLEM SOLVER,,WDM7034,37,,0,0,,,B
368230350,2024-06-05T15:28:06,24.43860,-81.87956,3.7,349.6,511.0,PROBLEM SOLVER,,WDM7034,37,,0,0,,,B
368230350,2024-06-05T15:29:37,24.43871,-81.87931,1.0,360.0,511.0,PROBLEM SOLVER,,WDM7034,37,,0,0,,,B
368230350,2024-06-05T15:31:37,24.43870,-81.87959,1.5,360.0,511.0,PROBLEM SOLVER,,WDM7034,37,,0,0,,,B
368230350,2024-06-05T15:34:06,24.43867,-81.87961,0.2,360.0,511.0,PROBLEM SOLVER,,WDM7034,37,,0,0,,,B
368230350,2024-06-05T15:36:48,24.43870,-81.87961,0.4,360.0,511.0,PROBLEM SOLVER,,WDM7034,37,,0,0,,,B
368230350,2024-06-05T15:40:29,24.43873,-81.87966,0.4,360.0,511.0,PROBLEM SOLVER,,WDM7034,37,,0,0,,,B
368230350,2024-06-05T15:42:29,24.43871,-81.87959,0.1,360.0,511.0,PROBLEM SOLVER,,WDM7034,37,,0,0,,,B
368230350,2024-06-05T15:45:00,24.43873,-81.87964,0.2,360.0,511.0,PROBLEM SOLVER,,WDM7034,37,,0,0,,,B
368230350,2024-06-05T15:46:30,24.43872,-81.87964,0.1,360.0,511.0,PROBLEM SOLVER,,WDM7034,37,,0,0,,,B
368230350,2024-06-05T15:48:00,24.43870,-81.87964,0.2,360.0,511.0,PROBLEM SOLVER,,WDM7034,37,,0,0,,,B
368230350,2024-06-05T15:53:44,24.43875,-81.87962,0.0,360.0,511.0,PROBLEM SOLVER,,WDM7034,37,,0,0,,,B
368230350,2024-06-05T15:56:48,24.43873,-81.87962,0.3,360.0,511.0,PROBLEM SOLVER,,WDM7034,37,,0,0,,,B
368230350,2024-06-05T16:00:15,24.43872,-81.87963,0.1,360.0,511.0,PROBLEM SOLVER,,WDM7034,37,,0,0,,,B
368230350,2024-06-05T16:02:47,24.43870,-81.87962,0.4,360.0,511.0,PROBLEM SOLVER,,WDM7034,37,,0,0,,,B
368230350,2024-06-05T16:11:58,24.43875,-81.87963,0.2,360.0,511.0,PROBLEM SOLVER,,WDM7034,37,,0,0,,,B
368230350,2024-06-05T16:14:49,24.43875,-81.87962,0.4,360.0,511.0,PROBLEM SOLVER,,WDM7034,37,,0,0,,,B
368230350,2024-06-05T16:18:07,24.43876,-81.87961,0.2,360.0,511.0,PROBLEM SOLVER,,WDM7034,37,,0,0,,,B
368230350,2024-06-05T16:19:36,24.43873,-81.87963,0.7,360.0,511.0,PROBLEM SOLVER,,WDM7034,37,,0,0,,,B
368230350,2024-06-05T16:20:37,24.43874,-81.87963,0.1,360.0,511.0,PROBLEM SOLVER,,WDM7034,37,,0,0,,,B
368230350,2024-06-05T16:23:09,24.43812,-81.87844,0.8,360.0,511.0,PROBLEM SOLVER,,WDM7034,37,,0,0,,,B
368230350,2024-06-05T16:24:40,24.43925,-81.87560,27.2,66.4,511.0,PROBLEM SOLVER,,WDM7034,37,,0,0,,,B
368230350,2024-06-05T16:25:46,24.44251,-81.86759,26.3,71.6,511.0,PROBLEM SOLVER,,WDM7034,37,,0,0,,,B
368230350,2024-06-05T16:26:50,24.44513,-81.85923,27.7,74.7,511.0,PROBLEM SOLVER,,WDM7034,37,,0,0,,,B
368147000,2024-06-08T12:39:53,24.46809,-81.87256,29.3,233.0,511.0,COLORADO BLUE,,WDN5352,37,,10,5,,,B
368147000,2024-06-08T12:40:58,24.46289,-81.87996,28.4,227.9,511.0,COLORADO BLUE,,WDN5352,37,,10,5,,,B
368147000,2024-06-08T12:42:02,24.45754,-81.88695,28.1,231.7,511.0,COLORADO BLUE,,WDN5352,37,,10,5,,,B
368147000,2024-06-08T12:43:07,24.45209,-81.89421,27.9,233.5,511.0,COLORADO BLUE,,WDN5352,37,,10,5,,,B
368147000,2024-06-08T15:20:27,24.43329,-81.85859,27.2,79.7,511.0,COLORADO BLUE,,WDN5352,37,,10,5,,,B
368147000,2024-06-25T14:14:23,24.44329,-81.86082,30.0,263.2,511.0,COLORADO BLUE,,WDN5352,37,,10,5,,,B
368147000,2024-06-25T14:15:27,24.44308,-81.87070,30.0,275.9,511.0,COLORADO BLUE,,WDN5352,37,,10,5,,,B
368147000,2024-06-25T14:16:28,24.44345,-81.87979,29.4,262.4,511.0,COLORADO BLUE,,WDN5352,37,,10,5,,,B
368147000,2024-06-25T14:17:33,24.44221,-81.88961,29.7,261.9,511.0,COLORADO BLUE,,WDN5352,37,,10,5,,,B
338385537,2024-07-18T21:13:20,24.46569,-81.89786,6.9,68.2,511.0,ZODIAC,,,36,,25,10,,,B
338385537,2024-07-18T21:14:50,24.46746,-81.89533,7.4,46.0,511.0,ZODIAC,,,36,,25,10,,,B
338474328,2024-07-28T16:06:17,24.44861,-81.85941,21.1,272.0,511.0,SLAINTE,,,37,,12,4,,,B
338474328,2024-07-28T16:07:32,24.44896,-81.86710,20.7,272.5,511.0,SLAINTE,,,37,,12,4,,,B
338474328,2024-07-28T19:27:39,24.44837,-81.86663,20.6,92.6,511.0,SLAINTE,,,37,,12,4,,,B
338474328,2024-07-28T19:28:53,24.44819,-81.85895,20.6,92.3,511.0,SLAINTE,,,37,,12,4,,,B
338474328,2024-07-28T16:08:48,24.44905,-81.87312,10.7,291.9,511.0,SLAINTE,,,37,,12,4,,,B
338474328,2024-07-28T16:10:02,24.45055,-81.87565,5.1,320.0,511.0,SLAINTE,,,37,,12,4,,,B
338474328,2024-07-28T16:11:32,24.45170,-81.87708,3.5,277.7,511.0,SLAINTE,,,37,,12,4,,,B
338474328,2024-07-28T16:13:02,24.45190,-81.87783,1.1,62.6,511.0,SLAINTE,,,37,,12,4,,,B
338474328,2024-07-28T16:16:50,24.45199,-81.87780,0.1,360.0,511.0,SLAINTE,,,37,,12,4,,,B
338474328,2024-07-28T16:18:13,24.45198,-81.87780,0.2,360.0,511.0,SLAINTE,,,37,,12,4,,,B
338474328,2024-07-28T16:19:28,24.45196,-81.87780,0.4,360.0,511.0,SLAINTE,,,37,,12,4,,,B
338474328,2024-07-28T16:21:23,24.45200,-81.87779,0.3,360.0,511.0,SLAINTE,,,37,,12,4,,,B
338474328,2024-07-28T16:22:29,24.45196,-81.87781,0.2,360.0,511.0,SLAINTE,,,37,,12,4,,,B
338474328,2024-07-28T16:23:30,24.45200,-81.87780,0.3,360.0,511.0,SLAINTE,,,37,,12,4,,,B
338474328,2024-07-28T16:26:01,24.45202,-81.87777,0.1,360.0,511.0,SLAINTE,,,37,,12,4,,,B
338474328,2024-07-28T16:29:11,24.45195,-81.87782,0.4,360.0,511.0,SLAINTE,,,37,,12,4,,,B
338474328,2024-07-28T16:31:51,24.45201,-81.87777,0.1,360.0,511.0,SLAINTE,,,37,,12,4,,,B
338474328,2024-07-28T16:35:05,24.45201,-81.87776,0.2,360.0,511.0,SLAINTE,,,37,,12,4,,,B
338474328,2024-07-28T16:37:52,24.45197,-81.87780,0.5,360.0,511.0,SLAINTE,,,37,,12,4,,,B
338474328,2024-07-28T16:41:10,24.45200,-81.87781,0.2,360.0,511.0,SLAINTE,,,37,,12,4,,,B
338474328,2024-07-28T16:44:06,24.45199,-81.87782,0.1,360.0,511.0,SLAINTE,,,37,,12,4,,,B
338474328,2024-07-28T16:47:08,24.45200,-81.87782,0.1,360.0,511.0,SLAINTE,,,37,,12,4,,,B
338474328,2024-07-28T16:49:54,24.45197,-81.87784,0.1,360.0,511.0,SLAINTE,,,37,,12,4,,,B
338474328,2024-07-28T16:52:54,24.45199,-81.87781,0.0,360.0,511.0,SLAINTE,,,37,,12,4,,,B
338474328,2024-07-28T16:56:16,24.45198,-81.87781,0.2,360.0,511.0,SLAINTE,,,37,,12,4,,,B
338474328,2024-07-28T16:59:03,24.45199,-81.87781,0.0,360.0,511.0,SLAINTE,,,37,,12,4,,,B
338474328,2024-07-28T17:05:10,24.45200,-81.87779,0.1,360.0,511.0,SLAINTE,,,37,,12,4,,,B
338474328,2024-07-28T17:08:05,24.45196,-81.87781,0.0,360.0,511.0,SLAINTE,,,37,,12,4,,,B
338474328,2024-07-28T17:11:02,24.45199,-81.87780,0.0,360.0,511.0,SLAINTE,,,37,,12,4,,,B
338474328,2024-07-28T17:13:53,24.45200,-81.87779,0.0,360.0,511.0,SLAINTE,,,37,,12,4,,,B
338474328,2024-07-28T17:17:07,24.45200,-81.87778,0.2,360.0,511.0,SLAINTE,,,37,,12,4,,,B
338474328,2024-07-28T17:20:12,24.45198,-81.87780,0.5,360.0,511.0,SLAINTE,,,37,,12,4,,,B
338474328,2024-07-28T17:22:50,24.45197,-81.87782,0.3,360.0,511.0,SLAINTE,,,37,,12,4,,,B
338474328,2024-07-28T17:25:59,24.45197,-81.87780,0.2,360.0,511.0,SLAINTE,,,37,,12,4,,,B
338474328,2024-07-28T17:28:46,24.45200,-81.87780,0.3,360.0,511.0,SLAINTE,,,37,,12,4,,,B
338474328,2024-07-28T17:32:04,24.45199,-81.87779,0.2,360.0,511.0,SLAINTE,,,37,,12,4,,,B
338474328,2024-07-28T17:35:03,24.45201,-81.87778,0.0,360.0,511.0,SLAINTE,,,37,,12,4,,,B
338474328,2024-07-28T17:37:46,24.45200,-81.87780,0.3,360.0,511.0,SLAINTE,,,37,,12,4,,,B
338474328,2024-07-28T17:40:47,24.45200,-81.87779,0.1,360.0,511.0,SLAINTE,,,37,,12,4,,,B
338474328,2024-07-28T17:44:05,24.45198,-81.87781,0.0,360.0,511.0,SLAINTE,,,37,,12,4,,,B
338474328,2024-07-28T17:46:49,24.45199,-81.87780,0.0,360.0,511.0,SLAINTE,,,37,,12,4,,,B
338474328,2024-07-28T17:49:44,24.45199,-81.87781,0.2,360.0,511.0,SLAINTE,,,37,,12,4,,,B
338474328,2024-07-28T17:52:44,24.45198,-81.87782,0.2,360.0,511.0,SLAINTE,,,37,,12,4,,,B
338474328,2024-07-28T17:56:13,24.45200,-81.87782,0.1,360.0,511.0,SLAINTE,,,37,,12,4,,,B
338474328,2024-07-28T17:58:45,24.45199,-81.87782,0.1,360.0,511.0,SLAINTE,,,37,,12,4,,,B
338474328,2024-07-28T18:02:04,24.45200,-81.87781,0.1,360.0,511.0,SLAINTE,,,37,,12,4,,,B
338474328,2024-07-28T18:05:03,24.45199,-81.87783,0.1,360.0,511.0,SLAINTE,,,37,,12,4,,,B
338474328,2024-07-28T18:07:58,24.45200,-81.87782,0.1,360.0,511.0,SLAINTE,,,37,,12,4,,,B
338474328,2024-07-28T18:11:15,24.45197,-81.87782,0.1,360.0,511.0,SLAINTE,,,37,,12,4,,,B
338474328,2024-07-28T18:14:01,24.45197,-81.87783,0.4,360.0,511.0,SLAINTE,,,37,,12,4,,,B
338474328,2024-07-28T18:16:46,24.45198,-81.87782,0.0,360.0,511.0,SLAINTE,,,37,,12,4,,,B
338474328,2024-07-28T18:19:50,24.45198,-81.87782,0.1,360.0,511.0,SLAINTE,,,37,,12,4,,,B
338474328,2024-07-28T18:23:15,24.45197,-81.87783,0.1,360.0,511.0,SLAINTE,,,37,,12,4,,,B
338474328,2024-07-28T18:26:14,24.45199,-81.87781,0.1,360.0,511.0,SLAINTE,,,37,,12,4,,,B
338474328,2024-07-28T18:29:03,24.45200,-81.87781,0.0,360.0,511.0,SLAINTE,,,37,,12,4,,,B
338474328,2024-07-28T18:32:01,24.45200,-81.87782,0.2,360.0,511.0,SLAINTE,,,37,,12,4,,,B
338474328,2024-07-28T18:35:06,24.45199,-81.87781,0.1,360.0,511.0,SLAINTE,,,37,,12,4,,,B
338474328,2024-07-28T18:37:52,24.45200,-81.87779,0.0,360.0,511.0,SLAINTE,,,37,,12,4,,,B
338474328,2024-07-28T18:41:14,24.45198,-81.87780,0.1,360.0,511.0,SLAINTE,,,37,,12,4,,,B
338474328,2024-07-28T18:43:50,24.45198,-81.87779,0.0,360.0,511.0,SLAINTE,,,37,,12,4,,,B
338474328,2024-07-28T18:47:08,24.45198,-81.87779,0.3,360.0,511.0,SLAINTE,,,37,,12,4,,,B
338474328,2024-07-28T18:49:59,24.45198,-81.87778,0.1,360.0,511.0,SLAINTE,,,37,,12,4,,,B
338474328,2024-07-28T18:52:59,24.45198,-81.87779,0.2,360.0,511.0,SLAINTE,,,37,,12,4,,,B
338474328,2024-07-28T18:55:53,24.45197,-81.87781,0.3,360.0,511.0,SLAINTE,,,37,,12,4,,,B
338474328,2024-07-28T18:58:58,24.45200,-81.87781,0.3,360.0,511.0,SLAINTE,,,37,,12,4,,,B
338474328,2024-07-28T19:01:46,24.45198,-81.87782,0.2,360.0,511.0,SLAINTE,,,37,,12,4,,,B
338474328,2024-07-28T19:05:09,24.45197,-81.87782,0.0,360.0,511.0,SLAINTE,,,37,,12,4,,,B
338474328,2024-07-28T19:07:41,24.45196,-81.87780,0.0,360.0,511.0,SLAINTE,,,37,,12,4,,,B
338474328,2024-07-28T19:11:03,24.45198,-81.87781,0.0,360.0,511.0,SLAINTE,,,37,,12,4,,,B
338474328,2024-07-28T19:13:41,24.45200,-81.87779,0.1,360.0,511.0,SLAINTE,,,37,,12,4,,,B
338474328,2024-07-28T19:16:50,24.45197,-81.87780,0.2,360.0,511.0,SLAINTE,,,37,,12,4,,,B
338474328,2024-07-28T19:20:11,24.45199,-81.87780,0.1,360.0,511.0,SLAINTE,,,37,,12,4,,,B
338474328,2024-07-28T19:22:45,24.45199,-81.87779,0.2,360.0,511.0,SLAINTE,,,37,,12,4,,,B
338474328,2024-07-28T19:26:07,24.44969,-81.87577,16.5,110.4,511.0,SLAINTE,,,37,,12,4,,,B
368147000,2024-07-23T18:39:16,24.43265,-81.85889,0.9,360.0,511.0,COLORADO BLUE,,WDN5352,37,,10,5,,,B
368147000,2024-07-23T18:40:48,24.43279,-81.85927,1.0,360.0,511.0,COLORADO BLUE,,WDN5352,37,,10,5,,,B
368147000,2024-07-23T18:44:18,24.43790,-81.87987,28.6,279.7,511.0,COLORADO BLUE,,WDN5352,37,,10,5,,,B
368147000,2024-07-23T18:45:23,24.43946,-81.88840,25.8,284.4,511.0,COLORADO BLUE,,WDN5352,37,,10,5,,,B
368147000,2024-07-23T18:46:28,24.44119,-81.89722,27.9,282.6,511.0,COLORADO BLUE,,WDN5352,37,,10,5,,,B
368368360,2024-07-27T12:45:31,24.46667,-81.89303,8.6,205.0,511.0,WINSOR ROSE,,WDP5983,37,,12,4,,,B
368368360,2024-07-27T12:47:01,24.46338,-81.89469,8.5,202.6,511.0,WINSOR ROSE,,WDP5983,37,,12,4,,,B
368368360,2024-07-27T12:48:32,24.46011,-81.89624,8.8,204.8,511.0,WINSOR ROSE,,WDP5983,37,,12,4,,,B
368368360,2024-07-27T12:50:01,24.45692,-81.89787,8.6,206.6,511.0,WINSOR ROSE,,WDP5983,37,,12,4,,,B
368375970,2024-07-29T15:00:19,24.43944,-81.85886,6.9,228.9,511.0,OFFLINE,,WDP6806,37,,12,5,,,B
368375970,2024-07-29T15:01:51,24.43748,-81.86126,6.9,229.8,511.0,OFFLINE,,WDP6806,37,,12,5,,,B
368375970,2024-07-29T15:03:19,24.43579,-81.86376,6.9,238.8,511.0,OFFLINE,,WDP6806,37,,12,5,,,B
368375970,2024-07-29T15:04:47,24.43417,-81.86632,7.0,234.4,511.0,OFFLINE,,WDP6806,37,,12,5,,,B
368375970,2024-07-29T15:06:20,24.43244,-81.86906,6.9,235.4,511.0,OFFLINE,,WDP6806,37,,12,5,,,B
338492001,2024-07-30T17:52:23,24.45181,-81.86273,30.8,269.8,280.0,HAVANA LIFE,,,37,,13,4,,,B
338492001,2024-07-30T17:53:38,24.45159,-81.87235,9.6,277.5,288.0,HAVANA LIFE,,,37,,13,4,,,B
338492001,2024-07-30T17:55:09,24.45210,-81.87528,4.1,293.9,302.0,HAVANA LIFE,,,37,,13,4,,,B
338492001,2024-07-30T17:56:22,24.45234,-81.87591,1.9,184.8,353.0,HAVANA LIFE,,,37,,13,4,,,B
338492001,2024-07-30T17:57:51,24.45237,-81.87592,1.1,93.9,288.0,HAVANA LIFE,,,37,,13,4,,,B
338492001,2024-07-30T17:59:51,24.45246,-81.87598,0.2,248.9,10.0,HAVANA LIFE,,,37,,13,4,,,B
338492001,2024-07-30T18:00:22,24.45243,-81.87603,0.1,295.3,58.0,HAVANA LIFE,,,37,,13,4,,,B
338492001,2024-07-30T18:03:22,24.45248,-81.87603,0.0,50.5,95.0,HAVANA LIFE,,,37,,13,4,,,B
338492001,2024-07-30T18:06:22,24.45255,-81.87597,0.1,50.8,103.0,HAVANA LIFE,,,37,,13,4,,,B
338492001,2024-07-30T18:09:28,24.45253,-81.87599,0.2,348.8,98.0,HAVANA LIFE,,,37,,13,4,,,B
338492001,2024-07-30T18:12:25,24.45250,-81.87601,0.1,90.8,84.0,HAVANA LIFE,,,37,,13,4,,,B
338492001,2024-07-30T18:15:21,24.45250,-81.87601,0.2,83.2,83.0,HAVANA LIFE,,,37,,13,4,,,B
338492001,2024-07-30T18:21:23,24.45250,-81.87601,0.0,205.0,90.0,HAVANA LIFE,,,37,,13,4,,,B
338492001,2024-07-30T18:24:23,24.45247,-81.87601,0.1,132.1,81.0,HAVANA LIFE,,,37,,13,4,,,B
338492001,2024-07-30T18:27:22,24.45250,-81.87601,0.0,4.6,95.0,HAVANA LIFE,,,37,,13,4,,,B
338492001,2024-07-30T18:30:19,24.45253,-81.87599,0.1,65.3,112.0,HAVANA LIFE,,,37,,13,4,,,B
338492001,2024-07-30T18:36:18,24.45249,-81.87603,0.0,72.7,89.0,HAVANA LIFE,,,37,,13,4,,,B
338492001,2024-07-30T18:39:25,24.45250,-81.87601,0.1,72.0,81.0,HAVANA LIFE,,,37,,13,4,,,B
338492001,2024-07-30T18:42:23,24.45248,-81.87601,0.0,1.2,76.0,HAVANA LIFE,,,37,,13,4,,,B
338492001,2024-07-30T18:45:19,24.45248,-81.87601,0.2,15.7,75.0,HAVANA LIFE,,,37,,13,4,,,B
338492001,2024-07-30T18:48:26,24.45247,-81.87602,0.0,26.3,86.0,HAVANA LIFE,,,37,,13,4,,,B
338492001,2024-07-30T18:51:21,24.45250,-81.87600,0.1,203.8,129.0,HAVANA LIFE,,,37,,13,4,,,B
338492001,2024-07-30T18:54:18,24.45250,-81.87601,0.2,206.8,129.0,HAVANA LIFE,,,37,,13,4,,,B
338492001,2024-07-30T18:57:28,24.45248,-81.87602,0.0,295.2,100.0,HAVANA LIFE,,,37,,13,4,,,B
338492001,2024-07-30T19:03:25,24.45249,-81.87602,0.1,24.7,100.0,HAVANA LIFE,,,37,,13,4,,,B
338492001,2024-07-30T19:06:22,24.45250,-81.87601,0.1,341.2,98.0,HAVANA LIFE,,,37,,13,4,,,B
338492001,2024-07-30T19:09:26,24.45250,-81.87601,0.1,355.3,99.0,HAVANA LIFE,,,37,,13,4,,,B
338492001,2024-07-30T19:12:26,24.45250,-81.87601,0.1,167.7,99.0,HAVANA LIFE,,,37,,13,4,,,B
338492001,2024-07-30T19:15:24,24.45249,-81.87601,0.1,54.0,92.0,HAVANA LIFE,,,37,,13,4,,,B
338492001,2024-07-30T19:21:21,24.45252,-81.87599,0.2,220.0,142.0,HAVANA LIFE,,,37,,13,4,,,B
338492001,2024-07-30T19:24:26,24.45252,-81.87599,0.1,194.5,143.0,HAVANA LIFE,,,37,,13,4,,,B
338492001,2024-07-30T19:27:19,24.45253,-81.87598,0.1,215.4,146.0,HAVANA LIFE,,,37,,13,4,,,B
338492001,2024-07-30T19:33:21,24.45253,-81.87597,0.1,36.0,104.0,HAVANA LIFE,,,37,,13,4,,,B
338492001,2024-07-30T19:39:23,24.45251,-81.87598,0.2,114.9,94.0,HAVANA LIFE,,,37,,13,4,,,B
338492001,2024-07-30T19:42:54,24.45196,-81.87127,15.5,93.8,91.0,HAVANA LIFE,,,37,,13,4,,,B
338492001,2024-07-30T19:44:06,24.45146,-81.86371,28.8,83.8,79.0,HAVANA LIFE,,,37,,13,4,,,B
338385537,2024-08-13T19:52:37,24.46055,-81.88126,7.7,180.4,511.0,ZODIAC,,,36,,25,10,,,B
338385537,2024-08-13T19:54:08,24.45721,-81.88141,8.2,180.3,511.0,ZODIAC,,,36,,25,10,,,B
338385537,2024-08-13T19:55:37,24.45423,-81.88079,4.9,135.0,511.0,ZODIAC,,,36,,25,10,,,B
338385537,2024-08-13T19:56:38,24.45360,-81.87995,1.8,98.7,511.0,ZODIAC,,,36,,25,10,,,B
338385537,2024-08-13T19:58:04,24.45361,-81.87972,1.2,320.3,511.0,ZODIAC,,,36,,25,10,,,B
338385537,2024-08-13T19:59:34,24.45373,-81.87978,0.3,162.7,511.0,ZODIAC,,,36,,25,10,,,B
338385537,2024-08-13T20:00:04,24.45368,-81.87979,0.5,193.2,511.0,ZODIAC,,,36,,25,10,,,B
338385537,2024-08-13T20:03:03,24.45353,-81.87983,0.1,360.0,511.0,ZODIAC,,,36,,25,10,,,B
338385537,2024-08-13T20:06:03,24.45348,-81.87985,0.0,360.0,511.0,ZODIAC,,,36,,25,10,,,B
338385537,2024-08-13T20:09:03,24.45348,-81.87985,0.1,360.0,511.0,ZODIAC,,,36,,25,10,,,B
338385537,2024-08-13T20:12:03,24.45346,-81.87981,0.1,360.0,511.0,ZODIAC,,,36,,25,10,,,B
338385537,2024-08-13T20:15:06,24.45346,-81.87982,0.1,360.0,511.0,ZODIAC,,,36,,25,10,,,B
338385537,2024-08-13T20:18:04,24.45346,-81.87983,0.1,360.0,511.0,ZODIAC,,,36,,25,10,,,B
338385537,2024-08-13T20:21:02,24.45346,-81.87983,0.0,360.0,511.0,ZODIAC,,,36,,25,10,,,B
338385537,2024-08-13T20:24:04,24.45344,-81.87978,0.1,360.0,511.0,ZODIAC,,,36,,25,10,,,B
338385537,2024-08-13T20:26:34,24.45348,-81.88010,2.7,293.2,511.0,ZODIAC,,,36,,25,10,,,B
338385537,2024-08-13T20:28:05,24.45483,-81.88091,5.6,0.5,511.0,ZODIAC,,,36,,25,10,,,B
338385537,2024-08-13T20:29:06,24.45645,-81.88093,6.0,357.8,511.0,ZODIAC,,,36,,25,10,,,B
338385537,2024-08-13T20:30:34,24.45891,-81.88093,6.1,2.0,511.0,ZODIAC,,,36,,25,10,,,B
338385537,2024-08-13T20:32:06,24.46156,-81.88088,6.3,1.2,511.0,ZODIAC,,,36,,25,10,,,B
338385537,2024-08-13T19:49:37,24.46696,-81.88276,7.8,151.9,511.0,ZODIAC,,,36,,25,10,,,B
338385537,2024-08-13T19:51:08,24.46378,-81.88163,7.9,168.5,511.0,ZODIAC,,,36,,25,10,,,B
338385537,2024-08-13T20:33:34,24.46381,-81.87934,7.6,44.2,511.0,ZODIAC,,,36,,25,10,,,B
338385537,2024-08-13T20:35:06,24.46604,-81.87687,7.5,44.6,511.0,ZODIAC,,,36,,25,10,,,B
338385537,2024-08-13T20:36:34,24.46810,-81.87439,7.7,37.7,511.0,ZODIAC,,,36,,25,10,,,B
211162740,2024-08-24T04:27:09,24.43765,-81.85903,0.9,268.8,511.0,SEEFALKE,IMO9421233,DB5108,37,,12,2,,,B
211162740,2024-08-24T04:28:11,24.43766,-81.85940,1.5,275.0,511.0,SEEFALKE,IMO9421233,DB5108,37,,12,2,,,B
211162740,2024-08-24T04:29:39,24.43763,-81.86000,1.6,277.7,511.0,SEEFALKE,IMO9421233,DB5108,37,,12,2,,,B
211162740,2024-08-24T04:31:11,24.43760,-81.86059,1.1,284.2,511.0,SEEFALKE,IMO9421233,DB5108,37,,12,2,,,B
211162740,2024-08-24T04:32:12,24.43755,-81.86098,1.0,282.1,511.0,SEEFALKE,IMO9421233,DB5108,37,,12,2,,,B
211162740,2024-08-24T04:34:11,24.43752,-81.86185,1.9,239.8,511.0,SEEFALKE,IMO9421233,DB5108,37,,12,2,,,B
211162740,2024-08-24T04:35:12,24.43749,-81.86231,1.2,260.5,511.0,SEEFALKE,IMO9421233,DB5108,37,,12,2,,,B
211162740,2024-08-24T04:36:42,24.43744,-81.86297,1.3,243.7,511.0,SEEFALKE,IMO9421233,DB5108,37,,12,2,,,B
211162740,2024-08-24T04:38:12,24.43741,-81.86361,1.2,276.5,511.0,SEEFALKE,IMO9421233,DB5108,37,,12,2,,,B
211162740,2024-08-24T04:39:42,24.43736,-81.86423,1.2,275.8,511.0,SEEFALKE,IMO9421233,DB5108,37,,12,2,,,B
211162740,2024-08-24T04:41:12,24.43728,-81.86487,1.3,252.4,511.0,SEEFALKE,IMO9421233,DB5108,37,,12,2,,,B
211162740,2024-08-24T04:42:39,24.43723,-81.86548,2.6,292.9,511.0,SEEFALKE,IMO9421233,DB5108,37,,12,2,,,B
211162740,2024-08-24T04:44:10,24.43726,-81.86612,1.9,269.4,511.0,SEEFALKE,IMO9421233,DB5108,37,,12,2,,,B
211162740,2024-08-24T04:46:10,24.43722,-81.86709,2.1,276.0,511.0,SEEFALKE,IMO9421233,DB5108,37,,12,2,,,B
211162740,2024-08-24T04:47:42,24.43716,-81.86788,1.1,257.8,511.0,SEEFALKE,IMO9421233,DB5108,37,,12,2,,,B
211162740,2024-08-24T04:49:11,24.43711,-81.86862,2.1,274.4,511.0,SEEFALKE,IMO9421233,DB5108,37,,12,2,,,B
211162740,2024-08-24T04:50:42,24.43704,-81.86951,1.8,263.6,511.0,SEEFALKE,IMO9421233,DB5108,37,,12,2,,,B
211162740,2024-08-24T04:53:11,24.43685,-81.87101,2.7,272.5,511.0,SEEFALKE,IMO9421233,DB5108,37,,12,2,,,B
211162740,2024-08-24T04:54:12,24.43677,-81.87161,2.0,263.5,511.0,SEEFALKE,IMO9421233,DB5108,37,,12,2,,,B
211162740,2024-08-24T04:55:42,24.43648,-81.87257,2.3,253.6,511.0,SEEFALKE,IMO9421233,DB5108,37,,12,2,,,B
211162740,2024-08-24T04:56:43,24.43629,-81.87320,2.8,248.5,511.0,SEEFALKE,IMO9421233,DB5108,37,,12,2,,,B
211162740,2024-08-24T04:58:12,24.43595,-81.87417,2.2,251.3,511.0,SEEFALKE,IMO9421233,DB5108,37,,12,2,,,B
211162740,2024-08-24T04:59:40,24.43567,-81.87499,1.5,246.3,511.0,SEEFALKE,IMO9421233,DB5108,37,,12,2,,,B
211162740,2024-08-24T05:00:12,24.43557,-81.87526,1.5,249.0,511.0,SEEFALKE,IMO9421233,DB5108,37,,12,2,,,B
211162740,2024-08-24T05:01:40,24.43533,-81.87593,2.5,256.6,511.0,SEEFALKE,IMO9421233,DB5108,37,,12,2,,,B
211162740,2024-08-24T05:03:11,24.43513,-81.87665,2.4,261.0,511.0,SEEFALKE,IMO9421233,DB5108,37,,12,2,,,B
211162740,2024-08-24T05:04:40,24.43491,-81.87739,2.1,258.5,511.0,SEEFALKE,IMO9421233,DB5108,37,,12,2,,,B
211162740,2024-08-24T05:05:41,24.43479,-81.87789,2.0,265.9,511.0,SEEFALKE,IMO9421233,DB5108,37,,12,2,,,B
211162740,2024-08-24T05:07:10,24.43464,-81.87860,1.8,239.0,511.0,SEEFALKE,IMO9421233,DB5108,37,,12,2,,,B
211162740,2024-08-24T05:08:40,24.43448,-81.87925,1.0,241.5,511.0,SEEFALKE,IMO9421233,DB5108,37,,12,2,,,B
211162740,2024-08-24T05:10:40,24.43430,-81.88004,1.6,262.1,511.0,SEEFALKE,IMO9421233,DB5108,37,,12,2,,,B
211162740,2024-08-24T05:13:09,24.43405,-81.88102,1.5,252.5,511.0,SEEFALKE,IMO9421233,DB5108,37,,12,2,,,B
211162740,2024-08-24T05:15:09,24.43387,-81.88180,2.7,268.1,511.0,SEEFALKE,IMO9421233,DB5108,37,,12,2,,,B
211162740,2024-08-24T05:16:39,24.43377,-81.88243,1.0,248.1,511.0,SEEFALKE,IMO9421233,DB5108,37,,12,2,,,B
211162740,2024-08-24T05:19:12,24.43351,-81.88347,1.0,251.2,511.0,SEEFALKE,IMO9421233,DB5108,37,,12,2,,,B
211162740,2024-08-24T05:21:12,24.43333,-81.88424,1.0,259.8,511.0,SEEFALKE,IMO9421233,DB5108,37,,12,2,,,B
211162740,2024-08-24T05:22:41,24.43315,-81.88478,1.7,253.5,511.0,SEEFALKE,IMO9421233,DB5108,37,,12,2,,,B
211162740,2024-08-24T05:24:12,24.43298,-81.88540,1.3,253.7,511.0,SEEFALKE,IMO9421233,DB5108,37,,12,2,,,B
211162740,2024-08-24T05:25:41,24.43282,-81.88602,1.9,233.7,511.0,SEEFALKE,IMO9421233,DB5108,37,,12,2,,,B
211162740,2024-08-24T05:27:11,24.43265,-81.88656,1.2,272.8,511.0,SEEFALKE,IMO9421233,DB5108,37,,12,2,,,B
211162740,2024-08-24T05:28:40,24.43248,-81.88712,1.3,277.3,511.0,SEEFALKE,IMO9421233,DB5108,37,,12,2,,,B
368230350,2024-09-12T12:38:55,24.46079,-81.86893,28.2,211.4,511.0,PROBLEM SOLVER,,WDM7034,37,,0,0,,,B
368230350,2024-09-12T12:40:00,24.45358,-81.87209,25.5,191.7,511.0,PROBLEM SOLVER,,WDM7034,37,,0,0,,,B
368230350,2024-09-12T12:41:10,24.44577,-81.87583,25.3,193.3,511.0,PROBLEM SOLVER,,WDM7034,37,,0,0,,,B
368230350,2024-09-12T12:42:20,24.43911,-81.87841,7.4,213.0,511.0,PROBLEM SOLVER,,WDM7034,37,,0,0,,,B
368230350,2024-09-12T12:44:15,24.43894,-81.87894,5.0,60.3,511.0,PROBLEM SOLVER,,WDM7034,37,,0,0,,,B
368230350,2024-09-12T12:45:16,24.43900,-81.87887,4.7,343.5,511.0,PROBLEM SOLVER,,WDM7034,37,,0,0,,,B
368230350,2024-09-12T12:46:28,24.43878,-81.87916,5.3,67.2,511.0,PROBLEM SOLVER,,WDM7034,37,,0,0,,,B
368230350,2024-09-12T12:47:29,24.43882,-81.87877,1.5,360.0,511.0,PROBLEM SOLVER,,WDM7034,37,,0,0,,,B
368230350,2024-09-12T12:51:37,24.43822,-81.87865,0.7,360.0,511.0,PROBLEM SOLVER,,WDM7034,37,,0,0,,,B
368230350,2024-09-12T12:53:04,24.43827,-81.87876,0.4,360.0,511.0,PROBLEM SOLVER,,WDM7034,37,,0,0,,,B
368230350,2024-09-12T12:54:37,24.43844,-81.87882,0.9,360.0,511.0,PROBLEM SOLVER,,WDM7034,37,,0,0,,,B
368230350,2024-09-12T12:57:06,24.43845,-81.87885,0.5,360.0,511.0,PROBLEM SOLVER,,WDM7034,37,,0,0,,,B
368230350,2024-09-12T12:59:50,24.43847,-81.87878,0.8,360.0,511.0,PROBLEM SOLVER,,WDM7034,37,,0,0,,,B
368230350,2024-09-12T13:00:21,24.43848,-81.87878,0.3,360.0,511.0,PROBLEM SOLVER,,WDM7034,37,,0,0,,,B
368230350,2024-09-12T13:01:50,24.43850,-81.87882,1.3,360.0,511.0,PROBLEM SOLVER,,WDM7034,37,,0,0,,,B
368230350,2024-09-12T13:08:32,24.43864,-81.87881,0.3,360.0,511.0,PROBLEM SOLVER,,WDM7034,37,,0,0,,,B
368230350,2024-09-12T13:10:02,24.43864,-81.87878,0.3,360.0,511.0,PROBLEM SOLVER,,WDM7034,37,,0,0,,,B
368230350,2024-09-12T13:13:35,24.43864,-81.87879,0.3,360.0,511.0,PROBLEM SOLVER,,WDM7034,37,,0,0,,,B
368230350,2024-09-12T13:16:40,24.43863,-81.87877,1.4,360.0,511.0,PROBLEM SOLVER,,WDM7034,37,,0,0,,,B
368230350,2024-09-12T13:19:14,24.43863,-81.87874,0.4,360.0,511.0,PROBLEM SOLVER,,WDM7034,37,,0,0,,,B
368230350,2024-09-12T13:22:27,24.43864,-81.87884,0.3,360.0,511.0,PROBLEM SOLVER,,WDM7034,37,,0,0,,,B
368230350,2024-09-12T13:24:00,24.43861,-81.87880,0.6,360.0,511.0,PROBLEM SOLVER,,WDM7034,37,,0,0,,,B
368230350,2024-09-12T13:27:27,24.43876,-81.87878,0.4,360.0,511.0,PROBLEM SOLVER,,WDM7034,37,,0,0,,,B
368230350,2024-09-12T13:30:25,24.43875,-81.87877,0.3,360.0,511.0,PROBLEM SOLVER,,WDM7034,37,,0,0,,,B
368230350,2024-09-12T13:33:31,24.43875,-81.87868,0.3,360.0,511.0,PROBLEM SOLVER,,WDM7034,37,,0,0,,,B
368230350,2024-09-12T13:35:31,24.43874,-81.87870,0.2,360.0,511.0,PROBLEM SOLVER,,WDM7034,37,,0,0,,,B
368230350,2024-09-12T13:38:31,24.43874,-81.87875,1.1,360.0,511.0,PROBLEM SOLVER,,WDM7034,37,,0,0,,,B
368230350,2024-09-12T13:41:39,24.43875,-81.87864,1.0,360.0,511.0,PROBLEM SOLVER,,WDM7034,37,,0,0,,,B
368230350,2024-09-12T13:45:23,24.43875,-81.87881,0.5,360.0,511.0,PROBLEM SOLVER,,WDM7034,37,,0,0,,,B
368230350,2024-09-12T13:46:53,24.43873,-81.87877,0.5,360.0,511.0,PROBLEM SOLVER,,WDM7034,37,,0,0,,,B
368230350,2024-09-12T13:52:49,24.43877,-81.87873,0.2,360.0,511.0,PROBLEM SOLVER,,WDM7034,37,,0,0,,,B
368230350,2024-09-12T13:56:10,24.43875,-81.87878,0.8,360.0,511.0,PROBLEM SOLVER,,WDM7034,37,,0,0,,,B
368230350,2024-09-12T13:59:02,24.43873,-81.87876,1.7,130.4,511.0,PROBLEM SOLVER,,WDM7034,37,,0,0,,,B
368230350,2024-09-12T14:01:49,24.43872,-81.87868,0.3,360.0,511.0,PROBLEM SOLVER,,WDM7034,37,,0,0,,,B
368230350,2024-09-12T14:03:19,24.43872,-81.87878,0.8,360.0,511.0,PROBLEM SOLVER,,WDM7034,37,,0,0,,,B
368230350,2024-09-12T14:09:50,24.43871,-81.87874,1.2,78.0,511.0,PROBLEM SOLVER,,WDM7034,37,,0,0,,,B
368230350,2024-09-12T14:11:19,24.43874,-81.87874,0.4,360.0,511.0,PROBLEM SOLVER,,WDM7034,37,,0,0,,,B
368230350,2024-09-12T14:15:54,24.43874,-81.87884,0.6,360.0,511.0,PROBLEM SOLVER,,WDM7034,37,,0,0,,,B
368230350,2024-09-12T14:17:24,24.43874,-81.87876,1.0,360.0,511.0,PROBLEM SOLVER,,WDM7034,37,,0,0,,,B
368230350,2024-09-12T14:21:27,24.43873,-81.87875,0.2,360.0,511.0,PROBLEM SOLVER,,WDM7034,37,,0,0,,,B
368230350,2024-09-12T14:23:27,24.43875,-81.87870,0.3,360.0,511.0,PROBLEM SOLVER,,WDM7034,37,,0,0,,,B
368230350,2024-09-12T14:27:30,24.43669,-81.87916,1.3,360.0,511.0,PROBLEM SOLVER,,WDM7034,37,,0,0,,,B
368230350,2024-09-12T14:30:30,24.43575,-81.87878,0.6,360.0,511.0,PROBLEM SOLVER,,WDM7034,37,,0,0,,,B
368230350,2024-09-12T14:33:14,24.43336,-81.88760,26.9,254.8,511.0,PROBLEM SOLVER,,WDM7034,37,,0,0,,,B
368295320,2024-09-12T15:58:17,24.45213,-81.87373,3.8,291.5,511.0,FLIP TURN,,WDN6035,37,,11,6,,,B
368295320,2024-09-12T15:59:30,24.45237,-81.87466,1.4,271.2,511.0,FLIP TURN,,WDN6035,37,,11,6,,,B
368295320,2024-09-12T16:03:36,24.45263,-81.87541,2.9,262.0,511.0,FLIP TURN,,WDN6035,37,,11,6,,,B
368295320,2024-09-12T16:05:07,24.45262,-81.87571,0.8,335.6,511.0,FLIP TURN,,WDN6035,37,,11,6,,,B
368295320,2024-09-12T16:07:07,24.45263,-81.87580,0.7,336.9,511.0,FLIP TURN,,WDN6035,37,,11,6,,,B
368295320,2024-09-12T16:09:39,24.45262,-81.87582,0.8,281.7,511.0,FLIP TURN,,WDN6035,37,,11,6,,,B
368295320,2024-09-12T16:12:35,24.45262,-81.87580,0.5,96.6,511.0,FLIP TURN,,WDN6035,37,,11,6,,,B
368295320,2024-09-12T16:15:33,24.45262,-81.87581,0.7,341.0,511.0,FLIP TURN,,WDN6035,37,,11,6,,,B
368295320,2024-09-12T16:18:05,24.45261,-81.87574,0.5,161.0,511.0,FLIP TURN,,WDN6035,37,,11,6,,,B
368295320,2024-09-12T16:21:36,24.45262,-81.87579,0.5,29.2,511.0,FLIP TURN,,WDN6035,37,,11,6,,,B
368295320,2024-09-12T16:24:34,24.45262,-81.87581,0.1,360.0,511.0,FLIP TURN,,WDN6035,37,,11,6,,,B
368295320,2024-09-12T16:27:21,24.45262,-81.87577,0.9,4.5,511.0,FLIP TURN,,WDN6035,37,,11,6,,,B
368295320,2024-09-12T16:30:45,24.45261,-81.87579,0.3,216.3,511.0,FLIP TURN,,WDN6035,37,,11,6,,,B
368295320,2024-09-12T16:33:22,24.45262,-81.87578,0.7,193.8,511.0,FLIP TURN,,WDN6035,37,,11,6,,,B
368295320,2024-09-12T16:36:52,24.45262,-81.87580,0.5,115.1,511.0,FLIP TURN,,WDN6035,37,,11,6,,,B
368295320,2024-09-12T16:38:52,24.45261,-81.87580,0.3,48.9,511.0,FLIP TURN,,WDN6035,37,,11,6,,,B
368295320,2024-09-12T16:47:08,24.45261,-81.87582,0.8,139.3,511.0,FLIP TURN,,WDN6035,37,,11,6,,,B
368295320,2024-09-12T16:50:39,24.45261,-81.87579,1.1,324.5,511.0,FLIP TURN,,WDN6035,37,,11,6,,,B
368295320,2024-09-12T16:53:17,24.45261,-81.87580,0.2,8.4,511.0,FLIP TURN,,WDN6035,37,,11,6,,,B
368295320,2024-09-12T16:56:25,24.45261,-81.87580,0.5,333.1,511.0,FLIP TURN,,WDN6035,37,,11,6,,,B
368295320,2024-09-12T16:59:05,24.45261,-81.87578,0.7,247.5,511.0,FLIP TURN,,WDN6035,37,,11,6,,,B
368295320,2024-09-12T17:02:15,24.45261,-81.87581,0.3,205.1,511.0,FLIP TURN,,WDN6035,37,,11,6,,,B
368295320,2024-09-12T17:05:11,24.45261,-81.87583,0.1,360.0,511.0,FLIP TURN,,WDN6035,37,,11,6,,,B
368295320,2024-09-12T17:08:34,24.45261,-81.87578,0.1,360.0,511.0,FLIP TURN,,WDN6035,37,,11,6,,,B
368295320,2024-09-12T17:11:20,24.45261,-81.87578,0.8,147.6,511.0,FLIP TURN,,WDN6035,37,,11,6,,,B
368295320,2024-09-12T17:14:40,24.45261,-81.87577,1.3,13.9,511.0,FLIP TURN,,WDN6035,37,,11,6,,,B
368295320,2024-09-12T17:17:14,24.45261,-81.87579,0.0,360.0,511.0,FLIP TURN,,WDN6035,37,,11,6,,,B
368295320,2024-09-12T17:20:09,24.45261,-81.87583,0.7,311.9,511.0,FLIP TURN,,WDN6035,37,,11,6,,,B
368295320,2024-09-12T17:23:22,24.45261,-81.87580,0.7,269.6,511.0,FLIP TURN,,WDN6035,37,,11,6,,,B
368295320,2024-09-12T17:26:25,24.45260,-81.87582,0.4,88.5,511.0,FLIP TURN,,WDN6035,37,,11,6,,,B
368295320,2024-09-12T17:29:13,24.45261,-81.87584,0.2,161.5,511.0,FLIP TURN,,WDN6035,37,,11,6,,,B
368295320,2024-09-12T17:32:34,24.45260,-81.87581,0.5,94.1,511.0,FLIP TURN,,WDN6035,37,,11,6,,,B
368295320,2024-09-12T17:35:05,24.45262,-81.87583,0.5,19.8,511.0,FLIP TURN,,WDN6035,37,,11,6,,,B
368295320,2024-09-12T17:38:27,24.45260,-81.87576,0.3,227.3,511.0,FLIP TURN,,WDN6035,37,,11,6,,,B
368295320,2024-09-12T17:41:09,24.45260,-81.87578,0.2,12.4,511.0,FLIP TURN,,WDN6035,37,,11,6,,,B
368295320,2024-09-12T17:42:41,24.45260,-81.87581,0.1,360.0,511.0,FLIP TURN,,WDN6035,37,,11,6,,,B
368295320,2024-09-12T17:46:12,24.45259,-81.87576,0.1,360.0,511.0,FLIP TURN,,WDN6035,37,,11,6,,,B
368295320,2024-09-12T17:49:02,24.45261,-81.87577,0.2,360.0,511.0,FLIP TURN,,WDN6035,37,,11,6,,,B
368295320,2024-09-12T17:52:04,24.45261,-81.87580,0.4,217.9,511.0,FLIP TURN,,WDN6035,37,,11,6,,,B
368295320,2024-09-12T17:54:53,24.45261,-81.87581,0.2,353.8,511.0,FLIP TURN,,WDN6035,37,,11,6,,,B
368295320,2024-09-12T17:58:13,24.45260,-81.87580,0.1,360.0,511.0,FLIP TURN,,WDN6035,37,,11,6,,,B
368295320,2024-09-12T18:01:26,24.45262,-81.87580,0.4,21.5,511.0,FLIP TURN,,WDN6035,37,,11,6,,,B
368295320,2024-09-12T18:04:12,24.45259,-81.87584,0.2,197.0,511.0,FLIP TURN,,WDN6035,37,,11,6,,,B
368295320,2024-09-12T18:07:26,24.45260,-81.87584,0.1,360.0,511.0,FLIP TURN,,WDN6035,37,,11,6,,,B
368295320,2024-09-12T18:10:24,24.45261,-81.87576,0.3,254.0,511.0,FLIP TURN,,WDN6035,37,,11,6,,,B
368295320,2024-09-12T18:13:42,24.45261,-81.87581,0.4,194.4,511.0,FLIP TURN,,WDN6035,37,,11,6,,,B
368295320,2024-09-12T18:15:12,24.45260,-81.87582,0.5,224.9,511.0,FLIP TURN,,WDN6035,37,,11,6,,,B
368295320,2024-09-12T18:21:34,24.45252,-81.87580,0.3,51.8,511.0,FLIP TURN,,WDN6035,37,,11,6,,,B
368295320,2024-09-12T18:24:56,24.45221,-81.87203,10.1,100.5,511.0,FLIP TURN,,WDN6035,37,,11,6,,,B
368295320,2024-09-12T18:26:29,24.45074,-81.86708,11.5,103.7,511.0,FLIP TURN,,WDN6035,37,,11,6,,,B
368295320,2024-09-14T18:33:00,24.46697,-81.86981,12.3,179.5,511.0,FLIP TURN,,WDN6035,37,,11,6,,,B
368295320,2024-09-14T18:34:26,24.46224,-81.86974,12.2,178.3,511.0,FLIP TURN,,WDN6035,37,,11,6,,,B
368295320,2024-09-14T18:36:00,24.45710,-81.87033,12.6,187.3,511.0,FLIP TURN,,WDN6035,37,,11,6,,,B
368295320,2024-09-14T18:37:26,24.45305,-81.87240,11.5,196.1,511.0,FLIP TURN,,WDN6035,37,,11,6,,,B
368295320,2024-09-14T18:39:00,24.45262,-81.87507,4.5,316.1,511.0,FLIP TURN,,WDN6035,37,,11,6,,,B
368295320,2024-09-14T18:40:31,24.45244,-81.87582,1.1,228.4,511.0,FLIP TURN,,WDN6035,37,,11,6,,,B
368295320,2024-09-14T18:43:01,24.45238,-81.87587,0.2,253.9,511.0,FLIP TURN,,WDN6035,37,,11,6,,,B
368295320,2024-09-14T18:46:08,24.45237,-81.87586,0.0,360.0,511.0,FLIP TURN,,WDN6035,37,,11,6,,,B
368295320,2024-09-14T18:48:45,24.45238,-81.87578,0.3,125.8,511.0,FLIP TURN,,WDN6035,37,,11,6,,,B
368295320,2024-09-14T18:52:18,24.45241,-81.87571,0.3,35.0,511.0,FLIP TURN,,WDN6035,37,,11,6,,,B
368295320,2024-09-14T18:55:04,24.45247,-81.87569,0.3,65.0,511.0,FLIP TURN,,WDN6035,37,,11,6,,,B
368295320,2024-09-14T18:58:01,24.45254,-81.87566,0.2,360.0,511.0,FLIP TURN,,WDN6035,37,,11,6,,,B
368295320,2024-09-14T19:00:43,24.45255,-81.87562,0.1,360.0,511.0,FLIP TURN,,WDN6035,37,,11,6,,,B
368295320,2024-09-14T19:04:05,24.45255,-81.87567,0.1,360.0,511.0,FLIP TURN,,WDN6035,37,,11,6,,,B
368295320,2024-09-14T19:06:49,24.45257,-81.87567,0.1,360.0,511.0,FLIP TURN,,WDN6035,37,,11,6,,,B
368295320,2024-09-14T19:10:12,24.45256,-81.87560,0.2,360.0,511.0,FLIP TURN,,WDN6035,37,,11,6,,,B
368295320,2024-09-14T19:12:58,24.45252,-81.87560,0.2,360.0,511.0,FLIP TURN,,WDN6035,37,,11,6,,,B
368295320,2024-09-14T19:15:50,24.45243,-81.87555,0.3,230.4,511.0,FLIP TURN,,WDN6035,37,,11,6,,,B
368295320,2024-09-14T19:19:09,24.45236,-81.87555,0.6,170.2,511.0,FLIP TURN,,WDN6035,37,,11,6,,,B
368295320,2024-09-14T19:21:43,24.45233,-81.87556,0.6,154.8,511.0,FLIP TURN,,WDN6035,37,,11,6,,,B
368295320,2024-09-14T19:25:00,24.45231,-81.87562,0.1,360.0,511.0,FLIP TURN,,WDN6035,37,,11,6,,,B
368295320,2024-09-14T19:27:47,24.45234,-81.87559,0.0,360.0,511.0,FLIP TURN,,WDN6035,37,,11,6,,,B
368295320,2024-09-14T19:30:51,24.45242,-81.87553,0.3,237.1,511.0,FLIP TURN,,WDN6035,37,,11,6,,,B
368295320,2024-09-14T19:33:44,24.45245,-81.87556,0.6,306.9,511.0,FLIP TURN,,WDN6035,37,,11,6,,,B
368295320,2024-09-14T19:40:08,24.45246,-81.87556,0.0,360.0,511.0,FLIP TURN,,WDN6035,37,,11,6,,,B
368295320,2024-09-14T19:43:43,24.44953,-81.87508,12.1,149.3,511.0,FLIP TURN,,WDN6035,37,,11,6,,,B
368295320,2024-09-14T19:45:12,24.44506,-81.87278,11.9,155.5,511.0,FLIP TURN,,WDN6035,37,,11,6,,,B
368295320,2024-09-14T19:47:11,24.43895,-81.86965,12.3,154.9,511.0,FLIP TURN,,WDN6035,37,,11,6,,,B
368295320,2024-09-14T19:48:43,24.43418,-81.86709,12.1,156.7,511.0,FLIP TURN,,WDN6035,37,,11,6,,,B
368009890,2024-06-03T20:55:46,24.43298,-81.89509,8.0,69.3,70.0,W T HOGARTH,IMO1278422,WDJ7764,33,0,24,8,2.0,33,A
368009890,2024-06-03T20:56:56,24.43391,-81.89238,8.3,68.7,70.0,W T HOGARTH,IMO1278422,WDJ7764,33,0,24,8,2.0,33,A
368009890,2024-06-03T20:57:57,24.43474,-81.89002,8.1,66.7,70.0,W T HOGARTH,IMO1278422,WDJ7764,33,0,24,8,2.0,33,A
368009890,2024-06-03T20:58:59,24.43560,-81.88762,8.4,67.6,70.0,W T HOGARTH,IMO1278422,WDJ7764,33,0,24,8,2.0,33,A
368009890,2024-06-03T21:00:04,24.43650,-81.88508,8.0,67.4,70.0,W T HOGARTH,IMO1278422,WDJ7764,33,0,24,8,2.0,33,A
368009890,2024-06-03T21:01:07,24.43735,-81.88270,8.3,69.0,71.0,W T HOGARTH,IMO1278422,WDJ7764,33,0,24,8,2.0,33,A
368009890,2024-06-03T21:02:16,24.43830,-81.87997,8.3,70.4,72.0,W T HOGARTH,IMO1278422,WDJ7764,33,0,24,8,2.0,33,A
368009890,2024-06-03T21:03:25,24.43926,-81.87729,8.2,68.3,71.0,W T HOGARTH,IMO1278422,WDJ7764,33,0,24,8,2.0,33,A
368009890,2024-06-03T21:04:35,24.44022,-81.87459,8.0,67.9,70.0,W T HOGARTH,IMO1278422,WDJ7764,33,0,24,8,2.0,33,A
368009890,2024-06-03T21:05:46,24.44119,-81.87179,8.4,71.8,71.0,W T HOGARTH,IMO1278422,WDJ7764,33,0,24,8,2.0,33,A
368009890,2024-06-03T21:06:51,24.44210,-81.86919,8.0,67.9,71.0,W T HOGARTH,IMO1278422,WDJ7764,33,0,24,8,2.0,33,A
368009890,2024-06-03T21:07:55,24.44298,-81.86670,8.3,66.9,71.0,W T HOGARTH,IMO1278422,WDJ7764,33,0,24,8,2.0,33,A
368009890,2024-06-03T21:08:58,24.44386,-81.86415,8.0,67.2,70.0,W T HOGARTH,IMO1278422,WDJ7764,33,0,24,8,2.0,33,A
368009890,2024-06-03T21:10:06,24.44479,-81.86151,8.4,68.2,71.0,W T HOGARTH,IMO1278422,WDJ7764,33,0,24,8,2.0,33,A
368009890,2024-06-03T21:11:14,24.44574,-81.85882,8.7,69.7,71.0,W T HOGARTH,IMO1278422,WDJ7764,33,0,24,8,2.0,33,A
368009890,2024-06-04T17:52:38,24.43935,-81.86092,10.0,249.5,249.0,W T HOGARTH,IMO1278422,WDJ7764,33,0,24,8,2.0,33,A
368009890,2024-06-04T17:53:42,24.43834,-81.86397,9.7,248.2,248.0,W T HOGARTH,IMO1278422,WDJ7764,33,0,24,8,2.0,33,A
368009890,2024-06-04T17:54:46,24.43736,-81.86703,9.9,251.6,249.0,W T HOGARTH,IMO1278422,WDJ7764,33,0,24,8,2.0,33,A
368009890,2024-06-04T17:55:49,24.43636,-81.87007,9.9,249.1,248.0,W T HOGARTH,IMO1278422,WDJ7764,33,0,24,8,2.0,33,A
368009890,2024-06-04T17:56:50,24.43538,-81.87298,10.3,250.9,247.0,W T HOGARTH,IMO1278422,WDJ7764,33,0,24,8,2.0,33,A
368009890,2024-06-04T17:57:51,24.43442,-81.87592,10.1,249.3,246.0,W T HOGARTH,IMO1278422,WDJ7764,33,0,24,8,2.0,33,A
368009890,2024-06-04T17:58:54,24.43342,-81.87891,10.1,250.0,247.0,W T HOGARTH,IMO1278422,WDJ7764,33,0,24,8,2.0,33,A
368009890,2024-06-04T17:59:56,24.43244,-81.88189,10.0,250.4,249.0,W T HOGARTH,IMO1278422,WDJ7764,33,0,24,8,2.0,33,A
368009890,2024-06-04T18:00:02,24.43236,-81.88218,10.1,249.3,248.0,W T HOGARTH,IMO1278422,WDJ7764,33,0,24,8,2.0,33,A
367719010,2024-07-29T03:09:26,24.43838,-81.86022,9.0,255.3,249.0,CHRISTINE S,,WDI6468,52,0,23,9,0.0,52,A
367719010,2024-07-29T03:10:28,24.43783,-81.86297,8.8,256.3,251.0,CHRISTINE S,,WDI6468,52,0,23,9,0.0,52,A
367719010,2024-07-29T03:11:48,24.43710,-81.86655,9.0,257.3,251.0,CHRISTINE S,,WDI6468,52,0,23,9,0.0,52,A
367719010,2024-07-29T03:12:59,24.43646,-81.86967,8.8,255.7,251.0,CHRISTINE S,,WDI6468,52,0,23,9,0.0,52,A
367719010,2024-07-29T03:14:00,24.43582,-81.87233,8.8,255.9,255.0,CHRISTINE S,,WDI6468,52,0,23,9,0.0,52,A
367719010,2024-07-29T03:15:10,24.43516,-81.87535,8.8,257.8,256.0,CHRISTINE S,,WDI6468,52,0,23,9,0.0,52,A
367719010,2024-07-29T03:16:20,24.43481,-81.87849,8.9,266.4,262.0,CHRISTINE S,,WDI6468,52,0,23,9,0.0,52,A
367719010,2024-07-29T03:17:30,24.43457,-81.88164,9.0,264.8,262.0,CHRISTINE S,,WDI6468,52,0,23,9,0.0,52,A
367719010,2024-07-29T03:18:38,24.43431,-81.88475,9.0,263.7,261.0,CHRISTINE S,,WDI6468,52,0,23,9,0.0,52,A
367719010,2024-07-29T03:19:48,24.43401,-81.88791,8.9,264.1,262.0,CHRISTINE S,,WDI6468,52,0,23,9,0.0,52,A
367719010,2024-07-29T03:20:58,24.43374,-81.89108,8.8,263.7,261.0,CHRISTINE S,,WDI6468,52,0,23,9,0.0,52,A
367719010,2024-07-29T03:22:09,24.43348,-81.89430,8.9,264.9,262.0,CHRISTINE S,,WDI6468,52,0,23,9,0.0,52,A
367719010,2024-07-29T03:23:19,24.43324,-81.89749,8.9,264.8,262.0,CHRISTINE S,,WDI6468,52,0,23,9,0.0,52,A
339261000,2024-05-29T10:19:41,24.43521,-81.89405,10.2,77.1,96.0,WILDCHILD,,MCLP5,37,,26,6,,,B
339261000,2024-05-29T10:21:11,24.43611,-81.88975,10.3,72.0,91.0,WILDCHILD,,MCLP5,37,,26,6,,,B
339261000,2024-05-29T10:22:41,24.43713,-81.88553,9.4,75.4,93.0,WILDCHILD,,MCLP5,37,,26,6,,,B
339261000,2024-05-29T10:24:10,24.43819,-81.88137,9.6,75.2,93.0,WILDCHILD,,MCLP5,37,,26,6,,,B
339261000,2024-05-29T10:25:11,24.43876,-81.87847,9.6,77.7,94.0,WILDCHILD,,MCLP5,37,,26,6,,,B
339261000,2024-05-29T10:26:41,24.43982,-81.87422,9.8,76.7,93.0,WILDCHILD,,MCLP5,37,,26,6,,,B
339261000,2024-05-29T10:28:10,24.44092,-81.87004,9.4,74.6,94.0,WILDCHILD,,MCLP5,37,,26,6,,,B
339261000,2024-05-29T10:29:41,24.44202,-81.86575,9.6,68.2,89.0,WILDCHILD,,MCLP5,37,,26,6,,,B
339261000,2024-05-29T10:31:10,24.44338,-81.86162,9.6,70.4,89.0,WILDCHILD,,MCLP5,37,,26,6,,,B
339261000,2024-05-29T10:32:11,24.44434,-81.85879,9.7,68.4,88.0,WILDCHILD,,MCLP5,37,,26,6,,,B
338787000,2024-07-01T18:38:22,24.45259,-81.88359,6.3,181.7,511.0,EEYA,,WTQ7707,36,,12,7,,,B
338787000,2024-07-01T18:39:52,24.45029,-81.88279,5.7,134.1,511.0,EEYA,,WTQ7707,36,,12,7,,,B
338787000,2024-07-01T18:41:24,24.45049,-81.88107,2.1,64.5,511.0,EEYA,,WTQ7707,36,,12,7,,,B
338787000,2024-07-01T18:42:52,24.45090,-81.88040,1.6,20.8,511.0,EEYA,,WTQ7707,36,,12,7,,,B
338787000,2024-07-01T18:44:24,24.45162,-81.88034,0.3,360.0,511.0,EEYA,,WTQ7707,36,,12,7,,,B
338787000,2024-07-01T18:45:53,24.45150,-81.87988,0.3,360.0,511.0,EEYA,,WTQ7707,36,,12,7,,,B
338787000,2024-07-01T18:47:53,24.45142,-81.87984,0.1,360.0,511.0,EEYA,,WTQ7707,36,,12,7,,,B
338787000,2024-07-01T18:49:23,24.45146,-81.87993,0.2,360.0,511.0,EEYA,,WTQ7707,36,,12,7,,,B
338787000,2024-07-01T18:51:54,24.45143,-81.87993,0.4,360.0,511.0,EEYA,,WTQ7707,36,,12,7,,,B
338787000,2024-07-01T18:54:55,24.45146,-81.87996,0.2,360.0,511.0,EEYA,,WTQ7707,36,,12,7,,,B
338787000,2024-07-01T18:57:52,24.45145,-81.87995,0.3,360.0,511.0,EEYA,,WTQ7707,36,,12,7,,,B
338787000,2024-07-01T19:00:54,24.45145,-81.87996,1.0,53.8,511.0,EEYA,,WTQ7707,36,,12,7,,,B
338787000,2024-07-01T19:06:54,24.45146,-81.87996,0.3,360.0,511.0,EEYA,,WTQ7707,36,,12,7,,,B
338787000,2024-07-01T19:09:54,24.45144,-81.87996,0.2,360.0,511.0,EEYA,,WTQ7707,36,,12,7,,,B
338787000,2024-07-01T19:12:55,24.45144,-81.87995,0.3,360.0,511.0,EEYA,,WTQ7707,36,,12,7,,,B
338787000,2024-07-01T19:15:53,24.45145,-81.87993,0.2,360.0,511.0,EEYA,,WTQ7707,36,,12,7,,,B
338787000,2024-07-01T19:18:53,24.45151,-81.87993,0.6,360.0,511.0,EEYA,,WTQ7707,36,,12,7,,,B
338787000,2024-07-01T19:21:54,24.45148,-81.87993,0.3,360.0,511.0,EEYA,,WTQ7707,36,,12,7,,,B
338787000,2024-07-01T19:24:51,24.45152,-81.87993,0.3,360.0,511.0,EEYA,,WTQ7707,36,,12,7,,,B
338787000,2024-07-01T19:27:51,24.45150,-81.87993,0.2,360.0,511.0,EEYA,,WTQ7707,36,,12,7,,,B
338787000,2024-07-01T19:30:55,24.45146,-81.87995,0.3,360.0,511.0,EEYA,,WTQ7707,36,,12,7,,,B
338787000,2024-07-01T19:33:54,24.45152,-81.87993,0.7,360.0,511.0,EEYA,,WTQ7707,36,,12,7,,,B
338787000,2024-07-01T19:36:51,24.45149,-81.87996,0.3,360.0,511.0,EEYA,,WTQ7707,36,,12,7,,,B
338787000,2024-07-01T19:39:55,24.45149,-81.87994,0.1,360.0,511.0,EEYA,,WTQ7707,36,,12,7,,,B
338787000,2024-07-01T19:45:53,24.45148,-81.87996,0.2,360.0,511.0,EEYA,,WTQ7707,36,,12,7,,,B
338787000,2024-07-01T19:48:52,24.45152,-81.87994,0.2,360.0,511.0,EEYA,,WTQ7707,36,,12,7,,,B
338787000,2024-07-01T19:51:54,24.45153,-81.87995,0.4,360.0,511.0,EEYA,,WTQ7707,36,,12,7,,,B
338787000,2024-07-01T19:54:52,24.45150,-81.87996,0.3,360.0,511.0,EEYA,,WTQ7707,36,,12,7,,,B
338787000,2024-07-01T20:00:53,24.45153,-81.87994,0.1,360.0,511.0,EEYA,,WTQ7707,36,,12,7,,,B
338787000,2024-07-01T20:06:54,24.45156,-81.87993,0.2,360.0,511.0,EEYA,,WTQ7707,36,,12,7,,,B
338787000,2024-07-01T20:09:54,24.45154,-81.87992,0.3,360.0,511.0,EEYA,,WTQ7707,36,,12,7,,,B
338787000,2024-07-01T20:12:51,24.45157,-81.87991,0.3,360.0,511.0,EEYA,,WTQ7707,36,,12,7,,,B
338787000,2024-07-01T20:15:55,24.45161,-81.87992,0.2,360.0,511.0,EEYA,,WTQ7707,36,,12,7,,,B
338787000,2024-07-01T20:18:53,24.45158,-81.87991,0.3,360.0,511.0,EEYA,,WTQ7707,36,,12,7,,,B
338787000,2024-07-01T20:21:55,24.45189,-81.88029,4.8,317.3,511.0,EEYA,,WTQ7707,36,,12,7,,,B
338787000,2024-07-04T15:21:34,24.45144,-81.87135,7.1,189.7,511.0,EEYA,,WTQ7707,36,,12,7,,,B
338787000,2024-07-04T15:23:05,24.44922,-81.87163,4.9,175.6,511.0,EEYA,,WTQ7707,36,,12,7,,,B
338787000,2024-07-04T15:24:34,24.44883,-81.87097,1.2,64.9,511.0,EEYA,,WTQ7707,36,,12,7,,,B
338787000,2024-07-04T15:26:05,24.44921,-81.87056,1.1,360.0,511.0,EEYA,,WTQ7707,36,,12,7,,,B
338787000,2024-07-04T15:27:32,24.44929,-81.87036,3.4,238.7,511.0,EEYA,,WTQ7707,36,,12,7,,,B
338787000,2024-07-04T15:28:33,24.44798,-81.87106,5.7,202.6,511.0,EEYA,,WTQ7707,36,,12,7,,,B
338787000,2024-07-04T15:31:33,24.44359,-81.87303,4.8,206.5,511.0,EEYA,,WTQ7707,36,,12,7,,,B
338787000,2024-07-04T15:33:35,24.44120,-81.87423,4.8,203.7,511.0,EEYA,,WTQ7707,36,,12,7,,,B
338787000,2024-07-04T15:35:03,24.43968,-81.87519,3.2,309.9,511.0,EEYA,,WTQ7707,36,,12,7,,,B
338787000,2024-07-04T15:36:35,24.44183,-81.87575,6.0,352.9,511.0,EEYA,,WTQ7707,36,,12,7,,,B
338787000,2024-07-04T15:38:35,24.44487,-81.87632,4.9,350.6,511.0,EEYA,,WTQ7707,36,,12,7,,,B
338787000,2024-07-04T15:40:03,24.44716,-81.87672,5.6,355.1,511.0,EEYA,,WTQ7707,36,,12,7,,,B
338787000,2024-07-04T15:41:35,24.44951,-81.87714,5.1,343.6,511.0,EEYA,,WTQ7707,36,,12,7,,,B
338787000,2024-07-04T15:45:02,24.45219,-81.88003,2.3,35.4,511.0,EEYA,,WTQ7707,36,,12,7,,,B
338787000,2024-07-04T15:46:34,24.45242,-81.87983,1.2,250.6,511.0,EEYA,,WTQ7707,36,,12,7,,,B
338787000,2024-07-04T15:48:02,24.45239,-81.87969,1.2,31.9,511.0,EEYA,,WTQ7707,36,,12,7,,,B
338787000,2024-07-04T15:51:00,24.45258,-81.87970,0.9,360.0,511.0,EEYA,,WTQ7707,36,,12,7,,,B
338787000,2024-07-04T15:53:01,24.45238,-81.87986,0.0,360.0,511.0,EEYA,,WTQ7707,36,,12,7,,,B
338787000,2024-07-04T15:59:59,24.45235,-81.87988,0.3,360.0,511.0,EEYA,,WTQ7707,36,,12,7,,,B
338787000,2024-07-04T16:06:00,24.45239,-81.87986,0.2,360.0,511.0,EEYA,,WTQ7707,36,,12,7,,,B
338787000,2024-07-04T16:09:02,24.45237,-81.87988,0.3,360.0,511.0,EEYA,,WTQ7707,36,,12,7,,,B
338787000,2024-07-04T16:15:01,24.45239,-81.87987,0.3,360.0,511.0,EEYA,,WTQ7707,36,,12,7,,,B
338787000,2024-07-04T16:17:59,24.45240,-81.87987,0.2,360.0,511.0,EEYA,,WTQ7707,36,,12,7,,,B
338787000,2024-07-04T16:21:01,24.45243,-81.87989,0.1,360.0,511.0,EEYA,,WTQ7707,36,,12,7,,,B
338787000,2024-07-04T16:23:59,24.45240,-81.87989,0.1,360.0,511.0,EEYA,,WTQ7707,36,,12,7,,,B
338787000,2024-07-04T16:26:59,24.45240,-81.87988,0.2,360.0,511.0,EEYA,,WTQ7707,36,,12,7,,,B
338787000,2024-07-04T16:29:59,24.45237,-81.87987,1.1,360.0,511.0,EEYA,,WTQ7707,36,,12,7,,,B
338787000,2024-07-04T16:32:59,24.45237,-81.87986,0.3,360.0,511.0,EEYA,,WTQ7707,36,,12,7,,,B
338787000,2024-07-04T16:36:02,24.45239,-81.87988,0.6,360.0,511.0,EEYA,,WTQ7707,36,,12,7,,,B
338787000,2024-07-04T16:42:02,24.45239,-81.87988,0.3,360.0,511.0,EEYA,,WTQ7707,36,,12,7,,,B
338787000,2024-07-04T16:45:01,24.45240,-81.87987,0.1,360.0,511.0,EEYA,,WTQ7707,36,,12,7,,,B
338787000,2024-07-04T16:51:00,24.45239,-81.87987,0.3,360.0,511.0,EEYA,,WTQ7707,36,,12,7,,,B
338787000,2024-07-04T16:54:01,24.45241,-81.87988,0.7,360.0,511.0,EEYA,,WTQ7707,36,,12,7,,,B
338787000,2024-07-04T16:56:59,24.45240,-81.87988,0.2,360.0,511.0,EEYA,,WTQ7707,36,,12,7,,,B
338787000,2024-07-04T17:00:01,24.45243,-81.87988,0.1,360.0,511.0,EEYA,,WTQ7707,36,,12,7,,,B
338787000,2024-07-04T17:03:01,24.45242,-81.87985,0.3,360.0,511.0,EEYA,,WTQ7707,36,,12,7,,,B
338787000,2024-07-04T17:06:02,24.45243,-81.87988,0.6,360.0,511.0,EEYA,,WTQ7707,36,,12,7,,,B
338787000,2024-07-04T17:08:59,24.45241,-81.87987,0.1,360.0,511.0,EEYA,,WTQ7707,36,,12,7,,,B
338787000,2024-07-04T17:12:00,24.45242,-81.87988,0.2,360.0,511.0,EEYA,,WTQ7707,36,,12,7,,,B
338787000,2024-07-04T17:15:01,24.45245,-81.87987,0.4,360.0,511.0,EEYA,,WTQ7707,36,,12,7,,,B
338787000,2024-07-04T17:21:00,24.45242,-81.87988,0.2,360.0,511.0,EEYA,,WTQ7707,36,,12,7,,,B
338787000,2024-07-04T17:24:01,24.45241,-81.87986,0.3,360.0,511.0,EEYA,,WTQ7707,36,,12,7,,,B
338787000,2024-07-04T17:30:01,24.45242,-81.87986,0.3,360.0,511.0,EEYA,,WTQ7707,36,,12,7,,,B
338787000,2024-07-04T17:36:00,24.45240,-81.87986,0.1,360.0,511.0,EEYA,,WTQ7707,36,,12,7,,,B
338787000,2024-07-04T17:38:59,24.45240,-81.87987,0.2,360.0,511.0,EEYA,,WTQ7707,36,,12,7,,,B
338787000,2024-07-04T17:42:01,24.45242,-81.87986,0.5,360.0,511.0,EEYA,,WTQ7707,36,,12,7,,,B
338787000,2024-07-04T17:48:00,24.45242,-81.87982,0.4,360.0,511.0,EEYA,,WTQ7707,36,,12,7,,,B
338787000,2024-07-04T17:50:59,24.45242,-81.87984,0.1,360.0,511.0,EEYA,,WTQ7707,36,,12,7,,,B
338787000,2024-07-04T17:54:00,24.45242,-81.87984,0.2,360.0,511.0,EEYA,,WTQ7707,36,,12,7,,,B
338787000,2024-07-04T17:57:00,24.45252,-81.87998,2.6,323.8,511.0,EEYA,,WTQ7707,36,,12,7,,,B
338787000,2024-07-04T18:01:28,24.46070,-81.88152,6.8,11.5,511.0,EEYA,,WTQ7707,36,,12,7,,,B
338787000,2024-07-04T18:03:29,24.46172,-81.87939,1.3,360.0,511.0,EEYA,,WTQ7707,36,,12,7,,,B
338787000,2024-07-04T18:05:01,24.46173,-81.87887,1.1,360.0,511.0,EEYA,,WTQ7707,36,,12,7,,,B
338787000,2024-07-04T18:06:28,24.46150,-81.87823,1.7,119.7,511.0,EEYA,,WTQ7707,36,,12,7,,,B
338787000,2024-07-04T18:08:01,24.46119,-81.87750,1.4,121.8,511.0,EEYA,,WTQ7707,36,,12,7,,,B
338787000,2024-07-04T18:09:28,24.46083,-81.87683,1.4,118.0,511.0,EEYA,,WTQ7707,36,,12,7,,,B
338787000,2024-07-01T18:34:52,24.45867,-81.88327,6.3,184.1,511.0,EEYA,,WTQ7707,36,,12,7,,,B
338787000,2024-07-01T18:36:52,24.45519,-81.88348,6.5,181.6,511.0,EEYA,,WTQ7707,36,,12,7,,,B
338787000,2024-07-01T20:23:22,24.45412,-81.88122,6.5,343.9,511.0,EEYA,,WTQ7707,36,,12,7,,,B
338787000,2024-07-01T20:24:52,24.45666,-81.88210,6.4,343.8,511.0,EEYA,,WTQ7707,36,,12,7,,,B
338787000,2024-07-01T20:26:22,24.45923,-81.88300,6.3,342.4,511.0,EEYA,,WTQ7707,36,,12,7,,,B
338787000,2024-07-04T17:58:28,24.45503,-81.88067,6.9,1.4,511.0,EEYA,,WTQ7707,36,,12,7,,,B
338787000,2024-07-04T18:00:00,24.45792,-81.88118,7.6,334.6,511.0,EEYA,,WTQ7707,36,,12,7,,,B
338787000,2024-07-01T20:30:55,24.46651,-81.88198,6.2,33.3,511.0,EEYA,,WTQ7707,36,,12,7,,,B
338787000,2024-07-04T15:12:04,24.46748,-81.87036,5.5,176.3,511.0,EEYA,,WTQ7707,36,,12,7,,,B
338787000,2024-07-04T15:13:33,24.46500,-81.87045,6.7,183.4,511.0,EEYA,,WTQ7707,36,,12,7,,,B
338787000,2024-07-04T15:15:02,24.46255,-81.87050,5.6,184.0,511.0,EEYA,,WTQ7707,36,,12,7,,,B
338787000,2024-07-04T15:16:33,24.46016,-81.87056,5.8,184.4,511.0,EEYA,,WTQ7707,36,,12,7,,,B
338787000,2024-07-04T15:18:02,24.45758,-81.87059,6.5,182.4,511.0,EEYA,,WTQ7707,36,,12,7,,,B
338787000,2024-07-04T15:19:33,24.45499,-81.87079,5.8,190.4,511.0,EEYA,,WTQ7707,36,,12,7,,,B
338787000,2024-07-04T18:11:28,24.46049,-81.87605,1.5,116.4,511.0,EEYA,,WTQ7707,36,,12,7,,,B
338787000,2024-07-04T18:13:01,24.46015,-81.87527,1.9,104.8,511.0,EEYA,,WTQ7707,36,,12,7,,,B
338787000,2024-07-04T18:15:01,24.46133,-81.87431,5.8,13.3,511.0,EEYA,,WTQ7707,36,,12,7,,,B
338787000,2024-07-04T18:17:01,24.46450,-81.87368,5.4,9.1,511.0,EEYA,,WTQ7707,36,,12,7,,,B
338787000,2024-07-04T18:18:29,24.46697,-81.87323,7.3,12.1,511.0,EEYA,,WTQ7707,36,,12,7,,,B
338787000,2024-07-01T18:29:54,24.46741,-81.88356,6.3,171.9,511.0,EEYA,,WTQ7707,36,,12,7,,,B
338787000,2024-07-01T18:31:21,24.46482,-81.88320,6.4,172.3,511.0,EEYA,,WTQ7707,36,,12,7,,,B
338787000,2024-07-01T18:32:54,24.46213,-81.88313,6.4,182.7,511.0,EEYA,,WTQ7707,36,,12,7,,,B
338787000,2024-07-01T20:27:52,24.46176,-81.88384,6.3,344.2,511.0,EEYA,,WTQ7707,36,,12,7,,,B
338787000,2024-07-01T20:28:55,24.46356,-81.88383,6.2,1.2,511.0,EEYA,,WTQ7707,36,,12,7,,,B
375695000,2024-06-28T07:28:28,24.43279,-81.89060,10.5,64.5,511.0,QUEEN GABRIELA,,J8Y4339,37,,23,6,,,B
375695000,2024-06-28T07:31:24,24.43627,-81.88194,10.9,67.6,511.0,QUEEN GABRIELA,,J8Y4339,37,,23,6,,,B
375695000,2024-06-28T07:33:24,24.43860,-81.87607,10.1,66.4,511.0,QUEEN GABRIELA,,J8Y4339,37,,23,6,,,B
375695000,2024-06-28T07:34:25,24.43977,-81.87314,10.1,69.8,511.0,QUEEN GABRIELA,,J8Y4339,37,,23,6,,,B
375695000,2024-06-28T07:35:57,24.44153,-81.86880,10.4,68.8,511.0,QUEEN GABRIELA,,J8Y4339,37,,23,6,,,B
375695000,2024-06-28T07:37:57,24.44379,-81.86313,10.2,65.5,511.0,QUEEN GABRIELA,,J8Y4339,37,,23,6,,,B
375695000,2024-06-28T07:39:26,24.44546,-81.85898,9.9,67.5,511.0,QUEEN GABRIELA,,J8Y4339,37,,23,6,,,B
375695000,2024-06-26T21:30:57,24.44509,-81.86026,9.9,244.6,511.0,QUEEN GABRIELA,,J8Y4339,37,,23,6,,,B
375695000,2024-06-26T21:32:27,24.44335,-81.86447,10.0,245.6,511.0,QUEEN GABRIELA,,J8Y4339,37,,23,6,,,B
375695000,2024-06-26T21:33:28,24.44222,-81.86725,9.9,246.0,511.0,QUEEN GABRIELA,,J8Y4339,37,,23,6,,,B
375695000,2024-06-26T21:34:57,24.44055,-81.87137,10.0,246.7,511.0,QUEEN GABRIELA,,J8Y4339,37,,23,6,,,B
375695000,2024-06-26T21:36:28,24.43886,-81.87555,9.8,246.3,511.0,QUEEN GABRIELA,,J8Y4339,37,,23,6,,,B
375695000,2024-06-26T21:37:55,24.43725,-81.87957,9.9,245.9,511.0,QUEEN GABRIELA,,J8Y4339,37,,23,6,,,B
375695000,2024-06-26T21:39:26,24.43559,-81.88371,9.9,246.2,511.0,QUEEN GABRIELA,,J8Y4339,37,,23,6,,,B
375695000,2024-06-26T21:40:55,24.43394,-81.88784,9.8,246.7,511.0,QUEEN GABRIELA,,J8Y4339,37,,23,6,,,B
367656850,2024-06-29T22:18:55,24.45293,-81.85971,3.5,330.4,511.0,RHINO FISH,,WDH8323,37,,21,5,,,B
367656850,2024-06-29T22:20:04,24.45370,-81.85872,4.4,29.6,511.0,RHINO FISH,,WDH8323,37,,21,5,,,B
303509000,2024-07-05T14:55:03,24.46356,-81.89233,20.1,293.2,292.0,TASTY WAVES,,WDM5703,37,,33,8,,,B
303509000,2024-07-05T14:42:02,24.46619,-81.87783,12.6,232.0,229.0,TASTY WAVES,,WDM5703,37,,33,8,,,B
303509000,2024-07-06T15:52:50,24.46658,-81.87976,11.6,223.4,220.0,TASTY WAVES,,WDM5703,37,,33,8,,,B
303509000,2024-07-06T15:54:22,24.46347,-81.88170,6.8,197.3,191.0,TASTY WAVES,,WDM5703,37,,33,8,,,B
303509000,2024-07-06T15:57:20,24.46109,-81.88182,1.6,172.7,161.0,TASTY WAVES,,WDM5703,37,,33,8,,,B
303509000,2024-07-06T21:19:03,24.46173,-81.88166,10.3,10.6,6.0,TASTY WAVES,,WDM5703,37,,33,8,,,B
303509000,2024-07-06T21:20:04,24.46506,-81.88044,12.9,32.4,31.0,TASTY WAVES,,WDM5703,37,,33,8,,,B
303509000,2024-07-05T14:45:04,24.45931,-81.88409,8.0,189.0,184.0,TASTY WAVES,,WDM5703,37,,33,8,,,B
303509000,2024-07-05T14:46:33,24.45712,-81.88403,4.6,181.3,167.0,TASTY WAVES,,WDM5703,37,,33,8,,,B
303509000,2024-07-05T14:48:04,24.45624,-81.88346,1.1,125.4,100.0,TASTY WAVES,,WDM5703,37,,33,8,,,B
303509000,2024-07-05T14:49:05,24.45615,-81.88329,0.6,126.4,117.0,TASTY WAVES,,WDM5703,37,,33,8,,,B
303509000,2024-07-05T14:50:34,24.45585,-81.88329,2.2,180.0,139.0,TASTY WAVES,,WDM5703,37,,33,8,,,B
303509000,2024-07-05T14:52:02,24.45732,-81.88334,12.2,332.5,336.0,TASTY WAVES,,WDM5703,37,,33,8,,,B
303509000,2024-07-05T14:43:33,24.46317,-81.88217,11.7,224.4,222.0,TASTY WAVES,,WDM5703,37,,33,8,,,B
303509000,2024-07-06T15:55:51,24.46188,-81.88192,2.4,179.0,169.0,TASTY WAVES,,WDM5703,37,,33,8,,,B
303509000,2024-07-06T15:58:49,24.46094,-81.88194,1.4,293.5,118.0,TASTY WAVES,,WDM5703,37,,33,8,,,B
303509000,2024-07-06T16:03:16,24.46114,-81.88216,0.3,57.7,113.0,TASTY WAVES,,WDM5703,37,,33,8,,,B
303509000,2024-07-06T16:04:17,24.46121,-81.88211,0.3,56.1,122.0,TASTY WAVES,,WDM5703,37,,33,8,,,B
303509000,2024-07-06T16:05:46,24.46127,-81.88207,0.0,44.3,128.0,TASTY WAVES,,WDM5703,37,,33,8,,,B
303509000,2024-07-06T16:09:47,24.46129,-81.88207,0.0,267.6,132.0,TASTY WAVES,,WDM5703,37,,33,8,,,B
303509000,2024-07-06T16:12:47,24.46133,-81.88202,0.2,25.9,136.0,TASTY WAVES,,WDM5703,37,,33,8,,,B
303509000,2024-07-06T16:15:49,24.46130,-81.88198,0.1,110.8,138.0,TASTY WAVES,,WDM5703,37,,33,8,,,B
303509000,2024-07-06T16:18:46,24.46133,-81.88201,0.2,286.0,152.0,TASTY WAVES,,WDM5703,37,,33,8,,,B
303509000,2024-07-06T16:21:47,24.46128,-81.88214,0.2,183.9,121.0,TASTY WAVES,,WDM5703,37,,33,8,,,B
303509000,2024-07-06T16:24:49,24.46130,-81.88206,0.0,75.8,127.0,TASTY WAVES,,WDM5703,37,,33,8,,,B
303509000,2024-07-06T16:27:46,24.46131,-81.88203,0.1,64.4,136.0,TASTY WAVES,,WDM5703,37,,33,8,,,B
303509000,2024-07-06T16:30:47,24.46129,-81.88202,0.0,148.1,133.0,TASTY WAVES,,WDM5703,37,,33,8,,,B
303509000,2024-07-06T16:33:48,24.46131,-81.88214,0.2,271.9,135.0,TASTY WAVES,,WDM5703,37,,33,8,,,B
303509000,2024-07-06T16:36:46,24.46129,-81.88209,0.2,94.1,123.0,TASTY WAVES,,WDM5703,37,,33,8,,,B
303509000,2024-07-06T16:39:48,24.46130,-81.88209,0.2,283.5,141.0,TASTY WAVES,,WDM5703,37,,33,8,,,B
303509000,2024-07-06T16:42:46,24.46128,-81.88215,0.0,238.1,128.0,TASTY WAVES,,WDM5703,37,,33,8,,,B
303509000,2024-07-06T16:45:46,24.46128,-81.88209,0.2,102.5,126.0,TASTY WAVES,,WDM5703,37,,33,8,,,B
303509000,2024-07-06T16:48:46,24.46128,-81.88196,0.2,144.4,147.0,TASTY WAVES,,WDM5703,37,,33,8,,,B
303509000,2024-07-06T16:51:46,24.46130,-81.88210,0.1,305.1,124.0,TASTY WAVES,,WDM5703,37,,33,8,,,B
303509000,2024-07-06T16:54:49,24.46130,-81.88204,0.2,128.9,131.0,TASTY WAVES,,WDM5703,37,,33,8,,,B
303509000,2024-07-06T16:57:46,24.46130,-81.88204,0.1,199.1,139.0,TASTY WAVES,,WDM5703,37,,33,8,,,B
303509000,2024-07-06T17:03:47,24.46132,-81.88205,0.1,354.6,137.0,TASTY WAVES,,WDM5703,37,,33,8,,,B
303509000,2024-07-06T17:06:47,24.46128,-81.88209,0.1,259.1,127.0,TASTY WAVES,,WDM5703,37,,33,8,,,B
303509000,2024-07-06T17:09:46,24.46126,-81.88205,0.1,243.2,129.0,TASTY WAVES,,WDM5703,37,,33,8,,,B
303509000,2024-07-06T17:12:46,24.46127,-81.88196,0.2,115.7,132.0,TASTY WAVES,,WDM5703,37,,33,8,,,B
303509000,2024-07-06T17:15:47,24.46127,-81.88202,0.2,250.2,134.0,TASTY WAVES,,WDM5703,37,,33,8,,,B
303509000,2024-07-06T17:18:47,24.46129,-81.88211,0.1,285.6,131.0,TASTY WAVES,,WDM5703,37,,33,8,,,B
303509000,2024-07-06T17:21:47,24.46124,-81.88214,0.2,164.9,109.0,TASTY WAVES,,WDM5703,37,,33,8,,,B
303509000,2024-07-06T17:24:46,24.46125,-81.88201,0.2,81.0,124.0,TASTY WAVES,,WDM5703,37,,33,8,,,B
303509000,2024-07-06T17:27:48,24.46132,-81.88200,0.1,320.4,138.0,TASTY WAVES,,WDM5703,37,,33,8,,,B
303509000,2024-07-06T17:30:46,24.46129,-81.88207,0.1,248.1,130.0,TASTY WAVES,,WDM5703,37,,33,8,,,B
303509000,2024-07-06T17:33:47,24.46129,-81.88207,0.0,272.1,124.0,TASTY WAVES,,WDM5703,37,,33,8,,,B
303509000,2024-07-06T17:36:47,24.46129,-81.88206,0.0,245.9,125.0,TASTY WAVES,,WDM5703,37,,33,8,,,B
303509000,2024-07-06T17:39:47,24.46129,-81.88207,0.1,287.1,122.0,TASTY WAVES,,WDM5703,37,,33,8,,,B
303509000,2024-07-06T17:42:46,24.46129,-81.88204,0.3,79.8,129.0,TASTY WAVES,,WDM5703,37,,33,8,,,B
303509000,2024-07-06T17:45:46,24.46111,-81.88197,0.0,132.5,98.0,TASTY WAVES,,WDM5703,37,,33,8,,,B
303509000,2024-07-06T17:48:46,24.46117,-81.88202,0.2,318.3,102.0,TASTY WAVES,,WDM5703,37,,33,8,,,B
303509000,2024-07-06T17:51:47,24.46123,-81.88207,0.1,321.8,105.0,TASTY WAVES,,WDM5703,37,,33,8,,,B
303509000,2024-07-06T17:53:39,24.46127,-81.88209,0.2,317.1,118.0,TASTY WAVES,,WDM5703,37,,33,8,,,B
303509000,2024-07-06T17:55:09,24.46129,-81.88212,0.1,296.9,121.0,TASTY WAVES,,WDM5703,37,,33,8,,,B
303509000,2024-07-06T17:56:39,24.46128,-81.88211,0.1,198.8,117.0,TASTY WAVES,,WDM5703,37,,33,8,,,B
303509000,2024-07-06T17:59:39,24.46125,-81.88203,0.1,110.5,122.0,TASTY WAVES,,WDM5703,37,,33,8,,,B
303509000,2024-07-06T18:02:40,24.46131,-81.88210,0.2,326.3,122.0,TASTY WAVES,,WDM5703,37,,33,8,,,B
303509000,2024-07-06T18:05:40,24.46130,-81.88212,0.2,261.3,118.0,TASTY WAVES,,WDM5703,37,,33,8,,,B
303509000,2024-07-06T18:08:39,24.46130,-81.88205,0.0,87.9,126.0,TASTY WAVES,,WDM5703,37,,33,8,,,B
303509000,2024-07-06T18:11:39,24.46130,-81.88207,0.1,253.7,122.0,TASTY WAVES,,WDM5703,37,,33,8,,,B
303509000,2024-07-06T18:14:40,24.46127,-81.88218,0.1,238.1,115.0,TASTY WAVES,,WDM5703,37,,33,8,,,B
303509000,2024-07-06T18:17:40,24.46125,-81.88208,0.0,248.9,111.0,TASTY WAVES,,WDM5703,37,,33,8,,,B
303509000,2024-07-06T18:19:09,24.46125,-81.88209,0.1,165.4,110.0,TASTY WAVES,,WDM5703,37,,33,8,,,B
303509000,2024-07-06T18:20:39,24.46127,-81.88211,0.1,279.1,112.0,TASTY WAVES,,WDM5703,37,,33,8,,,B
303509000,2024-07-06T18:21:40,24.46127,-81.88209,0.1,269.5,117.0,TASTY WAVES,,WDM5703,37,,33,8,,,B
303509000,2024-07-06T18:25:40,24.46129,-81.88211,0.1,259.3,113.0,TASTY WAVES,,WDM5703,37,,33,8,,,B
303509000,2024-07-06T18:28:40,24.46131,-81.88207,0.1,55.9,124.0,TASTY WAVES,,WDM5703,37,,33,8,,,B
303509000,2024-07-06T18:31:40,24.46127,-81.88202,0.0,146.4,124.0,TASTY WAVES,,WDM5703,37,,33,8,,,B
303509000,2024-07-06T18:33:35,24.46128,-81.88201,0.1,91.4,126.0,TASTY WAVES,,WDM5703,37,,33,8,,,B
303509000,2024-07-06T18:35:06,24.46131,-81.88204,0.2,338.6,130.0,TASTY WAVES,,WDM5703,37,,33,8,,,B
303509000,2024-07-06T18:36:35,24.46131,-81.88207,0.1,266.6,132.0,TASTY WAVES,,WDM5703,37,,33,8,,,B
303509000,2024-07-06T18:39:16,24.46121,-81.88210,0.1,127.7,113.0,TASTY WAVES,,WDM5703,37,,33,8,,,B
303509000,2024-07-06T18:40:47,24.46118,-81.88212,0.1,157.7,104.0,TASTY WAVES,,WDM5703,37,,33,8,,,B
303509000,2024-07-06T18:42:15,24.46116,-81.88217,0.1,217.8,100.0,TASTY WAVES,,WDM5703,37,,33,8,,,B
303509000,2024-07-06T18:43:17,24.46119,-81.88216,0.1,260.1,99.0,TASTY WAVES,,WDM5703,37,,33,8,,,B
303509000,2024-07-06T18:46:15,24.46120,-81.88215,0.1,196.9,104.0,TASTY WAVES,,WDM5703,37,,33,8,,,B
303509000,2024-07-06T18:49:17,24.46112,-81.88212,0.1,168.2,101.0,TASTY WAVES,,WDM5703,37,,33,8,,,B
303509000,2024-07-06T18:52:17,24.46112,-81.88221,0.1,284.6,78.0,TASTY WAVES,,WDM5703,37,,33,8,,,B
303509000,2024-07-06T18:55:18,24.46121,-81.88218,0.1,13.4,101.0,TASTY WAVES,,WDM5703,37,,33,8,,,B
303509000,2024-07-06T19:01:17,24.46124,-81.88217,0.0,314.3,115.0,TASTY WAVES,,WDM5703,37,,33,8,,,B
303509000,2024-07-06T19:07:16,24.46114,-81.88221,0.0,213.7,94.0,TASTY WAVES,,WDM5703,37,,33,8,,,B
303509000,2024-07-06T19:10:16,24.46107,-81.88224,0.1,203.7,76.0,TASTY WAVES,,WDM5703,37,,33,8,,,B
303509000,2024-07-06T19:13:16,24.46105,-81.88225,0.1,202.0,75.0,TASTY WAVES,,WDM5703,37,,33,8,,,B
303509000,2024-07-06T19:16:16,24.46104,-81.88223,0.1,83.3,76.0,TASTY WAVES,,WDM5703,37,,33,8,,,B
303509000,2024-07-06T19:19:17,24.46102,-81.88222,0.2,80.2,90.0,TASTY WAVES,,WDM5703,37,,33,8,,,B
303509000,2024-07-06T19:22:16,24.46102,-81.88220,0.1,96.6,90.0,TASTY WAVES,,WDM5703,37,,33,8,,,B
303509000,2024-07-06T19:31:15,24.46108,-81.88224,0.1,284.4,92.0,TASTY WAVES,,WDM5703,37,,33,8,,,B
303509000,2024-07-06T19:34:16,24.46113,-81.88221,0.1,345.9,103.0,TASTY WAVES,,WDM5703,37,,33,8,,,B
303509000,2024-07-06T19:37:16,24.46113,-81.88222,0.1,293.7,106.0,TASTY WAVES,,WDM5703,37,,33,8,,,B
303509000,2024-07-06T19:40:16,24.46115,-81.88220,0.0,330.6,107.0,TASTY WAVES,,WDM5703,37,,33,8,,,B
303509000,2024-07-06T19:43:15,24.46115,-81.88219,0.1,267.4,111.0,TASTY WAVES,,WDM5703,37,,33,8,,,B
303509000,2024-07-06T19:46:17,24.46119,-81.88218,0.1,348.6,105.0,TASTY WAVES,,WDM5703,37,,33,8,,,B
303509000,2024-07-06T19:49:16,24.46126,-81.88213,0.2,20.7,120.0,TASTY WAVES,,WDM5703,37,,33,8,,,B
303509000,2024-07-06T19:52:16,24.46122,-81.88206,0.1,116.5,131.0,TASTY WAVES,,WDM5703,37,,33,8,,,B
303509000,2024-07-06T19:55:16,24.46121,-81.88214,0.1,264.0,116.0,TASTY WAVES,,WDM5703,37,,33,8,,,B
303509000,2024-07-06T19:58:19,24.46124,-81.88213,0.0,282.8,122.0,TASTY WAVES,,WDM5703,37,,33,8,,,B
303509000,2024-07-06T20:01:16,24.46120,-81.88209,0.0,158.2,126.0,TASTY WAVES,,WDM5703,37,,33,8,,,B
303509000,2024-07-06T20:04:16,24.46111,-81.88214,0.1,230.8,99.0,TASTY WAVES,,WDM5703,37,,33,8,,,B
303509000,2024-07-06T20:07:16,24.46117,-81.88222,0.1,311.6,97.0,TASTY WAVES,,WDM5703,37,,33,8,,,B
303509000,2024-07-06T20:10:16,24.46120,-81.88218,0.0,335.2,121.0,TASTY WAVES,,WDM5703,37,,33,8,,,B
303509000,2024-07-06T20:13:16,24.46113,-81.88215,0.1,172.1,114.0,TASTY WAVES,,WDM5703,37,,33,8,,,B
303509000,2024-07-06T20:16:19,24.46112,-81.88220,0.0,240.6,104.0,TASTY WAVES,,WDM5703,37,,33,8,,,B
303509000,2024-07-06T20:19:18,24.46112,-81.88221,0.2,313.0,93.0,TASTY WAVES,,WDM5703,37,,33,8,,,B
303509000,2024-07-06T20:22:16,24.46119,-81.88223,0.2,19.4,110.0,TASTY WAVES,,WDM5703,37,,33,8,,,B
303509000,2024-07-06T20:25:18,24.46117,-81.88218,0.1,145.5,119.0,TASTY WAVES,,WDM5703,37,,33,8,,,B
303509000,2024-07-06T20:28:15,24.46108,-81.88222,0.2,203.3,99.0,TASTY WAVES,,WDM5703,37,,33,8,,,B
303509000,2024-07-06T20:31:15,24.46105,-81.88222,0.1,246.1,84.0,TASTY WAVES,,WDM5703,37,,33,8,,,B
303509000,2024-07-06T20:34:16,24.46102,-81.88225,0.1,250.6,79.0,TASTY WAVES,,WDM5703,37,,33,8,,,B
303509000,2024-07-06T20:37:16,24.46105,-81.88225,0.1,268.9,85.0,TASTY WAVES,,WDM5703,37,,33,8,,,B
303509000,2024-07-06T20:43:17,24.46104,-81.88222,0.1,287.0,84.0,TASTY WAVES,,WDM5703,37,,33,8,,,B
303509000,2024-07-06T20:46:17,24.46108,-81.88224,0.2,340.2,86.0,TASTY WAVES,,WDM5703,37,,33,8,,,B
303509000,2024-07-06T20:49:15,24.46108,-81.88222,0.1,276.9,96.0,TASTY WAVES,,WDM5703,37,,33,8,,,B
303509000,2024-07-06T20:52:17,24.46104,-81.88224,0.1,231.5,78.0,TASTY WAVES,,WDM5703,37,,33,8,,,B
303509000,2024-07-06T20:55:16,24.46105,-81.88226,0.1,264.2,75.0,TASTY WAVES,,WDM5703,37,,33,8,,,B
303509000,2024-07-06T20:58:20,24.46106,-81.88222,0.0,277.4,75.0,TASTY WAVES,,WDM5703,37,,33,8,,,B
303509000,2024-07-06T21:01:16,24.46101,-81.88224,0.1,255.1,67.0,TASTY WAVES,,WDM5703,37,,33,8,,,B
303509000,2024-07-06T21:04:16,24.46103,-81.88224,0.2,277.6,68.0,TASTY WAVES,,WDM5703,37,,33,8,,,B
303509000,2024-07-06T21:07:16,24.46107,-81.88222,0.1,332.8,67.0,TASTY WAVES,,WDM5703,37,,33,8,,,B
303509000,2024-07-06T21:10:17,24.46106,-81.88220,0.1,253.1,85.0,TASTY WAVES,,WDM5703,37,,33,8,,,B
303509000,2024-07-06T21:13:17,24.46103,-81.88219,0.2,222.7,78.0,TASTY WAVES,,WDM5703,37,,33,8,,,B
303509000,2024-07-06T21:16:17,24.46105,-81.88215,0.3,88.0,98.0,TASTY WAVES,,WDM5703,37,,33,8,,,B
303509000,2024-07-05T14:53:32,24.46169,-81.88604,13.2,292.5,284.0,TASTY WAVES,,WDM5703,37,,33,8,,,B
303509000,2024-07-06T16:00:19,24.46105,-81.88234,0.5,278.2,95.0,TASTY WAVES,,WDM5703,37,,33,8,,,B
338394616,2024-07-18T11:32:05,24.46225,-81.85937,22.4,226.0,229.0,KEEP EM TIGHT,,,37,,20,6,,,B
338394616,2024-07-18T11:33:06,24.45698,-81.86389,24.0,205.0,204.0,KEEP EM TIGHT,,,37,,20,6,,,B
375695000,2024-07-19T13:42:20,24.44435,-81.86176,12.1,247.2,511.0,QUEEN GABRIELA,,J8Y4339,37,,23,6,,,B
375695000,2024-07-19T13:43:48,24.44246,-81.86644,11.8,244.8,511.0,QUEEN GABRIELA,,J8Y4339,37,,23,6,,,B
368314480,2024-07-19T18:54:35,24.43263,-81.85998,27.4,238.9,511.0,TEUSEAS,,WDN8112,37,,0,0,,,B
338394616,2024-07-18T11:35:06,24.44505,-81.86989,23.9,201.1,198.0,KEEP EM TIGHT,,,37,,20,6,,,B
338394616,2024-07-18T11:36:38,24.43522,-81.87191,24.2,191.4,189.0,KEEP EM TIGHT,,,37,,20,6,,,B
375695000,2024-07-19T13:45:20,24.44043,-81.87148,11.9,247.9,511.0,QUEEN GABRIELA,,J8Y4339,37,,23,6,,,B
375695000,2024-07-19T13:46:48,24.43859,-81.87613,12.0,245.9,511.0,QUEEN GABRIELA,,J8Y4339,37,,23,6,,,B
375695000,2024-07-19T13:48:20,24.43680,-81.88104,11.5,241.2,511.0,QUEEN GABRIELA,,J8Y4339,37,,23,6,,,B
375695000,2024-07-19T13:50:47,24.43352,-81.88883,11.8,245.2,511.0,QUEEN GABRIELA,,J8Y4339,37,,23,6,,,B
368314480,2024-07-25T15:51:06,24.43640,-81.87069,28.9,276.0,511.0,TEUSEAS,,WDN8112,37,,0,0,,,B
368314480,2024-07-28T20:31:09,24.43411,-81.87449,27.6,80.5,511.0,TEUSEAS,,WDN8112,37,,0,0,,,B
368314480,2024-07-28T20:32:38,24.43660,-81.86253,27.5,77.1,511.0,TEUSEAS,,WDN8112,37,,0,0,,,B
368314480,2024-07-25T15:53:06,24.43812,-81.88797,27.8,273.8,511.0,TEUSEAS,,WDN8112,37,,0,0,,,B
368314480,2024-07-28T20:29:40,24.43341,-81.88695,27.4,83.4,511.0,TEUSEAS,,WDN8112,37,,0,0,,,B
368232230,2024-08-13T21:01:54,24.43559,-81.89707,7.2,102.6,103.0,EL ROI,,WDM7247,36,,,,,,B
368232230,2024-08-13T21:03:25,24.43546,-81.89392,6.7,88.2,511.0,EL ROI,,WDM7247,36,,,,,,B
368232230,2024-08-13T21:04:54,24.43582,-81.89086,6.8,88.1,511.0,EL ROI,,WDM7247,36,,,,,,B
368232230,2024-08-13T21:06:25,24.43585,-81.88760,6.8,87.6,511.0,EL ROI,,WDM7247,36,,,,,,B
368232230,2024-08-13T21:09:25,24.43586,-81.88133,7.2,77.0,511.0,EL ROI,,WDM7247,36,,,,,,B
368232230,2024-08-13T21:10:54,24.43650,-81.87822,6.7,77.0,511.0,EL ROI,,WDM7247,36,,,,,,B
368232230,2024-08-13T21:12:25,24.43725,-81.87503,7.3,74.2,511.0,EL ROI,,WDM7247,36,,,,,,B
368232230,2024-08-13T21:13:53,24.43807,-81.87193,6.8,70.5,511.0,EL ROI,,WDM7247,36,,,,,,B
368232230,2024-08-13T21:15:27,24.43896,-81.86887,5.1,68.2,511.0,EL ROI,,WDM7247,36,,,,,,B
368232230,2024-08-13T21:16:53,24.43935,-81.86741,2.8,78.2,511.0,EL ROI,,WDM7247,36,,,,,,B
368232230,2024-08-13T21:18:27,24.43955,-81.86518,5.6,85.9,79.0,EL ROI,,WDM7247,36,,,,,,B
368232230,2024-08-13T21:19:56,24.44014,-81.86288,5.3,66.9,59.0,EL ROI,,WDM7247,36,,,,,,B
368232230,2024-08-13T21:21:27,24.44113,-81.86068,5.3,64.3,59.0,EL ROI,,WDM7247,36,,,,,,B
368232230,2024-08-13T21:22:56,24.44213,-81.85859,5.3,57.9,45.0,EL ROI,,WDM7247,36,,,,,,B
368179360,2024-08-30T17:28:38,24.44436,-81.85972,6.0,249.4,511.0,ORION,,WDL9467,37,,15,5,,,B
368179360,2024-08-30T17:29:39,24.44398,-81.86135,4.9,258.4,511.0,ORION,,WDL9467,37,,15,5,,,B
368179360,2024-08-30T17:31:09,24.44337,-81.86370,6.2,256.7,511.0,ORION,,WDL9467,37,,15,5,,,B
368179360,2024-08-30T17:32:39,24.44277,-81.86606,5.1,259.3,511.0,ORION,,WDL9467,37,,15,5,,,B
368179360,2024-08-30T17:34:10,24.44218,-81.86838,5.5,253.6,511.0,ORION,,WDL9467,37,,15,5,,,B
368179360,2024-08-30T17:36:10,24.44137,-81.87147,6.0,253.5,511.0,ORION,,WDL9467,37,,15,5,,,B
368179360,2024-08-30T17:37:38,24.44084,-81.87373,5.8,251.1,511.0,ORION,,WDL9467,37,,15,5,,,B
368179360,2024-08-30T17:39:10,24.44019,-81.87606,5.1,251.3,511.0,ORION,,WDL9467,37,,15,5,,,B
368179360,2024-08-30T17:40:38,24.43988,-81.87867,5.9,263.9,511.0,ORION,,WDL9467,37,,15,5,,,B
368179360,2024-08-30T17:42:38,24.43964,-81.88234,5.2,264.6,511.0,ORION,,WDL9467,37,,15,5,,,B
368179360,2024-08-30T17:44:38,24.43937,-81.88604,6.2,268.8,511.0,ORION,,WDL9467,37,,15,5,,,B
368179360,2024-08-30T17:46:09,24.43925,-81.88886,5.6,267.9,511.0,ORION,,WDL9467,37,,15,5,,,B
368179360,2024-08-30T17:47:38,24.43907,-81.89161,6.4,264.2,511.0,ORION,,WDL9467,37,,15,5,,,B
368179360,2024-08-30T17:49:09,24.43894,-81.89446,5.9,272.3,511.0,ORION,,WDL9467,37,,15,5,,,B
368179360,2024-08-30T17:50:38,24.43880,-81.89723,5.9,270.5,511.0,ORION,,WDL9467,37,,15,5,,,B
368127540,2024-09-08T03:04:35,24.46760,-81.89137,7.7,232.8,244.0,GALE MIST II,,WDL4042,30,,,,,,B
368127540,2024-09-08T03:06:03,24.46584,-81.89418,7.7,236.8,248.0,GALE MIST II,,WDL4042,30,,,,,,B
368127540,2024-09-08T03:07:35,24.46401,-81.89705,7.7,230.3,245.0,GALE MIST II,,WDL4042,30,,,,,,B
368046840,2024-09-09T23:29:34,24.43277,-81.87999,8.5,83.5,511.0,CAPT TRAYSE,IMO8939831,WDP3479,30,,28,7,,,B
368046840,2024-09-09T23:32:34,24.43359,-81.87216,8.6,83.3,511.0,CAPT TRAYSE,IMO8939831,WDP3479,30,,28,7,,,B
338926411,2024-08-29T16:21:48,24.43421,-81.85882,5.8,275.6,265.0,CG WILLIAM TRUMP,,NECW,55,5,46,7,3.0,55,A
338926411,2024-08-29T16:22:49,24.43431,-81.86059,5.7,271.1,263.0,CG WILLIAM TRUMP,,NECW,55,5,46,7,3.0,55,A
338926411,2024-08-29T16:23:57,24.43436,-81.86264,5.9,271.4,264.0,CG WILLIAM TRUMP,,NECW,55,5,46,7,3.0,55,A
338926411,2024-08-29T16:25:07,24.43436,-81.86471,5.7,267.6,259.0,CG WILLIAM TRUMP,,NECW,55,5,46,7,3.0,55,A
338926411,2024-08-29T16:26:19,24.43422,-81.86678,5.7,260.7,252.0,CG WILLIAM TRUMP,,NECW,55,5,46,7,3.0,55,A
338926411,2024-08-29T16:27:28,24.43384,-81.86877,5.8,258.5,252.0,CG WILLIAM TRUMP,,NECW,55,5,46,7,3.0,55,A
338926411,2024-08-29T16:28:39,24.43344,-81.87075,5.7,255.7,249.0,CG WILLIAM TRUMP,,NECW,55,5,46,7,3.0,55,A
338926411,2024-08-29T16:29:41,24.43280,-81.87218,3.9,193.2,168.0,CG WILLIAM TRUMP,,NECW,55,5,46,7,3.0,55,A
338926411,2024-08-29T16:31:48,24.43242,-81.86805,8.9,65.0,62.0,CG WILLIAM TRUMP,,NECW,55,5,46,7,3.0,55,A
338926411,2024-08-29T16:32:52,24.43405,-81.86581,9.1,52.7,56.0,CG WILLIAM TRUMP,,NECW,55,5,46,7,3.0,55,A
338926411,2024-08-29T16:33:58,24.43514,-81.86298,9.3,65.6,64.0,CG WILLIAM TRUMP,,NECW,55,5,46,7,3.0,55,A
338926411,2024-08-29T16:35:01,24.43602,-81.86017,9.5,79.6,79.0,CG WILLIAM TRUMP,,NECW,55,5,46,7,3.0,55,A
367469050,2024-06-29T08:35:02,24.43265,-81.86834,6.9,80.9,511.0,LARRY J HEBERT,IMO8424068,WDF5953,52,0,25,8,0.0,52,A
367469050,2024-06-29T08:36:13,24.43308,-81.86595,6.7,75.6,511.0,LARRY J HEBERT,IMO8424068,WDF5953,52,0,25,8,0.0,52,A
367469050,2024-06-29T08:37:22,24.43367,-81.86368,6.9,74.0,511.0,LARRY J HEBERT,IMO8424068,WDF5953,52,0,25,8,0.0,52,A
367469050,2024-06-29T08:38:23,24.43418,-81.86170,6.6,75.3,511.0,LARRY J HEBERT,IMO8424068,WDF5953,52,0,25,8,0.0,52,A
367469050,2024-06-29T08:39:33,24.43476,-81.85936,6.7,73.1,511.0,LARRY J HEBERT,IMO8424068,WDF5953,52,0,25,8,0.0,52,A
338427291,2024-05-21T19:11:36,24.45256,-81.86101,8.0,263.5,263.0,GOING LONG,,,36,,12,6,,,B
338427291,2024-05-21T19:13:04,24.45224,-81.86467,8.3,265.2,268.0,GOING LONG,,,36,,12,6,,,B
338427291,2024-05-21T19:14:05,24.45207,-81.86716,7.8,267.8,268.0,GOING LONG,,,36,,12,6,,,B
338427291,2024-05-21T19:15:36,24.45213,-81.87061,6.3,276.9,279.0,GOING LONG,,,36,,12,6,,,B
338427291,2024-05-21T19:17:06,24.45239,-81.87315,3.7,282.3,289.0,GOING LONG,,,36,,12,6,,,B
338427291,2024-05-21T19:19:05,24.45247,-81.87446,1.7,243.8,256.0,GOING LONG,,,36,,12,6,,,B
338427291,2024-05-21T19:20:06,24.45274,-81.87482,1.5,344.2,348.0,GOING LONG,,,36,,12,6,,,B
338427291,2024-05-21T19:22:05,24.45306,-81.87482,0.2,360.0,75.0,GOING LONG,,,36,,12,6,,,B
338427291,2024-05-21T19:25:33,24.45296,-81.87481,0.2,360.0,147.0,GOING LONG,,,36,,12,6,,,B
338427291,2024-05-21T19:31:33,24.45276,-81.87488,0.0,360.0,58.0,GOING LONG,,,36,,12,6,,,B
338427291,2024-05-21T19:34:33,24.45276,-81.87482,0.0,360.0,37.0,GOING LONG,,,36,,12,6,,,B
338427291,2024-05-21T19:37:33,24.45274,-81.87489,0.3,360.0,5.0,GOING LONG,,,36,,12,6,,,B
338427291,2024-05-21T19:40:33,24.45280,-81.87495,0.0,360.0,23.0,GOING LONG,,,36,,12,6,,,B
338427291,2024-05-21T19:43:34,24.45282,-81.87493,0.0,360.0,39.0,GOING LONG,,,36,,12,6,,,B
338427291,2024-05-21T19:46:34,24.45282,-81.87496,0.0,360.0,45.0,GOING LONG,,,36,,12,6,,,B
338427291,2024-05-21T19:49:33,24.45283,-81.87497,0.1,360.0,41.0,GOING LONG,,,36,,12,6,,,B
338427291,2024-05-21T19:52:33,24.45286,-81.87494,0.0,360.0,39.0,GOING LONG,,,36,,12,6,,,B
338427291,2024-05-21T19:55:33,24.45282,-81.87496,0.0,360.0,48.0,GOING LONG,,,36,,12,6,,,B
338427291,2024-05-21T19:58:34,24.45282,-81.87498,0.0,360.0,42.0,GOING LONG,,,36,,12,6,,,B
338427291,2024-05-21T20:01:33,24.45285,-81.87495,0.1,360.0,57.0,GOING LONG,,,36,,12,6,,,B
338427291,2024-05-21T20:04:34,24.45281,-81.87496,0.1,360.0,45.0,GOING LONG,,,36,,12,6,,,B
338427291,2024-05-21T20:07:33,24.45283,-81.87496,0.1,360.0,51.0,GOING LONG,,,36,,12,6,,,B
338427291,2024-05-21T20:13:33,24.45280,-81.87492,0.1,360.0,45.0,GOING LONG,,,36,,12,6,,,B
338427291,2024-05-21T20:16:34,24.45279,-81.87495,0.0,360.0,38.0,GOING LONG,,,36,,12,6,,,B
338427291,2024-05-21T20:19:33,24.45281,-81.87499,0.0,360.0,47.0,GOING LONG,,,36,,12,6,,,B
338427291,2024-05-21T20:22:35,24.45282,-81.87497,0.0,360.0,61.0,GOING LONG,,,36,,12,6,,,B
338427291,2024-05-21T20:25:33,24.45278,-81.87496,0.0,360.0,49.0,GOING LONG,,,36,,12,6,,,B
338427291,2024-05-21T20:28:34,24.45282,-81.87497,0.0,360.0,49.0,GOING LONG,,,36,,12,6,,,B
338427291,2024-05-21T20:34:34,24.45282,-81.87494,0.0,360.0,65.0,GOING LONG,,,36,,12,6,,,B
338427291,2024-05-21T20:37:33,24.45285,-81.87498,0.2,360.0,47.0,GOING LONG,,,36,,12,6,,,B
338427291,2024-05-21T20:40:34,24.45284,-81.87492,0.1,360.0,73.0,GOING LONG,,,36,,12,6,,,B
338427291,2024-05-21T20:43:33,24.45276,-81.87490,0.1,360.0,49.0,GOING LONG,,,36,,12,6,,,B
338427291,2024-05-21T20:46:35,24.45282,-81.87495,0.0,360.0,74.0,GOING LONG,,,36,,12,6,,,B
338427291,2024-05-21T20:49:33,24.45283,-81.87494,0.1,360.0,62.0,GOING LONG,,,36,,12,6,,,B
338427291,2024-05-21T20:58:33,24.45276,-81.87486,0.0,360.0,56.0,GOING LONG,,,36,,12,6,,,B
338427291,2024-05-21T21:04:33,24.45269,-81.87486,0.1,360.0,37.0,GOING LONG,,,36,,12,6,,,B
338427291,2024-05-21T21:07:33,24.45270,-81.87481,0.2,360.0,35.0,GOING LONG,,,36,,12,6,,,B
338427291,2024-05-21T21:10:33,24.45265,-81.87475,0.0,360.0,3.0,GOING LONG,,,36,,12,6,,,B
338427291,2024-05-21T21:13:36,24.45269,-81.87471,0.1,360.0,8.0,GOING LONG,,,36,,12,6,,,B
338427291,2024-05-21T21:16:33,24.45268,-81.87473,0.1,360.0,15.0,GOING LONG,,,36,,12,6,,,B
338427291,2024-05-21T21:25:33,24.45269,-81.87482,0.2,360.0,14.0,GOING LONG,,,36,,12,6,,,B
338427291,2024-05-21T21:28:33,24.45274,-81.87481,0.1,360.0,36.0,GOING LONG,,,36,,12,6,,,B
338427291,2024-05-21T21:31:33,24.45269,-81.87477,0.0,360.0,24.0,GOING LONG,,,36,,12,6,,,B
338427291,2024-05-21T21:34:33,24.45269,-81.87472,0.0,360.0,5.0,GOING LONG,,,36,,12,6,,,B
338427291,2024-05-21T21:37:35,24.45268,-81.87474,0.0,360.0,4.0,GOING LONG,,,36,,12,6,,,B
338427291,2024-05-21T21:40:33,24.45270,-81.87464,0.0,360.0,340.0,GOING LONG,,,36,,12,6,,,B
338427291,2024-05-21T21:43:35,24.45270,-81.87481,0.1,360.0,29.0,GOING LONG,,,36,,12,6,,,B
338427291,2024-05-21T21:46:37,24.45263,-81.87475,0.3,360.0,305.0,GOING LONG,,,36,,12,6,,,B
338427291,2024-05-21T21:49:35,24.45253,-81.87512,1.0,57.3,84.0,GOING LONG,,,36,,12,6,,,B
338427291,2024-05-21T21:53:07,24.45407,-81.87209,4.0,19.5,21.0,GOING LONG,,,36,,12,6,,,B
338427291,2024-05-21T21:55:07,24.45618,-81.87111,4.6,23.5,24.0,GOING LONG,,,36,,12,6,,,B
338427291,2024-05-21T21:56:36,24.45815,-81.87016,5.1,25.4,25.0,GOING LONG,,,36,,12,6,,,B
338427291,2024-05-21T21:57:37,24.45951,-81.86947,5.2,24.7,24.0,GOING LONG,,,36,,12,6,,,B
338427291,2024-05-21T21:59:07,24.46148,-81.86848,5.1,25.2,25.0,GOING LONG,,,36,,12,6,,,B
338427291,2024-05-21T22:00:08,24.46283,-81.86780,5.0,25.0,24.0,GOING LONG,,,36,,12,6,,,B
338427291,2024-05-21T22:01:36,24.46474,-81.86684,5.2,24.0,25.0,GOING LONG,,,36,,12,6,,,B
338427291,2024-05-21T22:02:38,24.46610,-81.86616,5.2,23.6,24.0,GOING LONG,,,36,,12,6,,,B
368315630,2024-05-23T10:20:56,24.43285,-81.89610,6.1,72.3,79.0,RENEGADE,,WDN8235,36,,6,13,,,B
368315630,2024-05-23T10:22:26,24.43364,-81.89351,6.1,71.9,79.0,RENEGADE,,WDN8235,36,,6,13,,,B
368315630,2024-05-23T10:23:56,24.43442,-81.89088,6.3,70.2,77.0,RENEGADE,,WDN8235,36,,6,13,,,B
368315630,2024-05-23T10:25:59,24.43550,-81.88730,6.0,70.6,77.0,RENEGADE,,WDN8235,36,,6,13,,,B
368315630,2024-05-23T10:27:27,24.43630,-81.88466,5.9,71.4,79.0,RENEGADE,,WDN8235,36,,6,13,,,B
368315630,2024-05-23T10:28:28,24.43686,-81.88287,6.1,71.3,79.0,RENEGADE,,WDN8235,36,,6,13,,,B
368315630,2024-05-23T10:30:26,24.43790,-81.87935,6.2,73.4,78.0,RENEGADE,,WDN8235,36,,6,13,,,B
368315630,2024-05-23T10:31:27,24.43844,-81.87758,6.0,70.5,76.0,RENEGADE,,WDN8235,36,,6,13,,,B
368315630,2024-05-23T10:32:56,24.43921,-81.87491,5.9,74.7,80.0,RENEGADE,,WDN8235,36,,6,13,,,B
368315630,2024-05-23T10:34:28,24.43998,-81.87217,6.2,71.4,76.0,RENEGADE,,WDN8235,36,,6,13,,,B
368315630,2024-05-23T10:36:27,24.44102,-81.86857,6.1,71.1,77.0,RENEGADE,,WDN8235,36,,6,13,,,B
368315630,2024-05-23T10:37:57,24.44174,-81.86587,6.0,75.8,80.0,RENEGADE,,WDN8235,36,,6,13,,,B
368315630,2024-05-23T10:39:26,24.44245,-81.86317,6.4,73.7,79.0,RENEGADE,,WDN8235,36,,6,13,,,B
368315630,2024-05-23T10:40:28,24.44299,-81.86129,6.4,71.3,78.0,RENEGADE,,WDN8235,36,,6,13,,,B
368315630,2024-05-23T10:41:57,24.44370,-81.85860,6.3,74.3,78.0,RENEGADE,,WDN8235,36,,6,13,,,B
368347650,2024-05-25T13:38:17,24.46342,-81.87542,11.1,212.4,208.0,STARDUST,,WDP3683,37,,17,4,,,B
368347650,2024-05-25T13:39:51,24.46230,-81.87802,7.9,269.0,266.0,STARDUST,,WDP3683,37,,17,4,,,B
368347650,2024-05-25T13:41:20,24.45990,-81.88325,16.7,194.0,192.0,STARDUST,,WDP3683,37,,17,4,,,B
368347650,2024-05-25T13:42:22,24.45542,-81.88370,15.9,182.0,182.0,STARDUST,,WDP3683,37,,17,4,,,B
368347650,2024-05-25T13:43:23,24.45100,-81.88345,15.9,168.0,167.0,STARDUST,,WDP3683,37,,17,4,,,B
368347650,2024-05-25T13:44:54,24.45085,-81.87992,6.3,66.7,68.0,STARDUST,,WDP3683,37,,17,4,,,B
368347650,2024-05-25T13:45:55,24.45150,-81.87840,3.9,69.5,72.0,STARDUST,,WDP3683,37,,17,4,,,B
368347650,2024-05-25T13:46:56,24.45177,-81.87757,3.9,78.5,74.0,STARDUST,,WDP3683,37,,17,4,,,B
368347650,2024-05-25T13:50:27,24.45195,-81.87717,0.7,343.4,116.0,STARDUST,,WDP3683,37,,17,4,,,B
368347650,2024-05-25T13:53:28,24.45198,-81.87715,102.3,81.2,129.0,STARDUST,,WDP3683,37,,17,4,,,B
368347650,2024-05-25T13:56:27,24.45200,-81.87713,102.3,0.0,123.0,STARDUST,,WDP3683,37,,17,4,,,B
368347650,2024-05-25T13:59:27,24.45202,-81.87712,0.7,0.0,125.0,STARDUST,,WDP3683,37,,17,4,,,B
368347650,2024-05-25T14:05:26,24.45202,-81.87712,102.3,7.8,130.0,STARDUST,,WDP3683,37,,17,4,,,B
368347650,2024-05-25T14:08:26,24.45200,-81.87712,102.3,287.6,120.0,STARDUST,,WDP3683,37,,17,4,,,B
368347650,2024-05-25T14:11:29,24.45200,-81.87713,102.3,0.0,129.0,STARDUST,,WDP3683,37,,17,4,,,B
368347650,2024-05-25T14:17:29,24.45198,-81.87713,102.3,88.0,132.0,STARDUST,,WDP3683,37,,17,4,,,B
368347650,2024-05-25T14:20:27,24.45200,-81.87713,102.3,0.0,127.0,STARDUST,,WDP3683,37,,17,4,,,B
368347650,2024-05-25T14:23:28,24.45200,-81.87713,102.3,0.0,133.0,STARDUST,,WDP3683,37,,17,4,,,B
368347650,2024-05-25T14:26:28,24.45200,-81.87713,102.3,0.0,126.0,STARDUST,,WDP3683,37,,17,4,,,B
368347650,2024-05-25T14:29:28,24.45198,-81.87715,102.3,0.0,120.0,STARDUST,,WDP3683,37,,17,4,,,B
368347650,2024-05-25T14:35:28,24.45198,-81.87715,102.3,0.0,116.0,STARDUST,,WDP3683,37,,17,4,,,B
368347650,2024-05-25T14:38:28,24.45200,-81.87715,102.3,0.0,129.0,STARDUST,,WDP3683,37,,17,4,,,B
368347650,2024-05-25T14:41:30,24.45203,-81.87713,0.7,0.0,137.0,STARDUST,,WDP3683,37,,17,4,,,B
368347650,2024-05-25T14:44:29,24.45202,-81.87713,102.3,116.8,129.0,STARDUST,,WDP3683,37,,17,4,,,B
368347650,2024-05-25T14:47:30,24.45202,-81.87713,102.3,0.0,141.0,STARDUST,,WDP3683,37,,17,4,,,B
368347650,2024-05-25T14:50:31,24.45203,-81.87712,102.3,0.0,140.0,STARDUST,,WDP3683,37,,17,4,,,B
368347650,2024-05-25T14:53:31,24.45203,-81.87712,0.7,0.0,134.0,STARDUST,,WDP3683,37,,17,4,,,B
368347650,2024-05-25T14:59:37,24.45205,-81.87710,102.3,0.0,149.0,STARDUST,,WDP3683,37,,17,4,,,B
368347650,2024-05-25T15:01:55,24.45148,-81.87680,5.5,203.9,206.0,STARDUST,,WDP3683,37,,17,4,,,B
368347650,2024-05-25T15:02:56,24.45045,-81.87797,5.5,222.5,218.0,STARDUST,,WDP3683,37,,17,4,,,B
368347650,2024-05-25T15:04:28,24.45045,-81.88058,7.1,280.1,282.0,STARDUST,,WDP3683,37,,17,4,,,B
368347650,2024-05-25T15:05:29,24.45028,-81.88247,7.1,253.0,247.0,STARDUST,,WDP3683,37,,17,4,,,B
368347650,2024-05-25T15:06:30,24.45132,-81.88368,7.1,324.7,325.0,STARDUST,,WDP3683,37,,17,4,,,B
368347650,2024-05-25T15:08:00,24.45438,-81.88430,12.7,354.9,349.0,STARDUST,,WDP3683,37,,17,4,,,B
368347650,2024-05-25T15:09:32,24.46200,-81.88277,19.1,41.4,33.0,STARDUST,,WDP3683,37,,17,4,,,B
368347650,2024-05-25T15:11:03,24.46740,-81.87667,19.1,53.9,47.0,STARDUST,,WDP3683,37,,17,4,,,B
338427291,2024-06-23T16:47:04,24.45276,-81.86076,8.5,267.8,267.0,GOING LONG,,,36,,12,6,,,B
338427291,2024-06-23T16:48:07,24.45260,-81.86324,8.1,267.5,267.0,GOING LONG,,,36,,12,6,,,B
338427291,2024-06-23T16:49:34,24.45241,-81.86657,8.2,266.6,268.0,GOING LONG,,,36,,12,6,,,B
338427291,2024-06-23T16:51:04,24.45219,-81.86973,4.1,266.0,269.0,GOING LONG,,,36,,12,6,,,B
338427291,2024-06-23T16:52:05,24.45220,-81.87115,4.8,270.8,278.0,GOING LONG,,,36,,12,6,,,B
338427291,2024-06-23T16:53:35,24.45239,-81.87332,4.6,273.0,282.0,GOING LONG,,,36,,12,6,,,B
338427291,2024-06-23T16:54:36,24.45249,-81.87450,3.2,292.0,308.0,GOING LONG,,,36,,12,6,,,B
338427291,2024-06-23T16:56:04,24.45293,-81.87486,0.0,360.0,39.0,GOING LONG,,,36,,12,6,,,B
338427291,2024-06-23T16:57:06,24.45292,-81.87495,0.2,360.0,76.0,GOING LONG,,,36,,12,6,,,B
338427291,2024-06-23T17:04:05,24.45289,-81.87499,0.2,360.0,73.0,GOING LONG,,,36,,12,6,,,B
338427291,2024-06-23T17:07:04,24.45286,-81.87500,0.1,360.0,78.0,GOING LONG,,,36,,12,6,,,B
338427291,2024-06-23T17:13:04,24.45284,-81.87499,0.1,360.0,62.0,GOING LONG,,,36,,12,6,,,B
338427291,2024-06-23T17:16:05,24.45283,-81.87499,0.1,360.0,58.0,GOING LONG,,,36,,12,6,,,B
338427291,2024-06-23T17:19:05,24.45284,-81.87498,0.2,360.0,62.0,GOING LONG,,,36,,12,6,,,B
338427291,2024-06-23T17:22:05,24.45281,-81.87498,0.2,360.0,54.0,GOING LONG,,,36,,12,6,,,B
338427291,2024-06-23T17:25:05,24.45283,-81.87497,0.1,360.0,54.0,GOING LONG,,,36,,12,6,,,B
338427291,2024-06-23T17:28:04,24.45286,-81.87501,0.3,360.0,67.0,GOING LONG,,,36,,12,6,,,B
338427291,2024-06-23T17:31:05,24.45282,-81.87499,0.1,360.0,61.0,GOING LONG,,,36,,12,6,,,B
338427291,2024-06-23T17:40:06,24.45282,-81.87500,0.3,360.0,58.0,GOING LONG,,,36,,12,6,,,B
338427291,2024-06-23T17:46:04,24.45288,-81.87501,0.2,360.0,64.0,GOING LONG,,,36,,12,6,,,B
338427291,2024-06-23T17:49:04,24.45289,-81.87499,0.2,360.0,68.0,GOING LONG,,,36,,12,6,,,B
338427291,2024-06-23T17:52:05,24.45287,-81.87498,0.1,360.0,65.0,GOING LONG,,,36,,12,6,,,B
338427291,2024-06-23T17:55:05,24.45293,-81.87499,0.0,360.0,76.0,GOING LONG,,,36,,12,6,,,B
338427291,2024-06-23T17:58:05,24.45290,-81.87499,0.2,360.0,69.0,GOING LONG,,,36,,12,6,,,B
338427291,2024-06-23T18:01:04,24.45251,-81.87507,4.4,219.5,227.0,GOING LONG,,,36,,12,6,,,B
338427291,2024-06-23T18:02:09,24.45148,-81.87640,5.8,238.8,237.0,GOING LONG,,,36,,12,6,,,B
338427291,2024-06-23T18:03:10,24.45098,-81.87820,6.2,263.6,265.0,GOING LONG,,,36,,12,6,,,B
338427291,2024-06-23T18:04:39,24.45137,-81.88082,5.4,322.7,332.0,GOING LONG,,,36,,12,6,,,B
338427291,2024-06-23T18:05:40,24.45281,-81.88155,5.5,328.7,338.0,GOING LONG,,,36,,12,6,,,B
338427291,2024-06-23T18:07:39,24.45562,-81.88265,5.2,349.1,350.0,GOING LONG,,,36,,12,6,,,B
338427291,2024-06-23T18:08:41,24.45711,-81.88290,5.0,357.8,357.0,GOING LONG,,,36,,12,6,,,B
338427291,2024-06-23T18:10:41,24.46006,-81.88286,5.4,19.9,27.0,GOING LONG,,,36,,12,6,,,B
338427291,2024-06-23T18:13:09,24.46249,-81.87994,5.2,51.0,51.0,GOING LONG,,,36,,12,6,,,B
338427291,2024-06-23T18:14:39,24.46382,-81.87804,5.4,53.1,51.0,GOING LONG,,,36,,12,6,,,B
338427291,2024-06-23T18:18:09,24.46455,-81.87487,1.5,98.5,79.0,GOING LONG,,,36,,12,6,,,B
338427291,2024-06-23T18:19:39,24.46480,-81.87381,2.2,72.8,69.0,GOING LONG,,,36,,12,6,,,B
338427291,2024-06-23T18:16:39,24.46506,-81.87551,3.0,108.9,116.0,GOING LONG,,,36,,12,6,,,B
338427291,2024-06-23T18:21:10,24.46530,-81.87257,4.3,62.7,65.0,GOING LONG,,,36,,12,6,,,B
338427291,2024-06-23T18:22:40,24.46613,-81.87065,5.2,58.2,60.0,GOING LONG,,,36,,12,6,,,B
338427291,2024-06-23T18:24:10,24.46729,-81.86871,5.1,56.3,55.0,GOING LONG,,,36,,12,6,,,B
338427291,2024-07-13T16:10:55,24.45276,-81.85907,7.9,256.5,256.0,GOING LONG,,,36,,12,6,,,B
338427291,2024-07-13T16:12:53,24.45181,-81.86374,8.9,257.1,255.0,GOING LONG,,,36,,12,6,,,B
338427291,2024-07-13T17:23:46,24.45196,-81.88186,7.0,303.6,308.0,GOING LONG,,,36,,12,6,,,B
338427291,2024-07-13T17:25:46,24.45491,-81.88462,7.4,329.1,327.0,GOING LONG,,,36,,12,6,,,B
338427291,2024-07-13T17:28:17,24.45967,-81.88736,7.9,318.3,318.0,GOING LONG,,,36,,12,6,,,B
338427291,2024-07-13T17:29:47,24.46204,-81.88972,7.9,313.4,318.0,GOING LONG,,,36,,12,6,,,B
338427291,2024-07-13T17:31:16,24.46434,-81.89224,7.5,315.5,319.0,GOING LONG,,,36,,12,6,,,B
338427291,2024-07-13T17:32:46,24.46653,-81.89486,7.5,306.2,308.0,GOING LONG,,,36,,12,6,,,B
338427291,2024-07-13T16:13:54,24.45136,-81.86623,7.7,258.4,260.0,GOING LONG,,,36,,12,6,,,B
338427291,2024-07-13T16:15:25,24.45072,-81.86992,8.2,259.6,257.0,GOING LONG,,,36,,12,6,,,B
338427291,2024-07-13T16:16:52,24.45053,-81.87351,9.3,266.9,266.0,GOING LONG,,,36,,12,6,,,B
338427291,2024-07-13T16:18:23,24.45088,-81.87672,5.5,314.6,315.0,GOING LONG,,,36,,12,6,,,B
338427291,2024-07-13T16:19:52,24.45202,-81.87723,0.5,360.0,114.0,GOING LONG,,,36,,12,6,,,B
338427291,2024-07-13T16:20:53,24.45192,-81.87725,1.1,272.4,103.0,GOING LONG,,,36,,12,6,,,B
338427291,2024-07-13T16:22:52,24.45200,-81.87714,2.0,305.9,332.0,GOING LONG,,,36,,12,6,,,B
338427291,2024-07-13T16:23:53,24.45227,-81.87713,1.0,175.1,162.0,GOING LONG,,,36,,12,6,,,B
338427291,2024-07-13T16:25:23,24.45176,-81.87717,0.9,360.0,55.0,GOING LONG,,,36,,12,6,,,B
338427291,2024-07-13T16:27:23,24.45181,-81.87719,0.4,360.0,67.0,GOING LONG,,,36,,12,6,,,B
338427291,2024-07-13T16:30:49,24.45183,-81.87720,0.1,360.0,88.0,GOING LONG,,,36,,12,6,,,B
338427291,2024-07-13T16:33:49,24.45180,-81.87718,0.1,360.0,87.0,GOING LONG,,,36,,12,6,,,B
338427291,2024-07-13T16:36:49,24.45181,-81.87718,0.3,360.0,98.0,GOING LONG,,,36,,12,6,,,B
338427291,2024-07-13T16:39:50,24.45181,-81.87719,0.1,360.0,83.0,GOING LONG,,,36,,12,6,,,B
338427291,2024-07-13T16:45:49,24.45182,-81.87717,0.2,360.0,93.0,GOING LONG,,,36,,12,6,,,B
338427291,2024-07-13T16:48:50,24.45187,-81.87718,0.1,360.0,113.0,GOING LONG,,,36,,12,6,,,B
338427291,2024-07-13T16:54:49,24.45182,-81.87718,0.1,360.0,90.0,GOING LONG,,,36,,12,6,,,B
338427291,2024-07-13T16:57:49,24.45183,-81.87718,0.1,360.0,89.0,GOING LONG,,,36,,12,6,,,B
338427291,2024-07-13T17:06:50,24.45182,-81.87717,0.1,360.0,87.0,GOING LONG,,,36,,12,6,,,B
338427291,2024-07-13T17:09:49,24.45180,-81.87716,0.3,360.0,64.0,GOING LONG,,,36,,12,6,,,B
338427291,2024-07-13T17:12:50,24.45185,-81.87716,0.6,360.0,106.0,GOING LONG,,,36,,12,6,,,B
338427291,2024-07-13T17:15:49,24.45183,-81.87718,0.1,360.0,93.0,GOING LONG,,,36,,12,6,,,B
338427291,2024-07-13T17:16:50,24.45182,-81.87719,0.1,360.0,86.0,GOING LONG,,,36,,12,6,,,B
338427291,2024-07-13T17:20:47,24.45178,-81.87725,1.0,259.8,334.0,GOING LONG,,,36,,12,6,,,B
338427291,2024-07-17T19:49:36,24.45300,-81.85857,4.3,263.9,266.0,GOING LONG,,,36,,12,6,,,B
338427291,2024-07-17T19:51:07,24.45283,-81.86119,5.7,266.0,264.0,GOING LONG,,,36,,12,6,,,B
338427291,2024-07-17T19:53:06,24.45250,-81.86480,5.8,263.6,262.0,GOING LONG,,,36,,12,6,,,B
338427291,2024-07-17T19:54:08,24.45231,-81.86664,6.0,264.8,263.0,GOING LONG,,,36,,12,6,,,B
338427291,2024-07-17T21:14:27,24.45163,-81.86744,5.9,82.1,84.0,GOING LONG,,,36,,12,6,,,B
338427291,2024-07-17T21:16:26,24.45192,-81.86400,5.2,89.9,89.0,GOING LONG,,,36,,12,6,,,B
338427291,2024-07-17T21:17:57,24.45204,-81.86144,5.6,78.8,78.0,GOING LONG,,,36,,12,6,,,B
338427291,2024-07-17T21:19:26,24.45259,-81.85894,5.8,81.5,80.0,GOING LONG,,,36,,12,6,,,B
338427291,2024-07-17T19:56:07,24.45174,-81.86979,3.9,221.5,211.0,GOING LONG,,,36,,12,6,,,B
338427291,2024-07-17T19:58:07,24.45141,-81.86955,0.5,360.0,91.0,GOING LONG,,,36,,12,6,,,B
338427291,2024-07-17T19:59:37,24.45209,-81.87040,3.3,285.0,291.0,GOING LONG,,,36,,12,6,,,B
338427291,2024-07-17T20:00:36,24.45232,-81.87159,5.3,289.9,296.0,GOING LONG,,,36,,12,6,,,B
338427291,2024-07-17T20:02:07,24.45300,-81.87302,2.4,307.3,316.0,GOING LONG,,,36,,12,6,,,B
338427291,2024-07-17T20:03:36,24.45309,-81.87364,1.6,240.1,242.0,GOING LONG,,,36,,12,6,,,B
338427291,2024-07-17T20:05:07,24.45306,-81.87391,0.6,308.5,280.0,GOING LONG,,,36,,12,6,,,B
338427291,2024-07-17T20:06:36,24.45304,-81.87407,0.7,165.8,120.0,GOING LONG,,,36,,12,6,,,B
338427291,2024-07-17T20:10:11,24.45323,-81.87395,0.7,285.4,127.0,GOING LONG,,,36,,12,6,,,B
338427291,2024-07-17T20:13:44,24.45320,-81.87394,0.2,360.0,123.0,GOING LONG,,,36,,12,6,,,B
338427291,2024-07-17T20:16:42,24.45322,-81.87395,0.0,360.0,114.0,GOING LONG,,,36,,12,6,,,B
338427291,2024-07-17T20:19:42,24.45321,-81.87396,0.5,360.0,113.0,GOING LONG,,,36,,12,6,,,B
338427291,2024-07-17T20:22:48,24.45324,-81.87392,0.3,360.0,132.0,GOING LONG,,,36,,12,6,,,B
338427291,2024-07-17T20:26:18,24.45324,-81.87394,0.5,41.6,102.0,GOING LONG,,,36,,12,6,,,B
338427291,2024-07-17T20:27:47,24.45326,-81.87393,0.0,360.0,113.0,GOING LONG,,,36,,12,6,,,B
338427291,2024-07-17T20:34:43,24.45324,-81.87397,0.0,360.0,114.0,GOING LONG,,,36,,12,6,,,B
338427291,2024-07-17T20:37:46,24.45320,-81.87395,0.2,360.0,115.0,GOING LONG,,,36,,12,6,,,B
338427291,2024-07-17T20:40:43,24.45324,-81.87396,0.1,360.0,107.0,GOING LONG,,,36,,12,6,,,B
338427291,2024-07-17T20:46:43,24.45322,-81.87394,0.4,360.0,109.0,GOING LONG,,,36,,12,6,,,B
338427291,2024-07-17T20:47:48,24.45325,-81.87394,0.3,360.0,121.0,GOING LONG,,,36,,12,6,,,B
338427291,2024-07-17T20:49:18,24.45325,-81.87396,0.3,360.0,105.0,GOING LONG,,,36,,12,6,,,B
338427291,2024-07-17T20:52:22,24.45323,-81.87395,0.2,360.0,104.0,GOING LONG,,,36,,12,6,,,B
338427291,2024-07-17T20:55:23,24.45322,-81.87396,0.4,360.0,111.0,GOING LONG,,,36,,12,6,,,B
338427291,2024-07-17T20:58:21,24.45320,-81.87395,0.5,360.0,110.0,GOING LONG,,,36,,12,6,,,B
338427291,2024-07-17T21:01:21,24.45319,-81.87398,0.4,360.0,109.0,GOING LONG,,,36,,12,6,,,B
338427291,2024-07-17T21:02:47,24.45321,-81.87396,0.3,360.0,118.0,GOING LONG,,,36,,12,6,,,B
338427291,2024-07-17T21:04:21,24.45321,-81.87398,0.2,360.0,109.0,GOING LONG,,,36,,12,6,,,B
338427291,2024-07-17T21:07:53,24.45321,-81.87400,0.4,360.0,119.0,GOING LONG,,,36,,12,6,,,B
338427291,2024-07-17T21:11:27,24.45138,-81.87199,4.1,96.6,97.0,GOING LONG,,,36,,12,6,,,B
338427291,2024-07-17T21:12:57,24.45148,-81.86998,5.6,88.6,86.0,GOING LONG,,,36,,12,6,,,B
368299150,2024-08-20T20:06:12,24.45361,-81.86087,6.2,268.7,511.0,DREAM REACH,,WDN6447,36,,13,7,,,B
368299150,2024-08-20T20:07:41,24.45360,-81.86383,6.5,275.9,511.0,DREAM REACH,,WDN6447,36,,13,7,,,B
368299150,2024-08-20T20:09:12,24.45375,-81.86683,6.5,270.5,511.0,DREAM REACH,,WDN6447,36,,13,7,,,B
368299150,2024-08-20T20:10:41,24.45390,-81.86977,5.7,267.6,511.0,DREAM REACH,,WDN6447,36,,13,7,,,B
368299150,2024-08-20T20:11:44,24.45374,-81.87141,5.2,267.7,511.0,DREAM REACH,,WDN6447,36,,13,7,,,B
368299150,2024-08-20T20:13:12,24.45374,-81.87330,1.8,253.6,511.0,DREAM REACH,,WDN6447,36,,13,7,,,B
368299150,2024-08-20T20:14:44,24.45522,-81.87445,5.6,317.5,511.0,DREAM REACH,,WDN6447,36,,13,7,,,B
368299150,2024-08-20T20:16:14,24.45653,-81.87619,4.7,298.1,511.0,DREAM REACH,,WDN6447,36,,13,7,,,B
368299150,2024-08-20T20:17:40,24.45692,-81.87769,3.1,248.4,511.0,DREAM REACH,,WDN6447,36,,13,7,,,B
368299150,2024-08-20T20:19:14,24.45557,-81.87695,1.7,209.6,511.0,DREAM REACH,,WDN6447,36,,13,7,,,B
368299150,2024-08-20T20:20:44,24.45558,-81.87695,0.5,57.1,511.0,DREAM REACH,,WDN6447,36,,13,7,,,B
368299150,2024-08-20T20:23:12,24.45561,-81.87684,0.1,360.0,511.0,DREAM REACH,,WDN6447,36,,13,7,,,B
368299150,2024-08-20T20:26:14,24.45561,-81.87684,0.1,360.0,511.0,DREAM REACH,,WDN6447,36,,13,7,,,B
368299150,2024-08-20T20:29:13,24.45561,-81.87684,0.1,360.0,511.0,DREAM REACH,,WDN6447,36,,13,7,,,B
368299150,2024-08-20T20:32:12,24.45563,-81.87685,0.2,360.0,511.0,DREAM REACH,,WDN6447,36,,13,7,,,B
368299150,2024-08-20T20:35:13,24.45560,-81.87685,0.1,360.0,511.0,DREAM REACH,,WDN6447,36,,13,7,,,B
368299150,2024-08-20T20:38:14,24.45559,-81.87684,0.3,190.5,511.0,DREAM REACH,,WDN6447,36,,13,7,,,B
368299150,2024-08-20T20:41:14,24.45555,-81.87685,0.1,360.0,511.0,DREAM REACH,,WDN6447,36,,13,7,,,B
368299150,2024-08-20T20:44:14,24.45553,-81.87685,0.1,360.0,511.0,DREAM REACH,,WDN6447,36,,13,7,,,B
368299150,2024-08-20T20:47:12,24.45552,-81.87686,0.0,360.0,511.0,DREAM REACH,,WDN6447,36,,13,7,,,B
368299150,2024-08-20T20:50:13,24.45552,-81.87685,0.1,360.0,511.0,DREAM REACH,,WDN6447,36,,13,7,,,B
368299150,2024-08-20T20:53:13,24.45554,-81.87685,0.2,360.0,511.0,DREAM REACH,,WDN6447,36,,13,7,,,B
368299150,2024-08-20T20:56:13,24.45554,-81.87685,0.1,360.0,511.0,DREAM REACH,,WDN6447,36,,13,7,,,B
368299150,2024-08-20T20:59:13,24.45555,-81.87685,0.1,360.0,511.0,DREAM REACH,,WDN6447,36,,13,7,,,B
368299150,2024-08-20T21:05:13,24.45555,-81.87686,0.1,360.0,511.0,DREAM REACH,,WDN6447,36,,13,7,,,B
368299150,2024-08-20T21:14:12,24.45556,-81.87687,0.2,360.0,511.0,DREAM REACH,,WDN6447,36,,13,7,,,B
368299150,2024-08-20T21:17:11,24.45556,-81.87686,0.1,360.0,511.0,DREAM REACH,,WDN6447,36,,13,7,,,B
368299150,2024-08-20T21:20:12,24.45558,-81.87687,0.3,360.0,511.0,DREAM REACH,,WDN6447,36,,13,7,,,B
368299150,2024-08-20T21:23:11,24.45557,-81.87687,0.2,360.0,511.0,DREAM REACH,,WDN6447,36,,13,7,,,B
368299150,2024-08-20T21:29:14,24.45557,-81.87686,0.2,360.0,511.0,DREAM REACH,,WDN6447,36,,13,7,,,B
368299150,2024-08-20T21:32:13,24.45558,-81.87686,0.0,360.0,511.0,DREAM REACH,,WDN6447,36,,13,7,,,B
368299150,2024-08-20T21:38:13,24.45555,-81.87685,0.1,360.0,511.0,DREAM REACH,,WDN6447,36,,13,7,,,B
368299150,2024-08-20T21:41:12,24.45555,-81.87685,0.0,360.0,511.0,DREAM REACH,,WDN6447,36,,13,7,,,B
368299150,2024-08-20T21:44:11,24.45556,-81.87685,0.1,360.0,511.0,DREAM REACH,,WDN6447,36,,13,7,,,B
368299150,2024-08-20T21:47:12,24.45557,-81.87685,0.2,360.0,511.0,DREAM REACH,,WDN6447,36,,13,7,,,B
368299150,2024-08-20T21:50:14,24.45559,-81.87686,0.2,360.0,511.0,DREAM REACH,,WDN6447,36,,13,7,,,B
368299150,2024-08-20T21:53:12,24.45558,-81.87686,0.1,360.0,511.0,DREAM REACH,,WDN6447,36,,13,7,,,B
368299150,2024-08-20T21:56:14,24.45558,-81.87686,0.1,360.0,511.0,DREAM REACH,,WDN6447,36,,13,7,,,B
368299150,2024-08-20T21:59:14,24.45559,-81.87687,0.0,360.0,511.0,DREAM REACH,,WDN6447,36,,13,7,,,B
368299150,2024-08-20T22:02:14,24.45557,-81.87687,0.2,360.0,511.0,DREAM REACH,,WDN6447,36,,13,7,,,B
368299150,2024-08-20T22:05:14,24.45558,-81.87686,0.1,360.0,511.0,DREAM REACH,,WDN6447,36,,13,7,,,B
368299150,2024-08-20T22:08:11,24.45559,-81.87686,0.1,360.0,511.0,DREAM REACH,,WDN6447,36,,13,7,,,B
368299150,2024-08-20T22:11:14,24.45559,-81.87686,0.2,360.0,511.0,DREAM REACH,,WDN6447,36,,13,7,,,B
368299150,2024-08-20T22:17:11,24.45559,-81.87687,0.2,360.0,511.0,DREAM REACH,,WDN6447,36,,13,7,,,B
368299150,2024-08-20T22:20:12,24.45559,-81.87686,0.0,360.0,511.0,DREAM REACH,,WDN6447,36,,13,7,,,B
368299150,2024-08-20T22:23:11,24.45561,-81.87686,0.0,360.0,511.0,DREAM REACH,,WDN6447,36,,13,7,,,B
368299150,2024-08-20T22:26:11,24.45560,-81.87686,0.2,360.0,511.0,DREAM REACH,,WDN6447,36,,13,7,,,B
368299150,2024-08-20T22:32:13,24.45559,-81.87686,0.1,360.0,511.0,DREAM REACH,,WDN6447,36,,13,7,,,B
368299150,2024-08-20T22:35:10,24.45559,-81.87687,0.2,360.0,511.0,DREAM REACH,,WDN6447,36,,13,7,,,B
368299150,2024-08-20T22:38:11,24.45559,-81.87686,0.1,360.0,511.0,DREAM REACH,,WDN6447,36,,13,7,,,B
368299150,2024-08-20T22:41:13,24.45561,-81.87687,0.1,360.0,511.0,DREAM REACH,,WDN6447,36,,13,7,,,B
368299150,2024-08-20T22:43:12,24.45558,-81.87687,0.2,360.0,511.0,DREAM REACH,,WDN6447,36,,13,7,,,B
368299150,2024-08-20T22:47:13,24.45557,-81.87687,0.0,360.0,511.0,DREAM REACH,,WDN6447,36,,13,7,,,B
368299150,2024-08-20T22:50:12,24.45556,-81.87687,0.1,360.0,511.0,DREAM REACH,,WDN6447,36,,13,7,,,B
368299150,2024-08-20T22:53:11,24.45557,-81.87687,0.2,360.0,511.0,DREAM REACH,,WDN6447,36,,13,7,,,B
368299150,2024-08-20T22:56:14,24.45558,-81.87688,0.2,360.0,511.0,DREAM REACH,,WDN6447,36,,13,7,,,B
368299150,2024-08-20T22:59:14,24.45558,-81.87686,0.1,360.0,511.0,DREAM REACH,,WDN6447,36,,13,7,,,B
368299150,2024-08-20T23:05:10,24.45560,-81.87687,0.2,360.0,511.0,DREAM REACH,,WDN6447,36,,13,7,,,B
368299150,2024-08-20T23:08:12,24.45558,-81.87688,0.1,360.0,511.0,DREAM REACH,,WDN6447,36,,13,7,,,B
368299150,2024-08-20T23:11:12,24.45558,-81.87688,0.1,360.0,511.0,DREAM REACH,,WDN6447,36,,13,7,,,B
368299150,2024-08-20T23:14:13,24.45559,-81.87689,0.2,360.0,511.0,DREAM REACH,,WDN6447,36,,13,7,,,B
368299150,2024-08-20T23:17:12,24.45559,-81.87689,0.0,360.0,511.0,DREAM REACH,,WDN6447,36,,13,7,,,B
368299150,2024-08-20T23:20:13,24.45557,-81.87686,0.1,360.0,511.0,DREAM REACH,,WDN6447,36,,13,7,,,B
368299150,2024-08-20T23:26:14,24.45556,-81.87686,0.1,360.0,511.0,DREAM REACH,,WDN6447,36,,13,7,,,B
368299150,2024-08-20T23:29:13,24.45559,-81.87687,0.2,360.0,511.0,DREAM REACH,,WDN6447,36,,13,7,,,B
368299150,2024-08-20T23:32:11,24.45556,-81.87689,0.0,360.0,511.0,DREAM REACH,,WDN6447,36,,13,7,,,B
368299150,2024-08-20T23:35:14,24.45557,-81.87688,0.3,360.0,511.0,DREAM REACH,,WDN6447,36,,13,7,,,B
368299150,2024-08-20T23:38:13,24.45560,-81.87689,0.1,360.0,511.0,DREAM REACH,,WDN6447,36,,13,7,,,B
368299150,2024-08-20T23:41:12,24.45557,-81.87689,0.1,360.0,511.0,DREAM REACH,,WDN6447,36,,13,7,,,B
368299150,2024-08-20T23:44:12,24.45557,-81.87688,0.1,360.0,511.0,DREAM REACH,,WDN6447,36,,13,7,,,B
368299150,2024-08-20T23:47:12,24.45554,-81.87689,0.1,360.0,511.0,DREAM REACH,,WDN6447,36,,13,7,,,B
368299150,2024-08-20T23:53:10,24.45556,-81.87689,0.1,360.0,511.0,DREAM REACH,,WDN6447,36,,13,7,,,B
368299150,2024-08-20T23:56:11,24.45557,-81.87689,0.2,360.0,511.0,DREAM REACH,,WDN6447,36,,13,7,,,B
368299150,2024-08-20T23:59:12,24.45556,-81.87688,0.1,360.0,511.0,DREAM REACH,,WDN6447,36,,13,7,,,B
368299150,2024-08-21T00:02:13,24.45555,-81.87688,0.0,360.0,511.0,DREAM REACH,,WDN6447,36,,13,7,,,B
368299150,2024-08-21T00:05:14,24.45557,-81.87688,0.1,360.0,511.0,DREAM REACH,,WDN6447,36,,13,7,,,B
368299150,2024-08-21T00:11:14,24.45557,-81.87688,0.3,360.0,511.0,DREAM REACH,,WDN6447,36,,13,7,,,B
368299150,2024-08-21T00:14:12,24.45556,-81.87688,0.2,360.0,511.0,DREAM REACH,,WDN6447,36,,13,7,,,B
368299150,2024-08-21T00:17:11,24.45556,-81.87688,0.1,360.0,511.0,DREAM REACH,,WDN6447,36,,13,7,,,B
368299150,2024-08-21T00:20:12,24.45557,-81.87688,0.2,360.0,511.0,DREAM REACH,,WDN6447,36,,13,7,,,B
368299150,2024-08-21T00:26:13,24.45557,-81.87689,0.1,360.0,511.0,DREAM REACH,,WDN6447,36,,13,7,,,B
368299150,2024-08-21T00:29:12,24.45557,-81.87689,0.1,360.0,511.0,DREAM REACH,,WDN6447,36,,13,7,,,B
368299150,2024-08-21T00:32:11,24.45557,-81.87690,0.1,360.0,511.0,DREAM REACH,,WDN6447,36,,13,7,,,B
368299150,2024-08-21T00:35:12,24.45555,-81.87691,0.1,360.0,511.0,DREAM REACH,,WDN6447,36,,13,7,,,B
368299150,2024-08-21T00:38:13,24.45556,-81.87690,0.0,360.0,511.0,DREAM REACH,,WDN6447,36,,13,7,,,B
368299150,2024-08-21T00:44:12,24.45560,-81.87691,0.1,360.0,511.0,DREAM REACH,,WDN6447,36,,13,7,,,B
368299150,2024-08-21T00:50:13,24.45559,-81.87693,0.3,360.0,511.0,DREAM REACH,,WDN6447,36,,13,7,,,B
368299150,2024-08-21T00:53:12,24.45560,-81.87693,0.1,360.0,511.0,DREAM REACH,,WDN6447,36,,13,7,,,B
368299150,2024-08-21T00:59:13,24.45561,-81.87693,0.1,360.0,511.0,DREAM REACH,,WDN6447,36,,13,7,,,B
368299150,2024-08-21T01:02:13,24.45560,-81.87693,0.1,360.0,511.0,DREAM REACH,,WDN6447,36,,13,7,,,B
368299150,2024-08-21T01:08:14,24.45561,-81.87692,0.1,360.0,511.0,DREAM REACH,,WDN6447,36,,13,7,,,B
368299150,2024-08-21T01:11:13,24.45561,-81.87692,0.0,360.0,511.0,DREAM REACH,,WDN6447,36,,13,7,,,B
368299150,2024-08-21T01:17:12,24.45564,-81.87693,0.2,360.0,511.0,DREAM REACH,,WDN6447,36,,13,7,,,B
368299150,2024-08-21T01:23:12,24.45563,-81.87692,0.1,360.0,511.0,DREAM REACH,,WDN6447,36,,13,7,,,B
368299150,2024-08-21T01:26:12,24.45564,-81.87692,0.1,360.0,511.0,DREAM REACH,,WDN6447,36,,13,7,,,B
368299150,2024-08-21T01:32:13,24.45564,-81.87693,0.0,360.0,511.0,DREAM REACH,,WDN6447,36,,13,7,,,B
368299150,2024-08-21T01:35:14,24.45566,-81.87693,0.1,360.0,511.0,DREAM REACH,,WDN6447,36,,13,7,,,B
368299150,2024-08-21T01:38:14,24.45565,-81.87692,0.1,360.0,511.0,DREAM REACH,,WDN6447,36,,13,7,,,B
368299150,2024-08-21T01:41:11,24.45566,-81.87692,0.1,360.0,511.0,DREAM REACH,,WDN6447,36,,13,7,,,B
368299150,2024-08-21T01:50:11,24.45568,-81.87693,0.2,360.0,511.0,DREAM REACH,,WDN6447,36,,13,7,,,B
368299150,2024-08-21T01:59:14,24.45564,-81.87691,0.0,360.0,511.0,DREAM REACH,,WDN6447,36,,13,7,,,B
368299150,2024-08-21T02:02:13,24.45565,-81.87692,0.1,360.0,511.0,DREAM REACH,,WDN6447,36,,13,7,,,B
368299150,2024-08-21T02:08:11,24.45564,-81.87690,0.0,360.0,511.0,DREAM REACH,,WDN6447,36,,13,7,,,B
368299150,2024-08-21T02:11:10,24.45565,-81.87691,0.1,360.0,511.0,DREAM REACH,,WDN6447,36,,13,7,,,B
368299150,2024-08-21T02:14:13,24.45565,-81.87690,0.1,360.0,511.0,DREAM REACH,,WDN6447,36,,13,7,,,B
368299150,2024-08-21T02:17:11,24.45567,-81.87692,0.1,360.0,511.0,DREAM REACH,,WDN6447,36,,13,7,,,B
368299150,2024-08-21T02:20:12,24.45568,-81.87691,0.1,360.0,511.0,DREAM REACH,,WDN6447,36,,13,7,,,B
368299150,2024-08-21T02:23:11,24.45567,-81.87691,0.0,360.0,511.0,DREAM REACH,,WDN6447,36,,13,7,,,B
368299150,2024-08-21T02:26:13,24.45566,-81.87691,0.1,360.0,511.0,DREAM REACH,,WDN6447,36,,13,7,,,B
368299150,2024-08-21T02:38:14,24.45569,-81.87693,0.2,360.0,511.0,DREAM REACH,,WDN6447,36,,13,7,,,B
368299150,2024-08-21T02:41:10,24.45569,-81.87694,0.0,360.0,511.0,DREAM REACH,,WDN6447,36,,13,7,,,B
368299150,2024-08-21T02:50:11,24.45572,-81.87697,0.1,360.0,511.0,DREAM REACH,,WDN6447,36,,13,7,,,B
368299150,2024-08-21T02:56:12,24.45574,-81.87700,0.1,360.0,511.0,DREAM REACH,,WDN6447,36,,13,7,,,B
368299150,2024-08-21T03:02:11,24.45573,-81.87702,0.2,360.0,511.0,DREAM REACH,,WDN6447,36,,13,7,,,B
368299150,2024-08-21T03:05:12,24.45575,-81.87699,0.1,360.0,511.0,DREAM REACH,,WDN6447,36,,13,7,,,B
368299150,2024-08-21T03:08:13,24.45575,-81.87699,0.3,360.0,511.0,DREAM REACH,,WDN6447,36,,13,7,,,B
368299150,2024-08-21T03:11:11,24.45575,-81.87701,0.1,360.0,511.0,DREAM REACH,,WDN6447,36,,13,7,,,B
368299150,2024-08-21T03:14:13,24.45576,-81.87703,0.1,360.0,511.0,DREAM REACH,,WDN6447,36,,13,7,,,B
368299150,2024-08-21T03:20:12,24.45576,-81.87702,0.1,360.0,511.0,DREAM REACH,,WDN6447,36,,13,7,,,B
368299150,2024-08-21T03:23:13,24.45575,-81.87699,0.1,360.0,511.0,DREAM REACH,,WDN6447,36,,13,7,,,B
368299150,2024-08-21T03:26:14,24.45575,-81.87701,0.1,360.0,511.0,DREAM REACH,,WDN6447,36,,13,7,,,B
368299150,2024-08-21T03:29:11,24.45575,-81.87699,0.0,360.0,511.0,DREAM REACH,,WDN6447,36,,13,7,,,B
368299150,2024-08-21T03:32:13,24.45574,-81.87697,0.1,360.0,511.0,DREAM REACH,,WDN6447,36,,13,7,,,B
368299150,2024-08-21T03:38:11,24.45574,-81.87697,0.1,360.0,511.0,DREAM REACH,,WDN6447,36,,13,7,,,B
368299150,2024-08-21T03:41:12,24.45573,-81.87696,0.1,360.0,511.0,DREAM REACH,,WDN6447,36,,13,7,,,B
368299150,2024-08-21T03:50:12,24.45571,-81.87696,0.1,360.0,511.0,DREAM REACH,,WDN6447,36,,13,7,,,B
368299150,2024-08-21T03:53:11,24.45572,-81.87698,0.0,360.0,511.0,DREAM REACH,,WDN6447,36,,13,7,,,B
368299150,2024-08-21T03:59:12,24.45572,-81.87697,0.1,360.0,511.0,DREAM REACH,,WDN6447,36,,13,7,,,B
368299150,2024-08-21T04:02:13,24.45572,-81.87699,0.1,360.0,511.0,DREAM REACH,,WDN6447,36,,13,7,,,B
368299150,2024-08-21T04:05:13,24.45571,-81.87696,0.1,360.0,511.0,DREAM REACH,,WDN6447,36,,13,7,,,B
368299150,2024-08-21T04:11:12,24.45571,-81.87697,0.3,360.0,511.0,DREAM REACH,,WDN6447,36,,13,7,,,B
368299150,2024-08-21T04:14:11,24.45570,-81.87694,0.1,360.0,511.0,DREAM REACH,,WDN6447,36,,13,7,,,B
368299150,2024-08-21T04:18:11,24.45569,-81.87693,0.3,360.0,511.0,DREAM REACH,,WDN6447,36,,13,7,,,B
368299150,2024-08-21T04:20:13,24.45568,-81.87694,0.1,360.0,511.0,DREAM REACH,,WDN6447,36,,13,7,,,B
368299150,2024-08-21T04:23:14,24.45569,-81.87695,0.1,360.0,511.0,DREAM REACH,,WDN6447,36,,13,7,,,B
368299150,2024-08-21T04:32:12,24.45568,-81.87693,0.1,360.0,511.0,DREAM REACH,,WDN6447,36,,13,7,,,B
368299150,2024-08-21T04:35:14,24.45569,-81.87694,0.2,360.0,511.0,DREAM REACH,,WDN6447,36,,13,7,,,B
368299150,2024-08-21T04:38:12,24.45567,-81.87694,0.1,360.0,511.0,DREAM REACH,,WDN6447,36,,13,7,,,B
368299150,2024-08-21T04:41:13,24.45567,-81.87693,0.2,360.0,511.0,DREAM REACH,,WDN6447,36,,13,7,,,B
368299150,2024-08-21T04:44:12,24.45567,-81.87694,0.2,360.0,511.0,DREAM REACH,,WDN6447,36,,13,7,,,B
368299150,2024-08-21T04:47:13,24.45567,-81.87694,0.2,360.0,511.0,DREAM REACH,,WDN6447,36,,13,7,,,B
368299150,2024-08-21T04:53:13,24.45569,-81.87693,0.1,360.0,511.0,DREAM REACH,,WDN6447,36,,13,7,,,B
368299150,2024-08-21T04:56:14,24.45568,-81.87693,0.2,360.0,511.0,DREAM REACH,,WDN6447,36,,13,7,,,B
368299150,2024-08-21T04:59:13,24.45568,-81.87692,0.1,360.0,511.0,DREAM REACH,,WDN6447,36,,13,7,,,B
368299150,2024-08-21T05:02:13,24.45567,-81.87692,0.2,360.0,511.0,DREAM REACH,,WDN6447,36,,13,7,,,B
368299150,2024-08-21T05:05:14,24.45567,-81.87692,0.1,360.0,511.0,DREAM REACH,,WDN6447,36,,13,7,,,B
368299150,2024-08-21T05:08:10,24.45567,-81.87693,0.0,360.0,511.0,DREAM REACH,,WDN6447,36,,13,7,,,B
368299150,2024-08-21T05:11:12,24.45566,-81.87692,0.1,360.0,511.0,DREAM REACH,,WDN6447,36,,13,7,,,B
368299150,2024-08-21T05:14:11,24.45565,-81.87692,0.2,360.0,511.0,DREAM REACH,,WDN6447,36,,13,7,,,B
368299150,2024-08-21T05:17:11,24.45565,-81.87691,0.1,360.0,511.0,DREAM REACH,,WDN6447,36,,13,7,,,B
368299150,2024-08-21T05:23:11,24.45563,-81.87688,0.1,360.0,511.0,DREAM REACH,,WDN6447,36,,13,7,,,B
368299150,2024-08-21T05:26:13,24.45564,-81.87689,0.1,360.0,511.0,DREAM REACH,,WDN6447,36,,13,7,,,B
368299150,2024-08-21T05:29:13,24.45565,-81.87690,0.1,360.0,511.0,DREAM REACH,,WDN6447,36,,13,7,,,B
368299150,2024-08-21T05:32:11,24.45563,-81.87690,0.2,360.0,511.0,DREAM REACH,,WDN6447,36,,13,7,,,B
368299150,2024-08-21T05:35:11,24.45562,-81.87689,0.1,360.0,511.0,DREAM REACH,,WDN6447,36,,13,7,,,B
368299150,2024-08-21T05:41:14,24.45563,-81.87689,0.2,360.0,511.0,DREAM REACH,,WDN6447,36,,13,7,,,B
368299150,2024-08-21T05:44:13,24.45561,-81.87689,0.1,360.0,511.0,DREAM REACH,,WDN6447,36,,13,7,,,B
368299150,2024-08-21T05:47:12,24.45563,-81.87690,0.1,360.0,511.0,DREAM REACH,,WDN6447,36,,13,7,,,B
368299150,2024-08-21T05:50:13,24.45565,-81.87689,0.2,360.0,511.0,DREAM REACH,,WDN6447,36,,13,7,,,B
368299150,2024-08-21T05:53:11,24.45564,-81.87689,0.1,360.0,511.0,DREAM REACH,,WDN6447,36,,13,7,,,B
368299150,2024-08-21T05:56:10,24.45564,-81.87689,0.2,360.0,511.0,DREAM REACH,,WDN6447,36,,13,7,,,B
368299150,2024-08-21T05:59:14,24.45565,-81.87689,0.0,360.0,511.0,DREAM REACH,,WDN6447,36,,13,7,,,B
368299150,2024-08-21T06:02:13,24.45563,-81.87688,0.2,360.0,511.0,DREAM REACH,,WDN6447,36,,13,7,,,B
368299150,2024-08-21T06:05:13,24.45565,-81.87689,0.2,360.0,511.0,DREAM REACH,,WDN6447,36,,13,7,,,B
368299150,2024-08-21T06:14:13,24.45564,-81.87690,0.1,360.0,511.0,DREAM REACH,,WDN6447,36,,13,7,,,B
368299150,2024-08-21T06:20:11,24.45565,-81.87690,0.0,360.0,511.0,DREAM REACH,,WDN6447,36,,13,7,,,B
368299150,2024-08-21T06:23:11,24.45563,-81.87690,0.2,360.0,511.0,DREAM REACH,,WDN6447,36,,13,7,,,B
368299150,2024-08-21T06:26:13,24.45564,-81.87690,0.1,360.0,511.0,DREAM REACH,,WDN6447,36,,13,7,,,B
368299150,2024-08-21T06:29:13,24.45564,-81.87690,0.1,360.0,511.0,DREAM REACH,,WDN6447,36,,13,7,,,B
368299150,2024-08-21T06:32:12,24.45565,-81.87690,0.2,360.0,511.0,DREAM REACH,,WDN6447,36,,13,7,,,B
368299150,2024-08-21T06:35:13,24.45566,-81.87692,0.1,360.0,511.0,DREAM REACH,,WDN6447,36,,13,7,,,B
368299150,2024-08-21T06:38:13,24.45565,-81.87691,0.1,360.0,511.0,DREAM REACH,,WDN6447,36,,13,7,,,B
368299150,2024-08-21T06:41:14,24.45567,-81.87692,0.2,360.0,511.0,DREAM REACH,,WDN6447,36,,13,7,,,B
368299150,2024-08-21T06:44:13,24.45566,-81.87692,0.1,360.0,511.0,DREAM REACH,,WDN6447,36,,13,7,,,B
368299150,2024-08-21T06:47:13,24.45566,-81.87691,0.1,360.0,511.0,DREAM REACH,,WDN6447,36,,13,7,,,B
368299150,2024-08-21T06:50:11,24.45566,-81.87692,0.1,360.0,511.0,DREAM REACH,,WDN6447,36,,13,7,,,B
368299150,2024-08-21T06:53:11,24.45566,-81.87691,0.2,360.0,511.0,DREAM REACH,,WDN6447,36,,13,7,,,B
368299150,2024-08-21T06:56:12,24.45568,-81.87691,0.1,360.0,511.0,DREAM REACH,,WDN6447,36,,13,7,,,B
368299150,2024-08-21T07:00:11,24.45567,-81.87691,0.1,360.0,511.0,DREAM REACH,,WDN6447,36,,13,7,,,B
368299150,2024-08-21T07:02:12,24.45568,-81.87692,0.2,360.0,511.0,DREAM REACH,,WDN6447,36,,13,7,,,B
368299150,2024-08-21T07:05:13,24.45567,-81.87692,0.2,360.0,511.0,DREAM REACH,,WDN6447,36,,13,7,,,B
368299150,2024-08-21T07:08:14,24.45567,-81.87692,0.2,360.0,511.0,DREAM REACH,,WDN6447,36,,13,7,,,B
368299150,2024-08-21T07:14:11,24.45566,-81.87691,0.1,360.0,511.0,DREAM REACH,,WDN6447,36,,13,7,,,B
368299150,2024-08-21T07:20:12,24.45567,-81.87690,0.0,360.0,511.0,DREAM REACH,,WDN6447,36,,13,7,,,B
368299150,2024-08-21T07:23:14,24.45567,-81.87692,0.1,360.0,511.0,DREAM REACH,,WDN6447,36,,13,7,,,B
368299150,2024-08-21T07:26:13,24.45567,-81.87690,0.1,360.0,511.0,DREAM REACH,,WDN6447,36,,13,7,,,B
368299150,2024-08-21T07:29:14,24.45567,-81.87691,0.1,360.0,511.0,DREAM REACH,,WDN6447,36,,13,7,,,B
368299150,2024-08-21T07:32:12,24.45568,-81.87691,0.1,360.0,511.0,DREAM REACH,,WDN6447,36,,13,7,,,B
368299150,2024-08-21T07:35:13,24.45567,-81.87690,0.3,360.0,511.0,DREAM REACH,,WDN6447,36,,13,7,,,B
368299150,2024-08-21T07:38:12,24.45566,-81.87689,0.1,360.0,511.0,DREAM REACH,,WDN6447,36,,13,7,,,B
368299150,2024-08-21T07:41:12,24.45566,-81.87689,0.2,360.0,511.0,DREAM REACH,,WDN6447,36,,13,7,,,B
368299150,2024-08-21T07:44:11,24.45566,-81.87688,0.1,360.0,511.0,DREAM REACH,,WDN6447,36,,13,7,,,B
368299150,2024-08-21T07:50:13,24.45565,-81.87689,0.2,360.0,511.0,DREAM REACH,,WDN6447,36,,13,7,,,B
368299150,2024-08-21T07:57:12,24.45564,-81.87688,0.1,360.0,511.0,DREAM REACH,,WDN6447,36,,13,7,,,B
368299150,2024-08-21T07:59:14,24.45566,-81.87689,0.0,360.0,511.0,DREAM REACH,,WDN6447,36,,13,7,,,B
368299150,2024-08-21T08:05:12,24.45566,-81.87688,0.1,360.0,511.0,DREAM REACH,,WDN6447,36,,13,7,,,B
368299150,2024-08-21T08:08:12,24.45565,-81.87687,0.0,360.0,511.0,DREAM REACH,,WDN6447,36,,13,7,,,B
368299150,2024-08-21T08:11:10,24.45566,-81.87688,0.3,360.0,511.0,DREAM REACH,,WDN6447,36,,13,7,,,B
368299150,2024-08-21T08:17:13,24.45565,-81.87688,0.1,360.0,511.0,DREAM REACH,,WDN6447,36,,13,7,,,B
368299150,2024-08-21T08:23:13,24.45565,-81.87689,0.1,360.0,511.0,DREAM REACH,,WDN6447,36,,13,7,,,B
368299150,2024-08-21T08:26:12,24.45565,-81.87689,0.1,360.0,511.0,DREAM REACH,,WDN6447,36,,13,7,,,B
368299150,2024-08-21T08:29:12,24.45567,-81.87689,0.1,360.0,511.0,DREAM REACH,,WDN6447,36,,13,7,,,B
368299150,2024-08-21T08:35:13,24.45566,-81.87687,0.3,360.0,511.0,DREAM REACH,,WDN6447,36,,13,7,,,B
368299150,2024-08-21T08:38:12,24.45567,-81.87689,0.1,360.0,511.0,DREAM REACH,,WDN6447,36,,13,7,,,B
368299150,2024-08-21T08:41:12,24.45566,-81.87689,0.1,360.0,511.0,DREAM REACH,,WDN6447,36,,13,7,,,B
368299150,2024-08-21T08:44:12,24.45565,-81.87688,0.1,360.0,511.0,DREAM REACH,,WDN6447,36,,13,7,,,B
368299150,2024-08-21T08:50:14,24.45566,-81.87689,0.2,360.0,511.0,DREAM REACH,,WDN6447,36,,13,7,,,B
368299150,2024-08-21T08:53:14,24.45568,-81.87690,0.1,360.0,511.0,DREAM REACH,,WDN6447,36,,13,7,,,B
368299150,2024-08-21T08:56:11,24.45566,-81.87690,0.0,360.0,511.0,DREAM REACH,,WDN6447,36,,13,7,,,B
368299150,2024-08-21T08:59:11,24.45566,-81.87690,0.1,360.0,511.0,DREAM REACH,,WDN6447,36,,13,7,,,B
368299150,2024-08-21T09:02:13,24.45566,-81.87690,0.1,360.0,511.0,DREAM REACH,,WDN6447,36,,13,7,,,B
368299150,2024-08-21T09:08:13,24.45566,-81.87690,0.2,360.0,511.0,DREAM REACH,,WDN6447,36,,13,7,,,B
368299150,2024-08-21T09:11:14,24.45567,-81.87691,0.1,360.0,511.0,DREAM REACH,,WDN6447,36,,13,7,,,B
368299150,2024-08-21T09:17:12,24.45567,-81.87690,0.1,360.0,511.0,DREAM REACH,,WDN6447,36,,13,7,,,B
368299150,2024-08-21T09:20:11,24.45567,-81.87692,0.3,360.0,511.0,DREAM REACH,,WDN6447,36,,13,7,,,B
368299150,2024-08-21T09:23:14,24.45568,-81.87692,0.2,360.0,511.0,DREAM REACH,,WDN6447,36,,13,7,,,B
368299150,2024-08-21T09:29:10,24.45567,-81.87692,0.0,360.0,511.0,DREAM REACH,,WDN6447,36,,13,7,,,B
368299150,2024-08-21T09:35:14,24.45567,-81.87692,0.1,360.0,511.0,DREAM REACH,,WDN6447,36,,13,7,,,B
368299150,2024-08-21T09:38:13,24.45567,-81.87691,0.1,360.0,511.0,DREAM REACH,,WDN6447,36,,13,7,,,B
368299150,2024-08-21T09:41:14,24.45567,-81.87690,0.0,360.0,511.0,DREAM REACH,,WDN6447,36,,13,7,,,B
368299150,2024-08-21T09:44:11,24.45568,-81.87692,0.1,360.0,511.0,DREAM REACH,,WDN6447,36,,13,7,,,B
368299150,2024-08-21T09:47:14,24.45566,-81.87689,0.1,360.0,511.0,DREAM REACH,,WDN6447,36,,13,7,,,B
368299150,2024-08-21T09:50:13,24.45568,-81.87693,0.1,360.0,511.0,DREAM REACH,,WDN6447,36,,13,7,,,B
368299150,2024-08-21T09:53:12,24.45569,-81.87692,0.2,360.0,511.0,DREAM REACH,,WDN6447,36,,13,7,,,B
368299150,2024-08-21T10:02:12,24.45569,-81.87691,0.1,360.0,511.0,DREAM REACH,,WDN6447,36,,13,7,,,B
368299150,2024-08-21T10:05:12,24.45567,-81.87690,0.3,360.0,511.0,DREAM REACH,,WDN6447,36,,13,7,,,B
368299150,2024-08-21T10:08:11,24.45568,-81.87691,0.4,360.0,511.0,DREAM REACH,,WDN6447,36,,13,7,,,B
368299150,2024-08-21T10:11:13,24.45567,-81.87691,0.2,360.0,511.0,DREAM REACH,,WDN6447,36,,13,7,,,B
368299150,2024-08-21T10:14:11,24.45567,-81.87691,0.1,360.0,511.0,DREAM REACH,,WDN6447,36,,13,7,,,B
368299150,2024-08-21T10:20:12,24.45567,-81.87690,0.1,360.0,511.0,DREAM REACH,,WDN6447,36,,13,7,,,B
368299150,2024-08-21T10:23:10,24.45569,-81.87693,0.0,360.0,511.0,DREAM REACH,,WDN6447,36,,13,7,,,B
368299150,2024-08-21T10:29:13,24.45568,-81.87692,0.1,360.0,511.0,DREAM REACH,,WDN6447,36,,13,7,,,B
368299150,2024-08-21T10:31:14,24.45568,-81.87693,0.1,360.0,511.0,DREAM REACH,,WDN6447,36,,13,7,,,B
368299150,2024-08-21T10:35:12,24.45567,-81.87692,0.2,360.0,511.0,DREAM REACH,,WDN6447,36,,13,7,,,B
368299150,2024-08-21T10:38:14,24.45565,-81.87692,0.1,360.0,511.0,DREAM REACH,,WDN6447,36,,13,7,,,B
368299150,2024-08-21T10:44:11,24.45566,-81.87692,0.1,360.0,511.0,DREAM REACH,,WDN6447,36,,13,7,,,B
368299150,2024-08-21T10:47:13,24.45567,-81.87695,0.1,360.0,511.0,DREAM REACH,,WDN6447,36,,13,7,,,B
368299150,2024-08-21T10:50:12,24.45567,-81.87694,0.2,360.0,511.0,DREAM REACH,,WDN6447,36,,13,7,,,B
368299150,2024-08-21T10:53:13,24.45567,-81.87694,0.0,360.0,511.0,DREAM REACH,,WDN6447,36,,13,7,,,B
368299150,2024-08-21T10:56:11,24.45566,-81.87694,0.2,360.0,511.0,DREAM REACH,,WDN6447,36,,13,7,,,B
368299150,2024-08-21T11:02:12,24.45566,-81.87694,0.0,360.0,511.0,DREAM REACH,,WDN6447,36,,13,7,,,B
368299150,2024-08-21T11:05:10,24.45564,-81.87694,0.0,360.0,511.0,DREAM REACH,,WDN6447,36,,13,7,,,B
368299150,2024-08-21T11:08:11,24.45564,-81.87693,0.0,360.0,511.0,DREAM REACH,,WDN6447,36,,13,7,,,B
368299150,2024-08-21T11:11:14,24.45565,-81.87693,0.1,360.0,511.0,DREAM REACH,,WDN6447,36,,13,7,,,B
368299150,2024-08-21T11:14:14,24.45564,-81.87693,0.3,360.0,511.0,DREAM REACH,,WDN6447,36,,13,7,,,B
368299150,2024-08-21T11:20:13,24.45564,-81.87694,0.1,360.0,511.0,DREAM REACH,,WDN6447,36,,13,7,,,B
368299150,2024-08-21T11:23:11,24.45564,-81.87693,0.1,360.0,511.0,DREAM REACH,,WDN6447,36,,13,7,,,B
368299150,2024-08-21T12:37:41,24.45563,-81.87692,0.2,360.0,511.0,DREAM REACH,,WDN6447,36,,13,7,,,B
368299150,2024-08-21T12:40:42,24.45563,-81.87691,0.1,360.0,511.0,DREAM REACH,,WDN6447,36,,13,7,,,B
368299150,2024-08-21T12:49:43,24.45555,-81.87706,1.5,113.6,511.0,DREAM REACH,,WDN6447,36,,13,7,,,B
368299150,2024-08-21T12:50:44,24.45569,-81.87582,5.3,78.9,511.0,DREAM REACH,,WDN6447,36,,13,7,,,B
368299150,2024-08-21T12:52:44,24.45616,-81.87277,5.1,100.4,511.0,DREAM REACH,,WDN6447,36,,13,7,,,B
368299150,2024-08-21T12:55:13,24.45558,-81.86834,6.6,93.8,511.0,DREAM REACH,,WDN6447,36,,13,7,,,B
368299150,2024-08-21T12:56:43,24.45530,-81.86573,2.2,100.0,511.0,DREAM REACH,,WDN6447,36,,13,7,,,B
368299150,2024-08-21T12:58:43,24.45506,-81.86614,2.1,247.8,511.0,DREAM REACH,,WDN6447,36,,13,7,,,B
368299150,2024-08-21T13:00:13,24.45537,-81.86692,1.1,321.3,511.0,DREAM REACH,,WDN6447,36,,13,7,,,B
368299150,2024-08-21T13:01:43,24.45560,-81.86719,0.4,360.0,511.0,DREAM REACH,,WDN6447,36,,13,7,,,B
368299150,2024-08-21T13:03:14,24.45572,-81.86729,0.1,360.0,511.0,DREAM REACH,,WDN6447,36,,13,7,,,B
368299150,2024-08-21T13:05:43,24.45585,-81.86736,0.3,360.0,511.0,DREAM REACH,,WDN6447,36,,13,7,,,B
368299150,2024-08-21T13:11:10,24.45580,-81.86782,4.0,157.7,511.0,DREAM REACH,,WDN6447,36,,13,7,,,B
368299150,2024-08-21T13:12:40,24.45507,-81.86612,2.9,120.3,511.0,DREAM REACH,,WDN6447,36,,13,7,,,B
368299150,2024-08-21T13:14:10,24.45479,-81.86551,0.7,95.5,511.0,DREAM REACH,,WDN6447,36,,13,7,,,B
368299150,2024-08-21T13:15:43,24.45478,-81.86523,0.6,91.4,511.0,DREAM REACH,,WDN6447,36,,13,7,,,B
368299150,2024-08-21T13:22:09,24.45481,-81.86395,0.9,81.1,511.0,DREAM REACH,,WDN6447,36,,13,7,,,B
368299150,2024-08-21T13:28:08,24.45481,-81.86275,0.6,80.0,511.0,DREAM REACH,,WDN6447,36,,13,7,,,B
368299150,2024-08-21T13:34:08,24.45483,-81.86139,0.6,97.5,511.0,DREAM REACH,,WDN6447,36,,13,7,,,B
368299150,2024-08-21T13:37:09,24.45477,-81.86073,0.9,108.5,511.0,DREAM REACH,,WDN6447,36,,13,7,,,B
368299150,2024-08-21T13:40:09,24.45472,-81.86009,1.0,97.9,511.0,DREAM REACH,,WDN6447,36,,13,7,,,B
368299150,2024-08-21T13:43:08,24.45398,-81.85977,3.4,177.4,511.0,DREAM REACH,,WDN6447,36,,13,7,,,B
368299150,2024-08-21T13:45:08,24.45244,-81.85898,1.3,146.7,511.0,DREAM REACH,,WDN6447,36,,13,7,,,B
368299150,2024-08-21T13:46:36,24.45220,-81.85868,0.9,103.9,511.0,DREAM REACH,,WDN6447,36,,13,7,,,B
368123250,2024-08-28T12:39:05,24.46712,-81.88683,15.6,215.0,511.0,DAY SEA,,WDL3603,37,,22,6,,,B
368123250,2024-08-28T12:40:34,24.46270,-81.89195,15.6,237.1,511.0,DAY SEA,,WDL3603,37,,22,6,,,B
368123250,2024-08-28T12:42:04,24.45898,-81.89796,15.9,232.8,511.0,DAY SEA,,WDL3603,37,,22,6,,,B
367152990,2024-06-06T18:43:13,24.43814,-81.86170,9.6,248.8,511.0,RACHEL K GOODWIN,,WDH2125,90,0,14,18,3.0,90,A
367152990,2024-06-06T18:44:23,24.43693,-81.86475,9.2,248.2,511.0,RACHEL K GOODWIN,,WDH2125,90,0,14,18,3.0,90,A
367152990,2024-06-06T18:45:33,24.43595,-81.86784,9.1,250.3,511.0,RACHEL K GOODWIN,,WDH2125,90,0,14,18,3.0,90,A
367152990,2024-06-06T18:46:42,24.43493,-81.87080,9.1,249.4,511.0,RACHEL K GOODWIN,,WDH2125,90,0,14,18,3.0,90,A
367152990,2024-06-06T18:47:54,24.43396,-81.87388,9.0,253.9,511.0,RACHEL K GOODWIN,,WDH2125,90,0,14,18,3.0,90,A
367152990,2024-05-29T10:41:55,24.43290,-81.88627,9.2,71.8,511.0,RACHEL K GOODWIN,,WDH2125,90,0,14,18,3.0,90,A
367152990,2024-05-29T10:43:05,24.43390,-81.88323,9.2,70.4,511.0,RACHEL K GOODWIN,,WDH2125,90,0,14,18,3.0,90,A
367152990,2024-05-29T10:44:16,24.43489,-81.88006,9.1,72.3,511.0,RACHEL K GOODWIN,,WDH2125,90,0,14,18,3.0,90,A
367152990,2024-05-29T10:45:26,24.43585,-81.87696,9.2,71.9,511.0,RACHEL K GOODWIN,,WDH2125,90,0,14,18,3.0,90,A
367152990,2024-05-29T10:46:35,24.43679,-81.87394,9.2,72.0,511.0,RACHEL K GOODWIN,,WDH2125,90,0,14,18,3.0,90,A
367152990,2024-05-29T10:47:44,24.43773,-81.87082,9.2,71.9,511.0,RACHEL K GOODWIN,,WDH2125,90,0,14,18,3.0,90,A
367152990,2024-05-29T10:48:56,24.43876,-81.86769,9.2,70.2,511.0,RACHEL K GOODWIN,,WDH2125,90,0,14,18,3.0,90,A
367152990,2024-05-29T10:50:06,24.43973,-81.86452,9.3,71.6,511.0,RACHEL K GOODWIN,,WDH2125,90,0,14,18,3.0,90,A
367152990,2024-05-29T10:51:16,24.44072,-81.86140,9.3,71.2,511.0,RACHEL K GOODWIN,,WDH2125,90,0,14,18,3.0,90,A
367594230,2024-07-18T21:18:39,24.43640,-81.86804,9.5,262.6,511.0,CHARLOTTE V,IMO8968777,WDJ6919,52,0,23,8,3.1,52,A
367594230,2024-07-18T21:16:20,24.43673,-81.86139,9.5,260.6,511.0,CHARLOTTE V,IMO8968777,WDJ6919,52,0,23,8,3.1,52,A
367594230,2024-07-18T21:17:30,24.43641,-81.86469,9.5,268.0,511.0,CHARLOTTE V,IMO8968777,WDJ6919,52,0,23,8,3.1,52,A
367594230,2024-07-18T21:19:49,24.43643,-81.87135,9.6,275.4,511.0,CHARLOTTE V,IMO8968777,WDJ6919,52,0,23,8,3.1,52,A
367594230,2024-07-18T21:21:00,24.43591,-81.87470,9.5,245.7,511.0,CHARLOTTE V,IMO8968777,WDJ6919,52,0,23,8,3.1,52,A
367594230,2024-07-18T21:22:10,24.43478,-81.87776,9.5,255.9,511.0,CHARLOTTE V,IMO8968777,WDJ6919,52,0,23,8,3.1,52,A
367594230,2024-07-18T21:23:20,24.43363,-81.88087,9.5,246.8,511.0,CHARLOTTE V,IMO8968777,WDJ6919,52,0,23,8,3.1,52,A
367594230,2024-07-18T21:24:29,24.43317,-81.88414,9.6,267.3,511.0,CHARLOTTE V,IMO8968777,WDJ6919,52,0,23,8,3.1,52,A
367594230,2024-07-18T21:25:30,24.43268,-81.88703,9.6,249.7,511.0,CHARLOTTE V,IMO8968777,WDJ6919,52,0,23,8,3.1,52,A
367152990,2024-06-06T18:42:04,24.43932,-81.85869,9.5,248.7,511.0,RACHEL K GOODWIN,,WDH2125,90,0,14,18,3.0,90,A
367572780,2024-05-22T12:37:17,24.46652,-81.89577,7.1,232.2,224.0,EMERALD LADY,,WDG7977,37,,25,6,,,B
367572780,2024-05-22T12:38:18,24.46538,-81.89735,7.1,231.5,222.0,EMERALD LADY,,WDG7977,37,,25,6,,,B
367486580,2024-06-23T16:18:23,24.44038,-81.85919,2.9,249.3,511.0,NOBODY HOME,,WDJ6591,37,,12,6,,,B
367486580,2024-06-23T16:19:54,24.43993,-81.86052,3.1,252.2,511.0,NOBODY HOME,,WDJ6591,37,,12,6,,,B
367486580,2024-06-23T16:21:23,24.43950,-81.86184,3.6,258.6,511.0,NOBODY HOME,,WDJ6591,37,,12,6,,,B
367486580,2024-06-23T16:22:54,24.43901,-81.86326,3.7,249.6,511.0,NOBODY HOME,,WDJ6591,37,,12,6,,,B
367486580,2024-06-23T16:24:23,24.43855,-81.86472,3.8,252.5,511.0,NOBODY HOME,,WDJ6591,37,,12,6,,,B
367486580,2024-06-23T16:26:22,24.43784,-81.86688,4.1,249.6,511.0,NOBODY HOME,,WDJ6591,37,,12,6,,,B
367486580,2024-06-23T16:27:55,24.43736,-81.86845,3.3,253.0,511.0,NOBODY HOME,,WDJ6591,37,,12,6,,,B
367486580,2024-06-23T16:29:22,24.43695,-81.86978,3.6,251.6,511.0,NOBODY HOME,,WDJ6591,37,,12,6,,,B
367486580,2024-06-23T16:30:55,24.43642,-81.87141,3.8,249.7,511.0,NOBODY HOME,,WDJ6591,37,,12,6,,,B
367486580,2024-06-23T16:32:22,24.43590,-81.87299,4.0,249.7,511.0,NOBODY HOME,,WDJ6591,37,,12,6,,,B
367486580,2024-06-23T16:34:22,24.43521,-81.87513,3.7,251.8,511.0,NOBODY HOME,,WDJ6591,37,,12,6,,,B
367486580,2024-06-23T16:35:53,24.43467,-81.87679,3.6,250.4,511.0,NOBODY HOME,,WDJ6591,37,,12,6,,,B
367486580,2024-06-23T16:37:22,24.43407,-81.87857,4.7,249.9,511.0,NOBODY HOME,,WDJ6591,37,,12,6,,,B
367486580,2024-06-23T16:38:53,24.43407,-81.88053,4.0,275.3,511.0,NOBODY HOME,,WDJ6591,37,,12,6,,,B
367486580,2024-06-23T16:40:24,24.43430,-81.88255,4.5,277.8,511.0,NOBODY HOME,,WDJ6591,37,,12,6,,,B
367486580,2024-06-23T16:42:24,24.43456,-81.88534,4.9,271.8,511.0,NOBODY HOME,,WDJ6591,37,,12,6,,,B
367486580,2024-06-23T16:44:24,24.43475,-81.88804,4.5,275.4,511.0,NOBODY HOME,,WDJ6591,37,,12,6,,,B
367486580,2024-06-23T16:46:24,24.43500,-81.89077,4.4,276.5,511.0,NOBODY HOME,,WDJ6591,37,,12,6,,,B
367486580,2024-06-23T16:47:53,24.43463,-81.89261,3.9,252.9,511.0,NOBODY HOME,,WDJ6591,37,,12,6,,,B
367486580,2024-06-23T16:49:24,24.43407,-81.89447,4.4,254.1,511.0,NOBODY HOME,,WDJ6591,37,,12,6,,,B
367486580,2024-06-23T16:50:53,24.43350,-81.89633,4.4,251.7,511.0,NOBODY HOME,,WDJ6591,37,,12,6,,,B
338454412,2024-06-24T14:34:43,24.46610,-81.87727,30.1,183.2,511.0,OFF WE GO,,,37,,0,0,,,B
338454412,2024-06-24T14:35:48,24.45914,-81.87816,6.0,191.8,511.0,OFF WE GO,,,37,,0,0,,,B
338454412,2024-06-24T14:37:13,24.45690,-81.87875,5.7,190.2,511.0,OFF WE GO,,,37,,0,0,,,B
338454412,2024-06-24T14:38:28,24.45486,-81.87906,5.8,185.0,511.0,OFF WE GO,,,37,,0,0,,,B
338454412,2024-06-24T14:39:55,24.45260,-81.87919,3.7,181.8,511.0,OFF WE GO,,,37,,0,0,,,B
338454412,2024-06-24T14:41:55,24.45180,-81.87912,0.4,360.0,511.0,OFF WE GO,,,37,,0,0,,,B
338454412,2024-06-24T14:44:28,24.45189,-81.87909,0.3,360.0,511.0,OFF WE GO,,,37,,0,0,,,B
338454412,2024-06-24T14:47:42,24.45193,-81.87915,0.1,360.0,511.0,OFF WE GO,,,37,,0,0,,,B
338454412,2024-06-24T14:50:36,24.45193,-81.87920,0.1,360.0,511.0,OFF WE GO,,,37,,0,0,,,B
338454412,2024-06-24T14:53:39,24.45194,-81.87920,0.1,360.0,511.0,OFF WE GO,,,37,,0,0,,,B
338454412,2024-06-24T14:56:22,24.45194,-81.87921,0.2,360.0,511.0,OFF WE GO,,,37,,0,0,,,B
338454412,2024-06-24T14:59:28,24.45194,-81.87917,0.5,360.0,511.0,OFF WE GO,,,37,,0,0,,,B
338454412,2024-06-24T15:02:35,24.45194,-81.87921,0.0,360.0,511.0,OFF WE GO,,,37,,0,0,,,B
338454412,2024-06-24T15:05:44,24.45195,-81.87922,0.7,305.9,511.0,OFF WE GO,,,37,,0,0,,,B
338454412,2024-06-24T15:08:23,24.45194,-81.87923,0.1,360.0,511.0,OFF WE GO,,,37,,0,0,,,B
338454412,2024-06-24T15:11:12,24.45195,-81.87923,0.0,360.0,511.0,OFF WE GO,,,37,,0,0,,,B
338454412,2024-06-24T15:12:44,24.45195,-81.87922,0.0,360.0,511.0,OFF WE GO,,,37,,0,0,,,B
338454412,2024-06-24T15:22:02,24.45194,-81.87925,0.0,360.0,511.0,OFF WE GO,,,37,,0,0,,,B
338454412,2024-06-24T15:25:19,24.45193,-81.87917,0.2,360.0,511.0,OFF WE GO,,,37,,0,0,,,B
338454412,2024-06-24T15:33:55,24.45191,-81.87915,0.0,360.0,511.0,OFF WE GO,,,37,,0,0,,,B
338454412,2024-06-24T15:37:16,24.45191,-81.87913,0.2,360.0,511.0,OFF WE GO,,,37,,0,0,,,B
338454412,2024-06-24T15:39:59,24.45191,-81.87912,0.2,360.0,511.0,OFF WE GO,,,37,,0,0,,,B
338454412,2024-06-24T15:43:15,24.45189,-81.87910,0.3,360.0,511.0,OFF WE GO,,,37,,0,0,,,B
338454412,2024-06-24T15:49:23,24.45191,-81.87913,0.1,360.0,511.0,OFF WE GO,,,37,,0,0,,,B
338454412,2024-06-24T15:52:16,24.45193,-81.87915,0.4,360.0,511.0,OFF WE GO,,,37,,0,0,,,B
338454412,2024-06-24T15:55:27,24.45192,-81.87911,0.2,360.0,511.0,OFF WE GO,,,37,,0,0,,,B
338454412,2024-06-24T16:00:59,24.45192,-81.87917,0.1,360.0,511.0,OFF WE GO,,,37,,0,0,,,B
338454412,2024-06-24T16:04:11,24.45191,-81.87920,0.1,360.0,511.0,OFF WE GO,,,37,,0,0,,,B
338454412,2024-06-24T16:13:22,24.45193,-81.87917,0.2,360.0,511.0,OFF WE GO,,,37,,0,0,,,B
338454412,2024-06-24T16:19:16,24.45193,-81.87917,0.1,360.0,511.0,OFF WE GO,,,37,,0,0,,,B
338454412,2024-06-24T16:25:24,24.45191,-81.87911,0.0,360.0,511.0,OFF WE GO,,,37,,0,0,,,B
338454412,2024-06-24T16:30:59,24.45193,-81.87917,0.4,360.0,511.0,OFF WE GO,,,37,,0,0,,,B
338454412,2024-06-24T16:33:56,24.45194,-81.87917,0.1,360.0,511.0,OFF WE GO,,,37,,0,0,,,B
338454412,2024-06-24T16:40:20,24.45191,-81.87917,0.1,360.0,511.0,OFF WE GO,,,37,,0,0,,,B
338454412,2024-06-24T16:43:14,24.45187,-81.87909,0.1,360.0,511.0,OFF WE GO,,,37,,0,0,,,B
338454412,2024-06-24T16:46:14,24.45185,-81.87907,0.1,360.0,511.0,OFF WE GO,,,37,,0,0,,,B
338454412,2024-06-24T16:49:04,24.45191,-81.87915,0.1,360.0,511.0,OFF WE GO,,,37,,0,0,,,B
338454412,2024-06-24T16:51:54,24.45193,-81.87917,0.4,360.0,511.0,OFF WE GO,,,37,,0,0,,,B
338454412,2024-06-24T16:55:22,24.45194,-81.87918,0.3,360.0,511.0,OFF WE GO,,,37,,0,0,,,B
338454412,2024-06-24T16:58:15,24.45190,-81.87913,0.2,360.0,511.0,OFF WE GO,,,37,,0,0,,,B
338454412,2024-06-24T17:04:23,24.45192,-81.87915,0.0,360.0,511.0,OFF WE GO,,,37,,0,0,,,B
338454412,2024-06-24T17:07:29,24.45190,-81.87915,0.0,360.0,511.0,OFF WE GO,,,37,,0,0,,,B
338454412,2024-06-24T17:13:53,24.45193,-81.87914,0.0,360.0,511.0,OFF WE GO,,,37,,0,0,,,B
338454412,2024-06-24T17:15:53,24.45190,-81.87909,0.1,360.0,511.0,OFF WE GO,,,37,,0,0,,,B
338454412,2024-06-24T17:21:34,24.45190,-81.87911,0.0,360.0,511.0,OFF WE GO,,,37,,0,0,,,B
338454412,2024-06-24T17:24:36,24.45189,-81.87912,0.0,360.0,511.0,OFF WE GO,,,37,,0,0,,,B
338454412,2024-06-24T17:27:05,24.45189,-81.87913,0.3,360.0,511.0,OFF WE GO,,,37,,0,0,,,B
338454412,2024-06-24T17:30:19,24.45190,-81.87911,0.2,360.0,511.0,OFF WE GO,,,37,,0,0,,,B
338454412,2024-06-24T17:33:11,24.45190,-81.87913,0.2,360.0,511.0,OFF WE GO,,,37,,0,0,,,B
338454412,2024-06-24T17:36:24,24.45192,-81.87917,0.5,360.0,511.0,OFF WE GO,,,37,,0,0,,,B
338454412,2024-06-24T17:39:03,24.45191,-81.87920,0.2,360.0,511.0,OFF WE GO,,,37,,0,0,,,B
338454412,2024-06-24T17:42:17,24.45191,-81.87920,0.1,360.0,511.0,OFF WE GO,,,37,,0,0,,,B
338454412,2024-06-24T17:45:37,24.45187,-81.87908,0.2,360.0,511.0,OFF WE GO,,,37,,0,0,,,B
338454412,2024-06-24T17:48:21,24.45191,-81.87911,0.1,360.0,511.0,OFF WE GO,,,37,,0,0,,,B
338454412,2024-06-24T17:51:33,24.45193,-81.87921,0.2,360.0,511.0,OFF WE GO,,,37,,0,0,,,B
338454412,2024-06-24T17:54:30,24.45195,-81.87920,0.2,360.0,511.0,OFF WE GO,,,37,,0,0,,,B
338454412,2024-06-24T17:56:01,24.45191,-81.87912,0.0,360.0,511.0,OFF WE GO,,,37,,0,0,,,B
338454412,2024-06-24T17:59:33,24.45188,-81.87904,0.1,360.0,511.0,OFF WE GO,,,37,,0,0,,,B
338454412,2024-06-24T18:02:18,24.45202,-81.87926,2.6,293.1,511.0,OFF WE GO,,,37,,0,0,,,B
338454412,2024-06-24T18:03:50,24.45349,-81.88066,5.1,0.2,511.0,OFF WE GO,,,37,,0,0,,,B
338454412,2024-06-24T18:05:18,24.45550,-81.88020,4.7,351.5,511.0,OFF WE GO,,,37,,0,0,,,B
338454412,2024-06-24T18:06:50,24.45766,-81.88033,5.0,11.6,511.0,OFF WE GO,,,37,,0,0,,,B
338454412,2024-06-24T18:08:18,24.45969,-81.88055,5.2,342.2,511.0,OFF WE GO,,,37,,0,0,,,B
338454412,2024-06-24T18:10:50,24.46310,-81.87925,5.7,40.5,511.0,OFF WE GO,,,37,,0,0,,,B
338454412,2024-06-24T18:12:50,24.46526,-81.87664,5.8,47.9,511.0,OFF WE GO,,,37,,0,0,,,B
338454412,2024-06-24T18:14:20,24.46707,-81.87494,5.7,49.4,511.0,OFF WE GO,,,37,,0,0,,,B
368069910,2024-07-30T16:15:00,24.45979,-81.86994,10.5,172.5,511.0,MIRRACLE,,WDK5960,37,,29,5,,,B
368069910,2024-07-30T16:17:02,24.45383,-81.86972,11.0,181.0,511.0,MIRRACLE,,WDK5960,37,,29,5,,,B
368069910,2024-07-30T16:20:01,24.44834,-81.87650,8.2,276.5,511.0,MIRRACLE,,WDK5960,37,,29,5,,,B
368069910,2024-07-30T16:23:00,24.45022,-81.87779,4.1,310.0,511.0,MIRRACLE,,WDK5960,37,,29,5,,,B
368069910,2024-07-30T16:25:00,24.45158,-81.87998,1.6,360.0,511.0,MIRRACLE,,WDK5960,37,,29,5,,,B
368069910,2024-07-30T16:26:02,24.45163,-81.87998,0.9,360.0,511.0,MIRRACLE,,WDK5960,37,,29,5,,,B
368069910,2024-07-30T16:37:56,24.45165,-81.87993,0.5,360.0,511.0,MIRRACLE,,WDK5960,37,,29,5,,,B
368069910,2024-07-30T17:26:18,24.45157,-81.87999,0.9,360.0,511.0,MIRRACLE,,WDK5960,37,,29,5,,,B
368069910,2024-07-30T18:04:03,24.45164,-81.87991,0.2,360.0,511.0,MIRRACLE,,WDK5960,37,,29,5,,,B
368069910,2024-07-30T18:14:54,24.45187,-81.87979,0.7,360.0,511.0,MIRRACLE,,WDK5960,37,,29,5,,,B
368069910,2024-07-30T18:23:23,24.45165,-81.87990,0.4,360.0,511.0,MIRRACLE,,WDK5960,37,,29,5,,,B
368069910,2024-07-30T18:38:20,24.45174,-81.87994,2.0,283.5,511.0,MIRRACLE,,WDK5960,37,,29,5,,,B
368069910,2024-07-30T19:00:39,24.45163,-81.88002,1.8,360.0,511.0,MIRRACLE,,WDK5960,37,,29,5,,,B
368069910,2024-07-30T19:04:39,24.45169,-81.87998,0.2,360.0,511.0,MIRRACLE,,WDK5960,37,,29,5,,,B
368069910,2024-07-30T19:11:39,24.45170,-81.87991,0.3,360.0,511.0,MIRRACLE,,WDK5960,37,,29,5,,,B
368069910,2024-07-30T19:19:31,24.45168,-81.87999,0.3,360.0,511.0,MIRRACLE,,WDK5960,37,,29,5,,,B
368069910,2024-07-30T19:22:31,24.45171,-81.87993,1.5,360.0,511.0,MIRRACLE,,WDK5960,37,,29,5,,,B
378112137,2024-08-31T11:12:03,24.44238,-81.85947,19.6,250.9,511.0,PERCAL,,ZJL9109,37,,0,0,,,B
378112137,2024-08-31T11:13:04,24.44039,-81.86518,19.1,248.8,511.0,PERCAL,,ZJL9109,37,,0,0,,,B
338185709,2024-09-01T14:57:54,24.46734,-81.87859,16.4,224.2,511.0,PLUGGER,,,37,,14,5,,,B
338185709,2024-09-01T14:58:56,24.46353,-81.88158,16.1,212.1,511.0,PLUGGER,,,37,,14,5,,,B
338185709,2024-09-01T15:00:24,24.45770,-81.88507,15.7,206.9,511.0,PLUGGER,,,37,,14,5,,,B
338185709,2024-09-01T15:01:25,24.45382,-81.88743,15.4,200.2,511.0,PLUGGER,,,37,,14,5,,,B
338185709,2024-09-01T15:02:57,24.44717,-81.88969,15.6,195.8,511.0,PLUGGER,,,37,,14,5,,,B
338185709,2024-09-01T20:20:55,24.44493,-81.89246,17.6,25.9,511.0,PLUGGER,,,37,,14,5,,,B
338185709,2024-09-01T20:22:23,24.45140,-81.88928,18.4,30.6,511.0,PLUGGER,,,37,,14,5,,,B
338185709,2024-09-01T20:25:22,24.46432,-81.88146,17.9,38.8,511.0,PLUGGER,,,37,,14,5,,,B
378112137,2024-08-31T11:14:33,24.43775,-81.87344,19.4,243.4,511.0,PERCAL,,ZJL9109,37,,0,0,,,B
378112137,2024-08-31T11:15:34,24.43582,-81.87911,19.2,249.9,511.0,PERCAL,,ZJL9109,37,,0,0,,,B
338185709,2024-09-01T15:04:24,24.44117,-81.89231,16.0,203.8,511.0,PLUGGER,,,37,,14,5,,,B
338185709,2024-09-01T15:05:25,24.43786,-81.89410,10.5,202.7,511.0,PLUGGER,,,37,,14,5,,,B
338185709,2024-09-01T15:06:26,24.43679,-81.89405,0.9,144.0,511.0,PLUGGER,,,37,,14,5,,,B
338185709,2024-09-01T15:07:56,24.43702,-81.89381,0.8,16.5,511.0,PLUGGER,,,37,,14,5,,,B
338185709,2024-09-01T15:09:27,24.43747,-81.89363,1.5,349.7,511.0,PLUGGER,,,37,,14,5,,,B
338185709,2024-09-01T15:10:54,24.43705,-81.89410,7.9,279.5,511.0,PLUGGER,,,37,,14,5,,,B
338185709,2024-09-01T15:11:55,24.43709,-81.89561,3.6,167.2,511.0,PLUGGER,,,37,,14,5,,,B
338185709,2024-09-01T15:13:24,24.43708,-81.89552,1.2,22.3,511.0,PLUGGER,,,37,,14,5,,,B
338185709,2024-09-01T15:14:54,24.43718,-81.89536,3.1,37.5,511.0,PLUGGER,,,37,,14,5,,,B
338185709,2024-09-01T15:15:56,24.43744,-81.89526,0.6,68.8,511.0,PLUGGER,,,37,,14,5,,,B
338185709,2024-09-01T15:17:25,24.43743,-81.89526,0.5,261.5,511.0,PLUGGER,,,37,,14,5,,,B
338185709,2024-09-01T15:18:55,24.43743,-81.89522,0.3,143.6,511.0,PLUGGER,,,37,,14,5,,,B
338185709,2024-09-01T15:20:24,24.43743,-81.89523,0.9,5.0,511.0,PLUGGER,,,37,,14,5,,,B
338185709,2024-09-01T15:21:26,24.43743,-81.89522,1.4,43.6,511.0,PLUGGER,,,37,,14,5,,,B
338185709,2024-09-01T15:22:55,24.43742,-81.89520,1.2,172.8,511.0,PLUGGER,,,37,,14,5,,,B
338185709,2024-09-01T15:24:24,24.43743,-81.89521,0.6,231.9,511.0,PLUGGER,,,37,,14,5,,,B
338185709,2024-09-01T15:25:57,24.43743,-81.89522,1.7,255.3,511.0,PLUGGER,,,37,,14,5,,,B
338185709,2024-09-01T15:27:54,24.43744,-81.89524,1.5,83.1,511.0,PLUGGER,,,37,,14,5,,,B
338185709,2024-09-01T15:29:54,24.43743,-81.89521,0.1,321.1,511.0,PLUGGER,,,37,,14,5,,,B
338185709,2024-09-01T15:31:24,24.43742,-81.89523,0.7,115.1,511.0,PLUGGER,,,37,,14,5,,,B
338185709,2024-09-01T15:33:25,24.43744,-81.89525,1.4,260.1,511.0,PLUGGER,,,37,,14,5,,,B
338185709,2024-09-01T15:34:26,24.43744,-81.89529,1.2,232.4,511.0,PLUGGER,,,37,,14,5,,,B
338185709,2024-09-01T15:35:54,24.43745,-81.89527,1.0,174.5,511.0,PLUGGER,,,37,,14,5,,,B
338185709,2024-09-01T15:37:21,24.43744,-81.89524,1.3,130.1,511.0,PLUGGER,,,37,,14,5,,,B
338185709,2024-09-01T15:38:22,24.43743,-81.89524,0.4,95.5,511.0,PLUGGER,,,37,,14,5,,,B
338185709,2024-09-01T15:39:51,24.43743,-81.89523,0.4,357.2,511.0,PLUGGER,,,37,,14,5,,,B
338185709,2024-09-01T15:41:19,24.43742,-81.89521,0.3,171.8,511.0,PLUGGER,,,37,,14,5,,,B
338185709,2024-09-01T15:42:50,24.43741,-81.89516,1.6,210.0,511.0,PLUGGER,,,37,,14,5,,,B
338185709,2024-09-01T15:44:49,24.43742,-81.89517,0.3,207.2,511.0,PLUGGER,,,37,,14,5,,,B
338185709,2024-09-01T15:45:50,24.43743,-81.89521,0.8,64.2,511.0,PLUGGER,,,37,,14,5,,,B
338185709,2024-09-01T15:47:20,24.43742,-81.89518,0.7,142.1,511.0,PLUGGER,,,37,,14,5,,,B
338185709,2024-09-01T15:48:50,24.43743,-81.89519,0.4,232.8,511.0,PLUGGER,,,37,,14,5,,,B
338185709,2024-09-01T15:50:20,24.43744,-81.89521,1.3,272.8,511.0,PLUGGER,,,37,,14,5,,,B
338185709,2024-09-01T15:51:49,24.43743,-81.89521,0.1,202.7,511.0,PLUGGER,,,37,,14,5,,,B
338185709,2024-09-01T15:54:17,24.43743,-81.89522,0.9,41.8,511.0,PLUGGER,,,37,,14,5,,,B
338185709,2024-09-01T15:55:47,24.43743,-81.89521,1.2,29.0,511.0,PLUGGER,,,37,,14,5,,,B
338185709,2024-09-01T15:57:16,24.43743,-81.89521,1.5,206.8,511.0,PLUGGER,,,37,,14,5,,,B
338185709,2024-09-01T15:59:15,24.43743,-81.89520,1.5,288.6,511.0,PLUGGER,,,37,,14,5,,,B
338185709,2024-09-01T16:00:15,24.43742,-81.89518,1.4,234.2,511.0,PLUGGER,,,37,,14,5,,,B
338185709,2024-09-01T16:01:45,24.43743,-81.89518,0.1,155.1,511.0,PLUGGER,,,37,,14,5,,,B
338185709,2024-09-01T16:02:49,24.43742,-81.89517,0.6,61.5,511.0,PLUGGER,,,37,,14,5,,,B
338185709,2024-09-01T16:04:15,24.43742,-81.89518,0.6,196.2,511.0,PLUGGER,,,37,,14,5,,,B
338185709,2024-09-01T16:06:14,24.43742,-81.89518,1.4,66.1,511.0,PLUGGER,,,37,,14,5,,,B
338185709,2024-09-01T16:07:15,24.43743,-81.89519,2.4,50.5,511.0,PLUGGER,,,37,,14,5,,,B
338185709,2024-09-01T16:09:15,24.43742,-81.89517,0.9,127.2,511.0,PLUGGER,,,37,,14,5,,,B
338185709,2024-09-01T16:10:44,24.43742,-81.89517,0.3,285.8,511.0,PLUGGER,,,37,,14,5,,,B
338185709,2024-09-01T16:12:14,24.43743,-81.89519,1.5,80.8,511.0,PLUGGER,,,37,,14,5,,,B
338185709,2024-09-01T16:13:16,24.43743,-81.89517,0.4,10.4,511.0,PLUGGER,,,37,,14,5,,,B
338185709,2024-09-01T16:14:44,24.43742,-81.89516,0.2,40.5,511.0,PLUGGER,,,37,,14,5,,,B
338185709,2024-09-01T16:15:47,24.43742,-81.89516,1.5,55.6,511.0,PLUGGER,,,37,,14,5,,,B
338185709,2024-09-01T16:17:15,24.43741,-81.89514,0.8,339.2,511.0,PLUGGER,,,37,,14,5,,,B
338185709,2024-09-01T16:18:16,24.43741,-81.89514,0.5,47.1,511.0,PLUGGER,,,37,,14,5,,,B
338185709,2024-09-01T16:19:45,24.43740,-81.89512,1.3,217.7,511.0,PLUGGER,,,37,,14,5,,,B
338185709,2024-09-01T16:21:15,24.43740,-81.89511,1.8,168.4,511.0,PLUGGER,,,37,,14,5,,,B
338185709,2024-09-01T16:22:17,24.43740,-81.89511,0.4,119.1,511.0,PLUGGER,,,37,,14,5,,,B
338185709,2024-09-01T16:24:16,24.43741,-81.89517,0.9,325.9,511.0,PLUGGER,,,37,,14,5,,,B
338185709,2024-09-01T16:25:44,24.43741,-81.89517,1.0,195.0,511.0,PLUGGER,,,37,,14,5,,,B
338185709,2024-09-01T16:27:15,24.43741,-81.89516,0.8,113.4,511.0,PLUGGER,,,37,,14,5,,,B
338185709,2024-09-01T16:28:17,24.43741,-81.89516,0.8,154.5,511.0,PLUGGER,,,37,,14,5,,,B
338185709,2024-09-01T16:30:40,24.43740,-81.89514,2.7,277.1,511.0,PLUGGER,,,37,,14,5,,,B
338185709,2024-09-01T16:31:43,24.43741,-81.89513,0.5,68.1,511.0,PLUGGER,,,37,,14,5,,,B
338185709,2024-09-01T16:33:10,24.43741,-81.89514,1.0,309.5,511.0,PLUGGER,,,37,,14,5,,,B
338185709,2024-09-01T16:34:41,24.43740,-81.89514,1.0,174.8,511.0,PLUGGER,,,37,,14,5,,,B
338185709,2024-09-01T16:36:40,24.43742,-81.89518,0.3,341.1,511.0,PLUGGER,,,37,,14,5,,,B
338185709,2024-09-01T16:39:05,24.43742,-81.89521,0.3,124.6,511.0,PLUGGER,,,37,,14,5,,,B
338185709,2024-09-01T16:40:35,24.43741,-81.89516,0.6,67.4,511.0,PLUGGER,,,37,,14,5,,,B
338185709,2024-09-01T16:41:38,24.43742,-81.89517,1.7,60.2,511.0,PLUGGER,,,37,,14,5,,,B
338185709,2024-09-01T16:43:05,24.43741,-81.89514,0.9,138.2,511.0,PLUGGER,,,37,,14,5,,,B
338185709,2024-09-01T16:44:06,24.43741,-81.89514,0.7,29.5,511.0,PLUGGER,,,37,,14,5,,,B
338185709,2024-09-01T16:45:35,24.43739,-81.89511,1.3,245.9,511.0,PLUGGER,,,37,,14,5,,,B
338185709,2024-09-01T16:47:31,24.43741,-81.89515,0.6,299.1,511.0,PLUGGER,,,37,,14,5,,,B
338185709,2024-09-01T16:49:31,24.43741,-81.89515,0.1,90.3,511.0,PLUGGER,,,37,,14,5,,,B
338185709,2024-09-01T16:51:01,24.43742,-81.89517,0.3,319.5,511.0,PLUGGER,,,37,,14,5,,,B
338185709,2024-09-01T16:53:01,24.43741,-81.89514,0.6,166.5,511.0,PLUGGER,,,37,,14,5,,,B
338185709,2024-09-01T16:54:33,24.43741,-81.89516,0.5,5.1,511.0,PLUGGER,,,37,,14,5,,,B
338185709,2024-09-01T16:56:31,24.43741,-81.89516,0.7,53.4,511.0,PLUGGER,,,37,,14,5,,,B
338185709,2024-09-01T16:58:03,24.43741,-81.89517,1.2,18.9,511.0,PLUGGER,,,37,,14,5,,,B
338185709,2024-09-01T17:00:03,24.43743,-81.89521,1.0,76.3,511.0,PLUGGER,,,37,,14,5,,,B
338185709,2024-09-01T17:02:01,24.43742,-81.89517,0.8,75.3,511.0,PLUGGER,,,37,,14,5,,,B
338185709,2024-09-01T17:03:04,24.43742,-81.89517,0.2,87.5,511.0,PLUGGER,,,37,,14,5,,,B
338185709,2024-09-01T17:04:31,24.43741,-81.89515,0.5,54.5,511.0,PLUGGER,,,37,,14,5,,,B
338185709,2024-09-01T17:06:01,24.43741,-81.89515,0.9,20.2,511.0,PLUGGER,,,37,,14,5,,,B
338185709,2024-09-01T17:07:02,24.43741,-81.89516,0.4,342.8,511.0,PLUGGER,,,37,,14,5,,,B
338185709,2024-09-01T17:10:02,24.43742,-81.89518,1.6,347.4,511.0,PLUGGER,,,37,,14,5,,,B
338185709,2024-09-01T17:11:31,24.43742,-81.89517,0.5,206.5,511.0,PLUGGER,,,37,,14,5,,,B
338185709,2024-09-01T17:13:31,24.43742,-81.89518,0.4,291.1,511.0,PLUGGER,,,37,,14,5,,,B
338185709,2024-09-01T17:16:32,24.43743,-81.89519,1.0,268.5,511.0,PLUGGER,,,37,,14,5,,,B
338185709,2024-09-01T17:17:57,24.43743,-81.89521,2.9,266.3,511.0,PLUGGER,,,37,,14,5,,,B
338185709,2024-09-01T17:18:59,24.43743,-81.89519,0.1,337.1,511.0,PLUGGER,,,37,,14,5,,,B
338185709,2024-09-01T17:20:28,24.43742,-81.89519,0.4,160.1,511.0,PLUGGER,,,37,,14,5,,,B
338185709,2024-09-01T17:21:58,24.43741,-81.89514,0.8,335.4,511.0,PLUGGER,,,37,,14,5,,,B
338185709,2024-09-01T17:23:28,24.43740,-81.89515,0.3,168.7,511.0,PLUGGER,,,37,,14,5,,,B
338185709,2024-09-01T17:24:56,24.43740,-81.89514,0.6,100.8,511.0,PLUGGER,,,37,,14,5,,,B
338185709,2024-09-01T17:26:56,24.43740,-81.89514,0.7,262.7,511.0,PLUGGER,,,37,,14,5,,,B
338185709,2024-09-01T17:28:27,24.43739,-81.89511,0.6,77.3,511.0,PLUGGER,,,37,,14,5,,,B
338185709,2024-09-01T17:29:28,24.43740,-81.89513,0.5,190.9,511.0,PLUGGER,,,37,,14,5,,,B
338185709,2024-09-01T17:30:56,24.43741,-81.89515,0.4,213.6,511.0,PLUGGER,,,37,,14,5,,,B
338185709,2024-09-01T17:34:57,24.43741,-81.89513,0.4,42.7,511.0,PLUGGER,,,37,,14,5,,,B
338185709,2024-09-01T17:36:52,24.43739,-81.89510,0.6,68.4,511.0,PLUGGER,,,37,,14,5,,,B
338185709,2024-09-01T17:38:22,24.43739,-81.89510,1.3,20.1,511.0,PLUGGER,,,37,,14,5,,,B
338185709,2024-09-01T17:39:24,24.43738,-81.89509,0.8,42.0,511.0,PLUGGER,,,37,,14,5,,,B
338185709,2024-09-01T17:40:52,24.43739,-81.89507,1.2,283.5,511.0,PLUGGER,,,37,,14,5,,,B
338185709,2024-09-01T17:41:53,24.43740,-81.89511,1.4,30.5,511.0,PLUGGER,,,37,,14,5,,,B
338185709,2024-09-01T17:43:19,24.43740,-81.89512,0.3,141.8,511.0,PLUGGER,,,37,,14,5,,,B
338185709,2024-09-01T17:44:47,24.43738,-81.89507,0.6,95.0,511.0,PLUGGER,,,37,,14,5,,,B
338185709,2024-09-01T17:45:50,24.43738,-81.89507,0.6,39.4,511.0,PLUGGER,,,37,,14,5,,,B
338185709,2024-09-01T17:49:19,24.43737,-81.89506,0.3,104.4,511.0,PLUGGER,,,37,,14,5,,,B
338185709,2024-09-01T17:52:14,24.43739,-81.89507,1.6,332.4,511.0,PLUGGER,,,37,,14,5,,,B
338185709,2024-09-01T17:54:15,24.43737,-81.89507,0.5,294.4,511.0,PLUGGER,,,37,,14,5,,,B
338185709,2024-09-01T17:55:16,24.43738,-81.89507,0.1,27.8,511.0,PLUGGER,,,37,,14,5,,,B
338185709,2024-09-01T17:59:44,24.43736,-81.89507,2.0,131.5,511.0,PLUGGER,,,37,,14,5,,,B
338185709,2024-09-01T18:00:15,24.43737,-81.89505,0.5,188.9,511.0,PLUGGER,,,37,,14,5,,,B
338185709,2024-09-01T18:01:44,24.43738,-81.89508,1.6,58.0,511.0,PLUGGER,,,37,,14,5,,,B
338185709,2024-09-01T18:03:45,24.43737,-81.89506,0.2,128.7,511.0,PLUGGER,,,37,,14,5,,,B
338185709,2024-09-01T18:05:14,24.43736,-81.89504,0.6,184.6,511.0,PLUGGER,,,37,,14,5,,,B
338185709,2024-09-01T18:06:15,24.43736,-81.89504,0.3,226.0,511.0,PLUGGER,,,37,,14,5,,,B
338185709,2024-09-01T18:08:12,24.43737,-81.89504,1.2,32.8,511.0,PLUGGER,,,37,,14,5,,,B
338185709,2024-09-01T18:09:40,24.43737,-81.89505,1.2,301.0,511.0,PLUGGER,,,37,,14,5,,,B
338185709,2024-09-01T18:10:42,24.43737,-81.89506,0.1,0.8,511.0,PLUGGER,,,37,,14,5,,,B
338185709,2024-09-01T18:11:43,24.43736,-81.89504,0.3,339.9,511.0,PLUGGER,,,37,,14,5,,,B
338185709,2024-09-01T18:13:13,24.43736,-81.89503,0.4,171.4,511.0,PLUGGER,,,37,,14,5,,,B
338185709,2024-09-01T18:14:42,24.43736,-81.89503,0.6,228.2,511.0,PLUGGER,,,37,,14,5,,,B
338185709,2024-09-01T18:16:13,24.43734,-81.89500,0.1,119.5,511.0,PLUGGER,,,37,,14,5,,,B
338185709,2024-09-01T18:17:42,24.43732,-81.89498,1.0,202.9,511.0,PLUGGER,,,37,,14,5,,,B
338185709,2024-09-01T18:19:11,24.43733,-81.89499,0.6,49.2,511.0,PLUGGER,,,37,,14,5,,,B
338185709,2024-09-01T18:21:36,24.43733,-81.89500,2.3,308.8,511.0,PLUGGER,,,37,,14,5,,,B
338185709,2024-09-01T18:22:37,24.43735,-81.89501,0.4,27.9,511.0,PLUGGER,,,37,,14,5,,,B
338185709,2024-09-01T18:24:06,24.43734,-81.89500,0.3,89.1,511.0,PLUGGER,,,37,,14,5,,,B
338185709,2024-09-01T18:25:07,24.43733,-81.89499,0.0,133.7,511.0,PLUGGER,,,37,,14,5,,,B
338185709,2024-09-01T18:27:06,24.43732,-81.89498,0.7,194.9,511.0,PLUGGER,,,37,,14,5,,,B
338185709,2024-09-01T18:28:08,24.43731,-81.89497,0.9,62.1,511.0,PLUGGER,,,37,,14,5,,,B
338185709,2024-09-01T18:30:08,24.43732,-81.89498,1.0,258.5,511.0,PLUGGER,,,37,,14,5,,,B
338185709,2024-09-01T18:33:06,24.43733,-81.89499,1.0,11.7,511.0,PLUGGER,,,37,,14,5,,,B
338185709,2024-09-01T18:35:03,24.43733,-81.89499,0.8,133.2,511.0,PLUGGER,,,37,,14,5,,,B
338185709,2024-09-01T18:36:32,24.43733,-81.89500,1.0,210.3,511.0,PLUGGER,,,37,,14,5,,,B
338185709,2024-09-01T18:38:02,24.43732,-81.89499,0.7,107.3,511.0,PLUGGER,,,37,,14,5,,,B
338185709,2024-09-01T18:39:03,24.43734,-81.89499,0.4,304.7,511.0,PLUGGER,,,37,,14,5,,,B
338185709,2024-09-01T18:40:04,24.43731,-81.89497,0.4,151.8,511.0,PLUGGER,,,37,,14,5,,,B
338185709,2024-09-01T18:41:33,24.43732,-81.89498,0.7,56.3,511.0,PLUGGER,,,37,,14,5,,,B
338185709,2024-09-01T18:43:03,24.43732,-81.89498,1.2,209.0,511.0,PLUGGER,,,37,,14,5,,,B
338185709,2024-09-01T18:45:04,24.43732,-81.89497,0.4,116.8,511.0,PLUGGER,,,37,,14,5,,,B
338185709,2024-09-01T18:46:32,24.43733,-81.89499,0.3,134.9,511.0,PLUGGER,,,37,,14,5,,,B
338185709,2024-09-01T18:48:06,24.43731,-81.89497,0.5,130.8,511.0,PLUGGER,,,37,,14,5,,,B
338185709,2024-09-01T18:49:33,24.43731,-81.89496,0.3,335.3,511.0,PLUGGER,,,37,,14,5,,,B
338185709,2024-09-01T18:51:03,24.43731,-81.89496,0.9,149.6,511.0,PLUGGER,,,37,,14,5,,,B
338185709,2024-09-01T18:52:36,24.43732,-81.89498,1.5,329.6,511.0,PLUGGER,,,37,,14,5,,,B
338185709,2024-09-01T18:54:04,24.43731,-81.89497,0.7,161.8,511.0,PLUGGER,,,37,,14,5,,,B
338185709,2024-09-01T18:55:35,24.43730,-81.89495,0.3,47.2,511.0,PLUGGER,,,37,,14,5,,,B
338185709,2024-09-01T18:57:32,24.43729,-81.89495,0.3,125.5,511.0,PLUGGER,,,37,,14,5,,,B
338185709,2024-09-01T18:58:33,24.43730,-81.89496,1.1,329.3,511.0,PLUGGER,,,37,,14,5,,,B
338185709,2024-09-01T18:59:34,24.43729,-81.89494,1.7,282.7,511.0,PLUGGER,,,37,,14,5,,,B
338185709,2024-09-01T19:00:09,24.43730,-81.89494,0.8,1.6,511.0,PLUGGER,,,37,,14,5,,,B
338185709,2024-09-01T19:01:33,24.43729,-81.89496,1.7,333.6,511.0,PLUGGER,,,37,,14,5,,,B
338185709,2024-09-01T19:03:03,24.43730,-81.89496,0.3,0.2,511.0,PLUGGER,,,37,,14,5,,,B
338185709,2024-09-01T19:05:03,24.43731,-81.89497,0.2,155.0,511.0,PLUGGER,,,37,,14,5,,,B
338185709,2024-09-01T19:06:34,24.43729,-81.89495,0.5,213.3,511.0,PLUGGER,,,37,,14,5,,,B
338185709,2024-09-01T19:08:02,24.43730,-81.89496,1.0,298.4,511.0,PLUGGER,,,37,,14,5,,,B
338185709,2024-09-01T19:09:32,24.43729,-81.89494,0.4,67.2,511.0,PLUGGER,,,37,,14,5,,,B
338185709,2024-09-01T19:11:02,24.43726,-81.89492,0.2,248.3,511.0,PLUGGER,,,37,,14,5,,,B
338185709,2024-09-01T19:12:33,24.43726,-81.89492,0.4,356.8,511.0,PLUGGER,,,37,,14,5,,,B
338185709,2024-09-01T19:14:02,24.43729,-81.89494,1.2,187.7,511.0,PLUGGER,,,37,,14,5,,,B
338185709,2024-09-01T19:16:03,24.43729,-81.89494,0.5,31.6,511.0,PLUGGER,,,37,,14,5,,,B
338185709,2024-09-01T19:17:32,24.43729,-81.89494,1.6,217.9,511.0,PLUGGER,,,37,,14,5,,,B
338185709,2024-09-01T19:18:33,24.43730,-81.89495,0.7,148.3,511.0,PLUGGER,,,37,,14,5,,,B
338185709,2024-09-01T19:20:03,24.43728,-81.89494,0.6,319.2,511.0,PLUGGER,,,37,,14,5,,,B
338185709,2024-09-01T19:21:34,24.43729,-81.89494,0.9,144.9,511.0,PLUGGER,,,37,,14,5,,,B
338185709,2024-09-01T19:23:03,24.43729,-81.89493,0.4,21.2,511.0,PLUGGER,,,37,,14,5,,,B
338185709,2024-09-01T19:24:32,24.43728,-81.89493,0.7,153.3,511.0,PLUGGER,,,37,,14,5,,,B
338185709,2024-09-01T19:26:03,24.43725,-81.89491,0.7,76.3,511.0,PLUGGER,,,37,,14,5,,,B
338185709,2024-09-01T19:27:33,24.43727,-81.89494,1.8,304.3,511.0,PLUGGER,,,37,,14,5,,,B
338185709,2024-09-01T19:29:04,24.43726,-81.89492,1.0,9.5,511.0,PLUGGER,,,37,,14,5,,,B
338185709,2024-09-01T19:30:32,24.43726,-81.89491,1.0,128.8,511.0,PLUGGER,,,37,,14,5,,,B
338185709,2024-09-01T19:32:02,24.43728,-81.89492,0.4,32.1,511.0,PLUGGER,,,37,,14,5,,,B
338185709,2024-09-01T19:33:04,24.43729,-81.89494,0.3,169.5,511.0,PLUGGER,,,37,,14,5,,,B
338185709,2024-09-01T19:36:00,24.43728,-81.89492,0.7,74.4,511.0,PLUGGER,,,37,,14,5,,,B
338185709,2024-09-01T19:37:31,24.43729,-81.89495,0.3,255.2,511.0,PLUGGER,,,37,,14,5,,,B
338185709,2024-09-01T19:39:32,24.43727,-81.89493,0.2,165.3,511.0,PLUGGER,,,37,,14,5,,,B
338185709,2024-09-01T19:41:30,24.43725,-81.89490,0.7,103.4,511.0,PLUGGER,,,37,,14,5,,,B
338185709,2024-09-01T19:42:31,24.43724,-81.89490,0.6,183.2,511.0,PLUGGER,,,37,,14,5,,,B
338185709,2024-09-01T19:44:29,24.43724,-81.89490,0.2,153.1,511.0,PLUGGER,,,37,,14,5,,,B
338185709,2024-09-01T19:45:31,24.43724,-81.89491,0.8,106.2,511.0,PLUGGER,,,37,,14,5,,,B
338185709,2024-09-01T19:48:32,24.43724,-81.89490,1.6,120.7,511.0,PLUGGER,,,37,,14,5,,,B
338185709,2024-09-01T19:49:57,24.43724,-81.89490,0.5,217.0,511.0,PLUGGER,,,37,,14,5,,,B
338185709,2024-09-01T19:51:27,24.43726,-81.89490,0.5,216.0,511.0,PLUGGER,,,37,,14,5,,,B
338185709,2024-09-01T19:52:58,24.43726,-81.89492,0.7,222.1,511.0,PLUGGER,,,37,,14,5,,,B
338185709,2024-09-01T19:54:27,24.43725,-81.89491,1.9,20.4,511.0,PLUGGER,,,37,,14,5,,,B
338185709,2024-09-01T19:55:57,24.43724,-81.89489,0.7,64.7,511.0,PLUGGER,,,37,,14,5,,,B
338185709,2024-09-01T19:57:27,24.43725,-81.89490,0.4,333.3,511.0,PLUGGER,,,37,,14,5,,,B
338185709,2024-09-01T19:58:57,24.43724,-81.89490,0.4,6.6,511.0,PLUGGER,,,37,,14,5,,,B
338185709,2024-09-01T20:01:57,24.43727,-81.89492,0.7,200.4,511.0,PLUGGER,,,37,,14,5,,,B
338185709,2024-09-01T20:03:23,24.43725,-81.89491,0.7,267.4,511.0,PLUGGER,,,37,,14,5,,,B
338185709,2024-09-01T20:05:22,24.43724,-81.89491,1.9,146.4,511.0,PLUGGER,,,37,,14,5,,,B
338185709,2024-09-01T20:06:52,24.43723,-81.89489,1.0,280.7,511.0,PLUGGER,,,37,,14,5,,,B
338185709,2024-09-01T20:07:53,24.43724,-81.89489,0.9,330.0,511.0,PLUGGER,,,37,,14,5,,,B
338185709,2024-09-01T20:09:22,24.43713,-81.89488,1.6,177.4,511.0,PLUGGER,,,37,,14,5,,,B
338185709,2024-09-01T20:10:23,24.43638,-81.89570,5.1,250.6,511.0,PLUGGER,,,37,,14,5,,,B
338185709,2024-09-01T20:12:22,24.43678,-81.89657,1.9,93.0,511.0,PLUGGER,,,37,,14,5,,,B
338185709,2024-09-01T20:13:54,24.43697,-81.89627,1.6,35.4,511.0,PLUGGER,,,37,,14,5,,,B
338185709,2024-09-01T20:15:23,24.43727,-81.89601,1.0,45.7,511.0,PLUGGER,,,37,,14,5,,,B
338185709,2024-09-01T20:16:52,24.43757,-81.89572,1.4,43.3,511.0,PLUGGER,,,37,,14,5,,,B
338185709,2024-09-01T20:18:23,24.43787,-81.89537,2.6,75.8,511.0,PLUGGER,,,37,,14,5,,,B
338185709,2024-09-01T20:19:25,24.43859,-81.89443,7.8,30.8,511.0,PLUGGER,,,37,,14,5,,,B
338185709,2024-09-02T15:56:33,24.46209,-81.88296,16.7,214.2,511.0,PLUGGER,,,37,,14,5,,,B
338185709,2024-09-02T15:58:06,24.45533,-81.88575,17.0,208.4,511.0,PLUGGER,,,37,,14,5,,,B
338185709,2024-09-02T15:59:32,24.44918,-81.88931,17.1,205.8,511.0,PLUGGER,,,37,,14,5,,,B
338185709,2024-09-02T16:00:02,24.44707,-81.89040,17.3,203.1,511.0,PLUGGER,,,37,,14,5,,,B
338185709,2024-09-02T16:02:03,24.43881,-81.89486,13.0,203.2,511.0,PLUGGER,,,37,,14,5,,,B
338185709,2024-09-02T16:04:03,24.43688,-81.89503,0.8,181.3,511.0,PLUGGER,,,37,,14,5,,,B
338185709,2024-09-02T16:05:04,24.43690,-81.89603,6.7,309.9,511.0,PLUGGER,,,37,,14,5,,,B
338185709,2024-09-02T16:06:06,24.43610,-81.89779,7.2,275.2,511.0,PLUGGER,,,37,,14,5,,,B
338185709,2024-09-02T19:17:51,24.44335,-81.89698,11.3,42.9,511.0,PLUGGER,,,37,,14,5,,,B
338185709,2024-09-02T19:19:21,24.44731,-81.89403,16.6,15.4,511.0,PLUGGER,,,37,,14,5,,,B
338185709,2024-09-02T19:20:50,24.45425,-81.89004,19.1,35.4,511.0,PLUGGER,,,37,,14,5,,,B
338185709,2024-09-02T19:22:21,24.46040,-81.88473,18.3,45.9,511.0,PLUGGER,,,37,,14,5,,,B
338185709,2024-09-02T19:23:50,24.46671,-81.87970,18.7,29.7,511.0,PLUGGER,,,37,,14,5,,,B
369912000,2024-08-23T10:29:03,24.44128,-81.86608,5.8,78.6,76.0,NANCY FOSTER,IMO8993227,WTER,90,0,57,12,3.4,90,A
369912000,2024-08-23T10:30:06,24.44155,-81.86424,5.8,88.0,91.0,NANCY FOSTER,IMO8993227,WTER,90,0,57,12,3.4,90,A
369912000,2024-08-23T10:31:13,24.44124,-81.86228,5.7,101.0,98.0,NANCY FOSTER,IMO8993227,WTER,90,0,57,12,3.4,90,A
369912000,2024-08-23T10:32:17,24.44089,-81.86043,6.0,106.6,112.0,NANCY FOSTER,IMO8993227,WTER,90,0,57,12,3.4,90,A
369912000,2024-08-23T10:33:24,24.44004,-81.85864,5.9,117.7,117.0,NANCY FOSTER,IMO8993227,WTER,90,0,57,12,3.4,90,A
369912000,2024-08-23T10:11:43,24.43527,-81.89743,6.3,84.8,85.0,NANCY FOSTER,IMO8993227,WTER,90,0,57,12,3.4,90,A
369912000,2024-08-23T10:12:54,24.43548,-81.89517,6.3,83.1,83.0,NANCY FOSTER,IMO8993227,WTER,90,0,57,12,3.4,90,A
369912000,2024-08-23T10:14:03,24.43582,-81.89296,6.2,80.8,81.0,NANCY FOSTER,IMO8993227,WTER,90,0,57,12,3.4,90,A
369912000,2024-08-23T10:15:05,24.43606,-81.89100,6.4,83.3,81.0,NANCY FOSTER,IMO8993227,WTER,90,0,57,12,3.4,90,A
369912000,2024-08-23T10:16:15,24.43646,-81.88882,6.2,76.1,73.0,NANCY FOSTER,IMO8993227,WTER,90,0,57,12,3.4,90,A
369912000,2024-08-23T10:17:24,24.43690,-81.88670,6.0,75.2,73.0,NANCY FOSTER,IMO8993227,WTER,90,0,57,12,3.4,90,A
369912000,2024-08-23T10:18:35,24.43740,-81.88457,6.0,76.2,75.0,NANCY FOSTER,IMO8993227,WTER,90,0,57,12,3.4,90,A
369912000,2024-08-23T10:19:44,24.43786,-81.88248,6.1,75.3,74.0,NANCY FOSTER,IMO8993227,WTER,90,0,57,12,3.4,90,A
369912000,2024-08-23T10:20:54,24.43830,-81.88043,6.0,77.8,75.0,NANCY FOSTER,IMO8993227,WTER,90,0,57,12,3.4,90,A
369912000,2024-08-23T10:22:03,24.43874,-81.87842,5.8,75.2,75.0,NANCY FOSTER,IMO8993227,WTER,90,0,57,12,3.4,90,A
369912000,2024-08-23T10:23:14,24.43913,-81.87633,5.8,76.7,74.0,NANCY FOSTER,IMO8993227,WTER,90,0,57,12,3.4,90,A
369912000,2024-08-23T10:24:25,24.43957,-81.87427,6.0,77.2,75.0,NANCY FOSTER,IMO8993227,WTER,90,0,57,12,3.4,90,A
369912000,2024-08-23T10:25:33,24.43998,-81.87227,5.9,76.6,74.0,NANCY FOSTER,IMO8993227,WTER,90,0,57,12,3.4,90,A
369912000,2024-08-23T10:26:44,24.44043,-81.87020,6.0,76.9,75.0,NANCY FOSTER,IMO8993227,WTER,90,0,57,12,3.4,90,A
369912000,2024-08-23T10:27:54,24.44084,-81.86809,5.9,77.5,75.0,NANCY FOSTER,IMO8993227,WTER,90,0,57,12,3.4,90,A
367652000,2024-08-09T21:06:50,24.43858,-81.85920,8.7,244.9,246.0,PELICAN,IMO8517009,WDD6114,39,0,36,8,2.9,39,A
367652000,2024-08-09T21:08:01,24.43737,-81.86202,8.7,245.7,248.0,PELICAN,IMO8517009,WDD6114,39,0,36,8,2.9,39,A
367652000,2024-08-09T21:09:11,24.43620,-81.86477,8.7,245.5,247.0,PELICAN,IMO8517009,WDD6114,39,0,36,8,2.9,39,A
367652000,2024-08-09T21:10:22,24.43501,-81.86762,8.7,246.2,247.0,PELICAN,IMO8517009,WDD6114,39,0,36,8,2.9,39,A
367652000,2024-08-09T21:11:32,24.43379,-81.87044,8.7,245.9,247.0,PELICAN,IMO8517009,WDD6114,39,0,36,8,2.9,39,A
367652000,2024-08-09T21:12:41,24.43264,-81.87315,8.7,245.7,246.0,PELICAN,IMO8517009,WDD6114,39,0,36,8,2.9,39,A
369912000,2024-08-13T19:21:05,24.43463,-81.88710,8.8,264.8,267.0,NANCY FOSTER,IMO8993227,WTER,90,0,57,12,3.4,90,A
369912000,2024-08-13T19:22:13,24.43455,-81.89013,8.5,268.8,269.0,NANCY FOSTER,IMO8993227,WTER,90,0,57,12,3.4,90,A
369912000,2024-08-13T19:23:23,24.43450,-81.89319,8.6,269.2,269.0,NANCY FOSTER,IMO8993227,WTER,90,0,57,12,3.4,90,A
369912000,2024-08-13T19:24:35,24.43441,-81.89634,8.6,268.4,270.0,NANCY FOSTER,IMO8993227,WTER,90,0,57,12,3.4,90,A
369912000,2024-08-13T19:14:04,24.43726,-81.86835,9.0,258.3,259.0,NANCY FOSTER,IMO8993227,WTER,90,0,57,12,3.4,90,A
369912000,2024-08-13T19:15:14,24.43673,-81.87150,9.1,258.6,260.0,NANCY FOSTER,IMO8993227,WTER,90,0,57,12,3.4,90,A
369912000,2024-08-13T19:16:25,24.43616,-81.87467,9.1,258.8,260.0,NANCY FOSTER,IMO8993227,WTER,90,0,57,12,3.4,90,A
369912000,2024-08-13T19:17:34,24.43563,-81.87774,8.9,260.0,261.0,NANCY FOSTER,IMO8993227,WTER,90,0,57,12,3.4,90,A
369912000,2024-08-13T19:18:44,24.43516,-81.88085,8.8,263.6,267.0,NANCY FOSTER,IMO8993227,WTER,90,0,57,12,3.4,90,A
369912000,2024-08-13T19:19:54,24.43491,-81.88398,8.8,265.4,267.0,NANCY FOSTER,IMO8993227,WTER,90,0,57,12,3.4,90,A
369912000,2024-08-13T19:10:43,24.43883,-81.85933,8.9,257.0,256.0,NANCY FOSTER,IMO8993227,WTER,90,0,57,12,3.4,90,A
369912000,2024-08-13T19:11:47,24.43831,-81.86218,9.0,257.9,262.0,NANCY FOSTER,IMO8993227,WTER,90,0,57,12,3.4,90,A
369912000,2024-08-13T19:12:54,24.43781,-81.86519,9.1,258.1,259.0,NANCY FOSTER,IMO8993227,WTER,90,0,57,12,3.4,90,A
