MMSI,BaseDateTime,LAT,LON,SOG,COG,Heading,VesselName,IMO,CallSign,VesselType,Status,Length,Width,Draft,Cargo,TransceiverClass
345050080,2020-01-05T16:07:39,28.16731,-88.84242,9.5,25.9,27.0,,,,,0,,,,,A
345050080,2020-01-05T16:09:31,28.17191,-88.83999,9.6,24.8,27.0,,,,,0,,,,,A
345050080,2020-01-05T16:10:46,28.17494,-88.83837,10.0,26.0,27.0,,,,,0,,,,,A
345050080,2020-01-05T16:12:17,28.17872,-88.83642,9.7,25.2,28.0,,,,,0,,,,,A
345050080,2020-01-05T16:15:33,28.18674,-88.83208,9.9,27.6,28.0,,,,,0,,,,,A
345050080,2020-01-05T16:16:52,28.18995,-88.83036,9.9,25.8,27.0,,,,,0,,,,,A
345050080,2020-01-05T16:18:15,28.19344,-88.82851,9.7,25.3,28.0,,,,,0,,,,,A
345050080,2020-01-05T16:19:51,28.19730,-88.82643,9.8,27.6,28.0,,,,,0,,,,,A
538008572,2020-01-25T13:07:41,28.19737,-88.85117,12.6,142.3,142.0,,,,,0,,,,,A
538008572,2020-01-25T13:08:51,28.19419,-88.84834,12.6,141.8,141.0,,,,,0,,,,,A
538008572,2020-01-25T13:10:12,28.19052,-88.84507,12.5,141.7,142.0,,,,,0,,,,,A
538008572,2020-01-25T13:12:12,28.18502,-88.84024,12.5,142.3,142.0,,,,,0,,,,,A
538008572,2020-01-25T13:17:51,28.16950,-88.82663,12.6,142.1,142.0,,,,,0,,,,,A
538008572,2020-01-25T13:20:33,28.16208,-88.82015,12.6,142.4,142.0,,,,,0,,,,,A
257100000,2020-02-01T01:56:02,28.16274,-88.85100,10.0,314.3,320.0,,,,,0,,,,,A
257100000,2020-02-01T01:57:23,28.16540,-88.85401,10.1,315.2,320.0,,,,,0,,,,,A
538006316,2020-02-03T11:12:44,28.17165,-88.81485,13.5,328.5,329.0,,,,,0,,,,,A
538006316,2020-02-03T11:13:53,28.17536,-88.81736,13.5,328.9,329.0,,,,,0,,,,,A
538006316,2020-02-03T11:15:03,28.17914,-88.81996,13.5,328.7,329.0,,,,,0,,,,,A
538006316,2020-02-03T11:16:14,28.18293,-88.82259,13.5,328.8,329.0,,,,,0,,,,,A
538006316,2020-02-03T11:17:23,28.18663,-88.82517,13.5,328.8,329.0,,,,,0,,,,,A
538006316,2020-02-03T11:18:33,28.19046,-88.82772,13.5,328.9,329.0,,,,,0,,,,,A
538006316,2020-02-03T11:19:34,28.19376,-88.82995,13.5,329.0,329.0,,,,,0,,,,,A
367037040,2020-02-03T15:04:56,28.19747,-88.84027,8.1,97.5,511.0,,,,,0,,,,,A
367037040,2020-02-03T15:08:05,28.19639,-88.83269,7.8,100.4,511.0,,,,,0,,,,,A
367037040,2020-02-03T15:10:05,28.19574,-88.82789,7.8,94.7,511.0,,,,,0,,,,,A
367037040,2020-02-03T15:12:05,28.19506,-88.82308,7.7,98.2,511.0,,,,,0,,,,,A
367037040,2020-02-03T15:14:16,28.19431,-88.81783,7.7,99.9,511.0,,,,,0,,,,,A
338926437,2020-02-03T19:48:38,28.19496,-88.82350,24.1,124.7,126.0,,,,,15,,,,,A
538005984,2020-02-09T10:39:28,28.17145,-88.84430,12.4,324.5,325.0,,,,,0,,,,,A
538005984,2020-02-09T10:40:48,28.17520,-88.84725,12.3,325.2,325.0,,,,,0,,,,,A
538005984,2020-02-09T10:43:57,28.18406,-88.85420,12.2,325.2,325.0,,,,,0,,,,,A
538008572,2020-02-15T10:11:01,28.16948,-88.84168,12.7,332.7,511.0,,,,,0,,,,,A
538008572,2020-02-15T10:13:01,28.17568,-88.84555,12.8,330.9,511.0,,,,,0,,,,,A
538008572,2020-02-15T10:16:01,28.18529,-88.85128,13.0,332.2,511.0,,,,,0,,,,,A
563089700,2020-02-15T16:43:49,28.18913,-88.84819,11.5,330.5,330.0,,,,,0,,,,,A
563759000,2020-02-18T20:12:41,28.16478,-88.84079,14.0,34.4,31.0,,,,,0,,,,,A
563759000,2020-02-18T20:13:43,28.16812,-88.83822,14.0,34.3,31.0,,,,,0,,,,,A
563759000,2020-02-18T20:14:50,28.17174,-88.83543,14.0,34.5,31.0,,,,,0,,,,,A
563759000,2020-02-18T20:16:19,28.17650,-88.83171,14.0,34.6,31.0,,,,,0,,,,,A
563759000,2020-02-18T20:17:31,28.18035,-88.82872,14.0,34.5,30.0,,,,,0,,,,,A
563759000,2020-02-18T20:18:32,28.18363,-88.82616,14.0,34.9,31.0,,,,,0,,,,,A
563759000,2020-02-18T20:19:43,28.18742,-88.82316,14.0,35.1,30.0,,,,,0,,,,,A
563759000,2020-02-18T20:20:51,28.19104,-88.82028,14.0,35.3,30.0,,,,,0,,,,,A
563759000,2020-02-18T20:22:11,28.19530,-88.81691,14.0,34.8,30.0,,,,,0,,,,,A
538007454,2020-02-25T02:22:58,28.16290,-88.83444,10.4,326.2,326.0,ROWAYTON EAGLE,IMO9575216,V7OO2,70,0,199,32,13.3,70,A
538007454,2020-02-25T02:24:28,28.16658,-88.83716,10.5,328.1,326.0,ROWAYTON EAGLE,IMO9575216,V7OO2,70,0,199,32,13.3,70,A
538007454,2020-02-25T02:25:49,28.16988,-88.83964,10.5,326.5,326.0,ROWAYTON EAGLE,IMO9575216,V7OO2,70,0,199,32,13.3,70,A
538007454,2020-02-25T02:28:19,28.17597,-88.84423,10.6,326.0,326.0,ROWAYTON EAGLE,IMO9575216,V7OO2,70,0,199,32,13.3,70,A
538007454,2020-02-25T02:29:48,28.17962,-88.84694,10.6,325.5,326.0,ROWAYTON EAGLE,IMO9575216,V7OO2,70,0,199,32,13.3,70,A
538007454,2020-02-25T02:31:08,28.18291,-88.84938,10.6,327.1,326.0,ROWAYTON EAGLE,IMO9575216,V7OO2,70,0,199,32,13.3,70,A
538007454,2020-02-25T02:32:28,28.18622,-88.85181,10.6,327.1,326.0,ROWAYTON EAGLE,IMO9575216,V7OO2,70,0,199,32,13.3,70,A
538007454,2020-02-25T02:33:48,28.18953,-88.85426,10.7,326.7,326.0,ROWAYTON EAGLE,IMO9575216,V7OO2,70,0,199,32,13.3,70,A
563049700,2020-03-04T16:54:33,28.16490,-88.85173,11.3,326.6,326.0,,,,,0,,,,,A
563049700,2020-03-04T16:55:43,28.16797,-88.85401,11.3,326.2,325.0,,,,,0,,,,,A
311000411,2020-03-06T09:59:59,28.19473,-88.83754,13.8,227.8,227.0,,,,,0,,,,,A
311000411,2020-03-06T10:00:59,28.19218,-88.84075,13.8,228.2,227.0,,,,,0,,,,,A
311000411,2020-03-06T10:02:00,28.18961,-88.84398,13.8,227.7,227.0,,,,,0,,,,,A
311000411,2020-03-06T10:03:09,28.18663,-88.84771,13.9,228.2,227.0,,,,,0,,,,,A
311000411,2020-03-06T10:04:28,28.18320,-88.85204,13.8,227.6,227.0,,,,,0,,,,,A
311000411,2020-03-06T10:05:29,28.18065,-88.85525,13.7,227.4,227.0,,,,,0,,,,,A
636019625,2020-03-09T23:09:36,28.16195,-88.83261,7.0,327.7,331.0,,,,,0,,,,,A
636019625,2020-03-09T23:11:36,28.16527,-88.83492,7.0,328.5,331.0,,,,,0,,,,,A
636019625,2020-03-09T23:14:25,28.16999,-88.83817,7.0,329.5,332.0,,,,,0,,,,,A
636019625,2020-03-09T23:17:25,28.17505,-88.84142,7.0,332.0,333.0,,,,,0,,,,,A
636019625,2020-03-09T23:18:45,28.17733,-88.84287,7.0,330.6,331.0,,,,,0,,,,,A
636019625,2020-03-09T23:23:05,28.18463,-88.84782,7.0,332.1,332.0,,,,,0,,,,,A
636019625,2020-03-09T23:24:25,28.18690,-88.84933,7.0,329.6,332.0,,,,,0,,,,,A
636019625,2020-03-09T23:25:34,28.18888,-88.85059,7.0,331.3,332.0,,,,,0,,,,,A
636019625,2020-03-09T23:27:25,28.19204,-88.85267,7.1,328.1,331.0,,,,,0,,,,,A
367455580,2020-03-11T08:07:25,28.16566,-88.85334,10.9,147.4,144.0,FLORIDA VOYAGER,IMO9118630,WDF4764,80,0,183,32,12.2,,A
367455580,2020-03-11T08:08:27,28.16305,-88.85141,10.9,147.1,145.0,FLORIDA VOYAGER,IMO9118630,WDF4764,80,0,183,32,12.2,,A
311000411,2020-03-13T06:42:09,28.18032,-88.85357,12.7,48.4,47.0,,,,,0,,,,,A
311000411,2020-03-13T06:43:28,28.18349,-88.84961,12.7,47.9,47.0,,,,,0,,,,,A
311000411,2020-03-13T06:44:39,28.18626,-88.84614,12.7,47.6,46.0,,,,,0,,,,,A
311000411,2020-03-13T06:45:50,28.18909,-88.84263,12.7,47.3,47.0,,,,,0,,,,,A
311000411,2020-03-13T06:46:58,28.19178,-88.83926,12.7,48.0,46.0,,,,,0,,,,,A
311000411,2020-03-13T06:48:08,28.19458,-88.83579,12.7,48.1,47.0,,,,,0,,,,,A
311000411,2020-03-13T06:49:18,28.19735,-88.83233,12.7,47.8,46.0,,,,,0,,,,,A
538005126,2020-03-13T16:49:22,28.18400,-88.85441,6.0,61.9,62.0,,,,,0,,,,,A
538005126,2020-03-13T16:52:31,28.18646,-88.84908,6.1,62.5,62.0,,,,,0,,,,,A
538005126,2020-03-13T16:55:02,28.18847,-88.84476,6.1,62.2,62.0,,,,,0,,,,,A
538005126,2020-03-13T16:57:53,28.19074,-88.83995,6.1,61.9,61.0,,,,,0,,,,,A
538005126,2020-03-13T16:59:02,28.19167,-88.83798,6.1,61.2,61.0,,,,,0,,,,,A
538005126,2020-03-13T17:00:12,28.19267,-88.83598,6.2,61.2,61.0,,,,,0,,,,,A
538005126,2020-03-13T17:01:22,28.19365,-88.83398,6.1,61.0,61.0,,,,,0,,,,,A
538005126,2020-03-13T17:02:32,28.19456,-88.83204,6.2,60.9,60.0,,,,,0,,,,,A
538005126,2020-03-13T17:03:52,28.19574,-88.82980,6.2,60.0,60.0,,,,,0,,,,,A
538005126,2020-03-13T17:05:03,28.19677,-88.82782,6.1,60.7,61.0,,,,,0,,,,,A
538005126,2020-03-13T17:06:11,28.19770,-88.82583,6.1,61.1,61.0,,,,,0,,,,,A
538007402,2020-03-15T00:35:51,28.19708,-88.84582,12.1,147.0,145.0,,,,,0,,,,,A
538007402,2020-03-15T00:36:52,28.19420,-88.84374,12.1,148.2,146.0,,,,,0,,,,,A
538007402,2020-03-15T00:38:12,28.19045,-88.84110,12.1,148.2,146.0,,,,,0,,,,,A
538007402,2020-03-15T00:39:21,28.18715,-88.83880,12.1,148.4,146.0,,,,,0,,,,,A
538007402,2020-03-15T00:40:32,28.18370,-88.83637,12.1,148.3,146.0,,,,,0,,,,,A
538007402,2020-03-15T00:41:42,28.18034,-88.83404,12.2,148.5,146.0,,,,,0,,,,,A
538007402,2020-03-15T00:42:51,28.17708,-88.83178,12.1,148.3,146.0,,,,,0,,,,,A
538007402,2020-03-15T00:44:02,28.17368,-88.82945,12.1,148.6,146.0,,,,,0,,,,,A
538007402,2020-03-15T00:45:11,28.17033,-88.82714,12.1,148.8,146.0,,,,,0,,,,,A
538007402,2020-03-15T00:46:22,28.16698,-88.82485,12.1,148.7,146.0,,,,,0,,,,,A
538007402,2020-03-15T00:47:32,28.16363,-88.82254,12.1,148.8,146.0,,,,,0,,,,,A
538006089,2020-03-15T03:51:03,28.16324,-88.85231,11.0,327.7,330.0,,,,,0,,,,,A
538006089,2020-03-15T03:52:11,28.16616,-88.85439,10.9,327.7,330.0,,,,,0,,,,,A
319120100,2020-03-16T23:43:07,28.16342,-88.82526,14.5,316.0,317.0,,,,,0,,,,,A
319120100,2020-03-16T23:45:31,28.17038,-88.83290,14.5,315.4,317.0,,,,,0,,,,,A
319120100,2020-03-16T23:47:07,28.17499,-88.83800,14.5,315.9,318.0,,,,,0,,,,,A
319120100,2020-03-16T23:48:18,28.17848,-88.84184,14.5,315.7,317.0,,,,,0,,,,,A
319120100,2020-03-16T23:49:30,28.18188,-88.84562,14.5,314.9,317.0,,,,,0,,,,,A
319120100,2020-03-16T23:50:43,28.18536,-88.84951,14.5,315.7,318.0,,,,,0,,,,,A
319120100,2020-03-16T23:52:01,28.18916,-88.85368,14.5,315.9,317.0,,,,,0,,,,,A
314479000,2020-03-23T16:59:42,28.16433,-88.83473,13.1,321.6,323.0,,,,,0,,,,,A
314479000,2020-03-23T17:00:21,28.16621,-88.83641,13.1,321.4,322.0,,,,,0,,,,,A
314479000,2020-03-23T17:01:31,28.16951,-88.83941,13.1,321.6,323.0,,,,,0,,,,,A
314479000,2020-03-23T17:02:51,28.17333,-88.84290,13.1,320.8,323.0,,,,,0,,,,,A
314479000,2020-03-23T17:04:11,28.17713,-88.84631,13.1,321.6,323.0,,,,,0,,,,,A
314479000,2020-03-23T17:05:21,28.18041,-88.84933,13.1,321.2,323.0,,,,,0,,,,,A
314479000,2020-03-23T17:06:32,28.18377,-88.85239,13.1,320.7,322.0,,,,,0,,,,,A
538007504,2020-03-26T06:18:03,28.16563,-88.82421,12.9,316.7,319.0,,,,,0,,,,,A
538007504,2020-03-26T06:19:33,28.16954,-88.82839,12.8,316.3,319.0,,,,,0,,,,,A
538007504,2020-03-26T06:20:53,28.17297,-88.83204,12.8,316.8,319.0,,,,,0,,,,,A
538007504,2020-03-26T06:22:03,28.17605,-88.83530,12.8,317.1,319.0,,,,,0,,,,,A
538007504,2020-03-26T06:23:13,28.17908,-88.83852,12.8,316.3,319.0,,,,,0,,,,,A
538007504,2020-03-26T06:24:33,28.18255,-88.84222,12.8,316.5,319.0,,,,,0,,,,,A
538007504,2020-03-26T06:25:42,28.18551,-88.84540,12.8,316.1,319.0,,,,,0,,,,,A
538007504,2020-03-26T06:26:52,28.18854,-88.84866,12.8,316.4,319.0,,,,,0,,,,,A
538007504,2020-03-26T06:28:23,28.19253,-88.85284,12.9,317.1,319.0,,,,,0,,,,,A
538008654,2020-03-26T18:43:16,28.16513,-88.85011,12.8,318.8,320.0,,,,,0,,,,,A
538008654,2020-03-26T18:44:56,28.16959,-88.85452,12.7,318.5,320.0,,,,,0,,,,,A
229568000,2020-03-28T01:55:47,28.18415,-88.85477,11.0,145.0,143.0,NAVIOS NORTHERN STAR,IMO9328560,9HA3413,70,0,224,32,13.8,70,A
229568000,2020-03-28T01:57:18,28.18042,-88.85197,11.0,146.0,144.0,NAVIOS NORTHERN STAR,IMO9328560,9HA3413,70,0,224,32,13.8,70,A
229568000,2020-03-28T01:58:28,28.17682,-88.84938,11.1,147.0,143.0,NAVIOS NORTHERN STAR,IMO9328560,9HA3413,70,0,224,32,13.8,70,A
229568000,2020-03-28T01:59:37,28.17427,-88.84743,11.1,146.0,144.0,NAVIOS NORTHERN STAR,IMO9328560,9HA3413,70,0,224,32,13.8,70,A
229568000,2020-03-28T02:00:18,28.17247,-88.84613,11.1,147.0,144.0,NAVIOS NORTHERN STAR,IMO9328560,9HA3413,70,0,224,32,13.8,70,A
229568000,2020-03-28T02:01:57,28.16817,-88.84302,11.1,146.0,144.0,NAVIOS NORTHERN STAR,IMO9328560,9HA3413,70,0,224,32,13.8,70,A
229568000,2020-03-28T02:03:07,28.16508,-88.84075,11.1,147.0,144.0,NAVIOS NORTHERN STAR,IMO9328560,9HA3413,70,0,224,32,13.8,70,A
636019625,2020-03-29T05:06:14,28.19703,-88.85248,13.6,144.7,143.0,,,,,0,,,,,A
636019625,2020-03-29T05:07:23,28.19338,-88.84958,13.6,145.1,143.0,,,,,0,,,,,A
636019625,2020-03-29T05:08:43,28.18928,-88.84637,13.6,145.6,144.0,,,,,0,,,,,A
636019625,2020-03-29T05:09:54,28.18558,-88.84354,13.5,145.4,143.0,,,,,0,,,,,A
636019625,2020-03-29T05:11:03,28.18203,-88.84073,13.6,144.8,143.0,,,,,0,,,,,A
636019625,2020-03-29T05:12:14,28.17838,-88.83786,13.6,145.1,144.0,,,,,0,,,,,A
636019625,2020-03-29T05:13:24,28.17470,-88.83500,13.5,145.6,143.0,,,,,0,,,,,A
636019625,2020-03-29T05:14:43,28.17061,-88.83178,13.5,144.5,143.0,,,,,0,,,,,A
636019625,2020-03-29T05:16:03,28.16649,-88.82853,13.5,145.4,144.0,,,,,0,,,,,A
338926438,2020-03-29T19:15:37,28.19063,-88.82509,23.2,125.5,127.0,,,,,0,,,,,A
338926438,2020-03-29T19:16:41,28.18661,-88.81875,23.3,126.2,127.0,,,,,0,,,,,A
255806167,2020-04-06T08:03:04,28.19688,-88.82790,12.6,126.6,124.0,,,,,0,,,,,A
255806167,2020-04-06T08:04:14,28.19441,-88.82417,12.7,127.1,124.0,,,,,0,,,,,A
255806167,2020-04-06T08:05:45,28.19129,-88.81935,12.7,126.3,124.0,,,,,0,,,,,A
538008537,2020-04-26T10:57:01,28.19236,-88.83147,11.8,313.5,312.0,,,,,0,,,,,A
538007824,2020-05-09T19:30:17,28.16201,-88.81720,11.5,316.9,320.0,,,,,0,,,,,A
538007824,2020-05-09T19:31:27,28.16479,-88.82019,11.5,316.4,320.0,,,,,0,,,,,A
538007824,2020-05-09T19:34:47,28.17260,-88.82848,11.5,317.3,320.0,,,,,0,,,,,A
538007824,2020-05-09T19:37:58,28.18002,-88.83646,11.6,316.3,319.0,,,,,0,,,,,A
538007824,2020-05-09T19:40:07,28.18502,-88.84191,11.6,315.9,320.0,,,,,0,,,,,A
538007824,2020-05-09T19:44:37,28.19562,-88.85326,11.6,316.2,319.0,,,,,0,,,,,A
357536000,2020-05-14T13:43:42,28.16707,-88.81598,11.0,323.0,323.0,,,,,0,,,,,A
357536000,2020-05-14T13:45:02,28.17035,-88.81872,10.9,324.0,323.0,,,,,0,,,,,A
357536000,2020-05-14T13:46:21,28.17357,-88.82141,10.8,323.0,323.0,,,,,0,,,,,A
357536000,2020-05-14T13:48:03,28.17767,-88.82481,10.7,323.0,323.0,,,,,0,,,,,A
357536000,2020-05-14T13:51:03,28.18481,-88.83064,10.4,323.0,323.0,,,,,0,,,,,A
357536000,2020-05-14T13:52:31,28.18828,-88.83351,10.4,323.0,323.0,,,,,0,,,,,A
357536000,2020-05-14T13:53:53,28.19140,-88.83606,10.3,323.0,320.0,,,,,0,,,,,A
357536000,2020-05-14T13:55:13,28.19439,-88.83882,10.2,319.0,319.0,,,,,0,,,,,A
357536000,2020-05-14T13:56:22,28.19690,-88.84122,10.2,319.0,319.0,,,,,0,,,,,A
538008263,2020-05-20T23:03:43,28.19689,-88.82954,15.4,132.2,131.0,,,,,0,,,,,A
538008263,2020-05-20T23:04:49,28.19374,-88.82560,15.4,132.5,131.0,,,,,0,,,,,A
538008263,2020-05-20T23:05:55,28.19058,-88.82166,15.4,132.7,131.0,,,,,0,,,,,A
538008263,2020-05-20T23:07:01,28.18741,-88.81770,15.4,131.8,130.0,,,,,0,,,,,A
563071400,2020-05-21T18:57:34,28.19760,-88.85242,15.1,143.6,146.0,,,,,0,,,,,A
563071400,2020-05-21T18:58:40,28.19392,-88.84946,15.0,145.7,150.0,,,,,0,,,,,A
563071400,2020-05-21T18:59:52,28.18965,-88.84642,14.9,148.0,150.0,,,,,0,,,,,A
563071400,2020-05-21T19:00:22,28.18789,-88.84517,14.9,147.2,149.0,,,,,0,,,,,A
563071400,2020-05-21T19:01:28,28.18413,-88.84227,14.9,144.5,147.0,,,,,0,,,,,A
563071400,2020-05-21T19:02:34,28.18039,-88.83926,14.8,144.8,149.0,,,,,0,,,,,A
563071400,2020-05-21T19:03:39,28.17677,-88.83648,14.7,145.6,149.0,,,,,0,,,,,A
563071400,2020-05-21T19:04:40,28.17335,-88.83384,14.7,145.7,150.0,,,,,0,,,,,A
563071400,2020-05-21T19:06:03,28.16865,-88.83019,14.6,145.0,149.0,,,,,0,,,,,A
563071400,2020-05-21T19:07:16,28.16463,-88.82707,14.6,145.5,149.0,,,,,0,,,,,A
357194000,2020-05-24T16:56:07,28.18134,-88.83125,12.7,317.6,317.0,,,,,0,,,,,A
357194000,2020-05-24T16:57:37,28.18528,-88.83529,12.7,317.6,317.0,,,,,0,,,,,A
357194000,2020-05-24T16:58:57,28.18881,-88.83890,12.8,317.6,317.0,,,,,0,,,,,A
357194000,2020-05-24T17:00:06,28.19191,-88.84208,12.8,318.0,318.0,,,,,0,,,,,A
316031772,2020-05-30T20:14:47,28.17494,-88.81656,11.9,320.5,328.0,,,,,0,,,,,A
316031772,2020-05-30T20:16:49,28.18010,-88.82138,11.9,320.3,328.0,,,,,0,,,,,A
316031772,2020-05-30T20:18:49,28.18517,-88.82612,11.9,320.4,328.0,,,,,0,,,,,A
316031772,2020-05-30T20:20:18,28.18897,-88.82967,11.8,320.4,327.0,,,,,0,,,,,A
316031772,2020-05-30T20:21:28,28.19196,-88.83242,11.8,320.4,327.0,,,,,0,,,,,A
316031772,2020-05-30T20:22:37,28.19490,-88.83513,11.8,320.4,328.0,,,,,0,,,,,A
338731000,2020-06-02T06:50:30,28.18577,-88.81594,9.0,306.3,309.0,DELTA MARINER,IMO9198501,WCZ7837,70,0,95,24,4.6,,A
338731000,2020-06-02T06:51:39,28.18745,-88.81851,9.0,306.3,309.0,DELTA MARINER,IMO9198501,WCZ7837,70,0,95,24,4.6,,A
338731000,2020-06-02T06:52:59,28.18943,-88.82153,8.9,306.8,309.0,DELTA MARINER,IMO9198501,WCZ7837,70,0,95,24,4.6,,A
338731000,2020-06-02T06:54:10,28.19119,-88.82421,8.9,306.4,308.0,DELTA MARINER,IMO9198501,WCZ7837,70,0,95,24,4.6,,A
338731000,2020-06-02T06:55:18,28.19289,-88.82681,8.9,306.5,309.0,DELTA MARINER,IMO9198501,WCZ7837,70,0,95,24,4.6,,A
338731000,2020-06-02T06:56:48,28.19511,-88.83019,8.9,306.1,308.0,DELTA MARINER,IMO9198501,WCZ7837,70,0,95,24,4.6,,A
338731000,2020-06-02T06:57:59,28.19682,-88.83285,8.9,306.5,308.0,DELTA MARINER,IMO9198501,WCZ7837,70,0,95,24,4.6,,A
316031772,2020-06-02T13:21:30,28.19543,-88.84291,11.2,135.3,131.0,,,,,0,,,,,A
316031772,2020-06-02T13:22:41,28.19283,-88.84004,11.2,135.4,130.0,,,,,0,,,,,A
316031772,2020-06-02T13:23:50,28.19026,-88.83713,11.2,135.4,131.0,,,,,0,,,,,A
316031772,2020-06-02T13:25:00,28.18770,-88.83438,11.2,136.6,132.0,,,,,0,,,,,A
316031772,2020-06-02T13:26:11,28.18500,-88.83144,11.2,136.5,131.0,,,,,0,,,,,A
316031772,2020-06-02T13:27:20,28.18246,-88.82867,11.2,136.1,132.0,,,,,0,,,,,A
316031772,2020-06-02T13:28:32,28.17974,-88.82576,11.2,136.4,132.0,,,,,0,,,,,A
316031772,2020-06-02T13:29:41,28.17714,-88.82297,11.2,136.4,131.0,,,,,0,,,,,A
316031772,2020-06-02T13:30:50,28.17455,-88.82018,11.3,136.7,132.0,,,,,0,,,,,A
316031772,2020-06-02T13:32:01,28.17191,-88.81735,11.3,136.5,131.0,,,,,0,,,,,A
538008654,2020-06-03T00:35:59,28.16205,-88.84523,12.6,316.6,316.0,,,,,0,,,,,A
538008654,2020-06-03T00:37:09,28.16497,-88.84853,12.7,315.4,318.0,,,,,0,,,,,A
538008654,2020-06-03T00:38:39,28.16882,-88.85263,12.9,317.2,320.0,,,,,0,,,,,A
636016098,2020-06-03T21:28:26,28.16732,-88.83215,13.8,314.1,318.0,GOLDENGATE PARK,IMO9493145,D5EL2,80,0,141,24,9.7,,A
636016098,2020-06-03T21:30:05,28.17184,-88.83724,13.9,315.3,320.0,GOLDENGATE PARK,IMO9493145,D5EL2,80,0,141,24,9.7,,A
636016098,2020-06-03T21:32:45,28.17925,-88.84531,13.8,316.4,323.0,GOLDENGATE PARK,IMO9493145,D5EL2,80,0,141,24,9.7,,A
636016098,2020-06-03T21:35:35,28.18732,-88.85345,13.8,317.4,320.0,GOLDENGATE PARK,IMO9493145,D5EL2,80,0,141,24,9.7,,A
538007450,2020-02-15T00:56:49,28.19390,-88.82070,10.8,133.7,133.0,STONINGTON EAGLE,IMO9575151,V7OK7,70,0,200,32,-12.8,70,A
205762000,2020-03-27T17:31:21,28.16593,-88.83032,13.9,328.0,328.0,SELENA,IMO9302994,ONJT,80,0,274,48,11.6,80,A
205762000,2020-03-27T17:32:28,28.16958,-88.83285,14.0,328.0,328.0,SELENA,IMO9302994,ONJT,80,0,274,48,11.6,80,A
205762000,2020-03-27T17:34:16,28.17560,-88.83707,14.0,328.0,328.0,SELENA,IMO9302994,ONJT,80,0,274,48,11.6,80,A
205762000,2020-03-27T17:35:21,28.17913,-88.83955,13.9,328.0,328.0,SELENA,IMO9302994,ONJT,80,0,274,48,11.6,80,A
205762000,2020-03-27T17:36:52,28.18422,-88.84310,13.9,328.0,328.0,SELENA,IMO9302994,ONJT,80,0,274,48,11.6,80,A
205762000,2020-03-27T17:38:04,28.18813,-88.84583,13.9,328.0,328.0,SELENA,IMO9302994,ONJT,80,0,274,48,11.6,80,A
205762000,2020-03-27T17:39:15,28.19210,-88.84865,13.9,328.0,328.0,SELENA,IMO9302994,ONJT,80,0,274,48,11.6,80,A
205762000,2020-03-27T17:40:22,28.19575,-88.85118,13.9,328.0,328.0,SELENA,IMO9302994,ONJT,80,0,274,48,11.6,80,A
367635140,2020-04-27T03:29:12,28.19484,-88.81934,13.2,231.5,227.0,AVERY ISLAND,IMO9730311,WDH6152,90,0,95,20,6.9,,A
367658140,2020-05-08T03:13:40,28.19766,-88.81615,8.9,139.5,137.0,DYLAN COOPER,IMO9769934,WDH8454,31,0,35,10,4.9,,A
565135000,2020-01-02T18:17:30,28.16647,-88.82522,11.8,148.6,148.0,COMPASS,IMO9274094,9V2886,80,0,228,32,14.4,80,A
477214400,2020-04-03T05:50:11,28.16266,-88.84635,15.0,328.5,332.0,GERHARD SCHULTE,IMO9328481,VRBY5,70,0,230,32,12.0,,A
477214400,2020-04-03T05:51:23,28.16693,-88.84930,15.0,328.8,332.0,GERHARD SCHULTE,IMO9328481,VRBY5,70,0,230,32,12.0,,A
477214400,2020-04-03T05:52:35,28.17123,-88.85223,15.0,329.2,332.0,GERHARD SCHULTE,IMO9328481,VRBY5,70,0,230,32,12.0,,A
319963000,2020-05-08T05:08:18,28.16414,-88.84239,14.2,325.3,327.0,STOLT ISLAND,IMO9414058,ZCXG7,80,0,182,32,11.9,82,A
319963000,2020-05-08T05:10:06,28.16989,-88.84669,14.2,326.8,326.0,STOLT ISLAND,IMO9414058,ZCXG7,80,0,182,32,11.9,82,A
319963000,2020-05-08T05:11:19,28.17400,-88.84981,14.3,326.3,326.0,STOLT ISLAND,IMO9414058,ZCXG7,80,0,182,32,11.9,82,A
319963000,2020-05-08T05:12:25,28.17764,-88.85264,14.3,324.7,325.0,STOLT ISLAND,IMO9414058,ZCXG7,80,0,182,32,11.9,82,A
477637500,2020-02-02T10:20:51,28.19350,-88.83700,13.3,132.6,133.0,OCEAN FORTUNE,IMO9727077,VRNS6,70,0,179,30,10.3,,A
477637500,2020-02-02T10:22:10,28.19022,-88.83304,13.3,132.2,133.0,OCEAN FORTUNE,IMO9727077,VRNS6,70,0,179,30,10.3,,A
477637500,2020-02-02T10:25:00,28.18341,-88.82423,13.2,128.5,129.0,OCEAN FORTUNE,IMO9727077,VRNS6,70,0,179,30,10.3,,A
477637500,2020-02-02T10:26:11,28.18074,-88.82037,13.1,127.0,127.0,OCEAN FORTUNE,IMO9727077,VRNS6,70,0,179,30,10.3,,A
538005884,2020-02-14T08:50:26,28.19084,-88.82697,13.6,120.4,120.0,HARVEST FROST,IMO9643879,V7GU4,70,0,237,40,14.4,,A
319459000,2020-04-18T17:16:27,28.16621,-88.81611,13.0,317.3,319.0,STOLT SUN,IMO9149512,ZCSR2,80,0,162,23,10.1,,A
319459000,2020-04-18T17:17:37,28.16932,-88.81937,13.0,316.9,317.0,STOLT SUN,IMO9149512,ZCSR2,80,0,162,23,10.1,,A
319459000,2020-04-18T17:19:27,28.17413,-88.82452,13.0,317.2,318.0,STOLT SUN,IMO9149512,ZCSR2,80,0,162,23,10.1,,A
319459000,2020-04-18T17:20:57,28.17806,-88.82876,13.0,315.5,317.0,STOLT SUN,IMO9149512,ZCSR2,80,0,162,23,10.1,,A
319459000,2020-04-18T17:22:08,28.18115,-88.83211,13.0,317.1,319.0,STOLT SUN,IMO9149512,ZCSR2,80,0,162,23,10.1,,A
319459000,2020-04-18T17:23:18,28.18423,-88.83533,12.9,316.5,317.0,STOLT SUN,IMO9149512,ZCSR2,80,0,162,23,10.1,,A
319459000,2020-04-18T17:24:26,28.18716,-88.83853,12.9,316.1,318.0,STOLT SUN,IMO9149512,ZCSR2,80,0,162,23,10.1,,A
319459000,2020-04-18T17:25:38,28.19029,-88.84188,12.9,317.0,319.0,STOLT SUN,IMO9149512,ZCSR2,80,0,162,23,10.1,,A
319459000,2020-04-18T17:27:38,28.19561,-88.84741,13.0,316.9,318.0,STOLT SUN,IMO9149512,ZCSR2,80,0,162,23,10.1,,A
367690000,2020-04-23T06:23:20,28.19515,-88.84806,11.2,138.3,137.0,FREEPORT,IMO9447249,WDD6704,31,0,45,14,6.9,57,A
367690000,2020-04-23T06:26:11,28.18848,-88.84123,11.2,138.1,137.0,FREEPORT,IMO9447249,WDD6704,31,0,45,14,6.9,57,A
367690000,2020-04-23T06:27:20,28.18577,-88.83849,11.3,137.7,137.0,FREEPORT,IMO9447249,WDD6704,31,0,45,14,6.9,57,A
367690000,2020-04-23T06:29:40,28.18021,-88.83292,11.4,138.6,137.0,FREEPORT,IMO9447249,WDD6704,31,0,45,14,6.9,57,A
367690000,2020-04-23T06:31:11,28.17660,-88.82933,11.4,138.1,137.0,FREEPORT,IMO9447249,WDD6704,31,0,45,14,6.9,57,A
367690000,2020-04-23T06:32:51,28.17265,-88.82540,11.3,138.6,137.0,FREEPORT,IMO9447249,WDD6704,31,0,45,14,6.9,57,A
367690000,2020-04-23T06:34:51,28.16795,-88.82068,11.3,138.5,137.0,FREEPORT,IMO9447249,WDD6704,31,0,45,14,6.9,57,A
367690000,2020-04-23T06:36:31,28.16403,-88.81679,11.3,138.5,137.0,FREEPORT,IMO9447249,WDD6704,31,0,45,14,6.9,57,A
642122021,2020-01-19T19:55:45,28.16298,-88.83524,10.7,326.0,330.0,SAMRAA ALKHALEEJ,IMO9331141,5AXG,80,0,248,43,14.9,80,A
642122021,2020-01-19T19:56:46,28.16549,-88.83713,10.8,326.2,329.0,SAMRAA ALKHALEEJ,IMO9331141,5AXG,80,0,248,43,14.9,80,A
642122021,2020-01-19T19:58:16,28.16919,-88.83994,10.7,325.7,330.0,SAMRAA ALKHALEEJ,IMO9331141,5AXG,80,0,248,43,14.9,80,A
642122021,2020-01-19T19:59:35,28.17247,-88.84244,10.7,326.3,329.0,SAMRAA ALKHALEEJ,IMO9331141,5AXG,80,0,248,43,14.9,80,A
642122021,2020-01-19T20:00:06,28.17375,-88.84343,10.8,325.8,330.0,SAMRAA ALKHALEEJ,IMO9331141,5AXG,80,0,248,43,14.9,80,A
642122021,2020-01-19T20:01:16,28.17665,-88.84563,10.7,327.7,330.0,SAMRAA ALKHALEEJ,IMO9331141,5AXG,80,0,248,43,14.9,80,A
642122021,2020-01-19T20:02:25,28.17954,-88.84776,10.7,325.4,329.0,SAMRAA ALKHALEEJ,IMO9331141,5AXG,80,0,248,43,14.9,80,A
642122021,2020-01-19T20:04:06,28.18370,-88.85099,10.7,325.6,330.0,SAMRAA ALKHALEEJ,IMO9331141,5AXG,80,0,248,43,14.9,80,A
642122021,2020-01-19T20:05:15,28.18658,-88.85312,10.8,327.4,330.0,SAMRAA ALKHALEEJ,IMO9331141,5AXG,80,0,248,43,14.9,80,A
538007454,2020-04-06T05:06:44,28.16607,-88.82513,10.6,323.0,325.0,ROWAYTON EAGLE,IMO9575216,V7OO2,70,0,199,32,13.3,70,A
538007454,2020-04-06T05:07:45,28.16849,-88.82719,10.6,323.1,325.0,ROWAYTON EAGLE,IMO9575216,V7OO2,70,0,199,32,13.3,70,A
538007454,2020-04-06T05:09:03,28.17153,-88.82981,10.5,322.9,325.0,ROWAYTON EAGLE,IMO9575216,V7OO2,70,0,199,32,13.3,70,A
538007454,2020-04-06T05:10:33,28.17507,-88.83280,10.5,322.6,325.0,ROWAYTON EAGLE,IMO9575216,V7OO2,70,0,199,32,13.3,70,A
538007454,2020-04-06T05:12:33,28.17977,-88.83688,10.5,322.5,325.0,ROWAYTON EAGLE,IMO9575216,V7OO2,70,0,199,32,13.3,70,A
538007454,2020-04-06T05:13:43,28.18245,-88.83919,10.5,323.0,325.0,ROWAYTON EAGLE,IMO9575216,V7OO2,70,0,199,32,13.3,70,A
538007454,2020-04-06T05:15:13,28.18600,-88.84222,10.5,323.1,325.0,ROWAYTON EAGLE,IMO9575216,V7OO2,70,0,199,32,13.3,70,A
538007454,2020-04-06T05:16:23,28.18873,-88.84454,10.5,322.4,325.0,ROWAYTON EAGLE,IMO9575216,V7OO2,70,0,199,32,13.3,70,A
538007454,2020-04-06T05:17:54,28.19224,-88.84762,10.4,322.1,325.0,ROWAYTON EAGLE,IMO9575216,V7OO2,70,0,199,32,13.3,70,A
538007454,2020-04-06T05:19:34,28.19600,-88.85091,10.4,321.8,325.0,ROWAYTON EAGLE,IMO9575216,V7OO2,70,0,199,32,13.3,70,A
338731000,2020-01-20T01:41:39,28.19645,-88.82720,9.3,316.3,324.0,DELTA MARINER,IMO9198501,WCZ7837,70,0,95,24,4.6,,A
353244000,2020-02-16T21:16:36,28.16912,-88.81546,12.6,158.2,168.0,NAVE BELLATRIX,IMO9459084,3FEC7,80,0,183,32,13.1,80,A
636016364,2020-02-23T03:42:22,28.17359,-88.85382,14.7,154.5,154.0,CHEM SINGAPORE,IMO9705768,D5FU4,80,0,145,24,9.6,,A
636016364,2020-02-23T03:44:04,28.16737,-88.85046,14.7,154.3,154.0,CHEM SINGAPORE,IMO9705768,D5FU4,80,0,145,24,9.6,,A
303270000,2020-03-05T17:47:04,28.18148,-88.83252,8.9,309.5,310.0,OVERSEAS SANTORINI,IMO9435909,WOSI,80,0,183,32,13.3,,A
303270000,2020-03-05T17:48:14,28.18333,-88.83507,8.9,308.9,311.0,OVERSEAS SANTORINI,IMO9435909,WOSI,80,0,183,32,13.3,,A
303270000,2020-03-05T17:49:23,28.18516,-88.83760,8.9,308.9,311.0,OVERSEAS SANTORINI,IMO9435909,WOSI,80,0,183,32,13.3,,A
303270000,2020-03-05T17:50:32,28.18698,-88.84009,9.0,308.2,310.0,OVERSEAS SANTORINI,IMO9435909,WOSI,80,0,183,32,13.3,,A
303270000,2020-03-05T17:51:43,28.18882,-88.84266,9.0,308.6,311.0,OVERSEAS SANTORINI,IMO9435909,WOSI,80,0,183,32,13.3,,A
303270000,2020-03-05T17:52:54,28.19071,-88.84524,9.0,308.7,311.0,OVERSEAS SANTORINI,IMO9435909,WOSI,80,0,183,32,13.3,,A
303270000,2020-03-05T17:54:14,28.19282,-88.84820,9.0,308.4,311.0,OVERSEAS SANTORINI,IMO9435909,WOSI,80,0,183,32,13.3,,A
303270000,2020-03-05T17:55:23,28.19465,-88.85074,9.0,309.2,311.0,OVERSEAS SANTORINI,IMO9435909,WOSI,80,0,183,32,13.3,,A
303270000,2020-03-05T17:56:33,28.19648,-88.85323,8.9,310.5,311.0,OVERSEAS SANTORINI,IMO9435909,WOSI,80,0,183,32,13.3,,A
477302100,2020-05-31T03:11:54,28.16266,-88.81859,10.5,328.0,332.0,GRANDE ISLAND,IMO9496214,VRSN2,70,0,190,32,-12.8,70,A
477302100,2020-05-31T03:13:05,28.16561,-88.82058,10.5,328.4,330.0,GRANDE ISLAND,IMO9496214,VRSN2,70,0,190,32,-12.8,70,A
477302100,2020-05-31T03:14:15,28.16852,-88.82270,10.5,326.1,330.0,GRANDE ISLAND,IMO9496214,VRSN2,70,0,190,32,-12.8,70,A
477302100,2020-05-31T03:15:24,28.17134,-88.82477,10.5,327.4,331.0,GRANDE ISLAND,IMO9496214,VRSN2,70,0,190,32,-12.8,70,A
477302100,2020-05-31T03:16:25,28.17381,-88.82653,10.4,327.9,331.0,GRANDE ISLAND,IMO9496214,VRSN2,70,0,190,32,-12.8,70,A
477302100,2020-05-31T03:17:34,28.17668,-88.82858,10.4,326.9,329.0,GRANDE ISLAND,IMO9496214,VRSN2,70,0,190,32,-12.8,70,A
477302100,2020-05-31T03:18:44,28.17952,-88.83069,10.4,326.2,329.0,GRANDE ISLAND,IMO9496214,VRSN2,70,0,190,32,-12.8,70,A
477302100,2020-05-31T03:19:55,28.18237,-88.83277,10.4,327.7,331.0,GRANDE ISLAND,IMO9496214,VRSN2,70,0,190,32,-12.8,70,A
477302100,2020-05-31T03:21:05,28.18527,-88.83477,10.4,328.4,330.0,GRANDE ISLAND,IMO9496214,VRSN2,70,0,190,32,-12.8,70,A
477302100,2020-05-31T03:22:14,28.18808,-88.83683,10.4,326.6,329.0,GRANDE ISLAND,IMO9496214,VRSN2,70,0,190,32,-12.8,70,A
477302100,2020-05-31T03:23:24,28.19092,-88.83892,10.4,327.3,331.0,GRANDE ISLAND,IMO9496214,VRSN2,70,0,190,32,-12.8,70,A
477302100,2020-05-31T03:24:35,28.19384,-88.84092,10.4,328.6,330.0,GRANDE ISLAND,IMO9496214,VRSN2,70,0,190,32,-12.8,70,A
477302100,2020-05-31T03:25:44,28.19666,-88.84294,10.4,326.5,329.0,GRANDE ISLAND,IMO9496214,VRSN2,70,0,190,32,-12.8,70,A
566167000,2020-01-22T16:03:29,28.17923,-88.83404,11.5,330.5,332.0,VIPHA NAREE,IMO9722027,9V2939,70,0,182,30,10.5,,A
566167000,2020-01-29T03:10:25,28.19506,-88.82899,11.0,139.1,136.0,VIPHA NAREE,IMO9722027,9V2939,70,0,182,30,10.5,,A
566167000,2020-01-29T03:12:23,28.19046,-88.82457,11.0,140.6,136.0,VIPHA NAREE,IMO9722027,9V2939,70,0,182,30,10.5,,A
566167000,2020-01-29T03:14:23,28.18579,-88.82004,11.1,141.2,136.0,VIPHA NAREE,IMO9722027,9V2939,70,0,182,30,10.5,,A
240480000,2020-02-15T23:38:22,28.16808,-88.83570,12.3,326.0,325.0,MINERVA CLARA,IMO9297333,SXGT,80,0,243,42,14.8,89,A
240480000,2020-02-15T23:40:02,28.17293,-88.83940,12.4,325.0,326.0,MINERVA CLARA,IMO9297333,SXGT,80,0,243,42,14.8,89,A
240480000,2020-02-15T23:43:41,28.18352,-88.84738,12.4,325.0,325.0,MINERVA CLARA,IMO9297333,SXGT,80,0,243,42,14.8,89,A
353245000,2020-02-29T06:07:13,28.16460,-88.83679,11.0,330.0,328.0,DK IONE,IMO9528158,3ETX,70,0,196,32,13.0,,A
353245000,2020-02-29T06:08:32,28.16806,-88.83904,11.0,329.9,328.0,DK IONE,IMO9528158,3ETX,70,0,196,32,13.0,,A
353245000,2020-02-29T06:09:53,28.17164,-88.84138,11.0,330.3,328.0,DK IONE,IMO9528158,3ETX,70,0,196,32,13.0,,A
353245000,2020-02-29T06:11:13,28.17524,-88.84372,11.0,330.2,328.0,DK IONE,IMO9528158,3ETX,70,0,196,32,13.0,,A
353245000,2020-02-29T06:12:32,28.17867,-88.84601,11.0,329.6,327.0,DK IONE,IMO9528158,3ETX,70,0,196,32,13.0,,A
353245000,2020-02-29T06:14:32,28.18399,-88.84951,11.1,330.2,327.0,DK IONE,IMO9528158,3ETX,70,0,196,32,13.0,,A
353245000,2020-02-29T06:15:33,28.18662,-88.85125,11.1,329.2,327.0,DK IONE,IMO9528158,3ETX,70,0,196,32,13.0,,A
353245000,2020-02-29T06:16:52,28.19020,-88.85365,11.1,329.2,327.0,DK IONE,IMO9528158,3ETX,70,0,196,32,13.0,,A
311000115,2020-03-12T11:40:55,28.19707,-88.84123,9.1,120.1,116.0,FUGRO BRASILIS,IMO9627423,C6AP7,90,0,65,14,4.3,,A
311000115,2020-03-12T11:42:05,28.19555,-88.83830,9.2,120.5,116.0,FUGRO BRASILIS,IMO9627423,C6AP7,90,0,65,14,4.3,,A
311000115,2020-03-12T11:43:14,28.19405,-88.83540,9.2,119.9,116.0,FUGRO BRASILIS,IMO9627423,C6AP7,90,0,65,14,4.3,,A
311000115,2020-03-12T11:44:54,28.19190,-88.83122,9.2,119.8,116.0,FUGRO BRASILIS,IMO9627423,C6AP7,90,0,65,14,4.3,,A
311000115,2020-03-12T11:46:15,28.19013,-88.82783,9.1,120.5,116.0,FUGRO BRASILIS,IMO9627423,C6AP7,90,0,65,14,4.3,,A
311000115,2020-03-12T11:48:15,28.18752,-88.82288,9.1,121.3,117.0,FUGRO BRASILIS,IMO9627423,C6AP7,90,0,65,14,4.3,,A
311000115,2020-03-12T11:49:24,28.18595,-88.82000,9.1,121.1,116.0,FUGRO BRASILIS,IMO9627423,C6AP7,90,0,65,14,4.3,,A
311000115,2020-03-12T11:50:25,28.18462,-88.81755,9.1,121.6,117.0,FUGRO BRASILIS,IMO9627423,C6AP7,90,0,65,14,4.3,,A
367415160,2020-03-26T14:08:20,28.19605,-88.83974,9.4,135.6,130.0,YELLOWFIN,IMO9565584,WDG9738,31,0,35,10,4.3,,A
367415160,2020-03-26T14:09:52,28.19320,-88.83662,9.3,136.3,130.0,YELLOWFIN,IMO9565584,WDG9738,31,0,35,10,4.3,,A
367415160,2020-03-26T14:11:01,28.19102,-88.83421,9.3,134.9,130.0,YELLOWFIN,IMO9565584,WDG9738,31,0,35,10,4.3,,A
367415160,2020-03-26T14:12:21,28.18854,-88.83145,9.3,135.4,130.0,YELLOWFIN,IMO9565584,WDG9738,31,0,35,10,4.3,,A
367415160,2020-03-26T14:13:31,28.18639,-88.82908,9.3,136.2,130.0,YELLOWFIN,IMO9565584,WDG9738,31,0,35,10,4.3,,A
367415160,2020-03-26T14:14:32,28.18453,-88.82703,9.3,135.9,130.0,YELLOWFIN,IMO9565584,WDG9738,31,0,35,10,4.3,,A
367415160,2020-03-26T14:15:52,28.18203,-88.82424,9.3,134.9,130.0,YELLOWFIN,IMO9565584,WDG9738,31,0,35,10,4.3,,A
367415160,2020-03-26T14:17:22,28.17926,-88.82113,9.3,135.5,130.0,YELLOWFIN,IMO9565584,WDG9738,31,0,35,10,4.3,,A
367415160,2020-03-26T14:18:23,28.17742,-88.81905,9.3,134.9,130.0,YELLOWFIN,IMO9565584,WDG9738,31,0,35,10,4.3,,A
367415160,2020-03-26T14:19:51,28.17465,-88.81598,9.3,134.8,129.0,YELLOWFIN,IMO9565584,WDG9738,31,0,35,10,4.3,,A
369108000,2020-02-22T15:47:20,28.19693,-88.82621,9.4,128.0,126.0,CADE CANDIES,IMO9518957,WKBG,90,0,94,20,6.3,90,A
369108000,2020-02-22T15:50:19,28.19200,-88.81913,9.3,127.8,126.0,CADE CANDIES,IMO9518957,WKBG,90,0,94,20,6.3,90,A
356152000,2020-02-13T01:18:09,28.16939,-88.83901,12.3,318.7,317.0,CHEMROAD NOVA,IMO9261762,HOQZ,80,0,174,27,11.0,,A
356152000,2020-02-13T01:19:20,28.17243,-88.84203,12.3,318.6,317.0,CHEMROAD NOVA,IMO9261762,HOQZ,80,0,174,27,11.0,,A
356152000,2020-02-13T01:20:28,28.17535,-88.84497,12.2,318.4,317.0,CHEMROAD NOVA,IMO9261762,HOQZ,80,0,174,27,11.0,,A
356152000,2020-02-13T01:21:49,28.17875,-88.84836,12.2,318.4,317.0,CHEMROAD NOVA,IMO9261762,HOQZ,80,0,174,27,11.0,,A
356152000,2020-02-13T01:23:59,28.18431,-88.85389,12.3,318.6,317.0,CHEMROAD NOVA,IMO9261762,HOQZ,80,0,174,27,11.0,,A
636016655,2020-02-20T04:01:13,28.19527,-88.82789,12.0,129.5,129.0,WHISTLER,IMO9358371,D5HD8,70,0,199,23,10.8,,A
636016655,2020-02-20T04:03:52,28.18946,-88.82023,12.0,131.0,130.0,WHISTLER,IMO9358371,D5HD8,70,0,199,23,10.8,,A
636016655,2020-02-20T04:05:12,28.18651,-88.81642,12.0,131.2,129.0,WHISTLER,IMO9358371,D5HD8,70,0,199,23,10.8,,A
256562000,2020-03-18T02:16:26,28.18279,-88.85354,11.6,132.2,129.0,PIRIN,IMO9381861,9HXN8,70,0,168,25,8.5,70,A
256562000,2020-03-18T02:17:55,28.17958,-88.84954,11.6,132.4,129.0,PIRIN,IMO9381861,9HXN8,70,0,168,25,8.5,70,A
256562000,2020-03-18T02:18:56,28.17733,-88.84675,11.6,132.2,129.0,PIRIN,IMO9381861,9HXN8,70,0,168,25,8.5,70,A
256562000,2020-03-18T02:19:57,28.17514,-88.84405,11.6,132.0,129.0,PIRIN,IMO9381861,9HXN8,70,0,168,25,8.5,70,A
256562000,2020-03-18T02:21:17,28.17228,-88.84045,11.6,132.0,129.0,PIRIN,IMO9381861,9HXN8,70,0,168,25,8.5,70,A
256562000,2020-03-18T02:22:26,28.16975,-88.83727,11.6,132.0,129.0,PIRIN,IMO9381861,9HXN8,70,0,168,25,8.5,70,A
256562000,2020-03-18T02:24:17,28.16582,-88.83229,11.5,131.8,129.0,PIRIN,IMO9381861,9HXN8,70,0,168,25,8.5,70,A
256562000,2020-03-18T02:25:26,28.16331,-88.82912,11.5,131.9,129.0,PIRIN,IMO9381861,9HXN8,70,0,168,25,8.5,70,A
367415160,2020-04-08T01:31:12,28.19327,-88.83348,11.3,315.9,315.0,YELLOWFIN,IMO9565584,WDG9738,31,0,35,10,4.3,,A
367415160,2020-04-08T01:32:42,28.19667,-88.83713,11.2,315.5,315.0,YELLOWFIN,IMO9565584,WDG9738,31,0,35,10,4.3,,A
367415160,2020-04-14T00:27:12,28.19610,-88.83675,7.6,135.7,134.0,YELLOWFIN,IMO9565584,WDG9738,31,0,35,10,4.3,,A
367415160,2020-04-14T00:28:42,28.19388,-88.83430,7.3,136.2,133.0,YELLOWFIN,IMO9565584,WDG9738,31,0,35,10,4.3,,A
367415160,2020-04-14T00:30:02,28.19199,-88.83213,7.1,134.7,133.0,YELLOWFIN,IMO9565584,WDG9738,31,0,35,10,4.3,,A
367415160,2020-04-14T00:31:12,28.19028,-88.83019,7.7,134.6,134.0,YELLOWFIN,IMO9565584,WDG9738,31,0,35,10,4.3,,A
367415160,2020-04-14T00:32:42,28.18801,-88.82762,7.3,134.2,134.0,YELLOWFIN,IMO9565584,WDG9738,31,0,35,10,4.3,,A
367415160,2020-04-14T00:34:42,28.18508,-88.82421,7.6,135.2,134.0,YELLOWFIN,IMO9565584,WDG9738,31,0,35,10,4.3,,A
367415160,2020-04-14T00:35:52,28.18341,-88.82227,7.1,133.5,133.0,YELLOWFIN,IMO9565584,WDG9738,31,0,35,10,4.3,,A
367415160,2020-04-14T00:37:22,28.18127,-88.81982,7.5,135.1,134.0,YELLOWFIN,IMO9565584,WDG9738,31,0,35,10,4.3,,A
367415160,2020-04-14T00:38:42,28.17935,-88.81760,7.5,134.0,134.0,YELLOWFIN,IMO9565584,WDG9738,31,0,35,10,4.3,,A
367415160,2020-04-23T08:38:47,28.19520,-88.83949,7.2,135.9,132.0,YELLOWFIN,IMO9565584,WDG9738,31,0,35,10,4.3,,A
367415160,2020-04-23T08:39:57,28.19352,-88.83759,7.3,136.6,133.0,YELLOWFIN,IMO9565584,WDG9738,31,0,35,10,4.3,,A
367415160,2020-04-23T08:41:27,28.19134,-88.83518,7.2,136.8,132.0,YELLOWFIN,IMO9565584,WDG9738,31,0,35,10,4.3,,A
367415160,2020-04-23T08:42:28,28.18991,-88.83357,7.2,136.9,132.0,YELLOWFIN,IMO9565584,WDG9738,31,0,35,10,4.3,,A
367415160,2020-04-23T08:43:36,28.18826,-88.83174,7.2,136.3,132.0,YELLOWFIN,IMO9565584,WDG9738,31,0,35,10,4.3,,A
367415160,2020-04-23T08:44:57,28.18631,-88.82965,7.1,136.0,132.0,YELLOWFIN,IMO9565584,WDG9738,31,0,35,10,4.3,,A
367415160,2020-04-23T08:46:07,28.18462,-88.82775,7.3,134.6,132.0,YELLOWFIN,IMO9565584,WDG9738,31,0,35,10,4.3,,A
367415160,2020-04-23T08:47:17,28.18293,-88.82587,7.1,132.8,133.0,YELLOWFIN,IMO9565584,WDG9738,31,0,35,10,4.3,,A
367415160,2020-04-23T08:48:47,28.18078,-88.82354,7.2,137.0,134.0,YELLOWFIN,IMO9565584,WDG9738,31,0,35,10,4.3,,A
367415160,2020-04-23T08:49:57,28.17902,-88.82177,7.5,138.2,134.0,YELLOWFIN,IMO9565584,WDG9738,31,0,35,10,4.3,,A
367415160,2020-04-23T08:51:38,28.17644,-88.81911,7.3,137.0,134.0,YELLOWFIN,IMO9565584,WDG9738,31,0,35,10,4.3,,A
367415160,2020-04-23T08:52:57,28.17447,-88.81708,7.2,136.6,135.0,YELLOWFIN,IMO9565584,WDG9738,31,0,35,10,4.3,,A
367415160,2020-04-23T08:54:07,28.17270,-88.81525,7.4,137.6,135.0,YELLOWFIN,IMO9565584,WDG9738,31,0,35,10,4.3,,A
367415160,2020-05-14T16:58:45,28.19258,-88.83632,7.6,137.3,129.0,YELLOWFIN,IMO9565584,WDG9738,31,0,35,10,4.3,,A
367415160,2020-05-14T17:05:14,28.18273,-88.82502,7.7,135.1,130.0,YELLOWFIN,IMO9565584,WDG9738,31,0,35,10,4.3,,A
367415160,2020-05-14T17:09:14,28.17666,-88.81813,7.6,133.6,130.0,YELLOWFIN,IMO9565584,WDG9738,31,0,35,10,4.3,,A
367415160,2020-05-14T17:10:53,28.17415,-88.81525,7.9,136.2,130.0,YELLOWFIN,IMO9565584,WDG9738,31,0,35,10,4.3,,A
367415160,2020-05-19T19:13:22,28.18554,-88.81663,10.6,314.8,308.0,YELLOWFIN,IMO9565584,WDG9738,31,0,35,10,4.3,,A
367415160,2020-05-19T19:14:53,28.18867,-88.82030,10.7,314.7,308.0,YELLOWFIN,IMO9565584,WDG9738,31,0,35,10,4.3,,A
367415160,2020-05-19T19:16:03,28.19108,-88.82311,10.7,314.6,308.0,YELLOWFIN,IMO9565584,WDG9738,31,0,35,10,4.3,,A
367415160,2020-05-19T19:17:04,28.19315,-88.82553,10.7,313.9,308.0,YELLOWFIN,IMO9565584,WDG9738,31,0,35,10,4.3,,A
367415160,2020-05-19T19:18:13,28.19552,-88.82832,10.7,313.7,308.0,YELLOWFIN,IMO9565584,WDG9738,31,0,35,10,4.3,,A
367415160,2020-05-27T00:59:01,28.19704,-88.83719,9.6,134.8,127.0,YELLOWFIN,IMO9565584,WDG9738,31,0,35,10,4.3,,A
367415160,2020-05-27T01:00:32,28.19424,-88.83389,9.5,134.8,125.0,YELLOWFIN,IMO9565584,WDG9738,31,0,35,10,4.3,,A
367415160,2020-05-27T01:01:51,28.19198,-88.83101,9.4,129.0,122.0,YELLOWFIN,IMO9565584,WDG9738,31,0,35,10,4.3,,A
367415160,2020-05-27T01:07:01,28.18322,-88.81925,9.3,130.6,121.0,YELLOWFIN,IMO9565584,WDG9738,31,0,35,10,4.3,,A
367415160,2020-05-27T01:08:11,28.18127,-88.81667,9.3,130.9,121.0,YELLOWFIN,IMO9565584,WDG9738,31,0,35,10,4.3,,A
367415160,2020-06-01T07:32:26,28.18629,-88.82667,11.6,316.7,317.0,YELLOWFIN,IMO9565584,WDG9738,31,0,35,10,4.3,,A
367415160,2020-06-01T07:33:35,28.18894,-88.82953,11.6,315.9,317.0,YELLOWFIN,IMO9565584,WDG9738,31,0,35,10,4.3,,A
367415160,2020-06-01T07:34:46,28.19176,-88.83255,11.6,316.4,317.0,YELLOWFIN,IMO9565584,WDG9738,31,0,35,10,4.3,,A
367415160,2020-06-01T07:35:56,28.19448,-88.83541,11.6,317.3,318.0,YELLOWFIN,IMO9565584,WDG9738,31,0,35,10,4.3,,A
367415160,2020-06-01T07:37:14,28.19763,-88.83867,11.7,317.8,317.0,YELLOWFIN,IMO9565584,WDG9738,31,0,35,10,4.3,,A
367415160,2020-06-05T00:33:06,28.19777,-88.84135,9.3,134.4,127.0,YELLOWFIN,IMO9565584,WDG9738,31,0,35,10,4.3,,A
367415160,2020-06-05T00:34:15,28.19565,-88.83892,9.4,134.7,127.0,YELLOWFIN,IMO9565584,WDG9738,31,0,35,10,4.3,,A
367415160,2020-06-05T00:35:36,28.19318,-88.83609,9.4,135.0,127.0,YELLOWFIN,IMO9565584,WDG9738,31,0,35,10,4.3,,A
367415160,2020-06-05T00:38:36,28.18756,-88.82966,9.4,133.7,127.0,YELLOWFIN,IMO9565584,WDG9738,31,0,35,10,4.3,,A
367415160,2020-06-05T00:40:36,28.18390,-88.82543,9.3,135.1,127.0,YELLOWFIN,IMO9565584,WDG9738,31,0,35,10,4.3,,A
367415160,2020-06-05T00:43:24,28.17875,-88.81950,9.4,134.3,127.0,YELLOWFIN,IMO9565584,WDG9738,31,0,35,10,4.3,,A
367415160,2020-06-05T00:44:46,28.17624,-88.81662,9.4,134.3,127.0,YELLOWFIN,IMO9565584,WDG9738,31,0,35,10,4.3,,A
372230000,2020-01-28T16:52:47,28.19692,-88.84630,11.7,126.0,128.0,SANTA BARBARA,IMO9476953,3FWW8,70,0,225,32,14.0,70,A
372230000,2020-01-28T16:54:16,28.19412,-88.84187,11.7,125.0,128.0,SANTA BARBARA,IMO9476953,3FWW8,70,0,225,32,14.0,70,A
372230000,2020-01-28T16:56:16,28.19022,-88.83580,11.7,125.0,127.0,SANTA BARBARA,IMO9476953,3FWW8,70,0,225,32,14.0,70,A
372230000,2020-01-28T16:57:26,28.18795,-88.83215,11.7,125.0,127.0,SANTA BARBARA,IMO9476953,3FWW8,70,0,225,32,14.0,70,A
372230000,2020-01-28T16:58:35,28.18573,-88.82877,11.7,126.0,128.0,SANTA BARBARA,IMO9476953,3FWW8,70,0,225,32,14.0,70,A
372230000,2020-01-28T16:59:46,28.18335,-88.82520,11.7,126.0,127.0,SANTA BARBARA,IMO9476953,3FWW8,70,0,225,32,14.0,70,A
372230000,2020-01-28T17:00:05,28.18283,-88.82440,11.7,126.0,127.0,SANTA BARBARA,IMO9476953,3FWW8,70,0,225,32,14.0,70,A
372230000,2020-01-28T17:01:16,28.18052,-88.82082,11.7,126.0,127.0,SANTA BARBARA,IMO9476953,3FWW8,70,0,225,32,14.0,70,A
372230000,2020-01-28T17:03:07,28.17682,-88.81528,11.7,126.0,127.0,SANTA BARBARA,IMO9476953,3FWW8,70,0,225,32,14.0,70,A
367455770,2020-02-19T06:59:19,28.18871,-88.82594,10.8,318.2,314.0,SR AMERICAN PROGRESS,IMO9118628,KAWM,80,0,183,32,12.2,,A
367455770,2020-02-19T07:00:19,28.19096,-88.82820,10.8,317.9,314.0,SR AMERICAN PROGRESS,IMO9118628,KAWM,80,0,183,32,12.2,,A
248900000,2020-03-20T17:48:07,28.16203,-88.84228,12.0,318.0,321.0,FOS PICASSO,IMO9379624,9HA4852,89,0,249,44,12.3,80,A
248900000,2020-03-20T17:49:17,28.16500,-88.84525,12.0,318.0,321.0,FOS PICASSO,IMO9379624,9HA4852,89,0,249,44,12.3,80,A
248900000,2020-03-20T17:50:27,28.16793,-88.84818,12.0,318.0,321.0,FOS PICASSO,IMO9379624,9HA4852,89,0,249,44,12.3,80,A
248900000,2020-03-20T17:51:36,28.17082,-88.85108,12.0,318.0,321.0,FOS PICASSO,IMO9379624,9HA4852,89,0,249,44,12.3,80,A
248900000,2020-03-20T17:52:47,28.17375,-88.85407,12.0,318.0,321.0,FOS PICASSO,IMO9379624,9HA4852,89,0,249,44,12.3,80,A
311734000,2020-01-12T09:02:18,28.19558,-88.82661,15.9,134.0,132.0,MAJESTY OF THE SEAS,IMO8819512,C6FZ8,60,0,268,36,7.5,66,A
311734000,2020-01-12T09:03:36,28.19159,-88.82196,15.8,134.0,132.0,MAJESTY OF THE SEAS,IMO8819512,C6FZ8,60,0,268,36,7.5,66,A
311734000,2020-01-12T09:04:37,28.18851,-88.81839,15.9,134.0,132.0,MAJESTY OF THE SEAS,IMO8819512,C6FZ8,60,0,268,36,7.5,66,A
311734000,2020-01-17T22:29:51,28.19597,-88.83128,12.7,316.0,316.0,MAJESTY OF THE SEAS,IMO8819512,C6FZ8,60,0,268,36,7.5,66,A
311734000,2020-02-23T09:11:37,28.19091,-88.81659,15.7,126.0,125.0,MAJESTY OF THE SEAS,IMO8819512,C6FZ8,60,0,268,36,7.5,66,A
368129660,2020-05-03T05:21:39,28.17106,-88.82886,6.9,83.9,92.0,IT JUST TAKES TIME,,WDL4251,37,,22,5,,,B
218582000,2020-05-08T13:32:16,28.19772,-88.83954,17.0,125.9,125.0,MSC CHARLESTON,IMO9299537,DDFT2,70,0,324,42,14.5,72,A
218582000,2020-05-08T13:33:22,28.19465,-88.83475,17.1,125.8,125.0,MSC CHARLESTON,IMO9299537,DDFT2,70,0,324,42,14.5,72,A
218582000,2020-05-08T13:34:28,28.19161,-88.82997,17.1,126.2,126.0,MSC CHARLESTON,IMO9299537,DDFT2,70,0,324,42,14.5,72,A
218582000,2020-05-08T13:35:35,28.18845,-88.82517,17.1,126.2,126.0,MSC CHARLESTON,IMO9299537,DDFT2,70,0,324,42,14.5,72,A
218582000,2020-05-08T13:36:46,28.18517,-88.82007,17.1,126.3,126.0,MSC CHARLESTON,IMO9299537,DDFT2,70,0,324,42,14.5,72,A
218582000,2020-05-08T13:37:53,28.18213,-88.81526,17.0,126.0,125.0,MSC CHARLESTON,IMO9299537,DDFT2,70,0,324,42,14.5,72,A
368515000,2020-03-23T02:25:18,28.18446,-88.85309,12.0,137.4,133.0,ACHIEVEMENT,IMO9542568,WDF2728,31,0,41,12,5.9,31,A
368515000,2020-03-23T02:26:39,28.18119,-88.84976,11.9,138.3,134.0,ACHIEVEMENT,IMO9542568,WDF2728,31,0,41,12,5.9,31,A
368515000,2020-03-23T02:28:09,28.17739,-88.84599,12.0,139.0,133.0,ACHIEVEMENT,IMO9542568,WDF2728,31,0,41,12,5.9,31,A
368515000,2020-03-23T02:30:09,28.17246,-88.84096,12.0,138.5,134.0,ACHIEVEMENT,IMO9542568,WDF2728,31,0,41,12,5.9,31,A
368515000,2020-03-23T02:31:19,28.16959,-88.83818,12.0,139.5,134.0,ACHIEVEMENT,IMO9542568,WDF2728,31,0,41,12,5.9,31,A
368515000,2020-03-23T02:32:20,28.16715,-88.83574,12.0,138.5,133.0,ACHIEVEMENT,IMO9542568,WDF2728,31,0,41,12,5.9,31,A
368515000,2020-03-23T02:33:29,28.16420,-88.83274,11.9,138.2,134.0,ACHIEVEMENT,IMO9542568,WDF2728,31,0,41,12,5.9,31,A
356865000,2020-05-31T08:47:31,28.17342,-88.81623,13.0,332.0,330.0,NAVIOS HYPERION,IMO9260627,HPYY,70,0,225,32,14.0,70,A
356865000,2020-05-31T08:48:40,28.17713,-88.81837,13.0,332.0,330.0,NAVIOS HYPERION,IMO9260627,HPYY,70,0,225,32,14.0,70,A
356865000,2020-05-31T08:49:50,28.18088,-88.82047,13.0,333.0,330.0,NAVIOS HYPERION,IMO9260627,HPYY,70,0,225,32,14.0,70,A
356865000,2020-05-31T08:51:01,28.18483,-88.82272,13.0,332.0,330.0,NAVIOS HYPERION,IMO9260627,HPYY,70,0,225,32,14.0,70,A
356865000,2020-05-31T08:52:11,28.18857,-88.82485,13.0,332.0,330.0,NAVIOS HYPERION,IMO9260627,HPYY,70,0,225,32,14.0,70,A
356865000,2020-05-31T08:53:21,28.19237,-88.82702,13.0,333.0,330.0,NAVIOS HYPERION,IMO9260627,HPYY,70,0,225,32,14.0,70,A
356865000,2020-05-31T08:54:22,28.19572,-88.82892,13.0,333.0,330.0,NAVIOS HYPERION,IMO9260627,HPYY,70,0,225,32,14.0,70,A
577110000,2020-04-14T15:20:30,28.16358,-88.82021,13.2,323.3,328.0,ORIENT GRACE,IMO9650157,YJQH8,70,0,197,32,12.7,,A
577110000,2020-04-14T15:22:29,28.16951,-88.82520,13.2,323.6,328.0,ORIENT GRACE,IMO9650157,YJQH8,70,0,197,32,12.7,,A
577110000,2020-04-14T15:23:30,28.17247,-88.82765,13.2,323.6,328.0,ORIENT GRACE,IMO9650157,YJQH8,70,0,197,32,12.7,,A
577110000,2020-04-14T15:25:29,28.17838,-88.83259,13.1,323.2,328.0,ORIENT GRACE,IMO9650157,YJQH8,70,0,197,32,12.7,,A
577110000,2020-04-14T15:27:00,28.18282,-88.83636,13.1,323.2,328.0,ORIENT GRACE,IMO9650157,YJQH8,70,0,197,32,12.7,,A
577110000,2020-04-14T15:29:00,28.18867,-88.84125,13.1,323.8,328.0,ORIENT GRACE,IMO9650157,YJQH8,70,0,197,32,12.7,,A
577110000,2020-04-14T15:30:20,28.19256,-88.84447,13.1,323.7,328.0,ORIENT GRACE,IMO9650157,YJQH8,70,0,197,32,12.7,,A
577110000,2020-04-14T15:31:30,28.19601,-88.84728,13.0,324.2,328.0,ORIENT GRACE,IMO9650157,YJQH8,70,0,197,32,12.7,,A
636015359,2020-02-26T19:12:48,28.16334,-88.83403,10.5,319.4,325.0,SCF PEARL,IMO9577109,D5AE5,80,0,228,32,14.5,80,A
636015359,2020-02-26T19:13:58,28.16595,-88.83662,10.6,318.8,324.0,SCF PEARL,IMO9577109,D5AE5,80,0,228,32,14.5,80,A
636015359,2020-02-26T19:15:08,28.16855,-88.83913,10.5,321.2,325.0,SCF PEARL,IMO9577109,D5AE5,80,0,228,32,14.5,80,A
636015359,2020-02-26T19:16:37,28.17182,-88.84233,10.5,318.9,324.0,SCF PEARL,IMO9577109,D5AE5,80,0,228,32,14.5,80,A
636015359,2020-02-26T19:17:48,28.17438,-88.84489,10.5,318.0,324.0,SCF PEARL,IMO9577109,D5AE5,80,0,228,32,14.5,80,A
636015359,2020-02-26T19:18:58,28.17698,-88.84748,10.5,319.0,324.0,SCF PEARL,IMO9577109,D5AE5,80,0,228,32,14.5,80,A
636015359,2020-02-26T19:20:07,28.17946,-88.84996,10.4,318.5,325.0,SCF PEARL,IMO9577109,D5AE5,80,0,228,32,14.5,80,A
636015359,2020-02-26T19:22:07,28.18392,-88.85430,10.6,319.5,324.0,SCF PEARL,IMO9577109,D5AE5,80,0,228,32,14.5,80,A
367707170,2020-05-03T08:15:58,28.16203,-88.82958,15.4,53.0,52.0,A WORK OF ART,,WDI5300,37,15,17,,,,A
367707170,2020-05-03T08:17:03,28.16467,-88.82566,15.0,52.9,50.0,A WORK OF ART,,WDI5300,37,15,17,,,,A
367707170,2020-05-03T08:18:22,28.16811,-88.82040,15.0,52.5,50.0,A WORK OF ART,,WDI5300,37,15,17,,,,A
367707170,2020-05-03T08:19:45,28.17165,-88.81517,15.2,52.3,50.0,A WORK OF ART,,WDI5300,37,15,17,,,,A
368087000,2020-02-01T00:39:53,28.16241,-88.81515,8.3,60.8,54.0,C-CARRIER,IMO9205122,WCY2601,90,0,73,17,4.8,70,A
477213600,2020-02-04T23:43:26,28.16242,-88.82783,12.4,325.0,323.0,MAPLE OPAL,IMO9585314,VRIM2,70,0,189,32,12.8,70,A
477213600,2020-02-04T23:45:37,28.16872,-88.83285,12.3,324.0,323.0,MAPLE OPAL,IMO9585314,VRIM2,70,0,189,32,12.8,70,A
477213600,2020-02-04T23:46:46,28.17195,-88.83545,12.4,324.0,323.0,MAPLE OPAL,IMO9585314,VRIM2,70,0,189,32,12.8,70,A
477213600,2020-02-04T23:48:06,28.17568,-88.83847,12.4,324.0,323.0,MAPLE OPAL,IMO9585314,VRIM2,70,0,189,32,12.8,70,A
477213600,2020-02-04T23:49:26,28.17945,-88.84153,12.4,324.0,323.0,MAPLE OPAL,IMO9585314,VRIM2,70,0,189,32,12.8,70,A
477213600,2020-02-04T23:50:27,28.18235,-88.84365,12.5,324.0,323.0,MAPLE OPAL,IMO9585314,VRIM2,70,0,189,32,12.8,70,A
477213600,2020-02-04T23:54:56,28.19520,-88.85385,12.5,326.0,323.0,MAPLE OPAL,IMO9585314,VRIM2,70,0,189,32,12.8,70,A
636015289,2020-02-25T06:09:59,28.18826,-88.85233,12.7,137.8,136.0,CRINIS,IMO9598165,A8ZS6,70,0,169,27,9.8,,A
636015289,2020-02-25T06:17:09,28.16938,-88.83269,13.0,136.3,136.0,CRINIS,IMO9598165,A8ZS6,70,0,169,27,9.8,,A
636012425,2020-03-25T21:28:02,28.16365,-88.85228,12.8,324.0,329.0,XANTHOS,IMO9289178,A8FJ4,80,0,213,32,12.3,,A
636019587,2020-04-18T12:21:38,28.16561,-88.83699,13.7,340.4,341.0,HARUKA,IMO9589619,D5VE6,70,0,169,27,5.4,70,A
636019587,2020-04-18T12:22:48,28.16978,-88.83879,13.7,337.8,341.0,HARUKA,IMO9589619,D5VE6,70,0,169,27,5.4,70,A
636019587,2020-04-18T12:23:58,28.17395,-88.84057,13.6,339.7,341.0,HARUKA,IMO9589619,D5VE6,70,0,169,27,5.4,70,A
636019587,2020-04-18T12:25:09,28.17812,-88.84234,13.7,338.1,341.0,HARUKA,IMO9589619,D5VE6,70,0,169,27,5.4,70,A
636019587,2020-04-18T12:27:28,28.18632,-88.84628,13.7,333.0,335.0,HARUKA,IMO9589619,D5VE6,70,0,169,27,5.4,70,A
636019587,2020-04-18T12:29:48,28.19431,-88.85079,13.7,334.0,335.0,HARUKA,IMO9589619,D5VE6,70,0,169,27,5.4,70,A
477181300,2020-02-02T20:45:39,28.17778,-88.85317,12.8,147.7,148.0,CMB PAUILLAC,IMO9615183,VRQS3,70,0,235,38,14.5,79,A
477181300,2020-02-02T20:47:20,28.17271,-88.84959,12.8,148.2,148.0,CMB PAUILLAC,IMO9615183,VRQS3,70,0,235,38,14.5,79,A
477181300,2020-02-02T20:48:49,28.16817,-88.84639,12.8,147.8,148.0,CMB PAUILLAC,IMO9615183,VRQS3,70,0,235,38,14.5,79,A
477181300,2020-02-02T20:50:30,28.16311,-88.84284,12.8,148.1,148.0,CMB PAUILLAC,IMO9615183,VRQS3,70,0,235,38,14.5,79,A
368589000,2020-04-05T22:20:17,28.19265,-88.81949,12.3,227.5,225.0,OVERSEAS CASCADE,IMO9475935,WOAG,80,0,183,32,12.2,,A
368589000,2020-04-05T22:22:17,28.18798,-88.82511,12.3,227.0,225.0,OVERSEAS CASCADE,IMO9475935,WOAG,80,0,183,32,12.2,,A
368589000,2020-04-05T22:24:17,28.18329,-88.83074,12.3,227.2,226.0,OVERSEAS CASCADE,IMO9475935,WOAG,80,0,183,32,12.2,,A
368589000,2020-04-05T22:28:17,28.17386,-88.84185,12.2,226.1,226.0,OVERSEAS CASCADE,IMO9475935,WOAG,80,0,183,32,12.2,,A
368589000,2020-04-05T22:30:07,28.16948,-88.84697,12.3,226.2,226.0,OVERSEAS CASCADE,IMO9475935,WOAG,80,0,183,32,12.2,,A
368589000,2020-04-05T22:32:57,28.16278,-88.85489,12.3,226.5,227.0,OVERSEAS CASCADE,IMO9475935,WOAG,80,0,183,32,12.2,,A
368589000,2020-05-15T23:07:23,28.19644,-88.85122,12.1,223.0,226.0,OVERSEAS CASCADE,IMO9475935,WOAG,80,0,183,32,12.2,,A
368589000,2020-05-15T23:08:24,28.19397,-88.85396,12.1,224.3,226.0,OVERSEAS CASCADE,IMO9475935,WOAG,80,0,183,32,12.2,,A
368589000,2020-06-04T00:47:37,28.18164,-88.84888,12.6,215.7,212.0,OVERSEAS CASCADE,IMO9475935,WOAG,80,0,183,32,12.2,,A
538004719,2020-03-20T07:50:04,28.19688,-88.84090,12.9,152.0,151.0,GOLDEN SHEA,IMO9335991,V7YR9,70,0,224,32,14.1,79,A
538004719,2020-03-20T07:51:13,28.19317,-88.83878,12.9,152.0,150.0,GOLDEN SHEA,IMO9335991,V7YR9,70,0,224,32,14.1,79,A
538004719,2020-03-20T07:52:53,28.18765,-88.83560,12.9,152.0,151.0,GOLDEN SHEA,IMO9335991,V7YR9,70,0,224,32,14.1,79,A
538004719,2020-03-20T07:55:34,28.17900,-88.83088,12.8,152.0,149.0,GOLDEN SHEA,IMO9335991,V7YR9,70,0,224,32,14.1,79,A
538004719,2020-03-20T07:56:54,28.17472,-88.82837,12.8,152.0,149.0,GOLDEN SHEA,IMO9335991,V7YR9,70,0,224,32,14.1,79,A
538004719,2020-03-20T07:58:34,28.16945,-88.82533,12.8,153.0,150.0,GOLDEN SHEA,IMO9335991,V7YR9,70,0,224,32,14.1,79,A
538004719,2020-03-20T07:59:54,28.16537,-88.82298,12.8,152.0,150.0,GOLDEN SHEA,IMO9335991,V7YR9,70,0,224,32,14.1,79,A
538004719,2020-03-20T08:00:04,28.16473,-88.82262,12.8,152.0,150.0,GOLDEN SHEA,IMO9335991,V7YR9,70,0,224,32,14.1,79,A
367457000,2020-05-02T11:16:17,28.19362,-88.83459,14.5,129.6,130.0,OREGON VOYAGER,IMO9144914,WDF2960,80,0,188,32,12.2,,A
367457000,2020-05-02T11:17:24,28.19082,-88.83074,14.5,129.7,130.0,OREGON VOYAGER,IMO9144914,WDF2960,80,0,188,32,12.2,,A
367457000,2020-05-02T11:18:41,28.18752,-88.82618,14.5,130.0,131.0,OREGON VOYAGER,IMO9144914,WDF2960,80,0,188,32,12.2,,A
367457000,2020-05-02T11:19:48,28.18458,-88.82232,14.5,130.3,130.0,OREGON VOYAGER,IMO9144914,WDF2960,80,0,188,32,12.2,,A
367457000,2020-05-02T11:21:06,28.18121,-88.81777,14.6,129.9,130.0,OREGON VOYAGER,IMO9144914,WDF2960,80,0,188,32,12.2,,A
368515000,2020-03-14T09:17:56,28.17551,-88.81474,9.6,312.1,315.0,ACHIEVEMENT,IMO9542568,WDF2728,31,0,41,12,5.9,31,A
368515000,2020-03-14T09:19:06,28.17745,-88.81723,9.5,311.9,314.0,ACHIEVEMENT,IMO9542568,WDF2728,31,0,41,12,5.9,31,A
368515000,2020-03-14T09:20:17,28.17961,-88.81994,9.6,311.9,315.0,ACHIEVEMENT,IMO9542568,WDF2728,31,0,41,12,5.9,31,A
368515000,2020-03-14T09:21:27,28.18172,-88.82252,9.6,312.6,314.0,ACHIEVEMENT,IMO9542568,WDF2728,31,0,41,12,5.9,31,A
368515000,2020-03-14T09:22:37,28.18388,-88.82523,9.6,312.2,315.0,ACHIEVEMENT,IMO9542568,WDF2728,31,0,41,12,5.9,31,A
368515000,2020-03-14T09:23:46,28.18600,-88.82782,9.6,312.0,315.0,ACHIEVEMENT,IMO9542568,WDF2728,31,0,41,12,5.9,31,A
368515000,2020-03-14T09:24:57,28.18813,-88.83044,9.6,312.6,315.0,ACHIEVEMENT,IMO9542568,WDF2728,31,0,41,12,5.9,31,A
368515000,2020-03-14T09:26:17,28.19050,-88.83336,9.6,312.6,315.0,ACHIEVEMENT,IMO9542568,WDF2728,31,0,41,12,5.9,31,A
368515000,2020-03-14T09:27:18,28.19234,-88.83561,9.7,312.6,314.0,ACHIEVEMENT,IMO9542568,WDF2728,31,0,41,12,5.9,31,A
368515000,2020-03-14T09:28:26,28.19437,-88.83817,9.6,312.5,315.0,ACHIEVEMENT,IMO9542568,WDF2728,31,0,41,12,5.9,31,A
368515000,2020-03-14T09:29:27,28.19619,-88.84042,9.7,312.5,314.0,ACHIEVEMENT,IMO9542568,WDF2728,31,0,41,12,5.9,31,A
218582000,2020-03-15T01:01:06,28.19464,-88.82074,17.3,127.5,125.0,MSC CHARLESTON,IMO9299537,DDFT2,70,0,324,42,14.5,72,A
218582000,2020-03-15T01:02:12,28.19146,-88.81605,17.3,127.7,126.0,MSC CHARLESTON,IMO9299537,DDFT2,70,0,324,42,14.5,72,A
353601000,2020-04-18T11:55:05,28.18574,-88.85195,11.6,137.6,136.0,ATACAMA QUEEN,IMO9550670,3FYF2,70,0,182,32,12.3,70,A
353601000,2020-04-18T11:56:43,28.18184,-88.84781,11.6,136.3,136.0,ATACAMA QUEEN,IMO9550670,3FYF2,70,0,182,32,12.3,70,A
353601000,2020-04-18T11:58:15,28.17825,-88.84405,11.6,138.8,138.0,ATACAMA QUEEN,IMO9550670,3FYF2,70,0,182,32,12.3,70,A
353601000,2020-04-18T11:59:24,28.17546,-88.84130,11.5,138.4,135.0,ATACAMA QUEEN,IMO9550670,3FYF2,70,0,182,32,12.3,70,A
353601000,2020-04-18T12:00:15,28.17353,-88.83915,11.4,133.0,130.0,ATACAMA QUEEN,IMO9550670,3FYF2,70,0,182,32,12.3,70,A
353601000,2020-04-18T12:01:54,28.17010,-88.83457,11.4,129.5,130.0,ATACAMA QUEEN,IMO9550670,3FYF2,70,0,182,32,12.3,70,A
353601000,2020-04-18T12:04:14,28.16514,-88.82841,11.4,133.9,132.0,ATACAMA QUEEN,IMO9550670,3FYF2,70,0,182,32,12.3,70,A
368515000,2020-03-27T03:24:05,28.17911,-88.81479,11.7,317.4,316.0,ACHIEVEMENT,IMO9542568,WDF2728,31,0,41,12,5.9,31,A
368515000,2020-03-27T03:26:05,28.18378,-88.81980,11.6,316.1,316.0,ACHIEVEMENT,IMO9542568,WDF2728,31,0,41,12,5.9,31,A
368515000,2020-03-27T03:28:15,28.18891,-88.82530,11.7,316.2,315.0,ACHIEVEMENT,IMO9542568,WDF2728,31,0,41,12,5.9,31,A
368515000,2020-03-27T03:29:33,28.19198,-88.82862,11.7,316.5,316.0,ACHIEVEMENT,IMO9542568,WDF2728,31,0,41,12,5.9,31,A
368515000,2020-03-27T03:31:15,28.19593,-88.83287,11.7,315.6,315.0,ACHIEVEMENT,IMO9542568,WDF2728,31,0,41,12,5.9,31,A
368087000,2020-05-05T12:59:33,28.19588,-88.81714,9.4,263.7,258.0,C-CARRIER,IMO9205122,WCY2601,90,0,73,17,4.8,70,A
368087000,2020-05-05T13:00:33,28.19556,-88.82007,9.3,262.8,257.0,C-CARRIER,IMO9205122,WCY2601,90,0,73,17,4.8,70,A
368087000,2020-05-05T13:07:54,28.19326,-88.84151,9.4,262.5,257.0,C-CARRIER,IMO9205122,WCY2601,90,0,73,17,4.8,70,A
368087000,2020-05-05T13:09:24,28.19277,-88.84588,9.4,263.3,257.0,C-CARRIER,IMO9205122,WCY2601,90,0,73,17,4.8,70,A
368087000,2020-05-05T13:10:33,28.19241,-88.84925,9.4,263.1,258.0,C-CARRIER,IMO9205122,WCY2601,90,0,73,17,4.8,70,A
368087000,2020-05-05T13:12:33,28.19177,-88.85512,9.4,263.3,258.0,C-CARRIER,IMO9205122,WCY2601,90,0,73,17,4.8,70,A
256713000,2020-05-21T03:11:29,28.16218,-88.83558,10.3,323.1,323.0,ZINA,IMO9486465,9HA2910,70,0,181,30,9.9,,A
256713000,2020-05-21T03:12:40,28.16481,-88.83780,9.8,323.1,324.0,ZINA,IMO9486465,9HA2910,70,0,181,30,9.9,,A
256713000,2020-05-21T03:13:50,28.16731,-88.83990,9.4,323.9,324.0,ZINA,IMO9486465,9HA2910,70,0,181,30,9.9,,A
256713000,2020-05-21T03:14:59,28.16973,-88.84187,9.2,324.2,324.0,ZINA,IMO9486465,9HA2910,70,0,181,30,9.9,,A
256713000,2020-05-21T03:16:09,28.17215,-88.84385,9.0,323.9,324.0,ZINA,IMO9486465,9HA2910,70,0,181,30,9.9,,A
256713000,2020-05-21T03:17:19,28.17444,-88.84577,8.8,323.7,324.0,ZINA,IMO9486465,9HA2910,70,0,181,30,9.9,,A
256713000,2020-05-21T03:18:40,28.17707,-88.84801,8.6,322.8,324.0,ZINA,IMO9486465,9HA2910,70,0,181,30,9.9,,A
256713000,2020-05-21T03:19:49,28.17929,-88.84991,8.5,322.8,324.0,ZINA,IMO9486465,9HA2910,70,0,181,30,9.9,,A
256713000,2020-05-21T03:21:19,28.18214,-88.85235,8.5,322.0,324.0,ZINA,IMO9486465,9HA2910,70,0,181,30,9.9,,A
256713000,2020-05-21T03:22:29,28.18426,-88.85420,8.4,322.3,324.0,ZINA,IMO9486465,9HA2910,70,0,181,30,9.9,,A
218582000,2020-01-19T00:24:43,28.19424,-88.81942,18.6,126.4,126.0,MSC CHARLESTON,IMO9299537,DDFT2,70,0,324,42,14.5,72,A
636092183,2020-01-04T08:00:31,28.17817,-88.81867,11.1,327.0,330.0,DIANA BOLTEN,IMO9574042,A8XZ5,70,0,179,29,10.5,70,A
636092183,2020-01-04T08:02:31,28.18332,-88.82262,11.1,324.0,329.0,DIANA BOLTEN,IMO9574042,A8XZ5,70,0,179,29,10.5,70,A
636092183,2020-01-04T08:03:41,28.18633,-88.82498,11.1,325.0,330.0,DIANA BOLTEN,IMO9574042,A8XZ5,70,0,179,29,10.5,70,A
636092183,2020-01-04T08:05:10,28.19000,-88.82812,10.9,318.0,315.0,DIANA BOLTEN,IMO9574042,A8XZ5,70,0,179,29,10.5,70,A
636092183,2020-01-04T08:06:19,28.19233,-88.83110,11.0,310.0,313.0,DIANA BOLTEN,IMO9574042,A8XZ5,70,0,179,29,10.5,70,A
563789000,2020-02-04T10:44:43,28.19670,-88.83972,12.3,137.3,136.0,TORM RESILIENCE,IMO9304588,9V2425,80,0,183,32,13.1,89,A
563789000,2020-02-04T10:45:53,28.19375,-88.83664,12.3,137.3,137.0,TORM RESILIENCE,IMO9304588,9V2425,80,0,183,32,13.1,89,A
563789000,2020-02-04T10:47:53,28.18871,-88.83141,12.3,137.3,137.0,TORM RESILIENCE,IMO9304588,9V2425,80,0,183,32,13.1,89,A
563789000,2020-02-04T10:49:02,28.18579,-88.82840,12.3,137.7,137.0,TORM RESILIENCE,IMO9304588,9V2425,80,0,183,32,13.1,89,A
563789000,2020-02-04T10:50:12,28.18289,-88.82542,12.3,138.1,137.0,TORM RESILIENCE,IMO9304588,9V2425,80,0,183,32,13.1,89,A
563789000,2020-02-04T10:51:23,28.17984,-88.82226,12.3,137.1,136.0,TORM RESILIENCE,IMO9304588,9V2425,80,0,183,32,13.1,89,A
563789000,2020-02-04T10:52:31,28.17697,-88.81928,12.3,137.8,136.0,TORM RESILIENCE,IMO9304588,9V2425,80,0,183,32,13.1,89,A
563789000,2020-02-04T10:53:52,28.17354,-88.81576,12.3,137.8,137.0,TORM RESILIENCE,IMO9304588,9V2425,80,0,183,32,13.1,89,A
357357000,2020-04-10T06:17:55,28.17805,-88.81491,13.0,327.0,327.0,SK SUMMIT,IMO9157624,3FHD9,80,0,277,43,12.0,,A
357357000,2020-04-10T06:19:35,28.18316,-88.81864,13.1,326.3,325.0,SK SUMMIT,IMO9157624,3FHD9,80,0,277,43,12.0,,A
357357000,2020-04-10T06:21:35,28.18879,-88.82376,13.1,320.4,322.0,SK SUMMIT,IMO9157624,3FHD9,80,0,277,43,12.0,,A
357357000,2020-04-10T06:22:44,28.19204,-88.82675,13.1,321.0,322.0,SK SUMMIT,IMO9157624,3FHD9,80,0,277,43,12.0,,A
357357000,2020-04-10T06:23:54,28.19535,-88.82980,13.1,321.0,322.0,SK SUMMIT,IMO9157624,3FHD9,80,0,277,43,12.0,,A
244638000,2020-01-12T12:32:15,28.17069,-88.82191,12.8,312.1,312.0,ONEGO DEUSTO,IMO9399129,PCSO,70,0,132,16,7.6,70,A
244638000,2020-01-12T12:34:22,28.17574,-88.82817,12.8,312.7,312.0,ONEGO DEUSTO,IMO9399129,PCSO,70,0,132,16,7.6,70,A
244638000,2020-01-12T12:36:52,28.18183,-88.83569,12.8,311.8,312.0,ONEGO DEUSTO,IMO9399129,PCSO,70,0,132,16,7.6,70,A
244638000,2020-01-12T12:38:12,28.18505,-88.83966,12.8,311.6,312.0,ONEGO DEUSTO,IMO9399129,PCSO,70,0,132,16,7.6,70,A
244638000,2020-01-12T12:39:22,28.18788,-88.84312,12.8,312.5,312.0,ONEGO DEUSTO,IMO9399129,PCSO,70,0,132,16,7.6,70,A
244638000,2020-01-12T12:40:25,28.19042,-88.84625,12.8,312.4,312.0,ONEGO DEUSTO,IMO9399129,PCSO,70,0,132,16,7.6,70,A
244638000,2020-01-12T12:42:32,28.19553,-88.85256,12.8,312.3,312.0,ONEGO DEUSTO,IMO9399129,PCSO,70,0,132,16,7.6,70,A
229911000,2020-01-21T10:52:12,28.16831,-88.84800,11.2,319.9,326.0,SEABONI,IMO9688647,9HA3710,70,0,199,32,13.3,,A
229911000,2020-01-21T10:54:04,28.17273,-88.85230,11.2,317.9,324.0,SEABONI,IMO9688647,9HA3710,70,0,199,32,13.3,,A
368589000,2020-02-10T22:42:29,28.16306,-88.82267,14.6,32.4,34.0,OVERSEAS CASCADE,IMO9475935,WOAG,80,0,183,32,12.2,,A
368589000,2020-02-10T22:43:35,28.16677,-88.81996,14.5,33.0,34.0,OVERSEAS CASCADE,IMO9475935,WOAG,80,0,183,32,12.2,,A
368589000,2020-02-10T22:44:41,28.17054,-88.81719,14.6,33.2,34.0,OVERSEAS CASCADE,IMO9475935,WOAG,80,0,183,32,12.2,,A
368589000,2020-02-22T22:59:16,28.19276,-88.82996,11.7,224.0,225.0,OVERSEAS CASCADE,IMO9475935,WOAG,80,0,183,32,12.2,,A
368589000,2020-02-22T23:00:16,28.19040,-88.83249,11.7,224.1,226.0,OVERSEAS CASCADE,IMO9475935,WOAG,80,0,183,32,12.2,,A
368589000,2020-02-22T23:01:36,28.18727,-88.83590,11.7,224.2,225.0,OVERSEAS CASCADE,IMO9475935,WOAG,80,0,183,32,12.2,,A
368589000,2020-02-22T23:02:46,28.18455,-88.83882,11.7,223.2,225.0,OVERSEAS CASCADE,IMO9475935,WOAG,80,0,183,32,12.2,,A
368589000,2020-02-22T23:03:56,28.18178,-88.84179,11.8,223.4,226.0,OVERSEAS CASCADE,IMO9475935,WOAG,80,0,183,32,12.2,,A
368589000,2020-02-22T23:05:06,28.17902,-88.84479,11.8,224.2,226.0,OVERSEAS CASCADE,IMO9475935,WOAG,80,0,183,32,12.2,,A
368589000,2020-02-22T23:06:37,28.17538,-88.84868,11.8,223.7,225.0,OVERSEAS CASCADE,IMO9475935,WOAG,80,0,183,32,12.2,,A
368589000,2020-02-22T23:07:45,28.17263,-88.85163,11.8,222.9,225.0,OVERSEAS CASCADE,IMO9475935,WOAG,80,0,183,32,12.2,,A
538004719,2020-02-25T10:09:07,28.16637,-88.82913,10.9,333.0,335.0,GOLDEN SHEA,IMO9335991,V7YR9,70,0,224,32,14.1,79,A
538004719,2020-02-25T10:11:17,28.17218,-88.83240,10.9,333.0,335.0,GOLDEN SHEA,IMO9335991,V7YR9,70,0,224,32,14.1,79,A
538004719,2020-02-25T10:13:17,28.17777,-88.83558,10.9,333.0,335.0,GOLDEN SHEA,IMO9335991,V7YR9,70,0,224,32,14.1,79,A
538004719,2020-02-25T10:19:46,28.19548,-88.84570,11.0,333.0,335.0,GOLDEN SHEA,IMO9335991,V7YR9,70,0,224,32,14.1,79,A
636013564,2020-03-25T00:15:35,28.16360,-88.81962,11.9,307.0,309.0,LOXANDRA,IMO9343871,A8NV2,70,0,229,36,14.7,70,A
636013564,2020-03-25T00:17:24,28.16733,-88.82508,11.9,307.0,309.0,LOXANDRA,IMO9343871,A8NV2,70,0,229,36,14.7,70,A
636013564,2020-03-25T00:19:24,28.17140,-88.83107,11.9,307.0,309.0,LOXANDRA,IMO9343871,A8NV2,70,0,229,36,14.7,70,A
636013564,2020-03-25T00:20:25,28.17345,-88.83405,11.9,307.0,309.0,LOXANDRA,IMO9343871,A8NV2,70,0,229,36,14.7,70,A
636013564,2020-03-25T00:21:44,28.17617,-88.83802,11.9,307.0,309.0,LOXANDRA,IMO9343871,A8NV2,70,0,229,36,14.7,70,A
636013564,2020-03-25T00:23:03,28.17883,-88.84193,11.9,307.0,309.0,LOXANDRA,IMO9343871,A8NV2,70,0,229,36,14.7,70,A
636013564,2020-03-25T00:24:45,28.18223,-88.84697,11.9,307.0,309.0,LOXANDRA,IMO9343871,A8NV2,70,0,229,36,14.7,70,A
636013564,2020-03-25T00:26:03,28.18487,-88.85085,11.9,307.0,309.0,LOXANDRA,IMO9343871,A8NV2,70,0,229,36,14.7,70,A
636013564,2020-04-03T08:56:58,28.19558,-88.84418,12.7,128.0,124.0,LOXANDRA,IMO9343871,A8NV2,70,0,229,36,14.7,70,A
636013564,2020-04-03T08:58:58,28.19100,-88.83798,12.7,129.0,124.0,LOXANDRA,IMO9343871,A8NV2,70,0,229,36,14.7,70,A
636013564,2020-04-03T09:00:07,28.18845,-88.83452,12.7,129.0,124.0,LOXANDRA,IMO9343871,A8NV2,70,0,229,36,14.7,70,A
636013564,2020-04-03T09:01:28,28.18545,-88.83033,12.6,129.0,124.0,LOXANDRA,IMO9343871,A8NV2,70,0,229,36,14.7,70,A
636013564,2020-04-03T09:02:48,28.18245,-88.82630,12.6,129.0,124.0,LOXANDRA,IMO9343871,A8NV2,70,0,229,36,14.7,70,A
636013564,2020-04-03T09:03:56,28.17987,-88.82277,12.6,129.0,124.0,LOXANDRA,IMO9343871,A8NV2,70,0,229,36,14.7,70,A
636013564,2020-04-03T09:05:07,28.17727,-88.81918,12.6,128.0,124.0,LOXANDRA,IMO9343871,A8NV2,70,0,229,36,14.7,70,A
636013564,2020-04-03T09:06:27,28.17397,-88.81457,12.6,129.0,124.0,LOXANDRA,IMO9343871,A8NV2,70,0,229,36,14.7,70,A
353101000,2020-01-28T12:29:28,28.19334,-88.83536,11.0,148.1,147.0,NAVIOS STAR,IMO9243502,HOBU,70,0,224,32,14.1,71,A
353101000,2020-01-28T12:30:39,28.19030,-88.83323,10.9,148.5,148.0,NAVIOS STAR,IMO9243502,HOBU,70,0,224,32,14.1,71,A
353101000,2020-01-28T12:32:09,28.18643,-88.83044,10.9,146.1,145.0,NAVIOS STAR,IMO9243502,HOBU,70,0,224,32,14.1,71,A
353101000,2020-01-28T12:36:29,28.17525,-88.82229,10.9,147.3,147.0,NAVIOS STAR,IMO9243502,HOBU,70,0,224,32,14.1,71,A
353101000,2020-01-28T12:38:39,28.16968,-88.81835,10.9,147.7,147.0,NAVIOS STAR,IMO9243502,HOBU,70,0,224,32,14.1,71,A
338158000,2020-04-07T02:15:38,28.19527,-88.82872,11.9,130.6,129.0,WEST VIRGINIA,IMO9704805,KSKW,80,0,183,,,,A
338158000,2020-04-07T02:16:39,28.19311,-88.82588,11.8,130.8,129.0,WEST VIRGINIA,IMO9704805,KSKW,80,0,183,,,,A
338158000,2020-04-07T02:17:49,28.19062,-88.82255,11.8,130.4,129.0,WEST VIRGINIA,IMO9704805,KSKW,80,0,183,,,,A
338158000,2020-04-07T02:18:59,28.18815,-88.81922,11.8,130.1,129.0,WEST VIRGINIA,IMO9704805,KSKW,80,0,183,,,,A
338158000,2020-04-07T02:20:08,28.18566,-88.81589,11.8,130.7,130.0,WEST VIRGINIA,IMO9704805,KSKW,80,0,183,,,,A
338158000,2020-05-19T17:57:53,28.16240,-88.84256,13.8,318.4,317.0,WEST VIRGINIA,IMO9704805,KSKW,80,0,183,,,,A
338158000,2020-05-19T17:59:02,28.16572,-88.84586,13.8,318.9,318.0,WEST VIRGINIA,IMO9704805,KSKW,80,0,183,,,,A
338158000,2020-05-19T18:00:11,28.16902,-88.84911,13.8,319.1,318.0,WEST VIRGINIA,IMO9704805,KSKW,80,0,183,,,,A
338158000,2020-05-19T18:00:21,28.16955,-88.84964,13.8,318.9,318.0,WEST VIRGINIA,IMO9704805,KSKW,80,0,183,,,,A
338158000,2020-05-19T18:01:22,28.17247,-88.85249,13.8,319.1,318.0,WEST VIRGINIA,IMO9704805,KSKW,80,0,183,,,,A
355491000,2020-01-12T00:35:32,28.16597,-88.83832,10.3,335.0,337.0,ACHILLES II,IMO9269001,HPTS,70,0,225,32,14.0,70,A
355491000,2020-01-12T00:37:52,28.17215,-88.84148,10.4,334.0,337.0,ACHILLES II,IMO9269001,HPTS,70,0,225,32,14.0,70,A
355491000,2020-01-12T00:39:13,28.17573,-88.84325,10.6,335.0,337.0,ACHILLES II,IMO9269001,HPTS,70,0,225,32,14.0,70,A
355491000,2020-01-12T00:40:43,28.17980,-88.84552,10.4,334.0,337.0,ACHILLES II,IMO9269001,HPTS,70,0,225,32,14.0,70,A
355491000,2020-01-12T00:42:13,28.18383,-88.84767,10.5,334.0,337.0,ACHILLES II,IMO9269001,HPTS,70,0,225,32,14.0,70,A
355491000,2020-01-12T00:45:13,28.19187,-88.85183,10.7,334.0,337.0,ACHILLES II,IMO9269001,HPTS,70,0,225,32,14.0,70,A
355491000,2020-01-12T00:47:13,28.19723,-88.85467,10.6,334.0,337.0,ACHILLES II,IMO9269001,HPTS,70,0,225,32,14.0,70,A
355843000,2020-04-16T17:25:31,28.19349,-88.81968,3.4,28.2,52.0,7-OCEANS,IMO9714173,HP4534,90,0,35,8,3.4,,A
371059000,2020-05-03T22:12:22,28.19754,-88.84210,16.8,131.0,130.0,MSC LUCY,IMO9289104,3EBC5,70,0,324,42,14.5,71,A
371059000,2020-05-03T22:13:35,28.19382,-88.83727,16.9,131.1,130.0,MSC LUCY,IMO9289104,3EBC5,70,0,324,42,14.5,71,A
371059000,2020-05-03T22:14:41,28.19035,-88.83281,16.9,130.7,128.0,MSC LUCY,IMO9289104,3EBC5,70,0,324,42,14.5,71,A
371059000,2020-05-03T22:15:46,28.18711,-88.82845,16.9,129.0,127.0,MSC LUCY,IMO9289104,3EBC5,70,0,324,42,14.5,71,A
371059000,2020-05-03T22:17:05,28.18323,-88.82299,16.9,128.6,128.0,MSC LUCY,IMO9289104,3EBC5,70,0,324,42,14.5,71,A
371059000,2020-05-03T22:18:11,28.17995,-88.81836,16.9,128.7,128.0,MSC LUCY,IMO9289104,3EBC5,70,0,324,42,14.5,71,A
366840000,2020-01-08T08:54:48,28.17905,-88.83104,8.3,58.1,57.0,HARVEY CHAMPION,IMO9581289,KHCW,90,0,81,19,5.9,,A
366840000,2020-01-08T08:56:08,28.18068,-88.82811,8.3,56.5,56.0,HARVEY CHAMPION,IMO9581289,KHCW,90,0,81,19,5.9,,A
366840000,2020-01-08T08:57:57,28.18292,-88.82409,8.4,57.0,56.0,HARVEY CHAMPION,IMO9581289,KHCW,90,0,81,19,5.9,,A
240435000,2020-01-29T08:58:48,28.18068,-88.82985,12.5,326.0,326.0,MINERVA ELLIE,IMO9297321,SZQI,80,0,243,42,14.8,89,A
240435000,2020-01-29T09:01:48,28.18940,-88.83642,12.5,326.0,326.0,MINERVA ELLIE,IMO9297321,SZQI,80,0,243,42,14.8,89,A
352451000,2020-02-17T13:09:49,28.17857,-88.81522,12.6,317.4,316.0,PHOENIX BEACON,IMO9568172,3FZO7,80,0,243,42,14.9,,A
352451000,2020-02-17T13:11:50,28.18383,-88.82062,12.7,317.8,315.0,PHOENIX BEACON,IMO9568172,3FZO7,80,0,243,42,14.9,,A
352451000,2020-02-17T13:13:50,28.18875,-88.82626,12.4,312.8,311.0,PHOENIX BEACON,IMO9568172,3FZO7,80,0,243,42,14.9,,A
352451000,2020-02-17T13:15:39,28.19299,-88.83150,12.4,312.3,312.0,PHOENIX BEACON,IMO9568172,3FZO7,80,0,243,42,14.9,,A
352451000,2020-02-17T13:16:50,28.19573,-88.83489,12.4,312.0,312.0,PHOENIX BEACON,IMO9568172,3FZO7,80,0,243,42,14.9,,A
310562000,2020-02-25T22:21:39,28.16945,-88.81757,15.6,310.0,312.0,VENTURA,IMO9333175,ZCDT2,60,0,288,36,8.5,,A
310562000,2020-02-25T22:23:39,28.17490,-88.82515,15.6,309.0,312.0,VENTURA,IMO9333175,ZCDT2,60,0,288,36,8.5,,A
310562000,2020-02-25T22:25:51,28.18103,-88.83347,15.7,310.1,312.0,VENTURA,IMO9333175,ZCDT2,60,0,288,36,8.5,,A
310562000,2020-02-25T22:26:57,28.18410,-88.83767,15.7,309.0,311.0,VENTURA,IMO9333175,ZCDT2,60,0,288,36,8.5,,A
310562000,2020-02-25T22:27:58,28.18688,-88.84155,15.7,308.9,312.0,VENTURA,IMO9333175,ZCDT2,60,0,288,36,8.5,,A
310562000,2020-02-25T22:30:52,28.19492,-88.85250,15.6,308.9,311.0,VENTURA,IMO9333175,ZCDT2,60,0,288,36,8.5,,A
636091888,2020-03-13T22:29:58,28.16232,-88.85405,12.1,327.2,327.0,TRUDY,IMO9415246,A8UE2,70,0,184,23,10.4,70,A
636014611,2020-03-23T03:55:52,28.19726,-88.84872,13.0,130.5,128.0,CALYPSO,IMO9411290,A8VH8,80,0,182,32,12.2,,A
636014611,2020-03-23T03:57:11,28.19413,-88.84468,12.9,131.4,128.0,CALYPSO,IMO9411290,A8VH8,80,0,182,32,12.2,,A
636014611,2020-03-23T03:58:21,28.19135,-88.84110,12.8,131.6,128.0,CALYPSO,IMO9411290,A8VH8,80,0,182,32,12.2,,A
636014611,2020-03-23T03:59:32,28.18853,-88.83748,12.9,130.8,128.0,CALYPSO,IMO9411290,A8VH8,80,0,182,32,12.2,,A
636014611,2020-03-23T04:00:11,28.18699,-88.83550,12.8,131.2,128.0,CALYPSO,IMO9411290,A8VH8,80,0,182,32,12.2,,A
636014611,2020-03-23T04:01:21,28.18420,-88.83196,12.8,131.7,128.0,CALYPSO,IMO9411290,A8VH8,80,0,182,32,12.2,,A
636014611,2020-03-23T04:02:41,28.18101,-88.82793,12.8,131.2,128.0,CALYPSO,IMO9411290,A8VH8,80,0,182,32,12.2,,A
636014611,2020-03-23T04:03:52,28.17816,-88.82437,12.8,132.8,128.0,CALYPSO,IMO9411290,A8VH8,80,0,182,32,12.2,,A
636014611,2020-03-23T04:05:01,28.17538,-88.82092,12.9,131.8,128.0,CALYPSO,IMO9411290,A8VH8,80,0,182,32,12.2,,A
636014611,2020-03-23T04:06:22,28.17212,-88.81687,12.9,132.0,128.0,CALYPSO,IMO9411290,A8VH8,80,0,182,32,12.2,,A
209446000,2020-04-01T00:41:43,28.19527,-88.81465,10.0,314.0,319.0,CHEMTRANS NOVA,IMO9316232,5BDB5,89,0,229,32,-12.8,89,A
311000259,2020-05-20T10:54:46,28.16549,-88.81510,12.1,315.4,314.0,AFRICAN HARRIER,IMO9700794,C6BG8,70,0,179,29,10.5,,A
311000259,2020-05-20T10:55:55,28.16819,-88.81835,12.1,311.6,311.0,AFRICAN HARRIER,IMO9700794,C6BG8,70,0,179,29,10.5,,A
311000259,2020-05-20T10:57:05,28.17075,-88.82168,12.2,310.5,312.0,AFRICAN HARRIER,IMO9700794,C6BG8,70,0,179,29,10.5,,A
311000259,2020-05-20T10:58:15,28.17339,-88.82506,12.3,311.3,312.0,AFRICAN HARRIER,IMO9700794,C6BG8,70,0,179,29,10.5,,A
311000259,2020-05-20T10:59:26,28.17608,-88.82851,12.3,311.8,312.0,AFRICAN HARRIER,IMO9700794,C6BG8,70,0,179,29,10.5,,A
311000259,2020-05-20T11:00:15,28.17796,-88.83088,12.3,311.0,312.0,AFRICAN HARRIER,IMO9700794,C6BG8,70,0,179,29,10.5,,A
311000259,2020-05-20T11:01:26,28.18072,-88.83427,12.4,314.7,315.0,AFRICAN HARRIER,IMO9700794,C6BG8,70,0,179,29,10.5,,A
311000259,2020-05-20T11:02:34,28.18357,-88.83742,12.4,315.3,316.0,AFRICAN HARRIER,IMO9700794,C6BG8,70,0,179,29,10.5,,A
311000259,2020-05-20T11:03:46,28.18649,-88.84067,12.4,315.8,316.0,AFRICAN HARRIER,IMO9700794,C6BG8,70,0,179,29,10.5,,A
311000259,2020-05-20T11:04:55,28.18937,-88.84387,12.4,315.5,315.0,AFRICAN HARRIER,IMO9700794,C6BG8,70,0,179,29,10.5,,A
311000259,2020-05-20T11:05:56,28.19180,-88.84665,12.4,314.4,315.0,AFRICAN HARRIER,IMO9700794,C6BG8,70,0,179,29,10.5,,A
311000259,2020-05-20T11:07:05,28.19460,-88.84986,12.4,314.9,315.0,AFRICAN HARRIER,IMO9700794,C6BG8,70,0,179,29,10.5,,A
311000259,2020-05-20T11:08:14,28.19738,-88.85306,12.4,314.3,315.0,AFRICAN HARRIER,IMO9700794,C6BG8,70,0,179,29,10.5,,A
354544000,2020-01-13T00:47:35,28.16561,-88.85239,12.2,327.8,327.0,SHUN RU,IMO8307571,3FVS6,70,0,182,30,11.0,,A
354544000,2020-01-30T00:35:22,28.17292,-88.85297,12.2,142.8,140.0,SHUN RU,IMO8307571,3FVS6,70,0,182,30,11.0,,A
354544000,2020-01-30T00:37:32,28.16707,-88.84779,12.2,142.0,139.0,SHUN RU,IMO8307571,3FVS6,70,0,182,30,11.0,,A
240625000,2020-02-20T00:56:12,28.16245,-88.84173,9.6,322.0,320.0,PRIGIPOS,IMO9343883,SZRF,70,0,229,36,14.7,70,A
240625000,2020-02-20T00:59:02,28.16848,-88.84667,9.5,323.0,320.0,PRIGIPOS,IMO9343883,SZRF,70,0,229,36,14.7,70,A
240625000,2020-02-20T01:00:12,28.17102,-88.84875,9.6,323.0,320.0,PRIGIPOS,IMO9343883,SZRF,70,0,229,36,14.7,70,A
240625000,2020-02-20T01:01:32,28.17387,-88.85117,9.5,323.0,320.0,PRIGIPOS,IMO9343883,SZRF,70,0,229,36,14.7,70,A
240625000,2020-02-20T01:02:42,28.17633,-88.85325,9.5,322.0,320.0,PRIGIPOS,IMO9343883,SZRF,70,0,229,36,14.7,70,A
311105000,2020-02-22T23:33:01,28.17498,-88.81747,10.2,228.3,229.0,DEEP BLUE,IMO9215359,C6RM8,90,0,206,32,10.0,,A
311105000,2020-02-22T23:37:01,28.16735,-88.82702,10.3,228.3,229.0,DEEP BLUE,IMO9215359,C6RM8,90,0,206,32,10.0,,A
311105000,2020-02-22T23:38:21,28.16477,-88.83027,10.2,228.8,229.0,DEEP BLUE,IMO9215359,C6RM8,90,0,206,32,10.0,,A
311105000,2020-02-22T23:39:40,28.16228,-88.83338,10.2,228.1,229.0,DEEP BLUE,IMO9215359,C6RM8,90,0,206,32,10.0,,A
355491000,2020-01-25T14:46:02,28.19160,-88.84095,12.2,148.0,147.0,ACHILLES II,IMO9269001,HPTS,70,0,225,32,14.0,70,A
355491000,2020-01-25T14:48:22,28.18490,-88.83627,12.2,148.0,147.0,ACHILLES II,IMO9269001,HPTS,70,0,225,32,14.0,70,A
355491000,2020-01-25T14:53:02,28.17143,-88.82695,12.1,148.0,147.0,ACHILLES II,IMO9269001,HPTS,70,0,225,32,14.0,70,A
355491000,2020-01-25T14:54:11,28.16812,-88.82462,12.1,148.0,147.0,ACHILLES II,IMO9269001,HPTS,70,0,225,32,14.0,70,A
355491000,2020-01-25T14:55:12,28.16530,-88.82267,12.1,148.0,147.0,ACHILLES II,IMO9269001,HPTS,70,0,225,32,14.0,70,A
538003322,2020-02-24T20:21:10,28.16260,-88.85128,13.5,326.0,326.0,SEAWAYS YELLOWSTONE,IMO9394947,V7QA4,80,0,249,44,14.8,80,A
636015005,2020-03-21T11:46:51,28.16196,-88.85307,13.4,326.9,328.0,STOLT OCELOT,IMO9459539,A8YA2,80,0,155,24,10.2,82,A
538006600,2020-01-31T22:46:05,28.16209,-88.83665,11.5,338.8,340.0,ASTREA,IMO9705366,V7BK9,70,0,229,,,,A
538006600,2020-01-31T22:47:16,28.16567,-88.83818,11.6,339.4,340.0,ASTREA,IMO9705366,V7BK9,70,0,229,,,,A
538006600,2020-01-31T22:52:55,28.18273,-88.84563,11.7,338.2,340.0,ASTREA,IMO9705366,V7BK9,70,0,229,,,,A
538006600,2020-01-31T22:54:06,28.18636,-88.84726,11.7,338.4,340.0,ASTREA,IMO9705366,V7BK9,70,0,229,,,,A
538006600,2020-02-23T02:45:29,28.16360,-88.85302,14.0,154.0,154.0,ASTREA,IMO9705366,V7BK9,70,0,229,,,,A
367456560,2020-05-23T02:48:50,28.16390,-88.81912,23.4,255.1,255.0,RELENTLESS PURSUIT,,WDF4854,37,0,25,6,,37,A
367456560,2020-05-23T02:49:54,28.16219,-88.82680,23.3,257.9,257.0,RELENTLESS PURSUIT,,WDF4854,37,0,25,6,,37,A
220634000,2020-01-19T08:44:03,28.19588,-88.83953,12.5,136.8,136.0,TORM LILLY,IMO9392470,OUPJ2,80,0,183,32,13.5,,A
220634000,2020-01-19T08:46:54,28.18863,-88.83174,12.5,136.3,135.0,TORM LILLY,IMO9392470,OUPJ2,80,0,183,32,13.5,,A
220634000,2020-01-19T08:47:55,28.18613,-88.82900,12.5,135.4,135.0,TORM LILLY,IMO9392470,OUPJ2,80,0,183,32,13.5,,A
220634000,2020-01-19T08:52:24,28.17488,-88.81679,12.6,136.1,135.0,TORM LILLY,IMO9392470,OUPJ2,80,0,183,32,13.5,,A
354949000,2020-01-28T16:34:35,28.16648,-88.85498,11.0,324.3,328.0,ZEFYROS,IMO9515917,3FFL3,80,0,183,32,13.1,89,A
367179790,2020-02-11T14:20:38,28.18398,-88.82690,20.4,292.5,290.0,LADY EVE,IMO8658011,WDD6945,60,0,43,9,2.7,,A
367179790,2020-02-11T14:22:19,28.18932,-88.83618,21.0,312.5,318.0,LADY EVE,IMO8658011,WDD6945,60,0,43,9,2.7,,A
367179790,2020-02-11T14:23:32,28.19343,-88.84197,18.9,293.5,293.0,LADY EVE,IMO8658011,WDD6945,60,0,43,9,2.7,,A
477318300,2020-02-17T03:51:23,28.19376,-88.82907,20.3,130.2,133.0,SEALAND MICHIGAN,IMO9196864,VRSQ3,71,0,303,40,11.6,71,A
636091888,2020-03-20T00:18:24,28.16196,-88.85517,12.8,145.9,145.0,TRUDY,IMO9415246,A8UE2,70,0,184,23,10.4,70,A
368009000,2020-01-20T19:10:59,28.16976,-88.84656,7.0,323.9,334.0,SCOTT TURECAMO,IMO9203356,WDE6822,31,12,36,10,4.3,,A
368009000,2020-01-20T19:14:41,28.17544,-88.85117,6.4,322.6,332.0,SCOTT TURECAMO,IMO9203356,WDE6822,31,12,36,10,4.3,,A
368009000,2020-01-20T19:17:08,28.17915,-88.85422,6.6,324.6,335.0,SCOTT TURECAMO,IMO9203356,WDE6822,31,12,36,10,4.3,,A
538006012,2020-05-06T23:53:26,28.16693,-88.85449,10.7,146.5,144.0,SBI PEGASUS,IMO9705328,V7IY4,70,0,199,,,,A
538006012,2020-05-06T23:54:36,28.16403,-88.85234,10.7,147.5,145.0,SBI PEGASUS,IMO9705328,V7IY4,70,0,199,,,,A
636014739,2020-06-03T19:38:18,28.16193,-88.82142,13.2,329.0,333.0,LOENGO,IMO9372858,A8MO9,80,0,228,32,14.5,,A
636014739,2020-06-03T19:39:38,28.16622,-88.82428,13.2,329.0,333.0,LOENGO,IMO9372858,A8MO9,80,0,228,32,14.5,,A
636014739,2020-06-03T19:42:09,28.17412,-88.82957,13.2,328.0,333.0,LOENGO,IMO9372858,A8MO9,80,0,228,32,14.5,,A
636014739,2020-06-03T19:45:09,28.18358,-88.83597,13.2,329.0,333.0,LOENGO,IMO9372858,A8MO9,80,0,228,32,14.5,,A
636014739,2020-06-03T19:46:48,28.18887,-88.83947,13.2,329.0,333.0,LOENGO,IMO9372858,A8MO9,80,0,228,32,14.5,,A
636014739,2020-01-27T23:20:13,28.16322,-88.84113,12.2,336.0,338.0,LOENGO,IMO9372858,A8MO9,80,0,228,32,14.5,,A
636014739,2020-01-27T23:21:32,28.16733,-88.84315,12.2,336.0,338.0,LOENGO,IMO9372858,A8MO9,80,0,228,32,14.5,,A
636014739,2020-01-27T23:22:52,28.17152,-88.84518,12.2,337.0,338.0,LOENGO,IMO9372858,A8MO9,80,0,228,32,14.5,,A
636014739,2020-01-27T23:24:13,28.17570,-88.84722,12.2,336.0,338.0,LOENGO,IMO9372858,A8MO9,80,0,228,32,14.5,,A
636014739,2020-01-27T23:25:23,28.17935,-88.84903,12.2,335.0,338.0,LOENGO,IMO9372858,A8MO9,80,0,228,32,14.5,,A
636014739,2020-01-27T23:26:32,28.18302,-88.85085,12.3,336.0,338.0,LOENGO,IMO9372858,A8MO9,80,0,228,32,14.5,,A
636014739,2020-01-27T23:27:42,28.18665,-88.85262,12.3,337.0,339.0,LOENGO,IMO9372858,A8MO9,80,0,228,32,14.5,,A
636014739,2020-01-27T23:28:43,28.18990,-88.85410,12.4,337.0,339.0,LOENGO,IMO9372858,A8MO9,80,0,228,32,14.5,,A
353101000,2020-03-09T04:48:47,28.18301,-88.84132,10.8,330.1,330.0,NAVIOS STAR,IMO9243502,HOBU,70,0,224,32,14.1,71,A
240625000,2020-02-26T08:47:04,28.16750,-88.85307,12.8,143.0,140.0,PRIGIPOS,IMO9343883,SZRF,70,5,229,36,14.7,70,A
240625000,2020-02-26T08:48:46,28.16267,-88.84907,12.7,143.0,140.0,PRIGIPOS,IMO9343883,SZRF,70,5,229,36,14.7,70,A
477766200,2020-05-30T08:34:32,28.19593,-88.84410,11.9,144.4,143.0,JIN TAO,IMO9603697,VRJM9,70,0,189,32,12.8,,A
477766200,2020-05-30T08:35:34,28.19320,-88.84186,11.9,144.0,144.0,JIN TAO,IMO9603697,VRJM9,70,0,189,32,12.8,,A
477766200,2020-05-30T08:36:44,28.19003,-88.83929,11.9,144.7,144.0,JIN TAO,IMO9603697,VRJM9,70,0,189,32,12.8,,A
477766200,2020-05-30T08:37:52,28.18692,-88.83681,11.9,144.9,144.0,JIN TAO,IMO9603697,VRJM9,70,0,189,32,12.8,,A
477766200,2020-05-30T08:39:02,28.18375,-88.83428,12.0,144.9,145.0,JIN TAO,IMO9603697,VRJM9,70,0,189,32,12.8,,A
477766200,2020-05-30T08:40:13,28.18056,-88.83177,12.0,145.1,144.0,JIN TAO,IMO9603697,VRJM9,70,0,189,32,12.8,,A
477766200,2020-05-30T08:41:23,28.17731,-88.82920,12.0,144.9,145.0,JIN TAO,IMO9603697,VRJM9,70,0,189,32,12.8,,A
477766200,2020-05-30T08:42:34,28.17411,-88.82665,12.0,145.1,145.0,JIN TAO,IMO9603697,VRJM9,70,0,189,32,12.8,,A
477766200,2020-05-30T08:43:44,28.17090,-88.82412,12.0,145.4,145.0,JIN TAO,IMO9603697,VRJM9,70,0,189,32,12.8,,A
477766200,2020-05-30T08:44:52,28.16775,-88.82163,12.0,144.6,144.0,JIN TAO,IMO9603697,VRJM9,70,0,189,32,12.8,,A
477766200,2020-05-30T08:46:02,28.16461,-88.81904,12.0,143.9,144.0,JIN TAO,IMO9603697,VRJM9,70,0,189,32,12.8,,A
636091785,2020-06-03T05:22:22,28.16421,-88.82811,12.5,316.1,318.0,BUXLINK,IMO9235816,A8SW3,70,0,207,29,11.4,,A
636091785,2020-06-03T05:23:43,28.16744,-88.83186,12.4,313.8,318.0,BUXLINK,IMO9235816,A8SW3,70,0,207,29,11.4,,A
636091785,2020-06-03T05:25:03,28.17066,-88.83556,12.2,316.5,318.0,BUXLINK,IMO9235816,A8SW3,70,0,207,29,11.4,,A
636091785,2020-06-03T05:26:52,28.17502,-88.84063,12.4,316.6,317.0,BUXLINK,IMO9235816,A8SW3,70,0,207,29,11.4,,A
636091785,2020-06-03T05:31:01,28.18527,-88.85196,12.5,316.4,321.0,BUXLINK,IMO9235816,A8SW3,70,0,207,29,11.4,,A
636091785,2020-06-03T05:32:12,28.18827,-88.85511,12.2,315.3,320.0,BUXLINK,IMO9235816,A8SW3,70,0,207,29,11.4,,A
538007509,2020-04-06T20:10:52,28.16325,-88.81740,13.0,322.4,321.0,MADISON EAGLE,IMO9575278,V7SK7,70,0,199,32,13.3,,A
538007509,2020-04-06T20:12:22,28.16762,-88.82116,12.9,322.6,321.0,MADISON EAGLE,IMO9575278,V7SK7,70,0,199,32,13.3,,A
538007509,2020-04-06T20:13:31,28.17087,-88.82398,12.9,323.1,320.0,MADISON EAGLE,IMO9575278,V7SK7,70,0,199,32,13.3,,A
538007509,2020-04-06T20:14:52,28.17469,-88.82737,12.9,320.6,318.0,MADISON EAGLE,IMO9575278,V7SK7,70,0,199,32,13.3,,A
538007509,2020-04-06T20:16:02,28.17792,-88.83041,12.8,319.7,317.0,MADISON EAGLE,IMO9575278,V7SK7,70,0,199,32,13.3,,A
538007509,2020-04-06T20:17:41,28.18236,-88.83485,12.8,318.0,316.0,MADISON EAGLE,IMO9575278,V7SK7,70,0,199,32,13.3,,A
538007509,2020-04-06T20:19:02,28.18594,-88.83854,12.8,317.3,315.0,MADISON EAGLE,IMO9575278,V7SK7,70,0,199,32,13.3,,A
538007509,2020-04-06T20:20:10,28.18898,-88.84168,12.8,318.0,315.0,MADISON EAGLE,IMO9575278,V7SK7,70,0,199,32,13.3,,A
538007509,2020-04-06T20:21:22,28.19215,-88.84496,12.8,316.8,315.0,MADISON EAGLE,IMO9575278,V7SK7,70,0,199,32,13.3,,A
538007509,2020-04-06T20:22:30,28.19513,-88.84808,12.9,317.3,316.0,MADISON EAGLE,IMO9575278,V7SK7,70,0,199,32,13.3,,A
538006836,2020-04-10T08:56:41,28.17849,-88.82798,11.3,316.3,318.0,PACIFIC JEWELS,IMO9732254,V7RW5,80,0,255,,,,A
538006836,2020-04-10T08:57:42,28.18084,-88.83051,11.2,316.5,318.0,PACIFIC JEWELS,IMO9732254,V7RW5,80,0,255,,,,A
538006836,2020-04-10T08:59:42,28.18540,-88.83535,11.2,316.7,318.0,PACIFIC JEWELS,IMO9732254,V7RW5,80,0,255,,,,A
538006836,2020-04-10T09:00:31,28.18721,-88.83729,11.2,316.4,318.0,PACIFIC JEWELS,IMO9732254,V7RW5,80,0,255,,,,A
538006836,2020-04-10T09:01:42,28.18992,-88.84020,11.2,316.3,318.0,PACIFIC JEWELS,IMO9732254,V7RW5,80,0,255,,,,A
538006836,2020-04-10T09:03:21,28.19366,-88.84423,11.2,316.6,318.0,PACIFIC JEWELS,IMO9732254,V7RW5,80,0,255,,,,A
538006836,2020-04-10T09:04:51,28.19704,-88.84785,11.2,316.6,318.0,PACIFIC JEWELS,IMO9732254,V7RW5,80,0,255,,,,A
240014000,2020-04-15T02:21:08,28.16733,-88.81655,13.2,312.0,314.0,MINERVA ZENIA,IMO9236248,SYNB,80,0,248,43,14.3,89,A
240014000,2020-04-15T02:22:18,28.17017,-88.81998,13.1,312.0,314.0,MINERVA ZENIA,IMO9236248,SYNB,80,0,248,43,14.3,89,A
240014000,2020-04-15T02:23:38,28.17348,-88.82405,13.2,312.0,314.0,MINERVA ZENIA,IMO9236248,SYNB,80,0,248,43,14.3,89,A
240014000,2020-04-15T02:24:58,28.17688,-88.82815,13.2,313.0,314.0,MINERVA ZENIA,IMO9236248,SYNB,80,0,248,43,14.3,89,A
240014000,2020-04-15T02:26:28,28.18063,-88.83272,13.2,312.0,314.0,MINERVA ZENIA,IMO9236248,SYNB,80,0,248,43,14.3,89,A
240014000,2020-04-15T02:28:58,28.18683,-88.84030,13.2,312.0,314.0,MINERVA ZENIA,IMO9236248,SYNB,80,0,248,43,14.3,89,A
240014000,2020-04-15T02:30:38,28.19103,-88.84542,13.2,312.0,314.0,MINERVA ZENIA,IMO9236248,SYNB,80,0,248,43,14.3,89,A
240014000,2020-04-15T02:31:48,28.19392,-88.84897,13.2,312.0,314.0,MINERVA ZENIA,IMO9236248,SYNB,80,0,248,43,14.3,89,A
240014000,2020-04-15T02:32:58,28.19685,-88.85260,13.2,312.0,314.0,MINERVA ZENIA,IMO9236248,SYNB,80,0,248,43,14.3,89,A
538006748,2020-01-10T09:44:19,28.17707,-88.81453,14.0,295.1,295.0,GEIYO K,IMO9747613,V7QW4,70,0,189,,,,A
538006748,2020-01-10T09:47:55,28.18314,-88.82878,14.0,296.2,295.0,GEIYO K,IMO9747613,V7QW4,70,0,189,,,,A
538006748,2020-01-10T09:49:07,28.18519,-88.83361,14.1,296.8,295.0,GEIYO K,IMO9747613,V7QW4,70,0,189,,,,A
538006748,2020-01-10T09:50:26,28.18744,-88.83882,14.0,296.5,295.0,GEIYO K,IMO9747613,V7QW4,70,0,189,,,,A
538006748,2020-01-10T09:54:44,28.19612,-88.85461,13.9,310.4,313.0,GEIYO K,IMO9747613,V7QW4,70,0,189,,,,A
367657110,2020-02-09T09:02:21,28.19456,-88.83030,10.0,237.6,234.0,PECAN ISLAND,IMO9730323,WDH8352,90,0,95,20,6.8,,A
367657110,2020-02-09T09:03:51,28.19227,-88.83421,10.1,237.1,234.0,PECAN ISLAND,IMO9730323,WDH8352,90,0,95,20,6.8,,A
367657110,2020-02-09T09:05:22,28.18992,-88.83826,10.1,237.1,235.0,PECAN ISLAND,IMO9730323,WDH8352,90,0,95,20,6.8,,A
367657110,2020-02-09T09:07:10,28.18714,-88.84304,10.2,236.9,234.0,PECAN ISLAND,IMO9730323,WDH8352,90,0,95,20,6.8,,A
367657110,2020-02-09T09:09:00,28.18432,-88.84797,10.2,236.7,234.0,PECAN ISLAND,IMO9730323,WDH8352,90,0,95,20,6.8,,A
367657110,2020-02-09T09:10:10,28.18249,-88.85108,10.2,237.1,235.0,PECAN ISLAND,IMO9730323,WDH8352,90,0,95,20,6.8,,A
240788000,2020-02-18T00:40:50,28.16488,-88.81586,12.9,328.1,322.0,MINERVA JOANNA,IMO9380386,SVAB9,80,0,183,32,12.2,80,A
240788000,2020-02-18T00:42:30,28.16994,-88.81945,12.9,328.0,322.0,MINERVA JOANNA,IMO9380386,SVAB9,80,0,183,32,12.2,80,A
240788000,2020-02-18T00:44:00,28.17443,-88.82264,12.9,327.6,322.0,MINERVA JOANNA,IMO9380386,SVAB9,80,0,183,32,12.2,80,A
240788000,2020-02-18T00:46:00,28.18049,-88.82700,12.9,327.3,322.0,MINERVA JOANNA,IMO9380386,SVAB9,80,0,183,32,12.2,80,A
240788000,2020-02-18T00:47:20,28.18448,-88.82994,12.9,327.0,321.0,MINERVA JOANNA,IMO9380386,SVAB9,80,0,183,32,12.2,80,A
240788000,2020-02-18T00:48:30,28.18800,-88.83252,12.8,326.9,322.0,MINERVA JOANNA,IMO9380386,SVAB9,80,0,183,32,12.2,80,A
636017617,2020-03-16T08:06:17,28.16424,-88.84497,12.8,327.0,327.0,NORDIC STAVANGER,IMO9514377,D5LX3,70,0,189,32,12.7,70,A
636017617,2020-03-16T08:07:29,28.16774,-88.84761,12.7,325.0,326.0,NORDIC STAVANGER,IMO9514377,D5LX3,70,0,189,32,12.7,70,A
636017617,2020-03-16T08:08:39,28.17123,-88.85029,12.8,326.0,327.0,NORDIC STAVANGER,IMO9514377,D5LX3,70,0,189,32,12.7,70,A
636017617,2020-03-16T08:09:48,28.17458,-88.85284,12.8,326.0,327.0,NORDIC STAVANGER,IMO9514377,D5LX3,70,0,189,32,12.7,70,A
257405000,2020-03-18T07:14:31,28.16483,-88.83763,14.1,333.4,336.0,FINNANGER,IMO9387712,LAFM7,80,0,183,32,12.3,82,A
257405000,2020-03-18T07:15:37,28.16875,-88.83976,14.1,335.3,338.0,FINNANGER,IMO9387712,LAFM7,80,0,183,32,12.3,82,A
257405000,2020-03-18T07:16:55,28.17343,-88.84216,14.1,335.1,337.0,FINNANGER,IMO9387712,LAFM7,80,0,183,32,12.3,82,A
257405000,2020-03-18T07:18:01,28.17732,-88.84430,14.1,333.8,336.0,FINNANGER,IMO9387712,LAFM7,80,0,183,32,12.3,82,A
257405000,2020-03-18T07:20:01,28.18444,-88.84807,14.1,334.7,337.0,FINNANGER,IMO9387712,LAFM7,80,0,183,32,12.3,82,A
257405000,2020-03-18T07:22:00,28.19156,-88.85185,14.1,334.7,337.0,FINNANGER,IMO9387712,LAFM7,80,0,183,32,12.3,82,A
257405000,2020-03-18T07:23:06,28.19548,-88.85394,14.1,335.1,338.0,FINNANGER,IMO9387712,LAFM7,80,0,183,32,12.3,82,A
354298000,2020-04-26T22:24:24,28.18470,-88.85380,17.1,114.6,113.0,CARNIVAL VALOR,IMO9236389,H3VR,60,0,290,35,8.3,69,A
354298000,2020-04-26T22:25:42,28.18205,-88.84744,17.2,115.3,114.0,CARNIVAL VALOR,IMO9236389,H3VR,60,0,290,35,8.3,69,A
354298000,2020-04-26T22:27:42,28.17790,-88.83766,17.2,115.3,114.0,CARNIVAL VALOR,IMO9236389,H3VR,60,0,290,35,8.3,69,A
354298000,2020-04-26T22:29:42,28.17379,-88.82782,17.3,114.9,114.0,CARNIVAL VALOR,IMO9236389,H3VR,60,0,290,35,8.3,69,A
354298000,2020-04-26T22:31:01,28.17109,-88.82144,17.3,115.6,115.0,CARNIVAL VALOR,IMO9236389,H3VR,60,0,290,35,8.3,69,A
357460000,2020-01-06T16:11:37,28.17563,-88.81527,13.6,310.0,310.0,GINGA BOBCAT,IMO9472737,3FFZ8,80,0,159,26,10.1,82,A
357460000,2020-01-06T16:12:47,28.17860,-88.81900,13.6,310.0,310.0,GINGA BOBCAT,IMO9472737,3FFZ8,80,0,159,26,10.1,82,A
357460000,2020-01-06T16:13:57,28.18150,-88.82287,13.6,310.0,310.0,GINGA BOBCAT,IMO9472737,3FFZ8,80,0,159,26,10.1,82,A
357460000,2020-01-06T16:15:06,28.18415,-88.82673,13.5,310.0,310.0,GINGA BOBCAT,IMO9472737,3FFZ8,80,0,159,26,10.1,82,A
357460000,2020-01-06T16:16:37,28.18787,-88.83168,13.5,310.0,310.0,GINGA BOBCAT,IMO9472737,3FFZ8,80,0,159,26,10.1,82,A
357460000,2020-01-06T16:17:47,28.19073,-88.83542,13.5,310.0,310.0,GINGA BOBCAT,IMO9472737,3FFZ8,80,0,159,26,10.1,82,A
357460000,2020-01-06T16:19:17,28.19442,-88.84032,13.5,310.0,311.0,GINGA BOBCAT,IMO9472737,3FFZ8,80,0,159,26,10.1,82,A
636017830,2020-03-31T00:18:11,28.18426,-88.81543,12.8,311.9,311.0,STOLT SYPRESS,IMO9150315,D5MX2,80,0,182,32,10.7,81,A
636017830,2020-03-31T00:20:01,28.18872,-88.82089,12.8,312.2,310.0,STOLT SYPRESS,IMO9150315,D5MX2,80,0,182,32,10.7,81,A
636017830,2020-03-31T00:21:02,28.19110,-88.82400,12.7,311.7,311.0,STOLT SYPRESS,IMO9150315,D5MX2,80,0,182,32,10.7,81,A
636017830,2020-03-31T00:23:02,28.19585,-88.82991,12.7,312.3,311.0,STOLT SYPRESS,IMO9150315,D5MX2,80,0,182,32,10.7,81,A
372219000,2020-05-27T01:40:17,28.17285,-88.81708,11.8,311.0,319.0,CHEMWAY LARA,IMO9367530,3EMN3,80,0,182,28,11.3,82,A
372219000,2020-05-27T01:42:37,28.17848,-88.82304,11.8,319.0,326.0,CHEMWAY LARA,IMO9367530,3EMN3,80,0,182,28,11.3,82,A
372219000,2020-05-27T01:44:08,28.18232,-88.82660,11.8,320.0,324.0,CHEMWAY LARA,IMO9367530,3EMN3,80,0,182,28,11.3,82,A
372219000,2020-05-27T01:45:28,28.18563,-88.82991,11.9,316.0,320.0,CHEMWAY LARA,IMO9367530,3EMN3,80,0,182,28,11.3,82,A
372219000,2020-05-27T01:48:08,28.19224,-88.83660,11.9,321.0,326.0,CHEMWAY LARA,IMO9367530,3EMN3,80,0,182,28,11.3,82,A
372219000,2020-05-27T01:50:08,28.19755,-88.84121,11.9,322.0,326.0,CHEMWAY LARA,IMO9367530,3EMN3,80,0,182,28,11.3,82,A
374226000,2020-01-02T05:13:47,28.16548,-88.81658,12.4,285.1,284.0,FIRST SKY,IMO9782247,3EGC5,,0,,,,,A
374226000,2020-01-02T05:15:16,28.16688,-88.82217,12.4,285.1,284.0,FIRST SKY,IMO9782247,3EGC5,,0,,,,,A
374226000,2020-01-02T05:16:27,28.16796,-88.82666,12.5,285.0,284.0,FIRST SKY,IMO9782247,3EGC5,,0,,,,,A
374226000,2020-01-02T05:17:56,28.16933,-88.83231,12.5,285.0,284.0,FIRST SKY,IMO9782247,3EGC5,,0,,,,,A
374226000,2020-01-02T05:20:06,28.17132,-88.84061,12.5,284.6,284.0,FIRST SKY,IMO9782247,3EGC5,,0,,,,,A
374226000,2020-01-02T05:21:17,28.17236,-88.84505,12.5,284.3,284.0,FIRST SKY,IMO9782247,3EGC5,,0,,,,,A
374226000,2020-01-02T05:22:27,28.17338,-88.84949,12.5,284.6,284.0,FIRST SKY,IMO9782247,3EGC5,,0,,,,,A
374226000,2020-01-18T07:35:11,28.17731,-88.84769,11.4,145.5,146.0,FIRST SKY,IMO9782247,3EGC5,,0,,,,,A
374226000,2020-01-18T07:40:51,28.16245,-88.83638,11.4,147.1,147.0,FIRST SKY,IMO9782247,3EGC5,,0,,,,,A
538004486,2020-03-16T10:35:50,28.18385,-88.85114,13.7,134.5,134.0,INTREPID SEAHAWK,IMO9576777,V7XI2,80,0,177,27,9.2,,A
538004486,2020-03-16T10:37:39,28.17881,-88.84575,13.7,137.3,134.0,INTREPID SEAHAWK,IMO9576777,V7XI2,80,0,177,27,9.2,,A
538004486,2020-03-16T10:41:49,28.16695,-88.83372,13.8,144.3,144.0,INTREPID SEAHAWK,IMO9576777,V7XI2,80,0,177,27,9.2,,A
311050900,2020-03-28T03:54:33,28.17332,-88.85310,7.0,143.0,139.0,NORWEGIAN GETAWAY,IMO9606924,C6ZJ4,60,0,325,39,8.6,,A
311050900,2020-03-28T03:56:24,28.17040,-88.85062,7.1,143.0,139.0,NORWEGIAN GETAWAY,IMO9606924,C6ZJ4,60,0,325,39,8.6,,A
338068000,2020-04-24T21:49:58,28.18925,-88.82254,12.5,290.9,295.0,SQUALL,IMO9690391,WDI5397,90,0,71,,,,A
338068000,2020-04-24T21:52:09,28.19194,-88.83060,12.6,289.9,296.0,SQUALL,IMO9690391,WDI5397,90,0,71,,,,A
338068000,2020-04-24T21:53:49,28.19404,-88.83682,12.6,291.1,296.0,SQUALL,IMO9690391,WDI5397,90,0,71,,,,A
338068000,2020-04-24T21:55:19,28.19619,-88.84223,12.4,300.1,306.0,SQUALL,IMO9690391,WDI5397,90,0,71,,,,A
372219000,2020-04-24T15:59:55,28.16797,-88.81669,12.5,314.0,318.0,CHEMWAY LARA,IMO9367530,3EMN3,80,0,182,28,11.3,82,A
372219000,2020-04-24T16:00:06,28.16838,-88.81716,12.5,314.0,318.0,CHEMWAY LARA,IMO9367530,3EMN3,80,0,182,28,11.3,82,A
372219000,2020-04-24T16:01:25,28.17163,-88.82085,12.5,315.0,321.0,CHEMWAY LARA,IMO9367530,3EMN3,80,0,182,28,11.3,82,A
372219000,2020-04-24T16:02:35,28.17465,-88.82393,12.5,319.0,322.0,CHEMWAY LARA,IMO9367530,3EMN3,80,0,182,28,11.3,82,A
372219000,2020-04-24T16:03:56,28.17817,-88.82752,12.5,316.0,319.0,CHEMWAY LARA,IMO9367530,3EMN3,80,0,182,28,11.3,82,A
372219000,2020-04-24T16:05:04,28.18092,-88.83070,12.5,312.0,318.0,CHEMWAY LARA,IMO9367530,3EMN3,80,0,182,28,11.3,82,A
372219000,2020-04-24T16:06:16,28.18392,-88.83401,12.5,316.0,322.0,CHEMWAY LARA,IMO9367530,3EMN3,80,0,182,28,11.3,82,A
372219000,2020-04-24T16:07:25,28.18693,-88.83699,12.5,318.0,322.0,CHEMWAY LARA,IMO9367530,3EMN3,80,0,182,28,11.3,82,A
372219000,2020-04-24T16:08:56,28.19081,-88.84106,12.5,315.0,318.0,CHEMWAY LARA,IMO9367530,3EMN3,80,0,182,28,11.3,82,A
372219000,2020-04-24T16:10:16,28.19406,-88.84486,12.5,313.0,319.0,CHEMWAY LARA,IMO9367530,3EMN3,80,0,182,28,11.3,82,A
372219000,2020-04-24T16:11:35,28.19745,-88.84845,12.5,318.0,323.0,CHEMWAY LARA,IMO9367530,3EMN3,80,0,182,28,11.3,82,A
354764000,2020-04-22T00:41:19,28.16455,-88.85014,14.0,333.0,334.0,ORIENTAL JADE,IMO9294305,H9MQ,80,0,333,60,20.8,,A
354764000,2020-04-22T00:43:21,28.17159,-88.85424,14.0,332.5,334.0,ORIENTAL JADE,IMO9294305,H9MQ,80,0,333,60,20.8,,A
311000584,2020-03-30T01:48:26,28.18558,-88.85417,12.6,154.4,155.0,HOLLAND PEARL,IMO9742455,C6CV4,70,0,,,,,A
240991000,2019-11-09T12:25:17,28.16395,-88.84112,9.1,332.0,340.0,FOURNI,IMO9405564,SVAX9,80,0,183,32,13.3,80,A
240991000,2019-11-09T12:26:28,28.16668,-88.84267,9.2,333.0,341.0,FOURNI,IMO9405564,SVAX9,80,0,183,32,13.3,80,A
240991000,2019-11-09T12:30:37,28.17623,-88.84800,9.2,333.0,340.0,FOURNI,IMO9405564,SVAX9,80,0,183,32,13.3,80,A
240991000,2019-11-09T12:34:17,28.18473,-88.85280,9.2,333.0,340.0,FOURNI,IMO9405564,SVAX9,80,0,183,32,13.3,80,A
240991000,2019-11-09T12:35:38,28.18787,-88.85453,9.2,333.0,340.0,FOURNI,IMO9405564,SVAX9,80,0,183,32,13.3,80,A
477162800,2019-11-23T07:40:49,28.19493,-88.84368,13.5,132.2,130.0,,,,,0,,,,,A
477162800,2019-11-23T07:41:59,28.19207,-88.84015,13.4,132.4,130.0,,,,,0,,,,,A
477162800,2019-11-23T07:43:10,28.18911,-88.83646,13.4,131.6,129.0,,,,,0,,,,,A
477162800,2019-11-23T07:44:30,28.18589,-88.83217,13.4,129.6,129.0,,,,,0,,,,,A
477162800,2019-11-23T07:45:39,28.18312,-88.82844,13.3,130.7,131.0,,,,,0,,,,,A
477162800,2019-11-23T07:46:59,28.17990,-88.82429,13.3,131.5,131.0,,,,,0,,,,,A
477162800,2019-11-23T07:48:39,28.17590,-88.81912,13.2,130.8,130.0,,,,,0,,,,,A
477162800,2019-11-23T07:49:59,28.17273,-88.81494,13.2,130.4,130.0,,,,,0,,,,,A
219290000,2019-11-26T05:29:08,28.16519,-88.83373,10.1,324.9,326.0,NORD GAINER,IMO9448724,OZCK2,80,0,183,32,12.6,,A
219290000,2019-11-26T05:30:17,28.16787,-88.83584,10.1,324.9,327.0,NORD GAINER,IMO9448724,OZCK2,80,0,183,32,12.6,,A
219290000,2019-11-26T05:31:38,28.17101,-88.83830,10.1,325.3,326.0,NORD GAINER,IMO9448724,OZCK2,80,0,183,32,12.6,,A
219290000,2019-11-26T05:32:48,28.17369,-88.84039,10.1,325.4,326.0,NORD GAINER,IMO9448724,OZCK2,80,0,183,32,12.6,,A
219290000,2019-11-26T05:33:57,28.17640,-88.84250,10.1,325.6,326.0,NORD GAINER,IMO9448724,OZCK2,80,0,183,32,12.6,,A
219290000,2019-11-26T05:35:09,28.17912,-88.84462,10.0,325.6,326.0,NORD GAINER,IMO9448724,OZCK2,80,0,183,32,12.6,,A
219290000,2019-11-26T05:36:28,28.18216,-88.84697,10.0,325.7,327.0,NORD GAINER,IMO9448724,OZCK2,80,0,183,32,12.6,,A
219290000,2019-11-26T05:37:38,28.18489,-88.84907,10.0,325.9,327.0,NORD GAINER,IMO9448724,OZCK2,80,0,183,32,12.6,,A
219290000,2019-11-26T05:38:58,28.18799,-88.85142,10.0,326.1,326.0,NORD GAINER,IMO9448724,OZCK2,80,0,183,32,12.6,,A
219290000,2019-11-26T05:40:18,28.19110,-88.85378,10.0,326.0,326.0,NORD GAINER,IMO9448724,OZCK2,80,0,183,32,12.6,,A
636018604,2019-11-29T18:27:50,28.17153,-88.85369,14.6,150.7,149.0,,,,,0,,,,,A
636018604,2019-11-29T18:29:14,28.16661,-88.85057,14.5,149.5,148.0,,,,,0,,,,,A
636018604,2019-11-29T18:30:26,28.16238,-88.84773,14.5,150.2,149.0,,,,,0,,,,,A
477166100,2019-12-03T02:57:42,28.17005,-88.83169,12.7,333.0,335.0,,,,,0,,,,,A
477166100,2019-12-03T02:59:01,28.17419,-88.83407,12.6,332.8,335.0,,,,,0,,,,,A
477166100,2019-12-03T03:00:11,28.17789,-88.83623,12.7,332.8,335.0,,,,,0,,,,,A
477166100,2019-12-03T03:05:01,28.19301,-88.84497,12.6,333.3,335.0,,,,,0,,,,,A
356362000,2019-12-04T04:38:33,28.19199,-88.84696,12.2,160.0,156.0,,,,,0,,,,,A
356362000,2019-12-04T04:39:54,28.18768,-88.84520,12.2,160.2,157.0,,,,,0,,,,,A
356362000,2019-12-04T04:41:03,28.18393,-88.84367,12.2,160.3,157.0,,,,,0,,,,,A
356362000,2019-12-04T04:42:14,28.18010,-88.84213,12.2,160.4,157.0,,,,,0,,,,,A
356362000,2019-12-04T04:43:24,28.17642,-88.84062,12.2,159.8,156.0,,,,,0,,,,,A
356362000,2019-12-04T04:44:34,28.17269,-88.83905,12.2,159.5,156.0,,,,,0,,,,,A
356362000,2019-12-04T04:46:03,28.16783,-88.83705,12.3,160.5,157.0,,,,,0,,,,,A
356362000,2019-12-04T04:47:13,28.16409,-88.83546,12.3,160.0,157.0,,,,,0,,,,,A
354459000,2019-12-05T20:26:17,28.16677,-88.83825,13.4,325.4,330.0,,,,,0,,,,,A
354459000,2019-12-05T20:27:18,28.16978,-88.84073,13.3,323.9,330.0,,,,,0,,,,,A
354459000,2019-12-05T20:28:28,28.17332,-88.84359,13.2,324.2,331.0,,,,,0,,,,,A
354459000,2019-12-05T20:30:47,28.18025,-88.84907,13.2,324.6,331.0,,,,,0,,,,,A
354459000,2019-12-05T20:31:58,28.18379,-88.85189,13.2,324.8,331.0,,,,,0,,,,,A
354459000,2019-12-05T20:33:07,28.18719,-88.85460,13.2,324.8,331.0,,,,,0,,,,,A
477166100,2019-12-08T06:13:47,28.19752,-88.84318,12.2,155.3,152.0,,,,,0,,,,,A
477166100,2019-12-08T06:19:17,28.18106,-88.83371,12.2,155.1,154.0,,,,,0,,,,,A
477166100,2019-12-08T06:20:57,28.17592,-88.83122,12.2,156.5,152.0,,,,,0,,,,,A
563082600,2019-12-16T05:28:04,28.16378,-88.83288,11.2,333.0,335.0,,,,,0,,,,,A
563082600,2019-12-16T05:30:12,28.16980,-88.83637,11.2,332.5,335.0,,,,,0,,,,,A
563082600,2019-12-16T05:31:21,28.17301,-88.83820,11.2,333.2,335.0,,,,,0,,,,,A
563082600,2019-12-16T05:33:03,28.17767,-88.84095,11.2,332.5,335.0,,,,,0,,,,,A
563082600,2019-12-16T05:34:43,28.18232,-88.84361,11.2,333.3,335.0,,,,,0,,,,,A
563082600,2019-12-16T05:35:53,28.18556,-88.84549,11.2,332.7,335.0,,,,,0,,,,,A
563082600,2019-12-16T05:37:32,28.19018,-88.84816,11.2,333.0,335.0,,,,,0,,,,,A
563082600,2019-12-16T05:38:42,28.19341,-88.85004,11.2,332.5,335.0,,,,,0,,,,,A
538005385,2019-12-24T16:05:26,28.16190,-88.85206,8.4,334.5,338.0,,,,,0,,,,,A
636019327,2019-12-28T17:45:46,28.16400,-88.83851,12.7,330.1,335.0,,,,,0,,,,,A
636019327,2019-12-28T17:46:55,28.16756,-88.84071,12.7,331.7,336.0,,,,,0,,,,,A
636019327,2019-12-28T17:48:05,28.17123,-88.84290,12.7,332.2,336.0,,,,,0,,,,,A
636019327,2019-12-28T17:50:36,28.17914,-88.84763,12.7,331.8,336.0,,,,,0,,,,,A
636019327,2019-12-28T17:52:16,28.18435,-88.85078,12.7,332.3,336.0,,,,,0,,,,,A
636019327,2019-12-28T17:53:17,28.18754,-88.85269,12.7,332.1,336.0,,,,,0,,,,,A
338884000,2019-12-13T17:50:39,28.17741,-88.81495,11.2,233.4,233.0,PAO DE ACUCAR,IMO9529683,WDE8602,90,0,84,18,6.2,29,A
338884000,2019-12-13T17:55:20,28.16869,-88.82836,11.3,234.0,233.0,PAO DE ACUCAR,IMO9529683,WDE8602,90,0,84,18,6.2,20,A
240991000,2019-11-18T07:52:29,28.19045,-88.85485,12.5,163.0,160.0,FOURNI,IMO9405564,SVAX9,80,0,183,32,13.3,80,A
240991000,2019-11-18T07:53:49,28.18600,-88.85337,12.5,163.0,160.0,FOURNI,IMO9405564,SVAX9,80,0,183,32,13.3,80,A
240991000,2019-11-18T07:55:00,28.18207,-88.85207,12.5,163.0,160.0,FOURNI,IMO9405564,SVAX9,80,0,183,32,13.3,80,A
240991000,2019-11-18T07:56:39,28.17667,-88.85013,12.4,163.0,160.0,FOURNI,IMO9405564,SVAX9,80,0,183,32,13.3,80,A
240991000,2019-11-18T07:58:00,28.17210,-88.84860,12.4,163.0,160.0,FOURNI,IMO9405564,SVAX9,80,0,183,32,13.3,80,A
240991000,2019-11-18T07:59:29,28.16703,-88.84692,12.4,163.0,160.0,FOURNI,IMO9405564,SVAX9,80,0,183,32,13.3,80,A
240991000,2019-11-18T08:00:10,28.16490,-88.84622,12.4,163.0,160.0,FOURNI,IMO9405564,SVAX9,80,0,183,32,13.3,80,A
563405000,2019-11-19T15:56:37,28.17569,-88.81759,8.2,318.3,325.0,ARIANE MAKARA,IMO9442548,9V7973,80,0,147,24,9.7,80,A
563405000,2019-11-19T15:58:15,28.17847,-88.82038,8.2,318.2,325.0,ARIANE MAKARA,IMO9442548,9V7973,80,0,147,24,9.7,80,A
563405000,2019-11-19T15:59:26,28.18049,-88.82242,8.2,318.4,325.0,ARIANE MAKARA,IMO9442548,9V7973,80,0,147,24,9.7,80,A
563405000,2019-11-19T16:00:26,28.18220,-88.82412,8.2,318.2,324.0,ARIANE MAKARA,IMO9442548,9V7973,80,0,147,24,9.7,80,A
563405000,2019-11-19T16:02:06,28.18503,-88.82699,8.2,318.3,325.0,ARIANE MAKARA,IMO9442548,9V7973,80,0,147,24,9.7,80,A
563405000,2019-11-19T16:03:15,28.18702,-88.82894,8.2,320.4,327.0,ARIANE MAKARA,IMO9442548,9V7973,80,0,147,24,9.7,80,A
563405000,2019-11-19T16:05:15,28.19059,-88.83216,8.2,321.8,327.0,ARIANE MAKARA,IMO9442548,9V7973,80,0,147,24,9.7,80,A
563405000,2019-11-19T16:06:36,28.19301,-88.83434,8.2,321.5,327.0,ARIANE MAKARA,IMO9442548,9V7973,80,0,147,24,9.7,80,A
563405000,2019-11-19T16:07:37,28.19483,-88.83597,8.2,321.3,327.0,ARIANE MAKARA,IMO9442548,9V7973,80,0,147,24,9.7,80,A
563405000,2019-11-19T16:08:57,28.19724,-88.83812,8.2,322.0,328.0,ARIANE MAKARA,IMO9442548,9V7973,80,0,147,24,9.7,80,A
367474360,2019-11-29T09:03:33,28.16195,-88.82783,9.2,81.1,79.0,OCEAN PROJECT,IMO9617686,WDF6447,90,0,59,14,3.3,,A
367474360,2019-11-29T09:05:03,28.16253,-88.82353,9.1,81.4,80.0,OCEAN PROJECT,IMO9617686,WDF6447,90,0,59,14,3.3,,A
367474360,2019-11-29T09:06:34,28.16312,-88.81923,9.1,81.7,80.0,OCEAN PROJECT,IMO9617686,WDF6447,90,0,59,14,3.3,,A
367474360,2019-11-29T09:07:42,28.16355,-88.81593,9.2,80.7,79.0,OCEAN PROJECT,IMO9617686,WDF6447,90,0,59,14,3.3,,A
235080015,2019-12-22T10:40:27,28.16267,-88.81917,9.3,283.5,293.0,SEVEN PACIFIC,IMO9518311,2DLM3,90,0,133,24,6.8,,A
235080015,2019-12-22T10:45:47,28.16633,-88.83400,9.5,282.3,295.0,SEVEN PACIFIC,IMO9518311,2DLM3,90,0,133,24,6.8,,A
235080015,2019-12-22T10:48:16,28.16817,-88.84083,9.3,285.3,296.0,SEVEN PACIFIC,IMO9518311,2DLM3,90,0,133,24,6.8,,A
235080015,2019-12-22T10:50:27,28.16967,-88.84700,9.0,285.7,297.0,SEVEN PACIFIC,IMO9518311,2DLM3,90,0,133,24,6.8,,A
367652000,2019-11-05T16:03:44,28.16416,-88.81792,9.5,315.8,322.0,PELICAN,IMO8517009,WDD6114,90,0,32,7,2.6,39,A
367652000,2019-11-05T16:06:33,28.16955,-88.82355,9.4,317.6,321.0,PELICAN,IMO8517009,WDD6114,90,0,32,7,2.6,39,A
367652000,2019-11-05T16:08:03,28.17251,-88.82637,9.3,320.3,325.0,PELICAN,IMO8517009,WDD6114,90,0,32,7,2.6,39,A
367652000,2019-11-05T16:09:04,28.17448,-88.82824,9.2,319.7,324.0,PELICAN,IMO8517009,WDD6114,90,0,32,7,2.6,39,A
367652000,2019-11-05T16:10:23,28.17711,-88.83071,9.2,321.0,325.0,PELICAN,IMO8517009,WDD6114,90,0,32,7,2.6,39,A
367652000,2019-11-05T16:11:27,28.17830,-88.83168,1.4,304.2,348.0,PELICAN,IMO8517009,WDD6114,90,0,32,7,2.6,39,A
367652000,2019-11-05T16:13:17,28.17800,-88.83230,1.3,229.2,277.0,PELICAN,IMO8517009,WDD6114,90,0,32,7,2.6,39,A
367652000,2019-11-05T16:25:23,28.17504,-88.83443,1.1,216.2,268.0,PELICAN,IMO8517009,WDD6114,90,0,32,7,2.6,39,A
367652000,2019-11-05T16:32:44,28.17332,-88.83597,3.2,272.9,302.0,PELICAN,IMO8517009,WDD6114,90,0,32,7,2.6,39,A
367652000,2019-11-05T16:33:50,28.17436,-88.83643,5.6,356.3,5.0,PELICAN,IMO8517009,WDD6114,90,0,32,7,2.6,39,A
367652000,2019-11-05T16:35:22,28.17773,-88.83607,8.7,5.5,13.0,PELICAN,IMO8517009,WDD6114,90,0,32,7,2.6,39,A
367652000,2019-11-05T16:38:00,28.18336,-88.83404,5.0,11.1,1.0,PELICAN,IMO8517009,WDD6114,90,0,32,7,2.6,39,A
367652000,2019-11-05T16:39:06,28.18348,-88.83430,0.7,217.9,254.0,PELICAN,IMO8517009,WDD6114,90,0,32,7,2.6,39,A
367652000,2019-11-05T16:40:12,28.18327,-88.83450,0.7,224.1,260.0,PELICAN,IMO8517009,WDD6114,90,0,32,7,2.6,39,A
367652000,2019-11-05T16:41:22,28.18308,-88.83465,1.0,208.7,284.0,PELICAN,IMO8517009,WDD6114,90,0,32,7,2.6,39,A
367652000,2019-11-05T16:42:37,28.18274,-88.83484,1.1,206.1,276.0,PELICAN,IMO8517009,WDD6114,90,0,32,7,2.6,39,A
367652000,2019-11-05T16:44:22,28.18237,-88.83506,0.9,218.7,254.0,PELICAN,IMO8517009,WDD6114,90,0,32,7,2.6,39,A
367652000,2019-11-05T16:47:07,28.18208,-88.83589,3.2,308.9,340.0,PELICAN,IMO8517009,WDD6114,90,0,32,7,2.6,39,A
367652000,2019-11-05T16:50:50,28.18766,-88.83374,0.8,230.9,111.0,PELICAN,IMO8517009,WDD6114,90,0,32,7,2.6,39,A
367652000,2019-11-05T16:51:53,28.18754,-88.83397,0.9,213.1,136.0,PELICAN,IMO8517009,WDD6114,90,0,32,7,2.6,39,A
367652000,2019-11-05T16:53:17,28.18731,-88.83425,1.1,231.4,99.0,PELICAN,IMO8517009,WDD6114,90,0,32,7,2.6,39,A
367652000,2019-11-05T16:54:43,28.18703,-88.83468,1.3,231.2,107.0,PELICAN,IMO8517009,WDD6114,90,0,32,7,2.6,39,A
367652000,2019-11-05T16:56:08,28.18680,-88.83517,1.2,247.4,133.0,PELICAN,IMO8517009,WDD6114,90,0,32,7,2.6,39,A
367652000,2019-11-05T16:57:42,28.18656,-88.83568,1.2,247.8,120.0,PELICAN,IMO8517009,WDD6114,90,0,32,7,2.6,39,A
367652000,2019-11-05T16:59:13,28.18632,-88.83625,1.3,246.3,129.0,PELICAN,IMO8517009,WDD6114,90,0,32,7,2.6,39,A
367652000,2019-11-05T17:00:13,28.18617,-88.83660,1.1,244.4,128.0,PELICAN,IMO8517009,WDD6114,90,0,32,7,2.6,39,A
367652000,2019-11-05T17:01:17,28.18602,-88.83693,1.2,245.3,112.0,PELICAN,IMO8517009,WDD6114,90,0,32,7,2.6,39,A
367652000,2019-11-05T17:04:54,28.18542,-88.83814,1.1,238.3,118.0,PELICAN,IMO8517009,WDD6114,90,0,32,7,2.6,39,A
367652000,2019-11-05T17:06:13,28.18521,-88.83858,1.1,243.4,114.0,PELICAN,IMO8517009,WDD6114,90,0,32,7,2.6,39,A
367652000,2019-11-05T17:07:24,28.18502,-88.83897,1.3,238.7,115.0,PELICAN,IMO8517009,WDD6114,90,0,32,7,2.6,39,A
367652000,2019-11-05T17:08:53,28.18475,-88.83944,1.2,233.9,111.0,PELICAN,IMO8517009,WDD6114,90,0,32,7,2.6,39,A
367652000,2019-11-05T17:11:53,28.18423,-88.84045,1.3,240.6,114.0,PELICAN,IMO8517009,WDD6114,90,0,32,7,2.6,39,A
367652000,2019-11-05T17:15:13,28.18359,-88.84138,2.4,138.1,114.0,PELICAN,IMO8517009,WDD6114,90,0,32,7,2.6,39,A
367652000,2019-11-05T17:16:24,28.18239,-88.83964,7.5,127.4,123.0,PELICAN,IMO8517009,WDD6114,90,0,32,7,2.6,39,A
367652000,2019-11-05T17:17:25,28.18137,-88.83796,3.4,107.6,88.0,PELICAN,IMO8517009,WDD6114,90,0,32,7,2.6,39,A
367652000,2019-11-05T17:19:14,28.18105,-88.83802,1.0,212.4,88.0,PELICAN,IMO8517009,WDD6114,90,0,32,7,2.6,39,A
367652000,2019-11-05T17:20:24,28.18081,-88.83827,1.2,225.4,117.0,PELICAN,IMO8517009,WDD6114,90,0,32,7,2.6,39,A
367652000,2019-11-05T17:21:34,28.18056,-88.83860,1.2,236.8,124.0,PELICAN,IMO8517009,WDD6114,90,0,32,7,2.6,39,A
367652000,2019-11-05T17:22:53,28.18031,-88.83902,1.4,243.4,121.0,PELICAN,IMO8517009,WDD6114,90,0,32,7,2.6,39,A
367652000,2019-11-05T17:24:07,28.18003,-88.83934,2.2,162.1,141.0,PELICAN,IMO8517009,WDD6114,90,0,32,7,2.6,39,A
367652000,2019-11-05T17:25:33,28.17804,-88.83807,4.8,153.7,150.0,PELICAN,IMO8517009,WDD6114,90,0,32,7,2.6,39,A
367652000,2019-11-05T17:26:44,28.17743,-88.83793,0.6,346.3,211.0,PELICAN,IMO8517009,WDD6114,90,0,32,7,2.6,39,A
367652000,2019-11-05T17:28:53,28.17768,-88.83801,0.5,298.2,178.0,PELICAN,IMO8517009,WDD6114,90,0,32,7,2.6,39,A
367652000,2019-11-05T17:30:01,28.17764,-88.83818,0.6,227.1,157.0,PELICAN,IMO8517009,WDD6114,90,0,32,7,2.6,39,A
367652000,2019-11-05T17:31:07,28.17749,-88.83834,0.7,228.9,113.0,PELICAN,IMO8517009,WDD6114,90,0,32,7,2.6,39,A
367652000,2019-11-05T17:32:24,28.17719,-88.83864,1.3,218.6,105.0,PELICAN,IMO8517009,WDD6114,90,0,32,7,2.6,39,A
367652000,2019-11-05T17:33:33,28.17689,-88.83890,1.1,223.7,106.0,PELICAN,IMO8517009,WDD6114,90,0,32,7,2.6,39,A
367652000,2019-11-05T17:36:32,28.17629,-88.83981,1.2,237.0,118.0,PELICAN,IMO8517009,WDD6114,90,0,32,7,2.6,39,A
367652000,2019-11-05T17:38:03,28.17603,-88.84031,1.2,239.3,124.0,PELICAN,IMO8517009,WDD6114,90,0,32,7,2.6,39,A
367652000,2019-11-05T17:40:19,28.17566,-88.84110,1.4,235.7,106.0,PELICAN,IMO8517009,WDD6114,90,0,32,7,2.6,39,A
367652000,2019-11-05T17:41:33,28.17542,-88.84154,1.3,244.4,124.0,PELICAN,IMO8517009,WDD6114,90,0,32,7,2.6,39,A
367652000,2019-11-05T17:42:44,28.17525,-88.84196,1.2,244.4,127.0,PELICAN,IMO8517009,WDD6114,90,0,32,7,2.6,39,A
367652000,2019-11-05T17:44:33,28.17496,-88.84256,1.2,241.7,122.0,PELICAN,IMO8517009,WDD6114,90,0,32,7,2.6,39,A
367652000,2019-11-05T17:47:27,28.17443,-88.84297,2.1,85.1,64.0,PELICAN,IMO8517009,WDD6114,90,0,32,7,2.6,39,A
367652000,2019-11-05T17:48:47,28.17554,-88.84313,5.1,326.7,336.0,PELICAN,IMO8517009,WDD6114,90,0,32,7,2.6,39,A
367652000,2019-11-05T17:49:50,28.17699,-88.84419,6.3,321.5,328.0,PELICAN,IMO8517009,WDD6114,90,0,32,7,2.6,39,A
367652000,2019-11-05T17:51:54,28.17959,-88.84700,6.4,315.5,320.0,PELICAN,IMO8517009,WDD6114,90,0,32,7,2.6,39,A
367652000,2019-11-05T17:53:04,28.18110,-88.84868,6.7,315.2,319.0,PELICAN,IMO8517009,WDD6114,90,0,32,7,2.6,39,A
367652000,2019-11-05T17:54:22,28.18281,-88.85062,6.5,313.4,319.0,PELICAN,IMO8517009,WDD6114,90,0,32,7,2.6,39,A
367652000,2019-11-05T17:55:23,28.18409,-88.85207,6.4,315.1,320.0,PELICAN,IMO8517009,WDD6114,90,0,32,7,2.6,39,A
367652000,2019-11-05T17:56:43,28.18583,-88.85403,6.6,316.5,320.0,PELICAN,IMO8517009,WDD6114,90,0,32,7,2.6,39,A
368515000,2019-12-01T10:50:10,28.18217,-88.81604,11.4,313.0,311.0,ACHIEVEMENT,IMO9542568,WDF2728,31,0,41,12,5.9,31,A
368515000,2019-12-01T10:51:18,28.18473,-88.81912,11.6,313.0,311.0,ACHIEVEMENT,IMO9542568,WDF2728,31,0,41,12,5.9,31,A
368515000,2019-12-01T10:52:39,28.18760,-88.82268,11.4,310.8,308.0,ACHIEVEMENT,IMO9542568,WDF2728,31,0,41,12,5.9,31,A
368515000,2019-12-01T10:54:18,28.19108,-88.82736,11.7,309.5,308.0,ACHIEVEMENT,IMO9542568,WDF2728,31,0,41,12,5.9,31,A
538005430,2019-12-29T00:15:59,28.17660,-88.81861,14.4,303.1,303.0,INLAND SEA,IMO9675731,V7DS9,70,0,179,29,10.5,,A
538005430,2019-12-29T00:17:40,28.18029,-88.82503,14.5,302.5,303.0,INLAND SEA,IMO9675731,V7DS9,70,0,179,29,10.5,,A
538005430,2019-12-29T00:18:46,28.18264,-88.82918,14.5,302.8,303.0,INLAND SEA,IMO9675731,V7DS9,70,0,179,29,10.5,,A
538005430,2019-12-29T00:19:52,28.18505,-88.83339,14.4,302.9,303.0,INLAND SEA,IMO9675731,V7DS9,70,0,179,29,10.5,,A
538005430,2019-12-29T00:21:10,28.18791,-88.83843,14.4,302.6,303.0,INLAND SEA,IMO9675731,V7DS9,70,0,179,29,10.5,,A
538005430,2019-12-29T00:22:59,28.19181,-88.84532,14.4,302.4,303.0,INLAND SEA,IMO9675731,V7DS9,70,0,179,29,10.5,,A
538005430,2019-12-29T00:24:59,28.19614,-88.85299,14.4,302.3,303.0,INLAND SEA,IMO9675731,V7DS9,70,0,179,29,10.5,,A
352451000,2019-11-14T06:39:51,28.19644,-88.82152,10.8,309.7,312.0,PHOENIX BEACON,IMO9568172,3FZO7,80,0,243,42,14.9,,A
636015279,2019-11-22T13:22:09,28.16565,-88.85445,12.2,154.0,150.0,INA,IMO9521875,A8ZR4,70,0,149,23,8.3,,A
249592000,2019-12-24T10:20:06,28.19530,-88.81831,14.2,299.7,302.0,MYRTOS,IMO9389100,9HA4299,80,0,243,42,15.1,82,A
538004242,2019-11-11T13:40:56,28.19758,-88.85072,11.3,135.6,133.0,GEORGITSI,IMO9590113,V7VY5,70,0,229,32,14.5,70,A
538004242,2019-11-11T13:47:46,28.18236,-88.83369,11.3,135.3,133.0,GEORGITSI,IMO9590113,V7VY5,70,0,229,32,14.5,70,A
538004242,2019-11-11T13:49:07,28.17934,-88.83032,11.3,135.5,133.0,GEORGITSI,IMO9590113,V7VY5,70,0,229,32,14.5,70,A
538004242,2019-11-11T13:54:47,28.16597,-88.81711,11.4,146.6,148.0,GEORGITSI,IMO9590113,V7VY5,70,0,229,32,14.5,70,A
353101000,2019-12-09T20:11:49,28.16404,-88.82115,10.3,327.1,328.0,NAVIOS STAR,IMO9243502,HOBU,70,0,224,32,14.1,71,A
353101000,2019-12-09T20:14:00,28.16932,-88.82507,10.4,326.4,328.0,NAVIOS STAR,IMO9243502,HOBU,70,0,224,32,14.1,71,A
353101000,2019-12-09T20:15:09,28.17216,-88.82715,10.4,327.0,328.0,NAVIOS STAR,IMO9243502,HOBU,70,0,224,32,14.1,71,A
353101000,2019-12-09T20:17:40,28.17823,-88.83165,10.4,326.6,328.0,NAVIOS STAR,IMO9243502,HOBU,70,0,224,32,14.1,71,A
353101000,2019-12-09T20:20:20,28.18477,-88.83643,10.5,326.8,327.0,NAVIOS STAR,IMO9243502,HOBU,70,0,224,32,14.1,71,A
353101000,2019-12-09T20:22:50,28.19091,-88.84103,10.5,326.1,327.0,NAVIOS STAR,IMO9243502,HOBU,70,0,224,32,14.1,71,A
353101000,2019-12-09T20:24:49,28.19569,-88.84468,10.5,326.1,328.0,NAVIOS STAR,IMO9243502,HOBU,70,0,224,32,14.1,71,A
367455770,2019-11-23T23:19:34,28.17498,-88.81641,13.7,317.6,320.0,SR AMERICAN PROGRESS,IMO9118628,KAWM,80,0,183,32,12.2,80,A
367455770,2019-11-23T23:20:43,28.17820,-88.81984,13.7,316.7,320.0,SR AMERICAN PROGRESS,IMO9118628,KAWM,80,0,183,32,12.2,80,A
367455770,2019-11-23T23:21:54,28.18149,-88.82336,13.8,316.5,320.0,SR AMERICAN PROGRESS,IMO9118628,KAWM,80,0,183,32,12.2,80,A
367455770,2019-11-23T23:23:23,28.18558,-88.82772,13.8,316.6,319.0,SR AMERICAN PROGRESS,IMO9118628,KAWM,80,0,183,32,12.2,80,A
367455770,2019-11-23T23:24:34,28.18889,-88.83123,13.8,316.5,319.0,SR AMERICAN PROGRESS,IMO9118628,KAWM,80,0,183,32,12.2,80,A
367455770,2019-11-23T23:25:44,28.19213,-88.83473,13.8,316.4,319.0,SR AMERICAN PROGRESS,IMO9118628,KAWM,80,0,183,32,12.2,80,A
367455770,2019-11-23T23:26:54,28.19544,-88.83828,13.9,316.2,319.0,SR AMERICAN PROGRESS,IMO9118628,KAWM,80,0,183,32,12.2,80,A
368515000,2019-12-05T05:31:12,28.19667,-88.83033,11.2,134.3,133.0,ACHIEVEMENT,IMO9542568,WDF2728,31,0,41,12,5.9,31,A
368515000,2019-12-05T05:32:13,28.19449,-88.82771,11.2,134.2,137.0,ACHIEVEMENT,IMO9542568,WDF2728,31,0,41,12,5.9,31,A
368515000,2019-12-05T05:36:43,28.18431,-88.81669,11.3,137.1,137.0,ACHIEVEMENT,IMO9542568,WDF2728,31,0,41,12,5.9,31,A
374291000,2019-11-12T11:08:17,28.19529,-88.85473,15.4,158.5,155.0,THORCO LOGIC,IMO9742417,3EAV6,70,0,131,,,,A
374291000,2019-11-12T11:10:17,28.18737,-88.85117,15.6,158.1,154.0,THORCO LOGIC,IMO9742417,3EAV6,70,0,131,,,,A
374291000,2019-11-12T11:12:06,28.18006,-88.84786,15.7,158.4,154.0,THORCO LOGIC,IMO9742417,3EAV6,70,0,131,,,,A
374291000,2019-11-12T11:13:30,28.17442,-88.84531,15.6,158.4,154.0,THORCO LOGIC,IMO9742417,3EAV6,70,0,131,,,,A
374291000,2019-11-12T11:16:06,28.16387,-88.84053,15.4,157.7,154.0,THORCO LOGIC,IMO9742417,3EAV6,70,0,131,,,,A
338731000,2019-11-17T09:58:32,28.19206,-88.82296,7.3,128.3,125.0,DELTA MARINER,IMO9198501,WCZ7837,70,0,95,24,4.6,,A
338731000,2019-11-17T10:00:32,28.18955,-88.81931,7.3,128.9,124.0,DELTA MARINER,IMO9198501,WCZ7837,70,0,95,24,4.6,,A
338731000,2019-11-17T10:02:32,28.18706,-88.81568,7.3,127.2,125.0,DELTA MARINER,IMO9198501,WCZ7837,70,0,95,24,4.6,,A
338731000,2019-11-25T19:41:55,28.18991,-88.81607,7.6,308.2,310.0,DELTA MARINER,IMO9198501,WCZ7837,70,0,95,24,4.6,,A
338731000,2019-11-25T19:43:06,28.19143,-88.81831,7.6,307.5,309.0,DELTA MARINER,IMO9198501,WCZ7837,70,0,95,24,4.6,,A
338731000,2019-11-25T19:44:24,28.19312,-88.82075,7.6,307.7,309.0,DELTA MARINER,IMO9198501,WCZ7837,70,0,95,24,4.6,,A
338731000,2019-11-25T19:46:24,28.19569,-88.82452,7.5,306.9,309.0,DELTA MARINER,IMO9198501,WCZ7837,70,0,95,24,4.6,,A
303517000,2019-12-17T05:50:43,28.17396,-88.81461,9.8,263.4,263.0,JOSHUA CANDIES,IMO9551636,WJCD,90,0,86,18,6.2,,A
229909000,2019-12-20T04:11:41,28.17131,-88.84096,12.2,325.0,329.0,EMMA OLDENDORFF,IMO9676606,9HA3708,70,0,179,30,10.5,,A
229909000,2019-12-20T04:17:30,28.18772,-88.85338,12.1,327.5,329.0,EMMA OLDENDORFF,IMO9676606,9HA3708,70,0,179,30,10.5,,A
368589000,2019-11-15T23:11:15,28.19596,-88.85407,11.8,223.6,227.0,OVERSEAS CASCADE,IMO9475935,WOAG,80,0,183,32,12.2,80,A
368589000,2019-11-17T18:54:38,28.19184,-88.85257,11.3,45.7,45.0,OVERSEAS CASCADE,IMO9475935,WOAG,80,0,183,32,12.2,80,A
368589000,2019-11-29T23:45:49,28.19519,-88.84821,12.1,224.0,224.0,OVERSEAS CASCADE,IMO9475935,WOAG,80,0,183,32,12.2,80,A
368589000,2019-11-29T23:46:58,28.19241,-88.85127,12.2,224.2,224.0,OVERSEAS CASCADE,IMO9475935,WOAG,80,0,183,32,12.2,80,A
371626000,2019-11-06T14:21:43,28.16740,-88.85203,10.3,134.0,134.0,NAVIOS SUN,IMO9342865,3EDM7,70,0,224,32,14.1,79,A
371626000,2019-11-06T14:23:12,28.16442,-88.84882,10.4,137.0,134.0,NAVIOS SUN,IMO9342865,3EDM7,70,0,224,32,14.1,79,A
373341000,2019-12-16T02:16:20,28.16535,-88.84133,11.6,322.9,325.0,GDF SUEZ NORTH SEA,IMO9624031,HPSQ,70,0,189,32,12.7,79,A
373341000,2019-12-16T02:17:40,28.16873,-88.84427,11.6,322.0,325.0,GDF SUEZ NORTH SEA,IMO9624031,HPSQ,70,0,189,32,12.7,79,A
373341000,2019-12-16T02:18:51,28.17180,-88.84695,11.6,322.1,325.0,GDF SUEZ NORTH SEA,IMO9624031,HPSQ,70,0,189,32,12.7,79,A
373341000,2019-12-16T02:20:00,28.17473,-88.84952,11.6,321.5,325.0,GDF SUEZ NORTH SEA,IMO9624031,HPSQ,70,0,189,32,12.7,79,A
373341000,2019-12-16T02:21:20,28.17816,-88.85258,11.6,322.1,326.0,GDF SUEZ NORTH SEA,IMO9624031,HPSQ,70,0,189,32,12.7,79,A
373341000,2019-12-16T02:22:21,28.18068,-88.85475,11.5,322.7,325.0,GDF SUEZ NORTH SEA,IMO9624031,HPSQ,70,0,189,32,12.7,79,A
367036000,2019-12-30T07:43:05,28.18063,-88.81630,8.5,312.6,315.0,PACIFIC RELIANCE,IMO9386548,WDI7757,31,0,41,12,6.9,31,A
367036000,2019-12-30T07:46:05,28.18541,-88.82214,8.4,312.2,316.0,PACIFIC RELIANCE,IMO9386548,WDI7757,31,0,41,12,6.9,31,A
367036000,2019-12-30T07:48:36,28.18937,-88.82703,8.4,313.0,315.0,PACIFIC RELIANCE,IMO9386548,WDI7757,31,0,41,12,6.9,31,A
367036000,2019-12-30T07:50:05,28.19169,-88.82990,8.3,313.2,316.0,PACIFIC RELIANCE,IMO9386548,WDI7757,31,0,41,12,6.9,31,A
367036000,2019-12-30T07:53:35,28.19712,-88.83673,8.3,311.0,316.0,PACIFIC RELIANCE,IMO9386548,WDI7757,31,0,41,12,6.9,31,A
370135000,2019-12-10T09:38:38,28.18317,-88.81625,11.8,316.0,320.0,NORD OCEAN,IMO9438640,3FKP3,70,0,189,32,12.6,70,A
370135000,2019-12-10T09:39:59,28.18645,-88.81962,11.8,316.0,320.0,NORD OCEAN,IMO9438640,3FKP3,70,0,189,32,12.6,70,A
370135000,2019-12-10T09:41:09,28.18925,-88.82251,11.7,317.0,320.0,NORD OCEAN,IMO9438640,3FKP3,70,0,189,32,12.6,70,A
370135000,2019-12-10T09:42:38,28.19285,-88.82621,11.7,317.0,320.0,NORD OCEAN,IMO9438640,3FKP3,70,0,189,32,12.6,70,A
370135000,2019-12-10T09:44:18,28.19685,-88.83041,11.7,316.0,320.0,NORD OCEAN,IMO9438640,3FKP3,70,0,189,32,12.6,70,A
212684000,2019-12-03T18:30:09,28.16952,-88.85145,11.1,150.0,147.0,AEOLIAN LIGHT,IMO9323053,5BTB4,70,0,229,32,14.4,70,A
373341000,2019-12-30T17:21:17,28.17653,-88.85324,11.7,139.3,139.0,GDF SUEZ NORTH SEA,IMO9624031,HPSQ,70,0,189,32,12.7,79,A
373341000,2019-12-30T17:22:37,28.17321,-88.85016,11.7,140.8,139.0,GDF SUEZ NORTH SEA,IMO9624031,HPSQ,70,0,189,32,12.7,79,A
373341000,2019-12-30T17:24:07,28.16950,-88.84663,11.7,139.4,139.0,GDF SUEZ NORTH SEA,IMO9624031,HPSQ,70,0,189,32,12.7,79,A
373341000,2019-12-30T17:25:17,28.16656,-88.84385,11.6,140.6,140.0,GDF SUEZ NORTH SEA,IMO9624031,HPSQ,70,0,189,32,12.7,79,A
373341000,2019-12-30T17:27:07,28.16202,-88.83963,11.6,140.3,140.0,GDF SUEZ NORTH SEA,IMO9624031,HPSQ,70,0,189,32,12.7,79,A
538006287,2019-12-04T16:36:14,28.16799,-88.81536,12.7,314.4,320.0,FIORA TOPIC,IMO9728461,V7LK8,70,0,179,30,9.8,,A
538006287,2019-12-04T16:37:24,28.17093,-88.81867,12.8,315.2,320.0,FIORA TOPIC,IMO9728461,V7LK8,70,0,179,30,9.8,,A
538006287,2019-12-04T16:38:33,28.17384,-88.82196,12.8,314.7,320.0,FIORA TOPIC,IMO9728461,V7LK8,70,0,179,30,9.8,,A
538006287,2019-12-04T16:39:35,28.17646,-88.82490,12.8,315.2,320.0,FIORA TOPIC,IMO9728461,V7LK8,70,0,179,30,9.8,,A
538006287,2019-12-04T16:40:44,28.17941,-88.82820,12.9,315.7,321.0,FIORA TOPIC,IMO9728461,V7LK8,70,0,179,30,9.8,,A
538006287,2019-12-04T16:42:25,28.18374,-88.83298,13.0,315.5,320.0,FIORA TOPIC,IMO9728461,V7LK8,70,0,179,30,9.8,,A
538006287,2019-12-04T16:43:44,28.18722,-88.83683,13.1,315.8,320.0,FIORA TOPIC,IMO9728461,V7LK8,70,0,179,30,9.8,,A
538006287,2019-12-04T16:44:54,28.19030,-88.84020,13.2,315.8,320.0,FIORA TOPIC,IMO9728461,V7LK8,70,0,179,30,9.8,,A
538006287,2019-12-04T16:46:43,28.19516,-88.84547,13.4,316.1,320.0,FIORA TOPIC,IMO9728461,V7LK8,70,0,179,30,9.8,,A
258781000,2019-12-30T05:59:27,28.18100,-88.85196,13.4,138.0,135.0,NORDIC LYNX,IMO9043093,LAGR6,80,0,158,22,10.2,82,A
258781000,2019-12-30T06:00:06,28.17916,-88.85007,13.4,137.8,135.0,NORDIC LYNX,IMO9043093,LAGR6,80,0,158,22,10.2,82,A
258781000,2019-12-30T06:01:27,28.17541,-88.84623,13.4,137.9,135.0,NORDIC LYNX,IMO9043093,LAGR6,80,0,158,22,10.2,82,A
258781000,2019-12-30T06:03:27,28.16988,-88.84058,13.4,138.0,135.0,NORDIC LYNX,IMO9043093,LAGR6,80,0,158,22,10.2,82,A
258781000,2019-12-30T06:04:47,28.16616,-88.83680,13.4,137.9,135.0,NORDIC LYNX,IMO9043093,LAGR6,80,0,158,22,10.2,82,A
357659000,2019-11-04T08:22:37,28.19665,-88.82240,17.4,125.9,122.0,CARNIVAL GLORY,IMO9198367,3FPS9,60,0,290,35,8.3,,A
357659000,2019-11-04T08:23:49,28.19322,-88.81710,17.4,126.2,122.0,CARNIVAL GLORY,IMO9198367,3FPS9,60,0,290,35,8.3,,A
371059000,2019-11-18T06:44:41,28.18965,-88.83073,19.8,132.3,130.0,MSC LUCY,IMO9289104,3EBC5,70,0,324,42,14.5,71,A
353244000,2019-11-27T02:26:22,28.19245,-88.83010,12.5,159.7,158.0,NAVE BELLATRIX,IMO9459084,3FEC7,80,0,183,32,13.1,80,A
353244000,2019-11-27T02:29:13,28.18311,-88.82616,12.6,159.9,159.0,NAVE BELLATRIX,IMO9459084,3FEC7,80,0,183,32,13.1,80,A
353244000,2019-11-27T02:30:22,28.17926,-88.82452,12.7,159.5,159.0,NAVE BELLATRIX,IMO9459084,3FEC7,80,0,183,32,13.1,80,A
353244000,2019-11-27T02:31:23,28.17595,-88.82315,12.7,159.7,159.0,NAVE BELLATRIX,IMO9459084,3FEC7,80,0,183,32,13.1,80,A
353244000,2019-11-27T02:34:23,28.16593,-88.81901,12.8,159.6,159.0,NAVE BELLATRIX,IMO9459084,3FEC7,80,0,183,32,13.1,80,A
367313000,2019-11-21T06:32:52,28.19737,-88.82128,7.7,110.4,108.0,OCEAN SUN,IMO9597862,WDG5142,31,0,47,14,6.1,,A
367313000,2019-11-21T06:34:02,28.19650,-88.81857,7.7,110.4,109.0,OCEAN SUN,IMO9597862,WDG5142,31,0,47,14,6.1,,A
367313000,2019-11-21T06:35:03,28.19577,-88.81629,7.7,110.4,108.0,OCEAN SUN,IMO9597862,WDG5142,31,0,47,14,6.1,,A
246661000,2019-12-04T09:56:05,28.16266,-88.81725,12.6,324.8,328.0,HAPPY DRAGON,IMO9551961,PBXI,70,0,156,25,10.3,,A
246661000,2019-12-04T09:57:45,28.16751,-88.82094,12.6,326.3,329.0,HAPPY DRAGON,IMO9551961,PBXI,70,0,156,25,10.3,,A
246661000,2019-12-04T10:01:24,28.17828,-88.82909,12.9,326.4,328.0,HAPPY DRAGON,IMO9551961,PBXI,70,0,156,25,10.3,,A
246661000,2019-12-04T10:02:45,28.18229,-88.83210,13.0,326.5,329.0,HAPPY DRAGON,IMO9551961,PBXI,70,0,156,25,10.3,,A
246661000,2019-12-04T10:04:14,28.18679,-88.83538,13.1,326.9,328.0,HAPPY DRAGON,IMO9551961,PBXI,70,0,156,25,10.3,,A
246661000,2019-12-04T10:05:45,28.19150,-88.83883,13.2,326.4,328.0,HAPPY DRAGON,IMO9551961,PBXI,70,0,156,25,10.3,,A
246661000,2019-12-04T10:07:35,28.19721,-88.84299,13.3,327.2,329.0,HAPPY DRAGON,IMO9551961,PBXI,70,0,156,25,10.3,,A
565135000,2019-12-04T10:32:01,28.16361,-88.82100,11.4,325.1,327.0,COMPASS,IMO9274094,9V2886,80,8,228,32,14.4,80,A
565135000,2019-12-04T10:33:20,28.16705,-88.82377,11.4,324.9,326.0,COMPASS,IMO9274094,9V2886,80,8,228,32,14.4,80,A
565135000,2019-12-04T10:35:31,28.17268,-88.82838,11.5,323.7,326.0,COMPASS,IMO9274094,9V2886,80,8,228,32,14.4,80,A
565135000,2019-12-04T10:44:50,28.19719,-88.84796,11.7,325.5,327.0,COMPASS,IMO9274094,9V2886,80,8,228,32,14.4,80,A
241195000,2019-11-17T05:44:39,28.16247,-88.84298,9.4,327.1,335.0,ANNA MARIA,IMO9622679,SVBN8,70,0,229,32,14.6,,A
241195000,2019-11-17T05:46:38,28.16693,-88.84615,9.4,327.4,334.0,ANNA MARIA,IMO9622679,SVBN8,70,0,229,32,14.6,,A
241195000,2019-11-17T05:48:38,28.17137,-88.84937,9.4,327.3,334.0,ANNA MARIA,IMO9622679,SVBN8,70,0,229,32,14.6,,A
241195000,2019-11-17T05:50:08,28.17469,-88.85180,9.4,327.6,335.0,ANNA MARIA,IMO9622679,SVBN8,70,0,229,32,14.6,,A
241195000,2019-11-17T05:51:38,28.17804,-88.85420,9.4,327.7,335.0,ANNA MARIA,IMO9622679,SVBN8,70,0,229,32,14.6,,A
538004110,2019-11-27T03:21:40,28.17629,-88.85492,10.9,140.0,137.0,AENEAS,IMO9585730,V7VF6,70,0,229,32,14.6,70,A
538004110,2019-11-27T03:24:20,28.17006,-88.84900,11.0,140.1,137.0,AENEAS,IMO9585730,V7VF6,70,0,229,32,14.6,70,A
538004110,2019-11-27T03:27:20,28.16300,-88.84238,11.0,140.2,137.0,AENEAS,IMO9585730,V7VF6,70,0,229,32,14.6,70,A
357720000,2019-12-08T03:14:07,28.19699,-88.84649,10.9,137.8,133.0,DHUN,IMO9561552,3EXN7,70,0,254,43,13.6,,A
357720000,2019-12-08T03:23:47,28.17500,-88.82448,11.0,138.3,133.0,DHUN,IMO9561552,3EXN7,70,0,254,43,13.6,,A
357720000,2019-12-08T03:25:06,28.17201,-88.82148,11.0,138.3,133.0,DHUN,IMO9561552,3EXN7,70,0,254,43,13.6,,A
357720000,2019-12-08T03:26:26,28.16897,-88.81843,10.9,137.5,136.0,DHUN,IMO9561552,3EXN7,70,0,254,43,13.6,,A
220565000,2019-12-31T20:58:52,28.16577,-88.82618,10.9,337.1,337.0,TORM KANSAS,IMO9290646,OYNA2,80,0,183,32,12.2,80,A
220565000,2019-12-31T21:00:21,28.16999,-88.82820,10.9,337.1,337.0,TORM KANSAS,IMO9290646,OYNA2,80,0,183,32,12.2,80,A
220565000,2019-12-31T21:01:53,28.17436,-88.83030,10.9,337.5,338.0,TORM KANSAS,IMO9290646,OYNA2,80,0,183,32,12.2,80,A
220565000,2019-12-31T21:04:41,28.18216,-88.83403,10.9,337.0,338.0,TORM KANSAS,IMO9290646,OYNA2,80,0,183,32,12.2,80,A
220565000,2019-12-31T21:06:23,28.18688,-88.83629,10.9,338.2,333.0,TORM KANSAS,IMO9290646,OYNA2,80,0,183,32,12.2,80,A
220565000,2019-12-31T21:09:23,28.19419,-88.84213,10.7,319.2,319.0,TORM KANSAS,IMO9290646,OYNA2,80,0,183,32,12.2,80,A
338617000,2019-11-12T20:37:36,28.16207,-88.83179,5.9,44.6,38.0,PENNSYLVANIA,IMO9486958,WAPZ,80,0,175,32,12.2,,A
338617000,2019-11-12T20:39:36,28.16436,-88.82914,5.8,44.3,38.0,PENNSYLVANIA,IMO9486958,WAPZ,80,0,175,32,12.2,,A
338617000,2019-11-12T20:41:06,28.16606,-88.82722,5.7,46.5,37.0,PENNSYLVANIA,IMO9486958,WAPZ,80,0,175,32,12.2,,A
338617000,2019-11-12T20:42:26,28.16750,-88.82547,5.7,47.8,38.0,PENNSYLVANIA,IMO9486958,WAPZ,80,0,175,32,12.2,,A
338617000,2019-11-12T20:43:37,28.16878,-88.82397,5.6,44.8,38.0,PENNSYLVANIA,IMO9486958,WAPZ,80,0,175,32,12.2,,A
338617000,2019-11-12T20:45:26,28.17078,-88.82174,5.6,44.7,38.0,PENNSYLVANIA,IMO9486958,WAPZ,80,0,175,32,12.2,,A
338617000,2019-11-12T20:48:26,28.17448,-88.81777,6.1,43.9,37.0,PENNSYLVANIA,IMO9486958,WAPZ,80,0,175,32,12.2,,A
338617000,2019-11-12T20:50:15,28.17661,-88.81546,5.7,45.7,38.0,PENNSYLVANIA,IMO9486958,WAPZ,80,0,175,32,12.2,,A
338926425,2019-11-24T00:54:32,28.18724,-88.85464,14.5,31.3,34.0,CG JACOB POROO,,NJPO,90,0,,,,,A
577110000,2019-12-14T10:51:31,28.19531,-88.81504,9.5,311.4,314.0,ORIENT GRACE,IMO9650157,YJQH8,70,0,197,32,12.7,,A
577110000,2019-12-14T10:52:50,28.19766,-88.81804,9.6,311.2,315.0,ORIENT GRACE,IMO9650157,YJQH8,70,0,197,32,12.7,,A
226000000,2019-12-07T03:33:16,28.19355,-88.81579,12.1,313.6,316.0,ASTERION,IMO9595125,FICK,80,0,184,27,11.5,89,A
226000000,2019-12-07T03:34:25,28.19625,-88.81901,12.0,313.6,316.0,ASTERION,IMO9595125,FICK,80,0,184,27,11.5,89,A
366516380,2019-12-03T21:39:54,28.19306,-88.81597,10.9,306.8,313.0,MORGAN REINAUER,IMO8101733,WCA3764,31,0,38,10,4.2,,A
366516380,2019-12-03T21:41:14,28.19554,-88.81956,10.9,308.1,314.0,MORGAN REINAUER,IMO8101733,WCA3764,31,0,38,10,4.2,,A
366516380,2019-12-09T11:47:47,28.19704,-88.81630,9.6,128.2,128.0,MORGAN REINAUER,IMO8101733,WCA3764,31,12,38,10,4.2,,A
