MMSI,BaseDateTime,LAT,LON,SOG,COG,Heading,VesselName,IMO,CallSign,VesselType,Status,Length,Width,Draft,Cargo,TransceiverClass
366876420,2021-06-24T22:38:11,36.36327,-122.33512,11.4,137.7,511.0,AFTERGLOW,,WDI5149,37,,33,8,,,B
366876420,2021-06-24T22:39:38,36.35977,-122.33145,10.9,139.3,511.0,AFTERGLOW,,WDI5149,37,,33,8,,,B
366876420,2021-06-24T22:41:07,36.35627,-122.32777,11.4,139.2,511.0,AFTERGLOW,,WDI5149,37,,33,8,,,B
366876420,2021-06-24T22:42:10,36.35377,-122.32520,11.1,140.5,511.0,AFTERGLOW,,WDI5149,37,,33,8,,,B
257449000,2021-07-17T22:58:42,36.38445,-122.30575,12.5,329.7,327.0,STAVANGER POSEIDON,IMO9839105,LAHE8,80,0,183,32,10.0,80,A
257449000,2021-07-17T22:59:52,36.38796,-122.30823,12.4,329.9,326.0,STAVANGER POSEIDON,IMO9839105,LAHE8,80,0,183,32,10.0,80,A
257449000,2021-07-17T22:53:03,36.36750,-122.29327,12.5,329.0,326.0,STAVANGER POSEIDON,IMO9839105,LAHE8,80,0,183,32,10.0,80,A
257449000,2021-07-17T22:54:13,36.37101,-122.29592,12.5,328.7,327.0,STAVANGER POSEIDON,IMO9839105,LAHE8,80,0,183,32,10.0,80,A
257449000,2021-07-17T22:55:22,36.37446,-122.29843,12.5,329.6,327.0,STAVANGER POSEIDON,IMO9839105,LAHE8,80,0,183,32,10.0,80,A
257449000,2021-07-17T22:56:32,36.37796,-122.30100,12.5,329.0,326.0,STAVANGER POSEIDON,IMO9839105,LAHE8,80,0,183,32,10.0,80,A
257449000,2021-07-17T22:57:33,36.38099,-122.30327,12.5,329.0,327.0,STAVANGER POSEIDON,IMO9839105,LAHE8,80,0,183,32,10.0,80,A
227848530,2021-08-19T20:08:09,36.35305,-122.33157,6.3,53.5,511.0,TI MARICK,,FAF3556,32,,14,6,,,B
227848530,2021-08-19T20:09:11,36.35414,-122.32980,6.4,58.3,511.0,TI MARICK,,FAF3556,32,,14,6,,,B
227848530,2021-08-19T20:11:40,36.35690,-122.32531,6.3,54.6,511.0,TI MARICK,,FAF3556,32,,14,6,,,B
227848530,2021-08-19T20:13:11,36.35854,-122.32257,5.8,50.9,511.0,TI MARICK,,FAF3556,32,,14,6,,,B
227848530,2021-08-19T20:14:40,36.36012,-122.31996,6.1,55.2,511.0,TI MARICK,,FAF3556,32,,14,6,,,B
227848530,2021-08-19T20:16:09,36.36180,-122.31725,6.4,43.7,511.0,TI MARICK,,FAF3556,32,,14,6,,,B
227848530,2021-08-19T20:17:10,36.36293,-122.31539,6.9,48.0,511.0,TI MARICK,,FAF3556,32,,14,6,,,B
227848530,2021-08-19T20:20:09,36.36618,-122.31004,6.9,52.5,511.0,TI MARICK,,FAF3556,32,,14,6,,,B
227848530,2021-08-19T20:21:10,36.36727,-122.30827,6.7,48.7,511.0,TI MARICK,,FAF3556,32,,14,6,,,B
227848530,2021-08-19T20:22:39,36.36893,-122.30559,6.6,48.5,511.0,TI MARICK,,FAF3556,32,,14,6,,,B
227848530,2021-08-19T20:26:39,36.37359,-122.29867,5.8,51.6,511.0,TI MARICK,,FAF3556,32,,14,6,,,B
227848530,2021-08-19T20:28:09,36.37531,-122.29621,6.6,40.5,511.0,TI MARICK,,FAF3556,32,,14,6,,,B
227848530,2021-08-19T20:29:40,36.37708,-122.29368,6.3,49.0,511.0,TI MARICK,,FAF3556,32,,14,6,,,B
227848530,2021-08-19T20:18:39,36.36458,-122.31269,6.0,50.6,511.0,TI MARICK,,FAF3556,32,,14,6,,,B
227848530,2021-08-19T20:24:10,36.37067,-122.30292,7.4,44.3,511.0,TI MARICK,,FAF3556,32,,14,6,,,B
227848530,2021-08-19T20:25:12,36.37186,-122.30111,6.7,44.5,511.0,TI MARICK,,FAF3556,32,,14,6,,,B
368338000,2021-10-06T10:49:51,36.36000,-122.31690,6.3,153.9,511.0,HER GRACE,,WBG9167,30,,22,7,,,B
368338000,2021-10-06T10:35:20,36.38437,-122.33601,6.9,150.8,511.0,HER GRACE,,WBG9167,30,,22,7,,,B
368338000,2021-10-06T10:36:51,36.38190,-122.33403,7.2,141.7,511.0,HER GRACE,,WBG9167,30,,22,7,,,B
368338000,2021-10-06T10:38:20,36.37939,-122.33209,7.1,146.9,511.0,HER GRACE,,WBG9167,30,,22,7,,,B
368338000,2021-10-06T10:39:51,36.37690,-122.33018,7.4,146.8,511.0,HER GRACE,,WBG9167,30,,22,7,,,B
368338000,2021-10-06T10:41:20,36.37435,-122.32814,6.8,150.8,511.0,HER GRACE,,WBG9167,30,,22,7,,,B
368338000,2021-10-06T10:42:51,36.37181,-122.32604,7.1,148.1,511.0,HER GRACE,,WBG9167,30,,22,7,,,B
368338000,2021-10-06T10:44:20,36.36926,-122.32406,7.5,143.8,511.0,HER GRACE,,WBG9167,30,,22,7,,,B
368338000,2021-10-06T10:45:21,36.36750,-122.32272,7.1,150.8,511.0,HER GRACE,,WBG9167,30,,22,7,,,B
368338000,2021-10-06T10:46:50,36.36499,-122.32081,6.8,147.8,511.0,HER GRACE,,WBG9167,30,,22,7,,,B
368338000,2021-10-06T10:48:20,36.36250,-122.31883,7.8,143.6,511.0,HER GRACE,,WBG9167,30,,22,7,,,B
368338000,2021-10-06T10:51:20,36.35754,-122.31505,6.8,149.8,511.0,HER GRACE,,WBG9167,30,,22,7,,,B
368338000,2021-10-06T10:52:50,36.35508,-122.31328,6.7,150.8,511.0,HER GRACE,,WBG9167,30,,22,7,,,B
368338000,2021-10-06T10:54:20,36.35263,-122.31150,6.6,144.3,511.0,HER GRACE,,WBG9167,30,,22,7,,,B
235076283,2021-07-07T07:33:20,36.38068,-122.29260,10.8,337.2,338.0,PARAMOUNT HYDRA,IMO9453999,2CWC3,80,0,249,44,14.8,80,A
235076283,2021-07-07T07:34:31,36.38400,-122.29438,11.0,337.5,338.0,PARAMOUNT HYDRA,IMO9453999,2CWC3,80,0,249,44,14.8,80,A
235076283,2021-07-07T07:35:39,36.38723,-122.29607,11.0,337.6,338.0,PARAMOUNT HYDRA,IMO9453999,2CWC3,80,0,249,44,14.8,80,A
319005600,2021-09-24T05:16:10,36.36037,-122.33315,10.6,157.4,158.0,FALKOR,IMO7928677,ZCYL5,90,0,82,13,4.8,90,A
319005600,2021-09-24T05:17:19,36.35715,-122.33147,10.4,158.1,159.0,FALKOR,IMO7928677,ZCYL5,90,0,82,13,4.8,90,A
319005600,2021-09-24T05:13:49,36.36677,-122.33630,10.5,159.0,159.0,FALKOR,IMO7928677,ZCYL5,90,0,82,13,4.8,90,A
319005600,2021-09-24T05:15:00,36.36353,-122.33470,10.7,158.2,158.0,FALKOR,IMO7928677,ZCYL5,90,0,82,13,4.8,90,A
319005600,2021-09-24T05:18:29,36.35395,-122.33000,10.5,159.9,158.0,FALKOR,IMO7928677,ZCYL5,90,0,82,13,4.8,90,A
353100000,2021-08-17T09:47:54,36.36795,-122.33488,19.1,155.6,157.0,GALVESTON HIGHWAY,IMO9675573,3FAJ5,70,0,199,35,10.0,70,A
353100000,2021-08-17T09:49:00,36.36246,-122.33194,19.2,154.8,157.0,GALVESTON HIGHWAY,IMO9675573,3FAJ5,70,0,199,35,10.0,70,A
353100000,2021-08-17T09:50:06,36.35700,-122.32902,19.5,155.2,157.0,GALVESTON HIGHWAY,IMO9675573,3FAJ5,70,0,199,35,10.0,70,A
366563000,2021-08-19T19:17:34,36.36234,-122.33567,18.3,157.8,161.0,MAHIMAHI,IMO7907996,WHRN,70,0,262,32,10.7,70,A
366563000,2021-08-19T19:18:41,36.35718,-122.33299,18.3,157.3,160.0,MAHIMAHI,IMO7907996,WHRN,70,0,262,32,10.7,70,A
636013693,2021-08-22T01:14:07,36.35453,-122.31832,14.9,339.9,341.0,YM UNIFORM,IMO9337482,A8OR8,70,0,333,42,14.5,70,A
636013693,2021-08-22T01:15:13,36.35874,-122.32023,14.8,339.5,341.0,YM UNIFORM,IMO9337482,A8OR8,70,0,333,42,14.5,70,A
636013693,2021-08-22T01:16:19,36.36302,-122.32222,14.7,339.4,340.0,YM UNIFORM,IMO9337482,A8OR8,70,0,333,42,14.5,70,A
636013693,2021-08-22T01:17:25,36.36722,-122.32415,14.6,340.0,341.0,YM UNIFORM,IMO9337482,A8OR8,70,0,333,42,14.5,70,A
636013693,2021-08-22T01:18:27,36.37111,-122.32585,14.5,339.9,341.0,YM UNIFORM,IMO9337482,A8OR8,70,0,333,42,14.5,70,A
636013693,2021-08-22T01:19:31,36.37525,-122.32762,14.5,340.4,341.0,YM UNIFORM,IMO9337482,A8OR8,70,0,333,42,14.5,70,A
636013693,2021-08-22T01:20:37,36.37936,-122.32941,14.4,341.1,341.0,YM UNIFORM,IMO9337482,A8OR8,70,0,333,42,14.5,70,A
636013693,2021-08-22T01:21:43,36.38358,-122.33125,14.3,340.8,340.0,YM UNIFORM,IMO9337482,A8OR8,70,0,333,42,14.5,70,A
636013693,2021-08-22T01:22:49,36.38771,-122.33314,14.3,339.8,340.0,YM UNIFORM,IMO9337482,A8OR8,70,0,333,42,14.5,70,A
366563000,2021-12-02T19:32:35,36.35538,-122.33656,17.4,160.0,160.0,MAHIMAHI,IMO7907996,WHRN,70,0,262,32,10.7,70,A
371449000,2021-11-28T20:18:39,36.37437,-122.33542,16.1,161.7,161.0,NYK RIGEL,IMO9416977,3FNL8,70,0,294,32,13.5,71,A
371449000,2021-11-28T20:19:46,36.36968,-122.33344,16.1,161.1,160.0,NYK RIGEL,IMO9416977,3FNL8,70,0,294,32,13.5,71,A
371449000,2021-11-28T20:20:51,36.36500,-122.33144,16.1,159.9,160.0,NYK RIGEL,IMO9416977,3FNL8,70,0,294,32,13.5,71,A
371449000,2021-11-28T20:21:58,36.36031,-122.32942,16.1,161.0,160.0,NYK RIGEL,IMO9416977,3FNL8,70,0,294,32,13.5,71,A
371449000,2021-11-28T20:23:03,36.35560,-122.32744,16.2,161.0,160.0,NYK RIGEL,IMO9416977,3FNL8,70,0,294,32,13.5,71,A
372884000,2021-06-09T22:35:00,36.37125,-122.29270,17.2,343.0,343.0,VOLANS LEADER,IMO9381237,3EKZ6,70,0,199,32,10.0,70,A
372884000,2021-06-09T22:36:06,36.37620,-122.29448,17.1,344.0,343.0,VOLANS LEADER,IMO9381237,3EKZ6,70,0,199,32,10.0,70,A
372884000,2021-06-09T22:37:12,36.38132,-122.29627,17.1,344.0,343.0,VOLANS LEADER,IMO9381237,3EKZ6,70,0,199,32,10.0,70,A
372884000,2021-06-09T22:38:19,36.38633,-122.29802,17.1,344.0,343.0,VOLANS LEADER,IMO9381237,3EKZ6,70,0,199,32,10.0,70,A
477177900,2021-06-21T18:21:46,36.38307,-122.29294,12.6,339.6,338.0,ZHEN HUA 26,IMO8700254,VREG4,70,0,233,44,12.2,90,A
477177900,2021-06-21T18:22:47,36.38641,-122.29443,12.6,340.5,338.0,ZHEN HUA 26,IMO8700254,VREG4,70,0,233,44,12.2,90,A
235093569,2021-06-29T21:04:21,36.35828,-122.29460,15.8,339.0,338.0,EVER LAMBENT,IMO9595436,2FRE8,70,0,334,45,14.2,74,A
235093569,2021-06-29T21:05:26,36.36273,-122.29670,15.9,339.0,338.0,EVER LAMBENT,IMO9595436,2FRE8,70,0,334,45,14.2,74,A
235093569,2021-06-29T21:06:27,36.36693,-122.29869,15.9,339.4,338.0,EVER LAMBENT,IMO9595436,2FRE8,70,0,334,45,14.2,74,A
235093569,2021-06-29T21:07:32,36.37133,-122.30075,15.9,339.2,338.0,EVER LAMBENT,IMO9595436,2FRE8,70,0,334,45,14.2,74,A
235093569,2021-06-29T21:08:39,36.37603,-122.30295,15.9,339.7,339.0,EVER LAMBENT,IMO9595436,2FRE8,70,0,334,45,14.2,74,A
235093569,2021-06-29T21:09:44,36.38052,-122.30500,15.8,339.9,339.0,EVER LAMBENT,IMO9595436,2FRE8,70,0,334,45,14.2,74,A
235093569,2021-06-29T21:10:50,36.38514,-122.30715,15.9,339.4,339.0,EVER LAMBENT,IMO9595436,2FRE8,70,0,334,45,14.2,74,A
235093569,2021-10-16T11:47:27,36.35268,-122.30432,13.1,337.1,339.0,EVER LAMBENT,IMO9595436,2FRE8,70,0,334,45,14.2,74,A
235093569,2021-10-16T11:48:36,36.35663,-122.30637,13.2,336.9,339.0,EVER LAMBENT,IMO9595436,2FRE8,70,0,334,45,14.2,74,A
235093569,2021-10-16T11:49:46,36.36060,-122.30842,13.1,337.4,340.0,EVER LAMBENT,IMO9595436,2FRE8,70,0,334,45,14.2,74,A
235093569,2021-10-16T11:50:55,36.36454,-122.31036,13.2,336.7,340.0,EVER LAMBENT,IMO9595436,2FRE8,70,0,334,45,14.2,74,A
235093569,2021-10-16T11:54:25,36.37648,-122.31620,13.0,338.8,340.0,EVER LAMBENT,IMO9595436,2FRE8,70,0,334,45,14.2,74,A
235093569,2021-10-16T11:55:36,36.38006,-122.31779,13.1,340.1,341.0,EVER LAMBENT,IMO9595436,2FRE8,70,0,334,45,14.2,74,A
235093569,2021-10-16T11:56:45,36.38408,-122.31954,12.9,340.4,340.0,EVER LAMBENT,IMO9595436,2FRE8,70,0,334,45,14.2,74,A
235093569,2021-10-16T11:57:55,36.38796,-122.32128,12.9,339.3,340.0,EVER LAMBENT,IMO9595436,2FRE8,70,0,334,45,14.2,74,A
235093569,2021-10-16T11:53:16,36.37260,-122.31433,13.2,337.9,340.0,EVER LAMBENT,IMO9595436,2FRE8,70,0,334,45,14.2,74,A
235093569,2021-10-16T11:52:06,36.36858,-122.31232,13.1,338.0,339.0,EVER LAMBENT,IMO9595436,2FRE8,70,0,334,45,14.2,74,A
235102678,2021-11-28T23:56:13,36.36684,-122.29342,14.8,334.1,336.0,EVER LIBERAL,IMO9604160,2HDG2,70,0,334,45,14.2,74,A
235102678,2021-11-28T23:57:18,36.37086,-122.29582,14.8,333.8,336.0,EVER LIBERAL,IMO9604160,2HDG2,70,0,334,45,14.2,74,A
235102678,2021-11-28T23:58:25,36.37501,-122.29827,14.8,335.1,337.0,EVER LIBERAL,IMO9604160,2HDG2,70,0,334,45,14.2,74,A
235102678,2021-11-28T23:59:30,36.37905,-122.30062,14.7,335.0,338.0,EVER LIBERAL,IMO9604160,2HDG2,70,0,334,45,14.2,74,A
235102678,2021-11-29T00:00:00,36.38092,-122.30167,14.8,336.2,337.0,EVER LIBERAL,IMO9604160,2HDG2,70,0,334,45,14.2,74,A
235102678,2021-11-29T00:01:06,36.38505,-122.30402,14.8,335.1,337.0,EVER LIBERAL,IMO9604160,2HDG2,70,0,334,45,14.2,74,A
538007982,2021-06-13T16:31:44,36.37403,-122.33605,14.1,157.3,158.0,NAVIGARE BACCA,IMO9758741,V7QC5,70,0,199,33,9.0,70,A
538007982,2021-06-13T16:32:49,36.37004,-122.33405,14.1,157.6,158.0,NAVIGARE BACCA,IMO9758741,V7QC5,70,0,199,33,9.0,70,A
538007982,2021-06-13T16:33:56,36.36601,-122.33203,14.0,156.3,158.0,NAVIGARE BACCA,IMO9758741,V7QC5,70,0,199,33,9.0,70,A
538007982,2021-06-13T16:35:02,36.36211,-122.33007,13.9,157.1,159.0,NAVIGARE BACCA,IMO9758741,V7QC5,70,0,199,33,9.0,70,A
538007982,2021-06-13T16:36:08,36.35812,-122.32806,13.9,155.8,158.0,NAVIGARE BACCA,IMO9758741,V7QC5,70,0,199,33,9.0,70,A
538007982,2021-06-13T16:37:13,36.35425,-122.32614,13.9,156.7,159.0,NAVIGARE BACCA,IMO9758741,V7QC5,70,0,199,33,9.0,70,A
235076283,2021-07-18T23:16:06,36.37796,-122.33123,12.1,339.9,338.0,PARAMOUNT HYDRA,IMO9453999,2CWC3,80,0,249,44,14.8,80,A
235076283,2021-07-18T17:26:57,36.35524,-122.32061,12.2,337.3,337.0,PARAMOUNT HYDRA,IMO9453999,2CWC3,80,0,249,44,14.8,80,A
235076283,2021-07-18T17:28:07,36.35901,-122.32247,12.0,338.1,337.0,PARAMOUNT HYDRA,IMO9453999,2CWC3,80,0,249,44,14.8,80,A
235076283,2021-07-18T17:29:18,36.36270,-122.32425,12.2,339.1,338.0,PARAMOUNT HYDRA,IMO9453999,2CWC3,80,0,249,44,14.8,80,A
235076283,2021-07-18T17:30:27,36.36655,-122.32608,12.2,339.3,338.0,PARAMOUNT HYDRA,IMO9453999,2CWC3,80,0,249,44,14.8,80,A
235076283,2021-07-18T17:31:36,36.37036,-122.32781,12.1,340.3,338.0,PARAMOUNT HYDRA,IMO9453999,2CWC3,80,0,249,44,14.8,80,A
235076283,2021-07-18T17:32:47,36.37408,-122.32950,12.0,340.6,338.0,PARAMOUNT HYDRA,IMO9453999,2CWC3,80,0,249,44,14.8,80,A
235076283,2021-07-18T17:33:48,36.37702,-122.33080,12.0,339.8,338.0,PARAMOUNT HYDRA,IMO9453999,2CWC3,80,0,249,44,14.8,80,A
636013693,2021-11-14T05:44:50,36.38417,-122.31101,18.2,343.5,345.0,YM UNIFORM,IMO9337482,A8OR8,70,0,333,42,14.5,70,A
636013693,2021-11-14T05:39:20,36.35733,-122.30156,18.1,344.0,345.0,YM UNIFORM,IMO9337482,A8OR8,70,0,333,42,14.5,70,A
636013693,2021-11-14T05:40:26,36.36263,-122.30344,18.2,343.5,345.0,YM UNIFORM,IMO9337482,A8OR8,70,0,333,42,14.5,70,A
636013693,2021-11-14T05:41:32,36.36798,-122.30536,18.2,343.7,345.0,YM UNIFORM,IMO9337482,A8OR8,70,0,333,42,14.5,70,A
636013693,2021-11-14T05:42:37,36.37335,-122.30719,18.1,344.7,345.0,YM UNIFORM,IMO9337482,A8OR8,70,0,333,42,14.5,70,A
636013693,2021-11-14T05:43:43,36.37871,-122.30906,18.2,343.6,345.0,YM UNIFORM,IMO9337482,A8OR8,70,0,333,42,14.5,70,A
235102678,2021-06-22T02:06:41,36.36548,-122.29429,14.3,333.8,331.0,EVER LIBERAL,IMO9604160,2HDG2,70,0,334,45,14.2,74,A
235102678,2021-06-22T02:07:47,36.36910,-122.29649,14.2,334.9,332.0,EVER LIBERAL,IMO9604160,2HDG2,70,0,334,45,14.2,74,A
235102678,2021-06-22T02:08:54,36.37301,-122.29885,14.1,334.4,332.0,EVER LIBERAL,IMO9604160,2HDG2,70,0,334,45,14.2,74,A
235102678,2021-06-22T02:09:59,36.37690,-122.30118,14.2,333.2,332.0,EVER LIBERAL,IMO9604160,2HDG2,70,0,334,45,14.2,74,A
235102678,2021-06-22T02:11:05,36.38073,-122.30345,14.1,334.8,332.0,EVER LIBERAL,IMO9604160,2HDG2,70,0,334,45,14.2,74,A
235102678,2021-06-22T02:12:12,36.38501,-122.30606,13.9,333.9,332.0,EVER LIBERAL,IMO9604160,2HDG2,70,0,334,45,14.2,74,A
339785000,2021-07-18T05:19:21,36.38408,-122.30808,10.1,330.1,332.0,COMPASS ROSE,,6YTW3,37,0,49,12,2.1,37,A
339785000,2021-07-18T05:20:32,36.38689,-122.31009,10.0,328.0,331.0,COMPASS ROSE,,6YTW3,37,0,49,12,2.1,37,A
339785000,2021-07-18T05:11:21,36.36517,-122.29446,9.5,328.3,332.0,COMPASS ROSE,,6YTW3,37,0,49,12,2.1,37,A
339785000,2021-07-18T05:12:30,36.36778,-122.29646,10.0,328.7,332.0,COMPASS ROSE,,6YTW3,37,0,49,12,2.1,37,A
339785000,2021-07-18T05:13:31,36.37018,-122.29828,10.2,328.9,332.0,COMPASS ROSE,,6YTW3,37,0,49,12,2.1,37,A
339785000,2021-07-18T05:14:40,36.37295,-122.30028,9.5,330.8,332.0,COMPASS ROSE,,6YTW3,37,0,49,12,2.1,37,A
339785000,2021-07-18T05:15:51,36.37574,-122.30226,9.8,328.8,332.0,COMPASS ROSE,,6YTW3,37,0,49,12,2.1,37,A
339785000,2021-07-18T05:17:02,36.37847,-122.30423,9.5,328.8,332.0,COMPASS ROSE,,6YTW3,37,0,49,12,2.1,37,A
339785000,2021-07-18T05:18:10,36.38118,-122.30609,9.7,331.5,331.0,COMPASS ROSE,,6YTW3,37,0,49,12,2.1,37,A
235093569,2021-08-20T15:20:51,36.36281,-122.29481,22.3,338.0,338.0,EVER LAMBENT,IMO9595436,2FRE8,70,0,334,45,14.2,74,A
235093569,2021-08-20T15:21:56,36.36920,-122.29797,22.5,338.4,338.0,EVER LAMBENT,IMO9595436,2FRE8,70,0,334,45,14.2,74,A
235093569,2021-08-20T15:22:57,36.37490,-122.30082,22.4,337.6,338.0,EVER LAMBENT,IMO9595436,2FRE8,70,0,334,45,14.2,74,A
235093569,2021-08-20T15:24:03,36.38234,-122.30449,22.5,338.1,338.0,EVER LAMBENT,IMO9595436,2FRE8,70,0,334,45,14.2,74,A
538007938,2021-12-01T18:12:10,36.36517,-122.33700,19.9,159.0,157.0,CAPT.THANASIS,IMO9294159,V7BP8,70,0,222,30,8.7,70,A
538007938,2021-12-01T18:13:16,36.35950,-122.33433,19.7,159.0,157.0,CAPT.THANASIS,IMO9294159,V7BP8,70,0,222,30,8.7,70,A
538007938,2021-12-01T18:14:21,36.35400,-122.33167,19.8,160.0,158.0,CAPT.THANASIS,IMO9294159,V7BP8,70,0,222,30,8.7,70,A
636015173,2021-08-08T06:30:29,36.37491,-122.32396,17.1,158.5,157.0,JUPITER SPIRIT,IMO9509401,A8ZC2,70,0,183,30,9.0,70,A
636015173,2021-08-08T06:29:23,36.37978,-122.32632,17.0,158.0,156.0,JUPITER SPIRIT,IMO9509401,A8ZC2,70,0,183,30,9.0,70,A
636015173,2021-08-08T06:28:17,36.38463,-122.32868,17.1,158.7,157.0,JUPITER SPIRIT,IMO9509401,A8ZC2,70,0,183,30,9.0,70,A
636015173,2021-08-08T06:34:53,36.35543,-122.31446,17.1,158.0,157.0,JUPITER SPIRIT,IMO9509401,A8ZC2,70,0,183,30,9.0,70,A
636015173,2021-08-08T06:31:36,36.36997,-122.32150,17.1,157.6,157.0,JUPITER SPIRIT,IMO9509401,A8ZC2,70,0,183,30,9.0,70,A
636015173,2021-08-08T06:32:41,36.36518,-122.31914,17.1,158.0,157.0,JUPITER SPIRIT,IMO9509401,A8ZC2,70,0,183,30,9.0,70,A
636015173,2021-08-08T06:33:47,36.36028,-122.31683,17.2,159.2,157.0,JUPITER SPIRIT,IMO9509401,A8ZC2,70,0,183,30,9.0,70,A
566794000,2021-09-30T14:58:43,36.35317,-122.30756,13.3,342.1,340.0,EVER LEADER,IMO9595503,9V9289,70,0,334,45,14.2,70,A
566794000,2021-09-30T15:01:13,36.36185,-122.31109,13.2,341.5,340.0,EVER LEADER,IMO9595503,9V9289,70,0,334,45,14.2,70,A
566794000,2021-09-30T14:59:55,36.35728,-122.30922,13.2,342.1,340.0,EVER LEADER,IMO9595503,9V9289,70,0,334,45,14.2,70,A
566794000,2021-09-30T15:03:33,36.36995,-122.31439,13.2,342.0,341.0,EVER LEADER,IMO9595503,9V9289,70,0,334,45,14.2,70,A
566794000,2021-09-30T15:00:04,36.35786,-122.30946,13.1,342.1,340.0,EVER LEADER,IMO9595503,9V9289,70,0,334,45,14.2,70,A
566794000,2021-09-30T15:05:54,36.37813,-122.31762,13.1,340.9,337.0,EVER LEADER,IMO9595503,9V9289,70,0,334,45,14.2,70,A
566794000,2021-09-30T15:07:03,36.38207,-122.31947,13.3,339.7,337.0,EVER LEADER,IMO9595503,9V9289,70,0,334,45,14.2,70,A
566794000,2021-09-30T15:08:04,36.38560,-122.32110,13.4,339.4,338.0,EVER LEADER,IMO9595503,9V9289,70,0,334,45,14.2,70,A
566794000,2021-09-30T15:04:43,36.37396,-122.31590,13.3,342.1,340.0,EVER LEADER,IMO9595503,9V9289,70,0,334,45,14.2,70,A
566794000,2021-09-30T15:02:24,36.36590,-122.31278,13.2,340.4,340.0,EVER LEADER,IMO9595503,9V9289,70,0,334,45,14.2,70,A
255806506,2021-06-19T06:55:53,36.35670,-122.29260,9.1,332.7,330.0,MSC SILVIA,IMO9720457,CQEW7,71,0,300,48,10.2,71,A
255806506,2021-06-19T06:57:02,36.35932,-122.29431,9.1,332.1,330.0,MSC SILVIA,IMO9720457,CQEW7,71,0,300,48,10.2,71,A
255806506,2021-06-19T06:58:10,36.36185,-122.29598,9.2,332.6,330.0,MSC SILVIA,IMO9720457,CQEW7,71,0,300,48,10.2,71,A
255806506,2021-06-19T06:59:21,36.36451,-122.29777,9.3,331.4,330.0,MSC SILVIA,IMO9720457,CQEW7,71,0,300,48,10.2,71,A
255806506,2021-06-19T07:00:02,36.36615,-122.29884,9.4,331.9,331.0,MSC SILVIA,IMO9720457,CQEW7,71,0,300,48,10.2,71,A
255806506,2021-06-19T07:01:11,36.36878,-122.30052,9.3,332.7,330.0,MSC SILVIA,IMO9720457,CQEW7,71,0,300,48,10.2,71,A
255806506,2021-06-19T07:02:20,36.37146,-122.30227,9.2,332.5,330.0,MSC SILVIA,IMO9720457,CQEW7,71,0,300,48,10.2,71,A
255806506,2021-06-19T07:03:31,36.37414,-122.30398,9.2,331.6,330.0,MSC SILVIA,IMO9720457,CQEW7,71,0,300,48,10.2,71,A
255806506,2021-06-19T07:04:41,36.37674,-122.30570,9.1,331.5,329.0,MSC SILVIA,IMO9720457,CQEW7,71,0,300,48,10.2,71,A
255806506,2021-06-19T07:05:51,36.37925,-122.30752,8.7,328.8,325.0,MSC SILVIA,IMO9720457,CQEW7,71,0,300,48,10.2,71,A
255806506,2021-06-19T07:06:52,36.38122,-122.30911,8.1,326.0,324.0,MSC SILVIA,IMO9720457,CQEW7,71,0,300,48,10.2,71,A
255806506,2021-06-19T07:08:01,36.38334,-122.31085,7.5,326.7,324.0,MSC SILVIA,IMO9720457,CQEW7,71,0,300,48,10.2,71,A
255806506,2021-06-19T07:09:12,36.38530,-122.31248,7.2,326.1,324.0,MSC SILVIA,IMO9720457,CQEW7,71,0,300,48,10.2,71,A
255806506,2021-06-19T07:10:20,36.38718,-122.31404,7.0,325.9,324.0,MSC SILVIA,IMO9720457,CQEW7,71,0,300,48,10.2,71,A
255806506,2021-06-20T04:53:00,36.36927,-122.33533,10.2,134.7,136.0,MSC SILVIA,IMO9720457,CQEW7,71,0,300,48,10.2,71,A
255806506,2021-06-20T04:54:12,36.36691,-122.33222,10.4,132.5,135.0,MSC SILVIA,IMO9720457,CQEW7,71,0,300,48,10.2,71,A
255806506,2021-06-20T04:55:22,36.36455,-122.32914,11.1,133.6,135.0,MSC SILVIA,IMO9720457,CQEW7,71,0,300,48,10.2,71,A
255806506,2021-06-20T04:56:31,36.36211,-122.32560,12.2,129.3,129.0,MSC SILVIA,IMO9720457,CQEW7,71,0,300,48,10.2,71,A
255806506,2021-06-20T04:57:42,36.35952,-122.32150,13.1,127.7,129.0,MSC SILVIA,IMO9720457,CQEW7,71,0,300,48,10.2,71,A
255806506,2021-06-20T04:58:43,36.35741,-122.31773,13.4,122.5,121.0,MSC SILVIA,IMO9720457,CQEW7,71,0,300,48,10.2,71,A
255806506,2021-06-20T04:59:50,36.35520,-122.31309,13.8,119.5,120.0,MSC SILVIA,IMO9720457,CQEW7,71,0,300,48,10.2,71,A
255806506,2021-06-20T05:00:01,36.35489,-122.31240,13.8,119.7,119.0,MSC SILVIA,IMO9720457,CQEW7,71,0,300,48,10.2,71,A
255806506,2021-06-20T05:01:03,36.35306,-122.30791,13.8,112.7,109.0,MSC SILVIA,IMO9720457,CQEW7,71,0,300,48,10.2,71,A
255806506,2021-06-20T05:04:15,36.35286,-122.29417,11.4,57.8,44.0,MSC SILVIA,IMO9720457,CQEW7,71,0,300,48,10.2,71,A
255806506,2021-06-20T05:09:51,36.36766,-122.29278,9.7,338.4,335.0,MSC SILVIA,IMO9720457,CQEW7,71,0,300,48,10.2,71,A
255806506,2021-06-20T05:11:01,36.37047,-122.29415,9.2,337.8,335.0,MSC SILVIA,IMO9720457,CQEW7,71,0,300,48,10.2,71,A
255806506,2021-06-20T05:12:10,36.37318,-122.29545,8.7,339.1,335.0,MSC SILVIA,IMO9720457,CQEW7,71,0,300,48,10.2,71,A
255806506,2021-06-20T05:13:11,36.37540,-122.29651,8.4,338.5,334.0,MSC SILVIA,IMO9720457,CQEW7,71,0,300,48,10.2,71,A
255806506,2021-06-20T05:14:21,36.37786,-122.29768,8.0,339.1,334.0,MSC SILVIA,IMO9720457,CQEW7,71,0,300,48,10.2,71,A
255806506,2021-06-20T05:15:31,36.38023,-122.29878,7.6,339.4,334.0,MSC SILVIA,IMO9720457,CQEW7,71,0,300,48,10.2,71,A
255806506,2021-06-20T05:16:42,36.38257,-122.29985,7.5,339.7,333.0,MSC SILVIA,IMO9720457,CQEW7,71,0,300,48,10.2,71,A
255806506,2021-06-20T05:17:51,36.38478,-122.30088,7.2,338.2,334.0,MSC SILVIA,IMO9720457,CQEW7,71,0,300,48,10.2,71,A
255806506,2021-06-20T05:19:01,36.38698,-122.30184,7.2,341.4,334.0,MSC SILVIA,IMO9720457,CQEW7,71,0,300,48,10.2,71,A
403580000,2021-08-30T23:33:50,36.35928,-122.31080,11.9,337.0,338.0,NCC HIJAZ,IMO9299886,HZAH,80,0,183,32,12.2,87,A
403580000,2021-08-30T23:42:49,36.38673,-122.32517,11.3,335.0,337.0,NCC HIJAZ,IMO9299886,HZAH,80,0,183,32,12.2,87,A
403580000,2021-08-30T23:34:51,36.36242,-122.31242,11.9,336.0,338.0,NCC HIJAZ,IMO9299886,HZAH,80,0,183,32,12.2,87,A
403580000,2021-08-30T23:36:00,36.36583,-122.31420,11.9,337.0,338.0,NCC HIJAZ,IMO9299886,HZAH,80,0,183,32,12.2,87,A
403580000,2021-08-30T23:37:09,36.36945,-122.31610,11.9,336.0,338.0,NCC HIJAZ,IMO9299886,HZAH,80,0,183,32,12.2,87,A
403580000,2021-08-30T23:38:19,36.37302,-122.31803,11.9,336.0,338.0,NCC HIJAZ,IMO9299886,HZAH,80,0,183,32,12.2,87,A
403580000,2021-08-30T23:39:29,36.37665,-122.31997,11.9,336.0,338.0,NCC HIJAZ,IMO9299886,HZAH,80,0,183,32,12.2,87,A
403580000,2021-08-30T23:40:30,36.37978,-122.32158,12.0,338.0,339.0,NCC HIJAZ,IMO9299886,HZAH,80,0,183,32,12.2,87,A
403580000,2021-08-30T23:41:40,36.38343,-122.32340,11.9,337.0,337.0,NCC HIJAZ,IMO9299886,HZAH,80,0,183,32,12.2,87,A
403580000,2021-08-30T23:32:39,36.35563,-122.30897,11.9,338.0,338.0,NCC HIJAZ,IMO9299886,HZAH,80,0,183,32,12.2,87,A
367139040,2021-06-01T17:36:47,36.38532,-122.29440,18.5,228.9,229.0,FULMAR,,WDD3992,90,0,,,,10,A
367139040,2021-06-01T17:37:48,36.38194,-122.29909,18.3,226.9,229.0,FULMAR,,WDD3992,90,0,,,,10,A
367139040,2021-06-01T17:38:55,36.37815,-122.30457,18.6,230.7,232.0,FULMAR,,WDD3992,90,0,,,,10,A
367139040,2021-06-01T17:40:00,36.37473,-122.30922,16.3,226.8,228.0,FULMAR,,WDD3992,90,0,,,,10,A
367139040,2021-06-01T17:41:06,36.37141,-122.31352,13.2,229.5,229.0,FULMAR,,WDD3992,90,0,,,,10,A
367139040,2021-06-01T17:42:08,36.37085,-122.31482,2.4,269.7,270.0,FULMAR,,WDD3992,90,0,,,,10,A
367139040,2021-06-01T17:43:10,36.37084,-122.31469,0.8,96.0,322.0,FULMAR,,WDD3992,90,0,,,,10,A
367139040,2021-06-01T17:44:12,36.37106,-122.31468,1.0,355.6,331.0,FULMAR,,WDD3992,90,0,,,,10,A
367139040,2021-06-01T17:45:22,36.37137,-122.31473,1.0,346.6,312.0,FULMAR,,WDD3992,90,0,,,,10,A
367139040,2021-06-01T17:46:31,36.37168,-122.31483,0.9,348.9,293.0,FULMAR,,WDD3992,90,0,,,,10,A
367139040,2021-06-01T17:47:36,36.37196,-122.31490,0.9,347.8,267.0,FULMAR,,WDD3992,90,0,,,,10,A
367139040,2021-06-01T17:48:41,36.37224,-122.31493,1.0,355.1,253.0,FULMAR,,WDD3992,90,0,,,,10,A
367139040,2021-06-01T17:49:42,36.37251,-122.31493,1.1,350.4,255.0,FULMAR,,WDD3992,90,0,,,,10,A
367139040,2021-06-01T17:50:52,36.37282,-122.31496,1.0,348.1,248.0,FULMAR,,WDD3992,90,0,,,,10,A
367139040,2021-06-01T17:51:55,36.37261,-122.31467,3.5,148.5,157.0,FULMAR,,WDD3992,90,0,,,,10,A
367139040,2021-06-01T17:52:58,36.37158,-122.31450,3.7,185.5,186.0,FULMAR,,WDD3992,90,0,,,,10,A
367139040,2021-06-01T17:54:03,36.37052,-122.31492,3.4,206.1,201.0,FULMAR,,WDD3992,90,0,,,,10,A
367139040,2021-06-01T17:55:05,36.37024,-122.31500,0.6,78.4,113.0,FULMAR,,WDD3992,90,0,,,,10,A
367139040,2021-06-01T17:56:12,36.37048,-122.31491,0.9,8.7,81.0,FULMAR,,WDD3992,90,0,,,,10,A
367139040,2021-06-01T17:57:19,36.37075,-122.31509,1.7,295.7,79.0,FULMAR,,WDD3992,90,0,,,,10,A
367139040,2021-06-01T17:58:21,36.37099,-122.31525,1.1,339.1,102.0,FULMAR,,WDD3992,90,0,,,,10,A
367139040,2021-06-01T17:59:25,36.37129,-122.31531,1.1,347.0,94.0,FULMAR,,WDD3992,90,0,,,,10,A
367139040,2021-06-01T18:00:01,36.37148,-122.31535,1.2,349.2,68.0,FULMAR,,WDD3992,90,0,,,,10,A
367139040,2021-06-01T18:01:05,36.37200,-122.31486,3.4,56.4,71.0,FULMAR,,WDD3992,90,0,,,,10,A
367139040,2021-06-01T18:02:06,36.37220,-122.31356,3.5,95.7,109.0,FULMAR,,WDD3992,90,0,,,,10,A
367139040,2021-06-01T18:03:09,36.37236,-122.31299,1.6,282.9,59.0,FULMAR,,WDD3992,90,0,,,,10,A
367139040,2021-06-01T18:04:12,36.37206,-122.31368,2.1,248.8,53.0,FULMAR,,WDD3992,90,0,,,,10,A
367139040,2021-06-01T18:05:16,36.37210,-122.31430,1.7,298.4,106.0,FULMAR,,WDD3992,90,0,,,,10,A
367139040,2021-06-01T18:06:19,36.37236,-122.31430,1.9,52.7,76.0,FULMAR,,WDD3992,90,0,,,,10,A
367139040,2021-06-01T18:07:21,36.37247,-122.31461,1.3,299.7,108.0,FULMAR,,WDD3992,90,0,,,,10,A
367139040,2021-06-01T18:08:25,36.37279,-122.31476,0.9,12.2,88.0,FULMAR,,WDD3992,90,0,,,,10,A
367139040,2021-06-01T18:09:26,36.37309,-122.31473,1.0,354.9,57.0,FULMAR,,WDD3992,90,0,,,,10,A
367139040,2021-06-01T18:10:32,36.37340,-122.31471,1.0,11.8,43.0,FULMAR,,WDD3992,90,0,,,,10,A
367139040,2021-06-01T18:11:36,36.37362,-122.31451,0.6,54.5,136.0,FULMAR,,WDD3992,90,0,,,,10,A
367139040,2021-06-01T18:12:38,36.37381,-122.31437,1.0,32.3,108.0,FULMAR,,WDD3992,90,0,,,,10,A
367139040,2021-06-01T18:13:42,36.37406,-122.31413,0.9,39.1,116.0,FULMAR,,WDD3992,90,0,,,,10,A
367139040,2021-06-01T18:14:45,36.37418,-122.31388,1.4,119.2,146.0,FULMAR,,WDD3992,90,0,,,,10,A
367139040,2021-06-01T18:15:48,36.37351,-122.31371,2.3,181.5,181.0,FULMAR,,WDD3992,90,0,,,,10,A
367139040,2021-06-01T18:16:52,36.37284,-122.31368,3.3,181.5,185.0,FULMAR,,WDD3992,90,0,,,,10,A
367139040,2021-06-01T18:17:53,36.37206,-122.31361,2.5,168.4,172.0,FULMAR,,WDD3992,90,0,,,,10,A
367139040,2021-06-01T18:19:02,36.37140,-122.31352,2.1,177.5,183.0,FULMAR,,WDD3992,90,0,,,,10,A
367139040,2021-06-01T18:20:12,36.37069,-122.31347,2.3,177.0,181.0,FULMAR,,WDD3992,90,0,,,,10,A
367139040,2021-06-01T18:21:22,36.37001,-122.31335,1.9,170.8,177.0,FULMAR,,WDD3992,90,0,,,,10,A
367139040,2021-06-01T18:22:25,36.36938,-122.31345,2.4,215.1,212.0,FULMAR,,WDD3992,90,0,,,,10,A
367139040,2021-06-01T18:23:33,36.36855,-122.31426,3.4,212.2,206.0,FULMAR,,WDD3992,90,0,,,,10,A
367139040,2021-06-01T18:24:35,36.36830,-122.31480,1.7,306.9,290.0,FULMAR,,WDD3992,90,0,,,,10,A
367139040,2021-06-01T18:25:39,36.36867,-122.31497,1.2,354.6,286.0,FULMAR,,WDD3992,90,0,,,,10,A
367139040,2021-06-01T18:26:43,36.36904,-122.31496,1.3,356.2,296.0,FULMAR,,WDD3992,90,0,,,,10,A
367139040,2021-06-01T18:27:51,36.36944,-122.31498,1.2,349.9,290.0,FULMAR,,WDD3992,90,0,,,,10,A
367139040,2021-06-01T18:29:01,36.36983,-122.31500,1.2,352.9,288.0,FULMAR,,WDD3992,90,0,,,,10,A
367139040,2021-06-01T18:30:06,36.37020,-122.31502,1.4,359.4,323.0,FULMAR,,WDD3992,90,0,,,,10,A
367139040,2021-06-01T18:31:09,36.37058,-122.31502,1.0,357.9,294.0,FULMAR,,WDD3992,90,0,,,,10,A
367139040,2021-06-01T18:32:12,36.37095,-122.31505,1.2,354.1,299.0,FULMAR,,WDD3992,90,0,,,,10,A
367139040,2021-06-01T18:33:18,36.37133,-122.31503,1.1,7.9,297.0,FULMAR,,WDD3992,90,0,,,,10,A
367139040,2021-06-01T18:34:22,36.37169,-122.31502,1.3,354.5,310.0,FULMAR,,WDD3992,90,0,,,,10,A
367139040,2021-06-01T18:35:32,36.37208,-122.31501,1.2,1.0,298.0,FULMAR,,WDD3992,90,0,,,,10,A
367139040,2021-06-01T18:36:35,36.37243,-122.31496,1.2,0.3,318.0,FULMAR,,WDD3992,90,0,,,,10,A
367139040,2021-06-01T18:37:39,36.37278,-122.31497,1.0,2.2,285.0,FULMAR,,WDD3992,90,0,,,,10,A
367139040,2021-06-01T18:38:43,36.37313,-122.31492,1.2,1.9,287.0,FULMAR,,WDD3992,90,0,,,,10,A
367139040,2021-06-01T18:39:45,36.37343,-122.31496,1.1,353.2,277.0,FULMAR,,WDD3992,90,0,,,,10,A
367139040,2021-06-01T18:40:46,36.37376,-122.31499,1.2,350.8,303.0,FULMAR,,WDD3992,90,0,,,,10,A
367139040,2021-06-01T18:41:53,36.37409,-122.31499,1.1,4.3,290.0,FULMAR,,WDD3992,90,0,,,,10,A
367139040,2021-06-01T18:42:56,36.37442,-122.31498,1.2,356.9,302.0,FULMAR,,WDD3992,90,0,,,,10,A
367139040,2021-06-01T18:44:03,36.37479,-122.31503,1.1,356.1,284.0,FULMAR,,WDD3992,90,0,,,,10,A
367139040,2021-06-01T18:45:09,36.37515,-122.31504,1.2,357.8,314.0,FULMAR,,WDD3992,90,0,,,,10,A
367139040,2021-06-01T18:46:12,36.37553,-122.31502,1.9,3.5,357.0,FULMAR,,WDD3992,90,0,,,,10,A
367139040,2021-06-01T18:47:16,36.37622,-122.31451,2.6,72.2,94.0,FULMAR,,WDD3992,90,0,,,,10,A
367139040,2021-06-01T18:48:19,36.37620,-122.31324,3.2,100.2,118.0,FULMAR,,WDD3992,90,0,,,,10,A
367139040,2021-06-01T18:49:22,36.37580,-122.31231,2.8,129.9,149.0,FULMAR,,WDD3992,90,0,,,,10,A
367139040,2021-06-01T18:50:33,36.37491,-122.31174,3.4,150.7,161.0,FULMAR,,WDD3992,90,0,,,,10,A
367139040,2021-06-01T18:51:43,36.37393,-122.31084,3.6,139.0,154.0,FULMAR,,WDD3992,90,0,,,,10,A
367139040,2021-06-01T18:52:46,36.37327,-122.31061,2.2,192.2,195.0,FULMAR,,WDD3992,90,0,,,,10,A
367139040,2021-06-01T18:53:49,36.37254,-122.31042,3.0,154.8,164.0,FULMAR,,WDD3992,90,0,,,,10,A
367139040,2021-06-01T18:54:53,36.37155,-122.30983,3.5,153.1,161.0,FULMAR,,WDD3992,90,0,,,,10,A
367139040,2021-06-01T18:56:02,36.37052,-122.30906,4.1,142.7,153.0,FULMAR,,WDD3992,90,0,,,,10,A
367139040,2021-06-01T18:57:05,36.36972,-122.30835,2.7,152.4,166.0,FULMAR,,WDD3992,90,0,,,,10,A
367139040,2021-06-01T18:58:08,36.36906,-122.30821,2.3,159.6,171.0,FULMAR,,WDD3992,90,0,,,,10,A
367139040,2021-06-01T18:59:11,36.36855,-122.30793,1.6,153.6,164.0,FULMAR,,WDD3992,90,0,,,,10,A
367139040,2021-06-01T19:00:02,36.36830,-122.30768,1.4,148.9,166.0,FULMAR,,WDD3992,90,0,,,,10,A
367139040,2021-06-01T19:01:11,36.36807,-122.30737,0.7,131.7,166.0,FULMAR,,WDD3992,90,0,,,,10,A
367139040,2021-06-01T19:02:22,36.36799,-122.30719,0.5,132.4,172.0,FULMAR,,WDD3992,90,0,,,,10,A
367139040,2021-06-01T19:03:23,36.36785,-122.30711,0.4,150.9,175.0,FULMAR,,WDD3992,90,0,,,,10,A
367139040,2021-06-01T19:04:31,36.36791,-122.30706,0.5,13.1,185.0,FULMAR,,WDD3992,90,0,,,,10,A
367139040,2021-06-01T19:05:41,36.36798,-122.30700,0.4,36.2,170.0,FULMAR,,WDD3992,90,0,,,,10,A
367139040,2021-06-01T19:06:42,36.36800,-122.30685,0.4,86.7,167.0,FULMAR,,WDD3992,90,0,,,,10,A
367139040,2021-06-01T19:07:46,36.36810,-122.30684,0.5,332.7,208.0,FULMAR,,WDD3992,90,0,,,,10,A
367139040,2021-06-01T19:08:51,36.36803,-122.30696,0.3,262.8,204.0,FULMAR,,WDD3992,90,0,,,,10,A
367139040,2021-06-01T19:10:03,36.36803,-122.30704,0.3,324.1,203.0,FULMAR,,WDD3992,90,0,,,,10,A
367139040,2021-06-01T19:11:13,36.36813,-122.30709,0.3,229.4,197.0,FULMAR,,WDD3992,90,0,,,,10,A
367139040,2021-06-01T19:12:22,36.36809,-122.30711,0.1,321.3,190.0,FULMAR,,WDD3992,90,0,,,,10,A
367139040,2021-06-01T19:13:33,36.36808,-122.30713,0.1,199.8,188.0,FULMAR,,WDD3992,90,0,,,,10,A
367139040,2021-06-01T19:14:42,36.36808,-122.30713,0.1,212.6,184.0,FULMAR,,WDD3992,90,0,,,,10,A
367139040,2021-06-01T19:15:45,36.36807,-122.30701,0.3,84.6,163.0,FULMAR,,WDD3992,90,0,,,,10,A
367139040,2021-06-01T19:16:49,36.36809,-122.30672,0.8,96.6,150.0,FULMAR,,WDD3992,90,0,,,,10,A
367139040,2021-06-01T19:17:52,36.36784,-122.30655,0.8,183.2,191.0,FULMAR,,WDD3992,90,0,,,,10,A
367139040,2021-06-01T19:18:56,36.36762,-122.30683,1.9,241.2,234.0,FULMAR,,WDD3992,90,0,,,,10,A
367139040,2021-06-01T19:19:59,36.36784,-122.30724,1.8,323.3,293.0,FULMAR,,WDD3992,90,0,,,,10,A
367139040,2021-06-01T19:21:02,36.36826,-122.30775,2.1,313.9,282.0,FULMAR,,WDD3992,90,0,,,,10,A
367139040,2021-06-01T19:22:13,36.36867,-122.30836,1.8,309.1,274.0,FULMAR,,WDD3992,90,0,,,,10,A
367139040,2021-06-01T19:23:18,36.36894,-122.30889,1.8,305.8,274.0,FULMAR,,WDD3992,90,0,,,,10,A
367139040,2021-06-01T19:24:22,36.36917,-122.30949,1.7,300.4,264.0,FULMAR,,WDD3992,90,0,,,,10,A
367139040,2021-06-01T19:25:31,36.36943,-122.30982,1.6,299.0,265.0,FULMAR,,WDD3992,90,0,,,,10,A
367139040,2021-06-01T19:26:43,36.36973,-122.31078,2.1,296.9,267.0,FULMAR,,WDD3992,90,0,,,,10,A
367139040,2021-06-01T19:27:45,36.36986,-122.31138,2.0,284.1,260.0,FULMAR,,WDD3992,90,0,,,,10,A
367139040,2021-06-01T19:28:46,36.36998,-122.31200,1.8,284.5,257.0,FULMAR,,WDD3992,90,0,,,,10,A
367139040,2021-06-01T19:29:52,36.37007,-122.31276,2.4,278.9,261.0,FULMAR,,WDD3992,90,0,,,,10,A
367139040,2021-06-01T19:31:01,36.37015,-122.31353,1.3,273.5,247.0,FULMAR,,WDD3992,90,0,,,,10,A
367139040,2021-06-01T19:32:05,36.37019,-122.31411,1.8,274.8,251.0,FULMAR,,WDD3992,90,0,,,,10,A
367139040,2021-06-01T19:33:09,36.37016,-122.31471,1.8,277.0,257.0,FULMAR,,WDD3992,90,0,,,,10,A
367139040,2021-06-01T19:34:11,36.37038,-122.31479,0.8,6.5,237.0,FULMAR,,WDD3992,90,0,,,,10,A
367139040,2021-06-01T19:35:23,36.37073,-122.31466,1.1,19.8,242.0,FULMAR,,WDD3992,90,0,,,,10,A
367139040,2021-06-01T19:36:25,36.37108,-122.31453,1.3,5.4,289.0,FULMAR,,WDD3992,90,0,,,,10,A
367139040,2021-06-01T19:37:26,36.37208,-122.31392,7.3,36.8,40.0,FULMAR,,WDD3992,90,0,,,,10,A
367139040,2021-06-01T19:38:31,36.37488,-122.31104,17.2,39.0,38.0,FULMAR,,WDD3992,90,0,,,,10,A
367139040,2021-06-01T19:39:32,36.37892,-122.30667,19.0,41.8,41.0,FULMAR,,WDD3992,90,0,,,,10,A
367139040,2021-06-01T19:40:38,36.38328,-122.30170,18.1,46.3,49.0,FULMAR,,WDD3992,90,0,,,,10,A
367139040,2021-06-01T19:41:44,36.38731,-122.29694,18.8,44.5,43.0,FULMAR,,WDD3992,90,0,,,,10,A
367147610,2021-10-15T21:45:47,36.35499,-122.33673,2.9,161.9,511.0,FIRE WATER,,WYP9205,37,,11,3,,,B
367147610,2021-10-15T21:47:18,36.35354,-122.33607,4.2,158.1,511.0,FIRE WATER,,WYP9205,37,,11,3,,,B
636015506,2021-08-05T07:20:47,36.38806,-122.32750,20.5,159.0,155.0,MSC VEGA,IMO9465265,D5BE4,70,0,366,48,16.5,71,A
636015506,2021-08-05T07:21:53,36.38226,-122.32463,20.4,157.8,154.0,MSC VEGA,IMO9465265,D5BE4,70,0,366,48,16.5,71,A
636015506,2021-08-05T07:22:59,36.37649,-122.32172,20.2,158.1,154.0,MSC VEGA,IMO9465265,D5BE4,70,0,366,48,16.5,71,A
636015506,2021-08-05T07:24:05,36.37075,-122.31884,20.2,158.2,154.0,MSC VEGA,IMO9465265,D5BE4,70,0,366,48,16.5,71,A
636015506,2021-08-05T07:25:10,36.36505,-122.31595,20.1,157.5,154.0,MSC VEGA,IMO9465265,D5BE4,70,0,366,48,16.5,71,A
636015506,2021-08-05T07:26:11,36.35987,-122.31335,20.0,158.3,155.0,MSC VEGA,IMO9465265,D5BE4,70,0,366,48,16.5,71,A
636015506,2021-08-05T07:27:16,36.35421,-122.31049,20.0,157.6,154.0,MSC VEGA,IMO9465265,D5BE4,70,0,366,48,16.5,71,A
338227165,2021-09-05T18:48:38,36.38460,-122.29545,7.6,79.8,511.0,OFISHALL BUSINESS,,,37,,,,,,B
338227165,2021-09-05T18:49:40,36.38491,-122.29297,7.4,84.7,511.0,OFISHALL BUSINESS,,,37,,,,,,B
338227165,2021-09-05T19:56:08,36.38708,-122.29754,8.6,261.3,511.0,OFISHALL BUSINESS,,,37,,,,,,B
338227165,2021-09-05T19:59:08,36.38601,-122.30610,8.8,260.5,511.0,OFISHALL BUSINESS,,,37,,,,,,B
338227165,2021-09-04T19:50:16,36.38768,-122.31469,8.2,312.2,511.0,OFISHALL BUSINESS,,,37,,,,,,B
338227165,2021-09-05T18:44:12,36.38734,-122.30530,7.9,153.1,511.0,OFISHALL BUSINESS,,,37,,,,,,B
338227165,2021-09-05T18:45:38,36.38493,-122.30297,7.7,113.0,511.0,OFISHALL BUSINESS,,,37,,,,,,B
338227165,2021-09-05T18:47:08,36.38419,-122.29926,7.5,92.8,511.0,OFISHALL BUSINESS,,,37,,,,,,B
338227165,2021-09-05T19:57:38,36.38651,-122.30189,8.0,257.5,511.0,OFISHALL BUSINESS,,,37,,,,,,B
338227165,2021-09-05T20:00:41,36.38561,-122.31045,7.8,271.9,511.0,OFISHALL BUSINESS,,,37,,,,,,B
338227165,2021-09-05T20:02:08,36.38568,-122.31454,7.9,266.5,511.0,OFISHALL BUSINESS,,,37,,,,,,B
338227165,2021-09-05T20:03:38,36.38577,-122.31874,8.6,269.9,511.0,OFISHALL BUSINESS,,,37,,,,,,B
338227165,2021-09-05T20:05:08,36.38591,-122.32302,8.7,275.2,511.0,OFISHALL BUSINESS,,,37,,,,,,B
338227165,2021-09-05T20:06:38,36.38607,-122.32729,8.1,269.8,511.0,OFISHALL BUSINESS,,,37,,,,,,B
338227165,2021-09-05T20:07:40,36.38618,-122.33019,8.1,278.1,511.0,OFISHALL BUSINESS,,,37,,,,,,B
338227165,2021-09-05T20:09:08,36.38639,-122.33437,7.3,274.8,511.0,OFISHALL BUSINESS,,,37,,,,,,B
235102678,2021-08-14T23:28:34,36.36533,-122.31392,12.6,339.2,339.0,EVER LIBERAL,IMO9604160,2HDG2,70,0,334,45,14.2,74,A
235102678,2021-08-14T23:29:45,36.36916,-122.31572,12.6,338.9,340.0,EVER LIBERAL,IMO9604160,2HDG2,70,0,334,45,14.2,74,A
235102678,2021-08-14T23:30:54,36.37297,-122.31747,12.7,341.0,341.0,EVER LIBERAL,IMO9604160,2HDG2,70,0,334,45,14.2,74,A
235102678,2021-08-14T23:32:05,36.37692,-122.31917,12.6,343.3,341.0,EVER LIBERAL,IMO9604160,2HDG2,70,0,334,45,14.2,74,A
235102678,2021-08-14T23:33:14,36.38076,-122.32078,12.7,340.3,340.0,EVER LIBERAL,IMO9604160,2HDG2,70,0,334,45,14.2,74,A
235102678,2021-08-14T23:34:24,36.38461,-122.32252,12.5,338.0,339.0,EVER LIBERAL,IMO9604160,2HDG2,70,0,334,45,14.2,74,A
235102678,2021-08-14T23:25:13,36.35430,-122.30896,12.3,338.6,340.0,EVER LIBERAL,IMO9604160,2HDG2,70,0,334,45,14.2,74,A
235102678,2021-08-14T23:26:14,36.35761,-122.31045,12.5,340.9,340.0,EVER LIBERAL,IMO9604160,2HDG2,70,0,334,45,14.2,74,A
235102678,2021-08-14T23:27:25,36.36149,-122.31217,12.6,339.8,340.0,EVER LIBERAL,IMO9604160,2HDG2,70,0,334,45,14.2,74,A
636018924,2021-10-13T02:47:14,36.38057,-122.30581,9.4,339.5,341.0,AQUARIUS,IMO9354272,D5SB3,80,0,183,32,8.0,80,A
636018924,2021-10-13T02:36:53,36.35485,-122.29623,9.3,343.1,345.0,AQUARIUS,IMO9354272,D5SB3,80,0,183,32,8.0,80,A
636018924,2021-10-13T02:38:03,36.35784,-122.29735,9.3,343.5,344.0,AQUARIUS,IMO9354272,D5SB3,80,0,183,32,8.0,80,A
636018924,2021-10-13T02:39:14,36.36074,-122.29833,9.2,346.1,345.0,AQUARIUS,IMO9354272,D5SB3,80,0,183,32,8.0,80,A
636018924,2021-10-13T02:40:23,36.36359,-122.29933,9.2,341.6,343.0,AQUARIUS,IMO9354272,D5SB3,80,0,183,32,8.0,80,A
636018924,2021-10-13T02:41:33,36.36647,-122.30034,9.3,342.7,344.0,AQUARIUS,IMO9354272,D5SB3,80,0,183,32,8.0,80,A
636018924,2021-10-13T02:43:44,36.37191,-122.30218,9.2,347.2,343.0,AQUARIUS,IMO9354272,D5SB3,80,0,183,32,8.0,80,A
636018924,2021-10-13T02:44:53,36.37482,-122.30333,9.3,340.1,341.0,AQUARIUS,IMO9354272,D5SB3,80,0,183,32,8.0,80,A
636018924,2021-10-13T02:46:04,36.37769,-122.30455,9.2,340.6,341.0,AQUARIUS,IMO9354272,D5SB3,80,0,183,32,8.0,80,A
636018924,2021-10-13T02:48:24,36.38346,-122.30702,9.6,340.9,340.0,AQUARIUS,IMO9354272,D5SB3,80,0,183,32,8.0,80,A
636018924,2021-10-13T02:49:34,36.38642,-122.30833,9.6,339.3,340.0,AQUARIUS,IMO9354272,D5SB3,80,0,183,32,8.0,80,A
636020185,2021-11-22T09:51:50,36.36436,-122.29746,13.1,330.2,334.0,SUSANOO HARMONY,IMO9791054,D5YB8,70,0,180,30,9.7,70,A
636020185,2021-11-22T09:52:59,36.36804,-122.29985,13.0,334.8,338.0,SUSANOO HARMONY,IMO9791054,D5YB8,70,0,180,30,9.7,70,A
636020185,2021-11-22T09:54:09,36.37186,-122.30202,12.9,335.0,337.0,SUSANOO HARMONY,IMO9791054,D5YB8,70,0,180,30,9.7,70,A
636020185,2021-11-22T09:55:20,36.37577,-122.30431,13.0,334.8,337.0,SUSANOO HARMONY,IMO9791054,D5YB8,70,0,180,30,9.7,70,A
636020185,2021-11-22T09:56:30,36.37950,-122.30648,13.0,333.4,335.0,SUSANOO HARMONY,IMO9791054,D5YB8,70,0,180,30,9.7,70,A
636020185,2021-11-22T09:50:40,36.36062,-122.29515,13.2,335.9,336.0,SUSANOO HARMONY,IMO9791054,D5YB8,70,0,180,30,9.7,70,A
636020185,2021-11-22T09:49:30,36.35670,-122.29294,13.3,335.6,335.0,SUSANOO HARMONY,IMO9791054,D5YB8,70,0,180,30,9.7,70,A
636020185,2021-11-22T09:58:51,36.38706,-122.31114,13.0,335.0,337.0,SUSANOO HARMONY,IMO9791054,D5YB8,70,0,180,30,9.7,70,A
636020185,2021-11-22T09:57:40,36.38323,-122.30885,12.9,333.3,337.0,SUSANOO HARMONY,IMO9791054,D5YB8,70,0,180,30,9.7,70,A
538005923,2021-12-17T13:41:00,36.35889,-122.33645,7.0,161.4,157.0,GEO RESOLUTION,IMO8835243,V7IE2,90,0,69,13,4.6,99,A
538005923,2021-12-17T13:42:09,36.35670,-122.33554,7.1,161.1,159.0,GEO RESOLUTION,IMO8835243,V7IE2,90,0,69,13,4.6,99,A
538005923,2021-12-17T13:43:19,36.35446,-122.33463,7.0,162.2,158.0,GEO RESOLUTION,IMO8835243,V7IE2,90,0,69,13,4.6,99,A
235102678,2021-10-08T14:46:04,36.35524,-122.29464,13.1,335.9,336.0,EVER LIBERAL,IMO9604160,2HDG2,70,0,334,45,14.2,74,A
235102678,2021-10-08T14:54:15,36.38272,-122.30925,13.1,336.7,337.0,EVER LIBERAL,IMO9604160,2HDG2,70,0,334,45,14.2,74,A
235102678,2021-10-08T14:47:13,36.35921,-122.29670,13.0,338.3,336.0,EVER LIBERAL,IMO9604160,2HDG2,70,0,334,45,14.2,74,A
235102678,2021-10-08T14:48:23,36.36305,-122.29874,13.1,336.1,335.0,EVER LIBERAL,IMO9604160,2HDG2,70,0,334,45,14.2,74,A
235102678,2021-10-08T14:49:33,36.36691,-122.30091,13.2,335.4,336.0,EVER LIBERAL,IMO9604160,2HDG2,70,0,334,45,14.2,74,A
235102678,2021-10-08T14:50:43,36.37083,-122.30299,13.1,337.7,338.0,EVER LIBERAL,IMO9604160,2HDG2,70,0,334,45,14.2,74,A
235102678,2021-10-08T14:51:55,36.37490,-122.30504,13.3,337.7,337.0,EVER LIBERAL,IMO9604160,2HDG2,70,0,334,45,14.2,74,A
235102678,2021-10-08T14:55:23,36.38651,-122.31130,13.2,338.1,337.0,EVER LIBERAL,IMO9604160,2HDG2,70,0,334,45,14.2,74,A
235102678,2021-10-08T14:53:03,36.37872,-122.30706,13.2,336.2,336.0,EVER LIBERAL,IMO9604160,2HDG2,70,0,334,45,14.2,74,A
310765000,2021-07-24T10:31:06,36.35533,-122.33584,15.6,159.9,158.0,LONDON EXPRESS,IMO9143568,ZCEV3,70,0,294,32,13.6,70,A
368214150,2021-12-18T13:16:48,36.38680,-122.33677,5.1,172.4,511.0,CORTINA,,WDM5259,36,,13,3,,,B
368214150,2021-12-18T13:18:17,36.38490,-122.33679,4.2,182.1,511.0,CORTINA,,WDM5259,36,,13,3,,,B
368214150,2021-12-18T13:19:47,36.38300,-122.33682,5.9,176.1,511.0,CORTINA,,WDM5259,36,,13,3,,,B
368214150,2021-12-18T13:21:17,36.38119,-122.33659,3.2,169.9,511.0,CORTINA,,WDM5259,36,,13,3,,,B
368214150,2021-12-18T13:22:47,36.37931,-122.33667,5.9,189.6,511.0,CORTINA,,WDM5259,36,,13,3,,,B
368214150,2021-12-18T13:24:17,36.37747,-122.33668,4.6,197.5,511.0,CORTINA,,WDM5259,36,,13,3,,,B
368214150,2021-12-18T13:25:18,36.37618,-122.33657,4.7,177.9,511.0,CORTINA,,WDM5259,36,,13,3,,,B
368214150,2021-12-18T13:26:48,36.37435,-122.33649,4.9,189.5,511.0,CORTINA,,WDM5259,36,,13,3,,,B
368214150,2021-12-18T13:28:16,36.37242,-122.33638,4.3,168.1,511.0,CORTINA,,WDM5259,36,,13,3,,,B
368214150,2021-12-18T13:29:48,36.37042,-122.33616,5.4,163.0,511.0,CORTINA,,WDM5259,36,,13,3,,,B
368214150,2021-12-18T13:31:16,36.36863,-122.33574,4.2,176.9,511.0,CORTINA,,WDM5259,36,,13,3,,,B
368214150,2021-12-18T13:32:45,36.36683,-122.33553,5.3,178.8,511.0,CORTINA,,WDM5259,36,,13,3,,,B
368214150,2021-12-18T13:34:18,36.36485,-122.33521,4.8,183.5,511.0,CORTINA,,WDM5259,36,,13,3,,,B
368214150,2021-12-18T13:35:45,36.36289,-122.33512,5.2,184.4,511.0,CORTINA,,WDM5259,36,,13,3,,,B
368214150,2021-12-18T13:36:48,36.36146,-122.33506,4.1,173.4,511.0,CORTINA,,WDM5259,36,,13,3,,,B
368214150,2021-12-18T13:38:16,36.35952,-122.33497,4.4,178.7,511.0,CORTINA,,WDM5259,36,,13,3,,,B
368214150,2021-12-18T13:39:48,36.35771,-122.33425,5.5,120.2,511.0,CORTINA,,WDM5259,36,,13,3,,,B
368214150,2021-12-18T13:41:16,36.35630,-122.33320,4.7,177.8,511.0,CORTINA,,WDM5259,36,,13,3,,,B
368214150,2021-12-18T13:42:46,36.35465,-122.33298,4.0,190.8,511.0,CORTINA,,WDM5259,36,,13,3,,,B
368214150,2021-12-18T13:44:18,36.35270,-122.33263,4.3,166.1,511.0,CORTINA,,WDM5259,36,,13,3,,,B
636021005,2021-12-21T09:13:17,36.35466,-122.33464,18.7,158.2,157.0,MATSON MOLOKAI,IMO9338084,5LBU2,70,0,222,30,10.6,70,A
477999100,2021-08-28T13:07:44,36.38092,-122.31008,12.4,342.0,344.0,GLOVIS COMPOSER,IMO9293583,VRBF6,70,0,199,32,9.8,79,A
477999100,2021-08-28T13:01:08,36.35648,-122.30063,15.0,342.0,344.0,GLOVIS COMPOSER,IMO9293583,VRBF6,70,0,199,32,9.8,79,A
477999100,2021-08-28T13:02:14,36.36088,-122.30232,14.2,342.0,344.0,GLOVIS COMPOSER,IMO9293583,VRBF6,70,0,199,32,9.8,79,A
477999100,2021-08-28T13:03:20,36.36548,-122.30410,13.8,342.0,344.0,GLOVIS COMPOSER,IMO9293583,VRBF6,70,0,199,32,9.8,79,A
477999100,2021-08-28T13:04:26,36.36943,-122.30572,13.8,342.0,344.0,GLOVIS COMPOSER,IMO9293583,VRBF6,70,0,199,32,9.8,79,A
477999100,2021-08-28T13:05:32,36.37353,-122.30727,13.3,342.0,344.0,GLOVIS COMPOSER,IMO9293583,VRBF6,70,0,199,32,9.8,79,A
477999100,2021-08-28T13:06:34,36.37692,-122.30850,12.7,342.0,344.0,GLOVIS COMPOSER,IMO9293583,VRBF6,70,0,199,32,9.8,79,A
477999100,2021-08-28T13:08:53,36.38457,-122.31152,11.7,342.0,344.0,GLOVIS COMPOSER,IMO9293583,VRBF6,70,0,199,32,9.8,79,A
477999100,2021-08-28T13:10:04,36.38798,-122.31287,10.5,342.0,344.0,GLOVIS COMPOSER,IMO9293583,VRBF6,70,0,199,32,9.8,79,A
431009000,2021-06-03T19:50:49,36.35479,-122.29760,16.6,341.1,339.0,CENTURY HIGHWAY GREE,IMO9875202,7KHZ,70,0,199,37,9.3,70,A
431009000,2021-06-03T19:51:55,36.35968,-122.29958,16.5,341.7,340.0,CENTURY HIGHWAY GREE,IMO9875202,7KHZ,70,0,199,37,9.3,70,A
431009000,2021-06-03T19:53:00,36.36005,-122.29972,16.7,342.9,340.0,CENTURY HIGHWAY GREE,IMO9875202,7KHZ,70,0,199,37,9.3,70,A
431009000,2021-06-03T19:55:00,36.36887,-122.30320,16.4,343.0,340.0,CENTURY HIGHWAY GREE,IMO9875202,7KHZ,70,0,199,37,9.3,70,A
431009000,2021-06-03T19:56:06,36.37810,-122.30673,16.2,344.0,340.0,CENTURY HIGHWAY GREE,IMO9875202,7KHZ,70,0,199,37,9.3,70,A
431009000,2021-06-03T19:57:07,36.38256,-122.30841,16.4,343.1,339.0,CENTURY HIGHWAY GREE,IMO9875202,7KHZ,70,0,199,37,9.3,70,A
431009000,2021-06-03T19:58:13,36.38737,-122.31033,16.2,342.2,339.0,CENTURY HIGHWAY GREE,IMO9875202,7KHZ,70,0,199,37,9.3,70,A
367766000,2021-07-18T10:06:10,36.38753,-122.32320,6.5,171.4,168.0,WESTERN FLYER,IMO8990902,WDD2611,90,0,35,16,3.6,33,A
367766000,2021-07-18T10:07:12,36.38579,-122.32284,5.7,171.8,172.0,WESTERN FLYER,IMO8990902,WDD2611,90,0,35,16,3.6,33,A
367766000,2021-07-18T10:08:13,36.38419,-122.32256,5.7,170.7,169.0,WESTERN FLYER,IMO8990902,WDD2611,90,0,35,16,3.6,33,A
367766000,2021-07-18T10:09:14,36.38269,-122.32227,5.2,173.2,170.0,WESTERN FLYER,IMO8990902,WDD2611,90,0,35,16,3.6,33,A
367766000,2021-07-18T12:25:53,36.38278,-122.29466,5.3,5.9,10.0,WESTERN FLYER,IMO8990902,WDD2611,90,0,35,16,3.6,33,A
367766000,2021-07-18T12:26:55,36.38426,-122.29462,4.9,343.9,340.0,WESTERN FLYER,IMO8990902,WDD2611,90,0,35,16,3.6,33,A
367766000,2021-07-18T12:28:00,36.38542,-122.29569,5.2,320.9,319.0,WESTERN FLYER,IMO8990902,WDD2611,90,0,35,16,3.6,33,A
367766000,2021-07-18T12:29:03,36.38661,-122.29704,5.4,316.6,316.0,WESTERN FLYER,IMO8990902,WDD2611,90,0,35,16,3.6,33,A
367766000,2021-07-18T12:30:05,36.38781,-122.29834,5.6,315.2,316.0,WESTERN FLYER,IMO8990902,WDD2611,90,0,35,16,3.6,33,A
367766000,2021-07-18T10:10:16,36.38112,-122.32198,5.5,171.6,168.0,WESTERN FLYER,IMO8990902,WDD2611,90,0,35,16,3.6,33,A
367766000,2021-07-18T10:11:19,36.37949,-122.32170,5.4,172.0,170.0,WESTERN FLYER,IMO8990902,WDD2611,90,0,35,16,3.6,33,A
367766000,2021-07-18T10:12:20,36.37794,-122.32142,5.5,172.0,169.0,WESTERN FLYER,IMO8990902,WDD2611,90,0,35,16,3.6,33,A
367766000,2021-07-18T10:13:21,36.37633,-122.32114,5.8,170.0,169.0,WESTERN FLYER,IMO8990902,WDD2611,90,0,35,16,3.6,33,A
367766000,2021-07-18T10:14:22,36.37479,-122.32088,5.6,171.5,170.0,WESTERN FLYER,IMO8990902,WDD2611,90,0,35,16,3.6,33,A
367766000,2021-07-18T10:15:24,36.37317,-122.32060,5.3,173.2,171.0,WESTERN FLYER,IMO8990902,WDD2611,90,0,35,16,3.6,33,A
367766000,2021-07-18T10:16:25,36.37167,-122.32034,5.5,170.2,168.0,WESTERN FLYER,IMO8990902,WDD2611,90,0,35,16,3.6,33,A
367766000,2021-07-18T10:17:29,36.37002,-122.32006,5.6,171.5,169.0,WESTERN FLYER,IMO8990902,WDD2611,90,0,35,16,3.6,33,A
367766000,2021-07-18T10:18:31,36.36843,-122.31979,5.7,173.4,169.0,WESTERN FLYER,IMO8990902,WDD2611,90,0,35,16,3.6,33,A
367766000,2021-07-18T10:19:34,36.36688,-122.31954,5.3,172.8,169.0,WESTERN FLYER,IMO8990902,WDD2611,90,0,35,16,3.6,33,A
367766000,2021-07-18T10:20:39,36.36521,-122.31924,5.3,171.7,171.0,WESTERN FLYER,IMO8990902,WDD2611,90,0,35,16,3.6,33,A
367766000,2021-07-18T10:21:41,36.36363,-122.31894,5.3,171.7,169.0,WESTERN FLYER,IMO8990902,WDD2611,90,0,35,16,3.6,33,A
367766000,2021-07-18T10:22:42,36.36207,-122.31868,5.8,173.1,168.0,WESTERN FLYER,IMO8990902,WDD2611,90,0,35,16,3.6,33,A
367766000,2021-07-18T10:23:44,36.36052,-122.31838,5.5,174.4,172.0,WESTERN FLYER,IMO8990902,WDD2611,90,0,35,16,3.6,33,A
367766000,2021-07-18T10:24:45,36.35897,-122.31812,5.4,172.0,170.0,WESTERN FLYER,IMO8990902,WDD2611,90,0,35,16,3.6,33,A
367766000,2021-07-18T10:25:48,36.35738,-122.31783,5.4,170.1,170.0,WESTERN FLYER,IMO8990902,WDD2611,90,0,35,16,3.6,33,A
367766000,2021-07-18T10:26:49,36.35579,-122.31757,5.5,173.8,170.0,WESTERN FLYER,IMO8990902,WDD2611,90,0,35,16,3.6,33,A
367766000,2021-07-18T10:27:50,36.35434,-122.31730,5.3,172.0,169.0,WESTERN FLYER,IMO8990902,WDD2611,90,0,35,16,3.6,33,A
367766000,2021-07-18T12:06:16,36.35426,-122.29696,5.6,353.3,359.0,WESTERN FLYER,IMO8990902,WDD2611,90,0,35,16,3.6,33,A
367766000,2021-07-18T12:07:17,36.35580,-122.29713,5.3,355.1,1.0,WESTERN FLYER,IMO8990902,WDD2611,90,0,35,16,3.6,33,A
367766000,2021-07-18T12:08:18,36.35730,-122.29730,5.4,353.5,359.0,WESTERN FLYER,IMO8990902,WDD2611,90,0,35,16,3.6,33,A
367766000,2021-07-18T12:09:20,36.35883,-122.29745,5.3,355.5,0.0,WESTERN FLYER,IMO8990902,WDD2611,90,0,35,16,3.6,33,A
367766000,2021-07-18T12:10:21,36.36033,-122.29759,5.4,352.4,359.0,WESTERN FLYER,IMO8990902,WDD2611,90,0,35,16,3.6,33,A
367766000,2021-07-18T12:11:22,36.36187,-122.29760,5.2,5.7,12.0,WESTERN FLYER,IMO8990902,WDD2611,90,0,35,16,3.6,33,A
367766000,2021-07-18T12:12:23,36.36330,-122.29743,5.1,4.1,9.0,WESTERN FLYER,IMO8990902,WDD2611,90,0,35,16,3.6,33,A
367766000,2021-07-18T12:13:30,36.36496,-122.29723,5.2,5.2,9.0,WESTERN FLYER,IMO8990902,WDD2611,90,0,35,16,3.6,33,A
367766000,2021-07-18T12:14:33,36.36641,-122.29710,4.9,6.4,11.0,WESTERN FLYER,IMO8990902,WDD2611,90,0,35,16,3.6,33,A
367766000,2021-07-18T12:15:38,36.36791,-122.29688,5.2,8.5,11.0,WESTERN FLYER,IMO8990902,WDD2611,90,0,35,16,3.6,33,A
367766000,2021-07-18T12:16:39,36.36939,-122.29670,5.4,4.2,9.0,WESTERN FLYER,IMO8990902,WDD2611,90,0,35,16,3.6,33,A
367766000,2021-07-18T12:17:41,36.37092,-122.29649,5.3,5.4,9.0,WESTERN FLYER,IMO8990902,WDD2611,90,0,35,16,3.6,33,A
367766000,2021-07-18T12:18:42,36.37240,-122.29627,5.2,8.1,11.0,WESTERN FLYER,IMO8990902,WDD2611,90,0,35,16,3.6,33,A
367766000,2021-07-18T12:19:43,36.37384,-122.29605,4.9,7.2,10.0,WESTERN FLYER,IMO8990902,WDD2611,90,0,35,16,3.6,33,A
367766000,2021-07-18T12:20:45,36.37532,-122.29580,5.1,5.7,9.0,WESTERN FLYER,IMO8990902,WDD2611,90,0,35,16,3.6,33,A
367766000,2021-07-18T12:21:48,36.37685,-122.29556,5.2,5.6,9.0,WESTERN FLYER,IMO8990902,WDD2611,90,0,35,16,3.6,33,A
367766000,2021-07-18T12:22:49,36.37833,-122.29535,5.4,7.8,8.0,WESTERN FLYER,IMO8990902,WDD2611,90,0,35,16,3.6,33,A
367766000,2021-07-18T12:23:51,36.37979,-122.29514,5.0,8.5,12.0,WESTERN FLYER,IMO8990902,WDD2611,90,0,35,16,3.6,33,A
367766000,2021-07-18T12:24:52,36.38130,-122.29488,5.3,5.8,9.0,WESTERN FLYER,IMO8990902,WDD2611,90,0,35,16,3.6,33,A
367766000,2021-07-18T10:28:53,36.35274,-122.31701,5.1,173.8,170.0,WESTERN FLYER,IMO8990902,WDD2611,90,0,35,16,3.6,33,A
367766000,2021-07-18T12:05:11,36.35268,-122.29675,5.0,353.3,0.0,WESTERN FLYER,IMO8990902,WDD2611,90,0,35,16,3.6,33,A
369339000,2021-12-06T17:47:02,36.37412,-122.29567,19.7,300.3,298.0,PRESIDENT KENNEDY,IMO9295218,WPKW,71,0,300,42,12.0,71,A
369339000,2021-12-06T17:53:33,36.38025,-122.33619,18.3,260.6,260.0,PRESIDENT KENNEDY,IMO9295218,WPKW,71,0,300,42,12.0,71,A
369339000,2021-12-06T17:52:27,36.38078,-122.32931,18.4,267.8,266.0,PRESIDENT KENNEDY,IMO9295218,WPKW,71,0,300,42,12.0,71,A
369339000,2021-12-06T17:49:09,36.37855,-122.30844,19.0,288.1,286.0,PRESIDENT KENNEDY,IMO9295218,WPKW,71,0,300,42,12.0,71,A
369339000,2021-12-06T17:48:08,36.37666,-122.30218,19.1,293.1,292.0,PRESIDENT KENNEDY,IMO9295218,WPKW,71,0,300,42,12.0,71,A
369339000,2021-12-06T17:51:21,36.38067,-122.32223,18.6,275.1,273.0,PRESIDENT KENNEDY,IMO9295218,WPKW,71,0,300,42,12.0,71,A
369339000,2021-12-06T17:50:15,36.37994,-122.31535,18.7,280.8,279.0,PRESIDENT KENNEDY,IMO9295218,WPKW,71,0,300,42,12.0,71,A
538071405,2021-07-24T02:49:31,36.35446,-122.33645,10.1,164.5,161.0,JUST B,IMO8933978,V7A2416,37,0,59,11,3.7,37,A
538006773,2021-10-21T22:35:56,36.35404,-122.32295,12.2,338.5,340.0,PACIFIC TREASURES,IMO9732242,V7FM9,80,0,255,,,80,A
538006773,2021-10-21T22:37:04,36.35763,-122.32462,12.4,335.2,339.0,PACIFIC TREASURES,IMO9732242,V7FM9,80,0,255,,,80,A
538006773,2021-10-21T22:38:15,36.36140,-122.32649,12.2,337.2,340.0,PACIFIC TREASURES,IMO9732242,V7FM9,80,0,255,,,80,A
538006773,2021-10-21T22:39:26,36.36525,-122.32842,12.6,337.5,340.0,PACIFIC TREASURES,IMO9732242,V7FM9,80,0,255,,,80,A
538006773,2021-10-21T22:40:35,36.36894,-122.33020,12.3,341.1,340.0,PACIFIC TREASURES,IMO9732242,V7FM9,80,0,255,,,80,A
538006773,2021-10-21T22:41:45,36.37278,-122.33203,12.5,334.7,340.0,PACIFIC TREASURES,IMO9732242,V7FM9,80,0,255,,,80,A
538006773,2021-10-21T22:42:55,36.37656,-122.33382,12.7,335.7,341.0,PACIFIC TREASURES,IMO9732242,V7FM9,80,0,255,,,80,A
538006773,2021-10-21T22:44:05,36.38032,-122.33552,12.4,339.3,341.0,PACIFIC TREASURES,IMO9732242,V7FM9,80,0,255,,,80,A
538006773,2021-10-21T22:45:06,36.38365,-122.33694,12.3,346.3,341.0,PACIFIC TREASURES,IMO9732242,V7FM9,80,0,255,,,80,A
209520000,2021-12-10T04:46:06,36.35583,-122.33543,10.4,154.1,153.0,CITY OF ALEXANDRIA,IMO9317925,5BEF5,71,0,294,32,12.0,71,A
209520000,2021-12-10T04:47:07,36.35318,-122.33395,10.6,157.4,155.0,CITY OF ALEXANDRIA,IMO9317925,5BEF5,71,0,294,32,12.0,71,A
319524000,2021-12-19T05:00:02,36.36900,-122.30033,10.6,159.0,156.0,DYTAN,IMO9560792,ZCYG3,37,5,73,12,3.7,37,A
319524000,2021-12-19T05:01:11,36.36583,-122.29867,10.6,157.0,155.0,DYTAN,IMO9560792,ZCYG3,37,5,73,12,3.7,37,A
319524000,2021-12-19T05:02:22,36.36250,-122.29700,10.9,157.0,156.0,DYTAN,IMO9560792,ZCYG3,37,5,73,12,3.7,37,A
319524000,2021-12-19T05:03:32,36.35917,-122.29533,10.7,158.0,156.0,DYTAN,IMO9560792,ZCYG3,37,5,73,12,3.7,37,A
319524000,2021-12-19T05:04:41,36.35600,-122.29367,10.9,157.0,156.0,DYTAN,IMO9560792,ZCYG3,37,5,73,12,3.7,37,A
319524000,2021-12-19T04:59:23,36.37083,-122.30117,10.6,158.0,154.0,DYTAN,IMO9560792,ZCYG3,37,5,73,12,3.7,37,A
319524000,2021-12-19T04:58:12,36.37400,-122.30267,10.9,160.0,157.0,DYTAN,IMO9560792,ZCYG3,37,5,73,12,3.7,37,A
319524000,2021-12-19T04:53:31,36.38683,-122.30833,10.2,160.0,155.0,DYTAN,IMO9560792,ZCYG3,37,5,73,12,3.7,37,A
319524000,2021-12-19T04:54:42,36.38350,-122.30700,10.5,159.0,156.0,DYTAN,IMO9560792,ZCYG3,37,5,73,12,3.7,37,A
319524000,2021-12-19T04:55:51,36.38050,-122.30567,10.6,161.0,156.0,DYTAN,IMO9560792,ZCYG3,37,5,73,12,3.7,37,A
319524000,2021-12-19T04:57:02,36.37717,-122.30417,11.3,158.0,157.0,DYTAN,IMO9560792,ZCYG3,37,5,73,12,3.7,37,A
416497000,2021-07-01T13:43:57,36.35616,-122.29270,6.5,341.8,335.0,EVER LUNAR,IMO9629093,BKKF,70,0,334,45,14.2,74,A
416497000,2021-07-01T13:45:07,36.35810,-122.29368,6.5,334.1,334.0,EVER LUNAR,IMO9629093,BKKF,70,0,334,45,14.2,74,A
416497000,2021-07-01T13:46:16,36.36008,-122.29465,6.6,343.2,334.0,EVER LUNAR,IMO9629093,BKKF,70,0,334,45,14.2,74,A
416497000,2021-07-01T13:47:26,36.36201,-122.29566,6.6,331.6,334.0,EVER LUNAR,IMO9629093,BKKF,70,0,334,45,14.2,74,A
416497000,2021-07-01T13:48:36,36.36399,-122.29671,6.5,339.2,334.0,EVER LUNAR,IMO9629093,BKKF,70,0,334,45,14.2,74,A
416497000,2021-07-01T13:49:47,36.36592,-122.29778,6.6,335.6,334.0,EVER LUNAR,IMO9629093,BKKF,70,0,334,45,14.2,74,A
416497000,2021-07-01T13:50:55,36.36783,-122.29879,6.4,334.4,334.0,EVER LUNAR,IMO9629093,BKKF,70,0,334,45,14.2,74,A
416497000,2021-07-01T13:52:06,36.36979,-122.29983,6.5,338.1,334.0,EVER LUNAR,IMO9629093,BKKF,70,0,334,45,14.2,74,A
416497000,2021-07-01T13:53:15,36.37167,-122.30083,6.5,334.3,335.0,EVER LUNAR,IMO9629093,BKKF,70,0,334,45,14.2,74,A
416497000,2021-07-01T13:54:25,36.37363,-122.30182,6.4,337.3,335.0,EVER LUNAR,IMO9629093,BKKF,70,0,334,45,14.2,74,A
416497000,2021-07-01T13:55:37,36.37560,-122.30283,6.5,337.3,334.0,EVER LUNAR,IMO9629093,BKKF,70,0,334,45,14.2,74,A
416497000,2021-07-01T13:56:46,36.37753,-122.30385,6.5,336.2,335.0,EVER LUNAR,IMO9629093,BKKF,70,0,334,45,14.2,74,A
416497000,2021-07-01T13:57:56,36.37946,-122.30485,6.5,338.2,337.0,EVER LUNAR,IMO9629093,BKKF,70,0,334,45,14.2,74,A
416497000,2021-07-01T13:59:06,36.38146,-122.30577,6.5,341.3,336.0,EVER LUNAR,IMO9629093,BKKF,70,0,334,45,14.2,74,A
416497000,2021-07-01T14:00:06,36.38316,-122.30659,6.5,340.7,336.0,EVER LUNAR,IMO9629093,BKKF,70,0,334,45,14.2,74,A
416497000,2021-07-01T14:01:16,36.38512,-122.30755,6.5,337.8,336.0,EVER LUNAR,IMO9629093,BKKF,70,0,334,45,14.2,74,A
416497000,2021-07-01T14:02:26,36.38711,-122.30854,6.5,334.7,336.0,EVER LUNAR,IMO9629093,BKKF,70,0,334,45,14.2,74,A
416497000,2021-07-02T18:41:06,36.38807,-122.32047,1.7,162.4,240.0,EVER LUNAR,IMO9629093,BKKF,70,0,334,45,14.2,74,A
416497000,2021-07-02T18:42:17,36.38761,-122.32028,1.4,168.1,239.0,EVER LUNAR,IMO9629093,BKKF,70,0,334,45,14.2,74,A
416497000,2021-07-02T18:43:27,36.38715,-122.32011,1.1,170.3,238.0,EVER LUNAR,IMO9629093,BKKF,70,0,334,45,14.2,74,A
416497000,2021-07-02T18:44:36,36.38671,-122.31997,1.0,182.3,238.0,EVER LUNAR,IMO9629093,BKKF,70,0,334,45,14.2,74,A
416497000,2021-07-02T18:45:46,36.38626,-122.31981,1.3,170.7,238.0,EVER LUNAR,IMO9629093,BKKF,70,0,334,45,14.2,74,A
416497000,2021-07-02T18:46:56,36.38579,-122.31964,1.3,168.5,237.0,EVER LUNAR,IMO9629093,BKKF,70,0,334,45,14.2,74,A
416497000,2021-07-02T18:48:06,36.38536,-122.31949,1.6,165.3,237.0,EVER LUNAR,IMO9629093,BKKF,70,0,334,45,14.2,74,A
416497000,2021-07-02T18:49:15,36.38491,-122.31933,1.5,170.4,238.0,EVER LUNAR,IMO9629093,BKKF,70,0,334,45,14.2,74,A
416497000,2021-07-02T18:50:16,36.38450,-122.31918,1.8,161.3,238.0,EVER LUNAR,IMO9629093,BKKF,70,0,334,45,14.2,74,A
416497000,2021-07-02T18:51:17,36.38410,-122.31904,2.3,156.9,238.0,EVER LUNAR,IMO9629093,BKKF,70,0,334,45,14.2,74,A
416497000,2021-07-02T18:52:26,36.38366,-122.31888,1.0,163.8,238.0,EVER LUNAR,IMO9629093,BKKF,70,0,334,45,14.2,74,A
416497000,2021-07-02T21:35:46,36.37166,-122.31896,5.6,350.3,342.0,EVER LUNAR,IMO9629093,BKKF,70,0,334,45,14.2,74,A
416497000,2021-07-02T21:36:55,36.37341,-122.31945,5.6,343.6,342.0,EVER LUNAR,IMO9629093,BKKF,70,0,334,45,14.2,74,A
416497000,2021-07-02T21:37:56,36.37496,-122.31990,5.6,346.0,343.0,EVER LUNAR,IMO9629093,BKKF,70,0,334,45,14.2,74,A
416497000,2021-07-02T21:39:05,36.37672,-122.32042,5.6,343.9,343.0,EVER LUNAR,IMO9629093,BKKF,70,0,334,45,14.2,74,A
416497000,2021-07-02T21:40:16,36.37852,-122.32096,5.7,347.9,343.0,EVER LUNAR,IMO9629093,BKKF,70,0,334,45,14.2,74,A
416497000,2021-07-02T21:41:26,36.38035,-122.32151,5.7,345.4,342.0,EVER LUNAR,IMO9629093,BKKF,70,0,334,45,14.2,74,A
416497000,2021-07-02T21:42:37,36.38216,-122.32212,5.8,344.4,343.0,EVER LUNAR,IMO9629093,BKKF,70,0,334,45,14.2,74,A
416497000,2021-07-02T21:43:46,36.38396,-122.32269,5.8,344.4,343.0,EVER LUNAR,IMO9629093,BKKF,70,0,334,45,14.2,74,A
416497000,2021-07-02T21:44:56,36.38580,-122.32327,5.9,348.1,342.0,EVER LUNAR,IMO9629093,BKKF,70,0,334,45,14.2,74,A
416497000,2021-07-02T21:46:06,36.38764,-122.32390,5.9,343.0,343.0,EVER LUNAR,IMO9629093,BKKF,70,0,334,45,14.2,74,A
416497000,2021-07-02T19:36:46,36.36613,-122.31041,1.9,154.8,234.0,EVER LUNAR,IMO9629093,BKKF,70,0,334,45,14.2,74,A
416497000,2021-07-02T19:37:56,36.36572,-122.31018,0.8,174.8,233.0,EVER LUNAR,IMO9629093,BKKF,70,0,334,45,14.2,74,A
416497000,2021-07-02T19:39:05,36.36521,-122.30993,2.2,156.3,233.0,EVER LUNAR,IMO9629093,BKKF,70,0,334,45,14.2,74,A
416497000,2021-07-02T19:40:16,36.36476,-122.30971,1.2,153.4,232.0,EVER LUNAR,IMO9629093,BKKF,70,0,334,45,14.2,74,A
416497000,2021-07-02T19:41:26,36.36436,-122.30951,1.5,154.4,232.0,EVER LUNAR,IMO9629093,BKKF,70,0,334,45,14.2,74,A
416497000,2021-07-02T19:42:36,36.36391,-122.30929,1.6,156.3,232.0,EVER LUNAR,IMO9629093,BKKF,70,0,334,45,14.2,74,A
416497000,2021-07-02T19:43:46,36.36345,-122.30905,1.5,152.7,233.0,EVER LUNAR,IMO9629093,BKKF,70,0,334,45,14.2,74,A
416497000,2021-07-02T18:53:37,36.38319,-122.31870,1.7,160.9,237.0,EVER LUNAR,IMO9629093,BKKF,70,0,334,45,14.2,74,A
416497000,2021-07-02T18:54:46,36.38276,-122.31853,1.2,162.8,237.0,EVER LUNAR,IMO9629093,BKKF,70,0,334,45,14.2,74,A
416497000,2021-07-02T18:55:55,36.38229,-122.31833,2.8,158.0,237.0,EVER LUNAR,IMO9629093,BKKF,70,0,334,45,14.2,74,A
416497000,2021-07-02T18:57:06,36.38183,-122.31813,2.0,154.3,237.0,EVER LUNAR,IMO9629093,BKKF,70,0,334,45,14.2,74,A
416497000,2021-07-02T18:58:16,36.38137,-122.31792,1.6,159.0,236.0,EVER LUNAR,IMO9629093,BKKF,70,0,334,45,14.2,74,A
416497000,2021-07-02T18:59:26,36.38092,-122.31774,1.6,165.5,237.0,EVER LUNAR,IMO9629093,BKKF,70,0,334,45,14.2,74,A
416497000,2021-07-02T19:00:06,36.38061,-122.31760,1.1,171.6,237.0,EVER LUNAR,IMO9629093,BKKF,70,0,334,45,14.2,74,A
416497000,2021-07-02T19:01:16,36.38012,-122.31738,2.0,156.2,237.0,EVER LUNAR,IMO9629093,BKKF,70,0,334,45,14.2,74,A
416497000,2021-07-02T19:02:25,36.37973,-122.31718,1.4,155.8,236.0,EVER LUNAR,IMO9629093,BKKF,70,0,334,45,14.2,74,A
416497000,2021-07-02T19:03:36,36.37922,-122.31694,2.0,156.9,236.0,EVER LUNAR,IMO9629093,BKKF,70,0,334,45,14.2,74,A
416497000,2021-07-02T19:04:46,36.37875,-122.31674,1.5,162.5,236.0,EVER LUNAR,IMO9629093,BKKF,70,0,334,45,14.2,74,A
416497000,2021-07-02T19:05:57,36.37828,-122.31653,1.7,158.6,236.0,EVER LUNAR,IMO9629093,BKKF,70,0,334,45,14.2,74,A
416497000,2021-07-02T19:07:07,36.37780,-122.31632,1.2,167.5,236.0,EVER LUNAR,IMO9629093,BKKF,70,0,334,45,14.2,74,A
416497000,2021-07-02T19:08:15,36.37734,-122.31611,1.7,158.1,235.0,EVER LUNAR,IMO9629093,BKKF,70,0,334,45,14.2,74,A
416497000,2021-07-02T19:09:27,36.37686,-122.31588,1.9,157.6,234.0,EVER LUNAR,IMO9629093,BKKF,70,0,334,45,14.2,74,A
416497000,2021-07-02T19:10:36,36.37640,-122.31569,1.7,162.9,234.0,EVER LUNAR,IMO9629093,BKKF,70,0,334,45,14.2,74,A
416497000,2021-07-02T19:11:37,36.37597,-122.31551,2.1,159.0,234.0,EVER LUNAR,IMO9629093,BKKF,70,0,334,45,14.2,74,A
416497000,2021-07-02T19:12:46,36.37550,-122.31531,1.0,175.9,235.0,EVER LUNAR,IMO9629093,BKKF,70,0,334,45,14.2,74,A
416497000,2021-07-02T19:13:47,36.37509,-122.31513,0.8,180.2,235.0,EVER LUNAR,IMO9629093,BKKF,70,0,334,45,14.2,74,A
416497000,2021-07-02T19:14:55,36.37461,-122.31490,2.3,152.6,235.0,EVER LUNAR,IMO9629093,BKKF,70,0,334,45,14.2,74,A
416497000,2021-07-02T19:16:06,36.37418,-122.31468,1.0,170.6,235.0,EVER LUNAR,IMO9629093,BKKF,70,0,334,45,14.2,74,A
416497000,2021-07-02T19:17:15,36.37370,-122.31445,2.3,157.7,236.0,EVER LUNAR,IMO9629093,BKKF,70,0,334,45,14.2,74,A
416497000,2021-07-02T19:18:25,36.37325,-122.31424,1.4,157.8,236.0,EVER LUNAR,IMO9629093,BKKF,70,0,334,45,14.2,74,A
416497000,2021-07-02T21:23:15,36.35308,-122.31422,5.4,352.6,343.0,EVER LUNAR,IMO9629093,BKKF,70,0,334,45,14.2,74,A
416497000,2021-07-02T21:24:25,36.35481,-122.31468,5.4,348.0,343.0,EVER LUNAR,IMO9629093,BKKF,70,0,334,45,14.2,74,A
416497000,2021-07-02T21:25:26,36.35629,-122.31505,5.4,352.0,343.0,EVER LUNAR,IMO9629093,BKKF,70,0,334,45,14.2,74,A
416497000,2021-07-02T21:26:35,36.35797,-122.31548,5.3,344.8,343.0,EVER LUNAR,IMO9629093,BKKF,70,0,334,45,14.2,74,A
416497000,2021-07-02T21:27:36,36.35943,-122.31584,5.3,344.2,343.0,EVER LUNAR,IMO9629093,BKKF,70,0,334,45,14.2,74,A
416497000,2021-07-02T21:28:46,36.36118,-122.31628,5.4,350.4,343.0,EVER LUNAR,IMO9629093,BKKF,70,0,334,45,14.2,74,A
416497000,2021-07-02T21:29:56,36.36289,-122.31675,5.4,348.0,343.0,EVER LUNAR,IMO9629093,BKKF,70,0,334,45,14.2,74,A
416497000,2021-07-02T21:31:06,36.36466,-122.31718,5.5,350.5,343.0,EVER LUNAR,IMO9629093,BKKF,70,0,334,45,14.2,74,A
416497000,2021-07-02T21:32:17,36.36641,-122.31766,5.6,343.9,343.0,EVER LUNAR,IMO9629093,BKKF,70,0,334,45,14.2,74,A
416497000,2021-07-02T21:33:27,36.36819,-122.31808,5.6,355.1,344.0,EVER LUNAR,IMO9629093,BKKF,70,0,334,45,14.2,74,A
416497000,2021-07-02T21:34:37,36.36992,-122.31848,5.4,345.1,342.0,EVER LUNAR,IMO9629093,BKKF,70,0,334,45,14.2,74,A
416497000,2021-07-02T19:44:57,36.36298,-122.30880,1.8,156.8,235.0,EVER LUNAR,IMO9629093,BKKF,70,0,334,45,14.2,74,A
416497000,2021-07-02T19:46:07,36.36254,-122.30859,1.6,164.6,236.0,EVER LUNAR,IMO9629093,BKKF,70,0,334,45,14.2,74,A
416497000,2021-07-02T19:47:16,36.36210,-122.30836,1.4,154.5,236.0,EVER LUNAR,IMO9629093,BKKF,70,0,334,45,14.2,74,A
416497000,2021-07-02T19:48:27,36.36167,-122.30815,1.0,160.0,237.0,EVER LUNAR,IMO9629093,BKKF,70,0,334,45,14.2,74,A
416497000,2021-07-02T19:49:36,36.36122,-122.30792,1.4,153.6,236.0,EVER LUNAR,IMO9629093,BKKF,70,0,334,45,14.2,74,A
416497000,2021-07-02T19:50:45,36.36077,-122.30773,1.6,153.7,236.0,EVER LUNAR,IMO9629093,BKKF,70,0,334,45,14.2,74,A
416497000,2021-07-02T19:51:57,36.36029,-122.30750,1.2,159.5,238.0,EVER LUNAR,IMO9629093,BKKF,70,0,334,45,14.2,74,A
416497000,2021-07-02T19:53:06,36.35982,-122.30729,2.0,157.9,238.0,EVER LUNAR,IMO9629093,BKKF,70,0,334,45,14.2,74,A
416497000,2021-07-02T19:54:16,36.35937,-122.30709,1.9,157.4,239.0,EVER LUNAR,IMO9629093,BKKF,70,0,334,45,14.2,74,A
416497000,2021-07-02T19:55:25,36.35891,-122.30688,1.8,158.4,240.0,EVER LUNAR,IMO9629093,BKKF,70,0,334,45,14.2,74,A
416497000,2021-07-02T19:56:37,36.35844,-122.30667,1.6,158.1,240.0,EVER LUNAR,IMO9629093,BKKF,70,0,334,45,14.2,74,A
416497000,2021-07-02T19:57:45,36.35798,-122.30647,1.2,154.5,239.0,EVER LUNAR,IMO9629093,BKKF,70,0,334,45,14.2,74,A
416497000,2021-07-02T19:58:55,36.35747,-122.30624,1.9,160.7,238.0,EVER LUNAR,IMO9629093,BKKF,70,0,334,45,14.2,74,A
416497000,2021-07-02T19:59:56,36.35703,-122.30606,2.1,160.1,238.0,EVER LUNAR,IMO9629093,BKKF,70,0,334,45,14.2,74,A
416497000,2021-07-02T20:00:06,36.35696,-122.30603,2.1,159.5,238.0,EVER LUNAR,IMO9629093,BKKF,70,0,334,45,14.2,74,A
416497000,2021-07-02T20:01:15,36.35646,-122.30581,2.0,162.2,237.0,EVER LUNAR,IMO9629093,BKKF,70,0,334,45,14.2,74,A
416497000,2021-07-02T20:02:25,36.35595,-122.30560,1.1,170.8,238.0,EVER LUNAR,IMO9629093,BKKF,70,0,334,45,14.2,74,A
416497000,2021-07-02T20:03:26,36.35550,-122.30540,1.7,158.4,237.0,EVER LUNAR,IMO9629093,BKKF,70,0,334,45,14.2,74,A
416497000,2021-07-02T20:04:27,36.35504,-122.30519,1.5,163.8,237.0,EVER LUNAR,IMO9629093,BKKF,70,0,334,45,14.2,74,A
416497000,2021-07-02T20:05:36,36.35451,-122.30496,1.4,162.3,237.0,EVER LUNAR,IMO9629093,BKKF,70,0,334,45,14.2,74,A
416497000,2021-07-02T20:06:47,36.35397,-122.30472,1.7,160.4,237.0,EVER LUNAR,IMO9629093,BKKF,70,0,334,45,14.2,74,A
416497000,2021-07-02T20:07:56,36.35348,-122.30449,1.6,158.1,236.0,EVER LUNAR,IMO9629093,BKKF,70,0,334,45,14.2,74,A
416497000,2021-07-02T20:09:07,36.35296,-122.30425,2.2,154.6,236.0,EVER LUNAR,IMO9629093,BKKF,70,0,334,45,14.2,74,A
416497000,2021-07-02T20:10:15,36.35248,-122.30403,1.6,161.4,236.0,EVER LUNAR,IMO9629093,BKKF,70,0,334,45,14.2,74,A
416497000,2021-07-02T19:19:36,36.37277,-122.31401,1.7,155.7,236.0,EVER LUNAR,IMO9629093,BKKF,70,0,334,45,14.2,74,A
416497000,2021-07-02T19:20:45,36.37234,-122.31379,1.6,155.4,236.0,EVER LUNAR,IMO9629093,BKKF,70,0,334,45,14.2,74,A
416497000,2021-07-02T19:21:46,36.37196,-122.31359,1.7,159.7,236.0,EVER LUNAR,IMO9629093,BKKF,70,0,334,45,14.2,74,A
416497000,2021-07-02T19:22:56,36.37153,-122.31335,1.9,158.5,236.0,EVER LUNAR,IMO9629093,BKKF,70,0,334,45,14.2,74,A
416497000,2021-07-02T19:23:57,36.37110,-122.31313,1.5,158.1,236.0,EVER LUNAR,IMO9629093,BKKF,70,0,334,45,14.2,74,A
416497000,2021-07-02T19:25:06,36.37063,-122.31289,1.8,160.0,236.0,EVER LUNAR,IMO9629093,BKKF,70,0,334,45,14.2,74,A
416497000,2021-07-02T19:26:16,36.37018,-122.31266,1.8,155.8,235.0,EVER LUNAR,IMO9629093,BKKF,70,0,334,45,14.2,74,A
416497000,2021-07-02T19:27:27,36.36975,-122.31241,1.7,154.7,234.0,EVER LUNAR,IMO9629093,BKKF,70,0,334,45,14.2,74,A
416497000,2021-07-02T19:28:37,36.36930,-122.31216,1.8,163.6,234.0,EVER LUNAR,IMO9629093,BKKF,70,0,334,45,14.2,74,A
416497000,2021-07-02T19:29:46,36.36890,-122.31192,1.7,156.4,234.0,EVER LUNAR,IMO9629093,BKKF,70,0,334,45,14.2,74,A
416497000,2021-07-02T19:30:55,36.36847,-122.31167,1.9,154.1,234.0,EVER LUNAR,IMO9629093,BKKF,70,0,334,45,14.2,74,A
416497000,2021-07-02T19:32:06,36.36801,-122.31142,1.5,159.7,234.0,EVER LUNAR,IMO9629093,BKKF,70,0,334,45,14.2,74,A
416497000,2021-07-02T19:33:17,36.36752,-122.31117,1.5,155.5,234.0,EVER LUNAR,IMO9629093,BKKF,70,0,334,45,14.2,74,A
416497000,2021-07-02T19:34:26,36.36706,-122.31092,2.0,160.8,234.0,EVER LUNAR,IMO9629093,BKKF,70,0,334,45,14.2,74,A
416497000,2021-07-02T19:35:35,36.36660,-122.31066,1.8,155.2,234.0,EVER LUNAR,IMO9629093,BKKF,70,0,334,45,14.2,74,A
338796000,2021-10-07T15:51:21,36.35256,-122.33483,17.5,159.3,159.0,MATSONIA,IMO9814612,KIAB,70,0,265,35,10.7,70,A
431009000,2021-12-16T21:32:06,36.35571,-122.30035,12.5,344.9,345.0,CENTURY HIGHWAY GREE,IMO9875202,7KHZ,70,0,199,37,8.2,70,A
431009000,2021-12-16T21:33:11,36.35944,-122.30179,12.9,343.0,343.0,CENTURY HIGHWAY GREE,IMO9875202,7KHZ,70,0,199,37,8.2,70,A
431009000,2021-12-16T21:36:29,36.37152,-122.30701,14.1,342.8,344.0,CENTURY HIGHWAY GREE,IMO9875202,7KHZ,70,0,199,37,8.2,70,A
431009000,2021-12-16T21:37:35,36.37550,-122.30866,13.8,341.4,342.0,CENTURY HIGHWAY GREE,IMO9875202,7KHZ,70,0,199,37,8.2,70,A
431009000,2021-12-16T21:34:22,36.36361,-122.30365,13.7,339.7,342.0,CENTURY HIGHWAY GREE,IMO9875202,7KHZ,70,0,199,37,8.2,70,A
431009000,2021-12-16T21:35:24,36.36736,-122.30532,14.2,340.7,343.0,CENTURY HIGHWAY GREE,IMO9875202,7KHZ,70,0,199,37,8.2,70,A
431009000,2021-12-16T21:40:53,36.38717,-122.31389,13.6,340.7,343.0,CENTURY HIGHWAY GREE,IMO9875202,7KHZ,70,0,199,37,8.2,70,A
431009000,2021-12-16T21:38:41,36.37953,-122.31047,14.1,340.2,341.0,CENTURY HIGHWAY GREE,IMO9875202,7KHZ,70,0,199,37,8.2,70,A
431009000,2021-12-16T21:39:48,36.38337,-122.31221,13.0,339.9,342.0,CENTURY HIGHWAY GREE,IMO9875202,7KHZ,70,0,199,37,8.2,70,A
565497000,2021-09-09T08:43:48,36.36487,-122.31614,12.3,343.2,345.0,TORM TROILUS,IMO9726475,9V3574,80,0,183,,,80,A
565497000,2021-09-09T08:40:28,36.35399,-122.31207,12.3,342.9,346.0,TORM TROILUS,IMO9726475,9V3574,80,0,183,,,80,A
565497000,2021-09-09T08:41:38,36.35785,-122.31350,12.3,343.5,346.0,TORM TROILUS,IMO9726475,9V3574,80,0,183,,,80,A
565497000,2021-09-09T08:42:47,36.36156,-122.31487,12.3,343.1,345.0,TORM TROILUS,IMO9726475,9V3574,80,0,183,,,80,A
565497000,2021-09-09T08:44:59,36.36874,-122.31764,12.3,342.6,345.0,TORM TROILUS,IMO9726475,9V3574,80,0,183,,,80,A
565497000,2021-09-09T08:46:08,36.37250,-122.31912,12.3,341.4,346.0,TORM TROILUS,IMO9726475,9V3574,80,0,183,,,80,A
565497000,2021-09-09T08:47:18,36.37627,-122.32053,12.3,343.5,346.0,TORM TROILUS,IMO9726475,9V3574,80,0,183,,,80,A
565497000,2021-09-09T08:48:28,36.38021,-122.32202,12.3,343.2,345.0,TORM TROILUS,IMO9726475,9V3574,80,0,183,,,80,A
565497000,2021-09-09T08:49:38,36.38397,-122.32350,12.4,342.8,345.0,TORM TROILUS,IMO9726475,9V3574,80,0,183,,,80,A
565497000,2021-09-09T08:50:39,36.38723,-122.32482,12.4,341.6,345.0,TORM TROILUS,IMO9726475,9V3574,80,0,183,,,80,A
354544000,2021-09-21T09:43:13,36.35973,-122.33576,12.8,161.7,163.0,SHUN RU,IMO8307571,3FVS6,70,0,182,30,11.0,70,A
354544000,2021-09-21T09:44:22,36.35586,-122.33410,12.9,160.8,163.0,SHUN RU,IMO8307571,3FVS6,70,0,182,30,11.0,70,A
367766000,2021-12-05T21:20:55,36.37829,-122.31085,7.5,20.7,22.0,WESTERN FLYER,IMO8990902,WDD2611,90,0,35,16,3.6,33,A
367766000,2021-12-05T21:17:48,36.37226,-122.31360,7.4,18.3,24.0,WESTERN FLYER,IMO8990902,WDD2611,90,0,35,16,3.6,33,A
367766000,2021-12-05T21:18:51,36.37427,-122.31268,7.5,18.5,24.0,WESTERN FLYER,IMO8990902,WDD2611,90,0,35,16,3.6,33,A
367766000,2021-12-05T21:19:53,36.37634,-122.31173,7.5,20.7,23.0,WESTERN FLYER,IMO8990902,WDD2611,90,0,35,16,3.6,33,A
367766000,2021-12-05T21:21:57,36.38027,-122.30994,7.3,18.3,23.0,WESTERN FLYER,IMO8990902,WDD2611,90,0,35,16,3.6,33,A
367766000,2021-12-03T22:16:40,36.38689,-122.30653,7.9,180.3,176.0,WESTERN FLYER,IMO8990902,WDD2611,90,0,35,16,3.6,33,A
367766000,2021-12-03T22:17:41,36.38475,-122.30647,7.6,179.1,175.0,WESTERN FLYER,IMO8990902,WDD2611,90,0,35,16,3.6,33,A
367766000,2021-12-03T22:18:43,36.38248,-122.30643,7.6,178.6,175.0,WESTERN FLYER,IMO8990902,WDD2611,90,0,35,16,3.6,33,A
367766000,2021-12-05T21:22:59,36.38226,-122.30904,7.0,18.1,21.0,WESTERN FLYER,IMO8990902,WDD2611,90,0,35,16,3.6,33,A
367766000,2021-12-05T21:24:01,36.38419,-122.30813,7.2,19.8,25.0,WESTERN FLYER,IMO8990902,WDD2611,90,0,35,16,3.6,33,A
367766000,2021-12-05T21:25:06,36.38625,-122.30715,7.2,21.3,25.0,WESTERN FLYER,IMO8990902,WDD2611,90,0,35,16,3.6,33,A
367766000,2021-12-05T21:26:07,36.38812,-122.30627,7.1,19.8,25.0,WESTERN FLYER,IMO8990902,WDD2611,90,0,35,16,3.6,33,A
367766000,2021-12-03T22:19:48,36.38023,-122.30636,7.4,178.7,175.0,WESTERN FLYER,IMO8990902,WDD2611,90,0,35,16,3.6,33,A
367766000,2021-12-03T22:20:49,36.37810,-122.30631,7.9,179.3,176.0,WESTERN FLYER,IMO8990902,WDD2611,90,0,35,16,3.6,33,A
367766000,2021-12-03T22:21:50,36.37586,-122.30627,7.5,182.6,178.0,WESTERN FLYER,IMO8990902,WDD2611,90,0,35,16,3.6,33,A
367766000,2021-12-03T22:22:51,36.37373,-122.30621,7.7,178.7,176.0,WESTERN FLYER,IMO8990902,WDD2611,90,0,35,16,3.6,33,A
367766000,2021-12-03T22:23:57,36.37141,-122.30615,7.2,179.8,177.0,WESTERN FLYER,IMO8990902,WDD2611,90,0,35,16,3.6,33,A
367766000,2021-12-03T22:24:58,36.36920,-122.30614,7.5,178.3,178.0,WESTERN FLYER,IMO8990902,WDD2611,90,0,35,16,3.6,33,A
367766000,2021-12-03T22:26:01,36.36696,-122.30615,8.0,179.3,175.0,WESTERN FLYER,IMO8990902,WDD2611,90,0,35,16,3.6,33,A
367766000,2021-12-03T22:27:03,36.36470,-122.30614,8.0,179.7,175.0,WESTERN FLYER,IMO8990902,WDD2611,90,0,35,16,3.6,33,A
367766000,2021-12-03T22:28:04,36.36247,-122.30613,7.7,178.9,177.0,WESTERN FLYER,IMO8990902,WDD2611,90,0,35,16,3.6,33,A
367766000,2021-12-03T22:29:05,36.36030,-122.30611,7.9,177.7,175.0,WESTERN FLYER,IMO8990902,WDD2611,90,0,35,16,3.6,33,A
367766000,2021-12-03T22:30:07,36.35808,-122.30609,7.5,179.6,178.0,WESTERN FLYER,IMO8990902,WDD2611,90,0,35,16,3.6,33,A
367766000,2021-12-03T22:32:00,36.35613,-122.30607,7.4,180.1,178.0,WESTERN FLYER,IMO8990902,WDD2611,90,0,35,16,3.6,33,A
367766000,2021-12-05T21:08:17,36.35413,-122.32189,7.3,21.6,23.0,WESTERN FLYER,IMO8990902,WDD2611,90,0,35,16,3.6,33,A
367766000,2021-12-05T21:09:19,36.35610,-122.32099,7.3,20.4,23.0,WESTERN FLYER,IMO8990902,WDD2611,90,0,35,16,3.6,33,A
367766000,2021-12-05T21:15:44,36.36823,-122.31545,7.2,21.4,25.0,WESTERN FLYER,IMO8990902,WDD2611,90,0,35,16,3.6,33,A
367766000,2021-12-05T21:10:21,36.35811,-122.32009,7.0,21.2,24.0,WESTERN FLYER,IMO8990902,WDD2611,90,0,35,16,3.6,33,A
367766000,2021-12-05T21:16:45,36.37019,-122.31455,7.5,18.6,23.0,WESTERN FLYER,IMO8990902,WDD2611,90,0,35,16,3.6,33,A
367766000,2021-12-05T21:11:31,36.36026,-122.31909,7.3,19.9,24.0,WESTERN FLYER,IMO8990902,WDD2611,90,0,35,16,3.6,33,A
367766000,2021-12-05T21:12:34,36.36225,-122.31817,6.9,22.3,23.0,WESTERN FLYER,IMO8990902,WDD2611,90,0,35,16,3.6,33,A
367766000,2021-12-05T21:13:40,36.36433,-122.31719,7.2,22.1,22.0,WESTERN FLYER,IMO8990902,WDD2611,90,0,35,16,3.6,33,A
367766000,2021-12-05T21:14:43,36.36630,-122.31632,7.4,20.5,24.0,WESTERN FLYER,IMO8990902,WDD2611,90,0,35,16,3.6,33,A
371885000,2021-08-19T21:52:34,36.37153,-122.29728,15.1,336.0,336.0,DURBAN HIGHWAY,IMO9536961,H9CR,70,0,199,32,10.1,70,A
371885000,2021-08-19T21:53:35,36.37560,-122.29927,15.2,338.0,338.0,DURBAN HIGHWAY,IMO9536961,H9CR,70,0,199,32,10.1,70,A
371885000,2021-08-19T21:50:23,36.36302,-122.29292,15.7,337.0,337.0,DURBAN HIGHWAY,IMO9536961,H9CR,70,0,199,32,10.1,70,A
371885000,2021-08-19T21:51:29,36.36738,-122.29503,15.2,338.0,337.0,DURBAN HIGHWAY,IMO9536961,H9CR,70,0,199,32,10.1,70,A
371885000,2021-08-19T21:54:40,36.37998,-122.30140,15.4,337.0,337.0,DURBAN HIGHWAY,IMO9536961,H9CR,70,0,199,32,10.1,70,A
371885000,2021-08-19T21:55:47,36.38427,-122.30357,15.5,338.0,338.0,DURBAN HIGHWAY,IMO9536961,H9CR,70,0,199,32,10.1,70,A
431009000,2021-11-06T23:58:06,36.35415,-122.29873,11.9,340.8,342.0,CENTURY HIGHWAY GREE,IMO9875202,7KHZ,70,0,199,37,8.3,70,A
431009000,2021-11-06T23:59:17,36.35793,-122.30032,12.3,342.5,343.0,CENTURY HIGHWAY GREE,IMO9875202,7KHZ,70,0,199,37,8.3,70,A
431009000,2021-11-07T00:00:06,36.36058,-122.30130,12.0,344.6,344.0,CENTURY HIGHWAY GREE,IMO9875202,7KHZ,70,0,199,37,8.3,70,A
431009000,2021-11-07T00:01:15,36.36430,-122.30266,12.0,342.9,343.0,CENTURY HIGHWAY GREE,IMO9875202,7KHZ,70,0,199,37,8.3,70,A
431009000,2021-11-07T00:02:26,36.36810,-122.30417,12.2,341.6,342.0,CENTURY HIGHWAY GREE,IMO9875202,7KHZ,70,0,199,37,8.3,70,A
431009000,2021-11-07T00:04:06,36.37355,-122.30627,12.4,343.1,343.0,CENTURY HIGHWAY GREE,IMO9875202,7KHZ,70,0,199,37,8.3,70,A
431009000,2021-11-07T00:05:15,36.37735,-122.30776,12.3,342.2,342.0,CENTURY HIGHWAY GREE,IMO9875202,7KHZ,70,0,199,37,8.3,70,A
431009000,2021-11-07T00:06:27,36.38121,-122.30938,12.5,339.7,341.0,CENTURY HIGHWAY GREE,IMO9875202,7KHZ,70,0,199,37,8.3,70,A
431009000,2021-11-07T00:07:36,36.38500,-122.31111,12.4,338.6,341.0,CENTURY HIGHWAY GREE,IMO9875202,7KHZ,70,0,199,37,8.3,70,A
538005805,2021-06-18T06:49:32,36.37429,-122.29386,9.7,336.1,335.0,MARLIN AMMOLITE,IMO9697246,V7HE2,80,0,183,,,80,A
538005805,2021-06-18T06:50:33,36.37683,-122.29527,10.0,336.3,335.0,MARLIN AMMOLITE,IMO9697246,V7HE2,80,0,183,,,80,A
538005805,2021-06-18T12:32:53,36.37768,-122.29574,10.2,336.3,336.0,MARLIN AMMOLITE,IMO9697246,V7HE2,80,0,183,,,80,A
367766000,2021-07-01T01:58:27,36.38668,-122.30940,6.4,195.5,199.0,WESTERN FLYER,IMO8990902,WDD2611,90,0,35,16,3.6,33,A
367766000,2021-07-01T01:59:28,36.38495,-122.31006,6.2,199.4,199.0,WESTERN FLYER,IMO8990902,WDD2611,90,0,35,16,3.6,33,A
367766000,2021-07-01T01:59:59,36.38410,-122.31037,6.4,194.9,198.0,WESTERN FLYER,IMO8990902,WDD2611,90,0,35,16,3.6,33,A
367766000,2021-07-01T02:01:01,36.38235,-122.31104,6.5,194.7,197.0,WESTERN FLYER,IMO8990902,WDD2611,90,0,35,16,3.6,33,A
367766000,2021-07-01T02:02:02,36.38064,-122.31168,6.1,196.8,198.0,WESTERN FLYER,IMO8990902,WDD2611,90,0,35,16,3.6,33,A
367766000,2021-07-01T02:03:03,36.37894,-122.31232,6.3,197.1,198.0,WESTERN FLYER,IMO8990902,WDD2611,90,0,35,16,3.6,33,A
367766000,2021-07-01T02:04:06,36.37711,-122.31300,6.6,195.4,197.0,WESTERN FLYER,IMO8990902,WDD2611,90,0,35,16,3.6,33,A
367766000,2021-07-01T02:05:07,36.37544,-122.31365,6.2,199.6,200.0,WESTERN FLYER,IMO8990902,WDD2611,90,0,35,16,3.6,33,A
367766000,2021-07-01T02:06:08,36.37367,-122.31431,6.3,196.1,199.0,WESTERN FLYER,IMO8990902,WDD2611,90,0,35,16,3.6,33,A
367766000,2021-07-01T02:07:10,36.37197,-122.31496,6.2,196.3,198.0,WESTERN FLYER,IMO8990902,WDD2611,90,0,35,16,3.6,33,A
367766000,2021-07-01T02:08:12,36.37026,-122.31561,6.0,195.9,199.0,WESTERN FLYER,IMO8990902,WDD2611,90,0,35,16,3.6,33,A
367766000,2021-07-01T02:09:13,36.36859,-122.31624,6.3,196.5,199.0,WESTERN FLYER,IMO8990902,WDD2611,90,0,35,16,3.6,33,A
367766000,2021-07-01T02:10:14,36.36685,-122.31693,6.2,196.6,199.0,WESTERN FLYER,IMO8990902,WDD2611,90,0,35,16,3.6,33,A
367766000,2021-07-01T02:11:18,36.36508,-122.31760,6.4,196.8,198.0,WESTERN FLYER,IMO8990902,WDD2611,90,0,35,16,3.6,33,A
367766000,2021-07-01T02:12:19,36.36344,-122.31825,6.1,197.2,197.0,WESTERN FLYER,IMO8990902,WDD2611,90,0,35,16,3.6,33,A
367766000,2021-07-01T02:13:21,36.36176,-122.31892,6.2,199.0,198.0,WESTERN FLYER,IMO8990902,WDD2611,90,0,35,16,3.6,33,A
367766000,2021-07-01T02:14:23,36.36002,-122.31960,6.4,198.5,199.0,WESTERN FLYER,IMO8990902,WDD2611,90,0,35,16,3.6,33,A
367766000,2021-07-01T02:15:24,36.35829,-122.32031,6.3,201.0,199.0,WESTERN FLYER,IMO8990902,WDD2611,90,0,35,16,3.6,33,A
367766000,2021-07-01T02:16:27,36.35655,-122.32101,6.3,199.2,198.0,WESTERN FLYER,IMO8990902,WDD2611,90,0,35,16,3.6,33,A
367766000,2021-07-01T02:17:33,36.35475,-122.32173,6.1,199.3,200.0,WESTERN FLYER,IMO8990902,WDD2611,90,0,35,16,3.6,33,A
367766000,2021-07-01T02:18:34,36.35313,-122.32241,6.2,199.6,199.0,WESTERN FLYER,IMO8990902,WDD2611,90,0,35,16,3.6,33,A
367766000,2021-07-02T08:56:07,36.35317,-122.31953,7.4,23.2,23.0,WESTERN FLYER,IMO8990902,WDD2611,90,0,35,16,3.6,33,A
367766000,2021-07-02T09:05:13,36.37024,-122.30972,7.4,24.7,23.0,WESTERN FLYER,IMO8990902,WDD2611,90,0,35,16,3.6,33,A
367766000,2021-07-02T08:57:08,36.35513,-122.31846,7.3,24.3,24.0,WESTERN FLYER,IMO8990902,WDD2611,90,0,35,16,3.6,33,A
367766000,2021-07-02T08:58:09,36.35709,-122.31735,7.2,25.3,23.0,WESTERN FLYER,IMO8990902,WDD2611,90,0,35,16,3.6,33,A
367766000,2021-07-02T08:59:14,36.35909,-122.31621,7.4,26.0,24.0,WESTERN FLYER,IMO8990902,WDD2611,90,0,35,16,3.6,33,A
367766000,2021-07-02T09:00:01,36.36052,-122.31541,7.2,25.3,22.0,WESTERN FLYER,IMO8990902,WDD2611,90,0,35,16,3.6,33,A
367766000,2021-07-02T09:01:03,36.36250,-122.31429,7.4,24.1,22.0,WESTERN FLYER,IMO8990902,WDD2611,90,0,35,16,3.6,33,A
367766000,2021-07-02T09:06:15,36.37217,-122.30859,7.2,25.1,22.0,WESTERN FLYER,IMO8990902,WDD2611,90,0,35,16,3.6,33,A
367766000,2021-07-02T09:07:18,36.37405,-122.30747,7.2,23.4,22.0,WESTERN FLYER,IMO8990902,WDD2611,90,0,35,16,3.6,33,A
367766000,2021-07-02T09:08:20,36.37592,-122.30636,7.0,25.9,24.0,WESTERN FLYER,IMO8990902,WDD2611,90,0,35,16,3.6,33,A
367766000,2021-07-02T09:09:21,36.37780,-122.30527,7.3,24.2,23.0,WESTERN FLYER,IMO8990902,WDD2611,90,0,35,16,3.6,33,A
367766000,2021-07-02T09:10:22,36.37961,-122.30418,7.2,25.5,23.0,WESTERN FLYER,IMO8990902,WDD2611,90,0,35,16,3.6,33,A
367766000,2021-07-02T09:11:24,36.38150,-122.30307,7.2,28.2,24.0,WESTERN FLYER,IMO8990902,WDD2611,90,0,35,16,3.6,33,A
367766000,2021-07-02T09:12:26,36.38337,-122.30198,7.3,24.3,24.0,WESTERN FLYER,IMO8990902,WDD2611,90,0,35,16,3.6,33,A
367766000,2021-07-02T09:13:29,36.38532,-122.30082,7.3,26.4,24.0,WESTERN FLYER,IMO8990902,WDD2611,90,0,35,16,3.6,33,A
367766000,2021-07-02T09:14:31,36.38717,-122.29974,7.5,27.3,23.0,WESTERN FLYER,IMO8990902,WDD2611,90,0,35,16,3.6,33,A
367766000,2021-07-02T09:02:07,36.36446,-122.31315,7.4,26.4,23.0,WESTERN FLYER,IMO8990902,WDD2611,90,0,35,16,3.6,33,A
367766000,2021-07-02T09:03:09,36.36645,-122.31198,7.2,25.2,24.0,WESTERN FLYER,IMO8990902,WDD2611,90,0,35,16,3.6,33,A
367766000,2021-07-02T09:04:11,36.36825,-122.31090,7.2,26.4,26.0,WESTERN FLYER,IMO8990902,WDD2611,90,0,35,16,3.6,33,A
355518000,2021-07-26T10:21:49,36.35431,-122.33692,16.1,159.7,159.0,COSCO TENGFEI,IMO9454723,HPMO,70,0,182,32,9.4,70,A
354212000,2021-07-09T10:05:58,36.35641,-122.29470,13.2,331.0,334.0,NYK METEOR,IMO9337638,3ENA9,70,0,294,32,13.5,70,A
354212000,2021-07-09T10:07:06,36.36008,-122.29716,13.2,332.2,335.0,NYK METEOR,IMO9337638,3ENA9,70,0,294,32,13.5,70,A
354212000,2021-07-09T10:08:08,36.36345,-122.29936,13.2,331.8,335.0,NYK METEOR,IMO9337638,3ENA9,70,0,294,32,13.5,70,A
354212000,2021-07-09T10:09:17,36.36719,-122.30182,12.6,332.0,335.0,NYK METEOR,IMO9337638,3ENA9,70,0,294,32,13.5,70,A
354212000,2021-07-09T10:12:46,36.37850,-122.30922,13.2,333.3,335.0,NYK METEOR,IMO9337638,3ENA9,70,0,294,32,13.5,70,A
354212000,2021-07-09T10:14:57,36.38563,-122.31378,13.2,333.0,336.0,NYK METEOR,IMO9337638,3ENA9,70,0,294,32,13.5,70,A
354212000,2021-07-09T10:13:56,36.38230,-122.31168,13.2,332.3,335.0,NYK METEOR,IMO9337638,3ENA9,70,0,294,32,13.5,70,A
354212000,2021-07-09T10:10:27,36.37102,-122.30433,13.2,332.1,335.0,NYK METEOR,IMO9337638,3ENA9,70,0,294,32,13.5,70,A
354212000,2021-07-09T10:11:36,36.37470,-122.30677,13.2,332.6,335.0,NYK METEOR,IMO9337638,3ENA9,70,0,294,32,13.5,70,A
356688000,2021-10-16T08:37:05,36.36684,-122.33637,9.6,159.2,163.0,DENEB LEADER,IMO9738777,3EKQ,70,0,199,34,10.6,70,A
356688000,2021-10-16T08:38:16,36.36385,-122.33534,9.0,167.5,165.0,DENEB LEADER,IMO9738777,3EKQ,70,0,199,34,10.6,70,A
356688000,2021-10-16T08:39:25,36.36110,-122.33445,8.5,164.3,164.0,DENEB LEADER,IMO9738777,3EKQ,70,0,199,34,10.6,70,A
356688000,2021-10-16T08:40:36,36.35842,-122.33355,8.0,163.0,164.0,DENEB LEADER,IMO9738777,3EKQ,70,0,199,34,10.6,70,A
356688000,2021-10-16T08:41:45,36.35590,-122.33270,8.0,168.8,164.0,DENEB LEADER,IMO9738777,3EKQ,70,0,199,34,10.6,70,A
356688000,2021-10-16T08:42:57,36.35340,-122.33184,7.8,162.3,164.0,DENEB LEADER,IMO9738777,3EKQ,70,0,199,34,10.6,70,A
431009000,2021-09-16T19:31:40,36.35424,-122.31419,15.6,329.5,329.0,CENTURY HIGHWAY GREE,IMO9875202,7KHZ,70,0,199,37,9.4,70,A
431009000,2021-09-16T19:32:45,36.35831,-122.31715,15.6,329.6,328.0,CENTURY HIGHWAY GREE,IMO9875202,7KHZ,70,0,199,37,9.4,70,A
431009000,2021-09-16T19:33:51,36.36245,-122.32018,15.7,329.7,329.0,CENTURY HIGHWAY GREE,IMO9875202,7KHZ,70,0,199,37,9.4,70,A
431009000,2021-09-16T19:34:58,36.36664,-122.32326,15.7,328.6,328.0,CENTURY HIGHWAY GREE,IMO9875202,7KHZ,70,0,199,37,9.4,70,A
431009000,2021-09-16T19:36:04,36.37071,-122.32636,15.4,328.7,329.0,CENTURY HIGHWAY GREE,IMO9875202,7KHZ,70,0,199,37,9.4,70,A
431009000,2021-09-16T19:37:10,36.37480,-122.32935,15.6,329.5,329.0,CENTURY HIGHWAY GREE,IMO9875202,7KHZ,70,0,199,37,9.4,70,A
431009000,2021-09-16T19:38:11,36.37847,-122.33210,15.2,328.3,328.0,CENTURY HIGHWAY GREE,IMO9875202,7KHZ,70,0,199,37,9.4,70,A
431009000,2021-09-16T19:39:16,36.38245,-122.33509,15.3,329.2,329.0,CENTURY HIGHWAY GREE,IMO9875202,7KHZ,70,0,199,37,9.4,70,A
432734000,2021-08-24T08:49:49,36.35546,-122.33574,11.4,158.4,161.0,PLEIADES LEADER,IMO9426374,7JGE,70,5,199,32,10.3,70,A
311931000,2021-10-05T08:52:41,36.38581,-122.30796,13.5,163.6,166.0,ARTEMIS,IMO9291640,C6UI8,80,0,186,32,13.0,89,A
311931000,2021-10-05T08:53:52,36.38161,-122.30641,13.5,163.1,166.0,ARTEMIS,IMO9291640,C6UI8,80,0,186,32,13.0,89,A
311931000,2021-10-05T08:55:02,36.37734,-122.30489,13.6,164.4,167.0,ARTEMIS,IMO9291640,C6UI8,80,0,186,32,13.0,89,A
311931000,2021-10-05T08:56:11,36.37325,-122.30348,13.5,164.5,167.0,ARTEMIS,IMO9291640,C6UI8,80,0,186,32,13.0,89,A
311931000,2021-10-05T08:57:22,36.36895,-122.30204,13.6,164.1,167.0,ARTEMIS,IMO9291640,C6UI8,80,0,186,32,13.0,89,A
311931000,2021-10-05T08:58:31,36.36479,-122.30061,13.6,165.1,166.0,ARTEMIS,IMO9291640,C6UI8,80,0,186,32,13.0,89,A
311931000,2021-10-05T08:59:42,36.36050,-122.29912,13.5,164.0,167.0,ARTEMIS,IMO9291640,C6UI8,80,0,186,32,13.0,89,A
311931000,2021-10-05T09:00:02,36.35929,-122.29873,13.6,165.2,167.0,ARTEMIS,IMO9291640,C6UI8,80,0,186,32,13.0,89,A
311931000,2021-10-05T09:01:11,36.35512,-122.29740,13.4,165.8,166.0,ARTEMIS,IMO9291640,C6UI8,80,0,186,32,13.0,89,A
636020347,2021-10-27T07:46:05,36.38522,-122.29687,16.7,164.7,157.0,MONZA,IMO9358888,D5FS6,70,0,176,32,9.1,70,A
636020347,2021-10-27T07:47:10,36.38037,-122.29487,16.9,162.5,158.0,MONZA,IMO9358888,D5FS6,70,0,176,32,9.1,70,A
636020347,2021-10-27T07:48:16,36.37537,-122.29285,17.0,162.4,158.0,MONZA,IMO9358888,D5FS6,70,0,176,32,9.1,70,A
538002090,2021-08-28T10:46:04,36.35575,-122.33618,11.2,344.0,343.0,NEW CONSTELLATION,IMO9308091,V7GG5,80,0,228,32,14.3,80,A
538006693,2021-10-23T12:41:26,36.35545,-122.32304,14.1,325.4,323.0,GLOVIS SUN,IMO9749568,V7BC8,70,0,199,,,70,A
538006693,2021-10-23T12:42:33,36.35906,-122.32615,13.8,322.9,323.0,GLOVIS SUN,IMO9749568,V7BC8,70,0,199,,,70,A
538006693,2021-10-23T12:43:38,36.36244,-122.32911,13.5,324.9,323.0,GLOVIS SUN,IMO9749568,V7BC8,70,0,199,,,70,A
538006693,2021-10-23T12:44:44,36.36583,-122.33209,14.0,324.2,323.0,GLOVIS SUN,IMO9749568,V7BC8,70,0,199,,,70,A
538006693,2021-10-23T12:45:51,36.36926,-122.33509,13.7,324.1,323.0,GLOVIS SUN,IMO9749568,V7BC8,70,0,199,,,70,A
354212000,2021-11-25T09:53:56,36.35724,-122.33548,18.0,160.0,158.0,NYK METEOR,IMO9337638,3ENA9,70,0,294,32,13.5,70,A
367766000,2021-06-30T10:29:02,36.36601,-122.33659,4.9,26.8,28.0,WESTERN FLYER,IMO8990902,WDD2611,90,0,35,16,3.6,33,A
367766000,2021-06-30T10:30:04,36.36728,-122.33566,5.0,25.8,23.0,WESTERN FLYER,IMO8990902,WDD2611,90,0,35,16,3.6,33,A
367766000,2021-06-30T10:31:10,36.36858,-122.33480,4.8,27.4,25.0,WESTERN FLYER,IMO8990902,WDD2611,90,0,35,16,3.6,33,A
367766000,2021-06-30T10:32:13,36.36987,-122.33393,5.0,27.7,24.0,WESTERN FLYER,IMO8990902,WDD2611,90,0,35,16,3.6,33,A
367766000,2021-06-30T10:33:16,36.37110,-122.33315,4.9,26.6,24.0,WESTERN FLYER,IMO8990902,WDD2611,90,0,35,16,3.6,33,A
367766000,2021-06-30T10:34:17,36.37232,-122.33236,4.7,28.1,27.0,WESTERN FLYER,IMO8990902,WDD2611,90,0,35,16,3.6,33,A
367766000,2021-06-30T10:35:18,36.37355,-122.33153,5.0,28.9,25.0,WESTERN FLYER,IMO8990902,WDD2611,90,0,35,16,3.6,33,A
367766000,2021-06-30T10:36:19,36.37479,-122.33075,5.0,26.0,26.0,WESTERN FLYER,IMO8990902,WDD2611,90,0,35,16,3.6,33,A
367766000,2021-06-30T10:37:20,36.37601,-122.32994,4.6,29.3,26.0,WESTERN FLYER,IMO8990902,WDD2611,90,0,35,16,3.6,33,A
367766000,2021-06-30T10:38:23,36.37715,-122.32914,4.7,29.7,23.0,WESTERN FLYER,IMO8990902,WDD2611,90,0,35,16,3.6,33,A
367766000,2021-06-30T10:39:25,36.37830,-122.32835,4.3,28.1,24.0,WESTERN FLYER,IMO8990902,WDD2611,90,0,35,16,3.6,33,A
367766000,2021-06-30T10:40:28,36.37938,-122.32758,4.3,34.0,27.0,WESTERN FLYER,IMO8990902,WDD2611,90,0,35,16,3.6,33,A
367766000,2021-06-30T10:41:31,36.38051,-122.32679,4.5,27.5,23.0,WESTERN FLYER,IMO8990902,WDD2611,90,0,35,16,3.6,33,A
367766000,2021-06-30T10:42:33,36.38164,-122.32605,4.5,29.5,26.0,WESTERN FLYER,IMO8990902,WDD2611,90,0,35,16,3.6,33,A
367766000,2021-06-30T10:43:36,36.38278,-122.32524,4.5,30.5,24.0,WESTERN FLYER,IMO8990902,WDD2611,90,0,35,16,3.6,33,A
367766000,2021-06-30T10:44:37,36.38381,-122.32452,3.7,27.0,26.0,WESTERN FLYER,IMO8990902,WDD2611,90,0,35,16,3.6,33,A
367766000,2021-06-30T10:45:40,36.38489,-122.32378,4.2,26.7,24.0,WESTERN FLYER,IMO8990902,WDD2611,90,0,35,16,3.6,33,A
367766000,2021-06-30T10:46:41,36.38599,-122.32304,4.5,25.5,26.0,WESTERN FLYER,IMO8990902,WDD2611,90,0,35,16,3.6,33,A
367766000,2021-06-30T10:47:43,36.38711,-122.32228,4.6,29.5,25.0,WESTERN FLYER,IMO8990902,WDD2611,90,0,35,16,3.6,33,A
431009000,2021-07-07T21:40:13,36.38539,-122.30952,14.6,341.2,340.0,CENTURY HIGHWAY GREE,IMO9875202,7KHZ,70,0,199,37,9.3,70,A
431009000,2021-07-07T21:38:00,36.37675,-122.30579,15.1,341.7,340.0,CENTURY HIGHWAY GREE,IMO9875202,7KHZ,70,0,199,37,9.3,70,A
431009000,2021-07-07T21:39:07,36.38112,-122.30768,14.7,340.7,339.0,CENTURY HIGHWAY GREE,IMO9875202,7KHZ,70,0,199,37,9.3,70,A
431009000,2021-07-07T21:32:37,36.35435,-122.29648,16.2,341.8,340.0,CENTURY HIGHWAY GREE,IMO9875202,7KHZ,70,0,199,37,9.3,70,A
431009000,2021-07-07T21:33:43,36.35911,-122.29848,16.2,341.1,340.0,CENTURY HIGHWAY GREE,IMO9875202,7KHZ,70,0,199,37,9.3,70,A
431009000,2021-07-07T21:34:48,36.36371,-122.30039,15.9,341.8,341.0,CENTURY HIGHWAY GREE,IMO9875202,7KHZ,70,0,199,37,9.3,70,A
431009000,2021-07-07T21:35:49,36.36788,-122.30211,15.7,341.6,340.0,CENTURY HIGHWAY GREE,IMO9875202,7KHZ,70,0,199,37,9.3,70,A
431009000,2021-07-07T21:36:54,36.37236,-122.30401,15.3,341.1,340.0,CENTURY HIGHWAY GREE,IMO9875202,7KHZ,70,0,199,37,9.3,70,A
538009636,2021-12-08T11:03:37,36.35789,-122.29711,13.6,158.0,153.0,DARYA VIDYA,IMO9815953,V7A4982,70,0,200,32,8.8,70,A
538009636,2021-12-08T11:04:46,36.35395,-122.29489,13.5,154.4,153.0,DARYA VIDYA,IMO9815953,V7A4982,70,0,200,32,8.8,70,A
538009636,2021-12-08T10:55:36,36.38635,-122.30959,13.5,159.7,158.0,DARYA VIDYA,IMO9815953,V7A4982,70,0,200,32,8.8,70,A
538009636,2021-12-08T10:56:47,36.38221,-122.30781,13.5,161.0,158.0,DARYA VIDYA,IMO9815953,V7A4982,70,0,200,32,8.8,70,A
538009636,2021-12-08T10:57:56,36.37812,-122.30609,13.5,161.3,157.0,DARYA VIDYA,IMO9815953,V7A4982,70,0,200,32,8.8,70,A
538009636,2021-12-08T10:59:07,36.37394,-122.30422,13.5,159.0,157.0,DARYA VIDYA,IMO9815953,V7A4982,70,0,200,32,8.8,70,A
538009636,2021-12-08T11:00:07,36.37041,-122.30261,13.5,161.3,158.0,DARYA VIDYA,IMO9815953,V7A4982,70,0,200,32,8.8,70,A
538009636,2021-12-08T11:01:17,36.36622,-122.30088,13.6,161.3,158.0,DARYA VIDYA,IMO9815953,V7A4982,70,0,200,32,8.8,70,A
538009636,2021-12-08T11:02:27,36.36202,-122.29911,13.7,160.4,155.0,DARYA VIDYA,IMO9815953,V7A4982,70,0,200,32,8.8,70,A
338319661,2021-06-11T17:37:58,36.37893,-122.29435,4.9,288.4,511.0,THE DOG HOUSE 2,,,36,,14,4,,,B
338319661,2021-06-11T17:39:58,36.37997,-122.29555,5.0,66.6,511.0,THE DOG HOUSE 2,,,36,,14,4,,,B
338319661,2021-06-11T17:41:31,36.38126,-122.29263,7.2,61.4,511.0,THE DOG HOUSE 2,,,36,,14,4,,,B
366799000,2021-07-01T07:40:28,36.38793,-122.33525,18.9,161.9,163.0,HORIZON PACIFIC,IMO7617890,WSRL,70,0,247,27,10.1,70,A
366799000,2021-07-01T07:41:34,36.38256,-122.33295,18.9,161.1,163.0,HORIZON PACIFIC,IMO7617890,WSRL,70,0,247,27,10.1,70,A
366799000,2021-07-01T07:42:40,36.37676,-122.33050,18.9,160.2,162.0,HORIZON PACIFIC,IMO7617890,WSRL,70,0,247,27,10.1,70,A
366799000,2021-07-01T07:43:46,36.37140,-122.32817,18.9,161.1,161.0,HORIZON PACIFIC,IMO7617890,WSRL,70,0,247,27,10.1,70,A
366799000,2021-07-01T07:44:52,36.36607,-122.32574,18.9,159.9,161.0,HORIZON PACIFIC,IMO7617890,WSRL,70,0,247,27,10.1,70,A
366799000,2021-07-01T07:45:58,36.36074,-122.32331,18.9,159.8,162.0,HORIZON PACIFIC,IMO7617890,WSRL,70,0,247,27,10.1,70,A
366799000,2021-07-01T07:46:59,36.35577,-122.32120,18.9,161.5,163.0,HORIZON PACIFIC,IMO7617890,WSRL,70,0,247,27,10.1,70,A
338097297,2021-10-18T12:42:54,36.38434,-122.31170,5.4,164.7,511.0,WREN,,,36,,13,4,,,B
338097297,2021-10-18T12:44:25,36.38203,-122.31159,5.1,176.2,511.0,WREN,,,36,,13,4,,,B
338097297,2021-10-18T12:45:55,36.37996,-122.31135,5.7,158.7,511.0,WREN,,,36,,13,4,,,B
338097297,2021-10-18T12:46:57,36.37855,-122.31125,4.0,160.7,511.0,WREN,,,36,,13,4,,,B
338097297,2021-10-18T12:48:26,36.37647,-122.31108,4.6,163.0,511.0,WREN,,,36,,13,4,,,B
338097297,2021-10-18T12:49:28,36.37491,-122.31089,4.6,160.5,511.0,WREN,,,36,,13,4,,,B
338097297,2021-10-18T12:50:55,36.37273,-122.31034,4.6,151.4,511.0,WREN,,,36,,13,4,,,B
338097297,2021-10-18T12:52:25,36.37058,-122.31160,6.1,176.1,511.0,WREN,,,36,,13,4,,,B
338097297,2021-10-18T12:53:54,36.36842,-122.31148,5.5,197.8,511.0,WREN,,,36,,13,4,,,B
338097297,2021-10-18T12:54:55,36.36708,-122.31138,4.6,184.9,511.0,WREN,,,36,,13,4,,,B
338097297,2021-10-18T12:55:56,36.36571,-122.31119,3.9,176.8,511.0,WREN,,,36,,13,4,,,B
338097297,2021-10-18T12:57:25,36.36369,-122.31076,5.0,169.1,511.0,WREN,,,36,,13,4,,,B
338097297,2021-10-18T12:58:55,36.36152,-122.31029,4.0,168.4,511.0,WREN,,,36,,13,4,,,B
338097297,2021-10-18T13:00:24,36.35952,-122.31004,5.7,178.0,511.0,WREN,,,36,,13,4,,,B
338097297,2021-10-18T13:01:54,36.35747,-122.30998,4.4,183.7,511.0,WREN,,,36,,13,4,,,B
338097297,2021-10-18T13:02:55,36.35616,-122.31050,6.3,211.0,511.0,WREN,,,36,,13,4,,,B
338097297,2021-10-18T13:03:57,36.35482,-122.31008,4.7,168.5,511.0,WREN,,,36,,13,4,,,B
338097297,2021-10-18T13:05:24,36.35294,-122.30995,3.8,170.2,511.0,WREN,,,36,,13,4,,,B
338097297,2021-10-18T12:40:24,36.38802,-122.31263,4.5,178.4,511.0,WREN,,,36,,13,4,,,B
338097297,2021-10-18T12:41:25,36.38647,-122.31232,5.4,147.4,511.0,WREN,,,36,,13,4,,,B
368071540,2021-10-28T03:26:53,36.38564,-122.32251,7.5,159.6,146.0,TICKET TO RIDE,,WDK6133,36,,17,8,,,B
368071540,2021-10-28T03:28:22,36.38258,-122.32112,7.8,161.8,154.0,TICKET TO RIDE,,WDK6133,36,,17,8,,,B
368071540,2021-10-28T03:29:52,36.37945,-122.31976,9.2,154.7,153.0,TICKET TO RIDE,,WDK6133,36,,17,8,,,B
368071540,2021-10-28T03:30:53,36.37733,-122.31888,8.5,156.5,147.0,TICKET TO RIDE,,WDK6133,36,,17,8,,,B
368071540,2021-10-28T03:36:53,36.36599,-122.31423,7.1,162.2,150.0,TICKET TO RIDE,,WDK6133,36,,17,8,,,B
368071540,2021-10-28T03:39:23,36.36108,-122.31225,7.4,159.7,159.0,TICKET TO RIDE,,WDK6133,36,,17,8,,,B
368071540,2021-10-28T03:32:22,36.37443,-122.31774,10.0,164.9,162.0,TICKET TO RIDE,,WDK6133,36,,17,8,,,B
368071540,2021-10-28T03:35:23,36.36877,-122.31540,7.5,166.7,152.0,TICKET TO RIDE,,WDK6133,36,,17,8,,,B
368071540,2021-10-28T03:43:53,36.35239,-122.30913,6.8,171.0,163.0,TICKET TO RIDE,,WDK6133,36,,17,8,,,B
368071540,2021-10-28T03:37:57,36.36388,-122.31334,7.3,164.3,156.0,TICKET TO RIDE,,WDK6133,36,,17,8,,,B
368071540,2021-10-28T03:33:23,36.37252,-122.31698,7.4,161.0,149.0,TICKET TO RIDE,,WDK6133,36,,17,8,,,B
368071540,2021-10-28T03:40:52,36.35823,-122.31113,6.3,163.3,159.0,TICKET TO RIDE,,WDK6133,36,,17,8,,,B
368071540,2021-10-28T03:41:53,36.35637,-122.31044,6.2,166.6,150.0,TICKET TO RIDE,,WDK6133,36,,17,8,,,B
636018560,2021-11-14T08:46:58,36.38739,-122.31421,11.2,158.0,157.0,SEALAND GUAYAQUIL,IMO9383259,A8QP3,71,0,209,30,9.5,71,A
636018560,2021-11-14T08:53:49,36.36763,-122.30477,11.2,159.0,157.0,SEALAND GUAYAQUIL,IMO9383259,A8QP3,71,0,209,30,9.5,71,A
636018560,2021-11-14T08:54:59,36.36421,-122.30313,11.1,159.0,157.0,SEALAND GUAYAQUIL,IMO9383259,A8QP3,71,0,209,30,9.5,71,A
636018560,2021-11-14T08:56:09,36.36085,-122.30150,11.2,158.0,157.0,SEALAND GUAYAQUIL,IMO9383259,A8QP3,71,0,209,30,9.5,71,A
636018560,2021-11-14T08:57:19,36.35756,-122.29988,11.1,159.0,157.0,SEALAND GUAYAQUIL,IMO9383259,A8QP3,71,0,209,30,9.5,71,A
636018560,2021-11-14T08:58:29,36.35420,-122.29826,11.1,159.0,157.0,SEALAND GUAYAQUIL,IMO9383259,A8QP3,71,0,209,30,9.5,71,A
636018560,2021-11-14T08:48:09,36.38402,-122.31258,11.2,159.0,157.0,SEALAND GUAYAQUIL,IMO9383259,A8QP3,71,0,209,30,9.5,71,A
636018560,2021-11-14T08:51:39,36.37383,-122.30767,11.1,159.0,157.0,SEALAND GUAYAQUIL,IMO9383259,A8QP3,71,0,209,30,9.5,71,A
636018560,2021-11-14T08:52:40,36.37100,-122.30633,11.2,159.0,157.0,SEALAND GUAYAQUIL,IMO9383259,A8QP3,71,0,209,30,9.5,71,A
636018560,2021-11-14T08:50:30,36.37717,-122.30933,11.2,159.0,157.0,SEALAND GUAYAQUIL,IMO9383259,A8QP3,71,0,209,30,9.5,71,A
636018560,2021-11-14T08:49:20,36.38067,-122.31100,11.1,158.0,157.0,SEALAND GUAYAQUIL,IMO9383259,A8QP3,71,0,209,30,9.5,71,A
368049580,2021-11-08T17:54:19,36.37145,-122.29369,8.5,345.5,339.0,NOLA GAIL,IMO7128679,WDK3878,31,0,32,10,5.0,32,A
368049580,2021-11-08T17:55:20,36.37378,-122.29473,9.5,335.7,337.0,NOLA GAIL,IMO7128679,WDK3878,31,0,32,10,5.0,32,A
368049580,2021-11-08T17:56:39,36.37683,-122.29604,8.3,343.6,338.0,NOLA GAIL,IMO7128679,WDK3878,31,0,32,10,5.0,32,A
368049580,2021-11-08T17:57:48,36.37941,-122.29716,8.0,344.4,339.0,NOLA GAIL,IMO7128679,WDK3878,31,0,32,10,5.0,32,A
368049580,2021-11-08T17:58:58,36.38210,-122.29838,8.6,340.9,337.0,NOLA GAIL,IMO7128679,WDK3878,31,0,32,10,5.0,32,A
368049580,2021-11-08T18:00:10,36.38490,-122.29957,9.4,342.0,337.0,NOLA GAIL,IMO7128679,WDK3878,31,0,32,10,5.0,32,A
368049580,2021-11-08T18:01:18,36.38754,-122.30064,8.8,342.3,338.0,NOLA GAIL,IMO7128679,WDK3878,31,0,32,10,5.0,32,A
248699000,2021-06-04T01:22:40,36.36160,-122.29325,11.2,314.0,314.0,APL FLORIDA,IMO9350032,9HA4766,71,0,293,40,11.7,74,A
248699000,2021-06-04T01:23:49,36.36408,-122.29635,11.3,315.0,314.0,APL FLORIDA,IMO9350032,9HA4766,71,0,293,40,11.7,74,A
248699000,2021-06-04T01:24:50,36.36647,-122.29927,11.2,315.0,314.0,APL FLORIDA,IMO9350032,9HA4766,71,0,293,40,11.7,74,A
248699000,2021-06-04T01:26:01,36.36903,-122.30238,11.3,315.0,314.0,APL FLORIDA,IMO9350032,9HA4766,71,0,293,40,11.7,74,A
248699000,2021-06-04T01:27:10,36.37150,-122.30538,11.3,316.0,314.0,APL FLORIDA,IMO9350032,9HA4766,71,0,293,40,11.7,74,A
248699000,2021-06-04T01:28:20,36.37425,-122.30868,11.4,315.0,314.0,APL FLORIDA,IMO9350032,9HA4766,71,0,293,40,11.7,74,A
248699000,2021-06-04T01:29:21,36.37655,-122.31145,11.4,316.0,314.0,APL FLORIDA,IMO9350032,9HA4766,71,0,293,40,11.7,74,A
248699000,2021-06-04T01:30:31,36.37925,-122.31472,11.5,315.0,314.0,APL FLORIDA,IMO9350032,9HA4766,71,0,293,40,11.7,74,A
248699000,2021-06-04T01:31:41,36.38198,-122.31800,11.4,315.0,314.0,APL FLORIDA,IMO9350032,9HA4766,71,0,293,40,11.7,74,A
248699000,2021-06-04T01:32:52,36.38455,-122.32113,11.4,315.0,314.0,APL FLORIDA,IMO9350032,9HA4766,71,0,293,40,11.7,74,A
248699000,2021-06-04T01:34:01,36.38723,-122.32442,11.5,315.0,314.0,APL FLORIDA,IMO9350032,9HA4766,71,0,293,40,11.7,74,A
372771000,2021-06-15T13:41:00,36.35509,-122.33206,12.6,342.1,345.0,CIELO DI IYO,IMO9808340,HOET,70,0,,,,70,A
372771000,2021-06-15T13:42:11,36.35902,-122.33349,12.6,344.0,344.0,CIELO DI IYO,IMO9808340,HOET,70,0,,,,70,A
372771000,2021-06-15T13:43:20,36.36293,-122.33499,12.6,342.8,344.0,CIELO DI IYO,IMO9808340,HOET,70,0,,,,70,A
372771000,2021-06-15T13:44:31,36.36687,-122.33654,12.5,342.8,344.0,CIELO DI IYO,IMO9808340,HOET,70,0,,,,70,A
563052700,2021-08-16T10:41:16,36.35314,-122.31645,10.0,342.2,340.0,CAP JERVIS,IMO9484572,9V6246,74,0,264,32,10.4,74,A
563052700,2021-08-16T10:42:24,36.35615,-122.31756,9.9,344.9,341.0,CAP JERVIS,IMO9484572,9V6246,74,0,264,32,10.4,74,A
563052700,2021-08-16T10:43:34,36.35924,-122.31861,9.8,345.1,340.0,CAP JERVIS,IMO9484572,9V6246,74,0,264,32,10.4,74,A
563052700,2021-08-16T10:44:35,36.36193,-122.31952,9.8,344.9,340.0,CAP JERVIS,IMO9484572,9V6246,74,0,264,32,10.4,74,A
563052700,2021-08-16T10:45:44,36.36495,-122.32057,9.8,344.0,338.0,CAP JERVIS,IMO9484572,9V6246,74,0,264,32,10.4,74,A
563052700,2021-08-16T10:46:55,36.36801,-122.32174,9.7,342.3,339.0,CAP JERVIS,IMO9484572,9V6246,74,0,264,32,10.4,74,A
563052700,2021-08-16T10:48:04,36.37100,-122.32283,9.7,343.4,339.0,CAP JERVIS,IMO9484572,9V6246,74,0,264,32,10.4,74,A
563052700,2021-08-16T10:49:14,36.37409,-122.32397,9.8,343.1,339.0,CAP JERVIS,IMO9484572,9V6246,74,0,264,32,10.4,74,A
563052700,2021-08-16T10:50:25,36.37715,-122.32512,9.9,343.0,339.0,CAP JERVIS,IMO9484572,9V6246,74,0,264,32,10.4,74,A
563052700,2021-08-16T10:51:34,36.38019,-122.32626,9.9,342.6,340.0,CAP JERVIS,IMO9484572,9V6246,74,0,264,32,10.4,74,A
563052700,2021-08-16T10:52:44,36.38334,-122.32738,9.9,344.4,340.0,CAP JERVIS,IMO9484572,9V6246,74,0,264,32,10.4,74,A
563052700,2021-08-16T10:53:45,36.38601,-122.32829,9.9,344.9,340.0,CAP JERVIS,IMO9484572,9V6246,74,0,264,32,10.4,74,A
366799000,2021-10-21T07:08:52,36.35478,-122.33710,19.4,163.9,164.0,HORIZON PACIFIC,IMO7617890,WSRL,70,0,247,27,10.1,70,A
416495000,2021-06-09T14:16:20,36.35278,-122.31842,13.4,340.1,339.0,EVER LOYAL,IMO9604158,BKIZ,70,0,334,45,14.2,74,A
416495000,2021-06-09T14:17:29,36.35697,-122.32006,13.4,341.7,338.0,EVER LOYAL,IMO9604158,BKIZ,70,0,334,45,14.2,74,A
416495000,2021-06-09T14:18:40,36.36116,-122.32188,13.5,339.7,337.0,EVER LOYAL,IMO9604158,BKIZ,70,0,334,45,14.2,74,A
416495000,2021-06-09T14:19:49,36.36519,-122.32377,13.4,338.0,336.0,EVER LOYAL,IMO9604158,BKIZ,70,0,334,45,14.2,74,A
416495000,2021-06-09T14:20:50,36.36873,-122.32551,13.4,338.5,336.0,EVER LOYAL,IMO9604158,BKIZ,70,0,334,45,14.2,74,A
416495000,2021-06-09T14:21:59,36.37274,-122.32750,13.5,338.4,336.0,EVER LOYAL,IMO9604158,BKIZ,70,0,334,45,14.2,74,A
416495000,2021-06-09T14:23:10,36.37690,-122.32953,13.5,338.9,337.0,EVER LOYAL,IMO9604158,BKIZ,70,0,334,45,14.2,74,A
416495000,2021-06-09T14:24:19,36.38089,-122.33148,13.5,338.6,337.0,EVER LOYAL,IMO9604158,BKIZ,70,0,334,45,14.2,74,A
416495000,2021-06-09T14:25:29,36.38504,-122.33350,13.6,338.3,337.0,EVER LOYAL,IMO9604158,BKIZ,70,0,334,45,14.2,74,A
636020257,2021-07-18T06:05:00,36.38500,-122.32959,14.5,340.0,340.0,SEATTLE EXPRESS,IMO9348687,A8PS5,71,0,293,32,10.1,71,A
366799000,2021-07-29T07:29:20,36.35304,-122.33666,20.7,162.0,162.0,HORIZON PACIFIC,IMO7617890,WSRL,70,0,247,27,10.1,70,A
351249000,2021-07-24T14:23:06,36.38070,-122.29338,14.6,336.9,336.0,NYK OCEANUS,IMO9312975,3EMR8,70,0,336,45,14.0,70,A
351249000,2021-07-24T14:24:12,36.38491,-122.29552,14.6,337.5,336.0,NYK OCEANUS,IMO9312975,3EMR8,70,0,336,45,14.0,70,A
636019021,2021-09-21T12:18:49,36.36897,-122.30979,19.9,342.1,340.0,MSC BIANCA,IMO9770749,D5SO7,70,0,328,48,11.9,70,A
636019021,2021-09-21T12:16:37,36.35745,-122.30514,20.1,341.7,340.0,MSC BIANCA,IMO9770749,D5SO7,70,0,328,48,11.9,70,A
636019021,2021-09-21T12:17:42,36.36318,-122.30744,19.9,341.7,339.0,MSC BIANCA,IMO9770749,D5SO7,70,0,328,48,11.9,70,A
636019021,2021-09-21T12:22:06,36.38646,-122.31684,20.1,342.3,340.0,MSC BIANCA,IMO9770749,D5SO7,70,0,328,48,11.9,70,A
636019021,2021-09-21T12:21:01,36.38070,-122.31454,20.0,341.9,340.0,MSC BIANCA,IMO9770749,D5SO7,70,0,328,48,11.9,70,A
636019021,2021-09-21T12:19:54,36.37478,-122.31214,20.0,341.5,339.0,MSC BIANCA,IMO9770749,D5SO7,70,0,328,48,11.9,70,A
255806292,2021-12-02T12:55:22,36.35301,-122.33629,13.1,158.0,160.0,NORDRUBICON,IMO9763693,CQAW2,71,0,190,28,6.5,70,A
432666000,2021-12-15T12:01:09,36.36008,-122.33682,17.3,159.0,161.0,AEGEAN HIGHWAY,IMO9464388,7JDT,70,0,199,32,10.0,70,A
432666000,2021-12-15T12:02:16,36.35505,-122.33458,17.2,159.0,162.0,AEGEAN HIGHWAY,IMO9464388,7JDT,70,0,199,32,10.0,70,A
372140000,2021-07-22T19:32:11,36.38309,-122.33296,13.3,341.6,341.0,DORADO LEADER,IMO9308895,3EIF6,70,0,199,32,10.3,70,A
372140000,2021-07-22T19:33:22,36.38730,-122.33468,13.6,341.5,341.0,DORADO LEADER,IMO9308895,3EIF6,70,0,199,32,10.3,70,A
372140000,2021-07-22T19:31:02,36.37901,-122.33129,13.2,342.7,342.0,DORADO LEADER,IMO9308895,3EIF6,70,0,199,32,10.3,70,A
372140000,2021-07-22T19:24:10,36.35541,-122.32153,13.3,341.8,341.0,DORADO LEADER,IMO9308895,3EIF6,70,0,199,32,10.3,70,A
372140000,2021-07-22T19:25:21,36.35942,-122.32318,12.8,341.7,341.0,DORADO LEADER,IMO9308895,3EIF6,70,0,199,32,10.3,70,A
372140000,2021-07-22T19:26:30,36.36332,-122.32483,12.8,341.1,341.0,DORADO LEADER,IMO9308895,3EIF6,70,0,199,32,10.3,70,A
372140000,2021-07-22T19:27:40,36.36729,-122.32645,13.0,341.3,341.0,DORADO LEADER,IMO9308895,3EIF6,70,0,199,32,10.3,70,A
372140000,2021-07-22T19:28:50,36.37133,-122.32815,13.3,341.0,341.0,DORADO LEADER,IMO9308895,3EIF6,70,0,199,32,10.3,70,A
372140000,2021-07-22T19:30:01,36.37542,-122.32987,13.3,341.5,341.0,DORADO LEADER,IMO9308895,3EIF6,70,0,199,32,10.3,70,A
538005443,2021-11-01T03:54:18,36.37628,-122.32002,10.7,340.0,340.0,RADIANT SEA,IMO9316244,V7DX2,80,0,228,32,14.4,80,A
538005443,2021-11-01T03:55:29,36.37960,-122.32157,10.7,339.0,339.0,RADIANT SEA,IMO9316244,V7DX2,80,0,228,32,14.4,80,A
538005443,2021-11-01T03:56:39,36.38288,-122.32318,10.8,337.0,339.0,RADIANT SEA,IMO9316244,V7DX2,80,0,228,32,14.4,80,A
538005443,2021-11-01T03:57:49,36.38620,-122.32482,11.0,338.0,339.0,RADIANT SEA,IMO9316244,V7DX2,80,0,228,32,14.4,80,A
538005443,2021-11-01T03:46:09,36.35425,-122.30928,9.9,340.0,339.0,RADIANT SEA,IMO9316244,V7DX2,80,0,228,32,14.4,80,A
538005443,2021-11-01T03:47:19,36.35728,-122.31077,10.1,338.0,339.0,RADIANT SEA,IMO9316244,V7DX2,80,0,228,32,14.4,80,A
538005443,2021-11-01T03:50:50,36.36668,-122.31547,10.5,337.0,338.0,RADIANT SEA,IMO9316244,V7DX2,80,0,228,32,14.4,80,A
538005443,2021-11-01T03:51:59,36.36980,-122.31707,10.6,337.0,340.0,RADIANT SEA,IMO9316244,V7DX2,80,0,228,32,14.4,80,A
538005443,2021-11-01T03:53:09,36.37305,-122.31860,10.7,339.0,341.0,RADIANT SEA,IMO9316244,V7DX2,80,0,228,32,14.4,80,A
538005443,2021-11-01T03:49:40,36.36357,-122.31388,10.4,338.0,339.0,RADIANT SEA,IMO9316244,V7DX2,80,0,228,32,14.4,80,A
538005443,2021-11-01T03:48:29,36.36040,-122.31232,10.3,338.0,339.0,RADIANT SEA,IMO9316244,V7DX2,80,0,228,32,14.4,80,A
354839000,2021-11-22T05:19:46,36.36629,-122.31731,11.4,329.4,332.0,HAMMERSMITH BRIDGE,IMO9395147,3FQE8,70,0,336,45,14.0,71,A
354839000,2021-11-22T05:20:56,36.36949,-122.31962,11.3,329.8,332.0,HAMMERSMITH BRIDGE,IMO9395147,3FQE8,70,0,336,45,14.0,71,A
354839000,2021-11-22T05:22:06,36.37259,-122.32188,11.3,329.8,332.0,HAMMERSMITH BRIDGE,IMO9395147,3FQE8,70,0,336,45,14.0,71,A
354839000,2021-11-22T05:23:16,36.37575,-122.32417,11.2,329.8,332.0,HAMMERSMITH BRIDGE,IMO9395147,3FQE8,70,0,336,45,14.0,71,A
354839000,2021-11-22T05:24:26,36.37893,-122.32645,11.3,329.9,332.0,HAMMERSMITH BRIDGE,IMO9395147,3FQE8,70,0,336,45,14.0,71,A
354839000,2021-11-22T05:25:37,36.38220,-122.32879,11.3,330.3,332.0,HAMMERSMITH BRIDGE,IMO9395147,3FQE8,70,0,336,45,14.0,71,A
354839000,2021-11-22T05:26:46,36.38533,-122.33096,11.4,331.1,332.0,HAMMERSMITH BRIDGE,IMO9395147,3FQE8,70,0,336,45,14.0,71,A
354839000,2021-11-22T05:27:47,36.38816,-122.33299,11.4,329.8,331.0,HAMMERSMITH BRIDGE,IMO9395147,3FQE8,70,0,336,45,14.0,71,A
354839000,2021-11-22T05:16:17,36.35667,-122.31023,11.5,328.8,332.0,HAMMERSMITH BRIDGE,IMO9395147,3FQE8,70,0,336,45,14.0,71,A
354839000,2021-11-22T05:15:06,36.35341,-122.30775,11.6,327.7,331.0,HAMMERSMITH BRIDGE,IMO9395147,3FQE8,70,0,336,45,14.0,71,A
354839000,2021-11-22T05:18:37,36.36308,-122.31497,11.4,329.0,332.0,HAMMERSMITH BRIDGE,IMO9395147,3FQE8,70,0,336,45,14.0,71,A
354839000,2021-11-22T05:17:27,36.35992,-122.31266,11.6,328.8,332.0,HAMMERSMITH BRIDGE,IMO9395147,3FQE8,70,0,336,45,14.0,71,A
636020257,2021-07-09T15:15:40,36.37388,-122.32472,11.2,342.5,342.0,SEATTLE EXPRESS,IMO9348687,A8PS5,71,0,293,32,10.1,71,A
636020257,2021-07-09T15:16:41,36.37691,-122.32595,11.6,339.0,341.0,SEATTLE EXPRESS,IMO9348687,A8PS5,71,0,293,32,10.1,71,A
636020257,2021-07-09T15:17:50,36.38075,-122.32765,13.4,340.8,340.0,SEATTLE EXPRESS,IMO9348687,A8PS5,71,0,293,32,10.1,71,A
636020257,2021-07-09T15:19:00,36.38134,-122.32794,13.6,339.1,340.0,SEATTLE EXPRESS,IMO9348687,A8PS5,71,0,293,32,10.1,71,A
636020257,2021-07-09T15:11:00,36.36298,-122.31889,8.1,309.6,324.0,SEATTLE EXPRESS,IMO9348687,A8PS5,71,0,293,32,10.1,71,A
636020257,2021-07-09T15:12:10,36.36503,-122.32091,8.3,329.3,337.0,SEATTLE EXPRESS,IMO9348687,A8PS5,71,0,293,32,10.1,71,A
636020257,2021-07-09T15:13:18,36.36753,-122.32232,9.0,341.8,345.0,SEATTLE EXPRESS,IMO9348687,A8PS5,71,0,293,32,10.1,71,A
636020257,2021-07-09T15:14:31,36.37062,-122.32346,10.1,344.7,343.0,SEATTLE EXPRESS,IMO9348687,A8PS5,71,0,293,32,10.1,71,A
636020257,2021-07-09T15:09:58,36.36178,-122.31658,7.4,292.2,308.0,SEATTLE EXPRESS,IMO9348687,A8PS5,71,0,293,32,10.1,71,A
636020257,2021-07-09T14:08:00,36.37240,-122.30277,1.5,208.1,245.0,SEATTLE EXPRESS,IMO9348687,A8PS5,71,0,293,32,10.1,71,A
636020257,2021-07-09T14:09:09,36.37219,-122.30297,0.9,224.4,245.0,SEATTLE EXPRESS,IMO9348687,A8PS5,71,0,293,32,10.1,71,A
636020257,2021-07-09T14:10:17,36.37199,-122.30315,1.2,204.3,246.0,SEATTLE EXPRESS,IMO9348687,A8PS5,71,0,293,32,10.1,71,A
636020257,2021-07-09T14:11:18,36.37179,-122.30328,1.1,199.1,248.0,SEATTLE EXPRESS,IMO9348687,A8PS5,71,0,293,32,10.1,71,A
636020257,2021-07-09T14:12:30,36.37155,-122.30346,1.2,217.0,248.0,SEATTLE EXPRESS,IMO9348687,A8PS5,71,0,293,32,10.1,71,A
636020257,2021-07-09T14:13:31,36.37134,-122.30357,1.2,189.9,249.0,SEATTLE EXPRESS,IMO9348687,A8PS5,71,0,293,32,10.1,71,A
636020257,2021-07-09T14:14:39,36.37114,-122.30368,1.3,180.6,248.0,SEATTLE EXPRESS,IMO9348687,A8PS5,71,0,293,32,10.1,71,A
636020257,2021-07-09T14:15:40,36.37096,-122.30378,0.3,266.4,248.0,SEATTLE EXPRESS,IMO9348687,A8PS5,71,0,293,32,10.1,71,A
636020257,2021-07-09T14:16:50,36.37075,-122.30390,0.6,247.0,247.0,SEATTLE EXPRESS,IMO9348687,A8PS5,71,0,293,32,10.1,71,A
636020257,2021-07-09T13:11:19,36.38557,-122.29258,0.9,246.3,240.0,SEATTLE EXPRESS,IMO9348687,A8PS5,71,0,293,32,10.1,71,A
636020257,2021-07-09T13:12:30,36.38524,-122.29280,1.4,200.7,240.0,SEATTLE EXPRESS,IMO9348687,A8PS5,71,0,293,32,10.1,71,A
636020257,2021-07-09T13:13:41,36.38494,-122.29303,1.3,207.5,240.0,SEATTLE EXPRESS,IMO9348687,A8PS5,71,0,293,32,10.1,71,A
636020257,2021-07-09T13:14:49,36.38463,-122.29324,1.0,209.9,239.0,SEATTLE EXPRESS,IMO9348687,A8PS5,71,0,293,32,10.1,71,A
636020257,2021-07-09T13:16:00,36.38433,-122.29347,1.3,201.3,240.0,SEATTLE EXPRESS,IMO9348687,A8PS5,71,0,293,32,10.1,71,A
636020257,2021-07-09T13:17:10,36.38402,-122.29367,1.4,187.0,241.0,SEATTLE EXPRESS,IMO9348687,A8PS5,71,0,293,32,10.1,71,A
636020257,2021-07-09T13:18:19,36.38375,-122.29390,1.2,192.6,241.0,SEATTLE EXPRESS,IMO9348687,A8PS5,71,0,293,32,10.1,71,A
636020257,2021-07-09T13:19:31,36.38348,-122.29411,1.1,203.1,241.0,SEATTLE EXPRESS,IMO9348687,A8PS5,71,0,293,32,10.1,71,A
636020257,2021-07-09T13:20:40,36.38322,-122.29432,0.8,226.9,241.0,SEATTLE EXPRESS,IMO9348687,A8PS5,71,0,293,32,10.1,71,A
636020257,2021-07-09T13:21:49,36.38296,-122.29453,1.1,207.3,241.0,SEATTLE EXPRESS,IMO9348687,A8PS5,71,0,293,32,10.1,71,A
636020257,2021-07-09T13:23:01,36.38270,-122.29473,0.9,222.5,241.0,SEATTLE EXPRESS,IMO9348687,A8PS5,71,0,293,32,10.1,71,A
636020257,2021-07-09T13:24:11,36.38241,-122.29492,1.1,195.9,242.0,SEATTLE EXPRESS,IMO9348687,A8PS5,71,0,293,32,10.1,71,A
636020257,2021-07-09T13:25:19,36.38215,-122.29510,0.9,222.5,241.0,SEATTLE EXPRESS,IMO9348687,A8PS5,71,0,293,32,10.1,71,A
636020257,2021-07-09T13:26:31,36.38186,-122.29530,0.9,221.5,240.0,SEATTLE EXPRESS,IMO9348687,A8PS5,71,0,293,32,10.1,71,A
636020257,2021-07-09T13:27:40,36.38158,-122.29548,1.5,185.8,239.0,SEATTLE EXPRESS,IMO9348687,A8PS5,71,0,293,32,10.1,71,A
636020257,2021-07-09T13:28:49,36.38131,-122.29565,0.6,201.3,240.0,SEATTLE EXPRESS,IMO9348687,A8PS5,71,0,293,32,10.1,71,A
636020257,2021-07-09T13:29:59,36.38103,-122.29583,1.3,197.0,239.0,SEATTLE EXPRESS,IMO9348687,A8PS5,71,0,293,32,10.1,71,A
636020257,2021-07-09T13:31:09,36.38075,-122.29603,0.8,214.8,238.0,SEATTLE EXPRESS,IMO9348687,A8PS5,71,0,293,32,10.1,71,A
636020257,2021-07-09T13:32:10,36.38052,-122.29619,0.9,205.9,238.0,SEATTLE EXPRESS,IMO9348687,A8PS5,71,0,293,32,10.1,71,A
636020257,2021-07-09T13:33:18,36.38025,-122.29637,0.9,218.4,239.0,SEATTLE EXPRESS,IMO9348687,A8PS5,71,0,293,32,10.1,71,A
636020257,2021-07-09T13:34:31,36.38000,-122.29659,0.6,258.4,240.0,SEATTLE EXPRESS,IMO9348687,A8PS5,71,0,293,32,10.1,71,A
636020257,2021-07-09T13:35:39,36.37974,-122.29679,0.7,213.4,240.0,SEATTLE EXPRESS,IMO9348687,A8PS5,71,0,293,32,10.1,71,A
636020257,2021-07-09T13:36:49,36.37950,-122.29702,0.9,232.6,239.0,SEATTLE EXPRESS,IMO9348687,A8PS5,71,0,293,32,10.1,71,A
636020257,2021-07-09T13:37:50,36.37926,-122.29720,1.5,196.7,239.0,SEATTLE EXPRESS,IMO9348687,A8PS5,71,0,293,32,10.1,71,A
636020257,2021-07-09T13:39:00,36.37901,-122.29744,0.9,226.4,239.0,SEATTLE EXPRESS,IMO9348687,A8PS5,71,0,293,32,10.1,71,A
636020257,2021-07-09T13:40:09,36.37877,-122.29767,1.1,216.1,238.0,SEATTLE EXPRESS,IMO9348687,A8PS5,71,0,293,32,10.1,71,A
636020257,2021-07-09T13:41:18,36.37851,-122.29790,1.5,209.6,238.0,SEATTLE EXPRESS,IMO9348687,A8PS5,71,0,293,32,10.1,71,A
636020257,2021-07-09T13:42:30,36.37825,-122.29816,1.3,198.3,237.0,SEATTLE EXPRESS,IMO9348687,A8PS5,71,0,293,32,10.1,71,A
636020257,2021-07-09T13:43:39,36.37798,-122.29840,1.3,187.9,235.0,SEATTLE EXPRESS,IMO9348687,A8PS5,71,0,293,32,10.1,71,A
636020257,2021-07-09T13:44:50,36.37773,-122.29864,0.9,260.5,234.0,SEATTLE EXPRESS,IMO9348687,A8PS5,71,0,293,32,10.1,71,A
636020257,2021-07-09T13:46:00,36.37742,-122.29886,1.0,240.7,235.0,SEATTLE EXPRESS,IMO9348687,A8PS5,71,0,293,32,10.1,71,A
636020257,2021-07-09T13:47:11,36.37716,-122.29910,1.1,201.3,235.0,SEATTLE EXPRESS,IMO9348687,A8PS5,71,0,293,32,10.1,71,A
636020257,2021-07-09T13:48:18,36.37689,-122.29931,1.0,205.9,235.0,SEATTLE EXPRESS,IMO9348687,A8PS5,71,0,293,32,10.1,71,A
636020257,2021-07-09T13:49:19,36.37666,-122.29950,1.0,224.6,236.0,SEATTLE EXPRESS,IMO9348687,A8PS5,71,0,293,32,10.1,71,A
636020257,2021-07-09T13:50:30,36.37636,-122.29971,1.7,190.9,236.0,SEATTLE EXPRESS,IMO9348687,A8PS5,71,0,293,32,10.1,71,A
636020257,2021-07-09T13:51:41,36.37606,-122.29993,1.0,224.6,236.0,SEATTLE EXPRESS,IMO9348687,A8PS5,71,0,293,32,10.1,71,A
636020257,2021-07-09T13:52:50,36.37577,-122.30013,1.6,209.4,237.0,SEATTLE EXPRESS,IMO9348687,A8PS5,71,0,293,32,10.1,71,A
636020257,2021-07-09T13:53:59,36.37549,-122.30033,0.6,246.4,237.0,SEATTLE EXPRESS,IMO9348687,A8PS5,71,0,293,32,10.1,71,A
636020257,2021-07-09T13:55:00,36.37525,-122.30051,1.1,215.1,237.0,SEATTLE EXPRESS,IMO9348687,A8PS5,71,0,293,32,10.1,71,A
636020257,2021-07-09T13:56:10,36.37499,-122.30071,1.1,209.4,236.0,SEATTLE EXPRESS,IMO9348687,A8PS5,71,0,293,32,10.1,71,A
636020257,2021-07-09T13:57:17,36.37473,-122.30092,1.1,198.1,236.0,SEATTLE EXPRESS,IMO9348687,A8PS5,71,0,293,32,10.1,71,A
636020257,2021-07-09T13:58:18,36.37450,-122.30109,0.8,237.0,237.0,SEATTLE EXPRESS,IMO9348687,A8PS5,71,0,293,32,10.1,71,A
636020257,2021-07-09T13:59:30,36.37423,-122.30133,0.6,257.4,239.0,SEATTLE EXPRESS,IMO9348687,A8PS5,71,0,293,32,10.1,71,A
636020257,2021-07-09T14:00:10,36.37403,-122.30142,2.2,177.5,241.0,SEATTLE EXPRESS,IMO9348687,A8PS5,71,0,293,32,10.1,71,A
636020257,2021-07-09T14:01:17,36.37378,-122.30164,0.8,218.8,242.0,SEATTLE EXPRESS,IMO9348687,A8PS5,71,0,293,32,10.1,71,A
636020257,2021-07-09T14:02:18,36.37359,-122.30182,0.7,227.0,243.0,SEATTLE EXPRESS,IMO9348687,A8PS5,71,0,293,32,10.1,71,A
636020257,2021-07-09T14:03:30,36.37333,-122.30201,0.8,228.9,243.0,SEATTLE EXPRESS,IMO9348687,A8PS5,71,0,293,32,10.1,71,A
636020257,2021-07-09T14:04:40,36.37306,-122.30220,1.2,201.3,243.0,SEATTLE EXPRESS,IMO9348687,A8PS5,71,0,293,32,10.1,71,A
636020257,2021-07-09T14:05:49,36.37284,-122.30241,1.6,196.5,244.0,SEATTLE EXPRESS,IMO9348687,A8PS5,71,0,293,32,10.1,71,A
636020257,2021-07-09T14:06:50,36.37263,-122.30256,0.8,205.1,245.0,SEATTLE EXPRESS,IMO9348687,A8PS5,71,0,293,32,10.1,71,A
636020257,2021-07-09T15:08:53,36.36117,-122.31396,7.0,280.1,291.0,SEATTLE EXPRESS,IMO9348687,A8PS5,71,0,293,32,10.1,71,A
636020257,2021-07-09T15:06:39,36.36163,-122.30931,5.2,246.7,260.0,SEATTLE EXPRESS,IMO9348687,A8PS5,71,0,293,32,10.1,71,A
636020257,2021-07-09T15:07:50,36.36114,-122.31156,6.5,261.6,276.0,SEATTLE EXPRESS,IMO9348687,A8PS5,71,0,293,32,10.1,71,A
636020257,2021-07-09T14:18:00,36.37056,-122.30402,0.9,189.0,247.0,SEATTLE EXPRESS,IMO9348687,A8PS5,71,0,293,32,10.1,71,A
636020257,2021-07-09T14:19:09,36.37040,-122.30415,0.6,227.5,246.0,SEATTLE EXPRESS,IMO9348687,A8PS5,71,0,293,32,10.1,71,A
636020257,2021-07-09T14:20:19,36.37023,-122.30428,0.7,220.4,247.0,SEATTLE EXPRESS,IMO9348687,A8PS5,71,0,293,32,10.1,71,A
636020257,2021-07-09T14:21:31,36.37003,-122.30440,1.7,188.7,246.0,SEATTLE EXPRESS,IMO9348687,A8PS5,71,0,293,32,10.1,71,A
636020257,2021-07-09T14:22:39,36.36989,-122.30452,0.2,245.0,245.0,SEATTLE EXPRESS,IMO9348687,A8PS5,71,0,293,32,10.1,71,A
636020257,2021-07-09T14:23:50,36.36970,-122.30463,0.8,199.9,245.0,SEATTLE EXPRESS,IMO9348687,A8PS5,71,0,293,32,10.1,71,A
636020257,2021-07-09T14:25:00,36.36949,-122.30472,0.9,217.4,244.0,SEATTLE EXPRESS,IMO9348687,A8PS5,71,0,293,32,10.1,71,A
636020257,2021-07-09T14:26:10,36.36931,-122.30483,0.9,194.6,244.0,SEATTLE EXPRESS,IMO9348687,A8PS5,71,0,293,32,10.1,71,A
636020257,2021-07-09T14:27:11,36.36919,-122.30496,0.4,197.9,243.0,SEATTLE EXPRESS,IMO9348687,A8PS5,71,0,293,32,10.1,71,A
636020257,2021-07-09T14:28:19,36.36902,-122.30508,0.6,233.5,243.0,SEATTLE EXPRESS,IMO9348687,A8PS5,71,0,293,32,10.1,71,A
636020257,2021-07-09T14:29:30,36.36881,-122.30516,1.4,172.1,245.0,SEATTLE EXPRESS,IMO9348687,A8PS5,71,0,293,32,10.1,71,A
636020257,2021-07-09T14:30:40,36.36863,-122.30527,0.5,281.8,245.0,SEATTLE EXPRESS,IMO9348687,A8PS5,71,0,293,32,10.1,71,A
636020257,2021-07-09T14:31:41,36.36848,-122.30536,0.6,290.0,245.0,SEATTLE EXPRESS,IMO9348687,A8PS5,71,0,293,32,10.1,71,A
636020257,2021-07-09T14:32:49,36.36830,-122.30546,1.3,187.4,245.0,SEATTLE EXPRESS,IMO9348687,A8PS5,71,0,293,32,10.1,71,A
636020257,2021-07-09T14:33:59,36.36814,-122.30555,0.3,225.5,244.0,SEATTLE EXPRESS,IMO9348687,A8PS5,71,0,293,32,10.1,71,A
636020257,2021-07-09T14:35:10,36.36795,-122.30563,1.0,189.8,243.0,SEATTLE EXPRESS,IMO9348687,A8PS5,71,0,293,32,10.1,71,A
636020257,2021-07-09T14:36:19,36.36776,-122.30570,0.5,243.0,243.0,SEATTLE EXPRESS,IMO9348687,A8PS5,71,0,293,32,10.1,71,A
636020257,2021-07-09T14:37:30,36.36759,-122.30576,0.2,215.4,242.0,SEATTLE EXPRESS,IMO9348687,A8PS5,71,0,293,32,10.1,71,A
636020257,2021-07-09T14:38:41,36.36743,-122.30584,0.6,202.3,241.0,SEATTLE EXPRESS,IMO9348687,A8PS5,71,0,293,32,10.1,71,A
636020257,2021-07-09T14:39:50,36.36727,-122.30591,0.6,208.0,239.0,SEATTLE EXPRESS,IMO9348687,A8PS5,71,0,293,32,10.1,71,A
636020257,2021-07-09T14:41:00,36.36709,-122.30598,0.9,175.5,239.0,SEATTLE EXPRESS,IMO9348687,A8PS5,71,0,293,32,10.1,71,A
636020257,2021-07-09T14:42:01,36.36695,-122.30604,0.6,199.3,238.0,SEATTLE EXPRESS,IMO9348687,A8PS5,71,0,293,32,10.1,71,A
636020257,2021-07-09T14:43:09,36.36677,-122.30607,0.8,187.8,238.0,SEATTLE EXPRESS,IMO9348687,A8PS5,71,0,293,32,10.1,71,A
636020257,2021-07-09T14:44:10,36.36665,-122.30613,0.1,190.9,236.0,SEATTLE EXPRESS,IMO9348687,A8PS5,71,0,293,32,10.1,71,A
636020257,2021-07-09T14:45:19,36.36650,-122.30618,0.9,180.5,235.0,SEATTLE EXPRESS,IMO9348687,A8PS5,71,0,293,32,10.1,71,A
636020257,2021-07-09T14:46:31,36.36629,-122.30622,1.4,168.7,234.0,SEATTLE EXPRESS,IMO9348687,A8PS5,71,0,293,32,10.1,71,A
636020257,2021-07-09T14:47:39,36.36612,-122.30624,0.4,207.4,234.0,SEATTLE EXPRESS,IMO9348687,A8PS5,71,0,293,32,10.1,71,A
636020257,2021-07-09T14:48:50,36.36592,-122.30626,0.6,175.9,235.0,SEATTLE EXPRESS,IMO9348687,A8PS5,71,0,293,32,10.1,71,A
636020257,2021-07-09T14:50:00,36.36576,-122.30628,0.2,297.4,234.0,SEATTLE EXPRESS,IMO9348687,A8PS5,71,0,293,32,10.1,71,A
636020257,2021-07-09T14:51:10,36.36553,-122.30628,0.9,170.5,234.0,SEATTLE EXPRESS,IMO9348687,A8PS5,71,0,293,32,10.1,71,A
636020257,2021-07-09T14:52:19,36.36534,-122.30628,1.0,171.0,232.0,SEATTLE EXPRESS,IMO9348687,A8PS5,71,0,293,32,10.1,71,A
636020257,2021-07-09T14:53:32,36.36513,-122.30630,0.9,162.5,232.0,SEATTLE EXPRESS,IMO9348687,A8PS5,71,0,293,32,10.1,71,A
636020257,2021-07-09T14:54:39,36.36491,-122.30632,0.5,178.8,232.0,SEATTLE EXPRESS,IMO9348687,A8PS5,71,0,293,32,10.1,71,A
636020257,2021-07-09T14:55:51,36.36469,-122.30634,0.8,187.9,233.0,SEATTLE EXPRESS,IMO9348687,A8PS5,71,0,293,32,10.1,71,A
636020257,2021-07-09T14:57:00,36.36449,-122.30637,0.5,211.1,233.0,SEATTLE EXPRESS,IMO9348687,A8PS5,71,0,293,32,10.1,71,A
636020257,2021-07-09T14:58:01,36.36431,-122.30639,0.8,171.7,232.0,SEATTLE EXPRESS,IMO9348687,A8PS5,71,0,293,32,10.1,71,A
636020257,2021-07-09T14:59:09,36.36411,-122.30642,0.5,211.1,233.0,SEATTLE EXPRESS,IMO9348687,A8PS5,71,0,293,32,10.1,71,A
636020257,2021-07-09T15:00:00,36.36395,-122.30643,0.5,212.1,234.0,SEATTLE EXPRESS,IMO9348687,A8PS5,71,0,293,32,10.1,71,A
636020257,2021-07-09T15:01:01,36.36377,-122.30642,0.3,216.5,235.0,SEATTLE EXPRESS,IMO9348687,A8PS5,71,0,293,32,10.1,71,A
636020257,2021-07-09T15:02:09,36.36357,-122.30644,0.4,221.9,236.0,SEATTLE EXPRESS,IMO9348687,A8PS5,71,0,293,32,10.1,71,A
636020257,2021-07-09T15:03:19,36.36331,-122.30655,1.4,229.8,238.0,SEATTLE EXPRESS,IMO9348687,A8PS5,71,0,293,32,10.1,71,A
636020257,2021-07-09T15:04:30,36.36285,-122.30706,2.4,222.8,242.0,SEATTLE EXPRESS,IMO9348687,A8PS5,71,0,293,32,10.1,71,A
636020257,2021-07-09T15:05:32,36.36233,-122.30778,3.6,232.0,248.0,SEATTLE EXPRESS,IMO9348687,A8PS5,71,0,293,32,10.1,71,A
368000890,2021-09-19T12:29:36,36.35713,-122.33665,9.0,155.4,154.0,BETTY R GAMBARELLA,IMO7517478,WDJ6855,31,0,27,8,3.3,31,A
368000890,2021-09-19T12:30:41,36.35470,-122.33520,9.0,154.7,155.0,BETTY R GAMBARELLA,IMO7517478,WDJ6855,31,0,27,8,3.3,31,A
563025600,2021-06-09T18:39:01,36.35599,-122.29262,11.9,341.9,339.0,NYK VIRGO,IMO9312810,9V5456,71,0,338,46,12.0,71,A
563025600,2021-06-09T18:40:02,36.35914,-122.29395,11.9,340.9,339.0,NYK VIRGO,IMO9312810,9V5456,71,0,338,46,12.0,71,A
563025600,2021-06-09T18:41:11,36.36284,-122.29549,11.9,341.5,339.0,NYK VIRGO,IMO9312810,9V5456,71,0,338,46,12.0,71,A
563025600,2021-06-09T18:42:12,36.36606,-122.29688,12.0,340.7,339.0,NYK VIRGO,IMO9312810,9V5456,71,0,338,46,12.0,71,A
563025600,2021-06-09T18:43:22,36.36977,-122.29844,12.0,341.8,339.0,NYK VIRGO,IMO9312810,9V5456,71,0,338,46,12.0,71,A
563025600,2021-06-09T18:44:31,36.37341,-122.29995,11.9,340.9,339.0,NYK VIRGO,IMO9312810,9V5456,71,0,338,46,12.0,71,A
563025600,2021-06-09T18:45:42,36.37714,-122.30140,12.0,343.5,340.0,NYK VIRGO,IMO9312810,9V5456,71,0,338,46,12.0,71,A
563025600,2021-06-09T18:46:52,36.38093,-122.30284,11.9,343.0,339.0,NYK VIRGO,IMO9312810,9V5456,71,0,338,46,12.0,71,A
563025600,2021-06-09T18:48:02,36.38461,-122.30422,11.5,342.6,339.0,NYK VIRGO,IMO9312810,9V5456,71,0,338,46,12.0,71,A
366629000,2021-06-24T08:05:32,36.38161,-122.33560,21.1,156.4,156.0,HORIZON SPIRIT,IMO7729459,WFLG,70,0,272,30,12.4,70,A
366629000,2021-06-24T08:06:38,36.37575,-122.33247,21.2,156.7,156.0,HORIZON SPIRIT,IMO7729459,WFLG,70,0,272,30,12.4,70,A
366629000,2021-06-24T08:07:44,36.36977,-122.32909,21.1,155.3,155.0,HORIZON SPIRIT,IMO7729459,WFLG,70,0,272,30,12.4,70,A
366629000,2021-06-24T08:08:50,36.36374,-122.32582,21.2,157.0,157.0,HORIZON SPIRIT,IMO7729459,WFLG,70,0,272,30,12.4,70,A
370661000,2021-09-08T17:42:20,36.35518,-122.30578,15.3,342.1,343.0,CRONUS LEADER,IMO9464455,3FUK,70,0,199,32,10.0,79,A
370661000,2021-09-08T17:43:29,36.35971,-122.30756,15.4,342.7,343.0,CRONUS LEADER,IMO9464455,3FUK,70,0,199,32,10.0,79,A
370661000,2021-09-08T17:44:38,36.36463,-122.30950,15.7,341.2,342.0,CRONUS LEADER,IMO9464455,3FUK,70,0,199,32,10.0,79,A
370661000,2021-09-08T17:45:44,36.36919,-122.31144,15.8,342.0,342.0,CRONUS LEADER,IMO9464455,3FUK,70,0,199,32,10.0,79,A
370661000,2021-09-08T17:46:50,36.37392,-122.31325,16.0,343.0,343.0,CRONUS LEADER,IMO9464455,3FUK,70,0,199,32,10.0,79,A
370661000,2021-09-08T17:47:56,36.37852,-122.31506,16.0,342.2,342.0,CRONUS LEADER,IMO9464455,3FUK,70,0,199,32,10.0,79,A
370661000,2021-09-08T17:49:02,36.38327,-122.31695,16.1,341.9,341.0,CRONUS LEADER,IMO9464455,3FUK,70,0,199,32,10.0,79,A
370661000,2021-09-08T17:50:03,36.38750,-122.31870,16.0,341.4,341.0,CRONUS LEADER,IMO9464455,3FUK,70,0,199,32,10.0,79,A
367347000,2021-07-04T20:54:13,36.38570,-122.29303,8.7,144.1,145.0,WENDY SEAA,IMO6418625,WDD4689,30,0,36,7,3.2,30,A
244830547,2021-11-10T07:27:05,36.37482,-122.29252,7.5,333.2,330.0,KONINGSDAM,IMO9692557,PBGJ,60,0,297,,,60,A
244830547,2021-11-10T07:28:16,36.37698,-122.29380,7.5,332.1,329.0,KONINGSDAM,IMO9692557,PBGJ,60,0,297,,,60,A
244830547,2021-11-10T07:29:24,36.37913,-122.29512,7.4,333.8,329.0,KONINGSDAM,IMO9692557,PBGJ,60,0,297,,,60,A
244830547,2021-11-10T07:30:34,36.38127,-122.29645,7.3,331.3,329.0,KONINGSDAM,IMO9692557,PBGJ,60,0,297,,,60,A
244830547,2021-11-10T07:31:36,36.38312,-122.29767,7.5,332.2,328.0,KONINGSDAM,IMO9692557,PBGJ,60,0,297,,,60,A
244830547,2021-11-10T07:32:46,36.38527,-122.29903,7.4,334.2,330.0,KONINGSDAM,IMO9692557,PBGJ,60,0,297,,,60,A
244830547,2021-11-10T07:33:54,36.38738,-122.30032,7.3,332.7,330.0,KONINGSDAM,IMO9692557,PBGJ,60,0,297,,,60,A
255806031,2021-09-16T05:01:07,36.37261,-122.33359,20.4,164.4,163.0,MSC MADHU B,IMO9778088,CQIP6,71,0,330,48,10.4,71,A
255806031,2021-09-16T05:02:13,36.36650,-122.33142,20.4,164.2,163.0,MSC MADHU B,IMO9778088,CQIP6,71,0,330,48,10.4,71,A
255806031,2021-09-16T05:03:20,36.36047,-122.32928,20.5,163.8,162.0,MSC MADHU B,IMO9778088,CQIP6,71,0,330,48,10.4,71,A
255806031,2021-09-16T05:04:26,36.35442,-122.32716,20.5,163.8,161.0,MSC MADHU B,IMO9778088,CQIP6,71,0,330,48,10.4,71,A
255806031,2021-09-16T05:00:01,36.37853,-122.33574,20.4,163.3,162.0,MSC MADHU B,IMO9778088,CQIP6,71,0,330,48,10.4,71,A
372956000,2021-06-14T13:25:19,36.37987,-122.29308,9.1,332.0,335.0,ARGENT ASTER,IMO9379959,3ELI8,80,0,174,27,11.3,82,A
372956000,2021-06-14T13:26:31,36.38290,-122.29475,10.3,336.0,340.0,ARGENT ASTER,IMO9379959,3ELI8,80,0,174,27,11.3,82,A
372956000,2021-06-14T13:27:39,36.38625,-122.29627,11.4,339.0,341.0,ARGENT ASTER,IMO9379959,3ELI8,80,0,174,27,11.3,82,A
374077000,2021-11-27T23:16:18,36.36969,-122.33407,11.9,334.6,335.0,CEBU ISLAND,IMO9760653,3FIN8,70,0,179,,,70,A
374077000,2021-11-27T23:17:19,36.37269,-122.33581,11.8,334.9,336.0,CEBU ISLAND,IMO9760653,3FIN8,70,0,179,,,70,A
374077000,2021-11-27T23:11:49,36.35606,-122.32639,11.8,336.8,336.0,CEBU ISLAND,IMO9760653,3FIN8,70,0,179,,,70,A
374077000,2021-11-27T23:14:00,36.36268,-122.33012,11.8,335.4,336.0,CEBU ISLAND,IMO9760653,3FIN8,70,0,179,,,70,A
374077000,2021-11-27T23:10:38,36.35252,-122.32441,11.8,336.9,336.0,CEBU ISLAND,IMO9760653,3FIN8,70,0,179,,,70,A
374077000,2021-11-27T23:12:59,36.35965,-122.32840,11.9,336.0,336.0,CEBU ISLAND,IMO9760653,3FIN8,70,0,179,,,70,A
374077000,2021-11-27T23:15:09,36.36622,-122.33211,11.8,336.0,336.0,CEBU ISLAND,IMO9760653,3FIN8,70,0,179,,,70,A
477014800,2021-06-24T06:54:29,36.36675,-122.33564,11.6,159.6,162.0,SEASPAN HAMBURG,IMO9224300,VRBH6,70,0,259,32,12.6,70,A
477014800,2021-06-24T06:55:41,36.36274,-122.33395,11.6,160.7,162.0,SEASPAN HAMBURG,IMO9224300,VRBH6,70,0,259,32,12.6,70,A
477014800,2021-06-24T06:56:50,36.35963,-122.33257,11.5,160.6,162.0,SEASPAN HAMBURG,IMO9224300,VRBH6,70,0,259,32,12.6,70,A
477014800,2021-06-24T06:57:59,36.35612,-122.33093,11.5,160.2,162.0,SEASPAN HAMBURG,IMO9224300,VRBH6,70,0,259,32,12.6,70,A
477014800,2021-06-24T06:59:00,36.35303,-122.32953,11.5,159.5,162.0,SEASPAN HAMBURG,IMO9224300,VRBH6,70,0,259,32,12.6,70,A
416495000,2021-11-12T04:55:02,36.35558,-122.31757,18.1,342.2,342.0,EVER LOYAL,IMO9604158,BKIZ,70,0,334,45,14.2,74,A
416495000,2021-11-12T04:56:08,36.36087,-122.31967,18.0,342.2,342.0,EVER LOYAL,IMO9604158,BKIZ,70,0,334,45,14.2,74,A
416495000,2021-11-12T04:57:13,36.36580,-122.32154,18.2,342.6,342.0,EVER LOYAL,IMO9604158,BKIZ,70,0,334,45,14.2,74,A
416495000,2021-11-12T04:58:14,36.37053,-122.32338,18.2,342.2,342.0,EVER LOYAL,IMO9604158,BKIZ,70,0,334,45,14.2,74,A
416495000,2021-11-12T04:59:19,36.37591,-122.32548,18.2,342.1,342.0,EVER LOYAL,IMO9604158,BKIZ,70,0,334,45,14.2,74,A
416495000,2021-11-12T05:00:02,36.37928,-122.32683,18.1,340.8,342.0,EVER LOYAL,IMO9604158,BKIZ,70,0,334,45,14.2,74,A
416495000,2021-11-12T05:01:08,36.38465,-122.32898,18.2,341.5,341.0,EVER LOYAL,IMO9604158,BKIZ,70,0,334,45,14.2,74,A
563025600,2021-10-19T03:25:34,36.35266,-122.29833,12.2,340.2,342.0,NYK VIRGO,IMO9312810,9V5456,71,0,338,46,13.1,71,A
563025600,2021-10-19T03:26:43,36.35637,-122.29996,12.3,341.0,342.0,NYK VIRGO,IMO9312810,9V5456,71,0,338,46,13.1,71,A
563025600,2021-10-19T03:27:53,36.36016,-122.30156,12.2,342.0,343.0,NYK VIRGO,IMO9312810,9V5456,71,0,338,46,13.1,71,A
563025600,2021-10-19T03:29:04,36.36409,-122.30309,12.3,343.1,343.0,NYK VIRGO,IMO9312810,9V5456,71,0,338,46,13.1,71,A
563025600,2021-10-19T03:34:53,36.38282,-122.31048,12.0,342.4,342.0,NYK VIRGO,IMO9312810,9V5456,71,0,338,46,13.1,71,A
563025600,2021-10-19T03:30:13,36.36784,-122.30454,12.3,343.2,342.0,NYK VIRGO,IMO9312810,9V5456,71,0,338,46,13.1,71,A
563025600,2021-10-19T03:31:24,36.37163,-122.30604,12.0,341.7,342.0,NYK VIRGO,IMO9312810,9V5456,71,0,338,46,13.1,71,A
563025600,2021-10-19T03:32:34,36.37543,-122.30753,12.0,341.9,342.0,NYK VIRGO,IMO9312810,9V5456,71,0,338,46,13.1,71,A
563025600,2021-10-19T03:33:44,36.37913,-122.30903,12.2,341.6,342.0,NYK VIRGO,IMO9312810,9V5456,71,0,338,46,13.1,71,A
563025600,2021-10-19T03:36:03,36.38662,-122.31207,12.1,341.2,342.0,NYK VIRGO,IMO9312810,9V5456,71,0,338,46,13.1,71,A
366799000,2021-12-16T09:15:22,36.38322,-122.33127,18.3,163.5,166.0,HORIZON PACIFIC,IMO7617890,WSRL,70,0,247,27,10.1,70,A
366799000,2021-12-16T09:20:52,36.35616,-122.32117,18.7,160.9,165.0,HORIZON PACIFIC,IMO7617890,WSRL,70,0,247,27,10.1,70,A
366799000,2021-12-16T09:18:40,36.36689,-122.32516,18.5,164.3,166.0,HORIZON PACIFIC,IMO7617890,WSRL,70,0,247,27,10.1,70,A
366799000,2021-12-16T09:19:46,36.36153,-122.32320,18.6,163.4,166.0,HORIZON PACIFIC,IMO7617890,WSRL,70,0,247,27,10.1,70,A
366799000,2021-12-16T09:16:28,36.37762,-122.32911,18.3,162.3,166.0,HORIZON PACIFIC,IMO7617890,WSRL,70,0,247,27,10.1,70,A
366799000,2021-12-16T09:17:34,36.37223,-122.32710,18.4,163.0,166.0,HORIZON PACIFIC,IMO7617890,WSRL,70,0,247,27,10.1,70,A
432666000,2021-10-17T12:21:44,36.36785,-122.33525,18.9,160.0,160.0,AEGEAN HIGHWAY,IMO9464388,7JDT,70,0,199,32,10.0,70,A
432666000,2021-10-17T12:22:51,36.36243,-122.33278,18.8,159.0,160.0,AEGEAN HIGHWAY,IMO9464388,7JDT,70,0,199,32,10.0,70,A
432666000,2021-10-17T12:23:57,36.35690,-122.33033,18.8,160.0,160.0,AEGEAN HIGHWAY,IMO9464388,7JDT,70,0,199,32,10.0,70,A
366799000,2021-06-17T07:05:32,36.35836,-122.33622,20.6,163.5,164.0,HORIZON PACIFIC,IMO7617890,WSRL,70,0,247,27,10.1,70,A
366799000,2021-06-17T07:06:37,36.35232,-122.33409,20.5,163.6,163.0,HORIZON PACIFIC,IMO7617890,WSRL,70,0,247,27,10.1,70,A
636018560,2021-08-10T20:07:43,36.35618,-122.29822,17.0,158.0,158.0,SEALAND GUAYAQUIL,IMO9383259,A8QP3,71,0,209,30,7.4,71,A
636018560,2021-08-10T20:02:10,36.38050,-122.31050,16.9,156.0,158.0,SEALAND GUAYAQUIL,IMO9383259,A8QP3,71,0,209,30,7.4,71,A
636018560,2021-08-10T20:06:33,36.36124,-122.30072,17.0,159.0,157.0,SEALAND GUAYAQUIL,IMO9383259,A8QP3,71,0,209,30,7.4,71,A
636018560,2021-08-10T20:01:09,36.38483,-122.31300,17.0,157.0,157.0,SEALAND GUAYAQUIL,IMO9383259,A8QP3,71,0,209,30,7.4,71,A
636018560,2021-08-10T20:03:19,36.37550,-122.30783,17.0,158.0,158.0,SEALAND GUAYAQUIL,IMO9383259,A8QP3,71,0,209,30,7.4,71,A
636018560,2021-08-10T20:04:21,36.37095,-122.30566,17.1,158.0,157.0,SEALAND GUAYAQUIL,IMO9383259,A8QP3,71,0,209,30,7.4,71,A
636018560,2021-08-10T20:05:32,36.36583,-122.30300,17.1,157.0,157.0,SEALAND GUAYAQUIL,IMO9383259,A8QP3,71,0,209,30,7.4,71,A
538005443,2021-11-04T05:44:36,36.38532,-122.32012,12.2,162.0,160.0,RADIANT SEA,IMO9316244,V7DX2,80,0,228,32,14.4,80,A
538005443,2021-11-04T05:50:26,36.36643,-122.31258,12.1,161.0,159.0,RADIANT SEA,IMO9316244,V7DX2,80,0,228,32,14.4,80,A
538005443,2021-11-04T05:46:56,36.37775,-122.31697,12.2,161.0,160.0,RADIANT SEA,IMO9316244,V7DX2,80,0,228,32,14.4,80,A
538005443,2021-11-04T05:45:46,36.38155,-122.31860,12.2,161.0,159.0,RADIANT SEA,IMO9316244,V7DX2,80,0,228,32,14.4,80,A
538005443,2021-11-04T05:49:16,36.37018,-122.31405,12.1,163.0,159.0,RADIANT SEA,IMO9316244,V7DX2,80,0,228,32,14.4,80,A
538005443,2021-11-04T05:48:06,36.37398,-122.31552,12.2,162.0,160.0,RADIANT SEA,IMO9316244,V7DX2,80,0,228,32,14.4,80,A
366799000,2021-08-26T07:19:29,36.35334,-122.31024,19.1,157.7,159.0,HORIZON PACIFIC,IMO7617890,WSRL,70,0,247,27,10.1,70,A
366799000,2021-08-26T07:18:23,36.35872,-122.31286,19.3,158.4,159.0,HORIZON PACIFIC,IMO7617890,WSRL,70,0,247,27,10.1,70,A
366799000,2021-08-26T07:13:04,36.38543,-122.32598,19.5,158.9,159.0,HORIZON PACIFIC,IMO7617890,WSRL,70,0,247,27,10.1,70,A
366799000,2021-08-26T07:14:05,36.38042,-122.32346,19.4,156.7,158.0,HORIZON PACIFIC,IMO7617890,WSRL,70,0,247,27,10.1,70,A
366799000,2021-08-26T07:15:11,36.37501,-122.32072,19.4,158.6,160.0,HORIZON PACIFIC,IMO7617890,WSRL,70,0,247,27,10.1,70,A
366799000,2021-08-26T07:16:17,36.36911,-122.31801,19.4,160.3,159.0,HORIZON PACIFIC,IMO7617890,WSRL,70,0,247,27,10.1,70,A
366799000,2021-08-26T07:17:22,36.36369,-122.31536,19.3,157.8,158.0,HORIZON PACIFIC,IMO7617890,WSRL,70,0,247,27,10.1,70,A
477293600,2021-09-26T17:36:06,36.36027,-122.33190,9.9,343.1,341.0,JUMEIRAH BEACH,IMO9642045,VRMY5,70,0,179,28,10.2,79,A
477293600,2021-09-26T17:37:15,36.36326,-122.33311,9.9,341.3,340.0,JUMEIRAH BEACH,IMO9642045,VRMY5,70,0,179,28,10.2,79,A
477293600,2021-09-26T17:38:16,36.36585,-122.33419,9.8,342.1,341.0,JUMEIRAH BEACH,IMO9642045,VRMY5,70,0,179,28,10.2,79,A
477293600,2021-09-26T17:39:25,36.36888,-122.33542,9.8,341.1,340.0,JUMEIRAH BEACH,IMO9642045,VRMY5,70,0,179,28,10.2,79,A
477293600,2021-09-26T17:40:26,36.37150,-122.33649,9.8,341.6,341.0,JUMEIRAH BEACH,IMO9642045,VRMY5,70,0,179,28,10.2,79,A
477293600,2021-09-26T17:33:57,36.35460,-122.32965,9.9,341.0,340.0,JUMEIRAH BEACH,IMO9642045,VRMY5,70,0,179,28,10.2,79,A
477293600,2021-09-26T17:35:05,36.35756,-122.33087,9.9,341.7,341.0,JUMEIRAH BEACH,IMO9642045,VRMY5,70,0,179,28,10.2,79,A
366799000,2021-10-07T07:27:20,36.35480,-122.33704,17.0,160.8,163.0,HORIZON PACIFIC,IMO7617890,WSRL,70,0,247,27,10.1,70,A
310327000,2021-11-09T14:09:14,36.38821,-122.32475,16.6,159.5,163.0,GRAND PRINCESS,IMO9104005,ZCBU5,60,0,289,36,8.5,60,A
310327000,2021-11-09T14:10:20,36.38343,-122.32260,16.5,160.3,163.0,GRAND PRINCESS,IMO9104005,ZCBU5,60,0,289,36,8.5,60,A
310327000,2021-11-09T14:11:26,36.37872,-122.32058,16.5,160.6,163.0,GRAND PRINCESS,IMO9104005,ZCBU5,60,0,289,36,8.5,60,A
310327000,2021-11-09T14:12:32,36.37393,-122.31849,16.6,160.2,163.0,GRAND PRINCESS,IMO9104005,ZCBU5,60,0,289,36,8.5,60,A
310327000,2021-11-09T14:13:37,36.36915,-122.31638,16.6,160.5,163.0,GRAND PRINCESS,IMO9104005,ZCBU5,60,0,289,36,8.5,60,A
310327000,2021-11-09T14:14:43,36.36431,-122.31437,16.6,161.9,165.0,GRAND PRINCESS,IMO9104005,ZCBU5,60,0,289,36,8.5,60,A
310327000,2021-11-09T14:15:49,36.35948,-122.31256,16.5,163.4,165.0,GRAND PRINCESS,IMO9104005,ZCBU5,60,0,289,36,8.5,60,A
310327000,2021-11-09T14:16:56,36.35468,-122.31068,16.5,162.0,164.0,GRAND PRINCESS,IMO9104005,ZCBU5,60,0,289,36,8.5,60,A
366799000,2021-07-15T07:58:59,36.35482,-122.33485,20.4,160.3,162.0,HORIZON PACIFIC,IMO7617890,WSRL,70,0,247,27,10.1,70,A
259976000,2021-11-03T02:43:18,36.35957,-122.29534,14.8,312.3,314.0,NOCC ATLANTIC,IMO9430519,LAHZ7,70,0,199,32,9.5,70,A
259976000,2021-11-03T02:49:49,36.37805,-122.32023,15.2,313.3,315.0,NOCC ATLANTIC,IMO9430519,LAHZ7,70,0,199,32,9.5,70,A
259976000,2021-11-03T02:50:54,36.38119,-122.32439,15.2,312.6,314.0,NOCC ATLANTIC,IMO9430519,LAHZ7,70,0,199,32,9.5,70,A
259976000,2021-11-03T02:52:01,36.38439,-122.32862,15.0,313.3,314.0,NOCC ATLANTIC,IMO9430519,LAHZ7,70,0,199,32,9.5,70,A
259976000,2021-11-03T02:53:06,36.38753,-122.33277,15.1,312.9,315.0,NOCC ATLANTIC,IMO9430519,LAHZ7,70,0,199,32,9.5,70,A
259976000,2021-11-03T02:44:19,36.36236,-122.29917,15.1,312.2,314.0,NOCC ATLANTIC,IMO9430519,LAHZ7,70,0,199,32,9.5,70,A
259976000,2021-11-03T02:45:25,36.36549,-122.30340,15.1,312.9,314.0,NOCC ATLANTIC,IMO9430519,LAHZ7,70,0,199,32,9.5,70,A
259976000,2021-11-03T02:46:30,36.36862,-122.30761,14.9,312.5,314.0,NOCC ATLANTIC,IMO9430519,LAHZ7,70,0,199,32,9.5,70,A
259976000,2021-11-03T02:47:36,36.37176,-122.31181,15.2,313.3,314.0,NOCC ATLANTIC,IMO9430519,LAHZ7,70,0,199,32,9.5,70,A
259976000,2021-11-03T02:48:42,36.37491,-122.31602,15.0,312.3,314.0,NOCC ATLANTIC,IMO9430519,LAHZ7,70,0,199,32,9.5,70,A
310764000,2021-11-23T15:33:35,36.38181,-122.29455,12.7,338.0,338.0,KOBE EXPRESS,IMO9143544,ZCEV2,70,0,293,32,13.6,79,A
310764000,2021-11-23T15:34:44,36.38551,-122.29638,12.6,338.4,338.0,KOBE EXPRESS,IMO9143544,ZCEV2,70,0,293,32,13.6,79,A
310764000,2021-11-23T15:32:24,36.37788,-122.29259,12.7,338.9,338.0,KOBE EXPRESS,IMO9143544,ZCEV2,70,0,293,32,13.6,79,A
209795000,2021-09-18T19:04:26,36.38737,-122.30918,15.9,157.9,157.0,SYNERGY KEELUNG,IMO9450595,5BKF5,74,0,260,32,10.3,74,A
209795000,2021-09-18T19:07:43,36.37395,-122.30222,15.7,157.2,157.0,SYNERGY KEELUNG,IMO9450595,5BKF5,74,0,260,32,10.3,74,A
209795000,2021-09-18T19:08:50,36.36953,-122.29988,15.7,156.4,158.0,SYNERGY KEELUNG,IMO9450595,5BKF5,74,0,260,32,10.3,74,A
209795000,2021-09-18T19:09:55,36.36511,-122.29759,15.7,157.9,158.0,SYNERGY KEELUNG,IMO9450595,5BKF5,74,0,260,32,10.3,74,A
209795000,2021-09-18T19:11:01,36.36066,-122.29531,15.8,157.7,158.0,SYNERGY KEELUNG,IMO9450595,5BKF5,74,0,260,32,10.3,74,A
209795000,2021-09-18T19:12:07,36.35619,-122.29305,15.8,158.4,158.0,SYNERGY KEELUNG,IMO9450595,5BKF5,74,0,260,32,10.3,74,A
209795000,2021-09-18T19:05:31,36.38286,-122.30687,15.8,157.4,157.0,SYNERGY KEELUNG,IMO9450595,5BKF5,74,0,260,32,10.3,74,A
209795000,2021-09-18T19:06:38,36.37841,-122.30454,15.8,157.0,158.0,SYNERGY KEELUNG,IMO9450595,5BKF5,74,0,260,32,10.3,74,A
636091273,2021-11-16T09:45:41,36.35283,-122.33517,12.6,158.7,158.0,NAJADE,IMO9326706,A8LL4,70,0,215,29,11.6,70,A
636091273,2021-11-16T09:44:30,36.35667,-122.33700,12.3,160.3,158.0,NAJADE,IMO9326706,A8LL4,70,0,215,29,11.6,70,A
211327410,2021-06-17T21:26:49,36.37988,-122.29254,9.5,337.1,339.0,TOKYO EXPRESS,IMO9193290,DGTX,70,0,294,32,13.6,79,A
211327410,2021-06-17T21:27:58,36.38273,-122.29392,9.4,338.0,338.0,TOKYO EXPRESS,IMO9193290,DGTX,70,0,294,32,13.6,79,A
211327410,2021-06-17T21:29:08,36.38547,-122.29536,9.3,338.2,337.0,TOKYO EXPRESS,IMO9193290,DGTX,70,0,294,32,13.6,79,A
211327410,2021-06-17T21:30:17,36.38821,-122.29681,9.3,335.3,336.0,TOKYO EXPRESS,IMO9193290,DGTX,70,0,294,32,13.6,79,A
211327410,2021-06-18T14:23:18,36.38787,-122.32747,1.7,140.0,40.0,TOKYO EXPRESS,IMO9193290,DGTX,70,0,294,32,13.6,79,A
211327410,2021-06-18T14:24:29,36.38747,-122.32705,1.6,138.6,39.0,TOKYO EXPRESS,IMO9193290,DGTX,70,0,294,32,13.6,79,A
211327410,2021-06-18T14:25:39,36.38708,-122.32660,1.6,140.6,40.0,TOKYO EXPRESS,IMO9193290,DGTX,70,0,294,32,13.6,79,A
211327410,2021-06-18T14:26:48,36.38668,-122.32619,1.6,137.1,40.0,TOKYO EXPRESS,IMO9193290,DGTX,70,0,294,32,13.6,79,A
211327410,2021-06-18T14:27:58,36.38629,-122.32577,1.6,138.1,41.0,TOKYO EXPRESS,IMO9193290,DGTX,70,0,294,32,13.6,79,A
211327410,2021-06-18T14:29:07,36.38589,-122.32536,1.6,141.6,41.0,TOKYO EXPRESS,IMO9193290,DGTX,70,0,294,32,13.6,79,A
211327410,2021-06-18T14:30:17,36.38553,-122.32495,1.5,139.5,42.0,TOKYO EXPRESS,IMO9193290,DGTX,70,0,294,32,13.6,79,A
211327410,2021-06-18T14:31:18,36.38520,-122.32461,1.5,137.8,44.0,TOKYO EXPRESS,IMO9193290,DGTX,70,0,294,32,13.6,79,A
211327410,2021-06-18T14:32:28,36.38484,-122.32417,1.5,135.0,45.0,TOKYO EXPRESS,IMO9193290,DGTX,70,0,294,32,13.6,79,A
211327410,2021-06-18T14:33:38,36.38447,-122.32373,1.7,138.3,45.0,TOKYO EXPRESS,IMO9193290,DGTX,70,0,294,32,13.6,79,A
211327410,2021-06-18T14:34:48,36.38409,-122.32330,1.6,138.5,45.0,TOKYO EXPRESS,IMO9193290,DGTX,70,0,294,32,13.6,79,A
211327410,2021-06-18T14:35:58,36.38372,-122.32289,1.6,138.5,45.0,TOKYO EXPRESS,IMO9193290,DGTX,70,0,294,32,13.6,79,A
211327410,2021-06-18T14:37:08,36.38334,-122.32245,1.7,141.7,45.0,TOKYO EXPRESS,IMO9193290,DGTX,70,0,294,32,13.6,79,A
211327410,2021-06-18T14:38:09,36.38299,-122.32210,1.6,138.5,45.0,TOKYO EXPRESS,IMO9193290,DGTX,70,0,294,32,13.6,79,A
211327410,2021-06-18T14:39:18,36.38262,-122.32172,1.4,139.0,45.0,TOKYO EXPRESS,IMO9193290,DGTX,70,0,294,32,13.6,79,A
211327410,2021-06-18T14:40:27,36.38227,-122.32135,1.5,139.8,46.0,TOKYO EXPRESS,IMO9193290,DGTX,70,0,294,32,13.6,79,A
211327410,2021-06-18T14:41:28,36.38196,-122.32101,1.5,139.8,46.0,TOKYO EXPRESS,IMO9193290,DGTX,70,0,294,32,13.6,79,A
211327410,2021-06-18T14:42:37,36.38158,-122.32059,1.5,138.8,45.0,TOKYO EXPRESS,IMO9193290,DGTX,70,0,294,32,13.6,79,A
211327410,2021-06-18T14:43:48,36.38119,-122.32018,1.5,141.5,44.0,TOKYO EXPRESS,IMO9193290,DGTX,70,0,294,32,13.6,79,A
211327410,2021-06-18T14:44:49,36.38084,-122.31983,1.6,140.1,43.0,TOKYO EXPRESS,IMO9193290,DGTX,70,0,294,32,13.6,79,A
211327410,2021-06-18T14:45:58,36.38044,-122.31943,1.6,142.6,42.0,TOKYO EXPRESS,IMO9193290,DGTX,70,0,294,32,13.6,79,A
211327410,2021-06-18T14:47:07,36.38007,-122.31908,1.5,139.5,42.0,TOKYO EXPRESS,IMO9193290,DGTX,70,0,294,32,13.6,79,A
211327410,2021-06-18T14:48:09,36.37973,-122.31874,1.5,143.3,42.0,TOKYO EXPRESS,IMO9193290,DGTX,70,0,294,32,13.6,79,A
211327410,2021-06-18T14:49:17,36.37936,-122.31837,1.5,138.5,41.0,TOKYO EXPRESS,IMO9193290,DGTX,70,0,294,32,13.6,79,A
211327410,2021-06-18T14:50:28,36.37899,-122.31801,1.5,142.3,41.0,TOKYO EXPRESS,IMO9193290,DGTX,70,0,294,32,13.6,79,A
211327410,2021-06-18T14:51:38,36.37859,-122.31761,1.6,141.6,41.0,TOKYO EXPRESS,IMO9193290,DGTX,70,0,294,32,13.6,79,A
211327410,2021-06-18T14:52:47,36.37820,-122.31726,1.6,142.6,42.0,TOKYO EXPRESS,IMO9193290,DGTX,70,0,294,32,13.6,79,A
211327410,2021-06-18T14:53:59,36.37779,-122.31689,1.6,147.0,43.0,TOKYO EXPRESS,IMO9193290,DGTX,70,0,294,32,13.6,79,A
211327410,2021-06-18T14:55:09,36.37739,-122.31652,1.5,143.3,42.0,TOKYO EXPRESS,IMO9193290,DGTX,70,0,294,32,13.6,79,A
211327410,2021-06-18T14:56:17,36.37701,-122.31622,1.4,145.0,43.0,TOKYO EXPRESS,IMO9193290,DGTX,70,0,294,32,13.6,79,A
211327410,2021-06-18T14:57:27,36.37664,-122.31590,1.5,144.3,43.0,TOKYO EXPRESS,IMO9193290,DGTX,70,0,294,32,13.6,79,A
211327410,2021-06-18T14:58:28,36.37629,-122.31561,1.5,143.3,43.0,TOKYO EXPRESS,IMO9193290,DGTX,70,0,294,32,13.6,79,A
211327410,2021-06-18T14:59:38,36.37589,-122.31525,1.6,146.0,42.0,TOKYO EXPRESS,IMO9193290,DGTX,70,0,294,32,13.6,79,A
211327410,2021-06-18T15:00:09,36.37570,-122.31509,1.6,146.9,42.0,TOKYO EXPRESS,IMO9193290,DGTX,70,0,294,32,13.6,79,A
211327410,2021-06-18T15:01:18,36.37531,-122.31474,1.5,143.3,42.0,TOKYO EXPRESS,IMO9193290,DGTX,70,0,294,32,13.6,79,A
211327410,2021-06-18T15:02:28,36.37491,-122.31439,1.5,143.3,42.0,TOKYO EXPRESS,IMO9193290,DGTX,70,0,294,32,13.6,79,A
211327410,2021-06-18T15:03:38,36.37453,-122.31405,1.4,145.0,43.0,TOKYO EXPRESS,IMO9193290,DGTX,70,0,294,32,13.6,79,A
211327410,2021-06-18T15:04:47,36.37416,-122.31373,1.3,146.9,43.0,TOKYO EXPRESS,IMO9193290,DGTX,70,0,294,32,13.6,79,A
211327410,2021-06-18T15:05:57,36.37379,-122.31342,1.4,146.0,44.0,TOKYO EXPRESS,IMO9193290,DGTX,70,0,294,32,13.6,79,A
211327410,2021-06-18T15:07:08,36.37341,-122.31304,1.5,145.3,44.0,TOKYO EXPRESS,IMO9193290,DGTX,70,0,294,32,13.6,79,A
211327410,2021-06-18T15:08:09,36.37308,-122.31274,1.5,144.3,43.0,TOKYO EXPRESS,IMO9193290,DGTX,70,0,294,32,13.6,79,A
211327410,2021-06-18T15:09:19,36.37272,-122.31241,1.3,141.7,43.0,TOKYO EXPRESS,IMO9193290,DGTX,70,0,294,32,13.6,79,A
211327410,2021-06-18T15:10:28,36.37235,-122.31205,1.4,143.0,41.0,TOKYO EXPRESS,IMO9193290,DGTX,70,0,294,32,13.6,79,A
211327410,2021-06-18T15:11:39,36.37198,-122.31168,1.5,141.3,40.0,TOKYO EXPRESS,IMO9193290,DGTX,70,0,294,32,13.6,79,A
211327410,2021-06-18T15:12:49,36.37157,-122.31128,1.5,140.3,39.0,TOKYO EXPRESS,IMO9193290,DGTX,70,0,294,32,13.6,79,A
211327410,2021-06-18T15:13:58,36.37119,-122.31088,1.5,140.3,39.0,TOKYO EXPRESS,IMO9193290,DGTX,70,0,294,32,13.6,79,A
211327410,2021-06-18T15:15:07,36.37081,-122.31052,1.5,141.3,40.0,TOKYO EXPRESS,IMO9193290,DGTX,70,0,294,32,13.6,79,A
211327410,2021-06-18T15:16:17,36.37047,-122.31017,1.4,139.1,41.0,TOKYO EXPRESS,IMO9193290,DGTX,70,0,294,32,13.6,79,A
211327410,2021-06-18T15:17:18,36.37017,-122.30987,1.4,139.1,41.0,TOKYO EXPRESS,IMO9193290,DGTX,70,0,294,32,13.6,79,A
211327410,2021-06-18T15:18:29,36.36982,-122.30950,1.4,139.1,41.0,TOKYO EXPRESS,IMO9193290,DGTX,70,0,294,32,13.6,79,A
211327410,2021-06-18T15:19:38,36.36951,-122.30920,1.2,141.4,42.0,TOKYO EXPRESS,IMO9193290,DGTX,70,0,294,32,13.6,79,A
211327410,2021-06-18T15:20:47,36.36917,-122.30883,1.4,140.1,42.0,TOKYO EXPRESS,IMO9193290,DGTX,70,0,294,32,13.6,79,A
211327410,2021-06-18T15:21:48,36.36889,-122.30854,1.3,140.7,42.0,TOKYO EXPRESS,IMO9193290,DGTX,70,0,294,32,13.6,79,A
211327410,2021-06-18T15:22:57,36.36859,-122.30822,1.2,136.7,42.0,TOKYO EXPRESS,IMO9193290,DGTX,70,0,294,32,13.6,79,A
211327410,2021-06-18T15:24:08,36.36829,-122.30790,1.3,138.3,44.0,TOKYO EXPRESS,IMO9193290,DGTX,70,0,294,32,13.6,79,A
211327410,2021-06-18T15:25:09,36.36801,-122.30761,1.4,141.1,43.0,TOKYO EXPRESS,IMO9193290,DGTX,70,0,294,32,13.6,79,A
211327410,2021-06-18T15:26:19,36.36768,-122.30728,1.2,142.4,43.0,TOKYO EXPRESS,IMO9193290,DGTX,70,0,294,32,13.6,79,A
211327410,2021-06-18T15:27:27,36.36738,-122.30696,1.2,142.4,43.0,TOKYO EXPRESS,IMO9193290,DGTX,70,0,294,32,13.6,79,A
211327410,2021-06-18T15:28:39,36.36707,-122.30670,1.2,143.4,44.0,TOKYO EXPRESS,IMO9193290,DGTX,70,0,294,32,13.6,79,A
211327410,2021-06-18T15:29:48,36.36674,-122.30641,1.1,145.3,45.0,TOKYO EXPRESS,IMO9193290,DGTX,70,0,294,32,13.6,79,A
211327410,2021-06-18T15:30:58,36.36644,-122.30615,1.2,145.4,47.0,TOKYO EXPRESS,IMO9193290,DGTX,70,0,294,32,13.6,79,A
211327410,2021-06-18T15:32:09,36.36610,-122.30584,1.2,146.4,47.0,TOKYO EXPRESS,IMO9193290,DGTX,70,0,294,32,13.6,79,A
211327410,2021-06-18T15:33:18,36.36580,-122.30557,1.1,143.1,48.0,TOKYO EXPRESS,IMO9193290,DGTX,70,0,294,32,13.6,79,A
211327410,2021-06-18T15:34:27,36.36551,-122.30529,1.3,143.3,49.0,TOKYO EXPRESS,IMO9193290,DGTX,70,0,294,32,13.6,79,A
211327410,2021-06-18T15:35:38,36.36518,-122.30499,1.2,143.7,49.0,TOKYO EXPRESS,IMO9193290,DGTX,70,0,294,32,13.6,79,A
211327410,2021-06-18T15:36:49,36.36488,-122.30473,1.2,141.0,51.0,TOKYO EXPRESS,IMO9193290,DGTX,70,0,294,32,13.6,79,A
211327410,2021-06-18T15:37:57,36.36457,-122.30442,1.2,142.0,52.0,TOKYO EXPRESS,IMO9193290,DGTX,70,0,294,32,13.6,79,A
211327410,2021-06-18T15:39:08,36.36429,-122.30414,1.2,142.0,52.0,TOKYO EXPRESS,IMO9193290,DGTX,70,0,294,32,13.6,79,A
211327410,2021-06-18T15:40:18,36.36396,-122.30380,1.2,141.0,51.0,TOKYO EXPRESS,IMO9193290,DGTX,70,0,294,32,13.6,79,A
211327410,2021-06-18T15:41:27,36.36369,-122.30349,1.2,140.0,50.0,TOKYO EXPRESS,IMO9193290,DGTX,70,0,294,32,13.6,79,A
211327410,2021-06-18T15:42:38,36.36334,-122.30311,1.4,140.0,50.0,TOKYO EXPRESS,IMO9193290,DGTX,70,0,294,32,13.6,79,A
211327410,2021-06-18T15:43:48,36.36299,-122.30270,1.3,138.0,48.0,TOKYO EXPRESS,IMO9193290,DGTX,70,0,294,32,13.6,79,A
211327410,2021-06-18T15:44:49,36.36276,-122.30242,1.2,133.2,48.0,TOKYO EXPRESS,IMO9193290,DGTX,70,0,294,32,13.6,79,A
211327410,2021-06-18T15:45:58,36.36247,-122.30205,1.4,133.9,48.0,TOKYO EXPRESS,IMO9193290,DGTX,70,0,294,32,13.6,79,A
211327410,2021-06-18T15:46:59,36.36220,-122.30171,1.3,137.0,47.0,TOKYO EXPRESS,IMO9193290,DGTX,70,0,294,32,13.6,79,A
211327410,2021-06-18T15:48:08,36.36190,-122.30131,1.3,131.6,46.0,TOKYO EXPRESS,IMO9193290,DGTX,70,0,294,32,13.6,79,A
211327410,2021-06-18T15:49:17,36.36161,-122.30092,1.3,130.6,45.0,TOKYO EXPRESS,IMO9193290,DGTX,70,0,294,32,13.6,79,A
211327410,2021-06-18T15:50:28,36.36133,-122.30053,1.3,133.0,43.0,TOKYO EXPRESS,IMO9193290,DGTX,70,0,294,32,13.6,79,A
211327410,2021-06-18T15:51:37,36.36107,-122.30015,1.3,132.0,42.0,TOKYO EXPRESS,IMO9193290,DGTX,70,0,294,32,13.6,79,A
211327410,2021-06-18T15:52:48,36.36081,-122.29977,1.1,132.0,42.0,TOKYO EXPRESS,IMO9193290,DGTX,70,0,294,32,13.6,79,A
211327410,2021-06-18T15:53:49,36.36061,-122.29947,1.2,133.0,43.0,TOKYO EXPRESS,IMO9193290,DGTX,70,0,294,32,13.6,79,A
211327410,2021-06-18T15:54:59,36.36033,-122.29906,1.2,132.0,42.0,TOKYO EXPRESS,IMO9193290,DGTX,70,0,294,32,13.6,79,A
211327410,2021-06-18T15:56:09,36.36010,-122.29870,1.1,131.0,41.0,TOKYO EXPRESS,IMO9193290,DGTX,70,0,294,32,13.6,79,A
211327410,2021-06-18T15:57:19,36.35986,-122.29831,1.1,130.0,40.0,TOKYO EXPRESS,IMO9193290,DGTX,70,0,294,32,13.6,79,A
211327410,2021-06-18T15:58:27,36.35961,-122.29792,1.2,128.0,38.0,TOKYO EXPRESS,IMO9193290,DGTX,70,0,294,32,13.6,79,A
211327410,2021-06-18T15:59:39,36.35937,-122.29749,1.2,126.0,36.0,TOKYO EXPRESS,IMO9193290,DGTX,70,0,294,32,13.6,79,A
211327410,2021-06-18T16:00:07,36.35927,-122.29733,1.3,126.0,36.0,TOKYO EXPRESS,IMO9193290,DGTX,70,0,294,32,13.6,79,A
211327410,2021-06-18T16:01:17,36.35900,-122.29689,1.4,128.0,34.0,TOKYO EXPRESS,IMO9193290,DGTX,70,0,294,32,13.6,79,A
211327410,2021-06-18T16:02:27,36.35874,-122.29649,1.3,128.3,35.0,TOKYO EXPRESS,IMO9193290,DGTX,70,0,294,32,13.6,79,A
211327410,2021-06-18T16:03:29,36.35848,-122.29612,1.3,129.3,35.0,TOKYO EXPRESS,IMO9193290,DGTX,70,0,294,32,13.6,79,A
211327410,2021-06-18T16:04:38,36.35821,-122.29575,1.3,130.3,36.0,TOKYO EXPRESS,IMO9193290,DGTX,70,0,294,32,13.6,79,A
211327410,2021-06-18T16:05:47,36.35792,-122.29537,1.3,136.7,38.0,TOKYO EXPRESS,IMO9193290,DGTX,70,0,294,32,13.6,79,A
211327410,2021-06-18T16:06:59,36.35761,-122.29500,1.3,136.7,38.0,TOKYO EXPRESS,IMO9193290,DGTX,70,0,294,32,13.6,79,A
211327410,2021-06-18T16:08:08,36.35731,-122.29463,1.3,136.7,38.0,TOKYO EXPRESS,IMO9193290,DGTX,70,0,294,32,13.6,79,A
211327410,2021-06-18T16:09:18,36.35702,-122.29429,1.2,139.4,40.0,TOKYO EXPRESS,IMO9193290,DGTX,70,0,294,32,13.6,79,A
211327410,2021-06-18T16:10:28,36.35674,-122.29395,1.3,138.7,40.0,TOKYO EXPRESS,IMO9193290,DGTX,70,0,294,32,13.6,79,A
211327410,2021-06-18T16:11:38,36.35642,-122.29362,1.3,138.7,40.0,TOKYO EXPRESS,IMO9193290,DGTX,70,0,294,32,13.6,79,A
211327410,2021-06-18T16:12:48,36.35611,-122.29330,1.3,139.7,41.0,TOKYO EXPRESS,IMO9193290,DGTX,70,0,294,32,13.6,79,A
211327410,2021-06-18T16:13:57,36.35581,-122.29295,1.2,135.7,41.0,TOKYO EXPRESS,IMO9193290,DGTX,70,0,294,32,13.6,79,A
211327410,2021-06-18T16:14:58,36.35554,-122.29268,1.3,139.7,41.0,TOKYO EXPRESS,IMO9193290,DGTX,70,0,294,32,13.6,79,A
636014809,2021-06-27T14:40:28,36.35436,-122.32386,10.6,340.5,340.0,PAMISOS,IMO9460576,A8WQ8,80,0,228,42,14.8,80,A
636014809,2021-06-27T14:41:39,36.35768,-122.32527,10.6,340.7,340.0,PAMISOS,IMO9460576,A8WQ8,80,0,228,42,14.8,80,A
636014809,2021-06-27T14:42:48,36.36088,-122.32666,10.7,340.4,340.0,PAMISOS,IMO9460576,A8WQ8,80,0,228,42,14.8,80,A
636014809,2021-06-27T14:43:58,36.36412,-122.32804,10.7,340.8,340.0,PAMISOS,IMO9460576,A8WQ8,80,0,228,42,14.8,80,A
636014809,2021-06-27T14:45:09,36.36748,-122.32951,10.7,340.4,339.0,PAMISOS,IMO9460576,A8WQ8,80,0,228,42,14.8,80,A
636014809,2021-06-27T14:46:19,36.37072,-122.33101,10.7,339.2,338.0,PAMISOS,IMO9460576,A8WQ8,80,0,228,42,14.8,80,A
636014809,2021-06-27T14:47:28,36.37390,-122.33253,10.7,338.7,338.0,PAMISOS,IMO9460576,A8WQ8,80,0,228,42,14.8,80,A
636014809,2021-06-27T14:48:39,36.37719,-122.33407,10.7,339.2,338.0,PAMISOS,IMO9460576,A8WQ8,80,0,228,42,14.8,80,A
636014809,2021-06-27T14:49:48,36.38035,-122.33553,10.7,339.4,339.0,PAMISOS,IMO9460576,A8WQ8,80,0,228,42,14.8,80,A
372031000,2021-09-06T21:33:37,36.38795,-122.29270,15.5,337.0,340.0,CAPE TOWN HIGHWAY,IMO9565558,3FOK4,70,0,199,32,10.0,70,A
354891000,2021-11-08T10:14:03,36.38208,-122.33632,17.3,162.6,161.0,NYK NEBULA,IMO9337640,3ENG6,70,0,294,32,13.5,72,A
354891000,2021-11-08T10:15:09,36.37695,-122.33424,17.4,161.0,160.0,NYK NEBULA,IMO9337640,3ENG6,70,0,294,32,13.5,72,A
354891000,2021-11-08T10:16:10,36.37237,-122.33234,17.4,161.8,161.0,NYK NEBULA,IMO9337640,3ENG6,70,0,294,32,13.5,72,A
354891000,2021-11-08T10:17:15,36.36726,-122.33034,17.5,163.3,163.0,NYK NEBULA,IMO9337640,3ENG6,70,0,294,32,13.5,72,A
354891000,2021-11-08T10:18:21,36.36212,-122.32853,17.5,165.5,165.0,NYK NEBULA,IMO9337640,3ENG6,70,0,294,32,13.5,72,A
354891000,2021-11-08T10:19:26,36.35711,-122.32689,17.3,163.9,162.0,NYK NEBULA,IMO9337640,3ENG6,70,0,294,32,13.5,72,A
211327410,2021-10-24T08:51:22,36.35333,-122.33707,18.9,160.3,160.0,TOKYO EXPRESS,IMO9193290,DGTX,70,0,294,32,13.6,79,A
416465000,2021-07-02T09:38:02,36.35825,-122.33712,1.6,161.0,55.0,YM UPSURGENCE,IMO9462720,BLHJ,70,0,333,42,13.0,71,A
416465000,2021-07-02T09:39:06,36.35781,-122.33695,1.6,163.0,55.0,YM UPSURGENCE,IMO9462720,BLHJ,70,0,333,42,13.0,71,A
416465000,2021-07-02T09:40:09,36.35737,-122.33676,1.6,162.0,55.0,YM UPSURGENCE,IMO9462720,BLHJ,70,0,333,42,13.0,71,A
416465000,2021-07-02T09:41:12,36.35693,-122.33656,1.6,161.0,55.0,YM UPSURGENCE,IMO9462720,BLHJ,70,0,333,42,13.0,71,A
416465000,2021-07-02T09:42:16,36.35648,-122.33637,1.6,160.0,54.0,YM UPSURGENCE,IMO9462720,BLHJ,70,0,333,42,13.0,71,A
416465000,2021-07-02T09:43:23,36.35601,-122.33618,1.5,162.0,54.0,YM UPSURGENCE,IMO9462720,BLHJ,70,0,333,42,13.0,71,A
416465000,2021-07-02T09:44:26,36.35560,-122.33600,1.5,163.0,53.0,YM UPSURGENCE,IMO9462720,BLHJ,70,0,333,42,13.0,71,A
416465000,2021-07-02T09:45:29,36.35521,-122.33585,1.4,164.0,54.0,YM UPSURGENCE,IMO9462720,BLHJ,70,0,333,42,13.0,71,A
416465000,2021-07-02T09:46:32,36.35481,-122.33569,1.5,163.0,54.0,YM UPSURGENCE,IMO9462720,BLHJ,70,0,333,42,13.0,71,A
416465000,2021-07-02T09:47:36,36.35438,-122.33553,1.5,163.0,54.0,YM UPSURGENCE,IMO9462720,BLHJ,70,0,333,42,13.0,71,A
416465000,2021-07-02T09:48:39,36.35397,-122.33537,1.4,163.0,53.0,YM UPSURGENCE,IMO9462720,BLHJ,70,0,333,42,13.0,71,A
416465000,2021-07-02T09:49:45,36.35353,-122.33519,1.5,163.0,54.0,YM UPSURGENCE,IMO9462720,BLHJ,70,0,333,42,13.0,71,A
416465000,2021-07-02T09:50:55,36.35306,-122.33500,1.6,163.0,54.0,YM UPSURGENCE,IMO9462720,BLHJ,70,0,333,42,13.0,71,A
416465000,2021-07-02T09:51:59,36.35262,-122.33482,1.6,162.0,53.0,YM UPSURGENCE,IMO9462720,BLHJ,70,0,333,42,13.0,71,A
636018471,2021-12-14T12:09:36,36.38705,-122.33301,12.5,157.0,159.0,NAVIOS FELICITAS,IMO9395953,A8UE8,79,0,259,32,10.6,70,A
636018471,2021-12-14T12:10:45,36.38336,-122.33118,12.5,154.9,159.0,NAVIOS FELICITAS,IMO9395953,A8UE8,79,0,259,32,10.6,70,A
636018471,2021-12-14T12:16:36,36.36464,-122.32207,12.3,157.4,158.0,NAVIOS FELICITAS,IMO9395953,A8UE8,79,0,259,32,10.6,70,A
636018471,2021-12-14T12:17:45,36.36089,-122.32031,12.4,159.3,157.0,NAVIOS FELICITAS,IMO9395953,A8UE8,79,0,259,32,10.6,70,A
636018471,2021-12-14T12:18:55,36.35720,-122.31851,12.3,161.3,158.0,NAVIOS FELICITAS,IMO9395953,A8UE8,79,0,259,32,10.6,70,A
636018471,2021-12-14T12:20:04,36.35345,-122.31663,12.5,157.5,158.0,NAVIOS FELICITAS,IMO9395953,A8UE8,79,0,259,32,10.6,70,A
636018471,2021-12-14T12:14:15,36.37215,-122.32562,12.3,155.0,159.0,NAVIOS FELICITAS,IMO9395953,A8UE8,79,0,259,32,10.6,70,A
636018471,2021-12-14T12:15:24,36.36842,-122.32386,12.4,156.1,158.0,NAVIOS FELICITAS,IMO9395953,A8UE8,79,0,259,32,10.6,70,A
636018471,2021-12-14T12:11:55,36.37954,-122.32934,12.6,156.8,157.0,NAVIOS FELICITAS,IMO9395953,A8UE8,79,0,259,32,10.6,70,A
636018471,2021-12-14T12:13:06,36.37581,-122.32749,12.4,163.0,159.0,NAVIOS FELICITAS,IMO9395953,A8UE8,79,0,259,32,10.6,70,A
311003100,2021-11-07T07:37:02,36.35433,-122.33167,13.4,341.7,344.0,CSCC EUROPE,IMO9391593,C6WY7,70,0,199,32,10.0,70,A
311003100,2021-11-07T07:38:11,36.35845,-122.33332,13.5,341.8,344.0,CSCC EUROPE,IMO9391593,C6WY7,70,0,199,32,10.0,70,A
311003100,2021-11-07T07:39:21,36.36266,-122.33501,13.6,341.4,343.0,CSCC EUROPE,IMO9391593,C6WY7,70,0,199,32,10.0,70,A
311003100,2021-11-07T07:40:31,36.36691,-122.33674,13.5,341.8,344.0,CSCC EUROPE,IMO9391593,C6WY7,70,0,199,32,10.0,70,A
354891000,2021-06-30T07:25:00,36.35481,-122.33638,18.4,158.5,159.0,NYK NEBULA,IMO9337640,3ENG6,70,0,294,32,13.5,72,A
310764000,2021-08-17T04:12:07,36.38082,-122.29521,15.2,339.3,339.0,KOBE EXPRESS,IMO9143544,ZCEV2,70,0,293,32,13.6,79,A
310764000,2021-08-17T04:13:08,36.38482,-122.29709,15.1,339.7,339.0,KOBE EXPRESS,IMO9143544,ZCEV2,70,0,293,32,13.6,79,A
310764000,2021-08-17T04:10:55,36.37615,-122.29301,15.3,339.0,339.0,KOBE EXPRESS,IMO9143544,ZCEV2,70,0,293,32,13.6,79,A
370885000,2021-12-12T23:09:48,36.36628,-122.33423,11.3,344.0,339.0,IRIS SKY,IMO9470777,3FQE7,70,0,169,27,9.8,70,A
370885000,2021-12-12T23:10:58,36.36977,-122.33570,11.0,341.0,338.0,IRIS SKY,IMO9470777,3FQE7,70,0,169,27,9.8,70,A
370885000,2021-12-12T23:12:08,36.37308,-122.33712,11.2,340.0,337.0,IRIS SKY,IMO9470777,3FQE7,70,0,169,27,9.8,70,A
370885000,2021-12-12T23:06:18,36.35602,-122.32992,10.9,339.0,338.0,IRIS SKY,IMO9470777,3FQE7,70,0,169,27,9.8,70,A
370885000,2021-12-12T23:07:29,36.35953,-122.33132,11.1,342.0,338.0,IRIS SKY,IMO9470777,3FQE7,70,0,169,27,9.8,70,A
370885000,2021-12-12T23:08:37,36.36290,-122.33283,11.3,340.0,338.0,IRIS SKY,IMO9470777,3FQE7,70,0,169,27,9.8,70,A
370885000,2021-12-12T23:05:07,36.35263,-122.32840,10.7,341.0,337.0,IRIS SKY,IMO9470777,3FQE7,70,0,169,27,9.8,70,A
368198810,2021-06-04T16:08:11,36.37018,-122.33650,5.1,156.5,161.0,JULIE F,IMO7398573,WDM3613,0,0,37,10,4.2,52,A
368198810,2021-06-04T16:09:20,36.36869,-122.33570,4.9,156.1,161.0,JULIE F,IMO7398573,WDM3613,0,0,37,10,4.2,52,A
368198810,2021-06-04T16:10:31,36.36714,-122.33487,5.2,158.7,161.0,JULIE F,IMO7398573,WDM3613,0,0,37,10,4.2,52,A
368198810,2021-06-04T16:11:41,36.36557,-122.33406,5.1,160.2,161.0,JULIE F,IMO7398573,WDM3613,0,0,37,10,4.2,52,A
368198810,2021-06-04T16:12:50,36.36405,-122.33326,5.2,155.3,161.0,JULIE F,IMO7398573,WDM3613,0,0,37,10,4.2,52,A
368198810,2021-06-04T16:14:00,36.36251,-122.33244,5.2,157.3,163.0,JULIE F,IMO7398573,WDM3613,0,0,37,10,4.2,52,A
368198810,2021-06-04T16:15:11,36.36095,-122.33162,5.0,154.9,160.0,JULIE F,IMO7398573,WDM3613,0,0,37,10,4.2,52,A
368198810,2021-06-04T16:16:21,36.35945,-122.33083,5.1,157.4,162.0,JULIE F,IMO7398573,WDM3613,0,0,37,10,4.2,52,A
368198810,2021-06-04T16:17:29,36.35797,-122.33006,5.0,158.7,162.0,JULIE F,IMO7398573,WDM3613,0,0,37,10,4.2,52,A
368198810,2021-06-04T16:18:31,36.35670,-122.32935,4.8,154.1,160.0,JULIE F,IMO7398573,WDM3613,0,0,37,10,4.2,52,A
368198810,2021-06-04T16:19:40,36.35531,-122.32858,4.8,158.4,161.0,JULIE F,IMO7398573,WDM3613,0,0,37,10,4.2,52,A
368198810,2021-06-04T16:20:50,36.35390,-122.32782,4.7,157.3,160.0,JULIE F,IMO7398573,WDM3613,0,0,37,10,4.2,52,A
368198810,2021-06-04T16:21:51,36.35268,-122.32719,4.7,158.6,161.0,JULIE F,IMO7398573,WDM3613,0,0,37,10,4.2,52,A
477067800,2021-10-26T15:19:35,36.38606,-122.29382,13.7,328.2,326.0,OOCL TAIPEI,IMO9477907,VRNR6,70,0,334,42,14.7,70,A
563045300,2021-06-20T02:37:22,36.35371,-122.33686,11.6,165.2,166.0,EAGLE BARCELONA,IMO9795048,9V5377,80,0,250,44,8.7,80,A
564751000,2021-07-27T02:19:45,36.37719,-122.30563,12.0,341.9,343.0,MTM NEW YORK,IMO9749386,9V2992,80,0,179,,,89,A
564751000,2021-07-27T02:20:56,36.38096,-122.30711,12.0,341.8,342.0,MTM NEW YORK,IMO9749386,9V2992,80,0,179,,,89,A
564751000,2021-07-27T02:22:06,36.38462,-122.30866,11.8,338.4,337.0,MTM NEW YORK,IMO9749386,9V2992,80,0,179,,,89,A
564751000,2021-07-27T02:23:16,36.38820,-122.31054,11.9,337.9,338.0,MTM NEW YORK,IMO9749386,9V2992,80,0,179,,,89,A
564751000,2021-07-27T02:12:46,36.35487,-122.29565,12.0,338.2,340.0,MTM NEW YORK,IMO9749386,9V2992,80,0,179,,,89,A
564751000,2021-07-27T02:13:56,36.35852,-122.29735,12.3,340.2,342.0,MTM NEW YORK,IMO9749386,9V2992,80,0,179,,,89,A
564751000,2021-07-27T02:15:06,36.36234,-122.29900,12.1,341.4,343.0,MTM NEW YORK,IMO9749386,9V2992,80,0,179,,,89,A
564751000,2021-07-27T02:16:15,36.36611,-122.30058,12.1,339.8,341.0,MTM NEW YORK,IMO9749386,9V2992,80,0,179,,,89,A
564751000,2021-07-27T02:17:25,36.36971,-122.30236,12.2,338.4,340.0,MTM NEW YORK,IMO9749386,9V2992,80,0,179,,,89,A
564751000,2021-07-27T02:18:36,36.37343,-122.30415,12.1,340.7,344.0,MTM NEW YORK,IMO9749386,9V2992,80,0,179,,,89,A
370885000,2021-07-30T22:57:07,36.38132,-122.29333,14.1,345.0,339.0,IRIS SKY,IMO9470777,3FQE7,70,0,169,27,9.8,70,A
370885000,2021-07-30T22:58:14,36.38530,-122.29478,14.0,343.0,340.0,IRIS SKY,IMO9470777,3FQE7,70,0,169,27,9.8,70,A
538009295,2021-08-06T18:18:50,36.37017,-122.31007,12.0,340.7,340.0,SCOTER,IMO9902299,V7A4557,70,0,180,30,6.3,70,A
538009295,2021-08-06T18:19:58,36.37383,-122.31150,12.1,342.8,341.0,SCOTER,IMO9902299,V7A4557,70,0,180,30,6.3,70,A
538009295,2021-08-06T18:23:19,36.38484,-122.31562,12.4,341.9,340.0,SCOTER,IMO9902299,V7A4557,70,0,180,30,6.3,70,A
538009295,2021-08-06T18:20:59,36.37710,-122.31271,12.2,342.4,340.0,SCOTER,IMO9902299,V7A4557,70,0,180,30,6.3,70,A
538009295,2021-08-06T18:22:09,36.38098,-122.31418,12.2,344.0,341.0,SCOTER,IMO9902299,V7A4557,70,0,180,30,6.3,70,A
538009295,2021-08-06T18:14:09,36.35507,-122.30424,11.9,342.8,341.0,SCOTER,IMO9902299,V7A4557,70,0,180,30,6.3,70,A
538009295,2021-08-06T18:15:18,36.35875,-122.30569,12.0,342.5,341.0,SCOTER,IMO9902299,V7A4557,70,0,180,30,6.3,70,A
538009295,2021-08-06T18:16:28,36.36252,-122.30716,12.0,341.5,340.0,SCOTER,IMO9902299,V7A4557,70,0,180,30,6.3,70,A
538009295,2021-08-06T18:17:39,36.36629,-122.30859,12.0,344.1,341.0,SCOTER,IMO9902299,V7A4557,70,0,180,30,6.3,70,A
477794000,2021-11-16T14:03:12,36.38652,-122.32323,14.3,160.0,160.0,KIWI TRADER,IMO9218313,VRWN7,70,0,176,29,9.6,70,A
477794000,2021-11-16T14:04:18,36.38232,-122.32139,14.3,160.2,160.0,KIWI TRADER,IMO9218313,VRWN7,70,0,176,29,9.6,70,A
477794000,2021-11-16T14:09:48,36.36101,-122.31182,14.5,159.7,160.0,KIWI TRADER,IMO9218313,VRWN7,70,0,176,29,9.6,70,A
477794000,2021-11-16T14:10:54,36.35726,-122.31016,14.4,160.1,161.0,KIWI TRADER,IMO9218313,VRWN7,70,0,176,29,9.6,70,A
477794000,2021-11-16T14:08:42,36.36562,-122.31391,14.4,159.8,160.0,KIWI TRADER,IMO9218313,VRWN7,70,0,176,29,9.6,70,A
477794000,2021-11-16T14:12:00,36.35312,-122.30837,14.6,160.6,161.0,KIWI TRADER,IMO9218313,VRWN7,70,0,176,29,9.6,70,A
477794000,2021-11-16T14:05:24,36.37817,-122.31952,14.4,160.1,159.0,KIWI TRADER,IMO9218313,VRWN7,70,0,176,29,9.6,70,A
477794000,2021-11-16T14:06:30,36.37397,-122.31765,14.3,160.1,160.0,KIWI TRADER,IMO9218313,VRWN7,70,0,176,29,9.6,70,A
477794000,2021-11-16T14:07:35,36.36973,-122.31573,14.4,159.9,160.0,KIWI TRADER,IMO9218313,VRWN7,70,0,176,29,9.6,70,A
