MMSI,BaseDateTime,LAT,LON,SOG,COG,Heading,VesselName,IMO,CallSign,VesselType,Status,Length,Width,Draft,Cargo,TransceiverClass
316017297,2024-05-03T18:37:51,20.09340,-155.88917,5.0,144.0,140.0,CARIBANA,,CFK9771,36,,6,2,,,B
316017297,2024-05-03T18:39:22,20.09170,-155.88777,5.0,139.0,140.0,CARIBANA,,CFK9771,36,,6,2,,,B
316017297,2024-05-03T18:40:51,20.09001,-155.88645,4.9,143.2,142.0,CARIBANA,,CFK9771,36,,6,2,,,B
316017297,2024-05-03T18:41:52,20.08883,-155.88556,5.1,142.0,142.0,CARIBANA,,CFK9771,36,,6,2,,,B
316017297,2024-05-03T18:43:21,20.08711,-155.88429,5.0,146.1,141.0,CARIBANA,,CFK9771,36,,6,2,,,B
316017297,2024-05-03T18:44:25,20.08589,-155.88336,4.9,146.2,141.0,CARIBANA,,CFK9771,36,,6,2,,,B
316017297,2024-05-03T18:45:51,20.08425,-155.88209,5.4,141.7,139.0,CARIBANA,,CFK9771,36,,6,2,,,B
316017297,2024-05-03T18:47:21,20.08239,-155.88060,5.8,146.0,139.0,CARIBANA,,CFK9771,36,,6,2,,,B
316017297,2024-05-03T18:48:23,20.08104,-155.87955,5.9,145.5,139.0,CARIBANA,,CFK9771,36,,6,2,,,B
316017297,2024-05-03T18:49:51,20.07915,-155.87805,5.1,144.9,140.0,CARIBANA,,CFK9771,36,,6,2,,,B
316017297,2024-05-03T18:50:52,20.07801,-155.87713,5.4,148.6,137.0,CARIBANA,,CFK9771,36,,6,2,,,B
316017297,2024-05-03T18:52:22,20.07628,-155.87573,4.9,140.8,139.0,CARIBANA,,CFK9771,36,,6,2,,,B
316017297,2024-05-03T18:53:51,20.07453,-155.87431,5.3,139.6,140.0,CARIBANA,,CFK9771,36,,6,2,,,B
316017297,2024-05-03T18:54:53,20.07331,-155.87336,5.3,149.6,141.0,CARIBANA,,CFK9771,36,,6,2,,,B
316017297,2024-05-03T18:56:21,20.07161,-155.87199,5.2,139.1,139.0,CARIBANA,,CFK9771,36,,6,2,,,B
316017297,2024-05-03T18:57:51,20.06986,-155.87063,5.0,148.0,141.0,CARIBANA,,CFK9771,36,,6,2,,,B
316017297,2024-05-03T18:59:21,20.06811,-155.86932,5.0,147.4,139.0,CARIBANA,,CFK9771,36,,6,2,,,B
316017297,2024-05-03T19:00:22,20.06693,-155.86839,5.3,141.0,141.0,CARIBANA,,CFK9771,36,,6,2,,,B
316017297,2024-05-03T19:01:54,20.06509,-155.86704,5.1,142.9,138.0,CARIBANA,,CFK9771,36,,6,2,,,B
316017297,2024-05-03T19:03:22,20.06327,-155.86568,5.4,143.2,139.0,CARIBANA,,CFK9771,36,,6,2,,,B
316017297,2024-05-03T19:04:52,20.06155,-155.86436,5.2,142.6,138.0,CARIBANA,,CFK9771,36,,6,2,,,B
316017297,2024-05-03T19:06:21,20.05986,-155.86300,5.2,144.5,138.0,CARIBANA,,CFK9771,36,,6,2,,,B
316017297,2024-05-03T19:07:22,20.05869,-155.86211,5.1,144.2,140.0,CARIBANA,,CFK9771,36,,6,2,,,B
367056982,2024-02-18T15:45:08,20.06971,-155.88889,5.3,124.2,511.0,HOKU-LOA,IMO9032795,WCU5446,32,0,35,10,3.5,32,A
367056982,2024-02-18T15:46:18,20.06880,-155.88735,5.3,124.2,511.0,HOKU-LOA,IMO9032795,WCU5446,32,0,35,10,3.5,32,A
367056982,2024-02-18T15:47:29,20.06784,-155.88577,5.3,123.9,511.0,HOKU-LOA,IMO9032795,WCU5446,32,0,35,10,3.5,32,A
367056982,2024-02-18T15:48:38,20.06691,-155.88423,5.1,120.1,511.0,HOKU-LOA,IMO9032795,WCU5446,32,0,35,10,3.5,32,A
367056982,2024-02-18T15:49:48,20.06599,-155.88266,5.5,120.6,511.0,HOKU-LOA,IMO9032795,WCU5446,32,0,35,10,3.5,32,A
367056982,2024-02-18T15:50:58,20.06495,-155.88097,5.9,124.3,511.0,HOKU-LOA,IMO9032795,WCU5446,32,0,35,10,3.5,32,A
367056982,2024-02-18T15:52:09,20.06384,-155.87918,6.3,123.1,511.0,HOKU-LOA,IMO9032795,WCU5446,32,0,35,10,3.5,32,A
367056982,2024-02-18T15:53:20,20.06268,-155.87733,6.6,123.9,511.0,HOKU-LOA,IMO9032795,WCU5446,32,0,35,10,3.5,32,A
367056982,2024-02-18T15:54:29,20.06152,-155.87553,6.5,125.3,511.0,HOKU-LOA,IMO9032795,WCU5446,32,0,35,10,3.5,32,A
367056982,2024-02-18T15:55:39,20.06035,-155.87372,6.2,126.5,511.0,HOKU-LOA,IMO9032795,WCU5446,32,0,35,10,3.5,32,A
367056982,2024-02-18T15:56:49,20.05917,-155.87188,6.6,124.7,511.0,HOKU-LOA,IMO9032795,WCU5446,32,0,35,10,3.5,32,A
367056982,2024-02-18T19:31:35,20.05960,-155.87304,8.5,304.6,511.0,HOKU-LOA,IMO9032795,WCU5446,32,0,35,10,3.5,32,A
367056982,2024-02-18T19:32:44,20.06109,-155.87547,8.3,302.2,511.0,HOKU-LOA,IMO9032795,WCU5446,32,0,35,10,3.5,32,A
367056982,2024-02-18T19:33:53,20.06256,-155.87789,8.6,303.0,511.0,HOKU-LOA,IMO9032795,WCU5446,32,0,35,10,3.5,32,A
367056982,2024-02-18T19:35:04,20.06404,-155.88033,8.4,305.2,511.0,HOKU-LOA,IMO9032795,WCU5446,32,0,35,10,3.5,32,A
367056982,2024-02-18T19:36:13,20.06553,-155.88274,8.5,302.4,511.0,HOKU-LOA,IMO9032795,WCU5446,32,0,35,10,3.5,32,A
367056982,2024-02-18T19:37:23,20.06705,-155.88521,8.4,304.6,511.0,HOKU-LOA,IMO9032795,WCU5446,32,0,35,10,3.5,32,A
367056982,2024-02-18T19:38:34,20.06855,-155.88769,8.7,303.9,511.0,HOKU-LOA,IMO9032795,WCU5446,32,0,35,10,3.5,32,A
367056982,2024-02-18T19:39:44,20.07007,-155.89014,8.5,302.8,511.0,HOKU-LOA,IMO9032795,WCU5446,32,0,35,10,3.5,32,A
368806000,2024-02-13T20:29:29,20.05892,-155.88707,10.1,100.5,100.0,USAV LTG W. BUNKER,,AAEF,35,0,83,18,4.0,35,A
368806000,2024-02-14T23:52:00,20.05921,-155.87195,9.5,319.8,309.0,USAV LTG W. BUNKER,,AAEF,35,0,83,18,4.0,35,A
368806000,2024-02-14T23:53:09,20.06107,-155.87437,9.4,299.5,296.0,USAV LTG W. BUNKER,,AAEF,35,0,83,18,4.0,35,A
368806000,2024-02-14T23:54:17,20.06250,-155.87712,9.7,296.6,294.0,USAV LTG W. BUNKER,,AAEF,35,0,83,18,4.0,35,A
368806000,2024-02-14T23:55:27,20.06387,-155.88011,9.6,296.2,293.0,USAV LTG W. BUNKER,,AAEF,35,0,83,18,4.0,35,A
368806000,2024-02-14T23:56:39,20.06524,-155.88313,9.6,296.2,293.0,USAV LTG W. BUNKER,,AAEF,35,0,83,18,4.0,35,A
368806000,2024-02-14T23:57:48,20.06660,-155.88611,9.6,294.9,293.0,USAV LTG W. BUNKER,,AAEF,35,0,83,18,4.0,35,A
368806000,2024-02-14T23:59:07,20.06816,-155.88951,10.0,294.8,293.0,USAV LTG W. BUNKER,,AAEF,35,0,83,18,4.0,35,A
368887000,2024-02-14T19:43:18,20.06448,-155.88705,10.4,114.3,114.0,USNS CITY OF BISMARC,IMO9677571,NBMK,35,0,103,29,4.4,35,A
368887000,2024-02-14T19:44:28,20.06313,-155.88375,10.4,114.5,115.0,USNS CITY OF BISMARC,IMO9677571,NBMK,35,0,103,29,4.4,35,A
368887000,2024-02-14T19:45:38,20.06190,-155.88047,9.7,111.4,113.0,USNS CITY OF BISMARC,IMO9677571,NBMK,35,0,103,29,4.4,35,A
368887000,2024-02-14T19:46:47,20.06078,-155.87747,9.4,112.1,113.0,USNS CITY OF BISMARC,IMO9677571,NBMK,35,0,103,29,4.4,35,A
368887000,2024-02-14T19:47:57,20.05967,-155.87445,9.4,111.6,113.0,USNS CITY OF BISMARC,IMO9677571,NBMK,35,0,103,29,4.4,35,A
368887000,2024-02-15T16:23:28,20.05997,-155.87833,16.3,290.8,292.0,USNS CITY OF BISMARC,IMO9677571,NBMK,35,0,103,29,4.4,35,A
368887000,2024-02-15T16:24:33,20.06177,-155.88330,16.4,291.5,292.0,USNS CITY OF BISMARC,IMO9677571,NBMK,35,0,103,29,4.4,35,A
368887000,2024-02-15T16:25:34,20.06343,-155.88780,16.2,291.4,292.0,USNS CITY OF BISMARC,IMO9677571,NBMK,35,0,103,29,4.4,35,A
368887000,2024-02-22T16:22:16,20.06333,-155.88860,9.6,117.5,118.0,USNS CITY OF BISMARC,IMO9677571,NBMK,35,0,103,29,4.4,35,A
368887000,2024-02-22T16:23:27,20.06262,-155.88703,3.3,115.8,118.0,USNS CITY OF BISMARC,IMO9677571,NBMK,35,0,103,29,4.4,35,A
368887000,2024-02-22T16:24:36,20.06217,-155.88608,2.3,118.7,123.0,USNS CITY OF BISMARC,IMO9677571,NBMK,35,0,103,29,4.4,35,A
368887000,2024-02-22T16:25:46,20.06195,-155.88565,2.4,124.8,127.0,USNS CITY OF BISMARC,IMO9677571,NBMK,35,0,103,29,4.4,35,A
368887000,2024-02-22T16:26:56,20.06132,-155.88418,3.4,106.8,112.0,USNS CITY OF BISMARC,IMO9677571,NBMK,35,0,103,29,4.4,35,A
368887000,2024-02-22T16:28:05,20.06117,-155.88345,1.4,93.8,112.0,USNS CITY OF BISMARC,IMO9677571,NBMK,35,0,103,29,4.4,35,A
368887000,2024-02-22T16:29:16,20.06095,-155.88272,1.9,113.3,120.0,USNS CITY OF BISMARC,IMO9677571,NBMK,35,0,103,29,4.4,35,A
368887000,2024-02-22T16:30:27,20.06068,-155.88218,0.9,120.3,128.0,USNS CITY OF BISMARC,IMO9677571,NBMK,35,0,103,29,4.4,35,A
368887000,2024-02-22T16:31:37,20.06050,-155.88180,1.0,122.6,124.0,USNS CITY OF BISMARC,IMO9677571,NBMK,35,0,103,29,4.4,35,A
368887000,2024-02-22T16:32:47,20.06035,-155.88148,1.0,116.5,123.0,USNS CITY OF BISMARC,IMO9677571,NBMK,35,0,103,29,4.4,35,A
368887000,2024-02-22T16:34:05,20.05933,-155.87907,10.8,111.2,112.0,USNS CITY OF BISMARC,IMO9677571,NBMK,35,0,103,29,4.4,35,A
368887000,2024-02-23T02:45:46,20.05900,-155.86608,9.6,293.6,291.0,USNS CITY OF BISMARC,IMO9677571,NBMK,35,0,103,29,4.4,35,A
368887000,2024-02-23T02:47:06,20.06048,-155.86957,9.7,292.5,290.0,USNS CITY OF BISMARC,IMO9677571,NBMK,35,0,103,29,4.4,35,A
368887000,2024-02-23T02:48:16,20.06178,-155.87267,10.0,294.8,292.0,USNS CITY OF BISMARC,IMO9677571,NBMK,35,0,103,29,4.4,35,A
368887000,2024-02-23T02:49:26,20.06308,-155.87588,10.1,292.8,290.0,USNS CITY OF BISMARC,IMO9677571,NBMK,35,0,103,29,4.4,35,A
368887000,2024-02-23T02:50:35,20.06423,-155.87907,9.9,287.6,288.0,USNS CITY OF BISMARC,IMO9677571,NBMK,35,0,103,29,4.4,35,A
368887000,2024-02-23T02:51:45,20.06523,-155.88225,9.5,291.2,294.0,USNS CITY OF BISMARC,IMO9677571,NBMK,35,0,103,29,4.4,35,A
368887000,2024-02-23T02:52:56,20.06630,-155.88538,9.6,287.6,290.0,USNS CITY OF BISMARC,IMO9677571,NBMK,35,0,103,29,4.4,35,A
368887000,2024-02-23T02:53:57,20.06715,-155.88810,9.5,290.0,292.0,USNS CITY OF BISMARC,IMO9677571,NBMK,35,0,103,29,4.4,35,A
366254000,2024-02-20T16:05:41,20.06677,-155.88961,8.6,115.8,114.0,KAPENA JACK YOUNG,IMO9816854,WDK2430,32,11,37,11,5.0,32,A
366254000,2024-02-20T16:06:42,20.06588,-155.88764,6.8,115.6,114.0,KAPENA JACK YOUNG,IMO9816854,WDK2430,32,11,37,11,5.0,32,A
366254000,2024-02-20T16:07:49,20.06494,-155.88566,6.2,117.1,114.0,KAPENA JACK YOUNG,IMO9816854,WDK2430,32,11,37,11,5.0,32,A
366254000,2024-02-20T16:08:59,20.06404,-155.88381,5.9,117.7,115.0,KAPENA JACK YOUNG,IMO9816854,WDK2430,32,11,37,11,5.0,32,A
366254000,2024-02-20T16:10:09,20.06317,-155.88205,5.0,118.0,114.0,KAPENA JACK YOUNG,IMO9816854,WDK2430,32,11,37,11,5.0,32,A
366254000,2024-02-20T16:11:11,20.06257,-155.88090,4.2,118.5,114.0,KAPENA JACK YOUNG,IMO9816854,WDK2430,32,11,37,11,5.0,32,A
366254000,2024-02-20T16:12:19,20.06190,-155.87962,4.2,118.9,115.0,KAPENA JACK YOUNG,IMO9816854,WDK2430,32,11,37,11,5.0,32,A
366254000,2024-02-20T16:13:30,20.06122,-155.87833,4.2,120.3,115.0,KAPENA JACK YOUNG,IMO9816854,WDK2430,32,11,37,11,5.0,32,A
366254000,2024-02-20T16:14:40,20.06055,-155.87713,4.0,121.5,115.0,KAPENA JACK YOUNG,IMO9816854,WDK2430,32,11,37,11,5.0,32,A
366254000,2024-02-20T16:16:00,20.05982,-155.87576,3.8,120.6,111.0,KAPENA JACK YOUNG,IMO9816854,WDK2430,32,11,37,11,5.0,32,A
366254000,2024-02-20T16:17:09,20.05923,-155.87458,3.9,117.5,112.0,KAPENA JACK YOUNG,IMO9816854,WDK2430,32,11,37,11,5.0,32,A
366254000,2024-02-20T16:18:21,20.05858,-155.87334,4.0,120.1,112.0,KAPENA JACK YOUNG,IMO9816854,WDK2430,32,11,37,11,5.0,32,A
366254000,2024-03-29T17:13:23,20.07186,-155.88979,9.7,133.1,136.0,KAPENA JACK YOUNG,IMO9816854,WDK2430,32,11,37,11,5.0,32,A
366254000,2024-03-29T17:14:32,20.06978,-155.88735,9.7,128.3,132.0,KAPENA JACK YOUNG,IMO9816854,WDK2430,32,11,37,11,5.0,32,A
366254000,2024-03-29T17:15:42,20.06790,-155.88471,8.5,125.4,127.0,KAPENA JACK YOUNG,IMO9816854,WDK2430,32,11,37,11,5.0,32,A
366254000,2024-03-29T17:16:53,20.06654,-155.88266,7.2,125.2,127.0,KAPENA JACK YOUNG,IMO9816854,WDK2430,32,11,37,11,5.0,32,A
366254000,2024-03-29T17:18:03,20.06522,-155.88068,6.6,126.0,128.0,KAPENA JACK YOUNG,IMO9816854,WDK2430,32,11,37,11,5.0,32,A
366254000,2024-03-29T17:19:05,20.06422,-155.87905,6.2,121.4,125.0,KAPENA JACK YOUNG,IMO9816854,WDK2430,32,11,37,11,5.0,32,A
366254000,2024-03-29T17:20:23,20.06303,-155.87699,6.3,121.8,123.0,KAPENA JACK YOUNG,IMO9816854,WDK2430,32,11,37,11,5.0,32,A
366254000,2024-03-29T17:21:33,20.06195,-155.87514,6.4,121.9,123.0,KAPENA JACK YOUNG,IMO9816854,WDK2430,32,11,37,11,5.0,32,A
366254000,2024-03-29T17:22:38,20.06091,-155.87336,6.4,121.8,124.0,KAPENA JACK YOUNG,IMO9816854,WDK2430,32,11,37,11,5.0,32,A
366254000,2024-03-29T17:23:40,20.05993,-155.87171,6.3,123.0,123.0,KAPENA JACK YOUNG,IMO9816854,WDK2430,32,11,37,11,5.0,32,A
366254000,2024-03-29T17:24:42,20.05893,-155.87006,6.4,122.0,123.0,KAPENA JACK YOUNG,IMO9816854,WDK2430,32,11,37,11,5.0,32,A
366254000,2024-05-10T15:05:29,20.06749,-155.89008,7.6,119.6,118.0,KAPENA JACK YOUNG,IMO9816854,WDK2430,32,11,37,11,5.0,32,A
366254000,2024-05-10T15:06:47,20.06612,-155.88758,7.4,120.0,119.0,KAPENA JACK YOUNG,IMO9816854,WDK2430,32,11,37,11,5.0,32,A
366254000,2024-05-10T15:07:58,20.06492,-155.88532,7.5,118.4,119.0,KAPENA JACK YOUNG,IMO9816854,WDK2430,32,11,37,11,5.0,32,A
366254000,2024-05-10T15:09:08,20.06377,-155.88304,7.4,118.6,119.0,KAPENA JACK YOUNG,IMO9816854,WDK2430,32,11,37,11,5.0,32,A
366254000,2024-05-10T15:10:19,20.06265,-155.88079,7.4,117.9,119.0,KAPENA JACK YOUNG,IMO9816854,WDK2430,32,11,37,11,5.0,32,A
366254000,2024-05-10T15:11:48,20.06123,-155.87789,7.3,117.0,119.0,KAPENA JACK YOUNG,IMO9816854,WDK2430,32,11,37,11,5.0,32,A
366254000,2024-05-10T15:12:59,20.06015,-155.87567,7.2,116.3,118.0,KAPENA JACK YOUNG,IMO9816854,WDK2430,32,11,37,11,5.0,32,A
366254000,2024-05-10T15:14:00,20.05919,-155.87379,6.0,125.5,128.0,KAPENA JACK YOUNG,IMO9816854,WDK2430,32,11,37,11,5.0,32,A
366254000,2024-04-24T05:21:51,20.06030,-155.89002,9.8,328.7,330.0,KAPENA JACK YOUNG,IMO9816854,WDK2430,32,11,37,11,5.0,32,A
366254000,2024-02-23T15:22:03,20.06671,-155.88869,8.3,118.9,122.0,KAPENA JACK YOUNG,IMO9816854,WDK2430,32,0,37,11,5.0,32,A
366254000,2024-02-23T15:23:13,20.06539,-155.88625,8.1,120.1,122.0,KAPENA JACK YOUNG,IMO9816854,WDK2430,32,0,37,11,5.0,32,A
366254000,2024-02-23T15:24:31,20.06390,-155.88350,8.2,121.0,122.0,KAPENA JACK YOUNG,IMO9816854,WDK2430,32,0,37,11,5.0,32,A
366254000,2024-02-23T15:25:42,20.06264,-155.88099,8.1,119.6,124.0,KAPENA JACK YOUNG,IMO9816854,WDK2430,32,0,37,11,5.0,32,A
366254000,2024-02-23T15:26:43,20.06149,-155.87893,8.0,120.6,123.0,KAPENA JACK YOUNG,IMO9816854,WDK2430,32,0,37,11,5.0,32,A
366254000,2024-02-23T15:27:53,20.06022,-155.87660,7.4,119.4,123.0,KAPENA JACK YOUNG,IMO9816854,WDK2430,32,0,37,11,5.0,32,A
366254000,2024-02-23T15:29:03,20.05903,-155.87439,7.2,119.7,123.0,KAPENA JACK YOUNG,IMO9816854,WDK2430,32,0,37,11,5.0,32,A
366254000,2024-03-27T06:17:43,20.06014,-155.87837,9.6,308.2,310.0,KAPENA JACK YOUNG,IMO9816854,WDK2430,32,11,37,11,5.0,32,A
366254000,2024-03-27T06:18:52,20.06203,-155.88095,9.7,307.7,310.0,KAPENA JACK YOUNG,IMO9816854,WDK2430,32,11,37,11,5.0,32,A
366254000,2024-03-27T06:20:03,20.06401,-155.88361,9.7,307.7,309.0,KAPENA JACK YOUNG,IMO9816854,WDK2430,32,11,37,11,5.0,32,A
366254000,2024-03-27T06:21:10,20.06592,-155.88619,9.8,307.7,310.0,KAPENA JACK YOUNG,IMO9816854,WDK2430,32,11,37,11,5.0,32,A
366254000,2024-03-27T06:22:13,20.06766,-155.88854,9.8,308.3,310.0,KAPENA JACK YOUNG,IMO9816854,WDK2430,32,11,37,11,5.0,32,A
367151310,2024-04-15T15:04:53,20.06694,-155.88886,6.7,125.5,511.0,AMERICAN CONTENDER,IMO8842284,WBO8595,52,0,27,9,3.2,52,A
367151310,2024-04-15T15:06:03,20.06594,-155.88684,6.6,119.7,511.0,AMERICAN CONTENDER,IMO8842284,WBO8595,52,0,27,9,3.2,52,A
367151310,2024-04-15T15:07:13,20.06496,-155.88482,6.7,107.9,511.0,AMERICAN CONTENDER,IMO8842284,WBO8595,52,0,27,9,3.2,52,A
367151310,2024-04-15T15:08:32,20.06380,-155.88254,6.6,114.3,511.0,AMERICAN CONTENDER,IMO8842284,WBO8595,52,0,27,9,3.2,52,A
367151310,2024-04-15T15:09:43,20.06278,-155.88056,6.9,114.2,511.0,AMERICAN CONTENDER,IMO8842284,WBO8595,52,0,27,9,3.2,52,A
367151310,2024-04-15T15:10:53,20.06174,-155.87853,6.2,115.1,511.0,AMERICAN CONTENDER,IMO8842284,WBO8595,52,0,27,9,3.2,52,A
367151310,2024-04-15T15:12:02,20.06074,-155.87659,7.0,106.2,511.0,AMERICAN CONTENDER,IMO8842284,WBO8595,52,0,27,9,3.2,52,A
367151310,2024-04-15T15:13:13,20.05968,-155.87457,6.7,112.2,511.0,AMERICAN CONTENDER,IMO8842284,WBO8595,52,0,27,9,3.2,52,A
367151310,2024-04-15T15:14:22,20.05864,-155.87262,6.6,121.8,511.0,AMERICAN CONTENDER,IMO8842284,WBO8595,52,0,27,9,3.2,52,A
366254000,2024-04-06T09:28:17,20.05877,-155.86933,9.7,302.2,304.0,KAPENA JACK YOUNG,IMO9816854,WDK2430,32,11,37,11,5.0,32,A
366254000,2024-04-06T09:29:18,20.06022,-155.87178,9.6,301.9,304.0,KAPENA JACK YOUNG,IMO9816854,WDK2430,32,11,37,11,5.0,32,A
366254000,2024-04-06T09:30:28,20.06183,-155.87460,9.7,300.9,304.0,KAPENA JACK YOUNG,IMO9816854,WDK2430,32,11,37,11,5.0,32,A
366254000,2024-04-06T09:31:38,20.06352,-155.87750,9.8,302.3,305.0,KAPENA JACK YOUNG,IMO9816854,WDK2430,32,11,37,11,5.0,32,A
366254000,2024-04-06T09:32:42,20.06505,-155.88008,9.8,301.6,305.0,KAPENA JACK YOUNG,IMO9816854,WDK2430,32,11,37,11,5.0,32,A
366254000,2024-04-06T09:33:48,20.06666,-155.88276,9.7,302.5,305.0,KAPENA JACK YOUNG,IMO9816854,WDK2430,32,11,37,11,5.0,32,A
366254000,2024-04-06T09:34:58,20.06837,-155.88562,9.8,302.0,304.0,KAPENA JACK YOUNG,IMO9816854,WDK2430,32,11,37,11,5.0,32,A
366254000,2024-04-06T09:36:08,20.07008,-155.88854,9.7,302.2,305.0,KAPENA JACK YOUNG,IMO9816854,WDK2430,32,11,37,11,5.0,32,A
366254000,2024-05-04T21:38:27,20.06861,-155.88887,9.3,125.9,125.0,KAPENA JACK YOUNG,IMO9816854,WDK2430,32,11,37,11,5.0,32,A
366254000,2024-05-04T21:39:31,20.06726,-155.88689,7.6,124.8,124.0,KAPENA JACK YOUNG,IMO9816854,WDK2430,32,11,37,11,5.0,32,A
366254000,2024-05-04T21:40:34,20.06602,-155.88490,7.5,123.2,123.0,KAPENA JACK YOUNG,IMO9816854,WDK2430,32,11,37,11,5.0,32,A
366254000,2024-05-04T21:41:53,20.06458,-155.88260,6.6,123.4,123.0,KAPENA JACK YOUNG,IMO9816854,WDK2430,32,11,37,11,5.0,32,A
366254000,2024-05-04T21:43:02,20.06348,-155.88088,4.9,125.2,122.0,KAPENA JACK YOUNG,IMO9816854,WDK2430,32,11,37,11,5.0,32,A
366254000,2024-05-04T21:44:03,20.06274,-155.87972,4.5,121.9,122.0,KAPENA JACK YOUNG,IMO9816854,WDK2430,32,11,37,11,5.0,32,A
366254000,2024-05-04T21:45:13,20.06178,-155.87819,5.6,123.2,123.0,KAPENA JACK YOUNG,IMO9816854,WDK2430,32,11,37,11,5.0,32,A
366254000,2024-05-04T21:46:15,20.06099,-155.87697,4.5,124.9,122.0,KAPENA JACK YOUNG,IMO9816854,WDK2430,32,11,37,11,5.0,32,A
366254000,2024-05-04T21:47:23,20.06024,-155.87577,4.2,123.8,122.0,KAPENA JACK YOUNG,IMO9816854,WDK2430,32,11,37,11,5.0,32,A
366254000,2024-05-04T21:48:34,20.05943,-155.87454,4.1,123.5,123.0,KAPENA JACK YOUNG,IMO9816854,WDK2430,32,11,37,11,5.0,32,A
366254000,2024-05-04T21:49:43,20.05867,-155.87338,4.2,125.5,123.0,KAPENA JACK YOUNG,IMO9816854,WDK2430,32,11,37,11,5.0,32,A
366254000,2024-05-05T00:39:48,20.05903,-155.87403,9.8,302.7,304.0,KAPENA JACK YOUNG,IMO9816854,WDK2430,32,11,37,11,5.0,32,A
366254000,2024-05-05T00:40:56,20.06074,-155.87683,9.8,303.2,304.0,KAPENA JACK YOUNG,IMO9816854,WDK2430,32,11,37,11,5.0,32,A
366254000,2024-05-05T00:42:08,20.06255,-155.87971,9.6,304.2,305.0,KAPENA JACK YOUNG,IMO9816854,WDK2430,32,11,37,11,5.0,32,A
366254000,2024-05-05T00:43:17,20.06427,-155.88244,9.7,302.9,305.0,KAPENA JACK YOUNG,IMO9816854,WDK2430,32,11,37,11,5.0,32,A
366254000,2024-05-05T00:44:27,20.06602,-155.88524,9.7,302.9,304.0,KAPENA JACK YOUNG,IMO9816854,WDK2430,32,11,37,11,5.0,32,A
366254000,2024-05-05T00:45:36,20.06773,-155.88804,9.7,303.0,305.0,KAPENA JACK YOUNG,IMO9816854,WDK2430,32,11,37,11,5.0,32,A
366982310,2024-02-22T15:10:35,20.08532,-155.89007,3.0,141.7,511.0,MOANA,IMO8219023,WDB9761,52,0,30,11,5.0,52,A
366982310,2024-02-22T15:11:45,20.08458,-155.88940,2.8,137.3,511.0,MOANA,IMO8219023,WDB9761,52,0,30,11,5.0,52,A
366982310,2024-02-22T15:12:56,20.08384,-155.88873,2.9,140.2,511.0,MOANA,IMO8219023,WDB9761,52,0,30,11,5.0,52,A
366982310,2024-02-22T15:14:05,20.08311,-155.88809,3.0,139.5,511.0,MOANA,IMO8219023,WDB9761,52,0,30,11,5.0,52,A
366982310,2024-02-22T15:15:14,20.08238,-155.88740,2.9,141.6,511.0,MOANA,IMO8219023,WDB9761,52,0,30,11,5.0,52,A
366982310,2024-02-22T15:16:25,20.08166,-155.88667,2.9,125.1,511.0,MOANA,IMO8219023,WDB9761,52,0,30,11,5.0,52,A
366982310,2024-02-22T15:17:34,20.08102,-155.88601,2.8,134.2,511.0,MOANA,IMO8219023,WDB9761,52,0,30,11,5.0,52,A
366982310,2024-02-22T15:18:45,20.08036,-155.88533,2.6,138.4,511.0,MOANA,IMO8219023,WDB9761,52,0,30,11,5.0,52,A
366982310,2024-02-22T15:19:55,20.07974,-155.88470,2.6,133.0,511.0,MOANA,IMO8219023,WDB9761,52,0,30,11,5.0,52,A
366982310,2024-02-22T15:21:05,20.07901,-155.88404,3.0,129.2,511.0,MOANA,IMO8219023,WDB9761,52,0,30,11,5.0,52,A
366982310,2024-02-22T15:22:25,20.07813,-155.88326,2.8,139.0,511.0,MOANA,IMO8219023,WDB9761,52,0,30,11,5.0,52,A
366982310,2024-02-22T15:23:35,20.07737,-155.88258,2.9,143.5,511.0,MOANA,IMO8219023,WDB9761,52,0,30,11,5.0,52,A
366982310,2024-02-22T15:24:44,20.07661,-155.88193,3.1,139.1,511.0,MOANA,IMO8219023,WDB9761,52,0,30,11,5.0,52,A
366982310,2024-02-22T15:26:04,20.07570,-155.88115,3.0,140.6,511.0,MOANA,IMO8219023,WDB9761,52,0,30,11,5.0,52,A
366982310,2024-02-22T15:27:15,20.07480,-155.88040,5.0,141.3,511.0,MOANA,IMO8219023,WDB9761,52,0,30,11,5.0,52,A
366982310,2024-02-22T15:28:24,20.07346,-155.87921,5.7,143.8,511.0,MOANA,IMO8219023,WDB9761,52,0,30,11,5.0,52,A
366982310,2024-02-22T15:29:35,20.07188,-155.87770,6.6,137.4,511.0,MOANA,IMO8219023,WDB9761,52,0,30,11,5.0,52,A
366982310,2024-02-22T15:30:44,20.07035,-155.87624,6.4,140.3,511.0,MOANA,IMO8219023,WDB9761,52,0,30,11,5.0,52,A
366982310,2024-02-22T15:31:55,20.06880,-155.87472,6.4,137.5,511.0,MOANA,IMO8219023,WDB9761,52,0,30,11,5.0,52,A
366982310,2024-02-22T15:33:05,20.06727,-155.87323,6.4,139.6,511.0,MOANA,IMO8219023,WDB9761,52,0,30,11,5.0,52,A
366982310,2024-02-22T15:34:15,20.06574,-155.87172,6.5,136.8,511.0,MOANA,IMO8219023,WDB9761,52,0,30,11,5.0,52,A
366982310,2024-02-22T15:35:24,20.06425,-155.87018,6.4,135.6,511.0,MOANA,IMO8219023,WDB9761,52,0,30,11,5.0,52,A
366982310,2024-02-22T15:36:35,20.06273,-155.86857,6.3,136.0,511.0,MOANA,IMO8219023,WDB9761,52,0,30,11,5.0,52,A
366982310,2024-02-22T15:37:44,20.06129,-155.86704,6.2,137.3,511.0,MOANA,IMO8219023,WDB9761,52,0,30,11,5.0,52,A
366982310,2024-02-22T15:38:54,20.05985,-155.86551,6.2,138.0,511.0,MOANA,IMO8219023,WDB9761,52,0,30,11,5.0,52,A
366982310,2024-02-23T02:45:26,20.06296,-155.86210,102.3,360.0,511.0,MOANA,IMO8219023,WDB9761,52,5,30,11,5.0,52,A
366982310,2024-02-23T02:48:26,20.06830,-155.86777,102.3,360.0,511.0,MOANA,IMO8219023,WDB9761,52,5,30,11,5.0,52,A
366982310,2024-02-23T02:51:25,20.07362,-155.87316,102.3,360.0,511.0,MOANA,IMO8219023,WDB9761,52,5,30,11,5.0,52,A
366982310,2024-02-23T02:57:27,20.08421,-155.88274,102.3,360.0,511.0,MOANA,IMO8219023,WDB9761,52,5,30,11,5.0,52,A
366982310,2024-02-23T03:00:28,20.08938,-155.88742,102.3,360.0,511.0,MOANA,IMO8219023,WDB9761,52,5,30,11,5.0,52,A
303999000,2024-03-09T23:02:21,20.06058,-155.88894,9.6,332.5,331.0,OSCAR ELTON SETTE,IMO8835097,WTEE,90,0,68,14,5.0,90,A
366254000,2024-04-02T16:36:39,20.06492,-155.88890,8.2,121.5,119.0,KAPENA JACK YOUNG,IMO9816854,WDK2430,32,11,37,11,5.0,32,A
366254000,2024-04-02T16:37:42,20.06367,-155.88668,8.2,121.5,120.0,KAPENA JACK YOUNG,IMO9816854,WDK2430,32,11,37,11,5.0,32,A
366254000,2024-04-02T16:38:45,20.06243,-155.88446,8.2,119.6,120.0,KAPENA JACK YOUNG,IMO9816854,WDK2430,32,11,37,11,5.0,32,A
366254000,2024-04-02T16:39:52,20.06112,-155.88220,7.1,121.4,120.0,KAPENA JACK YOUNG,IMO9816854,WDK2430,32,11,37,11,5.0,32,A
366254000,2024-04-02T16:40:54,20.06007,-155.88038,6.9,122.6,121.0,KAPENA JACK YOUNG,IMO9816854,WDK2430,32,11,37,11,5.0,32,A
366254000,2024-04-02T16:42:01,20.05889,-155.87862,6.1,127.0,124.0,KAPENA JACK YOUNG,IMO9816854,WDK2430,32,11,37,11,5.0,32,A
366254000,2024-03-06T03:13:29,20.05870,-155.87193,10.2,315.1,316.0,KAPENA JACK YOUNG,IMO9816854,WDK2430,32,11,37,11,5.0,32,A
366254000,2024-03-06T03:14:39,20.06104,-155.87449,10.4,313.6,316.0,KAPENA JACK YOUNG,IMO9816854,WDK2430,32,11,37,11,5.0,32,A
366254000,2024-03-06T03:15:48,20.06331,-155.87708,10.3,312.6,315.0,KAPENA JACK YOUNG,IMO9816854,WDK2430,32,11,37,11,5.0,32,A
366254000,2024-03-06T03:16:59,20.06568,-155.87977,10.5,312.5,315.0,KAPENA JACK YOUNG,IMO9816854,WDK2430,32,11,37,11,5.0,32,A
366254000,2024-03-06T03:18:09,20.06800,-155.88248,10.5,312.1,315.0,KAPENA JACK YOUNG,IMO9816854,WDK2430,32,11,37,11,5.0,32,A
366254000,2024-03-06T03:19:18,20.07033,-155.88518,10.5,312.6,315.0,KAPENA JACK YOUNG,IMO9816854,WDK2430,32,11,37,11,5.0,32,A
366254000,2024-03-06T03:20:27,20.07264,-155.88783,10.6,313.2,315.0,KAPENA JACK YOUNG,IMO9816854,WDK2430,32,11,37,11,5.0,32,A
366254000,2024-03-06T03:21:29,20.07475,-155.89012,10.4,319.6,329.0,KAPENA JACK YOUNG,IMO9816854,WDK2430,32,11,37,11,5.0,32,A
366254000,2024-04-23T15:12:45,20.06898,-155.88968,5.5,123.8,126.0,KAPENA JACK YOUNG,IMO9816854,WDK2430,32,11,37,11,5.0,32,A
366254000,2024-04-23T15:13:54,20.06804,-155.88811,5.7,123.7,126.0,KAPENA JACK YOUNG,IMO9816854,WDK2430,32,11,37,11,5.0,32,A
366254000,2024-04-23T15:15:05,20.06712,-155.88618,7.0,113.6,116.0,KAPENA JACK YOUNG,IMO9816854,WDK2430,32,11,37,11,5.0,32,A
366254000,2024-04-23T15:16:14,20.06620,-155.88398,7.3,113.1,114.0,KAPENA JACK YOUNG,IMO9816854,WDK2430,32,11,37,11,5.0,32,A
366254000,2024-04-23T15:17:18,20.06525,-155.88168,8.2,113.8,115.0,KAPENA JACK YOUNG,IMO9816854,WDK2430,32,11,37,11,5.0,32,A
366254000,2024-04-23T15:18:24,20.06384,-155.87925,8.9,121.3,123.0,KAPENA JACK YOUNG,IMO9816854,WDK2430,32,11,37,11,5.0,32,A
366254000,2024-04-23T15:19:28,20.06278,-155.87703,6.9,111.2,117.0,KAPENA JACK YOUNG,IMO9816854,WDK2430,32,11,37,11,5.0,32,A
366254000,2024-04-23T15:20:35,20.06158,-155.87484,7.4,120.3,121.0,KAPENA JACK YOUNG,IMO9816854,WDK2430,32,11,37,11,5.0,32,A
366254000,2024-04-23T15:21:44,20.06049,-155.87289,6.7,122.7,125.0,KAPENA JACK YOUNG,IMO9816854,WDK2430,32,11,37,11,5.0,32,A
366254000,2024-04-23T15:22:47,20.05934,-155.87107,6.9,122.5,123.0,KAPENA JACK YOUNG,IMO9816854,WDK2430,32,11,37,11,5.0,32,A
366254000,2024-02-24T10:19:48,20.05966,-155.87885,8.5,302.7,305.0,KAPENA JACK YOUNG,IMO9816854,WDK2430,32,11,37,11,5.0,32,A
366254000,2024-02-24T10:20:57,20.06119,-155.88138,9.0,302.6,306.0,KAPENA JACK YOUNG,IMO9816854,WDK2430,32,11,37,11,5.0,32,A
366254000,2024-02-24T10:22:07,20.06280,-155.88402,9.2,302.8,306.0,KAPENA JACK YOUNG,IMO9816854,WDK2430,32,11,37,11,5.0,32,A
366254000,2024-02-24T10:23:18,20.06452,-155.88678,9.5,303.4,306.0,KAPENA JACK YOUNG,IMO9816854,WDK2430,32,11,37,11,5.0,32,A
366254000,2024-02-24T10:24:28,20.06626,-155.88958,9.6,303.4,306.0,KAPENA JACK YOUNG,IMO9816854,WDK2430,32,11,37,11,5.0,32,A
366254000,2024-03-16T22:54:46,20.05903,-155.88368,9.7,305.7,306.0,KAPENA JACK YOUNG,IMO9816854,WDK2430,32,12,37,11,5.0,32,A
366254000,2024-03-16T22:55:57,20.06090,-155.88637,9.7,306.4,307.0,KAPENA JACK YOUNG,IMO9816854,WDK2430,32,12,37,11,5.0,32,A
366254000,2024-03-16T22:57:06,20.06275,-155.88903,9.5,305.8,306.0,KAPENA JACK YOUNG,IMO9816854,WDK2430,32,12,37,11,5.0,32,A
366254000,2024-04-26T15:36:25,20.06696,-155.88951,10.7,117.3,114.0,KAPENA JACK YOUNG,IMO9816854,WDK2430,32,11,37,11,5.0,32,A
366254000,2024-04-26T15:37:26,20.06577,-155.88657,10.6,110.4,107.0,KAPENA JACK YOUNG,IMO9816854,WDK2430,32,11,37,11,5.0,32,A
366254000,2024-04-26T15:38:29,20.06461,-155.88404,8.9,118.1,112.0,KAPENA JACK YOUNG,IMO9816854,WDK2430,32,11,37,11,5.0,32,A
366254000,2024-04-26T15:39:33,20.06331,-155.88152,8.3,118.9,115.0,KAPENA JACK YOUNG,IMO9816854,WDK2430,32,11,37,11,5.0,32,A
366254000,2024-04-26T15:40:38,20.06210,-155.87920,8.3,119.1,115.0,KAPENA JACK YOUNG,IMO9816854,WDK2430,32,11,37,11,5.0,32,A
366254000,2024-04-26T15:41:46,20.06080,-155.87677,8.2,119.4,115.0,KAPENA JACK YOUNG,IMO9816854,WDK2430,32,11,37,11,5.0,32,A
366254000,2024-04-26T15:42:55,20.05953,-155.87440,7.9,120.3,115.0,KAPENA JACK YOUNG,IMO9816854,WDK2430,32,11,37,11,5.0,32,A
366254000,2024-05-08T06:03:40,20.05953,-155.87657,10.1,297.1,300.0,KAPENA JACK YOUNG,IMO9816854,WDK2430,32,0,37,11,5.0,32,A
366254000,2024-05-08T06:04:51,20.06104,-155.87968,10.0,297.5,301.0,KAPENA JACK YOUNG,IMO9816854,WDK2430,32,0,37,11,5.0,32,A
366254000,2024-05-08T06:05:59,20.06254,-155.88268,9.9,297.8,300.0,KAPENA JACK YOUNG,IMO9816854,WDK2430,32,0,37,11,5.0,32,A
366254000,2024-05-08T06:07:09,20.06408,-155.88571,9.9,297.6,300.0,KAPENA JACK YOUNG,IMO9816854,WDK2430,32,0,37,11,5.0,32,A
366254000,2024-05-08T06:08:20,20.06562,-155.88875,9.9,298.0,300.0,KAPENA JACK YOUNG,IMO9816854,WDK2430,32,0,37,11,5.0,32,A
366254000,2024-03-16T15:15:41,20.06923,-155.89003,4.7,112.8,119.0,KAPENA JACK YOUNG,IMO9816854,WDK2430,32,11,37,11,5.0,32,A
366254000,2024-03-16T15:16:42,20.06867,-155.88876,4.6,114.9,119.0,KAPENA JACK YOUNG,IMO9816854,WDK2430,32,11,37,11,5.0,32,A
366254000,2024-03-16T15:17:43,20.06806,-155.88753,4.7,119.0,121.0,KAPENA JACK YOUNG,IMO9816854,WDK2430,32,11,37,11,5.0,32,A
366254000,2024-03-16T15:18:51,20.06735,-155.88618,4.7,119.8,122.0,KAPENA JACK YOUNG,IMO9816854,WDK2430,32,11,37,11,5.0,32,A
366254000,2024-03-16T15:20:01,20.06663,-155.88475,4.7,117.2,122.0,KAPENA JACK YOUNG,IMO9816854,WDK2430,32,11,37,11,5.0,32,A
366254000,2024-03-16T15:21:11,20.06588,-155.88334,4.7,118.2,122.0,KAPENA JACK YOUNG,IMO9816854,WDK2430,32,11,37,11,5.0,32,A
366254000,2024-03-16T15:22:20,20.06515,-155.88191,4.6,119.5,123.0,KAPENA JACK YOUNG,IMO9816854,WDK2430,32,11,37,11,5.0,32,A
366254000,2024-03-16T15:23:22,20.06449,-155.88065,4.6,118.4,123.0,KAPENA JACK YOUNG,IMO9816854,WDK2430,32,11,37,11,5.0,32,A
366254000,2024-03-16T15:24:31,20.06373,-155.87925,4.7,119.5,125.0,KAPENA JACK YOUNG,IMO9816854,WDK2430,32,11,37,11,5.0,32,A
366254000,2024-03-16T15:25:37,20.06302,-155.87793,4.7,119.9,125.0,KAPENA JACK YOUNG,IMO9816854,WDK2430,32,11,37,11,5.0,32,A
366254000,2024-03-16T15:26:40,20.06232,-155.87667,4.7,121.2,125.0,KAPENA JACK YOUNG,IMO9816854,WDK2430,32,11,37,11,5.0,32,A
366254000,2024-03-16T15:28:00,20.06142,-155.87500,4.7,120.5,124.0,KAPENA JACK YOUNG,IMO9816854,WDK2430,32,11,37,11,5.0,32,A
366254000,2024-03-16T15:29:04,20.06073,-155.87370,4.7,116.9,121.0,KAPENA JACK YOUNG,IMO9816854,WDK2430,32,11,37,11,5.0,32,A
366254000,2024-03-16T15:30:05,20.06005,-155.87251,4.5,129.6,136.0,KAPENA JACK YOUNG,IMO9816854,WDK2430,32,11,37,11,5.0,32,A
366254000,2024-03-16T15:31:07,20.05932,-155.87131,4.7,116.7,121.0,KAPENA JACK YOUNG,IMO9816854,WDK2430,32,11,37,11,5.0,32,A
366254000,2024-03-16T15:32:10,20.05868,-155.87000,4.5,118.3,123.0,KAPENA JACK YOUNG,IMO9816854,WDK2430,32,11,37,11,5.0,32,A
366254000,2024-02-21T03:05:40,20.05916,-155.86067,8.6,317.6,320.0,KAPENA JACK YOUNG,IMO9816854,WDK2430,32,11,37,11,5.0,32,A
366254000,2024-02-21T03:06:50,20.06124,-155.86271,8.7,317.1,319.0,KAPENA JACK YOUNG,IMO9816854,WDK2430,32,11,37,11,5.0,32,A
366254000,2024-02-21T03:08:00,20.06335,-155.86476,8.6,318.0,319.0,KAPENA JACK YOUNG,IMO9816854,WDK2430,32,11,37,11,5.0,32,A
366254000,2024-02-21T03:09:09,20.06541,-155.86674,8.5,318.0,319.0,KAPENA JACK YOUNG,IMO9816854,WDK2430,32,11,37,11,5.0,32,A
366254000,2024-02-21T03:10:10,20.06720,-155.86845,8.4,318.0,319.0,KAPENA JACK YOUNG,IMO9816854,WDK2430,32,11,37,11,5.0,32,A
366254000,2024-02-21T03:11:20,20.06921,-155.87037,8.4,317.9,319.0,KAPENA JACK YOUNG,IMO9816854,WDK2430,32,11,37,11,5.0,32,A
366254000,2024-02-21T03:12:30,20.07127,-155.87231,8.3,319.4,319.0,KAPENA JACK YOUNG,IMO9816854,WDK2430,32,11,37,11,5.0,32,A
366254000,2024-02-21T03:13:31,20.07305,-155.87393,8.3,319.8,320.0,KAPENA JACK YOUNG,IMO9816854,WDK2430,32,11,37,11,5.0,32,A
366254000,2024-02-21T03:14:40,20.07509,-155.87582,8.3,319.1,319.0,KAPENA JACK YOUNG,IMO9816854,WDK2430,32,11,37,11,5.0,32,A
366254000,2024-02-21T03:15:50,20.07714,-155.87766,8.3,319.5,319.0,KAPENA JACK YOUNG,IMO9816854,WDK2430,32,11,37,11,5.0,32,A
366254000,2024-02-21T03:16:59,20.07919,-155.87949,8.3,319.8,320.0,KAPENA JACK YOUNG,IMO9816854,WDK2430,32,11,37,11,5.0,32,A
366254000,2024-02-21T03:18:10,20.08135,-155.88139,8.3,320.0,320.0,KAPENA JACK YOUNG,IMO9816854,WDK2430,32,11,37,11,5.0,32,A
366254000,2024-02-21T03:19:20,20.08347,-155.88325,8.3,320.7,320.0,KAPENA JACK YOUNG,IMO9816854,WDK2430,32,11,37,11,5.0,32,A
366254000,2024-02-21T03:20:29,20.08552,-155.88509,8.4,319.1,320.0,KAPENA JACK YOUNG,IMO9816854,WDK2430,32,11,37,11,5.0,32,A
366254000,2024-02-21T03:21:40,20.08762,-155.88697,8.3,319.6,320.0,KAPENA JACK YOUNG,IMO9816854,WDK2430,32,11,37,11,5.0,32,A
366254000,2024-02-21T03:22:50,20.08973,-155.88891,8.3,319.3,320.0,KAPENA JACK YOUNG,IMO9816854,WDK2430,32,11,37,11,5.0,32,A
366254000,2024-04-27T05:22:20,20.05949,-155.87960,9.2,308.4,311.0,KAPENA JACK YOUNG,IMO9816854,WDK2430,32,11,37,11,5.0,32,A
366254000,2024-04-27T05:23:29,20.06138,-155.88208,9.2,308.3,312.0,KAPENA JACK YOUNG,IMO9816854,WDK2430,32,11,37,11,5.0,32,A
366254000,2024-04-27T05:24:39,20.06328,-155.88447,9.2,311.7,314.0,KAPENA JACK YOUNG,IMO9816854,WDK2430,32,11,37,11,5.0,32,A
366254000,2024-04-27T05:25:49,20.06534,-155.88687,9.2,313.1,314.0,KAPENA JACK YOUNG,IMO9816854,WDK2430,32,11,37,11,5.0,32,A
366254000,2024-04-27T05:26:59,20.06736,-155.88918,9.3,313.2,315.0,KAPENA JACK YOUNG,IMO9816854,WDK2430,32,11,37,11,5.0,32,A
366254000,2024-05-07T14:39:30,20.07011,-155.88924,6.7,127.2,127.0,KAPENA JACK YOUNG,IMO9816854,WDK2430,32,11,37,11,5.0,32,A
366254000,2024-05-07T14:40:37,20.06888,-155.88751,6.3,127.4,128.0,KAPENA JACK YOUNG,IMO9816854,WDK2430,32,11,37,11,5.0,32,A
366254000,2024-05-07T14:41:38,20.06789,-155.88607,5.6,124.8,126.0,KAPENA JACK YOUNG,IMO9816854,WDK2430,32,11,37,11,5.0,32,A
366254000,2024-05-07T14:42:57,20.06671,-155.88426,5.7,124.1,125.0,KAPENA JACK YOUNG,IMO9816854,WDK2430,32,11,37,11,5.0,32,A
366254000,2024-05-07T14:44:07,20.06572,-155.88271,5.3,124.1,125.0,KAPENA JACK YOUNG,IMO9816854,WDK2430,32,11,37,11,5.0,32,A
366254000,2024-05-07T14:45:17,20.06471,-155.88117,5.3,124.9,124.0,KAPENA JACK YOUNG,IMO9816854,WDK2430,32,11,37,11,5.0,32,A
366254000,2024-05-07T14:46:27,20.06374,-155.87967,5.2,124.2,125.0,KAPENA JACK YOUNG,IMO9816854,WDK2430,32,11,37,11,5.0,32,A
366254000,2024-05-07T14:47:38,20.06273,-155.87816,5.3,125.3,125.0,KAPENA JACK YOUNG,IMO9816854,WDK2430,32,11,37,11,5.0,32,A
366254000,2024-05-07T14:48:41,20.06184,-155.87681,5.2,125.8,124.0,KAPENA JACK YOUNG,IMO9816854,WDK2430,32,11,37,11,5.0,32,A
366254000,2024-05-07T14:49:46,20.06095,-155.87543,5.2,123.1,123.0,KAPENA JACK YOUNG,IMO9816854,WDK2430,32,11,37,11,5.0,32,A
366254000,2024-05-07T14:50:49,20.06012,-155.87408,5.3,122.4,123.0,KAPENA JACK YOUNG,IMO9816854,WDK2430,32,11,37,11,5.0,32,A
366254000,2024-05-07T14:51:57,20.05922,-155.87260,5.2,122.5,121.0,KAPENA JACK YOUNG,IMO9816854,WDK2430,32,11,37,11,5.0,32,A
366254000,2024-04-05T19:49:33,20.06796,-155.88955,8.9,118.6,118.0,KAPENA JACK YOUNG,IMO9816854,WDK2430,32,11,37,11,5.0,32,A
366254000,2024-04-05T19:50:37,20.06667,-155.88709,8.9,120.3,119.0,KAPENA JACK YOUNG,IMO9816854,WDK2430,32,11,37,11,5.0,32,A
366254000,2024-04-05T19:51:38,20.06546,-155.88474,8.8,116.9,119.0,KAPENA JACK YOUNG,IMO9816854,WDK2430,32,11,37,11,5.0,32,A
366254000,2024-04-05T19:52:48,20.06431,-155.88256,6.5,117.7,119.0,KAPENA JACK YOUNG,IMO9816854,WDK2430,32,11,37,11,5.0,32,A
366254000,2024-04-05T19:53:59,20.06332,-155.88069,5.8,121.0,118.0,KAPENA JACK YOUNG,IMO9816854,WDK2430,32,11,37,11,5.0,32,A
366254000,2024-04-05T19:55:05,20.06251,-155.87909,5.5,119.7,120.0,KAPENA JACK YOUNG,IMO9816854,WDK2430,32,11,37,11,5.0,32,A
366254000,2024-04-05T19:56:12,20.06157,-155.87743,5.8,119.0,119.0,KAPENA JACK YOUNG,IMO9816854,WDK2430,32,11,37,11,5.0,32,A
366254000,2024-04-05T19:57:29,20.06052,-155.87552,5.8,119.0,118.0,KAPENA JACK YOUNG,IMO9816854,WDK2430,32,11,37,11,5.0,32,A
366254000,2024-04-05T19:58:30,20.05970,-155.87401,5.7,119.9,118.0,KAPENA JACK YOUNG,IMO9816854,WDK2430,32,11,37,11,5.0,32,A
366254000,2024-04-05T19:59:37,20.05882,-155.87237,5.3,120.5,118.0,KAPENA JACK YOUNG,IMO9816854,WDK2430,32,11,37,11,5.0,32,A
366254000,2024-05-11T07:25:08,20.05874,-155.88031,10.4,308.3,310.0,KAPENA JACK YOUNG,IMO9816854,WDK2430,32,11,37,11,5.0,32,A
366254000,2024-05-11T07:26:16,20.06076,-155.88311,10.6,307.3,311.0,KAPENA JACK YOUNG,IMO9816854,WDK2430,32,11,37,11,5.0,32,A
366254000,2024-05-11T07:27:18,20.06259,-155.88563,10.5,308.6,316.0,KAPENA JACK YOUNG,IMO9816854,WDK2430,32,11,37,11,5.0,32,A
366254000,2024-05-11T07:28:25,20.06483,-155.88815,10.5,314.3,319.0,KAPENA JACK YOUNG,IMO9816854,WDK2430,32,11,37,11,5.0,32,A
366254000,2024-03-30T08:07:02,20.06048,-155.87427,9.3,310.1,312.0,KAPENA JACK YOUNG,IMO9816854,WDK2430,32,11,37,11,5.0,32,A
366254000,2024-03-30T08:08:12,20.06245,-155.87678,9.2,309.9,312.0,KAPENA JACK YOUNG,IMO9816854,WDK2430,32,11,37,11,5.0,32,A
366254000,2024-03-30T08:09:21,20.06439,-155.87922,9.3,309.4,311.0,KAPENA JACK YOUNG,IMO9816854,WDK2430,32,11,37,11,5.0,32,A
366254000,2024-03-30T08:10:33,20.06638,-155.88176,9.5,309.6,312.0,KAPENA JACK YOUNG,IMO9816854,WDK2430,32,11,37,11,5.0,32,A
366254000,2024-03-30T08:11:42,20.06836,-155.88426,9.4,310.0,311.0,KAPENA JACK YOUNG,IMO9816854,WDK2430,32,11,37,11,5.0,32,A
366254000,2024-03-30T08:12:52,20.07035,-155.88673,9.6,310.3,311.0,KAPENA JACK YOUNG,IMO9816854,WDK2430,32,11,37,11,5.0,32,A
366254000,2024-03-30T08:14:02,20.07239,-155.88924,9.6,311.0,312.0,KAPENA JACK YOUNG,IMO9816854,WDK2430,32,11,37,11,5.0,32,A
366254000,2024-04-03T06:57:28,20.06019,-155.87057,9.2,302.7,306.0,KAPENA JACK YOUNG,IMO9816854,WDK2430,32,11,37,11,5.0,32,A
366254000,2024-04-03T06:58:38,20.06188,-155.87325,9.3,303.9,307.0,KAPENA JACK YOUNG,IMO9816854,WDK2430,32,11,37,11,5.0,32,A
366254000,2024-04-03T06:59:49,20.06379,-155.87585,9.4,309.3,311.0,KAPENA JACK YOUNG,IMO9816854,WDK2430,32,11,37,11,5.0,32,A
366254000,2024-04-03T07:00:08,20.06432,-155.87652,9.3,309.7,312.0,KAPENA JACK YOUNG,IMO9816854,WDK2430,32,11,37,11,5.0,32,A
366254000,2024-04-03T07:01:17,20.06628,-155.87895,9.3,310.4,312.0,KAPENA JACK YOUNG,IMO9816854,WDK2430,32,11,37,11,5.0,32,A
366254000,2024-04-03T07:02:28,20.06827,-155.88141,9.4,311.2,312.0,KAPENA JACK YOUNG,IMO9816854,WDK2430,32,11,37,11,5.0,32,A
366254000,2024-04-03T07:03:39,20.07030,-155.88388,9.3,310.9,312.0,KAPENA JACK YOUNG,IMO9816854,WDK2430,32,11,37,11,5.0,32,A
366254000,2024-04-03T07:04:49,20.07246,-155.88617,9.4,315.7,316.0,KAPENA JACK YOUNG,IMO9816854,WDK2430,32,11,37,11,5.0,32,A
366254000,2024-04-03T07:06:08,20.07499,-155.88876,9.4,316.3,317.0,KAPENA JACK YOUNG,IMO9816854,WDK2430,32,11,37,11,5.0,32,A
366254000,2024-03-26T15:14:12,20.06711,-155.88961,5.5,115.4,119.0,KAPENA JACK YOUNG,IMO9816854,WDK2430,32,11,37,11,5.0,32,A
366254000,2024-03-26T15:15:15,20.06637,-155.88809,5.7,116.8,119.0,KAPENA JACK YOUNG,IMO9816854,WDK2430,32,11,37,11,5.0,32,A
366254000,2024-03-26T15:16:23,20.06555,-155.88640,5.7,117.8,119.0,KAPENA JACK YOUNG,IMO9816854,WDK2430,32,11,37,11,5.0,32,A
366254000,2024-03-26T15:17:32,20.06471,-155.88467,5.6,117.8,119.0,KAPENA JACK YOUNG,IMO9816854,WDK2430,32,11,37,11,5.0,32,A
366254000,2024-03-26T15:18:43,20.06384,-155.88289,5.7,117.7,119.0,KAPENA JACK YOUNG,IMO9816854,WDK2430,32,11,37,11,5.0,32,A
366254000,2024-03-26T15:19:53,20.06295,-155.88108,5.7,116.1,119.0,KAPENA JACK YOUNG,IMO9816854,WDK2430,32,11,37,11,5.0,32,A
366254000,2024-03-26T15:21:01,20.06207,-155.87932,6.0,116.7,120.0,KAPENA JACK YOUNG,IMO9816854,WDK2430,32,11,37,11,5.0,32,A
366254000,2024-03-26T15:22:03,20.06128,-155.87778,5.7,118.7,120.0,KAPENA JACK YOUNG,IMO9816854,WDK2430,32,11,37,11,5.0,32,A
366254000,2024-03-26T15:23:08,20.06042,-155.87609,5.8,119.8,118.0,KAPENA JACK YOUNG,IMO9816854,WDK2430,32,11,37,11,5.0,32,A
366254000,2024-03-26T15:24:12,20.05963,-155.87442,6.0,117.2,118.0,KAPENA JACK YOUNG,IMO9816854,WDK2430,32,11,37,11,5.0,32,A
366254000,2024-03-26T15:25:23,20.05876,-155.87255,6.0,115.3,116.0,KAPENA JACK YOUNG,IMO9816854,WDK2430,32,11,37,11,5.0,32,A
366254000,2024-03-05T15:01:16,20.06701,-155.88851,6.4,115.3,118.0,KAPENA JACK YOUNG,IMO9816854,WDK2430,32,11,37,11,5.0,32,A
366254000,2024-03-05T15:02:17,20.06623,-155.88682,6.2,115.9,118.0,KAPENA JACK YOUNG,IMO9816854,WDK2430,32,11,37,11,5.0,32,A
366254000,2024-03-05T15:03:19,20.06541,-155.88507,6.4,115.4,118.0,KAPENA JACK YOUNG,IMO9816854,WDK2430,32,11,37,11,5.0,32,A
366254000,2024-03-05T15:04:27,20.06453,-155.88314,6.3,116.0,119.0,KAPENA JACK YOUNG,IMO9816854,WDK2430,32,11,37,11,5.0,32,A
366254000,2024-03-05T15:05:31,20.06371,-155.88134,6.4,115.8,119.0,KAPENA JACK YOUNG,IMO9816854,WDK2430,32,11,37,11,5.0,32,A
366254000,2024-03-05T15:06:34,20.06289,-155.87954,6.3,115.4,119.0,KAPENA JACK YOUNG,IMO9816854,WDK2430,32,11,37,11,5.0,32,A
366254000,2024-03-05T15:07:36,20.06209,-155.87781,6.4,115.1,119.0,KAPENA JACK YOUNG,IMO9816854,WDK2430,32,11,37,11,5.0,32,A
366254000,2024-03-05T15:08:46,20.06114,-155.87579,6.4,118.3,121.0,KAPENA JACK YOUNG,IMO9816854,WDK2430,32,11,37,11,5.0,32,A
366254000,2024-03-05T15:09:57,20.06027,-155.87413,3.8,119.3,122.0,KAPENA JACK YOUNG,IMO9816854,WDK2430,32,11,37,11,5.0,32,A
366254000,2024-03-05T15:11:16,20.05961,-155.87285,3.7,118.2,122.0,KAPENA JACK YOUNG,IMO9816854,WDK2430,32,11,37,11,5.0,32,A
366254000,2024-03-05T15:12:26,20.05899,-155.87170,3.9,119.8,123.0,KAPENA JACK YOUNG,IMO9816854,WDK2430,32,11,37,11,5.0,32,A
367020820,2024-02-10T11:37:08,20.06900,-155.88944,8.6,123.3,121.0,AMERICAN CHAMPION,IMO7434016,WBE2612,31,0,36,9,2.4,31,A
367020820,2024-02-10T11:38:18,20.06755,-155.88713,8.4,122.5,121.0,AMERICAN CHAMPION,IMO7434016,WBE2612,31,0,36,9,2.4,31,A
367020820,2024-02-10T11:39:28,20.06613,-155.88483,8.5,122.8,121.0,AMERICAN CHAMPION,IMO7434016,WBE2612,31,0,36,9,2.4,31,A
367020820,2024-02-10T11:40:38,20.06447,-155.88199,6.7,120.5,121.0,AMERICAN CHAMPION,IMO7434016,WBE2612,31,0,36,9,2.4,31,A
367020820,2024-02-10T11:41:49,20.06347,-155.88036,5.7,123.4,123.0,AMERICAN CHAMPION,IMO7434016,WBE2612,31,0,36,9,2.4,31,A
367020820,2024-02-10T11:43:00,20.06242,-155.87894,5.3,133.5,123.0,AMERICAN CHAMPION,IMO7434016,WBE2612,31,0,36,9,2.4,31,A
367020820,2024-02-10T11:44:08,20.06152,-155.87765,5.0,128.8,125.0,AMERICAN CHAMPION,IMO7434016,WBE2612,31,0,36,9,2.4,31,A
367020820,2024-02-10T11:45:18,20.06028,-155.87595,4.9,129.5,125.0,AMERICAN CHAMPION,IMO7434016,WBE2612,31,0,36,9,2.4,31,A
367020820,2024-02-10T11:46:28,20.05940,-155.87471,5.0,128.0,120.0,AMERICAN CHAMPION,IMO7434016,WBE2612,31,0,36,9,2.4,31,A
367020820,2024-02-10T11:47:39,20.05859,-155.87339,4.6,118.6,111.0,AMERICAN CHAMPION,IMO7434016,WBE2612,31,0,36,9,2.4,31,A
367020820,2024-02-11T00:01:00,20.06435,-155.88306,8.3,299.1,295.0,AMERICAN CHAMPION,IMO7434016,WBE2612,31,0,36,9,2.4,31,A
367020820,2024-02-11T00:02:09,20.06560,-155.88531,8.3,298.4,295.0,AMERICAN CHAMPION,IMO7434016,WBE2612,31,0,36,9,2.4,31,A
367020820,2024-02-11T00:03:19,20.06684,-155.88758,8.5,299.1,294.0,AMERICAN CHAMPION,IMO7434016,WBE2612,31,0,36,9,2.4,31,A
367020820,2024-02-11T00:04:20,20.06793,-155.88976,8.5,298.7,294.0,AMERICAN CHAMPION,IMO7434016,WBE2612,31,0,36,9,2.4,31,A
367776660,2024-01-26T15:23:10,20.06781,-155.88997,6.9,118.9,118.0,MOUNT BAKER,IMO9822906,WDJ6673,52,0,40,12,5.5,52,A
367776660,2024-01-26T15:24:19,20.06674,-155.88792,6.9,119.7,119.0,MOUNT BAKER,IMO9822906,WDJ6673,52,0,40,12,5.5,52,A
367776660,2024-01-26T15:25:25,20.06571,-155.88602,6.2,119.5,120.0,MOUNT BAKER,IMO9822906,WDJ6673,52,0,40,12,5.5,52,A
367776660,2024-01-26T15:26:26,20.06487,-155.88455,5.7,119.3,118.0,MOUNT BAKER,IMO9822906,WDJ6673,52,0,40,12,5.5,52,A
367776660,2024-01-26T15:27:30,20.06404,-155.88296,5.7,119.3,119.0,MOUNT BAKER,IMO9822906,WDJ6673,52,0,40,12,5.5,52,A
367776660,2024-01-26T15:28:33,20.06322,-155.88143,5.5,118.6,118.0,MOUNT BAKER,IMO9822906,WDJ6673,52,0,40,12,5.5,52,A
367776660,2024-01-26T15:29:41,20.06243,-155.87988,5.2,118.0,118.0,MOUNT BAKER,IMO9822906,WDJ6673,52,0,40,12,5.5,52,A
367776660,2024-01-26T15:30:42,20.06178,-155.87849,5.1,117.4,118.0,MOUNT BAKER,IMO9822906,WDJ6673,52,0,40,12,5.5,52,A
367776660,2024-01-26T15:31:45,20.06105,-155.87708,5.3,115.9,116.0,MOUNT BAKER,IMO9822906,WDJ6673,52,0,40,12,5.5,52,A
367776660,2024-01-26T15:32:46,20.06039,-155.87570,5.1,117.6,117.0,MOUNT BAKER,IMO9822906,WDJ6673,52,0,40,12,5.5,52,A
367776660,2024-01-26T15:33:50,20.05967,-155.87427,5.0,118.2,117.0,MOUNT BAKER,IMO9822906,WDJ6673,52,0,40,12,5.5,52,A
367776660,2024-01-26T15:34:53,20.05900,-155.87294,4.8,117.1,117.0,MOUNT BAKER,IMO9822906,WDJ6673,52,0,40,12,5.5,52,A
367020820,2024-02-10T23:59:59,20.06320,-155.88099,8.3,300.3,296.0,AMERICAN CHAMPION,IMO7434016,WBE2612,31,0,36,9,2.4,31,A
367776660,2024-05-12T02:06:08,20.05992,-155.87501,9.8,297.4,297.0,MOUNT BAKER,IMO9822906,WDJ6673,52,11,40,12,5.5,52,A
367776660,2024-05-12T02:07:10,20.06119,-155.87770,9.9,295.8,297.0,MOUNT BAKER,IMO9822906,WDJ6673,52,11,40,12,5.5,52,A
367776660,2024-05-12T02:08:20,20.06264,-155.88077,10.1,296.6,298.0,MOUNT BAKER,IMO9822906,WDJ6673,52,11,40,12,5.5,52,A
367776660,2024-05-12T02:09:30,20.06415,-155.88384,10.1,296.9,298.0,MOUNT BAKER,IMO9822906,WDJ6673,52,11,40,12,5.5,52,A
367776660,2024-05-12T02:10:41,20.06567,-155.88694,9.9,297.8,298.0,MOUNT BAKER,IMO9822906,WDJ6673,52,11,40,12,5.5,52,A
367776660,2024-05-12T02:11:50,20.06712,-155.88990,10.0,296.0,297.0,MOUNT BAKER,IMO9822906,WDJ6673,52,11,40,12,5.5,52,A
367776660,2024-03-01T16:09:35,20.06772,-155.88856,9.4,122.4,124.0,MOUNT BAKER,IMO9822906,WDJ6673,52,0,40,12,5.5,52,A
367776660,2024-03-01T16:10:40,20.06627,-155.88603,9.1,121.4,123.0,MOUNT BAKER,IMO9822906,WDJ6673,52,0,40,12,5.5,52,A
367776660,2024-03-01T16:11:50,20.06477,-155.88338,9.1,120.6,122.0,MOUNT BAKER,IMO9822906,WDJ6673,52,0,40,12,5.5,52,A
367776660,2024-03-01T16:13:00,20.06350,-155.88090,7.9,118.1,121.0,MOUNT BAKER,IMO9822906,WDJ6673,52,0,40,12,5.5,52,A
367776660,2024-03-01T16:14:20,20.06208,-155.87828,6.9,121.0,124.0,MOUNT BAKER,IMO9822906,WDJ6673,52,0,40,12,5.5,52,A
367776660,2024-03-01T16:15:29,20.06101,-155.87641,6.4,121.2,124.0,MOUNT BAKER,IMO9822906,WDJ6673,52,0,40,12,5.5,52,A
367776660,2024-03-01T16:16:40,20.05997,-155.87461,5.6,122.3,124.0,MOUNT BAKER,IMO9822906,WDJ6673,52,0,40,12,5.5,52,A
367776660,2024-03-01T16:17:49,20.05902,-155.87297,5.7,121.7,123.0,MOUNT BAKER,IMO9822906,WDJ6673,52,0,40,12,5.5,52,A
367020820,2024-02-10T23:57:09,20.05997,-155.87488,8.6,300.6,297.0,AMERICAN CHAMPION,IMO7434016,WBE2612,31,0,36,9,2.4,31,A
367020820,2024-02-10T23:58:18,20.06119,-155.87721,8.4,299.2,296.0,AMERICAN CHAMPION,IMO7434016,WBE2612,31,0,36,9,2.4,31,A
367020820,2024-02-10T23:59:30,20.06244,-155.87957,8.2,300.3,297.0,AMERICAN CHAMPION,IMO7434016,WBE2612,31,0,36,9,2.4,31,A
367020820,2024-03-01T16:19:40,20.07040,-155.88975,3.6,125.1,125.0,AMERICAN CHAMPION,IMO7434016,WBE2612,31,5,36,9,2.4,31,A
367020820,2024-03-01T16:20:51,20.06971,-155.88843,3.6,107.6,113.0,AMERICAN CHAMPION,IMO7434016,WBE2612,31,5,36,9,2.4,31,A
367020820,2024-03-01T16:21:59,20.06926,-155.88737,3.7,117.9,121.0,AMERICAN CHAMPION,IMO7434016,WBE2612,31,5,36,9,2.4,31,A
367020820,2024-03-01T16:23:10,20.06879,-155.88632,3.9,110.2,119.0,AMERICAN CHAMPION,IMO7434016,WBE2612,31,5,36,9,2.4,31,A
367020820,2024-03-01T16:24:19,20.06819,-155.88490,3.8,113.4,116.0,AMERICAN CHAMPION,IMO7434016,WBE2612,31,5,36,9,2.4,31,A
367020820,2024-03-01T16:25:30,20.06768,-155.88389,3.5,127.2,125.0,AMERICAN CHAMPION,IMO7434016,WBE2612,31,5,36,9,2.4,31,A
367020820,2024-03-01T16:26:41,20.06705,-155.88296,3.6,123.5,130.0,AMERICAN CHAMPION,IMO7434016,WBE2612,31,5,36,9,2.4,31,A
367020820,2024-03-01T16:27:49,20.06637,-155.88207,3.7,126.5,134.0,AMERICAN CHAMPION,IMO7434016,WBE2612,31,5,36,9,2.4,31,A
367020820,2024-03-01T16:29:00,20.06537,-155.88096,3.8,135.3,133.0,AMERICAN CHAMPION,IMO7434016,WBE2612,31,5,36,9,2.4,31,A
367020820,2024-03-01T16:30:10,20.06473,-155.88000,3.8,122.7,127.0,AMERICAN CHAMPION,IMO7434016,WBE2612,31,5,36,9,2.4,31,A
367020820,2024-03-01T16:31:21,20.06421,-155.87896,3.7,111.4,108.0,AMERICAN CHAMPION,IMO7434016,WBE2612,31,5,36,9,2.4,31,A
367020820,2024-03-01T16:32:30,20.06384,-155.87785,3.7,113.2,115.0,AMERICAN CHAMPION,IMO7434016,WBE2612,31,5,36,9,2.4,31,A
367020820,2024-03-01T16:33:39,20.06307,-155.87652,3.7,125.6,131.0,AMERICAN CHAMPION,IMO7434016,WBE2612,31,5,36,9,2.4,31,A
367020820,2024-03-01T16:34:51,20.06216,-155.87564,4.0,141.3,143.0,AMERICAN CHAMPION,IMO7434016,WBE2612,31,5,36,9,2.4,31,A
367020820,2024-03-01T16:36:00,20.06125,-155.87488,3.9,146.3,143.0,AMERICAN CHAMPION,IMO7434016,WBE2612,31,5,36,9,2.4,31,A
367020820,2024-03-01T16:37:10,20.05994,-155.87383,4.2,143.3,142.0,AMERICAN CHAMPION,IMO7434016,WBE2612,31,5,36,9,2.4,31,A
367020820,2024-03-01T16:38:20,20.05900,-155.87291,4.3,128.1,128.0,AMERICAN CHAMPION,IMO7434016,WBE2612,31,5,36,9,2.4,31,A
367020820,2024-03-02T00:04:45,20.05876,-155.86825,8.6,300.0,302.0,AMERICAN CHAMPION,IMO7434016,WBE2612,31,5,36,9,2.4,31,A
367020820,2024-03-02T00:05:55,20.06011,-155.87066,8.9,296.9,300.0,AMERICAN CHAMPION,IMO7434016,WBE2612,31,5,36,9,2.4,31,A
367020820,2024-03-02T00:07:05,20.06148,-155.87305,8.9,301.0,302.0,AMERICAN CHAMPION,IMO7434016,WBE2612,31,5,36,9,2.4,31,A
367020820,2024-03-02T00:08:14,20.06327,-155.87617,8.5,304.6,302.0,AMERICAN CHAMPION,IMO7434016,WBE2612,31,5,36,9,2.4,31,A
367020820,2024-03-02T00:09:25,20.06465,-155.87857,8.8,301.7,305.0,AMERICAN CHAMPION,IMO7434016,WBE2612,31,5,36,9,2.4,31,A
367020820,2024-03-02T00:10:34,20.06628,-155.88086,9.3,310.4,307.0,AMERICAN CHAMPION,IMO7434016,WBE2612,31,5,36,9,2.4,31,A
367020820,2024-03-02T00:11:43,20.06792,-155.88308,9.0,310.0,307.0,AMERICAN CHAMPION,IMO7434016,WBE2612,31,5,36,9,2.4,31,A
367020820,2024-03-02T00:12:54,20.07016,-155.88605,9.3,312.1,308.0,AMERICAN CHAMPION,IMO7434016,WBE2612,31,5,36,9,2.4,31,A
367020820,2024-03-02T00:14:04,20.07188,-155.88827,9.3,307.7,308.0,AMERICAN CHAMPION,IMO7434016,WBE2612,31,5,36,9,2.4,31,A
367148660,2024-01-28T15:37:30,20.06850,-155.88874,5.8,126.4,511.0,MANUOKEKAI,IMO7722061,WTF6032,31,0,38,10,4.0,31,A
367148660,2024-01-28T15:38:40,20.06744,-155.88708,6.0,116.6,511.0,MANUOKEKAI,IMO7722061,WTF6032,31,0,38,10,4.0,31,A
367148660,2024-01-28T15:39:49,20.06643,-155.88543,5.7,127.0,511.0,MANUOKEKAI,IMO7722061,WTF6032,31,0,38,10,4.0,31,A
367148660,2024-01-28T15:41:00,20.06537,-155.88377,6.1,124.3,511.0,MANUOKEKAI,IMO7722061,WTF6032,31,0,38,10,4.0,31,A
367148660,2024-01-28T15:42:09,20.06433,-155.88203,6.0,120.8,511.0,MANUOKEKAI,IMO7722061,WTF6032,31,0,38,10,4.0,31,A
367148660,2024-01-28T15:43:19,20.06321,-155.88028,6.1,124.8,511.0,MANUOKEKAI,IMO7722061,WTF6032,31,0,38,10,4.0,31,A
367148660,2024-01-28T15:44:29,20.06213,-155.87842,6.4,120.8,511.0,MANUOKEKAI,IMO7722061,WTF6032,31,0,38,10,4.0,31,A
367148660,2024-01-28T15:45:41,20.06107,-155.87654,6.2,119.9,511.0,MANUOKEKAI,IMO7722061,WTF6032,31,0,38,10,4.0,31,A
367148660,2024-01-28T15:46:50,20.06014,-155.87485,5.0,121.2,511.0,MANUOKEKAI,IMO7722061,WTF6032,31,0,38,10,4.0,31,A
367148660,2024-01-28T15:47:59,20.05936,-155.87337,4.9,118.4,511.0,MANUOKEKAI,IMO7722061,WTF6032,31,0,38,10,4.0,31,A
367148660,2024-01-28T15:49:09,20.05864,-155.87182,4.8,114.0,511.0,MANUOKEKAI,IMO7722061,WTF6032,31,0,38,10,4.0,31,A
367148660,2024-01-28T18:00:00,20.05906,-155.86577,8.2,298.5,511.0,MANUOKEKAI,IMO7722061,WTF6032,31,0,38,10,4.0,31,A
367148660,2024-01-28T18:01:09,20.06029,-155.86820,8.1,300.8,511.0,MANUOKEKAI,IMO7722061,WTF6032,31,0,38,10,4.0,31,A
367148660,2024-01-28T18:02:20,20.06170,-155.87060,7.9,302.5,511.0,MANUOKEKAI,IMO7722061,WTF6032,31,0,38,10,4.0,31,A
367148660,2024-01-28T18:03:30,20.06321,-155.87296,8.2,303.5,511.0,MANUOKEKAI,IMO7722061,WTF6032,31,0,38,10,4.0,31,A
367148660,2024-01-28T18:04:39,20.06466,-155.87536,8.4,305.5,511.0,MANUOKEKAI,IMO7722061,WTF6032,31,0,38,10,4.0,31,A
367148660,2024-01-28T18:05:40,20.06596,-155.87742,8.2,307.0,511.0,MANUOKEKAI,IMO7722061,WTF6032,31,0,38,10,4.0,31,A
367148660,2024-01-28T18:06:49,20.06746,-155.87974,8.2,302.2,511.0,MANUOKEKAI,IMO7722061,WTF6032,31,0,38,10,4.0,31,A
367148660,2024-01-28T18:08:00,20.06893,-155.88218,8.7,301.3,511.0,MANUOKEKAI,IMO7722061,WTF6032,31,0,38,10,4.0,31,A
367148660,2024-01-28T18:09:09,20.07042,-155.88455,8.1,306.3,511.0,MANUOKEKAI,IMO7722061,WTF6032,31,0,38,10,4.0,31,A
367148660,2024-01-28T18:10:19,20.07193,-155.88683,8.3,310.0,511.0,MANUOKEKAI,IMO7722061,WTF6032,31,0,38,10,4.0,31,A
367148660,2024-01-28T18:11:30,20.07375,-155.88904,8.1,310.0,511.0,MANUOKEKAI,IMO7722061,WTF6032,31,0,38,10,4.0,31,A
367776660,2024-03-02T07:10:22,20.05961,-155.87282,10.1,301.4,302.0,MOUNT BAKER,IMO9822906,WDJ6673,52,0,40,12,5.5,52,A
367776660,2024-03-02T07:11:32,20.06128,-155.87573,10.1,301.5,301.0,MOUNT BAKER,IMO9822906,WDJ6673,52,0,40,12,5.5,52,A
367776660,2024-03-02T07:12:42,20.06307,-155.87872,10.1,302.0,302.0,MOUNT BAKER,IMO9822906,WDJ6673,52,0,40,12,5.5,52,A
367776660,2024-03-02T07:13:51,20.06480,-155.88165,10.2,302.2,301.0,MOUNT BAKER,IMO9822906,WDJ6673,52,0,40,12,5.5,52,A
367776660,2024-03-02T07:14:52,20.06630,-155.88427,10.3,301.8,301.0,MOUNT BAKER,IMO9822906,WDJ6673,52,0,40,12,5.5,52,A
367776660,2024-03-02T07:16:02,20.06806,-155.88720,10.3,303.3,303.0,MOUNT BAKER,IMO9822906,WDJ6673,52,0,40,12,5.5,52,A
367776660,2024-05-03T16:41:54,20.07148,-155.88961,5.8,126.8,130.0,MOUNT BAKER,IMO9822906,WDJ6673,52,5,40,12,5.5,52,A
367776660,2024-05-03T16:43:03,20.07030,-155.88796,6.3,127.5,131.0,MOUNT BAKER,IMO9822906,WDJ6673,52,5,40,12,5.5,52,A
367776660,2024-05-03T16:44:13,20.06906,-155.88626,6.1,128.3,130.0,MOUNT BAKER,IMO9822906,WDJ6673,52,5,40,12,5.5,52,A
367776660,2024-05-03T16:45:24,20.06785,-155.88460,5.9,128.7,131.0,MOUNT BAKER,IMO9822906,WDJ6673,52,5,40,12,5.5,52,A
367776660,2024-05-03T16:46:33,20.06670,-155.88304,5.9,128.0,130.0,MOUNT BAKER,IMO9822906,WDJ6673,52,5,40,12,5.5,52,A
367776660,2024-05-03T16:47:43,20.06553,-155.88142,5.9,127.7,130.0,MOUNT BAKER,IMO9822906,WDJ6673,52,5,40,12,5.5,52,A
367776660,2024-05-03T16:48:53,20.06434,-155.87978,5.8,128.6,131.0,MOUNT BAKER,IMO9822906,WDJ6673,52,5,40,12,5.5,52,A
367776660,2024-05-03T16:50:04,20.06317,-155.87828,5.6,125.3,124.0,MOUNT BAKER,IMO9822906,WDJ6673,52,5,40,12,5.5,52,A
367776660,2024-05-03T16:51:15,20.06214,-155.87665,5.8,121.8,122.0,MOUNT BAKER,IMO9822906,WDJ6673,52,5,40,12,5.5,52,A
367776660,2024-05-03T16:52:24,20.06117,-155.87493,6.0,120.8,122.0,MOUNT BAKER,IMO9822906,WDJ6673,52,5,40,12,5.5,52,A
367776660,2024-05-03T16:53:34,20.06029,-155.87316,5.9,119.3,121.0,MOUNT BAKER,IMO9822906,WDJ6673,52,5,40,12,5.5,52,A
367776660,2024-05-03T16:54:43,20.05934,-155.87141,5.9,119.3,121.0,MOUNT BAKER,IMO9822906,WDJ6673,52,5,40,12,5.5,52,A
367776660,2024-05-04T06:32:44,20.05938,-155.88367,9.4,295.8,296.0,MOUNT BAKER,IMO9822906,WDJ6673,52,5,40,12,5.5,52,A
367776660,2024-05-04T06:33:54,20.06073,-155.88657,9.4,296.1,295.0,MOUNT BAKER,IMO9822906,WDJ6673,52,5,40,12,5.5,52,A
367776660,2024-05-04T06:35:05,20.06211,-155.88956,9.5,296.5,296.0,MOUNT BAKER,IMO9822906,WDJ6673,52,5,40,12,5.5,52,A
366766970,2024-01-23T20:59:28,20.06842,-155.88877,6.3,123.7,121.0,KEKOA,IMO7404085,WDK5246,52,11,36,10,4.6,52,A
366766970,2024-01-23T21:00:01,20.06784,-155.88785,6.6,124.1,120.0,KEKOA,IMO7404085,WDK5246,52,11,36,10,4.6,52,A
366766970,2024-01-23T21:01:08,20.06670,-155.88604,6.6,124.1,122.0,KEKOA,IMO7404085,WDK5246,52,11,36,10,4.6,52,A
366766970,2024-01-23T21:02:12,20.06558,-155.88426,6.7,123.7,121.0,KEKOA,IMO7404085,WDK5246,52,11,36,10,4.6,52,A
366766970,2024-01-23T21:03:15,20.06449,-155.88249,6.7,123.6,121.0,KEKOA,IMO7404085,WDK5246,52,11,36,10,4.6,52,A
366766970,2024-01-23T21:04:22,20.06333,-155.88057,6.7,121.2,120.0,KEKOA,IMO7404085,WDK5246,52,11,36,10,4.6,52,A
366766970,2024-01-23T21:05:31,20.06219,-155.87860,6.8,121.0,120.0,KEKOA,IMO7404085,WDK5246,52,11,36,10,4.6,52,A
366766970,2024-01-23T21:06:33,20.06118,-155.87686,6.7,121.5,121.0,KEKOA,IMO7404085,WDK5246,52,11,36,10,4.6,52,A
366766970,2024-01-23T21:07:35,20.06016,-155.87508,6.8,120.4,120.0,KEKOA,IMO7404085,WDK5246,52,11,36,10,4.6,52,A
366766970,2024-01-23T21:08:41,20.05906,-155.87321,6.7,122.2,121.0,KEKOA,IMO7404085,WDK5246,52,11,36,10,4.6,52,A
338627000,2024-02-13T14:51:31,20.06378,-155.88774,8.5,121.0,122.0,KAPENA BOB PURDY,IMO9816880,WDK6288,32,11,37,11,4.0,32,A
338627000,2024-02-13T14:52:41,20.06229,-155.88523,8.4,123.8,126.0,KAPENA BOB PURDY,IMO9816880,WDK6288,32,11,37,11,4.0,32,A
338627000,2024-02-13T14:53:45,20.06078,-155.88309,8.6,127.3,128.0,KAPENA BOB PURDY,IMO9816880,WDK6288,32,11,37,11,4.0,32,A
338627000,2024-02-13T14:54:52,20.05909,-155.88088,8.6,128.8,129.0,KAPENA BOB PURDY,IMO9816880,WDK6288,32,11,37,11,4.0,32,A
366766970,2024-03-12T15:46:09,20.06441,-155.88848,7.0,115.0,113.0,KEKOA,IMO7404085,WDK5246,52,11,36,10,4.6,52,A
366766970,2024-03-12T15:47:10,20.06357,-155.88655,7.0,114.6,113.0,KEKOA,IMO7404085,WDK5246,52,11,36,10,4.6,52,A
366766970,2024-03-12T15:48:18,20.06259,-155.88437,7.1,115.9,115.0,KEKOA,IMO7404085,WDK5246,52,11,36,10,4.6,52,A
366766970,2024-03-12T15:49:28,20.06158,-155.88220,7.1,116.2,115.0,KEKOA,IMO7404085,WDK5246,52,11,36,10,4.6,52,A
366766970,2024-03-12T15:50:38,20.06056,-155.87999,7.1,116.1,115.0,KEKOA,IMO7404085,WDK5246,52,11,36,10,4.6,52,A
366766970,2024-03-12T15:51:41,20.05970,-155.87798,6.3,112.2,114.0,KEKOA,IMO7404085,WDK5246,52,11,36,10,4.6,52,A
366766970,2024-03-12T15:52:49,20.05900,-155.87636,4.8,115.6,115.0,KEKOA,IMO7404085,WDK5246,52,11,36,10,4.6,52,A
366766970,2024-02-14T04:51:28,20.05888,-155.88524,9.6,303.0,301.0,KEKOA,IMO7404085,WDK5246,52,11,36,10,4.6,52,A
366766970,2024-02-14T04:52:37,20.06061,-155.88806,9.8,303.0,301.0,KEKOA,IMO7404085,WDK5246,52,11,36,10,4.6,52,A
338627000,2024-03-09T05:58:31,20.06037,-155.87174,9.8,309.5,311.0,KAPENA BOB PURDY,IMO9816880,WDK6288,32,11,37,11,4.0,32,A
338627000,2024-03-09T05:59:50,20.06271,-155.87472,9.9,308.9,310.0,KAPENA BOB PURDY,IMO9816880,WDK6288,32,11,37,11,4.0,32,A
338627000,2024-03-09T06:00:01,20.06303,-155.87513,9.9,309.3,311.0,KAPENA BOB PURDY,IMO9816880,WDK6288,32,11,37,11,4.0,32,A
338627000,2024-03-09T06:01:11,20.06508,-155.87782,10.0,309.0,311.0,KAPENA BOB PURDY,IMO9816880,WDK6288,32,11,37,11,4.0,32,A
338627000,2024-03-09T06:02:21,20.06709,-155.88046,10.0,308.8,311.0,KAPENA BOB PURDY,IMO9816880,WDK6288,32,11,37,11,4.0,32,A
338627000,2024-03-09T06:03:30,20.06909,-155.88310,10.1,308.9,310.0,KAPENA BOB PURDY,IMO9816880,WDK6288,32,11,37,11,4.0,32,A
338627000,2024-03-09T06:04:40,20.07124,-155.88581,10.3,311.3,314.0,KAPENA BOB PURDY,IMO9816880,WDK6288,32,11,37,11,4.0,32,A
338627000,2024-03-09T06:05:51,20.07345,-155.88852,10.3,310.4,313.0,KAPENA BOB PURDY,IMO9816880,WDK6288,32,11,37,11,4.0,32,A
338627000,2024-05-11T15:11:05,20.06864,-155.88943,5.7,119.4,121.0,KAPENA BOB PURDY,IMO9816880,WDK6288,32,11,37,11,4.0,32,A
338627000,2024-05-11T15:12:15,20.06770,-155.88768,5.7,119.9,121.0,KAPENA BOB PURDY,IMO9816880,WDK6288,32,11,37,11,4.0,32,A
338627000,2024-05-11T15:13:26,20.06678,-155.88595,5.7,120.1,121.0,KAPENA BOB PURDY,IMO9816880,WDK6288,32,11,37,11,4.0,32,A
338627000,2024-05-11T15:14:35,20.06587,-155.88427,5.7,119.4,121.0,KAPENA BOB PURDY,IMO9816880,WDK6288,32,11,37,11,4.0,32,A
338627000,2024-05-11T15:15:36,20.06505,-155.88278,5.7,120.4,121.0,KAPENA BOB PURDY,IMO9816880,WDK6288,32,11,37,11,4.0,32,A
338627000,2024-05-11T15:16:45,20.06410,-155.88113,5.7,121.1,122.0,KAPENA BOB PURDY,IMO9816880,WDK6288,32,11,37,11,4.0,32,A
338627000,2024-05-11T15:17:55,20.06317,-155.87942,5.7,120.7,121.0,KAPENA BOB PURDY,IMO9816880,WDK6288,32,11,37,11,4.0,32,A
338627000,2024-05-11T15:19:06,20.06220,-155.87769,5.8,120.2,121.0,KAPENA BOB PURDY,IMO9816880,WDK6288,32,11,37,11,4.0,32,A
338627000,2024-05-11T15:20:16,20.06128,-155.87594,5.8,118.5,120.0,KAPENA BOB PURDY,IMO9816880,WDK6288,32,11,37,11,4.0,32,A
338627000,2024-05-11T15:21:36,20.06021,-155.87396,5.8,119.5,120.0,KAPENA BOB PURDY,IMO9816880,WDK6288,32,11,37,11,4.0,32,A
338627000,2024-05-11T15:22:43,20.05930,-155.87224,5.8,118.8,120.0,KAPENA BOB PURDY,IMO9816880,WDK6288,32,11,37,11,4.0,32,A
338627000,2024-05-11T23:25:15,20.05910,-155.87425,9.3,295.3,296.0,KAPENA BOB PURDY,IMO9816880,WDK6288,32,11,37,11,4.0,32,A
338627000,2024-03-02T15:02:19,20.06792,-155.89002,5.2,121.6,125.0,KAPENA BOB PURDY,IMO9816880,WDK6288,32,11,37,11,4.0,32,A
338627000,2024-03-02T15:03:30,20.06701,-155.88851,5.1,121.1,125.0,KAPENA BOB PURDY,IMO9816880,WDK6288,32,11,37,11,4.0,32,A
338627000,2024-03-02T15:04:40,20.06612,-155.88700,5.0,121.5,123.0,KAPENA BOB PURDY,IMO9816880,WDK6288,32,11,37,11,4.0,32,A
338627000,2024-03-02T15:05:42,20.06540,-155.88570,5.0,120.7,123.0,KAPENA BOB PURDY,IMO9816880,WDK6288,32,11,37,11,4.0,32,A
338627000,2024-03-02T15:06:59,20.06451,-155.88402,5.0,120.8,122.0,KAPENA BOB PURDY,IMO9816880,WDK6288,32,11,37,11,4.0,32,A
338627000,2024-03-02T15:08:10,20.06371,-155.88255,5.0,118.8,122.0,KAPENA BOB PURDY,IMO9816880,WDK6288,32,11,37,11,4.0,32,A
338627000,2024-03-02T15:09:11,20.06302,-155.88125,4.9,118.5,122.0,KAPENA BOB PURDY,IMO9816880,WDK6288,32,11,37,11,4.0,32,A
338627000,2024-03-02T15:10:19,20.06224,-155.87981,4.9,118.5,123.0,KAPENA BOB PURDY,IMO9816880,WDK6288,32,11,37,11,4.0,32,A
338627000,2024-03-02T15:11:29,20.06143,-155.87829,5.0,119.8,122.0,KAPENA BOB PURDY,IMO9816880,WDK6288,32,11,37,11,4.0,32,A
338627000,2024-03-02T15:12:33,20.06070,-155.87693,5.0,118.7,123.0,KAPENA BOB PURDY,IMO9816880,WDK6288,32,11,37,11,4.0,32,A
338627000,2024-03-02T15:13:39,20.05993,-155.87555,5.0,120.3,123.0,KAPENA BOB PURDY,IMO9816880,WDK6288,32,11,37,11,4.0,32,A
338627000,2024-03-02T15:14:49,20.05911,-155.87406,4.9,118.8,122.0,KAPENA BOB PURDY,IMO9816880,WDK6288,32,11,37,11,4.0,32,A
366766970,2024-04-12T16:14:05,20.06826,-155.88841,8.2,117.6,110.0,KEKOA,IMO7404085,WDK5246,52,11,36,10,4.6,52,A
366766970,2024-04-12T16:15:10,20.06713,-155.88604,8.0,114.7,114.0,KEKOA,IMO7404085,WDK5246,52,11,36,10,4.6,52,A
366766970,2024-04-12T16:16:17,20.06586,-155.88378,8.0,122.4,119.0,KEKOA,IMO7404085,WDK5246,52,11,36,10,4.6,52,A
366766970,2024-04-12T16:17:27,20.06449,-155.88152,7.7,122.8,121.0,KEKOA,IMO7404085,WDK5246,52,11,36,10,4.6,52,A
366766970,2024-04-12T16:18:28,20.06334,-155.87971,7.0,123.5,122.0,KEKOA,IMO7404085,WDK5246,52,11,36,10,4.6,52,A
366766970,2024-04-12T16:19:37,20.06206,-155.87774,6.9,124.0,122.0,KEKOA,IMO7404085,WDK5246,52,11,36,10,4.6,52,A
366766970,2024-04-12T16:20:38,20.06129,-155.87636,4.4,118.6,119.0,KEKOA,IMO7404085,WDK5246,52,11,36,10,4.6,52,A
366766970,2024-04-12T16:21:47,20.06051,-155.87502,4.5,121.8,118.0,KEKOA,IMO7404085,WDK5246,52,11,36,10,4.6,52,A
366766970,2024-04-12T16:22:59,20.05987,-155.87406,2.6,129.3,126.0,KEKOA,IMO7404085,WDK5246,52,11,36,10,4.6,52,A
366766970,2024-04-12T16:24:08,20.05932,-155.87332,2.8,126.0,124.0,KEKOA,IMO7404085,WDK5246,52,11,36,10,4.6,52,A
366766970,2024-04-12T16:25:18,20.05878,-155.87254,2.8,125.5,122.0,KEKOA,IMO7404085,WDK5246,52,11,36,10,4.6,52,A
338627000,2024-03-17T01:49:04,20.05925,-155.87721,9.7,298.8,299.0,KAPENA BOB PURDY,IMO9816880,WDK6288,32,11,37,11,4.0,32,A
338627000,2024-03-17T01:50:14,20.06076,-155.88012,9.8,299.2,300.0,KAPENA BOB PURDY,IMO9816880,WDK6288,32,11,37,11,4.0,32,A
338627000,2024-03-17T01:51:25,20.06238,-155.88315,9.8,300.4,301.0,KAPENA BOB PURDY,IMO9816880,WDK6288,32,11,37,11,4.0,32,A
338627000,2024-03-17T01:52:34,20.06396,-155.88601,9.7,300.2,301.0,KAPENA BOB PURDY,IMO9816880,WDK6288,32,11,37,11,4.0,32,A
338627000,2024-03-17T01:53:45,20.06560,-155.88897,9.8,299.9,300.0,KAPENA BOB PURDY,IMO9816880,WDK6288,32,11,37,11,4.0,32,A
338627000,2024-05-11T23:26:26,20.06042,-155.87718,9.4,295.8,297.0,KAPENA BOB PURDY,IMO9816880,WDK6288,32,11,37,11,4.0,32,A
338627000,2024-05-11T23:27:36,20.06176,-155.88010,9.6,296.7,296.0,KAPENA BOB PURDY,IMO9816880,WDK6288,32,11,37,11,4.0,32,A
338627000,2024-05-11T23:28:45,20.06318,-155.88303,9.6,297.3,297.0,KAPENA BOB PURDY,IMO9816880,WDK6288,32,11,37,11,4.0,32,A
338627000,2024-05-11T23:29:56,20.06466,-155.88594,9.6,298.2,298.0,KAPENA BOB PURDY,IMO9816880,WDK6288,32,11,37,11,4.0,32,A
338627000,2024-05-11T23:31:06,20.06615,-155.88882,9.7,298.7,299.0,KAPENA BOB PURDY,IMO9816880,WDK6288,32,11,37,11,4.0,32,A
366766970,2024-02-07T05:49:18,20.05991,-155.88547,8.8,317.8,318.0,KEKOA,IMO7404085,WDK5246,52,11,36,10,4.6,52,A
366766970,2024-02-07T05:50:29,20.06208,-155.88757,9.2,318.2,318.0,KEKOA,IMO7404085,WDK5246,52,11,36,10,4.6,52,A
366766970,2024-02-07T05:51:38,20.06441,-155.88976,9.9,318.4,318.0,KEKOA,IMO7404085,WDK5246,52,11,36,10,4.6,52,A
338627000,2024-03-19T15:00:03,20.06834,-155.88986,6.6,119.3,122.0,KAPENA BOB PURDY,IMO9816880,WDK6288,32,11,37,11,4.0,32,A
338627000,2024-03-19T15:01:22,20.06712,-155.88765,6.4,120.9,122.0,KAPENA BOB PURDY,IMO9816880,WDK6288,32,11,37,11,4.0,32,A
338627000,2024-03-19T15:02:32,20.06604,-155.88572,6.5,121.6,123.0,KAPENA BOB PURDY,IMO9816880,WDK6288,32,11,37,11,4.0,32,A
338627000,2024-03-19T15:03:43,20.06490,-155.88384,6.2,123.1,123.0,KAPENA BOB PURDY,IMO9816880,WDK6288,32,11,37,11,4.0,32,A
338627000,2024-03-19T15:04:52,20.06384,-155.88205,6.3,122.5,123.0,KAPENA BOB PURDY,IMO9816880,WDK6288,32,11,37,11,4.0,32,A
338627000,2024-03-19T15:06:02,20.06276,-155.88022,6.3,122.3,123.0,KAPENA BOB PURDY,IMO9816880,WDK6288,32,11,37,11,4.0,32,A
338627000,2024-03-19T15:07:13,20.06167,-155.87835,6.2,121.7,123.0,KAPENA BOB PURDY,IMO9816880,WDK6288,32,11,37,11,4.0,32,A
338627000,2024-03-19T15:08:22,20.06060,-155.87655,6.2,121.3,122.0,KAPENA BOB PURDY,IMO9816880,WDK6288,32,11,37,11,4.0,32,A
338627000,2024-03-19T15:09:32,20.05954,-155.87474,6.2,122.2,123.0,KAPENA BOB PURDY,IMO9816880,WDK6288,32,11,37,11,4.0,32,A
338627000,2024-04-10T07:11:02,20.06047,-155.88534,9.5,310.0,310.0,KAPENA BOB PURDY,IMO9816880,WDK6288,32,11,37,11,4.0,32,A
338627000,2024-04-10T07:12:13,20.06236,-155.88795,9.4,303.5,303.0,KAPENA BOB PURDY,IMO9816880,WDK6288,32,11,37,11,4.0,32,A
366766970,2024-01-02T15:48:50,20.06595,-155.88849,10.4,117.5,116.0,KEKOA,IMO7404085,WDK5246,52,11,36,10,4.6,52,A
366766970,2024-01-02T15:49:59,20.06437,-155.88531,10.3,118.1,116.0,KEKOA,IMO7404085,WDK5246,52,11,36,10,4.6,52,A
366766970,2024-01-02T15:51:09,20.06276,-155.88218,10.0,118.7,116.0,KEKOA,IMO7404085,WDK5246,52,11,36,10,4.6,52,A
366766970,2024-01-02T15:52:19,20.06129,-155.87930,9.5,118.3,116.0,KEKOA,IMO7404085,WDK5246,52,11,36,10,4.6,52,A
366766970,2024-01-02T15:53:28,20.05986,-155.87648,9.1,118.4,116.0,KEKOA,IMO7404085,WDK5246,52,11,36,10,4.6,52,A
366766970,2024-04-24T04:55:40,20.05910,-155.88311,9.5,324.8,321.0,KEKOA,IMO7404085,WDK5246,52,11,36,10,4.6,52,A
366766970,2024-04-24T04:56:49,20.06161,-155.88504,9.5,323.3,319.0,KEKOA,IMO7404085,WDK5246,52,11,36,10,4.6,52,A
366766970,2024-04-24T04:57:58,20.06398,-155.88699,9.4,321.8,318.0,KEKOA,IMO7404085,WDK5246,52,11,36,10,4.6,52,A
366766970,2024-04-24T04:59:08,20.06638,-155.88904,9.4,320.4,317.0,KEKOA,IMO7404085,WDK5246,52,11,36,10,4.6,52,A
366766970,2024-01-06T09:49:11,20.06003,-155.88167,10.1,302.8,301.0,KEKOA,IMO7404085,WDK5246,52,11,36,10,4.6,52,A
366766970,2024-01-06T09:50:43,20.06249,-155.88538,10.1,307.5,306.0,KEKOA,IMO7404085,WDK5246,52,11,36,10,4.6,52,A
366766970,2024-01-06T09:51:44,20.06425,-155.88777,10.1,308.2,308.0,KEKOA,IMO7404085,WDK5246,52,11,36,10,4.6,52,A
338627000,2024-01-10T04:13:54,20.05875,-155.87265,8.5,298.2,307.0,KAPENA BOB PURDY,IMO9816880,WDK6288,32,5,37,11,4.0,32,A
338627000,2024-01-10T04:15:05,20.06034,-155.87519,9.0,306.9,307.0,KAPENA BOB PURDY,IMO9816880,WDK6288,32,5,37,11,4.0,32,A
338627000,2024-01-10T04:16:15,20.06202,-155.87778,9.4,306.8,307.0,KAPENA BOB PURDY,IMO9816880,WDK6288,32,5,37,11,4.0,32,A
338627000,2024-01-10T04:17:24,20.06373,-155.88041,9.6,307.3,306.0,KAPENA BOB PURDY,IMO9816880,WDK6288,32,5,37,11,4.0,32,A
338627000,2024-01-10T04:18:34,20.06548,-155.88314,9.4,306.5,306.0,KAPENA BOB PURDY,IMO9816880,WDK6288,32,5,37,11,4.0,32,A
338627000,2024-01-10T04:19:45,20.06714,-155.88582,9.3,303.2,306.0,KAPENA BOB PURDY,IMO9816880,WDK6288,32,5,37,11,4.0,32,A
338627000,2024-01-10T04:20:55,20.06871,-155.88849,8.8,303.3,306.0,KAPENA BOB PURDY,IMO9816880,WDK6288,32,5,37,11,4.0,32,A
366766970,2024-01-16T16:03:20,20.06370,-155.88826,6.8,95.1,98.0,KEKOA,IMO7404085,WDK5246,52,11,36,10,4.6,52,A
366766970,2024-01-16T16:04:21,20.06324,-155.88629,6.9,108.2,107.0,KEKOA,IMO7404085,WDK5246,52,11,36,10,4.6,52,A
366766970,2024-01-16T16:05:28,20.06252,-155.88415,6.8,111.5,111.0,KEKOA,IMO7404085,WDK5246,52,11,36,10,4.6,52,A
366766970,2024-01-16T16:06:33,20.06173,-155.88210,6.7,112.7,113.0,KEKOA,IMO7404085,WDK5246,52,11,36,10,4.6,52,A
366766970,2024-01-16T16:07:34,20.06096,-155.88024,6.6,113.6,114.0,KEKOA,IMO7404085,WDK5246,52,11,36,10,4.6,52,A
366766970,2024-01-16T16:08:37,20.06014,-155.87837,6.7,114.6,114.0,KEKOA,IMO7404085,WDK5246,52,11,36,10,4.6,52,A
366766970,2024-01-16T16:09:56,20.05910,-155.87594,6.7,114.6,114.0,KEKOA,IMO7404085,WDK5246,52,11,36,10,4.6,52,A
366766970,2024-01-03T03:12:22,20.05940,-155.87568,7.1,305.6,305.0,KEKOA,IMO7404085,WDK5246,52,11,36,10,4.6,52,A
366766970,2024-01-03T03:13:25,20.06074,-155.87743,7.1,309.7,308.0,KEKOA,IMO7404085,WDK5246,52,11,36,10,4.6,52,A
366766970,2024-01-03T03:14:34,20.06222,-155.87927,7.1,310.6,309.0,KEKOA,IMO7404085,WDK5246,52,11,36,10,4.6,52,A
366766970,2024-01-03T03:15:35,20.06352,-155.88085,7.1,313.2,311.0,KEKOA,IMO7404085,WDK5246,52,11,36,10,4.6,52,A
366766970,2024-01-03T03:16:45,20.06517,-155.88259,7.1,315.3,313.0,KEKOA,IMO7404085,WDK5246,52,11,36,10,4.6,52,A
366766970,2024-01-03T03:17:54,20.06686,-155.88430,7.1,317.2,313.0,KEKOA,IMO7404085,WDK5246,52,11,36,10,4.6,52,A
366766970,2024-01-03T03:19:05,20.06857,-155.88600,7.2,317.2,315.0,KEKOA,IMO7404085,WDK5246,52,11,36,10,4.6,52,A
366766970,2024-01-03T03:20:15,20.07036,-155.88759,7.2,320.9,318.0,KEKOA,IMO7404085,WDK5246,52,11,36,10,4.6,52,A
366766970,2024-01-03T03:21:26,20.07223,-155.88918,7.2,321.3,318.0,KEKOA,IMO7404085,WDK5246,52,11,36,10,4.6,52,A
338627000,2024-01-09T16:04:11,20.06712,-155.88996,5.8,85.1,94.0,KAPENA BOB PURDY,IMO9816880,WDK6288,32,11,37,11,4.0,32,A
338627000,2024-01-09T16:05:13,20.06693,-155.88831,5.3,105.7,106.0,KAPENA BOB PURDY,IMO9816880,WDK6288,32,11,37,11,4.0,32,A
338627000,2024-01-09T16:06:16,20.06656,-155.88673,5.0,105.4,109.0,KAPENA BOB PURDY,IMO9816880,WDK6288,32,11,37,11,4.0,32,A
338627000,2024-01-09T16:07:18,20.06615,-155.88532,5.1,103.9,119.0,KAPENA BOB PURDY,IMO9816880,WDK6288,32,11,37,11,4.0,32,A
338627000,2024-01-09T16:08:19,20.06561,-155.88391,5.0,109.4,119.0,KAPENA BOB PURDY,IMO9816880,WDK6288,32,11,37,11,4.0,32,A
338627000,2024-01-09T16:09:20,20.06504,-155.88263,4.6,119.4,123.0,KAPENA BOB PURDY,IMO9816880,WDK6288,32,11,37,11,4.0,32,A
338627000,2024-01-09T16:10:21,20.06446,-155.88140,4.7,119.5,122.0,KAPENA BOB PURDY,IMO9816880,WDK6288,32,11,37,11,4.0,32,A
338627000,2024-01-09T16:11:26,20.06402,-155.88031,3.9,110.6,123.0,KAPENA BOB PURDY,IMO9816880,WDK6288,32,11,37,11,4.0,32,A
338627000,2024-01-09T16:12:28,20.06357,-155.87930,3.9,114.1,129.0,KAPENA BOB PURDY,IMO9816880,WDK6288,32,11,37,11,4.0,32,A
338627000,2024-01-09T16:13:29,20.06309,-155.87833,4.4,101.3,134.0,KAPENA BOB PURDY,IMO9816880,WDK6288,32,11,37,11,4.0,32,A
338627000,2024-01-09T16:14:31,20.06255,-155.87747,3.5,117.6,132.0,KAPENA BOB PURDY,IMO9816880,WDK6288,32,11,37,11,4.0,32,A
338627000,2024-01-09T16:15:36,20.06208,-155.87658,3.3,112.6,132.0,KAPENA BOB PURDY,IMO9816880,WDK6288,32,11,37,11,4.0,32,A
338627000,2024-01-09T16:16:38,20.06167,-155.87574,3.6,104.9,133.0,KAPENA BOB PURDY,IMO9816880,WDK6288,32,11,37,11,4.0,32,A
338627000,2024-01-09T16:17:39,20.06124,-155.87497,3.6,119.6,127.0,KAPENA BOB PURDY,IMO9816880,WDK6288,32,11,37,11,4.0,32,A
338627000,2024-01-09T16:18:40,20.06087,-155.87418,3.4,111.9,128.0,KAPENA BOB PURDY,IMO9816880,WDK6288,32,11,37,11,4.0,32,A
338627000,2024-01-09T16:19:44,20.06042,-155.87329,3.5,112.9,128.0,KAPENA BOB PURDY,IMO9816880,WDK6288,32,11,37,11,4.0,32,A
338627000,2024-01-09T16:20:48,20.06003,-155.87245,3.7,112.9,126.0,KAPENA BOB PURDY,IMO9816880,WDK6288,32,11,37,11,4.0,32,A
338627000,2024-01-09T16:21:52,20.05964,-155.87163,3.1,117.7,129.0,KAPENA BOB PURDY,IMO9816880,WDK6288,32,11,37,11,4.0,32,A
338627000,2024-01-09T16:22:56,20.05928,-155.87081,3.5,118.4,126.0,KAPENA BOB PURDY,IMO9816880,WDK6288,32,11,37,11,4.0,32,A
338627000,2024-01-09T16:23:58,20.05891,-155.86995,3.7,109.9,128.0,KAPENA BOB PURDY,IMO9816880,WDK6288,32,11,37,11,4.0,32,A
366766970,2024-01-09T15:45:13,20.06575,-155.88955,6.9,119.7,119.0,KEKOA,IMO7404085,WDK5246,52,11,36,10,4.6,52,A
366766970,2024-01-09T15:46:14,20.06481,-155.88768,7.0,116.3,118.0,KEKOA,IMO7404085,WDK5246,52,11,36,10,4.6,52,A
366766970,2024-01-09T15:47:15,20.06391,-155.88578,7.0,116.9,117.0,KEKOA,IMO7404085,WDK5246,52,11,36,10,4.6,52,A
366766970,2024-01-09T15:48:19,20.06299,-155.88379,7.2,118.0,116.0,KEKOA,IMO7404085,WDK5246,52,11,36,10,4.6,52,A
366766970,2024-01-09T15:49:23,20.06206,-155.88178,7.1,117.5,116.0,KEKOA,IMO7404085,WDK5246,52,11,36,10,4.6,52,A
366766970,2024-01-09T15:50:26,20.06114,-155.87981,7.2,118.4,114.0,KEKOA,IMO7404085,WDK5246,52,11,36,10,4.6,52,A
366766970,2024-01-09T15:51:29,20.06024,-155.87786,6.5,116.2,117.0,KEKOA,IMO7404085,WDK5246,52,11,36,10,4.6,52,A
366766970,2024-01-09T15:52:33,20.05940,-155.87602,6.5,118.2,118.0,KEKOA,IMO7404085,WDK5246,52,11,36,10,4.6,52,A
366766970,2024-02-13T15:59:57,20.06872,-155.89001,6.3,117.7,112.0,KEKOA,IMO7404085,WDK5246,52,11,36,10,4.6,52,A
366766970,2024-02-13T16:00:08,20.06858,-155.88972,6.4,117.4,111.0,KEKOA,IMO7404085,WDK5246,52,11,36,10,4.6,52,A
366766970,2024-02-13T16:01:17,20.06764,-155.88779,6.3,117.1,112.0,KEKOA,IMO7404085,WDK5246,52,11,36,10,4.6,52,A
366766970,2024-02-13T16:02:28,20.06665,-155.88576,6.4,117.2,112.0,KEKOA,IMO7404085,WDK5246,52,11,36,10,4.6,52,A
366766970,2024-02-13T16:03:38,20.06568,-155.88377,6.5,117.3,112.0,KEKOA,IMO7404085,WDK5246,52,11,36,10,4.6,52,A
366766970,2024-02-13T16:04:48,20.06471,-155.88179,6.6,117.4,112.0,KEKOA,IMO7404085,WDK5246,52,11,36,10,4.6,52,A
366766970,2024-02-13T16:05:58,20.06368,-155.87982,6.5,121.9,117.0,KEKOA,IMO7404085,WDK5246,52,11,36,10,4.6,52,A
366766970,2024-02-13T16:07:07,20.06252,-155.87791,6.5,122.9,119.0,KEKOA,IMO7404085,WDK5246,52,11,36,10,4.6,52,A
366766970,2024-02-13T16:08:08,20.06150,-155.87630,6.4,124.2,120.0,KEKOA,IMO7404085,WDK5246,52,11,36,10,4.6,52,A
366766970,2024-02-13T16:09:18,20.06032,-155.87442,6.5,123.7,120.0,KEKOA,IMO7404085,WDK5246,52,11,36,10,4.6,52,A
366766970,2024-02-13T16:10:28,20.05914,-155.87254,6.5,123.9,120.0,KEKOA,IMO7404085,WDK5246,52,11,36,10,4.6,52,A
338627000,2024-02-16T14:49:17,20.06952,-155.88937,8.3,124.7,128.0,KAPENA BOB PURDY,IMO9816880,WDK6288,32,11,37,11,4.0,32,A
338627000,2024-02-16T14:50:20,20.06820,-155.88734,7.8,124.2,131.0,KAPENA BOB PURDY,IMO9816880,WDK6288,32,11,37,11,4.0,32,A
338627000,2024-02-16T14:51:29,20.06657,-155.88534,7.6,132.3,136.0,KAPENA BOB PURDY,IMO9816880,WDK6288,32,11,37,11,4.0,32,A
338627000,2024-02-16T14:52:30,20.06530,-155.88367,6.8,125.7,129.0,KAPENA BOB PURDY,IMO9816880,WDK6288,32,11,37,11,4.0,32,A
338627000,2024-02-16T14:53:35,20.06417,-155.88194,6.7,124.3,128.0,KAPENA BOB PURDY,IMO9816880,WDK6288,32,11,37,11,4.0,32,A
338627000,2024-02-16T14:54:36,20.06312,-155.88033,6.1,124.2,128.0,KAPENA BOB PURDY,IMO9816880,WDK6288,32,11,37,11,4.0,32,A
338627000,2024-02-16T14:55:37,20.06213,-155.87881,6.3,125.2,127.0,KAPENA BOB PURDY,IMO9816880,WDK6288,32,11,37,11,4.0,32,A
338627000,2024-02-16T14:56:40,20.06115,-155.87727,6.0,122.9,128.0,KAPENA BOB PURDY,IMO9816880,WDK6288,32,11,37,11,4.0,32,A
338627000,2024-02-16T14:57:43,20.06020,-155.87575,5.8,120.6,125.0,KAPENA BOB PURDY,IMO9816880,WDK6288,32,11,37,11,4.0,32,A
338627000,2024-02-16T14:58:44,20.05931,-155.87429,5.6,121.6,125.0,KAPENA BOB PURDY,IMO9816880,WDK6288,32,11,37,11,4.0,32,A
338627000,2024-02-17T05:12:18,20.05956,-155.87871,9.6,315.7,320.0,KAPENA BOB PURDY,IMO9816880,WDK6288,32,5,37,11,4.0,32,A
338627000,2024-02-17T05:13:29,20.06182,-155.88111,9.8,315.0,319.0,KAPENA BOB PURDY,IMO9816880,WDK6288,32,5,37,11,4.0,32,A
338627000,2024-02-17T05:14:40,20.06407,-155.88344,9.7,315.3,319.0,KAPENA BOB PURDY,IMO9816880,WDK6288,32,5,37,11,4.0,32,A
338627000,2024-02-17T05:15:49,20.06632,-155.88573,9.6,315.2,320.0,KAPENA BOB PURDY,IMO9816880,WDK6288,32,5,37,11,4.0,32,A
338627000,2024-02-17T05:17:00,20.06857,-155.88800,9.7,315.3,320.0,KAPENA BOB PURDY,IMO9816880,WDK6288,32,5,37,11,4.0,32,A
366766970,2024-03-13T05:35:43,20.05947,-155.87593,10.1,304.1,302.0,KEKOA,IMO7404085,WDK5246,52,11,36,10,4.6,52,A
366766970,2024-03-13T05:36:54,20.06135,-155.87883,10.2,304.3,302.0,KEKOA,IMO7404085,WDK5246,52,11,36,10,4.6,52,A
366766970,2024-03-13T05:38:02,20.06336,-155.88163,10.4,309.2,308.0,KEKOA,IMO7404085,WDK5246,52,11,36,10,4.6,52,A
366766970,2024-03-13T05:39:03,20.06538,-155.88392,10.4,313.6,312.0,KEKOA,IMO7404085,WDK5246,52,11,36,10,4.6,52,A
366766970,2024-03-13T05:40:07,20.06757,-155.88626,10.4,316.0,315.0,KEKOA,IMO7404085,WDK5246,52,11,36,10,4.6,52,A
366766970,2024-03-13T05:41:13,20.07000,-155.88853,10.5,319.0,318.0,KEKOA,IMO7404085,WDK5246,52,11,36,10,4.6,52,A
366766970,2024-01-05T17:51:52,20.06812,-155.88948,7.7,119.6,117.0,KEKOA,IMO7404085,WDK5246,52,11,36,10,4.6,52,A
366766970,2024-01-05T17:53:03,20.06682,-155.88710,8.1,120.4,117.0,KEKOA,IMO7404085,WDK5246,52,11,36,10,4.6,52,A
366766970,2024-01-05T17:54:05,20.06558,-155.88488,8.5,121.0,118.0,KEKOA,IMO7404085,WDK5246,52,11,36,10,4.6,52,A
366766970,2024-01-05T17:55:13,20.06419,-155.88240,8.8,120.9,118.0,KEKOA,IMO7404085,WDK5246,52,11,36,10,4.6,52,A
366766970,2024-01-05T17:56:22,20.06275,-155.87974,9.1,118.8,116.0,KEKOA,IMO7404085,WDK5246,52,11,36,10,4.6,52,A
366766970,2024-01-05T17:57:23,20.06150,-155.87732,9.2,118.2,116.0,KEKOA,IMO7404085,WDK5246,52,11,36,10,4.6,52,A
366766970,2024-01-05T17:58:33,20.06006,-155.87452,9.3,118.9,117.0,KEKOA,IMO7404085,WDK5246,52,11,36,10,4.6,52,A
366766970,2024-01-05T17:59:43,20.05861,-155.87173,9.3,118.9,117.0,KEKOA,IMO7404085,WDK5246,52,11,36,10,4.6,52,A
338627000,2024-02-02T14:53:09,20.06698,-155.88838,7.5,117.4,121.0,KAPENA BOB PURDY,IMO9816880,WDK6288,32,11,37,11,4.0,32,A
338627000,2024-02-02T14:54:11,20.06597,-155.88636,7.2,117.9,121.0,KAPENA BOB PURDY,IMO9816880,WDK6288,32,11,37,11,4.0,32,A
338627000,2024-02-02T14:55:20,20.06487,-155.88429,6.9,120.4,123.0,KAPENA BOB PURDY,IMO9816880,WDK6288,32,11,37,11,4.0,32,A
338627000,2024-02-02T14:56:21,20.06387,-155.88257,6.4,120.5,124.0,KAPENA BOB PURDY,IMO9816880,WDK6288,32,11,37,11,4.0,32,A
338627000,2024-02-02T14:57:25,20.06284,-155.88085,6.4,121.7,123.0,KAPENA BOB PURDY,IMO9816880,WDK6288,32,11,37,11,4.0,32,A
338627000,2024-02-02T14:58:26,20.06190,-155.87925,5.8,121.1,123.0,KAPENA BOB PURDY,IMO9816880,WDK6288,32,11,37,11,4.0,32,A
338627000,2024-02-02T14:59:30,20.06106,-155.87783,5.3,122.1,123.0,KAPENA BOB PURDY,IMO9816880,WDK6288,32,11,37,11,4.0,32,A
338627000,2024-02-02T15:00:02,20.06064,-155.87715,4.9,124.3,124.0,KAPENA BOB PURDY,IMO9816880,WDK6288,32,11,37,11,4.0,32,A
338627000,2024-02-02T15:01:06,20.05988,-155.87585,4.9,122.0,123.0,KAPENA BOB PURDY,IMO9816880,WDK6288,32,11,37,11,4.0,32,A
338627000,2024-02-02T15:02:11,20.05911,-155.87456,4.9,124.4,123.0,KAPENA BOB PURDY,IMO9816880,WDK6288,32,11,37,11,4.0,32,A
366766970,2024-02-03T05:33:38,20.05935,-155.88533,8.2,316.3,317.0,KEKOA,IMO7404085,WDK5246,52,11,36,10,4.6,52,A
366766970,2024-02-03T05:34:48,20.06128,-155.88734,8.5,314.9,317.0,KEKOA,IMO7404085,WDK5246,52,11,36,10,4.6,52,A
366766970,2024-02-03T05:35:57,20.06319,-155.88942,8.4,314.0,315.0,KEKOA,IMO7404085,WDK5246,52,11,36,10,4.6,52,A
366766970,2024-01-20T05:07:04,20.05907,-155.88912,8.3,294.9,295.0,KEKOA,IMO7404085,WDK5246,52,11,36,10,4.6,52,A
338627000,2024-03-23T08:01:17,20.05879,-155.87345,9.5,295.6,297.0,KAPENA BOB PURDY,IMO9816880,WDK6288,32,0,37,11,4.0,32,A
338627000,2024-03-23T08:02:18,20.05990,-155.87601,9.5,295.2,297.0,KAPENA BOB PURDY,IMO9816880,WDK6288,32,0,37,11,4.0,32,A
338627000,2024-03-23T08:03:27,20.06127,-155.87900,9.5,295.1,297.0,KAPENA BOB PURDY,IMO9816880,WDK6288,32,0,37,11,4.0,32,A
338627000,2024-03-23T08:04:37,20.06263,-155.88188,9.3,296.7,298.0,KAPENA BOB PURDY,IMO9816880,WDK6288,32,0,37,11,4.0,32,A
338627000,2024-03-23T08:05:57,20.06418,-155.88516,9.2,296.5,298.0,KAPENA BOB PURDY,IMO9816880,WDK6288,32,0,37,11,4.0,32,A
338627000,2024-03-23T08:07:07,20.06552,-155.88799,9.2,296.7,298.0,KAPENA BOB PURDY,IMO9816880,WDK6288,32,0,37,11,4.0,32,A
338627000,2024-05-04T16:39:19,20.06925,-155.88911,9.3,123.8,125.0,KAPENA BOB PURDY,IMO9816880,WDK6288,32,11,37,11,4.0,32,A
338627000,2024-05-04T16:40:20,20.06786,-155.88676,9.0,122.6,123.0,KAPENA BOB PURDY,IMO9816880,WDK6288,32,11,37,11,4.0,32,A
338627000,2024-05-04T16:41:30,20.06638,-155.88415,8.7,120.6,122.0,KAPENA BOB PURDY,IMO9816880,WDK6288,32,11,37,11,4.0,32,A
338627000,2024-05-04T16:42:32,20.06513,-155.88194,8.2,120.9,122.0,KAPENA BOB PURDY,IMO9816880,WDK6288,32,11,37,11,4.0,32,A
338627000,2024-05-04T16:43:40,20.06390,-155.87975,7.4,121.5,123.0,KAPENA BOB PURDY,IMO9816880,WDK6288,32,11,37,11,4.0,32,A
338627000,2024-05-04T16:44:49,20.06268,-155.87761,7.1,121.3,123.0,KAPENA BOB PURDY,IMO9816880,WDK6288,32,11,37,11,4.0,32,A
338627000,2024-05-04T16:45:50,20.06168,-155.87583,7.0,120.5,123.0,KAPENA BOB PURDY,IMO9816880,WDK6288,32,11,37,11,4.0,32,A
338627000,2024-05-04T16:47:00,20.06053,-155.87379,7.1,122.3,122.0,KAPENA BOB PURDY,IMO9816880,WDK6288,32,11,37,11,4.0,32,A
338627000,2024-05-04T16:48:10,20.05938,-155.87173,6.8,120.6,122.0,KAPENA BOB PURDY,IMO9816880,WDK6288,32,11,37,11,4.0,32,A
338627000,2024-01-13T05:09:53,20.05964,-155.87137,9.0,303.4,303.0,KAPENA BOB PURDY,IMO9816880,WDK6288,32,11,37,11,4.0,32,A
338627000,2024-01-13T05:10:59,20.06123,-155.87389,9.3,303.7,303.0,KAPENA BOB PURDY,IMO9816880,WDK6288,32,11,37,11,4.0,32,A
338627000,2024-01-13T05:12:01,20.06276,-155.87626,9.5,302.7,304.0,KAPENA BOB PURDY,IMO9816880,WDK6288,32,11,37,11,4.0,32,A
338627000,2024-01-13T05:13:04,20.06433,-155.87868,9.2,303.0,303.0,KAPENA BOB PURDY,IMO9816880,WDK6288,32,11,37,11,4.0,32,A
338627000,2024-01-13T05:14:05,20.06573,-155.88097,9.2,302.4,303.0,KAPENA BOB PURDY,IMO9816880,WDK6288,32,11,37,11,4.0,32,A
338627000,2024-01-13T05:15:06,20.06714,-155.88328,9.0,302.5,304.0,KAPENA BOB PURDY,IMO9816880,WDK6288,32,11,37,11,4.0,32,A
338627000,2024-01-13T05:16:07,20.06854,-155.88556,9.1,300.8,304.0,KAPENA BOB PURDY,IMO9816880,WDK6288,32,11,37,11,4.0,32,A
338627000,2024-01-13T05:17:29,20.07040,-155.88862,9.2,302.6,303.0,KAPENA BOB PURDY,IMO9816880,WDK6288,32,11,37,11,4.0,32,A
366766970,2024-04-16T15:56:37,20.06698,-155.88940,5.4,116.0,117.0,KEKOA,IMO7404085,WDK5246,52,11,36,10,4.6,52,A
366766970,2024-04-16T15:57:41,20.06624,-155.88785,5.5,116.3,117.0,KEKOA,IMO7404085,WDK5246,52,11,36,10,4.6,52,A
366766970,2024-04-16T15:58:51,20.06545,-155.88616,5.4,116.3,117.0,KEKOA,IMO7404085,WDK5246,52,11,36,10,4.6,52,A
366766970,2024-04-16T16:00:00,20.06468,-155.88452,5.3,116.6,117.0,KEKOA,IMO7404085,WDK5246,52,11,36,10,4.6,52,A
366766970,2024-04-16T16:01:11,20.06391,-155.88284,5.3,115.1,116.0,KEKOA,IMO7404085,WDK5246,52,11,36,10,4.6,52,A
366766970,2024-04-16T16:02:13,20.06325,-155.88137,5.3,115.7,116.0,KEKOA,IMO7404085,WDK5246,52,11,36,10,4.6,52,A
366766970,2024-04-16T16:03:16,20.06260,-155.87989,5.2,115.0,117.0,KEKOA,IMO7404085,WDK5246,52,11,36,10,4.6,52,A
366766970,2024-04-16T16:04:17,20.06197,-155.87846,5.3,113.7,115.0,KEKOA,IMO7404085,WDK5246,52,11,36,10,4.6,52,A
366766970,2024-04-16T16:05:18,20.06134,-155.87707,5.2,115.5,116.0,KEKOA,IMO7404085,WDK5246,52,11,36,10,4.6,52,A
366766970,2024-04-16T16:06:20,20.06072,-155.87560,5.2,114.4,116.0,KEKOA,IMO7404085,WDK5246,52,11,36,10,4.6,52,A
366766970,2024-04-16T16:07:22,20.06009,-155.87415,5.2,115.2,116.0,KEKOA,IMO7404085,WDK5246,52,11,36,10,4.6,52,A
366766970,2024-04-16T16:08:29,20.05940,-155.87258,5.2,115.6,115.0,KEKOA,IMO7404085,WDK5246,52,11,36,10,4.6,52,A
366766970,2024-04-16T16:09:44,20.05863,-155.87084,5.2,114.4,115.0,KEKOA,IMO7404085,WDK5246,52,11,36,10,4.6,52,A
366766970,2024-05-01T05:36:22,20.05905,-155.87453,10.1,311.1,307.0,KEKOA,IMO7404085,WDK5246,52,11,36,10,4.6,52,A
366766970,2024-05-01T05:37:32,20.06118,-155.87727,10.0,308.4,305.0,KEKOA,IMO7404085,WDK5246,52,11,36,10,4.6,52,A
366766970,2024-05-01T05:38:42,20.06315,-155.88000,10.0,306.7,303.0,KEKOA,IMO7404085,WDK5246,52,11,36,10,4.6,52,A
366766970,2024-05-01T05:39:52,20.06510,-155.88286,10.0,305.4,303.0,KEKOA,IMO7404085,WDK5246,52,11,36,10,4.6,52,A
366766970,2024-05-01T05:41:02,20.06698,-155.88565,10.0,305.6,303.0,KEKOA,IMO7404085,WDK5246,52,11,36,10,4.6,52,A
366766970,2024-05-01T05:42:13,20.06896,-155.88850,10.1,306.5,303.0,KEKOA,IMO7404085,WDK5246,52,11,36,10,4.6,52,A
366766970,2024-01-13T09:26:34,20.05927,-155.87227,8.4,304.1,301.0,KEKOA,IMO7404085,WDK5246,52,11,36,10,4.6,52,A
366766970,2024-01-13T09:27:45,20.06087,-155.87476,8.6,303.8,301.0,KEKOA,IMO7404085,WDK5246,52,11,36,10,4.6,52,A
366766970,2024-01-13T09:28:49,20.06227,-155.87697,8.6,304.3,301.0,KEKOA,IMO7404085,WDK5246,52,11,36,10,4.6,52,A
366766970,2024-01-13T09:30:05,20.06414,-155.87952,8.6,310.2,308.0,KEKOA,IMO7404085,WDK5246,52,11,36,10,4.6,52,A
366766970,2024-01-13T09:31:11,20.06588,-155.88156,8.3,312.8,311.0,KEKOA,IMO7404085,WDK5246,52,11,36,10,4.6,52,A
366766970,2024-01-13T09:32:23,20.06785,-155.88368,8.6,314.9,312.0,KEKOA,IMO7404085,WDK5246,52,11,36,10,4.6,52,A
366766970,2024-01-13T09:33:35,20.06989,-155.88580,8.5,315.7,313.0,KEKOA,IMO7404085,WDK5246,52,11,36,10,4.6,52,A
366766970,2024-01-13T09:34:45,20.07193,-155.88791,8.5,315.9,313.0,KEKOA,IMO7404085,WDK5246,52,11,36,10,4.6,52,A
366766970,2024-01-13T09:35:51,20.07377,-155.88982,8.7,314.0,313.0,KEKOA,IMO7404085,WDK5246,52,11,36,10,4.6,52,A
338627000,2024-03-16T21:56:26,20.06764,-155.88987,3.9,115.3,122.0,KAPENA BOB PURDY,IMO9816880,WDK6288,32,11,37,11,4.0,32,A
338627000,2024-03-16T21:57:33,20.06709,-155.88869,4.3,116.8,123.0,KAPENA BOB PURDY,IMO9816880,WDK6288,32,11,37,11,4.0,32,A
338627000,2024-03-16T21:58:43,20.06647,-155.88746,3.7,118.0,124.0,KAPENA BOB PURDY,IMO9816880,WDK6288,32,11,37,11,4.0,32,A
338627000,2024-03-16T21:59:54,20.06589,-155.88628,4.1,116.5,123.0,KAPENA BOB PURDY,IMO9816880,WDK6288,32,11,37,11,4.0,32,A
338627000,2024-03-16T22:00:03,20.06579,-155.88609,4.3,118.1,122.0,KAPENA BOB PURDY,IMO9816880,WDK6288,32,11,37,11,4.0,32,A
338627000,2024-03-16T22:01:14,20.06517,-155.88483,4.0,118.0,122.0,KAPENA BOB PURDY,IMO9816880,WDK6288,32,11,37,11,4.0,32,A
338627000,2024-03-16T22:02:33,20.06452,-155.88348,3.9,117.3,123.0,KAPENA BOB PURDY,IMO9816880,WDK6288,32,11,37,11,4.0,32,A
338627000,2024-03-16T22:03:55,20.06384,-155.88207,3.9,118.6,122.0,KAPENA BOB PURDY,IMO9816880,WDK6288,32,11,37,11,4.0,32,A
338627000,2024-03-16T22:05:05,20.06324,-155.88086,4.0,118.7,123.0,KAPENA BOB PURDY,IMO9816880,WDK6288,32,11,37,11,4.0,32,A
338627000,2024-03-16T22:06:13,20.06262,-155.87965,3.9,117.8,124.0,KAPENA BOB PURDY,IMO9816880,WDK6288,32,11,37,11,4.0,32,A
338627000,2024-03-16T22:07:23,20.06197,-155.87846,3.9,119.1,125.0,KAPENA BOB PURDY,IMO9816880,WDK6288,32,11,37,11,4.0,32,A
338627000,2024-03-16T22:08:26,20.06140,-155.87738,4.0,120.4,125.0,KAPENA BOB PURDY,IMO9816880,WDK6288,32,11,37,11,4.0,32,A
338627000,2024-03-16T22:09:33,20.06079,-155.87621,4.1,118.2,124.0,KAPENA BOB PURDY,IMO9816880,WDK6288,32,11,37,11,4.0,32,A
338627000,2024-03-16T22:10:43,20.06017,-155.87501,4.2,118.0,124.0,KAPENA BOB PURDY,IMO9816880,WDK6288,32,11,37,11,4.0,32,A
338627000,2024-03-16T22:11:55,20.05949,-155.87373,4.1,119.0,125.0,KAPENA BOB PURDY,IMO9816880,WDK6288,32,11,37,11,4.0,32,A
338627000,2024-03-16T22:13:03,20.05887,-155.87251,4.1,120.7,125.0,KAPENA BOB PURDY,IMO9816880,WDK6288,32,11,37,11,4.0,32,A
338627000,2024-03-02T20:11:43,20.05936,-155.88339,9.5,315.1,315.0,KAPENA BOB PURDY,IMO9816880,WDK6288,32,11,37,11,4.0,32,A
338627000,2024-03-02T20:12:53,20.06148,-155.88572,9.4,313.4,315.0,KAPENA BOB PURDY,IMO9816880,WDK6288,32,11,37,11,4.0,32,A
338627000,2024-03-02T20:14:13,20.06395,-155.88844,9.6,313.0,314.0,KAPENA BOB PURDY,IMO9816880,WDK6288,32,11,37,11,4.0,32,A
338627000,2024-04-12T15:57:33,20.06999,-155.88953,10.7,128.7,125.0,KAPENA BOB PURDY,IMO9816880,WDK6288,32,11,37,11,4.0,32,A
338627000,2024-04-12T15:58:34,20.06830,-155.88700,10.1,125.9,125.0,KAPENA BOB PURDY,IMO9816880,WDK6288,32,11,37,11,4.0,32,A
338627000,2024-04-12T15:59:38,20.06659,-155.88439,10.1,123.1,127.0,KAPENA BOB PURDY,IMO9816880,WDK6288,32,11,37,11,4.0,32,A
338627000,2024-04-12T16:00:03,20.06594,-155.88338,10.0,123.3,126.0,KAPENA BOB PURDY,IMO9816880,WDK6288,32,11,37,11,4.0,32,A
338627000,2024-04-12T16:01:04,20.06442,-155.88099,9.7,124.3,127.0,KAPENA BOB PURDY,IMO9816880,WDK6288,32,11,37,11,4.0,32,A
338627000,2024-04-12T16:02:07,20.06284,-155.87851,9.5,124.1,126.0,KAPENA BOB PURDY,IMO9816880,WDK6288,32,11,37,11,4.0,32,A
338627000,2024-04-12T16:03:09,20.06139,-155.87614,9.4,124.1,126.0,KAPENA BOB PURDY,IMO9816880,WDK6288,32,11,37,11,4.0,32,A
338627000,2024-04-12T16:04:11,20.05996,-155.87384,8.5,124.5,127.0,KAPENA BOB PURDY,IMO9816880,WDK6288,32,11,37,11,4.0,32,A
338627000,2024-04-12T16:05:13,20.05873,-155.87163,8.3,117.1,119.0,KAPENA BOB PURDY,IMO9816880,WDK6288,32,11,37,11,4.0,32,A
366766970,2024-04-23T16:01:12,20.06674,-155.88935,7.1,114.6,112.0,KEKOA,IMO7404085,WDK5246,52,5,36,10,4.6,52,A
366766970,2024-04-23T16:02:22,20.06582,-155.88710,7.1,112.9,111.0,KEKOA,IMO7404085,WDK5246,52,5,36,10,4.6,52,A
366766970,2024-04-23T16:03:31,20.06486,-155.88492,7.1,117.2,115.0,KEKOA,IMO7404085,WDK5246,52,5,36,10,4.6,52,A
366766970,2024-04-23T16:04:41,20.06377,-155.88275,7.1,118.7,117.0,KEKOA,IMO7404085,WDK5246,52,5,36,10,4.6,52,A
366766970,2024-04-23T16:05:51,20.06263,-155.88059,7.2,119.8,119.0,KEKOA,IMO7404085,WDK5246,52,5,36,10,4.6,52,A
366766970,2024-04-23T16:07:02,20.06139,-155.87840,7.2,121.3,120.0,KEKOA,IMO7404085,WDK5246,52,5,36,10,4.6,52,A
366766970,2024-04-23T16:08:12,20.06015,-155.87629,7.2,121.5,120.0,KEKOA,IMO7404085,WDK5246,52,5,36,10,4.6,52,A
366766970,2024-04-23T16:09:21,20.05898,-155.87420,6.9,115.0,107.0,KEKOA,IMO7404085,WDK5246,52,5,36,10,4.6,52,A
366766970,2024-02-09T20:57:51,20.06735,-155.89016,6.2,119.0,111.0,KEKOA,IMO7404085,WDK5246,52,11,36,10,4.6,52,A
366766970,2024-02-09T20:59:01,20.06638,-155.88831,6.2,118.9,111.0,KEKOA,IMO7404085,WDK5246,52,11,36,10,4.6,52,A
366766970,2024-02-09T21:00:01,20.06553,-155.88671,6.2,119.0,111.0,KEKOA,IMO7404085,WDK5246,52,11,36,10,4.6,52,A
366766970,2024-02-09T21:01:12,20.06453,-155.88481,6.1,119.4,112.0,KEKOA,IMO7404085,WDK5246,52,11,36,10,4.6,52,A
366766970,2024-02-09T21:02:21,20.06360,-155.88297,6.1,116.2,111.0,KEKOA,IMO7404085,WDK5246,52,11,36,10,4.6,52,A
366766970,2024-02-09T21:03:32,20.06272,-155.88107,6.0,116.2,111.0,KEKOA,IMO7404085,WDK5246,52,11,36,10,4.6,52,A
366766970,2024-02-09T21:04:43,20.06185,-155.87916,6.0,115.4,111.0,KEKOA,IMO7404085,WDK5246,52,11,36,10,4.6,52,A
366766970,2024-02-09T21:05:52,20.06102,-155.87733,6.0,114.6,111.0,KEKOA,IMO7404085,WDK5246,52,11,36,10,4.6,52,A
366766970,2024-02-09T21:07:02,20.06021,-155.87546,5.8,115.2,111.0,KEKOA,IMO7404085,WDK5246,52,11,36,10,4.6,52,A
366766970,2024-02-09T21:08:03,20.05951,-155.87388,5.8,115.0,111.0,KEKOA,IMO7404085,WDK5246,52,11,36,10,4.6,52,A
366766970,2024-02-09T21:09:05,20.05879,-155.87224,5.9,115.8,113.0,KEKOA,IMO7404085,WDK5246,52,11,36,10,4.6,52,A
366766970,2024-01-17T04:18:45,20.05870,-155.87598,9.4,314.5,310.0,KEKOA,IMO7404085,WDK5246,52,11,36,10,4.6,52,A
366766970,2024-01-17T04:19:46,20.06057,-155.87792,9.3,313.4,310.0,KEKOA,IMO7404085,WDK5246,52,11,36,10,4.6,52,A
366766970,2024-01-17T04:20:47,20.06247,-155.87999,9.4,310.6,308.0,KEKOA,IMO7404085,WDK5246,52,11,36,10,4.6,52,A
366766970,2024-01-17T04:21:49,20.06416,-155.88226,9.6,304.5,303.0,KEKOA,IMO7404085,WDK5246,52,11,36,10,4.6,52,A
366766970,2024-01-17T04:22:53,20.06573,-155.88473,9.5,301.1,295.0,KEKOA,IMO7404085,WDK5246,52,11,36,10,4.6,52,A
366766970,2024-01-17T04:23:58,20.06708,-155.88735,9.0,297.9,292.0,KEKOA,IMO7404085,WDK5246,52,11,36,10,4.6,52,A
366766970,2024-01-17T04:25:00,20.06804,-155.88988,8.8,288.2,283.0,KEKOA,IMO7404085,WDK5246,52,11,36,10,4.6,52,A
366766970,2024-01-19T16:01:14,20.06765,-155.88865,6.1,118.4,116.0,KEKOA,IMO7404085,WDK5246,52,11,36,10,4.6,52,A
366766970,2024-01-19T16:02:15,20.06680,-155.88701,6.2,118.7,117.0,KEKOA,IMO7404085,WDK5246,52,11,36,10,4.6,52,A
366766970,2024-01-19T16:03:16,20.06596,-155.88539,6.2,118.5,116.0,KEKOA,IMO7404085,WDK5246,52,11,36,10,4.6,52,A
366766970,2024-01-19T16:04:24,20.06503,-155.88359,6.0,117.8,117.0,KEKOA,IMO7404085,WDK5246,52,11,36,10,4.6,52,A
366766970,2024-01-19T16:05:35,20.06404,-155.88165,6.4,118.6,117.0,KEKOA,IMO7404085,WDK5246,52,11,36,10,4.6,52,A
366766970,2024-01-19T16:06:40,20.06311,-155.87981,6.4,118.4,117.0,KEKOA,IMO7404085,WDK5246,52,11,36,10,4.6,52,A
366766970,2024-01-19T16:07:43,20.06222,-155.87798,6.6,116.5,116.0,KEKOA,IMO7404085,WDK5246,52,11,36,10,4.6,52,A
366766970,2024-01-19T16:08:45,20.06134,-155.87615,6.9,116.2,115.0,KEKOA,IMO7404085,WDK5246,52,11,36,10,4.6,52,A
366766970,2024-01-19T16:09:50,20.06044,-155.87425,6.6,116.5,117.0,KEKOA,IMO7404085,WDK5246,52,11,36,10,4.6,52,A
366766970,2024-01-19T16:10:51,20.05958,-155.87247,6.7,117.6,118.0,KEKOA,IMO7404085,WDK5246,52,11,36,10,4.6,52,A
366766970,2024-01-19T16:11:55,20.05864,-155.87064,6.6,119.0,119.0,KEKOA,IMO7404085,WDK5246,52,11,36,10,4.6,52,A
338627000,2024-04-28T14:24:57,20.06648,-155.88992,8.8,119.4,120.0,KAPENA BOB PURDY,IMO9816880,WDK6288,32,11,37,11,4.0,32,A
338627000,2024-04-28T14:26:06,20.06510,-155.88729,8.7,119.5,120.0,KAPENA BOB PURDY,IMO9816880,WDK6288,32,11,37,11,4.0,32,A
338627000,2024-04-28T14:27:17,20.06368,-155.88464,8.7,119.0,119.0,KAPENA BOB PURDY,IMO9816880,WDK6288,32,11,37,11,4.0,32,A
338627000,2024-04-28T14:28:26,20.06235,-155.88218,7.6,119.9,120.0,KAPENA BOB PURDY,IMO9816880,WDK6288,32,11,37,11,4.0,32,A
338627000,2024-04-28T14:29:36,20.06107,-155.88003,7.3,123.4,123.0,KAPENA BOB PURDY,IMO9816880,WDK6288,32,11,37,11,4.0,32,A
338627000,2024-04-28T14:30:39,20.06000,-155.87835,6.4,122.1,120.0,KAPENA BOB PURDY,IMO9816880,WDK6288,32,11,37,11,4.0,32,A
338627000,2024-04-28T14:31:47,20.05902,-155.87640,6.8,116.4,116.0,KAPENA BOB PURDY,IMO9816880,WDK6288,32,11,37,11,4.0,32,A
338627000,2024-02-03T05:47:44,20.05922,-155.88289,9.4,319.6,324.0,KAPENA BOB PURDY,IMO9816880,WDK6288,32,11,37,11,4.0,32,A
338627000,2024-02-03T05:48:49,20.06138,-155.88485,9.3,318.8,322.0,KAPENA BOB PURDY,IMO9816880,WDK6288,32,11,37,11,4.0,32,A
338627000,2024-02-03T05:49:53,20.06343,-155.88676,9.3,318.6,322.0,KAPENA BOB PURDY,IMO9816880,WDK6288,32,11,37,11,4.0,32,A
338627000,2024-02-03T05:51:01,20.06566,-155.88886,9.3,318.7,322.0,KAPENA BOB PURDY,IMO9816880,WDK6288,32,11,37,11,4.0,32,A
338627000,2024-03-20T06:23:32,20.05918,-155.87908,9.3,297.0,296.0,KAPENA BOB PURDY,IMO9816880,WDK6288,32,11,37,11,4.0,32,A
338627000,2024-03-20T06:24:52,20.06074,-155.88236,9.3,297.2,296.0,KAPENA BOB PURDY,IMO9816880,WDK6288,32,11,37,11,4.0,32,A
338627000,2024-03-20T06:26:00,20.06210,-155.88516,9.5,297.9,297.0,KAPENA BOB PURDY,IMO9816880,WDK6288,32,11,37,11,4.0,32,A
338627000,2024-03-20T06:27:10,20.06348,-155.88801,9.4,297.2,296.0,KAPENA BOB PURDY,IMO9816880,WDK6288,32,11,37,11,4.0,32,A
366766970,2024-04-26T17:26:12,20.06750,-155.88898,6.6,119.6,116.0,KEKOA,IMO7404085,WDK5246,52,11,36,10,4.6,52,A
366766970,2024-04-26T17:27:22,20.06644,-155.88699,6.6,119.6,116.0,KEKOA,IMO7404085,WDK5246,52,11,36,10,4.6,52,A
366766970,2024-04-26T17:28:32,20.06538,-155.88498,6.6,119.6,116.0,KEKOA,IMO7404085,WDK5246,52,11,36,10,4.6,52,A
366766970,2024-04-26T17:29:41,20.06432,-155.88299,6.6,119.2,116.0,KEKOA,IMO7404085,WDK5246,52,11,36,10,4.6,52,A
366766970,2024-04-26T17:30:52,20.06325,-155.88095,6.6,119.4,116.0,KEKOA,IMO7404085,WDK5246,52,11,36,10,4.6,52,A
366766970,2024-04-26T17:32:01,20.06220,-155.87901,6.6,120.3,117.0,KEKOA,IMO7404085,WDK5246,52,11,36,10,4.6,52,A
366766970,2024-04-26T17:33:12,20.06109,-155.87695,6.6,119.9,117.0,KEKOA,IMO7404085,WDK5246,52,11,36,10,4.6,52,A
366766970,2024-04-26T17:34:23,20.06000,-155.87494,6.6,119.9,116.0,KEKOA,IMO7404085,WDK5246,52,11,36,10,4.6,52,A
366766970,2024-04-26T17:35:32,20.05893,-155.87296,6.7,120.0,117.0,KEKOA,IMO7404085,WDK5246,52,11,36,10,4.6,52,A
338627000,2024-04-09T16:25:31,20.06945,-155.88980,8.8,117.2,122.0,KAPENA BOB PURDY,IMO9816880,WDK6288,32,11,37,11,4.0,32,A
338627000,2024-04-09T16:26:41,20.06813,-155.88714,8.8,117.9,122.0,KAPENA BOB PURDY,IMO9816880,WDK6288,32,11,37,11,4.0,32,A
338627000,2024-04-09T16:27:44,20.06689,-155.88469,8.7,117.8,120.0,KAPENA BOB PURDY,IMO9816880,WDK6288,32,11,37,11,4.0,32,A
338627000,2024-04-09T16:28:50,20.06567,-155.88211,8.9,116.6,119.0,KAPENA BOB PURDY,IMO9816880,WDK6288,32,11,37,11,4.0,32,A
338627000,2024-04-09T16:29:51,20.06457,-155.87981,8.6,117.6,119.0,KAPENA BOB PURDY,IMO9816880,WDK6288,32,11,37,11,4.0,32,A
338627000,2024-04-09T16:30:52,20.06360,-155.87784,7.1,117.5,120.0,KAPENA BOB PURDY,IMO9816880,WDK6288,32,11,37,11,4.0,32,A
338627000,2024-04-09T16:31:53,20.06259,-155.87601,6.9,121.3,123.0,KAPENA BOB PURDY,IMO9816880,WDK6288,32,11,37,11,4.0,32,A
338627000,2024-04-09T16:33:00,20.06142,-155.87408,6.8,124.7,128.0,KAPENA BOB PURDY,IMO9816880,WDK6288,32,11,37,11,4.0,32,A
338627000,2024-04-09T16:34:11,20.06018,-155.87221,6.7,125.5,128.0,KAPENA BOB PURDY,IMO9816880,WDK6288,32,11,37,11,4.0,32,A
338627000,2024-04-09T16:35:22,20.05887,-155.87032,6.7,126.3,129.0,KAPENA BOB PURDY,IMO9816880,WDK6288,32,11,37,11,4.0,32,A
338627000,2024-01-27T20:06:42,20.06086,-155.88175,9.9,301.9,303.0,KAPENA BOB PURDY,IMO9816880,WDK6288,32,11,37,11,4.0,32,A
338627000,2024-01-27T20:07:45,20.06239,-155.88434,9.8,300.5,303.0,KAPENA BOB PURDY,IMO9816880,WDK6288,32,11,37,11,4.0,32,A
338627000,2024-01-27T20:08:51,20.06398,-155.88709,9.8,301.6,302.0,KAPENA BOB PURDY,IMO9816880,WDK6288,32,11,37,11,4.0,32,A
338627000,2024-01-27T20:09:58,20.06553,-155.88978,9.7,302.8,303.0,KAPENA BOB PURDY,IMO9816880,WDK6288,32,11,37,11,4.0,32,A
366766970,2024-03-08T17:48:32,20.07025,-155.88942,10.4,122.3,123.0,KEKOA,IMO7404085,WDK5246,52,11,36,10,4.6,52,A
366766970,2024-03-08T17:49:35,20.06862,-155.88666,10.4,121.7,121.0,KEKOA,IMO7404085,WDK5246,52,11,36,10,4.6,52,A
366766970,2024-03-08T17:50:38,20.06706,-155.88397,9.5,120.2,118.0,KEKOA,IMO7404085,WDK5246,52,11,36,10,4.6,52,A
366766970,2024-03-08T17:51:44,20.06590,-155.88187,7.5,120.5,120.0,KEKOA,IMO7404085,WDK5246,52,11,36,10,4.6,52,A
366766970,2024-03-08T17:52:46,20.06487,-155.87994,6.1,119.7,121.0,KEKOA,IMO7404085,WDK5246,52,11,36,10,4.6,52,A
366766970,2024-03-08T17:53:54,20.06409,-155.87858,4.4,122.2,123.0,KEKOA,IMO7404085,WDK5246,52,11,36,10,4.6,52,A
366766970,2024-03-08T17:55:05,20.06329,-155.87727,4.3,124.4,125.0,KEKOA,IMO7404085,WDK5246,52,11,36,10,4.6,52,A
366766970,2024-03-08T17:56:14,20.06255,-155.87608,3.9,122.9,125.0,KEKOA,IMO7404085,WDK5246,52,11,36,10,4.6,52,A
366766970,2024-03-08T17:57:25,20.06186,-155.87494,3.9,123.0,125.0,KEKOA,IMO7404085,WDK5246,52,11,36,10,4.6,52,A
366766970,2024-03-08T17:58:35,20.06117,-155.87382,3.9,122.8,124.0,KEKOA,IMO7404085,WDK5246,52,11,36,10,4.6,52,A
366766970,2024-03-08T17:59:45,20.06048,-155.87268,3.8,122.0,124.0,KEKOA,IMO7404085,WDK5246,52,11,36,10,4.6,52,A
366766970,2024-03-08T18:02:45,20.05868,-155.86949,3.8,121.1,121.0,KEKOA,IMO7404085,WDK5246,52,11,36,10,4.6,52,A
338627000,2024-05-01T05:17:36,20.05859,-155.88064,8.9,316.4,318.0,KAPENA BOB PURDY,IMO9816880,WDK6288,32,11,37,11,4.0,32,A
338627000,2024-05-01T05:18:46,20.06069,-155.88277,8.8,316.1,318.0,KAPENA BOB PURDY,IMO9816880,WDK6288,32,11,37,11,4.0,32,A
338627000,2024-05-01T05:20:06,20.06302,-155.88516,8.8,315.1,317.0,KAPENA BOB PURDY,IMO9816880,WDK6288,32,11,37,11,4.0,32,A
338627000,2024-05-01T05:21:16,20.06506,-155.88730,8.8,314.5,317.0,KAPENA BOB PURDY,IMO9816880,WDK6288,32,11,37,11,4.0,32,A
338627000,2024-05-01T05:22:26,20.06712,-155.88948,8.8,315.0,317.0,KAPENA BOB PURDY,IMO9816880,WDK6288,32,11,37,11,4.0,32,A
366766970,2024-04-13T06:29:35,20.05869,-155.87214,8.5,296.7,298.0,KEKOA,IMO7404085,WDK5246,52,11,36,10,4.6,52,A
366766970,2024-04-13T06:30:45,20.05997,-155.87477,8.4,296.4,298.0,KEKOA,IMO7404085,WDK5246,52,11,36,10,4.6,52,A
366766970,2024-04-13T06:31:54,20.06117,-155.87731,8.3,295.8,297.0,KEKOA,IMO7404085,WDK5246,52,11,36,10,4.6,52,A
366766970,2024-04-13T06:33:15,20.06251,-155.88029,8.3,294.9,298.0,KEKOA,IMO7404085,WDK5246,52,11,36,10,4.6,52,A
366766970,2024-04-13T06:34:19,20.06355,-155.88265,8.1,295.6,298.0,KEKOA,IMO7404085,WDK5246,52,11,36,10,4.6,52,A
366766970,2024-04-13T06:35:21,20.06469,-155.88484,8.2,299.3,303.0,KEKOA,IMO7404085,WDK5246,52,11,36,10,4.6,52,A
366766970,2024-04-13T06:36:25,20.06593,-155.88704,8.1,300.4,304.0,KEKOA,IMO7404085,WDK5246,52,11,36,10,4.6,52,A
366766970,2024-04-13T06:37:35,20.06730,-155.88942,8.0,302.2,304.0,KEKOA,IMO7404085,WDK5246,52,11,36,10,4.6,52,A
366766970,2024-02-02T15:58:37,20.06824,-155.88937,6.0,121.9,119.0,KEKOA,IMO7404085,WDK5246,52,11,36,10,4.6,52,A
366766970,2024-02-02T15:59:45,20.06721,-155.88762,6.1,121.5,119.0,KEKOA,IMO7404085,WDK5246,52,11,36,10,4.6,52,A
366766970,2024-02-02T16:00:04,20.06693,-155.88713,6.1,121.5,118.0,KEKOA,IMO7404085,WDK5246,52,11,36,10,4.6,52,A
366766970,2024-02-02T16:01:07,20.06599,-155.88552,6.0,122.0,119.0,KEKOA,IMO7404085,WDK5246,52,11,36,10,4.6,52,A
366766970,2024-02-02T16:02:15,20.06497,-155.88377,6.0,121.8,119.0,KEKOA,IMO7404085,WDK5246,52,11,36,10,4.6,52,A
366766970,2024-02-02T16:03:24,20.06393,-155.88200,6.1,122.0,119.0,KEKOA,IMO7404085,WDK5246,52,11,36,10,4.6,52,A
366766970,2024-02-02T16:04:35,20.06292,-155.88014,6.1,119.6,115.0,KEKOA,IMO7404085,WDK5246,52,11,36,10,4.6,52,A
366766970,2024-02-02T16:05:43,20.06196,-155.87832,6.1,118.8,115.0,KEKOA,IMO7404085,WDK5246,52,11,36,10,4.6,52,A
366766970,2024-02-02T16:06:46,20.06111,-155.87665,6.1,117.7,114.0,KEKOA,IMO7404085,WDK5246,52,11,36,10,4.6,52,A
366766970,2024-02-02T16:07:54,20.06019,-155.87483,6.2,118.2,114.0,KEKOA,IMO7404085,WDK5246,52,11,36,10,4.6,52,A
366766970,2024-02-02T16:09:04,20.05923,-155.87294,6.1,117.9,115.0,KEKOA,IMO7404085,WDK5246,52,11,36,10,4.6,52,A
338627000,2024-05-04T20:04:48,20.06066,-155.88090,9.0,308.9,313.0,KAPENA BOB PURDY,IMO9816880,WDK6288,32,11,37,11,4.0,32,A
338627000,2024-05-04T20:05:59,20.06253,-155.88331,9.1,309.3,312.0,KAPENA BOB PURDY,IMO9816880,WDK6288,32,11,37,11,4.0,32,A
338627000,2024-05-04T20:07:09,20.06438,-155.88576,9.1,308.2,312.0,KAPENA BOB PURDY,IMO9816880,WDK6288,32,11,37,11,4.0,32,A
338627000,2024-05-04T20:08:18,20.06623,-155.88823,9.2,308.4,313.0,KAPENA BOB PURDY,IMO9816880,WDK6288,32,11,37,11,4.0,32,A
366766970,2024-02-06T18:57:22,20.06819,-155.88956,6.7,117.1,115.0,KEKOA,IMO7404085,WDK5246,52,11,36,10,4.6,52,A
366766970,2024-02-06T18:58:25,20.06729,-155.88770,6.7,116.8,115.0,KEKOA,IMO7404085,WDK5246,52,11,36,10,4.6,52,A
366766970,2024-02-06T18:59:35,20.06631,-155.88562,6.6,116.8,115.0,KEKOA,IMO7404085,WDK5246,52,11,36,10,4.6,52,A
366766970,2024-02-06T19:00:04,20.06589,-155.88477,6.7,117.1,115.0,KEKOA,IMO7404085,WDK5246,52,11,36,10,4.6,52,A
366766970,2024-02-06T19:01:15,20.06488,-155.88272,6.6,117.1,115.0,KEKOA,IMO7404085,WDK5246,52,11,36,10,4.6,52,A
366766970,2024-02-06T19:02:25,20.06387,-155.88063,6.6,117.2,115.0,KEKOA,IMO7404085,WDK5246,52,11,36,10,4.6,52,A
366766970,2024-02-06T19:03:35,20.06286,-155.87857,6.6,117.2,115.0,KEKOA,IMO7404085,WDK5246,52,11,36,10,4.6,52,A
366766970,2024-02-06T19:04:45,20.06184,-155.87652,6.6,117.7,116.0,KEKOA,IMO7404085,WDK5246,52,11,36,10,4.6,52,A
366766970,2024-02-06T19:05:54,20.06085,-155.87454,6.7,117.8,116.0,KEKOA,IMO7404085,WDK5246,52,11,36,10,4.6,52,A
366766970,2024-02-06T19:07:05,20.05980,-155.87244,6.6,118.1,116.0,KEKOA,IMO7404085,WDK5246,52,11,36,10,4.6,52,A
366766970,2024-02-06T19:08:14,20.05879,-155.87048,6.6,118.7,116.0,KEKOA,IMO7404085,WDK5246,52,11,36,10,4.6,52,A
338627000,2024-02-14T07:15:10,20.05905,-155.88632,9.6,299.7,301.0,KAPENA BOB PURDY,IMO9816880,WDK6288,32,11,37,11,4.0,32,A
338627000,2024-02-14T07:16:20,20.06061,-155.88920,9.6,299.9,301.0,KAPENA BOB PURDY,IMO9816880,WDK6288,32,11,37,11,4.0,32,A
366766970,2024-01-12T20:52:27,20.06680,-155.88868,9.2,116.4,114.0,KEKOA,IMO7404085,WDK5246,52,11,36,10,4.6,52,A
366766970,2024-01-12T20:53:38,20.06538,-155.88568,9.6,115.9,116.0,KEKOA,IMO7404085,WDK5246,52,11,36,10,4.6,52,A
366766970,2024-01-12T20:54:39,20.06419,-155.88315,9.6,116.3,114.0,KEKOA,IMO7404085,WDK5246,52,11,36,10,4.6,52,A
366766970,2024-01-12T20:55:48,20.06279,-155.88024,9.5,116.9,116.0,KEKOA,IMO7404085,WDK5246,52,11,36,10,4.6,52,A
366766970,2024-01-12T20:56:49,20.06149,-155.87769,9.6,118.6,115.0,KEKOA,IMO7404085,WDK5246,52,11,36,10,4.6,52,A
366766970,2024-01-12T20:57:52,20.06017,-155.87518,9.3,119.6,120.0,KEKOA,IMO7404085,WDK5246,52,11,36,10,4.6,52,A
366766970,2024-01-12T20:58:56,20.05878,-155.87252,9.5,119.4,118.0,KEKOA,IMO7404085,WDK5246,52,11,36,10,4.6,52,A
366766970,2024-04-30T16:01:01,20.07016,-155.88862,7.1,124.9,122.0,KEKOA,IMO7404085,WDK5246,52,11,36,10,4.6,52,A
366766970,2024-04-30T16:02:07,20.06896,-155.88668,7.0,123.0,121.0,KEKOA,IMO7404085,WDK5246,52,11,36,10,4.6,52,A
366766970,2024-04-30T16:03:15,20.06778,-155.88469,7.0,121.7,120.0,KEKOA,IMO7404085,WDK5246,52,11,36,10,4.6,52,A
366766970,2024-04-30T16:04:17,20.06674,-155.88290,7.0,122.0,120.0,KEKOA,IMO7404085,WDK5246,52,11,36,10,4.6,52,A
366766970,2024-04-30T16:05:26,20.06556,-155.88084,6.9,121.6,120.0,KEKOA,IMO7404085,WDK5246,52,11,36,10,4.6,52,A
366766970,2024-04-30T16:06:37,20.06435,-155.87876,7.0,121.8,119.0,KEKOA,IMO7404085,WDK5246,52,11,36,10,4.6,52,A
366766970,2024-04-30T16:07:46,20.06316,-155.87673,7.1,121.8,120.0,KEKOA,IMO7404085,WDK5246,52,11,36,10,4.6,52,A
366766970,2024-04-30T16:08:57,20.06192,-155.87464,7.0,122.9,121.0,KEKOA,IMO7404085,WDK5246,52,11,36,10,4.6,52,A
366766970,2024-04-30T16:10:06,20.06073,-155.87264,7.0,122.5,121.0,KEKOA,IMO7404085,WDK5246,52,11,36,10,4.6,52,A
366766970,2024-04-30T16:11:16,20.05950,-155.87058,7.0,122.2,121.0,KEKOA,IMO7404085,WDK5246,52,11,36,10,4.6,52,A
366766970,2024-04-30T16:12:20,20.05864,-155.86893,4.3,123.8,125.0,KEKOA,IMO7404085,WDK5246,52,11,36,10,4.6,52,A
338627000,2024-03-08T17:11:48,20.06975,-155.88872,6.7,122.7,126.0,KAPENA BOB PURDY,IMO9816880,WDK6288,32,11,37,11,4.0,32,A
338627000,2024-03-08T17:12:56,20.06868,-155.88692,6.3,121.0,124.0,KAPENA BOB PURDY,IMO9816880,WDK6288,32,11,37,11,4.0,32,A
338627000,2024-03-08T17:14:04,20.06763,-155.88507,6.5,120.7,124.0,KAPENA BOB PURDY,IMO9816880,WDK6288,32,11,37,11,4.0,32,A
338627000,2024-03-08T17:15:05,20.06668,-155.88332,6.7,120.9,124.0,KAPENA BOB PURDY,IMO9816880,WDK6288,32,11,37,11,4.0,32,A
338627000,2024-03-08T17:16:06,20.06576,-155.88162,6.7,118.9,123.0,KAPENA BOB PURDY,IMO9816880,WDK6288,32,11,37,11,4.0,32,A
338627000,2024-03-08T17:17:16,20.06467,-155.87963,6.7,121.9,126.0,KAPENA BOB PURDY,IMO9816880,WDK6288,32,11,37,11,4.0,32,A
338627000,2024-03-08T17:18:24,20.06355,-155.87773,6.7,122.0,126.0,KAPENA BOB PURDY,IMO9816880,WDK6288,32,11,37,11,4.0,32,A
338627000,2024-03-08T17:19:29,20.06245,-155.87589,6.7,122.2,127.0,KAPENA BOB PURDY,IMO9816880,WDK6288,32,11,37,11,4.0,32,A
338627000,2024-03-08T17:20:34,20.06132,-155.87407,6.7,122.9,126.0,KAPENA BOB PURDY,IMO9816880,WDK6288,32,11,37,11,4.0,32,A
338627000,2024-03-08T17:21:40,20.06018,-155.87224,6.8,123.1,126.0,KAPENA BOB PURDY,IMO9816880,WDK6288,32,11,37,11,4.0,32,A
338627000,2024-03-08T17:22:43,20.05908,-155.87048,6.7,122.7,127.0,KAPENA BOB PURDY,IMO9816880,WDK6288,32,11,37,11,4.0,32,A
338627000,2024-01-30T15:00:01,20.06918,-155.89015,8.5,122.5,126.0,KAPENA BOB PURDY,IMO9816880,WDK6288,32,11,37,11,4.0,32,A
338627000,2024-01-30T15:01:02,20.06782,-155.88801,8.4,124.6,124.0,KAPENA BOB PURDY,IMO9816880,WDK6288,32,11,37,11,4.0,32,A
338627000,2024-01-30T15:02:03,20.06648,-155.88583,8.5,121.4,125.0,KAPENA BOB PURDY,IMO9816880,WDK6288,32,11,37,11,4.0,32,A
338627000,2024-01-30T15:03:05,20.06521,-155.88381,7.5,122.9,124.0,KAPENA BOB PURDY,IMO9816880,WDK6288,32,11,37,11,4.0,32,A
338627000,2024-01-30T15:04:06,20.06416,-155.88211,6.3,124.2,125.0,KAPENA BOB PURDY,IMO9816880,WDK6288,32,11,37,11,4.0,32,A
338627000,2024-01-30T15:05:08,20.06322,-155.88056,6.3,120.4,124.0,KAPENA BOB PURDY,IMO9816880,WDK6288,32,11,37,11,4.0,32,A
338627000,2024-01-30T15:06:12,20.06228,-155.87904,5.7,123.9,126.0,KAPENA BOB PURDY,IMO9816880,WDK6288,32,11,37,11,4.0,32,A
338627000,2024-01-30T15:07:15,20.06137,-155.87754,5.8,120.6,126.0,KAPENA BOB PURDY,IMO9816880,WDK6288,32,11,37,11,4.0,32,A
338627000,2024-01-30T15:08:19,20.06046,-155.87607,5.6,118.4,125.0,KAPENA BOB PURDY,IMO9816880,WDK6288,32,11,37,11,4.0,32,A
338627000,2024-01-30T15:09:26,20.05954,-155.87453,5.4,124.8,126.0,KAPENA BOB PURDY,IMO9816880,WDK6288,32,11,37,11,4.0,32,A
338627000,2024-01-30T15:10:28,20.05869,-155.87313,5.5,124.1,126.0,KAPENA BOB PURDY,IMO9816880,WDK6288,32,11,37,11,4.0,32,A
338627000,2024-03-22T15:44:55,20.06994,-155.88943,6.9,124.0,124.0,KAPENA BOB PURDY,IMO9816880,WDK6288,32,0,37,11,4.0,32,A
338627000,2024-03-22T15:46:00,20.06884,-155.88764,6.4,123.4,125.0,KAPENA BOB PURDY,IMO9816880,WDK6288,32,0,37,11,4.0,32,A
338627000,2024-03-22T15:47:06,20.06788,-155.88605,5.8,121.9,125.0,KAPENA BOB PURDY,IMO9816880,WDK6288,32,0,37,11,4.0,32,A
338627000,2024-03-22T15:48:17,20.06685,-155.88430,6.0,122.7,125.0,KAPENA BOB PURDY,IMO9816880,WDK6288,32,0,37,11,4.0,32,A
338627000,2024-03-22T15:49:27,20.06580,-155.88251,6.1,121.2,123.0,KAPENA BOB PURDY,IMO9816880,WDK6288,32,0,37,11,4.0,32,A
338627000,2024-03-22T15:50:35,20.06481,-155.88075,6.0,120.8,124.0,KAPENA BOB PURDY,IMO9816880,WDK6288,32,0,37,11,4.0,32,A
338627000,2024-03-22T15:51:46,20.06377,-155.87894,6.0,122.2,123.0,KAPENA BOB PURDY,IMO9816880,WDK6288,32,0,37,11,4.0,32,A
338627000,2024-03-22T15:52:57,20.06272,-155.87715,6.1,122.9,124.0,KAPENA BOB PURDY,IMO9816880,WDK6288,32,0,37,11,4.0,32,A
338627000,2024-03-22T15:54:06,20.06164,-155.87535,6.1,122.2,122.0,KAPENA BOB PURDY,IMO9816880,WDK6288,32,0,37,11,4.0,32,A
338627000,2024-03-22T15:55:16,20.06066,-155.87359,6.0,118.8,121.0,KAPENA BOB PURDY,IMO9816880,WDK6288,32,0,37,11,4.0,32,A
338627000,2024-03-22T15:56:26,20.05976,-155.87178,5.9,117.2,121.0,KAPENA BOB PURDY,IMO9816880,WDK6288,32,0,37,11,4.0,32,A
338627000,2024-03-22T15:57:36,20.05878,-155.87001,6.1,121.0,125.0,KAPENA BOB PURDY,IMO9816880,WDK6288,32,0,37,11,4.0,32,A
338627000,2024-04-30T14:54:26,20.06860,-155.88876,5.9,117.3,119.0,KAPENA BOB PURDY,IMO9816880,WDK6288,32,11,37,11,4.0,32,A
338627000,2024-04-30T14:55:37,20.06771,-155.88695,5.7,117.8,119.0,KAPENA BOB PURDY,IMO9816880,WDK6288,32,11,37,11,4.0,32,A
338627000,2024-04-30T14:56:46,20.06686,-155.88525,5.5,118.3,121.0,KAPENA BOB PURDY,IMO9816880,WDK6288,32,11,37,11,4.0,32,A
338627000,2024-04-30T14:57:48,20.06612,-155.88381,5.5,117.5,122.0,KAPENA BOB PURDY,IMO9816880,WDK6288,32,11,37,11,4.0,32,A
338627000,2024-04-30T14:58:51,20.06535,-155.88233,5.4,118.2,121.0,KAPENA BOB PURDY,IMO9816880,WDK6288,32,11,37,11,4.0,32,A
338627000,2024-04-30T14:59:56,20.06453,-155.88078,5.5,121.1,124.0,KAPENA BOB PURDY,IMO9816880,WDK6288,32,11,37,11,4.0,32,A
338627000,2024-04-30T15:00:06,20.06440,-155.88054,5.5,120.3,124.0,KAPENA BOB PURDY,IMO9816880,WDK6288,32,11,37,11,4.0,32,A
338627000,2024-04-30T15:01:16,20.06346,-155.87895,5.5,122.3,125.0,KAPENA BOB PURDY,IMO9816880,WDK6288,32,11,37,11,4.0,32,A
338627000,2024-04-30T15:02:26,20.06252,-155.87740,5.5,122.6,124.0,KAPENA BOB PURDY,IMO9816880,WDK6288,32,11,37,11,4.0,32,A
338627000,2024-04-30T15:03:37,20.06157,-155.87575,5.5,121.3,123.0,KAPENA BOB PURDY,IMO9816880,WDK6288,32,11,37,11,4.0,32,A
338627000,2024-04-30T15:04:46,20.06065,-155.87413,5.5,120.7,123.0,KAPENA BOB PURDY,IMO9816880,WDK6288,32,11,37,11,4.0,32,A
338627000,2024-04-30T15:05:57,20.05975,-155.87254,5.5,119.7,122.0,KAPENA BOB PURDY,IMO9816880,WDK6288,32,11,37,11,4.0,32,A
338627000,2024-04-30T15:07:07,20.05883,-155.87086,5.1,119.4,122.0,KAPENA BOB PURDY,IMO9816880,WDK6288,32,11,37,11,4.0,32,A
366766970,2024-01-10T03:53:53,20.06041,-155.87840,9.2,311.6,309.0,KEKOA,IMO7404085,WDK5246,52,11,36,10,4.6,52,A
366766970,2024-01-10T03:54:54,20.06208,-155.88042,8.8,310.5,309.0,KEKOA,IMO7404085,WDK5246,52,11,36,10,4.6,52,A
366766970,2024-01-10T03:55:56,20.06382,-155.88251,9.1,312.0,310.0,KEKOA,IMO7404085,WDK5246,52,11,36,10,4.6,52,A
366766970,2024-01-10T03:57:03,20.06562,-155.88468,8.8,312.2,310.0,KEKOA,IMO7404085,WDK5246,52,11,36,10,4.6,52,A
366766970,2024-01-10T03:58:10,20.06737,-155.88689,8.7,308.5,309.0,KEKOA,IMO7404085,WDK5246,52,11,36,10,4.6,52,A
366766970,2024-01-10T03:59:11,20.06888,-155.88891,8.5,309.2,308.0,KEKOA,IMO7404085,WDK5246,52,11,36,10,4.6,52,A
316030531,2024-05-03T19:45:37,20.09264,-155.88238,7.5,144.2,511.0,MARMORIS,IMO9628790,,36,,15,3,,,B
316030531,2024-05-03T19:47:08,20.08985,-155.88044,8.2,143.9,511.0,MARMORIS,IMO9628790,,36,,15,3,,,B
316030531,2024-05-03T19:48:38,20.08712,-155.87840,7.9,144.1,511.0,MARMORIS,IMO9628790,,36,,15,3,,,B
316030531,2024-05-03T19:50:08,20.08431,-155.87642,8.3,146.0,511.0,MARMORIS,IMO9628790,,36,,15,3,,,B
316030531,2024-05-03T19:51:38,20.08149,-155.87445,7.9,147.0,511.0,MARMORIS,IMO9628790,,36,,15,3,,,B
316030531,2024-05-03T19:53:09,20.07861,-155.87248,8.2,146.6,511.0,MARMORIS,IMO9628790,,36,,15,3,,,B
316030531,2024-05-03T19:54:36,20.07584,-155.87056,8.0,145.7,511.0,MARMORIS,IMO9628790,,36,,15,3,,,B
316030531,2024-05-03T19:56:09,20.07291,-155.86855,8.3,147.5,511.0,MARMORIS,IMO9628790,,36,,15,3,,,B
316030531,2024-05-03T19:57:37,20.07008,-155.86665,8.2,148.6,511.0,MARMORIS,IMO9628790,,36,,15,3,,,B
316030531,2024-05-03T19:59:08,20.06711,-155.86465,8.6,145.7,511.0,MARMORIS,IMO9628790,,36,,15,3,,,B
316030531,2024-05-03T20:00:37,20.06428,-155.86268,8.2,147.7,511.0,MARMORIS,IMO9628790,,36,,15,3,,,B
316030531,2024-05-03T20:01:38,20.06231,-155.86128,8.3,144.8,511.0,MARMORIS,IMO9628790,,36,,15,3,,,B
316030531,2024-05-03T20:03:08,20.05944,-155.85927,8.4,146.9,511.0,MARMORIS,IMO9628790,,36,,15,3,,,B
303681000,2024-02-10T18:24:53,20.06774,-155.88835,10.1,130.5,128.0,MOUNT DRUM,IMO9830460,WDJ7294,32,0,34,11,0.0,4,A
303681000,2024-02-10T18:25:58,20.06569,-155.88601,9.4,134.8,130.0,MOUNT DRUM,IMO9830460,WDJ7294,32,0,34,11,0.0,4,A
303681000,2024-02-10T18:27:01,20.06421,-155.88424,7.2,126.4,121.0,MOUNT DRUM,IMO9830460,WDJ7294,32,0,34,11,0.0,4,A
303681000,2024-02-10T18:28:04,20.06302,-155.88248,6.8,121.5,117.0,MOUNT DRUM,IMO9830460,WDJ7294,32,0,34,11,0.0,4,A
303681000,2024-02-10T18:29:13,20.06204,-155.88052,102.3,360.0,114.0,MOUNT DRUM,IMO9830460,WDJ7294,32,0,34,11,0.0,4,A
303681000,2024-02-10T18:30:24,20.06122,-155.87860,6.2,113.5,113.0,MOUNT DRUM,IMO9830460,WDJ7294,32,0,34,11,0.0,4,A
303681000,2024-02-10T18:31:28,20.06050,-155.87674,6.2,112.3,113.0,MOUNT DRUM,IMO9830460,WDJ7294,32,0,34,11,0.0,4,A
303681000,2024-02-10T18:32:53,20.05962,-155.87446,5.8,113.2,116.0,MOUNT DRUM,IMO9830460,WDJ7294,32,0,34,11,0.0,4,A
303681000,2024-02-10T18:34:04,20.05881,-155.87266,5.6,115.1,117.0,MOUNT DRUM,IMO9830460,WDJ7294,32,0,34,11,0.0,4,A
303681000,2024-02-03T23:59:51,20.06038,-155.87605,10.6,307.9,305.0,MOUNT DRUM,IMO9830460,WDJ7294,32,0,34,11,0.0,4,A
303681000,2024-02-04T00:00:01,20.06061,-155.87638,10.7,308.0,302.0,MOUNT DRUM,IMO9830460,WDJ7294,32,0,34,11,0.0,4,A
303681000,2024-02-04T00:01:07,20.06266,-155.87924,10.7,310.0,307.0,MOUNT DRUM,IMO9830460,WDJ7294,32,0,34,11,0.0,4,A
303681000,2024-02-04T00:02:12,20.06488,-155.88179,10.9,316.2,314.0,MOUNT DRUM,IMO9830460,WDJ7294,32,0,34,11,0.0,4,A
303681000,2024-02-04T00:03:16,20.06722,-155.88414,11.0,317.6,313.0,MOUNT DRUM,IMO9830460,WDJ7294,32,0,34,11,0.0,4,A
303681000,2024-02-04T00:04:18,20.06949,-155.88642,10.9,316.3,314.0,MOUNT DRUM,IMO9830460,WDJ7294,32,0,34,11,0.0,4,A
303681000,2024-02-04T00:05:21,20.07179,-155.88863,10.9,318.6,317.0,MOUNT DRUM,IMO9830460,WDJ7294,32,0,34,11,0.0,4,A
303681000,2024-02-03T17:36:33,20.07413,-155.88853,10.0,125.9,124.0,MOUNT DRUM,IMO9830460,WDJ7294,32,0,34,11,0.0,4,A
303681000,2024-02-03T17:37:37,20.07251,-155.88601,9.9,124.1,121.0,MOUNT DRUM,IMO9830460,WDJ7294,32,0,34,11,0.0,4,A
303681000,2024-02-03T17:38:39,20.07087,-155.88343,10.0,124.4,119.0,MOUNT DRUM,IMO9830460,WDJ7294,32,0,34,11,0.0,4,A
303681000,2024-02-03T17:39:43,20.06918,-155.88072,10.1,123.8,120.0,MOUNT DRUM,IMO9830460,WDJ7294,32,0,34,11,0.0,4,A
303681000,2024-02-03T17:40:46,20.06765,-155.87843,7.2,127.4,123.0,MOUNT DRUM,IMO9830460,WDJ7294,32,0,34,11,0.0,4,A
303681000,2024-02-03T17:41:47,20.06649,-155.87681,6.6,125.1,121.0,MOUNT DRUM,IMO9830460,WDJ7294,32,0,34,11,0.0,4,A
303681000,2024-02-03T17:42:52,20.06542,-155.87513,6.1,123.5,119.0,MOUNT DRUM,IMO9830460,WDJ7294,32,0,34,11,0.0,4,A
303681000,2024-02-03T17:43:53,20.06448,-155.87364,5.6,124.1,121.0,MOUNT DRUM,IMO9830460,WDJ7294,32,0,34,11,0.0,4,A
303681000,2024-02-03T17:44:59,20.06349,-155.87211,5.8,123.9,119.0,MOUNT DRUM,IMO9830460,WDJ7294,32,0,34,11,0.0,4,A
303681000,2024-02-03T17:46:03,20.06251,-155.87054,5.9,124.4,121.0,MOUNT DRUM,IMO9830460,WDJ7294,32,0,34,11,0.0,4,A
303681000,2024-02-03T17:47:10,20.06147,-155.86894,5.9,125.7,122.0,MOUNT DRUM,IMO9830460,WDJ7294,32,0,34,11,0.0,4,A
303681000,2024-02-03T17:48:13,20.06046,-155.86740,6.0,125.1,122.0,MOUNT DRUM,IMO9830460,WDJ7294,32,0,34,11,0.0,4,A
303681000,2024-02-03T17:49:23,20.05926,-155.86579,6.1,125.9,123.0,MOUNT DRUM,IMO9830460,WDJ7294,32,0,34,11,0.0,4,A
303681000,2024-01-17T03:18:06,20.06012,-155.88780,8.6,314.5,313.0,MOUNT DRUM,IMO9830460,WDJ7294,32,0,34,11,0.0,4,A
303681000,2024-01-17T03:19:07,20.06199,-155.88980,9.3,314.3,311.0,MOUNT DRUM,IMO9830460,WDJ7294,32,0,34,11,0.0,4,A
303681000,2024-01-16T15:05:28,20.06430,-155.88138,4.8,120.0,124.0,MOUNT DRUM,IMO9830460,WDJ7294,32,0,34,11,0.0,4,A
303681000,2024-01-16T15:06:30,20.06354,-155.88018,4.5,122.0,123.0,MOUNT DRUM,IMO9830460,WDJ7294,32,0,34,11,0.0,4,A
303681000,2024-01-16T15:07:39,20.06297,-155.87916,3.4,120.4,124.0,MOUNT DRUM,IMO9830460,WDJ7294,32,0,34,11,0.0,4,A
303681000,2024-01-16T15:08:51,20.06230,-155.87815,3.6,122.0,124.0,MOUNT DRUM,IMO9830460,WDJ7294,32,0,34,11,0.0,4,A
303681000,2024-01-16T15:09:59,20.06173,-155.87705,4.5,118.2,120.0,MOUNT DRUM,IMO9830460,WDJ7294,32,0,34,11,0.0,4,A
303681000,2024-01-16T15:11:02,20.06108,-155.87577,4.4,117.9,119.0,MOUNT DRUM,IMO9830460,WDJ7294,32,0,34,11,0.0,4,A
303681000,2024-01-16T15:12:03,20.06041,-155.87453,4.8,119.1,120.0,MOUNT DRUM,IMO9830460,WDJ7294,32,0,34,11,0.0,4,A
303681000,2024-01-16T15:13:07,20.05965,-155.87321,5.1,121.5,122.0,MOUNT DRUM,IMO9830460,WDJ7294,32,0,34,11,0.0,4,A
303681000,2024-01-16T15:14:10,20.05873,-155.87146,5.6,116.4,116.0,MOUNT DRUM,IMO9830460,WDJ7294,32,0,34,11,0.0,4,A
303681000,2024-01-16T14:58:40,20.06977,-155.89004,5.3,128.9,130.0,MOUNT DRUM,IMO9830460,WDJ7294,32,0,34,11,0.0,4,A
303681000,2024-01-16T14:59:45,20.06882,-155.88880,5.1,127.0,130.0,MOUNT DRUM,IMO9830460,WDJ7294,32,0,34,11,0.0,4,A
303681000,2024-01-16T14:59:59,20.06858,-155.88846,5.5,128.2,130.0,MOUNT DRUM,IMO9830460,WDJ7294,32,0,34,11,0.0,4,A
303681000,2024-01-16T15:01:01,20.06769,-155.88726,5.1,127.6,127.0,MOUNT DRUM,IMO9830460,WDJ7294,32,0,34,11,0.0,4,A
303681000,2024-01-16T15:02:10,20.06676,-155.88567,5.9,122.3,124.0,MOUNT DRUM,IMO9830460,WDJ7294,32,0,34,11,0.0,4,A
303681000,2024-01-16T15:03:13,20.06585,-155.88418,5.6,121.0,123.0,MOUNT DRUM,IMO9830460,WDJ7294,32,0,34,11,0.0,4,A
303681000,2024-01-16T15:04:21,20.06503,-155.88270,4.4,120.0,123.0,MOUNT DRUM,IMO9830460,WDJ7294,32,0,34,11,0.0,4,A
303681000,2024-02-10T23:08:27,20.06004,-155.88313,10.4,296.7,294.0,MOUNT DRUM,IMO9830460,WDJ7294,32,0,34,11,0.0,4,A
303681000,2024-02-10T23:09:34,20.06153,-155.88621,10.4,297.5,295.0,MOUNT DRUM,IMO9830460,WDJ7294,32,0,34,11,0.0,4,A
303681000,2024-02-10T23:10:36,20.06306,-155.88896,10.4,301.6,300.0,MOUNT DRUM,IMO9830460,WDJ7294,32,0,34,11,0.0,4,A
366339000,2024-04-23T07:39:03,20.05891,-155.87149,9.6,324.5,322.0,SAFARI EXPLORER,IMO8964654,WCY5674,60,0,45,12,2.4,60,A
366339000,2024-04-23T07:40:13,20.06147,-155.87334,9.6,326.7,324.0,SAFARI EXPLORER,IMO8964654,WCY5674,60,0,45,12,2.4,60,A
366339000,2024-04-23T07:41:23,20.06406,-155.87521,9.6,324.5,322.0,SAFARI EXPLORER,IMO8964654,WCY5674,60,0,45,12,2.4,60,A
366339000,2024-04-23T07:42:33,20.06661,-155.87707,9.5,324.1,322.0,SAFARI EXPLORER,IMO8964654,WCY5674,60,0,45,12,2.4,60,A
366339000,2024-04-23T07:43:43,20.06913,-155.87901,9.6,324.3,322.0,SAFARI EXPLORER,IMO8964654,WCY5674,60,0,45,12,2.4,60,A
366339000,2024-04-23T07:44:54,20.07173,-155.88095,9.7,324.6,322.0,SAFARI EXPLORER,IMO8964654,WCY5674,60,0,45,12,2.4,60,A
366339000,2024-04-23T07:46:05,20.07433,-155.88295,9.8,324.2,321.0,SAFARI EXPLORER,IMO8964654,WCY5674,60,0,45,12,2.4,60,A
366339000,2024-04-23T07:47:14,20.07675,-155.88510,9.8,320.9,320.0,SAFARI EXPLORER,IMO8964654,WCY5674,60,0,45,12,2.4,60,A
366339000,2024-04-23T07:48:24,20.07926,-155.88724,9.9,320.8,319.0,SAFARI EXPLORER,IMO8964654,WCY5674,60,0,45,12,2.4,60,A
366339000,2024-04-23T07:49:34,20.08174,-155.88944,10.0,321.6,321.0,SAFARI EXPLORER,IMO8964654,WCY5674,60,0,45,12,2.4,60,A
367133160,2024-05-09T09:36:01,20.06485,-155.88792,8.0,119.6,511.0,TECUMSEH,IMO7511503,WTW9257,32,11,36,11,5.1,32,A
367133160,2024-05-09T09:37:09,20.06364,-155.88548,8.0,117.7,511.0,TECUMSEH,IMO7511503,WTW9257,32,11,36,11,5.1,32,A
367133160,2024-05-09T09:38:10,20.06260,-155.88336,8.1,116.7,511.0,TECUMSEH,IMO7511503,WTW9257,32,11,36,11,5.1,32,A
367133160,2024-05-09T09:39:20,20.06140,-155.88084,8.0,116.8,511.0,TECUMSEH,IMO7511503,WTW9257,32,11,36,11,5.1,32,A
367133160,2024-05-09T09:40:30,20.06022,-155.87832,8.1,117.4,511.0,TECUMSEH,IMO7511503,WTW9257,32,11,36,11,5.1,32,A
367133160,2024-05-09T09:41:39,20.05900,-155.87588,8.1,117.8,511.0,TECUMSEH,IMO7511503,WTW9257,32,11,36,11,5.1,32,A
366873510,2024-01-23T13:05:59,20.07825,-155.88947,5.1,129.8,511.0,AMERICAN CHALLENGER,IMO7420479,WDB2212,52,0,40,10,5.5,52,A
366873510,2024-01-23T13:07:00,20.07733,-155.88835,5.0,132.4,511.0,AMERICAN CHALLENGER,IMO7420479,WDB2212,52,0,40,10,5.5,52,A
366873510,2024-01-23T13:08:09,20.07626,-155.88709,5.0,132.5,511.0,AMERICAN CHALLENGER,IMO7420479,WDB2212,52,0,40,10,5.5,52,A
366873510,2024-01-23T13:09:19,20.07516,-155.88580,4.9,132.0,511.0,AMERICAN CHALLENGER,IMO7420479,WDB2212,52,0,40,10,5.5,52,A
366873510,2024-01-23T13:10:29,20.07410,-155.88455,4.9,131.7,511.0,AMERICAN CHALLENGER,IMO7420479,WDB2212,52,0,40,10,5.5,52,A
366873510,2024-01-23T13:11:40,20.07303,-155.88325,5.0,131.6,511.0,AMERICAN CHALLENGER,IMO7420479,WDB2212,52,0,40,10,5.5,52,A
366873510,2024-01-23T13:12:49,20.07199,-155.88199,5.0,131.0,511.0,AMERICAN CHALLENGER,IMO7420479,WDB2212,52,0,40,10,5.5,52,A
366873510,2024-01-23T13:14:00,20.07093,-155.88069,4.8,130.8,511.0,AMERICAN CHALLENGER,IMO7420479,WDB2212,52,0,40,10,5.5,52,A
366873510,2024-01-23T13:15:10,20.06989,-155.87939,5.0,129.7,511.0,AMERICAN CHALLENGER,IMO7420479,WDB2212,52,0,40,10,5.5,52,A
366873510,2024-01-23T13:16:19,20.06884,-155.87810,5.0,131.2,511.0,AMERICAN CHALLENGER,IMO7420479,WDB2212,52,0,40,10,5.5,52,A
366873510,2024-01-23T13:17:20,20.06794,-155.87700,5.0,129.2,511.0,AMERICAN CHALLENGER,IMO7420479,WDB2212,52,0,40,10,5.5,52,A
366873510,2024-01-23T13:18:30,20.06707,-155.87591,3.6,130.7,511.0,AMERICAN CHALLENGER,IMO7420479,WDB2212,52,0,40,10,5.5,52,A
366873510,2024-01-23T13:19:40,20.06631,-155.87496,3.6,130.4,511.0,AMERICAN CHALLENGER,IMO7420479,WDB2212,52,0,40,10,5.5,52,A
366873510,2024-01-23T13:20:48,20.06559,-155.87402,3.5,129.6,511.0,AMERICAN CHALLENGER,IMO7420479,WDB2212,52,0,40,10,5.5,52,A
366873510,2024-01-23T13:22:00,20.06483,-155.87314,3.4,134.1,511.0,AMERICAN CHALLENGER,IMO7420479,WDB2212,52,0,40,10,5.5,52,A
366873510,2024-01-23T13:23:09,20.06415,-155.87228,3.2,125.7,511.0,AMERICAN CHALLENGER,IMO7420479,WDB2212,52,0,40,10,5.5,52,A
366873510,2024-01-23T13:24:20,20.06356,-155.87137,3.0,125.4,511.0,AMERICAN CHALLENGER,IMO7420479,WDB2212,52,0,40,10,5.5,52,A
366873510,2024-01-23T13:25:30,20.06301,-155.87054,3.0,125.5,511.0,AMERICAN CHALLENGER,IMO7420479,WDB2212,52,0,40,10,5.5,52,A
366873510,2024-01-23T13:26:39,20.06247,-155.86970,3.0,126.1,511.0,AMERICAN CHALLENGER,IMO7420479,WDB2212,52,0,40,10,5.5,52,A
366873510,2024-01-23T13:27:50,20.06184,-155.86888,2.9,131.0,511.0,AMERICAN CHALLENGER,IMO7420479,WDB2212,52,0,40,10,5.5,52,A
366873510,2024-01-23T13:29:09,20.06109,-155.86797,3.1,132.3,511.0,AMERICAN CHALLENGER,IMO7420479,WDB2212,52,0,40,10,5.5,52,A
366873510,2024-01-23T13:30:19,20.06040,-155.86723,3.0,136.6,511.0,AMERICAN CHALLENGER,IMO7420479,WDB2212,52,0,40,10,5.5,52,A
366873510,2024-01-23T13:31:49,20.05945,-155.86631,3.0,139.9,511.0,AMERICAN CHALLENGER,IMO7420479,WDB2212,52,0,40,10,5.5,52,A
366873510,2024-01-23T13:32:59,20.05873,-155.86563,3.0,139.4,511.0,AMERICAN CHALLENGER,IMO7420479,WDB2212,52,0,40,10,5.5,52,A
368729000,2024-01-19T16:31:33,20.07957,-155.88955,6.8,137.0,134.0,USAV GEN B SOMERVELL,,AAEE,35,0,85,15,4.0,35,A
368729000,2024-01-19T16:32:42,20.07796,-155.88788,6.9,134.0,128.0,USAV GEN B SOMERVELL,,AAEE,35,0,85,15,4.0,35,A
368729000,2024-01-19T16:33:51,20.07646,-155.88608,6.9,137.0,128.0,USAV GEN B SOMERVELL,,AAEE,35,0,85,15,4.0,35,A
368729000,2024-01-19T16:34:52,20.07514,-155.88450,7.2,134.0,127.0,USAV GEN B SOMERVELL,,AAEE,35,0,85,15,4.0,35,A
368729000,2024-01-19T16:36:02,20.07369,-155.88265,6.7,131.0,124.0,USAV GEN B SOMERVELL,,AAEE,35,0,85,15,4.0,35,A
368729000,2024-01-19T16:37:12,20.07232,-155.88075,7.0,127.0,125.0,USAV GEN B SOMERVELL,,AAEE,35,0,85,15,4.0,35,A
368729000,2024-01-19T16:38:21,20.07097,-155.87885,7.1,120.0,125.0,USAV GEN B SOMERVELL,,AAEE,35,0,85,15,4.0,35,A
368729000,2024-01-19T16:39:33,20.06955,-155.87687,6.6,131.0,124.0,USAV GEN B SOMERVELL,,AAEE,35,0,85,15,4.0,35,A
368729000,2024-01-19T16:40:41,20.06824,-155.87498,7.2,127.0,125.0,USAV GEN B SOMERVELL,,AAEE,35,0,85,15,4.0,35,A
368729000,2024-01-19T16:42:02,20.06668,-155.87275,7.0,128.0,125.0,USAV GEN B SOMERVELL,,AAEE,35,0,85,15,4.0,35,A
368729000,2024-01-19T16:43:12,20.06534,-155.87083,6.6,124.0,125.0,USAV GEN B SOMERVELL,,AAEE,35,0,85,15,4.0,35,A
368729000,2024-01-19T16:44:21,20.06400,-155.86892,6.9,129.0,124.0,USAV GEN B SOMERVELL,,AAEE,35,0,85,15,4.0,35,A
368729000,2024-01-19T16:45:33,20.06258,-155.86696,6.9,130.0,131.0,USAV GEN B SOMERVELL,,AAEE,35,0,85,15,4.0,35,A
368729000,2024-01-19T16:46:42,20.06107,-155.86522,6.8,130.0,131.0,USAV GEN B SOMERVELL,,AAEE,35,0,85,15,4.0,35,A
368729000,2024-01-19T16:47:51,20.05953,-155.86348,7.0,135.0,131.0,USAV GEN B SOMERVELL,,AAEE,35,0,85,15,4.0,35,A
367133160,2024-03-20T16:16:27,20.06849,-155.88837,6.4,123.3,511.0,TECUMSEH,IMO7511503,WTW9257,32,11,36,11,5.1,32,A
367133160,2024-03-20T16:17:36,20.06730,-155.88656,6.5,124.6,511.0,TECUMSEH,IMO7511503,WTW9257,32,11,36,11,5.1,32,A
367133160,2024-03-20T16:18:46,20.06606,-155.88468,6.5,123.3,511.0,TECUMSEH,IMO7511503,WTW9257,32,11,36,11,5.1,32,A
367133160,2024-03-20T16:19:55,20.06494,-155.88280,6.5,121.7,511.0,TECUMSEH,IMO7511503,WTW9257,32,11,36,11,5.1,32,A
367133160,2024-03-20T16:21:07,20.06381,-155.88081,6.6,119.2,511.0,TECUMSEH,IMO7511503,WTW9257,32,11,36,11,5.1,32,A
367133160,2024-03-20T16:22:16,20.06281,-155.87881,6.6,117.8,511.0,TECUMSEH,IMO7511503,WTW9257,32,11,36,11,5.1,32,A
367133160,2024-03-20T16:23:26,20.06179,-155.87678,6.6,119.8,511.0,TECUMSEH,IMO7511503,WTW9257,32,11,36,11,5.1,32,A
367133160,2024-03-20T16:24:36,20.06069,-155.87481,6.5,120.4,511.0,TECUMSEH,IMO7511503,WTW9257,32,11,36,11,5.1,32,A
367133160,2024-03-20T16:25:46,20.05962,-155.87284,6.6,118.3,511.0,TECUMSEH,IMO7511503,WTW9257,32,11,36,11,5.1,32,A
367133160,2024-02-07T00:05:57,20.05878,-155.88922,4.0,326.6,511.0,TECUMSEH,IMO7511503,WTW9257,32,11,36,11,5.1,32,A
367133160,2024-02-07T00:07:08,20.05991,-155.89002,4.1,326.6,511.0,TECUMSEH,IMO7511503,WTW9257,32,11,36,11,5.1,32,A
367133160,2024-02-07T03:48:47,20.06749,-155.89004,4.4,135.7,511.0,TECUMSEH,IMO7511503,WTW9257,32,11,36,11,5.1,32,A
367133160,2024-02-07T03:49:58,20.06648,-155.88889,4.4,132.2,511.0,TECUMSEH,IMO7511503,WTW9257,32,11,36,11,5.1,32,A
367133160,2024-02-07T03:51:16,20.06536,-155.88763,4.5,133.3,511.0,TECUMSEH,IMO7511503,WTW9257,32,11,36,11,5.1,32,A
367133160,2024-02-07T03:52:27,20.06431,-155.88653,4.5,135.4,511.0,TECUMSEH,IMO7511503,WTW9257,32,11,36,11,5.1,32,A
367133160,2024-02-07T03:53:37,20.06326,-155.88545,4.5,135.3,511.0,TECUMSEH,IMO7511503,WTW9257,32,11,36,11,5.1,32,A
367133160,2024-02-07T03:54:47,20.06221,-155.88436,4.4,134.1,511.0,TECUMSEH,IMO7511503,WTW9257,32,11,36,11,5.1,32,A
367133160,2024-02-07T03:55:58,20.06116,-155.88324,4.4,136.1,511.0,TECUMSEH,IMO7511503,WTW9257,32,11,36,11,5.1,32,A
367133160,2024-02-07T03:57:08,20.06012,-155.88218,4.5,135.1,511.0,TECUMSEH,IMO7511503,WTW9257,32,11,36,11,5.1,32,A
367133160,2024-02-07T03:58:16,20.05909,-155.88113,4.5,136.0,511.0,TECUMSEH,IMO7511503,WTW9257,32,11,36,11,5.1,32,A
367133160,2024-02-07T11:15:17,20.05873,-155.87923,3.9,311.3,511.0,TECUMSEH,IMO7511503,WTW9257,32,11,36,11,5.1,32,A
367133160,2024-02-07T11:16:18,20.05943,-155.88014,3.8,307.6,511.0,TECUMSEH,IMO7511503,WTW9257,32,11,36,11,5.1,32,A
367133160,2024-02-07T11:17:28,20.06021,-155.88119,3.8,307.3,511.0,TECUMSEH,IMO7511503,WTW9257,32,11,36,11,5.1,32,A
367133160,2024-02-07T11:18:38,20.06098,-155.88228,3.9,307.1,511.0,TECUMSEH,IMO7511503,WTW9257,32,11,36,11,5.1,32,A
367133160,2024-02-07T11:19:48,20.06177,-155.88334,4.0,309.1,511.0,TECUMSEH,IMO7511503,WTW9257,32,11,36,11,5.1,32,A
367133160,2024-02-07T11:20:57,20.06261,-155.88436,3.9,312.9,511.0,TECUMSEH,IMO7511503,WTW9257,32,11,36,11,5.1,32,A
367133160,2024-02-07T11:22:07,20.06347,-155.88537,3.9,310.0,511.0,TECUMSEH,IMO7511503,WTW9257,32,11,36,11,5.1,32,A
367133160,2024-02-07T11:23:18,20.06431,-155.88642,3.9,309.3,511.0,TECUMSEH,IMO7511503,WTW9257,32,11,36,11,5.1,32,A
367133160,2024-02-07T11:24:27,20.06513,-155.88745,3.9,308.7,511.0,TECUMSEH,IMO7511503,WTW9257,32,11,36,11,5.1,32,A
367133160,2024-02-07T11:25:36,20.06591,-155.88849,3.8,308.0,511.0,TECUMSEH,IMO7511503,WTW9257,32,11,36,11,5.1,32,A
367133160,2024-02-07T11:26:46,20.06673,-155.88954,3.9,310.6,511.0,TECUMSEH,IMO7511503,WTW9257,32,11,36,11,5.1,32,A
367133160,2024-02-07T15:28:08,20.06402,-155.89017,4.8,147.5,511.0,TECUMSEH,IMO7511503,WTW9257,32,11,36,11,5.1,32,A
367133160,2024-02-07T15:29:17,20.06274,-155.88931,4.8,148.0,511.0,TECUMSEH,IMO7511503,WTW9257,32,11,36,11,5.1,32,A
367133160,2024-02-07T15:30:28,20.06136,-155.88844,4.7,152.7,511.0,TECUMSEH,IMO7511503,WTW9257,32,11,36,11,5.1,32,A
367133160,2024-02-07T15:31:38,20.05999,-155.88773,4.7,156.2,511.0,TECUMSEH,IMO7511503,WTW9257,32,11,36,11,5.1,32,A
366873510,2024-03-15T16:39:55,20.07949,-155.88961,6.7,131.2,511.0,AMERICAN CHALLENGER,IMO7420479,WDB2212,52,0,40,10,5.5,52,A
366873510,2024-03-15T16:41:05,20.07802,-155.88785,6.7,131.1,511.0,AMERICAN CHALLENGER,IMO7420479,WDB2212,52,0,40,10,5.5,52,A
366873510,2024-03-15T16:42:15,20.07661,-155.88613,6.7,130.5,511.0,AMERICAN CHALLENGER,IMO7420479,WDB2212,52,0,40,10,5.5,52,A
366873510,2024-03-15T16:43:16,20.07542,-155.88460,6.6,129.4,511.0,AMERICAN CHALLENGER,IMO7420479,WDB2212,52,0,40,10,5.5,52,A
366873510,2024-03-15T16:44:25,20.07411,-155.88294,6.3,129.9,511.0,AMERICAN CHALLENGER,IMO7420479,WDB2212,52,0,40,10,5.5,52,A
366873510,2024-03-15T16:45:35,20.07286,-155.88153,5.1,135.3,511.0,AMERICAN CHALLENGER,IMO7420479,WDB2212,52,0,40,10,5.5,52,A
366873510,2024-03-15T16:46:46,20.07165,-155.88024,5.3,134.7,511.0,AMERICAN CHALLENGER,IMO7420479,WDB2212,52,0,40,10,5.5,52,A
366873510,2024-03-15T16:47:55,20.07057,-155.87909,4.5,135.1,511.0,AMERICAN CHALLENGER,IMO7420479,WDB2212,52,0,40,10,5.5,52,A
366873510,2024-03-15T16:49:06,20.06951,-155.87796,4.6,134.5,511.0,AMERICAN CHALLENGER,IMO7420479,WDB2212,52,0,40,10,5.5,52,A
366873510,2024-03-15T16:50:15,20.06848,-155.87681,4.6,132.9,511.0,AMERICAN CHALLENGER,IMO7420479,WDB2212,52,0,40,10,5.5,52,A
366873510,2024-03-15T16:51:25,20.06747,-155.87567,4.6,132.6,511.0,AMERICAN CHALLENGER,IMO7420479,WDB2212,52,0,40,10,5.5,52,A
366873510,2024-03-15T16:52:36,20.06642,-155.87446,4.6,132.3,511.0,AMERICAN CHALLENGER,IMO7420479,WDB2212,52,0,40,10,5.5,52,A
366873510,2024-03-15T16:53:45,20.06542,-155.87330,4.7,132.3,511.0,AMERICAN CHALLENGER,IMO7420479,WDB2212,52,0,40,10,5.5,52,A
366873510,2024-03-15T16:54:55,20.06435,-155.87207,5.7,133.9,511.0,AMERICAN CHALLENGER,IMO7420479,WDB2212,52,0,40,10,5.5,52,A
366873510,2024-03-15T16:56:05,20.06301,-155.87059,6.1,133.7,511.0,AMERICAN CHALLENGER,IMO7420479,WDB2212,52,0,40,10,5.5,52,A
366873510,2024-03-15T16:57:14,20.06159,-155.86901,6.4,132.8,511.0,AMERICAN CHALLENGER,IMO7420479,WDB2212,52,0,40,10,5.5,52,A
366873510,2024-03-15T16:58:25,20.06014,-155.86736,6.5,133.3,511.0,AMERICAN CHALLENGER,IMO7420479,WDB2212,52,0,40,10,5.5,52,A
366873510,2024-03-15T16:59:26,20.05889,-155.86596,6.5,133.7,511.0,AMERICAN CHALLENGER,IMO7420479,WDB2212,52,0,40,10,5.5,52,A
368729000,2024-01-11T20:38:31,20.05858,-155.87331,8.8,300.0,293.0,USAV GEN B SOMERVELL,,AAEE,35,0,85,15,4.0,35,A
368729000,2024-01-11T20:39:42,20.05985,-155.87590,8.0,298.0,295.0,USAV GEN B SOMERVELL,,AAEE,35,0,85,15,4.0,35,A
368729000,2024-01-11T20:44:41,20.06587,-155.88630,8.4,313.0,308.0,USAV GEN B SOMERVELL,,AAEE,35,0,85,15,4.0,35,A
368729000,2024-01-11T20:45:52,20.06773,-155.88849,8.6,310.0,307.0,USAV GEN B SOMERVELL,,AAEE,35,0,85,15,4.0,35,A
368729000,2024-01-15T16:49:11,20.06785,-155.88947,6.9,135.0,130.0,USAV GEN B SOMERVELL,,AAEE,35,0,85,15,4.0,35,A
368729000,2024-01-15T16:50:15,20.06642,-155.88788,6.8,126.0,112.0,USAV GEN B SOMERVELL,,AAEE,35,0,85,15,4.0,35,A
368729000,2024-01-15T16:51:22,20.06536,-155.88592,6.9,120.0,118.0,USAV GEN B SOMERVELL,,AAEE,35,0,85,15,4.0,35,A
368729000,2024-01-15T16:52:41,20.06386,-155.88373,6.9,123.0,113.0,USAV GEN B SOMERVELL,,AAEE,35,0,85,15,4.0,35,A
368729000,2024-01-15T16:54:01,20.06260,-155.88136,6.9,118.0,110.0,USAV GEN B SOMERVELL,,AAEE,35,0,85,15,4.0,35,A
368729000,2024-01-15T16:55:12,20.06158,-155.87918,7.0,115.0,110.0,USAV GEN B SOMERVELL,,AAEE,35,0,85,15,4.0,35,A
368729000,2024-01-15T16:56:31,20.06046,-155.87676,6.9,119.0,113.0,USAV GEN B SOMERVELL,,AAEE,35,0,85,15,4.0,35,A
368729000,2024-01-15T16:57:42,20.05938,-155.87462,6.7,120.0,115.0,USAV GEN B SOMERVELL,,AAEE,35,0,85,15,4.0,35,A
368729000,2024-01-15T20:07:14,20.06319,-155.87975,9.3,299.0,296.0,USAV GEN B SOMERVELL,,AAEE,35,0,85,15,4.0,35,A
367133160,2024-04-05T08:51:47,20.05918,-155.87418,6.5,300.0,511.0,TECUMSEH,IMO7511503,WTW9257,32,11,36,11,5.1,32,A
367133160,2024-04-05T08:52:56,20.06027,-155.87622,7.0,299.2,511.0,TECUMSEH,IMO7511503,WTW9257,32,11,36,11,5.1,32,A
367133160,2024-04-05T08:54:07,20.06143,-155.87838,7.1,299.9,511.0,TECUMSEH,IMO7511503,WTW9257,32,11,36,11,5.1,32,A
367133160,2024-04-05T08:55:16,20.06257,-155.88050,7.2,300.3,511.0,TECUMSEH,IMO7511503,WTW9257,32,11,36,11,5.1,32,A
367133160,2024-04-05T08:56:28,20.06373,-155.88271,7.3,299.6,511.0,TECUMSEH,IMO7511503,WTW9257,32,11,36,11,5.1,32,A
367133160,2024-04-05T08:57:58,20.06522,-155.88554,7.3,299.0,511.0,TECUMSEH,IMO7511503,WTW9257,32,11,36,11,5.1,32,A
367133160,2024-04-05T08:59:07,20.06640,-155.88773,7.3,300.3,511.0,TECUMSEH,IMO7511503,WTW9257,32,11,36,11,5.1,32,A
367133160,2024-04-05T09:00:07,20.06747,-155.88955,7.4,303.7,511.0,TECUMSEH,IMO7511503,WTW9257,32,11,36,11,5.1,32,A
366339000,2024-03-12T07:30:25,20.06021,-155.87120,11.1,331.5,331.0,SAFARI EXPLORER,IMO8964654,WCY5674,60,0,45,12,2.4,60,A
366339000,2024-03-12T07:31:28,20.06313,-155.87287,11.1,331.5,329.0,SAFARI EXPLORER,IMO8964654,WCY5674,60,0,45,12,2.4,60,A
366339000,2024-03-12T07:32:34,20.06606,-155.87461,11.2,332.4,331.0,SAFARI EXPLORER,IMO8964654,WCY5674,60,0,45,12,2.4,60,A
366339000,2024-03-12T07:33:35,20.06884,-155.87621,11.2,331.4,330.0,SAFARI EXPLORER,IMO8964654,WCY5674,60,0,45,12,2.4,60,A
366339000,2024-03-12T07:34:37,20.07167,-155.87783,11.2,331.0,330.0,SAFARI EXPLORER,IMO8964654,WCY5674,60,0,45,12,2.4,60,A
366339000,2024-03-12T07:35:44,20.07481,-155.87961,11.2,331.7,330.0,SAFARI EXPLORER,IMO8964654,WCY5674,60,0,45,12,2.4,60,A
366339000,2024-03-12T07:36:55,20.07799,-155.88143,11.2,330.5,329.0,SAFARI EXPLORER,IMO8964654,WCY5674,60,0,45,12,2.4,60,A
366339000,2024-03-12T07:38:04,20.08115,-155.88326,11.3,331.2,329.0,SAFARI EXPLORER,IMO8964654,WCY5674,60,0,45,12,2.4,60,A
366339000,2024-03-12T07:39:15,20.08441,-155.88517,11.3,331.5,330.0,SAFARI EXPLORER,IMO8964654,WCY5674,60,0,45,12,2.4,60,A
366339000,2024-03-12T07:40:25,20.08762,-155.88701,11.2,331.3,330.0,SAFARI EXPLORER,IMO8964654,WCY5674,60,0,45,12,2.4,60,A
366339000,2024-03-12T07:41:34,20.09077,-155.88884,11.3,329.7,327.0,SAFARI EXPLORER,IMO8964654,WCY5674,60,0,45,12,2.4,60,A
367133160,2024-05-09T18:26:52,20.05884,-155.88376,8.6,299.4,511.0,TECUMSEH,IMO7511503,WTW9257,32,11,36,11,5.1,32,A
367133160,2024-05-09T18:28:01,20.06024,-155.88629,8.6,300.4,511.0,TECUMSEH,IMO7511503,WTW9257,32,11,36,11,5.1,32,A
367133160,2024-05-09T18:29:11,20.06169,-155.88885,8.7,301.5,511.0,TECUMSEH,IMO7511503,WTW9257,32,11,36,11,5.1,32,A
366339000,2024-04-09T07:18:53,20.06061,-155.87624,10.1,329.4,325.0,SAFARI EXPLORER,IMO8964654,WCY5674,60,0,45,12,2.4,60,A
366339000,2024-04-09T07:20:04,20.06346,-155.87794,10.1,330.7,326.0,SAFARI EXPLORER,IMO8964654,WCY5674,60,0,45,12,2.4,60,A
366339000,2024-04-09T07:21:05,20.06594,-155.87945,10.1,330.8,326.0,SAFARI EXPLORER,IMO8964654,WCY5674,60,0,45,12,2.4,60,A
366339000,2024-04-09T07:22:14,20.06878,-155.88116,10.2,329.6,325.0,SAFARI EXPLORER,IMO8964654,WCY5674,60,0,45,12,2.4,60,A
366339000,2024-04-09T07:23:15,20.07128,-155.88272,10.3,329.1,324.0,SAFARI EXPLORER,IMO8964654,WCY5674,60,0,45,12,2.4,60,A
366339000,2024-04-09T07:24:24,20.07414,-155.88448,10.3,329.5,326.0,SAFARI EXPLORER,IMO8964654,WCY5674,60,0,45,12,2.4,60,A
366339000,2024-04-09T07:25:34,20.07699,-155.88631,10.3,327.8,325.0,SAFARI EXPLORER,IMO8964654,WCY5674,60,0,45,12,2.4,60,A
366339000,2024-04-09T07:26:43,20.07984,-155.88814,10.3,329.0,326.0,SAFARI EXPLORER,IMO8964654,WCY5674,60,0,45,12,2.4,60,A
366339000,2024-04-09T07:27:54,20.08276,-155.89001,10.4,327.9,325.0,SAFARI EXPLORER,IMO8964654,WCY5674,60,0,45,12,2.4,60,A
367133160,2024-04-15T02:10:22,20.06935,-155.88841,7.2,121.1,511.0,TECUMSEH,IMO7511503,WTW9257,32,11,36,11,5.1,32,A
367133160,2024-04-15T02:11:32,20.06807,-155.88633,7.1,122.8,511.0,TECUMSEH,IMO7511503,WTW9257,32,11,36,11,5.1,32,A
367133160,2024-04-15T02:12:41,20.06675,-155.88427,7.2,124.2,511.0,TECUMSEH,IMO7511503,WTW9257,32,11,36,11,5.1,32,A
367133160,2024-04-15T02:13:53,20.06546,-155.88216,7.1,122.7,511.0,TECUMSEH,IMO7511503,WTW9257,32,11,36,11,5.1,32,A
367133160,2024-04-15T02:15:03,20.06424,-155.88007,7.1,120.5,511.0,TECUMSEH,IMO7511503,WTW9257,32,11,36,11,5.1,32,A
367133160,2024-04-15T02:16:12,20.06309,-155.87793,6.8,115.2,511.0,TECUMSEH,IMO7511503,WTW9257,32,11,36,11,5.1,32,A
367133160,2024-04-15T02:17:22,20.06217,-155.87611,6.3,119.8,511.0,TECUMSEH,IMO7511503,WTW9257,32,11,36,11,5.1,32,A
367133160,2024-04-15T02:18:31,20.06120,-155.87420,6.1,118.5,511.0,TECUMSEH,IMO7511503,WTW9257,32,11,36,11,5.1,32,A
367133160,2024-04-15T02:19:42,20.06021,-155.87236,6.0,121.6,511.0,TECUMSEH,IMO7511503,WTW9257,32,11,36,11,5.1,32,A
367133160,2024-04-15T02:20:52,20.05916,-155.87060,5.4,124.0,511.0,TECUMSEH,IMO7511503,WTW9257,32,11,36,11,5.1,32,A
367133160,2024-04-28T03:39:52,20.05921,-155.87430,6.3,300.6,511.0,TECUMSEH,IMO7511503,WTW9257,32,11,36,11,5.1,32,A
367133160,2024-04-28T03:41:03,20.06026,-155.87623,6.3,299.3,511.0,TECUMSEH,IMO7511503,WTW9257,32,11,36,11,5.1,32,A
367133160,2024-04-28T03:42:13,20.06120,-155.87809,6.2,296.7,511.0,TECUMSEH,IMO7511503,WTW9257,32,11,36,11,5.1,32,A
367133160,2024-04-28T03:43:23,20.06203,-155.88000,5.9,294.3,511.0,TECUMSEH,IMO7511503,WTW9257,32,11,36,11,5.1,32,A
367133160,2024-04-28T03:44:34,20.06292,-155.88184,5.8,300.2,511.0,TECUMSEH,IMO7511503,WTW9257,32,11,36,11,5.1,32,A
367133160,2024-04-28T03:45:43,20.06390,-155.88352,5.7,303.7,511.0,TECUMSEH,IMO7511503,WTW9257,32,11,36,11,5.1,32,A
367133160,2024-04-28T03:46:53,20.06493,-155.88511,5.6,305.4,511.0,TECUMSEH,IMO7511503,WTW9257,32,11,36,11,5.1,32,A
367133160,2024-04-28T03:48:03,20.06596,-155.88672,5.6,304.9,511.0,TECUMSEH,IMO7511503,WTW9257,32,11,36,11,5.1,32,A
367133160,2024-04-28T03:49:14,20.06702,-155.88827,5.5,305.5,511.0,TECUMSEH,IMO7511503,WTW9257,32,11,36,11,5.1,32,A
367133160,2024-04-28T03:50:23,20.06802,-155.88982,5.4,304.4,511.0,TECUMSEH,IMO7511503,WTW9257,32,11,36,11,5.1,32,A
367133160,2024-03-21T21:28:32,20.05975,-155.87862,7.7,302.1,511.0,TECUMSEH,IMO7511503,WTW9257,32,11,36,11,5.1,32,A
367133160,2024-03-21T21:29:41,20.06107,-155.88084,7.6,300.3,511.0,TECUMSEH,IMO7511503,WTW9257,32,11,36,11,5.1,32,A
367133160,2024-03-21T21:30:50,20.06239,-155.88301,7.7,304.6,511.0,TECUMSEH,IMO7511503,WTW9257,32,11,36,11,5.1,32,A
367133160,2024-03-21T21:32:02,20.06392,-155.88523,7.7,306.9,511.0,TECUMSEH,IMO7511503,WTW9257,32,11,36,11,5.1,32,A
367133160,2024-03-21T21:33:12,20.06551,-155.88736,7.7,309.6,511.0,TECUMSEH,IMO7511503,WTW9257,32,11,36,11,5.1,32,A
367133160,2024-03-21T21:34:20,20.06713,-155.88930,7.7,313.4,511.0,TECUMSEH,IMO7511503,WTW9257,32,11,36,11,5.1,32,A
368729000,2024-01-09T22:34:00,20.07465,-155.88759,8.8,116.0,110.0,USAV GEN B SOMERVELL,,AAEE,35,0,85,15,4.0,35,A
368729000,2024-01-09T22:35:09,20.07358,-155.88483,9.1,107.0,117.0,USAV GEN B SOMERVELL,,AAEE,35,0,85,15,4.0,35,A
368729000,2024-01-09T22:36:19,20.07202,-155.88233,9.2,140.0,127.0,USAV GEN B SOMERVELL,,AAEE,35,0,85,15,4.0,35,A
368729000,2024-01-09T22:37:29,20.07025,-155.87992,9.3,135.0,130.0,USAV GEN B SOMERVELL,,AAEE,35,0,85,15,4.0,35,A
368729000,2024-01-09T22:38:49,20.06806,-155.87719,8.7,137.0,130.0,USAV GEN B SOMERVELL,,AAEE,35,0,85,15,4.0,35,A
368729000,2024-01-09T22:40:00,20.06618,-155.87484,8.9,132.0,130.0,USAV GEN B SOMERVELL,,AAEE,35,0,85,15,4.0,35,A
368729000,2024-01-09T22:41:10,20.06430,-155.87249,9.1,129.0,130.0,USAV GEN B SOMERVELL,,AAEE,35,0,85,15,4.0,35,A
368729000,2024-01-09T22:42:30,20.06218,-155.86981,9.0,125.0,130.0,USAV GEN B SOMERVELL,,AAEE,35,0,85,15,4.0,35,A
368729000,2024-01-09T22:43:49,20.06007,-155.86711,9.3,134.0,130.0,USAV GEN B SOMERVELL,,AAEE,35,0,85,15,4.0,35,A
368729000,2024-01-10T02:23:01,20.05947,-155.87509,8.1,286.0,291.0,USAV GEN B SOMERVELL,,AAEE,35,0,85,15,4.0,35,A
368729000,2024-01-10T02:24:09,20.06069,-155.87753,8.6,298.0,292.0,USAV GEN B SOMERVELL,,AAEE,35,0,85,15,4.0,35,A
368729000,2024-01-10T02:25:30,20.06220,-155.88052,9.1,307.0,295.0,USAV GEN B SOMERVELL,,AAEE,35,0,85,15,4.0,35,A
368729000,2024-01-10T02:26:59,20.06389,-155.88375,8.3,302.0,299.0,USAV GEN B SOMERVELL,,AAEE,35,0,85,15,4.0,35,A
368729000,2024-01-10T02:28:00,20.06524,-155.88564,8.0,315.0,306.0,USAV GEN B SOMERVELL,,AAEE,35,0,85,15,4.0,35,A
368729000,2024-01-10T02:29:50,20.06802,-155.88890,7.9,307.0,308.0,USAV GEN B SOMERVELL,,AAEE,35,0,85,15,4.0,35,A
366873510,2024-03-16T00:24:15,20.05869,-155.86408,6.8,315.5,511.0,AMERICAN CHALLENGER,IMO7420479,WDB2212,52,0,40,10,5.5,52,A
366873510,2024-03-16T00:25:26,20.06013,-155.86557,5.7,314.0,511.0,AMERICAN CHALLENGER,IMO7420479,WDB2212,52,0,40,10,5.5,52,A
366873510,2024-03-16T00:26:36,20.06148,-155.86701,6.2,314.7,511.0,AMERICAN CHALLENGER,IMO7420479,WDB2212,52,0,40,10,5.5,52,A
366873510,2024-03-16T00:27:44,20.06287,-155.86847,6.0,315.4,511.0,AMERICAN CHALLENGER,IMO7420479,WDB2212,52,0,40,10,5.5,52,A
366873510,2024-03-16T00:28:45,20.06400,-155.86980,6.0,309.5,511.0,AMERICAN CHALLENGER,IMO7420479,WDB2212,52,0,40,10,5.5,52,A
366873510,2024-03-16T00:29:54,20.06516,-155.87142,6.1,306.9,511.0,AMERICAN CHALLENGER,IMO7420479,WDB2212,52,0,40,10,5.5,52,A
366873510,2024-03-16T00:31:05,20.06651,-155.87341,7.5,305.7,511.0,AMERICAN CHALLENGER,IMO7420479,WDB2212,52,0,40,10,5.5,52,A
366873510,2024-03-16T00:32:06,20.06775,-155.87528,8.1,305.0,511.0,AMERICAN CHALLENGER,IMO7420479,WDB2212,52,0,40,10,5.5,52,A
366873510,2024-03-16T00:33:15,20.06931,-155.87759,8.2,306.1,511.0,AMERICAN CHALLENGER,IMO7420479,WDB2212,52,0,40,10,5.5,52,A
366873510,2024-03-16T00:34:26,20.07090,-155.87986,8.3,307.9,511.0,AMERICAN CHALLENGER,IMO7420479,WDB2212,52,0,40,10,5.5,52,A
366873510,2024-03-16T00:35:36,20.07258,-155.88213,8.3,307.7,511.0,AMERICAN CHALLENGER,IMO7420479,WDB2212,52,0,40,10,5.5,52,A
366873510,2024-03-16T00:36:45,20.07424,-155.88433,8.3,308.0,511.0,AMERICAN CHALLENGER,IMO7420479,WDB2212,52,0,40,10,5.5,52,A
366873510,2024-03-16T00:37:54,20.07592,-155.88657,8.4,308.9,511.0,AMERICAN CHALLENGER,IMO7420479,WDB2212,52,0,40,10,5.5,52,A
366873510,2024-03-16T00:39:05,20.07763,-155.88880,8.4,309.2,511.0,AMERICAN CHALLENGER,IMO7420479,WDB2212,52,0,40,10,5.5,52,A
367133160,2024-04-04T21:53:52,20.07345,-155.89006,7.5,138.6,511.0,TECUMSEH,IMO7511503,WTW9257,32,11,36,11,5.1,32,A
367133160,2024-04-04T21:55:01,20.07165,-155.88838,7.5,137.7,511.0,TECUMSEH,IMO7511503,WTW9257,32,11,36,11,5.1,32,A
367133160,2024-04-04T21:56:11,20.06985,-155.88658,7.5,136.2,511.0,TECUMSEH,IMO7511503,WTW9257,32,11,36,11,5.1,32,A
367133160,2024-04-04T21:57:22,20.06816,-155.88471,7.6,132.3,511.0,TECUMSEH,IMO7511503,WTW9257,32,11,36,11,5.1,32,A
367133160,2024-04-04T21:58:31,20.06659,-155.88274,7.6,126.9,511.0,TECUMSEH,IMO7511503,WTW9257,32,11,36,11,5.1,32,A
367133160,2024-04-04T21:59:41,20.06521,-155.88055,7.6,121.3,511.0,TECUMSEH,IMO7511503,WTW9257,32,11,36,11,5.1,32,A
367133160,2024-04-04T22:00:00,20.06487,-155.87994,7.6,120.3,511.0,TECUMSEH,IMO7511503,WTW9257,32,11,36,11,5.1,32,A
367133160,2024-04-04T22:01:11,20.06366,-155.87760,7.6,118.2,511.0,TECUMSEH,IMO7511503,WTW9257,32,11,36,11,5.1,32,A
367133160,2024-04-04T22:02:22,20.06251,-155.87524,7.6,116.9,511.0,TECUMSEH,IMO7511503,WTW9257,32,11,36,11,5.1,32,A
367133160,2024-04-04T22:03:31,20.06138,-155.87294,7.6,118.3,511.0,TECUMSEH,IMO7511503,WTW9257,32,11,36,11,5.1,32,A
367133160,2024-04-04T22:04:41,20.06018,-155.87058,7.6,119.5,511.0,TECUMSEH,IMO7511503,WTW9257,32,11,36,11,5.1,32,A
367133160,2024-04-04T22:05:51,20.05892,-155.86834,7.7,123.9,511.0,TECUMSEH,IMO7511503,WTW9257,32,11,36,11,5.1,32,A
367133160,2024-04-27T17:33:02,20.06719,-155.88939,9.5,118.9,511.0,TECUMSEH,IMO7511503,WTW9257,32,11,36,11,5.1,32,A
367133160,2024-04-27T17:34:12,20.06566,-155.88653,9.4,120.1,511.0,TECUMSEH,IMO7511503,WTW9257,32,11,36,11,5.1,32,A
367133160,2024-04-27T17:35:21,20.06412,-155.88374,9.3,120.7,511.0,TECUMSEH,IMO7511503,WTW9257,32,11,36,11,5.1,32,A
367133160,2024-04-27T17:36:31,20.06256,-155.88104,9.3,122.4,511.0,TECUMSEH,IMO7511503,WTW9257,32,11,36,11,5.1,32,A
367133160,2024-04-27T17:37:41,20.06100,-155.87832,9.0,120.2,511.0,TECUMSEH,IMO7511503,WTW9257,32,11,36,11,5.1,32,A
367133160,2024-04-27T17:39:01,20.05943,-155.87527,8.9,117.0,511.0,TECUMSEH,IMO7511503,WTW9257,32,11,36,11,5.1,32,A
366873510,2024-05-03T17:44:23,20.08348,-155.88858,8.0,131.3,511.0,AMERICAN CHALLENGER,IMO7420479,WDB2212,52,0,40,10,5.5,52,A
366873510,2024-05-03T17:45:33,20.08171,-155.88647,8.0,132.7,511.0,AMERICAN CHALLENGER,IMO7420479,WDB2212,52,0,40,10,5.5,52,A
366873510,2024-05-03T17:46:43,20.07991,-155.88454,8.0,134.7,511.0,AMERICAN CHALLENGER,IMO7420479,WDB2212,52,0,40,10,5.5,52,A
366873510,2024-05-03T17:47:53,20.07807,-155.88257,8.1,134.7,511.0,AMERICAN CHALLENGER,IMO7420479,WDB2212,52,0,40,10,5.5,52,A
366873510,2024-05-03T17:49:02,20.07624,-155.88066,8.0,136.0,511.0,AMERICAN CHALLENGER,IMO7420479,WDB2212,52,0,40,10,5.5,52,A
366873510,2024-05-03T17:50:12,20.07466,-155.87902,5.7,135.5,511.0,AMERICAN CHALLENGER,IMO7420479,WDB2212,52,0,40,10,5.5,52,A
366873510,2024-05-03T17:51:23,20.07339,-155.87765,5.4,133.8,511.0,AMERICAN CHALLENGER,IMO7420479,WDB2212,52,0,40,10,5.5,52,A
366873510,2024-05-03T17:52:33,20.07219,-155.87632,5.2,133.3,511.0,AMERICAN CHALLENGER,IMO7420479,WDB2212,52,0,40,10,5.5,52,A
366873510,2024-05-03T17:53:44,20.07105,-155.87502,5.1,133.3,511.0,AMERICAN CHALLENGER,IMO7420479,WDB2212,52,0,40,10,5.5,52,A
366873510,2024-05-03T17:54:54,20.06990,-155.87374,5.1,134.2,511.0,AMERICAN CHALLENGER,IMO7420479,WDB2212,52,0,40,10,5.5,52,A
366873510,2024-05-03T17:56:03,20.06879,-155.87255,4.6,134.6,511.0,AMERICAN CHALLENGER,IMO7420479,WDB2212,52,0,40,10,5.5,52,A
366873510,2024-05-03T17:57:13,20.06771,-155.87141,4.7,135.3,511.0,AMERICAN CHALLENGER,IMO7420479,WDB2212,52,0,40,10,5.5,52,A
366873510,2024-05-03T17:58:14,20.06679,-155.87044,4.6,134.0,511.0,AMERICAN CHALLENGER,IMO7420479,WDB2212,52,0,40,10,5.5,52,A
366873510,2024-05-03T17:59:32,20.06566,-155.86923,4.3,134.5,511.0,AMERICAN CHALLENGER,IMO7420479,WDB2212,52,0,40,10,5.5,52,A
366873510,2024-05-03T18:00:03,20.06522,-155.86875,4.3,134.6,511.0,AMERICAN CHALLENGER,IMO7420479,WDB2212,52,0,40,10,5.5,52,A
366873510,2024-05-03T18:01:14,20.06421,-155.86770,4.4,135.9,511.0,AMERICAN CHALLENGER,IMO7420479,WDB2212,52,0,40,10,5.5,52,A
366873510,2024-05-03T18:02:24,20.06317,-155.86665,4.6,136.9,511.0,AMERICAN CHALLENGER,IMO7420479,WDB2212,52,0,40,10,5.5,52,A
366873510,2024-05-03T18:03:33,20.06206,-155.86556,4.5,137.0,511.0,AMERICAN CHALLENGER,IMO7420479,WDB2212,52,0,40,10,5.5,52,A
366873510,2024-05-03T18:04:42,20.06104,-155.86456,4.3,137.8,511.0,AMERICAN CHALLENGER,IMO7420479,WDB2212,52,0,40,10,5.5,52,A
366873510,2024-05-03T18:06:04,20.05982,-155.86340,4.4,138.2,511.0,AMERICAN CHALLENGER,IMO7420479,WDB2212,52,0,40,10,5.5,52,A
366873510,2024-05-03T18:07:13,20.05876,-155.86241,4.4,139.0,511.0,AMERICAN CHALLENGER,IMO7420479,WDB2212,52,0,40,10,5.5,52,A
366873510,2024-05-04T01:36:13,20.05925,-155.87012,6.7,333.2,511.0,AMERICAN CHALLENGER,IMO7420479,WDB2212,52,0,40,10,5.5,52,A
366873510,2024-05-04T01:37:24,20.06132,-155.87119,7.2,333.6,511.0,AMERICAN CHALLENGER,IMO7420479,WDB2212,52,0,40,10,5.5,52,A
366873510,2024-05-04T01:38:33,20.06341,-155.87231,7.4,332.8,511.0,AMERICAN CHALLENGER,IMO7420479,WDB2212,52,0,40,10,5.5,52,A
366873510,2024-05-04T01:39:42,20.06559,-155.87349,7.7,332.6,511.0,AMERICAN CHALLENGER,IMO7420479,WDB2212,52,0,40,10,5.5,52,A
366873510,2024-05-04T01:40:52,20.06793,-155.87477,8.2,332.9,511.0,AMERICAN CHALLENGER,IMO7420479,WDB2212,52,0,40,10,5.5,52,A
366873510,2024-05-04T01:42:04,20.07033,-155.87607,8.2,334.2,511.0,AMERICAN CHALLENGER,IMO7420479,WDB2212,52,0,40,10,5.5,52,A
366873510,2024-05-04T01:43:13,20.07281,-155.87717,8.3,339.2,511.0,AMERICAN CHALLENGER,IMO7420479,WDB2212,52,0,40,10,5.5,52,A
366873510,2024-05-04T01:44:22,20.07502,-155.87852,8.1,322.8,511.0,AMERICAN CHALLENGER,IMO7420479,WDB2212,52,0,40,10,5.5,52,A
366873510,2024-05-04T01:45:52,20.07760,-155.88081,8.0,318.4,511.0,AMERICAN CHALLENGER,IMO7420479,WDB2212,52,0,40,10,5.5,52,A
366873510,2024-05-04T01:47:04,20.07966,-155.88266,8.0,320.6,511.0,AMERICAN CHALLENGER,IMO7420479,WDB2212,52,0,40,10,5.5,52,A
366873510,2024-05-04T01:48:12,20.08166,-155.88437,8.1,322.0,511.0,AMERICAN CHALLENGER,IMO7420479,WDB2212,52,0,40,10,5.5,52,A
366873510,2024-05-04T01:49:23,20.08393,-155.88588,8.4,331.5,511.0,AMERICAN CHALLENGER,IMO7420479,WDB2212,52,0,40,10,5.5,52,A
366873510,2024-05-04T01:50:42,20.08672,-155.88735,8.4,335.0,511.0,AMERICAN CHALLENGER,IMO7420479,WDB2212,52,0,40,10,5.5,52,A
366873510,2024-05-04T01:51:53,20.08921,-155.88855,8.4,335.0,511.0,AMERICAN CHALLENGER,IMO7420479,WDB2212,52,0,40,10,5.5,52,A
366873510,2024-05-04T01:53:04,20.09177,-155.88971,8.5,338.4,511.0,AMERICAN CHALLENGER,IMO7420479,WDB2212,52,0,40,10,5.5,52,A
368729000,2024-01-19T23:28:49,20.06021,-155.86714,9.3,306.0,303.0,USAV GEN B SOMERVELL,,AAEE,35,0,85,15,4.0,35,A
368729000,2024-01-19T23:29:57,20.06204,-155.86953,9.2,309.0,304.0,USAV GEN B SOMERVELL,,AAEE,35,0,85,15,4.0,35,A
368729000,2024-01-19T23:31:08,20.06401,-155.87202,8.7,315.0,308.0,USAV GEN B SOMERVELL,,AAEE,35,0,85,15,4.0,35,A
368729000,2024-01-19T23:32:17,20.06603,-155.87434,9.1,312.0,308.0,USAV GEN B SOMERVELL,,AAEE,35,0,85,15,4.0,35,A
368729000,2024-01-19T23:33:28,20.06810,-155.87663,9.0,313.0,312.0,USAV GEN B SOMERVELL,,AAEE,35,0,85,15,4.0,35,A
368729000,2024-01-19T23:34:38,20.07026,-155.87883,9.2,315.0,313.0,USAV GEN B SOMERVELL,,AAEE,35,0,85,15,4.0,35,A
368729000,2024-01-19T23:35:39,20.07212,-155.88076,9.4,315.0,312.0,USAV GEN B SOMERVELL,,AAEE,35,0,85,15,4.0,35,A
368729000,2024-01-19T23:36:49,20.07425,-155.88297,9.2,309.0,312.0,USAV GEN B SOMERVELL,,AAEE,35,0,85,15,4.0,35,A
368729000,2024-01-19T23:37:57,20.07637,-155.88504,9.4,320.0,315.0,USAV GEN B SOMERVELL,,AAEE,35,0,85,15,4.0,35,A
368729000,2024-01-19T23:39:09,20.07849,-155.88731,9.0,308.0,305.0,USAV GEN B SOMERVELL,,AAEE,35,0,85,15,4.0,35,A
368729000,2024-01-19T23:40:17,20.08028,-155.88966,8.8,307.0,305.0,USAV GEN B SOMERVELL,,AAEE,35,0,85,15,4.0,35,A
366339000,2024-05-07T07:43:38,20.06021,-155.87500,8.1,332.1,333.0,SAFARI EXPLORER,IMO8964654,WCY5674,60,0,45,12,2.4,60,A
366339000,2024-05-07T07:44:48,20.06248,-155.87636,8.0,330.0,331.0,SAFARI EXPLORER,IMO8964654,WCY5674,60,0,45,12,2.4,60,A
366339000,2024-05-07T07:45:58,20.06476,-155.87769,7.9,331.7,333.0,SAFARI EXPLORER,IMO8964654,WCY5674,60,0,45,12,2.4,60,A
366339000,2024-05-07T07:47:07,20.06701,-155.87896,8.0,331.2,332.0,SAFARI EXPLORER,IMO8964654,WCY5674,60,0,45,12,2.4,60,A
366339000,2024-05-07T07:48:17,20.06931,-155.88024,8.0,332.4,333.0,SAFARI EXPLORER,IMO8964654,WCY5674,60,0,45,12,2.4,60,A
366339000,2024-05-07T07:49:48,20.07233,-155.88186,8.0,333.6,332.0,SAFARI EXPLORER,IMO8964654,WCY5674,60,0,45,12,2.4,60,A
366339000,2024-05-07T07:50:49,20.07433,-155.88296,8.0,333.7,333.0,SAFARI EXPLORER,IMO8964654,WCY5674,60,0,45,12,2.4,60,A
366339000,2024-05-07T07:51:58,20.07668,-155.88415,8.0,333.5,331.0,SAFARI EXPLORER,IMO8964654,WCY5674,60,0,45,12,2.4,60,A
366339000,2024-05-07T07:53:08,20.07895,-155.88538,8.0,334.3,333.0,SAFARI EXPLORER,IMO8964654,WCY5674,60,0,45,12,2.4,60,A
366339000,2024-05-07T07:54:19,20.08134,-155.88651,7.9,336.3,333.0,SAFARI EXPLORER,IMO8964654,WCY5674,60,0,45,12,2.4,60,A
366339000,2024-05-07T07:55:27,20.08358,-155.88763,7.9,335.1,333.0,SAFARI EXPLORER,IMO8964654,WCY5674,60,0,45,12,2.4,60,A
366339000,2024-05-07T07:56:38,20.08593,-155.88877,7.9,335.3,332.0,SAFARI EXPLORER,IMO8964654,WCY5674,60,0,45,12,2.4,60,A
366339000,2024-05-07T07:57:49,20.08831,-155.88989,7.9,337.0,333.0,SAFARI EXPLORER,IMO8964654,WCY5674,60,0,45,12,2.4,60,A
366873510,2024-01-24T02:17:26,20.05866,-155.88330,7.8,313.7,511.0,AMERICAN CHALLENGER,IMO7420479,WDB2212,52,0,40,10,5.5,52,A
366873510,2024-01-24T02:18:37,20.06040,-155.88524,7.8,313.1,511.0,AMERICAN CHALLENGER,IMO7420479,WDB2212,52,0,40,10,5.5,52,A
366873510,2024-01-24T02:19:45,20.06212,-155.88719,7.7,312.9,511.0,AMERICAN CHALLENGER,IMO7420479,WDB2212,52,0,40,10,5.5,52,A
366873510,2024-01-24T02:20:55,20.06379,-155.88912,7.7,311.8,511.0,AMERICAN CHALLENGER,IMO7420479,WDB2212,52,0,40,10,5.5,52,A
367449870,2024-02-26T17:40:31,20.05884,-155.88206,7.2,310.3,310.0,BROOKE CHAPMAN,IMO9223875,WDI8453,32,0,34,12,4.7,31,A
367449870,2024-02-26T17:41:40,20.06039,-155.88407,7.3,309.8,310.0,BROOKE CHAPMAN,IMO9223875,WDI8453,32,0,34,12,4.7,31,A
367449870,2024-02-26T17:42:50,20.06190,-155.88603,7.3,308.7,310.0,BROOKE CHAPMAN,IMO9223875,WDI8453,32,0,34,12,4.7,31,A
367449870,2024-02-26T17:44:00,20.06342,-155.88795,7.3,309.6,310.0,BROOKE CHAPMAN,IMO9223875,WDI8453,32,0,34,12,4.7,31,A
367449870,2024-02-26T17:45:11,20.06498,-155.88991,7.4,310.1,310.0,BROOKE CHAPMAN,IMO9223875,WDI8453,32,0,34,12,4.7,31,A
366888830,2024-05-04T05:50:01,20.05957,-155.88033,7.6,298.6,292.0,KAHU,IMO7404114,WDJ3338,52,11,38,10,4.0,52,A
366888830,2024-05-04T05:51:10,20.06062,-155.88268,7.6,294.1,291.0,KAHU,IMO7404114,WDJ3338,52,11,38,10,4.0,52,A
366888830,2024-05-04T05:52:20,20.06167,-155.88507,7.6,295.0,292.0,KAHU,IMO7404114,WDJ3338,52,11,38,10,4.0,52,A
366888830,2024-05-04T05:53:31,20.06273,-155.88743,7.8,295.1,291.0,KAHU,IMO7404114,WDJ3338,52,11,38,10,4.0,52,A
366888830,2024-05-04T05:54:40,20.06375,-155.88982,7.8,294.9,291.0,KAHU,IMO7404114,WDJ3338,52,11,38,10,4.0,52,A
366888830,2024-02-20T15:44:16,20.06862,-155.88918,6.4,119.1,113.0,KAHU,IMO7404114,WDJ3338,52,11,38,10,4.0,52,A
366888830,2024-02-20T15:45:26,20.06758,-155.88723,6.4,119.1,114.0,KAHU,IMO7404114,WDJ3338,52,11,38,10,4.0,52,A
366888830,2024-02-20T15:46:37,20.06653,-155.88528,6.4,120.5,115.0,KAHU,IMO7404114,WDJ3338,52,11,38,10,4.0,52,A
366888830,2024-02-20T15:47:46,20.06547,-155.88333,6.4,120.3,114.0,KAHU,IMO7404114,WDJ3338,52,11,38,10,4.0,52,A
366888830,2024-02-20T15:48:55,20.06442,-155.88142,6.6,118.2,114.0,KAHU,IMO7404114,WDJ3338,52,11,38,10,4.0,52,A
366888830,2024-02-20T15:49:57,20.06352,-155.87970,6.6,119.3,115.0,KAHU,IMO7404114,WDJ3338,52,11,38,10,4.0,52,A
366888830,2024-02-20T15:51:07,20.06248,-155.87773,6.6,120.1,114.0,KAHU,IMO7404114,WDJ3338,52,11,38,10,4.0,52,A
366888830,2024-02-20T15:52:16,20.06145,-155.87582,6.6,120.7,114.0,KAHU,IMO7404114,WDJ3338,52,11,38,10,4.0,52,A
366888830,2024-02-20T15:53:26,20.06038,-155.87382,6.6,120.4,114.0,KAHU,IMO7404114,WDJ3338,52,11,38,10,4.0,52,A
366888830,2024-02-20T15:54:37,20.05930,-155.87188,6.6,120.7,115.0,KAHU,IMO7404114,WDJ3338,52,11,38,10,4.0,52,A
338033000,2024-02-06T16:59:26,20.06855,-155.88990,4.3,118.7,121.0,KAPENA GEORGE PANUI,IMO9816878,WDK6281,31,11,37,11,6.0,31,A
338033000,2024-02-06T17:00:08,20.06810,-155.88910,4.3,120.9,121.0,KAPENA GEORGE PANUI,IMO9816878,WDK6281,31,11,37,11,6.0,31,A
338033000,2024-02-06T17:01:18,20.06737,-155.88782,4.2,120.8,122.0,KAPENA GEORGE PANUI,IMO9816878,WDK6281,31,11,37,11,6.0,31,A
338033000,2024-02-06T17:02:20,20.06677,-155.88671,4.1,119.5,121.0,KAPENA GEORGE PANUI,IMO9816878,WDK6281,31,11,37,11,6.0,31,A
338033000,2024-02-06T17:03:28,20.06611,-155.88546,4.2,120.0,120.0,KAPENA GEORGE PANUI,IMO9816878,WDK6281,31,11,37,11,6.0,31,A
338033000,2024-02-06T17:04:37,20.06548,-155.88426,4.1,119.5,120.0,KAPENA GEORGE PANUI,IMO9816878,WDK6281,31,11,37,11,6.0,31,A
338033000,2024-02-06T17:05:47,20.06485,-155.88303,4.1,118.5,119.0,KAPENA GEORGE PANUI,IMO9816878,WDK6281,31,11,37,11,6.0,31,A
338033000,2024-02-06T17:06:58,20.06415,-155.88176,4.2,120.4,119.0,KAPENA GEORGE PANUI,IMO9816878,WDK6281,31,11,37,11,6.0,31,A
338033000,2024-02-06T17:08:07,20.06348,-155.88052,4.0,120.4,120.0,KAPENA GEORGE PANUI,IMO9816878,WDK6281,31,11,37,11,6.0,31,A
338033000,2024-02-06T17:09:18,20.06284,-155.87933,3.9,116.2,119.0,KAPENA GEORGE PANUI,IMO9816878,WDK6281,31,11,37,11,6.0,31,A
338033000,2024-02-06T17:10:28,20.06216,-155.87811,4.1,119.5,118.0,KAPENA GEORGE PANUI,IMO9816878,WDK6281,31,11,37,11,6.0,31,A
338033000,2024-02-06T17:11:37,20.06155,-155.87688,4.0,117.2,116.0,KAPENA GEORGE PANUI,IMO9816878,WDK6281,31,11,37,11,6.0,31,A
338033000,2024-02-06T17:12:46,20.06092,-155.87561,4.2,117.9,118.0,KAPENA GEORGE PANUI,IMO9816878,WDK6281,31,11,37,11,6.0,31,A
338033000,2024-02-06T17:13:47,20.06036,-155.87453,4.1,119.4,119.0,KAPENA GEORGE PANUI,IMO9816878,WDK6281,31,11,37,11,6.0,31,A
338033000,2024-02-06T17:14:58,20.05966,-155.87314,4.4,117.1,118.0,KAPENA GEORGE PANUI,IMO9816878,WDK6281,31,11,37,11,6.0,31,A
338033000,2024-02-06T17:16:07,20.05900,-155.87184,4.4,118.9,118.0,KAPENA GEORGE PANUI,IMO9816878,WDK6281,31,11,37,11,6.0,31,A
338033000,2024-03-12T15:01:08,20.06935,-155.88990,6.5,121.7,121.0,KAPENA GEORGE PANUI,IMO9816878,WDK6281,31,11,37,11,6.0,31,A
338033000,2024-03-12T15:02:16,20.06825,-155.88805,6.5,121.9,121.0,KAPENA GEORGE PANUI,IMO9816878,WDK6281,31,11,37,11,6.0,31,A
338033000,2024-03-12T15:03:27,20.06710,-155.88610,6.6,121.5,121.0,KAPENA GEORGE PANUI,IMO9816878,WDK6281,31,11,37,11,6.0,31,A
338033000,2024-03-12T15:04:37,20.06598,-155.88415,6.6,120.9,120.0,KAPENA GEORGE PANUI,IMO9816878,WDK6281,31,11,37,11,6.0,31,A
338033000,2024-03-12T15:05:46,20.06488,-155.88224,6.6,121.6,120.0,KAPENA GEORGE PANUI,IMO9816878,WDK6281,31,11,37,11,6.0,31,A
338033000,2024-03-12T15:06:56,20.06379,-155.88031,6.5,120.0,120.0,KAPENA GEORGE PANUI,IMO9816878,WDK6281,31,11,37,11,6.0,31,A
338033000,2024-03-12T15:08:07,20.06270,-155.87833,6.4,119.9,119.0,KAPENA GEORGE PANUI,IMO9816878,WDK6281,31,11,37,11,6.0,31,A
338033000,2024-03-12T15:09:15,20.06172,-155.87646,6.4,118.7,118.0,KAPENA GEORGE PANUI,IMO9816878,WDK6281,31,11,37,11,6.0,31,A
338033000,2024-03-12T15:10:27,20.06071,-155.87447,6.4,118.7,119.0,KAPENA GEORGE PANUI,IMO9816878,WDK6281,31,11,37,11,6.0,31,A
338033000,2024-03-12T15:11:32,20.05973,-155.87267,6.4,120.4,119.0,KAPENA GEORGE PANUI,IMO9816878,WDK6281,31,11,37,11,6.0,31,A
338033000,2024-03-12T15:12:37,20.05877,-155.87088,6.4,119.9,120.0,KAPENA GEORGE PANUI,IMO9816878,WDK6281,31,11,37,11,6.0,31,A
338033000,2024-03-13T07:28:19,20.05972,-155.88278,10.7,304.4,301.0,KAPENA GEORGE PANUI,IMO9816878,WDK6281,31,5,37,11,6.0,31,A
338033000,2024-03-13T07:29:29,20.06170,-155.88587,10.8,304.7,302.0,KAPENA GEORGE PANUI,IMO9816878,WDK6281,31,5,37,11,6.0,31,A
338033000,2024-03-13T07:30:38,20.06367,-155.88892,10.8,304.3,302.0,KAPENA GEORGE PANUI,IMO9816878,WDK6281,31,5,37,11,6.0,31,A
366888830,2024-03-26T15:51:03,20.06645,-155.88868,7.8,119.3,117.0,KAHU,IMO7404114,WDJ3338,52,11,38,10,4.0,52,A
366888830,2024-03-26T15:52:14,20.06510,-155.88603,8.9,116.9,118.0,KAHU,IMO7404114,WDJ3338,52,11,38,10,4.0,52,A
366888830,2024-03-26T15:53:24,20.06370,-155.88335,8.9,118.7,118.0,KAHU,IMO7404114,WDJ3338,52,11,38,10,4.0,52,A
366888830,2024-03-26T15:54:35,20.06225,-155.88055,9.3,118.1,119.0,KAHU,IMO7404114,WDJ3338,52,11,38,10,4.0,52,A
366888830,2024-03-26T15:55:44,20.06080,-155.87778,9.3,118.7,118.0,KAHU,IMO7404114,WDJ3338,52,11,38,10,4.0,52,A
366888830,2024-03-26T15:56:55,20.05932,-155.87500,9.1,117.7,118.0,KAHU,IMO7404114,WDJ3338,52,11,38,10,4.0,52,A
366888830,2024-05-07T15:33:11,20.07095,-155.88952,3.5,122.9,123.0,KAHU,IMO7404114,WDJ3338,52,11,38,10,4.0,52,A
366888830,2024-05-07T15:34:20,20.07033,-155.88850,3.7,125.8,123.0,KAHU,IMO7404114,WDJ3338,52,11,38,10,4.0,52,A
366888830,2024-05-07T15:35:30,20.06962,-155.88737,4.1,123.0,123.0,KAHU,IMO7404114,WDJ3338,52,11,38,10,4.0,52,A
366888830,2024-05-07T15:36:41,20.06887,-155.88615,4.1,120.3,123.0,KAHU,IMO7404114,WDJ3338,52,11,38,10,4.0,52,A
366888830,2024-05-07T15:37:49,20.06815,-155.88498,4.3,119.9,122.0,KAHU,IMO7404114,WDJ3338,52,11,38,10,4.0,52,A
366888830,2024-05-07T15:39:01,20.06742,-155.88373,4.3,121.6,122.0,KAHU,IMO7404114,WDJ3338,52,11,38,10,4.0,52,A
366888830,2024-05-07T15:40:10,20.06670,-155.88250,4.3,124.7,122.0,KAHU,IMO7404114,WDJ3338,52,11,38,10,4.0,52,A
366888830,2024-05-07T15:41:19,20.06597,-155.88128,4.3,122.5,121.0,KAHU,IMO7404114,WDJ3338,52,11,38,10,4.0,52,A
366888830,2024-05-07T15:42:20,20.06532,-155.88018,4.3,124.0,121.0,KAHU,IMO7404114,WDJ3338,52,11,38,10,4.0,52,A
366888830,2024-05-07T15:43:30,20.06458,-155.87893,4.3,120.1,121.0,KAHU,IMO7404114,WDJ3338,52,11,38,10,4.0,52,A
366888830,2024-05-07T15:44:40,20.06383,-155.87767,4.3,116.7,121.0,KAHU,IMO7404114,WDJ3338,52,11,38,10,4.0,52,A
366888830,2024-05-07T15:45:50,20.06312,-155.87643,4.3,121.5,122.0,KAHU,IMO7404114,WDJ3338,52,11,38,10,4.0,52,A
366888830,2024-05-07T15:47:01,20.06238,-155.87515,4.3,120.3,122.0,KAHU,IMO7404114,WDJ3338,52,11,38,10,4.0,52,A
366888830,2024-05-07T15:48:10,20.06165,-155.87392,4.3,122.9,121.0,KAHU,IMO7404114,WDJ3338,52,11,38,10,4.0,52,A
366888830,2024-05-07T15:49:20,20.06093,-155.87265,4.3,122.0,122.0,KAHU,IMO7404114,WDJ3338,52,11,38,10,4.0,52,A
366888830,2024-05-07T15:50:29,20.06022,-155.87140,4.3,120.6,121.0,KAHU,IMO7404114,WDJ3338,52,11,38,10,4.0,52,A
366888830,2024-05-07T15:51:40,20.05947,-155.87013,4.3,120.6,122.0,KAHU,IMO7404114,WDJ3338,52,11,38,10,4.0,52,A
366888830,2024-05-07T15:52:51,20.05873,-155.86887,4.3,121.0,121.0,KAHU,IMO7404114,WDJ3338,52,11,38,10,4.0,52,A
338033000,2024-01-06T05:25:01,20.05922,-155.87772,10.4,312.6,310.0,KAPENA GEORGE PANUI,IMO9816878,WDK6281,31,11,37,11,6.0,31,A
338033000,2024-01-06T05:26:02,20.06115,-155.88004,10.3,311.8,310.0,KAPENA GEORGE PANUI,IMO9816878,WDK6281,31,11,37,11,6.0,31,A
338033000,2024-01-06T05:27:12,20.06342,-155.88272,10.3,312.3,311.0,KAPENA GEORGE PANUI,IMO9816878,WDK6281,31,11,37,11,6.0,31,A
338033000,2024-01-06T05:28:32,20.06601,-155.88571,10.2,313.1,311.0,KAPENA GEORGE PANUI,IMO9816878,WDK6281,31,11,37,11,6.0,31,A
338033000,2024-01-06T05:29:41,20.06825,-155.88830,10.2,312.6,311.0,KAPENA GEORGE PANUI,IMO9816878,WDK6281,31,11,37,11,6.0,31,A
367449870,2024-02-05T17:22:13,20.06924,-155.88842,6.7,126.5,130.0,BROOKE CHAPMAN,IMO9223875,WDI8453,32,0,34,12,4.7,32,A
367449870,2024-02-05T17:23:23,20.06792,-155.88655,6.8,126.9,130.0,BROOKE CHAPMAN,IMO9223875,WDI8453,32,0,34,12,4.7,32,A
367449870,2024-02-05T17:24:34,20.06656,-155.88466,6.8,126.8,130.0,BROOKE CHAPMAN,IMO9223875,WDI8453,32,0,34,12,4.7,32,A
367449870,2024-02-05T17:25:44,20.06522,-155.88281,6.8,124.0,124.0,BROOKE CHAPMAN,IMO9223875,WDI8453,32,0,34,12,4.7,32,A
367449870,2024-02-05T17:26:52,20.06412,-155.88093,6.7,120.4,121.0,BROOKE CHAPMAN,IMO9223875,WDI8453,32,0,34,12,4.7,32,A
367449870,2024-02-05T17:27:54,20.06316,-155.87917,6.5,119.8,121.0,BROOKE CHAPMAN,IMO9223875,WDI8453,32,0,34,12,4.7,32,A
367449870,2024-02-05T17:29:04,20.06211,-155.87725,6.4,120.2,119.0,BROOKE CHAPMAN,IMO9223875,WDI8453,32,0,34,12,4.7,32,A
367449870,2024-02-05T17:30:13,20.06112,-155.87539,6.1,119.4,119.0,BROOKE CHAPMAN,IMO9223875,WDI8453,32,0,34,12,4.7,32,A
367449870,2024-02-05T17:32:34,20.05913,-155.87171,6.0,120.4,119.0,BROOKE CHAPMAN,IMO9223875,WDI8453,32,0,34,12,4.7,32,A
338033000,2024-02-27T17:44:39,20.06804,-155.88920,8.1,123.4,124.0,KAPENA GEORGE PANUI,IMO9816878,WDK6281,31,11,37,11,6.0,31,A
338033000,2024-02-27T17:45:46,20.06669,-155.88700,7.5,122.1,123.0,KAPENA GEORGE PANUI,IMO9816878,WDK6281,31,11,37,11,6.0,31,A
338033000,2024-02-27T17:46:49,20.06554,-155.88509,7.2,121.9,124.0,KAPENA GEORGE PANUI,IMO9816878,WDK6281,31,11,37,11,6.0,31,A
338033000,2024-02-27T17:47:56,20.06441,-155.88313,6.8,121.1,123.0,KAPENA GEORGE PANUI,IMO9816878,WDK6281,31,11,37,11,6.0,31,A
338033000,2024-02-27T17:49:06,20.06325,-155.88115,6.7,122.2,124.0,KAPENA GEORGE PANUI,IMO9816878,WDK6281,31,11,37,11,6.0,31,A
338033000,2024-02-27T17:50:08,20.06222,-155.87941,6.6,122.1,124.0,KAPENA GEORGE PANUI,IMO9816878,WDK6281,31,11,37,11,6.0,31,A
338033000,2024-02-27T17:51:18,20.06107,-155.87748,6.6,121.9,124.0,KAPENA GEORGE PANUI,IMO9816878,WDK6281,31,11,37,11,6.0,31,A
338033000,2024-02-27T17:52:25,20.05993,-155.87562,6.6,122.5,123.0,KAPENA GEORGE PANUI,IMO9816878,WDK6281,31,11,37,11,6.0,31,A
338033000,2024-02-27T17:53:38,20.05883,-155.87369,6.0,122.9,123.0,KAPENA GEORGE PANUI,IMO9816878,WDK6281,31,11,37,11,6.0,31,A
366888830,2024-03-27T05:38:23,20.05877,-155.87713,10.1,300.1,301.0,KAHU,IMO7404114,WDJ3338,52,11,38,10,4.0,52,A
366888830,2024-03-27T05:39:33,20.06048,-155.87995,9.7,303.5,302.0,KAHU,IMO7404114,WDJ3338,52,11,38,10,4.0,52,A
366888830,2024-03-27T05:40:43,20.06218,-155.88273,9.9,301.9,301.0,KAHU,IMO7404114,WDJ3338,52,11,38,10,4.0,52,A
366888830,2024-03-27T05:41:52,20.06385,-155.88553,9.7,301.7,301.0,KAHU,IMO7404114,WDJ3338,52,11,38,10,4.0,52,A
366888830,2024-03-27T05:43:02,20.06557,-155.88837,9.9,302.1,302.0,KAHU,IMO7404114,WDJ3338,52,11,38,10,4.0,52,A
338033000,2024-01-24T07:37:30,20.06026,-155.87655,10.2,307.9,308.0,KAPENA GEORGE PANUI,IMO9816878,WDK6281,31,11,37,11,6.0,31,A
338033000,2024-01-24T07:38:36,20.06220,-155.87917,10.2,308.1,308.0,KAPENA GEORGE PANUI,IMO9816878,WDK6281,31,11,37,11,6.0,31,A
338033000,2024-01-24T07:39:39,20.06407,-155.88167,10.2,308.3,309.0,KAPENA GEORGE PANUI,IMO9816878,WDK6281,31,11,37,11,6.0,31,A
338033000,2024-01-24T07:40:41,20.06599,-155.88404,10.2,310.0,312.0,KAPENA GEORGE PANUI,IMO9816878,WDK6281,31,11,37,11,6.0,31,A
338033000,2024-01-24T07:41:43,20.06800,-155.88634,10.2,313.0,313.0,KAPENA GEORGE PANUI,IMO9816878,WDK6281,31,11,37,11,6.0,31,A
338033000,2024-01-24T07:42:51,20.07026,-155.88883,10.2,315.7,314.0,KAPENA GEORGE PANUI,IMO9816878,WDK6281,31,11,37,11,6.0,31,A
367449870,2024-02-06T14:54:43,20.05944,-155.88293,7.7,313.2,314.0,BROOKE CHAPMAN,IMO9223875,WDI8453,32,0,34,12,4.7,32,A
367449870,2024-02-06T14:55:53,20.06116,-155.88490,7.7,313.5,313.0,BROOKE CHAPMAN,IMO9223875,WDI8453,32,0,34,12,4.7,32,A
367449870,2024-02-06T14:57:03,20.06286,-155.88684,7.7,312.3,313.0,BROOKE CHAPMAN,IMO9223875,WDI8453,32,0,34,12,4.7,32,A
367449870,2024-02-06T14:58:13,20.06455,-155.88874,7.7,312.9,313.0,BROOKE CHAPMAN,IMO9223875,WDI8453,32,0,34,12,4.7,32,A
367449870,2024-03-09T09:32:38,20.06773,-155.88881,8.5,119.0,121.0,BROOKE CHAPMAN,IMO9223875,WDI8453,32,0,34,12,4.7,31,A
367449870,2024-03-09T09:33:48,20.06633,-155.88625,8.5,120.3,122.0,BROOKE CHAPMAN,IMO9223875,WDI8453,32,0,34,12,4.7,31,A
367449870,2024-03-09T09:34:57,20.06503,-155.88389,5.7,120.8,123.0,BROOKE CHAPMAN,IMO9223875,WDI8453,32,0,34,12,4.7,31,A
367449870,2024-03-09T09:36:07,20.06434,-155.88262,3.8,119.4,122.0,BROOKE CHAPMAN,IMO9223875,WDI8453,32,0,34,12,4.7,31,A
367449870,2024-03-09T09:37:19,20.06368,-155.88146,3.9,120.6,123.0,BROOKE CHAPMAN,IMO9223875,WDI8453,32,0,34,12,4.7,31,A
367449870,2024-03-09T09:38:28,20.06306,-155.88033,3.7,120.3,121.0,BROOKE CHAPMAN,IMO9223875,WDI8453,32,0,34,12,4.7,31,A
367449870,2024-03-09T09:39:38,20.06252,-155.87930,3.2,117.2,120.0,BROOKE CHAPMAN,IMO9223875,WDI8453,32,0,34,12,4.7,31,A
367449870,2024-03-09T09:40:47,20.06202,-155.87831,3.1,116.4,120.0,BROOKE CHAPMAN,IMO9223875,WDI8453,32,0,34,12,4.7,31,A
367449870,2024-03-09T09:41:48,20.06166,-155.87744,3.2,115.2,120.0,BROOKE CHAPMAN,IMO9223875,WDI8453,32,0,34,12,4.7,31,A
367449870,2024-03-09T09:42:57,20.06120,-155.87648,3.2,115.9,120.0,BROOKE CHAPMAN,IMO9223875,WDI8453,32,0,34,12,4.7,31,A
367449870,2024-03-09T09:44:08,20.06071,-155.87548,3.3,117.4,120.0,BROOKE CHAPMAN,IMO9223875,WDI8453,32,0,34,12,4.7,31,A
367449870,2024-03-09T09:45:19,20.06024,-155.87444,3.2,117.5,121.0,BROOKE CHAPMAN,IMO9223875,WDI8453,32,0,34,12,4.7,31,A
367449870,2024-03-09T09:46:29,20.05964,-155.87329,5.1,120.9,121.0,BROOKE CHAPMAN,IMO9223875,WDI8453,32,0,34,12,4.7,31,A
367449870,2024-03-09T09:47:38,20.05884,-155.87190,4.8,120.0,121.0,BROOKE CHAPMAN,IMO9223875,WDI8453,32,0,34,12,4.7,31,A
338033000,2024-01-03T05:19:48,20.05947,-155.88356,8.6,314.7,312.0,KAPENA GEORGE PANUI,IMO9816878,WDK6281,31,5,37,11,6.0,31,A
338033000,2024-01-03T05:20:58,20.06145,-155.88568,8.5,313.9,312.0,KAPENA GEORGE PANUI,IMO9816878,WDK6281,31,5,37,11,6.0,31,A
338033000,2024-01-03T05:22:08,20.06342,-155.88782,8.6,314.3,312.0,KAPENA GEORGE PANUI,IMO9816878,WDK6281,31,5,37,11,6.0,31,A
338033000,2024-01-03T05:23:19,20.06542,-155.88997,8.6,315.0,313.0,KAPENA GEORGE PANUI,IMO9816878,WDK6281,31,5,37,11,6.0,31,A
338033000,2024-01-23T14:45:28,20.06880,-155.88975,7.4,119.7,119.0,KAPENA GEORGE PANUI,IMO9816878,WDK6281,31,11,37,11,6.0,31,A
338033000,2024-01-23T14:46:37,20.06767,-155.88767,7.4,119.1,119.0,KAPENA GEORGE PANUI,IMO9816878,WDK6281,31,11,37,11,6.0,31,A
338033000,2024-01-23T14:47:41,20.06667,-155.88587,5.8,120.1,118.0,KAPENA GEORGE PANUI,IMO9816878,WDK6281,31,11,37,11,6.0,31,A
338033000,2024-01-23T14:48:43,20.06586,-155.88438,5.6,119.3,118.0,KAPENA GEORGE PANUI,IMO9816878,WDK6281,31,11,37,11,6.0,31,A
338033000,2024-01-23T14:49:45,20.06512,-155.88296,5.1,118.2,119.0,KAPENA GEORGE PANUI,IMO9816878,WDK6281,31,11,37,11,6.0,31,A
338033000,2024-01-23T14:50:58,20.06426,-155.88136,5.1,118.5,118.0,KAPENA GEORGE PANUI,IMO9816878,WDK6281,31,11,37,11,6.0,31,A
338033000,2024-01-23T14:52:03,20.06352,-155.87990,5.0,117.3,119.0,KAPENA GEORGE PANUI,IMO9816878,WDK6281,31,11,37,11,6.0,31,A
338033000,2024-01-23T14:53:08,20.06277,-155.87850,5.1,118.3,119.0,KAPENA GEORGE PANUI,IMO9816878,WDK6281,31,11,37,11,6.0,31,A
338033000,2024-01-23T14:54:18,20.06201,-155.87702,4.7,117.1,119.0,KAPENA GEORGE PANUI,IMO9816878,WDK6281,31,11,37,11,6.0,31,A
338033000,2024-01-23T14:55:29,20.06126,-155.87556,4.7,118.2,119.0,KAPENA GEORGE PANUI,IMO9816878,WDK6281,31,11,37,11,6.0,31,A
338033000,2024-01-23T14:56:35,20.06058,-155.87425,4.6,118.8,120.0,KAPENA GEORGE PANUI,IMO9816878,WDK6281,31,11,37,11,6.0,31,A
338033000,2024-01-23T14:57:38,20.05993,-155.87300,4.7,118.9,119.0,KAPENA GEORGE PANUI,IMO9816878,WDK6281,31,11,37,11,6.0,31,A
338033000,2024-01-23T14:58:40,20.05930,-155.87181,4.5,119.4,121.0,KAPENA GEORGE PANUI,IMO9816878,WDK6281,31,11,37,11,6.0,31,A
338033000,2024-01-23T14:59:43,20.05863,-155.87054,4.7,119.4,119.0,KAPENA GEORGE PANUI,IMO9816878,WDK6281,31,11,37,11,6.0,31,A
338033000,2024-03-15T14:51:39,20.06880,-155.89007,5.1,118.7,121.0,KAPENA GEORGE PANUI,IMO9816878,WDK6281,31,11,37,11,6.0,31,A
338033000,2024-03-15T14:52:49,20.06800,-155.88852,5.1,118.6,121.0,KAPENA GEORGE PANUI,IMO9816878,WDK6281,31,11,37,11,6.0,31,A
338033000,2024-03-15T14:53:59,20.06719,-155.88699,5.1,119.6,121.0,KAPENA GEORGE PANUI,IMO9816878,WDK6281,31,11,37,11,6.0,31,A
338033000,2024-03-15T14:55:08,20.06638,-155.88547,5.1,119.7,121.0,KAPENA GEORGE PANUI,IMO9816878,WDK6281,31,11,37,11,6.0,31,A
338033000,2024-03-15T14:56:19,20.06559,-155.88398,4.8,119.7,121.0,KAPENA GEORGE PANUI,IMO9816878,WDK6281,31,11,37,11,6.0,31,A
338033000,2024-03-15T14:57:28,20.06482,-155.88254,4.9,120.1,121.0,KAPENA GEORGE PANUI,IMO9816878,WDK6281,31,11,37,11,6.0,31,A
338033000,2024-03-15T14:58:39,20.06403,-155.88108,4.9,120.3,120.0,KAPENA GEORGE PANUI,IMO9816878,WDK6281,31,11,37,11,6.0,31,A
338033000,2024-03-15T14:59:48,20.06323,-155.87958,4.9,119.0,120.0,KAPENA GEORGE PANUI,IMO9816878,WDK6281,31,11,37,11,6.0,31,A
338033000,2024-03-15T15:00:02,20.06306,-155.87929,4.9,119.2,120.0,KAPENA GEORGE PANUI,IMO9816878,WDK6281,31,11,37,11,6.0,31,A
338033000,2024-03-15T15:01:08,20.06231,-155.87792,4.9,119.7,120.0,KAPENA GEORGE PANUI,IMO9816878,WDK6281,31,11,37,11,6.0,31,A
338033000,2024-03-15T15:02:19,20.06150,-155.87643,4.9,119.6,120.0,KAPENA GEORGE PANUI,IMO9816878,WDK6281,31,11,37,11,6.0,31,A
338033000,2024-03-15T15:03:28,20.06071,-155.87499,4.9,120.1,120.0,KAPENA GEORGE PANUI,IMO9816878,WDK6281,31,11,37,11,6.0,31,A
338033000,2024-03-15T15:04:29,20.06000,-155.87372,4.9,119.4,121.0,KAPENA GEORGE PANUI,IMO9816878,WDK6281,31,11,37,11,6.0,31,A
338033000,2024-03-15T15:05:38,20.05921,-155.87226,5.0,119.0,120.0,KAPENA GEORGE PANUI,IMO9816878,WDK6281,31,11,37,11,6.0,31,A
366888830,2024-02-27T20:44:17,20.06790,-155.88950,5.8,120.7,123.0,KAHU,IMO7404114,WDJ3338,52,11,38,10,4.0,52,A
366888830,2024-02-27T20:45:20,20.06700,-155.88792,5.8,123.9,123.0,KAHU,IMO7404114,WDJ3338,52,11,38,10,4.0,52,A
366888830,2024-02-27T20:46:21,20.06615,-155.88640,5.8,124.4,123.0,KAHU,IMO7404114,WDJ3338,52,11,38,10,4.0,52,A
366888830,2024-02-27T20:47:30,20.06515,-155.88468,6.0,122.5,122.0,KAHU,IMO7404114,WDJ3338,52,11,38,10,4.0,52,A
366888830,2024-02-27T20:48:40,20.06413,-155.88293,6.0,120.1,123.0,KAHU,IMO7404114,WDJ3338,52,11,38,10,4.0,52,A
366888830,2024-02-27T20:50:01,20.06295,-155.88093,6.0,121.0,123.0,KAHU,IMO7404114,WDJ3338,52,11,38,10,4.0,52,A
366888830,2024-02-27T20:51:11,20.06190,-155.87917,6.0,121.3,122.0,KAHU,IMO7404114,WDJ3338,52,11,38,10,4.0,52,A
366888830,2024-02-27T20:52:20,20.06092,-155.87738,6.0,119.1,119.0,KAHU,IMO7404114,WDJ3338,52,11,38,10,4.0,52,A
366888830,2024-02-27T20:53:30,20.05998,-155.87555,6.0,118.5,119.0,KAHU,IMO7404114,WDJ3338,52,11,38,10,4.0,52,A
366888830,2024-02-27T20:54:40,20.05903,-155.87370,6.2,119.8,119.0,KAHU,IMO7404114,WDJ3338,52,11,38,10,4.0,52,A
367449870,2024-02-26T03:53:42,20.07048,-155.88981,7.4,121.2,121.0,BROOKE CHAPMAN,IMO9223875,WDI8453,32,0,34,12,4.7,31,A
367449870,2024-02-26T03:54:52,20.06922,-155.88763,7.4,121.7,121.0,BROOKE CHAPMAN,IMO9223875,WDI8453,32,0,34,12,4.7,31,A
367449870,2024-02-26T03:55:53,20.06814,-155.88571,7.4,121.6,122.0,BROOKE CHAPMAN,IMO9223875,WDI8453,32,0,34,12,4.7,31,A
367449870,2024-02-26T03:57:03,20.06683,-155.88354,7.5,121.9,122.0,BROOKE CHAPMAN,IMO9223875,WDI8453,32,0,34,12,4.7,31,A
367449870,2024-02-26T03:58:13,20.06554,-155.88135,7.5,121.4,122.0,BROOKE CHAPMAN,IMO9223875,WDI8453,32,0,34,12,4.7,31,A
367449870,2024-02-26T03:59:22,20.06427,-155.87917,7.5,121.0,122.0,BROOKE CHAPMAN,IMO9223875,WDI8453,32,0,34,12,4.7,31,A
367449870,2024-02-26T04:00:03,20.06355,-155.87785,7.6,120.9,124.0,BROOKE CHAPMAN,IMO9223875,WDI8453,32,0,34,12,4.7,31,A
367449870,2024-02-26T04:01:13,20.06216,-155.87570,7.6,127.9,130.0,BROOKE CHAPMAN,IMO9223875,WDI8453,32,0,34,12,4.7,31,A
367449870,2024-02-26T04:02:22,20.06074,-155.87386,6.6,130.2,133.0,BROOKE CHAPMAN,IMO9223875,WDI8453,32,0,34,12,4.7,31,A
367449870,2024-02-26T04:03:33,20.05969,-155.87251,3.3,123.5,126.0,BROOKE CHAPMAN,IMO9223875,WDI8453,32,0,34,12,4.7,31,A
367449870,2024-02-26T04:04:44,20.05909,-155.87146,3.5,119.5,125.0,BROOKE CHAPMAN,IMO9223875,WDI8453,32,0,34,12,4.7,31,A
366888830,2024-02-28T09:20:11,20.05868,-155.87398,10.5,304.6,303.0,KAHU,IMO7404114,WDJ3338,52,11,38,10,4.0,52,A
366888830,2024-02-28T09:21:21,20.06053,-155.87698,10.5,302.2,302.0,KAHU,IMO7404114,WDJ3338,52,11,38,10,4.0,52,A
366888830,2024-02-28T09:22:33,20.06242,-155.88007,10.5,301.7,301.0,KAHU,IMO7404114,WDJ3338,52,11,38,10,4.0,52,A
366888830,2024-02-28T09:23:52,20.06445,-155.88355,10.7,300.9,300.0,KAHU,IMO7404114,WDJ3338,52,11,38,10,4.0,52,A
366888830,2024-02-28T09:25:02,20.06627,-155.88665,10.5,302.4,301.0,KAHU,IMO7404114,WDJ3338,52,11,38,10,4.0,52,A
366888830,2024-02-28T09:26:11,20.06810,-155.88975,10.7,302.6,300.0,KAHU,IMO7404114,WDJ3338,52,11,38,10,4.0,52,A
367449870,2024-01-12T02:30:18,20.06358,-155.88845,6.9,120.8,119.0,BROOKE CHAPMAN,IMO9223875,WDI8453,32,0,34,12,4.7,32,A
367449870,2024-01-12T02:32:48,20.06112,-155.88409,6.9,119.9,119.0,BROOKE CHAPMAN,IMO9223875,WDI8453,32,0,34,12,4.7,32,A
367449870,2024-01-12T02:33:58,20.05999,-155.88199,6.9,121.0,118.0,BROOKE CHAPMAN,IMO9223875,WDI8453,32,0,34,12,4.7,32,A
367449870,2024-01-12T02:35:06,20.05896,-155.88000,6.8,119.0,119.0,BROOKE CHAPMAN,IMO9223875,WDI8453,32,0,34,12,4.7,32,A
338033000,2024-01-05T14:43:54,20.06814,-155.88969,8.4,131.8,129.0,KAPENA GEORGE PANUI,IMO9816878,WDK6281,31,11,37,11,6.0,31,A
338033000,2024-01-05T14:44:58,20.06659,-155.88751,8.6,127.0,126.0,KAPENA GEORGE PANUI,IMO9816878,WDK6281,31,11,37,11,6.0,31,A
338033000,2024-01-05T14:46:02,20.06509,-155.88531,8.6,125.7,126.0,KAPENA GEORGE PANUI,IMO9816878,WDK6281,31,11,37,11,6.0,31,A
338033000,2024-01-05T14:47:12,20.06347,-155.88299,8.3,128.0,124.0,KAPENA GEORGE PANUI,IMO9816878,WDK6281,31,11,37,11,6.0,31,A
338033000,2024-01-05T14:48:13,20.06218,-155.88085,7.8,122.9,120.0,KAPENA GEORGE PANUI,IMO9816878,WDK6281,31,11,37,11,6.0,31,A
338033000,2024-01-05T14:49:22,20.06101,-155.87882,6.8,123.2,120.0,KAPENA GEORGE PANUI,IMO9816878,WDK6281,31,11,37,11,6.0,31,A
338033000,2024-01-05T14:50:32,20.05994,-155.87687,6.2,119.9,116.0,KAPENA GEORGE PANUI,IMO9816878,WDK6281,31,11,37,11,6.0,31,A
338033000,2024-01-05T14:51:42,20.05901,-155.87502,5.9,119.0,116.0,KAPENA GEORGE PANUI,IMO9816878,WDK6281,31,11,37,11,6.0,31,A
366888830,2024-03-01T20:46:31,20.06665,-155.88818,7.4,118.1,122.0,KAHU,IMO7404114,WDJ3338,52,11,38,10,4.0,52,A
366888830,2024-03-01T20:47:35,20.06557,-155.88612,7.4,118.5,122.0,KAHU,IMO7404114,WDJ3338,52,11,38,10,4.0,52,A
366888830,2024-03-01T20:48:38,20.06452,-155.88413,7.4,121.5,124.0,KAHU,IMO7404114,WDJ3338,52,11,38,10,4.0,52,A
366888830,2024-03-01T20:49:40,20.06345,-155.88217,7.6,118.8,122.0,KAHU,IMO7404114,WDJ3338,52,11,38,10,4.0,52,A
366888830,2024-03-01T20:50:47,20.06228,-155.88007,7.4,120.1,122.0,KAHU,IMO7404114,WDJ3338,52,11,38,10,4.0,52,A
366888830,2024-03-01T20:51:56,20.06108,-155.87783,7.6,118.6,121.0,KAHU,IMO7404114,WDJ3338,52,11,38,10,4.0,52,A
366888830,2024-03-01T20:52:57,20.06005,-155.87590,7.4,119.7,121.0,KAHU,IMO7404114,WDJ3338,52,11,38,10,4.0,52,A
366888830,2024-03-01T20:54:05,20.05885,-155.87368,7.6,119.4,121.0,KAHU,IMO7404114,WDJ3338,52,11,38,10,4.0,52,A
367449870,2024-03-16T07:13:48,20.06017,-155.87741,8.8,307.9,308.0,BROOKE CHAPMAN,IMO9223875,WDI8453,32,0,34,12,4.7,31,A
367449870,2024-03-16T07:14:57,20.06193,-155.87986,8.9,307.4,308.0,BROOKE CHAPMAN,IMO9223875,WDI8453,32,0,34,12,4.7,31,A
367449870,2024-03-16T07:16:06,20.06365,-155.88226,9.0,306.1,307.0,BROOKE CHAPMAN,IMO9223875,WDI8453,32,0,34,12,4.7,31,A
367449870,2024-03-16T07:17:28,20.06567,-155.88516,9.0,306.4,307.0,BROOKE CHAPMAN,IMO9223875,WDI8453,32,0,34,12,4.7,31,A
367449870,2024-03-16T07:18:36,20.06741,-155.88766,9.0,306.2,307.0,BROOKE CHAPMAN,IMO9223875,WDI8453,32,0,34,12,4.7,31,A
366888830,2024-03-06T06:19:19,20.05995,-155.87217,10.3,303.9,302.0,KAHU,IMO7404114,WDJ3338,52,11,38,10,4.0,52,A
366888830,2024-03-06T06:20:20,20.06157,-155.87487,10.9,302.3,301.0,KAHU,IMO7404114,WDJ3338,52,11,38,10,4.0,52,A
366888830,2024-03-06T06:21:28,20.06335,-155.87798,10.9,301.2,301.0,KAHU,IMO7404114,WDJ3338,52,11,38,10,4.0,52,A
366888830,2024-03-06T06:22:29,20.06493,-155.88078,10.9,301.6,301.0,KAHU,IMO7404114,WDJ3338,52,11,38,10,4.0,52,A
366888830,2024-03-06T06:23:38,20.06668,-155.88395,10.9,299.1,300.0,KAHU,IMO7404114,WDJ3338,52,11,38,10,4.0,52,A
366888830,2024-03-06T06:24:44,20.06840,-155.88705,10.9,302.0,301.0,KAHU,IMO7404114,WDJ3338,52,11,38,10,4.0,52,A
366888830,2024-03-06T06:25:48,20.07005,-155.89003,11.1,299.1,301.0,KAHU,IMO7404114,WDJ3338,52,11,38,10,4.0,52,A
366888830,2024-01-26T20:45:19,20.06703,-155.88847,6.4,122.4,121.0,KAHU,IMO7404114,WDJ3338,52,11,38,10,4.0,52,A
366888830,2024-01-26T20:46:20,20.06608,-155.88675,6.2,121.8,121.0,KAHU,IMO7404114,WDJ3338,52,11,38,10,4.0,52,A
366888830,2024-01-26T20:47:21,20.06517,-155.88507,6.6,117.3,120.0,KAHU,IMO7404114,WDJ3338,52,11,38,10,4.0,52,A
366888830,2024-01-26T20:48:30,20.06410,-155.88313,6.6,119.9,120.0,KAHU,IMO7404114,WDJ3338,52,11,38,10,4.0,52,A
366888830,2024-01-26T20:49:39,20.06303,-155.88117,6.8,121.4,121.0,KAHU,IMO7404114,WDJ3338,52,11,38,10,4.0,52,A
366888830,2024-01-26T20:50:48,20.06198,-155.87928,6.4,120.5,121.0,KAHU,IMO7404114,WDJ3338,52,11,38,10,4.0,52,A
366888830,2024-01-26T20:51:51,20.06102,-155.87753,6.6,122.6,121.0,KAHU,IMO7404114,WDJ3338,52,11,38,10,4.0,52,A
366888830,2024-01-26T20:52:54,20.06003,-155.87578,7.2,121.2,120.0,KAHU,IMO7404114,WDJ3338,52,11,38,10,4.0,52,A
366888830,2024-01-26T20:53:57,20.05905,-155.87403,6.2,119.7,120.0,KAHU,IMO7404114,WDJ3338,52,11,38,10,4.0,52,A
338033000,2024-02-09T15:49:20,20.06588,-155.88916,4.4,121.8,111.0,KAPENA GEORGE PANUI,IMO9816878,WDK6281,31,11,37,11,6.0,31,A
338033000,2024-02-09T15:50:26,20.06519,-155.88795,4.3,120.4,110.0,KAPENA GEORGE PANUI,IMO9816878,WDK6281,31,11,37,11,6.0,31,A
338033000,2024-02-09T15:51:37,20.06444,-155.88665,4.3,121.1,111.0,KAPENA GEORGE PANUI,IMO9816878,WDK6281,31,11,37,11,6.0,31,A
338033000,2024-02-09T15:52:47,20.06369,-155.88537,4.3,121.1,109.0,KAPENA GEORGE PANUI,IMO9816878,WDK6281,31,11,37,11,6.0,31,A
338033000,2024-02-09T15:53:55,20.06303,-155.88412,4.3,118.8,110.0,KAPENA GEORGE PANUI,IMO9816878,WDK6281,31,11,37,11,6.0,31,A
338033000,2024-02-09T15:55:02,20.06237,-155.88286,4.3,118.2,108.0,KAPENA GEORGE PANUI,IMO9816878,WDK6281,31,11,37,11,6.0,31,A
338033000,2024-02-09T15:56:06,20.06175,-155.88165,4.3,117.0,108.0,KAPENA GEORGE PANUI,IMO9816878,WDK6281,31,11,37,11,6.0,31,A
338033000,2024-02-09T15:57:17,20.06107,-155.88032,4.3,117.1,108.0,KAPENA GEORGE PANUI,IMO9816878,WDK6281,31,11,37,11,6.0,31,A
338033000,2024-02-09T15:58:26,20.06042,-155.87901,4.3,118.4,108.0,KAPENA GEORGE PANUI,IMO9816878,WDK6281,31,11,37,11,6.0,31,A
338033000,2024-02-09T15:59:37,20.05975,-155.87766,4.3,118.1,107.0,KAPENA GEORGE PANUI,IMO9816878,WDK6281,31,11,37,11,6.0,31,A
338033000,2024-02-09T16:00:06,20.05949,-155.87710,4.3,117.0,107.0,KAPENA GEORGE PANUI,IMO9816878,WDK6281,31,11,37,11,6.0,31,A
338033000,2024-02-09T16:01:17,20.05885,-155.87571,4.7,116.3,108.0,KAPENA GEORGE PANUI,IMO9816878,WDK6281,31,11,37,11,6.0,31,A
338033000,2024-01-02T14:59:35,20.07027,-155.88823,8.9,131.3,129.0,KAPENA GEORGE PANUI,IMO9816878,WDK6281,31,11,37,11,6.0,31,A
338033000,2024-01-02T15:00:00,20.06960,-155.88739,8.7,129.7,128.0,KAPENA GEORGE PANUI,IMO9816878,WDK6281,31,11,37,11,6.0,31,A
338033000,2024-01-02T15:01:01,20.06803,-155.88532,8.7,128.0,126.0,KAPENA GEORGE PANUI,IMO9816878,WDK6281,31,11,37,11,6.0,31,A
338033000,2024-01-02T15:02:12,20.06635,-155.88289,8.6,125.5,122.0,KAPENA GEORGE PANUI,IMO9816878,WDK6281,31,11,37,11,6.0,31,A
338033000,2024-01-02T15:03:13,20.06517,-155.88106,7.4,124.7,122.0,KAPENA GEORGE PANUI,IMO9816878,WDK6281,31,11,37,11,6.0,31,A
338033000,2024-01-02T15:04:22,20.06392,-155.87913,6.4,124.6,122.0,KAPENA GEORGE PANUI,IMO9816878,WDK6281,31,11,37,11,6.0,31,A
338033000,2024-01-02T15:05:32,20.06285,-155.87750,4.7,123.9,120.0,KAPENA GEORGE PANUI,IMO9816878,WDK6281,31,11,37,11,6.0,31,A
338033000,2024-01-02T15:06:36,20.06204,-155.87622,5.2,122.4,121.0,KAPENA GEORGE PANUI,IMO9816878,WDK6281,31,11,37,11,6.0,31,A
338033000,2024-01-02T15:07:42,20.06113,-155.87477,5.4,123.5,121.0,KAPENA GEORGE PANUI,IMO9816878,WDK6281,31,11,37,11,6.0,31,A
338033000,2024-01-02T15:08:45,20.06031,-155.87347,4.9,123.8,120.0,KAPENA GEORGE PANUI,IMO9816878,WDK6281,31,11,37,11,6.0,31,A
338033000,2024-01-02T15:09:53,20.05946,-155.87209,4.8,123.5,121.0,KAPENA GEORGE PANUI,IMO9816878,WDK6281,31,11,37,11,6.0,31,A
338033000,2024-01-02T15:11:02,20.05863,-155.87072,4.8,123.4,121.0,KAPENA GEORGE PANUI,IMO9816878,WDK6281,31,11,37,11,6.0,31,A
338033000,2024-02-07T06:26:24,20.06013,-155.87962,9.2,316.6,320.0,KAPENA GEORGE PANUI,IMO9816878,WDK6281,31,11,37,11,6.0,31,A
338033000,2024-02-07T06:27:34,20.06228,-155.88181,9.1,316.1,319.0,KAPENA GEORGE PANUI,IMO9816878,WDK6281,31,11,37,11,6.0,31,A
338033000,2024-02-07T06:28:44,20.06440,-155.88402,9.1,315.9,318.0,KAPENA GEORGE PANUI,IMO9816878,WDK6281,31,11,37,11,6.0,31,A
338033000,2024-02-07T06:29:56,20.06661,-155.88625,9.1,316.8,319.0,KAPENA GEORGE PANUI,IMO9816878,WDK6281,31,11,37,11,6.0,31,A
338033000,2024-02-07T06:31:15,20.06911,-155.88861,9.2,319.5,319.0,KAPENA GEORGE PANUI,IMO9816878,WDK6281,31,11,37,11,6.0,31,A
366888830,2024-05-10T15:43:07,20.06612,-155.88932,6.6,117.3,114.0,KAHU,IMO7404114,WDJ3338,52,11,38,10,4.0,52,A
366888830,2024-05-10T15:44:18,20.06515,-155.88732,6.6,116.8,114.0,KAHU,IMO7404114,WDJ3338,52,11,38,10,4.0,52,A
366888830,2024-05-10T15:45:28,20.06418,-155.88530,6.4,114.2,114.0,KAHU,IMO7404114,WDJ3338,52,11,38,10,4.0,52,A
366888830,2024-05-10T15:46:38,20.06333,-155.88327,6.4,112.9,113.0,KAHU,IMO7404114,WDJ3338,52,11,38,10,4.0,52,A
366888830,2024-05-10T15:47:47,20.06252,-155.88133,6.4,114.0,115.0,KAHU,IMO7404114,WDJ3338,52,11,38,10,4.0,52,A
366888830,2024-05-10T15:48:58,20.06168,-155.87930,6.4,113.2,114.0,KAHU,IMO7404114,WDJ3338,52,11,38,10,4.0,52,A
366888830,2024-05-10T15:50:07,20.06087,-155.87732,6.4,113.5,114.0,KAHU,IMO7404114,WDJ3338,52,11,38,10,4.0,52,A
366888830,2024-05-10T15:51:17,20.06005,-155.87532,6.4,114.1,114.0,KAHU,IMO7404114,WDJ3338,52,11,38,10,4.0,52,A
366888830,2024-05-10T15:52:28,20.05918,-155.87332,6.2,115.0,115.0,KAHU,IMO7404114,WDJ3338,52,11,38,10,4.0,52,A
367449870,2024-01-29T00:08:05,20.06759,-155.88851,7.3,113.1,116.0,BROOKE CHAPMAN,IMO9223875,WDI8453,32,0,34,12,4.7,32,A
367449870,2024-01-29T00:09:15,20.06668,-155.88616,7.5,114.5,118.0,BROOKE CHAPMAN,IMO9223875,WDI8453,32,0,34,12,4.7,32,A
367449870,2024-01-29T00:10:24,20.06554,-155.88397,7.3,119.6,122.0,BROOKE CHAPMAN,IMO9223875,WDI8453,32,0,34,12,4.7,32,A
367449870,2024-01-29T00:11:25,20.06453,-155.88208,7.2,119.5,123.0,BROOKE CHAPMAN,IMO9223875,WDI8453,32,0,34,12,4.7,32,A
367449870,2024-01-29T00:12:34,20.06344,-155.87990,7.2,119.4,121.0,BROOKE CHAPMAN,IMO9223875,WDI8453,32,0,34,12,4.7,32,A
367449870,2024-01-29T00:13:44,20.06217,-155.87777,7.3,120.4,125.0,BROOKE CHAPMAN,IMO9223875,WDI8453,32,0,34,12,4.7,32,A
367449870,2024-01-29T00:14:54,20.06090,-155.87563,7.3,119.0,126.0,BROOKE CHAPMAN,IMO9223875,WDI8453,32,0,34,12,4.7,32,A
367449870,2024-01-29T00:16:04,20.05969,-155.87350,7.3,121.0,124.0,BROOKE CHAPMAN,IMO9223875,WDI8453,32,0,34,12,4.7,32,A
366888830,2024-04-02T15:50:43,20.06770,-155.88988,9.1,120.5,120.0,KAHU,IMO7404114,WDJ3338,52,11,38,10,4.0,52,A
366888830,2024-04-02T15:51:52,20.06612,-155.88720,9.3,122.6,120.0,KAHU,IMO7404114,WDJ3338,52,11,38,10,4.0,52,A
366888830,2024-04-02T15:53:03,20.06453,-155.88448,9.1,120.5,119.0,KAHU,IMO7404114,WDJ3338,52,11,38,10,4.0,52,A
366888830,2024-04-02T15:54:12,20.06305,-155.88175,9.3,120.1,118.0,KAHU,IMO7404114,WDJ3338,52,11,38,10,4.0,52,A
366888830,2024-04-02T15:55:21,20.06160,-155.87902,9.1,119.9,118.0,KAHU,IMO7404114,WDJ3338,52,11,38,10,4.0,52,A
366888830,2024-04-02T15:56:32,20.06010,-155.87625,9.3,118.6,118.0,KAHU,IMO7404114,WDJ3338,52,11,38,10,4.0,52,A
366888830,2024-04-02T15:57:42,20.05862,-155.87347,9.3,119.6,118.0,KAHU,IMO7404114,WDJ3338,52,11,38,10,4.0,52,A
338033000,2024-04-20T05:57:22,20.05989,-155.87213,10.5,317.1,315.0,KAPENA GEORGE PANUI,IMO9816878,WDK6281,31,11,37,11,6.0,31,A
338033000,2024-04-20T05:58:32,20.06240,-155.87455,10.6,317.5,316.0,KAPENA GEORGE PANUI,IMO9816878,WDK6281,31,11,37,11,6.0,31,A
338033000,2024-04-20T05:59:40,20.06486,-155.87705,10.6,316.1,315.0,KAPENA GEORGE PANUI,IMO9816878,WDK6281,31,11,37,11,6.0,31,A
338033000,2024-04-20T06:00:02,20.06564,-155.87784,10.6,316.0,315.0,KAPENA GEORGE PANUI,IMO9816878,WDK6281,31,11,37,11,6.0,31,A
338033000,2024-04-20T06:01:11,20.06810,-155.88031,10.5,315.9,315.0,KAPENA GEORGE PANUI,IMO9816878,WDK6281,31,11,37,11,6.0,31,A
338033000,2024-04-20T06:02:21,20.07057,-155.88281,10.5,316.4,315.0,KAPENA GEORGE PANUI,IMO9816878,WDK6281,31,11,37,11,6.0,31,A
338033000,2024-04-20T06:03:32,20.07309,-155.88531,10.5,316.4,315.0,KAPENA GEORGE PANUI,IMO9816878,WDK6281,31,11,37,11,6.0,31,A
338033000,2024-04-20T06:04:41,20.07553,-155.88780,10.5,315.8,315.0,KAPENA GEORGE PANUI,IMO9816878,WDK6281,31,11,37,11,6.0,31,A
367449870,2024-01-20T08:34:32,20.06817,-155.88850,6.8,120.1,118.0,BROOKE CHAPMAN,IMO9223875,WDI8453,32,0,34,12,4.7,32,A
367449870,2024-01-20T08:35:42,20.06703,-155.88649,6.8,122.4,120.0,BROOKE CHAPMAN,IMO9223875,WDI8453,32,0,34,12,4.7,32,A
367449870,2024-01-20T08:36:53,20.06582,-155.88448,6.8,123.7,121.0,BROOKE CHAPMAN,IMO9223875,WDI8453,32,0,34,12,4.7,32,A
367449870,2024-01-20T08:38:03,20.06460,-155.88252,6.8,124.3,121.0,BROOKE CHAPMAN,IMO9223875,WDI8453,32,0,34,12,4.7,32,A
367449870,2024-01-20T08:39:12,20.06340,-155.88058,6.8,123.6,122.0,BROOKE CHAPMAN,IMO9223875,WDI8453,32,0,34,12,4.7,32,A
367449870,2024-01-20T08:40:23,20.06218,-155.87864,6.8,124.4,121.0,BROOKE CHAPMAN,IMO9223875,WDI8453,32,0,34,12,4.7,32,A
367449870,2024-01-20T08:41:32,20.06096,-155.87670,6.8,123.7,121.0,BROOKE CHAPMAN,IMO9223875,WDI8453,32,0,34,12,4.7,32,A
367449870,2024-01-20T08:42:41,20.05974,-155.87479,6.7,123.6,121.0,BROOKE CHAPMAN,IMO9223875,WDI8453,32,0,34,12,4.7,32,A
367449870,2024-01-20T08:43:42,20.05872,-155.87312,6.7,123.2,121.0,BROOKE CHAPMAN,IMO9223875,WDI8453,32,0,34,12,4.7,32,A
338033000,2024-01-19T14:40:28,20.06554,-155.88912,6.6,117.1,116.0,KAPENA GEORGE PANUI,IMO9816878,WDK6281,31,11,37,11,6.0,31,A
338033000,2024-01-19T14:41:35,20.06463,-155.88719,6.6,116.0,114.0,KAPENA GEORGE PANUI,IMO9816878,WDK6281,31,11,37,11,6.0,31,A
338033000,2024-01-19T14:42:37,20.06386,-155.88539,6.5,113.7,115.0,KAPENA GEORGE PANUI,IMO9816878,WDK6281,31,11,37,11,6.0,31,A
338033000,2024-01-19T14:43:47,20.06297,-155.88338,6.2,113.5,115.0,KAPENA GEORGE PANUI,IMO9816878,WDK6281,31,11,37,11,6.0,31,A
338033000,2024-01-19T14:44:48,20.06222,-155.88167,6.2,115.2,115.0,KAPENA GEORGE PANUI,IMO9816878,WDK6281,31,11,37,11,6.0,31,A
338033000,2024-01-19T14:45:52,20.06147,-155.87991,5.9,113.4,115.0,KAPENA GEORGE PANUI,IMO9816878,WDK6281,31,11,37,11,6.0,31,A
338033000,2024-01-19T14:46:54,20.06080,-155.87826,5.7,113.8,114.0,KAPENA GEORGE PANUI,IMO9816878,WDK6281,31,11,37,11,6.0,31,A
338033000,2024-01-19T14:47:55,20.06017,-155.87668,5.0,112.9,114.0,KAPENA GEORGE PANUI,IMO9816878,WDK6281,31,11,37,11,6.0,31,A
338033000,2024-01-19T14:48:58,20.05962,-155.87530,4.7,113.9,114.0,KAPENA GEORGE PANUI,IMO9816878,WDK6281,31,11,37,11,6.0,31,A
338033000,2024-01-19T14:50:01,20.05906,-155.87391,4.6,111.4,114.0,KAPENA GEORGE PANUI,IMO9816878,WDK6281,31,11,37,11,6.0,31,A
366888830,2024-05-11T06:23:22,20.05887,-155.86982,8.7,298.4,299.0,KAHU,IMO7404114,WDJ3338,52,11,38,10,4.0,52,A
366888830,2024-05-11T06:24:31,20.06027,-155.87238,8.7,299.2,299.0,KAHU,IMO7404114,WDJ3338,52,11,38,10,4.0,52,A
366888830,2024-05-11T06:25:41,20.06170,-155.87500,8.7,299.2,299.0,KAHU,IMO7404114,WDJ3338,52,11,38,10,4.0,52,A
366888830,2024-05-11T06:26:42,20.06297,-155.87728,8.7,299.0,299.0,KAHU,IMO7404114,WDJ3338,52,11,38,10,4.0,52,A
366888830,2024-05-11T06:27:51,20.06437,-155.87980,8.7,298.3,298.0,KAHU,IMO7404114,WDJ3338,52,11,38,10,4.0,52,A
366888830,2024-05-11T06:29:01,20.06583,-155.88247,8.9,301.8,300.0,KAHU,IMO7404114,WDJ3338,52,11,38,10,4.0,52,A
366888830,2024-05-11T06:31:01,20.06832,-155.88702,8.7,300.7,299.0,KAHU,IMO7404114,WDJ3338,52,11,38,10,4.0,52,A
366888830,2024-05-11T06:32:12,20.06978,-155.88967,8.9,299.3,300.0,KAHU,IMO7404114,WDJ3338,52,11,38,10,4.0,52,A
338033000,2024-03-16T09:36:06,20.05888,-155.87914,10.9,299.0,298.0,KAPENA GEORGE PANUI,IMO9816878,WDK6281,31,5,37,11,6.0,31,A
338033000,2024-03-16T09:37:17,20.06064,-155.88247,11.0,298.7,296.0,KAPENA GEORGE PANUI,IMO9816878,WDK6281,31,5,37,11,6.0,31,A
338033000,2024-03-16T09:38:26,20.06241,-155.88582,11.1,299.4,297.0,KAPENA GEORGE PANUI,IMO9816878,WDK6281,31,5,37,11,6.0,31,A
338033000,2024-03-16T09:39:36,20.06413,-155.88915,11.0,298.6,297.0,KAPENA GEORGE PANUI,IMO9816878,WDK6281,31,5,37,11,6.0,31,A
338033000,2024-01-14T00:14:33,20.06011,-155.87683,10.4,310.0,308.0,KAPENA GEORGE PANUI,IMO9816878,WDK6281,31,11,37,11,6.0,31,A
338033000,2024-01-14T00:15:39,20.06214,-155.87948,10.6,309.6,308.0,KAPENA GEORGE PANUI,IMO9816878,WDK6281,31,11,37,11,6.0,31,A
338033000,2024-01-14T00:16:43,20.06412,-155.88204,10.8,309.9,309.0,KAPENA GEORGE PANUI,IMO9816878,WDK6281,31,11,37,11,6.0,31,A
338033000,2024-01-14T00:17:49,20.06621,-155.88472,10.6,309.3,309.0,KAPENA GEORGE PANUI,IMO9816878,WDK6281,31,11,37,11,6.0,31,A
338033000,2024-01-14T00:18:58,20.06842,-155.88755,10.4,310.1,309.0,KAPENA GEORGE PANUI,IMO9816878,WDK6281,31,11,37,11,6.0,31,A
338033000,2024-01-14T00:19:59,20.07030,-155.88997,10.4,310.8,308.0,KAPENA GEORGE PANUI,IMO9816878,WDK6281,31,11,37,11,6.0,31,A
366888830,2024-01-31T05:55:37,20.05922,-155.87373,10.1,297.0,300.0,KAHU,IMO7404114,WDJ3338,52,11,38,10,4.0,52,A
366888830,2024-01-31T05:56:38,20.06060,-155.87628,9.5,302.6,300.0,KAHU,IMO7404114,WDJ3338,52,11,38,10,4.0,52,A
366888830,2024-01-31T05:57:47,20.06213,-155.87910,9.3,298.2,299.0,KAHU,IMO7404114,WDJ3338,52,11,38,10,4.0,52,A
366888830,2024-01-31T05:58:58,20.06372,-155.88208,9.5,297.1,300.0,KAHU,IMO7404114,WDJ3338,52,11,38,10,4.0,52,A
366888830,2024-01-31T06:00:07,20.06528,-155.88502,9.9,300.9,300.0,KAHU,IMO7404114,WDJ3338,52,11,38,10,4.0,52,A
366888830,2024-01-31T06:01:19,20.06690,-155.88797,9.7,301.5,300.0,KAHU,IMO7404114,WDJ3338,52,11,38,10,4.0,52,A
366888830,2024-04-03T06:09:02,20.05868,-155.87905,9.9,304.7,305.0,KAHU,IMO7404114,WDJ3338,52,11,38,10,4.0,52,A
366888830,2024-04-03T06:10:13,20.06060,-155.88182,9.9,304.4,304.0,KAHU,IMO7404114,WDJ3338,52,11,38,10,4.0,52,A
366888830,2024-04-03T06:11:22,20.06245,-155.88448,9.7,305.6,303.0,KAHU,IMO7404114,WDJ3338,52,11,38,10,4.0,52,A
366888830,2024-04-03T06:12:32,20.06435,-155.88722,9.7,302.2,304.0,KAHU,IMO7404114,WDJ3338,52,11,38,10,4.0,52,A
366888830,2024-04-03T06:13:33,20.06597,-155.88953,9.9,308.4,303.0,KAHU,IMO7404114,WDJ3338,52,11,38,10,4.0,52,A
366888830,2024-03-20T05:43:01,20.05890,-155.87912,10.3,307.1,305.0,KAHU,IMO7404114,WDJ3338,52,11,38,10,4.0,52,A
366888830,2024-03-20T05:44:11,20.06095,-155.88190,10.3,311.3,309.0,KAHU,IMO7404114,WDJ3338,52,11,38,10,4.0,52,A
366888830,2024-03-20T05:45:12,20.06283,-155.88417,10.3,310.0,309.0,KAHU,IMO7404114,WDJ3338,52,11,38,10,4.0,52,A
366888830,2024-03-20T05:46:21,20.06525,-155.88658,10.5,317.4,316.0,KAHU,IMO7404114,WDJ3338,52,11,38,10,4.0,52,A
366888830,2024-03-20T05:47:22,20.06745,-155.88863,10.3,319.5,317.0,KAHU,IMO7404114,WDJ3338,52,11,38,10,4.0,52,A
366888830,2024-04-09T15:50:07,20.06698,-155.88847,9.1,124.5,122.0,KAHU,IMO7404114,WDJ3338,52,11,38,10,4.0,52,A
366888830,2024-04-09T15:51:10,20.06552,-155.88607,9.1,122.1,120.0,KAHU,IMO7404114,WDJ3338,52,11,38,10,4.0,52,A
366888830,2024-04-09T15:52:17,20.06408,-155.88350,9.1,122.2,120.0,KAHU,IMO7404114,WDJ3338,52,11,38,10,4.0,52,A
366888830,2024-04-09T15:53:28,20.06252,-155.88070,9.1,118.7,119.0,KAHU,IMO7404114,WDJ3338,52,11,38,10,4.0,52,A
366888830,2024-04-09T15:54:38,20.06105,-155.87800,9.1,118.0,117.0,KAHU,IMO7404114,WDJ3338,52,11,38,10,4.0,52,A
366888830,2024-04-09T15:55:40,20.05973,-155.87552,9.1,117.2,118.0,KAHU,IMO7404114,WDJ3338,52,11,38,10,4.0,52,A
338033000,2024-04-16T15:29:32,20.06387,-155.88887,9.5,119.6,117.0,KAPENA GEORGE PANUI,IMO9816878,WDK6281,31,11,37,11,6.0,31,A
338033000,2024-04-16T15:30:35,20.06255,-155.88633,9.1,118.7,115.0,KAPENA GEORGE PANUI,IMO9816878,WDK6281,31,11,37,11,6.0,31,A
338033000,2024-04-16T15:31:40,20.06134,-155.88384,8.4,118.4,116.0,KAPENA GEORGE PANUI,IMO9816878,WDK6281,31,11,37,11,6.0,31,A
338033000,2024-04-16T15:32:42,20.06025,-155.88168,7.8,117.9,117.0,KAPENA GEORGE PANUI,IMO9816878,WDK6281,31,11,37,11,6.0,31,A
338033000,2024-04-16T15:33:45,20.05913,-155.87951,7.8,118.4,117.0,KAPENA GEORGE PANUI,IMO9816878,WDK6281,31,11,37,11,6.0,31,A
367449870,2024-02-15T13:27:50,20.06877,-155.88861,6.0,115.7,118.0,BROOKE CHAPMAN,IMO9223875,WDI8453,32,0,34,12,4.7,32,A
367449870,2024-02-15T13:29:00,20.06789,-155.88674,6.1,115.6,118.0,BROOKE CHAPMAN,IMO9223875,WDI8453,32,0,34,12,4.7,32,A
367449870,2024-02-15T13:30:10,20.06704,-155.88487,6.1,115.7,118.0,BROOKE CHAPMAN,IMO9223875,WDI8453,32,0,34,12,4.7,32,A
367449870,2024-02-15T13:31:20,20.06616,-155.88302,6.0,117.1,118.0,BROOKE CHAPMAN,IMO9223875,WDI8453,32,0,34,12,4.7,32,A
367449870,2024-02-15T13:32:31,20.06525,-155.88115,6.0,117.3,119.0,BROOKE CHAPMAN,IMO9223875,WDI8453,32,0,34,12,4.7,32,A
367449870,2024-02-15T13:33:39,20.06431,-155.87932,6.1,118.9,120.0,BROOKE CHAPMAN,IMO9223875,WDI8453,32,0,34,12,4.7,32,A
367449870,2024-02-15T13:34:49,20.06338,-155.87751,6.1,119.2,120.0,BROOKE CHAPMAN,IMO9223875,WDI8453,32,0,34,12,4.7,32,A
367449870,2024-02-15T13:35:59,20.06244,-155.87571,6.1,119.8,120.0,BROOKE CHAPMAN,IMO9223875,WDI8453,32,0,34,12,4.7,32,A
367449870,2024-02-15T13:37:00,20.06157,-155.87413,6.1,122.3,123.0,BROOKE CHAPMAN,IMO9223875,WDI8453,32,0,34,12,4.7,32,A
367449870,2024-02-15T13:38:10,20.06052,-155.87240,6.1,123.3,123.0,BROOKE CHAPMAN,IMO9223875,WDI8453,32,0,34,12,4.7,32,A
367449870,2024-02-15T13:39:20,20.05940,-155.87066,5.9,124.3,123.0,BROOKE CHAPMAN,IMO9223875,WDI8453,32,0,34,12,4.7,32,A
366888830,2024-04-05T20:59:00,20.06695,-155.89000,9.3,120.4,114.0,KAHU,IMO7404114,WDJ3338,52,11,38,10,4.0,52,A
366888830,2024-04-05T21:00:03,20.06563,-155.88747,9.5,119.2,114.0,KAHU,IMO7404114,WDJ3338,52,11,38,10,4.0,52,A
366888830,2024-04-05T21:01:09,20.06432,-155.88470,9.7,116.1,112.0,KAHU,IMO7404114,WDJ3338,52,11,38,10,4.0,52,A
366888830,2024-04-05T21:02:19,20.06293,-155.88170,9.5,115.0,112.0,KAHU,IMO7404114,WDJ3338,52,11,38,10,4.0,52,A
366888830,2024-04-05T21:03:29,20.06167,-155.87878,9.1,116.4,112.0,KAHU,IMO7404114,WDJ3338,52,11,38,10,4.0,52,A
366888830,2024-04-05T21:04:34,20.06050,-155.87610,9.5,114.1,110.0,KAHU,IMO7404114,WDJ3338,52,11,38,10,4.0,52,A
366888830,2024-04-05T21:05:39,20.05932,-155.87333,9.3,118.4,114.0,KAHU,IMO7404114,WDJ3338,52,11,38,10,4.0,52,A
366888830,2024-04-10T04:11:22,20.05970,-155.87843,10.1,300.4,299.0,KAHU,IMO7404114,WDJ3338,52,11,38,10,4.0,52,A
366888830,2024-04-10T04:12:29,20.06127,-155.88130,10.1,300.4,298.0,KAHU,IMO7404114,WDJ3338,52,11,38,10,4.0,52,A
366888830,2024-04-10T04:13:31,20.06273,-155.88398,10.1,300.8,299.0,KAHU,IMO7404114,WDJ3338,52,11,38,10,4.0,52,A
366888830,2024-04-10T04:14:42,20.06423,-155.88710,10.3,291.9,293.0,KAHU,IMO7404114,WDJ3338,52,11,38,10,4.0,52,A
338033000,2024-04-17T05:59:19,20.05913,-155.87855,10.6,305.1,306.0,KAPENA GEORGE PANUI,IMO9816878,WDK6281,31,11,37,11,6.0,31,A
338033000,2024-04-17T06:00:00,20.06034,-155.88027,10.6,307.0,305.0,KAPENA GEORGE PANUI,IMO9816878,WDK6281,31,11,37,11,6.0,31,A
338033000,2024-04-17T06:01:02,20.06214,-155.88290,10.6,305.6,305.0,KAPENA GEORGE PANUI,IMO9816878,WDK6281,31,11,37,11,6.0,31,A
338033000,2024-04-17T06:02:11,20.06416,-155.88578,10.4,307.2,305.0,KAPENA GEORGE PANUI,IMO9816878,WDK6281,31,11,37,11,6.0,31,A
338033000,2024-04-17T06:03:20,20.06612,-155.88866,10.4,305.6,304.0,KAPENA GEORGE PANUI,IMO9816878,WDK6281,31,11,37,11,6.0,31,A
366888830,2024-03-05T15:42:01,20.06785,-155.88905,4.9,120.5,120.0,KAHU,IMO7404114,WDJ3338,52,11,38,10,4.0,52,A
366888830,2024-03-05T15:43:10,20.06700,-155.88763,5.1,126.2,121.0,KAHU,IMO7404114,WDJ3338,52,11,38,10,4.0,52,A
366888830,2024-03-05T15:44:20,20.06610,-155.88620,4.9,121.0,121.0,KAHU,IMO7404114,WDJ3338,52,11,38,10,4.0,52,A
366888830,2024-03-05T15:45:30,20.06523,-155.88477,4.9,122.6,120.0,KAHU,IMO7404114,WDJ3338,52,11,38,10,4.0,52,A
366888830,2024-03-05T15:46:40,20.06442,-155.88330,4.7,118.8,120.0,KAHU,IMO7404114,WDJ3338,52,11,38,10,4.0,52,A
366888830,2024-03-05T15:47:50,20.06363,-155.88182,5.1,118.7,118.0,KAHU,IMO7404114,WDJ3338,52,11,38,10,4.0,52,A
366888830,2024-03-05T15:49:01,20.06287,-155.88028,4.9,119.7,119.0,KAHU,IMO7404114,WDJ3338,52,11,38,10,4.0,52,A
366888830,2024-03-05T15:50:11,20.06213,-155.87882,5.1,115.7,117.0,KAHU,IMO7404114,WDJ3338,52,11,38,10,4.0,52,A
366888830,2024-03-05T15:51:20,20.06142,-155.87733,4.9,114.7,118.0,KAHU,IMO7404114,WDJ3338,52,11,38,10,4.0,52,A
366888830,2024-03-05T15:52:29,20.06070,-155.87583,5.1,116.6,117.0,KAHU,IMO7404114,WDJ3338,52,11,38,10,4.0,52,A
366888830,2024-03-05T15:53:40,20.05998,-155.87428,4.9,115.8,117.0,KAHU,IMO7404114,WDJ3338,52,11,38,10,4.0,52,A
366888830,2024-03-05T15:54:51,20.05933,-155.87273,4.9,114.2,117.0,KAHU,IMO7404114,WDJ3338,52,11,38,10,4.0,52,A
366888830,2024-03-05T15:56:00,20.05865,-155.87117,5.2,112.4,118.0,KAHU,IMO7404114,WDJ3338,52,11,38,10,4.0,52,A
366888830,2024-01-30T15:43:45,20.06783,-155.89017,5.6,128.6,117.0,KAHU,IMO7404114,WDJ3338,52,11,38,10,4.0,52,A
366888830,2024-01-30T15:44:46,20.06700,-155.88857,6.0,115.6,117.0,KAHU,IMO7404114,WDJ3338,52,11,38,10,4.0,52,A
366888830,2024-01-30T15:46:04,20.06592,-155.88648,6.0,120.4,118.0,KAHU,IMO7404114,WDJ3338,52,11,38,10,4.0,52,A
366888830,2024-01-30T15:47:06,20.06503,-155.88483,6.6,114.7,116.0,KAHU,IMO7404114,WDJ3338,52,11,38,10,4.0,52,A
366888830,2024-01-30T15:48:18,20.06403,-155.88292,6.2,119.5,117.0,KAHU,IMO7404114,WDJ3338,52,11,38,10,4.0,52,A
366888830,2024-01-30T15:49:21,20.06315,-155.88125,5.8,123.6,118.0,KAHU,IMO7404114,WDJ3338,52,11,38,10,4.0,52,A
366888830,2024-01-30T15:50:24,20.06228,-155.87962,6.4,115.6,117.0,KAHU,IMO7404114,WDJ3338,52,11,38,10,4.0,52,A
366888830,2024-01-30T15:51:27,20.06140,-155.87792,5.4,122.9,119.0,KAHU,IMO7404114,WDJ3338,52,11,38,10,4.0,52,A
366888830,2024-01-30T15:52:31,20.06053,-155.87628,5.6,119.0,118.0,KAHU,IMO7404114,WDJ3338,52,11,38,10,4.0,52,A
366888830,2024-01-30T15:53:33,20.05972,-155.87465,6.4,113.0,117.0,KAHU,IMO7404114,WDJ3338,52,11,38,10,4.0,52,A
366888830,2024-01-30T15:54:34,20.05892,-155.87307,6.4,112.3,117.0,KAHU,IMO7404114,WDJ3338,52,11,38,10,4.0,52,A
366888830,2024-03-30T06:33:40,20.05978,-155.87983,7.8,305.0,302.0,KAHU,IMO7404114,WDJ3338,52,11,38,10,4.0,52,A
366888830,2024-03-30T06:34:50,20.06123,-155.88200,7.8,306.6,302.0,KAHU,IMO7404114,WDJ3338,52,11,38,10,4.0,52,A
366888830,2024-03-30T06:35:53,20.06255,-155.88390,7.6,312.4,311.0,KAHU,IMO7404114,WDJ3338,52,11,38,10,4.0,52,A
366888830,2024-03-30T06:36:59,20.06427,-155.88572,8.0,316.8,313.0,KAHU,IMO7404114,WDJ3338,52,11,38,10,4.0,52,A
366888830,2024-03-30T06:38:02,20.06597,-155.88738,8.0,317.4,314.0,KAHU,IMO7404114,WDJ3338,52,11,38,10,4.0,52,A
366888830,2024-03-30T06:39:11,20.06783,-155.88918,8.0,317.2,315.0,KAHU,IMO7404114,WDJ3338,52,11,38,10,4.0,52,A
338033000,2024-04-19T15:31:00,20.06546,-155.88942,7.8,117.4,118.0,KAPENA GEORGE PANUI,IMO9816878,WDK6281,31,11,37,11,6.0,31,A
338033000,2024-04-19T15:32:06,20.06435,-155.88725,7.2,118.6,118.0,KAPENA GEORGE PANUI,IMO9816878,WDK6281,31,11,37,11,6.0,31,A
338033000,2024-04-19T15:33:11,20.06328,-155.88530,7.2,119.7,120.0,KAPENA GEORGE PANUI,IMO9816878,WDK6281,31,11,37,11,6.0,31,A
338033000,2024-04-19T15:34:20,20.06217,-155.88334,6.6,120.5,119.0,KAPENA GEORGE PANUI,IMO9816878,WDK6281,31,11,37,11,6.0,31,A
338033000,2024-04-19T15:35:23,20.06119,-155.88159,6.4,120.4,120.0,KAPENA GEORGE PANUI,IMO9816878,WDK6281,31,11,37,11,6.0,31,A
338033000,2024-04-19T15:36:31,20.06017,-155.87974,6.2,120.2,119.0,KAPENA GEORGE PANUI,IMO9816878,WDK6281,31,11,37,11,6.0,31,A
338033000,2024-04-19T15:37:37,20.05922,-155.87798,6.1,119.3,118.0,KAPENA GEORGE PANUI,IMO9816878,WDK6281,31,11,37,11,6.0,31,A
366888830,2024-02-24T11:54:37,20.05887,-155.87370,10.5,300.6,301.0,KAHU,IMO7404114,WDJ3338,52,11,38,10,4.0,52,A
366888830,2024-02-24T11:55:42,20.06050,-155.87662,10.5,301.1,301.0,KAHU,IMO7404114,WDJ3338,52,11,38,10,4.0,52,A
366888830,2024-02-24T11:56:53,20.06232,-155.87980,10.7,301.8,301.0,KAHU,IMO7404114,WDJ3338,52,11,38,10,4.0,52,A
366888830,2024-02-24T11:58:02,20.06408,-155.88287,10.5,299.9,300.0,KAHU,IMO7404114,WDJ3338,52,11,38,10,4.0,52,A
366888830,2024-02-24T11:59:13,20.06582,-155.88598,10.5,299.7,300.0,KAHU,IMO7404114,WDJ3338,52,11,38,10,4.0,52,A
366888830,2024-02-24T12:00:02,20.06708,-155.88818,10.5,303.6,303.0,KAHU,IMO7404114,WDJ3338,52,11,38,10,4.0,52,A
367449870,2024-01-18T02:30:35,20.06401,-155.88998,6.6,123.6,122.0,BROOKE CHAPMAN,IMO9223875,WDI8453,32,0,34,12,4.7,32,A
367449870,2024-01-18T02:31:45,20.06280,-155.88813,6.5,124.7,122.0,BROOKE CHAPMAN,IMO9223875,WDI8453,32,0,34,12,4.7,32,A
367449870,2024-01-18T02:32:55,20.06162,-155.88625,6.4,122.8,122.0,BROOKE CHAPMAN,IMO9223875,WDI8453,32,0,34,12,4.7,32,A
367449870,2024-01-18T02:34:06,20.06049,-155.88434,6.4,118.1,117.0,BROOKE CHAPMAN,IMO9223875,WDI8453,32,0,34,12,4.7,32,A
367449870,2024-01-18T02:35:15,20.05955,-155.88240,6.4,115.6,115.0,BROOKE CHAPMAN,IMO9223875,WDI8453,32,0,34,12,4.7,32,A
367449870,2024-01-18T02:36:26,20.05868,-155.88036,6.4,113.9,114.0,BROOKE CHAPMAN,IMO9223875,WDI8453,32,0,34,12,4.7,32,A
367449870,2024-01-18T06:16:44,20.05957,-155.88381,7.9,298.0,302.0,BROOKE CHAPMAN,IMO9223875,WDI8453,32,0,34,12,4.7,32,A
367449870,2024-01-18T06:17:45,20.06067,-155.88587,8.0,300.6,305.0,BROOKE CHAPMAN,IMO9223875,WDI8453,32,0,34,12,4.7,32,A
367449870,2024-01-18T06:18:55,20.06202,-155.88814,7.6,303.3,306.0,BROOKE CHAPMAN,IMO9223875,WDI8453,32,0,34,12,4.7,32,A
366888830,2024-05-08T04:08:49,20.05985,-155.87277,8.4,306.0,303.0,KAHU,IMO7404114,WDJ3338,52,11,38,10,4.0,52,A
366888830,2024-05-08T04:09:58,20.06137,-155.87502,8.4,304.4,303.0,KAHU,IMO7404114,WDJ3338,52,11,38,10,4.0,52,A
366888830,2024-05-08T04:10:59,20.06275,-155.87700,8.2,304.7,302.0,KAHU,IMO7404114,WDJ3338,52,11,38,10,4.0,52,A
366888830,2024-05-08T04:12:09,20.06433,-155.87930,8.4,305.8,302.0,KAHU,IMO7404114,WDJ3338,52,11,38,10,4.0,52,A
366888830,2024-05-08T04:13:18,20.06588,-155.88160,8.4,304.3,302.0,KAHU,IMO7404114,WDJ3338,52,11,38,10,4.0,52,A
366888830,2024-05-08T04:14:28,20.06748,-155.88395,8.4,305.7,302.0,KAHU,IMO7404114,WDJ3338,52,11,38,10,4.0,52,A
366888830,2024-05-08T04:15:39,20.06910,-155.88637,8.6,305.2,302.0,KAHU,IMO7404114,WDJ3338,52,11,38,10,4.0,52,A
366888830,2024-05-08T04:16:48,20.07068,-155.88873,8.6,306.8,302.0,KAHU,IMO7404114,WDJ3338,52,11,38,10,4.0,52,A
366888830,2024-03-02T11:27:05,20.06040,-155.87463,10.7,303.4,302.0,KAHU,IMO7404114,WDJ3338,52,11,38,10,4.0,52,A
366888830,2024-03-02T11:28:15,20.06232,-155.87770,10.7,302.5,301.0,KAHU,IMO7404114,WDJ3338,52,11,38,10,4.0,52,A
366888830,2024-03-02T11:29:26,20.06418,-155.88080,10.7,302.5,300.0,KAHU,IMO7404114,WDJ3338,52,11,38,10,4.0,52,A
366888830,2024-03-02T11:30:37,20.06610,-155.88393,10.7,302.8,300.0,KAHU,IMO7404114,WDJ3338,52,11,38,10,4.0,52,A
366888830,2024-03-02T11:31:56,20.06823,-155.88743,10.9,303.8,301.0,KAHU,IMO7404114,WDJ3338,52,11,38,10,4.0,52,A
366888830,2024-02-21T05:08:48,20.05872,-155.87592,9.9,300.7,301.0,KAHU,IMO7404114,WDJ3338,52,11,38,10,4.0,52,A
366888830,2024-02-21T05:09:57,20.06030,-155.87882,9.7,299.9,300.0,KAHU,IMO7404114,WDJ3338,52,11,38,10,4.0,52,A
366888830,2024-02-21T05:10:58,20.06162,-155.88132,9.7,299.1,300.0,KAHU,IMO7404114,WDJ3338,52,11,38,10,4.0,52,A
366888830,2024-02-21T05:12:08,20.06313,-155.88427,9.7,300.3,301.0,KAHU,IMO7404114,WDJ3338,52,11,38,10,4.0,52,A
366888830,2024-02-21T05:13:17,20.06468,-155.88718,9.9,297.8,299.0,KAHU,IMO7404114,WDJ3338,52,11,38,10,4.0,52,A
366888830,2024-02-21T05:14:27,20.06623,-155.89017,9.7,299.8,300.0,KAHU,IMO7404114,WDJ3338,52,11,38,10,4.0,52,A
338033000,2024-02-28T06:50:59,20.05930,-155.87191,10.5,311.8,312.0,KAPENA GEORGE PANUI,IMO9816878,WDK6281,31,11,37,11,6.0,31,A
338033000,2024-02-28T06:52:09,20.06172,-155.87449,10.6,314.8,314.0,KAPENA GEORGE PANUI,IMO9816878,WDK6281,31,11,37,11,6.0,31,A
338033000,2024-02-28T06:53:19,20.06414,-155.87712,10.6,314.2,313.0,KAPENA GEORGE PANUI,IMO9816878,WDK6281,31,11,37,11,6.0,31,A
338033000,2024-02-28T06:54:29,20.06656,-155.87979,10.7,313.9,314.0,KAPENA GEORGE PANUI,IMO9816878,WDK6281,31,11,37,11,6.0,31,A
338033000,2024-02-28T06:55:38,20.06909,-155.88229,10.8,318.4,317.0,KAPENA GEORGE PANUI,IMO9816878,WDK6281,31,11,37,11,6.0,31,A
338033000,2024-02-28T06:56:50,20.07178,-155.88488,10.8,318.3,317.0,KAPENA GEORGE PANUI,IMO9816878,WDK6281,31,11,37,11,6.0,31,A
338033000,2024-02-28T06:57:59,20.07440,-155.88734,10.8,318.0,317.0,KAPENA GEORGE PANUI,IMO9816878,WDK6281,31,11,37,11,6.0,31,A
338033000,2024-02-28T06:59:09,20.07703,-155.88986,10.8,317.2,316.0,KAPENA GEORGE PANUI,IMO9816878,WDK6281,31,11,37,11,6.0,31,A
338033000,2024-01-13T21:23:26,20.06465,-155.88823,7.6,115.5,116.0,KAPENA GEORGE PANUI,IMO9816878,WDK6281,31,11,37,11,6.0,31,A
338033000,2024-01-13T21:24:29,20.06372,-155.88607,7.4,114.3,115.0,KAPENA GEORGE PANUI,IMO9816878,WDK6281,31,11,37,11,6.0,31,A
338033000,2024-01-13T21:25:30,20.06282,-155.88401,7.8,114.6,115.0,KAPENA GEORGE PANUI,IMO9816878,WDK6281,31,11,37,11,6.0,31,A
338033000,2024-01-13T21:26:32,20.06189,-155.88186,7.4,115.4,115.0,KAPENA GEORGE PANUI,IMO9816878,WDK6281,31,11,37,11,6.0,31,A
338033000,2024-01-13T21:27:37,20.06094,-155.87963,7.6,114.4,115.0,KAPENA GEORGE PANUI,IMO9816878,WDK6281,31,11,37,11,6.0,31,A
338033000,2024-01-13T21:28:40,20.06003,-155.87746,7.4,113.1,116.0,KAPENA GEORGE PANUI,IMO9816878,WDK6281,31,11,37,11,6.0,31,A
338033000,2024-01-13T21:29:47,20.05937,-155.87587,5.2,114.3,115.0,KAPENA GEORGE PANUI,IMO9816878,WDK6281,31,11,37,11,6.0,31,A
338033000,2024-01-13T21:30:48,20.05879,-155.87443,5.1,115.7,115.0,KAPENA GEORGE PANUI,IMO9816878,WDK6281,31,11,37,11,6.0,31,A
366888830,2024-05-03T15:37:28,20.06810,-155.88918,4.3,121.6,122.0,KAHU,IMO7404114,WDJ3338,52,11,38,10,4.0,52,A
366888830,2024-05-03T15:38:39,20.06747,-155.88783,4.3,119.8,120.0,KAHU,IMO7404114,WDJ3338,52,11,38,10,4.0,52,A
366888830,2024-05-03T15:39:48,20.06685,-155.88650,4.3,116.9,121.0,KAHU,IMO7404114,WDJ3338,52,11,38,10,4.0,52,A
366888830,2024-05-03T15:40:59,20.06618,-155.88518,4.3,117.5,121.0,KAHU,IMO7404114,WDJ3338,52,11,38,10,4.0,52,A
366888830,2024-05-03T15:42:19,20.06542,-155.88367,4.3,118.0,121.0,KAHU,IMO7404114,WDJ3338,52,11,38,10,4.0,52,A
366888830,2024-05-03T15:43:28,20.06473,-155.88237,4.3,122.7,121.0,KAHU,IMO7404114,WDJ3338,52,11,38,10,4.0,52,A
366888830,2024-05-03T15:44:48,20.06397,-155.88085,4.3,119.1,121.0,KAHU,IMO7404114,WDJ3338,52,11,38,10,4.0,52,A
366888830,2024-05-03T15:45:59,20.06325,-155.87950,4.5,119.5,121.0,KAHU,IMO7404114,WDJ3338,52,11,38,10,4.0,52,A
366888830,2024-05-03T15:47:09,20.06255,-155.87822,4.5,122.4,120.0,KAHU,IMO7404114,WDJ3338,52,11,38,10,4.0,52,A
366888830,2024-05-03T15:48:20,20.06185,-155.87687,4.5,121.3,120.0,KAHU,IMO7404114,WDJ3338,52,11,38,10,4.0,52,A
366888830,2024-05-03T15:49:29,20.06113,-155.87555,4.5,118.2,121.0,KAHU,IMO7404114,WDJ3338,52,11,38,10,4.0,52,A
366888830,2024-05-03T15:50:39,20.06042,-155.87423,4.5,118.6,121.0,KAHU,IMO7404114,WDJ3338,52,11,38,10,4.0,52,A
366888830,2024-05-03T15:51:49,20.05968,-155.87290,4.5,122.0,121.0,KAHU,IMO7404114,WDJ3338,52,11,38,10,4.0,52,A
366888830,2024-05-03T15:52:59,20.05893,-155.87157,4.5,119.1,121.0,KAHU,IMO7404114,WDJ3338,52,11,38,10,4.0,52,A
338033000,2024-02-10T08:49:10,20.05859,-155.87693,9.8,318.2,318.0,KAPENA GEORGE PANUI,IMO9816878,WDK6281,31,11,37,11,6.0,31,A
338033000,2024-02-10T08:50:12,20.06078,-155.87897,9.9,319.8,320.0,KAPENA GEORGE PANUI,IMO9816878,WDK6281,31,11,37,11,6.0,31,A
338033000,2024-02-10T08:51:19,20.06318,-155.88098,9.8,321.9,322.0,KAPENA GEORGE PANUI,IMO9816878,WDK6281,31,11,37,11,6.0,31,A
338033000,2024-02-10T08:52:20,20.06540,-155.88283,9.9,322.3,321.0,KAPENA GEORGE PANUI,IMO9816878,WDK6281,31,11,37,11,6.0,31,A
338033000,2024-02-10T08:53:25,20.06775,-155.88478,9.9,322.7,323.0,KAPENA GEORGE PANUI,IMO9816878,WDK6281,31,11,37,11,6.0,31,A
338033000,2024-02-10T08:54:27,20.07006,-155.88658,9.9,324.7,324.0,KAPENA GEORGE PANUI,IMO9816878,WDK6281,31,11,37,11,6.0,31,A
338033000,2024-02-10T08:55:29,20.07242,-155.88831,9.9,325.6,323.0,KAPENA GEORGE PANUI,IMO9816878,WDK6281,31,11,37,11,6.0,31,A
338033000,2024-02-10T08:56:32,20.07485,-155.89003,9.9,326.6,324.0,KAPENA GEORGE PANUI,IMO9816878,WDK6281,31,11,37,11,6.0,31,A
366888830,2024-03-19T15:50:48,20.06525,-155.88805,8.9,119.0,117.0,KAHU,IMO7404114,WDJ3338,52,11,38,10,4.0,52,A
366888830,2024-03-19T15:51:59,20.06383,-155.88523,9.1,119.1,118.0,KAHU,IMO7404114,WDJ3338,52,11,38,10,4.0,52,A
366888830,2024-03-19T15:53:08,20.06233,-155.88247,9.3,121.2,119.0,KAHU,IMO7404114,WDJ3338,52,11,38,10,4.0,52,A
366888830,2024-03-19T15:54:18,20.06078,-155.87970,9.3,121.4,119.0,KAHU,IMO7404114,WDJ3338,52,11,38,10,4.0,52,A
366888830,2024-03-19T15:55:29,20.05922,-155.87687,9.5,116.7,115.0,KAHU,IMO7404114,WDJ3338,52,11,38,10,4.0,52,A
338033000,2024-01-20T06:06:03,20.06046,-155.87991,9.7,313.6,314.0,KAPENA GEORGE PANUI,IMO9816878,WDK6281,31,5,37,11,6.0,31,A
338033000,2024-01-20T06:07:12,20.06263,-155.88229,9.7,315.5,316.0,KAPENA GEORGE PANUI,IMO9816878,WDK6281,31,11,37,11,6.0,31,A
338033000,2024-01-20T06:08:25,20.06498,-155.88475,9.7,314.8,315.0,KAPENA GEORGE PANUI,IMO9816878,WDK6281,31,11,37,11,6.0,31,A
338033000,2024-01-20T06:09:26,20.06687,-155.88679,9.4,314.2,316.0,KAPENA GEORGE PANUI,IMO9816878,WDK6281,31,11,37,11,6.0,31,A
338033000,2024-01-20T06:10:33,20.06907,-155.88893,9.5,320.8,321.0,KAPENA GEORGE PANUI,IMO9816878,WDK6281,31,11,37,11,6.0,31,A
366888830,2024-01-27T10:39:29,20.05992,-155.87547,10.5,299.1,300.0,KAHU,IMO7404114,WDJ3338,52,11,38,10,4.0,52,A
366888830,2024-01-27T10:40:38,20.06167,-155.87845,10.5,303.9,301.0,KAHU,IMO7404114,WDJ3338,52,11,38,10,4.0,52,A
366888830,2024-01-27T10:41:49,20.06348,-155.88155,10.3,299.4,300.0,KAHU,IMO7404114,WDJ3338,52,11,38,10,4.0,52,A
366888830,2024-01-27T10:42:58,20.06522,-155.88450,10.7,302.1,301.0,KAHU,IMO7404114,WDJ3338,52,11,38,10,4.0,52,A
366888830,2024-01-27T10:44:09,20.06707,-155.88758,10.3,300.2,300.0,KAHU,IMO7404114,WDJ3338,52,11,38,10,4.0,52,A
366888830,2024-03-29T15:50:50,20.06528,-155.88728,9.9,120.1,121.0,KAHU,IMO7404114,WDJ3338,52,11,38,10,4.0,52,A
366888830,2024-03-29T15:51:59,20.06377,-155.88440,9.7,118.3,119.0,KAHU,IMO7404114,WDJ3338,52,11,38,10,4.0,52,A
366888830,2024-03-29T15:53:09,20.06220,-155.88143,9.9,119.3,119.0,KAHU,IMO7404114,WDJ3338,52,11,38,10,4.0,52,A
366888830,2024-03-29T15:54:19,20.06072,-155.87843,9.9,116.8,117.0,KAHU,IMO7404114,WDJ3338,52,11,38,10,4.0,52,A
366888830,2024-03-29T15:55:29,20.05928,-155.87540,9.9,115.7,115.0,KAHU,IMO7404114,WDJ3338,52,11,38,10,4.0,52,A
366888830,2024-04-06T11:34:25,20.05908,-155.87637,10.1,300.8,299.0,KAHU,IMO7404114,WDJ3338,52,11,38,10,4.0,52,A
366888830,2024-04-06T11:35:36,20.06072,-155.87943,10.1,299.4,299.0,KAHU,IMO7404114,WDJ3338,52,11,38,10,4.0,52,A
366888830,2024-04-06T11:36:45,20.06232,-155.88235,10.1,300.1,299.0,KAHU,IMO7404114,WDJ3338,52,11,38,10,4.0,52,A
366888830,2024-04-06T11:37:55,20.06397,-155.88540,10.1,300.6,300.0,KAHU,IMO7404114,WDJ3338,52,11,38,10,4.0,52,A
366888830,2024-04-06T11:38:56,20.06537,-155.88790,10.1,299.0,299.0,KAHU,IMO7404114,WDJ3338,52,11,38,10,4.0,52,A
303681000,2023-12-05T16:47:17,20.06847,-155.88893,6.0,120.9,119.0,MOUNT DRUM,,WDJ7294,52,0,,,,4,A
303681000,2023-12-05T16:48:27,20.06746,-155.88706,6.0,120.4,120.0,MOUNT DRUM,,WDJ7294,52,0,,,,4,A
303681000,2023-12-05T16:49:28,20.06659,-155.88547,6.0,121.1,120.0,MOUNT DRUM,,WDJ7294,52,0,,,,4,A
303681000,2023-12-05T16:50:35,20.06562,-155.88378,6.1,120.9,119.0,MOUNT DRUM,,WDJ7294,52,0,,,,4,A
303681000,2023-12-05T16:51:36,20.06478,-155.88222,5.9,119.9,117.0,MOUNT DRUM,,WDJ7294,52,0,,,,4,A
303681000,2023-12-05T16:52:37,20.06393,-155.88064,6.0,121.0,119.0,MOUNT DRUM,,WDJ7294,52,0,,,,4,A
303681000,2023-12-05T16:53:47,20.06300,-155.87884,6.0,119.3,118.0,MOUNT DRUM,,WDJ7294,52,0,,,,4,A
303681000,2023-12-05T16:54:48,20.06213,-155.87718,6.8,120.0,120.0,MOUNT DRUM,,WDJ7294,52,0,,,,4,A
303681000,2023-12-05T16:55:56,20.06104,-155.87532,6.1,120.4,119.0,MOUNT DRUM,,WDJ7294,52,0,,,,4,A
303681000,2023-12-05T16:57:06,20.06009,-155.87361,5.8,121.4,120.0,MOUNT DRUM,,WDJ7294,52,0,,,,4,A
303681000,2023-12-05T16:58:17,20.05909,-155.87196,5.5,121.2,119.0,MOUNT DRUM,,WDJ7294,52,0,,,,4,A
303681000,2023-12-06T10:01:12,20.05874,-155.88103,10.0,298.5,297.0,MOUNT DRUM,,WDJ7294,52,0,,,,4,A
303681000,2023-12-06T10:02:21,20.06020,-155.88398,9.9,298.5,296.0,MOUNT DRUM,,WDJ7294,52,0,,,,4,A
303681000,2023-12-06T10:03:32,20.06177,-155.88701,9.9,299.9,296.0,MOUNT DRUM,,WDJ7294,52,0,,,,4,A
303681000,2023-12-06T10:04:42,20.06329,-155.89008,9.9,296.9,295.0,MOUNT DRUM,,WDJ7294,52,0,,,,4,A
338627000,2023-12-08T14:53:34,20.06896,-155.88843,8.1,124.3,129.0,KAPENA BOB PURDY,IMO9816880,WDK6288,32,11,37,11,4.0,32,A
338627000,2023-12-08T14:54:46,20.06748,-155.88607,8.2,124.0,129.0,KAPENA BOB PURDY,IMO9816880,WDK6288,32,11,37,11,4.0,32,A
338627000,2023-12-08T14:55:55,20.06610,-155.88387,6.9,122.5,128.0,KAPENA BOB PURDY,IMO9816880,WDK6288,32,11,37,11,4.0,32,A
338627000,2023-12-08T14:57:05,20.06491,-155.88193,6.2,123.4,129.0,KAPENA BOB PURDY,IMO9816880,WDK6288,32,11,37,11,4.0,32,A
338627000,2023-12-08T14:58:06,20.06399,-155.88048,6.0,123.0,129.0,KAPENA BOB PURDY,IMO9816880,WDK6288,32,11,37,11,4.0,32,A
338627000,2023-12-08T14:59:14,20.06293,-155.87877,5.9,123.5,129.0,KAPENA BOB PURDY,IMO9816880,WDK6288,32,11,37,11,4.0,32,A
338627000,2023-12-08T15:00:05,20.06221,-155.87761,5.2,123.5,129.0,KAPENA BOB PURDY,IMO9816880,WDK6288,32,11,37,11,4.0,32,A
338627000,2023-12-08T15:01:14,20.06127,-155.87607,5.5,123.1,129.0,KAPENA BOB PURDY,IMO9816880,WDK6288,32,11,37,11,4.0,32,A
338627000,2023-12-08T15:02:25,20.06028,-155.87445,5.5,122.5,129.0,KAPENA BOB PURDY,IMO9816880,WDK6288,32,11,37,11,4.0,32,A
338627000,2023-12-08T15:03:34,20.05938,-155.87300,4.8,121.5,128.0,KAPENA BOB PURDY,IMO9816880,WDK6288,32,11,37,11,4.0,32,A
338627000,2023-12-09T07:43:32,20.06032,-155.88103,9.9,308.9,311.0,KAPENA BOB PURDY,IMO9816880,WDK6288,32,11,37,11,4.0,32,A
338627000,2023-12-09T07:44:52,20.06265,-155.88400,10.0,310.4,312.0,KAPENA BOB PURDY,IMO9816880,WDK6288,32,11,37,11,4.0,32,A
338627000,2023-12-09T07:46:03,20.06477,-155.88667,9.9,309.9,311.0,KAPENA BOB PURDY,IMO9816880,WDK6288,32,11,37,11,4.0,32,A
338627000,2023-12-09T07:47:13,20.06676,-155.88940,9.9,305.7,306.0,KAPENA BOB PURDY,IMO9816880,WDK6288,32,11,37,11,4.0,32,A
303681000,2023-12-12T16:04:46,20.07042,-155.89019,6.0,122.8,123.0,MOUNT DRUM,,WDJ7294,52,0,,,,4,A
303681000,2023-12-12T16:05:56,20.06932,-155.88846,5.9,124.4,124.0,MOUNT DRUM,,WDJ7294,52,0,,,,4,A
303681000,2023-12-12T16:07:04,20.06834,-155.88683,6.0,121.7,123.0,MOUNT DRUM,,WDJ7294,52,0,,,,4,A
303681000,2023-12-12T16:08:06,20.06739,-155.88528,6.0,122.0,121.0,MOUNT DRUM,,WDJ7294,52,0,,,,4,A
303681000,2023-12-12T16:09:15,20.06636,-155.88351,6.0,121.3,120.0,MOUNT DRUM,,WDJ7294,52,0,,,,4,A
303681000,2023-12-12T16:10:25,20.06535,-155.88175,5.9,122.0,122.0,MOUNT DRUM,,WDJ7294,52,0,,,,4,A
303681000,2023-12-12T16:11:36,20.06434,-155.88002,5.9,120.6,120.0,MOUNT DRUM,,WDJ7294,52,0,,,,4,A
303681000,2023-12-12T16:12:38,20.06346,-155.87845,5.9,120.8,121.0,MOUNT DRUM,,WDJ7294,52,0,,,,4,A
303681000,2023-12-12T16:13:45,20.06255,-155.87685,5.9,120.7,121.0,MOUNT DRUM,,WDJ7294,52,0,,,,4,A
303681000,2023-12-12T16:14:56,20.06148,-155.87501,5.8,123.4,123.0,MOUNT DRUM,,WDJ7294,52,0,,,,4,A
303681000,2023-12-12T16:16:05,20.06045,-155.87345,5.8,124.6,122.0,MOUNT DRUM,,WDJ7294,52,0,,,,4,A
303681000,2023-12-12T16:17:07,20.05954,-155.87186,5.9,121.5,122.0,MOUNT DRUM,,WDJ7294,52,0,,,,4,A
303681000,2023-12-13T06:10:36,20.05970,-155.87576,9.5,299.1,295.0,MOUNT DRUM,,WDJ7294,52,0,,,,4,A
303681000,2023-12-13T06:11:45,20.06122,-155.87870,9.5,298.7,295.0,MOUNT DRUM,,WDJ7294,52,0,,,,4,A
303681000,2023-12-13T06:12:56,20.06275,-155.88159,9.5,299.1,295.0,MOUNT DRUM,,WDJ7294,52,0,,,,4,A
303681000,2023-12-13T06:14:05,20.06423,-155.88442,9.5,299.0,295.0,MOUNT DRUM,,WDJ7294,52,0,,,,4,A
303681000,2023-12-13T06:15:16,20.06571,-155.88731,102.3,360.0,296.0,MOUNT DRUM,,WDJ7294,52,0,,,,4,A
303681000,2023-12-13T06:16:26,20.06728,-155.89018,9.5,298.8,295.0,MOUNT DRUM,,WDJ7294,52,0,,,,4,A
303681000,2023-12-15T19:26:40,20.06850,-155.88960,8.3,118.8,119.0,MOUNT DRUM,,WDJ7294,52,0,,,,4,A
303681000,2023-12-15T19:27:44,20.06749,-155.88753,6.5,116.5,117.0,MOUNT DRUM,,WDJ7294,52,0,,,,4,A
303681000,2023-12-15T19:28:54,20.06650,-155.88565,6.1,120.7,121.0,MOUNT DRUM,,WDJ7294,52,0,,,,4,A
303681000,2023-12-15T19:30:04,20.06557,-155.88388,5.7,118.7,121.0,MOUNT DRUM,,WDJ7294,52,0,,,,4,A
303681000,2023-12-15T19:31:07,20.06477,-155.88236,5.7,116.1,119.0,MOUNT DRUM,,WDJ7294,52,0,,,,4,A
303681000,2023-12-15T19:32:14,20.06396,-155.88075,5.8,119.7,120.0,MOUNT DRUM,,WDJ7294,52,0,,,,4,A
303681000,2023-12-15T19:33:15,20.06316,-155.87914,5.7,118.4,119.0,MOUNT DRUM,,WDJ7294,52,0,,,,4,A
303681000,2023-12-15T19:34:23,20.06230,-155.87751,5.8,121.2,122.0,MOUNT DRUM,,WDJ7294,52,0,,,,4,A
303681000,2023-12-15T19:35:24,20.06143,-155.87597,5.9,119.8,120.0,MOUNT DRUM,,WDJ7294,52,0,,,,4,A
303681000,2023-12-15T19:36:35,20.06044,-155.87416,5.9,120.5,121.0,MOUNT DRUM,,WDJ7294,52,0,,,,4,A
303681000,2023-12-15T19:37:54,20.05936,-155.87221,6.0,120.2,121.0,MOUNT DRUM,,WDJ7294,52,0,,,,4,A
303681000,2023-12-16T09:41:58,20.05893,-155.87342,9.4,302.4,298.0,MOUNT DRUM,,WDJ7294,52,0,,,,4,A
303681000,2023-12-16T09:43:07,20.06049,-155.87616,9.5,301.5,297.0,MOUNT DRUM,,WDJ7294,52,0,,,,4,A
303681000,2023-12-16T09:44:17,20.06207,-155.87898,9.6,300.6,297.0,MOUNT DRUM,,WDJ7294,52,0,,,,4,A
303681000,2023-12-16T09:45:26,20.06365,-155.88189,9.7,300.8,296.0,MOUNT DRUM,,WDJ7294,52,0,,,,4,A
303681000,2023-12-16T09:46:34,20.06523,-155.88463,9.8,302.9,296.0,MOUNT DRUM,,WDJ7294,52,0,,,,4,A
303681000,2023-12-16T09:47:47,20.06686,-155.88774,9.9,301.3,298.0,MOUNT DRUM,,WDJ7294,52,0,,,,4,A
303681000,2023-12-16T09:48:48,20.06839,-155.89021,10.0,300.9,297.0,MOUNT DRUM,,WDJ7294,52,0,,,,4,A
338627000,2023-12-19T15:20:35,20.07286,-155.88867,9.2,124.0,125.0,KAPENA BOB PURDY,IMO9816880,WDK6288,32,11,37,11,4.0,32,A
338627000,2023-12-19T15:21:45,20.07126,-155.88605,9.2,122.3,125.0,KAPENA BOB PURDY,IMO9816880,WDK6288,32,11,37,11,4.0,32,A
338627000,2023-12-19T15:23:04,20.06946,-155.88320,7.8,125.0,127.0,KAPENA BOB PURDY,IMO9816880,WDK6288,32,11,37,11,4.0,32,A
338627000,2023-12-19T15:24:15,20.06796,-155.88113,6.9,128.9,131.0,KAPENA BOB PURDY,IMO9816880,WDK6288,32,11,37,11,4.0,32,A
338627000,2023-12-19T15:25:34,20.06658,-155.87939,5.7,131.0,132.0,KAPENA BOB PURDY,IMO9816880,WDK6288,32,11,37,11,4.0,32,A
338627000,2023-12-19T15:26:45,20.06537,-155.87791,5.5,131.5,132.0,KAPENA BOB PURDY,IMO9816880,WDK6288,32,11,37,11,4.0,32,A
338627000,2023-12-19T15:27:54,20.06423,-155.87649,5.4,132.9,132.0,KAPENA BOB PURDY,IMO9816880,WDK6288,32,11,37,11,4.0,32,A
338627000,2023-12-19T15:28:55,20.06325,-155.87529,5.3,131.6,133.0,KAPENA BOB PURDY,IMO9816880,WDK6288,32,11,37,11,4.0,32,A
338627000,2023-12-19T15:30:04,20.06212,-155.87395,5.2,132.4,132.0,KAPENA BOB PURDY,IMO9816880,WDK6288,32,11,37,11,4.0,32,A
338627000,2023-12-19T15:31:15,20.06100,-155.87261,5.2,133.0,132.0,KAPENA BOB PURDY,IMO9816880,WDK6288,32,11,37,11,4.0,32,A
338627000,2023-12-19T15:32:25,20.05986,-155.87122,5.2,131.6,132.0,KAPENA BOB PURDY,IMO9816880,WDK6288,32,11,37,11,4.0,32,A
338627000,2023-12-19T15:33:34,20.05875,-155.86991,5.3,131.6,132.0,KAPENA BOB PURDY,IMO9816880,WDK6288,32,11,37,11,4.0,32,A
338627000,2023-12-20T05:25:07,20.05935,-155.87444,8.1,304.6,308.0,KAPENA BOB PURDY,IMO9816880,WDK6288,32,5,37,11,4.0,32,A
338627000,2023-12-20T05:26:17,20.06085,-155.87674,8.3,304.0,309.0,KAPENA BOB PURDY,IMO9816880,WDK6288,32,5,37,11,4.0,32,A
338627000,2023-12-20T05:27:27,20.06243,-155.87913,8.3,305.2,308.0,KAPENA BOB PURDY,IMO9816880,WDK6288,32,5,37,11,4.0,32,A
338627000,2023-12-20T05:28:37,20.06396,-155.88146,8.3,304.4,308.0,KAPENA BOB PURDY,IMO9816880,WDK6288,32,5,37,11,4.0,32,A
338627000,2023-12-20T05:29:48,20.06553,-155.88385,8.3,304.6,308.0,KAPENA BOB PURDY,IMO9816880,WDK6288,32,5,37,11,4.0,32,A
338627000,2023-12-20T05:30:57,20.06704,-155.88618,8.4,304.0,308.0,KAPENA BOB PURDY,IMO9816880,WDK6288,32,5,37,11,4.0,32,A
338627000,2023-12-20T05:32:07,20.06858,-155.88856,8.3,304.8,309.0,KAPENA BOB PURDY,IMO9816880,WDK6288,32,5,37,11,4.0,32,A
338627000,2023-12-22T18:24:08,20.06265,-155.88952,5.3,117.2,120.0,KAPENA BOB PURDY,IMO9816880,WDK6288,32,11,37,11,4.0,32,A
338627000,2023-12-22T18:25:13,20.06200,-155.88802,5.2,114.7,119.0,KAPENA BOB PURDY,IMO9816880,WDK6288,32,11,37,11,4.0,32,A
338627000,2023-12-22T18:26:22,20.06123,-155.88641,5.3,117.3,120.0,KAPENA BOB PURDY,IMO9816880,WDK6288,32,11,37,11,4.0,32,A
338627000,2023-12-22T18:27:31,20.06051,-155.88481,5.1,116.9,120.0,KAPENA BOB PURDY,IMO9816880,WDK6288,32,11,37,11,4.0,32,A
338627000,2023-12-22T18:28:43,20.05974,-155.88324,5.0,115.6,120.0,KAPENA BOB PURDY,IMO9816880,WDK6288,32,11,37,11,4.0,32,A
338627000,2023-12-22T18:29:52,20.05904,-155.88174,4.9,115.8,119.0,KAPENA BOB PURDY,IMO9816880,WDK6288,32,11,37,11,4.0,32,A
338627000,2023-12-23T09:38:41,20.05870,-155.87610,9.2,307.3,310.0,KAPENA BOB PURDY,IMO9816880,WDK6288,32,5,37,11,4.0,32,A
338627000,2023-12-23T09:39:51,20.06052,-155.87867,9.2,306.8,310.0,KAPENA BOB PURDY,IMO9816880,WDK6288,32,5,37,11,4.0,32,A
338627000,2023-12-23T09:41:00,20.06227,-155.88113,9.2,306.8,309.0,KAPENA BOB PURDY,IMO9816880,WDK6288,32,5,37,11,4.0,32,A
338627000,2023-12-23T09:42:11,20.06408,-155.88373,9.3,306.1,309.0,KAPENA BOB PURDY,IMO9816880,WDK6288,32,5,37,11,4.0,32,A
338627000,2023-12-23T09:43:21,20.06581,-155.88632,9.2,303.8,307.0,KAPENA BOB PURDY,IMO9816880,WDK6288,32,5,37,11,4.0,32,A
338627000,2023-12-23T09:44:30,20.06745,-155.88894,9.1,302.7,307.0,KAPENA BOB PURDY,IMO9816880,WDK6288,32,5,37,11,4.0,32,A
338627000,2023-12-26T14:53:18,20.06452,-155.88839,7.0,121.6,123.0,KAPENA BOB PURDY,IMO9816880,WDK6288,32,11,37,11,4.0,32,A
338627000,2023-12-26T14:54:28,20.06332,-155.88635,6.9,122.1,123.0,KAPENA BOB PURDY,IMO9816880,WDK6288,32,11,37,11,4.0,32,A
338627000,2023-12-26T14:55:31,20.06227,-155.88454,6.9,120.1,120.0,KAPENA BOB PURDY,IMO9816880,WDK6288,32,11,37,11,4.0,32,A
338627000,2023-12-26T14:56:38,20.06126,-155.88254,6.9,118.1,119.0,KAPENA BOB PURDY,IMO9816880,WDK6288,32,11,37,11,4.0,32,A
338627000,2023-12-26T14:57:47,20.06025,-155.88047,6.7,116.7,119.0,KAPENA BOB PURDY,IMO9816880,WDK6288,32,11,37,11,4.0,32,A
338627000,2023-12-26T14:58:57,20.05925,-155.87843,6.7,118.0,118.0,KAPENA BOB PURDY,IMO9816880,WDK6288,32,11,37,11,4.0,32,A
338627000,2023-12-27T03:58:45,20.05971,-155.87643,8.4,313.7,315.0,KAPENA BOB PURDY,IMO9816880,WDK6288,32,5,37,11,4.0,32,A
338627000,2023-12-27T03:59:55,20.06165,-155.87856,8.5,314.6,317.0,KAPENA BOB PURDY,IMO9816880,WDK6288,32,5,37,11,4.0,32,A
338627000,2023-12-27T04:00:04,20.06190,-155.87882,8.5,314.9,316.0,KAPENA BOB PURDY,IMO9816880,WDK6288,32,5,37,11,4.0,32,A
338627000,2023-12-27T04:01:34,20.06433,-155.88150,8.6,314.0,315.0,KAPENA BOB PURDY,IMO9816880,WDK6288,32,5,37,11,4.0,32,A
338627000,2023-12-27T04:02:45,20.06629,-155.88362,8.5,313.9,316.0,KAPENA BOB PURDY,IMO9816880,WDK6288,32,5,37,11,4.0,32,A
338627000,2023-12-27T04:04:04,20.06848,-155.88602,8.5,313.9,316.0,KAPENA BOB PURDY,IMO9816880,WDK6288,32,5,37,11,4.0,32,A
338627000,2023-12-27T04:05:24,20.07065,-155.88848,8.6,310.4,312.0,KAPENA BOB PURDY,IMO9816880,WDK6288,32,5,37,11,4.0,32,A
338627000,2023-12-29T15:04:12,20.06606,-155.88913,9.5,121.4,127.0,KAPENA BOB PURDY,IMO9816880,WDK6288,32,11,37,11,4.0,32,A
338627000,2023-12-29T15:05:20,20.06447,-155.88645,9.4,122.2,126.0,KAPENA BOB PURDY,IMO9816880,WDK6288,32,11,37,11,4.0,32,A
338627000,2023-12-29T15:06:24,20.06298,-155.88394,8.9,122.0,125.0,KAPENA BOB PURDY,IMO9816880,WDK6288,32,11,37,11,4.0,32,A
338627000,2023-12-29T15:07:27,20.06161,-155.88193,7.9,128.1,131.0,KAPENA BOB PURDY,IMO9816880,WDK6288,32,11,37,11,4.0,32,A
338627000,2023-12-29T15:08:29,20.06027,-155.88009,6.7,126.4,128.0,KAPENA BOB PURDY,IMO9816880,WDK6288,32,11,37,11,4.0,32,A
338627000,2023-12-29T15:09:40,20.05906,-155.87830,6.0,125.4,127.0,KAPENA BOB PURDY,IMO9816880,WDK6288,32,11,37,11,4.0,32,A
338627000,2023-12-30T04:23:06,20.05863,-155.87052,9.7,310.6,312.0,KAPENA BOB PURDY,IMO9816880,WDK6288,32,11,37,11,4.0,32,A
338627000,2023-12-30T04:24:16,20.06069,-155.87305,9.7,311.0,311.0,KAPENA BOB PURDY,IMO9816880,WDK6288,32,11,37,11,4.0,32,A
338627000,2023-12-30T04:25:27,20.06281,-155.87566,9.8,311.7,312.0,KAPENA BOB PURDY,IMO9816880,WDK6288,32,11,37,11,4.0,32,A
338627000,2023-12-30T04:26:37,20.06490,-155.87820,9.8,311.4,311.0,KAPENA BOB PURDY,IMO9816880,WDK6288,32,11,37,11,4.0,32,A
338627000,2023-12-30T04:27:55,20.06726,-155.88110,9.8,310.9,312.0,KAPENA BOB PURDY,IMO9816880,WDK6288,32,11,37,11,4.0,32,A
338627000,2023-12-30T04:29:06,20.06934,-155.88369,9.9,310.0,312.0,KAPENA BOB PURDY,IMO9816880,WDK6288,32,11,37,11,4.0,32,A
338627000,2023-12-30T04:30:15,20.07141,-155.88629,9.9,310.0,311.0,KAPENA BOB PURDY,IMO9816880,WDK6288,32,11,37,11,4.0,32,A
338627000,2023-12-30T04:31:27,20.07350,-155.88896,9.9,310.1,312.0,KAPENA BOB PURDY,IMO9816880,WDK6288,32,11,37,11,4.0,32,A
367741950,2023-12-03T23:55:38,20.05858,-155.87197,5.2,336.1,511.0,ENJOY,,WDI8766,37,,,,,,B
367741950,2023-12-03T23:57:07,20.06073,-155.87292,5.6,334.0,511.0,ENJOY,,WDI8766,37,,,,,,B
367741950,2023-12-03T23:58:36,20.06280,-155.87375,5.3,342.0,511.0,ENJOY,,WDI8766,37,,,,,,B
367741950,2023-12-04T00:00:36,20.06557,-155.87504,5.3,334.8,511.0,ENJOY,,WDI8766,37,,,,,,B
367741950,2023-12-04T00:03:09,20.06904,-155.87673,5.5,334.5,511.0,ENJOY,,WDI8766,37,,,,,,B
367741950,2023-12-04T00:05:07,20.07190,-155.87791,5.5,335.9,511.0,ENJOY,,WDI8766,37,,,,,,B
367741950,2023-12-04T00:07:07,20.07456,-155.87912,4.8,334.5,511.0,ENJOY,,WDI8766,37,,,,,,B
367741950,2023-12-04T00:09:08,20.07727,-155.88036,5.3,336.4,511.0,ENJOY,,WDI8766,37,,,,,,B
367741950,2023-12-04T00:10:38,20.07936,-155.88131,5.4,337.7,511.0,ENJOY,,WDI8766,37,,,,,,B
367741950,2023-12-04T00:12:07,20.08141,-155.88226,5.5,339.3,511.0,ENJOY,,WDI8766,37,,,,,,B
367741950,2023-12-04T00:14:07,20.08410,-155.88353,5.3,338.2,511.0,ENJOY,,WDI8766,37,,,,,,B
367741950,2023-12-04T00:15:36,20.08599,-155.88427,3.8,336.9,511.0,ENJOY,,WDI8766,37,,,,,,B
367741950,2023-12-04T00:16:39,20.08687,-155.88457,3.0,346.8,511.0,ENJOY,,WDI8766,37,,,,,,B
367741950,2023-12-04T00:18:06,20.08800,-155.88487,2.9,338.1,511.0,ENJOY,,WDI8766,37,,,,,,B
367741950,2023-12-04T00:19:07,20.08878,-155.88515,3.1,341.7,511.0,ENJOY,,WDI8766,37,,,,,,B
367741950,2023-12-04T00:20:37,20.08996,-155.88556,3.1,344.0,511.0,ENJOY,,WDI8766,37,,,,,,B
367741950,2023-12-04T00:22:09,20.09132,-155.88596,3.3,344.6,511.0,ENJOY,,WDI8766,37,,,,,,B
367741950,2023-12-04T00:23:37,20.09260,-155.88634,3.2,344.9,511.0,ENJOY,,WDI8766,37,,,,,,B
367741950,2023-12-04T00:25:06,20.09387,-155.88675,3.3,336.8,511.0,ENJOY,,WDI8766,37,,,,,,B
367449870,2023-12-11T02:40:40,20.07022,-155.88988,3.7,133.2,138.0,BROOKE CHAPMAN,IMO9223875,WDI8453,31,0,33,10,3.7,32,A
367449870,2023-12-11T02:41:52,20.06936,-155.88896,3.7,134.7,138.0,BROOKE CHAPMAN,IMO9223875,WDI8453,31,0,33,10,3.7,32,A
367449870,2023-12-11T02:43:01,20.06855,-155.88804,3.7,133.2,136.0,BROOKE CHAPMAN,IMO9223875,WDI8453,31,0,33,10,3.7,32,A
367449870,2023-12-11T02:44:11,20.06775,-155.88709,3.7,131.7,135.0,BROOKE CHAPMAN,IMO9223875,WDI8453,31,0,33,10,3.7,32,A
367449870,2023-12-11T02:45:12,20.06710,-155.88628,3.7,131.4,135.0,BROOKE CHAPMAN,IMO9223875,WDI8453,31,0,33,10,3.7,32,A
367449870,2023-12-11T02:46:21,20.06633,-155.88528,3.7,128.0,129.0,BROOKE CHAPMAN,IMO9223875,WDI8453,31,0,33,10,3.7,32,A
367449870,2023-12-11T02:47:31,20.06564,-155.88422,3.8,122.3,124.0,BROOKE CHAPMAN,IMO9223875,WDI8453,31,0,33,10,3.7,32,A
367449870,2023-12-11T02:48:42,20.06499,-155.88307,3.8,120.1,123.0,BROOKE CHAPMAN,IMO9223875,WDI8453,31,0,33,10,3.7,32,A
367449870,2023-12-11T02:49:50,20.06440,-155.88198,3.8,119.3,123.0,BROOKE CHAPMAN,IMO9223875,WDI8453,31,0,33,10,3.7,32,A
367449870,2023-12-11T02:51:02,20.06378,-155.88081,3.8,119.2,123.0,BROOKE CHAPMAN,IMO9223875,WDI8453,31,0,33,10,3.7,32,A
367449870,2023-12-11T02:52:10,20.06316,-155.87969,3.8,118.5,123.0,BROOKE CHAPMAN,IMO9223875,WDI8453,31,0,33,10,3.7,32,A
367449870,2023-12-11T02:53:20,20.06255,-155.87854,3.8,120.4,124.0,BROOKE CHAPMAN,IMO9223875,WDI8453,31,0,33,10,3.7,32,A
367449870,2023-12-11T02:54:32,20.06191,-155.87740,3.9,120.0,124.0,BROOKE CHAPMAN,IMO9223875,WDI8453,31,0,33,10,3.7,32,A
367449870,2023-12-11T02:55:41,20.06130,-155.87627,3.8,119.9,122.0,BROOKE CHAPMAN,IMO9223875,WDI8453,31,0,33,10,3.7,32,A
367449870,2023-12-11T02:56:51,20.06070,-155.87510,3.8,118.8,121.0,BROOKE CHAPMAN,IMO9223875,WDI8453,31,0,33,10,3.7,32,A
367449870,2023-12-11T02:58:01,20.06010,-155.87393,3.9,117.1,120.0,BROOKE CHAPMAN,IMO9223875,WDI8453,31,0,33,10,3.7,32,A
367449870,2023-12-11T02:59:11,20.05950,-155.87273,4.4,117.2,121.0,BROOKE CHAPMAN,IMO9223875,WDI8453,31,0,33,10,3.7,32,A
367449870,2023-12-11T03:00:01,20.05905,-155.87179,4.4,117.2,121.0,BROOKE CHAPMAN,IMO9223875,WDI8453,31,0,33,10,3.7,32,A
366888830,2023-12-12T17:41:33,20.07018,-155.88893,5.8,124.6,124.0,KAHU,IMO7404114,WDJ3338,31,11,36,10,4.5,52,A
366888830,2023-12-12T17:42:43,20.06917,-155.88720,6.0,123.8,125.0,KAHU,IMO7404114,WDJ3338,31,11,36,10,4.5,52,A
366888830,2023-12-12T17:43:51,20.06815,-155.88553,6.0,124.0,125.0,KAHU,IMO7404114,WDJ3338,31,11,36,10,4.5,52,A
366888830,2023-12-12T17:45:01,20.06710,-155.88382,6.0,122.4,125.0,KAHU,IMO7404114,WDJ3338,31,11,36,10,4.5,52,A
366888830,2023-12-12T17:46:02,20.06622,-155.88233,5.8,123.5,124.0,KAHU,IMO7404114,WDJ3338,31,11,36,10,4.5,52,A
366888830,2023-12-12T17:47:11,20.06518,-155.88063,5.8,122.1,124.0,KAHU,IMO7404114,WDJ3338,31,11,36,10,4.5,52,A
366888830,2023-12-12T17:48:22,20.06413,-155.87887,6.0,123.0,125.0,KAHU,IMO7404114,WDJ3338,31,11,36,10,4.5,52,A
366888830,2023-12-12T17:49:31,20.06310,-155.87715,6.0,123.5,125.0,KAHU,IMO7404114,WDJ3338,31,11,36,10,4.5,52,A
366888830,2023-12-12T17:50:41,20.06202,-155.87540,6.0,124.3,125.0,KAHU,IMO7404114,WDJ3338,31,11,36,10,4.5,52,A
366888830,2023-12-12T17:51:52,20.06092,-155.87368,6.2,123.2,125.0,KAHU,IMO7404114,WDJ3338,31,11,36,10,4.5,52,A
366888830,2023-12-12T17:53:01,20.05980,-155.87197,6.0,122.0,125.0,KAHU,IMO7404114,WDJ3338,31,11,36,10,4.5,52,A
366888830,2023-12-12T17:54:11,20.05870,-155.87025,6.0,124.1,125.0,KAHU,IMO7404114,WDJ3338,31,11,36,10,4.5,52,A
366888830,2023-12-13T09:27:35,20.05858,-155.87568,10.7,299.2,296.0,KAHU,IMO7404114,WDJ3338,31,11,36,10,4.5,52,A
366888830,2023-12-13T09:28:43,20.06032,-155.87888,10.9,301.2,298.0,KAHU,IMO7404114,WDJ3338,31,11,36,10,4.5,52,A
366888830,2023-12-13T09:29:54,20.06207,-155.88215,10.9,299.5,297.0,KAHU,IMO7404114,WDJ3338,31,11,36,10,4.5,52,A
366888830,2023-12-13T09:31:03,20.06377,-155.88535,10.7,298.6,297.0,KAHU,IMO7404114,WDJ3338,31,11,36,10,4.5,52,A
366888830,2023-12-13T09:32:11,20.06543,-155.88853,10.9,299.4,297.0,KAHU,IMO7404114,WDJ3338,31,11,36,10,4.5,52,A
366888830,2023-12-19T15:52:32,20.06523,-155.88888,7.6,118.2,116.0,KAHU,IMO7404114,WDJ3338,31,11,36,10,4.5,52,A
366888830,2023-12-19T15:53:41,20.06405,-155.88665,7.6,118.4,117.0,KAHU,IMO7404114,WDJ3338,31,11,36,10,4.5,52,A
366888830,2023-12-19T15:54:50,20.06285,-155.88440,7.6,118.8,115.0,KAHU,IMO7404114,WDJ3338,31,11,36,10,4.5,52,A
366888830,2023-12-19T15:55:51,20.06185,-155.88245,7.4,118.3,116.0,KAHU,IMO7404114,WDJ3338,31,11,36,10,4.5,52,A
366888830,2023-12-19T15:57:01,20.06072,-155.88015,7.6,117.5,115.0,KAHU,IMO7404114,WDJ3338,31,11,36,10,4.5,52,A
366888830,2023-12-19T15:58:05,20.05968,-155.87805,7.6,114.2,111.0,KAHU,IMO7404114,WDJ3338,31,11,36,10,4.5,52,A
366888830,2023-12-19T15:59:07,20.05890,-155.87657,4.9,120.6,118.0,KAHU,IMO7404114,WDJ3338,31,11,36,10,4.5,52,A
366873510,2023-12-19T16:07:08,20.08209,-155.88978,5.4,142.6,511.0,AMERICAN CHALLENGER,IMO7420479,WDG6869,31,0,33,9,4.1,52,A
366873510,2023-12-19T16:08:18,20.08079,-155.88871,4.6,141.4,511.0,AMERICAN CHALLENGER,IMO7420479,WDG6869,31,0,33,9,4.1,52,A
366873510,2023-12-19T16:09:28,20.07959,-155.88773,4.7,141.7,511.0,AMERICAN CHALLENGER,IMO7420479,WDG6869,31,0,33,9,4.1,52,A
366873510,2023-12-19T16:10:39,20.07840,-155.88667,4.6,138.1,511.0,AMERICAN CHALLENGER,IMO7420479,WDG6869,31,0,33,9,4.1,52,A
366873510,2023-12-19T16:11:49,20.07737,-155.88569,4.1,138.3,511.0,AMERICAN CHALLENGER,IMO7420479,WDG6869,31,0,33,9,4.1,52,A
366873510,2023-12-19T16:12:59,20.07634,-155.88470,4.3,138.2,511.0,AMERICAN CHALLENGER,IMO7420479,WDG6869,31,0,33,9,4.1,52,A
366873510,2023-12-19T16:14:09,20.07532,-155.88372,4.3,137.6,511.0,AMERICAN CHALLENGER,IMO7420479,WDG6869,31,0,33,9,4.1,52,A
366873510,2023-12-19T16:15:19,20.07429,-155.88268,4.3,137.2,511.0,AMERICAN CHALLENGER,IMO7420479,WDG6869,31,0,33,9,4.1,52,A
366873510,2023-12-19T16:16:28,20.07327,-155.88168,4.4,137.7,511.0,AMERICAN CHALLENGER,IMO7420479,WDG6869,31,0,33,9,4.1,52,A
366873510,2023-12-19T16:17:38,20.07224,-155.88067,4.3,137.1,511.0,AMERICAN CHALLENGER,IMO7420479,WDG6869,31,0,33,9,4.1,52,A
366873510,2023-12-19T16:18:49,20.07120,-155.87965,4.3,138.0,511.0,AMERICAN CHALLENGER,IMO7420479,WDG6869,31,0,33,9,4.1,52,A
366873510,2023-12-19T16:19:58,20.07015,-155.87866,4.9,139.1,511.0,AMERICAN CHALLENGER,IMO7420479,WDG6869,31,0,33,9,4.1,52,A
366873510,2023-12-19T16:21:28,20.06858,-155.87724,4.7,139.3,511.0,AMERICAN CHALLENGER,IMO7420479,WDG6869,31,0,33,9,4.1,52,A
366873510,2023-12-19T16:22:38,20.06739,-155.87615,4.7,138.7,511.0,AMERICAN CHALLENGER,IMO7420479,WDG6869,31,0,33,9,4.1,52,A
366873510,2023-12-19T16:23:48,20.06623,-155.87508,4.8,139.0,511.0,AMERICAN CHALLENGER,IMO7420479,WDG6869,31,0,33,9,4.1,52,A
366873510,2023-12-19T16:24:58,20.06510,-155.87401,4.7,138.7,511.0,AMERICAN CHALLENGER,IMO7420479,WDG6869,31,0,33,9,4.1,52,A
366873510,2023-12-19T16:26:09,20.06396,-155.87286,4.7,135.4,511.0,AMERICAN CHALLENGER,IMO7420479,WDG6869,31,0,33,9,4.1,52,A
366873510,2023-12-19T16:27:18,20.06288,-155.87172,4.8,135.1,511.0,AMERICAN CHALLENGER,IMO7420479,WDG6869,31,0,33,9,4.1,52,A
366873510,2023-12-19T16:28:28,20.06178,-155.87055,4.8,134.8,511.0,AMERICAN CHALLENGER,IMO7420479,WDG6869,31,0,33,9,4.1,52,A
366873510,2023-12-19T16:29:39,20.06069,-155.86939,4.8,135.0,511.0,AMERICAN CHALLENGER,IMO7420479,WDG6869,31,0,33,9,4.1,52,A
366873510,2023-12-19T16:30:48,20.05960,-155.86821,4.8,134.1,511.0,AMERICAN CHALLENGER,IMO7420479,WDG6869,31,0,33,9,4.1,52,A
366873510,2023-12-20T02:33:48,20.06015,-155.87576,8.0,314.9,511.0,AMERICAN CHALLENGER,IMO7420479,WDG6869,31,0,33,9,4.1,52,A
366873510,2023-12-20T02:35:09,20.06228,-155.87801,7.9,314.7,511.0,AMERICAN CHALLENGER,IMO7420479,WDG6869,31,0,33,9,4.1,52,A
366873510,2023-12-20T02:36:18,20.06409,-155.87991,7.9,315.3,511.0,AMERICAN CHALLENGER,IMO7420479,WDG6869,31,0,33,9,4.1,52,A
366873510,2023-12-20T02:37:19,20.06575,-155.88161,7.9,315.9,511.0,AMERICAN CHALLENGER,IMO7420479,WDG6869,31,0,33,9,4.1,52,A
366873510,2023-12-20T02:38:28,20.06756,-155.88347,7.9,315.5,511.0,AMERICAN CHALLENGER,IMO7420479,WDG6869,31,0,33,9,4.1,52,A
366873510,2023-12-20T02:39:38,20.06942,-155.88543,7.9,315.1,511.0,AMERICAN CHALLENGER,IMO7420479,WDG6869,31,0,33,9,4.1,52,A
366873510,2023-12-20T02:40:39,20.07099,-155.88709,7.9,315.2,511.0,AMERICAN CHALLENGER,IMO7420479,WDG6869,31,0,33,9,4.1,52,A
366873510,2023-12-20T02:41:49,20.07284,-155.88900,7.9,315.7,511.0,AMERICAN CHALLENGER,IMO7420479,WDG6869,31,0,33,9,4.1,52,A
366888830,2023-12-20T03:03:14,20.05977,-155.87873,8.9,302.7,303.0,KAHU,IMO7404114,WDJ3338,31,11,36,10,4.5,52,A
366888830,2023-12-20T03:04:25,20.06135,-155.88132,8.7,301.9,301.0,KAHU,IMO7404114,WDJ3338,31,11,36,10,4.5,52,A
366888830,2023-12-20T03:05:33,20.06293,-155.88377,8.7,305.7,303.0,KAHU,IMO7404114,WDJ3338,31,11,36,10,4.5,52,A
366888830,2023-12-20T03:06:44,20.06457,-155.88630,8.9,304.8,303.0,KAHU,IMO7404114,WDJ3338,31,11,36,10,4.5,52,A
366888830,2023-12-20T03:07:55,20.06622,-155.88887,8.9,304.1,303.0,KAHU,IMO7404114,WDJ3338,31,11,36,10,4.5,52,A
367449870,2023-12-21T09:52:36,20.06225,-155.88970,7.8,119.5,113.0,BROOKE CHAPMAN,IMO9223875,WDI8453,31,0,33,10,3.7,32,A
367449870,2023-12-21T09:53:47,20.06105,-155.88735,7.8,118.1,112.0,BROOKE CHAPMAN,IMO9223875,WDI8453,31,0,33,10,3.7,32,A
367449870,2023-12-21T09:54:58,20.05983,-155.88492,7.8,117.6,112.0,BROOKE CHAPMAN,IMO9223875,WDI8453,31,0,33,10,3.7,32,A
367449870,2023-12-21T09:56:07,20.05868,-155.88261,7.8,117.9,112.0,BROOKE CHAPMAN,IMO9223875,WDI8453,31,0,33,10,3.7,32,A
366888830,2023-12-22T17:51:04,20.06390,-155.88863,9.1,116.5,116.0,KAHU,IMO7404114,WDJ3338,31,11,36,10,4.5,52,A
366888830,2023-12-22T17:52:15,20.06248,-155.88578,9.1,116.8,118.0,KAHU,IMO7404114,WDJ3338,31,11,36,10,4.5,52,A
366888830,2023-12-22T17:53:18,20.06123,-155.88325,9.3,112.4,110.0,KAHU,IMO7404114,WDJ3338,31,11,36,10,4.5,52,A
366888830,2023-12-22T17:54:24,20.06020,-155.88048,9.1,110.8,109.0,KAHU,IMO7404114,WDJ3338,31,11,36,10,4.5,52,A
366888830,2023-12-22T17:55:34,20.05917,-155.87755,9.1,108.8,109.0,KAHU,IMO7404114,WDJ3338,31,11,36,10,4.5,52,A
366888830,2023-12-23T08:55:21,20.05865,-155.87517,10.7,299.5,298.0,KAHU,IMO7404114,WDJ3338,31,11,36,10,4.5,52,A
366888830,2023-12-23T08:56:32,20.06030,-155.87852,10.9,297.3,297.0,KAHU,IMO7404114,WDJ3338,31,11,36,10,4.5,52,A
366888830,2023-12-23T08:57:41,20.06192,-155.88177,10.7,298.7,297.0,KAHU,IMO7404114,WDJ3338,31,11,36,10,4.5,52,A
366888830,2023-12-23T08:58:49,20.06348,-155.88498,10.7,297.1,296.0,KAHU,IMO7404114,WDJ3338,31,11,36,10,4.5,52,A
366888830,2023-12-23T08:59:51,20.06485,-155.88783,10.5,296.4,297.0,KAHU,IMO7404114,WDJ3338,31,11,36,10,4.5,52,A
366888830,2023-12-23T09:00:02,20.06512,-155.88840,10.7,295.9,296.0,KAHU,IMO7404114,WDJ3338,31,11,36,10,4.5,52,A
366888830,2023-12-26T15:50:08,20.06820,-155.88997,8.0,122.2,121.0,KAHU,IMO7404114,WDJ3338,31,11,36,10,4.5,52,A
366888830,2023-12-26T15:51:16,20.06687,-155.88773,7.8,122.3,121.0,KAHU,IMO7404114,WDJ3338,31,11,36,10,4.5,52,A
366888830,2023-12-26T15:52:22,20.06555,-155.88562,8.0,124.2,122.0,KAHU,IMO7404114,WDJ3338,31,11,36,10,4.5,52,A
366888830,2023-12-26T15:53:27,20.06423,-155.88352,8.0,122.6,122.0,KAHU,IMO7404114,WDJ3338,31,11,36,10,4.5,52,A
366888830,2023-12-26T15:54:37,20.06280,-155.88127,7.8,123.3,122.0,KAHU,IMO7404114,WDJ3338,31,11,36,10,4.5,52,A
366888830,2023-12-26T15:55:57,20.06115,-155.87868,8.2,124.3,122.0,KAHU,IMO7404114,WDJ3338,31,11,36,10,4.5,52,A
366888830,2023-12-26T15:57:08,20.05967,-155.87632,8.2,124.3,121.0,KAHU,IMO7404114,WDJ3338,31,11,36,10,4.5,52,A
366888830,2023-12-27T05:24:45,20.05867,-155.87708,10.3,304.5,303.0,KAHU,IMO7404114,WDJ3338,31,11,36,10,4.5,52,A
366888830,2023-12-27T05:25:55,20.06053,-155.87997,10.3,303.3,302.0,KAHU,IMO7404114,WDJ3338,31,11,36,10,4.5,52,A
366888830,2023-12-27T05:27:05,20.06240,-155.88293,10.3,304.2,303.0,KAHU,IMO7404114,WDJ3338,31,11,36,10,4.5,52,A
366888830,2023-12-27T05:28:13,20.06427,-155.88585,10.3,303.6,302.0,KAHU,IMO7404114,WDJ3338,31,11,36,10,4.5,52,A
366888830,2023-12-27T05:29:25,20.06620,-155.88887,10.5,303.3,302.0,KAHU,IMO7404114,WDJ3338,31,11,36,10,4.5,52,A
366888830,2023-12-29T20:50:35,20.06828,-155.88995,7.8,124.2,124.0,KAHU,IMO7404114,WDJ3338,31,11,36,10,4.5,52,A
366888830,2023-12-29T20:51:38,20.06703,-155.88792,7.8,123.3,124.0,KAHU,IMO7404114,WDJ3338,31,11,36,10,4.5,52,A
366888830,2023-12-29T20:52:40,20.06580,-155.88597,7.8,125.3,124.0,KAHU,IMO7404114,WDJ3338,31,11,36,10,4.5,52,A
366888830,2023-12-29T20:53:43,20.06447,-155.88383,8.4,123.0,124.0,KAHU,IMO7404114,WDJ3338,31,11,36,10,4.5,52,A
366888830,2023-12-29T20:54:48,20.06297,-155.88150,9.5,124.2,125.0,KAHU,IMO7404114,WDJ3338,31,11,36,10,4.5,52,A
366888830,2023-12-29T20:56:00,20.06150,-155.87860,9.1,116.9,116.0,KAHU,IMO7404114,WDJ3338,31,11,36,10,4.5,52,A
366888830,2023-12-29T20:57:01,20.06020,-155.87613,9.7,118.6,119.0,KAHU,IMO7404114,WDJ3338,31,11,36,10,4.5,52,A
366888830,2023-12-29T20:58:03,20.05888,-155.87360,9.5,117.5,118.0,KAHU,IMO7404114,WDJ3338,31,11,36,10,4.5,52,A
366888830,2023-12-30T11:39:56,20.06042,-155.87655,10.9,304.1,302.0,KAHU,IMO7404114,WDJ3338,31,11,36,10,4.5,52,A
366888830,2023-12-30T11:41:17,20.06270,-155.88013,10.9,307.5,302.0,KAHU,IMO7404114,WDJ3338,31,11,36,10,4.5,52,A
366888830,2023-12-30T11:42:27,20.06463,-155.88318,10.9,304.5,301.0,KAHU,IMO7404114,WDJ3338,31,11,36,10,4.5,52,A
366888830,2023-12-30T11:43:30,20.06668,-155.88578,10.7,317.4,316.0,KAHU,IMO7404114,WDJ3338,31,11,36,10,4.5,52,A
366888830,2023-12-30T11:44:36,20.06923,-155.88815,11.1,318.9,319.0,KAHU,IMO7404114,WDJ3338,31,11,36,10,4.5,52,A
367449870,2023-12-31T09:38:04,20.06869,-155.89018,6.4,116.1,118.0,BROOKE CHAPMAN,IMO9223875,WDI8453,31,0,33,10,3.7,32,A
367449870,2023-12-31T09:39:14,20.06778,-155.88820,6.4,116.3,118.0,BROOKE CHAPMAN,IMO9223875,WDI8453,31,0,33,10,3.7,32,A
367449870,2023-12-31T09:40:25,20.06686,-155.88616,6.3,116.4,118.0,BROOKE CHAPMAN,IMO9223875,WDI8453,31,0,33,10,3.7,32,A
367449870,2023-12-31T09:41:27,20.06622,-155.88489,3.2,125.2,125.0,BROOKE CHAPMAN,IMO9223875,WDI8453,31,0,33,10,3.7,32,A
367449870,2023-12-31T09:42:34,20.06570,-155.88401,3.2,119.7,122.0,BROOKE CHAPMAN,IMO9223875,WDI8453,31,0,33,10,3.7,32,A
367449870,2023-12-31T09:43:45,20.06515,-155.88302,3.2,122.7,124.0,BROOKE CHAPMAN,IMO9223875,WDI8453,31,0,33,10,3.7,32,A
367449870,2023-12-31T09:44:55,20.06463,-155.88213,3.0,121.1,124.0,BROOKE CHAPMAN,IMO9223875,WDI8453,31,0,33,10,3.7,32,A
367449870,2023-12-31T09:46:05,20.06413,-155.88134,2.6,121.4,124.0,BROOKE CHAPMAN,IMO9223875,WDI8453,31,0,33,10,3.7,32,A
367449870,2023-12-31T09:47:15,20.06368,-155.88061,2.4,122.7,124.0,BROOKE CHAPMAN,IMO9223875,WDI8453,31,0,33,10,3.7,32,A
367449870,2023-12-31T09:48:24,20.06328,-155.87991,2.4,120.9,124.0,BROOKE CHAPMAN,IMO9223875,WDI8453,31,0,33,10,3.7,32,A
367449870,2023-12-31T09:49:34,20.06288,-155.87920,2.4,123.0,125.0,BROOKE CHAPMAN,IMO9223875,WDI8453,31,0,33,10,3.7,32,A
367449870,2023-12-31T09:50:44,20.06243,-155.87847,2.5,121.2,124.0,BROOKE CHAPMAN,IMO9223875,WDI8453,31,0,33,10,3.7,32,A
367449870,2023-12-31T09:51:55,20.06202,-155.87774,2.4,122.3,124.0,BROOKE CHAPMAN,IMO9223875,WDI8453,31,0,33,10,3.7,32,A
367449870,2023-12-31T09:53:05,20.06154,-155.87692,3.7,122.4,124.0,BROOKE CHAPMAN,IMO9223875,WDI8453,31,0,33,10,3.7,32,A
367449870,2023-12-31T09:54:14,20.06089,-155.87585,3.4,124.0,125.0,BROOKE CHAPMAN,IMO9223875,WDI8453,31,0,33,10,3.7,32,A
367449870,2023-12-31T09:55:24,20.06026,-155.87481,3.7,123.3,124.0,BROOKE CHAPMAN,IMO9223875,WDI8453,31,0,33,10,3.7,32,A
367449870,2023-12-31T09:56:35,20.05957,-155.87371,3.9,122.8,123.0,BROOKE CHAPMAN,IMO9223875,WDI8453,31,0,33,10,3.7,32,A
367449870,2023-12-31T09:57:44,20.05891,-155.87257,3.9,120.5,121.0,BROOKE CHAPMAN,IMO9223875,WDI8453,31,0,33,10,3.7,32,A
366339000,2023-12-19T06:26:08,20.05869,-155.86848,8.1,326.4,324.0,SAFARI EXPLORER,IMO8964654,WCY5674,60,0,38,10,,60,A
366339000,2023-12-19T06:27:16,20.06082,-155.86996,8.1,326.7,325.0,SAFARI EXPLORER,IMO8964654,WCY5674,60,0,38,10,,60,A
366339000,2023-12-19T06:28:28,20.06309,-155.87156,8.2,327.5,326.0,SAFARI EXPLORER,IMO8964654,WCY5674,60,0,38,10,,60,A
366339000,2023-12-19T06:29:37,20.06531,-155.87302,8.2,327.1,325.0,SAFARI EXPLORER,IMO8964654,WCY5674,60,0,38,10,,60,A
366766970,2023-12-05T15:48:32,20.06770,-155.88865,7.3,119.5,119.0,KEKOA,IMO7404085,WDK5246,52,11,36,10,4.6,52,A
366766970,2023-12-05T15:49:42,20.06651,-155.88644,7.3,120.2,119.0,KEKOA,IMO7404085,WDK5246,52,11,36,10,4.6,52,A
366766970,2023-12-05T15:50:52,20.06531,-155.88425,7.3,120.4,120.0,KEKOA,IMO7404085,WDK5246,52,11,36,10,4.6,52,A
366766970,2023-12-05T15:52:01,20.06415,-155.88213,7.3,119.3,118.0,KEKOA,IMO7404085,WDK5246,52,11,36,10,4.6,52,A
366766970,2023-12-05T15:53:11,20.06299,-155.87988,7.3,118.6,118.0,KEKOA,IMO7404085,WDK5246,52,11,36,10,4.6,52,A
366766970,2023-12-05T15:54:21,20.06185,-155.87770,7.3,119.4,118.0,KEKOA,IMO7404085,WDK5246,52,11,36,10,4.6,52,A
366766970,2023-12-05T15:55:22,20.06084,-155.87577,7.3,119.5,118.0,KEKOA,IMO7404085,WDK5246,52,11,36,10,4.6,52,A
366766970,2023-12-05T15:56:51,20.05933,-155.87293,7.2,119.6,118.0,KEKOA,IMO7404085,WDK5246,52,11,36,10,4.6,52,A
366766970,2023-12-06T06:06:43,20.05886,-155.87655,9.9,302.5,300.0,KEKOA,IMO7404085,WDK5246,52,11,36,10,4.6,52,A
366766970,2023-12-06T06:07:53,20.06073,-155.87934,9.9,305.6,303.0,KEKOA,IMO7404085,WDK5246,52,11,36,10,4.6,52,A
366766970,2023-12-06T06:09:02,20.06255,-155.88209,10.0,304.7,302.0,KEKOA,IMO7404085,WDK5246,52,11,36,10,4.6,52,A
366766970,2023-12-06T06:10:14,20.06444,-155.88502,10.0,304.0,301.0,KEKOA,IMO7404085,WDK5246,52,11,36,10,4.6,52,A
366766970,2023-12-06T06:11:23,20.06622,-155.88789,10.0,303.2,300.0,KEKOA,IMO7404085,WDK5246,52,11,36,10,4.6,52,A
366766970,2023-12-08T15:54:38,20.06934,-155.88804,8.7,124.2,123.0,KEKOA,IMO7404085,WDK5246,52,11,36,10,4.6,52,A
366766970,2023-12-08T15:55:57,20.06753,-155.88514,8.9,123.5,123.0,KEKOA,IMO7404085,WDK5246,52,11,36,10,4.6,52,A
366766970,2023-12-08T15:57:08,20.06590,-155.88249,9.1,123.2,122.0,KEKOA,IMO7404085,WDK5246,52,11,36,10,4.6,52,A
366766970,2023-12-08T15:58:18,20.06433,-155.87987,9.1,122.6,122.0,KEKOA,IMO7404085,WDK5246,52,11,36,10,4.6,52,A
366766970,2023-12-08T15:59:27,20.06275,-155.87719,9.1,122.1,121.0,KEKOA,IMO7404085,WDK5246,52,11,36,10,4.6,52,A
366766970,2023-12-08T16:00:08,20.06185,-155.87566,9.2,121.9,121.0,KEKOA,IMO7404085,WDK5246,52,11,36,10,4.6,52,A
366766970,2023-12-08T16:01:18,20.06027,-155.87294,9.2,121.7,122.0,KEKOA,IMO7404085,WDK5246,52,11,36,10,4.6,52,A
366766970,2023-12-08T16:02:21,20.05903,-155.87078,6.1,121.4,120.0,KEKOA,IMO7404085,WDK5246,52,11,36,10,4.6,52,A
366766970,2023-12-09T07:01:32,20.05994,-155.87528,9.1,305.1,302.0,KEKOA,IMO7404085,WDK5246,52,11,36,10,4.6,52,A
366766970,2023-12-09T07:02:43,20.06164,-155.87786,9.1,304.7,301.0,KEKOA,IMO7404085,WDK5246,52,11,36,10,4.6,52,A
366766970,2023-12-09T07:03:52,20.06333,-155.88046,9.1,304.8,301.0,KEKOA,IMO7404085,WDK5246,52,11,36,10,4.6,52,A
366766970,2023-12-09T07:05:01,20.06497,-155.88302,9.1,304.1,300.0,KEKOA,IMO7404085,WDK5246,52,11,36,10,4.6,52,A
366766970,2023-12-09T07:06:12,20.06659,-155.88565,9.1,302.5,300.0,KEKOA,IMO7404085,WDK5246,52,11,36,10,4.6,52,A
366766970,2023-12-09T07:07:22,20.06814,-155.88824,8.7,301.8,299.0,KEKOA,IMO7404085,WDK5246,52,11,36,10,4.6,52,A
