MMSI,BaseDateTime,LAT,LON,SOG,COG,Heading,VesselName,IMO,CallSign,VesselType,Status,Length,Width,Draft,Cargo,TransceiverClass
368048550,2021-02-26T10:17:41,43.74003,-69.27802,19,163.6,511,RUTH HANNAH,,WDK3770,30,,14,7,,,B
368048550,2021-02-26T10:19:12,43.73257,-69.27556,18.4,172.5,511,RUTH HANNAH,,WDK3770,30,,14,7,,,B
368048550,2021-02-26T10:20:42,43.72518,-69.27295,19.6,158.8,511,RUTH HANNAH,,WDK3770,30,,14,7,,,B
368048550,2021-03-08T10:12:06,43.73798,-69.27263,17.1,155,511,RUTH HANNAH,,WDK3770,30,,14,7,,,B
368048550,2021-03-10T19:25:00,43.70923,-69.30492,20,333.6,511,RUTH HANNAH,,WDK3770,30,,14,7,,,B
368048550,2021-03-10T19:26:29,43.71622,-69.30956,19.1,335.9,511,RUTH HANNAH,,WDK3770,30,,14,7,,,B
368048550,2021-03-10T19:28:00,43.72337,-69.31418,19,336.2,511,RUTH HANNAH,,WDK3770,30,,14,7,,,B
368048550,2021-03-10T19:29:31,43.73064,-69.31875,19.4,338.5,511,RUTH HANNAH,,WDK3770,30,,14,7,,,B
368048550,2021-03-17T10:09:29,43.73983,-69.27545,15.3,162.9,511,RUTH HANNAH,,WDK3770,30,,14,7,,,B
338355976,2021-03-21T12:53:40,43.71031,-69.28426,19.3,292.4,511,HEATHER & ISAAC,,NONE,30,,0,0,,,B
338355976,2021-03-21T12:55:41,43.71531,-69.29743,19,304.3,511,HEATHER & ISAAC,,NONE,30,,0,0,,,B
338355976,2021-03-21T12:57:11,43.71882,-69.3072,18.7,288.4,511,HEATHER & ISAAC,,NONE,30,,0,0,,,B
338355976,2021-03-21T12:58:40,43.72295,-69.31608,16.2,306.4,511,HEATHER & ISAAC,,NONE,30,,0,0,,,B
338355976,2021-03-21T13:31:25,43.72671,-69.3205,14.4,109,511,HEATHER & ISAAC,,NONE,30,,0,0,,,B
338355976,2021-03-21T13:33:23,43.72348,-69.31058,17.3,88,511,HEATHER & ISAAC,,NONE,30,,0,0,,,B
338355976,2021-03-21T13:34:54,43.72418,-69.30033,17.6,70.2,511,HEATHER & ISAAC,,NONE,30,,0,0,,,B
338355976,2021-03-21T13:36:24,43.72526,-69.29073,18.2,103.4,511,HEATHER & ISAAC,,NONE,30,,0,0,,,B
338355976,2021-03-21T13:37:54,43.72738,-69.28126,17.8,74.1,511,HEATHER & ISAAC,,NONE,30,,0,0,,,B
338355976,2021-03-21T13:39:23,43.72904,-69.2713,17.6,80.9,511,HEATHER & ISAAC,,NONE,30,,0,0,,,B
368076650,2021-03-23T12:08:49,43.71434,-69.32051,3.9,158.3,164,GO LIBERTY,IMO9555761,WDK6648,70,3,46,12,2,60,A
368076650,2021-03-23T12:09:50,43.71323,-69.32024,4,181.9,187,GO LIBERTY,IMO9555761,WDK6648,70,3,46,12,2,60,A
368076650,2021-03-23T16:17:22,43.70853,-69.32066,4.2,169.5,169,GO LIBERTY,IMO9555761,WDK6648,70,3,46,12,2,60,A
368076650,2021-03-23T16:18:25,43.70742,-69.32009,3.7,141.5,130,GO LIBERTY,IMO9555761,WDK6648,70,3,46,12,2,60,A
368076650,2021-03-23T16:19:26,43.70732,-69.31901,2.6,63.2,49,GO LIBERTY,IMO9555761,WDK6648,70,3,46,12,2,60,A
368076650,2021-03-23T16:20:29,43.708,-69.31872,2.2,357.3,348,GO LIBERTY,IMO9555761,WDK6648,70,3,46,12,2,60,A
368076650,2021-03-23T16:21:32,43.70854,-69.31892,2.2,343.3,340,GO LIBERTY,IMO9555761,WDK6648,70,3,46,12,2,60,A
368076650,2021-03-23T16:22:33,43.70917,-69.31919,2.6,341.2,339,GO LIBERTY,IMO9555761,WDK6648,70,3,46,12,2,60,A
368076650,2021-03-23T16:23:42,43.71,-69.31957,2.8,341.7,339,GO LIBERTY,IMO9555761,WDK6648,70,3,46,12,2,60,A
368048550,2021-03-25T17:47:13,43.70815,-69.2864,19.5,350.8,511,RUTH HANNAH,,WDK3770,30,,14,7,,,B
368048550,2021-03-25T17:48:15,43.71379,-69.28737,19.5,353.8,511,RUTH HANNAH,,WDK3770,30,,14,7,,,B
368048550,2021-03-25T17:49:46,43.72186,-69.289,19.4,350.7,511,RUTH HANNAH,,WDK3770,30,,14,7,,,B
368048550,2021-03-25T17:51:13,43.72968,-69.29033,20.5,349.4,511,RUTH HANNAH,,WDK3770,30,,14,7,,,B
368048550,2021-03-25T17:53:13,43.74069,-69.29253,20.1,347.5,511,RUTH HANNAH,,WDK3770,30,,14,7,,,B
368048550,2021-04-08T08:18:57,43.74066,-69.2777,18.2,157.8,511,RUTH HANNAH,,WDK3770,30,,14,7,,,B
368048550,2021-04-08T08:20:57,43.73129,-69.27211,18.3,158.3,511,RUTH HANNAH,,WDK3770,30,,14,7,,,B
368048550,2021-04-08T18:18:49,43.7074,-69.31002,12.5,340.8,511,RUTH HANNAH,,WDK3770,30,,14,7,,,B
368048550,2021-04-08T18:20:19,43.71318,-69.31251,19.5,343.6,511,RUTH HANNAH,,WDK3770,30,,14,7,,,B
368048550,2021-04-08T18:21:50,43.72101,-69.31599,19.7,339.8,511,RUTH HANNAH,,WDK3770,30,,14,7,,,B
368048550,2021-04-08T18:23:19,43.72859,-69.31948,19.7,340.9,511,RUTH HANNAH,,WDK3770,30,,14,7,,,B
368048550,2021-04-10T08:11:56,43.73908,-69.28122,18.1,163.8,511,RUTH HANNAH,,WDK3770,30,,14,7,,,B
368048550,2021-04-10T08:13:25,43.73208,-69.27816,17.7,163.2,511,RUTH HANNAH,,WDK3770,30,,14,7,,,B
368048550,2021-04-10T08:14:56,43.72494,-69.27518,17.9,165,511,RUTH HANNAH,,WDK3770,30,,14,7,,,B
368048550,2021-04-19T09:03:04,43.73586,-69.27505,18.1,162.6,511,RUTH HANNAH,,WDK3770,30,,14,7,,,B
368048550,2021-04-19T09:04:05,43.73104,-69.27273,18,159.1,511,RUTH HANNAH,,WDK3770,30,,14,7,,,B
368048550,2021-04-19T18:50:04,43.71011,-69.27579,8.8,350.6,511,RUTH HANNAH,,WDK3770,30,,14,7,,,B
368048550,2021-04-19T18:51:34,43.71365,-69.27649,9.3,349.1,511,RUTH HANNAH,,WDK3770,30,,14,7,,,B
368048550,2021-04-19T18:53:04,43.7174,-69.27735,9.5,351.2,511,RUTH HANNAH,,WDK3770,30,,14,7,,,B
368048550,2021-04-19T18:54:05,43.72015,-69.27798,10.8,348.7,511,RUTH HANNAH,,WDK3770,30,,14,7,,,B
368048550,2021-04-19T18:55:34,43.72458,-69.27889,10.6,349.5,511,RUTH HANNAH,,WDK3770,30,,14,7,,,B
368048550,2021-04-19T18:56:35,43.7277,-69.27958,11.5,347.1,511,RUTH HANNAH,,WDK3770,30,,14,7,,,B
368048550,2021-04-19T18:58:05,43.73248,-69.28062,12.3,347.5,511,RUTH HANNAH,,WDK3770,30,,14,7,,,B
368048550,2021-04-19T18:59:34,43.73892,-69.28222,18.4,349.8,511,RUTH HANNAH,,WDK3770,30,,14,7,,,B
368048550,2021-04-19T19:00:04,43.74138,-69.28295,18.7,345.1,511,RUTH HANNAH,,WDK3770,30,,14,7,,,B
368048550,2021-04-29T07:17:17,43.74023,-69.28494,18.2,168.5,511,RUTH HANNAH,,WDK3770,30,,14,7,,,B
368048550,2021-04-29T07:18:45,43.73289,-69.28292,18.2,169,511,RUTH HANNAH,,WDK3770,30,,14,7,,,B
368048550,2021-04-29T07:19:46,43.72785,-69.28163,18.2,169.6,511,RUTH HANNAH,,WDK3770,30,,14,7,,,B
368048550,2021-04-29T07:21:17,43.72028,-69.27972,18.2,168.3,511,RUTH HANNAH,,WDK3770,30,,14,7,,,B
368048550,2021-04-29T07:23:16,43.71036,-69.27711,18.4,167.8,511,RUTH HANNAH,,WDK3770,30,,14,7,,,B
368048550,2021-05-03T08:21:35,43.74056,-69.28267,16.6,169.3,511,RUTH HANNAH,,WDK3770,30,,14,7,,,B
368048550,2021-05-03T08:23:03,43.73364,-69.28084,16.8,170.1,511,RUTH HANNAH,,WDK3770,30,,14,7,,,B
368048550,2021-05-03T08:24:06,43.72874,-69.27945,17,169.5,511,RUTH HANNAH,,WDK3770,30,,14,7,,,B
368048550,2021-05-03T08:26:03,43.71965,-69.277,16.7,168.7,511,RUTH HANNAH,,WDK3770,30,,14,7,,,B
368048550,2021-05-03T08:27:04,43.71491,-69.27562,17.3,167.8,511,RUTH HANNAH,,WDK3770,30,,14,7,,,B
368048550,2021-05-03T08:28:33,43.70814,-69.27355,16.3,161.8,511,RUTH HANNAH,,WDK3770,30,,14,7,,,B
368048550,2021-05-07T07:19:59,43.74023,-69.2838,17.8,168.7,511,RUTH HANNAH,,WDK3770,30,,14,7,,,B
368048550,2021-05-07T07:21:31,43.7327,-69.28188,18.4,169.4,511,RUTH HANNAH,,WDK3770,30,,14,7,,,B
368048550,2021-05-07T07:23:01,43.72529,-69.27989,18.5,167.1,511,RUTH HANNAH,,WDK3770,30,,14,7,,,B
368048550,2021-05-07T07:24:29,43.71795,-69.27789,18.2,168.8,511,RUTH HANNAH,,WDK3770,30,,14,7,,,B
368048550,2021-05-07T07:25:30,43.71295,-69.27647,18,168.7,511,RUTH HANNAH,,WDK3770,30,,14,7,,,B
368048550,2021-05-14T15:39:41,43.71371,-69.3011,16.8,331.3,511,RUTH HANNAH,,WDK3770,30,,14,7,,,B
368048550,2021-05-14T15:41:11,43.71974,-69.30547,16,335.1,511,RUTH HANNAH,,WDK3770,30,,14,7,,,B
368048550,2021-05-14T15:42:40,43.72587,-69.30981,16.7,334.8,511,RUTH HANNAH,,WDK3770,30,,14,7,,,B
368048550,2021-05-14T15:43:41,43.73009,-69.31269,16.6,332.9,511,RUTH HANNAH,,WDK3770,30,,14,7,,,B
368048550,2021-05-14T15:45:40,43.73829,-69.31841,16.4,333.2,511,RUTH HANNAH,,WDK3770,30,,14,7,,,B
368048550,2021-05-17T08:52:13,43.71585,-69.3209,17.9,156.4,511,RUTH HANNAH,,WDK3770,30,,14,7,,,B
368048550,2021-05-17T08:53:41,43.70888,-69.31713,18.4,158.7,511,RUTH HANNAH,,WDK3770,30,,14,7,,,B
368048550,2021-05-19T09:21:50,43.7179,-69.31868,18.1,166.6,511,RUTH HANNAH,,WDK3770,30,,14,7,,,B
368048550,2021-05-19T09:23:19,43.71057,-69.31607,17.8,165.6,511,RUTH HANNAH,,WDK3770,30,,14,7,,,B
368048550,2021-06-02T08:12:31,43.73525,-69.29052,17.3,174.2,511,RUTH HANNAH,,WDK3770,30,,14,7,,,B
368048550,2021-06-02T08:14:02,43.72776,-69.28948,17.8,175.7,511,RUTH HANNAH,,WDK3770,30,,14,7,,,B
368048550,2021-06-02T08:16:02,43.71779,-69.28805,18.3,175.3,511,RUTH HANNAH,,WDK3770,30,,14,7,,,B
368048550,2021-06-02T08:17:31,43.71044,-69.28677,18.4,174.9,511,RUTH HANNAH,,WDK3770,30,,14,7,,,B
368187430,2021-06-02T15:11:45,43.72551,-69.27354,6.9,259,511,ROCINANTE,,WDM2367,36,,13,4,,,B
368187430,2021-06-02T15:13:17,43.72456,-69.27707,6.4,260.1,511,ROCINANTE,,WDM2367,36,,13,4,,,B
368187430,2021-06-02T15:14:45,43.72357,-69.28041,6.2,242.1,511,ROCINANTE,,WDM2367,36,,13,4,,,B
368187430,2021-06-02T15:16:14,43.72224,-69.28332,5.9,226.4,511,ROCINANTE,,WDM2367,36,,13,4,,,B
368187430,2021-06-02T15:17:45,43.72097,-69.28633,6.3,245.5,511,ROCINANTE,,WDM2367,36,,13,4,,,B
368187430,2021-06-02T15:18:47,43.72017,-69.28856,6.2,242.3,511,ROCINANTE,,WDM2367,36,,13,4,,,B
368187430,2021-06-02T15:20:47,43.71863,-69.29273,6.2,241.9,511,ROCINANTE,,WDM2367,36,,13,4,,,B
368187430,2021-06-02T15:22:47,43.71708,-69.29693,6.2,243,511,ROCINANTE,,WDM2367,36,,13,4,,,B
368187430,2021-06-02T15:24:47,43.71585,-69.30135,6.3,257.6,511,ROCINANTE,,WDM2367,36,,13,4,,,B
368187430,2021-06-02T15:26:47,43.71481,-69.30587,6,260.8,511,ROCINANTE,,WDM2367,36,,13,4,,,B
368187430,2021-06-02T15:28:15,43.71409,-69.30906,5.8,257.3,511,ROCINANTE,,WDM2367,36,,13,4,,,B
368187430,2021-06-02T15:29:47,43.71342,-69.31239,6.3,250.6,511,ROCINANTE,,WDM2367,36,,13,4,,,B
368187430,2021-06-02T15:31:44,43.71172,-69.31508,6.1,168.9,511,ROCINANTE,,WDM2367,36,,13,4,,,B
368187430,2021-06-02T15:33:15,43.70939,-69.31517,5.3,184.1,511,ROCINANTE,,WDM2367,36,,13,4,,,B
368187430,2021-06-02T15:34:16,43.70787,-69.31505,6.1,176.4,511,ROCINANTE,,WDM2367,36,,13,4,,,B
368048550,2021-06-09T08:32:28,43.73782,-69.28227,17.7,165.9,511,RUTH HANNAH,,WDK3770,30,,14,7,,,B
368048550,2021-06-09T08:33:55,43.73075,-69.27995,18.2,166.3,511,RUTH HANNAH,,WDK3770,30,,14,7,,,B
368048550,2021-06-09T08:34:57,43.72571,-69.27831,18.6,167,511,RUTH HANNAH,,WDK3770,30,,14,7,,,B
368048550,2021-06-09T08:37:58,43.71116,-69.2731,18.3,164.3,511,RUTH HANNAH,,WDK3770,30,,14,7,,,B
368048550,2021-06-09T12:01:18,43.70827,-69.27533,10.7,351.2,511,RUTH HANNAH,,WDK3770,30,,14,7,,,B
368048550,2021-06-09T12:02:48,43.71261,-69.2765,11.7,346.1,511,RUTH HANNAH,,WDK3770,30,,14,7,,,B
368048550,2021-06-09T12:04:18,43.71721,-69.27772,11.1,347.7,511,RUTH HANNAH,,WDK3770,30,,14,7,,,B
368048550,2021-06-09T12:05:50,43.72181,-69.27911,11.7,344.2,511,RUTH HANNAH,,WDK3770,30,,14,7,,,B
368048550,2021-06-09T12:07:21,43.72639,-69.28062,11,342.7,511,RUTH HANNAH,,WDK3770,30,,14,7,,,B
368048550,2021-06-09T12:08:51,43.73087,-69.28211,11,346.3,511,RUTH HANNAH,,WDK3770,30,,14,7,,,B
368048550,2021-06-09T12:10:18,43.73521,-69.28373,12.2,342.8,511,RUTH HANNAH,,WDK3770,30,,14,7,,,B
368048550,2021-06-09T12:11:48,43.73982,-69.28548,11.2,346.9,511,RUTH HANNAH,,WDK3770,30,,14,7,,,B
368048550,2021-06-10T11:21:03,43.72183,-69.31923,18.2,153.8,511,RUTH HANNAH,,WDK3770,30,,14,7,,,B
368048550,2021-06-10T11:22:32,43.71469,-69.31478,19.1,154.4,511,RUTH HANNAH,,WDK3770,30,,14,7,,,B
368048550,2021-06-10T11:24:03,43.70756,-69.31027,18.7,154,511,RUTH HANNAH,,WDK3770,30,,14,7,,,B
368011440,2021-06-11T08:31:33,43.70729,-69.27464,5.9,52.1,49,SAMUEL FIVELAND,,WDJ7926,36,,16,5,,,B
368011440,2021-06-11T08:33:04,43.7089,-69.27206,5.9,53.4,50,SAMUEL FIVELAND,,WDJ7926,36,,16,5,,,B
368178750,2021-06-16T01:36:25,43.74056,-69.27172,7.2,215.1,212,FREYJA,,FREYJA,36,,16,4,,,B
368178750,2021-06-16T01:37:54,43.73798,-69.27385,7.1,209,211,FREYJA,,FREYJA,36,,16,4,,,B
368178750,2021-06-16T01:39:24,43.73541,-69.27592,7.3,210.8,211,FREYJA,,FREYJA,36,,16,4,,,B
368178750,2021-06-16T01:40:25,43.73367,-69.27733,7.3,208.3,211,FREYJA,,FREYJA,36,,16,4,,,B
368178750,2021-06-16T01:41:55,43.73109,-69.27951,6.6,213.9,213,FREYJA,,FREYJA,36,,16,4,,,B
368178750,2021-06-16T01:43:24,43.72862,-69.28163,7,209.8,212,FREYJA,,FREYJA,36,,16,4,,,B
368178750,2021-06-16T01:44:25,43.72688,-69.28311,7.1,210,211,FREYJA,,FREYJA,36,,16,4,,,B
368178750,2021-06-16T01:45:55,43.72437,-69.28524,6.9,210.7,213,FREYJA,,FREYJA,36,,16,4,,,B
368178750,2021-06-16T01:47:24,43.72191,-69.28737,6.9,213.3,211,FREYJA,,FREYJA,36,,16,4,,,B
368178750,2021-06-16T01:48:54,43.71941,-69.28949,6.8,215,212,FREYJA,,FREYJA,36,,16,4,,,B
368178750,2021-06-16T01:50:25,43.71689,-69.29166,7.1,213.1,211,FREYJA,,FREYJA,36,,16,4,,,B
368178750,2021-06-16T01:51:28,43.71514,-69.29314,7.3,210.6,212,FREYJA,,FREYJA,36,,16,4,,,B
368178750,2021-06-16T01:52:54,43.71274,-69.29522,7.1,209.7,211,FREYJA,,FREYJA,36,,16,4,,,B
368178750,2021-06-16T01:54:24,43.7102,-69.29739,7,212.4,212,FREYJA,,FREYJA,36,,16,4,,,B
368178750,2021-06-16T01:55:54,43.70764,-69.29952,7.5,213.2,211,FREYJA,,FREYJA,36,,16,4,,,B
319117100,2021-06-20T11:40:01,43.70742,-69.31071,7.9,24.8,511,FESTINA LENTE,,ZGGP2,36,,17,5,,,B
319117100,2021-06-20T11:41:32,43.71036,-69.30886,7.6,28.1,511,FESTINA LENTE,,ZGGP2,36,,17,5,,,B
319117100,2021-06-20T11:42:33,43.71242,-69.30756,7.7,23.3,511,FESTINA LENTE,,ZGGP2,36,,17,5,,,B
319117100,2021-06-20T11:44:00,43.71523,-69.30577,8.3,23.1,511,FESTINA LENTE,,ZGGP2,36,,17,5,,,B
319117100,2021-06-20T11:45:30,43.71823,-69.3039,7.4,22.7,511,FESTINA LENTE,,ZGGP2,36,,17,5,,,B
319117100,2021-06-20T11:46:31,43.72025,-69.30264,7.5,23.2,511,FESTINA LENTE,,ZGGP2,36,,17,5,,,B
319117100,2021-06-20T11:47:32,43.72233,-69.30136,8.1,21.7,511,FESTINA LENTE,,ZGGP2,36,,17,5,,,B
319117100,2021-06-20T11:49:00,43.72533,-69.29952,7.9,27.9,511,FESTINA LENTE,,ZGGP2,36,,17,5,,,B
319117100,2021-06-20T11:50:01,43.72745,-69.29817,7.9,28.2,511,FESTINA LENTE,,ZGGP2,36,,17,5,,,B
319117100,2021-06-20T11:51:02,43.72952,-69.29683,8.5,25,511,FESTINA LENTE,,ZGGP2,36,,17,5,,,B
319117100,2021-06-20T11:52:33,43.73268,-69.29486,9.5,24.9,511,FESTINA LENTE,,ZGGP2,36,,17,5,,,B
319117100,2021-06-20T11:54:01,43.73573,-69.293,7.5,22.6,511,FESTINA LENTE,,ZGGP2,36,,17,5,,,B
319117100,2021-06-20T11:55:02,43.73775,-69.29174,7.5,20.3,511,FESTINA LENTE,,ZGGP2,36,,17,5,,,B
319117100,2021-06-20T11:56:33,43.74077,-69.28977,8,22.7,511,FESTINA LENTE,,ZGGP2,36,,17,5,,,B
368010270,2021-07-27T13:13:54,43.70884,-69.32011,7.8,83.8,511,ADDIE KYLIE & ANA,,WDJ7806,30,,14,6,,,B
368010270,2021-07-27T13:15:53,43.70945,-69.32058,7.9,250.5,511,ADDIE KYLIE & ANA,,WDJ7806,30,,14,6,,,B
368010270,2021-07-27T11:11:25,43.71159,-69.28943,15,176.7,511,ADDIE KYLIE & ANA,,WDJ7806,30,,14,6,,,B
368010270,2021-07-27T11:05:56,43.73915,-69.28998,20,181.5,511,ADDIE KYLIE & ANA,,WDJ7806,30,,14,6,,,B
368010270,2021-07-27T11:07:26,43.73081,-69.2897,19.9,178.4,511,ADDIE KYLIE & ANA,,WDJ7806,30,,14,6,,,B
368010270,2021-07-27T11:08:55,43.72257,-69.2896,19.9,184.2,511,ADDIE KYLIE & ANA,,WDJ7806,30,,14,6,,,B
368010270,2021-07-27T11:09:56,43.7179,-69.28956,15.5,180.8,511,ADDIE KYLIE & ANA,,WDJ7806,30,,14,6,,,B
338230257,2021-07-27T11:20:11,43.70917,-69.27344,9.2,248.2,511,NATALIE ROSE,,NONE,30,,14,6,,,B
338230257,2021-07-27T11:21:41,43.70944,-69.27449,0.9,22.8,511,NATALIE ROSE,,NONE,30,,14,6,,,B
338230257,2021-07-27T11:23:11,43.70888,-69.27479,8.6,264.1,511,NATALIE ROSE,,NONE,30,,14,6,,,B
338230257,2021-07-27T11:24:41,43.71096,-69.27755,2.7,284.3,511,NATALIE ROSE,,NONE,30,,14,6,,,B
338230257,2021-07-27T11:27:11,43.711,-69.27865,8.4,236.2,511,NATALIE ROSE,,NONE,30,,14,6,,,B
338230257,2021-07-27T11:28:12,43.7101,-69.2802,1.3,339,511,NATALIE ROSE,,NONE,30,,14,6,,,B
338230257,2021-07-27T11:29:42,43.71028,-69.27997,0,122.6,511,NATALIE ROSE,,NONE,30,,14,6,,,B
338230257,2021-07-27T11:31:41,43.708,-69.28151,3.8,272.8,511,NATALIE ROSE,,NONE,30,,14,6,,,B
338230257,2021-07-27T11:32:42,43.70821,-69.28196,0.9,345.5,511,NATALIE ROSE,,NONE,30,,14,6,,,B
338230257,2021-07-27T11:34:42,43.70721,-69.28402,3.1,261.2,511,NATALIE ROSE,,NONE,30,,14,6,,,B
338230257,2021-07-27T11:36:11,43.70745,-69.28438,0.1,346.9,511,NATALIE ROSE,,NONE,30,,14,6,,,B
338230257,2021-07-27T11:37:12,43.70754,-69.28462,5.2,269,511,NATALIE ROSE,,NONE,30,,14,6,,,B
235094773,2021-08-02T12:43:21,43.70726,-69.31099,5.6,23.5,511,LADY REBEL,,2FWG7,36,,16,5,,,B
235094773,2021-08-02T12:44:51,43.7095,-69.30961,5.9,22.3,511,LADY REBEL,,2FWG7,36,,16,5,,,B
235094773,2021-08-02T12:46:23,43.71188,-69.30857,6,20.5,511,LADY REBEL,,2FWG7,36,,16,5,,,B
235094773,2021-08-02T12:48:22,43.71487,-69.30685,5.6,19.3,511,LADY REBEL,,2FWG7,36,,16,5,,,B
235094773,2021-08-02T12:49:53,43.71712,-69.30566,5.7,24.4,511,LADY REBEL,,2FWG7,36,,16,5,,,B
235094773,2021-08-02T12:51:23,43.71933,-69.30444,5.5,22.3,511,LADY REBEL,,2FWG7,36,,16,5,,,B
235094773,2021-08-02T12:52:52,43.72142,-69.30325,5.2,24.6,511,LADY REBEL,,2FWG7,36,,16,5,,,B
235094773,2021-08-02T12:54:22,43.72352,-69.30202,5.6,17.4,511,LADY REBEL,,2FWG7,36,,16,5,,,B
235094773,2021-08-02T12:55:52,43.72565,-69.30086,5.4,16.2,511,LADY REBEL,,2FWG7,36,,16,5,,,B
235094773,2021-08-02T12:57:22,43.72766,-69.29961,5.5,27.4,511,LADY REBEL,,2FWG7,36,,16,5,,,B
235094773,2021-08-02T12:58:51,43.72957,-69.29827,5.2,30.7,511,LADY REBEL,,2FWG7,36,,16,5,,,B
235094773,2021-08-02T13:00:21,43.7315,-69.29691,5.3,25.9,511,LADY REBEL,,2FWG7,36,,16,5,,,B
235094773,2021-08-02T13:02:21,43.73406,-69.29513,5.2,26.7,511,LADY REBEL,,2FWG7,36,,16,5,,,B
235094773,2021-08-02T13:03:51,43.73603,-69.29384,5.1,26.7,511,LADY REBEL,,2FWG7,36,,16,5,,,B
235094773,2021-08-02T13:04:52,43.73734,-69.29293,5,28.3,511,LADY REBEL,,2FWG7,36,,16,5,,,B
338419433,2021-08-04T11:20:55,43.73416,-69.28961,21.7,202.3,231,STORMALONG II,,,37,,0,0,,,B
338419433,2021-08-04T11:21:56,43.72853,-69.29267,21.7,203.4,232,STORMALONG II,,,37,,0,0,,,B
338419433,2021-08-04T11:23:25,43.7202,-69.29768,21.5,198.8,228,STORMALONG II,,,37,,0,0,,,B
338419433,2021-08-04T11:24:56,43.71154,-69.3016,22,198.5,228,STORMALONG II,,,37,,0,0,,,B
235094773,2021-08-02T13:06:52,43.74,-69.29131,5.4,22,511,LADY REBEL,,2FWG7,36,,16,5,,,B
368048550,2021-08-07T09:27:52,43.71133,-69.27134,5.5,253.2,511,RUTH HANNAH,,WDK3770,30,,14,7,,,B
368048550,2021-08-07T09:29:22,43.71092,-69.27316,5.4,262.1,511,RUTH HANNAH,,WDK3770,30,,14,7,,,B
368048550,2021-08-07T09:30:24,43.7105,-69.27521,4.2,248.9,511,RUTH HANNAH,,WDK3770,30,,14,7,,,B
368048550,2021-08-11T10:05:20,43.71127,-69.27131,2.5,40.8,511,RUTH HANNAH,,WDK3770,30,,14,7,,,B
368048550,2021-08-11T10:07:51,43.71059,-69.27208,6.3,234.6,511,RUTH HANNAH,,WDK3770,30,,14,7,,,B
368048550,2021-08-11T10:09:20,43.71075,-69.27385,1.3,358.2,511,RUTH HANNAH,,WDK3770,30,,14,7,,,B
368048550,2021-08-11T10:10:51,43.71085,-69.2738,5.7,140.3,511,RUTH HANNAH,,WDK3770,30,,14,7,,,B
319139900,2021-08-12T19:44:36,43.72808,-69.2733,6.4,97.2,103,LA JOIE DE MER,,ZGHS8,36,,30,7,,,B
319139900,2021-08-12T19:47:05,43.72924,-69.27204,3.6,322.4,323,LA JOIE DE MER,,ZGHS8,36,,30,7,,,B
319139900,2021-08-12T19:48:35,43.73022,-69.27445,5.7,275.2,290,LA JOIE DE MER,,ZGHS8,36,,30,7,,,B
319139900,2021-08-12T19:32:35,43.72821,-69.31113,8.1,96,102,LA JOIE DE MER,,ZGHS8,36,,30,7,,,B
319139900,2021-08-12T19:34:06,43.72824,-69.30644,8.9,90.1,93,LA JOIE DE MER,,ZGHS8,36,,30,7,,,B
319139900,2021-08-12T19:35:35,43.72834,-69.30156,8.3,84.4,95,LA JOIE DE MER,,ZGHS8,36,,30,7,,,B
319139900,2021-08-12T19:37:06,43.72831,-69.29675,7.8,92.7,96,LA JOIE DE MER,,ZGHS8,36,,30,7,,,B
319139900,2021-08-12T19:56:06,43.734,-69.29603,8.8,285.9,297,LA JOIE DE MER,,ZGHS8,36,,30,7,,,B
319139900,2021-08-12T19:57:08,43.73459,-69.29953,9,286,300,LA JOIE DE MER,,ZGHS8,36,,30,7,,,B
319139900,2021-08-12T19:58:35,43.7355,-69.30446,8.8,282.6,297,LA JOIE DE MER,,ZGHS8,36,,30,7,,,B
319139900,2021-08-12T20:00:05,43.73635,-69.30955,8.5,286.9,299,LA JOIE DE MER,,ZGHS8,36,,30,7,,,B
368048550,2021-08-07T09:31:51,43.71016,-69.27713,5.5,257.1,511,RUTH HANNAH,,WDK3770,30,,14,7,,,B
368048550,2021-08-07T09:34:22,43.70918,-69.2801,5.2,243.2,511,RUTH HANNAH,,WDK3770,30,,14,7,,,B
368048550,2021-08-11T10:12:19,43.71002,-69.27655,1.1,22.2,511,RUTH HANNAH,,WDK3770,30,,14,7,,,B
368048550,2021-08-11T10:13:49,43.71024,-69.27637,0.2,309.6,511,RUTH HANNAH,,WDK3770,30,,14,7,,,B
368048550,2021-08-11T10:14:51,43.70981,-69.27743,7.2,239.2,511,RUTH HANNAH,,WDK3770,30,,14,7,,,B
368048550,2021-08-11T10:17:22,43.7096,-69.2793,0.1,301.4,511,RUTH HANNAH,,WDK3770,30,,14,7,,,B
319139900,2021-08-12T19:38:36,43.72828,-69.29203,8.4,88.5,96,LA JOIE DE MER,,ZGHS8,36,,30,7,,,B
319139900,2021-08-12T19:40:05,43.72822,-69.28731,8.5,89,96,LA JOIE DE MER,,ZGHS8,36,,30,7,,,B
319139900,2021-08-12T19:41:06,43.72824,-69.28407,8,84.8,94,LA JOIE DE MER,,ZGHS8,36,,30,7,,,B
319139900,2021-08-12T19:43:07,43.72819,-69.27781,7.8,91.3,98,LA JOIE DE MER,,ZGHS8,36,,30,7,,,B
319139900,2021-08-12T19:50:07,43.73101,-69.27771,7.2,275.3,293,LA JOIE DE MER,,ZGHS8,36,,30,7,,,B
319139900,2021-08-12T19:51:36,43.73165,-69.28166,6.8,280.3,299,LA JOIE DE MER,,ZGHS8,36,,30,7,,,B
319139900,2021-08-12T19:53:05,43.73236,-69.28597,8.7,282.6,297,LA JOIE DE MER,,ZGHS8,36,,30,7,,,B
319139900,2021-08-12T19:54:39,43.7332,-69.29117,9,278.5,299,LA JOIE DE MER,,ZGHS8,36,,30,7,,,B
368048550,2021-08-07T09:35:51,43.7084,-69.2818,6,253.9,511,RUTH HANNAH,,WDK3770,30,,14,7,,,B
368048550,2021-08-07T09:37:53,43.7079,-69.28395,5.7,253.9,511,RUTH HANNAH,,WDK3770,30,,14,7,,,B
368048550,2021-08-07T09:39:22,43.70809,-69.28589,2.2,269.4,511,RUTH HANNAH,,WDK3770,30,,14,7,,,B
368048550,2021-08-07T09:41:22,43.70764,-69.28842,1.2,247.3,511,RUTH HANNAH,,WDK3770,30,,14,7,,,B
368048550,2021-08-07T09:43:22,43.70703,-69.29083,1.1,242.5,511,RUTH HANNAH,,WDK3770,30,,14,7,,,B
368048550,2021-08-07T09:44:25,43.70674,-69.29205,3.4,252,511,RUTH HANNAH,,WDK3770,30,,14,7,,,B
368048550,2021-08-07T09:45:51,43.70652,-69.29369,3,246.3,511,RUTH HANNAH,,WDK3770,30,,14,7,,,B
368048550,2021-08-11T10:18:50,43.708,-69.28151,4.8,273,511,RUTH HANNAH,,WDK3770,30,,14,7,,,B
368048550,2021-08-11T10:19:53,43.70844,-69.2817,0.9,309.9,511,RUTH HANNAH,,WDK3770,30,,14,7,,,B
368048550,2021-08-11T10:21:49,43.70811,-69.28257,6,260.1,511,RUTH HANNAH,,WDK3770,30,,14,7,,,B
368048550,2021-08-11T10:23:19,43.70793,-69.28439,1.6,331.3,511,RUTH HANNAH,,WDK3770,30,,14,7,,,B
368048550,2021-08-11T10:24:22,43.70815,-69.28453,0.1,250.3,511,RUTH HANNAH,,WDK3770,30,,14,7,,,B
368048550,2021-08-11T10:25:49,43.70798,-69.2866,10.6,231,511,RUTH HANNAH,,WDK3770,30,,14,7,,,B
368048550,2021-08-11T10:27:50,43.7084,-69.28719,0.1,276.6,511,RUTH HANNAH,,WDK3770,30,,14,7,,,B
368048550,2021-08-11T10:29:20,43.70826,-69.28698,7.7,165.7,511,RUTH HANNAH,,WDK3770,30,,14,7,,,B
368048550,2021-08-11T10:30:21,43.70697,-69.28929,7.8,231.9,511,RUTH HANNAH,,WDK3770,30,,14,7,,,B
368048550,2021-08-11T10:32:22,43.70745,-69.28966,0.3,325.8,511,RUTH HANNAH,,WDK3770,30,,14,7,,,B
368048550,2021-08-11T10:33:50,43.70654,-69.29202,11.6,250.9,511,RUTH HANNAH,,WDK3770,30,,14,7,,,B
368048550,2021-08-11T10:34:51,43.70694,-69.29232,1.8,32,511,RUTH HANNAH,,WDK3770,30,,14,7,,,B
368048550,2021-08-11T10:36:20,43.70704,-69.29222,2.2,98.5,511,RUTH HANNAH,,WDK3770,30,,14,7,,,B
368048550,2021-08-11T10:37:49,43.70651,-69.2948,1.9,21,511,RUTH HANNAH,,WDK3770,30,,14,7,,,B
368048550,2021-08-11T10:39:20,43.7066,-69.29455,0.5,159.4,511,RUTH HANNAH,,WDK3770,30,,14,7,,,B
368048550,2021-08-11T10:46:19,43.70634,-69.29971,0.7,110.9,511,RUTH HANNAH,,WDK3770,30,,14,7,,,B
368048550,2021-08-11T10:47:21,43.70636,-69.29964,0.3,18.6,511,RUTH HANNAH,,WDK3770,30,,14,7,,,B
319139900,2021-08-12T19:30:06,43.72903,-69.31821,7.8,102.3,105,LA JOIE DE MER,,ZGHS8,36,,30,7,,,B
319139900,2021-08-12T19:31:07,43.72867,-69.31526,6.7,95.1,104,LA JOIE DE MER,,ZGHS8,36,,30,7,,,B
319139900,2021-08-12T20:01:35,43.73722,-69.31461,8.6,282,285,LA JOIE DE MER,,ZGHS8,36,,30,7,,,B
319139900,2021-08-12T20:02:36,43.73778,-69.31799,9.1,282.5,285,LA JOIE DE MER,,ZGHS8,36,,30,7,,,B
368048550,2021-08-17T10:24:14,43.70794,-69.28322,2.4,75,511,RUTH HANNAH,,WDK3770,30,,14,7,,,B
368048550,2021-08-17T10:26:44,43.70784,-69.28454,6.3,257.8,511,RUTH HANNAH,,WDK3770,30,,14,7,,,B
368048550,2021-08-17T10:28:16,43.70808,-69.28607,1.1,30.9,511,RUTH HANNAH,,WDK3770,30,,14,7,,,B
368048550,2021-08-17T10:29:45,43.70797,-69.286,5.3,247,511,RUTH HANNAH,,WDK3770,30,,14,7,,,B
368048550,2021-08-17T10:30:46,43.70753,-69.28797,9.1,211.1,511,RUTH HANNAH,,WDK3770,30,,14,7,,,B
368048550,2021-08-17T10:32:44,43.70786,-69.28808,0.2,203.2,511,RUTH HANNAH,,WDK3770,30,,14,7,,,B
368048550,2021-08-17T10:34:15,43.70725,-69.29013,8.8,227.5,511,RUTH HANNAH,,WDK3770,30,,14,7,,,B
368048550,2021-08-17T10:36:44,43.7072,-69.29075,0.5,194.1,511,RUTH HANNAH,,WDK3770,30,,14,7,,,B
368048550,2021-08-17T10:37:45,43.70681,-69.29196,6.4,251.1,511,RUTH HANNAH,,WDK3770,30,,14,7,,,B
368048550,2021-08-17T10:06:22,43.71044,-69.27159,6.9,236.9,511,RUTH HANNAH,,WDK3770,30,,14,7,,,B
368048550,2021-08-17T10:08:19,43.7107,-69.27257,0.5,256.4,511,RUTH HANNAH,,WDK3770,30,,14,7,,,B
368048550,2021-08-17T10:09:49,43.71017,-69.27281,8,189.9,511,RUTH HANNAH,,WDK3770,30,,14,7,,,B
368048550,2021-08-17T10:11:18,43.71021,-69.27556,1.5,86.2,511,RUTH HANNAH,,WDK3770,30,,14,7,,,B
368048550,2021-08-17T10:12:48,43.71048,-69.27485,1.8,151.4,511,RUTH HANNAH,,WDK3770,30,,14,7,,,B
368048550,2021-08-17T10:14:50,43.70937,-69.27775,9.6,284.4,511,RUTH HANNAH,,WDK3770,30,,14,7,,,B
368048550,2021-08-17T10:16:19,43.7099,-69.2777,0.3,309.8,511,RUTH HANNAH,,WDK3770,30,,14,7,,,B
368048550,2021-08-17T10:18:21,43.70856,-69.28039,8.3,221.6,511,RUTH HANNAH,,WDK3770,30,,14,7,,,B
368048550,2021-08-17T10:19:48,43.70899,-69.2804,0.7,99.1,511,RUTH HANNAH,,WDK3770,30,,14,7,,,B
368048550,2021-08-17T10:22:45,43.70844,-69.28087,6.8,234.9,511,RUTH HANNAH,,WDK3770,30,,14,7,,,B
368048550,2021-08-17T10:39:14,43.70677,-69.29393,1.9,54.4,511,RUTH HANNAH,,WDK3770,30,,14,7,,,B
368048550,2021-08-17T10:40:15,43.70689,-69.29371,0.4,87.1,511,RUTH HANNAH,,WDK3770,30,,14,7,,,B
368048550,2021-08-17T10:47:15,43.70621,-69.29854,1,78.2,511,RUTH HANNAH,,WDK3770,30,,14,7,,,B
368048550,2021-08-17T10:50:17,43.70636,-69.30171,1.5,39.4,511,RUTH HANNAH,,WDK3770,30,,14,7,,,B
368048550,2021-08-17T10:51:44,43.70652,-69.30097,0.3,200.2,511,RUTH HANNAH,,WDK3770,30,,14,7,,,B
338415171,2021-08-14T09:37:10,43.74112,-69.31065,6.7,33.7,40,CYGNUS,,,36,,15,5,,,B
338415171,2021-08-14T09:30:09,43.73047,-69.32066,7.1,31.4,38,CYGNUS,,,36,,15,5,,,B
338415171,2021-08-14T09:31:38,43.73272,-69.31851,6.8,38.9,39,CYGNUS,,,36,,15,5,,,B
338415171,2021-08-14T09:32:40,43.73424,-69.31707,6.1,35.2,39,CYGNUS,,,36,,15,5,,,B
338415171,2021-08-14T09:34:08,43.73649,-69.31494,6.6,34.7,37,CYGNUS,,,36,,15,5,,,B
338415171,2021-08-14T09:35:38,43.73877,-69.31282,6.4,36,38,CYGNUS,,,36,,15,5,,,B
368156590,2021-08-25T10:06:25,43.7076,-69.30518,7.1,20.6,26,RELENTLESS,,WDL7044,36,,0,0,,,B
368048550,2021-08-25T10:06:57,43.71192,-69.2717,1,52.5,511,RUTH HANNAH,,WDK3770,30,,14,7,,,B
368156590,2021-08-25T10:07:52,43.71001,-69.30338,6.2,33.8,33,RELENTLESS,,WDL7044,36,,0,0,,,B
368048550,2021-08-25T10:08:26,43.71209,-69.27131,0.5,125.8,511,RUTH HANNAH,,WDK3770,30,,14,7,,,B
368156590,2021-08-25T10:09:25,43.71249,-69.30128,6.7,30.1,28,RELENTLESS,,WDL7044,36,,0,0,,,B
368156590,2021-08-25T10:10:52,43.71481,-69.29943,6.4,30,31,RELENTLESS,,WDL7044,36,,0,0,,,B
368048550,2021-08-25T10:10:56,43.71099,-69.27272,0.8,3.4,511,RUTH HANNAH,,WDK3770,30,,14,7,,,B
368048550,2021-08-25T10:11:58,43.71101,-69.27255,0.7,153.9,511,RUTH HANNAH,,WDK3770,30,,14,7,,,B
368156590,2021-08-25T10:12:25,43.71723,-69.29743,6.2,29.9,32,RELENTLESS,,WDL7044,36,,0,0,,,B
368048550,2021-08-25T10:13:26,43.71061,-69.27531,6.2,322.8,511,RUTH HANNAH,,WDK3770,30,,14,7,,,B
368156590,2021-08-25T10:13:52,43.71968,-69.29586,7,21.3,24,RELENTLESS,,WDL7044,36,,0,0,,,B
368048550,2021-08-25T10:14:56,43.71105,-69.27463,0,172.1,511,RUTH HANNAH,,WDK3770,30,,14,7,,,B
368048550,2021-08-25T10:16:28,43.71091,-69.27624,10.1,254.3,511,RUTH HANNAH,,WDK3770,30,,14,7,,,B
368048550,2021-08-25T10:17:58,43.71097,-69.27778,0.8,68.9,511,RUTH HANNAH,,WDK3770,30,,14,7,,,B
368048550,2021-08-25T10:19:27,43.71073,-69.27752,4.2,187.9,511,RUTH HANNAH,,WDK3770,30,,14,7,,,B
368048550,2021-08-25T10:20:56,43.70953,-69.28045,2.4,0.5,511,RUTH HANNAH,,WDK3770,30,,14,7,,,B
368048550,2021-08-25T10:22:27,43.70979,-69.27993,0.1,148.2,511,RUTH HANNAH,,WDK3770,30,,14,7,,,B
368048550,2021-08-25T10:23:57,43.70897,-69.28127,10.4,233.5,511,RUTH HANNAH,,WDK3770,30,,14,7,,,B
368048550,2021-08-25T10:24:58,43.70847,-69.2833,0.7,32.8,511,RUTH HANNAH,,WDK3770,30,,14,7,,,B
368048550,2021-08-25T10:26:57,43.70858,-69.28275,0.4,161.8,511,RUTH HANNAH,,WDK3770,30,,14,7,,,B
368048550,2021-08-25T10:28:26,43.70778,-69.28552,9.2,276.9,511,RUTH HANNAH,,WDK3770,30,,14,7,,,B
368048550,2021-08-25T10:29:30,43.70829,-69.28545,0.6,67.7,511,RUTH HANNAH,,WDK3770,30,,14,7,,,B
368048550,2021-08-25T10:30:57,43.70849,-69.28488,7.1,154.4,511,RUTH HANNAH,,WDK3770,30,,14,7,,,B
368048550,2021-08-25T10:32:56,43.70802,-69.2888,2.5,77.2,511,RUTH HANNAH,,WDK3770,30,,14,7,,,B
368048550,2021-08-25T10:35:27,43.70748,-69.28891,6.4,236.5,511,RUTH HANNAH,,WDK3770,30,,14,7,,,B
368048550,2021-08-25T10:36:28,43.70735,-69.29124,2.2,17.9,511,RUTH HANNAH,,WDK3770,30,,14,7,,,B
368048550,2021-08-25T10:37:56,43.70725,-69.29064,0.7,197.3,511,RUTH HANNAH,,WDK3770,30,,14,7,,,B
368048550,2021-08-25T10:38:58,43.70668,-69.29094,6.6,240.2,511,RUTH HANNAH,,WDK3770,30,,14,7,,,B
368048550,2021-08-25T10:40:29,43.7068,-69.29302,2,61.3,511,RUTH HANNAH,,WDK3770,30,,14,7,,,B
368048550,2021-08-25T10:41:57,43.70673,-69.29267,0.6,193.7,511,RUTH HANNAH,,WDK3770,30,,14,7,,,B
368048550,2021-08-25T10:43:56,43.70679,-69.29607,2.7,67.6,511,RUTH HANNAH,,WDK3770,30,,14,7,,,B
368048550,2021-08-25T10:44:57,43.70678,-69.29551,0.9,239.1,511,RUTH HANNAH,,WDK3770,30,,14,7,,,B
368048550,2021-08-25T10:46:26,43.70672,-69.29564,0.6,240.9,511,RUTH HANNAH,,WDK3770,30,,14,7,,,B
368048550,2021-08-25T10:47:56,43.70668,-69.29574,1.1,212.7,511,RUTH HANNAH,,WDK3770,30,,14,7,,,B
368048550,2021-08-25T10:50:56,43.70651,-69.29592,0.4,191.9,511,RUTH HANNAH,,WDK3770,30,,14,7,,,B
368048550,2021-08-25T10:53:56,43.70637,-69.29612,0.3,189.4,511,RUTH HANNAH,,WDK3770,30,,14,7,,,B
368048550,2021-08-25T11:00:23,43.70657,-69.29862,0.7,50,511,RUTH HANNAH,,WDK3770,30,,14,7,,,B
368048550,2021-08-25T11:01:51,43.70637,-69.29858,4.7,276,511,RUTH HANNAH,,WDK3770,30,,14,7,,,B
368048550,2021-08-25T11:03:53,43.70669,-69.3014,2,52.1,511,RUTH HANNAH,,WDK3770,30,,14,7,,,B
368048550,2021-08-25T11:04:54,43.70663,-69.30104,0.4,164.5,511,RUTH HANNAH,,WDK3770,30,,14,7,,,B
368048550,2021-08-21T10:20:09,43.71031,-69.27214,0.4,274.9,511,RUTH HANNAH,,WDK3770,30,,14,7,,,B
368048550,2021-08-21T10:21:11,43.71036,-69.27202,0.4,34.8,511,RUTH HANNAH,,WDK3770,30,,14,7,,,B
368048550,2021-08-21T10:22:41,43.71026,-69.27282,9.2,241,511,RUTH HANNAH,,WDK3770,30,,14,7,,,B
368048550,2021-08-21T10:24:10,43.70949,-69.27509,0.9,323,511,RUTH HANNAH,,WDK3770,30,,14,7,,,B
368048550,2021-08-21T10:25:39,43.71013,-69.27513,10.1,330.8,511,RUTH HANNAH,,WDK3770,30,,14,7,,,B
368048550,2021-08-21T10:27:09,43.71059,-69.2767,6.5,7.6,511,RUTH HANNAH,,WDK3770,30,,14,7,,,B
368048550,2021-08-21T10:28:43,43.7104,-69.27641,0.3,214.4,511,RUTH HANNAH,,WDK3770,30,,14,7,,,B
368048550,2021-08-21T10:30:09,43.71036,-69.27747,5.7,339.1,511,RUTH HANNAH,,WDK3770,30,,14,7,,,B
368048550,2021-08-21T10:31:41,43.70974,-69.27895,1.3,185.6,511,RUTH HANNAH,,WDK3770,30,,14,7,,,B
368048550,2021-08-21T10:33:10,43.70961,-69.27905,0.8,15.8,511,RUTH HANNAH,,WDK3770,30,,14,7,,,B
368048550,2021-08-21T10:35:09,43.70858,-69.2815,8.5,235.7,511,RUTH HANNAH,,WDK3770,30,,14,7,,,B
368048550,2021-08-21T10:36:40,43.708,-69.28206,0.8,13.7,511,RUTH HANNAH,,WDK3770,30,,14,7,,,B
368048550,2021-08-21T10:38:10,43.70786,-69.28258,6.2,310.5,511,RUTH HANNAH,,WDK3770,30,,14,7,,,B
368048550,2021-08-21T10:39:39,43.70825,-69.28426,2.5,211,511,RUTH HANNAH,,WDK3770,30,,14,7,,,B
368048550,2021-08-21T10:40:40,43.70788,-69.28439,0.7,210.6,511,RUTH HANNAH,,WDK3770,30,,14,7,,,B
368048550,2021-08-21T10:42:10,43.70799,-69.28504,6.4,342.4,511,RUTH HANNAH,,WDK3770,30,,14,7,,,B
368048550,2021-08-21T10:43:39,43.70881,-69.2869,3.2,100.6,511,RUTH HANNAH,,WDK3770,30,,14,7,,,B
368048550,2021-08-21T10:44:41,43.70839,-69.28699,0.9,210.8,511,RUTH HANNAH,,WDK3770,30,,14,7,,,B
368048550,2021-08-21T10:46:09,43.70827,-69.28724,3.7,259,511,RUTH HANNAH,,WDK3770,30,,14,7,,,B
368048550,2021-08-21T10:47:10,43.7084,-69.28757,6.6,146,511,RUTH HANNAH,,WDK3770,30,,14,7,,,B
368048550,2021-08-21T10:48:38,43.70754,-69.28963,1.4,184.1,511,RUTH HANNAH,,WDK3770,30,,14,7,,,B
368048550,2021-08-21T10:49:40,43.70747,-69.28967,0.2,5.1,511,RUTH HANNAH,,WDK3770,30,,14,7,,,B
368048550,2021-08-21T10:51:09,43.70728,-69.29027,8.3,232.2,511,RUTH HANNAH,,WDK3770,30,,14,7,,,B
368048550,2021-08-21T10:52:42,43.7068,-69.29231,1.3,195.8,511,RUTH HANNAH,,WDK3770,30,,14,7,,,B
368048550,2021-08-21T10:54:09,43.70674,-69.29232,4.9,193.8,511,RUTH HANNAH,,WDK3770,30,,14,7,,,B
368048550,2021-08-21T10:55:39,43.70687,-69.29393,8.5,288.3,511,RUTH HANNAH,,WDK3770,30,,14,7,,,B
368048550,2021-08-21T10:57:09,43.70651,-69.29478,0.3,184.2,511,RUTH HANNAH,,WDK3770,30,,14,7,,,B
368048550,2021-08-21T10:58:10,43.7065,-69.29478,0.6,12.8,511,RUTH HANNAH,,WDK3770,30,,14,7,,,B
368048550,2021-08-21T10:59:39,43.70655,-69.2958,9.3,293.3,511,RUTH HANNAH,,WDK3770,30,,14,7,,,B
368048550,2021-08-21T11:00:42,43.70638,-69.29746,1,180.2,511,RUTH HANNAH,,WDK3770,30,,14,7,,,B
368048550,2021-08-21T11:04:11,43.70648,-69.29975,9.7,295.4,511,RUTH HANNAH,,WDK3770,30,,14,7,,,B
368048550,2021-08-21T11:06:10,43.70677,-69.30005,0.6,183.3,511,RUTH HANNAH,,WDK3770,30,,14,7,,,B
368048550,2021-08-21T11:08:09,43.70676,-69.29993,5.7,156.4,511,RUTH HANNAH,,WDK3770,30,,14,7,,,B
368048550,2021-08-21T11:09:10,43.7069,-69.30056,7.3,134.7,511,RUTH HANNAH,,WDK3770,30,,14,7,,,B
368156590,2021-08-25T10:14:53,43.72149,-69.29482,6.6,23,23,RELENTLESS,,WDL7044,36,,0,0,,,B
368156590,2021-08-25T10:16:22,43.724,-69.29337,6.5,24.1,24,RELENTLESS,,WDL7044,36,,0,0,,,B
368156590,2021-08-25T10:17:53,43.72641,-69.29208,4.8,22.8,25,RELENTLESS,,WDL7044,36,,0,0,,,B
368156590,2021-08-25T10:19:22,43.72884,-69.2905,7,19.8,23,RELENTLESS,,WDL7044,36,,0,0,,,B
368156590,2021-08-25T10:20:23,43.7307,-69.28948,6.8,21.8,24,RELENTLESS,,WDL7044,36,,0,0,,,B
368156590,2021-08-25T10:21:54,43.73357,-69.28818,6.9,19.4,21,RELENTLESS,,WDL7044,36,,0,0,,,B
368156590,2021-08-25T10:23:23,43.73637,-69.28704,7.3,15,16,RELENTLESS,,WDL7044,36,,0,0,,,B
368156590,2021-08-25T10:24:54,43.73926,-69.28585,7.4,17.2,20,RELENTLESS,,WDL7044,36,,0,0,,,B
368156590,2021-08-25T10:26:23,43.74206,-69.28457,6.4,17.2,20,RELENTLESS,,WDL7044,36,,0,0,,,B
368048550,2021-08-27T10:43:27,43.72527,-69.32015,17.3,304.6,511,RUTH HANNAH,,WDK3770,30,,14,7,,,B
211277140,2021-08-27T21:17:37,43.72632,-69.31182,5,205.6,511,VALENTIN,,DD5993,36,,12,7,,,B
211277140,2021-08-27T21:19:06,43.72452,-69.31294,5,207.6,511,VALENTIN,,DD5993,36,,12,7,,,B
211277140,2021-08-27T21:20:37,43.72266,-69.31411,4.7,202.6,511,VALENTIN,,DD5993,36,,12,7,,,B
338419433,2021-08-30T15:42:03,43.72312,-69.29247,22.6,32.2,14,STORMALONG II,,,37,,0,0,,,B
211277140,2021-08-27T21:06:05,43.74089,-69.30272,5.1,204,511,VALENTIN,,DD5993,36,,12,7,,,B
338310425,2021-08-31T14:07:14,43.73928,-69.31454,20.9,235.6,511,NANUK,,,37,,0,0,,,B
211277140,2021-08-27T21:16:06,43.72821,-69.31061,5,205.2,511,VALENTIN,,DD5993,36,,12,7,,,B
368048550,2021-08-27T09:23:09,43.73597,-69.27586,17.2,162.4,511,RUTH HANNAH,,WDK3770,30,,14,7,,,B
368048550,2021-08-27T09:24:38,43.72911,-69.27355,17,170.8,511,RUTH HANNAH,,WDK3770,30,,14,7,,,B
211277140,2021-08-27T21:07:34,43.73899,-69.3039,4.8,202.1,511,VALENTIN,,DD5993,36,,12,7,,,B
211277140,2021-08-27T21:09:05,43.73709,-69.30508,5.2,202.2,511,VALENTIN,,DD5993,36,,12,7,,,B
211277140,2021-08-27T21:10:06,43.73578,-69.3059,5.1,204.9,511,VALENTIN,,DD5993,36,,12,7,,,B
211277140,2021-08-27T21:11:36,43.73386,-69.30708,4.7,205.2,511,VALENTIN,,DD5993,36,,12,7,,,B
211277140,2021-08-27T21:13:06,43.73197,-69.30826,5,202.8,511,VALENTIN,,DD5993,36,,12,7,,,B
211277140,2021-08-27T21:14:36,43.73009,-69.30942,5,202.8,511,VALENTIN,,DD5993,36,,12,7,,,B
338419433,2021-08-30T15:43:04,43.72857,-69.28825,22.3,32.1,16,STORMALONG II,,,37,,0,0,,,B
338419433,2021-08-30T15:44:34,43.73692,-69.28232,23.2,27.8,9,STORMALONG II,,,37,,0,0,,,B
368048550,2021-08-27T09:26:39,43.71965,-69.27157,16.9,170,511,RUTH HANNAH,,WDK3770,30,,14,7,,,B
368048550,2021-09-01T10:04:46,43.71196,-69.27191,0.4,124.4,511,RUTH HANNAH,,WDK3770,30,,14,7,,,B
368048550,2021-09-01T10:06:46,43.71073,-69.27225,8.9,240.9,511,RUTH HANNAH,,WDK3770,30,,14,7,,,B
368048550,2021-09-01T10:08:16,43.71057,-69.27343,0.9,109.7,511,RUTH HANNAH,,WDK3770,30,,14,7,,,B
368048550,2021-09-01T10:10:16,43.70971,-69.27445,7.3,245.2,511,RUTH HANNAH,,WDK3770,30,,14,7,,,B
368048550,2021-08-27T10:39:28,43.71409,-69.29947,16.8,305.8,511,RUTH HANNAH,,WDK3770,30,,14,7,,,B
338419433,2021-08-30T15:39:34,43.70936,-69.30256,23.1,24.3,9,STORMALONG II,,,37,,0,0,,,B
338419433,2021-08-30T15:40:36,43.71513,-69.29849,23.1,31.1,18,STORMALONG II,,,37,,0,0,,,B
368048550,2021-09-01T10:45:46,43.70651,-69.30057,1.1,120.8,511,RUTH HANNAH,,WDK3770,30,,14,7,,,B
368048550,2021-09-01T10:48:16,43.70661,-69.29828,7.6,204.2,511,RUTH HANNAH,,WDK3770,30,,14,7,,,B
368048550,2021-09-01T10:49:46,43.70626,-69.30313,2.4,61.8,511,RUTH HANNAH,,WDK3770,30,,14,7,,,B
368048550,2021-09-01T10:51:48,43.70632,-69.30238,0.2,80.5,511,RUTH HANNAH,,WDK3770,30,,14,7,,,B
368048550,2021-08-27T10:42:26,43.72233,-69.31483,17.1,305.8,511,RUTH HANNAH,,WDK3770,30,,14,7,,,B
211277140,2021-08-27T21:21:38,43.72145,-69.31486,4.9,203.5,511,VALENTIN,,DD5993,36,,12,7,,,B
211277140,2021-08-27T21:23:05,43.71969,-69.31595,4.8,204.9,511,VALENTIN,,DD5993,36,,12,7,,,B
211277140,2021-08-27T21:24:38,43.71785,-69.31712,4.5,205.2,511,VALENTIN,,DD5993,36,,12,7,,,B
211277140,2021-08-27T21:26:05,43.71614,-69.31821,4.8,201.6,511,VALENTIN,,DD5993,36,,12,7,,,B
211277140,2021-08-27T21:27:38,43.71426,-69.31936,4.8,204.5,511,VALENTIN,,DD5993,36,,12,7,,,B
211277140,2021-08-27T21:29:04,43.71256,-69.32045,4.7,205.9,511,VALENTIN,,DD5993,36,,12,7,,,B
368048550,2021-08-27T10:37:26,43.70836,-69.28904,17.1,306.7,511,RUTH HANNAH,,WDK3770,30,,14,7,,,B
368048550,2021-08-27T10:38:27,43.71128,-69.29435,17,307.2,511,RUTH HANNAH,,WDK3770,30,,14,7,,,B
368048550,2021-09-01T10:28:17,43.70806,-69.28982,3.5,32.2,511,RUTH HANNAH,,WDK3770,30,,14,7,,,B
368048550,2021-09-01T10:29:49,43.70795,-69.289,0.7,171.2,511,RUTH HANNAH,,WDK3770,30,,14,7,,,B
368048550,2021-09-01T10:31:16,43.70831,-69.28838,10.9,37.5,511,RUTH HANNAH,,WDK3770,30,,14,7,,,B
368048550,2021-09-01T10:32:18,43.70701,-69.28998,15.5,242.5,511,RUTH HANNAH,,WDK3770,30,,14,7,,,B
368048550,2021-09-01T10:33:47,43.70678,-69.29187,1,93.6,511,RUTH HANNAH,,WDK3770,30,,14,7,,,B
368048550,2021-09-01T10:35:46,43.70676,-69.29025,8.6,196,511,RUTH HANNAH,,WDK3770,30,,14,7,,,B
368048550,2021-09-01T10:39:20,43.70619,-69.29383,4.2,118.4,511,RUTH HANNAH,,WDK3770,30,,14,7,,,B
368048550,2021-09-01T10:11:47,43.7107,-69.27662,11.5,258.8,511,RUTH HANNAH,,WDK3770,30,,14,7,,,B
368048550,2021-09-01T10:13:16,43.71048,-69.27871,1.3,88,511,RUTH HANNAH,,WDK3770,30,,14,7,,,B
368048550,2021-09-01T10:14:47,43.71056,-69.27813,9.2,76.8,511,RUTH HANNAH,,WDK3770,30,,14,7,,,B
368048550,2021-09-01T10:16:17,43.70929,-69.28067,12,252.4,511,RUTH HANNAH,,WDK3770,30,,14,7,,,B
368048550,2021-09-01T10:17:49,43.7096,-69.28066,0.1,170.7,511,RUTH HANNAH,,WDK3770,30,,14,7,,,B
368048550,2021-09-01T10:19:16,43.70901,-69.28046,6.3,263.3,511,RUTH HANNAH,,WDK3770,30,,14,7,,,B
368048550,2021-09-01T10:21:16,43.70799,-69.28318,0.9,169.2,511,RUTH HANNAH,,WDK3770,30,,14,7,,,B
368048550,2021-09-01T10:22:46,43.70819,-69.28226,6.8,150.3,511,RUTH HANNAH,,WDK3770,30,,14,7,,,B
368048550,2021-09-01T10:24:16,43.70852,-69.28634,1.7,37.3,511,RUTH HANNAH,,WDK3770,30,,14,7,,,B
368048550,2021-09-01T10:25:49,43.70842,-69.28564,0.4,156.2,511,RUTH HANNAH,,WDK3770,30,,14,7,,,B
368048550,2021-09-01T10:27:16,43.70809,-69.2858,9,279.5,511,RUTH HANNAH,,WDK3770,30,,14,7,,,B
368151690,2021-09-03T18:10:32,43.74159,-69.30217,3.2,199.5,511,ULTIMA,,WDL6536,36,,14,4,,,B
368151690,2021-09-03T18:12:04,43.74037,-69.30275,3.2,200.8,511,ULTIMA,,WDL6536,36,,14,4,,,B
368151690,2021-09-03T18:13:34,43.73939,-69.30314,2.3,201,511,ULTIMA,,WDL6536,36,,14,4,,,B
368048550,2021-09-06T10:37:14,43.71111,-69.27172,0.9,257.3,511,RUTH HANNAH,,WDK3770,30,,14,7,,,B
368048550,2021-09-06T10:38:43,43.71129,-69.27173,0.9,100.4,511,RUTH HANNAH,,WDK3770,30,,14,7,,,B
368048550,2021-09-06T10:40:44,43.7101,-69.27428,1,17.1,511,RUTH HANNAH,,WDK3770,30,,14,7,,,B
368048550,2021-09-06T10:42:13,43.71015,-69.2739,2.8,135.2,511,RUTH HANNAH,,WDK3770,30,,14,7,,,B
368048550,2021-09-06T10:43:15,43.70956,-69.27597,8.8,285.2,511,RUTH HANNAH,,WDK3770,30,,14,7,,,B
368048550,2021-09-06T10:44:44,43.71078,-69.27773,3.3,279.7,511,RUTH HANNAH,,WDK3770,30,,14,7,,,B
368048550,2021-09-06T10:46:14,43.71105,-69.27754,0.4,55.6,511,RUTH HANNAH,,WDK3770,30,,14,7,,,B
368048550,2021-09-06T10:47:43,43.70965,-69.27999,6.5,236.8,511,RUTH HANNAH,,WDK3770,30,,14,7,,,B
368048550,2021-09-06T10:49:13,43.70926,-69.28026,1.5,354.6,511,RUTH HANNAH,,WDK3770,30,,14,7,,,B
368048550,2021-09-06T10:50:43,43.70925,-69.27997,3,217.9,511,RUTH HANNAH,,WDK3770,30,,14,7,,,B
368048550,2021-09-06T10:51:46,43.70803,-69.28143,6,225.4,511,RUTH HANNAH,,WDK3770,30,,14,7,,,B
368048550,2021-09-06T10:53:13,43.70761,-69.28239,1.5,233.3,511,RUTH HANNAH,,WDK3770,30,,14,7,,,B
368048550,2021-09-06T10:54:43,43.70762,-69.28246,0.1,49.7,511,RUTH HANNAH,,WDK3770,30,,14,7,,,B
368048550,2021-09-06T10:55:44,43.7081,-69.28324,5.1,36.7,511,RUTH HANNAH,,WDK3770,30,,14,7,,,B
368048550,2021-09-06T10:57:13,43.7082,-69.285,2,306.2,511,RUTH HANNAH,,WDK3770,30,,14,7,,,B
368048550,2021-09-06T10:58:43,43.70832,-69.28491,0.1,117.2,511,RUTH HANNAH,,WDK3770,30,,14,7,,,B
368048550,2021-09-06T10:59:44,43.70808,-69.28528,6,271.5,511,RUTH HANNAH,,WDK3770,30,,14,7,,,B
368048550,2021-09-06T11:00:14,43.70793,-69.28639,7.7,287.7,511,RUTH HANNAH,,WDK3770,30,,14,7,,,B
368048550,2021-09-06T11:01:45,43.70818,-69.28787,1.2,4.2,511,RUTH HANNAH,,WDK3770,30,,14,7,,,B
368048550,2021-09-06T11:03:15,43.70771,-69.28789,6,243.5,511,RUTH HANNAH,,WDK3770,30,,14,7,,,B
368048550,2021-09-06T11:04:44,43.70657,-69.29072,2.2,287,511,RUTH HANNAH,,WDK3770,30,,14,7,,,B
368048550,2021-09-06T11:06:14,43.70654,-69.29082,0.1,99.3,511,RUTH HANNAH,,WDK3770,30,,14,7,,,B
368048550,2021-09-06T11:07:18,43.7064,-69.29172,6.7,283.9,511,RUTH HANNAH,,WDK3770,30,,14,7,,,B
368151690,2021-09-03T18:15:02,43.73844,-69.30353,2.6,202.2,511,ULTIMA,,WDL6536,36,,14,4,,,B
368151690,2021-09-03T18:16:33,43.73751,-69.30396,2.1,199.4,511,ULTIMA,,WDL6536,36,,14,4,,,B
368151690,2021-09-03T18:18:02,43.73671,-69.30439,1.9,194.1,511,ULTIMA,,WDL6536,36,,14,4,,,B
368151690,2021-09-03T18:19:32,43.73562,-69.30493,2.8,198.2,511,ULTIMA,,WDL6536,36,,14,4,,,B
368151690,2021-09-03T18:21:01,43.73463,-69.30542,2.3,195.2,511,ULTIMA,,WDL6536,36,,14,4,,,B
368151690,2021-09-03T18:22:31,43.73372,-69.30583,3.9,205.3,511,ULTIMA,,WDL6536,36,,14,4,,,B
368151690,2021-09-03T18:24:02,43.73126,-69.30646,6.7,188.4,511,ULTIMA,,WDL6536,36,,14,4,,,B
368151690,2021-09-03T18:25:31,43.72856,-69.30704,7.1,185.8,511,ULTIMA,,WDL6536,36,,14,4,,,B
368151690,2021-09-03T18:27:02,43.72576,-69.30704,6.8,180.5,511,ULTIMA,,WDL6536,36,,14,4,,,B
368151690,2021-09-03T18:28:33,43.72333,-69.30699,4.3,180.1,511,ULTIMA,,WDL6536,36,,14,4,,,B
368151690,2021-09-03T18:30:02,43.72183,-69.30719,3.2,186.5,511,ULTIMA,,WDL6536,36,,14,4,,,B
368151690,2021-09-03T18:31:31,43.71999,-69.30751,5.9,187.6,511,ULTIMA,,WDL6536,36,,14,4,,,B
368151690,2021-09-03T18:32:34,43.71826,-69.30815,6.1,202.3,511,ULTIMA,,WDL6536,36,,14,4,,,B
368151690,2021-09-03T18:34:02,43.716,-69.30959,5.9,204.4,511,ULTIMA,,WDL6536,36,,14,4,,,B
368151690,2021-09-03T18:35:32,43.71388,-69.31145,5.8,212.2,511,ULTIMA,,WDL6536,36,,14,4,,,B
368151690,2021-09-03T18:36:33,43.71246,-69.31277,6.1,213.2,511,ULTIMA,,WDL6536,36,,14,4,,,B
368151690,2021-09-03T18:38:01,43.71036,-69.3147,6.1,214.4,511,ULTIMA,,WDL6536,36,,14,4,,,B
368151690,2021-09-03T18:39:32,43.70822,-69.31666,6.1,213.9,511,ULTIMA,,WDL6536,36,,14,4,,,B
338419433,2021-09-13T14:00:24,43.72411,-69.29836,22.2,204.1,229,STORMALONG II,,,37,,0,0,,,B
338419433,2021-09-13T14:01:53,43.71584,-69.30329,21.6,203.1,229,STORMALONG II,,,37,,0,0,,,B
338419433,2021-09-13T14:02:54,43.71017,-69.30633,21.8,200.9,228,STORMALONG II,,,37,,0,0,,,B
368048550,2021-09-14T15:51:51,43.70625,-69.3019,3.8,63,511,RUTH HANNAH,,WDK3770,30,,14,7,,,B
368048550,2021-09-14T15:53:20,43.7065,-69.29937,3.7,73.8,511,RUTH HANNAH,,WDK3770,30,,14,7,,,B
368048550,2021-09-14T15:54:21,43.70662,-69.29896,0.1,121.2,511,RUTH HANNAH,,WDK3770,30,,14,7,,,B
368048550,2021-09-14T15:55:52,43.70631,-69.29739,7.8,225.9,511,RUTH HANNAH,,WDK3770,30,,14,7,,,B
368048550,2021-09-14T15:57:56,43.70687,-69.29623,0.4,220.2,511,RUTH HANNAH,,WDK3770,30,,14,7,,,B
368048550,2021-09-14T15:59:20,43.70706,-69.29533,13.4,95.6,511,RUTH HANNAH,,WDK3770,30,,14,7,,,B
368048550,2021-09-14T16:00:19,43.70682,-69.29589,3.8,38.4,511,RUTH HANNAH,,WDK3770,30,,14,7,,,B
368048550,2021-09-14T16:01:20,43.7071,-69.2951,1.9,61.1,511,RUTH HANNAH,,WDK3770,30,,14,7,,,B
368048550,2021-09-14T16:02:53,43.70728,-69.29315,14.2,94.7,511,RUTH HANNAH,,WDK3770,30,,14,7,,,B
368048550,2021-09-14T16:04:50,43.70672,-69.29233,3.6,99.5,511,RUTH HANNAH,,WDK3770,30,,14,7,,,B
368048550,2021-09-14T16:06:22,43.70679,-69.29209,0.2,330.4,511,RUTH HANNAH,,WDK3770,30,,14,7,,,B
368048550,2021-09-14T16:07:53,43.70781,-69.28976,2.3,61.3,511,RUTH HANNAH,,WDK3770,30,,14,7,,,B
368048550,2021-09-14T16:09:19,43.70798,-69.28889,0.1,124.3,511,RUTH HANNAH,,WDK3770,30,,14,7,,,B
368048550,2021-09-14T16:10:50,43.70799,-69.28707,5.1,140.8,511,RUTH HANNAH,,WDK3770,30,,14,7,,,B
368048550,2021-09-14T16:12:20,43.70835,-69.28702,0.9,73.9,511,RUTH HANNAH,,WDK3770,30,,14,7,,,B
368048550,2021-09-14T16:13:52,43.70845,-69.28652,0.2,15.9,511,RUTH HANNAH,,WDK3770,30,,14,7,,,B
368048550,2021-09-14T16:15:20,43.70792,-69.28597,7.6,319.2,511,RUTH HANNAH,,WDK3770,30,,14,7,,,B
368048550,2021-09-14T16:17:21,43.70816,-69.28393,0.9,84.8,511,RUTH HANNAH,,WDK3770,30,,14,7,,,B
368048550,2021-09-14T16:19:51,43.70869,-69.28178,1.1,62,511,RUTH HANNAH,,WDK3770,30,,14,7,,,B
368048550,2021-09-14T16:21:19,43.70874,-69.28138,0.2,329.8,511,RUTH HANNAH,,WDK3770,30,,14,7,,,B
368048550,2021-09-14T16:22:20,43.70931,-69.27956,5.7,213.6,511,RUTH HANNAH,,WDK3770,30,,14,7,,,B
368048550,2021-09-14T16:23:21,43.71051,-69.27975,3.2,62,511,RUTH HANNAH,,WDK3770,30,,14,7,,,B
368048550,2021-09-14T16:24:54,43.71059,-69.27898,0.4,64,511,RUTH HANNAH,,WDK3770,30,,14,7,,,B
368048550,2021-09-14T16:26:21,43.71051,-69.27831,6.9,310.1,511,RUTH HANNAH,,WDK3770,30,,14,7,,,B
368048550,2021-09-14T16:27:49,43.71073,-69.2768,0.5,144.7,511,RUTH HANNAH,,WDK3770,30,,14,7,,,B
368048550,2021-09-14T16:28:51,43.71071,-69.2767,0.2,322.9,511,RUTH HANNAH,,WDK3770,30,,14,7,,,B
368048550,2021-09-14T16:30:21,43.71075,-69.2748,6.5,78.4,511,RUTH HANNAH,,WDK3770,30,,14,7,,,B
368048550,2021-09-14T16:31:51,43.7109,-69.27378,0.5,229.2,511,RUTH HANNAH,,WDK3770,30,,14,7,,,B
368048550,2021-09-14T16:33:49,43.71086,-69.27266,7.3,260.6,511,RUTH HANNAH,,WDK3770,30,,14,7,,,B
368048550,2021-09-14T16:35:20,43.71119,-69.27157,0.4,150.5,511,RUTH HANNAH,,WDK3770,30,,14,7,,,B
368048550,2021-09-14T16:36:49,43.71098,-69.27172,0.5,337.6,511,RUTH HANNAH,,WDK3770,30,,14,7,,,B
368048550,2021-09-10T10:35:37,43.71037,-69.27187,1,347.9,511,RUTH HANNAH,,WDK3770,30,,14,7,,,B
368048550,2021-09-10T10:36:38,43.71055,-69.27193,0.2,116.7,511,RUTH HANNAH,,WDK3770,30,,14,7,,,B
368048550,2021-09-10T10:38:07,43.71095,-69.27142,5.3,212,511,RUTH HANNAH,,WDK3770,30,,14,7,,,B
368048550,2021-09-10T10:39:37,43.70933,-69.27442,3,359.4,511,RUTH HANNAH,,WDK3770,30,,14,7,,,B
368048550,2021-09-10T10:41:07,43.70947,-69.27446,0.1,173.6,511,RUTH HANNAH,,WDK3770,30,,14,7,,,B
368048550,2021-09-10T10:42:08,43.70938,-69.2745,4.1,295.9,511,RUTH HANNAH,,WDK3770,30,,14,7,,,B
368048550,2021-09-10T10:43:37,43.7099,-69.27552,4.5,282.4,511,RUTH HANNAH,,WDK3770,30,,14,7,,,B
368048550,2021-09-10T10:45:07,43.71045,-69.27594,0.5,34.7,511,RUTH HANNAH,,WDK3770,30,,14,7,,,B
368048550,2021-09-10T10:46:38,43.71029,-69.27713,7.7,208.6,511,RUTH HANNAH,,WDK3770,30,,14,7,,,B
368048550,2021-09-10T10:48:08,43.71043,-69.27817,0.7,267.5,511,RUTH HANNAH,,WDK3770,30,,14,7,,,B
368048550,2021-09-10T10:49:09,43.7104,-69.27808,0.2,158.2,511,RUTH HANNAH,,WDK3770,30,,14,7,,,B
368048550,2021-09-10T10:50:37,43.70888,-69.27999,13.7,188.4,511,RUTH HANNAH,,WDK3770,30,,14,7,,,B
368048550,2021-09-10T10:52:09,43.70873,-69.28067,0.3,357.1,511,RUTH HANNAH,,WDK3770,30,,14,7,,,B
368048550,2021-09-10T10:53:37,43.70837,-69.28152,6.7,226.1,511,RUTH HANNAH,,WDK3770,30,,14,7,,,B
368048550,2021-09-10T10:55:08,43.70804,-69.28281,0.5,285.1,511,RUTH HANNAH,,WDK3770,30,,14,7,,,B
368048550,2021-09-10T10:56:10,43.70783,-69.28289,7,229.3,511,RUTH HANNAH,,WDK3770,30,,14,7,,,B
368048550,2021-09-10T10:57:38,43.70727,-69.28458,11.2,266.6,511,RUTH HANNAH,,WDK3770,30,,14,7,,,B
368048550,2021-09-10T10:59:08,43.7078,-69.28585,0.6,49.6,511,RUTH HANNAH,,WDK3770,30,,14,7,,,B
368048550,2021-09-10T11:00:37,43.70864,-69.28714,4.6,18.2,511,RUTH HANNAH,,WDK3770,30,,14,7,,,B
368048550,2021-09-10T11:02:07,43.70706,-69.28918,5.7,220.1,511,RUTH HANNAH,,WDK3770,30,,14,7,,,B
368048550,2021-09-10T11:03:11,43.70674,-69.28807,2.2,324,511,RUTH HANNAH,,WDK3770,30,,14,7,,,B
368048550,2021-09-10T11:04:37,43.7074,-69.2881,0.3,121.6,511,RUTH HANNAH,,WDK3770,30,,14,7,,,B
368048550,2021-09-10T11:05:38,43.70796,-69.2886,6.9,216.4,511,RUTH HANNAH,,WDK3770,30,,14,7,,,B
368048550,2021-09-10T11:13:38,43.70672,-69.29558,14.1,327.6,511,RUTH HANNAH,,WDK3770,30,,14,7,,,B
368048550,2021-09-10T11:21:07,43.70623,-69.29949,1.1,221.6,511,RUTH HANNAH,,WDK3770,30,,14,7,,,B
368048550,2021-09-10T11:22:08,43.70692,-69.29939,7.4,14.6,511,RUTH HANNAH,,WDK3770,30,,14,7,,,B
368048550,2021-09-10T11:26:38,43.70636,-69.30272,6.9,17.8,511,RUTH HANNAH,,WDK3770,30,,14,7,,,B
338317162,2021-09-10T14:46:33,43.71136,-69.27213,6.8,211.8,511,INO,,NA,36,,12,3,,,B
338317162,2021-09-10T14:48:03,43.70898,-69.27451,7.3,205.8,511,INO,,NA,36,,12,3,,,B
338317162,2021-09-10T14:49:35,43.70632,-69.27631,6.3,217.9,511,INO,,NA,36,,12,3,,,B
338419433,2021-09-13T13:57:25,43.74069,-69.28789,22.4,205.5,230,STORMALONG II,,,37,,0,0,,,B
338419433,2021-09-13T13:58:55,43.73234,-69.29327,22,201.6,228,STORMALONG II,,,37,,0,0,,,B
368048550,2021-09-18T09:20:09,43.74077,-69.28859,18,171.5,511,RUTH HANNAH,,WDK3770,30,,14,7,,,B
368048550,2021-09-18T09:21:39,43.73351,-69.28699,17,171.1,511,RUTH HANNAH,,WDK3770,30,,14,7,,,B
368048550,2021-09-18T15:04:34,43.73315,-69.28734,11.5,355.3,511,RUTH HANNAH,,WDK3770,30,,14,7,,,B
368048550,2021-09-18T15:06:05,43.7398,-69.28959,18.4,342.6,511,RUTH HANNAH,,WDK3770,30,,14,7,,,B
368048550,2021-09-21T09:34:04,43.7384,-69.28701,17.4,162,511,RUTH HANNAH,,WDK3770,30,,14,7,,,B
368048550,2021-09-21T09:35:05,43.73359,-69.2853,17.5,166.2,511,RUTH HANNAH,,WDK3770,30,,14,7,,,B
368048550,2021-09-18T09:23:09,43.72628,-69.28531,17.4,169.1,511,RUTH HANNAH,,WDK3770,30,,14,7,,,B
368048550,2021-09-18T09:24:39,43.7191,-69.28337,17,167.6,511,RUTH HANNAH,,WDK3770,30,,14,7,,,B
368048550,2021-09-18T09:25:41,43.71415,-69.282,17.7,169.6,511,RUTH HANNAH,,WDK3770,30,,14,7,,,B
368048550,2021-09-18T09:27:11,43.70705,-69.27991,17.9,166.9,511,RUTH HANNAH,,WDK3770,30,,14,7,,,B
368048550,2021-09-18T14:55:34,43.70763,-69.27808,9.6,342.2,511,RUTH HANNAH,,WDK3770,30,,14,7,,,B
368048550,2021-09-18T14:57:04,43.71163,-69.27983,10,341.9,511,RUTH HANNAH,,WDK3770,30,,14,7,,,B
368048550,2021-09-18T14:58:35,43.71577,-69.28164,10.6,338.7,511,RUTH HANNAH,,WDK3770,30,,14,7,,,B
368048550,2021-09-18T15:00:04,43.71979,-69.28347,10.1,341.8,511,RUTH HANNAH,,WDK3770,30,,14,7,,,B
368048550,2021-09-18T15:01:35,43.72388,-69.28536,10.1,339.9,511,RUTH HANNAH,,WDK3770,30,,14,7,,,B
368048550,2021-09-18T15:03:05,43.72848,-69.28657,11.1,354.6,511,RUTH HANNAH,,WDK3770,30,,14,7,,,B
368048550,2021-09-20T10:34:41,43.71073,-69.27282,10.6,277.1,511,RUTH HANNAH,,WDK3770,30,,14,7,,,B
368048550,2021-09-20T10:36:10,43.71123,-69.27242,0.1,13.7,511,RUTH HANNAH,,WDK3770,30,,14,7,,,B
368048550,2021-09-20T10:37:11,43.71146,-69.27248,6.9,11,511,RUTH HANNAH,,WDK3770,30,,14,7,,,B
368048550,2021-09-20T10:38:12,43.71069,-69.27393,11.5,248.1,511,RUTH HANNAH,,WDK3770,30,,14,7,,,B
368048550,2021-09-20T10:39:13,43.71067,-69.27542,3.3,94,511,RUTH HANNAH,,WDK3770,30,,14,7,,,B
368048550,2021-09-20T10:41:41,43.711,-69.27487,6.3,252.6,511,RUTH HANNAH,,WDK3770,30,,14,7,,,B
368048550,2021-09-20T10:43:10,43.71082,-69.27868,1.9,106.7,511,RUTH HANNAH,,WDK3770,30,,14,7,,,B
368048550,2021-09-20T10:44:40,43.71088,-69.27825,1,299.2,511,RUTH HANNAH,,WDK3770,30,,14,7,,,B
368048550,2021-09-20T10:46:10,43.70934,-69.2799,11.9,218.1,511,RUTH HANNAH,,WDK3770,30,,14,7,,,B
368048550,2021-09-20T10:47:40,43.70955,-69.27992,0.6,59.5,511,RUTH HANNAH,,WDK3770,30,,14,7,,,B
368048550,2021-09-20T10:48:43,43.70954,-69.2799,1.5,58.5,511,RUTH HANNAH,,WDK3770,30,,14,7,,,B
368048550,2021-09-20T10:50:12,43.70827,-69.2827,12.6,234.2,511,RUTH HANNAH,,WDK3770,30,,14,7,,,B
368048550,2021-09-20T10:52:10,43.70834,-69.28277,0.5,157.2,511,RUTH HANNAH,,WDK3770,30,,14,7,,,B
368048550,2021-09-20T10:53:12,43.70784,-69.28302,6.2,239.6,511,RUTH HANNAH,,WDK3770,30,,14,7,,,B
368048550,2021-09-20T10:54:41,43.70809,-69.28593,2.4,115.5,511,RUTH HANNAH,,WDK3770,30,,14,7,,,B
368048550,2021-09-20T10:56:11,43.70808,-69.2852,1.4,109,511,RUTH HANNAH,,WDK3770,30,,14,7,,,B
368048550,2021-09-20T10:57:41,43.70788,-69.28798,11.6,255.7,511,RUTH HANNAH,,WDK3770,30,,14,7,,,B
368048550,2021-09-20T10:59:14,43.70821,-69.28796,0.7,55,511,RUTH HANNAH,,WDK3770,30,,14,7,,,B
368048550,2021-09-20T11:00:12,43.70813,-69.2879,0.6,160.1,511,RUTH HANNAH,,WDK3770,30,,14,7,,,B
368048550,2021-09-20T11:01:13,43.70753,-69.28987,11.8,244.8,511,RUTH HANNAH,,WDK3770,30,,14,7,,,B
368048550,2021-09-20T11:02:41,43.70759,-69.29122,1,130.1,511,RUTH HANNAH,,WDK3770,30,,14,7,,,B
368048550,2021-09-20T11:03:43,43.70748,-69.29126,0.2,199.6,511,RUTH HANNAH,,WDK3770,30,,14,7,,,B
368048550,2021-09-20T11:05:11,43.70626,-69.29388,7.1,325,511,RUTH HANNAH,,WDK3770,30,,14,7,,,B
368048550,2021-09-20T11:06:14,43.70653,-69.2934,0.5,117.4,511,RUTH HANNAH,,WDK3770,30,,14,7,,,B
368048550,2021-09-20T11:07:41,43.70649,-69.29312,3.2,175.8,511,RUTH HANNAH,,WDK3770,30,,14,7,,,B
368048550,2021-09-20T11:09:10,43.70668,-69.29604,2.5,85.5,511,RUTH HANNAH,,WDK3770,30,,14,7,,,B
368048550,2021-09-20T11:10:11,43.70661,-69.29555,0.2,113.7,511,RUTH HANNAH,,WDK3770,30,,14,7,,,B
368048550,2021-09-20T11:11:42,43.7062,-69.29627,6.5,259.9,511,RUTH HANNAH,,WDK3770,30,,14,7,,,B
368048550,2021-09-20T11:13:40,43.70679,-69.29753,0.4,121.8,511,RUTH HANNAH,,WDK3770,30,,14,7,,,B
368048550,2021-09-20T11:14:41,43.7066,-69.29747,3.2,218,511,RUTH HANNAH,,WDK3770,30,,14,7,,,B
368048550,2021-09-21T09:37:05,43.72421,-69.28225,17,167.9,511,RUTH HANNAH,,WDK3770,30,,14,7,,,B
368048550,2021-09-21T09:38:35,43.7172,-69.27984,17,165.8,511,RUTH HANNAH,,WDK3770,30,,14,7,,,B
368048550,2021-09-21T09:40:05,43.71023,-69.27739,17.2,167.1,511,RUTH HANNAH,,WDK3770,30,,14,7,,,B
368048550,2021-09-20T11:16:11,43.70657,-69.30194,7,358.3,511,RUTH HANNAH,,WDK3770,30,,14,7,,,B
368048550,2021-09-20T11:17:41,43.70659,-69.30135,0.5,162.4,511,RUTH HANNAH,,WDK3770,30,,14,7,,,B
368021920,2021-09-28T09:45:00,43.71216,-69.31352,4.2,46.3,511,POLONIA,,WDJ9007,36,,12,4,,,B
368048550,2021-09-27T10:41:38,43.71053,-69.27861,1.2,70.6,511,RUTH HANNAH,,WDK3770,30,,14,7,,,B
368048550,2021-09-27T10:43:08,43.7101,-69.27884,6.2,234.6,511,RUTH HANNAH,,WDK3770,30,,14,7,,,B
368048550,2021-09-27T10:44:38,43.70927,-69.28114,3.5,42,511,RUTH HANNAH,,WDK3770,30,,14,7,,,B
368048550,2021-09-27T10:46:08,43.70913,-69.28071,0.3,216.5,511,RUTH HANNAH,,WDK3770,30,,14,7,,,B
368048550,2021-09-27T10:47:09,43.70786,-69.28176,7.1,235.7,511,RUTH HANNAH,,WDK3770,30,,14,7,,,B
368048550,2021-09-27T10:48:38,43.70788,-69.28426,1.4,34.7,511,RUTH HANNAH,,WDK3770,30,,14,7,,,B
368048550,2021-09-27T10:50:08,43.70774,-69.284,3.4,229.1,511,RUTH HANNAH,,WDK3770,30,,14,7,,,B
368048550,2021-09-27T10:51:43,43.70779,-69.28709,3.6,27.2,511,RUTH HANNAH,,WDK3770,30,,14,7,,,B
368048550,2021-09-27T10:53:08,43.70787,-69.2866,0.7,189.1,511,RUTH HANNAH,,WDK3770,30,,14,7,,,B
368048550,2021-09-27T10:54:39,43.70716,-69.28965,6.5,274.3,511,RUTH HANNAH,,WDK3770,30,,14,7,,,B
368048550,2021-09-27T10:56:08,43.7077,-69.28904,1.7,159.4,511,RUTH HANNAH,,WDK3770,30,,14,7,,,B
368048550,2021-09-27T10:57:38,43.70703,-69.29016,7.3,243.7,511,RUTH HANNAH,,WDK3770,30,,14,7,,,B
368048550,2021-09-27T11:00:08,43.70634,-69.29201,1.2,141.7,511,RUTH HANNAH,,WDK3770,30,,14,7,,,B
368048550,2021-09-27T11:10:09,43.70638,-69.29956,1.3,67.3,511,RUTH HANNAH,,WDK3770,30,,14,7,,,B
368048550,2021-09-30T16:31:10,43.70618,-69.30161,2.7,38.2,511,RUTH HANNAH,,WDK3770,30,,14,7,,,B
368048550,2021-09-30T16:33:09,43.70641,-69.30121,0.9,208.7,511,RUTH HANNAH,,WDK3770,30,,14,7,,,B
368048550,2021-09-30T16:35:39,43.70636,-69.29905,1.9,75.8,511,RUTH HANNAH,,WDK3770,30,,14,7,,,B
368048550,2021-09-30T16:37:09,43.70646,-69.29848,5.6,40.8,511,RUTH HANNAH,,WDK3770,30,,14,7,,,B
368048550,2021-09-30T16:39:39,43.70626,-69.29627,0.6,23.9,511,RUTH HANNAH,,WDK3770,30,,14,7,,,B
368048550,2021-09-30T16:40:40,43.70625,-69.29623,0.8,205.8,511,RUTH HANNAH,,WDK3770,30,,14,7,,,B
368048550,2021-09-30T16:43:39,43.70626,-69.29341,0.7,75.4,511,RUTH HANNAH,,WDK3770,30,,14,7,,,B
368048550,2021-09-30T16:45:08,43.7069,-69.29163,8.2,59,511,RUTH HANNAH,,WDK3770,30,,14,7,,,B
368048550,2021-09-30T16:48:10,43.70728,-69.28937,5.6,79.8,511,RUTH HANNAH,,WDK3770,30,,14,7,,,B
368048550,2021-09-30T16:49:38,43.70806,-69.28834,0.7,159.2,511,RUTH HANNAH,,WDK3770,30,,14,7,,,B
368048550,2021-09-30T16:50:40,43.70796,-69.28819,0.7,196.5,511,RUTH HANNAH,,WDK3770,30,,14,7,,,B
368048550,2021-09-30T16:52:11,43.70753,-69.28595,2.9,341.9,511,RUTH HANNAH,,WDK3770,30,,14,7,,,B
368048550,2021-09-30T16:53:38,43.70776,-69.28573,0.9,188.5,511,RUTH HANNAH,,WDK3770,30,,14,7,,,B
368048550,2021-09-30T16:54:40,43.70772,-69.28494,6.8,92.3,511,RUTH HANNAH,,WDK3770,30,,14,7,,,B
368048550,2021-09-30T16:56:09,43.70792,-69.28256,0.5,165.3,511,RUTH HANNAH,,WDK3770,30,,14,7,,,B
368048550,2021-09-30T16:57:11,43.70792,-69.28246,1,155.8,511,RUTH HANNAH,,WDK3770,30,,14,7,,,B
368048550,2021-09-30T16:58:41,43.70956,-69.28052,4.3,25.7,511,RUTH HANNAH,,WDK3770,30,,14,7,,,B
368048550,2021-09-30T17:00:08,43.71002,-69.28003,1,121.4,511,RUTH HANNAH,,WDK3770,30,,14,7,,,B
368048550,2021-09-30T17:01:09,43.70962,-69.27963,9.7,140.6,511,RUTH HANNAH,,WDK3770,30,,14,7,,,B
368021920,2021-09-28T10:15:01,43.73746,-69.28877,3.6,30.6,511,POLONIA,,WDJ9007,36,,12,4,,,B
368048550,2021-09-27T10:33:09,43.7101,-69.27303,8.9,309.7,511,RUTH HANNAH,,WDK3770,30,,14,7,,,B
368048550,2021-09-27T10:34:39,43.71063,-69.27299,0.1,254.9,511,RUTH HANNAH,,WDK3770,30,,14,7,,,B
368048550,2021-09-27T10:36:09,43.71012,-69.27411,5.6,282,511,RUTH HANNAH,,WDK3770,30,,14,7,,,B
368048550,2021-09-27T10:37:38,43.71092,-69.27521,1.9,72.9,511,RUTH HANNAH,,WDK3770,30,,14,7,,,B
368048550,2021-09-27T10:39:08,43.71063,-69.27505,5,244.5,511,RUTH HANNAH,,WDK3770,30,,14,7,,,B
368048550,2021-09-27T10:40:10,43.7101,-69.27758,9,226.7,511,RUTH HANNAH,,WDK3770,30,,14,7,,,B
368048550,2021-09-30T17:02:10,43.71039,-69.27759,3.9,35.9,511,RUTH HANNAH,,WDK3770,30,,14,7,,,B
368048550,2021-09-30T17:03:11,43.71073,-69.27708,1.1,56.1,511,RUTH HANNAH,,WDK3770,30,,14,7,,,B
368048550,2021-09-30T17:04:40,43.71118,-69.27648,6.5,68.2,511,RUTH HANNAH,,WDK3770,30,,14,7,,,B
368048550,2021-09-30T17:06:11,43.71029,-69.2756,3.4,59.1,511,RUTH HANNAH,,WDK3770,30,,14,7,,,B
368048550,2021-09-30T17:08:09,43.71037,-69.27473,6.5,119.1,511,RUTH HANNAH,,WDK3770,30,,14,7,,,B
368048550,2021-09-30T17:09:38,43.71018,-69.27299,2.9,30.4,511,RUTH HANNAH,,WDK3770,30,,14,7,,,B
368048550,2021-09-30T17:10:39,43.71034,-69.27277,0.6,232.6,511,RUTH HANNAH,,WDK3770,30,,14,7,,,B
338331165,2021-10-07T22:45:37,43.72414,-69.31247,26.6,48.7,45,POETTIC,,,37,,10,3,,,B
368048550,2021-10-07T15:46:42,43.70808,-69.28478,8.7,137.8,511,RUTH HANNAH,,WDK3770,30,,14,7,,,B
368048550,2021-10-07T15:48:12,43.70778,-69.28397,0.2,245.1,511,RUTH HANNAH,,WDK3770,30,,14,7,,,B
368048550,2021-10-07T15:49:41,43.70845,-69.2834,5.5,71.5,511,RUTH HANNAH,,WDK3770,30,,14,7,,,B
368048550,2021-10-04T16:16:21,43.70637,-69.3008,1,53.4,511,RUTH HANNAH,,WDK3770,30,,14,7,,,B
368048550,2021-10-04T16:17:52,43.70639,-69.30117,0.9,261.3,511,RUTH HANNAH,,WDK3770,30,,14,7,,,B
368048550,2021-10-04T16:19:21,43.70659,-69.29831,2,105.9,511,RUTH HANNAH,,WDK3770,30,,14,7,,,B
368048550,2021-10-04T16:20:22,43.70667,-69.29782,0.8,287.7,511,RUTH HANNAH,,WDK3770,30,,14,7,,,B
368048550,2021-10-04T16:21:53,43.70655,-69.29712,5.1,104.1,511,RUTH HANNAH,,WDK3770,30,,14,7,,,B
368048550,2021-10-04T16:23:22,43.70636,-69.2954,0.5,304.4,511,RUTH HANNAH,,WDK3770,30,,14,7,,,B
368048550,2021-10-04T16:24:51,43.70634,-69.29594,2.7,339.4,511,RUTH HANNAH,,WDK3770,30,,14,7,,,B
368048550,2021-10-04T16:25:52,43.70667,-69.29391,5.1,104.9,511,RUTH HANNAH,,WDK3770,30,,14,7,,,B
368048550,2021-10-04T16:26:55,43.70675,-69.29318,1.3,64,511,RUTH HANNAH,,WDK3770,30,,14,7,,,B
368048550,2021-10-04T16:28:21,43.70698,-69.29312,6.4,82.6,511,RUTH HANNAH,,WDK3770,30,,14,7,,,B
368048550,2021-10-04T16:29:52,43.70729,-69.2904,0.7,238.8,511,RUTH HANNAH,,WDK3770,30,,14,7,,,B
368048550,2021-10-04T16:31:22,43.70739,-69.29036,1,204.7,511,RUTH HANNAH,,WDK3770,30,,14,7,,,B
368048550,2021-10-04T16:32:23,43.70757,-69.29028,0.4,330.4,511,RUTH HANNAH,,WDK3770,30,,14,7,,,B
368048550,2021-10-04T16:33:53,43.70798,-69.28812,8.6,34.4,511,RUTH HANNAH,,WDK3770,30,,14,7,,,B
368048550,2021-10-04T16:35:23,43.70821,-69.28734,1.6,161.7,511,RUTH HANNAH,,WDK3770,30,,14,7,,,B
368048550,2021-10-04T16:36:51,43.70808,-69.28593,5.3,99.4,511,RUTH HANNAH,,WDK3770,30,,14,7,,,B
368048550,2021-10-04T16:37:52,43.70771,-69.28489,2.2,80,511,RUTH HANNAH,,WDK3770,30,,14,7,,,B
368048550,2021-10-04T16:39:22,43.70785,-69.285,1.5,271.1,511,RUTH HANNAH,,WDK3770,30,,14,7,,,B
368048550,2021-10-07T15:27:11,43.70655,-69.30033,0.2,80.7,511,RUTH HANNAH,,WDK3770,30,,14,7,,,B
368048550,2021-10-07T15:28:41,43.70635,-69.30012,8.8,113.1,511,RUTH HANNAH,,WDK3770,30,,14,7,,,B
368048550,2021-10-07T15:30:13,43.70636,-69.29759,1.9,63.5,511,RUTH HANNAH,,WDK3770,30,,14,7,,,B
368048550,2021-10-07T15:31:42,43.70645,-69.29749,0.5,256,511,RUTH HANNAH,,WDK3770,30,,14,7,,,B
368048550,2021-10-07T15:33:11,43.70641,-69.29548,1.3,22.6,511,RUTH HANNAH,,WDK3770,30,,14,7,,,B
368048550,2021-10-07T15:35:12,43.70681,-69.29457,13.6,76.9,511,RUTH HANNAH,,WDK3770,30,,14,7,,,B
368048550,2021-10-07T15:36:42,43.70671,-69.29322,4.5,43.2,511,RUTH HANNAH,,WDK3770,30,,14,7,,,B
368048550,2021-10-07T15:38:11,43.70707,-69.29266,0.5,245,511,RUTH HANNAH,,WDK3770,30,,14,7,,,B
368048550,2021-10-07T15:39:45,43.70699,-69.29055,6.1,48.9,511,RUTH HANNAH,,WDK3770,30,,14,7,,,B
368048550,2021-10-07T15:41:11,43.70753,-69.28953,0.2,91.5,511,RUTH HANNAH,,WDK3770,30,,14,7,,,B
368048550,2021-10-07T15:42:13,43.70754,-69.28956,1.8,19.5,511,RUTH HANNAH,,WDK3770,30,,14,7,,,B
368048550,2021-10-07T15:43:41,43.70778,-69.28691,4.4,72.6,511,RUTH HANNAH,,WDK3770,30,,14,7,,,B
368048550,2021-10-07T15:44:42,43.70809,-69.28656,0.4,12.2,511,RUTH HANNAH,,WDK3770,30,,14,7,,,B
368048550,2021-10-04T16:40:51,43.70808,-69.28274,7.7,22.1,511,RUTH HANNAH,,WDK3770,30,,14,7,,,B
368048550,2021-10-04T16:42:52,43.70861,-69.28172,0.6,279.3,511,RUTH HANNAH,,WDK3770,30,,14,7,,,B
368048550,2021-10-04T16:44:22,43.70987,-69.27951,4.4,71.2,511,RUTH HANNAH,,WDK3770,30,,14,7,,,B
368048550,2021-10-04T16:47:23,43.7111,-69.27765,10.6,70.3,511,RUTH HANNAH,,WDK3770,30,,14,7,,,B
368048550,2021-10-04T16:48:53,43.71132,-69.27624,0.9,275.7,511,RUTH HANNAH,,WDK3770,30,,14,7,,,B
368048550,2021-10-04T16:50:22,43.71112,-69.27552,5.1,65.4,511,RUTH HANNAH,,WDK3770,30,,14,7,,,B
368048550,2021-10-04T16:51:23,43.71003,-69.27494,5.6,350.2,511,RUTH HANNAH,,WDK3770,30,,14,7,,,B
368048550,2021-10-04T16:53:22,43.71022,-69.27482,1.3,253.5,511,RUTH HANNAH,,WDK3770,30,,14,7,,,B
368048550,2021-10-04T16:54:24,43.71064,-69.27322,5.7,27.7,511,RUTH HANNAH,,WDK3770,30,,14,7,,,B
368048550,2021-10-04T16:56:51,43.71099,-69.27271,6.2,83,511,RUTH HANNAH,,WDK3770,30,,14,7,,,B
368048550,2021-10-07T15:51:15,43.70905,-69.28097,0.9,346.6,511,RUTH HANNAH,,WDK3770,30,,14,7,,,B
368048550,2021-10-07T15:53:11,43.70941,-69.28012,6.1,115.2,511,RUTH HANNAH,,WDK3770,30,,14,7,,,B
368048550,2021-10-07T15:55:41,43.71036,-69.27914,0.3,152.8,511,RUTH HANNAH,,WDK3770,30,,14,7,,,B
368048550,2021-10-07T15:57:11,43.71062,-69.27701,8.8,63.1,511,RUTH HANNAH,,WDK3770,30,,14,7,,,B
368048550,2021-10-07T15:58:12,43.71107,-69.27581,1,46.5,511,RUTH HANNAH,,WDK3770,30,,14,7,,,B
368048550,2021-10-07T15:59:42,43.71125,-69.27553,6.2,67.6,511,RUTH HANNAH,,WDK3770,30,,14,7,,,B
368048550,2021-10-07T16:00:42,43.71019,-69.27393,8.5,208.8,511,RUTH HANNAH,,WDK3770,30,,14,7,,,B
368048550,2021-10-07T16:02:13,43.71047,-69.27397,0.2,157.3,511,RUTH HANNAH,,WDK3770,30,,14,7,,,B
368048550,2021-10-07T16:03:41,43.71061,-69.27275,5.5,67.4,511,RUTH HANNAH,,WDK3770,30,,14,7,,,B
368048550,2021-10-07T16:04:43,43.71092,-69.27215,1.6,45.2,511,RUTH HANNAH,,WDK3770,30,,14,7,,,B
368048550,2021-10-07T16:06:11,43.71108,-69.27195,0.4,303.9,511,RUTH HANNAH,,WDK3770,30,,14,7,,,B
338331165,2021-10-07T22:47:07,43.73153,-69.30121,26.9,46.3,42,POETTIC,,,37,,10,3,,,B
338331165,2021-10-07T22:48:09,43.73682,-69.29341,26.3,48.2,43,POETTIC,,,37,,10,3,,,B
368048550,2021-10-11T15:27:08,43.70631,-69.30194,0.4,126.9,511,RUTH HANNAH,,WDK3770,30,,14,7,,,B
368048550,2021-10-11T15:29:07,43.70623,-69.30025,5.4,97.3,511,RUTH HANNAH,,WDK3770,30,,14,7,,,B
368048550,2021-10-11T15:30:37,43.70634,-69.29946,0,186.2,511,RUTH HANNAH,,WDK3770,30,,14,7,,,B
368048550,2021-10-11T15:32:37,43.70648,-69.29762,1.3,60.2,511,RUTH HANNAH,,WDK3770,30,,14,7,,,B
368048550,2021-10-11T15:33:39,43.70663,-69.29698,0.7,145,511,RUTH HANNAH,,WDK3770,30,,14,7,,,B
368048550,2021-10-11T15:35:07,43.70665,-69.2958,5.7,93.4,511,RUTH HANNAH,,WDK3770,30,,14,7,,,B
368048550,2021-10-11T15:36:39,43.70653,-69.29404,0.6,20.7,511,RUTH HANNAH,,WDK3770,30,,14,7,,,B
368048550,2021-10-11T15:38:07,43.70649,-69.29349,5.6,87.3,511,RUTH HANNAH,,WDK3770,30,,14,7,,,B
368048550,2021-10-11T15:39:09,43.70691,-69.29209,2.1,49.5,511,RUTH HANNAH,,WDK3770,30,,14,7,,,B
368048550,2021-10-11T15:40:38,43.70691,-69.29188,0.2,256.7,511,RUTH HANNAH,,WDK3770,30,,14,7,,,B
368048550,2021-10-11T15:42:07,43.70774,-69.28975,2.1,92.2,511,RUTH HANNAH,,WDK3770,30,,14,7,,,B
368048550,2021-10-11T15:43:08,43.70784,-69.28934,0.3,111,511,RUTH HANNAH,,WDK3770,30,,14,7,,,B
368048550,2021-10-11T15:44:37,43.7077,-69.28786,5.5,77.7,511,RUTH HANNAH,,WDK3770,30,,14,7,,,B
368048550,2021-10-11T15:45:38,43.70835,-69.28619,2.4,86.8,511,RUTH HANNAH,,WDK3770,30,,14,7,,,B
368048550,2021-10-11T15:46:40,43.70842,-69.28601,0.4,229.3,511,RUTH HANNAH,,WDK3770,30,,14,7,,,B
368048550,2021-10-11T15:48:07,43.70853,-69.2843,6.7,92.7,511,RUTH HANNAH,,WDK3770,30,,14,7,,,B
368048550,2021-10-11T15:49:38,43.70868,-69.28345,0.8,109.2,511,RUTH HANNAH,,WDK3770,30,,14,7,,,B
368048550,2021-10-11T15:51:08,43.7092,-69.28198,6,73.7,511,RUTH HANNAH,,WDK3770,30,,14,7,,,B
368048550,2021-10-11T15:52:37,43.70955,-69.28089,0.3,155.7,511,RUTH HANNAH,,WDK3770,30,,14,7,,,B
368048550,2021-10-11T15:54:07,43.71008,-69.2798,6.8,30.7,511,RUTH HANNAH,,WDK3770,30,,14,7,,,B
368048550,2021-10-11T15:55:09,43.71063,-69.27876,1.3,33.2,511,RUTH HANNAH,,WDK3770,30,,14,7,,,B
368048550,2021-10-11T15:56:38,43.71048,-69.27853,9,138.7,511,RUTH HANNAH,,WDK3770,30,,14,7,,,B
368048550,2021-10-11T15:58:08,43.71123,-69.27534,2.2,67.9,511,RUTH HANNAH,,WDK3770,30,,14,7,,,B
368048550,2021-10-11T15:59:38,43.7113,-69.27507,0.5,272.5,511,RUTH HANNAH,,WDK3770,30,,14,7,,,B
368048550,2021-10-11T16:00:07,43.71126,-69.27501,5.2,130.9,511,RUTH HANNAH,,WDK3770,30,,14,7,,,B
368048550,2021-10-11T16:01:10,43.71035,-69.27428,5.9,60.4,511,RUTH HANNAH,,WDK3770,30,,14,7,,,B
368048550,2021-10-11T16:03:08,43.71072,-69.2734,0.3,182.8,511,RUTH HANNAH,,WDK3770,30,,14,7,,,B
368048550,2021-10-14T16:40:08,43.70661,-69.30157,1.1,57.1,511,RUTH HANNAH,,WDK3770,30,,14,7,,,B
368048550,2021-10-14T16:41:32,43.70658,-69.30113,4.1,84.8,511,RUTH HANNAH,,WDK3770,30,,14,7,,,B
368048550,2021-10-14T16:42:35,43.70677,-69.29946,2.5,50,511,RUTH HANNAH,,WDK3770,30,,14,7,,,B
368048550,2021-10-14T16:44:01,43.70698,-69.2987,0.5,130.4,511,RUTH HANNAH,,WDK3770,30,,14,7,,,B
368048550,2021-10-14T16:45:32,43.70665,-69.29737,5.8,115,511,RUTH HANNAH,,WDK3770,30,,14,7,,,B
368048550,2021-10-14T16:47:02,43.70692,-69.29621,1.3,134.4,511,RUTH HANNAH,,WDK3770,30,,14,7,,,B
368048550,2021-10-14T16:49:02,43.70666,-69.29417,3.7,55.2,511,RUTH HANNAH,,WDK3770,30,,14,7,,,B
368048550,2021-10-14T16:50:03,43.7069,-69.29344,1.1,82.1,511,RUTH HANNAH,,WDK3770,30,,14,7,,,B
368048550,2021-10-14T16:51:06,43.70686,-69.2932,0.1,113.6,511,RUTH HANNAH,,WDK3770,30,,14,7,,,B
368048550,2021-10-14T16:52:32,43.70701,-69.29166,2.8,48.7,511,RUTH HANNAH,,WDK3770,30,,14,7,,,B
368048550,2021-10-14T16:54:02,43.70704,-69.29101,0.1,167.9,511,RUTH HANNAH,,WDK3770,30,,14,7,,,B
368048550,2021-10-14T16:55:32,43.70795,-69.28921,2.7,61.2,511,RUTH HANNAH,,WDK3770,30,,14,7,,,B
368048550,2021-10-14T16:57:05,43.70801,-69.28826,0.2,150.6,511,RUTH HANNAH,,WDK3770,30,,14,7,,,B
368048550,2021-10-14T16:58:31,43.70827,-69.28647,7.6,36.3,511,RUTH HANNAH,,WDK3770,30,,14,7,,,B
368048550,2021-10-14T16:59:32,43.70884,-69.28563,2.3,57.4,511,RUTH HANNAH,,WDK3770,30,,14,7,,,B
368048550,2021-10-14T17:00:02,43.70885,-69.2853,0.7,130.8,511,RUTH HANNAH,,WDK3770,30,,14,7,,,B
368048550,2021-10-14T17:01:33,43.70884,-69.28454,5.5,82.8,511,RUTH HANNAH,,WDK3770,30,,14,7,,,B
368048550,2021-10-14T17:03:01,43.70934,-69.2828,1.8,125.8,511,RUTH HANNAH,,WDK3770,30,,14,7,,,B
368048550,2021-10-14T17:04:09,43.70916,-69.2827,0.6,252.9,511,RUTH HANNAH,,WDK3770,30,,14,7,,,B
368048550,2021-10-14T17:05:32,43.71001,-69.28102,3.1,36.5,511,RUTH HANNAH,,WDK3770,30,,14,7,,,B
368048550,2021-10-14T17:07:06,43.70996,-69.28027,0.3,252.9,511,RUTH HANNAH,,WDK3770,30,,14,7,,,B
368048550,2021-10-14T17:08:07,43.71001,-69.27923,7.3,75.3,511,RUTH HANNAH,,WDK3770,30,,14,7,,,B
368048550,2021-10-14T17:09:31,43.71073,-69.27753,1.3,59.5,511,RUTH HANNAH,,WDK3770,30,,14,7,,,B
368048550,2021-10-14T17:10:33,43.71068,-69.2775,0.8,236.8,511,RUTH HANNAH,,WDK3770,30,,14,7,,,B
368048550,2021-10-14T17:12:04,43.71068,-69.27763,0.2,293.6,511,RUTH HANNAH,,WDK3770,30,,14,7,,,B
368048550,2021-10-14T17:13:08,43.71044,-69.27581,5.6,94.6,511,RUTH HANNAH,,WDK3770,30,,14,7,,,B
368048550,2021-10-14T17:14:32,43.71057,-69.27481,0.8,160.1,511,RUTH HANNAH,,WDK3770,30,,14,7,,,B
368048550,2021-10-14T17:15:33,43.7104,-69.27452,4,119.4,511,RUTH HANNAH,,WDK3770,30,,14,7,,,B
368048550,2021-10-14T17:17:02,43.71127,-69.27304,3.2,101.3,511,RUTH HANNAH,,WDK3770,30,,14,7,,,B
368048550,2021-10-14T17:18:33,43.71103,-69.27234,0.2,202.8,511,RUTH HANNAH,,WDK3770,30,,14,7,,,B
368117260,2021-10-18T13:01:02,43.74178,-69.27793,7.1,22.5,20,ANNELI,,,36,,14,4,,,B
368048550,2021-10-21T09:24:47,43.74091,-69.27681,16.6,160.2,511,RUTH HANNAH,,WDK3770,30,,14,7,,,B
368048550,2021-10-21T09:26:45,43.73215,-69.27265,16.8,161.5,511,RUTH HANNAH,,WDK3770,30,,14,7,,,B
368117260,2021-10-18T12:37:59,43.70713,-69.30555,6.3,40.4,34,ANNELI,,,36,,14,4,,,B
368117260,2021-10-18T12:39:32,43.70883,-69.30333,4.7,47.1,43,ANNELI,,,36,,14,4,,,B
368117260,2021-10-18T12:40:33,43.71005,-69.30215,6.3,31.2,27,ANNELI,,,36,,14,4,,,B
368048550,2021-10-18T16:22:33,43.70654,-69.3012,0.5,40.6,511,RUTH HANNAH,,WDK3770,30,,14,7,,,B
368048550,2021-10-18T16:23:34,43.70676,-69.30099,5.8,39.2,511,RUTH HANNAH,,WDK3770,30,,14,7,,,B
368048550,2021-10-18T16:25:05,43.70668,-69.29891,1.5,34.9,511,RUTH HANNAH,,WDK3770,30,,14,7,,,B
368048550,2021-10-18T16:26:35,43.70685,-69.29858,1.4,67.4,511,RUTH HANNAH,,WDK3770,30,,14,7,,,B
368048550,2021-10-18T16:28:03,43.70639,-69.29638,2.2,354.8,511,RUTH HANNAH,,WDK3770,30,,14,7,,,B
368048550,2021-10-18T16:29:33,43.70656,-69.29627,0.8,9.8,511,RUTH HANNAH,,WDK3770,30,,14,7,,,B
368048550,2021-10-18T16:30:34,43.7064,-69.29408,8.1,93.3,511,RUTH HANNAH,,WDK3770,30,,14,7,,,B
368048550,2021-10-18T16:32:03,43.70685,-69.2933,0.2,67.3,511,RUTH HANNAH,,WDK3770,30,,14,7,,,B
368048550,2021-10-18T16:33:32,43.70654,-69.29217,6,106.4,511,RUTH HANNAH,,WDK3770,30,,14,7,,,B
368048550,2021-10-18T16:34:33,43.70674,-69.29116,2.7,19.2,511,RUTH HANNAH,,WDK3770,30,,14,7,,,B
368048550,2021-10-18T16:36:04,43.70688,-69.29087,5.2,107.1,511,RUTH HANNAH,,WDK3770,30,,14,7,,,B
368048550,2021-10-18T16:38:03,43.70754,-69.28824,1,9.3,511,RUTH HANNAH,,WDK3770,30,,14,7,,,B
368048550,2021-10-18T16:39:04,43.70764,-69.28819,0.2,126.5,511,RUTH HANNAH,,WDK3770,30,,14,7,,,B
368048550,2021-10-18T16:40:35,43.70831,-69.28543,4.4,50.6,511,RUTH HANNAH,,WDK3770,30,,14,7,,,B
368048550,2021-10-18T16:42:03,43.70875,-69.28499,1.6,47.2,511,RUTH HANNAH,,WDK3770,30,,14,7,,,B
368048550,2021-10-18T16:43:33,43.70827,-69.28364,7,54.2,511,RUTH HANNAH,,WDK3770,30,,14,7,,,B
368048550,2021-10-18T16:45:06,43.70891,-69.28261,0.1,90.5,511,RUTH HANNAH,,WDK3770,30,,14,7,,,B
368048550,2021-10-18T16:46:33,43.70899,-69.28149,6.3,52.9,511,RUTH HANNAH,,WDK3770,30,,14,7,,,B
368048550,2021-10-18T16:48:04,43.70993,-69.28029,0.2,16.5,511,RUTH HANNAH,,WDK3770,30,,14,7,,,B
368048550,2021-10-21T17:25:07,43.70635,-69.30118,1.5,42.9,511,RUTH HANNAH,,WDK3770,30,,14,7,,,B
368048550,2021-10-21T17:26:39,43.70654,-69.30056,0.8,345.7,511,RUTH HANNAH,,WDK3770,30,,14,7,,,B
368048550,2021-10-21T17:28:06,43.70618,-69.29855,3.8,96.1,511,RUTH HANNAH,,WDK3770,30,,14,7,,,B
368048550,2021-10-21T17:29:36,43.70639,-69.29779,0.8,137.6,511,RUTH HANNAH,,WDK3770,30,,14,7,,,B
368048550,2021-10-21T17:31:37,43.70637,-69.29588,2.8,62.7,511,RUTH HANNAH,,WDK3770,30,,14,7,,,B
368048550,2021-10-21T17:33:08,43.70655,-69.29528,0.5,313.6,511,RUTH HANNAH,,WDK3770,30,,14,7,,,B
368048550,2021-10-21T17:34:36,43.70649,-69.29533,0.9,148.5,511,RUTH HANNAH,,WDK3770,30,,14,7,,,B
368048550,2021-10-21T17:35:38,43.70644,-69.29385,6.5,74.5,511,RUTH HANNAH,,WDK3770,30,,14,7,,,B
368048550,2021-10-21T17:37:06,43.7067,-69.29257,0.9,133.4,511,RUTH HANNAH,,WDK3770,30,,14,7,,,B
368048550,2021-10-21T17:38:07,43.70666,-69.29263,1.1,157.5,511,RUTH HANNAH,,WDK3770,30,,14,7,,,B
368048550,2021-10-21T17:39:08,43.70657,-69.29155,6.1,96.4,511,RUTH HANNAH,,WDK3770,30,,14,7,,,B
368048550,2021-10-21T17:40:37,43.70685,-69.29037,0.4,89.7,511,RUTH HANNAH,,WDK3770,30,,14,7,,,B
368048550,2021-10-21T17:42:07,43.7071,-69.28925,5.4,74.9,511,RUTH HANNAH,,WDK3770,30,,14,7,,,B
368048550,2021-10-21T17:43:38,43.70772,-69.28791,0.7,61.5,511,RUTH HANNAH,,WDK3770,30,,14,7,,,B
368048550,2021-10-21T17:45:07,43.708,-69.28686,6.1,90.7,511,RUTH HANNAH,,WDK3770,30,,14,7,,,B
368048550,2021-10-21T17:46:37,43.7081,-69.28443,1.8,62.6,511,RUTH HANNAH,,WDK3770,30,,14,7,,,B
368048550,2021-10-21T17:48:10,43.70797,-69.28377,5,100.1,511,RUTH HANNAH,,WDK3770,30,,14,7,,,B
368048550,2021-10-21T17:50:06,43.70891,-69.28186,0.8,107.7,511,RUTH HANNAH,,WDK3770,30,,14,7,,,B
368048550,2021-10-21T17:51:08,43.70886,-69.28179,0.6,143.8,511,RUTH HANNAH,,WDK3770,30,,14,7,,,B
368048550,2021-10-21T17:52:37,43.70958,-69.27961,7.4,170.3,511,RUTH HANNAH,,WDK3770,30,,14,7,,,B
368048550,2021-10-21T17:53:39,43.70993,-69.27955,1.1,56.6,511,RUTH HANNAH,,WDK3770,30,,14,7,,,B
368117260,2021-10-18T12:41:35,43.71158,-69.3008,6.3,38.1,36,ANNELI,,,36,,14,4,,,B
368117260,2021-10-18T12:43:06,43.71328,-69.29858,5.5,38.5,40,ANNELI,,,36,,14,4,,,B
368117260,2021-10-18T12:44:36,43.7151,-69.2964,7.1,36.3,34,ANNELI,,,36,,14,4,,,B
368117260,2021-10-18T12:45:37,43.71635,-69.29485,6.3,36.9,37,ANNELI,,,36,,14,4,,,B
368117260,2021-10-18T12:47:10,43.7185,-69.29273,6.3,44.6,39,ANNELI,,,36,,14,4,,,B
368117260,2021-10-18T12:48:41,43.72048,-69.29062,6.3,40.3,35,ANNELI,,,36,,14,4,,,B
368117260,2021-10-18T12:50:16,43.72288,-69.28855,7.1,27.2,21,ANNELI,,,36,,14,4,,,B
368117260,2021-10-18T12:51:18,43.72462,-69.2873,7.1,29.6,23,ANNELI,,,36,,14,4,,,B
368117260,2021-10-18T12:52:19,43.72633,-69.28618,7.9,22.4,18,ANNELI,,,36,,14,4,,,B
368117260,2021-10-18T12:53:50,43.72893,-69.28445,7.1,21.4,17,ANNELI,,,36,,14,4,,,B
368117260,2021-10-18T12:54:53,43.73077,-69.28332,7.1,23.9,21,ANNELI,,,36,,14,4,,,B
368117260,2021-10-18T12:56:56,43.73447,-69.2815,7.1,15.9,14,ANNELI,,,36,,14,4,,,B
368117260,2021-10-18T12:57:57,43.73623,-69.2806,7.1,23.2,17,ANNELI,,,36,,14,4,,,B
368048550,2021-10-18T16:50:33,43.7104,-69.27749,0.8,28.8,511,RUTH HANNAH,,WDK3770,30,,14,7,,,B
368048550,2021-10-18T16:52:04,43.71056,-69.27727,0.7,66,511,RUTH HANNAH,,WDK3770,30,,14,7,,,B
368048550,2021-10-18T16:53:33,43.70999,-69.27452,2.3,54.2,511,RUTH HANNAH,,WDK3770,30,,14,7,,,B
368048550,2021-10-18T16:55:04,43.71026,-69.2743,0.1,355.1,511,RUTH HANNAH,,WDK3770,30,,14,7,,,B
368048550,2021-10-18T16:56:33,43.71067,-69.27253,1.8,17.1,511,RUTH HANNAH,,WDK3770,30,,14,7,,,B
368048550,2021-10-18T16:58:04,43.71088,-69.2724,0.3,195.2,511,RUTH HANNAH,,WDK3770,30,,14,7,,,B
368048550,2021-10-21T17:58:36,43.71003,-69.2756,5.7,88.9,511,RUTH HANNAH,,WDK3770,30,,14,7,,,B
368048550,2021-10-21T18:00:09,43.71018,-69.27362,1.1,113,511,RUTH HANNAH,,WDK3770,30,,14,7,,,B
368048550,2021-10-21T18:01:36,43.70993,-69.27319,4.9,101.9,511,RUTH HANNAH,,WDK3770,30,,14,7,,,B
368048550,2021-10-25T18:20:48,43.73291,-69.27158,15.5,345.3,511,RUTH HANNAH,,WDK3770,30,,14,7,,,B
368048550,2021-10-25T18:22:22,43.73969,-69.27411,16.9,344.6,511,RUTH HANNAH,,WDK3770,30,,14,7,,,B
368048550,2021-10-25T09:20:33,43.71266,-69.31934,17.7,162.8,511,RUTH HANNAH,,WDK3770,30,,14,7,,,B
368048550,2021-11-02T17:43:19,43.70901,-69.27429,11.5,341,511,RUTH HANNAH,,WDK3770,30,,14,7,,,B
368048550,2021-11-02T17:44:46,43.71386,-69.27631,18.6,336.2,511,RUTH HANNAH,,WDK3770,30,,14,7,,,B
368048550,2021-11-02T17:46:17,43.72092,-69.27895,16.7,347.4,511,RUTH HANNAH,,WDK3770,30,,14,7,,,B
368048550,2021-11-02T17:47:46,43.72757,-69.28099,15.1,355.6,511,RUTH HANNAH,,WDK3770,30,,14,7,,,B
368048550,2021-11-02T17:49:20,43.73447,-69.28338,16.9,343.4,511,RUTH HANNAH,,WDK3770,30,,14,7,,,B
368048550,2021-11-02T17:50:47,43.74104,-69.28596,17.3,344.3,511,RUTH HANNAH,,WDK3770,30,,14,7,,,B
368048550,2021-11-03T13:26:49,43.71052,-69.27369,5.7,53.3,511,RUTH HANNAH,,WDK3770,30,,14,7,,,B
368048550,2021-11-03T13:27:50,43.71032,-69.27322,0.4,146.9,511,RUTH HANNAH,,WDK3770,30,,14,7,,,B
368048550,2021-11-03T13:28:51,43.71019,-69.27299,0.3,180.3,511,RUTH HANNAH,,WDK3770,30,,14,7,,,B
368048550,2021-11-03T13:30:19,43.71034,-69.27611,6.8,354.7,511,RUTH HANNAH,,WDK3770,30,,14,7,,,B
368048550,2021-11-03T13:31:50,43.71021,-69.27541,1,196.4,511,RUTH HANNAH,,WDK3770,30,,14,7,,,B
368048550,2021-11-03T13:34:20,43.70928,-69.27814,15,279.7,511,RUTH HANNAH,,WDK3770,30,,14,7,,,B
368048550,2021-11-03T13:35:49,43.70976,-69.27865,1.1,147.6,511,RUTH HANNAH,,WDK3770,30,,14,7,,,B
368048550,2021-11-03T13:36:50,43.70972,-69.27861,0.5,247,511,RUTH HANNAH,,WDK3770,30,,14,7,,,B
368048550,2021-11-03T13:37:52,43.70915,-69.27961,9.4,260.6,511,RUTH HANNAH,,WDK3770,30,,14,7,,,B
368048550,2021-11-03T13:39:49,43.70873,-69.28149,0.7,115.1,511,RUTH HANNAH,,WDK3770,30,,14,7,,,B
368048550,2021-11-03T13:40:51,43.70873,-69.28134,6.1,78.5,511,RUTH HANNAH,,WDK3770,30,,14,7,,,B
368048550,2021-11-03T13:43:19,43.70777,-69.28363,1,110.8,511,RUTH HANNAH,,WDK3770,30,,14,7,,,B
368048550,2021-11-03T13:51:51,43.70789,-69.29001,0.7,105.8,511,RUTH HANNAH,,WDK3770,30,,14,7,,,B
368048550,2021-11-03T13:53:19,43.7071,-69.28932,7.6,197.8,511,RUTH HANNAH,,WDK3770,30,,14,7,,,B
368048550,2021-11-03T13:55:49,43.70647,-69.29263,0.8,104,511,RUTH HANNAH,,WDK3770,30,,14,7,,,B
368048550,2021-11-03T13:57:19,43.70633,-69.2927,6.2,274.2,511,RUTH HANNAH,,WDK3770,30,,14,7,,,B
368048550,2021-11-03T14:05:21,43.70627,-69.30034,12.3,266.4,511,RUTH HANNAH,,WDK3770,30,,14,7,,,B
368048550,2021-11-03T14:06:49,43.70656,-69.30047,1.1,69.1,511,RUTH HANNAH,,WDK3770,30,,14,7,,,B
368048550,2021-11-03T14:07:51,43.70654,-69.30033,0.4,153.1,511,RUTH HANNAH,,WDK3770,30,,14,7,,,B
368048550,2021-11-08T09:59:30,43.73817,-69.28036,18.5,168.2,511,RUTH HANNAH,,WDK3770,30,,14,7,,,B
368048550,2021-11-08T10:00:00,43.73566,-69.27964,18.6,166.6,511,RUTH HANNAH,,WDK3770,30,,14,7,,,B
368048550,2021-11-11T09:47:23,43.74093,-69.28577,16.9,164.2,511,RUTH HANNAH,,WDK3770,30,,14,7,,,B
368048550,2021-11-11T09:48:53,43.73413,-69.28358,16.8,164.8,511,RUTH HANNAH,,WDK3770,30,,14,7,,,B
368048550,2021-11-11T09:50:52,43.7251,-69.28051,16.7,161.2,511,RUTH HANNAH,,WDK3770,30,,14,7,,,B
368048550,2021-11-11T09:51:54,43.72041,-69.27908,16.6,168.8,511,RUTH HANNAH,,WDK3770,30,,14,7,,,B
368048550,2021-11-06T14:54:30,43.71006,-69.27406,0.6,222.3,511,RUTH HANNAH,,WDK3770,30,,14,7,,,B
368048550,2021-11-06T14:55:31,43.70967,-69.27464,5.9,225,511,RUTH HANNAH,,WDK3770,30,,14,7,,,B
368048550,2021-11-08T10:02:00,43.72566,-69.27675,18.5,168.8,511,RUTH HANNAH,,WDK3770,30,,14,7,,,B
368048550,2021-11-08T10:03:30,43.71805,-69.27452,18.2,168.2,511,RUTH HANNAH,,WDK3770,30,,14,7,,,B
368048550,2021-11-09T16:03:25,43.71008,-69.27364,9.7,251.4,511,RUTH HANNAH,,WDK3770,30,,14,7,,,B
368048550,2021-11-09T16:06:25,43.71004,-69.27455,1.9,148.5,511,RUTH HANNAH,,WDK3770,30,,14,7,,,B
368048550,2021-11-11T09:53:24,43.71362,-69.27663,16.9,160.8,511,RUTH HANNAH,,WDK3770,30,,14,7,,,B
368048550,2021-11-11T09:54:52,43.70703,-69.27432,17,163.5,511,RUTH HANNAH,,WDK3770,30,,14,7,,,B
368048550,2021-11-06T14:53:02,43.71029,-69.2747,2.4,55.4,511,RUTH HANNAH,,WDK3770,30,,14,7,,,B
368048550,2021-11-06T14:57:01,43.70953,-69.27645,1.4,130.5,511,RUTH HANNAH,,WDK3770,30,,14,7,,,B
368048550,2021-11-06T14:58:04,43.70931,-69.27637,1.4,195.7,511,RUTH HANNAH,,WDK3770,30,,14,7,,,B
368048550,2021-11-06T14:59:31,43.70936,-69.27649,0.6,105.4,511,RUTH HANNAH,,WDK3770,30,,14,7,,,B
368048550,2021-11-06T15:00:01,43.70936,-69.27646,0.2,127.4,511,RUTH HANNAH,,WDK3770,30,,14,7,,,B
368048550,2021-11-06T15:01:31,43.70986,-69.27679,7.5,322.6,511,RUTH HANNAH,,WDK3770,30,,14,7,,,B
368048550,2021-11-06T15:02:58,43.70947,-69.27963,0.7,93.8,511,RUTH HANNAH,,WDK3770,30,,14,7,,,B
368048550,2021-11-06T15:04:58,43.70933,-69.27908,4.5,227.1,511,RUTH HANNAH,,WDK3770,30,,14,7,,,B
368048550,2021-11-06T15:06:28,43.70835,-69.2815,1,81.7,511,RUTH HANNAH,,WDK3770,30,,14,7,,,B
368048550,2021-11-06T15:07:29,43.70846,-69.28112,2.1,35.6,511,RUTH HANNAH,,WDK3770,30,,14,7,,,B
368048550,2021-11-06T15:08:30,43.70807,-69.28148,5.1,222.7,511,RUTH HANNAH,,WDK3770,30,,14,7,,,B
368048550,2021-11-06T15:10:00,43.70778,-69.28383,2.1,75.1,511,RUTH HANNAH,,WDK3770,30,,14,7,,,B
368048550,2021-11-06T15:11:28,43.70758,-69.28368,0.5,309.5,511,RUTH HANNAH,,WDK3770,30,,14,7,,,B
368048550,2021-11-06T15:12:31,43.70785,-69.28639,12.3,267.1,511,RUTH HANNAH,,WDK3770,30,,14,7,,,B
368048550,2021-11-06T15:13:58,43.70834,-69.28702,3,106.6,511,RUTH HANNAH,,WDK3770,30,,14,7,,,B
368048550,2021-11-06T15:15:28,43.70797,-69.28772,5.9,264.1,511,RUTH HANNAH,,WDK3770,30,,14,7,,,B
368048550,2021-11-06T15:17:29,43.70722,-69.29077,1.3,72.7,511,RUTH HANNAH,,WDK3770,30,,14,7,,,B
368048550,2021-11-06T15:19:00,43.70714,-69.29043,1.6,168.8,511,RUTH HANNAH,,WDK3770,30,,14,7,,,B
368048550,2021-11-06T15:20:30,43.70647,-69.29379,2.1,23.8,511,RUTH HANNAH,,WDK3770,30,,14,7,,,B
368048550,2021-11-06T15:22:00,43.70648,-69.29316,0.3,211.4,511,RUTH HANNAH,,WDK3770,30,,14,7,,,B
368048550,2021-11-06T15:25:29,43.70645,-69.29942,0.7,41.9,511,RUTH HANNAH,,WDK3770,30,,14,7,,,B
368048550,2021-11-06T15:26:58,43.70648,-69.29917,4.2,48.8,511,RUTH HANNAH,,WDK3770,30,,14,7,,,B
368048550,2021-11-09T16:04:54,43.71002,-69.27465,0.7,92,511,RUTH HANNAH,,WDK3770,30,,14,7,,,B
368048550,2021-11-09T16:07:56,43.71053,-69.27797,3.2,84.1,511,RUTH HANNAH,,WDK3770,30,,14,7,,,B
368048550,2021-11-09T16:09:25,43.71035,-69.27742,0.5,26.1,511,RUTH HANNAH,,WDK3770,30,,14,7,,,B
368048550,2021-11-09T16:10:56,43.70943,-69.2793,12.7,241.6,511,RUTH HANNAH,,WDK3770,30,,14,7,,,B
368048550,2021-11-09T16:11:59,43.70952,-69.27985,2.4,106.1,511,RUTH HANNAH,,WDK3770,30,,14,7,,,B
368048550,2021-11-09T16:13:24,43.70947,-69.27964,0.1,29.8,511,RUTH HANNAH,,WDK3770,30,,14,7,,,B
368048550,2021-11-09T16:14:26,43.7086,-69.28107,8.6,249.8,511,RUTH HANNAH,,WDK3770,30,,14,7,,,B
368048550,2021-11-09T16:15:55,43.70847,-69.28172,1,146.9,511,RUTH HANNAH,,WDK3770,30,,14,7,,,B
368048550,2021-11-09T16:16:56,43.70847,-69.28166,4.2,160.5,511,RUTH HANNAH,,WDK3770,30,,14,7,,,B
368048550,2021-11-09T16:18:26,43.70826,-69.2852,2.1,84.5,511,RUTH HANNAH,,WDK3770,30,,14,7,,,B
368048550,2021-11-09T16:19:55,43.70805,-69.28469,0.9,13.2,511,RUTH HANNAH,,WDK3770,30,,14,7,,,B
368048550,2021-11-09T16:20:56,43.70803,-69.2855,6.2,309.5,511,RUTH HANNAH,,WDK3770,30,,14,7,,,B
368048550,2021-11-09T16:22:27,43.70852,-69.28807,2.3,184.8,511,RUTH HANNAH,,WDK3770,30,,14,7,,,B
368048550,2021-11-09T16:23:55,43.70821,-69.28786,0.7,78.3,511,RUTH HANNAH,,WDK3770,30,,14,7,,,B
368048550,2021-11-09T16:25:26,43.70742,-69.29039,6.3,30.7,511,RUTH HANNAH,,WDK3770,30,,14,7,,,B
368048550,2021-11-09T16:26:56,43.70695,-69.29031,0.5,235.1,511,RUTH HANNAH,,WDK3770,30,,14,7,,,B
368048550,2021-11-09T16:34:25,43.70696,-69.29768,0.6,157.7,511,RUTH HANNAH,,WDK3770,30,,14,7,,,B
368048550,2021-11-09T16:36:26,43.70618,-69.2986,5.2,259.1,511,RUTH HANNAH,,WDK3770,30,,14,7,,,B
235111388,2021-11-10T20:19:29,43.74205,-69.31837,4.8,216.4,511,MIRABELLA,,2IOC6,36,,15,5,,,B
235111388,2021-11-10T20:21:29,43.73997,-69.32025,4.8,219.2,511,MIRABELLA,,2IOC6,36,,15,5,,,B
368048550,2021-11-06T14:50:02,43.71085,-69.27171,2,101.1,511,RUTH HANNAH,,WDK3770,30,,14,7,,,B
368048550,2021-11-06T14:51:33,43.71072,-69.27136,2.1,212,511,RUTH HANNAH,,WDK3770,30,,14,7,,,B
368048550,2021-11-08T10:04:31,43.71304,-69.27304,18.6,168.9,511,RUTH HANNAH,,WDK3770,30,,14,7,,,B
368048550,2021-11-09T16:00:26,43.71059,-69.27266,6.4,348.4,511,RUTH HANNAH,,WDK3770,30,,14,7,,,B
368048550,2021-11-09T16:01:55,43.71053,-69.27206,0.5,144,511,RUTH HANNAH,,WDK3770,30,,14,7,,,B
368048550,2021-11-15T20:26:19,43.73982,-69.28056,16.6,346.3,511,RUTH HANNAH,,WDK3770,30,,14,7,,,B
368048550,2021-11-17T10:36:11,43.72955,-69.31748,16.7,155.7,511,RUTH HANNAH,,WDK3770,30,,14,7,,,B
368048550,2021-11-17T10:38:11,43.7218,-69.31107,17.5,146.6,511,RUTH HANNAH,,WDK3770,30,,14,7,,,B
368048550,2021-11-17T10:39:40,43.71602,-69.30646,15.7,148.6,511,RUTH HANNAH,,WDK3770,30,,14,7,,,B
368048550,2021-11-17T10:40:41,43.71208,-69.30334,16.9,144.8,511,RUTH HANNAH,,WDK3770,30,,14,7,,,B
368048550,2021-11-13T16:19:28,43.70625,-69.29885,1.5,65.7,511,RUTH HANNAH,,WDK3770,30,,14,7,,,B
368048550,2021-11-13T16:20:57,43.70646,-69.29862,0.8,332.4,511,RUTH HANNAH,,WDK3770,30,,14,7,,,B
368048550,2021-11-13T16:22:27,43.70655,-69.2987,0.3,307.3,511,RUTH HANNAH,,WDK3770,30,,14,7,,,B
368048550,2021-11-13T16:24:28,43.70643,-69.29557,0.6,354.5,511,RUTH HANNAH,,WDK3770,30,,14,7,,,B
368048550,2021-11-13T16:26:28,43.70648,-69.29535,0.3,308.3,511,RUTH HANNAH,,WDK3770,30,,14,7,,,B
368048550,2021-11-13T16:27:30,43.70656,-69.29535,0.7,314.9,511,RUTH HANNAH,,WDK3770,30,,14,7,,,B
368048550,2021-11-13T16:29:27,43.70647,-69.2917,1.5,119.6,511,RUTH HANNAH,,WDK3770,30,,14,7,,,B
368048550,2021-11-13T16:30:57,43.70672,-69.29139,0.3,351,511,RUTH HANNAH,,WDK3770,30,,14,7,,,B
368048550,2021-11-13T16:32:26,43.70689,-69.29145,2.7,337.5,511,RUTH HANNAH,,WDK3770,30,,14,7,,,B
368048550,2021-11-13T16:34:29,43.7076,-69.28876,0.6,2.3,511,RUTH HANNAH,,WDK3770,30,,14,7,,,B
368048550,2021-11-13T16:35:57,43.70766,-69.28823,0.3,359.2,511,RUTH HANNAH,,WDK3770,30,,14,7,,,B
368048550,2021-11-13T16:37:26,43.70763,-69.28825,0.7,243.4,511,RUTH HANNAH,,WDK3770,30,,14,7,,,B
368048550,2021-11-13T16:38:56,43.70838,-69.28602,0.9,42.6,511,RUTH HANNAH,,WDK3770,30,,14,7,,,B
368048550,2021-11-13T16:40:27,43.70839,-69.28567,0.2,133,511,RUTH HANNAH,,WDK3770,30,,14,7,,,B
368048550,2021-11-13T16:41:59,43.70834,-69.28563,0.6,258,511,RUTH HANNAH,,WDK3770,30,,14,7,,,B
368048550,2021-11-13T16:43:27,43.70814,-69.28374,6.8,91,511,RUTH HANNAH,,WDK3770,30,,14,7,,,B
368048550,2021-11-13T16:45:27,43.70836,-69.28287,0.6,46,511,RUTH HANNAH,,WDK3770,30,,14,7,,,B
368048550,2021-11-13T16:46:28,43.70842,-69.28283,0.6,204.5,511,RUTH HANNAH,,WDK3770,30,,14,7,,,B
368048550,2021-11-13T16:48:22,43.70901,-69.28136,1.6,54,511,RUTH HANNAH,,WDK3770,30,,14,7,,,B
368048550,2021-11-13T16:49:23,43.70899,-69.28075,1.8,103.5,511,RUTH HANNAH,,WDK3770,30,,14,7,,,B
368048550,2021-11-13T16:51:23,43.70913,-69.28065,1.6,121.4,511,RUTH HANNAH,,WDK3770,30,,14,7,,,B
368048550,2021-11-13T16:52:54,43.7099,-69.27946,9.1,52.7,511,RUTH HANNAH,,WDK3770,30,,14,7,,,B
368048550,2021-11-13T16:54:23,43.71054,-69.27811,1.6,140.5,511,RUTH HANNAH,,WDK3770,30,,14,7,,,B
368048550,2021-11-13T16:55:24,43.71046,-69.27788,0.2,200.1,511,RUTH HANNAH,,WDK3770,30,,14,7,,,B
368048550,2021-11-13T16:56:52,43.71022,-69.27589,1.8,66.5,511,RUTH HANNAH,,WDK3770,30,,14,7,,,B
368048550,2021-11-13T16:57:53,43.71016,-69.27514,2.6,172.2,511,RUTH HANNAH,,WDK3770,30,,14,7,,,B
368048550,2021-11-13T16:59:23,43.71009,-69.27554,2.1,344,511,RUTH HANNAH,,WDK3770,30,,14,7,,,B
368048550,2021-11-13T17:00:22,43.71053,-69.27436,5.5,84.4,511,RUTH HANNAH,,WDK3770,30,,14,7,,,B
368048550,2021-11-13T17:01:52,43.71068,-69.27287,1.1,130.1,511,RUTH HANNAH,,WDK3770,30,,14,7,,,B
368048550,2021-11-13T17:03:24,43.71082,-69.27218,3.8,73.4,511,RUTH HANNAH,,WDK3770,30,,14,7,,,B
368048550,2021-11-15T20:21:50,43.72125,-69.27279,15.1,343.6,511,RUTH HANNAH,,WDK3770,30,,14,7,,,B
368048550,2021-11-15T20:23:20,43.72744,-69.2755,16.1,343,511,RUTH HANNAH,,WDK3770,30,,14,7,,,B
368048550,2021-11-15T20:24:49,43.73354,-69.27795,17,342.4,511,RUTH HANNAH,,WDK3770,30,,14,7,,,B
368048550,2021-11-17T18:53:55,43.70705,-69.27223,7.8,306.8,511,RUTH HANNAH,,WDK3770,30,,14,7,,,B
368048550,2021-11-17T18:55:23,43.70935,-69.27687,8.5,323.7,511,RUTH HANNAH,,WDK3770,30,,14,7,,,B
368048550,2021-11-17T18:56:53,43.7103,-69.27762,0.7,20.2,511,RUTH HANNAH,,WDK3770,30,,14,7,,,B
368048550,2021-11-17T18:57:55,43.71034,-69.27751,0.9,67.7,511,RUTH HANNAH,,WDK3770,30,,14,7,,,B
368048550,2021-11-17T18:59:24,43.71032,-69.27732,1.2,82,511,RUTH HANNAH,,WDK3770,30,,14,7,,,B
368048550,2021-11-17T19:00:20,43.71007,-69.27435,8.8,146.1,511,RUTH HANNAH,,WDK3770,30,,14,7,,,B
368048550,2021-11-17T19:02:20,43.71013,-69.27484,0.3,340.3,511,RUTH HANNAH,,WDK3770,30,,14,7,,,B
368048550,2021-11-17T19:03:51,43.71013,-69.27472,0.3,91.4,511,RUTH HANNAH,,WDK3770,30,,14,7,,,B
368048550,2021-11-17T19:05:21,43.7105,-69.27181,2.6,326.7,511,RUTH HANNAH,,WDK3770,30,,14,7,,,B
368048550,2021-11-17T19:06:50,43.71067,-69.27193,0.3,60.5,511,RUTH HANNAH,,WDK3770,30,,14,7,,,B
368048550,2021-11-17T19:08:21,43.71069,-69.27175,0.7,93,511,RUTH HANNAH,,WDK3770,30,,14,7,,,B
368048550,2021-11-23T10:48:26,43.71992,-69.32068,15.6,152.5,511,RUTH HANNAH,,WDK3770,30,,14,7,,,B
368048550,2021-11-23T10:50:26,43.71299,-69.31342,15.6,151.2,511,RUTH HANNAH,,WDK3770,30,,14,7,,,B
368048550,2021-11-23T10:51:56,43.70783,-69.30796,15.3,143.9,511,RUTH HANNAH,,WDK3770,30,,14,7,,,B
368048550,2021-11-20T10:26:27,43.73819,-69.28136,16,164.5,511,RUTH HANNAH,,WDK3770,30,,14,7,,,B
368048550,2021-11-20T22:48:06,43.73582,-69.2856,10.5,347.5,511,RUTH HANNAH,,WDK3770,30,,14,7,,,B
368048550,2021-11-20T22:49:34,43.74015,-69.28713,16.1,344.7,511,RUTH HANNAH,,WDK3770,30,,14,7,,,B
368048550,2021-11-23T19:34:25,43.73831,-69.28015,10,334.5,511,RUTH HANNAH,,WDK3770,30,,14,7,,,B
368048550,2021-11-20T10:27:28,43.73357,-69.27968,16.7,162.6,511,RUTH HANNAH,,WDK3770,30,,14,7,,,B
368048550,2021-11-20T10:29:29,43.72457,-69.27662,17,165.6,511,RUTH HANNAH,,WDK3770,30,,14,7,,,B
368048550,2021-11-20T10:30:59,43.71771,-69.27443,18.2,168.2,511,RUTH HANNAH,,WDK3770,30,,14,7,,,B
368048550,2021-11-20T10:32:00,43.71309,-69.27265,18.2,162.2,511,RUTH HANNAH,,WDK3770,30,,14,7,,,B
368048550,2021-11-20T22:36:04,43.70662,-69.27692,8.3,348.9,511,RUTH HANNAH,,WDK3770,30,,14,7,,,B
368048550,2021-11-20T22:37:06,43.70892,-69.27762,8.5,342.8,511,RUTH HANNAH,,WDK3770,30,,14,7,,,B
368048550,2021-11-20T22:38:36,43.71235,-69.27866,8.5,349.1,511,RUTH HANNAH,,WDK3770,30,,14,7,,,B
368048550,2021-11-20T22:40:05,43.71563,-69.27963,8.3,348.8,511,RUTH HANNAH,,WDK3770,30,,14,7,,,B
368048550,2021-11-20T22:41:35,43.71911,-69.28067,8.5,345.3,511,RUTH HANNAH,,WDK3770,30,,14,7,,,B
368048550,2021-11-20T22:43:04,43.72254,-69.2817,9.3,345.8,511,RUTH HANNAH,,WDK3770,30,,14,7,,,B
368048550,2021-11-20T22:44:35,43.72625,-69.28269,9.4,345.4,511,RUTH HANNAH,,WDK3770,30,,14,7,,,B
368048550,2021-11-20T22:45:36,43.72882,-69.28343,9.7,344.5,511,RUTH HANNAH,,WDK3770,30,,14,7,,,B
368048550,2021-11-20T22:47:05,43.73295,-69.2848,10,345.3,511,RUTH HANNAH,,WDK3770,30,,14,7,,,B
368048550,2021-11-23T19:26:59,43.72119,-69.27226,8.8,338.9,511,RUTH HANNAH,,WDK3770,30,,14,7,,,B
368048550,2021-11-23T19:28:28,43.72487,-69.27428,9,334.4,511,RUTH HANNAH,,WDK3770,30,,14,7,,,B
368048550,2021-11-23T19:29:55,43.7284,-69.27563,3.8,358,511,RUTH HANNAH,,WDK3770,30,,14,7,,,B
368048550,2021-11-23T19:30:56,43.72971,-69.27613,5.5,339.8,511,RUTH HANNAH,,WDK3770,30,,14,7,,,B
368048550,2021-11-23T19:32:56,43.73445,-69.27811,10.1,338.3,511,RUTH HANNAH,,WDK3770,30,,14,7,,,B
368048550,2021-11-30T11:04:48,43.7089,-69.32015,14.9,159.2,511,RUTH HANNAH,,WDK3770,30,,14,7,,,B
368048550,2021-11-26T10:34:43,43.73929,-69.2862,18.4,172.2,511,RUTH HANNAH,,WDK3770,30,,14,7,,,B
368048550,2021-11-26T10:36:41,43.72953,-69.28371,18.2,169.4,511,RUTH HANNAH,,WDK3770,30,,14,7,,,B
368048550,2021-11-26T10:37:42,43.72455,-69.28229,18,166.7,511,RUTH HANNAH,,WDK3770,30,,14,7,,,B
368048550,2021-11-26T10:38:43,43.71943,-69.28082,18.5,168.1,511,RUTH HANNAH,,WDK3770,30,,14,7,,,B
368048550,2021-11-26T10:40:12,43.71213,-69.27854,18.7,168.4,511,RUTH HANNAH,,WDK3770,30,,14,7,,,B
368048550,2021-11-26T10:41:14,43.70695,-69.27704,18.3,166.8,511,RUTH HANNAH,,WDK3770,30,,14,7,,,B
368048550,2021-11-30T19:52:13,43.72528,-69.2715,7.6,345.8,511,RUTH HANNAH,,WDK3770,30,,14,7,,,B
368048550,2021-11-30T19:53:44,43.72829,-69.27243,7.6,348.6,511,RUTH HANNAH,,WDK3770,30,,14,7,,,B
368048550,2021-11-30T19:54:46,43.73038,-69.27307,7.2,346.1,511,RUTH HANNAH,,WDK3770,30,,14,7,,,B
368048550,2021-11-30T19:56:13,43.73327,-69.27395,7.5,345.3,511,RUTH HANNAH,,WDK3770,30,,14,7,,,B
368048550,2021-11-30T19:57:43,43.73623,-69.2749,7.5,354.5,511,RUTH HANNAH,,WDK3770,30,,14,7,,,B
368048550,2021-11-30T19:59:13,43.73931,-69.27576,7.7,344.6,511,RUTH HANNAH,,WDK3770,30,,14,7,,,B
368048550,2021-11-30T20:00:13,43.74173,-69.27655,9.5,348.5,511,RUTH HANNAH,,WDK3770,30,,14,7,,,B
368048550,2021-12-04T09:56:57,43.70902,-69.31916,17,160.6,511,RUTH HANNAH,,WDK3770,30,,14,7,,,B
368048550,2021-12-08T10:26:44,43.73462,-69.27566,16.3,161.4,511,RUTH HANNAH,,WDK3770,30,,14,7,,,B
368048550,2021-12-08T10:28:15,43.72813,-69.27292,15.9,168.2,511,RUTH HANNAH,,WDK3770,30,,14,7,,,B
368048550,2021-12-10T09:24:52,43.73923,-69.27202,16.5,158.3,511,RUTH HANNAH,,WDK3770,30,,14,7,,,B
368048550,2021-12-15T10:06:16,43.74088,-69.27395,17.2,163.3,511,RUTH HANNAH,,WDK3770,30,,14,7,,,B
368048550,2021-12-18T10:06:17,43.7412,-69.28621,15.7,173.9,511,RUTH HANNAH,,WDK3770,30,,14,7,,,B
368048550,2021-12-18T10:07:18,43.73669,-69.28534,16.7,174.4,511,RUTH HANNAH,,WDK3770,30,,14,7,,,B
368048550,2021-12-18T10:08:48,43.73009,-69.2837,16.1,172.9,511,RUTH HANNAH,,WDK3770,30,,14,7,,,B
368048550,2021-12-18T10:10:48,43.72101,-69.28193,15.8,172.8,511,RUTH HANNAH,,WDK3770,30,,14,7,,,B
368048550,2021-12-18T10:11:49,43.71651,-69.28099,16.4,172,511,RUTH HANNAH,,WDK3770,30,,14,7,,,B
368048550,2021-12-18T10:13:18,43.71005,-69.27955,15.9,167.1,511,RUTH HANNAH,,WDK3770,30,,14,7,,,B
368048550,2021-12-18T18:47:11,43.70633,-69.30863,17.9,344,511,RUTH HANNAH,,WDK3770,30,,14,7,,,B
368048550,2021-12-18T18:48:38,43.71342,-69.31131,18.7,344.9,511,RUTH HANNAH,,WDK3770,30,,14,7,,,B
368048550,2021-12-18T18:49:40,43.71844,-69.31315,18.2,343.9,511,RUTH HANNAH,,WDK3770,30,,14,7,,,B
368048550,2021-12-18T18:51:09,43.72559,-69.316,18.5,344.3,511,RUTH HANNAH,,WDK3770,30,,14,7,,,B
368048550,2021-12-18T18:53:14,43.73567,-69.31999,17.5,343.6,511,RUTH HANNAH,,WDK3770,30,,14,7,,,B
319290000,2021-08-27T00:42:18,43.72467,-69.30779,9.1,210.2,511,ANGEL,,ZCTY4,37,0,,,,36,A
319290000,2021-08-27T00:41:09,43.72731,-69.30616,9,210.2,511,ANGEL,,ZCTY4,37,0,,,,36,A
319290000,2021-08-27T00:35:49,43.7395,-69.29851,8.1,206.6,511,ANGEL,,ZCTY4,37,0,,,,36,A
319290000,2021-08-27T00:36:55,43.73695,-69.30012,9.5,204.4,195,ANGEL,,ZCTY4,37,,,,,36,B
319290000,2021-08-27T00:37:57,43.73462,-69.30158,9.5,204.5,195,ANGEL,,ZCTY4,37,,,,,36,B
319290000,2021-08-27T00:38:59,43.73224,-69.30305,9.3,206.7,511,ANGEL,,ZCTY4,37,0,,,,36,A
319290000,2021-08-27T00:40:00,43.7299,-69.30452,9.5,204.1,195,ANGEL,,ZCTY4,37,,,,,36,B
319290000,2021-08-27T00:43:28,43.72204,-69.30945,9.4,201.8,511,ANGEL,,ZCTY4,37,0,,,,36,A
319290000,2021-08-27T00:44:37,43.7194,-69.31103,9.5,202.2,193,ANGEL,,ZCTY4,37,,,,,36,B
319290000,2021-08-27T00:45:38,43.71707,-69.31235,9.4,201.3,511,ANGEL,,ZCTY4,37,0,,,,36,A
319290000,2021-08-27T00:46:48,43.71448,-69.31386,8.1,205.6,511,ANGEL,,ZCTY4,37,0,,,,36,A
319290000,2021-08-27T00:47:58,43.71183,-69.3154,8.5,199.1,511,ANGEL,,ZCTY4,37,0,,,,36,A
319290000,2021-08-27T00:49:08,43.70918,-69.31694,9.3,196.1,511,ANGEL,,ZCTY4,37,0,,,,36,A
319290000,2021-08-27T00:50:11,43.70662,-69.31792,9.5,193.3,186,ANGEL,,ZCTY4,37,,,,,36,B
367517840,2021-08-07T17:19:18,43.72641,-69.32031,6.1,202.2,511,QUARTET,,WDG2653,30,,15,,,,B
367517840,2021-08-07T17:09:46,43.74116,-69.3103,6.5,211.7,511,QUARTET,,WDG2653,30,,15,,,,B
367517840,2021-08-07T17:11:15,43.7389,-69.31194,6.4,206.3,511,QUARTET,,WDG2653,30,,15,,,,B
367517840,2021-08-07T17:12:45,43.73653,-69.31353,6.4,204.1,511,QUARTET,,WDG2653,30,,15,,,,B
367517840,2021-08-07T17:13:46,43.73494,-69.3145,6.1,200.7,511,QUARTET,,WDG2653,30,,15,,,,B
367517840,2021-08-07T17:15:15,43.73265,-69.316,5.9,207.4,511,QUARTET,,WDG2653,30,,15,,,,B
367517840,2021-08-07T17:16:46,43.73031,-69.31758,6.1,207.2,511,QUARTET,,WDG2653,30,,15,,,,B
367517840,2021-08-07T17:18:15,43.72802,-69.31915,6.1,211.8,511,QUARTET,,WDG2653,30,,15,,,,B
368065000,2021-07-21T19:43:18,43.71458,-69.27254,8.6,253,511,PROVIDIAN,IMO8943052,WDF3691,30,,34,12,5.5,,B
368065000,2021-07-21T19:44:19,43.71443,-69.27572,8.5,272.5,511,PROVIDIAN,IMO8943052,WDF3691,30,,34,12,5.5,,B
368065000,2021-07-21T19:45:46,43.71454,-69.2805,8.6,274.6,511,PROVIDIAN,IMO8943052,WDF3691,30,,34,12,5.5,,B
368065000,2021-07-21T19:47:16,43.71516,-69.28527,8.4,269.2,511,PROVIDIAN,IMO8943052,WDF3691,30,,34,12,5.5,,B
368065000,2021-07-21T19:48:46,43.71508,-69.2901,8.6,271.4,511,PROVIDIAN,IMO8943052,WDF3691,30,,34,12,5.5,,B
368065000,2021-07-21T19:50:16,43.71521,-69.29503,8.5,269.3,511,PROVIDIAN,IMO8943052,WDF3691,30,,34,12,5.5,,B
368065000,2021-07-21T19:51:45,43.71513,-69.29994,8.5,270.5,511,PROVIDIAN,IMO8943052,WDF3691,30,,34,12,5.5,,B
368065000,2021-07-21T19:52:46,43.71517,-69.30322,8.5,273.4,511,PROVIDIAN,IMO8943052,WDF3691,30,,34,12,5.5,,B
368065000,2021-07-21T19:54:16,43.71521,-69.30811,8.5,267.6,511,PROVIDIAN,IMO8943052,WDF3691,30,,34,12,5.5,,B
368065000,2021-07-21T19:55:48,43.71521,-69.31317,8.4,275,511,PROVIDIAN,IMO8943052,WDF3691,30,,34,12,5.5,,B
368065000,2021-07-21T19:57:16,43.7149,-69.31794,8.5,258.4,511,PROVIDIAN,IMO8943052,WDF3691,30,,34,12,5.5,,B
368076650,2021-04-11T18:54:09,43.70843,-69.3205,3.9,130.7,138,GO LIBERTY,IMO9555761,WDK6648,70,3,46,12,3.3,70,A
368076650,2021-04-11T18:55:15,43.70735,-69.32024,3.7,177.9,167,GO LIBERTY,IMO9555761,WDK6648,70,3,46,12,3.3,70,A
368076650,2021-04-11T19:02:26,43.70642,-69.31425,5,18.6,24,GO LIBERTY,IMO9555761,WDK6648,70,3,46,12,3.3,70,A
368076650,2021-04-11T19:03:36,43.70793,-69.31333,5.7,25.1,29,GO LIBERTY,IMO9555761,WDK6648,70,3,46,12,3.3,70,A
368076650,2021-04-11T19:04:37,43.70957,-69.31231,6.8,24.4,29,GO LIBERTY,IMO9555761,WDK6648,70,3,46,12,3.3,70,A
368076650,2021-04-11T19:05:46,43.71153,-69.31092,6.4,27.6,32,GO LIBERTY,IMO9555761,WDK6648,70,3,46,12,3.3,70,A
368076650,2021-04-11T19:06:49,43.71307,-69.31005,5,359.3,348,GO LIBERTY,IMO9555761,WDK6648,70,3,46,12,3.3,70,A
368076650,2021-04-11T19:07:52,43.71358,-69.31157,4.8,268.7,263,GO LIBERTY,IMO9555761,WDK6648,70,3,46,12,3.3,70,A
368076650,2021-04-11T19:08:56,43.71339,-69.31409,7.2,259.4,254,GO LIBERTY,IMO9555761,WDK6648,70,3,46,12,3.3,70,A
368076650,2021-04-11T19:09:58,43.71299,-69.31697,7.5,263.8,263,GO LIBERTY,IMO9555761,WDK6648,70,3,46,12,3.3,70,A
368076650,2021-04-11T19:11:06,43.71313,-69.31997,6.6,277.3,276,GO LIBERTY,IMO9555761,WDK6648,70,3,46,12,3.3,70,A
368076650,2021-04-11T19:17:55,43.71778,-69.32019,7.6,37.1,40,GO LIBERTY,IMO9555761,WDK6648,70,3,46,12,3.3,70,A
368076650,2021-04-11T19:19:07,43.71978,-69.31811,7.4,36,39,GO LIBERTY,IMO9555761,WDK6648,70,3,46,12,3.3,70,A
368076650,2021-04-11T19:20:09,43.72133,-69.3175,4.9,329.6,314,GO LIBERTY,IMO9555761,WDK6648,70,3,46,12,3.3,70,A
368076650,2021-04-11T19:21:17,43.72272,-69.31968,7.6,309.1,310,GO LIBERTY,IMO9555761,WDK6648,70,3,46,12,3.3,70,A
368076650,2021-04-12T05:31:26,43.70644,-69.32096,0.4,46.5,70,GO LIBERTY,IMO9555761,WDK6648,70,3,46,12,3.3,70,A
368076650,2021-04-12T05:32:45,43.70655,-69.3208,0.5,47.1,76,GO LIBERTY,IMO9555761,WDK6648,70,3,46,12,3.3,70,A
368076650,2021-04-12T05:33:56,43.70657,-69.32067,0.3,181.9,86,GO LIBERTY,IMO9555761,WDK6648,70,3,46,12,3.3,70,A
368076650,2021-04-12T05:35:15,43.70654,-69.32068,0.2,153.8,96,GO LIBERTY,IMO9555761,WDK6648,70,3,46,12,3.3,70,A
368076650,2021-04-12T05:36:16,43.7065,-69.32054,0.4,109.3,98,GO LIBERTY,IMO9555761,WDK6648,70,3,46,12,3.3,70,A
368076650,2021-04-12T05:37:26,43.70651,-69.32048,0.1,41.2,95,GO LIBERTY,IMO9555761,WDK6648,70,3,46,12,3.3,70,A
368076650,2021-04-12T05:38:35,43.70658,-69.32045,0.4,6.1,96,GO LIBERTY,IMO9555761,WDK6648,70,3,46,12,3.3,70,A
368076650,2021-04-12T05:39:46,43.70664,-69.32047,0.1,3,96,GO LIBERTY,IMO9555761,WDK6648,70,3,46,12,3.3,70,A
368076650,2021-04-12T05:40:56,43.70666,-69.32032,0.4,92.7,97,GO LIBERTY,IMO9555761,WDK6648,70,3,46,12,3.3,70,A
368076650,2021-04-12T05:42:06,43.70668,-69.32022,0.1,41.5,97,GO LIBERTY,IMO9555761,WDK6648,70,3,46,12,3.3,70,A
368076650,2021-04-12T05:43:16,43.70669,-69.32017,0.1,89.1,96,GO LIBERTY,IMO9555761,WDK6648,70,3,46,12,3.3,70,A
368076650,2021-04-12T05:44:26,43.70671,-69.32015,0.1,102,96,GO LIBERTY,IMO9555761,WDK6648,70,3,46,12,3.3,70,A
368076650,2021-04-12T05:45:35,43.7067,-69.32014,0,201.4,96,GO LIBERTY,IMO9555761,WDK6648,70,3,46,12,3.3,70,A
368076650,2021-04-12T05:46:46,43.7067,-69.32033,0.5,273.5,96,GO LIBERTY,IMO9555761,WDK6648,70,3,46,12,3.3,70,A
368076650,2021-04-12T05:47:55,43.70671,-69.32043,0.1,283.6,96,GO LIBERTY,IMO9555761,WDK6648,70,3,46,12,3.3,70,A
368076650,2021-04-12T05:49:17,43.70678,-69.32044,0.2,353.8,78,GO LIBERTY,IMO9555761,WDK6648,70,3,46,12,3.3,70,A
368076650,2021-04-12T05:50:25,43.70686,-69.32048,0.2,325.5,57,GO LIBERTY,IMO9555761,WDK6648,70,3,46,12,3.3,70,A
368076650,2021-04-12T05:51:35,43.7069,-69.32045,0.5,63.7,49,GO LIBERTY,IMO9555761,WDK6648,70,3,46,12,3.3,70,A
368076650,2021-04-12T05:52:36,43.70727,-69.31983,2.8,49.2,50,GO LIBERTY,IMO9555761,WDK6648,70,3,46,12,3.3,70,A
368076650,2021-04-12T05:53:45,43.70799,-69.3187,3.6,48.7,49,GO LIBERTY,IMO9555761,WDK6648,70,3,46,12,3.3,70,A
368076650,2021-04-12T05:54:56,43.70879,-69.31741,3.7,49.9,49,GO LIBERTY,IMO9555761,WDK6648,70,3,46,12,3.3,70,A
368076650,2021-04-12T05:56:16,43.70968,-69.31593,3.8,50.7,49,GO LIBERTY,IMO9555761,WDK6648,70,3,46,12,3.3,70,A
368076650,2021-04-12T05:57:36,43.71056,-69.31444,3.7,51.7,52,GO LIBERTY,IMO9555761,WDK6648,70,3,46,12,3.3,70,A
368076650,2021-04-12T05:58:45,43.71124,-69.31314,3.8,54.5,55,GO LIBERTY,IMO9555761,WDK6648,70,3,46,12,3.3,70,A
368076650,2021-04-12T05:59:56,43.71185,-69.31187,2.7,55.7,58,GO LIBERTY,IMO9555761,WDK6648,70,3,46,12,3.3,70,A
368076650,2021-04-12T06:00:06,43.71192,-69.31174,2.4,55.9,57,GO LIBERTY,IMO9555761,WDK6648,70,3,46,12,3.3,70,A
368076650,2021-04-12T06:01:16,43.71221,-69.31113,1.1,54.6,60,GO LIBERTY,IMO9555761,WDK6648,70,3,46,12,3.3,70,A
368076650,2021-04-12T06:02:26,43.71238,-69.3107,1.4,65.6,62,GO LIBERTY,IMO9555761,WDK6648,70,3,46,12,3.3,70,A
368076650,2021-04-12T06:03:35,43.71255,-69.31023,0.3,53.3,60,GO LIBERTY,IMO9555761,WDK6648,70,3,46,12,3.3,70,A
368076650,2021-04-12T06:04:46,43.71252,-69.31032,0.1,203.1,61,GO LIBERTY,IMO9555761,WDK6648,70,3,46,12,3.3,70,A
368076650,2021-04-12T06:05:56,43.7125,-69.31035,0.1,18.6,60,GO LIBERTY,IMO9555761,WDK6648,70,3,46,12,3.3,70,A
368076650,2021-04-12T06:07:05,43.71253,-69.31028,0.1,346.7,60,GO LIBERTY,IMO9555761,WDK6648,70,3,46,12,3.3,70,A
368076650,2021-04-12T06:08:15,43.71255,-69.31028,0,274.4,59,GO LIBERTY,IMO9555761,WDK6648,70,3,46,12,3.3,70,A
368076650,2021-04-12T06:09:26,43.71254,-69.31027,0.1,341.6,59,GO LIBERTY,IMO9555761,WDK6648,70,3,46,12,3.3,70,A
368076650,2021-04-12T06:10:45,43.71253,-69.31027,0,281.2,59,GO LIBERTY,IMO9555761,WDK6648,70,3,46,12,3.3,70,A
368076650,2021-04-12T06:11:56,43.71254,-69.31027,0.1,79.8,60,GO LIBERTY,IMO9555761,WDK6648,70,3,46,12,3.3,70,A
368076650,2021-04-12T06:13:07,43.71255,-69.3103,0.1,299.8,61,GO LIBERTY,IMO9555761,WDK6648,70,3,46,12,3.3,70,A
368076650,2021-04-12T06:14:16,43.71253,-69.31029,0.1,128.1,60,GO LIBERTY,IMO9555761,WDK6648,70,3,46,12,3.3,70,A
368076650,2021-04-12T06:15:26,43.71254,-69.31028,0.1,204.5,58,GO LIBERTY,IMO9555761,WDK6648,70,3,46,12,3.3,70,A
368076650,2021-04-12T06:16:35,43.71253,-69.31026,0.1,216.3,59,GO LIBERTY,IMO9555761,WDK6648,70,3,46,12,3.3,70,A
368076650,2021-04-12T06:17:46,43.71255,-69.3103,0.1,318.4,58,GO LIBERTY,IMO9555761,WDK6648,70,3,46,12,3.3,70,A
368076650,2021-04-12T06:18:55,43.71256,-69.31029,0.1,37,60,GO LIBERTY,IMO9555761,WDK6648,70,3,46,12,3.3,70,A
368076650,2021-04-12T06:20:07,43.71257,-69.31029,0.1,273.3,58,GO LIBERTY,IMO9555761,WDK6648,70,3,46,12,3.3,70,A
368076650,2021-04-12T06:21:15,43.71266,-69.31015,0.4,59.9,58,GO LIBERTY,IMO9555761,WDK6648,70,3,46,12,3.3,70,A
368076650,2021-04-12T06:22:27,43.7127,-69.30996,0.4,60.1,61,GO LIBERTY,IMO9555761,WDK6648,70,3,46,12,3.3,70,A
368076650,2021-04-12T06:23:35,43.71277,-69.30987,0.1,66.6,60,GO LIBERTY,IMO9555761,WDK6648,70,3,46,12,3.3,70,A
368076650,2021-04-12T06:24:46,43.71277,-69.30985,0,221.1,57,GO LIBERTY,IMO9555761,WDK6648,70,3,46,12,3.3,70,A
368076650,2021-04-12T06:25:56,43.71277,-69.30985,0,265.7,60,GO LIBERTY,IMO9555761,WDK6648,70,3,46,12,3.3,70,A
368076650,2021-04-12T06:27:06,43.7128,-69.30978,0,75.3,58,GO LIBERTY,IMO9555761,WDK6648,70,3,46,12,3.3,70,A
368076650,2021-04-12T06:28:15,43.71278,-69.30973,0.1,75.2,59,GO LIBERTY,IMO9555761,WDK6648,70,3,46,12,3.3,70,A
368076650,2021-04-12T06:29:25,43.71275,-69.30973,0.1,123,58,GO LIBERTY,IMO9555761,WDK6648,70,3,46,12,3.3,70,A
368076650,2021-04-12T06:30:35,43.71275,-69.30974,0.1,315.5,59,GO LIBERTY,IMO9555761,WDK6648,70,3,46,12,3.3,70,A
368076650,2021-04-12T06:31:46,43.71276,-69.30972,0,73.1,61,GO LIBERTY,IMO9555761,WDK6648,70,3,46,12,3.3,70,A
368076650,2021-04-12T06:32:55,43.71273,-69.30972,0.3,156.7,64,GO LIBERTY,IMO9555761,WDK6648,70,3,46,12,3.3,70,A
368076650,2021-04-12T06:34:16,43.71255,-69.30963,0.7,165.1,88,GO LIBERTY,IMO9555761,WDK6648,70,3,46,12,3.3,70,A
368076650,2021-04-12T06:35:25,43.71248,-69.30962,0.3,328.7,90,GO LIBERTY,IMO9555761,WDK6648,70,3,46,12,3.3,70,A
368076650,2021-04-12T06:36:36,43.71251,-69.30965,0.3,348.7,91,GO LIBERTY,IMO9555761,WDK6648,70,3,46,12,3.3,70,A
368076650,2021-04-12T06:37:46,43.7126,-69.30969,0.2,310.1,89,GO LIBERTY,IMO9555761,WDK6648,70,3,46,12,3.3,70,A
368076650,2021-04-12T06:38:55,43.71261,-69.30975,0.2,264.2,91,GO LIBERTY,IMO9555761,WDK6648,70,3,46,12,3.3,70,A
368076650,2021-04-12T06:40:05,43.71263,-69.30972,0,44.1,90,GO LIBERTY,IMO9555761,WDK6648,70,3,46,12,3.3,70,A
368076650,2021-04-12T06:41:16,43.71264,-69.30971,0,255,90,GO LIBERTY,IMO9555761,WDK6648,70,3,46,12,3.3,70,A
368076650,2021-04-12T06:42:26,43.71264,-69.30971,0,212.5,90,GO LIBERTY,IMO9555761,WDK6648,70,3,46,12,3.3,70,A
368076650,2021-04-12T06:43:35,43.71262,-69.30972,0,184.3,90,GO LIBERTY,IMO9555761,WDK6648,70,3,46,12,3.3,70,A
368076650,2021-04-12T06:44:45,43.71262,-69.30971,0.1,276.8,90,GO LIBERTY,IMO9555761,WDK6648,70,3,46,12,3.3,70,A
368076650,2021-04-12T06:45:56,43.71263,-69.30971,0,4.4,90,GO LIBERTY,IMO9555761,WDK6648,70,3,46,12,3.3,70,A
368076650,2021-04-12T06:47:06,43.71261,-69.3097,0,168.5,91,GO LIBERTY,IMO9555761,WDK6648,70,3,46,12,3.3,70,A
368076650,2021-04-12T06:48:16,43.71261,-69.30971,0,48.7,90,GO LIBERTY,IMO9555761,WDK6648,70,3,46,12,3.3,70,A
368076650,2021-04-12T06:49:27,43.71262,-69.30971,0,245,90,GO LIBERTY,IMO9555761,WDK6648,70,3,46,12,3.3,70,A
368076650,2021-04-12T06:50:36,43.71262,-69.30972,0,79.6,90,GO LIBERTY,IMO9555761,WDK6648,70,3,46,12,3.3,70,A
368076650,2021-04-12T06:51:45,43.7126,-69.30969,0.1,98.5,90,GO LIBERTY,IMO9555761,WDK6648,70,3,46,12,3.3,70,A
368076650,2021-04-12T06:52:56,43.71258,-69.30969,0,4.6,90,GO LIBERTY,IMO9555761,WDK6648,70,3,46,12,3.3,70,A
368076650,2021-04-12T06:54:06,43.71258,-69.30971,0,110.5,91,GO LIBERTY,IMO9555761,WDK6648,70,3,46,12,3.3,70,A
368076650,2021-04-12T06:55:15,43.71259,-69.3097,0,307.1,90,GO LIBERTY,IMO9555761,WDK6648,70,3,46,12,3.3,70,A
368076650,2021-04-12T06:56:26,43.7126,-69.30971,0.1,297,90,GO LIBERTY,IMO9555761,WDK6648,70,3,46,12,3.3,70,A
368076650,2021-04-12T06:57:35,43.71263,-69.30971,0.1,205.2,91,GO LIBERTY,IMO9555761,WDK6648,70,3,46,12,3.3,70,A
368076650,2021-04-12T06:58:45,43.71262,-69.30972,0,239.7,90,GO LIBERTY,IMO9555761,WDK6648,70,3,46,12,3.3,70,A
368076650,2021-04-12T06:59:56,43.71263,-69.30973,0.1,165.5,90,GO LIBERTY,IMO9555761,WDK6648,70,3,46,12,3.3,70,A
368076650,2021-04-12T07:00:05,43.71263,-69.30973,0,233.5,90,GO LIBERTY,IMO9555761,WDK6648,70,3,46,12,3.3,70,A
368076650,2021-04-12T07:01:15,43.71263,-69.30971,0.1,55.2,90,GO LIBERTY,IMO9555761,WDK6648,70,3,46,12,3.3,70,A
368076650,2021-04-12T07:02:26,43.71264,-69.30971,0.1,207.7,90,GO LIBERTY,IMO9555761,WDK6648,70,3,46,12,3.3,70,A
368076650,2021-04-12T07:03:36,43.71265,-69.30973,0,288,90,GO LIBERTY,IMO9555761,WDK6648,70,3,46,12,3.3,70,A
368076650,2021-04-12T07:04:45,43.71266,-69.30972,0.1,153.2,90,GO LIBERTY,IMO9555761,WDK6648,70,3,46,12,3.3,70,A
368076650,2021-04-12T07:05:57,43.71265,-69.30973,0.1,189.4,90,GO LIBERTY,IMO9555761,WDK6648,70,3,46,12,3.3,70,A
368076650,2021-04-12T07:07:06,43.71264,-69.30972,0,161.2,90,GO LIBERTY,IMO9555761,WDK6648,70,3,46,12,3.3,70,A
368076650,2021-04-12T07:08:16,43.71267,-69.30974,0.1,193.1,90,GO LIBERTY,IMO9555761,WDK6648,70,3,46,12,3.3,70,A
368076650,2021-04-12T07:09:25,43.71267,-69.30974,0,31.9,90,GO LIBERTY,IMO9555761,WDK6648,70,3,46,12,3.3,70,A
368076650,2021-04-12T07:10:35,43.71266,-69.30974,0.1,26.7,91,GO LIBERTY,IMO9555761,WDK6648,70,3,46,12,3.3,70,A
368076650,2021-04-12T07:11:46,43.71266,-69.30972,0,225.5,90,GO LIBERTY,IMO9555761,WDK6648,70,3,46,12,3.3,70,A
368076650,2021-04-12T07:12:55,43.71267,-69.3097,0,327.8,90,GO LIBERTY,IMO9555761,WDK6648,70,3,46,12,3.3,70,A
368076650,2021-04-12T07:14:16,43.71266,-69.30967,0.1,124.7,90,GO LIBERTY,IMO9555761,WDK6648,70,3,46,12,3.3,70,A
368076650,2021-04-12T07:15:26,43.71263,-69.30962,0.1,179.2,91,GO LIBERTY,IMO9555761,WDK6648,70,3,46,12,3.3,70,A
368076650,2021-04-12T07:16:35,43.7126,-69.30962,0.1,137.9,91,GO LIBERTY,IMO9555761,WDK6648,70,3,46,12,3.3,70,A
368076650,2021-04-12T07:17:46,43.71262,-69.30967,0,249.8,90,GO LIBERTY,IMO9555761,WDK6648,70,3,46,12,3.3,70,A
368076650,2021-04-12T07:18:56,43.71264,-69.30967,0,50.4,90,GO LIBERTY,IMO9555761,WDK6648,70,3,46,12,3.3,70,A
368076650,2021-04-12T07:20:05,43.71263,-69.30969,0,162.4,90,GO LIBERTY,IMO9555761,WDK6648,70,3,46,12,3.3,70,A
368076650,2021-04-12T07:21:26,43.71264,-69.3097,0.1,280.6,90,GO LIBERTY,IMO9555761,WDK6648,70,3,46,12,3.3,70,A
368076650,2021-04-12T07:22:35,43.71264,-69.30971,0.1,174.8,90,GO LIBERTY,IMO9555761,WDK6648,70,3,46,12,3.3,70,A
368076650,2021-04-12T07:23:46,43.71266,-69.30971,0,249,90,GO LIBERTY,IMO9555761,WDK6648,70,3,46,12,3.3,70,A
368076650,2021-04-12T07:24:55,43.71264,-69.30972,0.1,220.6,90,GO LIBERTY,IMO9555761,WDK6648,70,3,46,12,3.3,70,A
368076650,2021-04-12T07:26:06,43.71266,-69.3097,0.1,129.8,90,GO LIBERTY,IMO9555761,WDK6648,70,3,46,12,3.3,70,A
368076650,2021-04-12T07:27:16,43.71265,-69.30971,0.1,273.2,90,GO LIBERTY,IMO9555761,WDK6648,70,3,46,12,3.3,70,A
368076650,2021-04-12T07:28:36,43.71266,-69.30962,0.5,93.4,90,GO LIBERTY,IMO9555761,WDK6648,70,3,46,12,3.3,70,A
368076650,2021-04-12T07:29:45,43.71264,-69.30959,0,248.4,90,GO LIBERTY,IMO9555761,WDK6648,70,3,46,12,3.3,70,A
368076650,2021-04-12T07:30:55,43.71263,-69.30957,0,205.1,90,GO LIBERTY,IMO9555761,WDK6648,70,3,46,12,3.3,70,A
368076650,2021-04-12T07:32:06,43.71265,-69.30946,0.4,94.8,90,GO LIBERTY,IMO9555761,WDK6648,70,3,46,12,3.3,70,A
368076650,2021-04-12T07:33:16,43.71262,-69.30944,0.1,103.5,91,GO LIBERTY,IMO9555761,WDK6648,70,3,46,12,3.3,70,A
368076650,2021-04-12T07:34:26,43.7126,-69.30943,0.1,157,90,GO LIBERTY,IMO9555761,WDK6648,70,3,46,12,3.3,70,A
368076650,2021-04-12T07:35:35,43.71262,-69.30931,0.1,287,89,GO LIBERTY,IMO9555761,WDK6648,70,3,46,12,3.3,70,A
368076650,2021-04-12T07:36:45,43.71261,-69.30931,0.1,228.4,90,GO LIBERTY,IMO9555761,WDK6648,70,3,46,12,3.3,70,A
368076650,2021-04-12T07:38:05,43.71261,-69.30925,0.4,106.1,91,GO LIBERTY,IMO9555761,WDK6648,70,3,46,12,3.3,70,A
368076650,2021-04-12T07:39:15,43.71262,-69.30916,0,277.7,89,GO LIBERTY,IMO9555761,WDK6648,70,3,46,12,3.3,70,A
368076650,2021-04-12T07:40:27,43.71262,-69.30916,0,339.1,91,GO LIBERTY,IMO9555761,WDK6648,70,3,46,12,3.3,70,A
368076650,2021-04-12T07:41:35,43.71264,-69.30919,0.1,313.6,90,GO LIBERTY,IMO9555761,WDK6648,70,3,46,12,3.3,70,A
368076650,2021-04-12T07:42:45,43.71263,-69.30918,0.1,171.7,91,GO LIBERTY,IMO9555761,WDK6648,70,3,46,12,3.3,70,A
368076650,2021-04-12T07:43:56,43.71263,-69.30915,0.1,159.1,90,GO LIBERTY,IMO9555761,WDK6648,70,3,46,12,3.3,70,A
368076650,2021-04-12T07:45:05,43.71264,-69.30916,0.1,195.2,91,GO LIBERTY,IMO9555761,WDK6648,70,3,46,12,3.3,70,A
368076650,2021-04-12T07:46:16,43.71262,-69.30917,0.1,255.2,90,GO LIBERTY,IMO9555761,WDK6648,70,3,46,12,3.3,70,A
368076650,2021-04-12T07:47:25,43.71264,-69.30917,0,337.5,90,GO LIBERTY,IMO9555761,WDK6648,70,3,46,12,3.3,70,A
368076650,2021-04-12T07:48:36,43.71264,-69.30917,0,115.4,91,GO LIBERTY,IMO9555761,WDK6648,70,3,46,12,3.3,70,A
368076650,2021-04-12T07:49:45,43.71265,-69.30919,0.1,289.2,90,GO LIBERTY,IMO9555761,WDK6648,70,3,46,12,3.3,70,A
368076650,2021-04-12T07:50:56,43.71263,-69.30919,0.1,290.6,90,GO LIBERTY,IMO9555761,WDK6648,70,3,46,12,3.3,70,A
368076650,2021-04-12T07:52:05,43.71262,-69.30922,0,138.8,90,GO LIBERTY,IMO9555761,WDK6648,70,3,46,12,3.3,70,A
368076650,2021-04-12T07:53:16,43.71262,-69.3092,0.1,128.2,90,GO LIBERTY,IMO9555761,WDK6648,70,3,46,12,3.3,70,A
368076650,2021-04-12T07:54:25,43.71263,-69.3092,0,291.6,90,GO LIBERTY,IMO9555761,WDK6648,70,3,46,12,3.3,70,A
368076650,2021-04-12T07:55:36,43.71261,-69.3092,0.1,358.5,91,GO LIBERTY,IMO9555761,WDK6648,70,3,46,12,3.3,70,A
368076650,2021-04-12T07:56:39,43.71273,-69.30935,1.1,288.4,18,GO LIBERTY,IMO9555761,WDK6648,70,3,46,12,3.3,70,A
368076650,2021-04-12T07:57:43,43.71253,-69.30968,0.4,213.4,260,GO LIBERTY,IMO9555761,WDK6648,70,3,46,12,3.3,70,A
368076650,2021-04-12T07:58:46,43.71249,-69.31037,2.9,266.8,271,GO LIBERTY,IMO9555761,WDK6648,70,3,46,12,3.3,70,A
368076650,2021-04-12T07:59:55,43.71249,-69.31219,4.7,270.9,275,GO LIBERTY,IMO9555761,WDK6648,70,3,46,12,3.3,70,A
368076650,2021-04-12T08:00:06,43.7125,-69.31251,4.9,272.2,277,GO LIBERTY,IMO9555761,WDK6648,70,3,46,12,3.3,70,A
368076650,2021-04-12T08:01:15,43.71274,-69.3146,4.9,279.8,283,GO LIBERTY,IMO9555761,WDK6648,70,3,46,12,3.3,70,A
368076650,2021-04-12T08:02:26,43.71292,-69.31681,4.8,275.2,279,GO LIBERTY,IMO9555761,WDK6648,70,3,46,12,3.3,70,A
368076650,2021-04-12T08:03:35,43.71297,-69.31876,4.1,271.7,276,GO LIBERTY,IMO9555761,WDK6648,70,3,46,12,3.3,70,A
368076650,2021-04-12T08:04:45,43.71299,-69.32027,3.3,270.6,276,GO LIBERTY,IMO9555761,WDK6648,70,3,46,12,3.3,70,A
368076650,2021-04-12T10:56:06,43.70631,-69.32065,0.9,289.8,315,GO LIBERTY,IMO9555761,WDK6648,70,3,46,12,3.3,70,A
368076650,2021-04-12T10:57:17,43.70624,-69.32057,0.3,140.8,316,GO LIBERTY,IMO9555761,WDK6648,70,3,46,12,3.3,70,A
368076650,2021-04-12T10:58:23,43.70623,-69.32077,0.8,278.8,299,GO LIBERTY,IMO9555761,WDK6648,70,3,46,12,3.3,70,A
368076650,2021-04-12T10:59:36,43.7063,-69.32097,0.2,257.1,322,GO LIBERTY,IMO9555761,WDK6648,70,3,46,12,3.3,70,A
368076650,2021-04-12T11:00:06,43.70634,-69.32097,0.4,352.4,328,GO LIBERTY,IMO9555761,WDK6648,70,3,46,12,3.3,70,A
368076650,2021-04-12T11:02:23,43.70632,-69.32086,0.8,130.9,352,GO LIBERTY,IMO9555761,WDK6648,70,3,46,12,3.3,70,A
368076650,2021-04-12T11:03:29,43.70631,-69.3206,0.6,51.8,18,GO LIBERTY,IMO9555761,WDK6648,70,3,46,12,3.3,70,A
368076650,2021-04-12T11:04:45,43.7063,-69.32046,0.5,120.4,40,GO LIBERTY,IMO9555761,WDK6648,70,3,46,12,3.3,70,A
368076650,2021-04-12T11:05:56,43.70633,-69.32051,0.2,292.6,32,GO LIBERTY,IMO9555761,WDK6648,70,3,46,12,3.3,70,A
368076650,2021-04-12T11:07:06,43.7063,-69.32056,0.1,288.3,31,GO LIBERTY,IMO9555761,WDK6648,70,3,46,12,3.3,70,A
368076650,2021-04-12T11:08:16,43.70629,-69.32058,0.1,252.4,31,GO LIBERTY,IMO9555761,WDK6648,70,3,46,12,3.3,70,A
368076650,2021-04-12T11:09:25,43.70628,-69.32056,0,3.8,31,GO LIBERTY,IMO9555761,WDK6648,70,3,46,12,3.3,70,A
368076650,2021-04-12T11:10:35,43.70627,-69.32059,0.1,257.6,30,GO LIBERTY,IMO9555761,WDK6648,70,3,46,12,3.3,70,A
368076650,2021-04-12T11:11:45,43.70627,-69.32057,0.1,53,31,GO LIBERTY,IMO9555761,WDK6648,70,3,46,12,3.3,70,A
368076650,2021-04-12T11:12:46,43.70628,-69.32059,0,316,31,GO LIBERTY,IMO9555761,WDK6648,70,3,46,12,3.3,70,A
368076650,2021-04-12T11:13:56,43.70632,-69.32057,0,234.1,31,GO LIBERTY,IMO9555761,WDK6648,70,3,46,12,3.3,70,A
368076650,2021-04-12T11:15:05,43.70633,-69.32057,0,293.5,31,GO LIBERTY,IMO9555761,WDK6648,70,3,46,12,3.3,70,A
368076650,2021-04-12T11:16:15,43.70633,-69.32056,0.1,331.2,31,GO LIBERTY,IMO9555761,WDK6648,70,3,46,12,3.3,70,A
368076650,2021-04-12T11:17:27,43.70631,-69.32057,0.1,220.2,30,GO LIBERTY,IMO9555761,WDK6648,70,3,46,12,3.3,70,A
368076650,2021-04-12T11:18:35,43.70629,-69.32055,0,98.1,30,GO LIBERTY,IMO9555761,WDK6648,70,3,46,12,3.3,70,A
368076650,2021-04-12T11:19:47,43.70628,-69.32055,0,209.9,30,GO LIBERTY,IMO9555761,WDK6648,70,3,46,12,3.3,70,A
368076650,2021-04-12T11:20:55,43.70628,-69.32056,0.1,356.2,31,GO LIBERTY,IMO9555761,WDK6648,70,3,46,12,3.3,70,A
368076650,2021-04-12T11:22:05,43.70629,-69.32058,0.1,203,31,GO LIBERTY,IMO9555761,WDK6648,70,3,46,12,3.3,70,A
368076650,2021-04-12T11:23:06,43.70629,-69.32058,0,83.7,31,GO LIBERTY,IMO9555761,WDK6648,70,3,46,12,3.3,70,A
368076650,2021-04-12T11:24:16,43.70629,-69.32057,0,246.1,31,GO LIBERTY,IMO9555761,WDK6648,70,3,46,12,3.3,70,A
368076650,2021-04-12T11:25:25,43.70628,-69.32056,0,171.8,31,GO LIBERTY,IMO9555761,WDK6648,70,3,46,12,3.3,70,A
368076650,2021-04-12T11:26:35,43.70629,-69.32055,0.1,265.3,30,GO LIBERTY,IMO9555761,WDK6648,70,3,46,12,3.3,70,A
368076650,2021-04-12T11:27:46,43.70639,-69.32046,0.1,48.7,32,GO LIBERTY,IMO9555761,WDK6648,70,3,46,12,3.3,70,A
368076650,2021-04-12T11:28:56,43.70639,-69.32046,0.2,45.2,31,GO LIBERTY,IMO9555761,WDK6648,70,3,46,12,3.3,70,A
368076650,2021-04-12T11:30:06,43.70646,-69.32042,0,288.7,31,GO LIBERTY,IMO9555761,WDK6648,70,3,46,12,3.3,70,A
368076650,2021-04-12T11:31:16,43.70651,-69.32039,0.4,30.1,31,GO LIBERTY,IMO9555761,WDK6648,70,3,46,12,3.3,70,A
368076650,2021-04-12T11:32:26,43.70655,-69.32034,0.1,281.9,31,GO LIBERTY,IMO9555761,WDK6648,70,3,46,12,3.3,70,A
368076650,2021-04-12T11:33:35,43.7066,-69.32028,0.3,44.6,32,GO LIBERTY,IMO9555761,WDK6648,70,3,46,12,3.3,70,A
368076650,2021-04-12T11:34:36,43.70661,-69.32029,0.1,348.8,30,GO LIBERTY,IMO9555761,WDK6648,70,3,46,12,3.3,70,A
368076650,2021-04-12T11:35:45,43.70668,-69.32021,0.3,38.1,31,GO LIBERTY,IMO9555761,WDK6648,70,3,46,12,3.3,70,A
368076650,2021-04-12T11:36:55,43.70668,-69.32024,0,148.4,31,GO LIBERTY,IMO9555761,WDK6648,70,3,46,12,3.3,70,A
368076650,2021-04-12T11:38:06,43.70667,-69.32026,0,324.2,31,GO LIBERTY,IMO9555761,WDK6648,70,3,46,12,3.3,70,A
368076650,2021-04-12T11:39:07,43.70667,-69.32025,0,309.7,30,GO LIBERTY,IMO9555761,WDK6648,70,3,46,12,3.3,70,A
368076650,2021-04-12T11:40:15,43.70667,-69.32026,0.1,263.7,30,GO LIBERTY,IMO9555761,WDK6648,70,3,46,12,3.3,70,A
368076650,2021-04-12T11:41:16,43.70667,-69.32025,0,62.8,30,GO LIBERTY,IMO9555761,WDK6648,70,3,46,12,3.3,70,A
368076650,2021-04-12T11:42:26,43.70667,-69.32024,0,330.4,30,GO LIBERTY,IMO9555761,WDK6648,70,3,46,12,3.3,70,A
368076650,2021-04-12T11:43:36,43.70667,-69.32025,0.1,328.3,31,GO LIBERTY,IMO9555761,WDK6648,70,3,46,12,3.3,70,A
368076650,2021-04-12T11:44:46,43.70669,-69.32024,0.1,296.7,30,GO LIBERTY,IMO9555761,WDK6648,70,3,46,12,3.3,70,A
368076650,2021-04-12T11:45:57,43.70668,-69.32023,0.1,142.8,31,GO LIBERTY,IMO9555761,WDK6648,70,3,46,12,3.3,70,A
368076650,2021-04-12T11:47:06,43.70668,-69.32024,0.1,268.5,31,GO LIBERTY,IMO9555761,WDK6648,70,3,46,12,3.3,70,A
368076650,2021-04-12T11:48:16,43.70669,-69.32026,0.1,9.5,31,GO LIBERTY,IMO9555761,WDK6648,70,3,46,12,3.3,70,A
368076650,2021-04-12T11:49:25,43.70668,-69.32025,0,258.3,31,GO LIBERTY,IMO9555761,WDK6648,70,3,46,12,3.3,70,A
368076650,2021-04-12T11:50:36,43.70665,-69.32026,0,152.2,31,GO LIBERTY,IMO9555761,WDK6648,70,3,46,12,3.3,70,A
368076650,2021-04-12T11:51:37,43.70667,-69.32027,0,354.6,31,GO LIBERTY,IMO9555761,WDK6648,70,3,46,12,3.3,70,A
368076650,2021-04-12T11:52:46,43.70668,-69.32025,0,25.2,31,GO LIBERTY,IMO9555761,WDK6648,70,3,46,12,3.3,70,A
368076650,2021-04-12T11:53:56,43.70665,-69.32024,0.1,193,31,GO LIBERTY,IMO9555761,WDK6648,70,3,46,12,3.3,70,A
368076650,2021-04-12T11:55:05,43.70667,-69.32023,0,67.6,31,GO LIBERTY,IMO9555761,WDK6648,70,3,46,12,3.3,70,A
368076650,2021-04-12T11:56:17,43.70669,-69.32024,0,358.5,31,GO LIBERTY,IMO9555761,WDK6648,70,3,46,12,3.3,70,A
368076650,2021-04-12T11:57:25,43.70672,-69.32025,0,271.5,30,GO LIBERTY,IMO9555761,WDK6648,70,3,46,12,3.3,70,A
368076650,2021-04-12T11:58:36,43.70671,-69.32023,0,156.6,30,GO LIBERTY,IMO9555761,WDK6648,70,3,46,12,3.3,70,A
368076650,2021-04-12T11:59:46,43.70669,-69.32024,0,150.1,31,GO LIBERTY,IMO9555761,WDK6648,70,3,46,12,3.3,70,A
368076650,2021-04-12T12:00:06,43.70669,-69.32025,0,65,31,GO LIBERTY,IMO9555761,WDK6648,70,3,46,12,3.3,70,A
368076650,2021-04-12T12:01:17,43.70669,-69.32023,0,19.1,30,GO LIBERTY,IMO9555761,WDK6648,70,3,46,12,3.3,70,A
368076650,2021-04-12T12:02:25,43.70668,-69.32026,0,265.9,30,GO LIBERTY,IMO9555761,WDK6648,70,3,46,12,3.3,70,A
368076650,2021-04-12T12:03:36,43.70667,-69.32024,0,237.6,31,GO LIBERTY,IMO9555761,WDK6648,70,3,46,12,3.3,70,A
368076650,2021-04-12T12:04:46,43.70668,-69.32027,0,302.5,30,GO LIBERTY,IMO9555761,WDK6648,70,3,46,12,3.3,70,A
368076650,2021-04-12T12:05:56,43.7067,-69.32029,0,242.7,30,GO LIBERTY,IMO9555761,WDK6648,70,3,46,12,3.3,70,A
368076650,2021-04-12T12:07:06,43.70668,-69.32026,0.1,306.3,30,GO LIBERTY,IMO9555761,WDK6648,70,3,46,12,3.3,70,A
368076650,2021-04-12T12:08:16,43.70668,-69.32026,0.1,157.5,31,GO LIBERTY,IMO9555761,WDK6648,70,3,46,12,3.3,70,A
368076650,2021-04-12T12:09:26,43.70667,-69.32027,0,181.7,30,GO LIBERTY,IMO9555761,WDK6648,70,3,46,12,3.3,70,A
368076650,2021-04-12T12:10:36,43.70667,-69.32027,0,164.4,31,GO LIBERTY,IMO9555761,WDK6648,70,3,46,12,3.3,70,A
368076650,2021-04-12T12:11:46,43.70669,-69.32026,0.1,129,31,GO LIBERTY,IMO9555761,WDK6648,70,3,46,12,3.3,70,A
368076650,2021-04-12T12:12:57,43.7067,-69.32027,0,162.3,30,GO LIBERTY,IMO9555761,WDK6648,70,3,46,12,3.3,70,A
368076650,2021-04-12T12:14:07,43.70674,-69.32025,0.1,90.6,30,GO LIBERTY,IMO9555761,WDK6648,70,3,46,12,3.3,70,A
368076650,2021-04-12T12:15:16,43.70673,-69.32023,0.1,106.6,31,GO LIBERTY,IMO9555761,WDK6648,70,3,46,12,3.3,70,A
368076650,2021-04-12T12:16:26,43.70676,-69.32025,0,316.3,30,GO LIBERTY,IMO9555761,WDK6648,70,3,46,12,3.3,70,A
368076650,2021-04-12T12:17:36,43.70675,-69.32027,0,10.9,31,GO LIBERTY,IMO9555761,WDK6648,70,3,46,12,3.3,70,A
368076650,2021-04-12T12:18:46,43.70672,-69.32026,0,228.5,31,GO LIBERTY,IMO9555761,WDK6648,70,3,46,12,3.3,70,A
368076650,2021-04-12T12:19:56,43.70672,-69.32023,0.1,309.3,31,GO LIBERTY,IMO9555761,WDK6648,70,3,46,12,3.3,70,A
368076650,2021-04-12T12:21:05,43.70669,-69.32023,0,206.2,31,GO LIBERTY,IMO9555761,WDK6648,70,3,46,12,3.3,70,A
368076650,2021-04-12T12:22:16,43.70669,-69.32024,0,121.6,31,GO LIBERTY,IMO9555761,WDK6648,70,3,46,12,3.3,70,A
368076650,2021-04-12T12:23:26,43.70668,-69.32024,0,157,31,GO LIBERTY,IMO9555761,WDK6648,70,3,46,12,3.3,70,A
368076650,2021-04-12T12:24:35,43.7067,-69.32025,0,211.9,31,GO LIBERTY,IMO9555761,WDK6648,70,3,46,12,3.3,70,A
368076650,2021-04-12T12:25:46,43.7067,-69.32026,0,97.8,31,GO LIBERTY,IMO9555761,WDK6648,70,3,46,12,3.3,70,A
368076650,2021-04-12T12:26:47,43.70667,-69.32024,0,280.3,31,GO LIBERTY,IMO9555761,WDK6648,70,3,46,12,3.3,70,A
368076650,2021-04-12T12:27:55,43.70668,-69.32024,0,184.9,31,GO LIBERTY,IMO9555761,WDK6648,70,3,46,12,3.3,70,A
368076650,2021-04-12T12:29:05,43.70671,-69.32024,0.1,323.4,31,GO LIBERTY,IMO9555761,WDK6648,70,3,46,12,3.3,70,A
368076650,2021-04-12T12:30:15,43.70671,-69.32023,0,332.6,31,GO LIBERTY,IMO9555761,WDK6648,70,3,46,12,3.3,70,A
368076650,2021-04-12T12:31:25,43.70672,-69.32023,0.1,330.1,31,GO LIBERTY,IMO9555761,WDK6648,70,3,46,12,3.3,70,A
368076650,2021-04-12T12:32:35,43.70672,-69.32023,0,323.4,30,GO LIBERTY,IMO9555761,WDK6648,70,3,46,12,3.3,70,A
368076650,2021-04-12T12:33:45,43.70679,-69.32015,0.1,24,32,GO LIBERTY,IMO9555761,WDK6648,70,3,46,12,3.3,70,A
368076650,2021-04-12T12:34:55,43.70679,-69.32015,0,215.1,30,GO LIBERTY,IMO9555761,WDK6648,70,3,46,12,3.3,70,A
368076650,2021-04-12T12:36:05,43.70679,-69.32016,0,340.8,31,GO LIBERTY,IMO9555761,WDK6648,70,3,46,12,3.3,70,A
368076650,2021-04-12T12:37:17,43.70687,-69.32009,0.1,295.6,31,GO LIBERTY,IMO9555761,WDK6648,70,3,46,12,3.3,70,A
368076650,2021-04-12T12:38:25,43.70686,-69.32009,0,139.1,30,GO LIBERTY,IMO9555761,WDK6648,70,3,46,12,3.3,70,A
368076650,2021-04-12T12:39:35,43.70686,-69.32009,0.3,25.2,30,GO LIBERTY,IMO9555761,WDK6648,70,3,46,12,3.3,70,A
368076650,2021-04-12T12:40:46,43.70692,-69.32004,0,8.5,31,GO LIBERTY,IMO9555761,WDK6648,70,3,46,12,3.3,70,A
368076650,2021-04-12T12:42:05,43.70693,-69.32006,0,230.7,31,GO LIBERTY,IMO9555761,WDK6648,70,3,46,12,3.3,70,A
368076650,2021-04-12T12:43:15,43.70698,-69.32001,0.5,30.8,30,GO LIBERTY,IMO9555761,WDK6648,70,3,46,12,3.3,70,A
368076650,2021-04-12T12:44:25,43.70701,-69.31999,0,311.8,30,GO LIBERTY,IMO9555761,WDK6648,70,3,46,12,3.3,70,A
368076650,2021-04-12T12:45:26,43.707,-69.32,0.1,236.2,31,GO LIBERTY,IMO9555761,WDK6648,70,3,46,12,3.3,70,A
368076650,2021-04-12T12:46:36,43.707,-69.32001,0,264.3,30,GO LIBERTY,IMO9555761,WDK6648,70,3,46,12,3.3,70,A
368076650,2021-04-12T12:47:46,43.70701,-69.32001,0,114.9,30,GO LIBERTY,IMO9555761,WDK6648,70,3,46,12,3.3,70,A
368076650,2021-04-12T12:48:56,43.70699,-69.31999,0,60.6,30,GO LIBERTY,IMO9555761,WDK6648,70,3,46,12,3.3,70,A
368076650,2021-04-12T12:50:05,43.70699,-69.32,0.1,138.8,30,GO LIBERTY,IMO9555761,WDK6648,70,3,46,12,3.3,70,A
368076650,2021-04-12T12:51:15,43.707,-69.32,0.1,303.4,30,GO LIBERTY,IMO9555761,WDK6648,70,3,46,12,3.3,70,A
368076650,2021-04-12T12:52:25,43.707,-69.32,0,339.3,30,GO LIBERTY,IMO9555761,WDK6648,70,3,46,12,3.3,70,A
368076650,2021-04-12T12:53:45,43.707,-69.31999,0.1,301,30,GO LIBERTY,IMO9555761,WDK6648,70,3,46,12,3.3,70,A
368076650,2021-04-12T12:54:55,43.707,-69.31998,0.1,42.3,31,GO LIBERTY,IMO9555761,WDK6648,70,3,46,12,3.3,70,A
368076650,2021-04-12T12:56:06,43.707,-69.31996,0.1,338.8,30,GO LIBERTY,IMO9555761,WDK6648,70,3,46,12,3.3,70,A
368076650,2021-04-12T12:57:16,43.70701,-69.31996,0,109.8,31,GO LIBERTY,IMO9555761,WDK6648,70,3,46,12,3.3,70,A
368076650,2021-04-12T12:58:25,43.70702,-69.31997,0.1,321.4,30,GO LIBERTY,IMO9555761,WDK6648,70,3,46,12,3.3,70,A
368076650,2021-04-12T12:59:35,43.70701,-69.31999,0,118.1,30,GO LIBERTY,IMO9555761,WDK6648,70,3,46,12,3.3,70,A
368076650,2021-04-12T13:00:06,43.707,-69.31999,0,325,31,GO LIBERTY,IMO9555761,WDK6648,70,3,46,12,3.3,70,A
368076650,2021-04-12T13:01:16,43.707,-69.32,0,261.3,29,GO LIBERTY,IMO9555761,WDK6648,70,3,46,12,3.3,70,A
368076650,2021-04-12T13:02:25,43.70702,-69.31999,0.1,358.3,30,GO LIBERTY,IMO9555761,WDK6648,70,3,46,12,3.3,70,A
368076650,2021-04-12T13:03:35,43.70759,-69.31971,3,17,24,GO LIBERTY,IMO9555761,WDK6648,70,3,46,12,3.3,70,A
368076650,2021-04-12T13:04:56,43.70898,-69.31943,4.1,0.4,5,GO LIBERTY,IMO9555761,WDK6648,70,3,46,12,3.3,70,A
368076650,2021-04-12T13:06:05,43.71036,-69.31983,4.5,341.2,347,GO LIBERTY,IMO9555761,WDK6648,70,3,46,12,3.3,70,A
368076650,2021-04-12T13:07:16,43.71171,-69.3207,4.6,331.9,340,GO LIBERTY,IMO9555761,WDK6648,70,3,46,12,3.3,70,A
368076650,2021-04-12T14:14:06,43.71917,-69.32063,3.5,48.6,53,GO LIBERTY,IMO9555761,WDK6648,70,3,46,12,3.3,70,A
368076650,2021-04-12T14:15:16,43.71989,-69.31941,3.5,52.3,58,GO LIBERTY,IMO9555761,WDK6648,70,3,46,12,3.3,70,A
368076650,2021-04-12T14:16:26,43.72044,-69.31836,2.1,56.8,61,GO LIBERTY,IMO9555761,WDK6648,70,3,46,12,3.3,70,A
368076650,2021-04-12T14:17:36,43.7207,-69.31786,1,54.6,62,GO LIBERTY,IMO9555761,WDK6648,70,3,46,12,3.3,70,A
368076650,2021-04-12T14:18:46,43.72082,-69.31764,0.4,51.7,63,GO LIBERTY,IMO9555761,WDK6648,70,3,46,12,3.3,70,A
368076650,2021-04-12T14:19:55,43.72085,-69.31755,0.2,127.2,73,GO LIBERTY,IMO9555761,WDK6648,70,3,46,12,3.3,70,A
368076650,2021-04-12T14:21:05,43.72079,-69.31754,0.1,342.9,76,GO LIBERTY,IMO9555761,WDK6648,70,3,46,12,3.3,70,A
368076650,2021-04-12T14:22:15,43.72077,-69.31753,0.1,154.7,83,GO LIBERTY,IMO9555761,WDK6648,70,3,46,12,3.3,70,A
368076650,2021-04-12T14:23:26,43.72075,-69.31751,0.1,191,87,GO LIBERTY,IMO9555761,WDK6648,70,3,46,12,3.3,70,A
368076650,2021-04-12T14:24:35,43.72077,-69.3175,0,348.1,94,GO LIBERTY,IMO9555761,WDK6648,70,3,46,12,3.3,70,A
368076650,2021-04-12T14:25:36,43.72077,-69.31753,0.1,252.8,98,GO LIBERTY,IMO9555761,WDK6648,70,3,46,12,3.3,70,A
368076650,2021-04-12T14:26:46,43.72076,-69.31756,0.1,224.8,99,GO LIBERTY,IMO9555761,WDK6648,70,3,46,12,3.3,70,A
368076650,2021-04-12T14:27:55,43.72075,-69.31749,0.6,99.3,98,GO LIBERTY,IMO9555761,WDK6648,70,3,46,12,3.3,70,A
368076650,2021-04-12T14:29:06,43.72073,-69.31729,0.4,84.8,96,GO LIBERTY,IMO9555761,WDK6648,70,3,46,12,3.3,70,A
368076650,2021-04-12T14:30:16,43.72078,-69.31707,0.5,59.1,84,GO LIBERTY,IMO9555761,WDK6648,70,3,46,12,3.3,70,A
368076650,2021-04-12T14:31:26,43.72081,-69.31688,0.4,91.2,71,GO LIBERTY,IMO9555761,WDK6648,70,3,46,12,3.3,70,A
368076650,2021-04-12T14:32:36,43.72075,-69.31671,0.4,99.2,79,GO LIBERTY,IMO9555761,WDK6648,70,3,46,12,3.3,70,A
368076650,2021-04-12T14:33:46,43.72082,-69.31683,0.6,283.7,68,GO LIBERTY,IMO9555761,WDK6648,70,3,46,12,3.3,70,A
368076650,2021-04-12T14:34:55,43.72083,-69.31691,0.1,346.8,65,GO LIBERTY,IMO9555761,WDK6648,70,3,46,12,3.3,70,A
368076650,2021-04-12T14:36:06,43.72081,-69.31686,0,130.2,68,GO LIBERTY,IMO9555761,WDK6648,70,3,46,12,3.3,70,A
368076650,2021-04-12T14:37:16,43.72081,-69.31683,0.1,28.3,65,GO LIBERTY,IMO9555761,WDK6648,70,3,46,12,3.3,70,A
368076650,2021-04-12T14:38:25,43.72081,-69.31683,0.1,284.1,66,GO LIBERTY,IMO9555761,WDK6648,70,3,46,12,3.3,70,A
368076650,2021-04-12T14:39:37,43.7208,-69.31681,0.1,184.9,66,GO LIBERTY,IMO9555761,WDK6648,70,3,46,12,3.3,70,A
368076650,2021-04-12T14:40:55,43.7208,-69.31682,0.1,113.6,66,GO LIBERTY,IMO9555761,WDK6648,70,3,46,12,3.3,70,A
368076650,2021-04-12T14:42:06,43.72082,-69.3168,0.1,193.6,67,GO LIBERTY,IMO9555761,WDK6648,70,3,46,12,3.3,70,A
368076650,2021-04-12T14:43:16,43.72083,-69.31682,0,65.7,66,GO LIBERTY,IMO9555761,WDK6648,70,3,46,12,3.3,70,A
368076650,2021-04-12T14:44:27,43.72085,-69.31677,0.4,29.5,65,GO LIBERTY,IMO9555761,WDK6648,70,3,46,12,3.3,70,A
368076650,2021-04-12T14:45:36,43.72085,-69.31674,0,349.4,69,GO LIBERTY,IMO9555761,WDK6648,70,3,46,12,3.3,70,A
368076650,2021-04-12T14:46:47,43.72085,-69.31674,0,60.4,66,GO LIBERTY,IMO9555761,WDK6648,70,3,46,12,3.3,70,A
368076650,2021-04-12T14:47:56,43.72084,-69.31674,0.1,282.2,66,GO LIBERTY,IMO9555761,WDK6648,70,3,46,12,3.3,70,A
368076650,2021-04-12T14:49:06,43.72083,-69.31676,0,345.1,66,GO LIBERTY,IMO9555761,WDK6648,70,3,46,12,3.3,70,A
368076650,2021-04-12T14:50:16,43.72083,-69.31675,0,337,66,GO LIBERTY,IMO9555761,WDK6648,70,3,46,12,3.3,70,A
368076650,2021-04-12T14:51:35,43.72082,-69.31679,0,256.5,66,GO LIBERTY,IMO9555761,WDK6648,70,3,46,12,3.3,70,A
368076650,2021-04-12T14:52:47,43.72081,-69.31678,0.1,253.1,67,GO LIBERTY,IMO9555761,WDK6648,70,3,46,12,3.3,70,A
368076650,2021-04-12T14:53:57,43.72082,-69.31678,0,330.4,66,GO LIBERTY,IMO9555761,WDK6648,70,3,46,12,3.3,70,A
368076650,2021-04-12T14:55:06,43.72082,-69.31679,0,205.7,66,GO LIBERTY,IMO9555761,WDK6648,70,3,46,12,3.3,70,A
368076650,2021-04-12T14:56:15,43.72082,-69.31678,0.2,333.4,65,GO LIBERTY,IMO9555761,WDK6648,70,3,46,12,3.3,70,A
368076650,2021-04-12T14:57:36,43.72081,-69.31678,0.2,349.4,65,GO LIBERTY,IMO9555761,WDK6648,70,3,46,12,3.3,70,A
368076650,2021-04-12T14:58:45,43.72086,-69.31668,0,222.3,66,GO LIBERTY,IMO9555761,WDK6648,70,3,46,12,3.3,70,A
368076650,2021-04-12T14:59:57,43.72087,-69.31662,0.4,66.2,66,GO LIBERTY,IMO9555761,WDK6648,70,3,46,12,3.3,70,A
368076650,2021-04-12T15:00:06,43.72088,-69.31659,0.4,71.4,66,GO LIBERTY,IMO9555761,WDK6648,70,3,46,12,3.3,70,A
368076650,2021-04-12T15:01:26,43.72092,-69.31646,0.2,37.7,66,GO LIBERTY,IMO9555761,WDK6648,70,3,46,12,3.3,70,A
368076650,2021-04-12T15:02:35,43.72094,-69.31642,0.1,56.3,66,GO LIBERTY,IMO9555761,WDK6648,70,3,46,12,3.3,70,A
368076650,2021-04-12T15:03:46,43.72099,-69.31628,0.3,73.6,67,GO LIBERTY,IMO9555761,WDK6648,70,3,46,12,3.3,70,A
368076650,2021-04-12T15:04:56,43.721,-69.31619,0.3,47.5,67,GO LIBERTY,IMO9555761,WDK6648,70,3,46,12,3.3,70,A
368076650,2021-04-12T15:06:06,43.72099,-69.31618,0.1,298.1,67,GO LIBERTY,IMO9555761,WDK6648,70,3,46,12,3.3,70,A
368076650,2021-04-12T15:07:17,43.72099,-69.31618,0,190.2,67,GO LIBERTY,IMO9555761,WDK6648,70,3,46,12,3.3,70,A
368076650,2021-04-12T15:08:36,43.72098,-69.31618,0.1,283.2,65,GO LIBERTY,IMO9555761,WDK6648,70,3,46,12,3.3,70,A
368076650,2021-04-12T15:09:46,43.72098,-69.31616,0.1,147.3,67,GO LIBERTY,IMO9555761,WDK6648,70,3,46,12,3.3,70,A
368076650,2021-04-12T15:10:56,43.72098,-69.31615,0.1,315.4,66,GO LIBERTY,IMO9555761,WDK6648,70,3,46,12,3.3,70,A
368076650,2021-04-12T15:12:05,43.72095,-69.31623,0.6,254.8,67,GO LIBERTY,IMO9555761,WDK6648,70,3,46,12,3.3,70,A
368076650,2021-04-12T15:13:16,43.72093,-69.31631,0.2,254.2,64,GO LIBERTY,IMO9555761,WDK6648,70,3,46,12,3.3,70,A
368076650,2021-04-12T15:14:26,43.7209,-69.31628,0.1,125.1,68,GO LIBERTY,IMO9555761,WDK6648,70,3,46,12,3.3,70,A
368076650,2021-04-12T15:15:35,43.72092,-69.31631,0,47.5,65,GO LIBERTY,IMO9555761,WDK6648,70,3,46,12,3.3,70,A
368076650,2021-04-12T15:16:45,43.72091,-69.31627,0.1,359.1,67,GO LIBERTY,IMO9555761,WDK6648,70,3,46,12,3.3,70,A
368076650,2021-04-12T15:17:55,43.72091,-69.31629,0.2,207.8,66,GO LIBERTY,IMO9555761,WDK6648,70,3,46,12,3.3,70,A
368076650,2021-04-12T15:19:05,43.72092,-69.31627,0.1,322.9,67,GO LIBERTY,IMO9555761,WDK6648,70,3,46,12,3.3,70,A
368076650,2021-04-12T15:20:16,43.72091,-69.31628,0.2,285.8,66,GO LIBERTY,IMO9555761,WDK6648,70,3,46,12,3.3,70,A
368076650,2021-04-12T15:21:25,43.72092,-69.31627,0.1,120.8,67,GO LIBERTY,IMO9555761,WDK6648,70,3,46,12,3.3,70,A
368076650,2021-04-12T15:22:26,43.72093,-69.31627,0.1,228,67,GO LIBERTY,IMO9555761,WDK6648,70,3,46,12,3.3,70,A
368076650,2021-04-12T15:23:36,43.72094,-69.3163,0.1,148.2,65,GO LIBERTY,IMO9555761,WDK6648,70,3,46,12,3.3,70,A
368076650,2021-04-12T15:24:46,43.72094,-69.31628,0.1,54,66,GO LIBERTY,IMO9555761,WDK6648,70,3,46,12,3.3,70,A
368076650,2021-04-12T15:25:57,43.72097,-69.31631,0.1,289.5,66,GO LIBERTY,IMO9555761,WDK6648,70,3,46,12,3.3,70,A
368076650,2021-04-12T15:27:06,43.72099,-69.31633,0.1,263.1,66,GO LIBERTY,IMO9555761,WDK6648,70,3,46,12,3.3,70,A
368076650,2021-04-12T15:28:15,43.72099,-69.31631,0,148.6,66,GO LIBERTY,IMO9555761,WDK6648,70,3,46,12,3.3,70,A
368076650,2021-04-12T15:29:25,43.72098,-69.31633,0.1,70.7,66,GO LIBERTY,IMO9555761,WDK6648,70,3,46,12,3.3,70,A
368076650,2021-04-12T15:30:36,43.72099,-69.31634,0.1,81.3,66,GO LIBERTY,IMO9555761,WDK6648,70,3,46,12,3.3,70,A
368076650,2021-04-12T15:31:45,43.72098,-69.31633,0.1,85.3,67,GO LIBERTY,IMO9555761,WDK6648,70,3,46,12,3.3,70,A
368076650,2021-04-12T15:32:55,43.72098,-69.31632,0.1,69.9,66,GO LIBERTY,IMO9555761,WDK6648,70,3,46,12,3.3,70,A
368076650,2021-04-12T15:33:56,43.72098,-69.31633,0.1,89.8,67,GO LIBERTY,IMO9555761,WDK6648,70,3,46,12,3.3,70,A
368076650,2021-04-12T15:35:06,43.72097,-69.31633,0.1,243,65,GO LIBERTY,IMO9555761,WDK6648,70,3,46,12,3.3,70,A
368076650,2021-04-12T15:36:17,43.72096,-69.31631,0,280,69,GO LIBERTY,IMO9555761,WDK6648,70,3,46,12,3.3,70,A
368076650,2021-04-12T15:37:25,43.72098,-69.31636,0.2,148.8,65,GO LIBERTY,IMO9555761,WDK6648,70,3,46,12,3.3,70,A
368076650,2021-04-12T15:38:36,43.72097,-69.31633,0.1,126.2,67,GO LIBERTY,IMO9555761,WDK6648,70,3,46,12,3.3,70,A
368076650,2021-04-12T15:39:45,43.72097,-69.31632,0.1,345.9,66,GO LIBERTY,IMO9555761,WDK6648,70,3,46,12,3.3,70,A
368076650,2021-04-12T15:40:55,43.72094,-69.31628,0.1,206.8,67,GO LIBERTY,IMO9555761,WDK6648,70,3,46,12,3.3,70,A
368076650,2021-04-12T15:42:06,43.72098,-69.31631,0.2,273.2,65,GO LIBERTY,IMO9555761,WDK6648,70,3,46,12,3.3,70,A
368076650,2021-04-12T15:43:15,43.72096,-69.3163,0.2,105.6,69,GO LIBERTY,IMO9555761,WDK6648,70,3,46,12,3.3,70,A
368076650,2021-04-12T15:44:26,43.72099,-69.31636,0.1,201.9,65,GO LIBERTY,IMO9555761,WDK6648,70,3,46,12,3.3,70,A
368076650,2021-04-12T15:45:35,43.72096,-69.31631,0.1,129.1,68,GO LIBERTY,IMO9555761,WDK6648,70,3,46,12,3.3,70,A
368076650,2021-04-12T15:46:45,43.72097,-69.31634,0.3,130.8,67,GO LIBERTY,IMO9555761,WDK6648,70,3,46,12,3.3,70,A
368076650,2021-04-12T15:47:47,43.72098,-69.31635,0.1,331.7,68,GO LIBERTY,IMO9555761,WDK6648,70,3,46,12,3.3,70,A
368076650,2021-04-12T15:48:55,43.72099,-69.31634,0.1,196.4,66,GO LIBERTY,IMO9555761,WDK6648,70,3,46,12,3.3,70,A
368076650,2021-04-12T15:49:57,43.72097,-69.31633,0,276.2,68,GO LIBERTY,IMO9555761,WDK6648,70,3,46,12,3.3,70,A
368076650,2021-04-12T15:51:05,43.72097,-69.31634,0.1,253.5,65,GO LIBERTY,IMO9555761,WDK6648,70,3,46,12,3.3,70,A
368076650,2021-04-12T15:52:16,43.72098,-69.31635,0.2,313.5,65,GO LIBERTY,IMO9555761,WDK6648,70,3,46,12,3.3,70,A
368076650,2021-04-12T15:53:35,43.72099,-69.31635,0.2,259,65,GO LIBERTY,IMO9555761,WDK6648,70,3,46,12,3.3,70,A
368076650,2021-04-12T15:54:46,43.72098,-69.31629,0.2,260.5,65,GO LIBERTY,IMO9555761,WDK6648,70,3,46,12,3.3,70,A
368076650,2021-04-12T15:55:57,43.72096,-69.31631,0.1,253.6,66,GO LIBERTY,IMO9555761,WDK6648,70,3,46,12,3.3,70,A
368076650,2021-04-12T15:57:06,43.72096,-69.31636,0.1,198.3,66,GO LIBERTY,IMO9555761,WDK6648,70,3,46,12,3.3,70,A
368076650,2021-04-12T15:58:15,43.72099,-69.31627,0.1,70.6,68,GO LIBERTY,IMO9555761,WDK6648,70,3,46,12,3.3,70,A
368076650,2021-04-12T15:59:26,43.72095,-69.31631,0.1,148,67,GO LIBERTY,IMO9555761,WDK6648,70,3,46,12,3.3,70,A
368076650,2021-04-12T16:00:07,43.72096,-69.31631,0.1,36.9,66,GO LIBERTY,IMO9555761,WDK6648,70,3,46,12,3.3,70,A
368076650,2021-04-12T16:01:15,43.72097,-69.3163,0,223.5,66,GO LIBERTY,IMO9555761,WDK6648,70,3,46,12,3.3,70,A
368076650,2021-04-12T16:02:26,43.72096,-69.31629,0.1,302.3,65,GO LIBERTY,IMO9555761,WDK6648,70,3,46,12,3.3,70,A
368076650,2021-04-12T16:03:36,43.72096,-69.31634,0.1,300.4,66,GO LIBERTY,IMO9555761,WDK6648,70,3,46,12,3.3,70,A
368076650,2021-04-12T16:04:46,43.72093,-69.31631,0.4,94.8,68,GO LIBERTY,IMO9555761,WDK6648,70,3,46,12,3.3,70,A
368076650,2021-04-12T16:05:57,43.72098,-69.31622,0.1,195.9,67,GO LIBERTY,IMO9555761,WDK6648,70,3,46,12,3.3,70,A
368076650,2021-04-12T16:07:05,43.721,-69.31623,0.1,166.7,65,GO LIBERTY,IMO9555761,WDK6648,70,3,46,12,3.3,70,A
368076650,2021-04-12T16:08:16,43.72097,-69.3162,0.3,100.6,70,GO LIBERTY,IMO9555761,WDK6648,70,3,46,12,3.3,70,A
368076650,2021-04-12T16:09:25,43.72101,-69.31621,0.1,171.7,65,GO LIBERTY,IMO9555761,WDK6648,70,3,46,12,3.3,70,A
368076650,2021-04-12T16:10:35,43.72101,-69.3162,0.1,252.9,66,GO LIBERTY,IMO9555761,WDK6648,70,3,46,12,3.3,70,A
368076650,2021-04-12T16:11:45,43.72103,-69.3162,0.1,45.3,68,GO LIBERTY,IMO9555761,WDK6648,70,3,46,12,3.3,70,A
368076650,2021-04-12T16:12:57,43.72105,-69.31613,0,278.7,65,GO LIBERTY,IMO9555761,WDK6648,70,3,46,12,3.3,70,A
368076650,2021-04-12T16:14:06,43.72106,-69.31609,0.3,17.2,66,GO LIBERTY,IMO9555761,WDK6648,70,3,46,12,3.3,70,A
368076650,2021-04-12T16:15:16,43.72105,-69.31609,0.1,163.5,66,GO LIBERTY,IMO9555761,WDK6648,70,3,46,12,3.3,70,A
368076650,2021-04-12T16:16:25,43.72104,-69.31606,0.1,275.4,66,GO LIBERTY,IMO9555761,WDK6648,70,3,46,12,3.3,70,A
368076650,2021-04-12T16:17:35,43.72104,-69.31599,0.4,81.6,68,GO LIBERTY,IMO9555761,WDK6648,70,3,46,12,3.3,70,A
368076650,2021-04-12T16:18:45,43.72106,-69.31599,0.1,64.6,66,GO LIBERTY,IMO9555761,WDK6648,70,3,46,12,3.3,70,A
368076650,2021-04-12T16:19:55,43.72104,-69.31594,0.2,274.7,66,GO LIBERTY,IMO9555761,WDK6648,70,3,46,12,3.3,70,A
368076650,2021-04-12T16:20:56,43.72106,-69.31593,0,101.4,67,GO LIBERTY,IMO9555761,WDK6648,70,3,46,12,3.3,70,A
368076650,2021-04-12T16:22:07,43.72108,-69.31594,0.3,22.6,64,GO LIBERTY,IMO9555761,WDK6648,70,3,46,12,3.3,70,A
368076650,2021-04-12T16:23:16,43.72112,-69.31594,0.1,169.2,66,GO LIBERTY,IMO9555761,WDK6648,70,3,46,12,3.3,70,A
368076650,2021-04-12T16:24:26,43.72113,-69.31584,0.1,21.2,67,GO LIBERTY,IMO9555761,WDK6648,70,3,46,12,3.3,70,A
368076650,2021-04-12T16:25:36,43.7211,-69.31585,0.1,148.9,66,GO LIBERTY,IMO9555761,WDK6648,70,3,46,12,3.3,70,A
368076650,2021-04-12T16:26:47,43.72109,-69.31593,0.1,314.4,65,GO LIBERTY,IMO9555761,WDK6648,70,3,46,12,3.3,70,A
368076650,2021-04-12T16:27:56,43.7211,-69.31576,0.1,30,68,GO LIBERTY,IMO9555761,WDK6648,70,3,46,12,3.3,70,A
368076650,2021-04-12T16:29:06,43.72108,-69.31585,0.1,190.6,66,GO LIBERTY,IMO9555761,WDK6648,70,3,46,12,3.3,70,A
368076650,2021-04-12T16:30:15,43.72111,-69.31586,0.2,269.2,65,GO LIBERTY,IMO9555761,WDK6648,70,3,46,12,3.3,70,A
368076650,2021-04-12T16:31:25,43.7211,-69.31584,0,229.1,68,GO LIBERTY,IMO9555761,WDK6648,70,3,46,12,3.3,70,A
368076650,2021-04-12T16:32:36,43.7211,-69.31584,0.1,255.7,65,GO LIBERTY,IMO9555761,WDK6648,70,3,46,12,3.3,70,A
368076650,2021-04-12T16:33:47,43.7211,-69.31592,0.2,257.5,68,GO LIBERTY,IMO9555761,WDK6648,70,3,46,12,3.3,70,A
368076650,2021-04-12T16:35:05,43.7211,-69.31579,0.2,53.6,68,GO LIBERTY,IMO9555761,WDK6648,70,3,46,12,3.3,70,A
368076650,2021-04-12T16:36:16,43.7211,-69.31583,0.2,276.3,64,GO LIBERTY,IMO9555761,WDK6648,70,3,46,12,3.3,70,A
368076650,2021-04-12T16:37:25,43.7211,-69.31585,0.4,297.2,66,GO LIBERTY,IMO9555761,WDK6648,70,3,46,12,3.3,70,A
368076650,2021-04-12T16:38:36,43.72108,-69.31582,0.2,7.7,68,GO LIBERTY,IMO9555761,WDK6648,70,3,46,12,3.3,70,A
368076650,2021-04-12T16:39:45,43.72107,-69.31589,0,176.1,68,GO LIBERTY,IMO9555761,WDK6648,70,3,46,12,3.3,70,A
368076650,2021-04-12T16:40:55,43.72106,-69.31586,0.2,172.5,67,GO LIBERTY,IMO9555761,WDK6648,70,3,46,12,3.3,70,A
368076650,2021-04-12T16:42:16,43.7211,-69.31588,0.1,136.9,64,GO LIBERTY,IMO9555761,WDK6648,70,3,46,12,3.3,70,A
368076650,2021-04-12T16:43:25,43.72108,-69.31583,0.2,277.7,68,GO LIBERTY,IMO9555761,WDK6648,70,3,46,12,3.3,70,A
368076650,2021-04-12T16:44:36,43.7211,-69.31589,0.2,84.3,65,GO LIBERTY,IMO9555761,WDK6648,70,3,46,12,3.3,70,A
368076650,2021-04-12T16:45:45,43.72107,-69.31586,0.1,260.8,68,GO LIBERTY,IMO9555761,WDK6648,70,3,46,12,3.3,70,A
368076650,2021-04-12T16:46:46,43.72133,-69.31573,2.1,44.1,59,GO LIBERTY,IMO9555761,WDK6648,70,3,46,12,3.3,70,A
368076650,2021-04-12T16:47:49,43.72094,-69.31515,3.4,195,193,GO LIBERTY,IMO9555761,WDK6648,70,3,46,12,3.3,70,A
368076650,2021-04-12T16:48:52,43.72022,-69.31641,4,243.8,243,GO LIBERTY,IMO9555761,WDK6648,70,3,46,12,3.3,70,A
368076650,2021-04-12T16:49:56,43.71978,-69.31808,4.4,255.1,258,GO LIBERTY,IMO9555761,WDK6648,70,3,46,12,3.3,70,A
368076650,2021-04-12T16:51:16,43.71973,-69.32041,4.7,271,273,GO LIBERTY,IMO9555761,WDK6648,70,3,46,12,3.3,70,A
338329165,2021-08-14T17:58:27,43.72028,-69.2718,9.4,257.7,511,HEADQUARTERS,,,37,5,21,6,1.2,37,A
338329165,2021-08-14T17:59:38,43.71961,-69.27595,9.4,259,511,HEADQUARTERS,,,37,5,21,6,1.2,37,A
338329165,2021-08-14T18:00:08,43.71938,-69.27778,9.5,260,511,HEADQUARTERS,,,37,5,21,6,1.2,37,A
338329165,2021-08-14T18:01:17,43.71888,-69.2818,9.3,258.1,511,HEADQUARTERS,,,37,5,21,6,1.2,37,A
338329165,2021-08-14T18:02:27,43.71824,-69.28598,9.8,259.8,511,HEADQUARTERS,,,37,5,21,6,1.2,37,A
338329165,2021-08-14T18:03:38,43.71769,-69.29017,9.4,259.7,511,HEADQUARTERS,,,37,5,21,6,1.2,37,A
338329165,2021-08-14T18:11:37,43.71437,-69.31881,9.7,257.3,511,HEADQUARTERS,,,37,5,21,6,1.2,37,A
338329165,2021-08-14T18:04:47,43.71734,-69.29433,9.4,266.3,511,HEADQUARTERS,,,37,5,21,6,1.2,37,A
338329165,2021-08-14T18:05:59,43.71703,-69.29866,9.4,260.5,511,HEADQUARTERS,,,37,5,21,6,1.2,37,A
338329165,2021-08-14T18:07:09,43.71648,-69.30281,9.3,257.6,511,HEADQUARTERS,,,37,5,21,6,1.2,37,A
338329165,2021-08-14T18:08:17,43.7159,-69.30681,9.5,260.7,511,HEADQUARTERS,,,37,5,21,6,1.2,37,A
338329165,2021-08-14T18:09:18,43.7155,-69.31046,9.7,261.3,511,HEADQUARTERS,,,37,5,21,6,1.2,37,A
338329165,2021-08-14T18:10:27,43.715,-69.31462,9.8,260.8,511,HEADQUARTERS,,,37,5,21,6,1.2,37,A
368076650,2021-03-17T16:45:50,43.71011,-69.32028,3.6,43.5,36,GO LIBERTY,IMO9555761,WDK6648,70,3,46,12,10.6,70,A
368076650,2021-03-17T16:46:52,43.71114,-69.32032,3.9,334.9,327,GO LIBERTY,IMO9555761,WDK6648,70,3,46,12,10.6,70,A
368076650,2021-03-18T16:42:52,43.71303,-69.32088,4.3,145.1,152,GO LIBERTY,IMO9555761,WDK6648,70,3,46,12,10.6,70,A
368076650,2021-03-18T16:44:11,43.71178,-69.31975,4,148.2,154,GO LIBERTY,IMO9555761,WDK6648,70,3,46,12,10.6,70,A
368076650,2021-03-18T16:45:22,43.71065,-69.31897,3.9,157.3,164,GO LIBERTY,IMO9555761,WDK6648,70,3,46,12,10.6,70,A
368076650,2021-03-18T16:46:25,43.70965,-69.31817,4.1,144.5,151,GO LIBERTY,IMO9555761,WDK6648,70,3,46,12,10.6,70,A
368076650,2021-03-18T16:47:33,43.70858,-69.31731,4,149.8,155,GO LIBERTY,IMO9555761,WDK6648,70,3,46,12,10.6,70,A
368076650,2021-03-18T16:48:42,43.70742,-69.3165,4.1,158.3,165,GO LIBERTY,IMO9555761,WDK6648,70,3,46,12,10.6,70,A
368076650,2021-03-18T16:49:47,43.70632,-69.31624,3.3,179.6,192,GO LIBERTY,IMO9555761,WDK6648,70,3,46,12,10.6,70,A
368076650,2021-03-18T17:33:13,43.70993,-69.32065,3,94.8,106,GO LIBERTY,IMO9555761,WDK6648,70,3,46,12,10.6,70,A
368076650,2021-03-18T17:34:22,43.7094,-69.31954,3.2,130.8,135,GO LIBERTY,IMO9555761,WDK6648,70,3,46,12,10.6,70,A
368076650,2021-03-18T17:35:25,43.7087,-69.3189,2.7,163.5,176,GO LIBERTY,IMO9555761,WDK6648,70,3,46,12,10.6,70,A
368076650,2021-03-18T17:36:26,43.70788,-69.31885,3,186.8,193,GO LIBERTY,IMO9555761,WDK6648,70,3,46,12,10.6,70,A
368076650,2021-03-18T17:37:28,43.70702,-69.31931,3.3,207.8,209,GO LIBERTY,IMO9555761,WDK6648,70,3,46,12,10.6,70,A
368076650,2021-03-18T18:13:36,43.70655,-69.31991,3.7,12.4,14,GO LIBERTY,IMO9555761,WDK6648,70,3,46,12,10.6,70,A
368076650,2021-03-18T18:14:41,43.70769,-69.31964,3.8,9,9,GO LIBERTY,IMO9555761,WDK6648,70,3,46,12,10.6,70,A
368076650,2021-03-18T18:15:42,43.70873,-69.31928,3.8,11.1,6,GO LIBERTY,IMO9555761,WDK6648,70,3,46,12,10.6,70,A
368076650,2021-03-18T18:16:52,43.70994,-69.31914,3.8,0.2,355,GO LIBERTY,IMO9555761,WDK6648,70,3,46,12,10.6,70,A
368076650,2021-03-18T18:18:03,43.71116,-69.3195,3.7,339.7,333,GO LIBERTY,IMO9555761,WDK6648,70,3,46,12,10.6,70,A
368076650,2021-03-18T18:19:13,43.7121,-69.32036,3.6,321.8,317,GO LIBERTY,IMO9555761,WDK6648,70,3,46,12,10.6,70,A
368076650,2021-03-18T19:20:02,43.71252,-69.32068,2.4,146.7,155,GO LIBERTY,IMO9555761,WDK6648,70,3,46,12,10.6,70,A
368076650,2021-03-18T19:21:13,43.71179,-69.32013,2.6,151,156,GO LIBERTY,IMO9555761,WDK6648,70,3,46,12,10.6,70,A
368076650,2021-03-18T19:23:53,43.71003,-69.3196,3.1,174.6,177,GO LIBERTY,IMO9555761,WDK6648,70,3,46,12,10.6,70,A
368076650,2021-03-18T19:25:01,43.70898,-69.31959,3.3,185.4,188,GO LIBERTY,IMO9555761,WDK6648,70,3,46,12,10.6,70,A
368076650,2021-03-18T19:26:13,43.70787,-69.31978,3.5,188.9,191,GO LIBERTY,IMO9555761,WDK6648,70,3,46,12,10.6,70,A
368076650,2021-03-18T19:27:33,43.70654,-69.32009,3.6,189.7,191,GO LIBERTY,IMO9555761,WDK6648,70,3,46,12,10.6,70,A
368076650,2021-03-18T20:16:56,43.70673,-69.31995,3.5,354.7,1,GO LIBERTY,IMO9555761,WDK6648,70,3,46,12,10.6,70,A
368076650,2021-03-18T20:18:03,43.70784,-69.31989,3.6,356.8,352,GO LIBERTY,IMO9555761,WDK6648,70,3,46,12,10.6,70,A
368076650,2021-03-18T20:19:13,43.70898,-69.32028,3.7,347.5,348,GO LIBERTY,IMO9555761,WDK6648,70,3,46,12,10.6,70,A
368076650,2021-03-18T20:20:21,43.71017,-69.32037,3.8,358.2,357,GO LIBERTY,IMO9555761,WDK6648,70,3,46,12,10.6,70,A
368076650,2021-03-18T20:21:23,43.71122,-69.32013,3.8,23.9,29,GO LIBERTY,IMO9555761,WDK6648,70,3,46,12,10.6,70,A
368076650,2021-03-18T20:22:26,43.71169,-69.31883,3.6,91,102,GO LIBERTY,IMO9555761,WDK6648,70,3,46,12,10.6,70,A
368076650,2021-03-18T20:23:29,43.71098,-69.318,3.4,166,175,GO LIBERTY,IMO9555761,WDK6648,70,3,46,12,10.6,70,A
368076650,2021-03-18T20:24:32,43.70996,-69.31837,3.5,211.5,217,GO LIBERTY,IMO9555761,WDK6648,70,3,46,12,10.6,70,A
368076650,2021-03-18T20:25:43,43.70892,-69.31937,4,216.8,218,GO LIBERTY,IMO9555761,WDK6648,70,3,46,12,10.6,70,A
368076650,2021-03-18T20:26:53,43.70797,-69.3205,3.7,220.1,219,GO LIBERTY,IMO9555761,WDK6648,70,3,46,12,10.6,70,A
368076650,2021-03-18T21:09:12,43.70638,-69.31678,3.6,311.1,306,GO LIBERTY,IMO9555761,WDK6648,70,3,46,12,10.6,70,A
368076650,2021-03-18T21:10:16,43.70711,-69.31777,3.5,323.7,324,GO LIBERTY,IMO9555761,WDK6648,70,3,46,12,10.6,70,A
368076650,2021-03-18T21:11:23,43.7081,-69.31846,3.7,336.4,336,GO LIBERTY,IMO9555761,WDK6648,70,3,46,12,10.6,70,A
368076650,2021-03-18T21:12:33,43.70918,-69.31914,3.7,333.1,330,GO LIBERTY,IMO9555761,WDK6648,70,3,46,12,10.6,70,A
368076650,2021-03-18T21:13:53,43.71037,-69.32006,3.7,332.2,332,GO LIBERTY,IMO9555761,WDK6648,70,3,46,12,10.6,70,A
368076650,2021-03-18T21:15:03,43.71148,-69.32073,3.7,338.4,338,GO LIBERTY,IMO9555761,WDK6648,70,3,46,12,10.6,70,A
368076650,2021-03-18T23:57:12,43.7125,-69.3209,4,153.9,153,GO LIBERTY,IMO9555761,WDK6648,70,3,46,12,10.6,70,A
368076650,2021-03-18T23:58:21,43.71134,-69.32013,4,153.4,153,GO LIBERTY,IMO9555761,WDK6648,70,3,46,12,10.6,70,A
368076650,2021-03-18T23:59:22,43.71035,-69.31948,4,154.1,152,GO LIBERTY,IMO9555761,WDK6648,70,3,46,12,10.6,70,A
368076650,2021-03-19T00:00:02,43.70969,-69.31901,3.9,152.5,153,GO LIBERTY,IMO9555761,WDK6648,70,3,46,12,10.6,70,A
368076650,2021-03-19T00:01:13,43.70852,-69.31824,3.9,156.7,157,GO LIBERTY,IMO9555761,WDK6648,70,3,46,12,10.6,70,A
368076650,2021-03-19T00:02:22,43.70738,-69.31756,3.9,157.8,158,GO LIBERTY,IMO9555761,WDK6648,70,3,46,12,10.6,70,A
368076650,2021-03-19T00:03:31,43.70621,-69.31687,3.9,156.7,156,GO LIBERTY,IMO9555761,WDK6648,70,3,46,12,10.6,70,A
368076650,2021-03-19T00:23:22,43.70655,-69.3166,2.9,343.8,331,GO LIBERTY,IMO9555761,WDK6648,70,3,46,12,10.6,70,A
368076650,2021-03-19T00:24:29,43.70737,-69.31746,3.6,316.2,313,GO LIBERTY,IMO9555761,WDK6648,70,3,46,12,10.6,70,A
368076650,2021-03-19T00:25:32,43.70818,-69.31853,4,320.1,322,GO LIBERTY,IMO9555761,WDK6648,70,3,46,12,10.6,70,A
368076650,2021-03-19T00:26:42,43.70932,-69.31951,4,332.9,333,GO LIBERTY,IMO9555761,WDK6648,70,3,46,12,10.6,70,A
368076650,2021-03-19T00:27:52,43.7105,-69.32026,4,335.4,335,GO LIBERTY,IMO9555761,WDK6648,70,3,46,12,10.6,70,A
368076650,2021-03-19T00:29:03,43.7117,-69.32101,4,333.7,333,GO LIBERTY,IMO9555761,WDK6648,70,3,46,12,10.6,70,A
367784460,2021-08-27T12:54:40,43.72515,-69.27357,12.9,27.5,511,T/T PURA VIDA,,WDJ5116,,,,,,,B
367784460,2021-08-27T12:50:04,43.71049,-69.28263,12.1,28.8,511,T/T PURA VIDA,,WDJ5116,,,,,,,B
367784460,2021-08-27T12:51:36,43.71523,-69.27928,12.3,28,511,T/T PURA VIDA,,WDJ5116,,,,,,,B
367784460,2021-08-27T12:53:36,43.72185,-69.27602,13,23.3,511,T/T PURA VIDA,,WDJ5116,,,,,,,B
368197450,2021-08-01T22:23:16,43.71757,-69.27447,10.6,209.2,207,NEREUS,,WDM3462,37,0,32,8,2,37,A
368197450,2021-08-01T22:24:20,43.71489,-69.27646,10.5,208.7,204,NEREUS,,WDM3462,37,0,32,8,2,37,A
368197450,2021-08-01T22:25:23,43.71215,-69.27835,10.8,207.9,204,NEREUS,,WDM3462,37,0,32,8,2,37,A
368197450,2021-08-01T22:26:26,43.7094,-69.28027,10.3,207.3,203,NEREUS,,WDM3462,37,0,32,8,2,37,A
368197450,2021-08-01T22:27:29,43.70665,-69.28219,10.5,206.1,203,NEREUS,,WDM3462,37,0,32,8,2,37,A
368197450,2021-08-01T22:22:13,43.72035,-69.27265,10.3,203,202,NEREUS,,WDM3462,37,0,32,8,2,37,A
367519650,2021-09-03T17:17:44,43.73878,-69.27187,6.7,209.6,217,REBEKAH MAY,,WDG2823,37,,11,,,,B
367519650,2021-09-03T17:18:45,43.73713,-69.27288,6.4,205.9,223,REBEKAH MAY,,WDG2823,37,,11,,,,B
367519650,2021-09-03T17:20:15,43.7347,-69.27442,5.7,200.9,223,REBEKAH MAY,,WDG2823,37,,11,,,,B
367519650,2021-09-03T17:21:44,43.73224,-69.27591,6.7,204.2,221,REBEKAH MAY,,WDG2823,37,,11,,,,B
367519650,2021-09-03T17:22:47,43.73057,-69.27695,6.7,206.9,222,REBEKAH MAY,,WDG2823,37,,11,,,,B
367519650,2021-09-03T17:24:15,43.72818,-69.27839,6.2,202,222,REBEKAH MAY,,WDG2823,37,,11,,,,B
367519650,2021-09-03T17:25:45,43.72577,-69.27998,6.3,207.5,222,REBEKAH MAY,,WDG2823,37,,11,,,,B
367519650,2021-09-03T17:27:14,43.72338,-69.28146,6.5,203.1,219,REBEKAH MAY,,WDG2823,37,,11,,,,B
367519650,2021-09-03T17:28:16,43.72175,-69.28247,6.2,206.7,221,REBEKAH MAY,,WDG2823,37,,11,,,,B
367519650,2021-09-03T17:29:44,43.71946,-69.28387,6.3,203.5,222,REBEKAH MAY,,WDG2823,37,,11,,,,B
367519650,2021-09-03T17:30:45,43.71784,-69.28486,6.4,207.6,222,REBEKAH MAY,,WDG2823,37,,11,,,,B
367519650,2021-09-03T17:32:14,43.71547,-69.28631,6.2,206,222,REBEKAH MAY,,WDG2823,37,,11,,,,B
367519650,2021-09-03T17:33:16,43.71387,-69.28727,6.2,206.4,220,REBEKAH MAY,,WDG2823,37,,11,,,,B
367519650,2021-09-03T17:34:45,43.71157,-69.2887,6.2,206.5,219,REBEKAH MAY,,WDG2823,37,,11,,,,B
367519650,2021-09-03T17:36:15,43.70924,-69.29019,6.4,205.6,222,REBEKAH MAY,,WDG2823,37,,11,,,,B
367519650,2021-09-03T17:37:45,43.70684,-69.29155,6,203.5,223,REBEKAH MAY,,WDG2823,37,,11,,,,B
368076650,2021-04-02T21:53:47,43.71458,-69.32076,4.6,147,150,GO LIBERTY,IMO9555761,WDK6648,70,0,46,12,3.3,70,A
368076650,2021-04-02T21:54:48,43.71353,-69.31979,4.6,145.5,147,GO LIBERTY,IMO9555761,WDK6648,70,0,46,12,3.3,70,A
368076650,2021-04-02T21:55:51,43.71231,-69.31902,4.5,165.1,174,GO LIBERTY,IMO9555761,WDK6648,70,0,46,12,3.3,70,A
368076650,2021-04-02T21:56:55,43.71093,-69.31895,4.8,186.9,196,GO LIBERTY,IMO9555761,WDK6648,70,0,46,12,3.3,70,A
368076650,2021-04-02T21:57:57,43.70986,-69.31991,4.4,231.2,239,GO LIBERTY,IMO9555761,WDK6648,70,0,46,12,3.3,70,A
368076650,2021-04-02T23:42:08,43.71222,-69.32057,4.3,154.1,157,GO LIBERTY,IMO9555761,WDK6648,70,0,46,12,3.3,70,A
368076650,2021-04-02T23:43:11,43.7111,-69.32013,3.5,185.6,203,GO LIBERTY,IMO9555761,WDK6648,70,0,46,12,3.3,70,A
368076650,2021-04-02T23:44:15,43.71062,-69.32097,2.9,267.3,279,GO LIBERTY,IMO9555761,WDK6648,70,0,46,12,3.3,70,A
368076650,2021-03-23T16:24:53,43.7109,-69.31999,2.9,339.7,337,GO LIBERTY,IMO9555761,WDK6648,70,3,46,12,3.7,30,A
368076650,2021-03-23T16:26:03,43.71174,-69.32053,2.9,331.1,326,GO LIBERTY,IMO9555761,WDK6648,70,3,46,12,3.7,30,A
368076650,2021-03-23T21:14:02,43.716,-69.3203,4,147.5,145,GO LIBERTY,IMO9555761,WDK6648,70,3,46,12,3.7,30,A
368076650,2021-03-23T21:15:12,43.71503,-69.31909,4,133.3,134,GO LIBERTY,IMO9555761,WDK6648,70,3,46,12,3.7,30,A
368076650,2021-03-23T21:16:16,43.71409,-69.31816,3.9,156.8,162,GO LIBERTY,IMO9555761,WDK6648,70,3,46,12,3.7,30,A
368076650,2021-03-23T21:17:18,43.71299,-69.31783,3.8,175.5,179,GO LIBERTY,IMO9555761,WDK6648,70,3,46,12,3.7,30,A
368076650,2021-03-23T21:18:23,43.71183,-69.31776,4,172.9,171,GO LIBERTY,IMO9555761,WDK6648,70,3,46,12,3.7,30,A
368076650,2021-03-23T21:19:33,43.71068,-69.31713,3.8,155.1,156,GO LIBERTY,IMO9555761,WDK6648,70,3,46,12,3.7,30,A
368076650,2021-03-23T21:20:42,43.70953,-69.31636,4,153.4,154,GO LIBERTY,IMO9555761,WDK6648,70,3,46,12,3.7,30,A
368076650,2021-03-23T21:21:53,43.70834,-69.31557,4.1,154.4,155,GO LIBERTY,IMO9555761,WDK6648,70,3,46,12,3.7,30,A
368076650,2021-03-23T21:23:02,43.70715,-69.31477,4.2,153.5,152,GO LIBERTY,IMO9555761,WDK6648,70,3,46,12,3.7,30,A
368076650,2021-03-23T21:36:43,43.70691,-69.31818,4.2,344.9,345,GO LIBERTY,IMO9555761,WDK6648,70,3,46,12,3.7,30,A
368076650,2021-03-23T21:37:53,43.70813,-69.31885,4,334.7,334,GO LIBERTY,IMO9555761,WDK6648,70,3,46,12,3.7,30,A
368076650,2021-03-23T21:39:03,43.70932,-69.31967,4,330.6,329,GO LIBERTY,IMO9555761,WDK6648,70,3,46,12,3.7,30,A
368076650,2021-03-23T21:40:13,43.71043,-69.32051,4,333.6,334,GO LIBERTY,IMO9555761,WDK6648,70,3,46,12,3.7,30,A
368076650,2021-03-23T23:41:52,43.71579,-69.3206,3.8,154.9,152,GO LIBERTY,IMO9555761,WDK6648,70,3,46,12,3.7,30,A
368076650,2021-03-23T23:43:02,43.71467,-69.3199,3.9,156.1,154,GO LIBERTY,IMO9555761,WDK6648,70,3,46,12,3.7,30,A
368076650,2021-03-23T23:44:22,43.7133,-69.31908,3.9,157,154,GO LIBERTY,IMO9555761,WDK6648,70,3,46,12,3.7,30,A
368076650,2021-03-23T23:45:33,43.71216,-69.31836,4,154.3,150,GO LIBERTY,IMO9555761,WDK6648,70,3,46,12,3.7,30,A
368076650,2021-03-23T23:46:52,43.71086,-69.31749,3.9,154,150,GO LIBERTY,IMO9555761,WDK6648,70,3,46,12,3.7,30,A
368076650,2021-03-23T23:48:02,43.70971,-69.31672,4,153.6,151,GO LIBERTY,IMO9555761,WDK6648,70,3,46,12,3.7,30,A
368076650,2021-03-23T23:49:33,43.7082,-69.31565,4,152.4,150,GO LIBERTY,IMO9555761,WDK6648,70,3,46,12,3.7,30,A
368076650,2021-03-23T23:50:41,43.70708,-69.31487,3.9,158.2,157,GO LIBERTY,IMO9555761,WDK6648,70,3,46,12,3.7,30,A
368076650,2021-03-23T23:59:12,43.70677,-69.3188,4.4,346.1,348,GO LIBERTY,IMO9555761,WDK6648,70,3,46,12,3.7,30,A
368076650,2021-03-24T00:00:03,43.7077,-69.31914,3.9,342.5,341,GO LIBERTY,IMO9555761,WDK6648,70,3,46,12,3.7,30,A
368076650,2021-03-24T00:01:13,43.70868,-69.31983,3.2,329.3,330,GO LIBERTY,IMO9555761,WDK6648,70,3,46,12,3.7,30,A
368076650,2021-03-24T00:02:23,43.70956,-69.32049,3,332.8,336,GO LIBERTY,IMO9555761,WDK6648,70,3,46,12,3.7,30,A
368076650,2021-03-24T02:09:22,43.71504,-69.32056,3.7,153.3,149,GO LIBERTY,IMO9555761,WDK6648,70,3,46,12,3.7,30,A
368076650,2021-03-24T02:10:33,43.71392,-69.3198,3.8,155.9,152,GO LIBERTY,IMO9555761,WDK6648,70,3,46,12,3.7,30,A
368076650,2021-03-24T02:11:43,43.71284,-69.31911,3.7,152.8,147,GO LIBERTY,IMO9555761,WDK6648,70,3,46,12,3.7,30,A
368076650,2021-03-24T02:12:53,43.71182,-69.31834,3.7,151.7,149,GO LIBERTY,IMO9555761,WDK6648,70,3,46,12,3.7,30,A
368076650,2021-03-24T02:14:13,43.71061,-69.31741,3.7,152,148,GO LIBERTY,IMO9555761,WDK6648,70,3,46,12,3.7,30,A
368076650,2021-03-24T02:15:22,43.70956,-69.31664,3.7,151.7,148,GO LIBERTY,IMO9555761,WDK6648,70,3,46,12,3.7,30,A
368076650,2021-03-24T02:16:32,43.70853,-69.31585,3.6,151.5,148,GO LIBERTY,IMO9555761,WDK6648,70,3,46,12,3.7,30,A
368076650,2021-03-24T02:17:43,43.70749,-69.31509,3.6,153.6,152,GO LIBERTY,IMO9555761,WDK6648,70,3,46,12,3.7,30,A
368076650,2021-03-24T02:18:53,43.70642,-69.31444,3.6,160.6,158,GO LIBERTY,IMO9555761,WDK6648,70,3,46,12,3.7,30,A
368076650,2021-03-24T02:27:16,43.70695,-69.31819,3.3,324.2,312,GO LIBERTY,IMO9555761,WDK6648,70,3,46,12,3.7,30,A
368076650,2021-03-24T02:28:32,43.70757,-69.31933,2.7,308.9,315,GO LIBERTY,IMO9555761,WDK6648,70,3,46,12,3.7,30,A
368076650,2021-03-24T02:29:42,43.7081,-69.31994,2.1,328.6,336,GO LIBERTY,IMO9555761,WDK6648,70,3,46,12,3.7,30,A
368076650,2021-03-24T02:30:52,43.70879,-69.32047,2.3,330.4,334,GO LIBERTY,IMO9555761,WDK6648,70,3,46,12,3.7,30,A
368076650,2021-03-24T02:32:02,43.70948,-69.3209,2.3,337.3,343,GO LIBERTY,IMO9555761,WDK6648,70,3,46,12,3.7,30,A
368076650,2021-03-24T03:34:42,43.71637,-69.32089,4.5,154.1,153,GO LIBERTY,IMO9555761,WDK6648,70,3,46,12,3.7,30,A
368076650,2021-03-24T03:35:52,43.71503,-69.32,4.6,154,153,GO LIBERTY,IMO9555761,WDK6648,70,3,46,12,3.7,30,A
368076650,2021-03-24T03:37:02,43.71369,-69.31909,4.6,153.6,153,GO LIBERTY,IMO9555761,WDK6648,70,3,46,12,3.7,30,A
368076650,2021-03-24T03:38:13,43.71233,-69.31819,4.6,154.3,153,GO LIBERTY,IMO9555761,WDK6648,70,3,46,12,3.7,30,A
368076650,2021-03-24T03:39:22,43.71101,-69.31733,4.6,154.7,153,GO LIBERTY,IMO9555761,WDK6648,70,3,46,12,3.7,30,A
368076650,2021-03-24T03:40:32,43.70974,-69.31647,4.3,154.8,153,GO LIBERTY,IMO9555761,WDK6648,70,3,46,12,3.7,30,A
368076650,2021-03-24T03:41:43,43.70846,-69.31556,4.4,150.2,149,GO LIBERTY,IMO9555761,WDK6648,70,3,46,12,3.7,30,A
368076650,2021-03-24T03:42:53,43.70717,-69.31462,4.4,156.9,157,GO LIBERTY,IMO9555761,WDK6648,70,3,46,12,3.7,30,A
368076650,2021-03-24T06:01:07,43.71129,-69.32073,3.4,156.6,149,GO LIBERTY,IMO9555761,WDK6648,70,3,46,12,3.7,30,A
368076650,2021-03-24T06:02:10,43.71066,-69.31978,3.4,121.9,117,GO LIBERTY,IMO9555761,WDK6648,70,3,46,12,3.7,30,A
368076650,2021-03-24T06:03:22,43.71001,-69.31845,3.7,133.3,137,GO LIBERTY,IMO9555761,WDK6648,70,3,46,12,3.7,30,A
368076650,2021-03-24T06:04:32,43.70926,-69.31726,3.5,128.7,128,GO LIBERTY,IMO9555761,WDK6648,70,3,46,12,3.7,30,A
368076650,2021-03-24T06:05:43,43.70853,-69.31594,3.7,128.9,129,GO LIBERTY,IMO9555761,WDK6648,70,3,46,12,3.7,30,A
368076650,2021-03-24T06:06:52,43.70763,-69.31486,3.6,145.7,148,GO LIBERTY,IMO9555761,WDK6648,70,3,46,12,3.7,30,A
368076650,2021-03-24T06:07:53,43.70681,-69.31403,3.6,145.4,147,GO LIBERTY,IMO9555761,WDK6648,70,3,46,12,3.7,30,A
368076650,2021-03-24T06:16:22,43.70644,-69.31827,3.7,3.8,6,GO LIBERTY,IMO9555761,WDK6648,70,3,46,12,3.7,30,A
368076650,2021-03-24T06:17:26,43.70753,-69.31846,3.8,342.2,336,GO LIBERTY,IMO9555761,WDK6648,70,3,46,12,3.7,30,A
368076650,2021-03-24T06:18:32,43.70857,-69.31921,3.9,325.6,320,GO LIBERTY,IMO9555761,WDK6648,70,3,46,12,3.7,30,A
368076650,2021-03-24T06:19:33,43.70929,-69.32034,4,307.8,304,GO LIBERTY,IMO9555761,WDK6648,70,3,46,12,3.7,30,A
368076650,2021-03-24T08:32:12,43.71405,-69.32077,3.3,151.8,150,GO LIBERTY,IMO9555761,WDK6648,70,3,46,12,3.7,30,A
368076650,2021-03-24T08:33:22,43.71303,-69.32021,3.3,160.7,159,GO LIBERTY,IMO9555761,WDK6648,70,3,46,12,3.7,30,A
368076650,2021-03-24T08:34:32,43.71196,-69.31971,3.5,160,157,GO LIBERTY,IMO9555761,WDK6648,70,3,46,12,3.7,30,A
368076650,2021-03-24T08:35:43,43.71094,-69.31913,3.2,158.1,156,GO LIBERTY,IMO9555761,WDK6648,70,3,46,12,3.7,30,A
368076650,2021-03-24T08:36:52,43.71001,-69.31862,3.1,156.7,155,GO LIBERTY,IMO9555761,WDK6648,70,3,46,12,3.7,30,A
368076650,2021-03-24T08:38:03,43.70902,-69.31799,3.3,155.2,153,GO LIBERTY,IMO9555761,WDK6648,70,3,46,12,3.7,30,A
368076650,2021-03-24T08:39:11,43.70807,-69.31733,3.3,148.2,145,GO LIBERTY,IMO9555761,WDK6648,70,3,46,12,3.7,30,A
368076650,2021-03-24T08:40:22,43.70719,-69.31642,3.3,144.3,146,GO LIBERTY,IMO9555761,WDK6648,70,3,46,12,3.7,30,A
368076650,2021-03-24T08:41:32,43.70623,-69.31578,3.5,156.8,155,GO LIBERTY,IMO9555761,WDK6648,70,3,46,12,3.7,30,A
368076650,2021-03-24T11:19:12,43.71316,-69.32064,3.4,156.7,155,GO LIBERTY,IMO9555761,WDK6648,70,3,46,12,3.7,30,A
368076650,2021-03-24T11:20:22,43.71217,-69.3201,3.4,156.8,155,GO LIBERTY,IMO9555761,WDK6648,70,3,46,12,3.7,30,A
368076650,2021-03-24T11:21:33,43.71116,-69.31951,3.4,156.4,155,GO LIBERTY,IMO9555761,WDK6648,70,3,46,12,3.7,30,A
368076650,2021-03-24T11:22:42,43.71018,-69.31896,3.3,156.4,155,GO LIBERTY,IMO9555761,WDK6648,70,3,46,12,3.7,30,A
368076650,2021-03-24T11:23:53,43.70916,-69.31837,3.3,157.2,155,GO LIBERTY,IMO9555761,WDK6648,70,3,46,12,3.7,30,A
368076650,2021-03-24T11:25:02,43.70817,-69.31777,3.4,158.4,155,GO LIBERTY,IMO9555761,WDK6648,70,3,46,12,3.7,30,A
368076650,2021-03-24T11:26:12,43.70717,-69.31717,3.4,156.8,154,GO LIBERTY,IMO9555761,WDK6648,70,3,46,12,3.7,30,A
368076650,2021-03-24T13:57:23,43.71611,-69.32076,3.5,143.9,143,GO LIBERTY,IMO9555761,WDK6648,70,3,46,12,3.7,30,A
368076650,2021-03-24T13:58:32,43.71521,-69.31984,3.4,143.2,144,GO LIBERTY,IMO9555761,WDK6648,70,3,46,12,3.7,30,A
368076650,2021-03-24T13:59:43,43.71424,-69.31897,3.5,146.4,146,GO LIBERTY,IMO9555761,WDK6648,70,3,46,12,3.7,30,A
368076650,2021-03-24T14:00:03,43.71396,-69.31872,3.5,147.5,147,GO LIBERTY,IMO9555761,WDK6648,70,3,46,12,3.7,30,A
368076650,2021-03-24T14:01:12,43.71299,-69.31784,3.6,147.7,147,GO LIBERTY,IMO9555761,WDK6648,70,3,46,12,3.7,30,A
368076650,2021-03-24T14:02:23,43.71205,-69.31699,3.5,147.6,148,GO LIBERTY,IMO9555761,WDK6648,70,3,46,12,3.7,30,A
368076650,2021-03-24T14:03:32,43.7111,-69.31619,3.4,149.8,152,GO LIBERTY,IMO9555761,WDK6648,70,3,46,12,3.7,30,A
368076650,2021-03-24T14:04:43,43.71006,-69.31563,3.3,164.5,166,GO LIBERTY,IMO9555761,WDK6648,70,3,46,12,3.7,30,A
368076650,2021-03-24T14:05:52,43.70897,-69.31551,3.5,184.1,185,GO LIBERTY,IMO9555761,WDK6648,70,3,46,12,3.7,30,A
368076650,2021-03-24T14:07:02,43.70786,-69.31558,3.6,180.8,178,GO LIBERTY,IMO9555761,WDK6648,70,3,46,12,3.7,30,A
368076650,2021-03-24T14:08:13,43.70668,-69.31561,3.6,183.8,183,GO LIBERTY,IMO9555761,WDK6648,70,3,46,12,3.7,30,A
368076650,2021-03-24T15:10:23,43.71611,-69.32075,3.7,140.2,141,GO LIBERTY,IMO9555761,WDK6648,70,3,46,12,3.7,30,A
368076650,2021-03-24T15:11:33,43.71523,-69.31969,3.7,138.5,141,GO LIBERTY,IMO9555761,WDK6648,70,3,46,12,3.7,30,A
368076650,2021-03-24T15:12:42,43.71435,-69.3186,3.6,138.5,140,GO LIBERTY,IMO9555761,WDK6648,70,3,46,12,3.7,30,A
368076650,2021-03-24T15:13:53,43.71343,-69.31747,3.8,137.5,141,GO LIBERTY,IMO9555761,WDK6648,70,3,46,12,3.7,30,A
368076650,2021-03-24T15:15:02,43.71247,-69.31648,3.7,144.9,147,GO LIBERTY,IMO9555761,WDK6648,70,3,46,12,3.7,30,A
368076650,2021-03-24T15:16:13,43.71147,-69.31552,3.7,145.8,147,GO LIBERTY,IMO9555761,WDK6648,70,3,46,12,3.7,30,A
368076650,2021-03-24T15:17:23,43.71047,-69.3146,3.8,145.7,147,GO LIBERTY,IMO9555761,WDK6648,70,3,46,12,3.7,30,A
368076650,2021-03-24T15:18:25,43.70959,-69.31394,3.5,161.2,170,GO LIBERTY,IMO9555761,WDK6648,70,3,46,12,3.7,30,A
368076650,2021-03-24T15:19:26,43.70865,-69.31407,3.4,196.9,203,GO LIBERTY,IMO9555761,WDK6648,70,3,46,12,3.7,30,A
368076650,2021-03-24T15:20:29,43.70799,-69.315,3.1,248.8,260,GO LIBERTY,IMO9555761,WDK6648,70,3,46,12,3.7,30,A
368076650,2021-03-24T15:21:33,43.70797,-69.31635,3.5,274.6,277,GO LIBERTY,IMO9555761,WDK6648,70,3,46,12,3.7,30,A
368076650,2021-03-24T15:22:43,43.70821,-69.31798,3.9,283.8,282,GO LIBERTY,IMO9555761,WDK6648,70,3,46,12,3.7,30,A
368076650,2021-03-24T15:23:45,43.70862,-69.31939,3.7,302.8,309,GO LIBERTY,IMO9555761,WDK6648,70,3,46,12,3.7,30,A
368076650,2021-03-24T15:24:53,43.70923,-69.32077,3.9,301.8,303,GO LIBERTY,IMO9555761,WDK6648,70,3,46,12,3.7,30,A
368076650,2021-03-24T15:42:23,43.71836,-69.32057,3.8,145,148,GO LIBERTY,IMO9555761,WDK6648,70,3,46,12,3.7,30,A
368076650,2021-03-24T15:43:25,43.7174,-69.31994,3.7,164.8,171,GO LIBERTY,IMO9555761,WDK6648,70,3,46,12,3.7,30,A
368076650,2021-03-24T15:44:33,43.71627,-69.31979,3.6,177,178,GO LIBERTY,IMO9555761,WDK6648,70,3,46,12,3.7,30,A
368076650,2021-03-24T15:45:53,43.7149,-69.31961,3.6,172.3,170,GO LIBERTY,IMO9555761,WDK6648,70,3,46,12,3.7,30,A
368076650,2021-03-24T15:47:03,43.71369,-69.31933,3.8,170.4,170,GO LIBERTY,IMO9555761,WDK6648,70,3,46,12,3.7,30,A
368076650,2021-03-24T15:48:13,43.71247,-69.31902,3.8,170.3,170,GO LIBERTY,IMO9555761,WDK6648,70,3,46,12,3.7,30,A
368076650,2021-03-24T15:49:16,43.71142,-69.31897,3.5,194.5,202,GO LIBERTY,IMO9555761,WDK6648,70,3,46,12,3.7,30,A
368076650,2021-03-24T15:50:20,43.71071,-69.31985,3.4,239.3,245,GO LIBERTY,IMO9555761,WDK6648,70,3,46,12,3.7,30,A
368076650,2021-03-24T22:31:31,43.73268,-69.32018,3.3,72.1,78,GO LIBERTY,IMO9555761,WDK6648,70,3,46,12,3.7,30,A
368076650,2021-03-24T22:32:43,43.73262,-69.31876,3.2,100.3,102,GO LIBERTY,IMO9555761,WDK6648,70,3,46,12,3.7,30,A
368076650,2021-03-24T22:33:53,43.73244,-69.31727,3.4,99.1,100,GO LIBERTY,IMO9555761,WDK6648,70,3,46,12,3.7,30,A
368076650,2021-03-24T22:35:10,43.73221,-69.31558,3.5,107.8,113,GO LIBERTY,IMO9555761,WDK6648,70,3,46,12,3.7,30,A
368076650,2021-03-24T22:36:13,43.7316,-69.3147,3,154,159,GO LIBERTY,IMO9555761,WDK6648,70,3,46,12,3.7,30,A
368076650,2021-03-24T22:37:16,43.73068,-69.31454,3.3,183.6,184,GO LIBERTY,IMO9555761,WDK6648,70,3,46,12,3.7,30,A
368076650,2021-03-24T22:38:22,43.72971,-69.31497,3.1,207.4,204,GO LIBERTY,IMO9555761,WDK6648,70,3,46,12,3.7,30,A
368076650,2021-03-24T22:39:26,43.72913,-69.31585,2.9,240.1,237,GO LIBERTY,IMO9555761,WDK6648,70,3,46,12,3.7,30,A
368076650,2021-03-24T22:40:32,43.72876,-69.31699,2.9,246.5,242,GO LIBERTY,IMO9555761,WDK6648,70,3,46,12,3.7,30,A
368076650,2021-03-24T22:41:33,43.72842,-69.31804,3,245.6,241,GO LIBERTY,IMO9555761,WDK6648,70,3,46,12,3.7,30,A
368076650,2021-03-24T22:42:43,43.72804,-69.31925,3,245.8,241,GO LIBERTY,IMO9555761,WDK6648,70,3,46,12,3.7,30,A
368076650,2021-03-24T22:43:52,43.72763,-69.32042,3,243.5,241,GO LIBERTY,IMO9555761,WDK6648,70,3,46,12,3.7,30,A
368076650,2021-03-24T23:39:03,43.72282,-69.32023,2.6,66.9,72,GO LIBERTY,IMO9555761,WDK6648,70,3,46,12,3.7,30,A
368076650,2021-03-24T23:40:13,43.72312,-69.31919,2.5,68.1,72,GO LIBERTY,IMO9555761,WDK6648,70,3,46,12,3.7,30,A
368076650,2021-03-24T23:41:23,43.72343,-69.31823,2.4,65.6,68,GO LIBERTY,IMO9555761,WDK6648,70,3,46,12,3.7,30,A
368076650,2021-03-24T23:42:33,43.72377,-69.31725,2.4,62.6,69,GO LIBERTY,IMO9555761,WDK6648,70,3,46,12,3.7,30,A
368076650,2021-03-24T23:43:51,43.72416,-69.31612,2.5,66.4,73,GO LIBERTY,IMO9555761,WDK6648,70,3,46,12,3.7,30,A
368076650,2021-03-24T23:44:58,43.72442,-69.31512,2.8,78.8,87,GO LIBERTY,IMO9555761,WDK6648,70,3,46,12,3.7,30,A
368076650,2021-03-24T23:46:00,43.72417,-69.31402,3.1,120.6,127,GO LIBERTY,IMO9555761,WDK6648,70,3,46,12,3.7,30,A
368076650,2021-03-24T23:47:03,43.72344,-69.31313,3.4,148.6,149,GO LIBERTY,IMO9555761,WDK6648,70,3,46,12,3.7,30,A
368076650,2021-03-24T23:48:15,43.72228,-69.31296,3.5,190.1,188,GO LIBERTY,IMO9555761,WDK6648,70,3,46,12,3.7,30,A
368076650,2021-03-24T23:49:17,43.72125,-69.31349,3.9,209.3,207,GO LIBERTY,IMO9555761,WDK6648,70,3,46,12,3.7,30,A
368076650,2021-03-24T23:50:19,43.72042,-69.31448,3.6,231.6,230,GO LIBERTY,IMO9555761,WDK6648,70,3,46,12,3.7,30,A
368076650,2021-03-24T23:51:23,43.72,-69.31567,3.2,252.2,251,GO LIBERTY,IMO9555761,WDK6648,70,3,46,12,3.7,30,A
368076650,2021-03-24T23:52:33,43.7199,-69.31704,3.1,268.9,267,GO LIBERTY,IMO9555761,WDK6648,70,3,46,12,3.7,30,A
368076650,2021-03-24T23:53:43,43.7199,-69.31843,3,268.9,266,GO LIBERTY,IMO9555761,WDK6648,70,3,46,12,3.7,30,A
368076650,2021-03-24T23:54:53,43.7199,-69.31963,2.7,269.4,267,GO LIBERTY,IMO9555761,WDK6648,70,3,46,12,3.7,30,A
368076650,2021-03-24T23:56:02,43.72006,-69.3209,2.9,285.6,286,GO LIBERTY,IMO9555761,WDK6648,70,3,46,12,3.7,30,A
368076650,2021-03-25T11:06:59,43.70763,-69.32088,2.4,148.5,148,GO LIBERTY,IMO9555761,WDK6648,70,3,46,12,3.7,30,A
368076650,2021-03-25T11:08:02,43.70689,-69.32068,3,176.9,174,GO LIBERTY,IMO9555761,WDK6648,70,3,46,12,3.7,30,A
368076650,2021-03-25T11:23:13,43.7073,-69.32086,4.1,345.7,346,GO LIBERTY,IMO9555761,WDK6648,70,3,46,12,3.7,30,A
368076650,2021-03-25T13:35:13,43.70705,-69.32098,3.7,175.4,171,GO LIBERTY,IMO9555761,WDK6648,70,3,46,12,3.7,30,A
368076650,2021-03-25T13:50:13,43.70624,-69.3207,3.7,356.5,1,GO LIBERTY,IMO9555761,WDK6648,70,3,46,12,3.7,30,A
368076650,2021-03-25T13:51:21,43.70743,-69.32093,3.8,347.5,351,GO LIBERTY,IMO9555761,WDK6648,70,3,46,12,3.7,30,A
367591110,2021-08-30T12:50:38,43.7315,-69.30021,6.9,27.7,511,DISTANT STAR,,WDG9786,37,,16,4,,,B
367591110,2021-08-30T12:45:36,43.72341,-69.30589,6.4,26.5,511,DISTANT STAR,,WDG9786,37,,16,4,,,B
367591110,2021-08-30T12:47:06,43.72587,-69.30417,7.3,27.7,511,DISTANT STAR,,WDG9786,37,,16,4,,,B
367591110,2021-08-30T12:48:36,43.72826,-69.30249,6.1,23.2,511,DISTANT STAR,,WDG9786,37,,16,4,,,B
367591110,2021-08-30T12:52:07,43.73384,-69.29851,6.4,27.3,511,DISTANT STAR,,WDG9786,37,,16,4,,,B
367591110,2021-08-30T12:53:36,43.73629,-69.29689,6.1,27.9,511,DISTANT STAR,,WDG9786,37,,16,4,,,B
367591110,2021-08-30T12:54:37,43.73781,-69.29563,6.1,31.7,511,DISTANT STAR,,WDG9786,37,,16,4,,,B
367591110,2021-08-30T12:56:06,43.74014,-69.29399,6,24.3,511,DISTANT STAR,,WDG9786,37,,16,4,,,B
367591110,2021-08-30T12:57:07,43.7418,-69.29299,6.3,25.1,511,DISTANT STAR,,WDG9786,37,,16,4,,,B
367591110,2021-08-30T12:35:37,43.70701,-69.31685,5.6,44,511,DISTANT STAR,,WDG9786,37,,16,4,,,B
367591110,2021-08-30T12:37:38,43.71026,-69.31443,6.5,25.9,511,DISTANT STAR,,WDG9786,37,,16,4,,,B
367591110,2021-08-30T12:39:06,43.71272,-69.31295,6,25.1,511,DISTANT STAR,,WDG9786,37,,16,4,,,B
367591110,2021-08-30T12:40:09,43.71442,-69.31181,6.2,26.4,511,DISTANT STAR,,WDG9786,37,,16,4,,,B
367591110,2021-08-30T12:41:36,43.7168,-69.31033,6.9,19.1,511,DISTANT STAR,,WDG9786,37,,16,4,,,B
367591110,2021-08-30T12:43:07,43.71933,-69.30875,6.7,27.1,511,DISTANT STAR,,WDG9786,37,,16,4,,,B
319290000,2021-05-29T23:11:18,43.74151,-69.29318,9.1,215.8,511,ANGEL,,ZCTY4,37,0,,,,36,A
319290000,2021-05-29T23:12:23,43.73917,-69.29515,9.5,209,208,ANGEL,,ZCTY4,37,,,,,36,B
319290000,2021-05-29T23:13:25,43.73698,-69.29698,10.3,209.4,209,ANGEL,,ZCTY4,37,,,,,36,B
319290000,2021-05-29T23:14:26,43.73472,-69.29895,10.3,210.3,208,ANGEL,,ZCTY4,37,,,,,36,B
319290000,2021-05-29T23:15:27,43.73253,-69.30093,9.5,215.8,210,ANGEL,,ZCTY4,37,,,,,36,B
319290000,2021-05-29T23:16:28,43.73035,-69.30283,10.3,203.9,205,ANGEL,,ZCTY4,37,,,,,36,B
319290000,2021-05-29T23:17:29,43.72815,-69.30483,9.5,223.7,511,ANGEL,,ZCTY4,37,0,,,,36,A
319290000,2021-05-29T23:18:31,43.72583,-69.30675,9.5,213.1,210,ANGEL,,ZCTY4,37,,,,,36,B
319290000,2021-05-29T23:19:39,43.72336,-69.30885,9.6,201.6,511,ANGEL,,ZCTY4,37,0,,,,36,A
319290000,2021-05-29T23:20:49,43.7208,-69.31115,10,239.7,511,ANGEL,,ZCTY4,37,0,,,,36,A
319290000,2021-05-29T23:21:50,43.71868,-69.31307,9.2,214.1,511,ANGEL,,ZCTY4,37,0,,,,36,A
319290000,2021-05-29T23:22:59,43.71617,-69.31524,8.8,198.4,511,ANGEL,,ZCTY4,37,0,,,,36,A
319290000,2021-05-29T23:24:06,43.71372,-69.31747,10.3,214.7,208,ANGEL,,ZCTY4,37,,,,,36,B
319290000,2021-05-29T23:25:08,43.71145,-69.31938,9.5,215.9,211,ANGEL,,ZCTY4,37,,,,,36,B
319240000,2021-08-03T08:31:40,43.70891,-69.28001,7.6,9.1,511,SELENE,,ZCXY5,37,,,,,,B
319240000,2021-08-03T08:33:12,43.71203,-69.27927,7.5,10.5,511,SELENE,,ZCXY5,37,,,,,,B
319240000,2021-08-03T08:34:40,43.71499,-69.2785,7.6,7.7,511,SELENE,,ZCXY5,37,,,,,,B
319240000,2021-08-03T08:36:10,43.71804,-69.27776,7.5,10.5,511,SELENE,,ZCXY5,37,,,,,,B
319240000,2021-08-03T08:37:40,43.72108,-69.27697,7.5,10.2,511,SELENE,,ZCXY5,37,,,,,,B
319240000,2021-08-03T08:39:12,43.72418,-69.27612,7.9,8.1,511,SELENE,,ZCXY5,37,,,,,,B
319240000,2021-08-03T08:40:40,43.72717,-69.27535,7.1,10.7,511,SELENE,,ZCXY5,37,,,,,,B
319240000,2021-08-03T08:42:42,43.73137,-69.27428,8.7,7.7,511,SELENE,,ZCXY5,37,,,,,,B
319240000,2021-08-03T08:45:12,43.73658,-69.27296,7.7,10.8,511,SELENE,,ZCXY5,37,,,,,,B
319240000,2021-08-03T08:46:42,43.73967,-69.27223,7.8,1.9,511,SELENE,,ZCXY5,37,,,,,,B
367519280,2021-05-06T21:43:54,43.71737,-69.32052,8.1,80.8,511,OCEAN ENDEAVOR,IMO8851481,WDG2788,31,0,18,6,,31,A
367519280,2021-05-06T21:45:05,43.71762,-69.3168,8,84.6,511,OCEAN ENDEAVOR,IMO8851481,WDG2788,31,0,18,6,,31,A
367519280,2021-05-06T21:46:16,43.71779,-69.31315,8.2,81.3,511,OCEAN ENDEAVOR,IMO8851481,WDG2788,31,0,18,6,,31,A
367519280,2021-05-06T21:47:25,43.71814,-69.30959,8.1,80.6,511,OCEAN ENDEAVOR,IMO8851481,WDG2788,31,0,18,6,,31,A
367519280,2021-05-06T21:48:34,43.71851,-69.30604,7.6,83.7,511,OCEAN ENDEAVOR,IMO8851481,WDG2788,31,0,18,6,,31,A
367519280,2021-05-06T21:49:45,43.71879,-69.30235,8.1,78.8,511,OCEAN ENDEAVOR,IMO8851481,WDG2788,31,0,18,6,,31,A
367519280,2021-05-06T21:50:54,43.71917,-69.29874,8.1,85,511,OCEAN ENDEAVOR,IMO8851481,WDG2788,31,0,18,6,,31,A
367519280,2021-05-06T21:52:05,43.71949,-69.29503,8.5,86.5,511,OCEAN ENDEAVOR,IMO8851481,WDG2788,31,0,18,6,,31,A
367519280,2021-05-06T21:53:16,43.71986,-69.29145,7.7,76.7,511,OCEAN ENDEAVOR,IMO8851481,WDG2788,31,0,18,6,,31,A
367519280,2021-05-06T21:54:25,43.72026,-69.28785,8.2,82,511,OCEAN ENDEAVOR,IMO8851481,WDG2788,31,0,18,6,,31,A
367519280,2021-05-06T21:55:35,43.72072,-69.28429,8.4,78,511,OCEAN ENDEAVOR,IMO8851481,WDG2788,31,0,18,6,,31,A
367519280,2021-05-06T21:56:45,43.72113,-69.28067,8.1,83,511,OCEAN ENDEAVOR,IMO8851481,WDG2788,31,0,18,6,,31,A
367519280,2021-05-06T21:58:04,43.72166,-69.27662,8.1,79.3,511,OCEAN ENDEAVOR,IMO8851481,WDG2788,31,0,18,6,,31,A
367519280,2021-05-06T21:59:16,43.72216,-69.27291,8.2,80.4,511,OCEAN ENDEAVOR,IMO8851481,WDG2788,31,0,18,6,,31,A
366997250,2021-06-06T10:13:01,43.70892,-69.29898,7,28.6,511,OSPREY,,WDI9640,37,,16,4,,,B
366997250,2021-06-06T10:14:30,43.71175,-69.29717,7.5,22.8,511,OSPREY,,WDI9640,37,,16,4,,,B
366997250,2021-06-06T10:15:31,43.71366,-69.29596,6.7,26.8,511,OSPREY,,WDI9640,37,,16,4,,,B
366997250,2021-06-06T10:17:01,43.71648,-69.29413,7.7,22.3,511,OSPREY,,WDI9640,37,,16,4,,,B
366997250,2021-06-06T10:18:31,43.71924,-69.29223,8.3,27.1,511,OSPREY,,WDI9640,37,,16,4,,,B
366997250,2021-06-06T10:19:32,43.72119,-69.291,7.6,22.6,511,OSPREY,,WDI9640,37,,16,4,,,B
366997250,2021-06-06T10:21:02,43.72402,-69.28929,7.2,23.3,511,OSPREY,,WDI9640,37,,16,4,,,B
366997250,2021-06-06T10:22:32,43.72685,-69.28751,7,26.7,511,OSPREY,,WDI9640,37,,16,4,,,B
366997250,2021-06-06T10:24:00,43.7296,-69.28583,7.1,20.4,511,OSPREY,,WDI9640,37,,16,4,,,B
366997250,2021-06-06T10:25:32,43.73247,-69.28392,7.8,27.3,511,OSPREY,,WDI9640,37,,16,4,,,B
366997250,2021-06-06T10:27:01,43.73522,-69.28205,7.5,27.3,511,OSPREY,,WDI9640,37,,16,4,,,B
366997250,2021-06-06T10:28:35,43.73818,-69.28011,6.9,29.9,511,OSPREY,,WDI9640,37,,16,4,,,B
366997250,2021-06-06T10:30:00,43.74087,-69.27828,7.9,25.5,511,OSPREY,,WDI9640,37,,16,4,,,B
366999603,2021-05-09T17:33:41,43.74195,-69.29355,13.5,250.7,252,CG MARLIN,,NJZP,90,0,26,5,,31,A
366999603,2021-05-09T17:34:48,43.74069,-69.29914,14.1,249.8,251,CG MARLIN,,NJZP,90,0,26,5,,31,A
366999603,2021-05-09T17:35:54,43.73944,-69.30468,13.4,252.9,252,CG MARLIN,,NJZP,90,0,26,5,,31,A
366999603,2021-05-09T17:37:00,43.73819,-69.31023,13.6,253.8,253,CG MARLIN,,NJZP,90,0,26,5,,31,A
366999603,2021-05-09T17:38:05,43.73691,-69.31576,14.3,251.6,252,CG MARLIN,,NJZP,90,0,26,5,,31,A
319290000,2021-11-25T16:10:49,43.74006,-69.30419,10,210.6,511,ANGEL,,ZCTY4,37,8,,,,36,A
319290000,2021-11-25T16:11:59,43.73728,-69.3065,9.9,211.6,511,ANGEL,,ZCTY4,37,8,,,,36,A
319290000,2021-11-25T16:13:10,43.73441,-69.30883,10.1,210.9,511,ANGEL,,ZCTY4,37,8,,,,36,A
319290000,2021-11-25T16:14:19,43.7316,-69.31121,10.2,211.9,511,ANGEL,,ZCTY4,37,8,,,,36,A
319290000,2021-11-25T16:15:29,43.72879,-69.31354,10.3,211.5,511,ANGEL,,ZCTY4,37,8,,,,36,A
319290000,2021-11-25T16:16:36,43.72612,-69.31593,10.3,211,209,ANGEL,,ZCTY4,37,,,,,36,B
319290000,2021-11-25T16:17:37,43.72358,-69.31808,11.1,212.9,211,ANGEL,,ZCTY4,37,,,,,36,B
319290000,2021-11-25T16:18:40,43.72105,-69.3203,10.4,214.4,511,ANGEL,,ZCTY4,37,8,,,,36,A
368076650,2021-04-04T16:35:39,43.72299,-69.32004,3,125.5,116,GO LIBERTY,IMO9555761,WDK6648,70,3,46,12,3.3,70,A
368076650,2021-04-04T16:36:47,43.72244,-69.31897,3,125.2,116,GO LIBERTY,IMO9555761,WDK6648,70,3,46,12,3.3,70,A
368076650,2021-04-04T16:37:58,43.7219,-69.31787,3,124.3,116,GO LIBERTY,IMO9555761,WDK6648,70,3,46,12,3.3,70,A
368076650,2021-04-04T16:39:08,43.72136,-69.31677,2.9,125.6,116,GO LIBERTY,IMO9555761,WDK6648,70,3,46,12,3.3,70,A
368076650,2021-04-04T16:40:18,43.72073,-69.31573,3,129.1,123,GO LIBERTY,IMO9555761,WDK6648,70,3,46,12,3.3,70,A
368076650,2021-04-04T16:41:28,43.72009,-69.31469,3.1,131.6,123,GO LIBERTY,IMO9555761,WDK6648,70,3,46,12,3.3,70,A
368076650,2021-04-04T16:42:38,43.71945,-69.31364,3.1,129.9,123,GO LIBERTY,IMO9555761,WDK6648,70,3,46,12,3.3,70,A
368076650,2021-04-04T16:43:48,43.71876,-69.3126,3.2,131.5,123,GO LIBERTY,IMO9555761,WDK6648,70,3,46,12,3.3,70,A
368076650,2021-04-04T16:44:52,43.71802,-69.31168,3.4,146.4,147,GO LIBERTY,IMO9555761,WDK6648,70,3,46,12,3.3,70,A
368076650,2021-04-04T16:45:55,43.71714,-69.31143,2.5,188.7,203,GO LIBERTY,IMO9555761,WDK6648,70,3,46,12,3.3,70,A
368076650,2021-04-04T16:46:58,43.71668,-69.31168,1.3,202.5,242,GO LIBERTY,IMO9555761,WDK6648,70,3,46,12,3.3,70,A
368076650,2021-04-04T16:48:08,43.71638,-69.31177,1,179.8,260,GO LIBERTY,IMO9555761,WDK6648,70,3,46,12,3.3,70,A
368076650,2021-04-04T16:49:09,43.71607,-69.31172,1.1,168.5,257,GO LIBERTY,IMO9555761,WDK6648,70,3,46,12,3.3,70,A
368076650,2021-04-04T16:50:29,43.71571,-69.31152,1.1,158.2,246,GO LIBERTY,IMO9555761,WDK6648,70,3,46,12,3.3,70,A
368076650,2021-04-04T16:51:37,43.71543,-69.31131,1,150.7,237,GO LIBERTY,IMO9555761,WDK6648,70,3,46,12,3.3,70,A
368076650,2021-04-04T16:52:38,43.71516,-69.31112,1,151.9,233,GO LIBERTY,IMO9555761,WDK6648,70,3,46,12,3.3,70,A
368076650,2021-04-04T16:53:48,43.71487,-69.31089,1,150.8,234,GO LIBERTY,IMO9555761,WDK6648,70,3,46,12,3.3,70,A
368076650,2021-04-04T16:54:57,43.7146,-69.31069,1,148.2,234,GO LIBERTY,IMO9555761,WDK6648,70,3,46,12,3.3,70,A
368076650,2021-04-04T16:56:07,43.71431,-69.31045,1,149,235,GO LIBERTY,IMO9555761,WDK6648,70,3,46,12,3.3,70,A
368076650,2021-04-04T16:57:19,43.71402,-69.31025,1,151.7,235,GO LIBERTY,IMO9555761,WDK6648,70,3,46,12,3.3,70,A
368076650,2021-04-04T16:58:28,43.71371,-69.31006,1.1,149.2,235,GO LIBERTY,IMO9555761,WDK6648,70,3,46,12,3.3,70,A
368076650,2021-04-04T16:59:39,43.71342,-69.30987,0.9,148.8,237,GO LIBERTY,IMO9555761,WDK6648,70,3,46,12,3.3,70,A
368076650,2021-04-04T17:00:07,43.71332,-69.30976,0.9,153.8,238,GO LIBERTY,IMO9555761,WDK6648,70,3,46,12,3.3,70,A
368076650,2021-04-04T17:01:08,43.7131,-69.30955,0.9,151.2,237,GO LIBERTY,IMO9555761,WDK6648,70,3,46,12,3.3,70,A
368076650,2021-04-04T17:02:19,43.71284,-69.30934,0.9,153.1,236,GO LIBERTY,IMO9555761,WDK6648,70,3,46,12,3.3,70,A
368076650,2021-04-04T17:03:28,43.71261,-69.30908,1,150.6,237,GO LIBERTY,IMO9555761,WDK6648,70,3,46,12,3.3,70,A
368076650,2021-04-04T17:04:37,43.71234,-69.30888,1,150.4,232,GO LIBERTY,IMO9555761,WDK6648,70,3,46,12,3.3,70,A
368076650,2021-04-04T17:05:49,43.71206,-69.30869,0.9,156.9,233,GO LIBERTY,IMO9555761,WDK6648,70,3,46,12,3.3,70,A
368076650,2021-04-04T17:06:58,43.71181,-69.30855,0.8,155,241,GO LIBERTY,IMO9555761,WDK6648,70,3,46,12,3.3,70,A
368076650,2021-04-04T17:08:19,43.7115,-69.30835,1,151,239,GO LIBERTY,IMO9555761,WDK6648,70,3,46,12,3.3,70,A
368076650,2021-04-04T17:09:28,43.71123,-69.30814,0.9,157.6,236,GO LIBERTY,IMO9555761,WDK6648,70,3,46,12,3.3,70,A
368076650,2021-04-04T17:10:38,43.71099,-69.30794,0.9,153.9,235,GO LIBERTY,IMO9555761,WDK6648,70,3,46,12,3.3,70,A
368076650,2021-04-04T17:11:48,43.71072,-69.30777,0.9,154.5,236,GO LIBERTY,IMO9555761,WDK6648,70,3,46,12,3.3,70,A
368076650,2021-04-04T17:12:58,43.71044,-69.30755,0.9,152.4,237,GO LIBERTY,IMO9555761,WDK6648,70,3,46,12,3.3,70,A
368076650,2021-04-04T17:14:05,43.71012,-69.3074,1.6,189.8,220,GO LIBERTY,IMO9555761,WDK6648,70,3,46,12,3.3,70,A
368076650,2021-04-04T17:15:08,43.70924,-69.30745,3.6,164.8,152,GO LIBERTY,IMO9555761,WDK6648,70,3,46,12,3.3,70,A
368076650,2021-04-04T17:16:11,43.70872,-69.30634,3.2,95.3,77,GO LIBERTY,IMO9555761,WDK6648,70,3,46,12,3.3,70,A
368076650,2021-04-04T17:17:16,43.70925,-69.3053,3.5,37.4,25,GO LIBERTY,IMO9555761,WDK6648,70,3,46,12,3.3,70,A
368076650,2021-04-04T17:18:22,43.71034,-69.30497,3.9,359.7,352,GO LIBERTY,IMO9555761,WDK6648,70,3,46,12,3.3,70,A
368076650,2021-04-04T17:19:28,43.71157,-69.30549,4.4,339.9,340,GO LIBERTY,IMO9555761,WDK6648,70,3,46,12,3.3,70,A
368076650,2021-04-04T17:20:32,43.71255,-69.30626,3,297.3,290,GO LIBERTY,IMO9555761,WDK6648,70,3,46,12,3.3,70,A
368076650,2021-04-04T17:21:38,43.71249,-69.30744,3.1,265.8,278,GO LIBERTY,IMO9555761,WDK6648,70,3,46,12,3.3,70,A
368076650,2021-04-04T17:22:48,43.71246,-69.30893,3.5,272.2,285,GO LIBERTY,IMO9555761,WDK6648,70,3,46,12,3.3,70,A
368076650,2021-04-04T17:23:58,43.71256,-69.31051,3.6,273.4,285,GO LIBERTY,IMO9555761,WDK6648,70,3,46,12,3.3,70,A
368076650,2021-04-04T17:25:09,43.71267,-69.31214,3.6,274.1,284,GO LIBERTY,IMO9555761,WDK6648,70,3,46,12,3.3,70,A
368076650,2021-04-04T17:26:18,43.71274,-69.31372,3.6,273.1,285,GO LIBERTY,IMO9555761,WDK6648,70,3,46,12,3.3,70,A
368076650,2021-04-04T17:27:27,43.71279,-69.3153,3.6,270.9,285,GO LIBERTY,IMO9555761,WDK6648,70,3,46,12,3.3,70,A
368076650,2021-04-04T17:28:38,43.71285,-69.3169,3.6,275.2,287,GO LIBERTY,IMO9555761,WDK6648,70,3,46,12,3.3,70,A
368076650,2021-04-04T17:29:48,43.71294,-69.31849,3.6,274.3,288,GO LIBERTY,IMO9555761,WDK6648,70,3,46,12,3.3,70,A
368076650,2021-04-04T17:30:57,43.71303,-69.32002,3.5,274.9,289,GO LIBERTY,IMO9555761,WDK6648,70,3,46,12,3.3,70,A
368076650,2021-04-04T18:10:17,43.70627,-69.32002,3.1,321.2,327,GO LIBERTY,IMO9555761,WDK6648,70,3,46,12,3.3,70,A
368076650,2021-04-04T18:11:18,43.70691,-69.32084,3.2,313.6,319,GO LIBERTY,IMO9555761,WDK6648,70,3,46,12,3.3,70,A
368076650,2021-04-04T19:03:38,43.70726,-69.32063,3.2,145.9,140,GO LIBERTY,IMO9555761,WDK6648,70,3,46,12,3.3,70,A
368076650,2021-04-04T19:04:39,43.70651,-69.31993,3.2,143.6,133,GO LIBERTY,IMO9555761,WDK6648,70,3,46,12,3.3,70,A
368076650,2021-04-04T19:24:39,43.70628,-69.31985,3.1,322.5,321,GO LIBERTY,IMO9555761,WDK6648,70,3,46,12,3.3,70,A
368076650,2021-04-04T19:25:47,43.70698,-69.3209,3.3,313.1,323,GO LIBERTY,IMO9555761,WDK6648,70,3,46,12,3.3,70,A
368076650,2021-04-04T20:05:58,43.72296,-69.3203,3.9,130.3,122,GO LIBERTY,IMO9555761,WDK6648,70,3,46,12,3.3,70,A
368076650,2021-04-04T20:07:07,43.72214,-69.31899,3.9,128.5,119,GO LIBERTY,IMO9555761,WDK6648,70,3,46,12,3.3,70,A
368076650,2021-04-04T20:08:18,43.72138,-69.3176,3.9,127.4,118,GO LIBERTY,IMO9555761,WDK6648,70,3,46,12,3.3,70,A
368076650,2021-04-04T20:09:29,43.72062,-69.3162,3.9,127.5,118,GO LIBERTY,IMO9555761,WDK6648,70,3,46,12,3.3,70,A
368076650,2021-04-04T20:10:37,43.71984,-69.31487,3.8,131.8,124,GO LIBERTY,IMO9555761,WDK6648,70,3,46,12,3.3,70,A
368076650,2021-04-04T20:11:48,43.71899,-69.31359,3.8,129.1,122,GO LIBERTY,IMO9555761,WDK6648,70,3,46,12,3.3,70,A
368076650,2021-04-04T20:12:57,43.71826,-69.31227,3.8,128,123,GO LIBERTY,IMO9555761,WDK6648,70,3,46,12,3.3,70,A
368076650,2021-04-04T20:14:05,43.71755,-69.31093,3.9,117,107,GO LIBERTY,IMO9555761,WDK6648,70,3,46,12,3.3,70,A
368076650,2021-04-04T20:15:08,43.71725,-69.3093,4.3,97.8,88,GO LIBERTY,IMO9555761,WDK6648,70,3,46,12,3.3,70,A
368076650,2021-04-04T20:16:15,43.71722,-69.30752,4.2,103.5,102,GO LIBERTY,IMO9555761,WDK6648,70,3,46,12,3.3,70,A
368076650,2021-04-04T20:17:18,43.71628,-69.3069,3.9,188.4,199,GO LIBERTY,IMO9555761,WDK6648,70,3,46,12,3.3,70,A
368076650,2021-04-04T20:18:21,43.7157,-69.3081,3.5,269,293,GO LIBERTY,IMO9555761,WDK6648,70,3,46,12,3.3,70,A
368076650,2021-04-04T20:19:37,43.71613,-69.30977,3.7,295.9,310,GO LIBERTY,IMO9555761,WDK6648,70,3,46,12,3.3,70,A
368076650,2021-04-04T20:20:47,43.71681,-69.31098,3.4,314,325,GO LIBERTY,IMO9555761,WDK6648,70,3,46,12,3.3,70,A
368076650,2021-04-04T20:21:49,43.71753,-69.31192,3.5,317.3,325,GO LIBERTY,IMO9555761,WDK6648,70,3,46,12,3.3,70,A
368076650,2021-04-04T20:22:58,43.71834,-69.313,3.6,312.7,321,GO LIBERTY,IMO9555761,WDK6648,70,3,46,12,3.3,70,A
368076650,2021-04-04T20:24:09,43.71909,-69.31424,3.6,308.9,318,GO LIBERTY,IMO9555761,WDK6648,70,3,46,12,3.3,70,A
368076650,2021-04-04T20:25:18,43.71983,-69.31552,3.7,308.1,318,GO LIBERTY,IMO9555761,WDK6648,70,3,46,12,3.3,70,A
368076650,2021-04-04T20:26:29,43.72056,-69.31683,3.7,307.6,318,GO LIBERTY,IMO9555761,WDK6648,70,3,46,12,3.3,70,A
368076650,2021-04-04T20:27:38,43.72129,-69.31812,3.6,309.7,321,GO LIBERTY,IMO9555761,WDK6648,70,3,46,12,3.3,70,A
368076650,2021-04-04T20:28:47,43.72203,-69.31936,3.7,307.9,318,GO LIBERTY,IMO9555761,WDK6648,70,3,46,12,3.3,70,A
368076650,2021-04-04T20:30:09,43.72279,-69.3208,3.6,307.5,319,GO LIBERTY,IMO9555761,WDK6648,70,3,46,12,3.3,70,A
368076650,2021-04-04T20:55:58,43.72343,-69.3207,3.7,128.9,116,GO LIBERTY,IMO9555761,WDK6648,70,3,46,12,3.3,70,A
368076650,2021-04-04T20:57:09,43.72269,-69.31939,3.7,127.3,116,GO LIBERTY,IMO9555761,WDK6648,70,3,46,12,3.3,70,A
368076650,2021-04-04T20:58:18,43.72197,-69.31811,3.6,127.9,116,GO LIBERTY,IMO9555761,WDK6648,70,3,46,12,3.3,70,A
368076650,2021-04-04T20:59:28,43.72122,-69.31683,3.7,126.7,115,GO LIBERTY,IMO9555761,WDK6648,70,3,46,12,3.3,70,A
368076650,2021-04-04T21:00:08,43.7208,-69.31609,3.7,129.5,116,GO LIBERTY,IMO9555761,WDK6648,70,3,46,12,3.3,70,A
368076650,2021-04-04T21:01:19,43.72003,-69.31478,3.7,128.8,117,GO LIBERTY,IMO9555761,WDK6648,70,3,46,12,3.3,70,A
368076650,2021-04-04T21:02:29,43.71927,-69.31346,3.7,127.6,115,GO LIBERTY,IMO9555761,WDK6648,70,3,46,12,3.3,70,A
368076650,2021-04-04T21:03:38,43.71859,-69.31214,3.7,127.3,113,GO LIBERTY,IMO9555761,WDK6648,70,3,46,12,3.3,70,A
368076650,2021-04-04T21:04:58,43.71762,-69.31071,4,140.5,130,GO LIBERTY,IMO9555761,WDK6648,70,3,46,12,3.3,70,A
368076650,2021-04-04T21:06:04,43.71637,-69.31035,4.5,189.5,194,GO LIBERTY,IMO9555761,WDK6648,70,3,46,12,3.3,70,A
368076650,2021-04-04T21:07:08,43.71506,-69.31099,5,199.9,201,GO LIBERTY,IMO9555761,WDK6648,70,3,46,12,3.3,70,A
368076650,2021-04-04T21:08:17,43.7135,-69.31188,5.1,204.7,208,GO LIBERTY,IMO9555761,WDK6648,70,3,46,12,3.3,70,A
368076650,2021-04-04T21:09:28,43.71207,-69.31295,5.1,209.1,212,GO LIBERTY,IMO9555761,WDK6648,70,3,46,12,3.3,70,A
368076650,2021-04-04T21:10:38,43.71067,-69.3141,4.9,211.2,213,GO LIBERTY,IMO9555761,WDK6648,70,3,46,12,3.3,70,A
368076650,2021-04-04T21:11:48,43.70935,-69.31528,4.8,215,217,GO LIBERTY,IMO9555761,WDK6648,70,3,46,12,3.3,70,A
368076650,2021-04-04T21:12:57,43.70808,-69.31649,4.8,214.8,218,GO LIBERTY,IMO9555761,WDK6648,70,3,46,12,3.3,70,A
368076650,2021-04-04T21:14:04,43.70693,-69.31775,4.6,226,232,GO LIBERTY,IMO9555761,WDK6648,70,3,46,12,3.3,70,A
368076650,2021-04-05T11:33:57,43.71305,-69.31955,4.1,93.8,80,GO LIBERTY,IMO9555761,WDK6648,70,3,46,12,3.3,70,A
368076650,2021-04-05T11:35:08,43.71292,-69.31765,4.1,94.1,78,GO LIBERTY,IMO9555761,WDK6648,70,3,46,12,3.3,70,A
368076650,2021-04-05T11:36:28,43.71286,-69.31561,4.1,91,75,GO LIBERTY,IMO9555761,WDK6648,70,3,46,12,3.3,70,A
368076650,2021-04-05T11:37:39,43.71276,-69.31372,4.2,96.1,81,GO LIBERTY,IMO9555761,WDK6648,70,3,46,12,3.3,70,A
368076650,2021-04-05T11:38:48,43.71261,-69.31184,4.2,94.3,77,GO LIBERTY,IMO9555761,WDK6648,70,3,46,12,3.3,70,A
368076650,2021-04-05T11:39:58,43.71256,-69.31005,4.1,93.5,80,GO LIBERTY,IMO9555761,WDK6648,70,3,46,12,3.3,70,A
368076650,2021-04-05T11:41:08,43.71244,-69.3082,4.2,94,81,GO LIBERTY,IMO9555761,WDK6648,70,3,46,12,3.3,70,A
368076650,2021-04-05T11:42:09,43.71233,-69.30653,4.2,94.8,81,GO LIBERTY,IMO9555761,WDK6648,70,3,46,12,3.3,70,A
368076650,2021-04-05T11:43:19,43.71219,-69.30468,4.2,95.8,81,GO LIBERTY,IMO9555761,WDK6648,70,3,46,12,3.3,70,A
368076650,2021-04-05T11:44:21,43.71231,-69.3032,3.3,66.7,46,GO LIBERTY,IMO9555761,WDK6648,70,3,46,12,3.3,70,A
368076650,2021-04-05T11:45:22,43.71295,-69.30265,3,18.6,12,GO LIBERTY,IMO9555761,WDK6648,70,3,46,12,3.3,70,A
368076650,2021-04-05T11:46:28,43.71396,-69.30223,3.7,15,12,GO LIBERTY,IMO9555761,WDK6648,70,3,46,12,3.3,70,A
368076650,2021-04-05T11:47:31,43.71484,-69.30135,3.9,58.9,58,GO LIBERTY,IMO9555761,WDK6648,70,3,46,12,3.3,70,A
368076650,2021-04-05T11:48:36,43.71492,-69.29967,4.2,101.2,93,GO LIBERTY,IMO9555761,WDK6648,70,3,46,12,3.3,70,A
368076650,2021-04-05T11:49:38,43.71401,-69.29843,4.8,156.6,154,GO LIBERTY,IMO9555761,WDK6648,70,3,46,12,3.3,70,A
368076650,2021-04-05T11:50:41,43.71261,-69.29876,5,210.7,219,GO LIBERTY,IMO9555761,WDK6648,70,3,46,12,3.3,70,A
368076650,2021-04-05T11:51:44,43.71189,-69.30035,4.6,254.5,272,GO LIBERTY,IMO9555761,WDK6648,70,3,46,12,3.3,70,A
368076650,2021-04-05T11:52:45,43.71181,-69.30217,4.5,273.4,293,GO LIBERTY,IMO9555761,WDK6648,70,3,46,12,3.3,70,A
368076650,2021-04-05T11:53:48,43.712,-69.30399,4.8,275.7,290,GO LIBERTY,IMO9555761,WDK6648,70,3,46,12,3.3,70,A
368076650,2021-04-05T11:54:58,43.71203,-69.3061,4.6,273.2,290,GO LIBERTY,IMO9555761,WDK6648,70,3,46,12,3.3,70,A
368076650,2021-04-05T11:56:09,43.71227,-69.30808,4.3,283.1,300,GO LIBERTY,IMO9555761,WDK6648,70,3,46,12,3.3,70,A
368076650,2021-04-05T11:57:11,43.71236,-69.30983,4.7,268.1,282,GO LIBERTY,IMO9555761,WDK6648,70,3,46,12,3.3,70,A
368076650,2021-04-05T11:58:18,43.71241,-69.31174,4.3,273.9,294,GO LIBERTY,IMO9555761,WDK6648,70,3,46,12,3.3,70,A
368076650,2021-04-05T11:59:29,43.71256,-69.31369,4.5,274.7,291,GO LIBERTY,IMO9555761,WDK6648,70,3,46,12,3.3,70,A
368076650,2021-04-05T12:00:08,43.7126,-69.31482,4.6,270.8,287,GO LIBERTY,IMO9555761,WDK6648,70,3,46,12,3.3,70,A
368076650,2021-04-05T12:01:18,43.71269,-69.31686,4.5,274.7,296,GO LIBERTY,IMO9555761,WDK6648,70,3,46,12,3.3,70,A
368076650,2021-04-05T12:02:28,43.71285,-69.31885,4.6,275.3,294,GO LIBERTY,IMO9555761,WDK6648,70,3,46,12,3.3,70,A
368076650,2021-04-05T12:03:38,43.71291,-69.32094,4.7,270.5,289,GO LIBERTY,IMO9555761,WDK6648,70,3,46,12,3.3,70,A
368076650,2021-04-05T12:22:29,43.71334,-69.31921,4.1,92,78,GO LIBERTY,IMO9555761,WDK6648,70,3,46,12,3.3,70,A
368076650,2021-04-05T12:23:37,43.71323,-69.31743,3.9,94.7,81,GO LIBERTY,IMO9555761,WDK6648,70,3,46,12,3.3,70,A
368076650,2021-04-05T12:24:47,43.71318,-69.31562,4.2,93.1,82,GO LIBERTY,IMO9555761,WDK6648,70,3,46,12,3.3,70,A
368076650,2021-04-05T12:25:59,43.71299,-69.31373,4,94.3,80,GO LIBERTY,IMO9555761,WDK6648,70,3,46,12,3.3,70,A
368076650,2021-04-05T12:27:08,43.71291,-69.31195,4.1,94.5,82,GO LIBERTY,IMO9555761,WDK6648,70,3,46,12,3.3,70,A
368076650,2021-04-05T12:28:18,43.71286,-69.31014,4.1,93.1,81,GO LIBERTY,IMO9555761,WDK6648,70,3,46,12,3.3,70,A
368076650,2021-04-05T12:29:28,43.71266,-69.3083,4.1,93,77,GO LIBERTY,IMO9555761,WDK6648,70,3,46,12,3.3,70,A
368076650,2021-04-05T12:30:38,43.7127,-69.30648,4,91.2,79,GO LIBERTY,IMO9555761,WDK6648,70,3,46,12,3.3,70,A
368076650,2021-04-05T12:31:49,43.71247,-69.30459,4.2,99.6,86,GO LIBERTY,IMO9555761,WDK6648,70,3,46,12,3.3,70,A
368076650,2021-04-05T12:33:04,43.71223,-69.30263,3.9,93.3,74,GO LIBERTY,IMO9555761,WDK6648,70,3,46,12,3.3,70,A
368076650,2021-04-05T12:34:05,43.71258,-69.30165,2.4,39.5,18,GO LIBERTY,IMO9555761,WDK6648,70,3,46,12,3.3,70,A
368076650,2021-04-05T12:35:06,43.71312,-69.30182,2.4,308.1,313,GO LIBERTY,IMO9555761,WDK6648,70,3,46,12,3.3,70,A
368076650,2021-04-05T12:36:08,43.71302,-69.30315,3.9,256.6,274,GO LIBERTY,IMO9555761,WDK6648,70,3,46,12,3.3,70,A
368076650,2021-04-05T12:37:28,43.71302,-69.30518,4,275.3,295,GO LIBERTY,IMO9555761,WDK6648,70,3,46,12,3.3,70,A
368076650,2021-04-05T12:38:29,43.71315,-69.30669,3.9,277.3,295,GO LIBERTY,IMO9555761,WDK6648,70,3,46,12,3.3,70,A
368076650,2021-04-05T12:39:39,43.71327,-69.30841,3.8,276.3,294,GO LIBERTY,IMO9555761,WDK6648,70,3,46,12,3.3,70,A
368076650,2021-04-05T12:40:48,43.7133,-69.3099,3.2,265.3,287,GO LIBERTY,IMO9555761,WDK6648,70,3,46,12,3.3,70,A
368076650,2021-04-05T12:41:57,43.7131,-69.31123,2.8,256.2,286,GO LIBERTY,IMO9555761,WDK6648,70,3,46,12,3.3,70,A
368076650,2021-04-05T12:42:58,43.71289,-69.31224,2.7,253.9,287,GO LIBERTY,IMO9555761,WDK6648,70,3,46,12,3.3,70,A
368076650,2021-04-05T12:44:09,43.71263,-69.31339,2.7,253,286,GO LIBERTY,IMO9555761,WDK6648,70,3,46,12,3.3,70,A
368076650,2021-04-05T12:45:18,43.71237,-69.31452,2.6,256,287,GO LIBERTY,IMO9555761,WDK6648,70,3,46,12,3.3,70,A
368076650,2021-04-05T12:46:29,43.71222,-69.3156,2.5,259.7,294,GO LIBERTY,IMO9555761,WDK6648,70,3,46,12,3.3,70,A
368076650,2021-04-05T12:47:35,43.71218,-69.31696,3.8,266.2,281,GO LIBERTY,IMO9555761,WDK6648,70,3,46,12,3.3,70,A
368076650,2021-04-05T12:48:38,43.71161,-69.31846,4.5,233,243,GO LIBERTY,IMO9555761,WDK6648,70,3,46,12,3.3,70,A
368076650,2021-04-05T12:49:49,43.71093,-69.32017,4.4,243.9,256,GO LIBERTY,IMO9555761,WDK6648,70,3,46,12,3.3,70,A
368076650,2021-04-05T13:03:10,43.70674,-69.31749,2.9,337,342,GO LIBERTY,IMO9555761,WDK6648,70,3,46,12,3.3,70,A
368076650,2021-04-05T13:04:18,43.70766,-69.31772,3.2,357.3,357,GO LIBERTY,IMO9555761,WDK6648,70,3,46,12,3.3,70,A
368076650,2021-04-05T13:05:22,43.70849,-69.31824,3.2,329.6,343,GO LIBERTY,IMO9555761,WDK6648,70,3,46,12,3.3,70,A
368076650,2021-04-05T13:06:29,43.70943,-69.3187,3.1,336.4,341,GO LIBERTY,IMO9555761,WDK6648,70,3,46,12,3.3,70,A
368076650,2021-04-05T13:07:39,43.71036,-69.31917,3.1,341.8,346,GO LIBERTY,IMO9555761,WDK6648,70,3,46,12,3.3,70,A
368076650,2021-04-05T13:08:49,43.71128,-69.31992,3.4,329.2,342,GO LIBERTY,IMO9555761,WDK6648,70,3,46,12,3.3,70,A
368076650,2021-04-05T13:09:59,43.71227,-69.32056,3.3,335.9,345,GO LIBERTY,IMO9555761,WDK6648,70,3,46,12,3.3,70,A
368076650,2021-04-07T03:32:19,43.71214,-69.32071,2.9,153.4,144,GO LIBERTY,IMO9555761,WDK6648,70,3,46,12,3.3,70,A
368076650,2021-04-07T03:33:29,43.71128,-69.32012,3,152.3,143,GO LIBERTY,IMO9555761,WDK6648,70,3,46,12,3.3,70,A
368076650,2021-04-07T03:34:39,43.71041,-69.31954,3,158.6,152,GO LIBERTY,IMO9555761,WDK6648,70,3,46,12,3.3,70,A
368076650,2021-04-07T03:35:41,43.70948,-69.31962,3.5,202.4,210,GO LIBERTY,IMO9555761,WDK6648,70,3,46,12,3.3,70,A
368076650,2021-04-07T03:36:44,43.709,-69.3208,3.4,273,295,GO LIBERTY,IMO9555761,WDK6648,70,3,46,12,3.3,70,A
538071235,2021-08-27T12:53:39,43.72264,-69.27539,12.7,28,38,PURAVIDA,,V7QL8,0,0,30,7,2,0,A
538071235,2021-08-27T12:54:43,43.72596,-69.27296,13.4,24,36,PURAVIDA,,V7QL8,0,0,30,7,2,0,A
538071235,2021-08-27T12:49:13,43.7085,-69.284,11.7,24,34,PURAVIDA,,V7QL8,0,0,30,7,2,0,A
538071235,2021-08-27T12:50:22,43.71217,-69.2815,12.4,26,35,PURAVIDA,,V7QL8,0,0,30,7,2,0,A
538071235,2021-08-27T12:51:32,43.7157,-69.27884,12.6,28,36,PURAVIDA,,V7QL8,0,0,30,7,2,0,A
538071235,2021-08-27T12:52:36,43.71925,-69.27736,12.1,18,27,PURAVIDA,,V7QL8,0,0,30,7,2,0,A
367191140,2021-05-30T15:56:35,43.74158,-69.31907,10.5,237.9,511,SONNY,,WDD7773,37,,13,3,,,B
338417509,2021-07-02T00:05:29,43.71694,-69.31919,26.1,212.8,511,SORENTI,,,37,,20,5,,,B
338417509,2021-07-02T00:02:14,43.73655,-69.30056,26.7,215,511,SORENTI,,,37,,20,5,,,B
338417509,2021-07-02T00:03:19,43.72998,-69.30681,26.5,215.7,511,SORENTI,,,37,,20,5,,,B
338417509,2021-07-02T00:04:24,43.72345,-69.31301,25.9,214.2,511,SORENTI,,,37,,20,5,,,B
338332611,2021-07-29T13:55:20,43.73097,-69.31853,10.1,260.1,262,YELLOW ROSE,,,37,,20,4,,,B
368000980,2021-07-27T10:37:19,43.7384,-69.28652,13.1,135.5,511,VICTORINOX,,WDJ6865,30,,14,6,,,B
368000980,2021-07-27T10:38:48,43.73395,-69.28199,13.5,163.3,511,VICTORINOX,,WDJ6865,30,,14,6,,,B
368000980,2021-07-27T10:40:20,43.72817,-69.28055,13.6,169.6,511,VICTORINOX,,WDJ6865,30,,14,6,,,B
368000980,2021-07-27T10:41:47,43.72273,-69.27922,13.1,170.6,511,VICTORINOX,,WDJ6865,30,,14,6,,,B
368000980,2021-07-27T10:42:48,43.71894,-69.27837,13.8,171.4,511,VICTORINOX,,WDJ6865,30,,14,6,,,B
338332611,2021-07-29T13:44:50,43.74187,-69.2817,9.9,243.7,247,YELLOW ROSE,,,37,,20,4,,,B
338332611,2021-07-29T13:46:20,43.74013,-69.28687,10.1,249.7,250,YELLOW ROSE,,,37,,20,4,,,B
338332611,2021-07-29T13:47:21,43.73893,-69.29027,9.8,247.2,250,YELLOW ROSE,,,37,,20,4,,,B
338332611,2021-07-29T13:48:23,43.73777,-69.29382,9.9,248.9,251,YELLOW ROSE,,,37,,20,4,,,B
338332611,2021-07-29T13:49:51,43.73612,-69.2989,9.9,243.8,245,YELLOW ROSE,,,37,,20,4,,,B
338332611,2021-07-29T13:52:50,43.73255,-69.30916,10.1,249.1,250,YELLOW ROSE,,,37,,20,4,,,B
338332611,2021-07-29T13:53:53,43.73168,-69.31302,9.9,261.8,263,YELLOW ROSE,,,37,,20,4,,,B
368000980,2021-07-27T10:44:16,43.71415,-69.27711,10.8,155.4,511,VICTORINOX,,WDJ6865,30,,14,6,,,B
368000980,2021-07-27T10:45:19,43.71166,-69.27438,10.7,189.4,511,VICTORINOX,,WDJ6865,30,,14,6,,,B
368000980,2021-07-27T10:46:48,43.7079,-69.27137,11.2,180.1,511,VICTORINOX,,WDJ6865,30,,14,6,,,B
367774180,2021-08-02T03:00:11,43.72355,-69.28713,4.9,83,511,LAPPWING,,WDJ4077,36,,14,4,,,B
367774180,2021-08-02T03:01:41,43.72379,-69.28442,4.3,84.3,511,LAPPWING,,WDJ4077,36,,14,4,,,B
367774180,2021-08-02T03:03:12,43.72403,-69.28169,4.8,84.2,511,LAPPWING,,WDJ4077,36,,14,4,,,B
367774180,2021-08-02T03:04:13,43.72418,-69.27991,4.6,80.8,511,LAPPWING,,WDJ4077,36,,14,4,,,B
367774180,2021-08-02T03:05:41,43.72443,-69.27728,4.3,81.7,511,LAPPWING,,WDJ4077,36,,14,4,,,B
367774180,2021-08-02T03:07:11,43.72469,-69.27459,5.3,86.1,511,LAPPWING,,WDJ4077,36,,14,4,,,B
367774180,2021-08-02T02:41:12,43.72028,-69.3205,5.1,82.8,511,LAPPWING,,WDJ4077,36,,14,4,,,B
367774180,2021-08-02T02:42:43,43.72051,-69.31782,4.7,82.3,511,LAPPWING,,WDJ4077,36,,14,4,,,B
367774180,2021-08-02T02:44:15,43.7208,-69.3151,4.8,82.6,511,LAPPWING,,WDJ4077,36,,14,4,,,B
367774180,2021-08-02T02:45:41,43.72104,-69.31259,4.2,83.2,511,LAPPWING,,WDJ4077,36,,14,4,,,B
367774180,2021-08-02T02:47:11,43.72128,-69.30994,4.6,81.3,511,LAPPWING,,WDJ4077,36,,14,4,,,B
367774180,2021-08-02T02:48:42,43.72156,-69.3073,4.5,81.6,511,LAPPWING,,WDJ4077,36,,14,4,,,B
367774180,2021-08-02T02:50:41,43.72195,-69.3039,5.2,79.6,511,LAPPWING,,WDJ4077,36,,14,4,,,B
367774180,2021-08-02T02:51:42,43.72213,-69.30216,4.2,81.1,511,LAPPWING,,WDJ4077,36,,14,4,,,B
367774180,2021-08-02T02:53:12,43.72239,-69.2996,4.4,79.8,511,LAPPWING,,WDJ4077,36,,14,4,,,B
367774180,2021-08-02T02:54:43,43.72264,-69.29696,4.1,79.2,511,LAPPWING,,WDJ4077,36,,14,4,,,B
367774180,2021-08-02T02:56:12,43.72287,-69.29433,5.1,87,511,LAPPWING,,WDJ4077,36,,14,4,,,B
367774180,2021-08-02T02:57:43,43.72311,-69.29161,4.1,82.4,511,LAPPWING,,WDJ4077,36,,14,4,,,B
367774180,2021-08-02T02:59:13,43.72337,-69.28889,4.6,83.1,511,LAPPWING,,WDJ4077,36,,14,4,,,B
367774180,2021-08-02T03:08:12,43.72486,-69.2728,4.2,82.4,511,LAPPWING,,WDJ4077,36,,14,4,,,B
338335743,2021-08-10T18:18:10,43.74093,-69.27441,17.7,20.7,28,SCAMPER,,,37,,0,0,,,B
338335743,2021-08-10T18:11:43,43.71017,-69.29011,15.8,20.2,16,SCAMPER,,,37,,0,0,,,B
338335743,2021-08-10T18:13:09,43.71693,-69.28668,18.2,25.1,30,SCAMPER,,,37,,0,0,,,B
338335743,2021-08-10T18:14:10,43.72174,-69.28436,17.9,19.7,16,SCAMPER,,,37,,0,0,,,B
338335743,2021-08-10T18:15:39,43.72897,-69.2809,18.4,25.7,17,SCAMPER,,,37,,0,0,,,B
338335743,2021-08-10T18:16:40,43.73383,-69.27822,17.6,20.5,26,SCAMPER,,,37,,0,0,,,B
338335743,2021-08-10T18:10:42,43.70765,-69.29126,7.8,18.4,14,SCAMPER,,,37,,0,0,,,B
366938280,2021-08-19T14:25:20,43.72095,-69.31766,7.7,207.4,204,REVEILLE,,WDB7204,37,,12,4,,,B
366938280,2021-08-19T14:26:50,43.71813,-69.31968,7.8,209.1,203,REVEILLE,,WDB7204,37,,12,4,,,B
368156620,2021-08-13T17:24:16,43.74169,-69.30075,4.6,221.7,511,LING LING,,WDL7046,36,,14,5,,,B
368156620,2021-08-13T17:25:47,43.74021,-69.30244,5,217.8,511,LING LING,,WDL7046,36,,14,5,,,B
368156620,2021-08-13T17:27:16,43.73879,-69.30415,4.1,224.7,511,LING LING,,WDL7046,36,,14,5,,,B
368156620,2021-08-13T17:28:47,43.73742,-69.30583,4.4,222.1,511,LING LING,,WDL7046,36,,14,5,,,B
368156620,2021-08-13T17:30:16,43.7361,-69.3076,4.1,225.7,511,LING LING,,WDL7046,36,,14,5,,,B
368156620,2021-08-13T17:31:46,43.73471,-69.3093,4.4,217.3,511,LING LING,,WDL7046,36,,14,5,,,B
368156620,2021-08-13T17:33:16,43.73318,-69.311,4.3,220,511,LING LING,,WDL7046,36,,14,5,,,B
366938280,2021-08-19T14:14:24,43.74067,-69.30339,5.9,204.7,202,REVEILLE,,WDB7204,37,,12,4,,,B
366938280,2021-08-19T14:15:50,43.73837,-69.30504,6.7,208,204,REVEILLE,,WDB7204,37,,12,4,,,B
366938280,2021-08-19T14:17:22,43.73585,-69.30692,7.7,207.8,203,REVEILLE,,WDB7204,37,,12,4,,,B
366938280,2021-08-19T14:19:22,43.7321,-69.3096,7.7,207.7,203,REVEILLE,,WDB7204,37,,12,4,,,B
366938280,2021-08-19T14:20:50,43.72935,-69.31157,7.4,210.2,204,REVEILLE,,WDB7204,37,,12,4,,,B
368156620,2021-08-13T17:34:46,43.73169,-69.31258,4,214.1,511,LING LING,,WDL7046,36,,14,5,,,B
368156620,2021-08-13T17:36:16,43.73026,-69.31427,5.1,222.5,511,LING LING,,WDL7046,36,,14,5,,,B
368156620,2021-08-13T17:37:47,43.72887,-69.31605,3.6,219.8,511,LING LING,,WDL7046,36,,14,5,,,B
368156620,2021-08-13T17:39:16,43.72752,-69.31772,4,223.2,511,LING LING,,WDL7046,36,,14,5,,,B
368156620,2021-08-13T17:40:19,43.72657,-69.31894,4.4,227.7,511,LING LING,,WDL7046,36,,14,5,,,B
368156620,2021-08-13T17:41:46,43.72519,-69.32065,5,220.3,511,LING LING,,WDL7046,36,,14,5,,,B
366938280,2021-08-19T14:22:20,43.72652,-69.31357,7.4,208.9,207,REVEILLE,,WDB7204,37,,12,4,,,B
366938280,2021-08-19T14:23:50,43.72373,-69.31563,7.5,208.1,203,REVEILLE,,WDB7204,37,,12,4,,,B
368109670,2021-08-26T14:53:07,43.72965,-69.31388,17.9,251,511,ADA HALL,,WDL2177,37,,10,4,,,B
368109670,2021-08-26T14:54:10,43.72768,-69.32072,18.4,251.1,511,ADA HALL,,WDL2177,37,,10,4,,,B
368109670,2021-08-26T14:48:39,43.74041,-69.28638,18.5,236.5,511,ADA HALL,,WDL2177,37,,10,4,,,B
368109670,2021-08-26T14:50:08,43.73627,-69.29506,18,234.4,511,ADA HALL,,WDL2177,37,,10,4,,,B
368109670,2021-08-26T14:51:38,43.7326,-69.30438,18.4,243.7,511,ADA HALL,,WDL2177,37,,10,4,,,B
316038048,2021-09-01T20:05:15,43.72483,-69.27848,20.1,235.2,234,SARAH B,,,37,,15,5,,,B
368018620,2021-08-29T16:37:05,43.74147,-69.31997,6.1,102.1,106,RED HERRING,,WDJ8666,36,,0,0,,,B
368018620,2021-08-29T16:38:35,43.74089,-69.31651,5.9,104.6,107,RED HERRING,,WDJ8666,36,,0,0,,,B
368018620,2021-08-29T16:39:36,43.74048,-69.31419,6.1,103.6,107,RED HERRING,,WDJ8666,36,,0,0,,,B
368018620,2021-08-29T16:41:05,43.73988,-69.31085,6.1,104.5,107,RED HERRING,,WDJ8666,36,,0,0,,,B
368018620,2021-08-29T16:42:36,43.73924,-69.30735,6.3,103.6,107,RED HERRING,,WDJ8666,36,,0,0,,,B
368018620,2021-08-29T16:44:04,43.73861,-69.30401,6,104.8,107,RED HERRING,,WDJ8666,36,,0,0,,,B
368018620,2021-08-29T16:45:07,43.73816,-69.30163,6,105.8,107,RED HERRING,,WDJ8666,36,,0,0,,,B
368018620,2021-08-29T16:46:35,43.73753,-69.29833,6.2,106.5,105,RED HERRING,,WDJ8666,36,,0,0,,,B
368018620,2021-08-29T16:47:36,43.73712,-69.29607,6,104.2,106,RED HERRING,,WDJ8666,36,,0,0,,,B
368018620,2021-08-29T16:49:06,43.73654,-69.29263,6,101.6,106,RED HERRING,,WDJ8666,36,,0,0,,,B
368018620,2021-08-29T16:50:36,43.73599,-69.28924,6.1,102.9,106,RED HERRING,,WDJ8666,36,,0,0,,,B
368018620,2021-08-29T16:52:35,43.73523,-69.28474,6,104.2,107,RED HERRING,,WDJ8666,36,,0,0,,,B
368018620,2021-08-29T16:53:36,43.73485,-69.28242,6,102.9,107,RED HERRING,,WDJ8666,36,,0,0,,,B
368018620,2021-08-29T16:54:37,43.73446,-69.28016,6.1,101.9,108,RED HERRING,,WDJ8666,36,,0,0,,,B
368018620,2021-08-29T16:56:06,43.7339,-69.27682,6.1,105.2,106,RED HERRING,,WDJ8666,36,,0,0,,,B
368018620,2021-08-29T16:57:35,43.73338,-69.27354,6.2,101.4,107,RED HERRING,,WDJ8666,36,,0,0,,,B
316038048,2021-09-01T20:09:16,43.71273,-69.30377,19.9,236.1,235,SARAH B,,,37,,15,5,,,B
316038048,2021-09-01T20:10:49,43.70797,-69.31353,20.1,234.4,234,SARAH B,,,37,,15,5,,,B
316038048,2021-09-01T20:07:19,43.7186,-69.29134,19.8,240.2,239,SARAH B,,,37,,15,5,,,B
316038048,2021-09-01T20:06:16,43.72183,-69.28476,19.7,236.2,235,SARAH B,,,37,,15,5,,,B
368101320,2021-09-05T06:38:45,43.72578,-69.29322,5.3,112.5,511,CAT PROBLEM,,WDK9192,36,,10,3,,,B
368101320,2021-09-05T06:40:14,43.72524,-69.29042,5,106.3,511,CAT PROBLEM,,WDK9192,36,,10,3,,,B
368101320,2021-09-05T06:41:44,43.7247,-69.28765,4.9,109.5,511,CAT PROBLEM,,WDK9192,36,,10,3,,,B
368101320,2021-09-05T06:43:14,43.72369,-69.2851,5.3,126.9,511,CAT PROBLEM,,WDK9192,36,,10,3,,,B
368101320,2021-09-05T06:44:44,43.72219,-69.28289,5,144.8,511,CAT PROBLEM,,WDK9192,36,,10,3,,,B
368101320,2021-09-05T06:46:13,43.72065,-69.28079,5,128.6,511,CAT PROBLEM,,WDK9192,36,,10,3,,,B
368101320,2021-09-05T06:47:15,43.71962,-69.27927,5.2,131.6,511,CAT PROBLEM,,WDK9192,36,,10,3,,,B
368101320,2021-09-05T06:48:44,43.71819,-69.27703,5.2,129.8,511,CAT PROBLEM,,WDK9192,36,,10,3,,,B
368101320,2021-09-05T06:50:15,43.7171,-69.27453,4.8,114.6,511,CAT PROBLEM,,WDK9192,36,,10,3,,,B
368101320,2021-09-05T06:51:43,43.71617,-69.27207,4.9,116,511,CAT PROBLEM,,WDK9192,36,,10,3,,,B
368101320,2021-09-05T06:24:46,43.73386,-69.31902,5,99,511,CAT PROBLEM,,WDK9192,36,,10,3,,,B
368101320,2021-09-05T06:26:14,43.73341,-69.31612,5.3,102.4,511,CAT PROBLEM,,WDK9192,36,,10,3,,,B
368101320,2021-09-05T06:27:43,43.73289,-69.31313,5.4,109.5,511,CAT PROBLEM,,WDK9192,36,,10,3,,,B
368101320,2021-09-05T06:29:13,43.73208,-69.31022,5.5,114.4,511,CAT PROBLEM,,WDK9192,36,,10,3,,,B
368101320,2021-09-05T06:30:14,43.73151,-69.30826,5.5,112.8,511,CAT PROBLEM,,WDK9192,36,,10,3,,,B
368101320,2021-09-05T06:31:44,43.73083,-69.30531,5.3,102,511,CAT PROBLEM,,WDK9192,36,,10,3,,,B
368101320,2021-09-05T06:32:47,43.73037,-69.30329,5.5,107.7,511,CAT PROBLEM,,WDK9192,36,,10,3,,,B
368101320,2021-09-05T06:34:15,43.72946,-69.30051,5.6,119.5,511,CAT PROBLEM,,WDK9192,36,,10,3,,,B
368101320,2021-09-05T06:35:44,43.72795,-69.29825,4.8,134.4,511,CAT PROBLEM,,WDK9192,36,,10,3,,,B
368101320,2021-09-05T06:37:13,43.72672,-69.29597,5,125.9,511,CAT PROBLEM,,WDK9192,36,,10,3,,,B
367761910,2021-09-27T11:00:39,43.70797,-69.29477,4.9,21.2,511,TASMAN,,WDJ2807,36,,12,4,,,B
367761910,2021-09-27T11:02:09,43.70985,-69.29338,5.4,27.5,511,TASMAN,,WDJ2807,36,,12,4,,,B
367761910,2021-09-27T11:03:38,43.71168,-69.29173,4.8,33.6,511,TASMAN,,WDJ2807,36,,12,4,,,B
367761910,2021-09-27T11:05:10,43.71369,-69.29025,5.8,36.3,511,TASMAN,,WDJ2807,36,,12,4,,,B
367761910,2021-09-27T11:06:39,43.71561,-69.28889,5,20.1,511,TASMAN,,WDJ2807,36,,12,4,,,B
367761910,2021-09-27T11:08:11,43.71759,-69.28742,4.9,25.1,511,TASMAN,,WDJ2807,36,,12,4,,,B
367761910,2021-09-27T11:09:39,43.71952,-69.28601,6,30.4,511,TASMAN,,WDJ2807,36,,12,4,,,B
367761910,2021-09-27T11:10:40,43.72086,-69.28505,5.9,27.4,511,TASMAN,,WDJ2807,36,,12,4,,,B
367761910,2021-09-27T11:12:09,43.72278,-69.28367,6.2,31.7,511,TASMAN,,WDJ2807,36,,12,4,,,B
367761910,2021-09-27T11:13:10,43.72412,-69.28272,5.2,29.6,511,TASMAN,,WDJ2807,36,,12,4,,,B
367761910,2021-09-27T11:15:08,43.72676,-69.28087,5.8,20.8,511,TASMAN,,WDJ2807,36,,12,4,,,B
367761910,2021-09-27T11:16:39,43.72873,-69.27945,5.3,21.9,511,TASMAN,,WDJ2807,36,,12,4,,,B
367761910,2021-09-27T11:18:08,43.73068,-69.27807,4.5,25.1,511,TASMAN,,WDJ2807,36,,12,4,,,B
367761910,2021-09-27T11:19:09,43.73196,-69.27716,5.6,30.9,511,TASMAN,,WDJ2807,36,,12,4,,,B
367761910,2021-09-27T11:20:38,43.73389,-69.27582,4.8,18,511,TASMAN,,WDJ2807,36,,12,4,,,B
367761910,2021-09-27T11:21:39,43.73518,-69.27487,4.9,29.8,511,TASMAN,,WDJ2807,36,,12,4,,,B
367761910,2021-09-27T11:23:38,43.73765,-69.27298,4.8,28.7,511,TASMAN,,WDJ2807,36,,12,4,,,B
367761910,2021-09-27T11:25:08,43.73954,-69.27152,5,23.3,511,TASMAN,,WDJ2807,36,,12,4,,,B
368222830,2021-11-17T04:22:29,43.73733,-69.30067,9,74,70,LT805,,WDM6173,52,0,11,0,6,52,A
368222830,2021-11-17T04:23:33,43.738,-69.29718,9.3,69,70,LT805,,WDM6173,52,0,11,0,6,52,A
368222830,2021-11-17T04:24:34,43.73868,-69.29384,9,73,68,LT805,,WDM6173,52,0,11,0,6,52,A
368222830,2021-11-17T04:25:41,43.7395,-69.29017,9.1,71,69,LT805,,WDM6173,52,0,11,0,6,52,A
368222830,2021-11-17T04:26:44,43.7402,-69.28667,9.1,67,68,LT805,,WDM6173,52,0,11,0,6,52,A
368222830,2021-11-17T04:27:47,43.74094,-69.28316,9.1,76,69,LT805,,WDM6173,52,0,11,0,6,52,A
368222830,2021-11-17T04:28:51,43.74167,-69.27967,9.2,73,71,LT805,,WDM6173,52,0,11,0,6,52,A
368222830,2021-11-17T04:17:10,43.73369,-69.31846,9.4,72,70,LT805,,WDM6173,52,0,11,0,6,52,A
368222830,2021-11-17T04:18:11,43.73434,-69.31506,9.4,76,70,LT805,,WDM6173,52,0,11,0,6,52,A
368222830,2021-11-17T04:19:14,43.735,-69.3115,9.3,73,70,LT805,,WDM6173,52,0,11,0,6,52,A
368222830,2021-11-17T04:20:20,43.73579,-69.30784,9.1,78,70,LT805,,WDM6173,52,0,11,0,6,52,A
368222830,2021-11-17T04:21:24,43.73653,-69.30436,8.8,75,71,LT805,,WDM6173,52,0,11,0,6,52,A
319448000,2021-06-27T11:07:06,43.70748,-69.29945,12.4,49.4,511,ONE MORE TOY,IMO8986808,ZCFS9,37,0,47,8,2.9,37,A
319448000,2021-06-27T11:08:17,43.71079,-69.29673,12.3,26.3,511,ONE MORE TOY,IMO8986808,ZCFS9,37,0,47,8,2.9,37,A
319448000,2021-06-27T11:09:36,43.715,-69.29435,12,18.1,511,ONE MORE TOY,IMO8986808,ZCFS9,37,0,47,8,2.9,37,A
319448000,2021-06-27T11:10:46,43.71866,-69.29248,12.5,21.9,511,ONE MORE TOY,IMO8986808,ZCFS9,37,0,47,8,2.9,37,A
319448000,2021-06-27T11:11:47,43.72195,-69.29066,11.2,21.8,511,ONE MORE TOY,IMO8986808,ZCFS9,37,0,47,8,2.9,37,A
319448000,2021-06-27T11:12:56,43.72561,-69.28872,11.3,21.4,511,ONE MORE TOY,IMO8986808,ZCFS9,37,0,47,8,2.9,37,A
319448000,2021-06-27T11:13:57,43.72881,-69.28712,11.5,17,511,ONE MORE TOY,IMO8986808,ZCFS9,37,0,47,8,2.9,37,A
319448000,2021-06-27T11:15:07,43.73244,-69.28538,11.7,19.6,511,ONE MORE TOY,IMO8986808,ZCFS9,37,0,47,8,2.9,37,A
319448000,2021-06-27T11:16:17,43.73614,-69.28355,11.1,19,511,ONE MORE TOY,IMO8986808,ZCFS9,37,0,47,8,2.9,37,A
319448000,2021-06-27T11:17:27,43.73983,-69.28164,12.8,21.8,511,ONE MORE TOY,IMO8986808,ZCFS9,37,0,47,8,2.9,37,A
316026506,2021-07-16T14:16:06,43.71489,-69.32059,5.7,31,29,ZOOROPA,,CFK5109,36,,,,,,B
316026506,2021-07-16T14:17:33,43.71696,-69.31901,5.7,24.6,28,ZOOROPA,,CFK5109,36,,,,,,B
316026506,2021-07-16T14:18:34,43.71837,-69.31795,6.1,25.4,24,ZOOROPA,,CFK5109,36,,,,,,B
316026506,2021-07-16T14:20:03,43.72048,-69.31633,5.6,29.2,27,ZOOROPA,,CFK5109,36,,,,,,B
316026506,2021-07-16T14:21:05,43.72194,-69.31522,6.8,29.5,31,ZOOROPA,,CFK5109,36,,,,,,B
316026506,2021-07-16T14:22:34,43.72402,-69.31371,5.8,30.8,31,ZOOROPA,,CFK5109,36,,,,,,B
316026506,2021-07-16T14:24:04,43.72614,-69.31206,5.5,29.3,27,ZOOROPA,,CFK5109,36,,,,,,B
316026506,2021-07-16T14:25:05,43.72759,-69.31095,5.8,27.5,26,ZOOROPA,,CFK5109,36,,,,,,B
316026506,2021-07-16T14:26:35,43.72973,-69.30928,6.6,30.2,26,ZOOROPA,,CFK5109,36,,,,,,B
316026506,2021-07-16T14:27:39,43.7313,-69.30817,5.9,27.2,26,ZOOROPA,,CFK5109,36,,,,,,B
316026506,2021-07-16T14:29:07,43.73337,-69.3065,5.5,29.6,27,ZOOROPA,,CFK5109,36,,,,,,B
316026506,2021-07-16T14:30:39,43.73551,-69.30473,5.9,30.3,30,ZOOROPA,,CFK5109,36,,,,,,B
316026506,2021-07-16T14:32:05,43.73752,-69.30309,5.6,36.1,29,ZOOROPA,,CFK5109,36,,,,,,B
316026506,2021-07-16T14:33:35,43.73967,-69.30132,5.6,31.1,31,ZOOROPA,,CFK5109,36,,,,,,B
316026506,2021-07-16T14:35:04,43.74181,-69.29955,5.8,34.4,30,ZOOROPA,,CFK5109,36,,,,,,B
378299000,2021-08-14T21:50:27,43.73335,-69.29287,7.5,200.3,197,AVIDA,,ZJL8132,,,,,,,B
378299000,2021-08-14T21:46:27,43.74107,-69.28934,7.5,194.5,193,AVIDA,,ZJL8132,,,,,,,B
378299000,2021-08-14T21:47:57,43.73822,-69.29057,7.2,197.9,197,AVIDA,,ZJL8132,,,,,,,B
378299000,2021-08-14T21:48:58,43.73625,-69.29147,7.3,198.4,195,AVIDA,,ZJL8132,,,,,,,B
378299000,2021-08-14T21:56:27,43.72211,-69.29978,7.2,204.5,201,AVIDA,,ZJL8132,,,,,,,B
378299000,2021-08-14T21:57:29,43.72026,-69.30101,7.3,206,203,AVIDA,,ZJL8132,,,,,,,B
378299000,2021-08-14T21:59:28,43.71663,-69.30325,7.2,204.8,203,AVIDA,,ZJL8132,,,,,,,B
378299000,2021-08-14T22:00:27,43.71481,-69.30432,7.3,205.3,202,AVIDA,,ZJL8132,,,,,,,B
378299000,2021-08-14T22:01:59,43.71197,-69.30608,7.3,203.6,205,AVIDA,,ZJL8132,,,,,,,B
378299000,2021-08-14T22:03:27,43.70932,-69.30779,7.4,206.8,203,AVIDA,,ZJL8132,,,,,,,B
378299000,2021-08-14T22:04:28,43.70742,-69.30887,7.1,195.4,195,AVIDA,,ZJL8132,,,,,,,B
378299000,2021-08-14T21:53:27,43.72769,-69.29636,7.4,205.2,201,AVIDA,,ZJL8132,,,,,,,B
378299000,2021-08-14T21:54:29,43.72581,-69.29751,7.4,205,202,AVIDA,,ZJL8132,,,,,,,B
303599000,2021-10-13T20:34:28,43.72196,-69.27292,10.2,261,259,MYSTERY BAY,IMO7366831,WBD2473,30,0,54,11,3.6,37,A
303599000,2021-10-13T20:35:30,43.72149,-69.27696,10.3,260.6,256,MYSTERY BAY,IMO7366831,WBD2473,30,0,54,11,3.6,37,A
303599000,2021-10-13T20:36:32,43.721,-69.28086,10.2,259.8,258,MYSTERY BAY,IMO7366831,WBD2473,30,0,54,11,3.6,37,A
303599000,2021-10-13T20:37:33,43.72051,-69.28483,10.2,260.8,256,MYSTERY BAY,IMO7366831,WBD2473,30,0,54,11,3.6,37,A
303599000,2021-10-13T20:38:34,43.72005,-69.28872,10.1,261.4,258,MYSTERY BAY,IMO7366831,WBD2473,30,0,54,11,3.6,37,A
303599000,2021-10-13T20:39:36,43.71955,-69.29272,10.4,264.4,257,MYSTERY BAY,IMO7366831,WBD2473,30,0,54,11,3.6,37,A
303599000,2021-10-13T20:40:41,43.71906,-69.29684,9.9,257.9,256,MYSTERY BAY,IMO7366831,WBD2473,30,0,54,11,3.6,37,A
303599000,2021-10-13T20:41:44,43.71859,-69.30091,10,261.3,257,MYSTERY BAY,IMO7366831,WBD2473,30,0,54,11,3.6,37,A
303599000,2021-10-13T20:42:49,43.71806,-69.30507,10.1,263.8,257,MYSTERY BAY,IMO7366831,WBD2473,30,0,54,11,3.6,37,A
303599000,2021-10-13T20:43:51,43.71756,-69.30903,9.9,257.8,256,MYSTERY BAY,IMO7366831,WBD2473,30,0,54,11,3.6,37,A
303599000,2021-10-13T20:44:52,43.71712,-69.31294,10.1,259.1,255,MYSTERY BAY,IMO7366831,WBD2473,30,0,54,11,3.6,37,A
303599000,2021-10-13T20:45:53,43.71665,-69.31685,10.2,261.2,254,MYSTERY BAY,IMO7366831,WBD2473,30,0,54,11,3.6,37,A
303599000,2021-10-13T20:46:55,43.71618,-69.32083,10.1,263,257,MYSTERY BAY,IMO7366831,WBD2473,30,0,54,11,3.6,37,A
367668270,2021-09-13T12:31:07,43.7236,-69.28416,6,204,511,ARTEMIS,,WDH9458,37,,11,,,,B
367668270,2021-09-13T12:32:36,43.72126,-69.28564,6.1,206.5,511,ARTEMIS,,WDH9458,37,,11,,,,B
367668270,2021-09-13T12:34:05,43.71891,-69.28712,6.2,208.3,511,ARTEMIS,,WDH9458,37,,11,,,,B
367668270,2021-09-13T12:35:08,43.71725,-69.28818,6.4,203.9,511,ARTEMIS,,WDH9458,37,,11,,,,B
367668270,2021-09-13T12:36:36,43.71489,-69.28968,6.7,210.2,511,ARTEMIS,,WDH9458,37,,11,,,,B
367668270,2021-09-13T12:38:05,43.71248,-69.29124,6.6,204.1,511,ARTEMIS,,WDH9458,37,,11,,,,B
367668270,2021-09-13T12:39:36,43.71006,-69.29276,6.1,204.7,511,ARTEMIS,,WDH9458,37,,11,,,,B
367668270,2021-09-13T12:41:05,43.70765,-69.29422,6.3,201.8,511,ARTEMIS,,WDH9458,37,,11,,,,B
367668270,2021-09-13T12:20:08,43.74151,-69.27278,6.3,206.2,511,ARTEMIS,,WDH9458,37,,11,,,,B
367668270,2021-09-13T12:21:35,43.73913,-69.27428,6.4,204.6,511,ARTEMIS,,WDH9458,37,,11,,,,B
367668270,2021-09-13T12:23:07,43.73662,-69.27587,5.7,204.5,511,ARTEMIS,,WDH9458,37,,11,,,,B
367668270,2021-09-13T12:24:08,43.73497,-69.27696,6.3,204.9,511,ARTEMIS,,WDH9458,37,,11,,,,B
367668270,2021-09-13T12:25:36,43.73254,-69.27849,6.6,203.4,511,ARTEMIS,,WDH9458,37,,11,,,,B
367668270,2021-09-13T12:27:05,43.7301,-69.28003,6.5,208.1,511,ARTEMIS,,WDH9458,37,,11,,,,B
367668270,2021-09-13T12:28:35,43.72766,-69.28156,6.2,204.3,511,ARTEMIS,,WDH9458,37,,11,,,,B
367668270,2021-09-13T12:29:36,43.72602,-69.28263,6.2,204.6,511,ARTEMIS,,WDH9458,37,,11,,,,B
338237254,2021-08-09T15:56:03,43.72647,-69.29375,6.4,209.4,511,ABIGAIL,,,37,,,,,,B
338237254,2021-08-09T15:57:32,43.72399,-69.29494,6.5,201.1,511,ABIGAIL,,,37,,,,,,B
338237254,2021-08-09T15:59:01,43.72156,-69.29633,7.4,202.5,511,ABIGAIL,,,37,,,,,,B
338237254,2021-08-09T16:00:01,43.71989,-69.29712,6.9,203.1,511,ABIGAIL,,,37,,,,,,B
338237254,2021-08-09T16:01:32,43.71755,-69.29874,6.5,206.6,511,ABIGAIL,,,37,,,,,,B
338237254,2021-08-09T16:03:00,43.71528,-69.30026,6.2,205.6,511,ABIGAIL,,,37,,,,,,B
338237254,2021-08-09T16:04:31,43.71291,-69.30179,6.9,200.7,511,ABIGAIL,,,37,,,,,,B
338237254,2021-08-09T16:06:31,43.7098,-69.30379,6.2,216.8,511,ABIGAIL,,,37,,,,,,B
338237254,2021-08-09T15:47:01,43.73995,-69.28447,5.2,207,511,ABIGAIL,,,37,,,,,,B
338237254,2021-08-09T15:48:31,43.73777,-69.28619,5.4,200.1,511,ABIGAIL,,,37,,,,,,B
338237254,2021-08-09T15:50:02,43.73551,-69.28758,5.7,208.1,511,ABIGAIL,,,37,,,,,,B
338237254,2021-08-09T15:51:30,43.73335,-69.2892,6,216.6,511,ABIGAIL,,,37,,,,,,B
338237254,2021-08-09T15:52:31,43.73177,-69.29003,5.6,203,511,ABIGAIL,,,37,,,,,,B
338237254,2021-08-09T15:53:33,43.73023,-69.29121,5.1,206.4,511,ABIGAIL,,,37,,,,,,B
338237254,2021-08-09T15:55:02,43.72805,-69.2926,6.6,208.8,511,ABIGAIL,,,37,,,,,,B
338237254,2021-08-09T16:08:00,43.70761,-69.30551,5.4,210.5,511,ABIGAIL,,,37,,,,,,B
367451740,2021-08-03T16:26:57,43.73786,-69.30307,8.5,203,511,WINDWALKER,,WDF4424,37,,18,4,,,B
367451740,2021-08-03T16:27:58,43.73565,-69.30425,8.4,200.5,511,WINDWALKER,,WDF4424,37,,18,4,,,B
367451740,2021-08-03T16:28:59,43.73344,-69.30548,8.3,203.3,511,WINDWALKER,,WDF4424,37,,18,4,,,B
367451740,2021-08-03T16:30:27,43.73023,-69.30729,8.9,203.5,511,WINDWALKER,,WDF4424,37,,18,4,,,B
367451740,2021-08-03T16:31:29,43.728,-69.30849,8.5,202.8,511,WINDWALKER,,WDF4424,37,,18,4,,,B
367451740,2021-08-03T16:32:58,43.72478,-69.31026,8.4,198.4,511,WINDWALKER,,WDF4424,37,,18,4,,,B
367451740,2021-08-03T16:34:00,43.72252,-69.31144,8.7,200.3,511,WINDWALKER,,WDF4424,37,,18,4,,,B
367451740,2021-08-03T16:35:28,43.71936,-69.31317,8.1,207,511,WINDWALKER,,WDF4424,37,,18,4,,,B
367451740,2021-08-03T16:36:29,43.7172,-69.31439,8.1,205.2,511,WINDWALKER,,WDF4424,37,,18,4,,,B
367451740,2021-08-03T16:37:58,43.71402,-69.31615,8,202.9,511,WINDWALKER,,WDF4424,37,,18,4,,,B
367451740,2021-08-03T16:39:27,43.71083,-69.3179,8.2,202.5,511,WINDWALKER,,WDF4424,37,,18,4,,,B
367451740,2021-08-03T16:40:28,43.70873,-69.31903,8.2,202.5,511,WINDWALKER,,WDF4424,37,,18,4,,,B
367451740,2021-08-03T16:41:29,43.70661,-69.32034,7.7,201.9,511,WINDWALKER,,WDF4424,37,,18,4,,,B
367451740,2021-08-03T16:25:30,43.74106,-69.30128,8.4,202.6,511,WINDWALKER,,WDF4424,37,,18,4,,,B
368170950,2021-06-01T18:01:13,43.73829,-69.31986,18.3,33.7,32,NAMHARA,,WDL8586,37,0,20,6,2,37,A
368158730,2021-08-07T13:24:17,43.74152,-69.31129,12.6,87.9,86,TO-KALON,,WDL7276,37,0,30,8,1.9,37,A
368158730,2021-08-07T13:25:21,43.74174,-69.3061,12.7,86.8,85,TO-KALON,,WDL7276,37,0,30,8,1.9,37,A
368158730,2021-08-07T13:26:23,43.74201,-69.30115,12.6,82.5,80,TO-KALON,,WDL7276,37,0,30,8,1.9,37,A
368158730,2021-08-07T13:23:06,43.74127,-69.31711,12.6,88.5,87,TO-KALON,,WDL7276,37,0,30,8,1.9,37,A
538070743,2021-06-25T15:05:42,43.7122,-69.31925,11.5,83.6,81,LADY M I I,IMO1004819,V7UL4,37,0,49,9,3.8,37,A
538070743,2021-06-25T15:06:50,43.71263,-69.31419,11.5,83.5,81,LADY M I I,IMO1004819,V7UL4,37,0,49,9,3.8,37,A
538070743,2021-06-25T15:08:00,43.71309,-69.30907,11.7,83.3,82,LADY M I I,IMO1004819,V7UL4,37,0,49,9,3.8,37,A
538070743,2021-06-25T15:09:11,43.71355,-69.30393,11.8,83.9,81,LADY M I I,IMO1004819,V7UL4,37,0,49,9,3.8,37,A
538070743,2021-06-25T15:10:21,43.71404,-69.29879,11.8,82.6,81,LADY M I I,IMO1004819,V7UL4,37,0,49,9,3.8,37,A
538070743,2021-06-25T15:11:30,43.71453,-69.29369,11.4,82.4,81,LADY M I I,IMO1004819,V7UL4,37,0,49,9,3.8,37,A
538070743,2021-06-25T15:12:42,43.71503,-69.28844,11.4,83.1,81,LADY M I I,IMO1004819,V7UL4,37,0,49,9,3.8,37,A
538070743,2021-06-25T15:13:52,43.71555,-69.28333,11.3,83.8,81,LADY M I I,IMO1004819,V7UL4,37,0,49,9,3.8,37,A
538070743,2021-06-25T15:14:54,43.71582,-69.27878,11.6,89.7,90,LADY M I I,IMO1004819,V7UL4,37,0,49,9,3.8,37,A
538070743,2021-06-25T15:16:01,43.71571,-69.27385,11.5,85.6,87,LADY M I I,IMO1004819,V7UL4,37,0,49,9,3.8,37,A
367678870,2021-08-19T15:40:30,43.73984,-69.31138,6.3,35.4,511,BALLYHOO,,WDI2506,37,,13,4,,,B
367678870,2021-08-19T15:34:33,43.73056,-69.32055,6.4,37.1,511,BALLYHOO,,WDI2506,37,,13,4,,,B
367678870,2021-08-19T15:36:01,43.73286,-69.31826,7.4,39.6,511,BALLYHOO,,WDI2506,37,,13,4,,,B
367678870,2021-08-19T15:37:33,43.73524,-69.31597,6.7,32.9,511,BALLYHOO,,WDI2506,37,,13,4,,,B
367678870,2021-08-19T15:39:00,43.73752,-69.31373,8.2,35.4,511,BALLYHOO,,WDI2506,37,,13,4,,,B
368100920,2021-09-05T15:26:04,43.72752,-69.27663,20.4,258.8,257,DREAMS,IMO9814313,WDK9149,37,0,38,8,0,37,A
368100920,2021-09-05T15:27:10,43.72636,-69.28503,20.3,260.7,259,DREAMS,IMO9814313,WDK9149,37,0,38,8,0,37,A
368100920,2021-09-05T15:28:11,43.7255,-69.29273,20.4,261.3,261,DREAMS,IMO9814313,WDK9149,37,0,38,8,0,37,A
368100920,2021-09-05T15:29:16,43.72462,-69.30123,20.4,261.3,260,DREAMS,IMO9814313,WDK9149,37,0,38,8,0,37,A
368100920,2021-09-05T15:30:22,43.72372,-69.30975,20.5,261,260,DREAMS,IMO9814313,WDK9149,37,0,38,8,0,37,A
368100920,2021-09-05T15:31:29,43.72283,-69.31823,20.4,261.4,259,DREAMS,IMO9814313,WDK9149,37,0,38,8,0,37,A
368100920,2021-07-14T17:12:53,43.7382,-69.31649,13.4,92.4,97,DREAMS,IMO9814313,WDK9149,37,0,38,8,0,30,A
368100920,2021-07-14T17:14:02,43.73803,-69.31058,13.2,92,97,DREAMS,IMO9814313,WDK9149,37,0,38,8,0,30,A
368100920,2021-07-14T17:15:12,43.73792,-69.30466,13.2,90.7,95,DREAMS,IMO9814313,WDK9149,37,0,38,8,0,30,A
368100920,2021-07-14T17:16:22,43.7379,-69.29892,13.2,88.2,94,DREAMS,IMO9814313,WDK9149,37,0,38,8,0,30,A
368100920,2021-07-14T17:17:32,43.73799,-69.29284,13.3,87.6,88,DREAMS,IMO9814313,WDK9149,37,0,38,8,0,30,A
368100920,2021-07-14T17:18:42,43.73838,-69.28713,13.2,85.5,91,DREAMS,IMO9814313,WDK9149,37,0,38,8,0,30,A
368100920,2021-07-14T17:19:53,43.73882,-69.2811,13.1,84.5,90,DREAMS,IMO9814313,WDK9149,37,0,38,8,0,30,A
368100920,2021-07-14T17:21:02,43.73923,-69.27526,13.2,85.3,90,DREAMS,IMO9814313,WDK9149,37,0,38,8,0,30,A
368094860,2021-02-26T18:37:52,43.71206,-69.28312,15.6,350.7,511,THAT'S MY BOYS,,WDK8509,30,,14,6,,,B
368094860,2021-02-26T18:39:21,43.71846,-69.28449,15.6,351.3,511,THAT'S MY BOYS,,WDK8509,30,,14,6,,,B
368094860,2021-02-26T18:40:53,43.72506,-69.28548,15.6,356.2,511,THAT'S MY BOYS,,WDK8509,30,,14,6,,,B
368094860,2021-02-26T18:41:56,43.72951,-69.28617,15.5,353.9,511,THAT'S MY BOYS,,WDK8509,30,,14,6,,,B
368094860,2021-02-26T18:43:53,43.73795,-69.28764,15.8,353.2,511,THAT'S MY BOYS,,WDK8509,30,,14,6,,,B
368094860,2021-02-28T18:44:45,43.72715,-69.27211,17.2,343.6,511,THAT'S MY BOYS,,WDK8509,30,,14,6,,,B
368094860,2021-02-28T18:45:46,43.73172,-69.2741,18.2,341,511,THAT'S MY BOYS,,WDK8509,30,,14,6,,,B
368094860,2021-02-28T18:47:16,43.73872,-69.2769,18,343.7,511,THAT'S MY BOYS,,WDK8509,30,,14,6,,,B
368094860,2021-03-08T18:07:39,43.72712,-69.27348,16.7,346.5,511,THAT'S MY BOYS,,WDK8509,30,,14,6,,,B
368094860,2021-03-08T18:08:40,43.73169,-69.27549,17,347.2,511,THAT'S MY BOYS,,WDK8509,30,,14,6,,,B
368094860,2021-03-08T18:10:40,43.74074,-69.27899,16.8,343.8,511,THAT'S MY BOYS,,WDK8509,30,,14,6,,,B
338234542,2021-03-21T12:39:05,43.71941,-69.27131,24,284.9,511,ISAAC & COLBY,,NONE,30,,7,12,,,B
338234542,2021-03-21T12:40:35,43.72234,-69.28468,24.3,286.4,511,ISAAC & COLBY,,NONE,30,,7,12,,,B
338234542,2021-03-21T12:41:37,43.72433,-69.29376,23.2,286.1,511,ISAAC & COLBY,,NONE,30,,7,12,,,B
338234542,2021-03-21T12:43:33,43.72827,-69.31081,24,287.6,511,ISAAC & COLBY,,NONE,30,,7,12,,,B
338234542,2021-03-21T12:44:34,43.73019,-69.31962,23.8,285.9,511,ISAAC & COLBY,,NONE,30,,7,12,,,B
368094860,2021-03-21T16:23:41,43.73672,-69.27483,21,338.9,511,THAT'S MY BOYS,,WDK8509,30,,14,6,,,B
368094860,2021-04-03T19:15:09,43.72707,-69.27262,17,344.8,511,THAT'S MY BOYS,,WDK8509,30,,14,6,,,B
368094860,2021-04-03T19:17:08,43.73578,-69.27648,17,340.3,511,THAT'S MY BOYS,,WDK8509,30,,14,6,,,B
368094860,2021-04-15T17:50:03,43.70833,-69.27339,9.4,343.6,511,THAT'S MY BOYS,,WDK8509,30,,14,6,,,B
368094860,2021-04-15T17:51:32,43.71208,-69.27462,9,345.2,511,THAT'S MY BOYS,,WDK8509,30,,14,6,,,B
368094860,2021-04-15T17:53:03,43.71588,-69.27586,9.5,346,511,THAT'S MY BOYS,,WDK8509,30,,14,6,,,B
368094860,2021-04-15T17:54:32,43.71959,-69.2771,9,346.1,511,THAT'S MY BOYS,,WDK8509,30,,14,6,,,B
368094860,2021-04-15T17:55:33,43.72213,-69.27797,9.8,345.4,511,THAT'S MY BOYS,,WDK8509,30,,14,6,,,B
368094860,2021-04-15T17:57:03,43.72633,-69.27932,12,345.6,511,THAT'S MY BOYS,,WDK8509,30,,14,6,,,B
368094860,2021-04-15T17:58:33,43.73162,-69.28083,13.4,341.5,511,THAT'S MY BOYS,,WDK8509,30,,14,6,,,B
368094860,2021-04-15T17:59:34,43.73535,-69.28205,13.5,348,511,THAT'S MY BOYS,,WDK8509,30,,14,6,,,B
368094860,2021-04-15T18:00:06,43.73739,-69.28274,14.5,344.5,511,THAT'S MY BOYS,,WDK8509,30,,14,6,,,B
368094860,2021-04-25T18:00:02,43.71025,-69.2786,13.4,342.1,511,THAT'S MY BOYS,,WDK8509,30,,14,6,,,B
368094860,2021-04-25T18:01:03,43.71417,-69.27899,12.9,353.4,511,THAT'S MY BOYS,,WDK8509,30,,14,6,,,B
368094860,2021-04-25T18:02:32,43.71952,-69.28061,12.7,353,511,THAT'S MY BOYS,,WDK8509,30,,14,6,,,B
368094860,2021-04-25T18:04:03,43.72551,-69.28162,14.1,346.4,511,THAT'S MY BOYS,,WDK8509,30,,14,6,,,B
368094860,2021-04-25T18:05:31,43.73115,-69.28238,14.7,353,511,THAT'S MY BOYS,,WDK8509,30,,14,6,,,B
368094860,2021-04-25T18:06:33,43.73528,-69.28291,15.4,1.8,511,THAT'S MY BOYS,,WDK8509,30,,14,6,,,B
368094860,2021-05-13T08:07:12,43.70828,-69.32095,16.8,150.6,511,THAT'S MY BOYS,,WDK8509,30,,14,6,,,B
368094860,2021-05-15T08:07:48,43.73709,-69.2837,15.7,165.5,511,THAT'S MY BOYS,,WDK8509,30,,14,6,,,B
368094860,2021-05-15T08:09:18,43.73075,-69.28169,15.2,166.1,511,THAT'S MY BOYS,,WDK8509,30,,14,6,,,B
368094860,2021-05-15T08:10:19,43.72649,-69.28035,15.1,169.2,511,THAT'S MY BOYS,,WDK8509,30,,14,6,,,B
368094860,2021-05-15T08:12:47,43.71622,-69.27666,15.3,167,511,THAT'S MY BOYS,,WDK8509,30,,14,6,,,B
368094860,2021-05-15T08:13:48,43.712,-69.27512,15.3,164.2,511,THAT'S MY BOYS,,WDK8509,30,,14,6,,,B
368094860,2021-05-24T08:13:08,43.73739,-69.28305,15.6,165.8,511,THAT'S MY BOYS,,WDK8509,30,,14,6,,,B
368094860,2021-05-24T08:14:39,43.73103,-69.28116,15,170.8,511,THAT'S MY BOYS,,WDK8509,30,,14,6,,,B
368094860,2021-05-24T08:16:08,43.72491,-69.27925,15.5,167.6,511,THAT'S MY BOYS,,WDK8509,30,,14,6,,,B
368094860,2021-05-24T08:17:39,43.71846,-69.27735,14.5,167.7,511,THAT'S MY BOYS,,WDK8509,30,,14,6,,,B
368094860,2021-05-24T08:19:08,43.71227,-69.27561,15.4,169.2,511,THAT'S MY BOYS,,WDK8509,30,,14,6,,,B
368094860,2021-05-24T08:20:09,43.70805,-69.27432,15.7,166.5,511,THAT'S MY BOYS,,WDK8509,30,,14,6,,,B
368094860,2021-05-28T15:54:53,43.70846,-69.31987,13.3,338.4,511,THAT'S MY BOYS,,WDK8509,30,,14,6,,,B
368094860,2021-06-02T08:11:22,43.73922,-69.28277,16.4,165.2,511,THAT'S MY BOYS,,WDK8509,30,,14,6,,,B
368094860,2021-06-02T08:12:56,43.73283,-69.28073,14.9,167.1,511,THAT'S MY BOYS,,WDK8509,30,,14,6,,,B
368094860,2021-06-02T08:14:51,43.72504,-69.27831,15.6,168.9,511,THAT'S MY BOYS,,WDK8509,30,,14,6,,,B
368094860,2021-06-02T08:15:52,43.72103,-69.27709,14.5,163.3,511,THAT'S MY BOYS,,WDK8509,30,,14,6,,,B
368094860,2021-06-02T08:17:22,43.71498,-69.27525,15.8,168.3,511,THAT'S MY BOYS,,WDK8509,30,,14,6,,,B
368094860,2021-06-02T08:18:51,43.70895,-69.27339,13.8,170.8,511,THAT'S MY BOYS,,WDK8509,30,,14,6,,,B
338395297,2021-06-08T13:36:14,43.73985,-69.31241,28.6,79.8,511,ZADA MAC,,,37,,19,6,,,B
338395297,2021-06-08T13:37:18,43.74166,-69.30079,28,79.7,511,ZADA MAC,,,37,,19,6,,,B
368094860,2021-06-10T08:17:13,43.73801,-69.28872,15.8,161.9,511,THAT'S MY BOYS,,WDK8509,30,,14,6,,,B
368094860,2021-06-10T08:18:43,43.73152,-69.28608,15.9,166,511,THAT'S MY BOYS,,WDK8509,30,,14,6,,,B
368094860,2021-06-10T08:20:12,43.7251,-69.28329,16.3,164.6,511,THAT'S MY BOYS,,WDK8509,30,,14,6,,,B
368094860,2021-06-10T08:21:42,43.71856,-69.2806,16,164.7,511,THAT'S MY BOYS,,WDK8509,30,,14,6,,,B
368094860,2021-06-10T08:23:12,43.71196,-69.27832,16.6,167.8,511,THAT'S MY BOYS,,WDK8509,30,,14,6,,,B
368094860,2021-06-24T19:13:16,43.70989,-69.30009,3.5,342.7,511,THAT'S MY BOYS,,WDK8509,30,,14,6,,,B
368094860,2021-06-24T19:14:45,43.71039,-69.3004,0.6,305.3,511,THAT'S MY BOYS,,WDK8509,30,,14,6,,,B
368094860,2021-06-24T19:16:14,43.7123,-69.30039,13.4,2.3,511,THAT'S MY BOYS,,WDK8509,30,,14,6,,,B
368094860,2021-06-24T19:17:15,43.71599,-69.30088,14.2,5.2,511,THAT'S MY BOYS,,WDK8509,30,,14,6,,,B
368094860,2021-06-24T19:18:45,43.72291,-69.29975,16.4,10.3,511,THAT'S MY BOYS,,WDK8509,30,,14,6,,,B
368094860,2021-06-24T19:20:15,43.72995,-69.29856,16.7,7.4,511,THAT'S MY BOYS,,WDK8509,30,,14,6,,,B
368094860,2021-06-24T19:21:16,43.73455,-69.29776,16.2,1.8,511,THAT'S MY BOYS,,WDK8509,30,,14,6,,,B
368094860,2021-06-24T19:22:17,43.73918,-69.29694,16.8,10.9,511,THAT'S MY BOYS,,WDK8509,30,,14,6,,,B
338401447,2021-06-27T17:39:21,43.7078,-69.31572,9.3,28,511,S/Y TRAVERSE,,,37,,15,7,,,B
338401447,2021-06-27T17:40:51,43.71067,-69.31381,8,28.6,511,S/Y TRAVERSE,,,37,,15,7,,,B
338401447,2021-06-27T17:42:21,43.71375,-69.31172,7.8,24.1,511,S/Y TRAVERSE,,,37,,15,7,,,B
338401447,2021-06-27T17:43:52,43.71689,-69.30962,8.4,27.8,511,S/Y TRAVERSE,,,37,,15,7,,,B
338401447,2021-06-27T17:45:52,43.72096,-69.30662,6.2,26.7,511,S/Y TRAVERSE,,,37,,15,7,,,B
338401447,2021-06-27T17:47:21,43.72392,-69.30437,8.7,28.1,511,S/Y TRAVERSE,,,37,,15,7,,,B
338401447,2021-06-27T17:48:52,43.72698,-69.30186,7.6,27.1,511,S/Y TRAVERSE,,,37,,15,7,,,B
338401447,2021-06-27T17:50:22,43.7304,-69.2992,10.1,23.8,511,S/Y TRAVERSE,,,37,,15,7,,,B
338401447,2021-06-27T17:51:51,43.73349,-69.2967,10.1,33.9,511,S/Y TRAVERSE,,,37,,15,7,,,B
338401447,2021-06-27T17:53:22,43.73661,-69.29408,8.3,29.6,511,S/Y TRAVERSE,,,37,,15,7,,,B
338401447,2021-06-27T17:54:51,43.73977,-69.29179,7.2,32.1,511,S/Y TRAVERSE,,,37,,15,7,,,B
368071830,2021-06-28T15:01:03,43.70677,-69.30738,8.6,29.3,23,EPIQUE,,WDK6161,36,,16,6,,,B
368071830,2021-06-28T15:02:32,43.7097,-69.30577,6.9,19.7,22,EPIQUE,,WDK6161,36,,16,6,,,B
368071830,2021-06-28T15:04:33,43.7137,-69.30324,7.6,28.9,26,EPIQUE,,WDK6161,36,,16,6,,,B
368071830,2021-06-28T15:06:02,43.71664,-69.30138,8.5,32,24,EPIQUE,,WDK6161,36,,16,6,,,B
368071830,2021-06-28T15:07:32,43.71967,-69.2995,7.1,27.4,26,EPIQUE,,WDK6161,36,,16,6,,,B
368071830,2021-06-28T15:09:02,43.72271,-69.29775,7.8,24.2,25,EPIQUE,,WDK6161,36,,16,6,,,B
368071830,2021-06-28T15:10:03,43.72482,-69.2966,7.5,19.6,19,EPIQUE,,WDK6161,36,,16,6,,,B
368071830,2021-06-28T15:11:32,43.72782,-69.29484,6.9,23.7,20,EPIQUE,,WDK6161,36,,16,6,,,B
368071830,2021-06-28T15:13:02,43.73085,-69.29303,8.4,19.8,24,EPIQUE,,WDK6161,36,,16,6,,,B
368071830,2021-06-28T15:14:35,43.73402,-69.29121,7.3,22.4,24,EPIQUE,,WDK6161,36,,16,6,,,B
368071830,2021-06-28T15:16:02,43.73692,-69.2896,7.8,23.4,26,EPIQUE,,WDK6161,36,,16,6,,,B
368071830,2021-06-28T15:17:32,43.73994,-69.2877,7.7,22.2,26,EPIQUE,,WDK6161,36,,16,6,,,B
368130990,2021-06-28T17:54:22,43.71184,-69.28165,30.7,48,511,NO VACANCY,,WDL4396,37,,0,0,,,B
368094860,2021-06-30T18:44:33,43.70702,-69.30509,12.2,332,511,THAT'S MY BOYS,,WDK8509,30,,14,6,,,B
368094860,2021-06-30T18:46:04,43.71156,-69.30787,11.5,337.1,511,THAT'S MY BOYS,,WDK8509,30,,14,6,,,B
368094860,2021-06-30T18:47:33,43.71589,-69.31079,14.7,321.9,511,THAT'S MY BOYS,,WDK8509,30,,14,6,,,B
368094860,2021-06-30T18:49:35,43.72331,-69.31596,13.5,337.3,511,THAT'S MY BOYS,,WDK8509,30,,14,6,,,B
368094860,2021-06-30T18:51:03,43.72853,-69.31928,15.4,334.3,511,THAT'S MY BOYS,,WDK8509,30,,14,6,,,B
368094860,2021-07-01T09:23:33,43.73797,-69.28283,16.2,172,511,THAT'S MY BOYS,,WDK8509,30,,14,6,,,B
368094860,2021-07-01T09:24:35,43.73369,-69.28157,15.3,166.6,511,THAT'S MY BOYS,,WDK8509,30,,14,6,,,B
368094860,2021-07-01T09:26:02,43.72768,-69.27972,13.3,167.3,511,THAT'S MY BOYS,,WDK8509,30,,14,6,,,B
368094860,2021-07-01T09:27:04,43.72346,-69.2785,14,167.5,511,THAT'S MY BOYS,,WDK8509,30,,14,6,,,B
368094860,2021-07-01T09:28:33,43.71753,-69.27681,13.3,169.2,511,THAT'S MY BOYS,,WDK8509,30,,14,6,,,B
368094860,2021-07-01T09:30:03,43.71213,-69.27532,11.6,168.3,511,THAT'S MY BOYS,,WDK8509,30,,14,6,,,B
368094860,2021-07-01T09:31:36,43.70665,-69.27365,12.9,163.4,511,THAT'S MY BOYS,,WDK8509,30,,14,6,,,B
368094860,2021-07-10T16:49:34,43.71756,-69.2715,11,350,511,THAT'S MY BOYS,,WDK8509,30,,14,6,,,B
368094860,2021-07-15T17:28:57,43.7413,-69.28307,13.3,342.7,511,THAT'S MY BOYS,,WDK8509,30,,14,6,,,B
368094860,2021-07-15T17:20:57,43.71076,-69.27599,13.4,349,511,THAT'S MY BOYS,,WDK8509,30,,14,6,,,B
368094860,2021-07-15T17:22:01,43.71478,-69.27697,14.3,351.1,511,THAT'S MY BOYS,,WDK8509,30,,14,6,,,B
368094860,2021-07-15T17:23:27,43.7203,-69.27798,14.5,352.2,511,THAT'S MY BOYS,,WDK8509,30,,14,6,,,B
368094860,2021-07-15T17:24:57,43.72606,-69.27914,14.5,350.1,511,THAT'S MY BOYS,,WDK8509,30,,14,6,,,B
368094860,2021-07-15T17:26:27,43.7318,-69.27992,14,354.9,511,THAT'S MY BOYS,,WDK8509,30,,14,6,,,B
368094860,2021-07-15T17:27:29,43.73579,-69.28084,13.3,346,511,THAT'S MY BOYS,,WDK8509,30,,14,6,,,B
368094860,2021-07-10T16:56:33,43.74057,-69.27799,11.5,346.6,511,THAT'S MY BOYS,,WDK8509,30,,14,6,,,B
368094860,2021-07-10T16:50:36,43.72069,-69.27242,11.9,353,511,THAT'S MY BOYS,,WDK8509,30,,14,6,,,B
368094860,2021-07-10T16:52:04,43.72557,-69.27335,10.1,348,511,THAT'S MY BOYS,,WDK8509,30,,14,6,,,B
368094860,2021-07-10T16:53:34,43.73038,-69.27438,10.6,351.3,511,THAT'S MY BOYS,,WDK8509,30,,14,6,,,B
368094860,2021-07-10T16:55:03,43.73522,-69.27568,14.1,339.9,511,THAT'S MY BOYS,,WDK8509,30,,14,6,,,B
368130990,2021-07-20T14:33:29,43.72371,-69.2721,26.2,238.7,511,NO VACANCY,,WDL4396,37,,0,0,,,B
368130990,2021-07-20T14:35:28,43.71672,-69.28984,26.8,247.7,511,NO VACANCY,,WDL4396,37,,0,0,,,B
368130990,2021-07-20T14:36:58,43.71486,-69.30483,26.5,266.3,511,NO VACANCY,,WDL4396,37,,0,0,,,B
368130990,2021-07-20T14:38:00,43.7138,-69.31547,26.6,262,511,NO VACANCY,,WDL4396,37,,0,0,,,B
338236803,2021-07-21T21:22:07,43.70663,-69.30875,5.3,52.9,511,FUSION,,,37,,16,5,,,B
338236803,2021-07-21T21:23:09,43.70758,-69.30717,5,51.4,511,FUSION,,,37,,16,5,,,B
338236803,2021-07-21T21:24:37,43.70893,-69.30503,4.8,48.6,511,FUSION,,,37,,16,5,,,B
338236803,2021-07-21T21:25:39,43.70977,-69.30331,5.8,57.3,511,FUSION,,,37,,16,5,,,B
338236803,2021-07-21T21:27:07,43.71112,-69.30077,5.9,56.6,511,FUSION,,,37,,16,5,,,B
338236803,2021-07-21T21:28:08,43.71213,-69.29927,4.5,41,511,FUSION,,,37,,16,5,,,B
338236803,2021-07-21T21:29:38,43.71358,-69.29755,4.5,38.9,511,FUSION,,,37,,16,5,,,B
338236803,2021-07-21T21:30:39,43.71452,-69.29639,4.9,46.8,511,FUSION,,,37,,16,5,,,B
338236803,2021-07-21T21:32:09,43.71591,-69.29416,4.9,48.2,511,FUSION,,,37,,16,5,,,B
338236803,2021-07-21T21:33:37,43.71725,-69.29185,5,49.3,511,FUSION,,,37,,16,5,,,B
338236803,2021-07-21T21:34:38,43.71806,-69.29001,6.5,67,511,FUSION,,,37,,16,5,,,B
338236803,2021-07-21T21:36:09,43.71872,-69.28646,4.6,109.8,511,FUSION,,,37,,16,5,,,B
338236803,2021-07-21T21:37:37,43.7192,-69.28349,5.6,56.6,511,FUSION,,,37,,16,5,,,B
338236803,2021-07-21T21:39:07,43.72055,-69.28193,3.6,41.7,511,FUSION,,,37,,16,5,,,B
338236803,2021-07-21T21:40:08,43.72143,-69.28083,4.3,46.1,511,FUSION,,,37,,16,5,,,B
338236803,2021-07-21T21:41:37,43.72272,-69.27879,4.9,55,511,FUSION,,,37,,16,5,,,B
338236803,2021-07-21T21:42:40,43.72354,-69.27679,5.9,55.2,511,FUSION,,,37,,16,5,,,B
338236803,2021-07-21T21:44:08,43.72476,-69.2742,5.6,60.5,511,FUSION,,,37,,16,5,,,B
338236803,2021-07-21T21:45:37,43.72604,-69.27179,4.9,49.2,511,FUSION,,,37,,16,5,,,B
368094860,2021-07-27T17:50:00,43.73763,-69.31584,13.1,321.7,511,THAT'S MY BOYS,,WDK8509,30,,14,6,,,B
368003020,2021-07-28T00:46:02,43.73492,-69.32001,4.5,85.7,511,MINTAKA,,WDJ7073,37,,10,4,,,B
368003020,2021-07-28T00:47:33,43.73533,-69.31757,4.4,74.3,511,MINTAKA,,WDJ7073,37,,10,4,,,B
368003020,2021-07-28T00:49:02,43.73566,-69.31552,2.6,73,511,MINTAKA,,WDJ7073,37,,10,4,,,B
368094860,2021-07-27T17:51:01,43.74092,-69.31941,17,320.3,511,THAT'S MY BOYS,,WDK8509,30,,14,6,,,B
368094860,2021-07-27T10:53:52,43.7065,-69.31109,5.5,33.1,511,THAT'S MY BOYS,,WDK8509,30,,14,6,,,B
368094860,2021-07-27T10:55:21,43.70665,-69.30804,5.8,106.9,511,THAT'S MY BOYS,,WDK8509,30,,14,6,,,B
368094860,2021-07-27T10:56:51,43.70696,-69.30535,2.6,36.1,511,THAT'S MY BOYS,,WDK8509,30,,14,6,,,B
368094860,2021-07-27T10:57:52,43.70701,-69.30385,5.5,111,511,THAT'S MY BOYS,,WDK8509,30,,14,6,,,B
368094860,2021-07-27T17:42:01,43.71373,-69.28865,13.8,317.5,511,THAT'S MY BOYS,,WDK8509,30,,14,6,,,B
368094860,2021-07-27T17:43:02,43.71687,-69.29197,13.8,322.8,511,THAT'S MY BOYS,,WDK8509,30,,14,6,,,B
368094860,2021-07-27T17:44:31,43.72135,-69.29705,12.6,322.5,511,THAT'S MY BOYS,,WDK8509,30,,14,6,,,B
368094860,2021-07-27T17:46:00,43.72571,-69.30218,14,321.8,511,THAT'S MY BOYS,,WDK8509,30,,14,6,,,B
368094860,2021-07-27T17:47:01,43.72868,-69.3057,13.8,320.3,511,THAT'S MY BOYS,,WDK8509,30,,14,6,,,B
368094860,2021-07-27T17:48:31,43.73318,-69.31092,13.1,323.5,511,THAT'S MY BOYS,,WDK8509,30,,14,6,,,B
368003020,2021-07-28T00:50:32,43.73611,-69.31375,3.6,64.7,511,MINTAKA,,WDJ7073,37,,10,4,,,B
368003020,2021-07-28T00:52:02,43.73667,-69.31218,2.7,73.5,511,MINTAKA,,WDJ7073,37,,10,4,,,B
368003020,2021-07-28T00:53:33,43.737,-69.31114,1.1,53.3,511,MINTAKA,,WDJ7073,37,,10,4,,,B
368003020,2021-07-28T00:56:04,43.73717,-69.31068,1.1,312,511,MINTAKA,,WDJ7073,37,,10,4,,,B
368003020,2021-07-28T00:57:35,43.73708,-69.30977,3.3,57.5,511,MINTAKA,,WDJ7073,37,,10,4,,,B
368003020,2021-07-28T00:59:04,43.73804,-69.30764,4.4,48,511,MINTAKA,,WDJ7073,37,,10,4,,,B
368003020,2021-07-28T01:00:04,43.73879,-69.30624,4.9,57.7,511,MINTAKA,,WDJ7073,37,,10,4,,,B
368003020,2021-07-28T01:01:05,43.73953,-69.30474,4.5,52.9,511,MINTAKA,,WDJ7073,37,,10,4,,,B
368003020,2021-07-28T01:03:05,43.74087,-69.3014,5.1,61.2,511,MINTAKA,,WDJ7073,37,,10,4,,,B
368003020,2021-07-28T01:04:37,43.74199,-69.29867,5.3,59.3,511,MINTAKA,,WDJ7073,37,,10,4,,,B
378112799,2021-07-28T10:20:56,43.74188,-69.30874,8.4,119.9,511,DELPHINE,,ZJL9839,37,,16,8,,,B
378112799,2021-07-28T10:21:58,43.74078,-69.30597,7.9,118.3,511,DELPHINE,,ZJL9839,37,,16,8,,,B
378112799,2021-07-28T10:30:26,43.73473,-69.28114,8.4,87.8,511,DELPHINE,,ZJL9839,37,,16,8,,,B
378112799,2021-07-28T10:32:56,43.73491,-69.2732,8.4,88.4,511,DELPHINE,,ZJL9839,37,,16,8,,,B
368094860,2021-07-27T17:39:30,43.70626,-69.27971,13.7,322.8,511,THAT'S MY BOYS,,WDK8509,30,,14,6,,,B
368094860,2021-07-27T17:40:31,43.70954,-69.28302,14.8,318.5,511,THAT'S MY BOYS,,WDK8509,30,,14,6,,,B
338379011,2021-08-01T13:12:04,43.73242,-69.32064,5.6,25.5,511,ATLANTIS,,,36,,11,4,,,B
338379011,2021-08-01T13:13:35,43.73463,-69.31932,5.7,23.2,511,ATLANTIS,,,36,,11,4,,,B
338379011,2021-08-01T13:15:04,43.7368,-69.31802,5.6,23.9,511,ATLANTIS,,,36,,11,4,,,B
368094860,2021-08-03T10:55:22,43.70701,-69.31151,3.8,21.4,511,THAT'S MY BOYS,,WDK8509,30,,14,6,,,B
368094860,2021-08-03T10:56:51,43.70692,-69.31133,1.1,32.6,511,THAT'S MY BOYS,,WDK8509,30,,14,6,,,B
368094860,2021-08-03T10:58:20,43.70715,-69.31131,8.3,15.9,511,THAT'S MY BOYS,,WDK8509,30,,14,6,,,B
338239935,2021-08-05T22:21:00,43.73691,-69.29859,6.7,200.5,511,KINGFISH,,WDL6961,36,,14,4,,,B
338239935,2021-08-05T22:22:29,43.73433,-69.29968,6,189.3,511,KINGFISH,,WDL6961,36,,14,4,,,B
338239935,2021-08-05T22:23:30,43.73249,-69.30023,7.2,193.3,511,KINGFISH,,WDL6961,36,,14,4,,,B
338239935,2021-08-05T22:25:00,43.72992,-69.30103,6.6,193.3,511,KINGFISH,,WDL6961,36,,14,4,,,B
338239935,2021-08-05T22:26:30,43.72721,-69.30181,6.4,193.1,511,KINGFISH,,WDL6961,36,,14,4,,,B
338239935,2021-08-05T22:28:00,43.7245,-69.30252,8.7,185.3,511,KINGFISH,,WDL6961,36,,14,4,,,B
338239935,2021-08-05T22:29:30,43.72179,-69.3033,7,188.6,511,KINGFISH,,WDL6961,36,,14,4,,,B
338239935,2021-08-05T22:31:00,43.71911,-69.30403,6.3,189.1,511,KINGFISH,,WDL6961,36,,14,4,,,B
338239935,2021-08-05T22:32:30,43.71644,-69.3048,6.2,188.6,511,KINGFISH,,WDL6961,36,,14,4,,,B
338239935,2021-08-05T22:34:00,43.71381,-69.30557,6.9,191.9,511,KINGFISH,,WDL6961,36,,14,4,,,B
338239935,2021-08-05T22:35:30,43.7111,-69.30631,6.7,193.8,511,KINGFISH,,WDL6961,36,,14,4,,,B
338239935,2021-08-05T22:37:00,43.70833,-69.30712,6.5,202.3,511,KINGFISH,,WDL6961,36,,14,4,,,B
368094860,2021-08-03T09:47:49,43.70675,-69.31604,12.7,71.2,511,THAT'S MY BOYS,,WDK8509,30,,14,6,,,B
368094860,2021-08-03T09:50:20,43.70618,-69.31743,1.9,119.8,511,THAT'S MY BOYS,,WDK8509,30,,14,6,,,B
338379011,2021-08-01T13:16:35,43.73898,-69.31665,5.6,24.2,511,ATLANTIS,,,36,,11,4,,,B
338379011,2021-08-01T13:18:04,43.74108,-69.31533,5.6,24.1,511,ATLANTIS,,,36,,11,4,,,B
338239935,2021-08-05T22:18:00,43.74117,-69.29439,7,187.2,511,KINGFISH,,WDL6961,36,,14,4,,,B
338239935,2021-08-05T22:19:29,43.73897,-69.29616,5.9,233.6,511,KINGFISH,,WDL6961,36,,14,4,,,B
368094860,2021-08-09T09:52:32,43.70633,-69.31777,6.7,39.7,511,THAT'S MY BOYS,,WDK8509,30,,14,6,,,B
368094860,2021-08-09T09:56:32,43.70624,-69.32008,0.9,254.6,511,THAT'S MY BOYS,,WDK8509,30,,14,6,,,B
338379011,2021-08-12T17:57:00,43.71049,-69.27308,6.3,208.1,511,ATLANTIS,,,36,,11,4,,,B
368094860,2021-08-09T10:58:01,43.70693,-69.31181,7.9,257.6,511,THAT'S MY BOYS,,WDK8509,30,,14,6,,,B
368094860,2021-08-09T10:59:32,43.70751,-69.31148,2.7,66.1,511,THAT'S MY BOYS,,WDK8509,30,,14,6,,,B
368094860,2021-08-09T11:00:02,43.70758,-69.31136,0.5,354.5,511,THAT'S MY BOYS,,WDK8509,30,,14,6,,,B
368094860,2021-08-09T11:03:01,43.70636,-69.30895,10.1,92.7,511,THAT'S MY BOYS,,WDK8509,30,,14,6,,,B
338379011,2021-08-12T17:58:32,43.70813,-69.27485,6.6,207.5,511,ATLANTIS,,,36,,11,4,,,B
368094860,2021-08-14T09:30:33,43.70646,-69.3161,9.1,133.8,511,THAT'S MY BOYS,,WDK8509,30,,14,6,,,B
368094860,2021-08-14T10:39:03,43.70693,-69.31137,4.4,32.6,511,THAT'S MY BOYS,,WDK8509,30,,14,6,,,B
368094860,2021-08-14T10:40:04,43.70701,-69.31108,3,287.3,511,THAT'S MY BOYS,,WDK8509,30,,14,6,,,B
368094860,2021-08-14T10:41:33,43.70717,-69.31074,1.4,183.4,511,THAT'S MY BOYS,,WDK8509,30,,14,6,,,B
368094860,2021-08-14T10:43:33,43.70748,-69.30911,9.1,121,511,THAT'S MY BOYS,,WDK8509,30,,14,6,,,B
368094860,2021-08-18T16:08:43,43.70653,-69.30994,10.6,256,511,THAT'S MY BOYS,,WDK8509,30,,14,6,,,B
368094860,2021-08-18T16:10:41,43.70713,-69.31131,1,59,511,THAT'S MY BOYS,,WDK8509,30,,14,6,,,B
368094860,2021-08-18T16:12:11,43.70693,-69.31098,0.7,57.2,511,THAT'S MY BOYS,,WDK8509,30,,14,6,,,B
368094860,2021-08-24T15:48:50,43.70645,-69.31223,6.1,325.5,511,THAT'S MY BOYS,,WDK8509,30,,14,6,,,B
368094860,2021-08-24T15:51:17,43.70689,-69.31143,0.6,350.5,511,THAT'S MY BOYS,,WDK8509,30,,14,6,,,B
368094860,2021-08-24T15:52:47,43.70729,-69.31108,8.2,66.8,511,THAT'S MY BOYS,,WDK8509,30,,14,6,,,B
368094860,2021-08-25T09:16:03,43.70619,-69.31427,6.2,143.9,511,THAT'S MY BOYS,,WDK8509,30,,14,6,,,B
368094860,2021-08-25T09:17:31,43.70627,-69.31484,1.1,357.7,511,THAT'S MY BOYS,,WDK8509,30,,14,6,,,B
368094860,2021-08-25T09:18:33,43.7064,-69.31483,0.2,5.1,511,THAT'S MY BOYS,,WDK8509,30,,14,6,,,B
368094860,2021-08-25T09:21:02,43.70687,-69.31326,1.7,246,511,THAT'S MY BOYS,,WDK8509,30,,14,6,,,B
368094860,2021-08-25T09:25:31,43.70775,-69.31233,1.5,46.1,511,THAT'S MY BOYS,,WDK8509,30,,14,6,,,B
368094860,2021-08-25T09:27:03,43.7072,-69.31172,1.7,144.5,511,THAT'S MY BOYS,,WDK8509,30,,14,6,,,B
338089915,2021-08-27T21:18:09,43.72655,-69.29535,4.9,206.1,511,BREEZE,,,36,,14,5,,,B
338089915,2021-08-27T21:19:38,43.72469,-69.29647,4.8,207.5,511,BREEZE,,,36,,14,5,,,B
338089915,2021-08-27T21:21:07,43.72291,-69.29758,4.9,202.5,511,BREEZE,,,36,,14,5,,,B
368205920,2021-08-27T21:26:12,43.72684,-69.28297,5.3,205.1,226,ARTEMIS,,WDM4386,36,,13,5,,,B
368205920,2021-08-27T21:27:43,43.72476,-69.28437,5.4,203,225,ARTEMIS,,WDM4386,36,,13,5,,,B
368205920,2021-08-27T21:29:14,43.72276,-69.28554,5.3,204.5,226,ARTEMIS,,WDM4386,36,,13,5,,,B
368129030,2021-08-27T22:19:32,43.72656,-69.289,6,204.5,511,MUG UP,,WDL4190,36,,0,0,,,B
368129030,2021-08-27T22:21:02,43.72425,-69.29036,6,200.6,511,MUG UP,,WDL4190,36,,0,0,,,B
338232851,2021-08-28T02:58:53,43.72524,-69.29696,7,209.1,511,VARUNA,,WDI4502,36,,12,4,,,B
338089915,2021-08-27T21:07:09,43.7407,-69.2876,5.3,198.9,511,BREEZE,,,36,,14,5,,,B
368205920,2021-08-27T21:16:12,43.74041,-69.27473,4.8,203.8,226,ARTEMIS,,WDM4386,36,,13,5,,,B
368129030,2021-08-27T22:10:32,43.74049,-69.28095,6,202.5,511,MUG UP,,WDL4190,36,,0,0,,,B
368067550,2021-08-30T17:14:19,43.74061,-69.31888,7.2,87.8,511,LOVE NEST,,WDK5710,36,,12,6,,,B
368067550,2021-08-30T17:15:49,43.74109,-69.31485,6.8,82.9,511,LOVE NEST,,WDK5710,36,,12,6,,,B
338089915,2021-08-27T21:17:07,43.7278,-69.29458,5.1,203.6,511,BREEZE,,,36,,14,5,,,B
338232851,2021-08-28T02:57:52,43.72704,-69.29566,7.1,199.8,511,VARUNA,,WDI4502,36,,12,4,,,B
338089915,2021-08-27T21:08:38,43.73874,-69.2886,4.8,199.6,511,BREEZE,,,36,,14,5,,,B
338089915,2021-08-27T21:10:08,43.73677,-69.28959,4.8,198.8,511,BREEZE,,,36,,14,5,,,B
338089915,2021-08-27T21:11:37,43.73489,-69.29058,4.8,200.8,511,BREEZE,,,36,,14,5,,,B
338089915,2021-08-27T21:12:38,43.73359,-69.29132,5.2,204.1,511,BREEZE,,,36,,14,5,,,B
338089915,2021-08-27T21:14:07,43.73165,-69.29236,5.4,199.6,511,BREEZE,,,36,,14,5,,,B
338089915,2021-08-27T21:15:37,43.72969,-69.29342,5.2,202.8,511,BREEZE,,,36,,14,5,,,B
368205920,2021-08-27T21:17:15,43.73896,-69.27558,4.5,204.7,227,ARTEMIS,,WDM4386,36,,13,5,,,B
368205920,2021-08-27T21:18:43,43.73693,-69.27678,5.4,201.3,225,ARTEMIS,,WDM4386,36,,13,5,,,B
368205920,2021-08-27T21:19:46,43.73551,-69.27759,5.7,202.1,224,ARTEMIS,,WDM4386,36,,13,5,,,B
368205920,2021-08-27T21:21:14,43.73345,-69.27881,6.2,201.1,225,ARTEMIS,,WDM4386,36,,13,5,,,B
368205920,2021-08-27T21:22:45,43.73145,-69.28001,4.4,202.6,226,ARTEMIS,,WDM4386,36,,13,5,,,B
368205920,2021-08-27T21:24:43,43.72875,-69.28171,5.9,201.9,225,ARTEMIS,,WDM4386,36,,13,5,,,B
368129030,2021-08-27T22:12:02,43.73815,-69.28231,6,203.7,511,MUG UP,,WDL4190,36,,0,0,,,B
368129030,2021-08-27T22:13:32,43.73585,-69.28363,6,200.9,511,MUG UP,,WDL4190,36,,0,0,,,B
368129030,2021-08-27T22:15:02,43.73352,-69.28498,6.1,206.2,511,MUG UP,,WDL4190,36,,0,0,,,B
368129030,2021-08-27T22:16:32,43.73121,-69.28634,5.9,203.6,511,MUG UP,,WDL4190,36,,0,0,,,B
368129030,2021-08-27T22:18:02,43.72888,-69.28768,5.8,205.5,511,MUG UP,,WDL4190,36,,0,0,,,B
338232851,2021-08-28T02:50:53,43.73935,-69.28681,7.2,209.2,511,VARUNA,,WDI4502,36,,12,4,,,B
338232851,2021-08-28T02:52:23,43.73674,-69.28891,6.8,210.2,511,VARUNA,,WDI4502,36,,12,4,,,B
338232851,2021-08-28T02:53:52,43.73409,-69.29084,6.9,210.8,511,VARUNA,,WDI4502,36,,12,4,,,B
338232851,2021-08-28T02:54:53,43.73231,-69.29203,6.9,208.1,511,VARUNA,,WDI4502,36,,12,4,,,B
338232851,2021-08-28T02:56:22,43.72976,-69.29407,7.1,206.3,511,VARUNA,,WDI4502,36,,12,4,,,B
368067550,2021-08-30T17:17:20,43.74165,-69.31073,7,78.4,511,LOVE NEST,,WDK5710,36,,12,6,,,B
338232851,2021-08-28T02:49:23,43.74196,-69.28478,7,213.3,511,VARUNA,,WDI4502,36,,12,4,,,B
338089915,2021-08-27T21:22:37,43.72114,-69.29874,4.6,206.8,511,BREEZE,,,36,,14,5,,,B
338089915,2021-08-27T21:23:39,43.71992,-69.29951,4.6,203.5,511,BREEZE,,,36,,14,5,,,B
338089915,2021-08-27T21:25:06,43.71825,-69.30063,4.5,210.7,511,BREEZE,,,36,,14,5,,,B
338089915,2021-08-27T21:26:07,43.71714,-69.30141,4.5,204,511,BREEZE,,,36,,14,5,,,B
338089915,2021-08-27T21:27:08,43.71601,-69.30217,4.5,205.3,511,BREEZE,,,36,,14,5,,,B
338089915,2021-08-27T21:29:08,43.71373,-69.30365,4.6,203.8,511,BREEZE,,,36,,14,5,,,B
338089915,2021-08-27T21:30:37,43.71201,-69.3048,4.8,208.5,511,BREEZE,,,36,,14,5,,,B
338089915,2021-08-27T21:32:07,43.71027,-69.306,4.5,209.3,511,BREEZE,,,36,,14,5,,,B
338089915,2021-08-27T21:33:38,43.70854,-69.30709,4.5,195.5,511,BREEZE,,,36,,14,5,,,B
368129030,2021-08-27T22:28:32,43.71322,-69.2967,5.4,203.8,511,MUG UP,,WDL4190,36,,0,0,,,B
368129030,2021-08-27T22:30:32,43.71035,-69.29836,5.6,201.4,511,MUG UP,,WDL4190,36,,0,0,,,B
368129030,2021-08-27T22:31:33,43.70892,-69.29925,5.5,206.8,511,MUG UP,,WDL4190,36,,0,0,,,B
368129030,2021-08-27T22:33:02,43.70679,-69.30062,5.7,205.6,511,MUG UP,,WDL4190,36,,0,0,,,B
338232851,2021-08-28T03:00:22,43.7224,-69.29856,7.2,201.2,511,VARUNA,,WDI4502,36,,12,4,,,B
338232851,2021-08-28T03:01:23,43.72057,-69.29982,7.3,202.2,511,VARUNA,,WDI4502,36,,12,4,,,B
338232851,2021-08-28T03:02:53,43.71784,-69.30156,7.1,205.7,511,VARUNA,,WDI4502,36,,12,4,,,B
338232851,2021-08-28T03:04:23,43.71517,-69.30346,7.1,207.8,511,VARUNA,,WDI4502,36,,12,4,,,B
338232851,2021-08-28T03:05:53,43.71249,-69.30532,7.3,202.9,511,VARUNA,,WDI4502,36,,12,4,,,B
338232851,2021-08-28T03:07:22,43.70973,-69.30708,7.2,208.6,511,VARUNA,,WDI4502,36,,12,4,,,B
338089915,2021-08-27T21:35:07,43.70678,-69.30808,4.9,208,511,BREEZE,,,36,,14,5,,,B
338232851,2021-08-28T03:08:23,43.70795,-69.30834,7.1,209.9,511,VARUNA,,WDI4502,36,,12,4,,,B
368094860,2021-08-31T16:04:38,43.7067,-69.31208,3.5,54.1,511,THAT'S MY BOYS,,WDK8509,30,,14,6,,,B
368094860,2021-08-31T16:06:39,43.70714,-69.31083,8.4,60.1,511,THAT'S MY BOYS,,WDK8509,30,,14,6,,,B
368094860,2021-08-31T17:24:39,43.70674,-69.31468,2,171.6,511,THAT'S MY BOYS,,WDK8509,30,,14,6,,,B
368094860,2021-08-31T17:26:38,43.70705,-69.31392,6.4,50.1,511,THAT'S MY BOYS,,WDK8509,30,,14,6,,,B
368094860,2021-08-31T17:28:38,43.70704,-69.31355,0.9,219.7,511,THAT'S MY BOYS,,WDK8509,30,,14,6,,,B
368094860,2021-08-31T17:30:10,43.70731,-69.31357,0.6,34.1,511,THAT'S MY BOYS,,WDK8509,30,,14,6,,,B
368094860,2021-08-31T17:31:39,43.70718,-69.31374,8.2,351.6,511,THAT'S MY BOYS,,WDK8509,30,,14,6,,,B
368094860,2021-08-31T17:33:09,43.70685,-69.31229,1.1,82.4,511,THAT'S MY BOYS,,WDK8509,30,,14,6,,,B
368094860,2021-08-31T17:34:39,43.70709,-69.31181,1.2,70.6,511,THAT'S MY BOYS,,WDK8509,30,,14,6,,,B
368094860,2021-08-31T17:35:40,43.70721,-69.31238,9.6,325.7,511,THAT'S MY BOYS,,WDK8509,30,,14,6,,,B
368094860,2021-08-31T17:37:38,43.71033,-69.31489,11.9,324.6,511,THAT'S MY BOYS,,WDK8509,30,,14,6,,,B
368094860,2021-08-31T17:38:39,43.71305,-69.3175,12,324.8,511,THAT'S MY BOYS,,WDK8509,30,,14,6,,,B
368094860,2021-08-31T17:40:08,43.7172,-69.32078,10.9,328.4,511,THAT'S MY BOYS,,WDK8509,30,,14,6,,,B
368205920,2021-08-27T21:32:13,43.71883,-69.28799,5.2,202.8,224,ARTEMIS,,WDM4386,36,,13,5,,,B
368205920,2021-08-27T21:33:43,43.71678,-69.28916,5,203.4,224,ARTEMIS,,WDM4386,36,,13,5,,,B
368205920,2021-08-27T21:35:14,43.7146,-69.29031,5.4,198.2,224,ARTEMIS,,WDM4386,36,,13,5,,,B
368205920,2021-08-27T21:36:42,43.71264,-69.29153,5.3,206,224,ARTEMIS,,WDM4386,36,,13,5,,,B
368205920,2021-08-27T21:38:12,43.7107,-69.29292,5.1,207.6,226,ARTEMIS,,WDM4386,36,,13,5,,,B
368205920,2021-08-27T21:39:42,43.70877,-69.29427,4.9,204.3,225,ARTEMIS,,WDM4386,36,,13,5,,,B
368205920,2021-08-27T21:41:15,43.70671,-69.29551,5.2,201,223,ARTEMIS,,WDM4386,36,,13,5,,,B
368129030,2021-08-27T22:22:32,43.72198,-69.29163,6,202.1,511,MUG UP,,WDL4190,36,,0,0,,,B
368129030,2021-08-27T22:24:02,43.71974,-69.29299,5.6,205.1,511,MUG UP,,WDL4190,36,,0,0,,,B
368129030,2021-08-27T22:25:32,43.71756,-69.29424,5.9,201.6,511,MUG UP,,WDL4190,36,,0,0,,,B
368129030,2021-08-27T22:27:02,43.71538,-69.29546,5.7,201.2,511,MUG UP,,WDL4190,36,,0,0,,,B
368205920,2021-08-27T21:30:44,43.72082,-69.28677,4.6,206.8,225,ARTEMIS,,WDM4386,36,,13,5,,,B
368094860,2021-09-07T16:23:46,43.70654,-69.31076,0.8,258.9,511,THAT'S MY BOYS,,WDK8509,30,,14,6,,,B
368094860,2021-09-07T16:24:47,43.7068,-69.31094,0.6,349.3,511,THAT'S MY BOYS,,WDK8509,30,,14,6,,,B
368094860,2021-09-07T16:25:48,43.70696,-69.31022,5.2,207.1,511,THAT'S MY BOYS,,WDK8509,30,,14,6,,,B
368094860,2021-09-07T17:44:14,43.70628,-69.31441,2.5,149,511,THAT'S MY BOYS,,WDK8509,30,,14,6,,,B
368094860,2021-09-07T17:45:44,43.70633,-69.31471,0.2,4.7,511,THAT'S MY BOYS,,WDK8509,30,,14,6,,,B
368094860,2021-09-07T17:47:44,43.70652,-69.31417,5.7,26.5,511,THAT'S MY BOYS,,WDK8509,30,,14,6,,,B
368094860,2021-09-07T17:48:46,43.70659,-69.31372,1.1,213.2,511,THAT'S MY BOYS,,WDK8509,30,,14,6,,,B
368094860,2021-09-07T17:50:44,43.7067,-69.31387,0.7,308.2,511,THAT'S MY BOYS,,WDK8509,30,,14,6,,,B
368094860,2021-09-07T17:52:45,43.70728,-69.31295,2.7,115.2,511,THAT'S MY BOYS,,WDK8509,30,,14,6,,,B
368094860,2021-09-07T17:54:14,43.70731,-69.31306,0.5,7.1,511,THAT'S MY BOYS,,WDK8509,30,,14,6,,,B
368094860,2021-09-07T17:55:45,43.70722,-69.31346,10.9,298.2,511,THAT'S MY BOYS,,WDK8509,30,,14,6,,,B
368094860,2021-09-07T17:57:15,43.70969,-69.31563,6.2,334.2,511,THAT'S MY BOYS,,WDK8509,30,,14,6,,,B
368094860,2021-09-07T17:58:44,43.71257,-69.31683,11.6,320,511,THAT'S MY BOYS,,WDK8509,30,,14,6,,,B
368094860,2021-09-07T18:00:14,43.71695,-69.3203,13,330.4,511,THAT'S MY BOYS,,WDK8509,30,,14,6,,,B
368094860,2021-09-13T15:47:36,43.70694,-69.30983,1,173.3,511,THAT'S MY BOYS,,WDK8509,30,,14,6,,,B
368094860,2021-09-13T15:49:06,43.7065,-69.30997,0.5,288.4,511,THAT'S MY BOYS,,WDK8509,30,,14,6,,,B
368094860,2021-09-13T15:50:36,43.70658,-69.3103,7.8,186.1,511,THAT'S MY BOYS,,WDK8509,30,,14,6,,,B
368094860,2021-09-13T17:10:37,43.70695,-69.31402,1.8,202.6,511,THAT'S MY BOYS,,WDK8509,30,,14,6,,,B
368094860,2021-09-13T17:12:06,43.70704,-69.31402,0.7,100.7,511,THAT'S MY BOYS,,WDK8509,30,,14,6,,,B
368094860,2021-09-13T17:13:09,43.70675,-69.31409,5.5,358.8,511,THAT'S MY BOYS,,WDK8509,30,,14,6,,,B
368094860,2021-09-13T17:14:36,43.70729,-69.31284,1.8,263.9,511,THAT'S MY BOYS,,WDK8509,30,,14,6,,,B
368094860,2021-09-13T17:16:07,43.70697,-69.3127,0.3,173.4,511,THAT'S MY BOYS,,WDK8509,30,,14,6,,,B
368094860,2021-09-13T17:17:08,43.70761,-69.31252,7.4,27.5,511,THAT'S MY BOYS,,WDK8509,30,,14,6,,,B
368094860,2021-09-13T17:18:36,43.71199,-69.31382,13.1,331.1,511,THAT'S MY BOYS,,WDK8509,30,,14,6,,,B
368094860,2021-09-13T17:20:06,43.71667,-69.31765,14,330.4,511,THAT'S MY BOYS,,WDK8509,30,,14,6,,,B
368094860,2021-09-20T16:35:22,43.73299,-69.298,14.3,15.9,511,THAT'S MY BOYS,,WDK8509,30,,14,6,,,B
368094860,2021-09-20T16:36:24,43.73703,-69.29705,14.3,8.5,511,THAT'S MY BOYS,,WDK8509,30,,14,6,,,B
368094860,2021-09-21T14:32:37,43.70655,-69.31107,1.3,51.7,511,THAT'S MY BOYS,,WDK8509,30,,14,6,,,B
368094860,2021-09-21T14:34:05,43.70664,-69.31069,0.6,343.1,511,THAT'S MY BOYS,,WDK8509,30,,14,6,,,B
368094860,2021-09-21T14:35:08,43.70665,-69.31069,5,178.9,511,THAT'S MY BOYS,,WDK8509,30,,14,6,,,B
368094860,2021-09-21T15:54:07,43.70621,-69.31495,0.5,124.5,511,THAT'S MY BOYS,,WDK8509,30,,14,6,,,B
368094860,2021-09-21T15:57:06,43.70757,-69.31295,2.9,158.9,511,THAT'S MY BOYS,,WDK8509,30,,14,6,,,B
368094860,2021-09-21T15:58:36,43.70765,-69.31321,0.7,66,511,THAT'S MY BOYS,,WDK8509,30,,14,6,,,B
368094860,2021-09-21T15:59:39,43.70798,-69.31316,7.5,96.5,511,THAT'S MY BOYS,,WDK8509,30,,14,6,,,B
368094860,2021-09-21T16:00:06,43.70706,-69.31341,9.6,223.4,511,THAT'S MY BOYS,,WDK8509,30,,14,6,,,B
368094860,2021-09-21T16:01:07,43.70853,-69.31705,14.5,317.9,511,THAT'S MY BOYS,,WDK8509,30,,14,6,,,B
368094860,2021-09-20T16:30:21,43.71291,-69.30181,14.9,7.1,511,THAT'S MY BOYS,,WDK8509,30,,14,6,,,B
368094860,2021-09-20T16:31:23,43.71701,-69.30154,13.4,6,511,THAT'S MY BOYS,,WDK8509,30,,14,6,,,B
368094860,2021-09-20T16:32:52,43.72299,-69.30034,14.6,16.2,511,THAT'S MY BOYS,,WDK8509,30,,14,6,,,B
368094860,2021-09-20T16:33:53,43.72696,-69.29919,14.4,5.7,511,THAT'S MY BOYS,,WDK8509,30,,14,6,,,B
368094860,2021-09-28T09:47:05,43.70801,-69.31909,7.3,130.3,511,THAT'S MY BOYS,,WDK8509,30,,14,6,,,B
368094860,2021-09-28T09:52:38,43.70633,-69.31244,1.2,282.2,511,THAT'S MY BOYS,,WDK8509,30,,14,6,,,B
368094860,2021-09-28T09:54:35,43.70621,-69.31292,1,258,511,THAT'S MY BOYS,,WDK8509,30,,14,6,,,B
368094860,2021-09-28T09:57:36,43.70666,-69.31223,4.9,78.3,511,THAT'S MY BOYS,,WDK8509,30,,14,6,,,B
368094860,2021-09-28T09:59:06,43.70655,-69.3116,5.3,274.7,511,THAT'S MY BOYS,,WDK8509,30,,14,6,,,B
368094860,2021-09-28T10:00:07,43.70704,-69.31185,1.8,116.7,511,THAT'S MY BOYS,,WDK8509,30,,14,6,,,B
368094860,2021-09-28T10:01:35,43.7064,-69.31179,4.4,163.2,511,THAT'S MY BOYS,,WDK8509,30,,14,6,,,B
368094860,2021-09-28T10:03:39,43.70696,-69.31125,5.5,102.6,511,THAT'S MY BOYS,,WDK8509,30,,14,6,,,B
368094860,2021-09-28T10:06:36,43.70648,-69.31206,0.9,323.6,511,THAT'S MY BOYS,,WDK8509,30,,14,6,,,B
368094860,2021-09-28T10:08:05,43.70659,-69.31206,2.9,39,511,THAT'S MY BOYS,,WDK8509,30,,14,6,,,B
368094860,2021-09-29T20:04:24,43.70712,-69.31552,2.2,71.6,511,THAT'S MY BOYS,,WDK8509,30,,14,6,,,B
368094860,2021-09-29T20:05:27,43.70711,-69.31514,0.8,23.1,511,THAT'S MY BOYS,,WDK8509,30,,14,6,,,B
368094860,2021-09-29T20:06:54,43.7071,-69.31432,9.4,105.2,511,THAT'S MY BOYS,,WDK8509,30,,14,6,,,B
368094860,2021-09-29T20:07:55,43.70687,-69.31458,9.2,8.1,511,THAT'S MY BOYS,,WDK8509,30,,14,6,,,B
368094860,2021-09-29T20:09:24,43.70727,-69.31422,1.4,303,511,THAT'S MY BOYS,,WDK8509,30,,14,6,,,B
368094860,2021-09-29T20:10:25,43.70745,-69.31428,0.4,324.4,511,THAT'S MY BOYS,,WDK8509,30,,14,6,,,B
368094860,2021-09-29T20:11:54,43.70736,-69.31431,10.3,327.7,511,THAT'S MY BOYS,,WDK8509,30,,14,6,,,B
368094860,2021-09-29T20:12:55,43.71079,-69.31664,15.4,332.4,511,THAT'S MY BOYS,,WDK8509,30,,14,6,,,B
368094860,2021-10-04T09:27:43,43.7128,-69.32059,8,143.8,511,THAT'S MY BOYS,,WDK8509,30,,14,6,,,B
368094860,2021-10-04T09:29:13,43.71017,-69.31776,8.5,144.5,511,THAT'S MY BOYS,,WDK8509,30,,14,6,,,B
368094860,2021-10-04T09:30:43,43.70748,-69.31484,7.7,137.5,511,THAT'S MY BOYS,,WDK8509,30,,14,6,,,B
368094860,2021-10-05T09:24:23,43.71705,-69.31872,15,147.7,511,THAT'S MY BOYS,,WDK8509,30,,14,6,,,B
368094860,2021-10-05T09:25:55,43.712,-69.31385,14.8,137.7,511,THAT'S MY BOYS,,WDK8509,30,,14,6,,,B
368094860,2021-10-05T10:54:25,43.70654,-69.31182,1.3,92.3,511,THAT'S MY BOYS,,WDK8509,30,,14,6,,,B
368094860,2021-10-05T10:55:54,43.70654,-69.31154,0.6,342.9,511,THAT'S MY BOYS,,WDK8509,30,,14,6,,,B
368094860,2021-10-05T10:57:24,43.70672,-69.31177,2.8,33.6,511,THAT'S MY BOYS,,WDK8509,30,,14,6,,,B
368094860,2021-10-05T10:58:58,43.70649,-69.31131,6.5,197.2,511,THAT'S MY BOYS,,WDK8509,30,,14,6,,,B
368094860,2021-10-05T12:24:55,43.7062,-69.32052,1.9,174.2,511,THAT'S MY BOYS,,WDK8509,30,,14,6,,,B
368094860,2021-10-05T12:51:23,43.70637,-69.31556,0.8,266,511,THAT'S MY BOYS,,WDK8509,30,,14,6,,,B
368094860,2021-10-05T12:55:58,43.70641,-69.31523,6,335.6,511,THAT'S MY BOYS,,WDK8509,30,,14,6,,,B
368094860,2021-10-05T12:57:26,43.70673,-69.31503,0.7,260.1,511,THAT'S MY BOYS,,WDK8509,30,,14,6,,,B
368094860,2021-10-05T12:58:53,43.70659,-69.31545,2,292,511,THAT'S MY BOYS,,WDK8509,30,,14,6,,,B
368094860,2021-10-05T13:00:26,43.70651,-69.31461,1.9,196.4,511,THAT'S MY BOYS,,WDK8509,30,,14,6,,,B
368094860,2021-10-05T13:01:53,43.70649,-69.31517,6.7,357.9,511,THAT'S MY BOYS,,WDK8509,30,,14,6,,,B
368094860,2021-10-05T13:03:23,43.70731,-69.31428,1,32.7,511,THAT'S MY BOYS,,WDK8509,30,,14,6,,,B
368094860,2021-10-05T13:04:54,43.70745,-69.31415,1,250,511,THAT'S MY BOYS,,WDK8509,30,,14,6,,,B
368094860,2021-10-05T13:06:24,43.70705,-69.31357,3.7,196.3,511,THAT'S MY BOYS,,WDK8509,30,,14,6,,,B
368094860,2021-10-05T13:07:25,43.70674,-69.31359,5.2,219.2,511,THAT'S MY BOYS,,WDK8509,30,,14,6,,,B
368094860,2021-10-05T09:27:24,43.70706,-69.30935,14.5,142.3,511,THAT'S MY BOYS,,WDK8509,30,,14,6,,,B
368094860,2021-10-08T17:30:46,43.70676,-69.31204,1,345.9,511,THAT'S MY BOYS,,WDK8509,30,,14,6,,,B
368094860,2021-10-08T17:32:17,43.70719,-69.31176,6.4,74.1,511,THAT'S MY BOYS,,WDK8509,30,,14,6,,,B
368094860,2021-10-13T08:44:36,43.72233,-69.31572,13.6,136.2,511,THAT'S MY BOYS,,WDK8509,30,,14,6,,,B
368094860,2021-10-13T08:46:06,43.71807,-69.31038,13.5,140.7,511,THAT'S MY BOYS,,WDK8509,30,,14,6,,,B
368094860,2021-10-13T08:47:35,43.71386,-69.30513,13.1,135.2,511,THAT'S MY BOYS,,WDK8509,30,,14,6,,,B
368094860,2021-10-13T08:48:36,43.71101,-69.30153,14.1,131.4,511,THAT'S MY BOYS,,WDK8509,30,,14,6,,,B
368094860,2021-10-13T08:50:06,43.70681,-69.29622,13.9,138,511,THAT'S MY BOYS,,WDK8509,30,,14,6,,,B
368094860,2021-10-13T19:01:05,43.70664,-69.31149,8,279.1,511,THAT'S MY BOYS,,WDK8509,30,,14,6,,,B
368094860,2021-10-13T19:02:34,43.70716,-69.31153,1.7,65.2,511,THAT'S MY BOYS,,WDK8509,30,,14,6,,,B
368094860,2021-10-13T19:03:37,43.7072,-69.31126,0.7,65.9,511,THAT'S MY BOYS,,WDK8509,30,,14,6,,,B
368094860,2021-10-13T19:05:05,43.7073,-69.31134,0.5,321,511,THAT'S MY BOYS,,WDK8509,30,,14,6,,,B
368094860,2021-10-13T08:43:35,43.72518,-69.31944,13.8,138.1,511,THAT'S MY BOYS,,WDK8509,30,,14,6,,,B
368094860,2021-10-18T08:50:44,43.70771,-69.28597,16.8,131.4,511,THAT'S MY BOYS,,WDK8509,30,,14,6,,,B
368094860,2021-10-18T19:58:53,43.7083,-69.3033,14.6,324.5,511,THAT'S MY BOYS,,WDK8509,30,,14,6,,,B
368094860,2021-10-20T16:11:14,43.70644,-69.31189,1.7,7.8,511,THAT'S MY BOYS,,WDK8509,30,,14,6,,,B
368094860,2021-10-20T16:12:18,43.70672,-69.31177,1.9,348,511,THAT'S MY BOYS,,WDK8509,30,,14,6,,,B
368094860,2021-10-20T16:13:45,43.70664,-69.31144,1,207.6,511,THAT'S MY BOYS,,WDK8509,30,,14,6,,,B
368094860,2021-10-20T16:15:14,43.70643,-69.31169,0.7,204,511,THAT'S MY BOYS,,WDK8509,30,,14,6,,,B
368094860,2021-10-20T16:16:16,43.70659,-69.31116,7.3,154.9,511,THAT'S MY BOYS,,WDK8509,30,,14,6,,,B
368094860,2021-10-18T08:45:15,43.72587,-69.31072,16.9,132.1,511,THAT'S MY BOYS,,WDK8509,30,,14,6,,,B
368094860,2021-10-18T08:46:44,43.72069,-69.30434,17.3,146.2,511,THAT'S MY BOYS,,WDK8509,30,,14,6,,,B
368094860,2021-10-18T08:47:45,43.71727,-69.30003,16.7,133.9,511,THAT'S MY BOYS,,WDK8509,30,,14,6,,,B
368094860,2021-10-18T08:49:15,43.71237,-69.29301,16.1,134.8,511,THAT'S MY BOYS,,WDK8509,30,,14,6,,,B
368094860,2021-10-18T20:00:25,43.7136,-69.30769,15.1,329.1,511,THAT'S MY BOYS,,WDK8509,30,,14,6,,,B
368094860,2021-10-18T20:01:52,43.71844,-69.3123,16,318.7,511,THAT'S MY BOYS,,WDK8509,30,,14,6,,,B
368094860,2021-10-15T18:12:44,43.7063,-69.31451,0.1,87.9,511,THAT'S MY BOYS,,WDK8509,30,,14,6,,,B
368094860,2021-10-15T18:14:14,43.70626,-69.3144,1.3,180.3,511,THAT'S MY BOYS,,WDK8509,30,,14,6,,,B
368094860,2021-10-15T18:15:45,43.70625,-69.31449,0.4,348.5,511,THAT'S MY BOYS,,WDK8509,30,,14,6,,,B
368094860,2021-10-15T18:17:44,43.70652,-69.31474,6.8,335.2,511,THAT'S MY BOYS,,WDK8509,30,,14,6,,,B
368094860,2021-10-15T18:20:14,43.7073,-69.31399,0.1,332.7,511,THAT'S MY BOYS,,WDK8509,30,,14,6,,,B
368094860,2021-10-15T18:21:15,43.70734,-69.31395,0.9,11.1,511,THAT'S MY BOYS,,WDK8509,30,,14,6,,,B
368094860,2021-10-15T18:23:42,43.70735,-69.31417,1.2,289.3,511,THAT'S MY BOYS,,WDK8509,30,,14,6,,,B
368094860,2021-10-15T18:25:41,43.70855,-69.31425,8.8,352.3,511,THAT'S MY BOYS,,WDK8509,30,,14,6,,,B
368094860,2021-10-15T18:27:11,43.71247,-69.31648,11.7,333.2,511,THAT'S MY BOYS,,WDK8509,30,,14,6,,,B
368094860,2021-10-15T18:29:10,43.71859,-69.31917,11.6,329.3,511,THAT'S MY BOYS,,WDK8509,30,,14,6,,,B
368094860,2021-10-18T08:43:45,43.73102,-69.31721,17.3,142.2,511,THAT'S MY BOYS,,WDK8509,30,,14,6,,,B
368094860,2021-10-18T20:03:22,43.72374,-69.31712,15,326.9,511,THAT'S MY BOYS,,WDK8509,30,,14,6,,,B
368094860,2021-10-20T17:59:23,43.70632,-69.31504,0.1,39.5,511,THAT'S MY BOYS,,WDK8509,30,,14,6,,,B
368094860,2021-10-20T18:00:22,43.70634,-69.31504,0.3,184.5,511,THAT'S MY BOYS,,WDK8509,30,,14,6,,,B
368094860,2021-10-20T18:04:49,43.7074,-69.31372,1.5,56.8,511,THAT'S MY BOYS,,WDK8509,30,,14,6,,,B
368094860,2021-10-20T18:06:18,43.70719,-69.31352,0.3,202.7,511,THAT'S MY BOYS,,WDK8509,30,,14,6,,,B
368094860,2021-10-20T18:07:49,43.70715,-69.31361,0.4,197.8,511,THAT'S MY BOYS,,WDK8509,30,,14,6,,,B
368094860,2021-10-20T18:09:45,43.70724,-69.31345,6.9,160.4,511,THAT'S MY BOYS,,WDK8509,30,,14,6,,,B
368094860,2021-10-20T18:11:45,43.70858,-69.31725,9.5,331.2,511,THAT'S MY BOYS,,WDK8509,30,,14,6,,,B
368094860,2021-10-20T18:13:16,43.71162,-69.32086,10,319.7,511,THAT'S MY BOYS,,WDK8509,30,,14,6,,,B
368094860,2021-10-25T15:49:01,43.7062,-69.31348,5.9,215.2,511,THAT'S MY BOYS,,WDK8509,30,,14,6,,,B
368094860,2021-10-25T15:50:02,43.70655,-69.31544,4.5,0.3,511,THAT'S MY BOYS,,WDK8509,30,,14,6,,,B
368094860,2021-10-25T15:51:31,43.70659,-69.31471,1.6,91.8,511,THAT'S MY BOYS,,WDK8509,30,,14,6,,,B
368094860,2021-10-25T15:52:33,43.70662,-69.31458,0.7,265.8,511,THAT'S MY BOYS,,WDK8509,30,,14,6,,,B
368094860,2021-10-25T17:28:31,43.70644,-69.31183,0.5,93.7,511,THAT'S MY BOYS,,WDK8509,30,,14,6,,,B
368094860,2021-10-25T17:30:01,43.70637,-69.31201,2.2,226.8,511,THAT'S MY BOYS,,WDK8509,30,,14,6,,,B
368094860,2021-10-25T17:31:31,43.70622,-69.31232,1.5,242.2,511,THAT'S MY BOYS,,WDK8509,30,,14,6,,,B
368094860,2021-10-25T17:34:02,43.7073,-69.31183,8.2,73.1,511,THAT'S MY BOYS,,WDK8509,30,,14,6,,,B
368094860,2021-10-25T17:35:31,43.70643,-69.3113,0.5,341.3,511,THAT'S MY BOYS,,WDK8509,30,,14,6,,,B
368094860,2021-10-25T17:36:32,43.70663,-69.31091,6.9,338.2,511,THAT'S MY BOYS,,WDK8509,30,,14,6,,,B
368094860,2021-10-25T17:37:33,43.70852,-69.31327,10.5,340.3,511,THAT'S MY BOYS,,WDK8509,30,,14,6,,,B
368094860,2021-10-25T17:39:02,43.71282,-69.31594,11.3,335.5,511,THAT'S MY BOYS,,WDK8509,30,,14,6,,,B
368094860,2021-10-25T17:40:30,43.71695,-69.31876,11.7,336.2,511,THAT'S MY BOYS,,WDK8509,30,,14,6,,,B
368094860,2021-11-02T13:40:45,43.70626,-69.31165,1.9,26.8,511,THAT'S MY BOYS,,WDK8509,30,,14,6,,,B
368094860,2021-11-04T11:29:22,43.71289,-69.32091,15,158.7,511,THAT'S MY BOYS,,WDK8509,30,,14,6,,,B
368094860,2021-11-09T18:25:24,43.70635,-69.31645,9,15.9,511,THAT'S MY BOYS,,WDK8509,30,,14,6,,,B
368094860,2021-11-09T18:28:22,43.70621,-69.31497,1.1,61.3,511,THAT'S MY BOYS,,WDK8509,30,,14,6,,,B
368094860,2021-11-09T18:30:25,43.70626,-69.31487,2.3,329.1,511,THAT'S MY BOYS,,WDK8509,30,,14,6,,,B
368094860,2021-11-09T18:31:53,43.70651,-69.31427,5.3,74.1,511,THAT'S MY BOYS,,WDK8509,30,,14,6,,,B
368094860,2021-11-09T18:33:22,43.70628,-69.31436,7.6,94.3,511,THAT'S MY BOYS,,WDK8509,30,,14,6,,,B
368094860,2021-11-09T18:39:54,43.70656,-69.31498,12,338.7,511,THAT'S MY BOYS,,WDK8509,30,,14,6,,,B
368094860,2021-11-09T18:41:25,43.71127,-69.31803,12.4,331.3,511,THAT'S MY BOYS,,WDK8509,30,,14,6,,,B
368094860,2021-11-08T19:15:01,43.70771,-69.30797,12.7,331.8,511,THAT'S MY BOYS,,WDK8509,30,,14,6,,,B
368094860,2021-11-08T19:16:03,43.71082,-69.31105,12.4,327.6,511,THAT'S MY BOYS,,WDK8509,30,,14,6,,,B
368094860,2021-11-09T16:03:10,43.70632,-69.31082,0.9,264.5,511,THAT'S MY BOYS,,WDK8509,30,,14,6,,,B
368094860,2021-11-09T16:07:11,43.70621,-69.31064,0.2,355.3,511,THAT'S MY BOYS,,WDK8509,30,,14,6,,,B
368094860,2021-11-08T19:17:30,43.71546,-69.3146,14.7,336.8,511,THAT'S MY BOYS,,WDK8509,30,,14,6,,,B
368094860,2021-11-08T19:20:00,43.72397,-69.32034,13.9,334.2,511,THAT'S MY BOYS,,WDK8509,30,,14,6,,,B
368094860,2021-11-13T20:48:22,43.71261,-69.31263,15.7,321.1,511,THAT'S MY BOYS,,WDK8509,30,,14,6,,,B
368094860,2021-11-13T20:50:22,43.71965,-69.31776,12.6,331,511,THAT'S MY BOYS,,WDK8509,30,,14,6,,,B
368094860,2021-11-20T22:57:03,43.7383,-69.28299,11.2,342.6,511,THAT'S MY BOYS,,WDK8509,30,,14,6,,,B
368094860,2021-11-25T18:15:01,43.7399,-69.28621,17,354.3,511,THAT'S MY BOYS,,WDK8509,30,,14,6,,,B
368094860,2021-11-20T22:44:33,43.70735,-69.27693,7.4,354.4,511,THAT'S MY BOYS,,WDK8509,30,,14,6,,,B
368094860,2021-11-20T22:45:34,43.70938,-69.27715,7.5,354.7,511,THAT'S MY BOYS,,WDK8509,30,,14,6,,,B
368094860,2021-11-20T22:47:03,43.71239,-69.27744,7.1,358.3,511,THAT'S MY BOYS,,WDK8509,30,,14,6,,,B
368094860,2021-11-20T22:48:33,43.71592,-69.27785,9.7,353.1,511,THAT'S MY BOYS,,WDK8509,30,,14,6,,,B
368094860,2021-11-20T22:49:34,43.71844,-69.27808,8.3,351.5,511,THAT'S MY BOYS,,WDK8509,30,,14,6,,,B
368094860,2021-11-20T22:51:04,43.72192,-69.27844,7.9,1.1,511,THAT'S MY BOYS,,WDK8509,30,,14,6,,,B
368094860,2021-11-20T22:52:33,43.7253,-69.27881,8,352.8,511,THAT'S MY BOYS,,WDK8509,30,,14,6,,,B
368094860,2021-11-20T22:54:03,43.72956,-69.2799,10.8,348.4,511,THAT'S MY BOYS,,WDK8509,30,,14,6,,,B
368094860,2021-11-20T22:55:34,43.73402,-69.28136,10.9,346.7,511,THAT'S MY BOYS,,WDK8509,30,,14,6,,,B
368094860,2021-11-25T18:06:31,43.70874,-69.27991,12,347.6,511,THAT'S MY BOYS,,WDK8509,30,,14,6,,,B
368094860,2021-11-25T18:08:01,43.71378,-69.28136,12.4,349.1,511,THAT'S MY BOYS,,WDK8509,30,,14,6,,,B
368094860,2021-11-25T18:09:31,43.71909,-69.28225,13.3,350.9,511,THAT'S MY BOYS,,WDK8509,30,,14,6,,,B
368094860,2021-11-25T18:11:04,43.72468,-69.2834,13.5,349.5,511,THAT'S MY BOYS,,WDK8509,30,,14,6,,,B
368094860,2021-11-25T18:12:31,43.7301,-69.28442,13.3,352.9,511,THAT'S MY BOYS,,WDK8509,30,,14,6,,,B
368094860,2021-11-25T18:13:32,43.73389,-69.28511,13.5,350.5,511,THAT'S MY BOYS,,WDK8509,30,,14,6,,,B
368094860,2021-11-26T09:44:32,43.70968,-69.31947,15.8,151,511,THAT'S MY BOYS,,WDK8509,30,,14,6,,,B
368094860,2021-11-28T10:34:10,43.72265,-69.31899,14.9,147.7,511,THAT'S MY BOYS,,WDK8509,30,,14,6,,,B
368094860,2021-11-28T10:35:41,43.71711,-69.31393,16.2,149.4,511,THAT'S MY BOYS,,WDK8509,30,,14,6,,,B
368094860,2021-11-28T10:36:42,43.71324,-69.31059,16.2,151.4,511,THAT'S MY BOYS,,WDK8509,30,,14,6,,,B
368094860,2021-11-28T12:19:29,43.70619,-69.31155,10.1,291.2,511,THAT'S MY BOYS,,WDK8509,30,,14,6,,,B
368094860,2021-11-28T12:20:59,43.70625,-69.3137,0.8,307.5,511,THAT'S MY BOYS,,WDK8509,30,,14,6,,,B
368094860,2021-11-28T12:22:29,43.70639,-69.31383,0.1,66,511,THAT'S MY BOYS,,WDK8509,30,,14,6,,,B
368094860,2021-11-28T12:24:29,43.70633,-69.31348,2.9,183.4,511,THAT'S MY BOYS,,WDK8509,30,,14,6,,,B
368094860,2021-11-28T12:26:29,43.70665,-69.31884,7,343.5,511,THAT'S MY BOYS,,WDK8509,30,,14,6,,,B
368094860,2021-11-30T21:04:34,43.70979,-69.27875,10.2,346.6,511,THAT'S MY BOYS,,WDK8509,30,,14,6,,,B
368094860,2021-11-30T21:05:35,43.71283,-69.27945,10.7,350.8,511,THAT'S MY BOYS,,WDK8509,30,,14,6,,,B
368094860,2021-11-30T21:07:03,43.71722,-69.28084,12,355.1,511,THAT'S MY BOYS,,WDK8509,30,,14,6,,,B
368094860,2021-11-30T21:08:33,43.72245,-69.28133,12.3,348.9,511,THAT'S MY BOYS,,WDK8509,30,,14,6,,,B
368094860,2021-11-30T21:09:34,43.72583,-69.28209,11.4,352.7,511,THAT'S MY BOYS,,WDK8509,30,,14,6,,,B
368094860,2021-11-30T21:11:04,43.73079,-69.28334,10.6,3.5,511,THAT'S MY BOYS,,WDK8509,30,,14,6,,,B
368094860,2021-11-30T21:12:33,43.7359,-69.28455,14,358.1,511,THAT'S MY BOYS,,WDK8509,30,,14,6,,,B
368094860,2021-11-30T21:13:34,43.73991,-69.28527,15.8,353.2,511,THAT'S MY BOYS,,WDK8509,30,,14,6,,,B
368094860,2021-12-08T20:43:35,43.7104,-69.31897,11.4,346,511,THAT'S MY BOYS,,WDK8509,30,,14,6,,,B
368094860,2021-12-08T20:45:05,43.71488,-69.32047,11.1,345.7,511,THAT'S MY BOYS,,WDK8509,30,,14,6,,,B
338229921,2021-10-02T14:01:44,43.74147,-69.3173,21.9,324.1,511,SEA LA VIE,,,37,,,,,,B
338229921,2021-10-02T13:53:14,43.73111,-69.29348,0.7,264,511,SEA LA VIE,,,37,,,,,,B
338229921,2021-10-02T13:55:13,43.73105,-69.29406,1.2,213,511,SEA LA VIE,,,37,,,,,,B
338229921,2021-10-02T13:56:43,43.73085,-69.2943,0.5,221.3,511,SEA LA VIE,,,37,,,,,,B
338229921,2021-10-02T13:57:44,43.73089,-69.29436,5,316.1,511,SEA LA VIE,,,37,,,,,,B
338229921,2021-10-02T13:58:46,43.73241,-69.29729,15.3,293.6,511,SEA LA VIE,,,37,,,,,,B
338229921,2021-10-02T14:00:14,43.73501,-69.30821,22.9,301.2,511,SEA LA VIE,,,37,,,,,,B
338535000,2021-10-20T17:08:56,43.7088,-69.30882,8.8,207.3,511,EROS,,WDF2544,60,,26,6,,,B
338535000,2021-10-20T17:09:57,43.70667,-69.31062,8.9,210.4,511,EROS,,WDF2544,60,,26,6,,,B
338535000,2021-10-20T16:54:27,43.74125,-69.28875,8.5,205.9,511,EROS,,WDF2544,60,,26,6,,,B
338535000,2021-10-20T16:55:57,43.7379,-69.29094,8.8,204.7,511,EROS,,WDF2544,60,,26,6,,,B
338535000,2021-10-20T16:57:27,43.73457,-69.29306,8.7,203.1,511,EROS,,WDF2544,60,,26,6,,,B
338535000,2021-10-20T16:58:56,43.73122,-69.29504,8.8,203.6,511,EROS,,WDF2544,60,,26,6,,,B
338535000,2021-10-20T17:00:27,43.72785,-69.29711,9,202.6,511,EROS,,WDF2544,60,,26,6,,,B
338535000,2021-10-20T17:02:29,43.72332,-69.29996,8.7,203.2,511,EROS,,WDF2544,60,,26,6,,,B
338535000,2021-10-20T17:04:27,43.71882,-69.30255,8.8,203.3,511,EROS,,WDF2544,60,,26,6,,,B
338535000,2021-10-20T17:05:56,43.71551,-69.3046,8.9,205.1,511,EROS,,WDF2544,60,,26,6,,,B
338535000,2021-10-20T17:07:26,43.71214,-69.30668,8.7,205.1,511,EROS,,WDF2544,60,,26,6,,,B
367128260,2021-06-05T09:34:23,43.7196,-69.27168,7.3,267.9,511,ROBERT MICHAEL,,WAW7823,30,,16,5,,,B
367128260,2021-06-05T09:35:51,43.71909,-69.27562,7.2,265.1,511,ROBERT MICHAEL,,WAW7823,30,,16,5,,,B
367128260,2021-06-05T09:37:21,43.71852,-69.27961,7.7,269.3,511,ROBERT MICHAEL,,WAW7823,30,,16,5,,,B
367128260,2021-06-05T09:38:51,43.71794,-69.28369,7.3,271,511,ROBERT MICHAEL,,WAW7823,30,,16,5,,,B
367128260,2021-06-05T09:40:21,43.71732,-69.28771,7.1,250.5,511,ROBERT MICHAEL,,WAW7823,30,,16,5,,,B
367128260,2021-06-05T09:41:50,43.71672,-69.29175,6.7,265.5,511,ROBERT MICHAEL,,WAW7823,30,,16,5,,,B
367128260,2021-06-05T09:42:52,43.71631,-69.29456,7.5,258.7,511,ROBERT MICHAEL,,WAW7823,30,,16,5,,,B
367128260,2021-06-05T09:44:20,43.71578,-69.29856,7.4,265.2,511,ROBERT MICHAEL,,WAW7823,30,,16,5,,,B
367128260,2021-06-05T09:45:50,43.71521,-69.30261,7.3,254.2,511,ROBERT MICHAEL,,WAW7823,30,,16,5,,,B
367128260,2021-06-05T09:47:22,43.71469,-69.30671,6.9,257.8,511,ROBERT MICHAEL,,WAW7823,30,,16,5,,,B
367128260,2021-06-05T09:48:51,43.71429,-69.31079,7.6,265.5,511,ROBERT MICHAEL,,WAW7823,30,,16,5,,,B
367128260,2021-06-05T09:49:52,43.71401,-69.31361,7.5,267.8,511,ROBERT MICHAEL,,WAW7823,30,,16,5,,,B
367128260,2021-06-05T09:51:20,43.71366,-69.31756,7.4,262,511,ROBERT MICHAEL,,WAW7823,30,,16,5,,,B
367128260,2021-06-05T09:52:21,43.71337,-69.32034,7.3,261.1,511,ROBERT MICHAEL,,WAW7823,30,,16,5,,,B
366866000,2021-09-14T15:56:37,43.71485,-69.31972,5.2,47.1,511,ROSEWAY,,WDB8858,60,0,34,7,,69,A
366866000,2021-09-14T15:57:46,43.71605,-69.31799,5.5,44.4,511,ROSEWAY,,WDB8858,60,0,34,7,,69,A
366866000,2021-09-14T15:58:56,43.71735,-69.31641,5.1,36.9,511,ROSEWAY,,WDB8858,60,0,34,7,,69,A
366866000,2021-09-14T16:00:06,43.71871,-69.31492,5.2,44.7,511,ROSEWAY,,WDB8858,60,0,34,7,,69,A
366866000,2021-09-14T16:01:18,43.71988,-69.31315,5.2,48.1,511,ROSEWAY,,WDB8858,60,0,34,7,,69,A
366866000,2021-09-14T16:02:27,43.72108,-69.31148,5.3,42.8,511,ROSEWAY,,WDB8858,60,0,34,7,,69,A
366866000,2021-09-14T16:03:36,43.72231,-69.30987,5.3,47.5,511,ROSEWAY,,WDB8858,60,0,34,7,,69,A
366866000,2021-09-14T16:04:46,43.72354,-69.30816,5.5,43.8,511,ROSEWAY,,WDB8858,60,0,34,7,,69,A
366866000,2021-09-14T16:05:56,43.72483,-69.30654,5.4,40.5,511,ROSEWAY,,WDB8858,60,0,34,7,,69,A
366866000,2021-09-14T16:20:56,43.74095,-69.28537,5.4,44.1,511,ROSEWAY,,WDB8858,60,0,34,7,,69,A
366866000,2021-09-14T16:21:58,43.742,-69.28384,5.3,48.2,511,ROSEWAY,,WDB8858,60,0,34,7,,69,A
366866000,2021-09-14T16:07:06,43.7261,-69.30494,5.2,44,511,ROSEWAY,,WDB8858,60,0,34,7,,69,A
366866000,2021-09-14T16:08:17,43.72734,-69.30326,5.3,42.1,511,ROSEWAY,,WDB8858,60,0,34,7,,69,A
366866000,2021-09-14T16:09:27,43.72859,-69.3016,5.2,48.3,511,ROSEWAY,,WDB8858,60,0,34,7,,69,A
366866000,2021-09-14T16:10:37,43.72984,-69.30002,5.2,44,511,ROSEWAY,,WDB8858,60,0,34,7,,69,A
366866000,2021-09-14T16:11:38,43.7309,-69.29856,5.3,47.9,511,ROSEWAY,,WDB8858,60,0,34,7,,69,A
366866000,2021-09-14T16:12:47,43.73218,-69.29691,5.4,45.1,511,ROSEWAY,,WDB8858,60,0,34,7,,69,A
366866000,2021-09-14T16:13:56,43.73347,-69.29533,5.4,37.8,511,ROSEWAY,,WDB8858,60,0,34,7,,69,A
366866000,2021-09-14T16:15:08,43.73478,-69.2937,5.4,38.8,511,ROSEWAY,,WDB8858,60,0,34,7,,69,A
366866000,2021-09-14T16:16:16,43.73602,-69.29208,5.3,41.3,511,ROSEWAY,,WDB8858,60,0,34,7,,69,A
366866000,2021-09-14T16:17:27,43.73733,-69.29047,5.2,40.5,511,ROSEWAY,,WDB8858,60,0,34,7,,69,A
366866000,2021-09-14T16:18:36,43.73849,-69.28879,5.2,49.3,511,ROSEWAY,,WDB8858,60,0,34,7,,69,A
366866000,2021-09-14T16:19:47,43.73972,-69.28703,5.4,45.8,511,ROSEWAY,,WDB8858,60,0,34,7,,69,A
367128260,2021-10-30T05:52:36,43.74136,-69.27241,7.4,249.9,511,ROBERT MICHAEL,,WAW7823,30,,16,5,,,B
367128260,2021-10-30T05:54:04,43.74053,-69.27654,7.6,253.9,511,ROBERT MICHAEL,,WAW7823,30,,16,5,,,B
367128260,2021-10-30T05:55:06,43.73993,-69.27944,7.2,256.6,511,ROBERT MICHAEL,,WAW7823,30,,16,5,,,B
367128260,2021-10-30T05:56:36,43.73912,-69.28355,7.1,254.8,511,ROBERT MICHAEL,,WAW7823,30,,16,5,,,B
367128260,2021-10-30T05:58:05,43.73823,-69.28773,8.1,251,511,ROBERT MICHAEL,,WAW7823,30,,16,5,,,B
367128260,2021-10-30T05:59:34,43.73733,-69.29194,8.1,254.9,511,ROBERT MICHAEL,,WAW7823,30,,16,5,,,B
367128260,2021-10-30T06:00:04,43.73704,-69.29335,8,254.2,511,ROBERT MICHAEL,,WAW7823,30,,16,5,,,B
367128260,2021-10-30T06:01:05,43.7364,-69.29612,8,259.9,511,ROBERT MICHAEL,,WAW7823,30,,16,5,,,B
367128260,2021-10-30T06:02:35,43.73567,-69.3005,8.2,256.1,511,ROBERT MICHAEL,,WAW7823,30,,16,5,,,B
367128260,2021-10-30T06:04:05,43.73491,-69.30486,7.6,251.5,511,ROBERT MICHAEL,,WAW7823,30,,16,5,,,B
367128260,2021-10-30T06:05:36,43.73409,-69.3093,7.3,258.5,511,ROBERT MICHAEL,,WAW7823,30,,16,5,,,B
367128260,2021-10-30T06:07:04,43.73332,-69.31362,7.6,250.7,511,ROBERT MICHAEL,,WAW7823,30,,16,5,,,B
367128260,2021-10-30T06:08:35,43.73251,-69.31816,7.3,257.5,511,ROBERT MICHAEL,,WAW7823,30,,16,5,,,B
367673930,2021-07-27T10:47:20,43.73482,-69.3202,6,29.3,511,SPIRIT,,WDI2023,37,,13,,,,B
367673930,2021-07-27T10:48:23,43.73636,-69.31903,6.1,28.7,511,SPIRIT,,WDI2023,37,,13,,,,B
367673930,2021-07-27T10:50:50,43.73998,-69.31633,5.6,26.1,511,SPIRIT,,WDI2023,37,,13,,,,B
367775990,2021-08-15T15:46:50,43.74199,-69.28712,4.7,264.5,511,BRISTOL STAR,,WDJ4263,37,,13,4,,,B
367775990,2021-08-15T15:48:18,43.74177,-69.28966,4.2,265,511,BRISTOL STAR,,WDJ4263,37,,13,4,,,B
367775990,2021-08-15T15:49:46,43.74158,-69.29212,4.4,260.3,511,BRISTOL STAR,,WDJ4263,37,,13,4,,,B
367775990,2021-08-15T15:51:17,43.74142,-69.29468,4.2,261.1,511,BRISTOL STAR,,WDJ4263,37,,13,4,,,B
367775990,2021-08-15T15:52:47,43.74021,-69.29688,5.2,234.5,511,BRISTOL STAR,,WDJ4263,37,,13,4,,,B
367775990,2021-08-15T15:54:16,43.73923,-69.2993,4.8,245.6,511,BRISTOL STAR,,WDJ4263,37,,13,4,,,B
367775990,2021-08-15T15:55:46,43.73828,-69.30183,5.3,241.3,511,BRISTOL STAR,,WDJ4263,37,,13,4,,,B
367775990,2021-08-15T15:56:50,43.73758,-69.3037,5.1,242.2,511,BRISTOL STAR,,WDJ4263,37,,13,4,,,B
367775990,2021-08-15T15:58:17,43.73664,-69.30608,5.1,241.3,511,BRISTOL STAR,,WDJ4263,37,,13,4,,,B
367775990,2021-08-15T15:59:47,43.73554,-69.30892,5.7,243.7,511,BRISTOL STAR,,WDJ4263,37,,13,4,,,B
367775990,2021-08-15T16:00:17,43.73521,-69.30988,5.7,245.1,511,BRISTOL STAR,,WDJ4263,37,,13,4,,,B
367775990,2021-08-15T16:01:47,43.73413,-69.3129,5.8,242.4,511,BRISTOL STAR,,WDJ4263,37,,13,4,,,B
367775990,2021-08-15T16:03:17,43.73315,-69.31593,5.7,252.7,511,BRISTOL STAR,,WDJ4263,37,,13,4,,,B
367775990,2021-08-15T16:04:47,43.73251,-69.31919,5.8,258.3,511,BRISTOL STAR,,WDJ4263,37,,13,4,,,B
367923000,2021-03-05T20:28:47,43.71258,-69.31459,20.8,59.8,511,CG SITKINAK,,NBNW,90,0,33,6,2,60,A
367923000,2021-03-05T20:29:53,43.71586,-69.30753,21.5,62.2,511,CG SITKINAK,,NBNW,90,0,33,6,2,60,A
367923000,2021-03-05T20:30:59,43.71903,-69.30006,21,62.9,511,CG SITKINAK,,NBNW,90,0,33,6,2,60,A
367923000,2021-03-05T20:32:05,43.72221,-69.29251,20.3,63.5,511,CG SITKINAK,,NBNW,90,0,33,6,2,60,A
367923000,2021-03-05T20:33:10,43.72532,-69.28507,20.2,60.2,511,CG SITKINAK,,NBNW,90,0,33,6,2,60,A
367923000,2021-03-05T20:34:17,43.72855,-69.27767,20.1,59.3,511,CG SITKINAK,,NBNW,90,0,33,6,2,60,A
367923000,2021-08-19T17:21:03,43.70783,-69.28082,11.6,244,243,CG SITKINAK,,NBNW,90,0,33,6,,55,A
367923000,2021-08-19T17:22:07,43.70665,-69.28526,11.7,250.5,251,CG SITKINAK,,NBNW,90,0,33,6,,55,A
367923000,2021-08-13T15:40:00,43.73323,-69.27381,11.5,237,234,CG SITKINAK,,NBNW,90,0,33,6,,55,A
367923000,2021-08-13T15:41:29,43.73063,-69.27939,11.5,236.5,234,CG SITKINAK,,NBNW,90,0,33,6,,55,A
367923000,2021-08-13T15:42:38,43.72863,-69.28364,11.5,237,234,CG SITKINAK,,NBNW,90,0,33,6,,55,A
367923000,2021-08-13T15:43:50,43.72658,-69.28804,11.5,237,235,CG SITKINAK,,NBNW,90,0,33,6,,55,A
367923000,2021-08-13T15:44:59,43.72459,-69.29233,11.6,236.5,233,CG SITKINAK,,NBNW,90,0,33,6,,55,A
367923000,2021-08-19T17:18:57,43.71006,-69.27219,11.5,247,248,CG SITKINAK,,NBNW,90,0,33,6,,55,A
367923000,2021-08-19T17:19:59,43.7091,-69.27652,11.5,254,252,CG SITKINAK,,NBNW,90,0,33,6,,55,A
367923000,2021-08-13T15:51:59,43.71256,-69.31844,11.6,237.5,235,CG SITKINAK,,NBNW,90,0,33,6,,55,A
367923000,2021-08-13T15:46:10,43.72254,-69.29672,11.5,236,234,CG SITKINAK,,NBNW,90,0,33,6,,55,A
367923000,2021-08-13T15:47:19,43.72054,-69.30097,11.5,236,234,CG SITKINAK,,NBNW,90,0,33,6,,55,A
367923000,2021-08-13T15:48:29,43.7185,-69.30536,11.5,238,235,CG SITKINAK,,NBNW,90,0,33,6,,55,A
367923000,2021-08-13T15:49:39,43.71651,-69.30973,11.6,238.5,236,CG SITKINAK,,NBNW,90,0,33,6,,55,A
367923000,2021-08-13T15:50:49,43.71454,-69.31406,11.6,237.5,237,CG SITKINAK,,NBNW,90,0,33,6,,55,A
367799310,2021-07-14T15:22:50,43.71775,-69.31751,11.4,84.2,81,LET IT BEE,,WDJ6590,37,0,,,,37,A
367799310,2021-07-14T15:23:52,43.71816,-69.31296,11.9,80,81,LET IT BEE,,WDJ6590,37,0,,,,37,A
367799310,2021-07-14T15:24:54,43.71855,-69.30841,12,84.7,82,LET IT BEE,,WDJ6590,37,0,,,,37,A
367799310,2021-07-14T15:25:55,43.71897,-69.30395,11.1,81.2,83,LET IT BEE,,WDJ6590,37,0,,,,37,A
367799310,2021-07-14T15:26:58,43.71935,-69.29933,11.7,83.1,80,LET IT BEE,,WDJ6590,37,0,,,,37,A
367799310,2021-07-14T15:27:59,43.71977,-69.29478,11.4,82.6,83,LET IT BEE,,WDJ6590,37,0,,,,37,A
367799310,2021-07-14T15:29:00,43.72018,-69.2904,11.6,80.5,80,LET IT BEE,,WDJ6590,37,0,,,,37,A
367799310,2021-07-14T15:30:02,43.72058,-69.28585,11.2,83.8,82,LET IT BEE,,WDJ6590,37,0,,,,37,A
367799310,2021-07-14T15:31:04,43.72099,-69.28133,11.3,79.6,82,LET IT BEE,,WDJ6590,37,0,,,,37,A
367799310,2021-07-14T15:32:07,43.72138,-69.27676,11.3,82.6,81,LET IT BEE,,WDJ6590,37,0,,,,37,A
367799310,2021-07-14T15:33:09,43.72175,-69.27224,11.6,87.6,87,LET IT BEE,,WDJ6590,37,0,,,,37,A
367392270,2021-06-29T19:00:09,43.73931,-69.3154,7.9,203,196,DOZY TARTS,,WDE7356,37,,21,5,,,B
367392270,2021-06-29T19:01:38,43.73638,-69.31718,7.8,206.1,194,DOZY TARTS,,WDE7356,37,,21,5,,,B
367392270,2021-06-29T19:03:08,43.7334,-69.31906,8,205,198,DOZY TARTS,,WDE7356,37,,21,5,,,B
367392270,2021-06-29T19:04:10,43.73133,-69.32034,7.4,202.2,194,DOZY TARTS,,WDE7356,37,,21,5,,,B
319080500,2021-08-21T08:22:38,43.70781,-69.2838,8.7,38.3,511,MINNOW,,ZGEV5,37,,,,,,B
319080500,2021-08-21T08:23:39,43.70969,-69.28157,8.6,41.9,511,MINNOW,,ZGEV5,37,,,,,,B
319080500,2021-08-21T08:25:38,43.71342,-69.27723,8.3,37.7,511,MINNOW,,ZGEV5,37,,,,,,B
319080500,2021-08-21T08:27:09,43.71615,-69.27406,8.8,42.3,511,MINNOW,,ZGEV5,37,,,,,,B
357456000,2021-04-09T13:05:57,43.70624,-69.32024,0.3,55.5,187,FUGRO EXPLORER,IMO9208564,3FEV9,90,3,79,16,4.7,90,A
357456000,2021-04-09T13:07:08,43.70628,-69.32018,0.2,103.7,187,FUGRO EXPLORER,IMO9208564,3FEV9,90,3,79,16,4.7,90,A
357456000,2021-04-09T13:08:16,43.70628,-69.32018,0.2,267.1,187,FUGRO EXPLORER,IMO9208564,3FEV9,90,3,79,16,4.7,90,A
357456000,2021-04-09T13:09:28,43.70628,-69.32016,0.4,98.5,187,FUGRO EXPLORER,IMO9208564,3FEV9,90,3,79,16,4.7,90,A
357456000,2021-04-09T13:10:37,43.70629,-69.32017,0,150.7,187,FUGRO EXPLORER,IMO9208564,3FEV9,90,3,79,16,4.7,90,A
357456000,2021-04-09T13:11:47,43.70628,-69.32022,0.1,271,188,FUGRO EXPLORER,IMO9208564,3FEV9,90,3,79,16,4.7,90,A
357456000,2021-04-09T13:12:57,43.70628,-69.32029,0.3,278,187,FUGRO EXPLORER,IMO9208564,3FEV9,90,3,79,16,4.7,90,A
357456000,2021-04-09T13:14:07,43.70627,-69.32034,0.2,128.3,187,FUGRO EXPLORER,IMO9208564,3FEV9,90,3,79,16,4.7,90,A
357456000,2021-04-09T13:15:16,43.70629,-69.32034,0,207,187,FUGRO EXPLORER,IMO9208564,3FEV9,90,3,79,16,4.7,90,A
357456000,2021-04-09T13:16:28,43.70629,-69.32034,0.2,329.3,187,FUGRO EXPLORER,IMO9208564,3FEV9,90,3,79,16,4.7,90,A
357456000,2021-04-09T13:17:37,43.70629,-69.32035,0.1,14.5,188,FUGRO EXPLORER,IMO9208564,3FEV9,90,3,79,16,4.7,90,A
357456000,2021-04-09T13:18:47,43.70629,-69.32034,0.2,303.3,187,FUGRO EXPLORER,IMO9208564,3FEV9,90,3,79,16,4.7,90,A
357456000,2021-04-09T13:19:57,43.70627,-69.32035,0.1,185.8,187,FUGRO EXPLORER,IMO9208564,3FEV9,90,3,79,16,4.7,90,A
357456000,2021-04-09T13:21:08,43.70627,-69.32026,0.6,89.5,187,FUGRO EXPLORER,IMO9208564,3FEV9,90,3,79,16,4.7,90,A
357456000,2021-04-09T13:22:17,43.70627,-69.32019,0.3,65.8,187,FUGRO EXPLORER,IMO9208564,3FEV9,90,3,79,16,4.7,90,A
357456000,2021-04-09T13:23:26,43.70627,-69.32014,0,336.7,187,FUGRO EXPLORER,IMO9208564,3FEV9,90,3,79,16,4.7,90,A
357456000,2021-04-09T13:24:36,43.70627,-69.32015,0,168.3,187,FUGRO EXPLORER,IMO9208564,3FEV9,90,3,79,16,4.7,90,A
357456000,2021-04-09T13:25:47,43.70627,-69.32014,0.1,83,188,FUGRO EXPLORER,IMO9208564,3FEV9,90,3,79,16,4.7,90,A
357456000,2021-04-09T13:26:58,43.70627,-69.32014,0.1,275.3,187,FUGRO EXPLORER,IMO9208564,3FEV9,90,3,79,16,4.7,90,A
357456000,2021-04-09T13:28:08,43.70628,-69.32016,0.1,280,187,FUGRO EXPLORER,IMO9208564,3FEV9,90,3,79,16,4.7,90,A
357456000,2021-04-09T13:29:17,43.70627,-69.32017,0,21,187,FUGRO EXPLORER,IMO9208564,3FEV9,90,3,79,16,4.7,90,A
357456000,2021-04-09T13:30:26,43.70627,-69.32017,0.3,137.2,187,FUGRO EXPLORER,IMO9208564,3FEV9,90,3,79,16,4.7,90,A
357456000,2021-04-09T13:31:27,43.70627,-69.32017,0.1,121.6,187,FUGRO EXPLORER,IMO9208564,3FEV9,90,3,79,16,4.7,90,A
357456000,2021-04-09T13:32:38,43.70627,-69.32018,0.1,212.7,187,FUGRO EXPLORER,IMO9208564,3FEV9,90,3,79,16,4.7,90,A
357456000,2021-04-09T13:33:46,43.70628,-69.32018,0.1,233.8,187,FUGRO EXPLORER,IMO9208564,3FEV9,90,3,79,16,4.7,90,A
357456000,2021-04-09T13:34:58,43.70629,-69.32017,0.1,232.8,187,FUGRO EXPLORER,IMO9208564,3FEV9,90,3,79,16,4.7,90,A
357456000,2021-04-09T13:36:07,43.70629,-69.32017,0.1,139.8,187,FUGRO EXPLORER,IMO9208564,3FEV9,90,3,79,16,4.7,90,A
357456000,2021-04-09T13:37:17,43.7063,-69.32017,0.2,11.6,188,FUGRO EXPLORER,IMO9208564,3FEV9,90,3,79,16,4.7,90,A
357456000,2021-04-09T13:38:28,43.70628,-69.32018,0.2,34.2,187,FUGRO EXPLORER,IMO9208564,3FEV9,90,3,79,16,4.7,90,A
357456000,2021-04-09T13:39:37,43.70627,-69.32016,0.3,123.7,187,FUGRO EXPLORER,IMO9208564,3FEV9,90,3,79,16,4.7,90,A
357456000,2021-04-09T13:40:47,43.70626,-69.32016,0.3,162.9,187,FUGRO EXPLORER,IMO9208564,3FEV9,90,3,79,16,4.7,90,A
357456000,2021-04-09T13:41:56,43.70626,-69.32015,0,214.5,187,FUGRO EXPLORER,IMO9208564,3FEV9,90,3,79,16,4.7,90,A
357456000,2021-04-09T13:44:27,43.70628,-69.32016,0,103.2,187,FUGRO EXPLORER,IMO9208564,3FEV9,90,3,79,16,4.7,90,A
357456000,2021-04-09T13:45:37,43.70628,-69.32015,0,122.8,187,FUGRO EXPLORER,IMO9208564,3FEV9,90,3,79,16,4.7,90,A
357456000,2021-04-09T13:46:47,43.70627,-69.32015,0.1,189.4,187,FUGRO EXPLORER,IMO9208564,3FEV9,90,3,79,16,4.7,90,A
357456000,2021-04-09T13:47:57,43.70627,-69.32015,0.1,118.7,187,FUGRO EXPLORER,IMO9208564,3FEV9,90,3,79,16,4.7,90,A
357456000,2021-04-09T13:49:06,43.70627,-69.32016,0.2,284.3,188,FUGRO EXPLORER,IMO9208564,3FEV9,90,3,79,16,4.7,90,A
357456000,2021-04-09T13:50:16,43.70627,-69.32016,0.1,177.3,187,FUGRO EXPLORER,IMO9208564,3FEV9,90,3,79,16,4.7,90,A
357456000,2021-04-09T13:51:17,43.70624,-69.32019,0.1,198.5,187,FUGRO EXPLORER,IMO9208564,3FEV9,90,3,79,16,4.7,90,A
357456000,2021-04-09T13:52:26,43.70621,-69.3202,0.2,189.6,187,FUGRO EXPLORER,IMO9208564,3FEV9,90,3,79,16,4.7,90,A
357456000,2021-04-09T13:53:38,43.70622,-69.32019,0.1,94.1,187,FUGRO EXPLORER,IMO9208564,3FEV9,90,3,79,16,4.7,90,A
357456000,2021-04-09T13:54:46,43.70623,-69.32018,0,105.4,187,FUGRO EXPLORER,IMO9208564,3FEV9,90,3,79,16,4.7,90,A
357456000,2021-04-09T13:55:57,43.70625,-69.32015,0.5,37.6,187,FUGRO EXPLORER,IMO9208564,3FEV9,90,3,79,16,4.7,90,A
357456000,2021-04-09T13:57:17,43.70627,-69.32014,0.1,113.9,187,FUGRO EXPLORER,IMO9208564,3FEV9,90,3,79,16,4.7,90,A
357456000,2021-04-09T13:58:28,43.70627,-69.32014,0.1,32.1,187,FUGRO EXPLORER,IMO9208564,3FEV9,90,3,79,16,4.7,90,A
357456000,2021-04-09T13:59:36,43.70626,-69.32015,0.1,233.5,187,FUGRO EXPLORER,IMO9208564,3FEV9,90,3,79,16,4.7,90,A
357456000,2021-04-09T14:00:07,43.70626,-69.32016,0.3,250,187,FUGRO EXPLORER,IMO9208564,3FEV9,90,3,79,16,4.7,90,A
357456000,2021-04-09T14:01:16,43.70625,-69.32014,0.2,107.7,187,FUGRO EXPLORER,IMO9208564,3FEV9,90,3,79,16,4.7,90,A
357456000,2021-04-09T14:02:28,43.70626,-69.32014,0.1,191.5,187,FUGRO EXPLORER,IMO9208564,3FEV9,90,3,79,16,4.7,90,A
357456000,2021-04-09T14:03:36,43.70627,-69.32014,0.4,312.9,187,FUGRO EXPLORER,IMO9208564,3FEV9,90,3,79,16,4.7,90,A
357456000,2021-04-09T14:04:47,43.70626,-69.32015,0.2,267.6,187,FUGRO EXPLORER,IMO9208564,3FEV9,90,3,79,16,4.7,90,A
357456000,2021-04-09T14:05:58,43.70626,-69.32016,0.1,188.7,188,FUGRO EXPLORER,IMO9208564,3FEV9,90,3,79,16,4.7,90,A
357456000,2021-04-09T14:07:08,43.70626,-69.32017,0,276,187,FUGRO EXPLORER,IMO9208564,3FEV9,90,3,79,16,4.7,90,A
357456000,2021-04-09T14:08:18,43.70628,-69.32017,0.1,94,187,FUGRO EXPLORER,IMO9208564,3FEV9,90,3,79,16,4.7,90,A
357456000,2021-04-09T14:09:28,43.70628,-69.32017,0.1,212.5,187,FUGRO EXPLORER,IMO9208564,3FEV9,90,3,79,16,4.7,90,A
357456000,2021-04-09T14:10:36,43.70627,-69.32018,0.1,185.8,188,FUGRO EXPLORER,IMO9208564,3FEV9,90,3,79,16,4.7,90,A
357456000,2021-04-09T14:11:37,43.70627,-69.32016,0.1,139,187,FUGRO EXPLORER,IMO9208564,3FEV9,90,3,79,16,4.7,90,A
357456000,2021-04-09T14:12:47,43.70625,-69.32016,0.1,151.7,187,FUGRO EXPLORER,IMO9208564,3FEV9,90,3,79,16,4.7,90,A
357456000,2021-04-09T14:13:58,43.70625,-69.32016,0.2,199.5,187,FUGRO EXPLORER,IMO9208564,3FEV9,90,3,79,16,4.7,90,A
357456000,2021-04-09T14:15:06,43.70624,-69.32017,0.2,220.9,187,FUGRO EXPLORER,IMO9208564,3FEV9,90,3,79,16,4.7,90,A
357456000,2021-04-09T14:16:16,43.70624,-69.32015,0.3,80.6,187,FUGRO EXPLORER,IMO9208564,3FEV9,90,3,79,16,4.7,90,A
357456000,2021-04-09T14:17:26,43.70624,-69.32015,0,355.8,187,FUGRO EXPLORER,IMO9208564,3FEV9,90,3,79,16,4.7,90,A
357456000,2021-04-09T14:18:37,43.70625,-69.32014,0.1,20.5,187,FUGRO EXPLORER,IMO9208564,3FEV9,90,3,79,16,4.7,90,A
357456000,2021-04-09T14:19:48,43.70626,-69.32016,0.1,244.6,187,FUGRO EXPLORER,IMO9208564,3FEV9,90,3,79,16,4.7,90,A
357456000,2021-04-09T14:20:56,43.70625,-69.32017,0.1,232.3,187,FUGRO EXPLORER,IMO9208564,3FEV9,90,3,79,16,4.7,90,A
357456000,2021-04-09T14:22:07,43.70626,-69.32015,0.2,21,187,FUGRO EXPLORER,IMO9208564,3FEV9,90,3,79,16,4.7,90,A
357456000,2021-04-09T14:23:18,43.70626,-69.32015,0.1,251.1,187,FUGRO EXPLORER,IMO9208564,3FEV9,90,3,79,16,4.7,90,A
357456000,2021-04-09T14:24:26,43.70625,-69.32015,0.1,215.6,187,FUGRO EXPLORER,IMO9208564,3FEV9,90,3,79,16,4.7,90,A
357456000,2021-04-09T14:25:37,43.70625,-69.32016,0,160.9,187,FUGRO EXPLORER,IMO9208564,3FEV9,90,3,79,16,4.7,90,A
357456000,2021-04-09T14:26:58,43.70623,-69.32017,0.3,262.3,187,FUGRO EXPLORER,IMO9208564,3FEV9,90,3,79,16,4.7,90,A
357456000,2021-04-09T14:28:08,43.70621,-69.32016,0.2,37.1,187,FUGRO EXPLORER,IMO9208564,3FEV9,90,3,79,16,4.7,90,A
357456000,2021-04-09T14:29:17,43.70621,-69.32017,0.1,247.4,188,FUGRO EXPLORER,IMO9208564,3FEV9,90,3,79,16,4.7,90,A
357456000,2021-04-09T14:30:26,43.70621,-69.32018,0,233.9,187,FUGRO EXPLORER,IMO9208564,3FEV9,90,3,79,16,4.7,90,A
357456000,2021-04-09T14:31:37,43.70621,-69.32018,0,102.2,187,FUGRO EXPLORER,IMO9208564,3FEV9,90,3,79,16,4.7,90,A
357456000,2021-04-09T14:32:48,43.70622,-69.32017,0.2,325.5,187,FUGRO EXPLORER,IMO9208564,3FEV9,90,3,79,16,4.7,90,A
357456000,2021-04-09T14:33:57,43.70623,-69.32021,0.3,288.9,187,FUGRO EXPLORER,IMO9208564,3FEV9,90,3,79,16,4.7,90,A
357456000,2021-04-09T14:35:08,43.70623,-69.3202,0.2,98,187,FUGRO EXPLORER,IMO9208564,3FEV9,90,3,79,16,4.7,90,A
357456000,2021-04-09T14:36:17,43.70623,-69.3202,0.1,91.2,187,FUGRO EXPLORER,IMO9208564,3FEV9,90,3,79,16,4.7,90,A
357456000,2021-04-09T14:37:26,43.70624,-69.32019,0.1,16.7,188,FUGRO EXPLORER,IMO9208564,3FEV9,90,3,79,16,4.7,90,A
357456000,2021-04-09T14:38:37,43.70624,-69.32017,0.3,118.7,187,FUGRO EXPLORER,IMO9208564,3FEV9,90,3,79,16,4.7,90,A
357456000,2021-04-09T14:39:47,43.70624,-69.32017,0,191.1,187,FUGRO EXPLORER,IMO9208564,3FEV9,90,3,79,16,4.7,90,A
357456000,2021-04-09T14:40:56,43.70623,-69.32018,0.3,271.3,187,FUGRO EXPLORER,IMO9208564,3FEV9,90,3,79,16,4.7,90,A
357456000,2021-04-09T14:42:07,43.70622,-69.32018,0.2,246.5,187,FUGRO EXPLORER,IMO9208564,3FEV9,90,3,79,16,4.7,90,A
357456000,2021-04-09T14:43:18,43.70623,-69.32018,0.1,16.1,187,FUGRO EXPLORER,IMO9208564,3FEV9,90,3,79,16,4.7,90,A
357456000,2021-04-09T14:44:27,43.70624,-69.32018,0.1,100.3,187,FUGRO EXPLORER,IMO9208564,3FEV9,90,3,79,16,4.7,90,A
357456000,2021-04-09T14:45:37,43.70625,-69.32021,0.3,295.4,187,FUGRO EXPLORER,IMO9208564,3FEV9,90,3,79,16,4.7,90,A
357456000,2021-04-09T14:46:47,43.70625,-69.32018,0.3,200.5,187,FUGRO EXPLORER,IMO9208564,3FEV9,90,3,79,16,4.7,90,A
357456000,2021-04-09T14:47:56,43.70626,-69.32016,0.1,120,187,FUGRO EXPLORER,IMO9208564,3FEV9,90,3,79,16,4.7,90,A
357456000,2021-04-09T14:49:07,43.70623,-69.32016,0,230.3,188,FUGRO EXPLORER,IMO9208564,3FEV9,90,3,79,16,4.7,90,A
357456000,2021-04-09T14:50:16,43.70625,-69.32019,0.1,288.6,187,FUGRO EXPLORER,IMO9208564,3FEV9,90,3,79,16,4.7,90,A
357456000,2021-04-09T14:51:27,43.70624,-69.32017,0.1,260.5,187,FUGRO EXPLORER,IMO9208564,3FEV9,90,3,79,16,4.7,90,A
357456000,2021-04-09T14:52:36,43.70624,-69.32016,0.3,89.1,187,FUGRO EXPLORER,IMO9208564,3FEV9,90,3,79,16,4.7,90,A
357456000,2021-04-09T14:53:47,43.70625,-69.32017,0.1,7.7,187,FUGRO EXPLORER,IMO9208564,3FEV9,90,3,79,16,4.7,90,A
357456000,2021-04-09T14:54:57,43.70624,-69.32017,0,233.2,187,FUGRO EXPLORER,IMO9208564,3FEV9,90,3,79,16,4.7,90,A
357456000,2021-04-09T14:56:07,43.70622,-69.32016,0.2,97.5,187,FUGRO EXPLORER,IMO9208564,3FEV9,90,3,79,16,4.7,90,A
357456000,2021-04-09T14:57:16,43.70623,-69.32017,0.1,296,187,FUGRO EXPLORER,IMO9208564,3FEV9,90,3,79,16,4.7,90,A
357456000,2021-04-09T14:58:27,43.70623,-69.32018,0,174.1,187,FUGRO EXPLORER,IMO9208564,3FEV9,90,3,79,16,4.7,90,A
357456000,2021-04-09T14:59:37,43.70623,-69.32018,0.2,125.9,187,FUGRO EXPLORER,IMO9208564,3FEV9,90,3,79,16,4.7,90,A
357456000,2021-04-09T15:00:06,43.70623,-69.32019,0.3,274.7,187,FUGRO EXPLORER,IMO9208564,3FEV9,90,3,79,16,4.7,90,A
357456000,2021-04-09T15:01:16,43.70625,-69.32017,0.1,247.2,187,FUGRO EXPLORER,IMO9208564,3FEV9,90,3,79,16,4.7,90,A
357456000,2021-04-09T15:02:27,43.70625,-69.32018,0,110.1,187,FUGRO EXPLORER,IMO9208564,3FEV9,90,3,79,16,4.7,90,A
357456000,2021-04-09T15:03:37,43.70624,-69.32017,0.1,203.6,187,FUGRO EXPLORER,IMO9208564,3FEV9,90,3,79,16,4.7,90,A
357456000,2021-04-09T15:04:46,43.70624,-69.32016,0.2,134.6,187,FUGRO EXPLORER,IMO9208564,3FEV9,90,3,79,16,4.7,90,A
357456000,2021-04-09T15:05:56,43.70622,-69.32018,0.1,199.3,187,FUGRO EXPLORER,IMO9208564,3FEV9,90,3,79,16,4.7,90,A
357456000,2021-04-09T15:07:07,43.70623,-69.32018,0.3,132.5,188,FUGRO EXPLORER,IMO9208564,3FEV9,90,3,79,16,4.7,90,A
357456000,2021-04-09T15:08:17,43.70624,-69.32017,0.1,342.1,187,FUGRO EXPLORER,IMO9208564,3FEV9,90,3,79,16,4.7,90,A
357456000,2021-04-09T15:09:28,43.70623,-69.32016,0,171.6,187,FUGRO EXPLORER,IMO9208564,3FEV9,90,3,79,16,4.7,90,A
357456000,2021-04-09T15:10:37,43.70624,-69.32017,0.1,340.6,187,FUGRO EXPLORER,IMO9208564,3FEV9,90,3,79,16,4.7,90,A
357456000,2021-04-09T15:11:48,43.70623,-69.32017,0.1,186.3,187,FUGRO EXPLORER,IMO9208564,3FEV9,90,3,79,16,4.7,90,A
357456000,2021-04-09T15:12:57,43.70621,-69.32021,0.5,311.1,187,FUGRO EXPLORER,IMO9208564,3FEV9,90,3,79,16,4.7,90,A
357456000,2021-04-09T15:14:07,43.70621,-69.32022,0.1,119.2,188,FUGRO EXPLORER,IMO9208564,3FEV9,90,3,79,16,4.7,90,A
357456000,2021-04-09T15:15:17,43.70622,-69.32022,0.2,6.4,187,FUGRO EXPLORER,IMO9208564,3FEV9,90,3,79,16,4.7,90,A
357456000,2021-04-09T15:16:18,43.70622,-69.3202,0.1,97.5,187,FUGRO EXPLORER,IMO9208564,3FEV9,90,3,79,16,4.7,90,A
357456000,2021-04-09T15:17:26,43.70623,-69.32019,0.3,342.4,187,FUGRO EXPLORER,IMO9208564,3FEV9,90,3,79,16,4.7,90,A
357456000,2021-04-09T15:18:37,43.70624,-69.32016,0.2,72.3,187,FUGRO EXPLORER,IMO9208564,3FEV9,90,3,79,16,4.7,90,A
357456000,2021-04-09T15:19:47,43.70623,-69.32015,0.2,83.8,187,FUGRO EXPLORER,IMO9208564,3FEV9,90,3,79,16,4.7,90,A
357456000,2021-04-09T15:20:57,43.70623,-69.32014,0.3,154.4,187,FUGRO EXPLORER,IMO9208564,3FEV9,90,3,79,16,4.7,90,A
357456000,2021-04-09T15:22:07,43.70623,-69.32014,0,104.3,187,FUGRO EXPLORER,IMO9208564,3FEV9,90,3,79,16,4.7,90,A
357456000,2021-04-09T15:23:18,43.70623,-69.32015,0.2,101.5,187,FUGRO EXPLORER,IMO9208564,3FEV9,90,3,79,16,4.7,90,A
357456000,2021-04-09T15:24:28,43.70622,-69.32016,0.2,236.5,187,FUGRO EXPLORER,IMO9208564,3FEV9,90,3,79,16,4.7,90,A
357456000,2021-04-09T15:25:37,43.70622,-69.32017,0,83.8,188,FUGRO EXPLORER,IMO9208564,3FEV9,90,3,79,16,4.7,90,A
357456000,2021-04-09T15:26:47,43.70624,-69.32017,0.1,312.9,187,FUGRO EXPLORER,IMO9208564,3FEV9,90,3,79,16,4.7,90,A
357456000,2021-04-09T15:27:58,43.70625,-69.32017,0,120,187,FUGRO EXPLORER,IMO9208564,3FEV9,90,3,79,16,4.7,90,A
357456000,2021-04-09T15:29:07,43.70625,-69.32016,0.3,195.2,187,FUGRO EXPLORER,IMO9208564,3FEV9,90,3,79,16,4.7,90,A
357456000,2021-04-09T15:30:17,43.70626,-69.32016,0.1,189.7,187,FUGRO EXPLORER,IMO9208564,3FEV9,90,3,79,16,4.7,90,A
357456000,2021-04-09T15:31:27,43.70625,-69.32018,0.1,263.2,187,FUGRO EXPLORER,IMO9208564,3FEV9,90,3,79,16,4.7,90,A
357456000,2021-04-09T15:32:37,43.70624,-69.32018,0.1,347.9,187,FUGRO EXPLORER,IMO9208564,3FEV9,90,3,79,16,4.7,90,A
357456000,2021-04-09T15:33:38,43.70624,-69.32018,0.1,196.3,187,FUGRO EXPLORER,IMO9208564,3FEV9,90,3,79,16,4.7,90,A
357456000,2021-04-09T15:34:46,43.7064,-69.32013,0.8,10.1,187,FUGRO EXPLORER,IMO9208564,3FEV9,90,3,79,16,4.7,90,A
357456000,2021-04-09T15:35:57,43.70668,-69.32008,0.8,12.7,187,FUGRO EXPLORER,IMO9208564,3FEV9,90,3,79,16,4.7,90,A
357456000,2021-04-09T15:37:07,43.70692,-69.32,0.6,27.7,187,FUGRO EXPLORER,IMO9208564,3FEV9,90,3,79,16,4.7,90,A
357456000,2021-04-09T15:38:17,43.70717,-69.31989,1,22.8,187,FUGRO EXPLORER,IMO9208564,3FEV9,90,3,79,16,4.7,90,A
357456000,2021-04-09T15:39:28,43.70742,-69.31978,0.9,15.4,187,FUGRO EXPLORER,IMO9208564,3FEV9,90,3,79,16,4.7,90,A
357456000,2021-04-09T15:40:37,43.70763,-69.31959,0.7,56.1,170,FUGRO EXPLORER,IMO9208564,3FEV9,90,3,79,16,4.7,90,A
357456000,2021-04-09T15:41:46,43.70783,-69.31945,0.7,22.1,147,FUGRO EXPLORER,IMO9208564,3FEV9,90,3,79,16,4.7,90,A
357456000,2021-04-09T15:42:58,43.70802,-69.3193,0.5,49,123,FUGRO EXPLORER,IMO9208564,3FEV9,90,3,79,16,4.7,90,A
357456000,2021-04-09T15:44:06,43.70824,-69.31921,0.6,10.2,100,FUGRO EXPLORER,IMO9208564,3FEV9,90,3,79,16,4.7,90,A
357456000,2021-04-09T15:45:17,43.70839,-69.31904,0.7,29,77,FUGRO EXPLORER,IMO9208564,3FEV9,90,3,79,16,4.7,90,A
357456000,2021-04-09T15:46:28,43.70852,-69.31887,0.7,52.1,59,FUGRO EXPLORER,IMO9208564,3FEV9,90,3,79,16,4.7,90,A
357456000,2021-04-09T15:47:37,43.70868,-69.3186,0.7,57.4,59,FUGRO EXPLORER,IMO9208564,3FEV9,90,3,79,16,4.7,90,A
357456000,2021-04-09T15:48:46,43.70883,-69.31834,0.6,55.4,59,FUGRO EXPLORER,IMO9208564,3FEV9,90,3,79,16,4.7,90,A
357456000,2021-04-09T15:49:47,43.70894,-69.31804,1,62.1,59,FUGRO EXPLORER,IMO9208564,3FEV9,90,3,79,16,4.7,90,A
357456000,2021-04-09T15:50:58,43.70911,-69.31765,1,59.7,59,FUGRO EXPLORER,IMO9208564,3FEV9,90,3,79,16,4.7,90,A
357456000,2021-04-09T15:52:07,43.7093,-69.31729,0.9,53.7,59,FUGRO EXPLORER,IMO9208564,3FEV9,90,3,79,16,4.7,90,A
357456000,2021-04-09T15:53:17,43.70948,-69.31692,1,60.4,60,FUGRO EXPLORER,IMO9208564,3FEV9,90,3,79,16,4.7,90,A
357456000,2021-04-09T15:54:26,43.70965,-69.31654,1,59.7,59,FUGRO EXPLORER,IMO9208564,3FEV9,90,3,79,16,4.7,90,A
357456000,2021-04-09T15:55:37,43.70983,-69.31615,1.1,52.7,59,FUGRO EXPLORER,IMO9208564,3FEV9,90,3,79,16,4.7,90,A
357456000,2021-04-09T15:56:47,43.71001,-69.31577,1.1,61.4,59,FUGRO EXPLORER,IMO9208564,3FEV9,90,3,79,16,4.7,90,A
357456000,2021-04-09T15:57:57,43.71018,-69.3154,1,55,60,FUGRO EXPLORER,IMO9208564,3FEV9,90,3,79,16,4.7,90,A
357456000,2021-04-09T15:59:07,43.71035,-69.31503,0.9,63.8,59,FUGRO EXPLORER,IMO9208564,3FEV9,90,3,79,16,4.7,90,A
357456000,2021-04-09T16:00:07,43.71049,-69.31469,1.1,56,59,FUGRO EXPLORER,IMO9208564,3FEV9,90,3,79,16,4.7,90,A
357456000,2021-04-09T16:01:17,43.71065,-69.31432,0.9,69.1,59,FUGRO EXPLORER,IMO9208564,3FEV9,90,3,79,16,4.7,90,A
357456000,2021-04-09T16:02:27,43.71083,-69.31395,1,56.2,59,FUGRO EXPLORER,IMO9208564,3FEV9,90,3,79,16,4.7,90,A
357456000,2021-04-09T16:03:38,43.71102,-69.31357,1.1,54.9,59,FUGRO EXPLORER,IMO9208564,3FEV9,90,3,79,16,4.7,90,A
357456000,2021-04-09T16:04:46,43.71118,-69.3132,1,55.2,59,FUGRO EXPLORER,IMO9208564,3FEV9,90,3,79,16,4.7,90,A
357456000,2021-04-09T16:05:56,43.71138,-69.31282,1,58.1,60,FUGRO EXPLORER,IMO9208564,3FEV9,90,3,79,16,4.7,90,A
357456000,2021-04-09T16:07:17,43.71158,-69.31243,0.8,55.3,59,FUGRO EXPLORER,IMO9208564,3FEV9,90,3,79,16,4.7,90,A
357456000,2021-04-09T16:08:27,43.71171,-69.31212,0.6,64.6,59,FUGRO EXPLORER,IMO9208564,3FEV9,90,3,79,16,4.7,90,A
357456000,2021-04-09T16:09:38,43.71179,-69.31192,0.4,51.8,59,FUGRO EXPLORER,IMO9208564,3FEV9,90,3,79,16,4.7,90,A
357456000,2021-04-09T16:13:57,43.71212,-69.31123,0.4,53.4,60,FUGRO EXPLORER,IMO9208564,3FEV9,90,3,79,16,4.7,90,A
357456000,2021-04-09T16:15:07,43.7122,-69.31109,0.5,57,59,FUGRO EXPLORER,IMO9208564,3FEV9,90,3,79,16,4.7,90,A
357456000,2021-04-09T16:16:16,43.71226,-69.31094,0.3,47.9,59,FUGRO EXPLORER,IMO9208564,3FEV9,90,3,79,16,4.7,90,A
357456000,2021-04-09T16:17:26,43.71233,-69.31076,0.4,37.9,59,FUGRO EXPLORER,IMO9208564,3FEV9,90,3,79,16,4.7,90,A
357456000,2021-04-09T16:18:27,43.7124,-69.31064,0.2,76.9,60,FUGRO EXPLORER,IMO9208564,3FEV9,90,3,79,16,4.7,90,A
357456000,2021-04-09T16:19:37,43.71249,-69.31052,0.4,33.4,59,FUGRO EXPLORER,IMO9208564,3FEV9,90,3,79,16,4.7,90,A
357456000,2021-04-09T16:20:48,43.71255,-69.31037,0.4,49.5,59,FUGRO EXPLORER,IMO9208564,3FEV9,90,3,79,16,4.7,90,A
357456000,2021-04-09T16:21:56,43.71262,-69.31023,0.4,62.3,59,FUGRO EXPLORER,IMO9208564,3FEV9,90,3,79,16,4.7,90,A
357456000,2021-04-09T16:23:06,43.71265,-69.31009,0.4,44.3,60,FUGRO EXPLORER,IMO9208564,3FEV9,90,3,79,16,4.7,90,A
357456000,2021-04-09T16:24:17,43.71263,-69.30997,0.4,76.5,59,FUGRO EXPLORER,IMO9208564,3FEV9,90,3,79,16,4.7,90,A
357456000,2021-04-09T16:25:26,43.71264,-69.30985,0.1,85.8,59,FUGRO EXPLORER,IMO9208564,3FEV9,90,3,79,16,4.7,90,A
357456000,2021-04-09T16:26:38,43.71264,-69.30986,0.1,161,60,FUGRO EXPLORER,IMO9208564,3FEV9,90,3,79,16,4.7,90,A
357456000,2021-04-09T16:27:47,43.71264,-69.30987,0.2,170.1,59,FUGRO EXPLORER,IMO9208564,3FEV9,90,3,79,16,4.7,90,A
357456000,2021-04-09T16:28:56,43.71265,-69.30987,0.1,165.9,59,FUGRO EXPLORER,IMO9208564,3FEV9,90,3,79,16,4.7,90,A
357456000,2021-04-09T16:30:08,43.71265,-69.30987,0.1,8.4,59,FUGRO EXPLORER,IMO9208564,3FEV9,90,3,79,16,4.7,90,A
357456000,2021-04-09T16:31:18,43.71264,-69.30985,0,168.2,59,FUGRO EXPLORER,IMO9208564,3FEV9,90,3,79,16,4.7,90,A
357456000,2021-04-09T16:32:26,43.71264,-69.30985,0,240.6,59,FUGRO EXPLORER,IMO9208564,3FEV9,90,3,79,16,4.7,90,A
357456000,2021-04-09T16:33:37,43.71263,-69.30986,0,156.5,60,FUGRO EXPLORER,IMO9208564,3FEV9,90,3,79,16,4.7,90,A
357456000,2021-04-09T16:34:48,43.71262,-69.30986,0.1,274.1,59,FUGRO EXPLORER,IMO9208564,3FEV9,90,3,79,16,4.7,90,A
357456000,2021-04-09T16:35:56,43.71262,-69.30985,0.1,348.9,60,FUGRO EXPLORER,IMO9208564,3FEV9,90,3,79,16,4.7,90,A
357456000,2021-04-09T16:37:07,43.71263,-69.30985,0.1,54.4,59,FUGRO EXPLORER,IMO9208564,3FEV9,90,3,79,16,4.7,90,A
357456000,2021-04-09T16:38:17,43.71264,-69.30984,0.1,129.9,60,FUGRO EXPLORER,IMO9208564,3FEV9,90,3,79,16,4.7,90,A
357456000,2021-04-09T16:39:28,43.71266,-69.30986,0.1,45.9,59,FUGRO EXPLORER,IMO9208564,3FEV9,90,3,79,16,4.7,90,A
357456000,2021-04-09T16:40:37,43.71266,-69.30985,0.2,102.7,59,FUGRO EXPLORER,IMO9208564,3FEV9,90,3,79,16,4.7,90,A
357456000,2021-04-09T16:41:46,43.71266,-69.30986,0.1,153.8,59,FUGRO EXPLORER,IMO9208564,3FEV9,90,3,79,16,4.7,90,A
357456000,2021-04-09T16:42:56,43.71264,-69.30986,0,212.6,59,FUGRO EXPLORER,IMO9208564,3FEV9,90,3,79,16,4.7,90,A
357456000,2021-04-09T16:43:58,43.71263,-69.30986,0.1,315.8,60,FUGRO EXPLORER,IMO9208564,3FEV9,90,3,79,16,4.7,90,A
357456000,2021-04-09T16:45:07,43.71264,-69.30985,0,36.4,59,FUGRO EXPLORER,IMO9208564,3FEV9,90,3,79,16,4.7,90,A
357456000,2021-04-09T16:46:17,43.71263,-69.30984,0.3,248.3,60,FUGRO EXPLORER,IMO9208564,3FEV9,90,3,79,16,4.7,90,A
357456000,2021-04-09T16:47:26,43.71262,-69.30985,0.3,120.1,59,FUGRO EXPLORER,IMO9208564,3FEV9,90,3,79,16,4.7,90,A
357456000,2021-04-09T16:48:37,43.71263,-69.30985,0.2,202.9,59,FUGRO EXPLORER,IMO9208564,3FEV9,90,3,79,16,4.7,90,A
357456000,2021-04-09T16:49:47,43.71262,-69.30986,0.1,281.1,60,FUGRO EXPLORER,IMO9208564,3FEV9,90,3,79,16,4.7,90,A
357456000,2021-04-09T16:50:56,43.71261,-69.30986,0.1,163,60,FUGRO EXPLORER,IMO9208564,3FEV9,90,3,79,16,4.7,90,A
357456000,2021-04-09T16:52:06,43.71262,-69.30985,0.1,193,59,FUGRO EXPLORER,IMO9208564,3FEV9,90,3,79,16,4.7,90,A
357456000,2021-04-09T16:53:16,43.71263,-69.30985,0,33.8,59,FUGRO EXPLORER,IMO9208564,3FEV9,90,3,79,16,4.7,90,A
357456000,2021-04-09T16:54:26,43.71263,-69.30985,0,333.1,59,FUGRO EXPLORER,IMO9208564,3FEV9,90,3,79,16,4.7,90,A
357456000,2021-04-09T16:55:37,43.71264,-69.30986,0.2,292,60,FUGRO EXPLORER,IMO9208564,3FEV9,90,3,79,16,4.7,90,A
357456000,2021-04-09T16:56:46,43.71263,-69.30987,0,197.2,59,FUGRO EXPLORER,IMO9208564,3FEV9,90,3,79,16,4.7,90,A
357456000,2021-04-09T16:57:57,43.71262,-69.30986,0.2,321.8,60,FUGRO EXPLORER,IMO9208564,3FEV9,90,3,79,16,4.7,90,A
357456000,2021-04-09T16:59:07,43.71262,-69.30987,0.1,147.4,60,FUGRO EXPLORER,IMO9208564,3FEV9,90,3,79,16,4.7,90,A
357456000,2021-04-09T17:00:06,43.71262,-69.30987,0,72.2,59,FUGRO EXPLORER,IMO9208564,3FEV9,90,3,79,16,4.7,90,A
357456000,2021-04-09T17:01:17,43.71264,-69.30985,0.1,108.9,60,FUGRO EXPLORER,IMO9208564,3FEV9,90,3,79,16,4.7,90,A
357456000,2021-04-09T17:02:18,43.71264,-69.30985,0.3,355,59,FUGRO EXPLORER,IMO9208564,3FEV9,90,3,79,16,4.7,90,A
357456000,2021-04-09T17:03:28,43.71264,-69.30984,0.1,191.5,60,FUGRO EXPLORER,IMO9208564,3FEV9,90,3,79,16,4.7,90,A
357456000,2021-04-09T17:04:36,43.71264,-69.30986,0.2,260.6,60,FUGRO EXPLORER,IMO9208564,3FEV9,90,3,79,16,4.7,90,A
357456000,2021-04-09T17:05:47,43.71262,-69.30985,0.1,240.1,59,FUGRO EXPLORER,IMO9208564,3FEV9,90,3,79,16,4.7,90,A
357456000,2021-04-09T17:06:58,43.71262,-69.30986,0.2,144.9,60,FUGRO EXPLORER,IMO9208564,3FEV9,90,3,79,16,4.7,90,A
357456000,2021-04-09T17:08:07,43.71262,-69.30988,0.1,160.5,60,FUGRO EXPLORER,IMO9208564,3FEV9,90,3,79,16,4.7,90,A
357456000,2021-04-09T17:09:18,43.71262,-69.30988,0,293.8,60,FUGRO EXPLORER,IMO9208564,3FEV9,90,3,79,16,4.7,90,A
357456000,2021-04-09T17:10:27,43.71263,-69.30988,0.1,359.4,59,FUGRO EXPLORER,IMO9208564,3FEV9,90,3,79,16,4.7,90,A
357456000,2021-04-09T17:11:37,43.71262,-69.30987,0.1,349.2,59,FUGRO EXPLORER,IMO9208564,3FEV9,90,3,79,16,4.7,90,A
357456000,2021-04-09T17:12:38,43.71261,-69.30986,0.1,64.5,60,FUGRO EXPLORER,IMO9208564,3FEV9,90,3,79,16,4.7,90,A
357456000,2021-04-09T17:13:46,43.71261,-69.30987,0.1,340.4,59,FUGRO EXPLORER,IMO9208564,3FEV9,90,3,79,16,4.7,90,A
357456000,2021-04-09T17:14:47,43.71262,-69.30986,0.1,201.2,59,FUGRO EXPLORER,IMO9208564,3FEV9,90,3,79,16,4.7,90,A
357456000,2021-04-09T17:15:56,43.71263,-69.30987,0,264.9,59,FUGRO EXPLORER,IMO9208564,3FEV9,90,3,79,16,4.7,90,A
357456000,2021-04-09T17:17:06,43.71264,-69.30987,0,311.4,59,FUGRO EXPLORER,IMO9208564,3FEV9,90,3,79,16,4.7,90,A
357456000,2021-04-09T17:18:07,43.71265,-69.30987,0.2,169.5,59,FUGRO EXPLORER,IMO9208564,3FEV9,90,3,79,16,4.7,90,A
357456000,2021-04-09T17:19:18,43.71265,-69.30987,0.1,251.7,59,FUGRO EXPLORER,IMO9208564,3FEV9,90,3,79,16,4.7,90,A
357456000,2021-04-09T17:20:27,43.71265,-69.30986,0.1,345,59,FUGRO EXPLORER,IMO9208564,3FEV9,90,3,79,16,4.7,90,A
357456000,2021-04-09T17:21:37,43.71265,-69.30986,0.1,78.4,60,FUGRO EXPLORER,IMO9208564,3FEV9,90,3,79,16,4.7,90,A
357456000,2021-04-09T17:22:46,43.71265,-69.30985,0.2,140.6,59,FUGRO EXPLORER,IMO9208564,3FEV9,90,3,79,16,4.7,90,A
357456000,2021-04-09T17:23:57,43.71264,-69.30986,0.1,192.3,59,FUGRO EXPLORER,IMO9208564,3FEV9,90,3,79,16,4.7,90,A
357456000,2021-04-09T17:25:07,43.71265,-69.30986,0.1,284,59,FUGRO EXPLORER,IMO9208564,3FEV9,90,3,79,16,4.7,90,A
357456000,2021-04-09T17:26:17,43.71265,-69.30987,0.1,241.3,60,FUGRO EXPLORER,IMO9208564,3FEV9,90,3,79,16,4.7,90,A
357456000,2021-04-09T17:27:28,43.71265,-69.30988,0.4,357.6,59,FUGRO EXPLORER,IMO9208564,3FEV9,90,3,79,16,4.7,90,A
357456000,2021-04-09T17:28:37,43.71265,-69.30988,0.1,175.6,59,FUGRO EXPLORER,IMO9208564,3FEV9,90,3,79,16,4.7,90,A
357456000,2021-04-09T17:29:48,43.71265,-69.30987,0.1,170.6,59,FUGRO EXPLORER,IMO9208564,3FEV9,90,3,79,16,4.7,90,A
357456000,2021-04-09T17:30:57,43.71265,-69.30987,0.2,226.7,59,FUGRO EXPLORER,IMO9208564,3FEV9,90,3,79,16,4.7,90,A
357456000,2021-04-09T17:32:07,43.71265,-69.30984,0.2,32,60,FUGRO EXPLORER,IMO9208564,3FEV9,90,3,79,16,4.7,90,A
357456000,2021-04-09T17:33:17,43.71264,-69.30983,0.1,213.7,60,FUGRO EXPLORER,IMO9208564,3FEV9,90,3,79,16,4.7,90,A
357456000,2021-04-09T17:34:27,43.71263,-69.30984,0.1,149,60,FUGRO EXPLORER,IMO9208564,3FEV9,90,3,79,16,4.7,90,A
357456000,2021-04-09T17:35:37,43.71262,-69.30986,0.3,289.7,60,FUGRO EXPLORER,IMO9208564,3FEV9,90,3,79,16,4.7,90,A
357456000,2021-04-09T17:36:46,43.71262,-69.30986,0.2,283.7,59,FUGRO EXPLORER,IMO9208564,3FEV9,90,3,79,16,4.7,90,A
357456000,2021-04-09T17:37:57,43.71262,-69.30988,0,182.8,59,FUGRO EXPLORER,IMO9208564,3FEV9,90,3,79,16,4.7,90,A
357456000,2021-04-09T17:39:06,43.7126,-69.30988,0.2,176.9,59,FUGRO EXPLORER,IMO9208564,3FEV9,90,3,79,16,4.7,90,A
357456000,2021-04-09T17:40:07,43.7126,-69.30988,0.1,43.7,60,FUGRO EXPLORER,IMO9208564,3FEV9,90,3,79,16,4.7,90,A
357456000,2021-04-09T17:41:18,43.71261,-69.30988,0.2,223.4,60,FUGRO EXPLORER,IMO9208564,3FEV9,90,3,79,16,4.7,90,A
357456000,2021-04-09T17:42:27,43.7126,-69.30988,0.1,168.8,59,FUGRO EXPLORER,IMO9208564,3FEV9,90,3,79,16,4.7,90,A
357456000,2021-04-09T17:43:38,43.7126,-69.30987,0.1,85,59,FUGRO EXPLORER,IMO9208564,3FEV9,90,3,79,16,4.7,90,A
357456000,2021-04-09T17:44:46,43.7126,-69.30988,0.1,163.2,59,FUGRO EXPLORER,IMO9208564,3FEV9,90,3,79,16,4.7,90,A
357456000,2021-04-09T17:45:57,43.71262,-69.30988,0.1,348.8,59,FUGRO EXPLORER,IMO9208564,3FEV9,90,3,79,16,4.7,90,A
357456000,2021-04-09T17:47:06,43.71263,-69.30987,0.2,303,59,FUGRO EXPLORER,IMO9208564,3FEV9,90,3,79,16,4.7,90,A
357456000,2021-04-09T17:48:17,43.71263,-69.30986,0.2,87.2,60,FUGRO EXPLORER,IMO9208564,3FEV9,90,3,79,16,4.7,90,A
357456000,2021-04-09T17:49:27,43.71265,-69.30985,0.1,317.1,59,FUGRO EXPLORER,IMO9208564,3FEV9,90,3,79,16,4.7,90,A
357456000,2021-04-09T17:50:37,43.71263,-69.30983,0.1,180.1,59,FUGRO EXPLORER,IMO9208564,3FEV9,90,3,79,16,4.7,90,A
357456000,2021-04-09T17:51:47,43.71261,-69.30983,0.1,264.7,59,FUGRO EXPLORER,IMO9208564,3FEV9,90,3,79,16,4.7,90,A
357456000,2021-04-09T17:52:56,43.7126,-69.30982,0.2,177.4,59,FUGRO EXPLORER,IMO9208564,3FEV9,90,3,79,16,4.7,90,A
357456000,2021-04-09T17:54:08,43.71259,-69.30981,0.2,180.9,59,FUGRO EXPLORER,IMO9208564,3FEV9,90,3,79,16,4.7,90,A
357456000,2021-04-09T17:55:18,43.7126,-69.30982,0.1,48.5,60,FUGRO EXPLORER,IMO9208564,3FEV9,90,3,79,16,4.7,90,A
357456000,2021-04-09T17:56:26,43.7126,-69.3098,0,102,59,FUGRO EXPLORER,IMO9208564,3FEV9,90,3,79,16,4.7,90,A
357456000,2021-04-09T17:57:36,43.7126,-69.30979,0.2,14.9,59,FUGRO EXPLORER,IMO9208564,3FEV9,90,3,79,16,4.7,90,A
357456000,2021-04-09T17:58:47,43.71263,-69.3098,0.3,324.6,59,FUGRO EXPLORER,IMO9208564,3FEV9,90,3,79,16,4.7,90,A
357456000,2021-04-09T17:59:57,43.71267,-69.30986,0.2,264.3,59,FUGRO EXPLORER,IMO9208564,3FEV9,90,3,79,16,4.7,90,A
357456000,2021-04-09T18:00:07,43.71267,-69.30986,0.1,358.2,60,FUGRO EXPLORER,IMO9208564,3FEV9,90,3,79,16,4.7,90,A
357456000,2021-04-09T18:01:17,43.71267,-69.30987,0.3,45.7,60,FUGRO EXPLORER,IMO9208564,3FEV9,90,3,79,16,4.7,90,A
357456000,2021-04-09T18:02:27,43.71268,-69.30983,0.2,93.8,60,FUGRO EXPLORER,IMO9208564,3FEV9,90,3,79,16,4.7,90,A
357456000,2021-04-09T18:03:36,43.71269,-69.30985,0.1,325.8,60,FUGRO EXPLORER,IMO9208564,3FEV9,90,3,79,16,4.7,90,A
357456000,2021-04-09T18:04:48,43.71269,-69.30985,0.1,50.7,60,FUGRO EXPLORER,IMO9208564,3FEV9,90,3,79,16,4.7,90,A
357456000,2021-04-09T18:05:58,43.7127,-69.30985,0.1,15.9,60,FUGRO EXPLORER,IMO9208564,3FEV9,90,3,79,16,4.7,90,A
357456000,2021-04-09T18:07:08,43.7127,-69.30985,0.2,186.7,60,FUGRO EXPLORER,IMO9208564,3FEV9,90,3,79,16,4.7,90,A
357456000,2021-04-09T18:08:17,43.7127,-69.30985,0.2,194,59,FUGRO EXPLORER,IMO9208564,3FEV9,90,3,79,16,4.7,90,A
357456000,2021-04-09T18:09:28,43.71269,-69.30985,0,183.9,59,FUGRO EXPLORER,IMO9208564,3FEV9,90,3,79,16,4.7,90,A
357456000,2021-04-09T18:10:36,43.71268,-69.30985,0.1,208.4,59,FUGRO EXPLORER,IMO9208564,3FEV9,90,3,79,16,4.7,90,A
357456000,2021-04-09T18:11:37,43.71268,-69.30985,0,231.3,60,FUGRO EXPLORER,IMO9208564,3FEV9,90,3,79,16,4.7,90,A
357456000,2021-04-09T18:12:47,43.71267,-69.30986,0,118.8,60,FUGRO EXPLORER,IMO9208564,3FEV9,90,3,79,16,4.7,90,A
357456000,2021-04-09T18:13:58,43.71268,-69.30986,0.3,330.6,60,FUGRO EXPLORER,IMO9208564,3FEV9,90,3,79,16,4.7,90,A
357456000,2021-04-09T18:15:06,43.71268,-69.30986,0,178.2,59,FUGRO EXPLORER,IMO9208564,3FEV9,90,3,79,16,4.7,90,A
357456000,2021-04-09T18:16:17,43.71268,-69.30987,0,292.1,59,FUGRO EXPLORER,IMO9208564,3FEV9,90,3,79,16,4.7,90,A
357456000,2021-04-09T18:17:27,43.71269,-69.30987,0.1,138,59,FUGRO EXPLORER,IMO9208564,3FEV9,90,3,79,16,4.7,90,A
357456000,2021-04-09T18:18:37,43.71269,-69.30987,0.2,152.6,60,FUGRO EXPLORER,IMO9208564,3FEV9,90,3,79,16,4.7,90,A
357456000,2021-04-09T18:19:38,43.71269,-69.30987,0,172.5,59,FUGRO EXPLORER,IMO9208564,3FEV9,90,3,79,16,4.7,90,A
357456000,2021-04-09T18:20:57,43.71269,-69.30987,0,253.4,59,FUGRO EXPLORER,IMO9208564,3FEV9,90,3,79,16,4.7,90,A
357456000,2021-04-09T18:22:07,43.71269,-69.30986,0.1,157.4,60,FUGRO EXPLORER,IMO9208564,3FEV9,90,3,79,16,4.7,90,A
357456000,2021-04-09T18:23:18,43.71269,-69.30987,0.1,295.8,59,FUGRO EXPLORER,IMO9208564,3FEV9,90,3,79,16,4.7,90,A
357456000,2021-04-09T18:24:28,43.71269,-69.30987,0.3,160.6,60,FUGRO EXPLORER,IMO9208564,3FEV9,90,3,79,16,4.7,90,A
357456000,2021-04-09T18:25:37,43.71267,-69.30987,0,179.5,59,FUGRO EXPLORER,IMO9208564,3FEV9,90,3,79,16,4.7,90,A
357456000,2021-04-09T18:26:47,43.71267,-69.30987,0.1,163.2,59,FUGRO EXPLORER,IMO9208564,3FEV9,90,3,79,16,4.7,90,A
357456000,2021-04-09T18:27:57,43.71267,-69.30987,0,142.6,59,FUGRO EXPLORER,IMO9208564,3FEV9,90,3,79,16,4.7,90,A
357456000,2021-04-09T18:29:08,43.71267,-69.30987,0.2,148.5,59,FUGRO EXPLORER,IMO9208564,3FEV9,90,3,79,16,4.7,90,A
357456000,2021-04-09T18:30:16,43.71268,-69.30987,0,87.5,59,FUGRO EXPLORER,IMO9208564,3FEV9,90,3,79,16,4.7,90,A
357456000,2021-04-09T18:31:27,43.71269,-69.30988,0,287,59,FUGRO EXPLORER,IMO9208564,3FEV9,90,3,79,16,4.7,90,A
357456000,2021-04-09T18:32:36,43.7127,-69.30989,0.3,348.2,60,FUGRO EXPLORER,IMO9208564,3FEV9,90,3,79,16,4.7,90,A
357456000,2021-04-09T18:33:46,43.71269,-69.30989,0,175.5,59,FUGRO EXPLORER,IMO9208564,3FEV9,90,3,79,16,4.7,90,A
357456000,2021-04-09T18:34:58,43.71269,-69.30988,0.3,138.7,60,FUGRO EXPLORER,IMO9208564,3FEV9,90,3,79,16,4.7,90,A
357456000,2021-04-09T18:36:07,43.71269,-69.30988,0.1,210.2,59,FUGRO EXPLORER,IMO9208564,3FEV9,90,3,79,16,4.7,90,A
357456000,2021-04-09T18:37:17,43.71269,-69.30988,0.2,154.1,60,FUGRO EXPLORER,IMO9208564,3FEV9,90,3,79,16,4.7,90,A
357456000,2021-04-09T18:38:26,43.71268,-69.30987,0.1,257.5,60,FUGRO EXPLORER,IMO9208564,3FEV9,90,3,79,16,4.7,90,A
357456000,2021-04-09T18:39:38,43.71268,-69.30987,0,184.7,59,FUGRO EXPLORER,IMO9208564,3FEV9,90,3,79,16,4.7,90,A
357456000,2021-04-09T18:40:47,43.71267,-69.30989,0.1,303.2,59,FUGRO EXPLORER,IMO9208564,3FEV9,90,3,79,16,4.7,90,A
357456000,2021-04-09T18:41:57,43.71267,-69.30989,0.1,70.4,59,FUGRO EXPLORER,IMO9208564,3FEV9,90,3,79,16,4.7,90,A
357456000,2021-04-09T18:43:08,43.71266,-69.30989,0.1,213.1,59,FUGRO EXPLORER,IMO9208564,3FEV9,90,3,79,16,4.7,90,A
357456000,2021-04-09T18:44:17,43.71268,-69.30989,0.3,325.3,59,FUGRO EXPLORER,IMO9208564,3FEV9,90,3,79,16,4.7,90,A
357456000,2021-04-09T18:45:18,43.71268,-69.30989,0,182.9,59,FUGRO EXPLORER,IMO9208564,3FEV9,90,3,79,16,4.7,90,A
357456000,2021-04-09T18:46:27,43.71268,-69.30989,0.1,181.6,60,FUGRO EXPLORER,IMO9208564,3FEV9,90,3,79,16,4.7,90,A
357456000,2021-04-09T18:47:36,43.71269,-69.30988,0,191.3,59,FUGRO EXPLORER,IMO9208564,3FEV9,90,3,79,16,4.7,90,A
357456000,2021-04-09T18:48:46,43.71269,-69.30989,0.2,181.1,60,FUGRO EXPLORER,IMO9208564,3FEV9,90,3,79,16,4.7,90,A
357456000,2021-04-09T18:49:56,43.71269,-69.30988,0.2,120.6,59,FUGRO EXPLORER,IMO9208564,3FEV9,90,3,79,16,4.7,90,A
357456000,2021-04-09T18:51:06,43.71269,-69.30989,0,225.5,59,FUGRO EXPLORER,IMO9208564,3FEV9,90,3,79,16,4.7,90,A
357456000,2021-04-09T18:52:17,43.71268,-69.30989,0.1,157.3,59,FUGRO EXPLORER,IMO9208564,3FEV9,90,3,79,16,4.7,90,A
357456000,2021-04-09T18:53:28,43.71267,-69.30989,0.1,163.9,59,FUGRO EXPLORER,IMO9208564,3FEV9,90,3,79,16,4.7,90,A
357456000,2021-04-09T18:54:36,43.71266,-69.30989,0.1,148.5,59,FUGRO EXPLORER,IMO9208564,3FEV9,90,3,79,16,4.7,90,A
357456000,2021-04-09T18:55:58,43.71266,-69.30988,0.1,126.1,60,FUGRO EXPLORER,IMO9208564,3FEV9,90,3,79,16,4.7,90,A
357456000,2021-04-09T18:57:08,43.71266,-69.30988,0.2,278.9,59,FUGRO EXPLORER,IMO9208564,3FEV9,90,3,79,16,4.7,90,A
357456000,2021-04-09T18:58:16,43.71267,-69.30987,0.1,17.1,60,FUGRO EXPLORER,IMO9208564,3FEV9,90,3,79,16,4.7,90,A
357456000,2021-04-09T18:59:27,43.71266,-69.30987,0.1,152.2,60,FUGRO EXPLORER,IMO9208564,3FEV9,90,3,79,16,4.7,90,A
357456000,2021-04-09T19:00:07,43.71266,-69.30987,0.2,340.4,59,FUGRO EXPLORER,IMO9208564,3FEV9,90,3,79,16,4.7,90,A
357456000,2021-04-09T19:01:17,43.71267,-69.30988,0.3,316.8,59,FUGRO EXPLORER,IMO9208564,3FEV9,90,3,79,16,4.7,90,A
357456000,2021-04-09T19:02:27,43.71267,-69.30987,0.1,111.4,60,FUGRO EXPLORER,IMO9208564,3FEV9,90,3,79,16,4.7,90,A
357456000,2021-04-09T19:03:36,43.71268,-69.30987,0,111.8,59,FUGRO EXPLORER,IMO9208564,3FEV9,90,3,79,16,4.7,90,A
357456000,2021-04-09T19:04:47,43.71268,-69.30987,0.2,338.4,59,FUGRO EXPLORER,IMO9208564,3FEV9,90,3,79,16,4.7,90,A
357456000,2021-04-09T19:05:57,43.71269,-69.30987,0.1,137.3,60,FUGRO EXPLORER,IMO9208564,3FEV9,90,3,79,16,4.7,90,A
357456000,2021-04-09T19:07:07,43.71268,-69.30987,0,263.3,59,FUGRO EXPLORER,IMO9208564,3FEV9,90,3,79,16,4.7,90,A
357456000,2021-04-09T19:08:17,43.71268,-69.30986,0.1,172.2,59,FUGRO EXPLORER,IMO9208564,3FEV9,90,3,79,16,4.7,90,A
357456000,2021-04-09T19:09:27,43.71268,-69.30987,0,182.8,59,FUGRO EXPLORER,IMO9208564,3FEV9,90,3,79,16,4.7,90,A
357456000,2021-04-09T19:10:38,43.71268,-69.30987,0.1,169.4,59,FUGRO EXPLORER,IMO9208564,3FEV9,90,3,79,16,4.7,90,A
357456000,2021-04-09T19:11:46,43.71267,-69.30988,0.1,245,60,FUGRO EXPLORER,IMO9208564,3FEV9,90,3,79,16,4.7,90,A
357456000,2021-04-09T19:12:56,43.71266,-69.30988,0.1,176.3,59,FUGRO EXPLORER,IMO9208564,3FEV9,90,3,79,16,4.7,90,A
357456000,2021-04-09T19:14:07,43.71265,-69.30989,0,202,60,FUGRO EXPLORER,IMO9208564,3FEV9,90,3,79,16,4.7,90,A
357456000,2021-04-09T19:15:16,43.71266,-69.3099,0.1,182.3,59,FUGRO EXPLORER,IMO9208564,3FEV9,90,3,79,16,4.7,90,A
357456000,2021-04-09T19:16:17,43.71267,-69.30989,0.2,142.9,59,FUGRO EXPLORER,IMO9208564,3FEV9,90,3,79,16,4.7,90,A
357456000,2021-04-09T19:17:28,43.71267,-69.3099,0.3,255.5,59,FUGRO EXPLORER,IMO9208564,3FEV9,90,3,79,16,4.7,90,A
357456000,2021-04-09T19:18:36,43.71267,-69.30989,0.1,150.3,59,FUGRO EXPLORER,IMO9208564,3FEV9,90,3,79,16,4.7,90,A
357456000,2021-04-09T19:19:48,43.71266,-69.30989,0.1,164.6,60,FUGRO EXPLORER,IMO9208564,3FEV9,90,3,79,16,4.7,90,A
357456000,2021-04-09T19:20:57,43.71267,-69.30989,0.1,158.5,60,FUGRO EXPLORER,IMO9208564,3FEV9,90,3,79,16,4.7,90,A
357456000,2021-04-09T19:22:07,43.71266,-69.30988,0.1,145.9,60,FUGRO EXPLORER,IMO9208564,3FEV9,90,3,79,16,4.7,90,A
357456000,2021-04-09T19:23:16,43.71266,-69.30988,0.1,176.8,60,FUGRO EXPLORER,IMO9208564,3FEV9,90,3,79,16,4.7,90,A
357456000,2021-04-09T19:24:27,43.71266,-69.30987,0,97.7,60,FUGRO EXPLORER,IMO9208564,3FEV9,90,3,79,16,4.7,90,A
357456000,2021-04-09T19:25:37,43.71269,-69.30987,0.3,353.6,59,FUGRO EXPLORER,IMO9208564,3FEV9,90,3,79,16,4.7,90,A
357456000,2021-04-09T19:26:48,43.71269,-69.30987,0.1,226.6,59,FUGRO EXPLORER,IMO9208564,3FEV9,90,3,79,16,4.7,90,A
357456000,2021-04-09T19:27:57,43.7127,-69.30987,0.1,226.6,59,FUGRO EXPLORER,IMO9208564,3FEV9,90,3,79,16,4.7,90,A
357456000,2021-04-09T19:29:06,43.71271,-69.3099,0.3,317.3,48,FUGRO EXPLORER,IMO9208564,3FEV9,90,3,79,16,4.7,90,A
357456000,2021-04-09T19:30:10,43.71278,-69.31005,0.6,279.8,7,FUGRO EXPLORER,IMO9208564,3FEV9,90,3,79,16,4.7,90,A
357456000,2021-04-09T19:31:11,43.71279,-69.31015,0.2,197.6,330,FUGRO EXPLORER,IMO9208564,3FEV9,90,3,79,16,4.7,90,A
357456000,2021-04-09T19:32:18,43.71294,-69.31023,1.1,340.9,328,FUGRO EXPLORER,IMO9208564,3FEV9,90,3,79,16,4.7,90,A
357456000,2021-04-09T19:33:27,43.71346,-69.31051,2.3,337,330,FUGRO EXPLORER,IMO9208564,3FEV9,90,3,79,16,4.7,90,A
357456000,2021-04-09T19:34:38,43.71414,-69.31098,2.1,330.1,327,FUGRO EXPLORER,IMO9208564,3FEV9,90,3,79,16,4.7,90,A
357456000,2021-04-09T19:35:46,43.71479,-69.31149,2.6,331.9,330,FUGRO EXPLORER,IMO9208564,3FEV9,90,3,79,16,4.7,90,A
357456000,2021-04-09T19:36:57,43.71545,-69.31199,2.3,331.4,330,FUGRO EXPLORER,IMO9208564,3FEV9,90,3,79,16,4.7,90,A
357456000,2021-04-09T19:38:07,43.71638,-69.3127,4,330.5,331,FUGRO EXPLORER,IMO9208564,3FEV9,90,3,79,16,4.7,90,A
357456000,2021-04-09T19:39:17,43.71746,-69.3135,2.7,330.7,332,FUGRO EXPLORER,IMO9208564,3FEV9,90,3,79,16,4.7,90,A
357456000,2021-04-09T19:40:27,43.71806,-69.31404,2.1,322.3,319,FUGRO EXPLORER,IMO9208564,3FEV9,90,3,79,16,4.7,90,A
357456000,2021-04-09T19:41:36,43.71853,-69.31462,1.9,316.6,309,FUGRO EXPLORER,IMO9208564,3FEV9,90,3,79,16,4.7,90,A
357456000,2021-04-09T19:42:46,43.71898,-69.31526,2.5,314.1,312,FUGRO EXPLORER,IMO9208564,3FEV9,90,3,79,16,4.7,90,A
357456000,2021-04-09T19:43:57,43.71953,-69.31598,2.4,319.6,319,FUGRO EXPLORER,IMO9208564,3FEV9,90,3,79,16,4.7,90,A
357456000,2021-04-09T19:45:07,43.72016,-69.31674,2.2,320.4,317,FUGRO EXPLORER,IMO9208564,3FEV9,90,3,79,16,4.7,90,A
357456000,2021-04-09T19:46:08,43.72057,-69.31714,1.4,338.2,336,FUGRO EXPLORER,IMO9208564,3FEV9,90,3,79,16,4.7,90,A
357456000,2021-04-09T19:47:13,43.72078,-69.31712,0.2,61,48,FUGRO EXPLORER,IMO9208564,3FEV9,90,3,79,16,4.7,90,A
357456000,2021-04-09T19:48:16,43.72074,-69.31722,0.4,266.8,95,FUGRO EXPLORER,IMO9208564,3FEV9,90,3,79,16,4.7,90,A
357456000,2021-04-09T19:49:27,43.72073,-69.31698,0.9,100.1,104,FUGRO EXPLORER,IMO9208564,3FEV9,90,3,79,16,4.7,90,A
357456000,2021-04-09T19:50:37,43.72063,-69.31667,0.7,114.4,127,FUGRO EXPLORER,IMO9208564,3FEV9,90,3,79,16,4.7,90,A
357456000,2021-04-09T19:51:46,43.72057,-69.31644,0.5,98.8,130,FUGRO EXPLORER,IMO9208564,3FEV9,90,3,79,16,4.7,90,A
357456000,2021-04-09T19:52:56,43.72059,-69.31639,0,218.8,129,FUGRO EXPLORER,IMO9208564,3FEV9,90,3,79,16,4.7,90,A
357456000,2021-04-09T19:54:08,43.72061,-69.31638,0.2,108.4,122,FUGRO EXPLORER,IMO9208564,3FEV9,90,3,79,16,4.7,90,A
357456000,2021-04-09T19:55:16,43.72061,-69.31639,0.2,221.7,122,FUGRO EXPLORER,IMO9208564,3FEV9,90,3,79,16,4.7,90,A
357456000,2021-04-09T19:56:28,43.72058,-69.31649,0.3,272.5,153,FUGRO EXPLORER,IMO9208564,3FEV9,90,3,79,16,4.7,90,A
357456000,2021-04-09T19:57:38,43.72058,-69.31657,0.3,245.8,169,FUGRO EXPLORER,IMO9208564,3FEV9,90,3,79,16,4.7,90,A
357456000,2021-04-09T19:58:46,43.72059,-69.3165,0.2,39.4,144,FUGRO EXPLORER,IMO9208564,3FEV9,90,3,79,16,4.7,90,A
357456000,2021-04-09T19:59:57,43.7206,-69.31646,0,175.5,131,FUGRO EXPLORER,IMO9208564,3FEV9,90,3,79,16,4.7,90,A
357456000,2021-04-09T20:00:07,43.72061,-69.31646,0.1,43.9,131,FUGRO EXPLORER,IMO9208564,3FEV9,90,3,79,16,4.7,90,A
357456000,2021-04-09T20:01:08,43.72061,-69.31646,0.1,247.1,133,FUGRO EXPLORER,IMO9208564,3FEV9,90,3,79,16,4.7,90,A
357456000,2021-04-09T20:02:16,43.72058,-69.31651,0.3,175.7,153,FUGRO EXPLORER,IMO9208564,3FEV9,90,3,79,16,4.7,90,A
357456000,2021-04-09T20:03:27,43.72057,-69.31655,0.2,239.7,152,FUGRO EXPLORER,IMO9208564,3FEV9,90,3,79,16,4.7,90,A
357456000,2021-04-09T20:04:36,43.72055,-69.31663,0.2,243.3,151,FUGRO EXPLORER,IMO9208564,3FEV9,90,3,79,16,4.7,90,A
357456000,2021-04-09T20:05:46,43.72054,-69.31666,0.2,229.3,151,FUGRO EXPLORER,IMO9208564,3FEV9,90,3,79,16,4.7,90,A
357456000,2021-04-09T20:06:56,43.72055,-69.31667,0.2,71,151,FUGRO EXPLORER,IMO9208564,3FEV9,90,3,79,16,4.7,90,A
357456000,2021-04-09T20:08:08,43.72056,-69.31664,0.1,99.4,152,FUGRO EXPLORER,IMO9208564,3FEV9,90,3,79,16,4.7,90,A
357456000,2021-04-09T20:09:17,43.72059,-69.31657,0.4,75.6,151,FUGRO EXPLORER,IMO9208564,3FEV9,90,3,79,16,4.7,90,A
357456000,2021-04-09T20:10:27,43.72059,-69.31653,0.1,100,152,FUGRO EXPLORER,IMO9208564,3FEV9,90,3,79,16,4.7,90,A
357456000,2021-04-09T20:11:36,43.72059,-69.31652,0.1,109,152,FUGRO EXPLORER,IMO9208564,3FEV9,90,3,79,16,4.7,90,A
357456000,2021-04-09T20:12:47,43.72059,-69.31652,0.2,176.4,151,FUGRO EXPLORER,IMO9208564,3FEV9,90,3,79,16,4.7,90,A
357456000,2021-04-09T20:13:58,43.72059,-69.3165,0.2,131.9,152,FUGRO EXPLORER,IMO9208564,3FEV9,90,3,79,16,4.7,90,A
357456000,2021-04-09T20:15:06,43.72059,-69.31649,0.2,61.2,152,FUGRO EXPLORER,IMO9208564,3FEV9,90,3,79,16,4.7,90,A
357456000,2021-04-09T20:16:17,43.72058,-69.3165,0,181.6,152,FUGRO EXPLORER,IMO9208564,3FEV9,90,3,79,16,4.7,90,A
357456000,2021-04-09T20:17:26,43.72059,-69.31649,0.1,196.2,151,FUGRO EXPLORER,IMO9208564,3FEV9,90,3,79,16,4.7,90,A
357456000,2021-04-09T20:18:37,43.72058,-69.31649,0.1,64.6,151,FUGRO EXPLORER,IMO9208564,3FEV9,90,3,79,16,4.7,90,A
357456000,2021-04-09T20:19:46,43.72058,-69.3165,0.2,248.7,152,FUGRO EXPLORER,IMO9208564,3FEV9,90,3,79,16,4.7,90,A
357456000,2021-04-09T20:20:47,43.72059,-69.31649,0,131.2,151,FUGRO EXPLORER,IMO9208564,3FEV9,90,3,79,16,4.7,90,A
357456000,2021-04-09T20:21:57,43.72059,-69.31651,0.2,332.1,152,FUGRO EXPLORER,IMO9208564,3FEV9,90,3,79,16,4.7,90,A
357456000,2021-04-09T20:23:06,43.72059,-69.31651,0.3,23.3,152,FUGRO EXPLORER,IMO9208564,3FEV9,90,3,79,16,4.7,90,A
357456000,2021-04-09T20:24:07,43.72059,-69.31652,0.1,129.6,151,FUGRO EXPLORER,IMO9208564,3FEV9,90,3,79,16,4.7,90,A
357456000,2021-04-09T20:25:17,43.72059,-69.31652,0.2,166.4,152,FUGRO EXPLORER,IMO9208564,3FEV9,90,3,79,16,4.7,90,A
357456000,2021-04-09T20:26:28,43.72058,-69.31651,0.1,206.7,151,FUGRO EXPLORER,IMO9208564,3FEV9,90,3,79,16,4.7,90,A
357456000,2021-04-09T20:27:36,43.72059,-69.31651,0,222.6,151,FUGRO EXPLORER,IMO9208564,3FEV9,90,3,79,16,4.7,90,A
357456000,2021-04-09T20:28:47,43.7206,-69.31651,0.2,37.5,152,FUGRO EXPLORER,IMO9208564,3FEV9,90,3,79,16,4.7,90,A
357456000,2021-04-09T20:29:56,43.7206,-69.3165,0,220.6,152,FUGRO EXPLORER,IMO9208564,3FEV9,90,3,79,16,4.7,90,A
357456000,2021-04-09T20:31:07,43.7206,-69.31651,0.1,180.6,151,FUGRO EXPLORER,IMO9208564,3FEV9,90,3,79,16,4.7,90,A
357456000,2021-04-09T20:32:17,43.7206,-69.31651,0,192.2,152,FUGRO EXPLORER,IMO9208564,3FEV9,90,3,79,16,4.7,90,A
357456000,2021-04-09T20:33:27,43.72059,-69.31651,0,187,151,FUGRO EXPLORER,IMO9208564,3FEV9,90,3,79,16,4.7,90,A
357456000,2021-04-09T20:34:37,43.72059,-69.31651,0.1,39.6,151,FUGRO EXPLORER,IMO9208564,3FEV9,90,3,79,16,4.7,90,A
357456000,2021-04-09T20:35:48,43.72059,-69.31651,0.2,199.6,152,FUGRO EXPLORER,IMO9208564,3FEV9,90,3,79,16,4.7,90,A
357456000,2021-04-09T20:36:57,43.72058,-69.31651,0.1,187.6,151,FUGRO EXPLORER,IMO9208564,3FEV9,90,3,79,16,4.7,90,A
357456000,2021-04-09T20:38:07,43.72058,-69.3165,0,194.6,151,FUGRO EXPLORER,IMO9208564,3FEV9,90,3,79,16,4.7,90,A
357456000,2021-04-09T20:39:17,43.72058,-69.31651,0.3,57.4,152,FUGRO EXPLORER,IMO9208564,3FEV9,90,3,79,16,4.7,90,A
357456000,2021-04-09T20:40:27,43.72057,-69.31649,0.3,103.4,151,FUGRO EXPLORER,IMO9208564,3FEV9,90,3,79,16,4.7,90,A
357456000,2021-04-09T20:41:38,43.72057,-69.31651,0,216.5,152,FUGRO EXPLORER,IMO9208564,3FEV9,90,3,79,16,4.7,90,A
357456000,2021-04-09T20:42:47,43.72058,-69.31652,0,76,151,FUGRO EXPLORER,IMO9208564,3FEV9,90,3,79,16,4.7,90,A
357456000,2021-04-09T20:43:58,43.72059,-69.31651,0,226.7,152,FUGRO EXPLORER,IMO9208564,3FEV9,90,3,79,16,4.7,90,A
357456000,2021-04-09T20:45:08,43.72059,-69.31652,0,184.1,151,FUGRO EXPLORER,IMO9208564,3FEV9,90,3,79,16,4.7,90,A
357456000,2021-04-09T20:46:17,43.7206,-69.31652,0.1,65.4,151,FUGRO EXPLORER,IMO9208564,3FEV9,90,3,79,16,4.7,90,A
357456000,2021-04-09T20:47:26,43.72059,-69.31652,0.1,254,151,FUGRO EXPLORER,IMO9208564,3FEV9,90,3,79,16,4.7,90,A
357456000,2021-04-09T20:48:36,43.72059,-69.31651,0.3,73.2,152,FUGRO EXPLORER,IMO9208564,3FEV9,90,3,79,16,4.7,90,A
357456000,2021-04-09T20:49:46,43.72059,-69.31652,0,267.2,151,FUGRO EXPLORER,IMO9208564,3FEV9,90,3,79,16,4.7,90,A
357456000,2021-04-09T20:50:57,43.72059,-69.31652,0,212,151,FUGRO EXPLORER,IMO9208564,3FEV9,90,3,79,16,4.7,90,A
357456000,2021-04-09T20:52:06,43.72059,-69.31652,0.2,157.1,151,FUGRO EXPLORER,IMO9208564,3FEV9,90,3,79,16,4.7,90,A
357456000,2021-04-09T20:53:17,43.72059,-69.31651,0.2,103.9,152,FUGRO EXPLORER,IMO9208564,3FEV9,90,3,79,16,4.7,90,A
357456000,2021-04-09T20:54:28,43.72058,-69.31651,0.2,109.8,151,FUGRO EXPLORER,IMO9208564,3FEV9,90,3,79,16,4.7,90,A
357456000,2021-04-09T20:55:37,43.72057,-69.31651,0.1,174.1,152,FUGRO EXPLORER,IMO9208564,3FEV9,90,3,79,16,4.7,90,A
357456000,2021-04-09T20:56:46,43.72057,-69.3165,0,133.6,152,FUGRO EXPLORER,IMO9208564,3FEV9,90,3,79,16,4.7,90,A
357456000,2021-04-09T20:57:57,43.72057,-69.31649,0,175,151,FUGRO EXPLORER,IMO9208564,3FEV9,90,3,79,16,4.7,90,A
357456000,2021-04-09T20:59:06,43.72058,-69.31649,0,305.4,151,FUGRO EXPLORER,IMO9208564,3FEV9,90,3,79,16,4.7,90,A
357456000,2021-04-09T21:00:06,43.72058,-69.31649,0.1,143.5,151,FUGRO EXPLORER,IMO9208564,3FEV9,90,3,79,16,4.7,90,A
357456000,2021-04-09T21:01:16,43.72058,-69.31651,0.1,184.2,151,FUGRO EXPLORER,IMO9208564,3FEV9,90,3,79,16,4.7,90,A
357456000,2021-04-09T21:02:27,43.72059,-69.3165,0,199.3,151,FUGRO EXPLORER,IMO9208564,3FEV9,90,3,79,16,4.7,90,A
357456000,2021-04-09T21:03:37,43.72058,-69.31652,0.2,210.4,151,FUGRO EXPLORER,IMO9208564,3FEV9,90,3,79,16,4.7,90,A
357456000,2021-04-09T21:04:46,43.72057,-69.31651,0.2,111.5,151,FUGRO EXPLORER,IMO9208564,3FEV9,90,3,79,16,4.7,90,A
357456000,2021-04-09T21:05:56,43.72057,-69.31652,0.1,315,152,FUGRO EXPLORER,IMO9208564,3FEV9,90,3,79,16,4.7,90,A
357456000,2021-04-09T21:07:06,43.72057,-69.31652,0.2,195.6,151,FUGRO EXPLORER,IMO9208564,3FEV9,90,3,79,16,4.7,90,A
357456000,2021-04-09T21:08:17,43.72057,-69.31652,0.1,301.1,152,FUGRO EXPLORER,IMO9208564,3FEV9,90,3,79,16,4.7,90,A
357456000,2021-04-09T21:09:27,43.72059,-69.31653,0.1,332.5,152,FUGRO EXPLORER,IMO9208564,3FEV9,90,3,79,16,4.7,90,A
357456000,2021-04-09T21:10:37,43.72059,-69.31653,0,158.3,151,FUGRO EXPLORER,IMO9208564,3FEV9,90,3,79,16,4.7,90,A
357456000,2021-04-09T21:11:47,43.72059,-69.31652,0.1,266,151,FUGRO EXPLORER,IMO9208564,3FEV9,90,3,79,16,4.7,90,A
357456000,2021-04-09T21:12:57,43.7206,-69.31651,0.1,205.6,152,FUGRO EXPLORER,IMO9208564,3FEV9,90,3,79,16,4.7,90,A
357456000,2021-04-09T21:14:08,43.72059,-69.3165,0.1,156.4,151,FUGRO EXPLORER,IMO9208564,3FEV9,90,3,79,16,4.7,90,A
357456000,2021-04-09T21:15:17,43.72058,-69.31652,0.2,258.4,152,FUGRO EXPLORER,IMO9208564,3FEV9,90,3,79,16,4.7,90,A
357456000,2021-04-09T21:16:27,43.72057,-69.31651,0.2,216.6,151,FUGRO EXPLORER,IMO9208564,3FEV9,90,3,79,16,4.7,90,A
357456000,2021-04-09T21:17:37,43.72058,-69.3165,0.5,17.4,152,FUGRO EXPLORER,IMO9208564,3FEV9,90,3,79,16,4.7,90,A
357456000,2021-04-09T21:18:47,43.72057,-69.3165,0.2,220.8,151,FUGRO EXPLORER,IMO9208564,3FEV9,90,3,79,16,4.7,90,A
357456000,2021-04-09T21:19:57,43.72057,-69.3165,0.1,250.8,151,FUGRO EXPLORER,IMO9208564,3FEV9,90,3,79,16,4.7,90,A
357456000,2021-04-09T21:21:08,43.72058,-69.3165,0,184,151,FUGRO EXPLORER,IMO9208564,3FEV9,90,3,79,16,4.7,90,A
357456000,2021-04-09T21:22:18,43.72057,-69.3165,0,167.7,151,FUGRO EXPLORER,IMO9208564,3FEV9,90,3,79,16,4.7,90,A
357456000,2021-04-09T21:23:27,43.72057,-69.3165,0.1,64.1,152,FUGRO EXPLORER,IMO9208564,3FEV9,90,3,79,16,4.7,90,A
357456000,2021-04-09T21:24:38,43.72056,-69.31649,0.1,155.7,151,FUGRO EXPLORER,IMO9208564,3FEV9,90,3,79,16,4.7,90,A
357456000,2021-04-09T21:25:47,43.72055,-69.31648,0.1,24.8,152,FUGRO EXPLORER,IMO9208564,3FEV9,90,3,79,16,4.7,90,A
357456000,2021-04-09T21:26:57,43.72056,-69.31648,0.1,155.4,151,FUGRO EXPLORER,IMO9208564,3FEV9,90,3,79,16,4.7,90,A
357456000,2021-04-09T21:28:08,43.72057,-69.31648,0.1,56.6,152,FUGRO EXPLORER,IMO9208564,3FEV9,90,3,79,16,4.7,90,A
357456000,2021-04-09T21:29:17,43.72058,-69.3165,0.1,298.6,151,FUGRO EXPLORER,IMO9208564,3FEV9,90,3,79,16,4.7,90,A
357456000,2021-04-09T21:30:18,43.72059,-69.31651,0.1,313.5,151,FUGRO EXPLORER,IMO9208564,3FEV9,90,3,79,16,4.7,90,A
357456000,2021-04-09T21:31:28,43.7206,-69.31652,0.1,207.4,151,FUGRO EXPLORER,IMO9208564,3FEV9,90,3,79,16,4.7,90,A
357456000,2021-04-09T21:32:36,43.7206,-69.31653,0.1,183.8,151,FUGRO EXPLORER,IMO9208564,3FEV9,90,3,79,16,4.7,90,A
357456000,2021-04-09T21:33:47,43.7206,-69.31653,0,198.6,152,FUGRO EXPLORER,IMO9208564,3FEV9,90,3,79,16,4.7,90,A
357456000,2021-04-09T21:34:48,43.7206,-69.31654,0.1,236.8,152,FUGRO EXPLORER,IMO9208564,3FEV9,90,3,79,16,4.7,90,A
357456000,2021-04-09T21:35:57,43.7206,-69.31652,0,133.2,151,FUGRO EXPLORER,IMO9208564,3FEV9,90,3,79,16,4.7,90,A
357456000,2021-04-09T21:37:06,43.7206,-69.31653,0.2,261.3,151,FUGRO EXPLORER,IMO9208564,3FEV9,90,3,79,16,4.7,90,A
357456000,2021-04-09T21:38:17,43.7206,-69.31653,0,233,151,FUGRO EXPLORER,IMO9208564,3FEV9,90,3,79,16,4.7,90,A
357456000,2021-04-09T21:39:26,43.7206,-69.3165,0.2,121.4,151,FUGRO EXPLORER,IMO9208564,3FEV9,90,3,79,16,4.7,90,A
357456000,2021-04-09T21:40:38,43.7206,-69.31651,0.1,228.8,151,FUGRO EXPLORER,IMO9208564,3FEV9,90,3,79,16,4.7,90,A
357456000,2021-04-09T21:41:47,43.7206,-69.3165,0,184.7,151,FUGRO EXPLORER,IMO9208564,3FEV9,90,3,79,16,4.7,90,A
357456000,2021-04-09T21:42:56,43.72061,-69.31649,0.1,78.8,147,FUGRO EXPLORER,IMO9208564,3FEV9,90,3,79,16,4.7,90,A
357456000,2021-04-09T21:44:07,43.72062,-69.31647,0,155,140,FUGRO EXPLORER,IMO9208564,3FEV9,90,3,79,16,4.7,90,A
357456000,2021-04-09T21:45:16,43.72062,-69.31644,0.2,65.6,137,FUGRO EXPLORER,IMO9208564,3FEV9,90,3,79,16,4.7,90,A
357456000,2021-04-09T21:46:27,43.72061,-69.31643,0.1,215,137,FUGRO EXPLORER,IMO9208564,3FEV9,90,3,79,16,4.7,90,A
357456000,2021-04-09T21:47:36,43.72061,-69.31642,0.1,59.5,137,FUGRO EXPLORER,IMO9208564,3FEV9,90,3,79,16,4.7,90,A
357456000,2021-04-09T21:48:47,43.7206,-69.31642,0,173,138,FUGRO EXPLORER,IMO9208564,3FEV9,90,3,79,16,4.7,90,A
357456000,2021-04-09T21:49:58,43.7206,-69.31643,0,221.7,137,FUGRO EXPLORER,IMO9208564,3FEV9,90,3,79,16,4.7,90,A
357456000,2021-04-09T21:51:06,43.7206,-69.31645,0.1,296,138,FUGRO EXPLORER,IMO9208564,3FEV9,90,3,79,16,4.7,90,A
357456000,2021-04-09T21:52:07,43.7206,-69.31645,0.1,135.6,137,FUGRO EXPLORER,IMO9208564,3FEV9,90,3,79,16,4.7,90,A
357456000,2021-04-09T21:53:17,43.72061,-69.31645,0.1,76.1,132,FUGRO EXPLORER,IMO9208564,3FEV9,90,3,79,16,4.7,90,A
357456000,2021-04-09T21:54:26,43.72062,-69.31643,0,195.8,129,FUGRO EXPLORER,IMO9208564,3FEV9,90,3,79,16,4.7,90,A
357456000,2021-04-09T21:55:37,43.72056,-69.31634,0.2,136.2,129,FUGRO EXPLORER,IMO9208564,3FEV9,90,3,79,16,4.7,90,A
357456000,2021-04-09T21:56:47,43.7205,-69.31624,0.5,147.4,129,FUGRO EXPLORER,IMO9208564,3FEV9,90,3,79,16,4.7,90,A
357456000,2021-04-09T21:57:56,43.72046,-69.31618,0.2,140.2,129,FUGRO EXPLORER,IMO9208564,3FEV9,90,3,79,16,4.7,90,A
357456000,2021-04-09T21:58:57,43.72042,-69.31613,0.1,114.7,129,FUGRO EXPLORER,IMO9208564,3FEV9,90,3,79,16,4.7,90,A
357456000,2021-04-09T22:00:06,43.72043,-69.31613,0.1,206.6,129,FUGRO EXPLORER,IMO9208564,3FEV9,90,3,79,16,4.7,90,A
357456000,2021-04-09T22:01:17,43.72043,-69.31614,0.1,276.8,129,FUGRO EXPLORER,IMO9208564,3FEV9,90,3,79,16,4.7,90,A
357456000,2021-04-09T22:02:18,43.72043,-69.31614,0,244.7,129,FUGRO EXPLORER,IMO9208564,3FEV9,90,3,79,16,4.7,90,A
357456000,2021-04-09T22:03:27,43.72042,-69.31614,0.2,267.3,129,FUGRO EXPLORER,IMO9208564,3FEV9,90,3,79,16,4.7,90,A
357456000,2021-04-09T22:04:28,43.72042,-69.31615,0,107.4,129,FUGRO EXPLORER,IMO9208564,3FEV9,90,3,79,16,4.7,90,A
357456000,2021-04-09T22:05:36,43.72042,-69.31615,0.1,217.8,130,FUGRO EXPLORER,IMO9208564,3FEV9,90,3,79,16,4.7,90,A
357456000,2021-04-09T22:06:47,43.72043,-69.31614,0.1,212.8,130,FUGRO EXPLORER,IMO9208564,3FEV9,90,3,79,16,4.7,90,A
357456000,2021-04-09T22:07:58,43.72043,-69.31614,0,128.3,129,FUGRO EXPLORER,IMO9208564,3FEV9,90,3,79,16,4.7,90,A
357456000,2021-04-09T22:09:07,43.72042,-69.31613,0.1,185.9,129,FUGRO EXPLORER,IMO9208564,3FEV9,90,3,79,16,4.7,90,A
357456000,2021-04-09T22:10:18,43.72043,-69.31614,0,196.7,129,FUGRO EXPLORER,IMO9208564,3FEV9,90,3,79,16,4.7,90,A
357456000,2021-04-09T22:11:27,43.72042,-69.31614,0,157.8,129,FUGRO EXPLORER,IMO9208564,3FEV9,90,3,79,16,4.7,90,A
357456000,2021-04-09T22:12:36,43.72043,-69.31613,0.3,344.4,129,FUGRO EXPLORER,IMO9208564,3FEV9,90,3,79,16,4.7,90,A
357456000,2021-04-09T22:13:37,43.72043,-69.31612,0,173.9,129,FUGRO EXPLORER,IMO9208564,3FEV9,90,3,79,16,4.7,90,A
357456000,2021-04-09T22:14:46,43.72043,-69.31612,0,181.2,129,FUGRO EXPLORER,IMO9208564,3FEV9,90,3,79,16,4.7,90,A
357456000,2021-04-09T22:15:57,43.72043,-69.3161,0.1,158,129,FUGRO EXPLORER,IMO9208564,3FEV9,90,3,79,16,4.7,90,A
357456000,2021-04-09T22:16:58,43.72042,-69.31611,0,312.2,129,FUGRO EXPLORER,IMO9208564,3FEV9,90,3,79,16,4.7,90,A
357456000,2021-04-09T22:18:06,43.72043,-69.31611,0,66.5,129,FUGRO EXPLORER,IMO9208564,3FEV9,90,3,79,16,4.7,90,A
357456000,2021-04-09T22:19:07,43.72043,-69.31612,0.3,222.8,129,FUGRO EXPLORER,IMO9208564,3FEV9,90,3,79,16,4.7,90,A
357456000,2021-04-09T22:20:17,43.72043,-69.31612,0.1,141.9,129,FUGRO EXPLORER,IMO9208564,3FEV9,90,3,79,16,4.7,90,A
357456000,2021-04-09T22:21:26,43.72042,-69.31613,0.1,67.5,129,FUGRO EXPLORER,IMO9208564,3FEV9,90,3,79,16,4.7,90,A
357456000,2021-04-09T22:22:38,43.72042,-69.31613,0,194.6,129,FUGRO EXPLORER,IMO9208564,3FEV9,90,3,79,16,4.7,90,A
357456000,2021-04-09T22:23:48,43.72042,-69.31613,0.1,138.6,129,FUGRO EXPLORER,IMO9208564,3FEV9,90,3,79,16,4.7,90,A
357456000,2021-04-09T22:24:56,43.72042,-69.31613,0,210.1,129,FUGRO EXPLORER,IMO9208564,3FEV9,90,3,79,16,4.7,90,A
357456000,2021-04-09T22:26:07,43.72042,-69.31612,0.1,73.6,129,FUGRO EXPLORER,IMO9208564,3FEV9,90,3,79,16,4.7,90,A
357456000,2021-04-09T22:27:17,43.72042,-69.31613,0.1,287.7,129,FUGRO EXPLORER,IMO9208564,3FEV9,90,3,79,16,4.7,90,A
357456000,2021-04-09T22:28:27,43.72042,-69.31615,0.1,193.7,129,FUGRO EXPLORER,IMO9208564,3FEV9,90,3,79,16,4.7,90,A
357456000,2021-04-09T22:29:38,43.72042,-69.31614,0.1,297.8,129,FUGRO EXPLORER,IMO9208564,3FEV9,90,3,79,16,4.7,90,A
357456000,2021-04-09T22:30:47,43.72042,-69.31614,0.1,293.5,129,FUGRO EXPLORER,IMO9208564,3FEV9,90,3,79,16,4.7,90,A
357456000,2021-04-09T22:31:56,43.72042,-69.31613,0.2,38.4,129,FUGRO EXPLORER,IMO9208564,3FEV9,90,3,79,16,4.7,90,A
357456000,2021-04-09T22:33:07,43.72043,-69.31614,0,173.5,129,FUGRO EXPLORER,IMO9208564,3FEV9,90,3,79,16,4.7,90,A
357456000,2021-04-09T22:34:16,43.72043,-69.31614,0.1,260.8,130,FUGRO EXPLORER,IMO9208564,3FEV9,90,3,79,16,4.7,90,A
357456000,2021-04-09T22:35:27,43.72042,-69.31614,0,318.4,129,FUGRO EXPLORER,IMO9208564,3FEV9,90,3,79,16,4.7,90,A
357456000,2021-04-09T22:36:36,43.72043,-69.31615,0.2,9.8,129,FUGRO EXPLORER,IMO9208564,3FEV9,90,3,79,16,4.7,90,A
357456000,2021-04-09T22:37:47,43.72043,-69.31614,0,131,129,FUGRO EXPLORER,IMO9208564,3FEV9,90,3,79,16,4.7,90,A
357456000,2021-04-09T22:38:57,43.72044,-69.31614,0,261.6,129,FUGRO EXPLORER,IMO9208564,3FEV9,90,3,79,16,4.7,90,A
357456000,2021-04-09T22:40:06,43.72045,-69.31613,0.1,6,129,FUGRO EXPLORER,IMO9208564,3FEV9,90,3,79,16,4.7,90,A
357456000,2021-04-09T22:41:16,43.72046,-69.31613,0,5.8,129,FUGRO EXPLORER,IMO9208564,3FEV9,90,3,79,16,4.7,90,A
357456000,2021-04-09T22:42:18,43.72046,-69.31613,0.1,239.5,129,FUGRO EXPLORER,IMO9208564,3FEV9,90,3,79,16,4.7,90,A
357456000,2021-04-09T22:43:28,43.72045,-69.31613,0.1,173.8,129,FUGRO EXPLORER,IMO9208564,3FEV9,90,3,79,16,4.7,90,A
357456000,2021-04-09T22:44:37,43.72045,-69.31613,0,154.9,129,FUGRO EXPLORER,IMO9208564,3FEV9,90,3,79,16,4.7,90,A
357456000,2021-04-09T22:45:56,43.72045,-69.31613,0,196.2,129,FUGRO EXPLORER,IMO9208564,3FEV9,90,3,79,16,4.7,90,A
357456000,2021-04-09T22:47:06,43.72045,-69.31613,0,204.2,129,FUGRO EXPLORER,IMO9208564,3FEV9,90,3,79,16,4.7,90,A
357456000,2021-04-09T22:48:07,43.72044,-69.31613,0.1,154.1,129,FUGRO EXPLORER,IMO9208564,3FEV9,90,3,79,16,4.7,90,A
357456000,2021-04-09T22:49:16,43.72045,-69.31613,0.2,226.5,129,FUGRO EXPLORER,IMO9208564,3FEV9,90,3,79,16,4.7,90,A
357456000,2021-04-09T22:50:28,43.72045,-69.31614,0.1,190.8,129,FUGRO EXPLORER,IMO9208564,3FEV9,90,3,79,16,4.7,90,A
357456000,2021-04-09T22:51:36,43.72045,-69.31613,0,199.7,129,FUGRO EXPLORER,IMO9208564,3FEV9,90,3,79,16,4.7,90,A
357456000,2021-04-09T22:52:47,43.72044,-69.31613,0,206.3,130,FUGRO EXPLORER,IMO9208564,3FEV9,90,3,79,16,4.7,90,A
357456000,2021-04-09T22:53:56,43.72045,-69.31613,0.1,343.7,130,FUGRO EXPLORER,IMO9208564,3FEV9,90,3,79,16,4.7,90,A
357456000,2021-04-09T22:55:06,43.72045,-69.31614,0,216.5,129,FUGRO EXPLORER,IMO9208564,3FEV9,90,3,79,16,4.7,90,A
357456000,2021-04-09T22:56:16,43.72044,-69.31615,0.3,219.8,129,FUGRO EXPLORER,IMO9208564,3FEV9,90,3,79,16,4.7,90,A
357456000,2021-04-09T22:57:17,43.72044,-69.31615,0,193.7,129,FUGRO EXPLORER,IMO9208564,3FEV9,90,3,79,16,4.7,90,A
357456000,2021-04-09T22:58:37,43.72044,-69.31614,0.1,51.7,129,FUGRO EXPLORER,IMO9208564,3FEV9,90,3,79,16,4.7,90,A
357456000,2021-04-09T22:59:47,43.72045,-69.31615,0.1,170.4,129,FUGRO EXPLORER,IMO9208564,3FEV9,90,3,79,16,4.7,90,A
357456000,2021-04-09T23:00:06,43.72045,-69.31615,0.1,276.9,129,FUGRO EXPLORER,IMO9208564,3FEV9,90,3,79,16,4.7,90,A
357456000,2021-04-09T23:01:17,43.72045,-69.31615,0,204.7,129,FUGRO EXPLORER,IMO9208564,3FEV9,90,3,79,16,4.7,90,A
357456000,2021-04-09T23:02:37,43.72045,-69.31616,0.1,175.2,129,FUGRO EXPLORER,IMO9208564,3FEV9,90,3,79,16,4.7,90,A
357456000,2021-04-09T23:03:46,43.72045,-69.31616,0,160.8,129,FUGRO EXPLORER,IMO9208564,3FEV9,90,3,79,16,4.7,90,A
357456000,2021-04-09T23:04:56,43.72045,-69.31616,0,175.8,129,FUGRO EXPLORER,IMO9208564,3FEV9,90,3,79,16,4.7,90,A
357456000,2021-04-09T23:06:07,43.72044,-69.31617,0.1,169.5,129,FUGRO EXPLORER,IMO9208564,3FEV9,90,3,79,16,4.7,90,A
357456000,2021-04-09T23:07:17,43.72043,-69.31617,0.1,164.8,129,FUGRO EXPLORER,IMO9208564,3FEV9,90,3,79,16,4.7,90,A
357456000,2021-04-09T23:08:26,43.72042,-69.31616,0.1,153,130,FUGRO EXPLORER,IMO9208564,3FEV9,90,3,79,16,4.7,90,A
357456000,2021-04-09T23:09:36,43.72043,-69.31617,0.1,21.8,129,FUGRO EXPLORER,IMO9208564,3FEV9,90,3,79,16,4.7,90,A
357456000,2021-04-09T23:10:47,43.72044,-69.31616,0,211.9,129,FUGRO EXPLORER,IMO9208564,3FEV9,90,3,79,16,4.7,90,A
357456000,2021-04-09T23:11:57,43.72044,-69.31615,0.2,292.8,129,FUGRO EXPLORER,IMO9208564,3FEV9,90,3,79,16,4.7,90,A
357456000,2021-04-09T23:13:07,43.72043,-69.31616,0,190.7,129,FUGRO EXPLORER,IMO9208564,3FEV9,90,3,79,16,4.7,90,A
357456000,2021-04-09T23:14:18,43.72044,-69.31615,0,192.1,129,FUGRO EXPLORER,IMO9208564,3FEV9,90,3,79,16,4.7,90,A
357456000,2021-04-09T23:15:26,43.72043,-69.31616,0.1,170.1,129,FUGRO EXPLORER,IMO9208564,3FEV9,90,3,79,16,4.7,90,A
357456000,2021-04-09T23:16:36,43.72044,-69.31615,0.1,3.6,129,FUGRO EXPLORER,IMO9208564,3FEV9,90,3,79,16,4.7,90,A
357456000,2021-04-09T23:17:48,43.72044,-69.31615,0.1,316.7,129,FUGRO EXPLORER,IMO9208564,3FEV9,90,3,79,16,4.7,90,A
357456000,2021-04-09T23:18:57,43.72043,-69.31614,0.1,162.7,129,FUGRO EXPLORER,IMO9208564,3FEV9,90,3,79,16,4.7,90,A
357456000,2021-04-09T23:20:07,43.72043,-69.31614,0.1,146.7,129,FUGRO EXPLORER,IMO9208564,3FEV9,90,3,79,16,4.7,90,A
357456000,2021-04-09T23:21:18,43.72042,-69.31613,0.1,217.4,129,FUGRO EXPLORER,IMO9208564,3FEV9,90,3,79,16,4.7,90,A
357456000,2021-04-09T23:22:28,43.72042,-69.31613,0,206.3,129,FUGRO EXPLORER,IMO9208564,3FEV9,90,3,79,16,4.7,90,A
357456000,2021-04-09T23:23:37,43.72043,-69.31613,0.1,338.6,129,FUGRO EXPLORER,IMO9208564,3FEV9,90,3,79,16,4.7,90,A
357456000,2021-04-09T23:24:46,43.72042,-69.31613,0.2,259.7,129,FUGRO EXPLORER,IMO9208564,3FEV9,90,3,79,16,4.7,90,A
357456000,2021-04-09T23:25:57,43.72044,-69.31613,0.3,73.4,129,FUGRO EXPLORER,IMO9208564,3FEV9,90,3,79,16,4.7,90,A
357456000,2021-04-09T23:27:06,43.72042,-69.31613,0.2,147.3,129,FUGRO EXPLORER,IMO9208564,3FEV9,90,3,79,16,4.7,90,A
357456000,2021-04-09T23:28:17,43.72043,-69.31612,0,80.6,129,FUGRO EXPLORER,IMO9208564,3FEV9,90,3,79,16,4.7,90,A
357456000,2021-04-09T23:29:27,43.72044,-69.31611,0,85.6,129,FUGRO EXPLORER,IMO9208564,3FEV9,90,3,79,16,4.7,90,A
357456000,2021-04-09T23:30:36,43.72043,-69.31617,0.2,259.1,130,FUGRO EXPLORER,IMO9208564,3FEV9,90,3,79,16,4.7,90,A
357456000,2021-04-09T23:31:48,43.72042,-69.31624,0.1,222.4,129,FUGRO EXPLORER,IMO9208564,3FEV9,90,3,79,16,4.7,90,A
357456000,2021-04-09T23:32:56,43.72039,-69.31633,0.2,248.1,129,FUGRO EXPLORER,IMO9208564,3FEV9,90,3,79,16,4.7,90,A
357456000,2021-04-09T23:34:06,43.72036,-69.31641,0.3,227.7,129,FUGRO EXPLORER,IMO9208564,3FEV9,90,3,79,16,4.7,90,A
357456000,2021-04-09T23:35:17,43.72031,-69.31652,0.3,253.7,130,FUGRO EXPLORER,IMO9208564,3FEV9,90,3,79,16,4.7,90,A
357456000,2021-04-09T23:36:27,43.7203,-69.31664,0.3,269.5,129,FUGRO EXPLORER,IMO9208564,3FEV9,90,3,79,16,4.7,90,A
357456000,2021-04-09T23:37:37,43.72026,-69.31677,0.6,241.3,129,FUGRO EXPLORER,IMO9208564,3FEV9,90,3,79,16,4.7,90,A
357456000,2021-04-09T23:38:38,43.72025,-69.31687,0.1,243.7,129,FUGRO EXPLORER,IMO9208564,3FEV9,90,3,79,16,4.7,90,A
357456000,2021-04-09T23:39:48,43.72022,-69.31695,0.2,269.6,129,FUGRO EXPLORER,IMO9208564,3FEV9,90,3,79,16,4.7,90,A
357456000,2021-04-09T23:40:57,43.7202,-69.31702,0.1,208.2,130,FUGRO EXPLORER,IMO9208564,3FEV9,90,3,79,16,4.7,90,A
357456000,2021-04-09T23:42:06,43.72017,-69.3171,0.2,258.7,135,FUGRO EXPLORER,IMO9208564,3FEV9,90,3,79,16,4.7,90,A
357456000,2021-04-09T23:43:18,43.72013,-69.3172,0.5,205.2,142,FUGRO EXPLORER,IMO9208564,3FEV9,90,3,79,16,4.7,90,A
357456000,2021-04-09T23:44:27,43.72004,-69.31726,0.4,201.2,147,FUGRO EXPLORER,IMO9208564,3FEV9,90,3,79,16,4.7,90,A
357456000,2021-04-09T23:45:37,43.71995,-69.31734,0.3,204.1,153,FUGRO EXPLORER,IMO9208564,3FEV9,90,3,79,16,4.7,90,A
357456000,2021-04-09T23:46:48,43.71984,-69.31745,0.4,233.1,159,FUGRO EXPLORER,IMO9208564,3FEV9,90,3,79,16,4.7,90,A
357456000,2021-04-09T23:47:57,43.7197,-69.31755,0.4,196.7,164,FUGRO EXPLORER,IMO9208564,3FEV9,90,3,79,16,4.7,90,A
357456000,2021-04-09T23:49:08,43.71959,-69.31766,0.4,195.4,170,FUGRO EXPLORER,IMO9208564,3FEV9,90,3,79,16,4.7,90,A
357456000,2021-04-09T23:50:18,43.71947,-69.31779,0.8,226,176,FUGRO EXPLORER,IMO9208564,3FEV9,90,3,79,16,4.7,90,A
357456000,2021-04-09T23:51:27,43.71936,-69.31787,0.5,212.7,182,FUGRO EXPLORER,IMO9208564,3FEV9,90,3,79,16,4.7,90,A
357456000,2021-04-09T23:52:37,43.71923,-69.31798,0.7,215.4,188,FUGRO EXPLORER,IMO9208564,3FEV9,90,3,79,16,4.7,90,A
357456000,2021-04-09T23:53:47,43.71909,-69.3181,0.4,210.5,194,FUGRO EXPLORER,IMO9208564,3FEV9,90,3,79,16,4.7,90,A
357456000,2021-04-09T23:54:57,43.71893,-69.31825,0.8,213.1,200,FUGRO EXPLORER,IMO9208564,3FEV9,90,3,79,16,4.7,90,A
357456000,2021-04-09T23:56:07,43.71873,-69.31838,0.7,211.1,205,FUGRO EXPLORER,IMO9208564,3FEV9,90,3,79,16,4.7,90,A
357456000,2021-04-09T23:57:16,43.7185,-69.31855,0.6,215.5,207,FUGRO EXPLORER,IMO9208564,3FEV9,90,3,79,16,4.7,90,A
357456000,2021-04-09T23:58:27,43.7183,-69.31869,0.8,213.4,206,FUGRO EXPLORER,IMO9208564,3FEV9,90,3,79,16,4.7,90,A
357456000,2021-04-09T23:59:36,43.7181,-69.31883,0.6,202.4,206,FUGRO EXPLORER,IMO9208564,3FEV9,90,3,79,16,4.7,90,A
357456000,2021-04-10T00:00:07,43.71801,-69.3189,0.8,215.6,206,FUGRO EXPLORER,IMO9208564,3FEV9,90,3,79,16,4.7,90,A
357456000,2021-04-10T00:01:16,43.71782,-69.31901,0.9,193,206,FUGRO EXPLORER,IMO9208564,3FEV9,90,3,79,16,4.7,90,A
357456000,2021-04-10T00:02:26,43.71763,-69.31919,1,215.5,206,FUGRO EXPLORER,IMO9208564,3FEV9,90,3,79,16,4.7,90,A
357456000,2021-04-10T00:03:36,43.71742,-69.3193,0.7,200.5,207,FUGRO EXPLORER,IMO9208564,3FEV9,90,3,79,16,4.7,90,A
357456000,2021-04-10T00:04:37,43.71723,-69.31943,0.7,206.3,206,FUGRO EXPLORER,IMO9208564,3FEV9,90,3,79,16,4.7,90,A
357456000,2021-04-10T00:05:46,43.71702,-69.31956,0.6,202.5,206,FUGRO EXPLORER,IMO9208564,3FEV9,90,3,79,16,4.7,90,A
357456000,2021-04-10T00:06:56,43.71682,-69.31969,0.9,199.5,207,FUGRO EXPLORER,IMO9208564,3FEV9,90,3,79,16,4.7,90,A
357456000,2021-04-10T00:08:07,43.71661,-69.31984,0.5,220.7,206,FUGRO EXPLORER,IMO9208564,3FEV9,90,3,79,16,4.7,90,A
357456000,2021-04-10T00:09:18,43.71642,-69.31997,0.6,211.6,206,FUGRO EXPLORER,IMO9208564,3FEV9,90,3,79,16,4.7,90,A
357456000,2021-04-10T00:10:27,43.71625,-69.32011,0.7,210.6,207,FUGRO EXPLORER,IMO9208564,3FEV9,90,3,79,16,4.7,90,A
357456000,2021-04-10T00:11:37,43.71603,-69.32023,0.8,206.4,206,FUGRO EXPLORER,IMO9208564,3FEV9,90,3,79,16,4.7,90,A
357456000,2021-04-10T00:12:46,43.71584,-69.32037,0.7,200.9,206,FUGRO EXPLORER,IMO9208564,3FEV9,90,3,79,16,4.7,90,A
357456000,2021-04-10T00:13:57,43.71563,-69.32052,0.8,201,206,FUGRO EXPLORER,IMO9208564,3FEV9,90,3,79,16,4.7,90,A
357456000,2021-04-10T00:15:07,43.71542,-69.32066,0.8,207.9,207,FUGRO EXPLORER,IMO9208564,3FEV9,90,3,79,16,4.7,90,A
357456000,2021-04-10T00:16:17,43.7152,-69.32083,1,201.3,206,FUGRO EXPLORER,IMO9208564,3FEV9,90,3,79,16,4.7,90,A
357456000,2021-04-10T00:17:36,43.71498,-69.32098,0.6,203.8,206,FUGRO EXPLORER,IMO9208564,3FEV9,90,3,79,16,4.7,90,A
366866290,2021-07-22T04:58:35,43.73838,-69.31938,4.1,77.1,511,SOLITUDE,,WDA9538,37,,12,4,,,B
366866290,2021-07-22T04:59:36,43.73868,-69.31776,4.4,72.2,511,SOLITUDE,,WDA9538,37,,12,4,,,B
366866290,2021-07-22T05:00:05,43.73882,-69.31696,4.2,75.6,511,SOLITUDE,,WDA9538,37,,12,4,,,B
366866290,2021-07-22T05:01:34,43.7392,-69.31447,4.6,74,511,SOLITUDE,,WDA9538,37,,12,4,,,B
366866290,2021-07-22T05:03:04,43.73954,-69.31186,4.9,81,511,SOLITUDE,,WDA9538,37,,12,4,,,B
366866290,2021-07-22T05:04:35,43.7399,-69.30931,4.4,84,511,SOLITUDE,,WDA9538,37,,12,4,,,B
366866290,2021-07-22T05:06:35,43.74025,-69.30619,4.5,77.5,511,SOLITUDE,,WDA9538,37,,12,4,,,B
366866290,2021-07-22T05:08:05,43.74061,-69.30364,4.5,70.7,511,SOLITUDE,,WDA9538,37,,12,4,,,B
366866290,2021-07-22T05:09:34,43.74084,-69.30119,4.3,82,511,SOLITUDE,,WDA9538,37,,12,4,,,B
366866290,2021-07-22T05:10:36,43.74105,-69.29955,4.1,72.8,511,SOLITUDE,,WDA9538,37,,12,4,,,B
366866290,2021-07-22T05:12:04,43.74136,-69.29715,4.4,74.1,511,SOLITUDE,,WDA9538,37,,12,4,,,B
366866290,2021-07-22T05:13:35,43.7419,-69.2949,3.6,69.9,511,SOLITUDE,,WDA9538,37,,12,4,,,B
538070685,2021-09-30T14:18:16,43.72733,-69.30958,10.7,255.9,252,DREAMER,,V7SV8,37,0,,,,37,A
538070685,2021-09-30T14:19:24,43.7265,-69.31395,10.5,256.2,255,DREAMER,,V7SV8,37,0,,,,37,A
538070685,2021-09-30T14:20:33,43.72577,-69.31845,10.5,261.7,264,DREAMER,,V7SV8,37,0,,,,37,A
538070685,2021-09-30T14:08:14,43.73853,-69.274,10.6,235.3,233,DREAMER,,V7SV8,37,0,,,,37,A
538070685,2021-09-30T14:09:17,43.73637,-69.27709,10.5,221.6,224,DREAMER,,V7SV8,37,0,,,,37,A
538070685,2021-09-30T14:10:23,43.73443,-69.28054,10.5,232,228,DREAMER,,V7SV8,37,0,,,,37,A
538070685,2021-09-30T14:11:33,43.73226,-69.28411,10.5,227.9,224,DREAMER,,V7SV8,37,0,,,,37,A
538070685,2021-09-30T14:12:36,43.73034,-69.28726,10,239.1,250,DREAMER,,V7SV8,37,0,,,,37,A
538070685,2021-09-30T14:13:44,43.72953,-69.29152,10.4,258.9,263,DREAMER,,V7SV8,37,0,,,,37,A
538070685,2021-09-30T14:14:53,43.72892,-69.29613,10.5,255.4,258,DREAMER,,V7SV8,37,0,,,,37,A
538070685,2021-09-30T14:16:04,43.72829,-69.30077,10.4,264,267,DREAMER,,V7SV8,37,0,,,,37,A
538070685,2021-09-30T14:17:13,43.72776,-69.30532,10.6,258.3,261,DREAMER,,V7SV8,37,0,,,,37,A
366866290,2021-10-08T13:17:39,43.74022,-69.31872,6,212.4,511,SOLITUDE,,WDA9538,37,,12,4,,,B
366866290,2021-10-08T13:18:40,43.73864,-69.3201,6.6,214.8,511,SOLITUDE,,WDA9538,37,,12,4,,,B
339572000,2021-07-26T02:57:43,43.7257,-69.31547,6.5,241.9,511,SHAIMA,,6YTB3,,,,,,,B
339572000,2021-07-26T02:58:44,43.72487,-69.31789,7,246.8,511,SHAIMA,,6YTB3,,,,,,,B
339572000,2021-07-26T02:59:45,43.72402,-69.32032,7.5,245.9,511,SHAIMA,,6YTB3,,,,,,,B
339572000,2021-07-26T02:40:43,43.74094,-69.27614,7,238.7,511,SHAIMA,,6YTB3,,,,,,,B
339572000,2021-07-26T02:41:45,43.73992,-69.2786,7.4,241.2,511,SHAIMA,,6YTB3,,,,,,,B
339572000,2021-07-26T02:43:13,43.73863,-69.28202,6.6,244.7,511,SHAIMA,,6YTB3,,,,,,,B
339572000,2021-07-26T02:44:15,43.73768,-69.28442,6.5,243.2,511,SHAIMA,,6YTB3,,,,,,,B
339572000,2021-07-26T02:45:45,43.73629,-69.28797,7.1,240.5,511,SHAIMA,,6YTB3,,,,,,,B
339572000,2021-07-26T02:47:14,43.73488,-69.29143,6.6,243.5,511,SHAIMA,,6YTB3,,,,,,,B
339572000,2021-07-26T02:48:44,43.73341,-69.29496,7.3,243,511,SHAIMA,,6YTB3,,,,,,,B
339572000,2021-07-26T02:50:13,43.73205,-69.29848,6.3,238.2,511,SHAIMA,,6YTB3,,,,,,,B
339572000,2021-07-26T02:51:14,43.73116,-69.30079,7,243.2,511,SHAIMA,,6YTB3,,,,,,,B
339572000,2021-07-26T02:52:44,43.72982,-69.30421,6.4,243.2,511,SHAIMA,,6YTB3,,,,,,,B
339572000,2021-07-26T02:54:14,43.72855,-69.30743,6.5,239.3,511,SHAIMA,,6YTB3,,,,,,,B
339572000,2021-07-26T02:56:13,43.72692,-69.31195,6,242.6,511,SHAIMA,,6YTB3,,,,,,,B
538071184,2021-09-03T15:24:05,43.73677,-69.27214,14.3,259.8,258,REBECA,,V7WN5,,,,,,,B
538071184,2021-09-03T15:25:07,43.73599,-69.27739,13.7,255.4,254,REBECA,,V7WN5,,,,,,,B
538071184,2021-09-03T15:26:35,43.73493,-69.28514,14,263.7,262,REBECA,,V7WN5,,,,,,,B
538071184,2021-09-03T15:28:05,43.73396,-69.29299,14,262.6,260,REBECA,,V7WN5,,,,,,,B
538071184,2021-09-03T15:29:06,43.7332,-69.29825,13.9,262.3,262,REBECA,,V7WN5,,,,,,,B
538071184,2021-09-03T15:30:35,43.73246,-69.30608,14.1,259.7,261,REBECA,,V7WN5,,,,,,,B
538071184,2021-09-03T15:31:36,43.73196,-69.31147,13.8,262.3,262,REBECA,,V7WN5,,,,,,,B
368017040,2021-05-19T22:53:39,43.73916,-69.32093,20.7,132.1,511,CARSON EMMA,,WDJ8498,30,,14,6,,,B
368017040,2021-05-19T22:55:08,43.73576,-69.31385,9.7,29.7,511,CARSON EMMA,,WDJ8498,30,,14,6,,,B
368017040,2021-05-19T22:56:36,43.73614,-69.31358,2.1,269.8,511,CARSON EMMA,,WDJ8498,30,,14,6,,,B
368017040,2021-05-19T22:58:06,43.73697,-69.31476,6.3,45,511,CARSON EMMA,,WDJ8498,30,,14,6,,,B
368017040,2021-05-19T22:59:08,43.73649,-69.31425,3.9,238.8,511,CARSON EMMA,,WDJ8498,30,,14,6,,,B
368017040,2021-05-19T23:00:06,43.73592,-69.31556,4.1,230.6,511,CARSON EMMA,,WDJ8498,30,,14,6,,,B
368017040,2021-05-19T23:01:35,43.73513,-69.31716,2,264.9,511,CARSON EMMA,,WDJ8498,30,,14,6,,,B
368017040,2021-05-19T23:02:36,43.73485,-69.31805,2.6,243.2,511,CARSON EMMA,,WDJ8498,30,,14,6,,,B
368017040,2021-05-19T23:04:06,43.73445,-69.31906,2.5,250.7,511,CARSON EMMA,,WDJ8498,30,,14,6,,,B
368017040,2021-05-19T23:05:36,43.73389,-69.31968,0.9,204.4,511,CARSON EMMA,,WDJ8498,30,,14,6,,,B
368017040,2021-05-19T23:07:06,43.73362,-69.31971,0.5,215.7,511,CARSON EMMA,,WDJ8498,30,,14,6,,,B
368017040,2021-05-19T23:10:38,43.73317,-69.31978,3.8,240.4,511,CARSON EMMA,,WDJ8498,30,,14,6,,,B
368017040,2021-05-25T00:01:57,43.72591,-69.28051,21.3,277.3,511,CARSON EMMA,,WDJ8498,30,,14,6,,,B
368017040,2021-05-25T00:03:28,43.7274,-69.29256,21.4,284.7,511,CARSON EMMA,,WDJ8498,30,,14,6,,,B
368017040,2021-05-25T00:04:58,43.72938,-69.30397,13.9,288.7,511,CARSON EMMA,,WDJ8498,30,,14,6,,,B
368017040,2021-05-25T00:06:27,43.73076,-69.30749,5.7,254.9,511,CARSON EMMA,,WDJ8498,30,,14,6,,,B
368017040,2021-05-25T00:07:57,43.7308,-69.30761,2.9,92.8,511,CARSON EMMA,,WDJ8498,30,,14,6,,,B
368017040,2021-05-25T00:09:00,43.73079,-69.30718,2.1,71.5,511,CARSON EMMA,,WDJ8498,30,,14,6,,,B
368017040,2021-05-25T00:10:27,43.73069,-69.30686,1.3,108.4,511,CARSON EMMA,,WDJ8498,30,,14,6,,,B
368017040,2021-05-25T00:11:59,43.73061,-69.30672,0.9,356.3,511,CARSON EMMA,,WDJ8498,30,,14,6,,,B
368017040,2021-05-25T00:13:57,43.73062,-69.30659,1.4,295.9,511,CARSON EMMA,,WDJ8498,30,,14,6,,,B
368017040,2021-05-25T00:14:58,43.73064,-69.30644,1.3,153.9,511,CARSON EMMA,,WDJ8498,30,,14,6,,,B
368017040,2021-05-25T00:16:28,43.73061,-69.30679,1.3,325.9,511,CARSON EMMA,,WDJ8498,30,,14,6,,,B
368017040,2021-05-25T00:17:57,43.73353,-69.31256,16.8,318.1,511,CARSON EMMA,,WDJ8498,30,,14,6,,,B
368017040,2021-05-25T00:18:58,43.73711,-69.31755,18.8,297.2,511,CARSON EMMA,,WDJ8498,30,,14,6,,,B
368047650,2021-07-15T19:18:31,43.74199,-69.30588,0.8,209.5,511,ZULU,,WDK3684,36,,0,0,,,B
368047650,2021-07-15T19:19:32,43.74187,-69.30606,0.7,254.7,511,ZULU,,WDK3684,36,,0,0,,,B
368047650,2021-07-15T19:21:03,43.74159,-69.30509,6.7,70.8,511,ZULU,,WDK3684,36,,0,0,,,B
368047650,2021-07-15T20:15:57,43.74119,-69.29854,6.2,63.5,511,ZULU,,WDK3684,36,,0,0,,,B
368047650,2021-07-15T21:01:26,43.74158,-69.29655,5.4,287.2,511,ZULU,,WDK3684,36,,0,0,,,B
368047650,2021-07-15T20:03:04,43.74177,-69.30164,1.1,218.9,511,ZULU,,WDK3684,36,,0,0,,,B
368047650,2021-07-15T20:06:01,43.74111,-69.30231,1.1,222.6,511,ZULU,,WDK3684,36,,0,0,,,B
368047650,2021-07-15T20:14:28,43.7399,-69.30168,6.1,56.3,511,ZULU,,WDK3684,36,,0,0,,,B
368047650,2021-07-15T20:09:01,43.74047,-69.30301,0.9,219.1,511,ZULU,,WDK3684,36,,0,0,,,B
368047650,2021-07-15T20:12:02,43.73986,-69.30369,0.9,236.5,511,ZULU,,WDK3684,36,,0,0,,,B
368047650,2021-07-15T20:13:27,43.73911,-69.30354,5,92.7,511,ZULU,,WDK3684,36,,0,0,,,B
368017040,2021-07-27T13:17:24,43.70798,-69.31412,17.3,278.9,511,CARSON EMMA,,WDJ8498,30,,14,6,,,B
368017040,2021-07-27T13:07:53,43.70691,-69.29577,17,60.5,511,CARSON EMMA,,WDJ8498,30,,14,6,,,B
368017040,2021-07-27T13:09:23,43.71178,-69.29113,15.6,42.7,511,CARSON EMMA,,WDJ8498,30,,14,6,,,B
368017040,2021-07-27T13:13:55,43.71301,-69.29284,17.4,248.8,511,CARSON EMMA,,WDJ8498,30,,14,6,,,B
368017040,2021-07-27T13:15:53,43.71005,-69.30523,17.1,260.3,511,CARSON EMMA,,WDJ8498,30,,14,6,,,B
338245184,2021-07-27T07:22:56,43.74084,-69.27488,7.2,245.2,511,PROWLER,,,30,,0,0,,,B
338245184,2021-07-27T07:24:26,43.74058,-69.27895,6.9,276.5,511,PROWLER,,,30,,0,0,,,B
338245184,2021-07-27T07:25:27,43.74087,-69.28175,7,278.7,511,PROWLER,,,30,,0,0,,,B
338245184,2021-07-27T07:26:56,43.74133,-69.28577,7.1,284.1,511,PROWLER,,,30,,0,0,,,B
338245184,2021-07-27T07:28:28,43.74198,-69.28991,7.3,292.8,511,PROWLER,,,30,,0,0,,,B
368017040,2021-07-27T11:11:54,43.70654,-69.27214,0.8,320.8,511,CARSON EMMA,,WDJ8498,30,,14,6,,,B
368017040,2021-07-27T13:10:24,43.71341,-69.28592,16,68.6,511,CARSON EMMA,,WDJ8498,30,,14,6,,,B
368017040,2021-07-27T13:11:52,43.71307,-69.28295,15.7,355.5,511,CARSON EMMA,,WDJ8498,30,,14,6,,,B
368017040,2021-07-27T13:12:53,43.71443,-69.28611,20.5,255.6,511,CARSON EMMA,,WDJ8498,30,,14,6,,,B
338408298,2021-08-01T12:36:36,43.7264,-69.32098,5.7,23.5,511,TRUE LOVE,,,36,,11,8,,,B
338408298,2021-08-01T12:37:49,43.72826,-69.31985,5.6,25.3,511,TRUE LOVE,,,36,,11,8,,,B
338408298,2021-08-01T12:39:17,43.73046,-69.31847,5.7,25.5,511,TRUE LOVE,,,36,,11,8,,,B
338408298,2021-08-01T12:40:49,43.73279,-69.31698,5.6,26.9,511,TRUE LOVE,,,36,,11,8,,,B
338408298,2021-08-01T12:42:20,43.73509,-69.31554,5.8,23.2,511,TRUE LOVE,,,36,,11,8,,,B
338408298,2021-08-01T12:43:47,43.73728,-69.31419,6.1,22.3,511,TRUE LOVE,,,36,,11,8,,,B
338408298,2021-08-01T12:45:20,43.73969,-69.31279,5.7,24,511,TRUE LOVE,,,36,,11,8,,,B
338408298,2021-08-01T12:46:47,43.74191,-69.31147,5.9,24,511,TRUE LOVE,,,36,,11,8,,,B
338408298,2021-08-13T13:57:38,43.72287,-69.31903,4.8,191.6,511,TRUE LOVE,,,36,,11,8,,,B
338408298,2021-08-13T13:59:06,43.72048,-69.32001,6.5,194.7,511,TRUE LOVE,,,36,,11,8,,,B
338408298,2021-08-13T14:00:08,43.71878,-69.32076,6.6,198.6,511,TRUE LOVE,,,36,,11,8,,,B
338408298,2021-08-13T13:41:50,43.74144,-69.30589,5.9,201.3,511,TRUE LOVE,,,36,,11,8,,,B
338408298,2021-08-13T13:43:23,43.7391,-69.30707,5.9,202.5,511,TRUE LOVE,,,36,,11,8,,,B
338408298,2021-08-13T13:44:50,43.73695,-69.30819,5.5,205.2,511,TRUE LOVE,,,36,,11,8,,,B
338408298,2021-08-13T13:46:21,43.73472,-69.3093,5.3,201.9,511,TRUE LOVE,,,36,,11,8,,,B
338408298,2021-08-13T13:47:52,43.73258,-69.31049,5,201.5,511,TRUE LOVE,,,36,,11,8,,,B
338408298,2021-08-13T13:49:24,43.73041,-69.31166,5.3,203.3,511,TRUE LOVE,,,36,,11,8,,,B
338408298,2021-08-13T13:51:07,43.728,-69.31296,5.3,201.7,511,TRUE LOVE,,,36,,11,8,,,B
338408298,2021-08-13T13:52:38,43.72593,-69.31394,5.3,198.9,511,TRUE LOVE,,,36,,11,8,,,B
338408298,2021-08-13T13:54:38,43.72388,-69.31551,3.4,259.5,511,TRUE LOVE,,,36,,11,8,,,B
338408298,2021-08-13T13:56:06,43.7235,-69.31729,3.4,243.5,511,TRUE LOVE,,,36,,11,8,,,B
338105923,2021-08-23T11:53:51,43.71711,-69.30591,5.9,200.1,511,LUCY D,,,36,,11,3,,,B
338105923,2021-08-23T11:55:20,43.7145,-69.30718,7.5,198.5,511,LUCY D,,,36,,11,3,,,B
338105923,2021-08-23T11:56:51,43.71189,-69.3086,6.5,198.1,511,LUCY D,,,36,,11,3,,,B
338105923,2021-08-23T11:58:20,43.70918,-69.30963,6.2,214,511,LUCY D,,,36,,11,3,,,B
338105923,2021-08-23T11:35:21,43.74122,-69.29048,6.2,208.4,511,LUCY D,,,36,,11,3,,,B
338105923,2021-08-23T11:36:48,43.73898,-69.29196,6.7,205.5,511,LUCY D,,,36,,11,3,,,B
338105923,2021-08-23T11:38:19,43.7366,-69.29352,6.8,205.2,511,LUCY D,,,36,,11,3,,,B
338105923,2021-08-23T11:39:48,43.73428,-69.29507,5.9,211.1,511,LUCY D,,,36,,11,3,,,B
338105923,2021-08-23T11:41:48,43.73124,-69.29724,5.8,207.4,511,LUCY D,,,36,,11,3,,,B
338105923,2021-08-23T11:42:49,43.73022,-69.29812,3.7,218.3,511,LUCY D,,,36,,11,3,,,B
338105923,2021-08-23T11:44:49,43.72842,-69.29985,4,208.3,511,LUCY D,,,36,,11,3,,,B
338105923,2021-08-23T11:46:20,43.72696,-69.30114,4.3,211.9,511,LUCY D,,,36,,11,3,,,B
338105923,2021-08-23T11:47:21,43.72602,-69.302,3.4,211.6,511,LUCY D,,,36,,11,3,,,B
338105923,2021-08-23T11:48:49,43.72449,-69.30317,4.6,207.5,511,LUCY D,,,36,,11,3,,,B
338105923,2021-08-23T11:50:21,43.72237,-69.30387,5.8,184.1,511,LUCY D,,,36,,11,3,,,B
338105923,2021-08-23T11:51:51,43.71998,-69.30441,5.9,199.5,511,LUCY D,,,36,,11,3,,,B
338405431,2021-08-28T16:12:51,43.72502,-69.31508,17.5,245.5,511,KIRBY D,,,37,,10,4,,,B
338405431,2021-08-28T16:11:26,43.72767,-69.30652,16.7,246.8,511,KIRBY D,,,37,,10,4,,,B
338405431,2021-08-28T16:05:50,43.73767,-69.27385,16.7,243.3,511,KIRBY D,,,37,,10,4,,,B
338405431,2021-08-28T16:07:21,43.73485,-69.2827,17.5,247.1,511,KIRBY D,,,37,,10,4,,,B
338405431,2021-08-28T16:08:51,43.73223,-69.29135,16.7,249.3,511,KIRBY D,,,37,,10,4,,,B
338405431,2021-08-28T16:09:52,43.72997,-69.29702,17.5,246.5,511,KIRBY D,,,37,,10,4,,,B
244140666,2021-08-28T01:40:13,43.72103,-69.27173,5.2,229.6,511,ABRAZO,,PB3476,36,,12,7,,,B
244140666,2021-08-28T01:41:43,43.71958,-69.2739,5.1,227.3,511,ABRAZO,,PB3476,36,,12,7,,,B
244140666,2021-08-28T01:52:43,43.7092,-69.28908,4.9,230.1,511,ABRAZO,,PB3476,36,,12,7,,,B
244140666,2021-08-28T01:54:13,43.70781,-69.29116,5.2,227.4,511,ABRAZO,,PB3476,36,,12,7,,,B
244140666,2021-08-28T01:55:14,43.70684,-69.29258,5.3,228.6,511,ABRAZO,,PB3476,36,,12,7,,,B
244140666,2021-08-28T01:43:13,43.71816,-69.27607,5.2,228.5,511,ABRAZO,,PB3476,36,,12,7,,,B
244140666,2021-08-28T01:44:44,43.71676,-69.2782,4.9,231.3,511,ABRAZO,,PB3476,36,,12,7,,,B
244140666,2021-08-28T01:46:14,43.71537,-69.28023,5,226.4,511,ABRAZO,,PB3476,36,,12,7,,,B
244140666,2021-08-28T01:48:13,43.71349,-69.28288,5,226,511,ABRAZO,,PB3476,36,,12,7,,,B
244140666,2021-08-28T01:49:43,43.71206,-69.28491,4.5,226.7,511,ABRAZO,,PB3476,36,,12,7,,,B
244140666,2021-08-28T01:51:13,43.71063,-69.28697,4.9,225.6,511,ABRAZO,,PB3476,36,,12,7,,,B
236112344,2021-09-20T15:22:28,43.73356,-69.29812,8.8,81,511,VICTORIA,,ZGHX3,36,,21,6,,,B
236112344,2021-09-20T15:23:29,43.73398,-69.29488,8.3,78.6,511,VICTORIA,,ZGHX3,36,,21,6,,,B
236112344,2021-09-20T15:24:30,43.73442,-69.2917,8.6,78,511,VICTORIA,,ZGHX3,36,,21,6,,,B
236112344,2021-09-20T15:25:58,43.73508,-69.28696,8.6,81.1,511,VICTORIA,,ZGHX3,36,,21,6,,,B
236112344,2021-09-20T15:26:59,43.73552,-69.2837,8.4,79.8,511,VICTORIA,,ZGHX3,36,,21,6,,,B
236112344,2021-09-20T15:28:29,43.73618,-69.27897,8.4,78.2,511,VICTORIA,,ZGHX3,36,,21,6,,,B
236112344,2021-09-20T15:29:59,43.73685,-69.27418,8.3,78.7,511,VICTORIA,,ZGHX3,36,,21,6,,,B
236112344,2021-09-20T15:16:30,43.73112,-69.31717,8.2,79.3,511,VICTORIA,,ZGHX3,36,,21,6,,,B
236112344,2021-09-20T15:17:58,43.73174,-69.31249,8.5,79.2,511,VICTORIA,,ZGHX3,36,,21,6,,,B
236112344,2021-09-20T15:19:29,43.73234,-69.30771,8.5,80.2,511,VICTORIA,,ZGHX3,36,,21,6,,,B
236112344,2021-09-20T15:20:58,43.73295,-69.30292,8.5,80.9,511,VICTORIA,,ZGHX3,36,,21,6,,,B
236112344,2021-09-20T15:15:29,43.73071,-69.32041,8.2,81.1,511,VICTORIA,,ZGHX3,36,,21,6,,,B
338328658,2021-10-05T16:55:39,43.73643,-69.27171,0.3,126.7,511,PILOT 1 - MULE,,,50,,12,4,,,B
338328658,2021-10-05T16:57:09,43.73641,-69.27178,1.2,230.2,511,PILOT 1 - MULE,,,50,,12,4,,,B
338328658,2021-10-05T16:58:39,43.73761,-69.27239,14.3,329,511,PILOT 1 - MULE,,,50,,12,4,,,B
338328658,2021-10-05T16:59:41,43.73909,-69.27301,0.3,41.2,511,PILOT 1 - MULE,,,50,,12,4,,,B
338328658,2021-10-05T17:00:09,43.73908,-69.27304,0.1,302.9,511,PILOT 1 - MULE,,,50,,12,4,,,B
338328658,2021-10-05T17:01:40,43.73907,-69.27331,0.8,274.1,511,PILOT 1 - MULE,,,50,,12,4,,,B
338328658,2021-10-05T17:03:10,43.73892,-69.27363,1.4,225.7,511,PILOT 1 - MULE,,,50,,12,4,,,B
338328658,2021-10-05T17:04:11,43.73888,-69.27393,3.3,335.7,511,PILOT 1 - MULE,,,50,,12,4,,,B
338328658,2021-10-05T17:05:39,43.73934,-69.27301,7.1,274.4,511,PILOT 1 - MULE,,,50,,12,4,,,B
338328658,2021-10-05T17:07:11,43.74137,-69.27543,1,79.2,511,PILOT 1 - MULE,,,50,,12,4,,,B
338328658,2021-10-05T17:08:40,43.74138,-69.27553,1.2,239.5,511,PILOT 1 - MULE,,,50,,12,4,,,B
338328658,2021-10-09T12:00:30,43.73046,-69.32029,5.6,68.4,511,PILOT 1 - MULE,,,50,,12,4,,,B
338328658,2021-10-09T12:01:57,43.73013,-69.31952,0.6,228.6,511,PILOT 1 - MULE,,,50,,12,4,,,B
338328658,2021-10-09T12:03:26,43.73007,-69.31999,1.8,269.8,511,PILOT 1 - MULE,,,50,,12,4,,,B
338328658,2021-10-09T12:04:27,43.73003,-69.32032,0.8,271.3,511,PILOT 1 - MULE,,,50,,12,4,,,B
338328658,2021-10-09T12:05:57,43.7304,-69.3178,8.7,43.2,511,PILOT 1 - MULE,,,50,,12,4,,,B
338328658,2021-10-09T12:07:56,43.73315,-69.31417,0.9,352.4,511,PILOT 1 - MULE,,,50,,12,4,,,B
338328658,2021-10-09T12:08:57,43.73319,-69.31427,0.4,259.3,511,PILOT 1 - MULE,,,50,,12,4,,,B
338328658,2021-10-09T12:09:59,43.73373,-69.31401,5.5,352.3,511,PILOT 1 - MULE,,,50,,12,4,,,B
338328658,2021-10-09T12:11:56,43.73586,-69.31193,0.3,357.8,511,PILOT 1 - MULE,,,50,,12,4,,,B
338328658,2021-10-09T12:13:58,43.73612,-69.31169,9.2,78,511,PILOT 1 - MULE,,,50,,12,4,,,B
338328658,2021-10-09T12:15:28,43.73787,-69.3115,8.6,35.1,511,PILOT 1 - MULE,,,50,,12,4,,,B
338328658,2021-10-09T12:16:57,43.73819,-69.311,1.1,253.3,511,PILOT 1 - MULE,,,50,,12,4,,,B
338328658,2021-10-09T12:18:28,43.73815,-69.31043,5.4,260,511,PILOT 1 - MULE,,,50,,12,4,,,B
338328658,2021-10-09T12:19:57,43.74032,-69.30766,2.5,55,511,PILOT 1 - MULE,,,50,,12,4,,,B
338328658,2021-10-09T12:21:58,43.74039,-69.30767,0.5,272.1,511,PILOT 1 - MULE,,,50,,12,4,,,B
338328658,2021-10-09T12:23:27,43.74141,-69.30785,10.2,344.8,511,PILOT 1 - MULE,,,50,,12,4,,,B
338188698,2021-10-09T20:57:37,43.73077,-69.31499,5,215.3,511,OWL,,,36,,12,0,,,B
338188698,2021-10-09T20:58:38,43.72958,-69.31615,5.4,219.1,511,OWL,,,36,,12,0,,,B
338188698,2021-10-09T21:00:09,43.72793,-69.31779,4.8,217.1,511,OWL,,,36,,12,0,,,B
338188698,2021-10-09T21:01:39,43.72643,-69.31934,4.2,214.2,511,OWL,,,36,,12,0,,,B
338188698,2021-10-09T20:48:38,43.74179,-69.30439,5.6,213.1,511,OWL,,,36,,12,0,,,B
338188698,2021-10-09T20:49:40,43.74047,-69.30563,6,215.5,511,OWL,,,36,,12,0,,,B
338188698,2021-10-09T20:51:07,43.73869,-69.30731,5.3,217.5,511,OWL,,,36,,12,0,,,B
338188698,2021-10-09T20:52:37,43.737,-69.30895,5.3,214.3,511,OWL,,,36,,12,0,,,B
338188698,2021-10-09T20:54:09,43.73509,-69.3107,5.5,209.4,511,OWL,,,36,,12,0,,,B
338188698,2021-10-09T20:56:08,43.73253,-69.31323,5.5,218.2,511,OWL,,,36,,12,0,,,B
338328658,2021-10-15T12:14:16,43.73743,-69.31137,17.8,271.3,511,PILOT 1 - MULE,,,50,,12,4,,,B
338328658,2021-10-15T12:15:47,43.73813,-69.3118,0.2,4.1,511,PILOT 1 - MULE,,,50,,12,4,,,B
338328658,2021-10-15T12:17:16,43.73783,-69.31279,6,217.4,511,PILOT 1 - MULE,,,50,,12,4,,,B
338328658,2021-10-15T12:01:38,43.74004,-69.29501,1.7,148.5,511,PILOT 1 - MULE,,,50,,12,4,,,B
338328658,2021-10-15T12:03:04,43.74028,-69.29527,0.9,291.4,511,PILOT 1 - MULE,,,50,,12,4,,,B
338328658,2021-10-15T12:05:04,43.73973,-69.29505,1.8,158.2,511,PILOT 1 - MULE,,,50,,12,4,,,B
338328658,2021-10-15T12:06:33,43.73942,-69.29519,7.6,161.7,511,PILOT 1 - MULE,,,50,,12,4,,,B
338328658,2021-10-15T12:07:50,43.7388,-69.29243,4.1,144.9,511,PILOT 1 - MULE,,,50,,12,4,,,B
338328658,2021-10-15T12:09:45,43.73692,-69.29346,8.4,124.2,511,PILOT 1 - MULE,,,50,,12,4,,,B
338328658,2021-10-15T12:11:17,43.7368,-69.2913,10.3,244.6,511,PILOT 1 - MULE,,,50,,12,4,,,B
338328658,2021-10-15T12:12:48,43.73645,-69.30122,19,278.8,511,PILOT 1 - MULE,,,50,,12,4,,,B
338328658,2021-10-15T12:19:01,43.73541,-69.31375,1.2,133,511,PILOT 1 - MULE,,,50,,12,4,,,B
338328658,2021-10-15T12:20:26,43.73566,-69.31385,1.2,274.3,511,PILOT 1 - MULE,,,50,,12,4,,,B
338328658,2021-10-15T12:21:27,43.73576,-69.31423,4.8,324.6,511,PILOT 1 - MULE,,,50,,12,4,,,B
338328658,2021-10-15T12:22:31,43.73271,-69.31671,8.7,186.2,511,PILOT 1 - MULE,,,50,,12,4,,,B
338328658,2021-10-15T12:23:58,43.73263,-69.31616,0.2,44.4,511,PILOT 1 - MULE,,,50,,12,4,,,B
368664000,2021-08-25T16:44:21,43.7421,-69.31416,11.8,261.8,511,WATERSHED II,,WDF4734,37,,22,,,,B
368664000,2021-08-25T16:45:49,43.7413,-69.32069,11.7,261.3,511,WATERSHED II,,WDF4734,37,,22,,,,B
367705110,2021-07-18T10:04:13,43.70756,-69.2953,6.2,21.1,511,NORTHERN LIGHTS,,WDI5094,37,,13,,,,B
367705110,2021-07-18T10:05:42,43.70998,-69.29414,6.5,11.1,511,NORTHERN LIGHTS,,WDI5094,37,,13,,,,B
367705110,2021-07-18T10:06:43,43.7116,-69.29324,6.4,24.8,511,NORTHERN LIGHTS,,WDI5094,37,,13,,,,B
367705110,2021-07-18T10:08:13,43.71386,-69.2915,6.1,25.9,511,NORTHERN LIGHTS,,WDI5094,37,,13,,,,B
367705110,2021-07-18T10:09:43,43.71623,-69.29001,6.1,25.8,511,NORTHERN LIGHTS,,WDI5094,37,,13,,,,B
367705110,2021-07-18T10:11:12,43.71855,-69.28852,6.4,23.4,511,NORTHERN LIGHTS,,WDI5094,37,,13,,,,B
367705110,2021-07-18T10:12:13,43.72012,-69.28754,6,25.8,511,NORTHERN LIGHTS,,WDI5094,37,,13,,,,B
367705110,2021-07-18T10:13:43,43.7225,-69.28602,6.2,24.7,511,NORTHERN LIGHTS,,WDI5094,37,,13,,,,B
367705110,2021-07-18T10:15:12,43.72479,-69.28455,6.3,23.5,511,NORTHERN LIGHTS,,WDI5094,37,,13,,,,B
367705110,2021-07-18T10:16:44,43.72725,-69.283,6.5,24.6,511,NORTHERN LIGHTS,,WDI5094,37,,13,,,,B
367705110,2021-07-18T10:18:12,43.72963,-69.28152,6.6,22.5,511,NORTHERN LIGHTS,,WDI5094,37,,13,,,,B
367705110,2021-07-18T10:19:14,43.7313,-69.28046,6.5,24.1,511,NORTHERN LIGHTS,,WDI5094,37,,13,,,,B
367705110,2021-07-18T10:20:42,43.73366,-69.27901,6.5,22.6,511,NORTHERN LIGHTS,,WDI5094,37,,13,,,,B
367705110,2021-07-18T10:21:43,43.7353,-69.27799,6.7,22.1,511,NORTHERN LIGHTS,,WDI5094,37,,13,,,,B
367705110,2021-07-18T10:22:44,43.7369,-69.27698,6.5,23.4,511,NORTHERN LIGHTS,,WDI5094,37,,13,,,,B
367705110,2021-07-18T10:24:14,43.73934,-69.27544,6.7,23.8,511,NORTHERN LIGHTS,,WDI5094,37,,13,,,,B
367705110,2021-07-18T10:25:43,43.74169,-69.27393,6.2,24.1,511,NORTHERN LIGHTS,,WDI5094,37,,13,,,,B
367684340,2021-07-01T11:42:04,43.73152,-69.31681,7.7,37.6,511,ANDIAMO,,WDI3038,37,,17,,,,B
367684340,2021-07-01T11:46:03,43.73855,-69.31029,8.1,33.7,511,ANDIAMO,,WDI3038,37,,17,,,,B
366940550,2021-08-10T16:08:33,43.71059,-69.31911,3.6,103.3,511,MABEL ROSE,,WDB7323,37,,11,3,,,B
366940550,2021-08-10T16:10:04,43.71008,-69.31694,3.5,103.6,511,MABEL ROSE,,WDB7323,37,,11,3,,,B
366940550,2021-08-10T16:11:34,43.70951,-69.31491,4,110.3,511,MABEL ROSE,,WDB7323,37,,11,3,,,B
366940550,2021-08-10T16:13:05,43.70889,-69.3127,4.2,110.2,511,MABEL ROSE,,WDB7323,37,,11,3,,,B
366940550,2021-08-10T16:15:07,43.70808,-69.30982,4.1,112.6,511,MABEL ROSE,,WDB7323,37,,11,3,,,B
366940550,2021-08-10T16:17:34,43.70716,-69.3064,3.2,107.7,511,MABEL ROSE,,WDB7323,37,,11,3,,,B
366940550,2021-08-10T16:19:33,43.70641,-69.30393,3,112.1,511,MABEL ROSE,,WDB7323,37,,11,3,,,B
367438210,2021-06-12T23:22:18,43.71143,-69.31972,7,81.9,83,INDEPENDENCE,IMO9583366,WDF3297,60,0,67,15,2.3,60,A
367438210,2021-06-12T23:23:28,43.71171,-69.3166,7.1,83.2,82,INDEPENDENCE,IMO9583366,WDF3297,60,0,67,15,2.3,60,A
367438210,2021-06-12T23:24:37,43.71206,-69.31355,7.1,81.9,85,INDEPENDENCE,IMO9583366,WDF3297,60,0,67,15,2.3,60,A
367438210,2021-06-12T23:25:48,43.71238,-69.31034,7.1,80.3,82,INDEPENDENCE,IMO9583366,WDF3297,60,0,67,15,2.3,60,A
367438210,2021-06-12T23:26:58,43.7127,-69.30719,7.1,81,82,INDEPENDENCE,IMO9583366,WDF3297,60,0,67,15,2.3,60,A
367438210,2021-06-12T23:28:08,43.71309,-69.30406,7.2,80.9,85,INDEPENDENCE,IMO9583366,WDF3297,60,0,67,15,2.3,60,A
367438210,2021-06-12T23:29:18,43.7134,-69.30089,7.2,85.5,85,INDEPENDENCE,IMO9583366,WDF3297,60,0,67,15,2.3,60,A
367438210,2021-06-12T23:30:27,43.71377,-69.29773,7.2,81.8,83,INDEPENDENCE,IMO9583366,WDF3297,60,0,67,15,2.3,60,A
367438210,2021-06-12T23:31:58,43.71417,-69.29368,7.1,77.3,82,INDEPENDENCE,IMO9583366,WDF3297,60,0,67,15,2.3,60,A
367438210,2021-06-12T23:33:07,43.71451,-69.29055,7.1,82,83,INDEPENDENCE,IMO9583366,WDF3297,60,0,67,15,2.3,60,A
367438210,2021-06-12T23:34:18,43.71482,-69.28742,7.2,81.8,82,INDEPENDENCE,IMO9583366,WDF3297,60,0,67,15,2.3,60,A
367438210,2021-06-12T23:35:28,43.7151,-69.28421,7.1,84.3,86,INDEPENDENCE,IMO9583366,WDF3297,60,0,67,15,2.3,60,A
367438210,2021-06-12T23:36:37,43.71535,-69.28117,7.1,81,82,INDEPENDENCE,IMO9583366,WDF3297,60,0,67,15,2.3,60,A
367438210,2021-06-12T23:37:48,43.71562,-69.27798,7.2,80.4,84,INDEPENDENCE,IMO9583366,WDF3297,60,0,67,15,2.3,60,A
367438210,2021-06-12T23:38:56,43.71593,-69.27486,7.2,82.9,83,INDEPENDENCE,IMO9583366,WDF3297,60,0,67,15,2.3,60,A
367438210,2021-06-12T23:40:07,43.71617,-69.27164,7,86.6,86,INDEPENDENCE,IMO9583366,WDF3297,60,0,67,15,2.3,60,A
367447850,2021-10-02T14:03:25,43.72852,-69.314,13.1,253.2,255,CHANTAL MA VIE,,WDF4088,37,0,45,8,,37,A
367447850,2021-10-02T14:04:36,43.72729,-69.3197,13.2,253.6,255,CHANTAL MA VIE,,WDF4088,37,0,45,8,,37,A
367447850,2021-10-02T13:43:07,43.73364,-69.27156,12.5,261.4,264,CHANTAL MA VIE,,WDF4088,37,0,45,8,,37,A
367447850,2021-10-02T13:44:17,43.73303,-69.27703,12.3,261.2,264,CHANTAL MA VIE,,WDF4088,37,0,45,8,,37,A
367447850,2021-10-02T13:45:25,43.73242,-69.28233,12.3,260.8,264,CHANTAL MA VIE,,WDF4088,37,0,45,8,,37,A
367447850,2021-10-02T13:46:36,43.73183,-69.28774,10.9,261.2,264,CHANTAL MA VIE,,WDF4088,37,0,45,8,,37,A
367447850,2021-10-02T13:47:46,43.73156,-69.29049,4.5,263.5,269,CHANTAL MA VIE,,WDF4088,37,0,45,8,,37,A
367447850,2021-10-02T13:48:57,43.73146,-69.29196,2.6,261.5,267,CHANTAL MA VIE,,WDF4088,37,0,45,8,,37,A
367447850,2021-10-02T13:50:06,43.73129,-69.29287,1.7,251.3,270,CHANTAL MA VIE,,WDF4088,37,0,45,8,,37,A
367447850,2021-10-02T13:51:17,43.73121,-69.29337,1,266.6,286,CHANTAL MA VIE,,WDF4088,37,0,45,8,,37,A
367447850,2021-10-02T13:52:26,43.73119,-69.29375,0.8,266.9,283,CHANTAL MA VIE,,WDF4088,37,0,45,8,,37,A
367447850,2021-10-02T13:53:36,43.73115,-69.29405,0.6,254,274,CHANTAL MA VIE,,WDF4088,37,0,45,8,,37,A
367447850,2021-10-02T13:54:45,43.73106,-69.2943,0.8,237.5,265,CHANTAL MA VIE,,WDF4088,37,0,45,8,,37,A
367447850,2021-10-02T13:55:55,43.73093,-69.29454,0.6,229.5,276,CHANTAL MA VIE,,WDF4088,37,0,45,8,,37,A
367447850,2021-10-02T13:57:05,43.73085,-69.2947,0.4,229.8,289,CHANTAL MA VIE,,WDF4088,37,0,45,8,,37,A
367447850,2021-10-02T13:58:15,43.73084,-69.29505,1.1,275.3,291,CHANTAL MA VIE,,WDF4088,37,0,45,8,,37,A
367447850,2021-10-02T13:59:16,43.73138,-69.29698,8.2,292.4,294,CHANTAL MA VIE,,WDF4088,37,0,45,8,,37,A
367447850,2021-10-02T14:00:03,43.73162,-69.29966,9.4,261.3,258,CHANTAL MA VIE,,WDF4088,37,0,45,8,,37,A
367447850,2021-10-02T14:01:05,43.73081,-69.3033,9.7,252.7,255,CHANTAL MA VIE,,WDF4088,37,0,45,8,,37,A
367447850,2021-10-02T14:02:15,43.72969,-69.30841,12.9,253.7,256,CHANTAL MA VIE,,WDF4088,37,0,45,8,,37,A
367612040,2021-11-06T12:48:09,43.73964,-69.31322,9.1,60.1,511,OCEAN VENTURE,IMO9759587,WDH3896,30,,21,9,,,B
367612040,2021-11-06T12:49:40,43.74157,-69.30864,9.2,59.9,511,OCEAN VENTURE,IMO9759587,WDH3896,30,,21,9,,,B
367612040,2021-11-06T12:46:38,43.7377,-69.3178,9,59.2,511,OCEAN VENTURE,IMO9759587,WDH3896,30,,21,9,,,B
367438210,2021-09-04T23:26:04,43.7132,-69.29161,8,79.1,79,INDEPENDENCE,IMO9583366,WDF3297,60,0,67,15,2.3,60,A
367438210,2021-09-04T23:27:14,43.7136,-69.28813,8,83,83,INDEPENDENCE,IMO9583366,WDF3297,60,0,67,15,2.3,60,A
367438210,2021-09-04T23:28:21,43.7141,-69.28477,7.6,65.5,62,INDEPENDENCE,IMO9583366,WDF3297,60,0,67,15,2.3,60,A
367438210,2021-09-04T23:29:22,43.71488,-69.28215,7.5,80,84,INDEPENDENCE,IMO9583366,WDF3297,60,0,67,15,2.3,60,A
367438210,2021-09-04T23:30:24,43.71513,-69.2791,7.8,85,84,INDEPENDENCE,IMO9583366,WDF3297,60,0,67,15,2.3,60,A
367438210,2021-09-04T23:31:25,43.71539,-69.27608,8,81,80,INDEPENDENCE,IMO9583366,WDF3297,60,0,67,15,2.3,60,A
367438210,2021-09-04T23:32:35,43.71575,-69.27254,8,85,85,INDEPENDENCE,IMO9583366,WDF3297,60,0,67,15,2.3,60,A
367438210,2021-09-04T23:16:55,43.7095,-69.3193,7.9,79,79,INDEPENDENCE,IMO9583366,WDF3297,60,0,67,15,2.3,60,A
367438210,2021-09-04T23:18:05,43.70993,-69.31585,8,77.9,80,INDEPENDENCE,IMO9583366,WDF3297,60,0,67,15,2.3,60,A
367438210,2021-09-04T23:19:15,43.71046,-69.31233,8.1,78.1,78,INDEPENDENCE,IMO9583366,WDF3297,60,0,67,15,2.3,60,A
367438210,2021-09-04T23:20:26,43.71096,-69.30873,8.1,80.2,80,INDEPENDENCE,IMO9583366,WDF3297,60,0,67,15,2.3,60,A
367438210,2021-09-04T23:21:34,43.71143,-69.30527,8,78.9,77,INDEPENDENCE,IMO9583366,WDF3297,60,0,67,15,2.3,60,A
367438210,2021-09-04T23:22:44,43.71193,-69.30171,8.1,83,82,INDEPENDENCE,IMO9583366,WDF3297,60,0,67,15,2.3,60,A
367438210,2021-09-04T23:23:55,43.71239,-69.29815,8,81.8,82,INDEPENDENCE,IMO9583366,WDF3297,60,0,67,15,2.3,60,A
367438210,2021-09-04T23:24:56,43.71276,-69.29512,8.1,79,79,INDEPENDENCE,IMO9583366,WDF3297,60,0,67,15,2.3,60,A
303498000,2021-06-19T20:26:40,43.74167,-69.27976,6.1,237.9,250,BOWDOIN,,WAM8653,90,15,23,6,,36,A
303498000,2021-06-19T20:27:42,43.74094,-69.28198,6.3,245.6,255,BOWDOIN,,WAM8653,90,15,23,6,,36,A
303498000,2021-06-19T20:28:47,43.74016,-69.28412,5.7,239,245,BOWDOIN,,WAM8653,90,15,23,6,,36,A
303498000,2021-06-19T20:29:56,43.73936,-69.2866,6.2,242.3,252,BOWDOIN,,WAM8653,90,15,23,6,,36,A
303498000,2021-06-19T20:30:57,43.73848,-69.28866,5.4,229.1,228,BOWDOIN,,WAM8653,90,15,23,6,,36,A
303498000,2021-06-19T20:31:58,43.73782,-69.29075,6.4,244,252,BOWDOIN,,WAM8653,90,15,23,6,,36,A
303498000,2021-06-19T20:33:00,43.73703,-69.29292,6,250.4,251,BOWDOIN,,WAM8653,90,15,23,6,,36,A
303498000,2021-06-19T20:34:08,43.73625,-69.29551,6.5,251.6,253,BOWDOIN,,WAM8653,90,15,23,6,,36,A
303498000,2021-06-19T20:35:16,43.73543,-69.29813,7,245.3,248,BOWDOIN,,WAM8653,90,15,23,6,,36,A
303498000,2021-06-19T20:36:18,43.7347,-69.30037,6.3,247.4,251,BOWDOIN,,WAM8653,90,15,23,6,,36,A
303498000,2021-06-19T20:37:19,43.73397,-69.30263,6.4,244.9,248,BOWDOIN,,WAM8653,90,15,23,6,,36,A
303498000,2021-06-19T20:38:21,43.73323,-69.30503,6.6,254,254,BOWDOIN,,WAM8653,90,15,23,6,,36,A
303498000,2021-06-19T20:39:22,43.73247,-69.30738,6.6,243.4,252,BOWDOIN,,WAM8653,90,15,23,6,,36,A
303498000,2021-06-19T20:40:25,43.7317,-69.30991,6.7,246,250,BOWDOIN,,WAM8653,90,15,23,6,,36,A
303498000,2021-06-19T20:41:27,43.73086,-69.31232,6.6,246.3,249,BOWDOIN,,WAM8653,90,15,23,6,,36,A
303498000,2021-06-19T20:42:31,43.73002,-69.31473,6.3,239.2,242,BOWDOIN,,WAM8653,90,15,23,6,,36,A
303498000,2021-06-19T20:43:34,43.72918,-69.31701,6.7,243.8,248,BOWDOIN,,WAM8653,90,15,23,6,,36,A
303498000,2021-06-19T20:44:37,43.7283,-69.31948,7.2,249.5,249,BOWDOIN,,WAM8653,90,15,23,6,,36,A
367746120,2021-10-05T19:21:46,43.7108,-69.2995,7,201.6,511,CORISANDE,,WDI9184,37,,,,,,B
367746120,2021-10-05T19:23:14,43.70822,-69.30113,7,205,511,CORISANDE,,WDI9184,37,,,,,,B
367746120,2021-10-05T19:04:44,43.74005,-69.28131,6.5,202,511,CORISANDE,,WDI9184,37,,,,,,B
367746120,2021-10-05T19:06:14,43.73748,-69.28288,6.6,204.2,511,CORISANDE,,WDI9184,37,,,,,,B
367746120,2021-10-05T19:07:15,43.73576,-69.28397,6.5,196.5,511,CORISANDE,,WDI9184,37,,,,,,B
367746120,2021-10-05T19:08:45,43.73322,-69.28557,6.4,204.5,511,CORISANDE,,WDI9184,37,,,,,,B
367746120,2021-10-05T19:10:14,43.73069,-69.28712,6.8,203.3,511,CORISANDE,,WDI9184,37,,,,,,B
367746120,2021-10-05T19:11:44,43.72814,-69.28872,6.6,199,511,CORISANDE,,WDI9184,37,,,,,,B
367746120,2021-10-05T19:12:45,43.72642,-69.28983,6.9,202.5,511,CORISANDE,,WDI9184,37,,,,,,B
367746120,2021-10-05T19:14:14,43.72385,-69.2914,6.7,212.6,511,CORISANDE,,WDI9184,37,,,,,,B
367746120,2021-10-05T19:15:45,43.72126,-69.29301,6.5,206.8,511,CORISANDE,,WDI9184,37,,,,,,B
367746120,2021-10-05T19:17:15,43.71866,-69.29462,6.6,209.4,511,CORISANDE,,WDI9184,37,,,,,,B
367746120,2021-10-05T19:18:44,43.71606,-69.29623,6.8,200.3,511,CORISANDE,,WDI9184,37,,,,,,B
367746120,2021-10-05T19:20:14,43.71344,-69.29785,7.4,211.6,511,CORISANDE,,WDI9184,37,,,,,,B
367524530,2021-09-14T12:46:56,43.72472,-69.28202,13.7,202.9,203,TEMPTATION,,WDG3291,37,0,31,0,,90,A
367524530,2021-09-14T12:48:05,43.72066,-69.28437,13.7,202.5,203,TEMPTATION,,WDG3291,37,0,31,0,,90,A
367524530,2021-09-14T12:49:16,43.71651,-69.28679,13.7,203.4,203,TEMPTATION,,WDG3291,37,0,31,0,,90,A
367524530,2021-09-14T12:50:25,43.71249,-69.28912,13.7,203.5,204,TEMPTATION,,WDG3291,37,0,31,0,,90,A
367524530,2021-09-14T12:51:36,43.70843,-69.29178,13.6,206.4,207,TEMPTATION,,WDG3291,37,0,31,0,,90,A
367524530,2021-09-14T12:42:16,43.74117,-69.27232,13.8,203.7,203,TEMPTATION,,WDG3291,37,0,31,0,,90,A
367524530,2021-09-14T12:43:26,43.73705,-69.27479,13.9,203.7,204,TEMPTATION,,WDG3291,37,0,31,0,,90,A
367524530,2021-09-14T12:44:35,43.73302,-69.27721,13.8,203.8,203,TEMPTATION,,WDG3291,37,0,31,0,,90,A
367524530,2021-09-14T12:45:45,43.72889,-69.27959,13.8,202.8,203,TEMPTATION,,WDG3291,37,0,31,0,,90,A
367447410,2021-07-20T12:10:39,43.72543,-69.31479,6.9,32.2,511,EXUBERANT,,WDF4052,37,,13,4,,,B
367447410,2021-07-20T12:12:08,43.72782,-69.31288,6.6,31.9,511,EXUBERANT,,WDF4052,37,,13,4,,,B
367447410,2021-07-20T12:13:09,43.72948,-69.31161,6.9,28.2,511,EXUBERANT,,WDF4052,37,,13,4,,,B
367447410,2021-07-20T12:14:36,43.73194,-69.30986,6.7,27.4,511,EXUBERANT,,WDF4052,37,,13,4,,,B
367447410,2021-07-20T12:15:37,43.73364,-69.30861,6.8,27.2,511,EXUBERANT,,WDF4052,37,,13,4,,,B
367447410,2021-07-20T12:17:05,43.73608,-69.30675,6.8,27.3,511,EXUBERANT,,WDF4052,37,,13,4,,,B
367447410,2021-07-20T12:18:33,43.7384,-69.30464,6.9,28,511,EXUBERANT,,WDF4052,37,,13,4,,,B
367447410,2021-07-20T12:20:02,43.74092,-69.3029,6.7,25.1,511,EXUBERANT,,WDF4052,37,,13,4,,,B
338171799,2021-07-20T16:58:04,43.7385,-69.27928,7.4,245.4,511,PORTICO,,,37,,12,,,,B
338171799,2021-07-20T16:59:32,43.73739,-69.28282,6.8,246.2,511,PORTICO,,,37,,12,,,,B
338171799,2021-07-20T17:00:02,43.73701,-69.28404,7.1,245.5,511,PORTICO,,,37,,12,,,,B
338171799,2021-07-20T17:02:01,43.73544,-69.28894,6.9,246.5,511,PORTICO,,,37,,12,,,,B
338171799,2021-07-20T17:03:32,43.73428,-69.29259,7.1,248.7,511,PORTICO,,,37,,12,,,,B
338171799,2021-07-20T17:05:01,43.73313,-69.29621,7,248.1,511,PORTICO,,,37,,12,,,,B
338171799,2021-07-20T17:06:31,43.73208,-69.29996,7.2,252,511,PORTICO,,,37,,12,,,,B
338171799,2021-07-20T17:08:01,43.73105,-69.30384,6.9,248.9,511,PORTICO,,,37,,12,,,,B
338171799,2021-07-20T17:09:32,43.73003,-69.3077,7.1,247.9,511,PORTICO,,,37,,12,,,,B
338171799,2021-07-20T17:11:02,43.72902,-69.31154,7,248.9,511,PORTICO,,,37,,12,,,,B
338171799,2021-07-20T17:12:32,43.72796,-69.31538,7.1,248.4,511,PORTICO,,,37,,12,,,,B
338171799,2021-07-20T17:13:33,43.72729,-69.31796,7,254.5,511,PORTICO,,,37,,12,,,,B
338171799,2021-07-20T16:55:31,43.74047,-69.27305,6.6,247.2,511,PORTICO,,,37,,12,,,,B
338171799,2021-07-20T16:56:32,43.73968,-69.2755,6.8,248.3,511,PORTICO,,,37,,12,,,,B
338236583,2021-08-08T11:03:29,43.70692,-69.31426,6.5,12,511,SODALES,,,37,,,,,,B
338236583,2021-08-08T11:04:58,43.70876,-69.31363,3.9,6.9,511,SODALES,,,37,,,,,,B
338236583,2021-08-08T11:05:59,43.70964,-69.31336,3.7,37.1,511,SODALES,,,37,,,,,,B
338236583,2021-08-08T11:07:29,43.71186,-69.31274,6.5,15,511,SODALES,,,37,,,,,,B
338236583,2021-08-08T11:08:58,43.71441,-69.31183,6,12.4,511,SODALES,,,37,,,,,,B
338236583,2021-08-08T11:09:59,43.71614,-69.31117,6.8,11.3,511,SODALES,,,37,,,,,,B
338236583,2021-08-08T11:11:28,43.71868,-69.31024,6.4,13.3,511,SODALES,,,37,,,,,,B
338236583,2021-08-08T11:12:29,43.72039,-69.30967,6,16.4,511,SODALES,,,37,,,,,,B
338236583,2021-08-08T11:14:00,43.72296,-69.30879,6.3,14.5,511,SODALES,,,37,,,,,,B
338236583,2021-08-08T11:15:28,43.72548,-69.30797,6.3,14.1,511,SODALES,,,37,,,,,,B
338236583,2021-08-08T11:17:29,43.72889,-69.30691,6,14.4,511,SODALES,,,37,,,,,,B
338236583,2021-08-08T11:18:59,43.73142,-69.30612,6.2,13.7,511,SODALES,,,37,,,,,,B
338236583,2021-08-08T11:20:28,43.73393,-69.30537,6,7.8,511,SODALES,,,37,,,,,,B
338236583,2021-08-08T11:21:29,43.73565,-69.30484,6.2,12.4,511,SODALES,,,37,,,,,,B
338236583,2021-08-08T11:23:28,43.73901,-69.30383,6.4,8.4,511,SODALES,,,37,,,,,,B
538071402,2021-09-03T12:58:13,43.71182,-69.28988,17.1,78.7,78,GENE CHASER,IMO9878735,V7A2410,37,0,55,9,3.1,37,A
538071402,2021-09-03T12:59:20,43.71322,-69.28295,17,74.9,75,GENE CHASER,IMO9878735,V7A2410,37,0,55,9,3.1,37,A
538071402,2021-09-03T13:00:01,43.71387,-69.27847,17,80.5,85,GENE CHASER,IMO9878735,V7A2410,37,0,55,9,3.1,37,A
538071402,2021-09-03T13:01:07,43.71396,-69.27139,17,90.1,89,GENE CHASER,IMO9878735,V7A2410,37,0,55,9,3.1,37,A
538071402,2021-09-03T12:53:49,43.70863,-69.31832,17,77.7,77,GENE CHASER,IMO9878735,V7A2410,37,0,55,9,3.1,37,A
538071402,2021-09-03T12:54:56,43.70946,-69.31111,17.1,83,84,GENE CHASER,IMO9878735,V7A2410,37,0,55,9,3.1,37,A
538071402,2021-09-03T12:56:01,43.70993,-69.30405,17,84.6,84,GENE CHASER,IMO9878735,V7A2410,37,0,55,9,3.1,37,A
538071402,2021-09-03T12:57:07,43.71076,-69.29694,17,78.6,76,GENE CHASER,IMO9878735,V7A2410,37,0,55,9,3.1,37,A
367438210,2021-08-15T03:31:12,43.71325,-69.28891,9.5,81.2,80,INDEPENDENCE,IMO9583366,WDF3297,60,0,67,15,2.3,60,A
367438210,2021-08-15T03:32:22,43.71355,-69.28469,9.3,83.3,83,INDEPENDENCE,IMO9583366,WDF3297,60,0,67,15,2.3,60,A
367438210,2021-08-15T03:33:32,43.71431,-69.28076,9.3,80,82,INDEPENDENCE,IMO9583366,WDF3297,60,0,67,15,2.3,60,A
367438210,2021-08-15T03:34:33,43.71465,-69.27713,9.5,83.3,82,INDEPENDENCE,IMO9583366,WDF3297,60,0,67,15,2.3,60,A
367438210,2021-08-15T03:35:43,43.71502,-69.27291,9.5,80.3,80,INDEPENDENCE,IMO9583366,WDF3297,60,0,67,15,2.3,60,A
368011790,2021-08-15T09:55:05,43.71003,-69.2908,4.7,65.1,511,LOUISA,,WDJ7964,36,,,,,,B
368011790,2021-08-15T09:57:31,43.71149,-69.28668,5,64.4,511,LOUISA,,WDJ7964,36,,,,,,B
368011790,2021-08-15T10:00:31,43.71319,-69.28173,5,65.5,511,LOUISA,,WDJ7964,36,,,,,,B
368011790,2021-08-15T10:02:03,43.71413,-69.27916,5,61.2,511,LOUISA,,WDJ7964,36,,,,,,B
368011790,2021-08-15T10:06:01,43.71743,-69.27332,3.9,27,511,LOUISA,,WDJ7964,36,,,,,,B
368011790,2021-08-15T10:07:33,43.71888,-69.27193,4.2,35.8,511,LOUISA,,WDJ7964,36,,,,,,B
367438210,2021-08-15T03:23:13,43.71025,-69.31766,9.5,80,81,INDEPENDENCE,IMO9583366,WDF3297,60,0,67,15,2.3,60,A
367438210,2021-08-15T03:24:23,43.71068,-69.31346,9.5,82.8,82,INDEPENDENCE,IMO9583366,WDF3297,60,0,67,15,2.3,60,A
367438210,2021-08-15T03:25:31,43.7111,-69.30937,9.5,82.8,83,INDEPENDENCE,IMO9583366,WDF3297,60,0,67,15,2.3,60,A
367438210,2021-08-15T03:26:32,43.71144,-69.30567,9.5,83,82,INDEPENDENCE,IMO9583366,WDF3297,60,0,67,15,2.3,60,A
367438210,2021-08-15T03:27:42,43.7119,-69.3015,9.5,80.1,80,INDEPENDENCE,IMO9583366,WDF3297,60,0,67,15,2.3,60,A
367438210,2021-08-15T03:28:52,43.71234,-69.2973,9.4,82.7,81,INDEPENDENCE,IMO9583366,WDF3297,60,0,67,15,2.3,60,A
367438210,2021-08-15T03:30:02,43.71281,-69.29311,9.5,80.9,82,INDEPENDENCE,IMO9583366,WDF3297,60,0,67,15,2.3,60,A
368011790,2021-08-15T09:52:02,43.70816,-69.29607,5.1,65.7,511,LOUISA,,WDJ7964,36,,,,,,B
368011790,2021-08-15T09:54:03,43.70943,-69.29254,4.9,64,511,LOUISA,,WDJ7964,36,,,,,,B
367113260,2021-07-28T13:37:06,43.72077,-69.31982,13.1,82,81,JOJO'S CIRCUS,,WDD2279,37,0,28,6,,37,A
367113260,2021-07-28T13:38:26,43.72135,-69.31335,13,82.9,82,JOJO'S CIRCUS,,WDD2279,37,0,28,6,,37,A
367113260,2021-07-28T13:39:36,43.72189,-69.30738,13.1,83.1,81,JOJO'S CIRCUS,,WDD2279,37,0,28,6,,37,A
367113260,2021-07-28T13:40:45,43.72247,-69.30173,13,81.4,79,JOJO'S CIRCUS,,WDD2279,37,0,28,6,,37,A
367113260,2021-07-28T13:41:55,43.72305,-69.29596,13,82.3,82,JOJO'S CIRCUS,,WDD2279,37,0,28,6,,37,A
367113260,2021-07-28T13:43:06,43.72361,-69.29017,13.1,82,80,JOJO'S CIRCUS,,WDD2279,37,0,28,6,,37,A
367113260,2021-07-28T13:44:16,43.72425,-69.28422,13.1,81.1,80,JOJO'S CIRCUS,,WDD2279,37,0,28,6,,37,A
367113260,2021-07-28T13:45:35,43.72493,-69.27782,12.9,81.8,80,JOJO'S CIRCUS,,WDD2279,37,0,28,6,,37,A
367471640,2021-06-30T11:50:56,43.71026,-69.31817,13.3,82.6,82,LADY GAYLE MARIE,,WDF6194,37,0,38,8,,37,A
367471640,2021-06-30T11:52:06,43.7108,-69.31227,13.3,84,83,LADY GAYLE MARIE,,WDF6194,37,0,38,8,,37,A
367471640,2021-06-30T11:53:16,43.71131,-69.30633,13.4,84,82,LADY GAYLE MARIE,,WDF6194,37,0,38,8,,37,A
367471640,2021-06-30T11:54:26,43.71185,-69.30048,13.1,82.3,82,LADY GAYLE MARIE,,WDF6194,37,0,38,8,,37,A
367471640,2021-06-30T11:55:37,43.71244,-69.29454,13.2,82.5,83,LADY GAYLE MARIE,,WDF6194,37,0,38,8,,37,A
367471640,2021-06-30T11:56:46,43.71297,-69.28876,13.2,82.9,83,LADY GAYLE MARIE,,WDF6194,37,0,38,8,,37,A
367471640,2021-06-30T11:57:57,43.71349,-69.2829,13.3,82.1,82,LADY GAYLE MARIE,,WDF6194,37,0,38,8,,37,A
367471640,2021-06-30T11:59:06,43.71423,-69.27714,13.1,78.9,80,LADY GAYLE MARIE,,WDF6194,37,0,38,8,,37,A
367471640,2021-06-30T12:00:06,43.71491,-69.27223,13.1,80.9,79,LADY GAYLE MARIE,,WDF6194,37,0,38,8,,37,A
338178000,2021-08-18T11:39:12,43.73226,-69.277,7.4,204.4,511,VERISSIMO,,WDH4235,37,,19,5,,,B
338178000,2021-08-18T11:40:13,43.73034,-69.27807,7.3,206.7,511,VERISSIMO,,WDH4235,37,,19,5,,,B
338178000,2021-08-18T11:41:42,43.72749,-69.27979,7.3,201,511,VERISSIMO,,WDH4235,37,,19,5,,,B
338178000,2021-08-18T11:43:12,43.72467,-69.28162,7.4,198.2,511,VERISSIMO,,WDH4235,37,,19,5,,,B
338178000,2021-08-18T11:44:15,43.72267,-69.28277,7.4,207.9,511,VERISSIMO,,WDH4235,37,,19,5,,,B
338178000,2021-08-18T11:45:43,43.71987,-69.28447,7.4,205.9,511,VERISSIMO,,WDH4235,37,,19,5,,,B
338178000,2021-08-18T11:47:16,43.71708,-69.28629,7.5,211.2,511,VERISSIMO,,WDH4235,37,,19,5,,,B
338178000,2021-08-18T11:48:43,43.71443,-69.2882,7.5,207.1,511,VERISSIMO,,WDH4235,37,,19,5,,,B
338178000,2021-08-18T11:50:13,43.71185,-69.29065,7.6,222.8,511,VERISSIMO,,WDH4235,37,,19,5,,,B
338178000,2021-08-18T11:51:14,43.71006,-69.2921,7.5,210.8,511,VERISSIMO,,WDH4235,37,,19,5,,,B
338178000,2021-08-18T11:34:43,43.7409,-69.27205,7.8,203.9,511,VERISSIMO,,WDH4235,37,,19,5,,,B
338178000,2021-08-18T11:36:13,43.7381,-69.2738,7.7,207,511,VERISSIMO,,WDH4235,37,,19,5,,,B
338178000,2021-08-18T11:37:43,43.73519,-69.27547,7.9,207.8,511,VERISSIMO,,WDH4235,37,,19,5,,,B
338178000,2021-08-18T11:52:43,43.70726,-69.29406,7.6,208,511,VERISSIMO,,WDH4235,37,,19,5,,,B
367772040,2021-06-27T11:07:43,43.70844,-69.29834,12.3,28.6,511,OMT3,,WDJ3854,,,,,,,B
367772040,2021-06-27T11:09:42,43.71451,-69.29452,12.3,18.9,511,OMT3,,WDJ3854,,,,,,,B
367772040,2021-06-27T11:11:12,43.7193,-69.29205,12.8,21.8,511,OMT3,,WDJ3854,,,,,,,B
367772040,2021-06-27T11:12:14,43.7226,-69.29025,11.3,21.7,511,OMT3,,WDJ3854,,,,,,,B
367772040,2021-06-27T11:13:41,43.72724,-69.28786,12.1,18.9,511,OMT3,,WDJ3854,,,,,,,B
367772040,2021-06-27T11:15:14,43.73205,-69.28548,11.8,21,511,OMT3,,WDJ3854,,,,,,,B
367772040,2021-06-27T11:16:43,43.7367,-69.28322,12.3,21.1,511,OMT3,,WDJ3854,,,,,,,B
367438210,2021-08-07T23:48:44,43.712,-69.31884,7,78.5,80,INDEPENDENCE,IMO9583366,WDF3297,60,0,67,15,2.3,60,A
367438210,2021-08-07T23:49:45,43.71238,-69.31618,7.1,79.7,82,INDEPENDENCE,IMO9583366,WDF3297,60,0,67,15,2.3,60,A
367438210,2021-08-08T00:04:24,43.71843,-69.27692,6.9,78.7,81,INDEPENDENCE,IMO9583366,WDF3297,60,0,67,15,2.3,60,A
367438210,2021-08-08T00:05:32,43.71879,-69.27397,6.8,82.5,81,INDEPENDENCE,IMO9583366,WDF3297,60,0,67,15,2.3,60,A
367438210,2021-08-07T23:50:54,43.71282,-69.3131,7.2,78,83,INDEPENDENCE,IMO9583366,WDF3297,60,0,67,15,2.3,60,A
367438210,2021-08-07T23:52:05,43.71327,-69.30986,7.2,79.4,78,INDEPENDENCE,IMO9583366,WDF3297,60,0,67,15,2.3,60,A
367438210,2021-08-07T23:53:15,43.71375,-69.30678,7,81,84,INDEPENDENCE,IMO9583366,WDF3297,60,0,67,15,2.3,60,A
367438210,2021-08-07T23:54:24,43.7142,-69.30374,7.2,81.2,84,INDEPENDENCE,IMO9583366,WDF3297,60,0,67,15,2.3,60,A
367438210,2021-08-07T23:55:35,43.71467,-69.30052,7.3,79,83,INDEPENDENCE,IMO9583366,WDF3297,60,0,67,15,2.3,60,A
367438210,2021-08-07T23:56:45,43.71507,-69.29739,7.2,78,83,INDEPENDENCE,IMO9583366,WDF3297,60,0,67,15,2.3,60,A
367438210,2021-08-07T23:57:55,43.71545,-69.2942,7.1,84.3,87,INDEPENDENCE,IMO9583366,WDF3297,60,0,67,15,2.3,60,A
367438210,2021-08-07T23:59:04,43.71587,-69.29112,7.3,76.8,79,INDEPENDENCE,IMO9583366,WDF3297,60,0,67,15,2.3,60,A
367438210,2021-08-08T00:00:04,43.7163,-69.28844,7.3,78.9,82,INDEPENDENCE,IMO9583366,WDF3297,60,0,67,15,2.3,60,A
367438210,2021-08-08T00:01:05,43.71662,-69.28569,7.2,79.7,84,INDEPENDENCE,IMO9583366,WDF3297,60,0,67,15,2.3,60,A
367438210,2021-08-08T00:02:07,43.71705,-69.28287,7.2,73.5,74,INDEPENDENCE,IMO9583366,WDF3297,60,0,67,15,2.3,60,A
367438210,2021-08-08T00:03:14,43.71776,-69.27997,7.1,74.3,75,INDEPENDENCE,IMO9583366,WDF3297,60,0,67,15,2.3,60,A
538071309,2021-11-20T17:59:29,43.72551,-69.27285,9.3,221.9,511,TANGO,,V7KT8,37,0,25,6,2.2,37,A
538071309,2021-11-20T18:00:08,43.72433,-69.27439,9.1,224.3,511,TANGO,,V7KT8,37,0,25,6,2.2,37,A
538071309,2021-11-20T18:01:19,43.72217,-69.27715,9,222.3,511,TANGO,,V7KT8,37,0,25,6,2.2,37,A
538071309,2021-11-20T18:02:29,43.72002,-69.27988,8.6,221.4,511,TANGO,,V7KT8,37,0,25,6,2.2,37,A
538071309,2021-11-20T18:03:39,43.71788,-69.2826,8.6,221.7,511,TANGO,,V7KT8,37,0,25,6,2.2,37,A
538071309,2021-11-20T18:04:59,43.71547,-69.2857,8.9,222.9,511,TANGO,,V7KT8,37,0,25,6,2.2,37,A
538071309,2021-11-20T18:06:08,43.71336,-69.28834,9,223.1,511,TANGO,,V7KT8,37,0,25,6,2.2,37,A
538071309,2021-11-20T18:07:18,43.71122,-69.29107,8.7,222.4,511,TANGO,,V7KT8,37,0,25,6,2.2,37,A
538071309,2021-11-20T18:08:29,43.70904,-69.29382,9.2,226.6,511,TANGO,,V7KT8,37,0,25,6,2.2,37,A
538071309,2021-11-20T18:09:39,43.70687,-69.29652,8.9,224.9,511,TANGO,,V7KT8,37,0,25,6,2.2,37,A
367340190,2021-08-01T12:57:05,43.71237,-69.32093,4.4,14.4,511,LOON,,WDE3515,37,,12,3,,,B
367340190,2021-08-01T12:59:49,43.71568,-69.3198,4.5,14.3,511,LOON,,WDE3515,37,,12,3,,,B
367340190,2021-08-01T13:00:21,43.71629,-69.3196,4.5,14.3,511,LOON,,WDE3515,37,,12,3,,,B
367340190,2021-08-01T13:01:22,43.71753,-69.31916,4.5,14.3,511,LOON,,WDE3515,37,,12,3,,,B
367340190,2021-08-01T13:03:22,43.71834,-69.31843,4.5,15.1,511,LOON,,WDE3515,37,,12,3,,,B
367340190,2021-08-01T13:04:29,43.72129,-69.31787,4.5,14.6,511,LOON,,WDE3515,37,,12,3,,,B
367340190,2021-08-01T13:05:36,43.7224,-69.31748,4.4,14.5,511,LOON,,WDE3515,37,,12,3,,,B
367340190,2021-08-01T13:06:41,43.72378,-69.317,4.4,14.5,511,LOON,,WDE3515,37,,12,3,,,B
367340190,2021-08-01T13:08:00,43.72512,-69.31656,4.4,13.6,511,LOON,,WDE3515,37,,12,3,,,B
367340190,2021-08-01T13:09:05,43.72637,-69.31605,4.4,13.6,511,LOON,,WDE3515,37,,12,3,,,B
367340190,2021-08-01T13:10:24,43.72812,-69.31527,4.4,13.6,511,LOON,,WDE3515,37,,12,3,,,B
367340190,2021-08-01T13:11:59,43.72984,-69.31452,4.1,13.6,511,LOON,,WDE3515,37,,12,3,,,B
367340190,2021-08-01T13:13:46,43.73205,-69.31353,4.3,17.7,511,LOON,,WDE3515,37,,12,3,,,B
367340190,2021-08-01T13:14:50,43.73325,-69.31305,4.1,17.7,511,LOON,,WDE3515,37,,12,3,,,B
367340190,2021-08-01T13:15:58,43.73438,-69.3126,4.4,17.7,511,LOON,,WDE3515,37,,12,3,,,B
367340190,2021-08-01T13:17:07,43.73593,-69.31193,4.3,18.5,511,LOON,,WDE3515,37,,12,3,,,B
367340190,2021-08-01T13:18:38,43.73751,-69.31124,4.1,17.6,511,LOON,,WDE3515,37,,12,3,,,B
367340190,2021-08-01T13:20:00,43.73922,-69.31049,4.4,18.7,511,LOON,,WDE3515,37,,12,3,,,B
367340190,2021-08-01T13:21:01,43.74039,-69.30997,4.4,18.4,511,LOON,,WDE3515,37,,12,3,,,B
367340190,2021-08-01T13:22:30,43.74203,-69.30922,4.1,19,511,LOON,,WDE3515,37,,12,3,,,B
367438210,2021-08-28T22:38:10,43.7143,-69.27378,7.4,90.3,86,INDEPENDENCE,IMO9583366,WDF3297,60,0,67,15,2.3,60,A
367438210,2021-08-28T22:26:20,43.71127,-69.30571,7.3,83,80,INDEPENDENCE,IMO9583366,WDF3297,60,0,67,15,2.3,60,A
367438210,2021-08-28T22:27:39,43.71157,-69.30197,7.5,84.1,82,INDEPENDENCE,IMO9583366,WDF3297,60,0,67,15,2.3,60,A
367438210,2021-08-28T22:28:49,43.71175,-69.29875,7.4,87.1,84,INDEPENDENCE,IMO9583366,WDF3297,60,0,67,15,2.3,60,A
367438210,2021-08-28T22:21:49,43.71014,-69.3184,7.4,85,82,INDEPENDENCE,IMO9583366,WDF3297,60,0,67,15,2.3,60,A
367438210,2021-08-28T22:22:59,43.7104,-69.31504,7.5,84.5,82,INDEPENDENCE,IMO9583366,WDF3297,60,0,67,15,2.3,60,A
367438210,2021-08-28T22:24:09,43.71067,-69.31179,7.4,83,80,INDEPENDENCE,IMO9583366,WDF3297,60,0,67,15,2.3,60,A
367438210,2021-08-28T22:25:10,43.71096,-69.30891,7.3,81.1,79,INDEPENDENCE,IMO9583366,WDF3297,60,0,67,15,2.3,60,A
367438210,2021-08-28T22:30:00,43.712,-69.2954,7.3,84,82,INDEPENDENCE,IMO9583366,WDF3297,60,0,67,15,2.3,60,A
367438210,2021-08-28T22:31:09,43.71209,-69.29227,7.2,90,88,INDEPENDENCE,IMO9583366,WDF3297,60,0,67,15,2.3,60,A
367438210,2021-08-28T22:32:40,43.71258,-69.28824,7,66.6,63,INDEPENDENCE,IMO9583366,WDF3297,60,0,67,15,2.3,60,A
367438210,2021-08-28T22:33:49,43.71355,-69.28539,7.1,65,63,INDEPENDENCE,IMO9583366,WDF3297,60,0,67,15,2.3,60,A
367438210,2021-08-28T22:34:50,43.71437,-69.2828,7.3,69,68,INDEPENDENCE,IMO9583366,WDF3297,60,0,67,15,2.3,60,A
367438210,2021-08-28T22:35:51,43.71474,-69.28016,7,93.4,95,INDEPENDENCE,IMO9583366,WDF3297,60,0,67,15,2.3,60,A
367438210,2021-08-28T22:37:00,43.71446,-69.27705,7.3,96.3,92,INDEPENDENCE,IMO9583366,WDF3297,60,0,67,15,2.3,60,A
368189000,2021-09-21T10:42:52,43.70701,-69.28717,4.5,20.5,24,HARVEY GAMAGE,,WDE6354,60,,28,7,,,B
368189000,2021-09-21T10:43:55,43.70835,-69.28642,5.4,28,24,HARVEY GAMAGE,,WDE6354,60,,28,7,,,B
368189000,2021-09-21T10:45:23,43.71009,-69.28499,5.9,27.4,27,HARVEY GAMAGE,,WDE6354,60,,28,7,,,B
368189000,2021-09-21T10:46:51,43.71181,-69.28362,5.4,40.8,25,HARVEY GAMAGE,,WDE6354,60,,28,7,,,B
368189000,2021-09-21T10:47:52,43.71282,-69.28275,3.9,35.6,30,HARVEY GAMAGE,,WDE6354,60,,28,7,,,B
368189000,2021-09-21T10:49:21,43.71462,-69.28157,4.2,19.1,22,HARVEY GAMAGE,,WDE6354,60,,28,7,,,B
368189000,2021-09-21T10:50:52,43.71629,-69.28034,4.9,34.6,29,HARVEY GAMAGE,,WDE6354,60,,28,7,,,B
368189000,2021-09-21T10:52:21,43.71803,-69.27907,7.9,27.1,32,HARVEY GAMAGE,,WDE6354,60,,28,7,,,B
368189000,2021-09-21T10:53:22,43.71921,-69.27777,5.7,41.1,25,HARVEY GAMAGE,,WDE6354,60,,28,7,,,B
368189000,2021-09-21T10:54:50,43.72095,-69.27652,4.8,28.5,26,HARVEY GAMAGE,,WDE6354,60,,28,7,,,B
368189000,2021-09-21T10:55:52,43.72201,-69.27563,7.2,30.9,30,HARVEY GAMAGE,,WDE6354,60,,28,7,,,B
368189000,2021-09-21T10:57:21,43.72366,-69.27367,7.2,30.3,39,HARVEY GAMAGE,,WDE6354,60,,28,7,,,B
368189000,2021-09-21T10:58:52,43.72559,-69.27202,5,41.2,47,HARVEY GAMAGE,,WDE6354,60,,28,7,,,B
368189000,2021-10-07T02:12:57,43.71462,-69.3115,4.4,297.8,305,HARVEY GAMAGE,,WDE6354,60,,28,7,,,B
368189000,2021-10-07T02:14:27,43.71523,-69.31216,1.7,286.2,306,HARVEY GAMAGE,,WDE6354,60,,28,7,,,B
368189000,2021-10-07T02:15:56,43.71588,-69.31301,1.9,290,305,HARVEY GAMAGE,,WDE6354,60,,28,7,,,B
368189000,2021-10-07T02:17:27,43.71654,-69.31393,1.7,287.7,305,HARVEY GAMAGE,,WDE6354,60,,28,7,,,B
368189000,2021-10-07T02:18:57,43.71721,-69.31483,1.6,303.4,303,HARVEY GAMAGE,,WDE6354,60,,28,7,,,B
368189000,2021-10-07T02:20:25,43.71777,-69.31574,2.5,305,305,HARVEY GAMAGE,,WDE6354,60,,28,7,,,B
368189000,2021-10-07T02:21:27,43.71833,-69.31652,2.8,305,307,HARVEY GAMAGE,,WDE6354,60,,28,7,,,B
368189000,2021-10-07T02:22:56,43.71908,-69.31755,3.6,309.3,306,HARVEY GAMAGE,,WDE6354,60,,28,7,,,B
368189000,2021-10-07T02:24:26,43.71991,-69.3185,3.2,305.8,304,HARVEY GAMAGE,,WDE6354,60,,28,7,,,B
368189000,2021-10-07T02:25:28,43.72029,-69.31899,2.3,312.7,304,HARVEY GAMAGE,,WDE6354,60,,28,7,,,B
368189000,2021-10-07T02:26:58,43.72114,-69.32037,3.1,311.8,303,HARVEY GAMAGE,,WDE6354,60,,28,7,,,B
368189000,2021-10-07T02:03:25,43.71083,-69.30595,2.9,339.8,303,HARVEY GAMAGE,,WDE6354,60,,28,7,,,B
368189000,2021-10-07T02:04:26,43.71105,-69.30644,0.8,339.8,303,HARVEY GAMAGE,,WDE6354,60,,28,7,,,B
368189000,2021-10-07T02:05:27,43.71139,-69.30693,1.9,353.5,306,HARVEY GAMAGE,,WDE6354,60,,28,7,,,B
368189000,2021-10-07T01:50:55,43.70644,-69.29966,1.4,308.6,301,HARVEY GAMAGE,,WDE6354,60,,28,7,,,B
368189000,2021-10-07T01:51:56,43.70678,-69.30023,2.1,300.9,303,HARVEY GAMAGE,,WDE6354,60,,28,7,,,B
368189000,2021-10-07T01:52:59,43.70715,-69.30081,1.8,300.9,307,HARVEY GAMAGE,,WDE6354,60,,28,7,,,B
368189000,2021-10-07T01:54:26,43.70762,-69.30145,1.6,302,302,HARVEY GAMAGE,,WDE6354,60,,28,7,,,B
368189000,2021-10-07T01:55:56,43.70812,-69.30221,1.6,302,304,HARVEY GAMAGE,,WDE6354,60,,28,7,,,B
368189000,2021-10-07T01:57:25,43.70868,-69.30295,3.4,307.4,306,HARVEY GAMAGE,,WDE6354,60,,28,7,,,B
368189000,2021-10-07T01:58:26,43.70895,-69.30342,3.1,280.9,306,HARVEY GAMAGE,,WDE6354,60,,28,7,,,B
368189000,2021-10-07T01:59:56,43.70954,-69.30413,1.8,304.6,306,HARVEY GAMAGE,,WDE6354,60,,28,7,,,B
368189000,2021-10-07T02:00:27,43.70969,-69.30451,1.9,304.6,303,HARVEY GAMAGE,,WDE6354,60,,28,7,,,B
368189000,2021-10-07T02:01:56,43.71025,-69.30519,1.5,315.7,303,HARVEY GAMAGE,,WDE6354,60,,28,7,,,B
368189000,2021-10-07T02:06:56,43.71202,-69.30765,1.7,292.7,308,HARVEY GAMAGE,,WDE6354,60,,28,7,,,B
368189000,2021-10-07T02:08:26,43.71264,-69.30842,2.3,293.9,304,HARVEY GAMAGE,,WDE6354,60,,28,7,,,B
368189000,2021-10-07T02:09:59,43.7132,-69.30959,3.5,262.1,302,HARVEY GAMAGE,,WDE6354,60,,28,7,,,B
368189000,2021-10-07T02:11:26,43.71387,-69.31041,3,262.1,303,HARVEY GAMAGE,,WDE6354,60,,28,7,,,B
