MMSI,BaseDateTime,LAT,LON,SOG,COG,Heading,VesselName,IMO,CallSign,VesselType,Status,Length,Width,Draft,Cargo,TransceiverClass
367785170,2023-03-25T19:22:15,36.81560,-121.98676,15.3,159.0,511.0,PACIFICA,,WDJ5184,60,,5,15,,,B
367785170,2023-03-25T19:23:44,36.81028,-121.98390,14.9,160.0,511.0,PACIFICA,,WDJ5184,60,,5,15,,,B
367785170,2023-03-25T19:25:14,36.80460,-121.98106,14.9,156.7,511.0,PACIFICA,,WDJ5184,60,,5,15,,,B
367785170,2023-03-25T19:26:44,36.79895,-121.97812,13.2,152.6,511.0,PACIFICA,,WDJ5184,60,,5,15,,,B
367785170,2023-03-25T19:30:45,36.78364,-121.97011,14.4,156.2,511.0,PACIFICA,,WDJ5184,60,,5,15,,,B
367785170,2023-03-25T19:28:14,36.79322,-121.97536,14.9,158.0,511.0,PACIFICA,,WDJ5184,60,,5,15,,,B
367785170,2023-03-25T19:29:17,36.78933,-121.97323,14.4,146.8,511.0,PACIFICA,,WDJ5184,60,,5,15,,,B
338252658,2023-03-27T19:28:18,36.79745,-121.96113,5.7,348.7,511.0,DOUBLE ESPRESSO,,,36,,11,4,,,B
338252658,2023-03-27T19:29:46,36.79974,-121.96177,5.6,348.4,511.0,DOUBLE ESPRESSO,,,36,,11,4,,,B
367785170,2023-03-26T19:01:36,36.78441,-121.99599,11.7,158.6,511.0,PACIFICA,,WDJ5184,60,,5,15,,,B
338252658,2023-03-27T19:18:18,36.78243,-121.95635,5.3,343.9,511.0,DOUBLE ESPRESSO,,,36,,11,4,,,B
338252658,2023-03-27T19:19:19,36.78390,-121.95687,5.2,345.8,511.0,DOUBLE ESPRESSO,,,36,,11,4,,,B
338252658,2023-03-27T19:20:47,36.78606,-121.95762,5.2,345.9,511.0,DOUBLE ESPRESSO,,,36,,11,4,,,B
338252658,2023-03-27T19:22:19,36.78836,-121.95837,5.6,343.8,511.0,DOUBLE ESPRESSO,,,36,,11,4,,,B
338252658,2023-03-27T19:23:46,36.79047,-121.95905,5.4,346.6,511.0,DOUBLE ESPRESSO,,,36,,11,4,,,B
338252658,2023-03-27T19:25:18,36.79279,-121.95978,5.7,345.0,511.0,DOUBLE ESPRESSO,,,36,,11,4,,,B
338252658,2023-03-27T19:26:46,36.79503,-121.96043,5.8,346.6,511.0,DOUBLE ESPRESSO,,,36,,11,4,,,B
338252658,2023-03-27T19:31:18,36.80215,-121.96247,5.5,343.7,511.0,DOUBLE ESPRESSO,,,36,,11,4,,,B
338252658,2023-03-27T19:32:46,36.80443,-121.96317,5.7,345.3,511.0,DOUBLE ESPRESSO,,,36,,11,4,,,B
338252658,2023-03-27T19:34:46,36.80760,-121.96400,5.6,355.8,511.0,DOUBLE ESPRESSO,,,36,,11,4,,,B
338252658,2023-03-27T19:36:18,36.81004,-121.96455,5.9,348.4,511.0,DOUBLE ESPRESSO,,,36,,11,4,,,B
338252658,2023-03-27T19:37:47,36.81244,-121.96511,6.0,346.2,511.0,DOUBLE ESPRESSO,,,36,,11,4,,,B
338252658,2023-03-27T19:39:47,36.81569,-121.96607,6.5,341.8,511.0,DOUBLE ESPRESSO,,,36,,11,4,,,B
367785170,2023-04-04T18:54:31,36.78320,-121.95598,11.2,244.9,511.0,PACIFICA,,WDJ5184,60,,5,15,,,B
367785170,2023-04-04T18:56:00,36.78135,-121.96094,10.3,242.6,511.0,PACIFICA,,WDJ5184,60,,5,15,,,B
367785170,2023-04-25T18:22:17,36.78386,-121.96858,9.3,279.3,511.0,PACIFICA,,WDJ5184,60,,5,15,,,B
367785170,2023-04-25T18:23:48,36.78451,-121.97375,10.8,272.0,511.0,PACIFICA,,WDJ5184,60,,5,15,,,B
367785170,2023-04-25T18:24:49,36.78457,-121.97733,10.6,268.1,511.0,PACIFICA,,WDJ5184,60,,5,15,,,B
367785170,2023-04-25T18:30:43,36.79024,-121.97674,2.0,41.0,511.0,PACIFICA,,WDJ5184,60,,5,15,,,B
367785170,2023-04-25T18:32:42,36.79052,-121.97655,0.2,52.0,511.0,PACIFICA,,WDJ5184,60,,5,15,,,B
367785170,2023-04-25T18:34:40,36.79365,-121.98010,10.5,311.0,511.0,PACIFICA,,WDJ5184,60,,5,15,,,B
367785170,2023-04-25T18:37:07,36.79636,-121.98326,5.2,310.2,511.0,PACIFICA,,WDJ5184,60,,5,15,,,B
367785170,2023-04-25T18:38:15,36.79729,-121.98411,3.8,323.6,511.0,PACIFICA,,WDJ5184,60,,5,15,,,B
367785170,2023-04-25T18:39:37,36.79708,-121.98314,6.0,152.2,511.0,PACIFICA,,WDJ5184,60,,5,15,,,B
367785170,2023-04-25T18:42:09,36.79613,-121.98528,3.9,302.5,511.0,PACIFICA,,WDJ5184,60,,5,15,,,B
367785170,2023-04-25T18:43:39,36.79678,-121.98670,1.9,290.4,511.0,PACIFICA,,WDJ5184,60,,5,15,,,B
367785170,2023-04-25T18:45:39,36.79691,-121.98830,3.4,251.7,511.0,PACIFICA,,WDJ5184,60,,5,15,,,B
367785170,2023-04-25T18:47:07,36.79662,-121.98873,0.5,183.4,511.0,PACIFICA,,WDJ5184,60,,5,15,,,B
367785170,2023-04-25T18:48:37,36.79705,-121.98899,1.3,14.7,511.0,PACIFICA,,WDJ5184,60,,5,15,,,B
367785170,2023-04-25T18:51:14,36.79765,-121.99120,5.7,247.6,511.0,PACIFICA,,WDJ5184,60,,5,15,,,B
367785170,2023-04-25T18:52:39,36.79723,-121.99318,3.5,258.5,511.0,PACIFICA,,WDJ5184,60,,5,15,,,B
367785170,2023-04-25T18:54:14,36.79696,-121.99441,0.9,117.7,511.0,PACIFICA,,WDJ5184,60,,5,15,,,B
367785170,2023-04-25T18:55:39,36.79683,-121.99412,0.6,115.5,511.0,PACIFICA,,WDJ5184,60,,5,15,,,B
367785170,2023-04-25T18:57:08,36.79541,-121.99340,7.6,153.8,511.0,PACIFICA,,WDJ5184,60,,5,15,,,B
367785170,2023-04-25T18:58:36,36.79163,-121.98990,12.2,141.0,511.0,PACIFICA,,WDJ5184,60,,5,15,,,B
367785170,2023-04-25T19:00:36,36.78595,-121.98485,11.5,144.3,511.0,PACIFICA,,WDJ5184,60,,5,15,,,B
367785170,2023-04-25T19:01:37,36.78297,-121.98251,12.9,148.5,511.0,PACIFICA,,WDJ5184,60,,5,15,,,B
367785170,2023-05-04T17:23:53,36.79329,-121.95856,13.7,273.0,511.0,PACIFICA,,WDJ5184,60,,5,15,,,B
367785170,2023-05-04T17:24:56,36.79345,-121.96349,13.2,270.9,511.0,PACIFICA,,WDJ5184,60,,5,15,,,B
367785170,2023-05-04T17:26:24,36.79365,-121.97029,13.8,268.2,511.0,PACIFICA,,WDJ5184,60,,5,15,,,B
367785170,2023-05-04T17:28:54,36.79408,-121.98213,13.8,272.1,511.0,PACIFICA,,WDJ5184,60,,5,15,,,B
367785170,2023-05-04T17:29:55,36.79424,-121.98671,13.1,272.3,511.0,PACIFICA,,WDJ5184,60,,5,15,,,B
367785170,2023-05-04T17:31:23,36.79437,-121.99346,13.6,271.4,511.0,PACIFICA,,WDJ5184,60,,5,15,,,B
367785170,2023-05-18T17:35:22,36.78304,-121.98260,0.8,317.3,511.0,PACIFICA,,WDJ5184,60,,5,15,,,B
367785170,2023-05-18T17:36:50,36.78300,-121.98240,1.2,35.3,511.0,PACIFICA,,WDJ5184,60,,5,15,,,B
367785170,2023-05-18T17:38:28,36.78369,-121.98196,2.3,49.0,511.0,PACIFICA,,WDJ5184,60,,5,15,,,B
367785170,2023-05-18T17:39:51,36.78396,-121.98062,2.3,97.7,511.0,PACIFICA,,WDJ5184,60,,5,15,,,B
367785170,2023-05-18T17:41:25,36.78382,-121.97986,1.3,83.6,511.0,PACIFICA,,WDJ5184,60,,5,15,,,B
367785170,2023-05-18T17:43:20,36.78399,-121.97855,1.6,101.4,511.0,PACIFICA,,WDJ5184,60,,5,15,,,B
367785170,2023-05-18T17:44:50,36.78390,-121.97787,1.6,102.8,511.0,PACIFICA,,WDJ5184,60,,5,15,,,B
367785170,2023-05-18T17:46:21,36.78430,-121.97730,1.5,76.2,511.0,PACIFICA,,WDJ5184,60,,5,15,,,B
367785170,2023-05-18T17:47:50,36.78460,-121.97602,2.6,83.0,511.0,PACIFICA,,WDJ5184,60,,5,15,,,B
367785170,2023-05-18T17:49:21,36.78454,-121.97514,1.2,86.9,511.0,PACIFICA,,WDJ5184,60,,5,15,,,B
367785170,2023-05-18T17:50:24,36.78452,-121.97502,1.0,46.1,511.0,PACIFICA,,WDJ5184,60,,5,15,,,B
367785170,2023-05-18T17:51:51,36.78450,-121.97452,1.8,87.7,511.0,PACIFICA,,WDJ5184,60,,5,15,,,B
367785170,2023-05-18T17:53:19,36.78443,-121.97381,1.2,90.3,511.0,PACIFICA,,WDJ5184,60,,5,15,,,B
367785170,2023-05-18T17:54:47,36.78445,-121.97328,0.9,92.8,511.0,PACIFICA,,WDJ5184,60,,5,15,,,B
367785170,2023-05-18T17:56:18,36.78441,-121.97299,0.4,142.4,511.0,PACIFICA,,WDJ5184,60,,5,15,,,B
367785170,2023-05-18T17:59:13,36.78406,-121.97203,2.3,117.6,511.0,PACIFICA,,WDJ5184,60,,5,15,,,B
367785170,2023-05-18T18:00:15,36.78390,-121.97093,4.1,75.7,511.0,PACIFICA,,WDJ5184,60,,5,15,,,B
367785170,2023-05-18T18:01:44,36.78460,-121.97088,6.8,262.8,511.0,PACIFICA,,WDJ5184,60,,5,15,,,B
367785170,2023-05-18T18:03:14,36.78496,-121.97536,9.3,292.0,511.0,PACIFICA,,WDJ5184,60,,5,15,,,B
367785170,2023-05-18T18:05:13,36.78681,-121.98138,9.8,287.6,511.0,PACIFICA,,WDJ5184,60,,5,15,,,B
367785170,2023-05-18T18:06:16,36.78797,-121.98447,9.3,296.5,511.0,PACIFICA,,WDJ5184,60,,5,15,,,B
367785170,2023-05-18T18:07:44,36.78946,-121.98928,10.6,269.2,511.0,PACIFICA,,WDJ5184,60,,5,15,,,B
367785170,2023-05-18T18:09:14,36.78849,-121.99447,10.4,252.9,511.0,PACIFICA,,WDJ5184,60,,5,15,,,B
367785170,2023-05-19T17:30:55,36.78071,-121.98348,5.8,7.0,511.0,PACIFICA,,WDJ5184,60,,5,15,,,B
367785170,2023-05-19T17:32:24,36.78296,-121.98278,4.2,344.4,511.0,PACIFICA,,WDJ5184,60,,5,15,,,B
367785170,2023-05-19T17:33:27,36.78425,-121.98321,5.1,2.0,511.0,PACIFICA,,WDJ5184,60,,5,15,,,B
367785170,2023-05-19T17:34:28,36.78546,-121.98378,4.7,341.8,511.0,PACIFICA,,WDJ5184,60,,5,15,,,B
367785170,2023-05-19T17:35:55,36.78764,-121.98437,8.7,9.6,511.0,PACIFICA,,WDJ5184,60,,5,15,,,B
367785170,2023-05-19T17:37:29,36.79027,-121.98716,8.5,296.0,511.0,PACIFICA,,WDJ5184,60,,5,15,,,B
367785170,2023-05-19T17:38:56,36.79202,-121.99082,8.5,313.9,511.0,PACIFICA,,WDJ5184,60,,5,15,,,B
367785170,2023-05-19T17:40:25,36.79510,-121.99259,5.9,352.5,511.0,PACIFICA,,WDJ5184,60,,5,15,,,B
367785170,2023-05-19T17:41:54,36.79573,-121.99384,3.8,159.9,511.0,PACIFICA,,WDJ5184,60,,5,15,,,B
367785170,2023-05-19T17:42:55,36.79589,-121.99268,2.4,78.4,511.0,PACIFICA,,WDJ5184,60,,5,15,,,B
367785170,2023-05-19T17:44:25,36.79562,-121.99094,2.2,109.9,511.0,PACIFICA,,WDJ5184,60,,5,15,,,B
367785170,2023-05-19T17:45:27,36.79582,-121.99113,2.7,264.3,511.0,PACIFICA,,WDJ5184,60,,5,15,,,B
367785170,2023-05-19T17:46:56,36.79553,-121.99289,4.0,262.8,511.0,PACIFICA,,WDJ5184,60,,5,15,,,B
367785170,2023-05-19T17:48:25,36.79439,-121.99349,5.0,139.1,511.0,PACIFICA,,WDJ5184,60,,5,15,,,B
367785170,2023-05-19T17:49:55,36.79309,-121.99082,6.4,104.5,511.0,PACIFICA,,WDJ5184,60,,5,15,,,B
367785170,2023-05-19T17:52:24,36.79233,-121.98576,6.9,87.1,511.0,PACIFICA,,WDJ5184,60,,5,15,,,B
367785170,2023-05-19T17:54:25,36.79277,-121.98084,8.9,98.7,511.0,PACIFICA,,WDJ5184,60,,5,15,,,B
367785170,2023-05-19T17:55:54,36.79246,-121.97606,9.3,109.3,511.0,PACIFICA,,WDJ5184,60,,5,15,,,B
367785170,2023-05-19T17:56:55,36.79200,-121.97273,10.4,95.8,511.0,PACIFICA,,WDJ5184,60,,5,15,,,B
367785170,2023-05-19T17:58:25,36.79108,-121.96876,6.0,98.2,511.0,PACIFICA,,WDJ5184,60,,5,15,,,B
367785170,2023-05-19T17:59:54,36.79051,-121.96563,5.5,100.2,511.0,PACIFICA,,WDJ5184,60,,5,15,,,B
367785170,2023-05-19T18:00:25,36.79029,-121.96463,6.1,108.7,511.0,PACIFICA,,WDJ5184,60,,5,15,,,B
367785170,2023-05-19T18:01:55,36.78963,-121.96196,5.2,102.8,511.0,PACIFICA,,WDJ5184,60,,5,15,,,B
367785170,2023-05-19T18:03:26,36.78939,-121.95884,6.3,99.1,511.0,PACIFICA,,WDJ5184,60,,5,15,,,B
367785170,2023-05-19T18:04:55,36.78945,-121.95583,6.3,71.9,511.0,PACIFICA,,WDJ5184,60,,5,15,,,B
367785170,2023-05-19T18:10:55,36.79232,-121.95587,12.8,296.3,511.0,PACIFICA,,WDJ5184,60,,5,15,,,B
367785170,2023-05-19T18:11:57,36.79418,-121.95971,12.7,304.3,511.0,PACIFICA,,WDJ5184,60,,5,15,,,B
367785170,2023-05-19T18:13:24,36.79695,-121.96534,13.5,305.1,511.0,PACIFICA,,WDJ5184,60,,5,15,,,B
367785170,2023-05-19T18:14:25,36.79874,-121.96942,13.8,293.0,511.0,PACIFICA,,WDJ5184,60,,5,15,,,B
367785170,2023-05-19T18:15:55,36.80110,-121.97533,13.0,298.3,511.0,PACIFICA,,WDJ5184,60,,5,15,,,B
367785170,2023-05-19T18:16:56,36.80278,-121.97958,12.7,294.8,511.0,PACIFICA,,WDJ5184,60,,5,15,,,B
367785170,2023-05-19T18:18:58,36.80600,-121.98787,13.4,295.2,511.0,PACIFICA,,WDJ5184,60,,5,15,,,B
367785170,2023-05-19T18:20:25,36.80805,-121.99368,11.2,295.2,511.0,PACIFICA,,WDJ5184,60,,5,15,,,B
367785170,2023-05-19T19:18:21,36.78889,-121.99741,12.5,152.7,511.0,PACIFICA,,WDJ5184,60,,5,15,,,B
367785170,2023-05-19T19:19:52,36.78414,-121.99436,12.0,157.4,511.0,PACIFICA,,WDJ5184,60,,5,15,,,B
367785170,2023-05-19T19:20:55,36.78117,-121.99228,11.2,153.5,511.0,PACIFICA,,WDJ5184,60,,5,15,,,B
367785170,2023-05-21T17:35:34,36.80874,-121.95583,9.5,302.4,511.0,PACIFICA,,WDJ5184,60,,5,15,,,B
367785170,2023-05-21T17:37:01,36.80996,-121.95819,3.8,304.8,511.0,PACIFICA,,WDJ5184,60,,5,15,,,B
367785170,2023-05-21T17:38:31,36.81070,-121.95985,3.9,295.7,511.0,PACIFICA,,WDJ5184,60,,5,15,,,B
367785170,2023-05-21T17:40:00,36.81110,-121.96169,3.8,273.8,511.0,PACIFICA,,WDJ5184,60,,5,15,,,B
367785170,2023-05-21T17:41:04,36.81122,-121.96334,9.0,273.8,511.0,PACIFICA,,WDJ5184,60,,5,15,,,B
367785170,2023-05-21T17:42:31,36.80975,-121.96371,8.7,187.1,511.0,PACIFICA,,WDJ5184,60,,5,15,,,B
367785170,2023-05-21T17:44:01,36.80547,-121.96581,11.2,205.6,511.0,PACIFICA,,WDJ5184,60,,5,15,,,B
367785170,2023-05-21T17:45:02,36.80243,-121.96726,11.3,193.3,511.0,PACIFICA,,WDJ5184,60,,5,15,,,B
367785170,2023-05-21T17:46:30,36.79800,-121.96915,11.4,197.8,511.0,PACIFICA,,WDJ5184,60,,5,15,,,B
367785170,2023-05-21T17:47:31,36.79507,-121.97082,11.1,202.2,511.0,PACIFICA,,WDJ5184,60,,5,15,,,B
367785170,2023-05-21T17:49:01,36.79073,-121.97340,11.1,198.9,511.0,PACIFICA,,WDJ5184,60,,5,15,,,B
367785170,2023-05-21T17:50:31,36.78630,-121.97574,11.7,200.9,511.0,PACIFICA,,WDJ5184,60,,5,15,,,B
367785170,2023-05-21T17:52:01,36.78200,-121.97812,10.2,198.4,511.0,PACIFICA,,WDJ5184,60,,5,15,,,B
367785170,2023-05-21T18:02:00,36.78085,-121.99384,4.6,317.9,511.0,PACIFICA,,WDJ5184,60,,5,15,,,B
367785170,2023-05-21T18:03:01,36.78169,-121.99566,4.4,310.0,511.0,PACIFICA,,WDJ5184,60,,5,15,,,B
367785170,2023-05-21T18:04:30,36.78301,-121.99722,4.1,310.5,511.0,PACIFICA,,WDJ5184,60,,5,15,,,B
367785170,2023-05-21T18:05:35,36.78397,-121.99820,5.6,325.9,511.0,PACIFICA,,WDJ5184,60,,5,15,,,B
367785170,2023-05-25T19:41:58,36.78323,-121.96345,13.3,4.0,511.0,PACIFICA,,WDJ5184,60,,5,15,,,B
367785170,2023-05-25T19:43:28,36.78874,-121.96208,13.3,8.2,511.0,PACIFICA,,WDJ5184,60,,5,15,,,B
367785170,2023-05-25T19:44:58,36.79421,-121.96115,14.6,27.6,511.0,PACIFICA,,WDJ5184,60,,5,15,,,B
367785170,2023-05-25T19:46:28,36.79486,-121.95484,14.9,91.8,511.0,PACIFICA,,WDJ5184,60,,5,15,,,B
367785170,2023-05-29T17:29:19,36.78191,-121.96412,13.8,69.9,511.0,PACIFICA,,WDJ5184,60,,5,15,,,B
367785170,2023-05-29T17:30:49,36.78377,-121.95808,12.1,71.0,511.0,PACIFICA,,WDJ5184,60,,5,15,,,B
367785170,2023-05-29T17:31:50,36.78517,-121.95417,12.5,64.4,511.0,PACIFICA,,WDJ5184,60,,5,15,,,B
338479227,2023-06-08T18:36:03,36.80981,-121.99026,20.9,92.1,511.0,SOME BEACH,,,37,,7,3,,,B
338479227,2023-06-08T18:37:08,36.80957,-121.98239,22.1,90.8,511.0,SOME BEACH,,,37,,7,3,,,B
338479227,2023-06-08T18:38:09,36.80923,-121.97465,22.3,92.7,511.0,SOME BEACH,,,37,,7,3,,,B
338479227,2023-06-08T18:39:18,36.80890,-121.96596,21.8,92.5,511.0,SOME BEACH,,,37,,7,3,,,B
338479227,2023-06-08T18:40:23,36.80862,-121.95788,21.9,92.6,511.0,SOME BEACH,,,37,,7,3,,,B
338479227,2023-07-20T20:49:05,36.79548,-121.97251,18.4,87.4,511.0,SOME BEACH,,,37,,7,3,,,B
338479227,2023-07-20T20:45:21,36.79557,-121.99224,17.0,93.1,511.0,SOME BEACH,,,37,,7,3,,,B
338479227,2023-07-20T20:46:34,36.79551,-121.98572,12.9,82.9,511.0,SOME BEACH,,,37,,7,3,,,B
338479227,2023-07-20T20:47:50,36.79550,-121.97904,14.9,87.3,511.0,SOME BEACH,,,37,,7,3,,,B
338479227,2023-07-20T20:50:19,36.79544,-121.96519,14.0,88.8,511.0,SOME BEACH,,,37,,7,3,,,B
338479227,2023-07-20T20:51:34,36.79539,-121.95995,10.8,87.1,511.0,SOME BEACH,,,37,,7,3,,,B
338479227,2023-07-20T20:52:51,36.79540,-121.95398,15.6,92.2,511.0,SOME BEACH,,,37,,7,3,,,B
367785170,2023-08-10T22:04:13,36.78414,-121.97836,7.1,129.7,511.0,PACIFICA,,WDJ5184,60,,5,15,,,B
367785170,2023-08-10T22:05:44,36.78242,-121.97505,7.9,103.1,511.0,PACIFICA,,WDJ5184,60,,5,15,,,B
367785170,2023-08-10T22:07:15,36.78342,-121.97242,5.8,27.0,511.0,PACIFICA,,WDJ5184,60,,5,15,,,B
367785170,2023-08-10T22:08:43,36.78533,-121.97078,5.7,5.0,511.0,PACIFICA,,WDJ5184,60,,5,15,,,B
367785170,2023-08-10T22:09:45,36.78685,-121.96984,6.8,27.4,511.0,PACIFICA,,WDJ5184,60,,5,15,,,B
367785170,2023-08-10T22:11:13,36.78689,-121.96711,7.5,135.0,511.0,PACIFICA,,WDJ5184,60,,5,15,,,B
367785170,2023-08-10T22:12:44,36.78461,-121.96392,9.7,137.2,511.0,PACIFICA,,WDJ5184,60,,5,15,,,B
367785170,2023-08-10T22:14:15,36.78131,-121.96167,6.6,167.1,511.0,PACIFICA,,WDJ5184,60,,5,15,,,B
367785170,2023-08-10T22:15:43,36.78103,-121.96322,5.3,322.2,511.0,PACIFICA,,WDJ5184,60,,5,15,,,B
367785170,2023-08-10T22:17:13,36.78169,-121.96234,1.6,119.8,511.0,PACIFICA,,WDJ5184,60,,5,15,,,B
367785170,2023-08-10T22:18:46,36.78183,-121.96180,1.6,50.9,511.0,PACIFICA,,WDJ5184,60,,5,15,,,B
367785170,2023-08-10T22:20:14,36.78195,-121.96122,0.6,78.7,511.0,PACIFICA,,WDJ5184,60,,5,15,,,B
367785170,2023-08-10T22:21:44,36.78171,-121.96140,0.5,317.9,511.0,PACIFICA,,WDJ5184,60,,5,15,,,B
367785170,2023-08-10T22:23:13,36.78191,-121.96139,0.3,57.1,511.0,PACIFICA,,WDJ5184,60,,5,15,,,B
367785170,2023-08-10T22:24:43,36.78183,-121.96126,2.4,95.9,511.0,PACIFICA,,WDJ5184,60,,5,15,,,B
367785170,2023-08-10T22:25:44,36.78213,-121.96103,0.6,327.7,511.0,PACIFICA,,WDJ5184,60,,5,15,,,B
367785170,2023-08-10T22:27:14,36.78209,-121.96087,1.4,42.4,511.0,PACIFICA,,WDJ5184,60,,5,15,,,B
367785170,2023-08-10T22:28:43,36.78160,-121.96091,7.5,167.5,511.0,PACIFICA,,WDJ5184,60,,5,15,,,B
367785170,2023-08-10T21:55:43,36.78128,-121.99456,3.2,50.4,511.0,PACIFICA,,WDJ5184,60,,5,15,,,B
367785170,2023-08-10T21:57:13,36.78240,-121.99378,4.5,45.1,511.0,PACIFICA,,WDJ5184,60,,5,15,,,B
367785170,2023-08-10T21:58:15,36.78292,-121.99179,7.3,67.2,511.0,PACIFICA,,WDJ5184,60,,5,15,,,B
367785170,2023-08-10T21:59:46,36.78327,-121.98812,7.2,83.3,511.0,PACIFICA,,WDJ5184,60,,5,15,,,B
367785170,2023-08-10T22:00:14,36.78363,-121.98700,8.0,53.6,511.0,PACIFICA,,WDJ5184,60,,5,15,,,B
367785170,2023-08-10T22:01:16,36.78476,-121.98463,7.7,69.4,511.0,PACIFICA,,WDJ5184,60,,5,15,,,B
367785170,2023-08-10T22:02:44,36.78611,-121.98133,7.5,112.0,511.0,PACIFICA,,WDJ5184,60,,5,15,,,B
368232570,2023-08-16T18:10:19,36.81625,-121.95461,4.9,174.7,511.0,GLORIOUS,,WDM7283,10,,0,0,,,B
368232570,2023-08-16T18:11:49,36.81418,-121.95428,5.5,170.1,511.0,GLORIOUS,,WDM7283,10,,0,0,,,B
368232570,2023-08-16T18:13:20,36.81208,-121.95385,5.0,171.0,511.0,GLORIOUS,,WDM7283,10,,0,0,,,B
367620450,2023-05-28T05:11:50,36.78084,-121.97101,8.2,348.8,511.0,BUONA SERA,,WDH4702,37,,20,,,,B
367620450,2023-05-28T05:13:20,36.78385,-121.97250,7.0,342.0,511.0,BUONA SERA,,WDH4702,37,,20,,,,B
367620450,2023-05-28T05:14:21,36.78591,-121.97335,7.9,336.4,511.0,BUONA SERA,,WDH4702,37,,20,,,,B
367620450,2023-05-28T05:15:51,36.78884,-121.97474,7.8,334.6,511.0,BUONA SERA,,WDH4702,37,,20,,,,B
367620450,2023-05-28T05:17:20,36.79167,-121.97605,8.6,339.4,511.0,BUONA SERA,,WDH4702,37,,20,,,,B
367620450,2023-05-28T05:18:22,36.79371,-121.97684,7.7,346.8,511.0,BUONA SERA,,WDH4702,37,,20,,,,B
367620450,2023-05-28T05:20:21,36.79756,-121.97896,8.6,341.1,511.0,BUONA SERA,,WDH4702,37,,20,,,,B
367620450,2023-05-28T05:21:50,36.80060,-121.98035,8.3,344.9,511.0,BUONA SERA,,WDH4702,37,,20,,,,B
367620450,2023-05-28T05:23:50,36.80462,-121.98223,8.2,339.8,511.0,BUONA SERA,,WDH4702,37,,20,,,,B
367620450,2023-05-28T05:24:51,36.80675,-121.98312,8.1,338.1,511.0,BUONA SERA,,WDH4702,37,,20,,,,B
367620450,2023-05-28T05:26:22,36.80996,-121.98414,7.7,350.5,511.0,BUONA SERA,,WDH4702,37,,20,,,,B
367620450,2023-05-28T05:27:50,36.81288,-121.98510,7.2,345.6,511.0,BUONA SERA,,WDH4702,37,,20,,,,B
366934770,2023-07-10T22:57:33,36.80779,-121.98650,6.7,266.6,511.0,NOAH'S ARK,IMO8938954,WDH9179,30,7,22,6,,30,A
366934770,2023-07-10T22:58:42,36.80774,-121.98923,7.0,266.3,511.0,NOAH'S ARK,IMO8938954,WDH9179,30,7,22,6,,30,A
366934770,2023-07-10T22:59:53,36.80771,-121.99208,6.3,266.0,511.0,NOAH'S ARK,IMO8938954,WDH9179,30,7,22,6,,30,A
366934770,2023-07-10T23:00:02,36.80770,-121.99239,6.7,268.3,511.0,NOAH'S ARK,IMO8938954,WDH9179,30,7,22,6,,30,A
366934770,2023-07-10T23:01:03,36.80765,-121.99490,6.9,271.1,511.0,NOAH'S ARK,IMO8938954,WDH9179,30,7,22,6,,30,A
366934770,2023-07-10T23:02:12,36.80758,-121.99770,6.9,266.0,511.0,NOAH'S ARK,IMO8938954,WDH9179,30,7,22,6,,30,A
366934770,2023-07-10T22:44:33,36.80913,-121.95585,6.9,270.1,511.0,NOAH'S ARK,IMO8938954,WDH9179,30,7,22,6,,30,A
366934770,2023-07-10T22:45:43,36.80908,-121.95864,6.8,271.6,511.0,NOAH'S ARK,IMO8938954,WDH9179,30,7,22,6,,30,A
366934770,2023-07-10T22:46:53,36.80902,-121.96151,6.8,268.7,511.0,NOAH'S ARK,IMO8938954,WDH9179,30,7,22,6,,30,A
366934770,2023-07-10T22:48:03,36.80894,-121.96430,6.1,264.7,511.0,NOAH'S ARK,IMO8938954,WDH9179,30,7,22,6,,30,A
366934770,2023-07-10T22:49:12,36.80878,-121.96701,6.7,267.1,511.0,NOAH'S ARK,IMO8938954,WDH9179,30,7,22,6,,30,A
366934770,2023-07-10T22:50:32,36.80866,-121.97018,7.7,263.5,511.0,NOAH'S ARK,IMO8938954,WDH9179,30,7,22,6,,30,A
366934770,2023-07-10T22:51:42,36.80846,-121.97282,6.7,266.6,511.0,NOAH'S ARK,IMO8938954,WDH9179,30,7,22,6,,30,A
366934770,2023-07-10T22:52:52,36.80832,-121.97572,7.0,264.5,511.0,NOAH'S ARK,IMO8938954,WDH9179,30,7,22,6,,30,A
366934770,2023-07-10T22:54:03,36.80816,-121.97847,6.4,266.0,511.0,NOAH'S ARK,IMO8938954,WDH9179,30,7,22,6,,30,A
366934770,2023-07-10T22:55:12,36.80801,-121.98117,6.7,266.2,511.0,NOAH'S ARK,IMO8938954,WDH9179,30,7,22,6,,30,A
366934770,2023-07-10T22:56:22,36.80788,-121.98390,7.4,264.4,511.0,NOAH'S ARK,IMO8938954,WDH9179,30,7,22,6,,30,A
366934770,2023-03-13T05:33:35,36.81556,-121.97452,7.5,105.0,511.0,NOAH'S ARK,IMO8938954,WDH9179,30,7,22,6,,30,A
366934770,2023-03-13T05:34:44,36.81460,-121.97155,8.1,114.8,511.0,NOAH'S ARK,IMO8938954,WDH9179,30,7,22,6,,30,A
366934770,2023-03-13T05:35:55,36.81364,-121.96859,7.8,114.5,511.0,NOAH'S ARK,IMO8938954,WDH9179,30,7,22,6,,30,A
366934770,2023-03-13T05:37:05,36.81269,-121.96572,7.6,113.4,511.0,NOAH'S ARK,IMO8938954,WDH9179,30,7,22,6,,30,A
366934770,2023-03-13T05:38:14,36.81186,-121.96282,7.3,114.4,511.0,NOAH'S ARK,IMO8938954,WDH9179,30,7,22,6,,30,A
366934770,2023-03-13T05:39:25,36.81098,-121.95978,8.1,107.8,511.0,NOAH'S ARK,IMO8938954,WDH9179,30,7,22,6,,30,A
366934770,2023-03-13T05:40:35,36.81012,-121.95687,7.6,103.8,511.0,NOAH'S ARK,IMO8938954,WDH9179,30,7,22,6,,30,A
366934770,2023-03-13T05:41:44,36.80934,-121.95400,7.8,108.9,511.0,NOAH'S ARK,IMO8938954,WDH9179,30,7,22,6,,30,A
366934770,2023-04-25T13:58:54,36.80302,-121.95537,7.5,265.2,511.0,NOAH'S ARK,IMO8938954,WDH9179,30,7,22,6,,30,A
366934770,2023-04-25T14:00:04,36.80291,-121.95830,7.1,266.5,511.0,NOAH'S ARK,IMO8938954,WDH9179,30,7,22,6,,30,A
366934770,2023-04-25T14:01:13,36.80271,-121.96123,7.4,268.5,511.0,NOAH'S ARK,IMO8938954,WDH9179,30,7,22,6,,30,A
366934770,2023-04-25T14:02:24,36.80254,-121.96427,6.4,262.4,511.0,NOAH'S ARK,IMO8938954,WDH9179,30,7,22,6,,30,A
366934770,2023-04-25T14:03:34,36.80240,-121.96730,8.1,265.0,511.0,NOAH'S ARK,IMO8938954,WDH9179,30,7,22,6,,30,A
366934770,2023-04-25T14:04:44,36.80219,-121.97012,6.7,265.2,511.0,NOAH'S ARK,IMO8938954,WDH9179,30,7,22,6,,30,A
366934770,2023-04-25T14:05:45,36.80210,-121.97280,7.7,266.2,511.0,NOAH'S ARK,IMO8938954,WDH9179,30,7,22,6,,30,A
366934770,2023-04-25T14:06:55,36.80184,-121.97580,7.6,263.8,511.0,NOAH'S ARK,IMO8938954,WDH9179,30,7,22,6,,30,A
366934770,2023-04-25T14:08:05,36.80170,-121.97880,7.3,267.3,511.0,NOAH'S ARK,IMO8938954,WDH9179,30,7,22,6,,30,A
366934770,2023-04-25T14:09:14,36.80142,-121.98175,7.3,266.5,511.0,NOAH'S ARK,IMO8938954,WDH9179,30,7,22,6,,30,A
366934770,2023-04-25T14:10:25,36.80123,-121.98476,7.3,263.2,511.0,NOAH'S ARK,IMO8938954,WDH9179,30,7,22,6,,30,A
366934770,2023-04-25T14:11:34,36.80102,-121.98772,7.2,266.1,511.0,NOAH'S ARK,IMO8938954,WDH9179,30,7,22,6,,30,A
338146249,2023-04-23T19:46:36,36.81381,-121.96439,8.1,166.3,511.0,LIBERTY ROSE,,,37,,13,4,,,B
338146249,2023-04-23T19:47:37,36.81167,-121.96365,8.4,163.4,511.0,LIBERTY ROSE,,,37,,13,4,,,B
338146249,2023-04-23T19:48:38,36.80956,-121.96287,8.0,163.3,511.0,LIBERTY ROSE,,,37,,13,4,,,B
338146249,2023-04-23T19:50:07,36.80645,-121.96176,8.4,166.1,511.0,LIBERTY ROSE,,,37,,13,4,,,B
338146249,2023-04-23T19:51:38,36.80325,-121.96053,7.7,159.6,511.0,LIBERTY ROSE,,,37,,13,4,,,B
338146249,2023-04-23T19:53:06,36.80009,-121.95954,7.9,180.4,511.0,LIBERTY ROSE,,,37,,13,4,,,B
338146249,2023-04-23T19:54:07,36.79794,-121.95888,8.4,150.5,511.0,LIBERTY ROSE,,,37,,13,4,,,B
338146249,2023-04-23T19:55:38,36.79483,-121.95779,7.3,171.3,511.0,LIBERTY ROSE,,,37,,13,4,,,B
338146249,2023-04-23T19:57:06,36.79165,-121.95703,8.3,164.8,511.0,LIBERTY ROSE,,,37,,13,4,,,B
338146249,2023-04-23T19:58:08,36.78952,-121.95617,7.8,163.9,511.0,LIBERTY ROSE,,,37,,13,4,,,B
338146249,2023-04-23T19:59:37,36.78646,-121.95491,8.0,155.9,511.0,LIBERTY ROSE,,,37,,13,4,,,B
338146249,2023-04-23T20:00:36,36.78435,-121.95422,7.2,176.2,511.0,LIBERTY ROSE,,,37,,13,4,,,B
338146249,2023-07-30T18:54:49,36.79243,-121.95508,6.4,162.2,511.0,LIBERTY ROSE,,,37,,13,4,,,B
338146249,2023-07-30T18:56:20,36.78975,-121.95403,6.5,164.6,511.0,LIBERTY ROSE,,,37,,13,4,,,B
338146249,2023-07-30T18:41:49,36.81569,-121.96398,7.4,161.3,511.0,LIBERTY ROSE,,,37,,13,4,,,B
338146249,2023-07-30T18:43:20,36.81282,-121.96292,7.5,160.9,511.0,LIBERTY ROSE,,,37,,13,4,,,B
338146249,2023-07-30T18:44:21,36.81086,-121.96219,6.9,159.8,511.0,LIBERTY ROSE,,,37,,13,4,,,B
338146249,2023-07-30T18:45:49,36.80833,-121.96116,6.8,169.6,511.0,LIBERTY ROSE,,,37,,13,4,,,B
338146249,2023-07-30T18:46:50,36.80639,-121.96046,6.7,168.5,511.0,LIBERTY ROSE,,,37,,13,4,,,B
338146249,2023-07-30T18:48:19,36.80373,-121.95936,6.9,165.9,511.0,LIBERTY ROSE,,,37,,13,4,,,B
338146249,2023-07-30T18:49:49,36.80107,-121.95842,6.3,150.4,511.0,LIBERTY ROSE,,,37,,13,4,,,B
338146249,2023-07-30T18:50:50,36.79940,-121.95772,6.4,160.4,511.0,LIBERTY ROSE,,,37,,13,4,,,B
338146249,2023-07-30T18:52:19,36.79685,-121.95679,6.9,160.3,511.0,LIBERTY ROSE,,,37,,13,4,,,B
338146249,2023-07-30T18:53:20,36.79507,-121.95608,6.6,158.3,511.0,LIBERTY ROSE,,,37,,13,4,,,B
338070033,2023-08-15T17:52:30,36.81514,-121.95783,4.8,166.1,511.0,DELFINI,,,37,,10,,,,B
338070033,2023-08-15T17:53:58,36.81319,-121.95724,4.9,169.2,511.0,DELFINI,,,37,,10,,,,B
338070033,2023-08-15T17:54:59,36.81183,-121.95695,4.6,170.9,511.0,DELFINI,,,37,,10,,,,B
338070033,2023-08-15T17:56:28,36.81034,-121.95659,2.0,172.3,511.0,DELFINI,,,37,,10,,,,B
338070033,2023-08-15T17:57:30,36.81009,-121.95647,0.8,156.7,511.0,DELFINI,,,37,,10,,,,B
338070033,2023-08-15T17:58:59,36.80983,-121.95627,2.3,158.9,511.0,DELFINI,,,37,,10,,,,B
338070033,2023-08-15T18:00:29,36.80856,-121.95569,3.4,163.5,511.0,DELFINI,,,37,,10,,,,B
338070033,2023-08-15T18:01:30,36.80752,-121.95532,3.8,163.7,511.0,DELFINI,,,37,,10,,,,B
338070033,2023-08-15T18:03:28,36.80535,-121.95457,4.7,163.1,511.0,DELFINI,,,37,,10,,,,B
338070033,2023-08-15T18:04:29,36.80400,-121.95413,4.9,164.4,511.0,DELFINI,,,37,,10,,,,B
338070033,2023-08-15T18:05:59,36.80202,-121.95347,4.9,165.6,511.0,DELFINI,,,37,,10,,,,B
369953000,2023-06-15T22:03:47,36.79781,-121.95628,7.8,262.7,511.0,CG ALDER,IMO9271145,NGML,90,0,68,14,4.0,35,A
369953000,2023-06-15T22:04:58,36.79777,-121.95930,7.3,269.2,511.0,CG ALDER,IMO9271145,NGML,90,0,68,14,4.0,35,A
369953000,2023-06-15T22:06:18,36.79761,-121.96266,6.8,269.6,511.0,CG ALDER,IMO9271145,NGML,90,0,68,14,4.0,35,A
369953000,2023-06-15T22:07:27,36.79746,-121.96556,7.1,266.2,511.0,CG ALDER,IMO9271145,NGML,90,0,68,14,4.0,35,A
369953000,2023-06-15T22:08:38,36.79733,-121.96857,7.1,269.4,511.0,CG ALDER,IMO9271145,NGML,90,0,68,14,4.0,35,A
369953000,2023-06-15T22:09:57,36.79714,-121.97189,7.6,264.0,511.0,CG ALDER,IMO9271145,NGML,90,0,68,14,4.0,35,A
369953000,2023-06-15T22:11:08,36.79700,-121.97494,7.6,268.2,511.0,CG ALDER,IMO9271145,NGML,90,0,68,14,4.0,35,A
369953000,2023-06-15T22:12:17,36.79688,-121.97783,7.4,270.5,511.0,CG ALDER,IMO9271145,NGML,90,0,68,14,4.0,35,A
369953000,2023-06-15T22:13:26,36.79679,-121.98081,7.5,265.0,511.0,CG ALDER,IMO9271145,NGML,90,0,68,14,4.0,35,A
369953000,2023-06-15T22:14:38,36.79663,-121.98380,7.9,265.3,511.0,CG ALDER,IMO9271145,NGML,90,0,68,14,4.0,35,A
369953000,2023-06-15T22:15:48,36.79651,-121.98685,7.4,258.5,511.0,CG ALDER,IMO9271145,NGML,90,0,68,14,4.0,35,A
369953000,2023-06-15T22:17:27,36.79629,-121.99101,7.0,266.9,511.0,CG ALDER,IMO9271145,NGML,90,0,68,14,4.0,35,A
369953000,2023-06-15T22:18:38,36.79615,-121.99390,7.3,265.6,511.0,CG ALDER,IMO9271145,NGML,90,0,68,14,4.0,35,A
369953000,2023-06-15T22:19:47,36.79600,-121.99683,7.1,264.0,511.0,CG ALDER,IMO9271145,NGML,90,0,68,14,4.0,35,A
367799990,2023-07-09T22:43:27,36.79072,-121.95524,6.3,343.1,511.0,TIERRA LYNN,,WDJ6664,37,,,,,,B
367799990,2023-07-09T22:44:58,36.79346,-121.95617,6.7,350.4,511.0,TIERRA LYNN,,WDJ6664,37,,,,,,B
367799990,2023-07-09T22:46:27,36.79619,-121.95720,5.7,341.1,511.0,TIERRA LYNN,,WDJ6664,37,,,,,,B
367799990,2023-07-09T22:47:29,36.79800,-121.95788,6.6,342.2,511.0,TIERRA LYNN,,WDJ6664,37,,,,,,B
367799990,2023-07-09T22:48:59,36.80064,-121.95889,5.8,341.3,511.0,TIERRA LYNN,,WDJ6664,37,,,,,,B
367799990,2023-07-09T22:50:28,36.80321,-121.95996,6.0,336.5,511.0,TIERRA LYNN,,WDJ6664,37,,,,,,B
367799990,2023-07-09T22:51:57,36.80587,-121.96105,6.4,338.6,511.0,TIERRA LYNN,,WDJ6664,37,,,,,,B
367799990,2023-07-09T22:52:59,36.80766,-121.96188,6.1,340.9,511.0,TIERRA LYNN,,WDJ6664,37,,,,,,B
367799990,2023-07-09T22:54:28,36.81021,-121.96292,5.8,339.2,511.0,TIERRA LYNN,,WDJ6664,37,,,,,,B
367799990,2023-07-09T22:55:57,36.81283,-121.96401,6.6,338.6,511.0,TIERRA LYNN,,WDJ6664,37,,,,,,B
367799990,2023-07-09T22:56:58,36.81464,-121.96480,6.6,338.5,511.0,TIERRA LYNN,,WDJ6664,37,,,,,,B
367799990,2023-07-10T04:12:29,36.81322,-121.97649,8.7,168.3,511.0,TIERRA LYNN,,WDJ6664,37,,,,,,B
367799990,2023-07-10T04:13:59,36.80979,-121.97561,8.9,171.1,511.0,TIERRA LYNN,,WDJ6664,37,,,,,,B
367799990,2023-07-10T04:15:05,36.80728,-121.97493,8.2,168.5,511.0,TIERRA LYNN,,WDJ6664,37,,,,,,B
367799990,2023-07-10T04:16:31,36.80402,-121.97407,8.9,179.1,511.0,TIERRA LYNN,,WDJ6664,37,,,,,,B
367799990,2023-07-10T04:17:59,36.80078,-121.97315,9.3,166.9,511.0,TIERRA LYNN,,WDJ6664,37,,,,,,B
367799990,2023-07-10T04:19:34,36.79726,-121.97220,8.6,164.9,511.0,TIERRA LYNN,,WDJ6664,37,,,,,,B
367799990,2023-07-10T04:20:58,36.79413,-121.97133,8.5,161.4,511.0,TIERRA LYNN,,WDJ6664,37,,,,,,B
367799990,2023-07-10T04:21:59,36.79195,-121.97051,8.3,158.1,511.0,TIERRA LYNN,,WDJ6664,37,,,,,,B
367799990,2023-07-09T22:41:59,36.78810,-121.95421,6.5,346.9,511.0,TIERRA LYNN,,WDJ6664,37,,,,,,B
367799990,2023-07-10T04:23:00,36.78980,-121.96968,8.0,158.6,511.0,TIERRA LYNN,,WDJ6664,37,,,,,,B
367799990,2023-07-10T04:24:29,36.78670,-121.96843,7.9,161.3,511.0,TIERRA LYNN,,WDJ6664,37,,,,,,B
367799990,2023-07-10T04:25:32,36.78446,-121.96753,7.7,162.6,511.0,TIERRA LYNN,,WDJ6664,37,,,,,,B
367799990,2023-07-10T04:26:58,36.78144,-121.96625,8.4,160.0,511.0,TIERRA LYNN,,WDJ6664,37,,,,,,B
368082290,2023-04-29T20:44:57,36.78153,-121.96817,2.3,344.1,511.0,GODDESS FANTASY,,WDK7216,60,,26,6,,,B
368082290,2023-04-29T20:46:27,36.78204,-121.96840,1.3,329.8,511.0,GODDESS FANTASY,,WDK7216,60,,26,6,,,B
368082290,2023-04-29T20:47:56,36.78255,-121.96853,6.8,324.7,511.0,GODDESS FANTASY,,WDK7216,60,,26,6,,,B
368082290,2023-04-29T20:49:26,36.78580,-121.97249,6.8,327.2,511.0,GODDESS FANTASY,,WDK7216,60,,26,6,,,B
368082290,2023-04-29T20:50:28,36.78674,-121.97379,6.5,285.6,511.0,GODDESS FANTASY,,WDK7216,60,,26,6,,,B
368082290,2023-04-29T20:51:56,36.78761,-121.97479,4.9,323.5,511.0,GODDESS FANTASY,,WDK7216,60,,26,6,,,B
368082290,2023-04-29T20:52:57,36.78846,-121.97580,4.7,308.8,511.0,GODDESS FANTASY,,WDK7216,60,,26,6,,,B
368082290,2023-04-29T20:54:56,36.78940,-121.97768,2.3,276.7,511.0,GODDESS FANTASY,,WDK7216,60,,26,6,,,B
368082290,2023-04-29T20:56:56,36.78985,-121.97868,3.7,303.2,511.0,GODDESS FANTASY,,WDK7216,60,,26,6,,,B
368082290,2023-04-29T20:58:29,36.79126,-121.98014,12.2,350.5,511.0,GODDESS FANTASY,,WDK7216,60,,26,6,,,B
368082290,2023-04-29T20:59:57,36.79487,-121.97891,6.5,336.6,511.0,GODDESS FANTASY,,WDK7216,60,,26,6,,,B
368082290,2023-04-29T21:00:26,36.79563,-121.97902,5.5,0.3,511.0,GODDESS FANTASY,,WDK7216,60,,26,6,,,B
368082290,2023-04-29T21:02:26,36.79570,-121.97383,13.1,114.6,511.0,GODDESS FANTASY,,WDK7216,60,,26,6,,,B
368082290,2023-04-29T21:03:27,36.79412,-121.96969,13.4,123.4,511.0,GODDESS FANTASY,,WDK7216,60,,26,6,,,B
368082290,2023-04-29T21:04:57,36.79192,-121.96345,13.5,107.0,511.0,GODDESS FANTASY,,WDK7216,60,,26,6,,,B
368082290,2023-05-03T17:39:11,36.81559,-121.96379,13.1,231.6,511.0,GODDESS FANTASY,,WDK7216,60,,26,6,,,B
368082290,2023-05-03T17:41:11,36.80937,-121.96644,12.2,192.5,511.0,GODDESS FANTASY,,WDK7216,60,,26,6,,,B
368082290,2023-05-03T17:43:10,36.80552,-121.97041,13.0,261.7,511.0,GODDESS FANTASY,,WDK7216,60,,26,6,,,B
368082290,2023-05-03T17:44:41,36.80423,-121.97587,6.4,250.6,511.0,GODDESS FANTASY,,WDK7216,60,,26,6,,,B
368082290,2023-05-03T17:46:10,36.80395,-121.97728,0.6,311.4,511.0,GODDESS FANTASY,,WDK7216,60,,26,6,,,B
368082290,2023-05-03T17:48:11,36.80377,-121.97817,1.4,255.1,511.0,GODDESS FANTASY,,WDK7216,60,,26,6,,,B
368082290,2023-05-03T17:49:40,36.80372,-121.97890,2.4,241.5,511.0,GODDESS FANTASY,,WDK7216,60,,26,6,,,B
368082290,2023-05-03T17:51:12,36.80246,-121.98037,8.8,239.4,511.0,GODDESS FANTASY,,WDK7216,60,,26,6,,,B
368082290,2023-05-03T17:52:41,36.80057,-121.98430,13.3,312.6,511.0,GODDESS FANTASY,,WDK7216,60,,26,6,,,B
368082290,2023-05-03T17:53:42,36.80386,-121.98638,13.5,328.1,511.0,GODDESS FANTASY,,WDK7216,60,,26,6,,,B
368082290,2023-05-03T17:55:42,36.80546,-121.99428,9.2,264.6,511.0,GODDESS FANTASY,,WDK7216,60,,26,6,,,B
368082290,2023-05-03T17:57:11,36.80498,-121.99681,11.1,232.8,511.0,GODDESS FANTASY,,WDK7216,60,,26,6,,,B
368082290,2023-05-03T18:11:10,36.79454,-121.99753,12.3,113.5,511.0,GODDESS FANTASY,,WDK7216,60,,26,6,,,B
368082290,2023-05-03T18:13:41,36.79119,-121.98782,11.8,122.3,511.0,GODDESS FANTASY,,WDK7216,60,,26,6,,,B
368082290,2023-05-03T18:14:42,36.78945,-121.98419,12.3,108.9,511.0,GODDESS FANTASY,,WDK7216,60,,26,6,,,B
368082290,2023-05-03T18:15:43,36.78886,-121.97997,13.4,93.8,511.0,GODDESS FANTASY,,WDK7216,60,,26,6,,,B
368082290,2023-05-03T18:17:10,36.78718,-121.97415,12.6,113.0,511.0,GODDESS FANTASY,,WDK7216,60,,26,6,,,B
368082290,2023-05-03T18:18:41,36.78712,-121.96820,12.7,61.2,511.0,GODDESS FANTASY,,WDK7216,60,,26,6,,,B
368082290,2023-05-03T18:20:11,36.79053,-121.96327,13.3,72.9,511.0,GODDESS FANTASY,,WDK7216,60,,26,6,,,B
368082290,2023-05-03T18:21:40,36.79218,-121.96008,1.2,5.4,511.0,GODDESS FANTASY,,WDK7216,60,,26,6,,,B
368082290,2023-05-03T18:23:11,36.79375,-121.95944,5.1,6.5,511.0,GODDESS FANTASY,,WDK7216,60,,26,6,,,B
368082290,2023-05-03T18:24:12,36.79475,-121.95975,3.0,317.0,511.0,GODDESS FANTASY,,WDK7216,60,,26,6,,,B
368082290,2023-05-03T18:26:41,36.79485,-121.96019,9.9,90.6,511.0,GODDESS FANTASY,,WDK7216,60,,26,6,,,B
368082290,2023-05-03T18:28:11,36.79396,-121.95495,6.9,88.3,511.0,GODDESS FANTASY,,WDK7216,60,,26,6,,,B
368082290,2023-05-08T17:50:02,36.81397,-121.96146,9.1,144.5,511.0,GODDESS FANTASY,,WDK7216,60,,26,6,,,B
368082290,2023-05-08T17:51:30,36.81178,-121.95825,9.6,114.8,511.0,GODDESS FANTASY,,WDK7216,60,,26,6,,,B
368082290,2023-05-08T17:53:00,36.81091,-121.95560,2.4,111.3,511.0,GODDESS FANTASY,,WDK7216,60,,26,6,,,B
368082290,2023-05-08T17:54:01,36.81080,-121.95513,1.3,90.2,511.0,GODDESS FANTASY,,WDK7216,60,,26,6,,,B
368082290,2023-05-08T17:57:29,36.81118,-121.95573,0.3,270.9,511.0,GODDESS FANTASY,,WDK7216,60,,26,6,,,B
368082290,2023-05-08T17:59:00,36.81136,-121.95646,3.5,300.1,511.0,GODDESS FANTASY,,WDK7216,60,,26,6,,,B
368082290,2023-05-08T18:01:29,36.81159,-121.95843,5.1,224.1,511.0,GODDESS FANTASY,,WDK7216,60,,26,6,,,B
368082290,2023-05-08T18:02:30,36.81089,-121.95884,1.6,209.4,511.0,GODDESS FANTASY,,WDK7216,60,,26,6,,,B
368082290,2023-05-08T18:03:31,36.81054,-121.95902,1.0,208.2,511.0,GODDESS FANTASY,,WDK7216,60,,26,6,,,B
368082290,2023-05-08T18:08:56,36.80963,-121.96047,5.3,239.8,511.0,GODDESS FANTASY,,WDK7216,60,,26,6,,,B
368082290,2023-05-08T18:10:26,36.80923,-121.96255,5.7,278.1,511.0,GODDESS FANTASY,,WDK7216,60,,26,6,,,B
368082290,2023-05-08T18:11:28,36.80955,-121.96380,1.6,291.8,511.0,GODDESS FANTASY,,WDK7216,60,,26,6,,,B
368082290,2023-05-08T18:12:56,36.80974,-121.96427,1.5,285.8,511.0,GODDESS FANTASY,,WDK7216,60,,26,6,,,B
368082290,2023-05-08T18:14:27,36.81106,-121.96633,7.7,303.4,511.0,GODDESS FANTASY,,WDK7216,60,,26,6,,,B
368082290,2023-05-08T18:16:27,36.81230,-121.96820,2.8,313.4,511.0,GODDESS FANTASY,,WDK7216,60,,26,6,,,B
368082290,2023-05-08T18:18:56,36.81454,-121.96947,7.5,199.4,511.0,GODDESS FANTASY,,WDK7216,60,,26,6,,,B
368082290,2023-05-08T18:20:27,36.81196,-121.96994,7.2,229.5,511.0,GODDESS FANTASY,,WDK7216,60,,26,6,,,B
368082290,2023-05-08T18:21:57,36.80906,-121.96991,10.0,110.8,511.0,GODDESS FANTASY,,WDK7216,60,,26,6,,,B
368082290,2023-05-08T18:23:26,36.80916,-121.96400,12.5,97.4,511.0,GODDESS FANTASY,,WDK7216,60,,26,6,,,B
368082290,2023-05-08T18:24:56,36.80869,-121.95732,14.0,91.2,511.0,GODDESS FANTASY,,WDK7216,60,,26,6,,,B
368082290,2023-05-09T17:40:13,36.78931,-121.95659,12.7,227.8,511.0,GODDESS FANTASY,,WDK7216,60,,26,6,,,B
368082290,2023-05-09T17:41:45,36.78589,-121.96160,10.7,229.7,511.0,GODDESS FANTASY,,WDK7216,60,,26,6,,,B
368082290,2023-05-09T17:44:13,36.78243,-121.96729,3.8,236.1,511.0,GODDESS FANTASY,,WDK7216,60,,26,6,,,B
368082290,2023-05-09T17:46:13,36.78166,-121.96810,0.8,231.9,511.0,GODDESS FANTASY,,WDK7216,60,,26,6,,,B
368082290,2023-05-10T17:21:23,36.81066,-121.95873,12.7,281.6,511.0,GODDESS FANTASY,,WDK7216,60,,26,6,,,B
368082290,2023-05-10T17:22:51,36.81177,-121.96482,12.4,296.3,511.0,GODDESS FANTASY,,WDK7216,60,,26,6,,,B
368082290,2023-05-10T17:23:52,36.81273,-121.96896,12.1,273.0,511.0,GODDESS FANTASY,,WDK7216,60,,26,6,,,B
368082290,2023-05-10T17:25:21,36.81322,-121.97528,12.1,287.1,511.0,GODDESS FANTASY,,WDK7216,60,,26,6,,,B
368082290,2023-05-10T17:26:52,36.81522,-121.98112,12.5,292.7,511.0,GODDESS FANTASY,,WDK7216,60,,26,6,,,B
368134480,2023-05-19T20:38:20,36.78200,-121.97754,10.7,333.3,511.0,PRINCESS MONTEREY,,WDI5027,99,15,27,8,0.0,99,A
368134480,2023-05-19T20:39:30,36.78496,-121.97958,10.8,329.5,511.0,PRINCESS MONTEREY,,WDI5027,99,15,27,8,0.0,99,A
368134480,2023-05-19T20:40:40,36.78790,-121.98169,10.3,329.7,511.0,PRINCESS MONTEREY,,WDI5027,99,15,27,8,0.0,99,A
368134480,2023-05-19T20:41:50,36.79082,-121.98376,9.7,329.2,511.0,PRINCESS MONTEREY,,WDI5027,99,15,27,8,0.0,99,A
368134480,2023-05-19T20:43:00,36.79377,-121.98585,10.2,331.6,511.0,PRINCESS MONTEREY,,WDI5027,99,15,27,8,0.0,99,A
368134480,2023-05-19T20:44:11,36.79673,-121.98792,10.1,331.0,511.0,PRINCESS MONTEREY,,WDI5027,99,15,27,8,0.0,99,A
368134480,2023-05-19T20:45:20,36.79967,-121.99005,9.7,330.8,511.0,PRINCESS MONTEREY,,WDI5027,99,15,27,8,0.0,99,A
368134480,2023-05-19T20:46:21,36.80219,-121.99184,10.7,327.7,511.0,PRINCESS MONTEREY,,WDI5027,99,15,27,8,0.0,99,A
368134480,2023-05-19T20:47:31,36.80511,-121.99401,10.4,327.2,511.0,PRINCESS MONTEREY,,WDI5027,99,15,27,8,0.0,99,A
368134480,2023-05-19T20:48:40,36.80795,-121.99616,9.8,314.3,511.0,PRINCESS MONTEREY,,WDI5027,99,15,27,8,0.0,99,A
368134480,2023-05-19T21:22:31,36.80303,-121.99715,11.2,153.4,511.0,PRINCESS MONTEREY,,WDI5027,99,15,27,8,0.0,99,A
368134480,2023-05-19T21:23:40,36.79968,-121.99516,11.6,157.5,511.0,PRINCESS MONTEREY,,WDI5027,99,15,27,8,0.0,99,A
368134480,2023-05-19T21:24:51,36.79622,-121.99306,10.7,152.1,511.0,PRINCESS MONTEREY,,WDI5027,99,15,27,8,0.0,99,A
368134480,2023-05-19T21:26:11,36.79239,-121.99074,11.5,153.5,511.0,PRINCESS MONTEREY,,WDI5027,99,15,27,8,0.0,99,A
368134480,2023-05-19T21:27:29,36.78857,-121.98835,11.2,153.9,511.0,PRINCESS MONTEREY,,WDI5027,99,15,27,8,0.0,99,A
368134480,2023-05-19T21:28:40,36.78520,-121.98632,11.9,158.6,511.0,PRINCESS MONTEREY,,WDI5027,99,15,27,8,0.0,99,A
368134480,2023-05-19T21:29:49,36.78185,-121.98426,11.1,155.0,511.0,PRINCESS MONTEREY,,WDI5027,99,15,27,8,0.0,99,A
368082290,2023-05-21T17:34:11,36.80281,-121.95432,10.0,300.2,511.0,GODDESS FANTASY,,WDK7216,60,,26,6,,,B
368082290,2023-05-21T17:36:10,36.79894,-121.95992,13.1,218.0,511.0,GODDESS FANTASY,,WDK7216,60,,26,6,,,B
368082290,2023-05-21T17:38:09,36.79249,-121.96394,13.1,212.4,511.0,GODDESS FANTASY,,WDK7216,60,,26,6,,,B
368082290,2023-05-21T17:40:39,36.78504,-121.97029,13.1,210.9,511.0,GODDESS FANTASY,,WDK7216,60,,26,6,,,B
368082290,2023-05-21T17:42:12,36.78276,-121.97188,1.4,209.1,511.0,GODDESS FANTASY,,WDK7216,60,,26,6,,,B
368082290,2023-05-21T18:20:40,36.78913,-121.99548,13.1,79.1,511.0,GODDESS FANTASY,,WDK7216,60,,26,6,,,B
368082290,2023-05-21T18:21:42,36.78897,-121.99115,13.2,92.3,511.0,GODDESS FANTASY,,WDK7216,60,,26,6,,,B
368082290,2023-05-21T18:23:09,36.78904,-121.98496,12.8,90.0,511.0,GODDESS FANTASY,,WDK7216,60,,26,6,,,B
368082290,2023-05-21T18:24:41,36.78876,-121.97877,12.5,93.3,511.0,GODDESS FANTASY,,WDK7216,60,,26,6,,,B
368082290,2023-05-21T18:28:39,36.78827,-121.96160,13.5,87.8,511.0,GODDESS FANTASY,,WDK7216,60,,26,6,,,B
368082290,2023-05-21T18:29:41,36.78838,-121.95725,12.9,87.2,511.0,GODDESS FANTASY,,WDK7216,60,,26,6,,,B
368082290,2023-05-23T18:12:17,36.79749,-121.95457,12.0,281.1,511.0,GODDESS FANTASY,,WDK7216,60,,26,6,,,B
368082290,2023-05-23T18:13:46,36.79919,-121.95861,2.6,316.3,511.0,GODDESS FANTASY,,WDK7216,60,,26,6,,,B
368082290,2023-05-23T18:15:16,36.80014,-121.96064,11.8,280.1,511.0,GODDESS FANTASY,,WDK7216,60,,26,6,,,B
368082290,2023-05-23T18:16:48,36.80037,-121.96256,1.1,14.6,511.0,GODDESS FANTASY,,WDK7216,60,,26,6,,,B
368082290,2023-05-23T18:18:17,36.80069,-121.96284,0.4,343.1,511.0,GODDESS FANTASY,,WDK7216,60,,26,6,,,B
368082290,2023-05-23T18:19:47,36.79974,-121.96000,8.8,106.0,511.0,GODDESS FANTASY,,WDK7216,60,,26,6,,,B
368082290,2023-05-23T18:21:16,36.80064,-121.95426,7.1,74.9,511.0,GODDESS FANTASY,,WDK7216,60,,26,6,,,B
368082290,2023-05-23T18:36:12,36.79466,-121.95443,12.5,195.6,511.0,GODDESS FANTASY,,WDK7216,60,,26,6,,,B
368082290,2023-05-23T18:37:42,36.78962,-121.95537,12.4,185.2,511.0,GODDESS FANTASY,,WDK7216,60,,26,6,,,B
368082290,2023-05-23T18:40:12,36.78110,-121.95384,12.6,151.4,511.0,GODDESS FANTASY,,WDK7216,60,,26,6,,,B
368082290,2023-05-26T21:59:10,36.80447,-121.99746,13.9,106.4,511.0,GODDESS FANTASY,,WDK7216,60,,26,6,,,B
368082290,2023-05-26T22:00:10,36.80355,-121.99298,13.2,97.4,511.0,GODDESS FANTASY,,WDK7216,60,,26,6,,,B
368082290,2023-05-26T22:01:12,36.80280,-121.98827,13.6,109.7,511.0,GODDESS FANTASY,,WDK7216,60,,26,6,,,B
368082290,2023-05-26T22:03:41,36.80152,-121.97719,13.6,105.5,511.0,GODDESS FANTASY,,WDK7216,60,,26,6,,,B
368082290,2023-05-26T22:04:42,36.79915,-121.97378,13.0,151.0,511.0,GODDESS FANTASY,,WDK7216,60,,26,6,,,B
368082290,2023-05-26T22:07:10,36.79342,-121.96639,12.8,100.0,511.0,GODDESS FANTASY,,WDK7216,60,,26,6,,,B
368082290,2023-05-26T22:08:12,36.79279,-121.96195,12.8,102.2,511.0,GODDESS FANTASY,,WDK7216,60,,26,6,,,B
368082290,2023-05-26T22:09:42,36.79145,-121.95548,13.5,102.3,511.0,GODDESS FANTASY,,WDK7216,60,,26,6,,,B
368204140,2023-05-27T21:59:22,36.78271,-121.96468,6.7,333.8,332.0,WIND RIVER,,WDM4187,37,,14,4,,,B
368204140,2023-05-27T22:00:22,36.78455,-121.96551,7.1,338.7,333.0,WIND RIVER,,WDM4187,37,,14,4,,,B
368204140,2023-05-27T22:01:57,36.78749,-121.96693,7.4,338.0,332.0,WIND RIVER,,WDM4187,37,,14,4,,,B
368204140,2023-05-27T22:03:22,36.79019,-121.96800,6.8,344.5,336.0,WIND RIVER,,WDM4187,37,,14,4,,,B
368204140,2023-05-27T22:04:54,36.79314,-121.96920,7.3,343.5,332.0,WIND RIVER,,WDM4187,37,,14,4,,,B
368204140,2023-05-27T22:05:55,36.79509,-121.96997,7.4,342.5,333.0,WIND RIVER,,WDM4187,37,,14,4,,,B
368204140,2023-05-27T22:07:23,36.79798,-121.97119,7.8,343.7,332.0,WIND RIVER,,WDM4187,37,,14,4,,,B
368204140,2023-05-27T22:08:55,36.80085,-121.97255,6.9,343.3,332.0,WIND RIVER,,WDM4187,37,,14,4,,,B
368204140,2023-05-27T22:10:26,36.80364,-121.97384,7.1,341.7,331.0,WIND RIVER,,WDM4187,37,,14,4,,,B
368204140,2023-05-27T22:11:55,36.80651,-121.97503,6.9,338.5,333.0,WIND RIVER,,WDM4187,37,,14,4,,,B
368204140,2023-05-27T22:13:26,36.80925,-121.97615,6.0,339.4,331.0,WIND RIVER,,WDM4187,37,,14,4,,,B
368204140,2023-05-27T22:14:56,36.81190,-121.97721,6.4,342.5,334.0,WIND RIVER,,WDM4187,37,,14,4,,,B
368204140,2023-05-27T22:16:27,36.81445,-121.97835,6.7,338.4,330.0,WIND RIVER,,WDM4187,37,,14,4,,,B
368262240,2023-05-31T13:18:27,36.80178,-121.99651,4.8,127.3,511.0,NATASHA,,WDN2451,36,,45,13,,,B
368262240,2023-05-31T13:19:57,36.80042,-121.99485,4.3,121.4,511.0,NATASHA,,WDN2451,36,,45,13,,,B
368262240,2023-05-31T13:21:27,36.79977,-121.99256,5.8,119.9,511.0,NATASHA,,WDN2451,36,,45,13,,,B
368262240,2023-05-31T13:23:00,36.79859,-121.99056,4.5,150.0,511.0,NATASHA,,WDN2451,36,,45,13,,,B
368262240,2023-05-31T13:24:27,36.79688,-121.99000,5.3,110.2,511.0,NATASHA,,WDN2451,36,,45,13,,,B
368262240,2023-05-31T13:25:58,36.79624,-121.98768,5.2,77.1,511.0,NATASHA,,WDN2451,36,,45,13,,,B
368262240,2023-05-31T13:27:29,36.79538,-121.98600,4.4,146.9,511.0,NATASHA,,WDN2451,36,,45,13,,,B
368262240,2023-05-31T13:29:27,36.79385,-121.98387,4.7,125.0,511.0,NATASHA,,WDN2451,36,,45,13,,,B
368262240,2023-05-31T13:30:57,36.79250,-121.98244,5.2,82.2,511.0,NATASHA,,WDN2451,36,,45,13,,,B
368262240,2023-05-31T13:31:59,36.79201,-121.98100,5.6,120.4,511.0,NATASHA,,WDN2451,36,,45,13,,,B
368262240,2023-05-31T13:33:27,36.79087,-121.97944,5.0,150.9,511.0,NATASHA,,WDN2451,36,,45,13,,,B
368262240,2023-05-31T13:34:57,36.78963,-121.97807,4.8,88.5,511.0,NATASHA,,WDN2451,36,,45,13,,,B
368262240,2023-05-31T13:36:27,36.78881,-121.97583,5.3,115.8,511.0,NATASHA,,WDN2451,36,,45,13,,,B
368262240,2023-05-31T13:37:57,36.78709,-121.97464,4.5,155.9,511.0,NATASHA,,WDN2451,36,,45,13,,,B
368262240,2023-05-31T13:39:27,36.78544,-121.97342,4.9,113.2,511.0,NATASHA,,WDN2451,36,,45,13,,,B
368262240,2023-05-31T13:40:57,36.78439,-121.97139,5.2,144.9,511.0,NATASHA,,WDN2451,36,,45,13,,,B
368262240,2023-05-31T13:42:00,36.78322,-121.97046,4.9,126.1,511.0,NATASHA,,WDN2451,36,,45,13,,,B
368262240,2023-05-31T13:43:28,36.78171,-121.96894,4.4,146.1,511.0,NATASHA,,WDN2451,36,,45,13,,,B
338139471,2023-06-06T19:21:50,36.79575,-121.95385,6.3,311.7,301.0,KALIKAT,,,36,,13,4,,,B
338139471,2023-06-06T19:23:50,36.79849,-121.95669,6.4,327.9,318.0,KALIKAT,,,36,,13,4,,,B
338139471,2023-06-06T19:25:19,36.80076,-121.95835,6.3,318.8,317.0,KALIKAT,,,36,,13,4,,,B
338139471,2023-06-06T19:26:20,36.80235,-121.95947,6.5,324.0,322.0,KALIKAT,,,36,,13,4,,,B
338139471,2023-06-06T19:28:20,36.80549,-121.96183,7.0,338.1,331.0,KALIKAT,,,36,,13,4,,,B
338139471,2023-06-06T19:29:21,36.80708,-121.96300,6.6,319.8,318.0,KALIKAT,,,36,,13,4,,,B
338139471,2023-06-06T19:30:51,36.80940,-121.96468,6.0,322.3,316.0,KALIKAT,,,36,,13,4,,,B
338139471,2023-06-06T19:32:50,36.81235,-121.96699,5.9,329.5,334.0,KALIKAT,,,36,,13,4,,,B
338139471,2023-06-06T19:34:20,36.81458,-121.96827,4.9,335.8,338.0,KALIKAT,,,36,,13,4,,,B
368082290,2023-06-20T17:40:46,36.80396,-121.96037,8.1,276.5,511.0,GODDESS FANTASY,,WDK7216,60,,26,6,,,B
368082290,2023-06-20T17:42:45,36.80337,-121.96391,3.6,286.8,511.0,GODDESS FANTASY,,WDK7216,60,,26,6,,,B
368082290,2023-06-20T17:44:17,36.80437,-121.96633,8.0,339.4,511.0,GODDESS FANTASY,,WDK7216,60,,26,6,,,B
368082290,2023-06-20T17:45:46,36.80426,-121.96175,11.9,111.4,511.0,GODDESS FANTASY,,WDK7216,60,,26,6,,,B
368082290,2023-06-20T17:47:17,36.80216,-121.95616,12.1,143.6,511.0,GODDESS FANTASY,,WDK7216,60,,26,6,,,B
368082290,2023-06-20T17:48:19,36.79911,-121.95487,11.2,181.2,511.0,GODDESS FANTASY,,WDK7216,60,,26,6,,,B
368082290,2023-06-20T17:49:46,36.79456,-121.95375,10.7,157.2,511.0,GODDESS FANTASY,,WDK7216,60,,26,6,,,B
368082290,2023-06-22T17:24:45,36.80714,-121.95449,9.3,6.3,511.0,GODDESS FANTASY,,WDK7216,60,,26,6,,,B
368082290,2023-06-22T17:26:46,36.81077,-121.95489,4.3,341.9,511.0,GODDESS FANTASY,,WDK7216,60,,26,6,,,B
368082290,2023-06-22T17:28:47,36.81214,-121.95564,1.5,2.1,511.0,GODDESS FANTASY,,WDK7216,60,,26,6,,,B
368082290,2023-06-22T17:30:15,36.81041,-121.96006,12.5,220.3,511.0,GODDESS FANTASY,,WDK7216,60,,26,6,,,B
368082290,2023-06-22T17:31:45,36.80832,-121.96176,2.1,209.4,511.0,GODDESS FANTASY,,WDK7216,60,,26,6,,,B
368082290,2023-06-22T17:33:44,36.80794,-121.96215,0.6,256.7,511.0,GODDESS FANTASY,,WDK7216,60,,26,6,,,B
368082290,2023-06-22T17:36:42,36.80611,-121.96304,11.1,171.1,511.0,GODDESS FANTASY,,WDK7216,60,,26,6,,,B
368082290,2023-06-22T17:38:41,36.80326,-121.96144,6.3,143.3,511.0,GODDESS FANTASY,,WDK7216,60,,26,6,,,B
368082290,2023-06-22T17:41:10,36.79761,-121.95881,11.5,156.8,511.0,GODDESS FANTASY,,WDK7216,60,,26,6,,,B
368082290,2023-06-22T17:42:39,36.79454,-121.95734,6.4,156.2,511.0,GODDESS FANTASY,,WDK7216,60,,26,6,,,B
368082290,2023-06-22T17:44:10,36.79270,-121.95645,3.9,155.1,511.0,GODDESS FANTASY,,WDK7216,60,,26,6,,,B
368082290,2023-06-22T17:45:42,36.79297,-121.95444,3.5,38.4,511.0,GODDESS FANTASY,,WDK7216,60,,26,6,,,B
368082290,2023-06-22T17:47:12,36.79351,-121.95380,1.3,63.0,511.0,GODDESS FANTASY,,WDK7216,60,,26,6,,,B
368082290,2023-06-22T17:49:09,36.79557,-121.95350,2.4,317.2,511.0,GODDESS FANTASY,,WDK7216,60,,26,6,,,B
368082290,2023-06-22T17:50:11,36.79593,-121.95434,9.8,285.8,511.0,GODDESS FANTASY,,WDK7216,60,,26,6,,,B
368082290,2023-06-22T17:52:09,36.79637,-121.95771,2.0,266.3,511.0,GODDESS FANTASY,,WDK7216,60,,26,6,,,B
368082290,2023-06-22T17:55:41,36.79615,-121.96180,1.8,307.3,511.0,GODDESS FANTASY,,WDK7216,60,,26,6,,,B
368082290,2023-06-22T17:57:10,36.79645,-121.96207,1.2,354.8,511.0,GODDESS FANTASY,,WDK7216,60,,26,6,,,B
368082290,2023-06-22T17:59:10,36.79810,-121.96546,12.7,290.0,511.0,GODDESS FANTASY,,WDK7216,60,,26,6,,,B
368082290,2023-06-22T18:01:10,36.80062,-121.97377,13.0,295.1,511.0,GODDESS FANTASY,,WDK7216,60,,26,6,,,B
368082290,2023-06-22T18:02:41,36.80201,-121.98021,12.3,286.1,511.0,GODDESS FANTASY,,WDK7216,60,,26,6,,,B
368082290,2023-06-22T18:04:10,36.80309,-121.98637,13.1,256.7,511.0,GODDESS FANTASY,,WDK7216,60,,26,6,,,B
368082290,2023-06-22T18:06:10,36.80162,-121.99192,6.4,189.9,511.0,GODDESS FANTASY,,WDK7216,60,,26,6,,,B
368082290,2023-06-22T18:07:43,36.79969,-121.99243,3.8,242.4,511.0,GODDESS FANTASY,,WDK7216,60,,26,6,,,B
368082290,2023-06-22T18:10:09,36.79965,-121.99379,5.1,229.4,511.0,GODDESS FANTASY,,WDK7216,60,,26,6,,,B
368082290,2023-06-22T18:11:10,36.79852,-121.99655,11.0,289.5,511.0,GODDESS FANTASY,,WDK7216,60,,26,6,,,B
368082290,2023-06-22T18:19:40,36.79480,-121.99474,12.1,100.7,511.0,GODDESS FANTASY,,WDK7216,60,,26,6,,,B
368082290,2023-06-22T18:20:41,36.79525,-121.99217,5.4,26.9,511.0,GODDESS FANTASY,,WDK7216,60,,26,6,,,B
368082290,2023-06-22T18:22:10,36.79611,-121.99215,2.0,334.9,511.0,GODDESS FANTASY,,WDK7216,60,,26,6,,,B
368082290,2023-06-22T18:23:40,36.79353,-121.99223,12.8,125.3,511.0,GODDESS FANTASY,,WDK7216,60,,26,6,,,B
368082290,2023-06-22T18:25:10,36.79269,-121.98551,13.2,92.7,511.0,GODDESS FANTASY,,WDK7216,60,,26,6,,,B
368082290,2023-06-22T18:27:09,36.79275,-121.97630,12.9,100.7,511.0,GODDESS FANTASY,,WDK7216,60,,26,6,,,B
368082290,2023-06-22T18:28:11,36.79242,-121.97173,13.4,90.1,511.0,GODDESS FANTASY,,WDK7216,60,,26,6,,,B
368082290,2023-06-22T18:29:41,36.79263,-121.96499,13.1,91.2,511.0,GODDESS FANTASY,,WDK7216,60,,26,6,,,B
368082290,2023-06-22T18:31:10,36.79074,-121.95878,14.9,90.8,511.0,GODDESS FANTASY,,WDK7216,60,,26,6,,,B
368082290,2023-07-04T21:29:14,36.78567,-121.96742,12.8,358.8,511.0,GODDESS FANTASY,,WDK7216,60,,26,6,,,B
368082290,2023-07-04T21:30:16,36.78928,-121.96708,12.6,8.5,511.0,GODDESS FANTASY,,WDK7216,60,,26,6,,,B
368082290,2023-07-04T21:32:14,36.79599,-121.96716,12.4,354.8,511.0,GODDESS FANTASY,,WDK7216,60,,26,6,,,B
368082290,2023-07-06T17:53:20,36.79407,-121.95357,12.6,275.9,511.0,GODDESS FANTASY,,WDK7216,60,,26,6,,,B
368082290,2023-07-06T17:56:52,36.79433,-121.96747,11.1,263.7,511.0,GODDESS FANTASY,,WDK7216,60,,26,6,,,B
368082290,2023-07-06T17:58:21,36.79388,-121.97335,12.2,264.8,511.0,GODDESS FANTASY,,WDK7216,60,,26,6,,,B
368082290,2023-07-04T18:25:49,36.81009,-121.97330,13.1,90.8,511.0,GODDESS FANTASY,,WDK7216,60,,26,6,,,B
368082290,2023-07-04T18:27:18,36.81023,-121.96674,12.2,88.4,511.0,GODDESS FANTASY,,WDK7216,60,,26,6,,,B
368082290,2023-07-04T18:28:48,36.81017,-121.96025,12.7,98.4,511.0,GODDESS FANTASY,,WDK7216,60,,26,6,,,B
368082290,2023-07-04T18:30:18,36.80952,-121.95359,11.8,98.5,511.0,GODDESS FANTASY,,WDK7216,60,,26,6,,,B
368082290,2023-07-04T21:34:14,36.80289,-121.96748,12.1,349.1,511.0,GODDESS FANTASY,,WDK7216,60,,26,6,,,B
368082290,2023-07-04T21:35:44,36.80767,-121.96944,11.9,338.7,511.0,GODDESS FANTASY,,WDK7216,60,,26,6,,,B
368082290,2023-07-04T21:36:45,36.81093,-121.97081,12.2,332.8,511.0,GODDESS FANTASY,,WDK7216,60,,26,6,,,B
368082290,2023-07-04T21:38:14,36.81572,-121.97274,12.2,354.0,511.0,GODDESS FANTASY,,WDK7216,60,,26,6,,,B
368082290,2023-07-06T18:11:20,36.81569,-121.97142,13.8,78.1,511.0,GODDESS FANTASY,,WDK7216,60,,26,6,,,B
368082290,2023-07-03T17:38:00,36.78399,-121.99336,12.6,344.4,511.0,GODDESS FANTASY,,WDK7216,60,,26,6,,,B
368082290,2023-07-03T17:39:32,36.78905,-121.99493,12.7,347.3,511.0,GODDESS FANTASY,,WDK7216,60,,26,6,,,B
368082290,2023-07-03T17:41:01,36.79416,-121.99436,12.6,10.2,511.0,GODDESS FANTASY,,WDK7216,60,,26,6,,,B
368082290,2023-07-03T17:42:29,36.79919,-121.99499,12.6,358.7,511.0,GODDESS FANTASY,,WDK7216,60,,26,6,,,B
368082290,2023-07-03T17:44:59,36.80772,-121.99275,13.1,16.6,511.0,GODDESS FANTASY,,WDK7216,60,,26,6,,,B
368082290,2023-07-03T17:47:30,36.81566,-121.98808,12.6,7.4,511.0,GODDESS FANTASY,,WDK7216,60,,26,6,,,B
368082290,2023-07-04T18:21:20,36.81052,-121.99296,13.1,92.9,511.0,GODDESS FANTASY,,WDK7216,60,,26,6,,,B
368082290,2023-07-04T18:23:19,36.80996,-121.98438,12.9,95.4,511.0,GODDESS FANTASY,,WDK7216,60,,26,6,,,B
368082290,2023-07-04T18:24:48,36.81012,-121.97782,13.2,82.7,511.0,GODDESS FANTASY,,WDK7216,60,,26,6,,,B
368082290,2023-07-06T18:00:21,36.79335,-121.98105,11.3,287.4,511.0,GODDESS FANTASY,,WDK7216,60,,26,6,,,B
368082290,2023-07-06T18:02:50,36.79472,-121.99042,11.2,329.9,511.0,GODDESS FANTASY,,WDK7216,60,,26,6,,,B
368082290,2023-07-06T18:04:20,36.79867,-121.98762,11.9,26.5,511.0,GODDESS FANTASY,,WDK7216,60,,26,6,,,B
368082290,2023-07-06T18:07:21,36.80770,-121.98220,11.3,24.3,511.0,GODDESS FANTASY,,WDK7216,60,,26,6,,,B
388167089,2023-07-13T18:27:06,36.81537,-121.96282,6.1,160.2,511.0,RIFFRIDER,,,37,,0,0,,,B
368082290,2023-07-13T18:03:31,36.80258,-121.98133,2.0,297.9,511.0,GODDESS FANTASY,,WDK7216,60,,26,6,,,B
368082290,2023-07-13T18:24:00,36.80274,-121.97240,13.5,109.4,511.0,GODDESS FANTASY,,WDK7216,60,,26,6,,,B
368082290,2023-07-13T17:41:02,36.79952,-121.97274,2.3,239.7,511.0,GODDESS FANTASY,,WDK7216,60,,26,6,,,B
368082290,2023-07-13T17:43:03,36.79955,-121.97366,1.3,300.3,511.0,GODDESS FANTASY,,WDK7216,60,,26,6,,,B
368082290,2023-07-13T17:45:02,36.79993,-121.97465,1.0,301.5,511.0,GODDESS FANTASY,,WDK7216,60,,26,6,,,B
368082290,2023-07-13T17:47:33,36.79993,-121.97488,0.2,198.6,511.0,GODDESS FANTASY,,WDK7216,60,,26,6,,,B
368082290,2023-07-13T18:25:31,36.80117,-121.96577,12.5,109.4,511.0,GODDESS FANTASY,,WDK7216,60,,26,6,,,B
368082290,2023-07-13T18:27:00,36.79874,-121.95992,14.6,105.0,511.0,GODDESS FANTASY,,WDK7216,60,,26,6,,,B
368082290,2023-07-13T18:28:30,36.79694,-121.95350,12.4,101.1,511.0,GODDESS FANTASY,,WDK7216,60,,26,6,,,B
388167089,2023-07-13T18:37:36,36.79823,-121.95690,6.1,170.4,511.0,RIFFRIDER,,,37,,0,0,,,B
388167089,2023-07-13T18:39:07,36.79571,-121.95604,6.2,164.3,511.0,RIFFRIDER,,,37,,0,0,,,B
388167089,2023-07-13T18:40:37,36.79317,-121.95523,6.6,166.5,511.0,RIFFRIDER,,,37,,0,0,,,B
388167089,2023-07-13T18:43:09,36.78884,-121.95377,6.4,170.2,511.0,RIFFRIDER,,,37,,0,0,,,B
368082290,2023-07-13T17:49:01,36.80041,-121.97588,4.3,301.1,511.0,GODDESS FANTASY,,WDK7216,60,,26,6,,,B
368082290,2023-07-13T17:51:30,36.80089,-121.97672,0.5,127.8,511.0,GODDESS FANTASY,,WDK7216,60,,26,6,,,B
388167089,2023-07-13T18:36:07,36.80077,-121.95774,6.4,169.2,511.0,RIFFRIDER,,,37,,0,0,,,B
368082290,2023-07-13T18:11:04,36.80450,-121.98265,0.2,9.2,511.0,GODDESS FANTASY,,WDK7216,60,,26,6,,,B
368082290,2023-07-13T18:22:31,36.80430,-121.97881,13.5,117.0,511.0,GODDESS FANTASY,,WDK7216,60,,26,6,,,B
368082290,2023-07-13T17:56:30,36.80130,-121.97883,4.4,313.9,511.0,GODDESS FANTASY,,WDK7216,60,,26,6,,,B
368082290,2023-07-13T17:52:31,36.80145,-121.97724,3.0,324.1,511.0,GODDESS FANTASY,,WDK7216,60,,26,6,,,B
368082290,2023-07-13T17:54:30,36.80140,-121.97806,1.5,271.5,511.0,GODDESS FANTASY,,WDK7216,60,,26,6,,,B
368082290,2023-07-13T17:39:02,36.80207,-121.97174,7.6,169.5,511.0,GODDESS FANTASY,,WDK7216,60,,26,6,,,B
368082290,2023-07-13T17:59:30,36.80187,-121.98008,0.6,304.1,511.0,GODDESS FANTASY,,WDK7216,60,,26,6,,,B
368082290,2023-07-13T18:02:00,36.80217,-121.98081,0.7,302.0,511.0,GODDESS FANTASY,,WDK7216,60,,26,6,,,B
368082290,2023-07-13T17:37:32,36.80659,-121.97125,12.9,188.4,511.0,GODDESS FANTASY,,WDK7216,60,,26,6,,,B
368082290,2023-07-13T18:05:31,36.80310,-121.98214,0.9,354.8,511.0,GODDESS FANTASY,,WDK7216,60,,26,6,,,B
368082290,2023-07-13T18:07:02,36.80350,-121.98229,1.7,343.8,511.0,GODDESS FANTASY,,WDK7216,60,,26,6,,,B
368082290,2023-07-13T18:08:30,36.80411,-121.98230,1.1,340.8,511.0,GODDESS FANTASY,,WDK7216,60,,26,6,,,B
368082290,2023-07-13T18:13:03,36.80518,-121.98335,0.9,349.0,511.0,GODDESS FANTASY,,WDK7216,60,,26,6,,,B
368082290,2023-07-13T18:14:31,36.80608,-121.98374,1.1,21.3,511.0,GODDESS FANTASY,,WDK7216,60,,26,6,,,B
368082290,2023-07-13T18:16:01,36.80677,-121.98344,0.7,35.0,511.0,GODDESS FANTASY,,WDK7216,60,,26,6,,,B
368082290,2023-07-13T18:17:32,36.80706,-121.98330,0.7,8.3,511.0,GODDESS FANTASY,,WDK7216,60,,26,6,,,B
368082290,2023-07-13T18:19:30,36.80746,-121.98335,0.3,133.2,511.0,GODDESS FANTASY,,WDK7216,60,,26,6,,,B
368082290,2023-07-13T18:21:02,36.80742,-121.98322,6.1,240.2,511.0,GODDESS FANTASY,,WDK7216,60,,26,6,,,B
388167089,2023-07-13T18:28:37,36.81291,-121.96191,5.9,161.5,511.0,RIFFRIDER,,,37,,0,0,,,B
388167089,2023-07-13T18:30:08,36.81050,-121.96107,5.8,165.1,511.0,RIFFRIDER,,,37,,0,0,,,B
388167089,2023-07-13T18:31:37,36.80810,-121.96023,5.8,162.0,511.0,RIFFRIDER,,,37,,0,0,,,B
388167089,2023-07-13T18:33:36,36.80489,-121.95914,6.0,167.2,511.0,RIFFRIDER,,,37,,0,0,,,B
388167089,2023-07-13T18:34:37,36.80322,-121.95859,6.4,157.6,511.0,RIFFRIDER,,,37,,0,0,,,B
368082290,2023-07-19T17:37:51,36.80761,-121.99600,13.6,21.7,511.0,GODDESS FANTASY,,WDK7216,60,,26,6,,,B
368082290,2023-07-19T17:39:50,36.81496,-121.99486,13.1,8.4,511.0,GODDESS FANTASY,,WDK7216,60,,26,6,,,B
368082290,2023-07-19T17:29:51,36.79303,-121.97594,12.8,276.3,511.0,GODDESS FANTASY,,WDK7216,60,,26,6,,,B
368082290,2023-07-19T17:31:52,36.79435,-121.98469,12.8,281.3,511.0,GODDESS FANTASY,,WDK7216,60,,26,6,,,B
368082290,2023-07-19T17:33:19,36.79493,-121.99099,12.7,278.5,511.0,GODDESS FANTASY,,WDK7216,60,,26,6,,,B
368082290,2023-07-19T17:35:19,36.79850,-121.99770,13.0,334.6,511.0,GODDESS FANTASY,,WDK7216,60,,26,6,,,B
368082290,2023-07-19T17:25:50,36.79156,-121.95811,12.5,277.9,511.0,GODDESS FANTASY,,WDK7216,60,,26,6,,,B
368082290,2023-07-19T17:27:51,36.79238,-121.96712,13.1,278.6,511.0,GODDESS FANTASY,,WDK7216,60,,26,6,,,B
368082290,2023-07-19T17:36:20,36.80219,-121.99784,13.4,11.7,511.0,GODDESS FANTASY,,WDK7216,60,,26,6,,,B
368082290,2023-08-04T20:49:26,36.78945,-121.95950,2.5,272.1,511.0,GODDESS FANTASY,,WDK7216,60,,26,6,,,B
368082290,2023-08-04T20:50:27,36.78938,-121.95991,1.4,276.7,511.0,GODDESS FANTASY,,WDK7216,60,,26,6,,,B
368082290,2023-08-04T20:52:26,36.79066,-121.96100,2.5,328.5,511.0,GODDESS FANTASY,,WDK7216,60,,26,6,,,B
368082290,2023-08-04T20:54:26,36.79176,-121.96178,3.4,2.7,511.0,GODDESS FANTASY,,WDK7216,60,,26,6,,,B
368082290,2023-08-04T20:55:27,36.79202,-121.95945,9.9,86.0,511.0,GODDESS FANTASY,,WDK7216,60,,26,6,,,B
368082290,2023-08-04T20:56:56,36.79343,-121.95426,12.1,62.9,511.0,GODDESS FANTASY,,WDK7216,60,,26,6,,,B
368082290,2023-08-05T20:59:02,36.79489,-121.96045,7.7,188.0,511.0,GODDESS FANTASY,,WDK7216,60,,26,6,,,B
368082290,2023-08-05T21:00:02,36.79381,-121.96101,3.8,198.3,511.0,GODDESS FANTASY,,WDK7216,60,,26,6,,,B
368082290,2023-08-05T21:02:30,36.79202,-121.95978,1.8,146.0,511.0,GODDESS FANTASY,,WDK7216,60,,26,6,,,B
368082290,2023-08-05T21:03:31,36.79174,-121.95942,1.5,113.8,511.0,GODDESS FANTASY,,WDK7216,60,,26,6,,,B
368082290,2023-08-05T21:06:30,36.79249,-121.96298,9.4,36.6,511.0,GODDESS FANTASY,,WDK7216,60,,26,6,,,B
368082290,2023-08-05T21:07:31,36.79292,-121.95862,12.0,90.5,511.0,GODDESS FANTASY,,WDK7216,60,,26,6,,,B
368082290,2023-08-05T21:15:32,36.79409,-121.95706,1.5,216.0,511.0,GODDESS FANTASY,,WDK7216,60,,26,6,,,B
368082290,2023-08-05T21:19:30,36.79334,-121.95979,1.4,199.2,511.0,GODDESS FANTASY,,WDK7216,60,,26,6,,,B
368082290,2023-08-05T21:21:00,36.79418,-121.96048,2.7,26.3,511.0,GODDESS FANTASY,,WDK7216,60,,26,6,,,B
368082290,2023-08-05T21:22:32,36.79434,-121.95985,3.6,68.0,511.0,GODDESS FANTASY,,WDK7216,60,,26,6,,,B
368082290,2023-08-05T21:24:00,36.79380,-121.95655,4.9,93.6,511.0,GODDESS FANTASY,,WDK7216,60,,26,6,,,B
368082290,2023-08-05T21:25:31,36.79352,-121.95355,5.2,102.5,511.0,GODDESS FANTASY,,WDK7216,60,,26,6,,,B
368082290,2023-08-05T20:52:01,36.80142,-121.96761,5.0,14.2,511.0,GODDESS FANTASY,,WDK7216,60,,26,6,,,B
368082290,2023-08-05T20:53:03,36.79965,-121.96779,12.8,142.5,511.0,GODDESS FANTASY,,WDK7216,60,,26,6,,,B
368082290,2023-08-05T20:54:32,36.79616,-121.96475,7.1,88.8,511.0,GODDESS FANTASY,,WDK7216,60,,26,6,,,B
368082290,2023-08-05T20:56:01,36.79657,-121.96251,2.8,97.4,511.0,GODDESS FANTASY,,WDK7216,60,,26,6,,,B
368082290,2023-08-05T20:58:01,36.79572,-121.96115,1.4,153.3,511.0,GODDESS FANTASY,,WDK7216,60,,26,6,,,B
368082290,2023-08-05T18:11:34,36.81352,-121.97514,11.4,213.7,511.0,GODDESS FANTASY,,WDK7216,60,,26,6,,,B
368082290,2023-08-05T18:14:36,36.80736,-121.97895,3.7,210.0,511.0,GODDESS FANTASY,,WDK7216,60,,26,6,,,B
368082290,2023-08-05T18:24:05,36.80692,-121.97614,9.9,7.3,511.0,GODDESS FANTASY,,WDK7216,60,,26,6,,,B
368082290,2023-08-05T18:27:34,36.80688,-121.96718,12.6,119.9,511.0,GODDESS FANTASY,,WDK7216,60,,26,6,,,B
368082290,2023-08-05T20:40:32,36.81210,-121.95900,1.8,215.8,511.0,GODDESS FANTASY,,WDK7216,60,,26,6,,,B
368082290,2023-08-05T20:43:01,36.81100,-121.96016,10.4,268.7,511.0,GODDESS FANTASY,,WDK7216,60,,26,6,,,B
368082290,2023-08-05T20:44:32,36.81040,-121.96380,4.0,257.5,511.0,GODDESS FANTASY,,WDK7216,60,,26,6,,,B
368082290,2023-08-05T20:46:00,36.81005,-121.96515,4.7,262.9,511.0,GODDESS FANTASY,,WDK7216,60,,26,6,,,B
368082290,2023-08-05T20:49:02,36.80747,-121.96942,11.7,193.9,511.0,GODDESS FANTASY,,WDK7216,60,,26,6,,,B
368082290,2023-08-05T18:20:35,36.80330,-121.97770,1.7,118.6,511.0,GODDESS FANTASY,,WDK7216,60,,26,6,,,B
368082290,2023-08-05T18:21:37,36.80333,-121.97719,1.0,65.8,511.0,GODDESS FANTASY,,WDK7216,60,,26,6,,,B
368082290,2023-08-05T18:16:34,36.80529,-121.97900,3.5,171.6,511.0,GODDESS FANTASY,,WDK7216,60,,26,6,,,B
368082290,2023-08-05T18:30:04,36.80526,-121.95702,13.0,107.9,511.0,GODDESS FANTASY,,WDK7216,60,,26,6,,,B
368082290,2023-08-08T17:55:48,36.78433,-121.95426,1.7,196.3,511.0,GODDESS FANTASY,,WDK7216,60,,26,6,,,B
338238827,2023-08-10T21:56:49,36.79232,-121.95703,4.1,90.8,511.0,SUNRA,,WDF7784,30,,14,2,,,B
338238827,2023-08-10T21:57:51,36.79274,-121.95780,4.8,273.1,511.0,SUNRA,,WDF7784,30,,14,2,,,B
338238827,2023-08-10T21:59:19,36.79363,-121.96030,6.1,297.7,511.0,SUNRA,,WDF7784,30,,14,2,,,B
338238827,2023-08-10T22:00:48,36.79489,-121.96320,6.6,288.0,511.0,SUNRA,,WDF7784,30,,14,2,,,B
338238827,2023-08-10T22:02:19,36.79392,-121.96604,6.4,267.3,511.0,SUNRA,,WDF7784,30,,14,2,,,B
338238827,2023-08-10T22:03:50,36.79344,-121.96663,4.0,15.5,511.0,SUNRA,,WDF7784,30,,14,2,,,B
338238827,2023-08-10T22:05:18,36.79449,-121.96393,6.3,64.9,511.0,SUNRA,,WDF7784,30,,14,2,,,B
338238827,2023-08-10T22:06:19,36.79532,-121.96198,6.8,58.8,511.0,SUNRA,,WDF7784,30,,14,2,,,B
338238827,2023-08-10T22:08:19,36.79683,-121.95979,2.9,229.1,511.0,SUNRA,,WDF7784,30,,14,2,,,B
338238827,2023-08-10T22:09:49,36.79558,-121.96105,2.7,213.7,511.0,SUNRA,,WDF7784,30,,14,2,,,B
338238827,2023-08-10T22:10:50,36.79531,-121.96164,3.1,211.2,511.0,SUNRA,,WDF7784,30,,14,2,,,B
338238827,2023-08-10T22:12:18,36.79532,-121.95955,6.1,92.7,511.0,SUNRA,,WDF7784,30,,14,2,,,B
338238827,2023-08-10T22:13:49,36.79535,-121.95649,5.8,90.2,511.0,SUNRA,,WDF7784,30,,14,2,,,B
338238827,2023-08-10T22:15:21,36.79538,-121.95340,6.1,84.1,511.0,SUNRA,,WDF7784,30,,14,2,,,B
368082290,2023-08-12T18:01:32,36.78205,-121.96551,5.4,7.5,511.0,GODDESS FANTASY,,WDK7216,60,,26,6,,,B
368082290,2023-08-12T18:04:00,36.78465,-121.96586,2.1,4.3,511.0,GODDESS FANTASY,,WDK7216,60,,26,6,,,B
368082290,2023-08-12T18:05:29,36.78603,-121.96590,3.7,0.9,511.0,GODDESS FANTASY,,WDK7216,60,,26,6,,,B
368082290,2023-08-12T18:06:33,36.78743,-121.96793,9.5,283.9,511.0,GODDESS FANTASY,,WDK7216,60,,26,6,,,B
368082290,2023-08-12T18:08:00,36.78791,-121.96981,2.4,284.6,511.0,GODDESS FANTASY,,WDK7216,60,,26,6,,,B
368082290,2023-08-12T18:09:29,36.78814,-121.97030,1.1,20.8,511.0,GODDESS FANTASY,,WDK7216,60,,26,6,,,B
368082290,2023-08-12T18:10:33,36.78836,-121.97019,2.3,7.1,511.0,GODDESS FANTASY,,WDK7216,60,,26,6,,,B
368082290,2023-08-12T18:11:59,36.79100,-121.96742,5.0,353.7,511.0,GODDESS FANTASY,,WDK7216,60,,26,6,,,B
368082290,2023-08-12T18:13:30,36.79204,-121.96796,2.9,340.5,511.0,GODDESS FANTASY,,WDK7216,60,,26,6,,,B
368082290,2023-08-12T18:15:29,36.79404,-121.96899,4.1,339.5,511.0,GODDESS FANTASY,,WDK7216,60,,26,6,,,B
368082290,2023-08-12T18:17:00,36.79530,-121.96947,2.5,345.8,511.0,GODDESS FANTASY,,WDK7216,60,,26,6,,,B
368082290,2023-08-12T18:18:29,36.79668,-121.96964,6.4,5.8,511.0,GODDESS FANTASY,,WDK7216,60,,26,6,,,B
368082290,2023-08-12T18:19:30,36.79812,-121.96647,12.4,87.0,511.0,GODDESS FANTASY,,WDK7216,60,,26,6,,,B
368082290,2023-08-12T18:21:31,36.79897,-121.95760,13.5,86.4,511.0,GODDESS FANTASY,,WDK7216,60,,26,6,,,B
368082290,2023-08-12T20:56:55,36.80944,-121.95550,5.4,249.1,511.0,GODDESS FANTASY,,WDK7216,60,,26,6,,,B
368082290,2023-08-12T20:58:55,36.81043,-121.96107,12.1,272.7,511.0,GODDESS FANTASY,,WDK7216,60,,26,6,,,B
368082290,2023-08-12T20:59:56,36.81042,-121.96521,12.1,276.4,511.0,GODDESS FANTASY,,WDK7216,60,,26,6,,,B
368082290,2023-08-12T21:00:27,36.81050,-121.96743,12.2,273.0,511.0,GODDESS FANTASY,,WDK7216,60,,26,6,,,B
368082290,2023-08-12T21:02:25,36.81127,-121.97132,1.8,320.6,511.0,GODDESS FANTASY,,WDK7216,60,,26,6,,,B
368082290,2023-08-12T21:03:55,36.81301,-121.97507,3.3,331.1,511.0,GODDESS FANTASY,,WDK7216,60,,26,6,,,B
368082290,2023-08-12T21:04:56,36.81387,-121.97554,6.6,337.0,511.0,GODDESS FANTASY,,WDK7216,60,,26,6,,,B
368082290,2023-08-12T21:06:57,36.81329,-121.97690,11.1,179.2,511.0,GODDESS FANTASY,,WDK7216,60,,26,6,,,B
368082290,2023-08-12T21:08:26,36.80958,-121.97746,3.3,169.0,511.0,GODDESS FANTASY,,WDK7216,60,,26,6,,,B
368082290,2023-08-12T21:09:55,36.80892,-121.97686,1.9,99.2,511.0,GODDESS FANTASY,,WDK7216,60,,26,6,,,B
368082290,2023-08-12T21:10:56,36.80850,-121.97646,3.9,169.9,511.0,GODDESS FANTASY,,WDK7216,60,,26,6,,,B
368082290,2023-08-12T21:12:25,36.80675,-121.97735,1.1,174.4,511.0,GODDESS FANTASY,,WDK7216,60,,26,6,,,B
368082290,2023-08-12T21:14:25,36.80617,-121.97647,5.3,65.7,511.0,GODDESS FANTASY,,WDK7216,60,,26,6,,,B
368082290,2023-08-12T21:15:55,36.80676,-121.97584,1.2,59.9,511.0,GODDESS FANTASY,,WDK7216,60,,26,6,,,B
368082290,2023-08-12T21:17:26,36.80693,-121.97550,0.4,57.7,511.0,GODDESS FANTASY,,WDK7216,60,,26,6,,,B
368082290,2023-08-12T21:18:27,36.80702,-121.97524,0.9,60.1,511.0,GODDESS FANTASY,,WDK7216,60,,26,6,,,B
368082290,2023-08-12T21:19:55,36.80722,-121.97487,1.0,30.7,511.0,GODDESS FANTASY,,WDK7216,60,,26,6,,,B
368082290,2023-08-12T21:20:56,36.80759,-121.97529,1.7,253.8,511.0,GODDESS FANTASY,,WDK7216,60,,26,6,,,B
368082290,2023-08-12T21:22:55,36.80779,-121.97524,1.3,56.0,511.0,GODDESS FANTASY,,WDK7216,60,,26,6,,,B
368082290,2023-08-12T21:23:56,36.80799,-121.97502,3.0,8.2,511.0,GODDESS FANTASY,,WDK7216,60,,26,6,,,B
368082290,2023-08-12T21:25:55,36.80768,-121.97270,12.6,88.6,511.0,GODDESS FANTASY,,WDK7216,60,,26,6,,,B
368082290,2023-08-12T21:26:57,36.80780,-121.96802,12.9,91.4,511.0,GODDESS FANTASY,,WDK7216,60,,26,6,,,B
368082290,2023-08-12T21:28:55,36.80780,-121.95942,12.4,89.5,511.0,GODDESS FANTASY,,WDK7216,60,,26,6,,,B
368082290,2023-08-15T20:46:33,36.80752,-121.98176,13.2,271.5,511.0,GODDESS FANTASY,,WDK7216,60,,26,6,,,B
368082290,2023-08-15T20:48:02,36.80783,-121.98760,8.7,286.1,511.0,GODDESS FANTASY,,WDK7216,60,,26,6,,,B
368082290,2023-08-15T20:49:32,36.80894,-121.99008,2.5,321.4,511.0,GODDESS FANTASY,,WDK7216,60,,26,6,,,B
368082290,2023-08-15T20:51:02,36.80956,-121.99034,1.6,5.0,511.0,GODDESS FANTASY,,WDK7216,60,,26,6,,,B
368082290,2023-08-15T20:52:03,36.81038,-121.99067,3.8,350.4,511.0,GODDESS FANTASY,,WDK7216,60,,26,6,,,B
368082290,2023-08-15T20:54:02,36.81103,-121.99028,1.3,55.7,511.0,GODDESS FANTASY,,WDK7216,60,,26,6,,,B
368082290,2023-08-15T20:55:33,36.81113,-121.98991,0.5,68.6,511.0,GODDESS FANTASY,,WDK7216,60,,26,6,,,B
368082290,2023-08-15T20:58:33,36.81130,-121.98912,1.0,83.4,511.0,GODDESS FANTASY,,WDK7216,60,,26,6,,,B
368082290,2023-08-15T21:00:00,36.81277,-121.99134,9.7,294.3,511.0,GODDESS FANTASY,,WDK7216,60,,26,6,,,B
368082290,2023-08-15T21:02:58,36.81424,-121.99519,0.5,342.1,511.0,GODDESS FANTASY,,WDK7216,60,,26,6,,,B
368082290,2023-08-15T21:03:59,36.81440,-121.99507,2.1,299.5,511.0,GODDESS FANTASY,,WDK7216,60,,26,6,,,B
368082290,2023-08-15T20:43:33,36.80648,-121.96856,13.0,279.8,511.0,GODDESS FANTASY,,WDK7216,60,,26,6,,,B
368082290,2023-08-16T20:49:58,36.80800,-121.96559,3.1,270.7,511.0,GODDESS FANTASY,,WDK7216,60,,26,6,,,B
368082290,2023-08-16T20:51:27,36.80874,-121.96744,5.3,305.5,511.0,GODDESS FANTASY,,WDK7216,60,,26,6,,,B
368082290,2023-08-16T20:52:28,36.80968,-121.96908,6.6,301.8,511.0,GODDESS FANTASY,,WDK7216,60,,26,6,,,B
368082290,2023-08-16T20:53:57,36.81118,-121.96963,8.6,35.0,511.0,GODDESS FANTASY,,WDK7216,60,,26,6,,,B
368082290,2023-08-16T20:55:27,36.81409,-121.96710,3.9,33.2,511.0,GODDESS FANTASY,,WDK7216,60,,26,6,,,B
368082290,2023-08-15T18:12:16,36.81533,-121.95524,9.3,336.8,511.0,GODDESS FANTASY,,WDK7216,60,,26,6,,,B
368082290,2023-08-15T18:18:46,36.81494,-121.95910,2.5,177.5,511.0,GODDESS FANTASY,,WDK7216,60,,26,6,,,B
368082290,2023-08-15T18:20:46,36.81431,-121.95893,3.7,178.9,511.0,GODDESS FANTASY,,WDK7216,60,,26,6,,,B
368082290,2023-08-15T18:21:48,36.81528,-121.95889,6.0,52.1,511.0,GODDESS FANTASY,,WDK7216,60,,26,6,,,B
368082290,2023-08-15T18:23:16,36.81615,-121.95769,2.2,31.6,511.0,GODDESS FANTASY,,WDK7216,60,,26,6,,,B
368082290,2023-08-15T20:40:03,36.80413,-121.95431,7.4,274.2,511.0,GODDESS FANTASY,,WDK7216,60,,26,6,,,B
368082290,2023-08-15T20:42:04,36.80541,-121.96231,12.8,287.4,511.0,GODDESS FANTASY,,WDK7216,60,,26,6,,,B
368082290,2023-08-16T20:43:57,36.80821,-121.95646,7.3,240.2,511.0,GODDESS FANTASY,,WDK7216,60,,26,6,,,B
368082290,2023-08-16T20:46:28,36.80715,-121.96023,2.8,292.4,511.0,GODDESS FANTASY,,WDK7216,60,,26,6,,,B
368082290,2023-08-16T21:08:57,36.81542,-121.96292,12.7,121.5,511.0,GODDESS FANTASY,,WDK7216,60,,26,6,,,B
368082290,2023-08-16T21:10:57,36.81312,-121.95637,3.4,141.8,511.0,GODDESS FANTASY,,WDK7216,60,,26,6,,,B
368082290,2023-08-16T21:13:57,36.81336,-121.95489,2.6,19.9,511.0,GODDESS FANTASY,,WDK7216,60,,26,6,,,B
368082290,2023-08-16T21:15:28,36.81489,-121.95390,6.5,51.1,511.0,GODDESS FANTASY,,WDK7216,60,,26,6,,,B
368082290,2023-08-15T21:05:58,36.81592,-121.99709,4.8,328.8,511.0,GODDESS FANTASY,,WDK7216,60,,26,6,,,B
367398620,2023-06-08T15:12:05,36.78184,-121.98871,5.5,338.2,511.0,OSPREY,,WDE7862,37,,10,3,,,B
367398620,2023-06-08T15:13:36,36.78401,-121.98987,5.4,335.9,511.0,OSPREY,,WDE7862,37,,10,3,,,B
367398620,2023-06-08T15:14:38,36.78551,-121.99064,5.8,340.5,511.0,OSPREY,,WDE7862,37,,10,3,,,B
367398620,2023-06-08T15:16:04,36.78761,-121.99182,5.4,336.2,511.0,OSPREY,,WDE7862,37,,10,3,,,B
367398620,2023-06-08T15:17:37,36.78984,-121.99299,6.0,336.4,511.0,OSPREY,,WDE7862,37,,10,3,,,B
367398620,2023-06-08T15:19:04,36.79190,-121.99406,5.6,336.4,511.0,OSPREY,,WDE7862,37,,10,3,,,B
367398620,2023-06-08T15:20:34,36.79407,-121.99521,5.4,335.6,511.0,OSPREY,,WDE7862,37,,10,3,,,B
367398620,2023-06-08T15:21:36,36.79552,-121.99601,5.4,334.4,511.0,OSPREY,,WDE7862,37,,10,3,,,B
367398620,2023-06-08T15:23:05,36.79758,-121.99712,5.3,333.6,511.0,OSPREY,,WDE7862,37,,10,3,,,B
368134480,2023-05-21T17:35:01,36.80410,-121.95464,11.1,307.9,511.0,PRINCESS MONTEREY,,WDI5027,99,15,27,8,0.0,99,A
368134480,2023-05-21T17:36:10,36.80639,-121.95770,7.1,311.2,511.0,PRINCESS MONTEREY,,WDI5027,99,15,27,8,0.0,99,A
368134480,2023-05-21T17:37:11,36.80775,-121.95939,5.5,309.7,511.0,PRINCESS MONTEREY,,WDI5027,99,15,27,8,0.0,99,A
368134480,2023-05-21T17:38:30,36.80837,-121.96092,3.5,282.4,511.0,PRINCESS MONTEREY,,WDI5027,99,15,27,8,0.0,99,A
368134480,2023-05-21T17:39:41,36.80880,-121.96219,2.5,297.9,511.0,PRINCESS MONTEREY,,WDI5027,99,15,27,8,0.0,99,A
368134480,2023-05-21T17:40:50,36.80929,-121.96350,9.0,276.7,511.0,PRINCESS MONTEREY,,WDI5027,99,15,27,8,0.0,99,A
368134480,2023-05-21T17:42:00,36.80911,-121.96762,10.1,273.4,511.0,PRINCESS MONTEREY,,WDI5027,99,15,27,8,0.0,99,A
368134480,2023-05-21T17:43:01,36.80915,-121.97031,6.3,270.4,511.0,PRINCESS MONTEREY,,WDI5027,99,15,27,8,0.0,99,A
368134480,2023-05-21T17:44:11,36.80874,-121.97264,9.2,205.3,511.0,PRINCESS MONTEREY,,WDI5027,99,15,27,8,0.0,99,A
368134480,2023-05-21T17:45:20,36.80548,-121.97154,11.7,161.8,511.0,PRINCESS MONTEREY,,WDI5027,99,15,27,8,0.0,99,A
368134480,2023-05-21T17:46:31,36.80182,-121.97000,11.5,158.4,511.0,PRINCESS MONTEREY,,WDI5027,99,15,27,8,0.0,99,A
368134480,2023-05-21T17:47:41,36.79832,-121.96854,12.0,158.6,511.0,PRINCESS MONTEREY,,WDI5027,99,15,27,8,0.0,99,A
368134480,2023-05-21T17:48:50,36.79480,-121.96703,11.5,162.1,511.0,PRINCESS MONTEREY,,WDI5027,99,15,27,8,0.0,99,A
368134480,2023-05-21T17:50:01,36.79124,-121.96551,11.6,159.7,511.0,PRINCESS MONTEREY,,WDI5027,99,15,27,8,0.0,99,A
368134480,2023-05-21T17:51:10,36.78775,-121.96401,12.2,157.0,511.0,PRINCESS MONTEREY,,WDI5027,99,15,27,8,0.0,99,A
368134480,2023-05-21T17:52:21,36.78414,-121.96250,11.9,162.3,511.0,PRINCESS MONTEREY,,WDI5027,99,15,27,8,0.0,99,A
368134480,2023-05-21T17:53:31,36.78054,-121.96096,11.7,163.8,511.0,PRINCESS MONTEREY,,WDI5027,99,15,27,8,0.0,99,A
367439280,2023-04-17T16:38:49,36.79036,-121.95566,5.7,174.1,511.0,SEA WOLF II,,WDF3386,60,,18,5,,,B
367439280,2023-04-17T16:40:18,36.78903,-121.95429,2.3,110.1,511.0,SEA WOLF II,,WDF3386,60,,18,5,,,B
367439280,2023-04-17T16:41:48,36.78881,-121.95383,0.9,131.1,511.0,SEA WOLF II,,WDF3386,60,,18,5,,,B
367439280,2023-04-17T16:43:17,36.78865,-121.95346,2.9,25.8,511.0,SEA WOLF II,,WDF3386,60,,18,5,,,B
367439280,2023-04-17T16:44:47,36.78860,-121.95529,7.5,278.0,511.0,SEA WOLF II,,WDF3386,60,,18,5,,,B
367439280,2023-04-17T16:46:18,36.78855,-121.95944,7.4,262.6,511.0,SEA WOLF II,,WDF3386,60,,18,5,,,B
367439280,2023-04-17T16:47:47,36.78897,-121.96339,8.7,291.9,511.0,SEA WOLF II,,WDF3386,60,,18,5,,,B
367439280,2023-04-17T16:49:18,36.79091,-121.96672,8.6,280.4,511.0,SEA WOLF II,,WDF3386,60,,18,5,,,B
367439280,2023-04-17T16:50:49,36.79301,-121.96947,8.1,328.3,511.0,SEA WOLF II,,WDF3386,60,,18,5,,,B
367439280,2023-04-17T16:52:17,36.79522,-121.97233,8.2,302.9,511.0,SEA WOLF II,,WDF3386,60,,18,5,,,B
367439280,2023-04-17T16:53:18,36.79670,-121.97441,8.0,311.0,511.0,SEA WOLF II,,WDF3386,60,,18,5,,,B
367439280,2023-04-17T16:54:49,36.79943,-121.97665,8.0,326.2,511.0,SEA WOLF II,,WDF3386,60,,18,5,,,B
367439280,2023-04-17T16:56:17,36.80232,-121.97852,8.3,337.5,511.0,SEA WOLF II,,WDF3386,60,,18,5,,,B
367439280,2023-04-17T16:57:20,36.80442,-121.97968,7.8,331.9,511.0,SEA WOLF II,,WDF3386,60,,18,5,,,B
367439280,2023-04-17T16:58:47,36.80737,-121.98118,8.1,339.6,511.0,SEA WOLF II,,WDF3386,60,,18,5,,,B
367439280,2023-04-17T17:00:17,36.81048,-121.98270,7.3,335.9,511.0,SEA WOLF II,,WDF3386,60,,18,5,,,B
367439280,2023-04-17T17:01:48,36.81360,-121.98410,8.3,338.9,511.0,SEA WOLF II,,WDF3386,60,,18,5,,,B
367439280,2023-04-17T21:38:48,36.78418,-121.95372,4.4,279.0,511.0,SEA WOLF II,,WDF3386,60,,18,5,,,B
367439280,2023-04-17T21:40:17,36.78428,-121.95684,7.1,259.2,511.0,SEA WOLF II,,WDF3386,60,,18,5,,,B
367439280,2023-04-17T21:41:47,36.78204,-121.95649,10.1,133.7,511.0,SEA WOLF II,,WDF3386,60,,18,5,,,B
367439280,2023-04-18T20:08:28,36.81579,-121.95625,11.6,160.7,511.0,SEA WOLF II,,WDF3386,60,,18,5,,,B
367439280,2023-04-18T20:09:56,36.81138,-121.95397,12.2,155.4,511.0,SEA WOLF II,,WDF3386,60,,18,5,,,B
367439280,2023-04-19T17:53:09,36.78959,-121.95355,4.0,272.0,511.0,SEA WOLF II,,WDF3386,60,,18,5,,,B
367439280,2023-04-19T17:54:10,36.78978,-121.95444,0.6,225.2,511.0,SEA WOLF II,,WDF3386,60,,18,5,,,B
367439280,2023-04-19T17:55:40,36.78956,-121.95462,0.5,144.4,511.0,SEA WOLF II,,WDF3386,60,,18,5,,,B
367439280,2023-04-19T17:57:09,36.78887,-121.95523,3.6,235.2,511.0,SEA WOLF II,,WDF3386,60,,18,5,,,B
367439280,2023-04-19T17:58:40,36.78864,-121.95558,1.6,112.2,511.0,SEA WOLF II,,WDF3386,60,,18,5,,,B
367439280,2023-04-19T17:59:43,36.78856,-121.95518,0.9,169.6,511.0,SEA WOLF II,,WDF3386,60,,18,5,,,B
367439280,2023-04-19T18:00:42,36.78847,-121.95538,1.6,347.1,511.0,SEA WOLF II,,WDF3386,60,,18,5,,,B
367439280,2023-04-19T18:02:11,36.78914,-121.95419,2.8,84.5,511.0,SEA WOLF II,,WDF3386,60,,18,5,,,B
367439280,2023-04-19T18:32:10,36.78741,-121.95655,9.1,310.5,511.0,SEA WOLF II,,WDF3386,60,,18,5,,,B
367439280,2023-04-19T18:33:39,36.78989,-121.96008,9.1,316.1,511.0,SEA WOLF II,,WDF3386,60,,18,5,,,B
367439280,2023-04-19T18:35:10,36.79256,-121.96346,9.6,316.1,511.0,SEA WOLF II,,WDF3386,60,,18,5,,,B
367439280,2023-04-19T18:36:40,36.79510,-121.96685,8.9,309.2,511.0,SEA WOLF II,,WDF3386,60,,18,5,,,B
367439280,2023-04-19T18:38:40,36.79741,-121.97220,8.2,284.7,511.0,SEA WOLF II,,WDF3386,60,,18,5,,,B
367439280,2023-04-19T18:40:40,36.79861,-121.97820,8.8,285.8,511.0,SEA WOLF II,,WDF3386,60,,18,5,,,B
367439280,2023-04-19T18:42:09,36.79941,-121.98264,8.8,285.4,511.0,SEA WOLF II,,WDF3386,60,,18,5,,,B
367439280,2023-04-19T18:43:11,36.79995,-121.98548,7.5,283.4,511.0,SEA WOLF II,,WDF3386,60,,18,5,,,B
367439280,2023-04-19T18:46:09,36.80009,-121.99163,4.4,259.1,511.0,SEA WOLF II,,WDF3386,60,,18,5,,,B
367439280,2023-04-19T18:47:12,36.80019,-121.99306,7.7,286.2,511.0,SEA WOLF II,,WDF3386,60,,18,5,,,B
367439280,2023-04-19T18:48:40,36.80137,-121.99674,7.3,282.8,511.0,SEA WOLF II,,WDF3386,60,,18,5,,,B
367439280,2023-04-20T16:57:33,36.78215,-121.96249,10.6,12.5,511.0,SEA WOLF II,,WDF3386,60,,18,5,,,B
367439280,2023-04-20T16:58:34,36.78432,-121.96206,5.5,14.9,511.0,SEA WOLF II,,WDF3386,60,,18,5,,,B
367439280,2023-04-20T17:00:01,36.78551,-121.96191,2.0,320.8,511.0,SEA WOLF II,,WDF3386,60,,18,5,,,B
367439280,2023-04-20T17:01:33,36.78687,-121.96292,4.5,354.6,511.0,SEA WOLF II,,WDF3386,60,,18,5,,,B
367439280,2023-04-20T17:03:02,36.78810,-121.96407,1.8,297.8,511.0,SEA WOLF II,,WDF3386,60,,18,5,,,B
367439280,2023-04-20T17:04:32,36.78837,-121.96568,4.9,286.8,511.0,SEA WOLF II,,WDF3386,60,,18,5,,,B
367439280,2023-04-20T17:06:02,36.78833,-121.96724,2.0,176.5,511.0,SEA WOLF II,,WDF3386,60,,18,5,,,B
367439280,2023-04-20T17:07:33,36.78845,-121.96818,3.5,315.8,511.0,SEA WOLF II,,WDF3386,60,,18,5,,,B
367439280,2023-04-20T17:09:01,36.78880,-121.96962,4.2,247.9,511.0,SEA WOLF II,,WDF3386,60,,18,5,,,B
367439280,2023-04-20T17:10:04,36.78868,-121.97078,3.3,284.5,511.0,SEA WOLF II,,WDF3386,60,,18,5,,,B
367439280,2023-04-20T17:11:32,36.78977,-121.97194,2.5,310.3,511.0,SEA WOLF II,,WDF3386,60,,18,5,,,B
367439280,2023-04-20T17:13:02,36.79087,-121.97301,3.4,355.7,511.0,SEA WOLF II,,WDF3386,60,,18,5,,,B
367439280,2023-04-20T17:14:31,36.79089,-121.97183,5.4,151.9,511.0,SEA WOLF II,,WDF3386,60,,18,5,,,B
367439280,2023-04-20T17:15:32,36.78962,-121.97082,5.8,206.7,511.0,SEA WOLF II,,WDF3386,60,,18,5,,,B
367439280,2023-04-20T17:16:33,36.78794,-121.97220,6.7,213.5,511.0,SEA WOLF II,,WDF3386,60,,18,5,,,B
367439280,2023-04-20T17:18:02,36.78586,-121.97242,2.8,180.6,511.0,SEA WOLF II,,WDF3386,60,,18,5,,,B
367439280,2023-04-20T17:19:32,36.78516,-121.97280,2.6,217.8,511.0,SEA WOLF II,,WDF3386,60,,18,5,,,B
367439280,2023-04-20T17:20:33,36.78394,-121.97189,10.5,124.0,511.0,SEA WOLF II,,WDF3386,60,,18,5,,,B
367439280,2023-04-20T17:22:05,36.78124,-121.96828,8.3,134.3,511.0,SEA WOLF II,,WDF3386,60,,18,5,,,B
367439280,2023-04-20T17:26:32,36.78282,-121.95797,6.6,47.8,511.0,SEA WOLF II,,WDF3386,60,,18,5,,,B
367439280,2023-04-20T17:27:33,36.78378,-121.95735,3.1,336.1,511.0,SEA WOLF II,,WDF3386,60,,18,5,,,B
367439280,2023-04-20T17:29:32,36.78170,-121.95697,5.0,208.4,511.0,SEA WOLF II,,WDF3386,60,,18,5,,,B
367439280,2023-04-20T17:30:33,36.78102,-121.95756,1.9,230.7,511.0,SEA WOLF II,,WDF3386,60,,18,5,,,B
367439280,2023-04-20T17:31:35,36.78083,-121.95785,0.4,200.0,511.0,SEA WOLF II,,WDF3386,60,,18,5,,,B
367439280,2023-04-20T17:34:32,36.78065,-121.96069,0.4,271.6,511.0,SEA WOLF II,,WDF3386,60,,18,5,,,B
367439280,2023-04-20T17:35:36,36.78099,-121.96119,3.9,318.4,511.0,SEA WOLF II,,WDF3386,60,,18,5,,,B
367439280,2023-04-20T17:37:03,36.78180,-121.96193,2.0,300.7,511.0,SEA WOLF II,,WDF3386,60,,18,5,,,B
367439280,2023-04-20T17:38:32,36.78229,-121.96258,2.8,300.6,511.0,SEA WOLF II,,WDF3386,60,,18,5,,,B
367439280,2023-04-20T17:40:03,36.78202,-121.96323,2.7,181.1,511.0,SEA WOLF II,,WDF3386,60,,18,5,,,B
367439280,2023-04-20T17:41:32,36.78181,-121.96383,4.6,309.4,511.0,SEA WOLF II,,WDF3386,60,,18,5,,,B
367439280,2023-04-20T17:43:03,36.78143,-121.96284,5.0,144.0,511.0,SEA WOLF II,,WDF3386,60,,18,5,,,B
367439280,2023-04-20T17:44:04,36.78065,-121.96194,1.9,147.3,511.0,SEA WOLF II,,WDF3386,60,,18,5,,,B
367439280,2023-04-20T17:50:02,36.78057,-121.96268,1.5,310.1,511.0,SEA WOLF II,,WDF3386,60,,18,5,,,B
367439280,2023-04-20T17:51:32,36.78091,-121.96329,1.7,315.4,511.0,SEA WOLF II,,WDF3386,60,,18,5,,,B
367439280,2023-04-20T17:52:33,36.78241,-121.96293,7.6,25.6,511.0,SEA WOLF II,,WDF3386,60,,18,5,,,B
367439280,2023-04-20T17:54:02,36.78505,-121.96066,8.1,34.4,511.0,SEA WOLF II,,WDF3386,60,,18,5,,,B
367439280,2023-04-20T17:55:03,36.78705,-121.95953,7.6,5.5,511.0,SEA WOLF II,,WDF3386,60,,18,5,,,B
367439280,2023-04-20T17:56:33,36.79038,-121.95799,9.0,21.8,511.0,SEA WOLF II,,WDF3386,60,,18,5,,,B
367439280,2023-04-20T17:58:03,36.79395,-121.95550,9.9,27.7,511.0,SEA WOLF II,,WDF3386,60,,18,5,,,B
367439280,2023-04-20T17:59:32,36.79811,-121.95416,10.6,6.3,511.0,SEA WOLF II,,WDF3386,60,,18,5,,,B
367439280,2023-04-20T18:00:02,36.79963,-121.95416,10.7,350.9,511.0,SEA WOLF II,,WDF3386,60,,18,5,,,B
367439280,2023-04-20T18:02:02,36.80566,-121.95619,12.3,333.0,511.0,SEA WOLF II,,WDF3386,60,,18,5,,,B
367439280,2023-04-20T18:03:31,36.81018,-121.95812,11.7,339.8,511.0,SEA WOLF II,,WDF3386,60,,18,5,,,B
367439280,2023-04-20T18:04:32,36.81326,-121.95936,11.5,341.0,511.0,SEA WOLF II,,WDF3386,60,,18,5,,,B
367439280,2023-04-20T19:32:03,36.81604,-121.96308,11.1,135.8,511.0,SEA WOLF II,,WDF3386,60,,18,5,,,B
367439280,2023-04-20T19:33:04,36.81340,-121.96107,10.9,162.3,511.0,SEA WOLF II,,WDF3386,60,,18,5,,,B
367439280,2023-04-20T19:35:02,36.80738,-121.95957,11.0,180.5,511.0,SEA WOLF II,,WDF3386,60,,18,5,,,B
367439280,2023-04-20T19:37:02,36.80150,-121.95754,11.2,176.9,511.0,SEA WOLF II,,WDF3386,60,,18,5,,,B
367439280,2023-04-20T19:38:32,36.79693,-121.95749,11.1,186.0,511.0,SEA WOLF II,,WDF3386,60,,18,5,,,B
367439280,2023-04-20T19:40:03,36.79311,-121.95863,7.6,195.4,511.0,SEA WOLF II,,WDF3386,60,,18,5,,,B
367439280,2023-04-20T19:41:31,36.79155,-121.95937,6.4,253.0,511.0,SEA WOLF II,,WDF3386,60,,18,5,,,B
367439280,2023-04-20T19:42:32,36.79177,-121.96207,8.9,281.1,511.0,SEA WOLF II,,WDF3386,60,,18,5,,,B
367439280,2023-04-20T19:44:04,36.79338,-121.96628,9.6,296.5,511.0,SEA WOLF II,,WDF3386,60,,18,5,,,B
367439280,2023-04-20T19:45:33,36.79500,-121.97059,8.9,297.1,511.0,SEA WOLF II,,WDF3386,60,,18,5,,,B
367439280,2023-04-20T19:47:02,36.79672,-121.97493,9.2,307.1,511.0,SEA WOLF II,,WDF3386,60,,18,5,,,B
367439280,2023-04-20T19:48:03,36.79858,-121.97728,9.3,314.1,511.0,SEA WOLF II,,WDF3386,60,,18,5,,,B
367439280,2023-04-20T19:49:33,36.80121,-121.98078,9.9,314.5,511.0,SEA WOLF II,,WDF3386,60,,18,5,,,B
367439280,2023-04-20T19:51:02,36.80338,-121.98371,5.6,315.5,511.0,SEA WOLF II,,WDF3386,60,,18,5,,,B
367439280,2023-04-20T19:52:03,36.80385,-121.98447,1.1,320.6,511.0,SEA WOLF II,,WDF3386,60,,18,5,,,B
367439280,2023-04-20T19:54:03,36.80398,-121.98460,1.0,253.8,511.0,SEA WOLF II,,WDF3386,60,,18,5,,,B
367439280,2023-04-20T19:55:04,36.80374,-121.98485,1.8,229.2,511.0,SEA WOLF II,,WDF3386,60,,18,5,,,B
367439280,2023-04-20T19:56:32,36.80344,-121.98546,6.0,256.9,511.0,SEA WOLF II,,WDF3386,60,,18,5,,,B
367439280,2023-04-20T19:57:34,36.80142,-121.98742,9.7,212.7,511.0,SEA WOLF II,,WDF3386,60,,18,5,,,B
367439280,2023-04-20T19:59:02,36.79817,-121.99012,9.7,213.0,511.0,SEA WOLF II,,WDF3386,60,,18,5,,,B
367439280,2023-04-20T20:00:31,36.79479,-121.99261,7.4,207.3,511.0,SEA WOLF II,,WDF3386,60,,18,5,,,B
367439280,2023-04-20T20:01:34,36.79323,-121.99358,4.7,206.9,511.0,SEA WOLF II,,WDF3386,60,,18,5,,,B
367439280,2023-04-20T20:03:02,36.79255,-121.99345,3.0,207.8,511.0,SEA WOLF II,,WDF3386,60,,18,5,,,B
367439280,2023-04-20T20:04:03,36.79181,-121.99336,1.5,159.2,511.0,SEA WOLF II,,WDF3386,60,,18,5,,,B
367439280,2023-04-20T20:05:32,36.79133,-121.99308,1.1,142.2,511.0,SEA WOLF II,,WDF3386,60,,18,5,,,B
367439280,2023-04-20T20:07:04,36.79097,-121.99289,1.9,136.8,511.0,SEA WOLF II,,WDF3386,60,,18,5,,,B
367439280,2023-04-20T20:08:31,36.79062,-121.99235,3.9,168.9,511.0,SEA WOLF II,,WDF3386,60,,18,5,,,B
367439280,2023-04-20T20:09:32,36.79045,-121.99398,6.8,250.8,511.0,SEA WOLF II,,WDF3386,60,,18,5,,,B
367439280,2023-04-20T20:11:02,36.78929,-121.99451,2.2,128.2,511.0,SEA WOLF II,,WDF3386,60,,18,5,,,B
367439280,2023-04-20T20:12:32,36.78800,-121.99368,3.7,162.6,511.0,SEA WOLF II,,WDF3386,60,,18,5,,,B
367439280,2023-04-20T20:13:33,36.78760,-121.99328,1.9,114.4,511.0,SEA WOLF II,,WDF3386,60,,18,5,,,B
367439280,2023-04-20T20:15:02,36.78699,-121.99258,3.0,175.0,511.0,SEA WOLF II,,WDF3386,60,,18,5,,,B
367439280,2023-04-20T20:17:08,36.78712,-121.99359,0.2,172.7,511.0,SEA WOLF II,,WDF3386,60,,18,5,,,B
367439280,2023-04-20T20:18:33,36.78660,-121.99342,1.0,147.2,511.0,SEA WOLF II,,WDF3386,60,,18,5,,,B
367439280,2023-04-20T20:20:03,36.78608,-121.99318,2.5,148.0,511.0,SEA WOLF II,,WDF3386,60,,18,5,,,B
367439280,2023-04-20T20:21:32,36.78567,-121.99569,5.9,249.0,511.0,SEA WOLF II,,WDF3386,60,,18,5,,,B
367439280,2023-04-20T20:22:34,36.78534,-121.99644,1.7,264.1,511.0,SEA WOLF II,,WDF3386,60,,18,5,,,B
367439280,2023-04-20T20:24:03,36.78496,-121.99676,0.5,172.5,511.0,SEA WOLF II,,WDF3386,60,,18,5,,,B
367439280,2023-04-21T17:38:15,36.78777,-121.95523,10.5,242.4,511.0,SEA WOLF II,,WDF3386,60,,18,5,,,B
367439280,2023-04-21T17:39:47,36.78616,-121.96015,10.1,250.9,511.0,SEA WOLF II,,WDF3386,60,,18,5,,,B
367439280,2023-04-21T17:41:15,36.78456,-121.96498,10.0,246.5,511.0,SEA WOLF II,,WDF3386,60,,18,5,,,B
367439280,2023-04-21T17:42:45,36.78296,-121.96986,9.8,246.6,511.0,SEA WOLF II,,WDF3386,60,,18,5,,,B
367439280,2023-04-21T17:43:46,36.78185,-121.97311,10.4,242.3,511.0,SEA WOLF II,,WDF3386,60,,18,5,,,B
367439280,2023-04-22T17:19:53,36.79144,-121.99819,8.8,85.4,511.0,SEA WOLF II,,WDF3386,60,,18,5,,,B
367439280,2023-04-22T17:21:22,36.79175,-121.99335,10.8,85.7,511.0,SEA WOLF II,,WDF3386,60,,18,5,,,B
367439280,2023-04-22T17:23:22,36.79207,-121.98689,10.2,90.1,511.0,SEA WOLF II,,WDF3386,60,,18,5,,,B
367439280,2023-04-22T17:24:52,36.79231,-121.98205,7.8,91.8,511.0,SEA WOLF II,,WDF3386,60,,18,5,,,B
367439280,2023-04-22T17:26:22,36.79256,-121.97714,9.6,86.6,511.0,SEA WOLF II,,WDF3386,60,,18,5,,,B
367439280,2023-04-22T17:27:50,36.79279,-121.97236,8.4,88.3,511.0,SEA WOLF II,,WDF3386,60,,18,5,,,B
367439280,2023-04-22T17:28:51,36.79302,-121.96903,9.5,88.3,511.0,SEA WOLF II,,WDF3386,60,,18,5,,,B
367439280,2023-04-22T17:29:52,36.79324,-121.96581,8.6,87.1,511.0,SEA WOLF II,,WDF3386,60,,18,5,,,B
367439280,2023-04-22T17:31:20,36.79341,-121.96094,10.0,88.3,511.0,SEA WOLF II,,WDF3386,60,,18,5,,,B
367439280,2023-04-22T17:32:21,36.79352,-121.95769,8.4,87.2,511.0,SEA WOLF II,,WDF3386,60,,18,5,,,B
367439280,2023-04-26T18:56:23,36.79608,-121.95352,10.1,276.1,511.0,SEA WOLF II,,WDF3386,60,,18,5,,,B
367439280,2023-04-26T18:58:22,36.79675,-121.96014,9.6,274.4,511.0,SEA WOLF II,,WDF3386,60,,18,5,,,B
367439280,2023-04-26T18:59:23,36.79706,-121.96346,10.3,275.4,511.0,SEA WOLF II,,WDF3386,60,,18,5,,,B
367439280,2023-04-26T19:00:23,36.79744,-121.96676,10.0,276.3,511.0,SEA WOLF II,,WDF3386,60,,18,5,,,B
367439280,2023-04-26T19:01:54,36.79788,-121.97184,8.8,272.8,511.0,SEA WOLF II,,WDF3386,60,,18,5,,,B
367439280,2023-04-26T19:03:23,36.79839,-121.97661,9.4,278.5,511.0,SEA WOLF II,,WDF3386,60,,18,5,,,B
367439280,2023-04-26T19:04:24,36.79874,-121.97995,9.5,279.7,511.0,SEA WOLF II,,WDF3386,60,,18,5,,,B
367439280,2023-04-26T19:06:23,36.79937,-121.98655,9.8,273.6,511.0,SEA WOLF II,,WDF3386,60,,18,5,,,B
367439280,2023-04-26T19:07:52,36.79995,-121.99141,9.2,302.3,511.0,SEA WOLF II,,WDF3386,60,,18,5,,,B
367439280,2023-04-26T19:08:53,36.80237,-121.99061,10.4,37.2,511.0,SEA WOLF II,,WDF3386,60,,18,5,,,B
367439280,2023-04-26T19:10:23,36.80595,-121.98763,10.5,37.9,511.0,SEA WOLF II,,WDF3386,60,,18,5,,,B
367439280,2023-04-26T19:11:53,36.80868,-121.98394,11.8,102.0,511.0,SEA WOLF II,,WDF3386,60,,18,5,,,B
367439280,2023-04-26T19:13:22,36.80736,-121.97849,11.9,104.3,511.0,SEA WOLF II,,WDF3386,60,,18,5,,,B
367439280,2023-04-26T19:14:54,36.80654,-121.97276,10.4,99.7,511.0,SEA WOLF II,,WDF3386,60,,18,5,,,B
367439280,2023-04-26T19:16:23,36.80585,-121.96731,10.3,98.8,511.0,SEA WOLF II,,WDF3386,60,,18,5,,,B
367439280,2023-04-26T19:17:52,36.80523,-121.96175,10.6,95.2,511.0,SEA WOLF II,,WDF3386,60,,18,5,,,B
367439280,2023-04-26T19:18:53,36.80477,-121.95802,10.7,95.9,511.0,SEA WOLF II,,WDF3386,60,,18,5,,,B
367439280,2023-04-26T20:54:03,36.80590,-121.95413,7.5,283.5,511.0,SEA WOLF II,,WDF3386,60,,18,5,,,B
367439280,2023-04-26T20:55:32,36.80657,-121.95795,7.6,285.4,511.0,SEA WOLF II,,WDF3386,60,,18,5,,,B
367439280,2023-04-26T20:57:04,36.80726,-121.96196,7.3,281.0,511.0,SEA WOLF II,,WDF3386,60,,18,5,,,B
367439280,2023-04-26T20:58:33,36.80791,-121.96591,7.8,280.3,511.0,SEA WOLF II,,WDF3386,60,,18,5,,,B
367439280,2023-04-26T21:00:03,36.80863,-121.96978,7.5,281.3,511.0,SEA WOLF II,,WDF3386,60,,18,5,,,B
367439280,2023-04-26T21:02:32,36.80977,-121.97635,7.8,280.2,511.0,SEA WOLF II,,WDF3386,60,,18,5,,,B
367439280,2023-04-26T21:04:02,36.81051,-121.98026,7.7,280.8,511.0,SEA WOLF II,,WDF3386,60,,18,5,,,B
367439280,2023-04-26T21:05:32,36.81145,-121.98406,7.7,328.3,511.0,SEA WOLF II,,WDF3386,60,,18,5,,,B
367439280,2023-04-26T21:07:32,36.81619,-121.98172,10.0,24.5,511.0,SEA WOLF II,,WDF3386,60,,18,5,,,B
367439280,2023-04-27T20:40:07,36.79244,-121.99053,11.2,90.2,511.0,SEA WOLF II,,WDF3386,60,,18,5,,,B
367439280,2023-04-27T20:41:34,36.79234,-121.98476,11.9,92.1,511.0,SEA WOLF II,,WDF3386,60,,18,5,,,B
367439280,2023-04-27T20:43:34,36.79221,-121.97689,10.9,89.8,511.0,SEA WOLF II,,WDF3386,60,,18,5,,,B
367439280,2023-04-27T20:45:05,36.79213,-121.97139,7.5,78.4,511.0,SEA WOLF II,,WDF3386,60,,18,5,,,B
367439280,2023-04-27T20:46:13,36.79314,-121.96939,5.9,52.3,511.0,SEA WOLF II,,WDF3386,60,,18,5,,,B
367439280,2023-04-27T20:47:36,36.79426,-121.96706,4.4,90.5,511.0,SEA WOLF II,,WDF3386,60,,18,5,,,B
367439280,2023-04-27T20:49:05,36.79591,-121.96425,9.9,83.4,511.0,SEA WOLF II,,WDF3386,60,,18,5,,,B
367439280,2023-04-27T20:50:35,36.79653,-121.95917,11.1,92.2,511.0,SEA WOLF II,,WDF3386,60,,18,5,,,B
367439280,2023-04-28T00:35:13,36.78914,-121.95585,5.5,278.3,511.0,SEA WOLF II,,WDF3386,60,,18,5,,,B
367439280,2023-04-28T00:36:15,36.78875,-121.95751,4.4,228.2,511.0,SEA WOLF II,,WDF3386,60,,18,5,,,B
367439280,2023-04-28T00:37:46,36.78873,-121.96011,6.7,306.9,511.0,SEA WOLF II,,WDF3386,60,,18,5,,,B
367439280,2023-04-28T00:39:14,36.79033,-121.96264,6.3,310.6,511.0,SEA WOLF II,,WDF3386,60,,18,5,,,B
367439280,2023-04-28T00:40:44,36.79167,-121.96538,6.2,251.8,511.0,SEA WOLF II,,WDF3386,60,,18,5,,,B
367439280,2023-04-28T00:42:14,36.79060,-121.96644,5.0,125.2,511.0,SEA WOLF II,,WDF3386,60,,18,5,,,B
367439280,2023-04-28T00:43:15,36.79040,-121.96557,3.1,47.5,511.0,SEA WOLF II,,WDF3386,60,,18,5,,,B
367439280,2023-04-28T00:44:43,36.79086,-121.96737,5.6,302.0,511.0,SEA WOLF II,,WDF3386,60,,18,5,,,B
367439280,2023-04-28T00:46:13,36.79183,-121.97008,6.0,285.4,511.0,SEA WOLF II,,WDF3386,60,,18,5,,,B
367439280,2023-04-28T00:47:43,36.79399,-121.97221,4.9,287.3,511.0,SEA WOLF II,,WDF3386,60,,18,5,,,B
367439280,2023-04-28T00:49:14,36.79499,-121.97363,4.0,304.9,511.0,SEA WOLF II,,WDF3386,60,,18,5,,,B
367439280,2023-04-28T00:50:47,36.79531,-121.97628,9.2,305.6,511.0,SEA WOLF II,,WDF3386,60,,18,5,,,B
367439280,2023-04-28T00:52:13,36.79752,-121.97997,10.0,329.5,511.0,SEA WOLF II,,WDF3386,60,,18,5,,,B
367439280,2023-04-28T00:53:43,36.79954,-121.98105,7.0,7.5,511.0,SEA WOLF II,,WDF3386,60,,18,5,,,B
367439280,2023-04-28T00:55:14,36.80187,-121.98125,4.0,11.6,511.0,SEA WOLF II,,WDF3386,60,,18,5,,,B
367439280,2023-04-28T00:57:13,36.80360,-121.98168,3.4,277.8,511.0,SEA WOLF II,,WDF3386,60,,18,5,,,B
367439280,2023-04-28T00:58:43,36.80494,-121.98163,7.0,17.4,511.0,SEA WOLF II,,WDF3386,60,,18,5,,,B
367439280,2023-04-28T00:59:44,36.80669,-121.98213,5.8,349.0,511.0,SEA WOLF II,,WDF3386,60,,18,5,,,B
367439280,2023-04-28T01:00:13,36.80749,-121.98237,6.1,344.9,511.0,SEA WOLF II,,WDF3386,60,,18,5,,,B
367439280,2023-04-28T01:01:45,36.80967,-121.98212,5.8,43.3,511.0,SEA WOLF II,,WDF3386,60,,18,5,,,B
367439280,2023-04-28T01:03:15,36.81146,-121.98022,5.7,37.5,511.0,SEA WOLF II,,WDF3386,60,,18,5,,,B
367439280,2023-04-28T01:05:13,36.81388,-121.97772,5.8,42.1,511.0,SEA WOLF II,,WDF3386,60,,18,5,,,B
367439280,2023-04-28T01:06:14,36.81510,-121.97648,5.8,33.9,511.0,SEA WOLF II,,WDF3386,60,,18,5,,,B
367439280,2023-04-28T01:17:13,36.81200,-121.96768,12.9,162.3,511.0,SEA WOLF II,,WDF3386,60,,18,5,,,B
367439280,2023-04-28T01:18:43,36.80694,-121.96575,12.9,163.5,511.0,SEA WOLF II,,WDF3386,60,,18,5,,,B
367439280,2023-04-29T20:44:54,36.78113,-121.97396,4.9,296.8,511.0,SEA WOLF II,,WDF3386,60,,18,5,,,B
367439280,2023-04-29T20:46:24,36.78209,-121.97631,5.0,297.7,511.0,SEA WOLF II,,WDF3386,60,,18,5,,,B
367439280,2023-04-29T20:47:54,36.78287,-121.97776,2.0,331.5,511.0,SEA WOLF II,,WDF3386,60,,18,5,,,B
367439280,2023-04-29T20:48:55,36.78411,-121.97715,7.9,36.8,511.0,SEA WOLF II,,WDF3386,60,,18,5,,,B
367439280,2023-04-29T20:50:24,36.78624,-121.97645,4.7,339.4,511.0,SEA WOLF II,,WDF3386,60,,18,5,,,B
367439280,2023-04-29T20:51:54,36.78734,-121.97765,4.9,288.7,511.0,SEA WOLF II,,WDF3386,60,,18,5,,,B
367439280,2023-04-29T20:52:56,36.78799,-121.97923,5.0,298.2,511.0,SEA WOLF II,,WDF3386,60,,18,5,,,B
367439280,2023-04-29T20:54:54,36.78845,-121.98185,4.5,315.5,511.0,SEA WOLF II,,WDF3386,60,,18,5,,,B
367439280,2023-04-29T20:56:25,36.78987,-121.98373,5.2,308.7,511.0,SEA WOLF II,,WDF3386,60,,18,5,,,B
367439280,2023-04-29T20:57:55,36.79113,-121.98561,4.2,316.5,511.0,SEA WOLF II,,WDF3386,60,,18,5,,,B
367439280,2023-04-29T20:59:24,36.79304,-121.98395,9.5,59.0,511.0,SEA WOLF II,,WDF3386,60,,18,5,,,B
367439280,2023-04-29T21:00:25,36.79492,-121.98203,5.3,13.1,511.0,SEA WOLF II,,WDF3386,60,,18,5,,,B
367439280,2023-04-29T21:01:56,36.79634,-121.98292,3.8,290.4,511.0,SEA WOLF II,,WDF3386,60,,18,5,,,B
367439280,2023-04-29T21:03:25,36.79701,-121.98472,4.1,296.8,511.0,SEA WOLF II,,WDF3386,60,,18,5,,,B
367439280,2023-04-29T21:04:26,36.79755,-121.98590,3.8,301.4,511.0,SEA WOLF II,,WDF3386,60,,18,5,,,B
367439280,2023-04-29T21:05:56,36.79821,-121.98763,2.4,294.7,511.0,SEA WOLF II,,WDF3386,60,,18,5,,,B
367439280,2023-04-29T21:07:24,36.80082,-121.98616,10.7,37.1,511.0,SEA WOLF II,,WDF3386,60,,18,5,,,B
367439280,2023-04-29T21:08:54,36.80448,-121.98403,6.0,352.4,511.0,SEA WOLF II,,WDF3386,60,,18,5,,,B
367439280,2023-04-29T21:09:55,36.80546,-121.98475,2.1,326.2,511.0,SEA WOLF II,,WDF3386,60,,18,5,,,B
367439280,2023-04-29T21:11:24,36.80651,-121.98556,4.0,323.5,511.0,SEA WOLF II,,WDF3386,60,,18,5,,,B
367439280,2023-04-29T21:12:55,36.80804,-121.98640,4.9,346.4,511.0,SEA WOLF II,,WDF3386,60,,18,5,,,B
367439280,2023-04-29T21:14:25,36.81006,-121.98719,5.5,352.9,511.0,SEA WOLF II,,WDF3386,60,,18,5,,,B
367439280,2023-04-29T21:15:55,36.81181,-121.98794,4.1,314.1,511.0,SEA WOLF II,,WDF3386,60,,18,5,,,B
367439280,2023-04-29T21:17:24,36.81406,-121.98750,11.1,44.1,511.0,SEA WOLF II,,WDF3386,60,,18,5,,,B
367439280,2023-04-30T00:13:25,36.80867,-121.99598,12.1,154.4,511.0,SEA WOLF II,,WDF3386,60,,18,5,,,B
367439280,2023-04-30T00:14:55,36.80391,-121.99354,12.2,154.1,511.0,SEA WOLF II,,WDF3386,60,,18,5,,,B
367439280,2023-04-30T00:16:24,36.79933,-121.99105,11.7,156.9,511.0,SEA WOLF II,,WDF3386,60,,18,5,,,B
367439280,2023-04-30T00:17:54,36.79474,-121.98831,12.1,169.0,511.0,SEA WOLF II,,WDF3386,60,,18,5,,,B
367439280,2023-04-30T00:18:56,36.79156,-121.98674,12.2,151.4,511.0,SEA WOLF II,,WDF3386,60,,18,5,,,B
367439280,2023-04-30T00:20:25,36.78701,-121.98413,12.0,154.7,511.0,SEA WOLF II,,WDF3386,60,,18,5,,,B
367439280,2023-04-30T00:21:54,36.78231,-121.98191,11.8,151.2,511.0,SEA WOLF II,,WDF3386,60,,18,5,,,B
367439280,2023-04-30T17:38:25,36.78378,-121.95660,10.4,251.8,511.0,SEA WOLF II,,WDF3386,60,,18,5,,,B
367439280,2023-04-30T17:39:55,36.78277,-121.96123,9.4,247.6,511.0,SEA WOLF II,,WDF3386,60,,18,5,,,B
367439280,2023-04-30T17:40:56,36.78248,-121.96431,8.6,295.5,511.0,SEA WOLF II,,WDF3386,60,,18,5,,,B
367439280,2023-04-30T17:42:25,36.78531,-121.96755,9.2,316.1,511.0,SEA WOLF II,,WDF3386,60,,18,5,,,B
367439280,2023-04-30T17:43:54,36.78762,-121.97088,9.2,298.8,511.0,SEA WOLF II,,WDF3386,60,,18,5,,,B
367439280,2023-04-30T17:44:57,36.78903,-121.97349,8.6,299.3,511.0,SEA WOLF II,,WDF3386,60,,18,5,,,B
367439280,2023-04-30T17:46:24,36.79063,-121.97740,9.0,297.6,511.0,SEA WOLF II,,WDF3386,60,,18,5,,,B
367439280,2023-04-30T17:47:54,36.79258,-121.98105,8.5,305.6,511.0,SEA WOLF II,,WDF3386,60,,18,5,,,B
367439280,2023-04-30T17:48:55,36.79415,-121.98338,8.2,288.4,511.0,SEA WOLF II,,WDF3386,60,,18,5,,,B
367439280,2023-04-30T17:50:24,36.79484,-121.98767,9.3,287.0,511.0,SEA WOLF II,,WDF3386,60,,18,5,,,B
367439280,2023-04-30T17:51:26,36.79594,-121.99035,9.0,306.2,511.0,SEA WOLF II,,WDF3386,60,,18,5,,,B
367439280,2023-04-30T17:52:55,36.79813,-121.99391,8.8,313.5,511.0,SEA WOLF II,,WDF3386,60,,18,5,,,B
367439280,2023-04-30T17:54:24,36.79981,-121.99775,8.9,279.5,511.0,SEA WOLF II,,WDF3386,60,,18,5,,,B
367439280,2023-05-02T18:41:34,36.78643,-121.95882,9.2,247.3,511.0,SEA WOLF II,,WDF3386,60,,18,5,,,B
367439280,2023-05-02T18:43:05,36.78636,-121.96280,9.2,314.5,511.0,SEA WOLF II,,WDF3386,60,,18,5,,,B
367439280,2023-05-02T18:44:35,36.78995,-121.96531,10.0,319.8,511.0,SEA WOLF II,,WDF3386,60,,18,5,,,B
367439280,2023-05-02T18:46:04,36.79317,-121.96861,11.0,319.5,511.0,SEA WOLF II,,WDF3386,60,,18,5,,,B
367439280,2023-05-02T18:47:35,36.79665,-121.97182,10.6,316.8,511.0,SEA WOLF II,,WDF3386,60,,18,5,,,B
367439280,2023-05-02T18:48:36,36.79872,-121.97428,10.3,307.5,511.0,SEA WOLF II,,WDF3386,60,,18,5,,,B
367439280,2023-05-02T18:50:04,36.80150,-121.97804,10.8,316.2,511.0,SEA WOLF II,,WDF3386,60,,18,5,,,B
367439280,2023-05-02T18:51:34,36.80450,-121.98168,10.0,317.2,511.0,SEA WOLF II,,WDF3386,60,,18,5,,,B
367439280,2023-05-02T18:53:04,36.80744,-121.98552,10.3,287.8,511.0,SEA WOLF II,,WDF3386,60,,18,5,,,B
367439280,2023-05-02T18:54:34,36.81017,-121.98902,10.3,323.9,511.0,SEA WOLF II,,WDF3386,60,,18,5,,,B
367439280,2023-05-02T18:56:04,36.81391,-121.99172,10.3,329.8,511.0,SEA WOLF II,,WDF3386,60,,18,5,,,B
367439280,2023-05-02T19:01:34,36.81439,-121.99641,9.5,145.3,511.0,SEA WOLF II,,WDF3386,60,,18,5,,,B
367439280,2023-05-02T19:03:04,36.81090,-121.99460,8.8,154.2,511.0,SEA WOLF II,,WDF3386,60,,18,5,,,B
367439280,2023-05-02T19:04:34,36.80737,-121.99306,9.0,160.1,511.0,SEA WOLF II,,WDF3386,60,,18,5,,,B
367439280,2023-05-02T19:06:34,36.80250,-121.99136,9.4,169.4,511.0,SEA WOLF II,,WDF3386,60,,18,5,,,B
367439280,2023-05-02T19:08:04,36.79893,-121.99012,9.3,170.8,511.0,SEA WOLF II,,WDF3386,60,,18,5,,,B
367439280,2023-05-02T19:09:34,36.79528,-121.98880,8.9,167.6,511.0,SEA WOLF II,,WDF3386,60,,18,5,,,B
367439280,2023-05-02T19:10:35,36.79285,-121.98797,8.8,161.9,511.0,SEA WOLF II,,WDF3386,60,,18,5,,,B
367439280,2023-05-02T19:12:04,36.78918,-121.98670,9.6,163.1,511.0,SEA WOLF II,,WDF3386,60,,18,5,,,B
367439280,2023-05-02T19:13:06,36.78668,-121.98582,9.7,163.4,511.0,SEA WOLF II,,WDF3386,60,,18,5,,,B
367439280,2023-05-02T19:15:04,36.78184,-121.98405,8.8,164.7,511.0,SEA WOLF II,,WDF3386,60,,18,5,,,B
367439280,2023-05-03T17:32:49,36.79242,-121.95826,9.8,289.0,511.0,SEA WOLF II,,WDF3386,60,,18,5,,,B
367439280,2023-05-03T17:34:20,36.79350,-121.96323,9.6,279.9,511.0,SEA WOLF II,,WDF3386,60,,18,5,,,B
367439280,2023-05-03T17:36:18,36.79457,-121.96961,10.2,284.3,511.0,SEA WOLF II,,WDF3386,60,,18,5,,,B
367439280,2023-05-03T17:37:20,36.79459,-121.97286,9.1,233.2,511.0,SEA WOLF II,,WDF3386,60,,18,5,,,B
367439280,2023-05-03T17:38:47,36.79249,-121.97638,8.5,243.3,511.0,SEA WOLF II,,WDF3386,60,,18,5,,,B
367439280,2023-05-03T17:39:49,36.79093,-121.97884,9.9,223.1,511.0,SEA WOLF II,,WDF3386,60,,18,5,,,B
367439280,2023-05-03T17:41:18,36.78794,-121.98180,8.8,224.3,511.0,SEA WOLF II,,WDF3386,60,,18,5,,,B
367439280,2023-05-03T17:42:47,36.78820,-121.98581,8.8,317.7,511.0,SEA WOLF II,,WDF3386,60,,18,5,,,B
367439280,2023-05-03T17:43:48,36.78981,-121.98820,9.3,318.5,511.0,SEA WOLF II,,WDF3386,60,,18,5,,,B
367439280,2023-05-03T17:45:19,36.79233,-121.99188,9.4,298.7,511.0,SEA WOLF II,,WDF3386,60,,18,5,,,B
367439280,2023-05-03T17:46:47,36.79240,-121.99693,10.6,253.9,511.0,SEA WOLF II,,WDF3386,60,,18,5,,,B
367439280,2023-05-03T20:35:18,36.78684,-121.95401,9.9,260.0,511.0,SEA WOLF II,,WDF3386,60,,18,5,,,B
367439280,2023-05-03T20:36:47,36.78640,-121.95883,9.2,265.2,511.0,SEA WOLF II,,WDF3386,60,,18,5,,,B
367439280,2023-05-03T20:37:50,36.78612,-121.96225,9.7,265.1,511.0,SEA WOLF II,,WDF3386,60,,18,5,,,B
367439280,2023-05-03T20:39:17,36.78573,-121.96708,9.6,269.1,511.0,SEA WOLF II,,WDF3386,60,,18,5,,,B
367439280,2023-05-03T20:40:47,36.78515,-121.97200,9.4,268.0,511.0,SEA WOLF II,,WDF3386,60,,18,5,,,B
367439280,2023-05-03T20:41:48,36.78479,-121.97535,10.1,257.2,511.0,SEA WOLF II,,WDF3386,60,,18,5,,,B
367439280,2023-05-03T20:42:51,36.78438,-121.97886,10.4,260.4,511.0,SEA WOLF II,,WDF3386,60,,18,5,,,B
367439280,2023-05-03T20:44:17,36.78430,-121.98353,10.3,298.6,511.0,SEA WOLF II,,WDF3386,60,,18,5,,,B
367439280,2023-05-03T20:45:48,36.78603,-121.98813,10.0,289.8,511.0,SEA WOLF II,,WDF3386,60,,18,5,,,B
367439280,2023-05-03T20:47:17,36.78755,-121.99261,9.9,287.6,511.0,SEA WOLF II,,WDF3386,60,,18,5,,,B
367439280,2023-05-03T20:48:18,36.78861,-121.99564,9.0,297.3,511.0,SEA WOLF II,,WDF3386,60,,18,5,,,B
367439280,2023-05-03T20:51:49,36.79642,-121.99821,9.7,2.5,511.0,SEA WOLF II,,WDF3386,60,,18,5,,,B
367439280,2023-05-03T20:53:17,36.80017,-121.99715,10.2,37.9,511.0,SEA WOLF II,,WDF3386,60,,18,5,,,B
367439280,2023-05-03T20:54:48,36.80382,-121.99518,10.4,34.3,511.0,SEA WOLF II,,WDF3386,60,,18,5,,,B
367439280,2023-05-03T20:55:49,36.80645,-121.99394,9.3,12.7,511.0,SEA WOLF II,,WDF3386,60,,18,5,,,B
367439280,2023-05-03T20:57:19,36.81023,-121.99190,9.6,31.4,511.0,SEA WOLF II,,WDF3386,60,,18,5,,,B
367439280,2023-05-03T20:58:48,36.81383,-121.98962,10.2,29.3,511.0,SEA WOLF II,,WDF3386,60,,18,5,,,B
367439280,2023-05-03T21:47:53,36.81461,-121.97646,11.8,148.9,511.0,SEA WOLF II,,WDF3386,60,,18,5,,,B
367439280,2023-05-03T21:49:17,36.81049,-121.97424,11.2,158.0,511.0,SEA WOLF II,,WDF3386,60,,18,5,,,B
367439280,2023-05-03T21:50:47,36.80618,-121.97247,10.5,166.6,511.0,SEA WOLF II,,WDF3386,60,,18,5,,,B
367439280,2023-05-03T21:51:48,36.80357,-121.97105,11.3,114.3,511.0,SEA WOLF II,,WDF3386,60,,18,5,,,B
367439280,2023-05-03T21:53:17,36.80073,-121.96843,10.5,150.4,511.0,SEA WOLF II,,WDF3386,60,,18,5,,,B
367439280,2023-05-03T21:54:18,36.79908,-121.96529,10.3,139.7,511.0,SEA WOLF II,,WDF3386,60,,18,5,,,B
367439280,2023-05-03T21:55:49,36.79481,-121.96345,11.7,140.3,511.0,SEA WOLF II,,WDF3386,60,,18,5,,,B
367439280,2023-05-03T21:57:18,36.79098,-121.96043,11.4,145.6,511.0,SEA WOLF II,,WDF3386,60,,18,5,,,B
367439280,2023-05-03T21:58:49,36.78690,-121.95742,11.2,160.0,511.0,SEA WOLF II,,WDF3386,60,,18,5,,,B
367439280,2023-05-03T21:59:50,36.78420,-121.95543,11.4,149.1,511.0,SEA WOLF II,,WDF3386,60,,18,5,,,B
367439280,2023-05-03T22:00:18,36.78294,-121.95455,11.2,150.5,511.0,SEA WOLF II,,WDF3386,60,,18,5,,,B
367439280,2023-05-05T16:52:24,36.79258,-121.95580,10.0,285.9,511.0,SEA WOLF II,,WDF3386,60,,18,5,,,B
367439280,2023-05-05T16:53:53,36.79362,-121.96078,10.4,284.2,511.0,SEA WOLF II,,WDF3386,60,,18,5,,,B
367439280,2023-05-05T16:54:57,36.79436,-121.96429,9.8,285.3,511.0,SEA WOLF II,,WDF3386,60,,18,5,,,B
367439280,2023-05-05T16:56:23,36.79534,-121.96902,10.3,285.3,511.0,SEA WOLF II,,WDF3386,60,,18,5,,,B
367439280,2023-05-05T16:57:54,36.79639,-121.97399,9.9,284.4,511.0,SEA WOLF II,,WDF3386,60,,18,5,,,B
367439280,2023-05-05T16:59:23,36.79751,-121.97887,9.9,313.0,511.0,SEA WOLF II,,WDF3386,60,,18,5,,,B
367439280,2023-05-05T17:00:24,36.80016,-121.98026,10.1,349.9,511.0,SEA WOLF II,,WDF3386,60,,18,5,,,B
367439280,2023-05-05T17:01:54,36.80447,-121.98047,10.7,358.8,511.0,SEA WOLF II,,WDF3386,60,,18,5,,,B
367439280,2023-05-05T17:03:25,36.80887,-121.98069,10.4,356.4,511.0,SEA WOLF II,,WDF3386,60,,18,5,,,B
367439280,2023-05-05T17:04:55,36.81323,-121.98090,10.6,356.9,511.0,SEA WOLF II,,WDF3386,60,,18,5,,,B
367439280,2023-05-05T18:44:21,36.81550,-121.96651,9.9,183.8,511.0,SEA WOLF II,,WDF3386,60,,18,5,,,B
367439280,2023-05-05T18:45:49,36.81163,-121.96655,9.5,192.9,511.0,SEA WOLF II,,WDF3386,60,,18,5,,,B
367439280,2023-05-05T18:47:18,36.80772,-121.96710,9.1,185.4,511.0,SEA WOLF II,,WDF3386,60,,18,5,,,B
367439280,2023-05-05T18:48:21,36.80502,-121.96753,9.5,189.1,511.0,SEA WOLF II,,WDF3386,60,,18,5,,,B
367439280,2023-05-05T18:49:49,36.80117,-121.96844,9.9,191.3,511.0,SEA WOLF II,,WDF3386,60,,18,5,,,B
367439280,2023-05-05T18:51:18,36.79731,-121.96936,9.4,189.0,511.0,SEA WOLF II,,WDF3386,60,,18,5,,,B
367439280,2023-05-05T18:52:19,36.79614,-121.97191,9.0,254.8,511.0,SEA WOLF II,,WDF3386,60,,18,5,,,B
367439280,2023-05-05T18:53:48,36.79485,-121.97618,9.2,267.1,511.0,SEA WOLF II,,WDF3386,60,,18,5,,,B
367439280,2023-05-05T18:54:49,36.79393,-121.97925,9.7,240.3,511.0,SEA WOLF II,,WDF3386,60,,18,5,,,B
367439280,2023-05-05T18:56:20,36.79276,-121.98415,10.3,241.1,511.0,SEA WOLF II,,WDF3386,60,,18,5,,,B
367439280,2023-05-05T18:57:48,36.79122,-121.98879,9.7,241.9,511.0,SEA WOLF II,,WDF3386,60,,18,5,,,B
367439280,2023-05-05T18:58:49,36.79079,-121.99220,9.8,261.0,511.0,SEA WOLF II,,WDF3386,60,,18,5,,,B
367439280,2023-05-05T19:00:18,36.79039,-121.99744,10.1,265.3,511.0,SEA WOLF II,,WDF3386,60,,18,5,,,B
367439280,2023-05-08T16:55:00,36.81024,-121.99648,11.8,44.8,511.0,SEA WOLF II,,WDF3386,60,,18,5,,,B
367439280,2023-05-08T16:56:01,36.81253,-121.99366,11.3,46.1,511.0,SEA WOLF II,,WDF3386,60,,18,5,,,B
367439280,2023-05-08T16:57:29,36.81584,-121.98972,10.8,43.9,511.0,SEA WOLF II,,WDF3386,60,,18,5,,,B
367439280,2023-05-19T17:41:19,36.79961,-121.99811,7.8,57.6,511.0,SEA WOLF II,,WDF3386,60,,18,5,,,B
367439280,2023-05-19T17:42:49,36.80026,-121.99569,5.1,93.6,511.0,SEA WOLF II,,WDF3386,60,,18,5,,,B
367439280,2023-05-19T17:44:18,36.80118,-121.99345,5.5,77.6,511.0,SEA WOLF II,,WDF3386,60,,18,5,,,B
367439280,2023-05-19T17:45:19,36.80098,-121.99188,5.3,112.5,511.0,SEA WOLF II,,WDF3386,60,,18,5,,,B
367439280,2023-05-19T17:46:51,36.79983,-121.98978,3.6,156.1,511.0,SEA WOLF II,,WDF3386,60,,18,5,,,B
367439280,2023-05-19T17:48:19,36.79843,-121.98921,3.1,174.3,511.0,SEA WOLF II,,WDF3386,60,,18,5,,,B
367439280,2023-05-19T17:49:50,36.79596,-121.98808,9.6,171.0,511.0,SEA WOLF II,,WDF3386,60,,18,5,,,B
367439280,2023-05-19T17:51:19,36.79296,-121.98907,7.3,231.7,511.0,SEA WOLF II,,WDF3386,60,,18,5,,,B
367439280,2023-05-19T17:52:49,36.78919,-121.99031,8.3,174.8,511.0,SEA WOLF II,,WDF3386,60,,18,5,,,B
367439280,2023-05-19T17:54:19,36.78608,-121.98886,9.5,151.9,511.0,SEA WOLF II,,WDF3386,60,,18,5,,,B
367439280,2023-05-19T17:55:20,36.78360,-121.98800,10.1,161.7,511.0,SEA WOLF II,,WDF3386,60,,18,5,,,B
367439280,2023-05-19T17:56:49,36.78392,-121.98463,8.4,6.4,511.0,SEA WOLF II,,WDF3386,60,,18,5,,,B
367439280,2023-05-19T17:58:19,36.78618,-121.98171,7.9,90.9,511.0,SEA WOLF II,,WDF3386,60,,18,5,,,B
367439280,2023-05-19T17:59:49,36.78543,-121.97643,11.6,101.8,511.0,SEA WOLF II,,WDF3386,60,,18,5,,,B
367439280,2023-05-19T18:00:49,36.78418,-121.97312,10.2,104.2,511.0,SEA WOLF II,,WDF3386,60,,18,5,,,B
367439280,2023-05-19T18:01:53,36.78471,-121.96934,11.0,75.1,511.0,SEA WOLF II,,WDF3386,60,,18,5,,,B
367439280,2023-05-19T18:03:19,36.78498,-121.96632,8.3,185.6,511.0,SEA WOLF II,,WDF3386,60,,18,5,,,B
367439280,2023-05-19T18:04:50,36.78292,-121.96473,10.5,58.0,511.0,SEA WOLF II,,WDF3386,60,,18,5,,,B
367439280,2023-05-19T18:06:18,36.78412,-121.95979,9.7,84.1,511.0,SEA WOLF II,,WDF3386,60,,18,5,,,B
367439280,2023-05-19T18:07:20,36.78458,-121.95611,10.8,84.5,511.0,SEA WOLF II,,WDF3386,60,,18,5,,,B
367439280,2023-05-19T18:11:19,36.78910,-121.95458,12.2,290.3,511.0,SEA WOLF II,,WDF3386,60,,18,5,,,B
367439280,2023-05-19T18:12:49,36.79145,-121.95995,11.8,303.1,511.0,SEA WOLF II,,WDF3386,60,,18,5,,,B
367439280,2023-05-19T18:13:51,36.79311,-121.96370,12.3,292.2,511.0,SEA WOLF II,,WDF3386,60,,18,5,,,B
367439280,2023-05-19T18:15:49,36.79576,-121.97120,11.7,294.5,511.0,SEA WOLF II,,WDF3386,60,,18,5,,,B
367439280,2023-05-19T18:16:52,36.79731,-121.97500,11.5,298.5,511.0,SEA WOLF II,,WDF3386,60,,18,5,,,B
367439280,2023-05-19T18:18:19,36.79950,-121.98037,11.9,293.8,511.0,SEA WOLF II,,WDF3386,60,,18,5,,,B
367439280,2023-05-19T18:19:20,36.80107,-121.98421,12.4,288.9,511.0,SEA WOLF II,,WDF3386,60,,18,5,,,B
367439280,2023-05-19T18:20:50,36.80276,-121.98994,12.0,301.1,511.0,SEA WOLF II,,WDF3386,60,,18,5,,,B
367439280,2023-05-19T18:22:19,36.80507,-121.99532,11.2,297.1,511.0,SEA WOLF II,,WDF3386,60,,18,5,,,B
367439280,2023-05-19T21:25:49,36.80806,-121.99659,11.6,140.4,511.0,SEA WOLF II,,WDF3386,60,,18,5,,,B
367439280,2023-05-19T21:27:18,36.80693,-121.99123,11.9,88.1,511.0,SEA WOLF II,,WDF3386,60,,18,5,,,B
367439280,2023-05-19T21:28:19,36.80724,-121.98722,10.6,109.9,511.0,SEA WOLF II,,WDF3386,60,,18,5,,,B
367439280,2023-05-19T21:29:20,36.80731,-121.98317,12.4,77.7,511.0,SEA WOLF II,,WDF3386,60,,18,5,,,B
367439280,2023-05-19T21:30:48,36.80657,-121.97739,13.1,105.3,511.0,SEA WOLF II,,WDF3386,60,,18,5,,,B
367439280,2023-05-19T21:32:20,36.80610,-121.97129,10.7,89.0,511.0,SEA WOLF II,,WDF3386,60,,18,5,,,B
367439280,2023-05-19T21:33:22,36.80488,-121.96751,12.9,150.8,511.0,SEA WOLF II,,WDF3386,60,,18,5,,,B
367439280,2023-05-19T21:34:50,36.80230,-121.96328,12.9,78.4,511.0,SEA WOLF II,,WDF3386,60,,18,5,,,B
367439280,2023-05-20T16:53:56,36.78295,-121.96150,11.4,13.3,511.0,SEA WOLF II,,WDF3386,60,,18,5,,,B
367439280,2023-05-20T16:55:27,36.78774,-121.96113,12.1,359.0,511.0,SEA WOLF II,,WDF3386,60,,18,5,,,B
367439280,2023-05-20T16:56:56,36.79249,-121.96173,11.1,359.5,511.0,SEA WOLF II,,WDF3386,60,,18,5,,,B
367439280,2023-05-20T16:57:57,36.79555,-121.96110,11.9,46.7,511.0,SEA WOLF II,,WDF3386,60,,18,5,,,B
367439280,2023-05-20T16:59:56,36.79937,-121.95576,11.3,356.7,511.0,SEA WOLF II,,WDF3386,60,,18,5,,,B
367439280,2023-05-20T17:00:26,36.80091,-121.95573,10.7,6.3,511.0,SEA WOLF II,,WDF3386,60,,18,5,,,B
367439280,2023-05-21T17:33:06,36.80275,-121.95346,8.4,312.7,511.0,SEA WOLF II,,WDF3386,60,,18,5,,,B
367439280,2023-05-21T17:34:38,36.80562,-121.95721,11.3,321.1,511.0,SEA WOLF II,,WDF3386,60,,18,5,,,B
367439280,2023-05-21T17:36:07,36.80827,-121.96000,6.2,322.8,511.0,SEA WOLF II,,WDF3386,60,,18,5,,,B
367439280,2023-05-21T17:37:36,36.80926,-121.96100,1.1,72.1,511.0,SEA WOLF II,,WDF3386,60,,18,5,,,B
367439280,2023-05-21T17:39:06,36.80958,-121.96112,2.3,278.6,511.0,SEA WOLF II,,WDF3386,60,,18,5,,,B
367439280,2023-05-21T17:40:37,36.80972,-121.96330,7.1,273.7,511.0,SEA WOLF II,,WDF3386,60,,18,5,,,B
367439280,2023-05-21T17:42:06,36.80945,-121.96730,8.7,255.0,511.0,SEA WOLF II,,WDF3386,60,,18,5,,,B
367439280,2023-05-21T17:43:07,36.80920,-121.96957,5.9,268.4,511.0,SEA WOLF II,,WDF3386,60,,18,5,,,B
367439280,2023-05-21T17:44:36,36.80926,-121.97174,3.1,263.8,511.0,SEA WOLF II,,WDF3386,60,,18,5,,,B
367439280,2023-05-21T17:46:06,36.80936,-121.97418,4.4,273.0,511.0,SEA WOLF II,,WDF3386,60,,18,5,,,B
367439280,2023-05-21T17:47:36,36.80974,-121.97628,5.4,290.7,511.0,SEA WOLF II,,WDF3386,60,,18,5,,,B
367439280,2023-05-21T17:48:39,36.81190,-121.97636,11.3,31.8,511.0,SEA WOLF II,,WDF3386,60,,18,5,,,B
367439280,2023-05-21T17:50:06,36.81577,-121.97356,11.7,35.2,511.0,SEA WOLF II,,WDF3386,60,,18,5,,,B
367439280,2023-05-21T18:04:07,36.81588,-121.98389,3.2,129.6,511.0,SEA WOLF II,,WDF3386,60,,18,5,,,B
367439280,2023-05-21T18:05:37,36.81514,-121.98319,2.0,150.9,511.0,SEA WOLF II,,WDF3386,60,,18,5,,,B
367439280,2023-05-21T18:07:06,36.81437,-121.98313,3.3,183.4,511.0,SEA WOLF II,,WDF3386,60,,18,5,,,B
367439280,2023-05-21T18:08:07,36.81362,-121.98295,3.3,181.2,511.0,SEA WOLF II,,WDF3386,60,,18,5,,,B
367439280,2023-05-21T18:09:35,36.81212,-121.98301,2.4,215.3,511.0,SEA WOLF II,,WDF3386,60,,18,5,,,B
367439280,2023-05-21T18:10:36,36.81121,-121.98355,4.5,196.2,511.0,SEA WOLF II,,WDF3386,60,,18,5,,,B
367439280,2023-05-21T18:12:06,36.81134,-121.98586,10.3,330.5,511.0,SEA WOLF II,,WDF3386,60,,18,5,,,B
367439280,2023-05-21T18:13:36,36.81504,-121.98907,11.1,318.8,511.0,SEA WOLF II,,WDF3386,60,,18,5,,,B
367439280,2023-05-21T18:21:35,36.81556,-121.99606,6.2,278.8,511.0,SEA WOLF II,,WDF3386,60,,18,5,,,B
367439280,2023-05-21T18:23:06,36.81585,-121.99809,3.0,278.6,511.0,SEA WOLF II,,WDF3386,60,,18,5,,,B
367439280,2023-05-22T18:44:01,36.80460,-121.95530,11.1,245.0,511.0,SEA WOLF II,,WDF3386,60,,18,5,,,B
367439280,2023-05-22T18:45:30,36.80320,-121.96054,10.7,268.6,511.0,SEA WOLF II,,WDF3386,60,,18,5,,,B
367439280,2023-05-22T18:47:00,36.80583,-121.96472,9.8,312.4,511.0,SEA WOLF II,,WDF3386,60,,18,5,,,B
367439280,2023-05-22T18:49:00,36.80518,-121.97172,11.2,241.8,511.0,SEA WOLF II,,WDF3386,60,,18,5,,,B
367439280,2023-05-22T18:50:29,36.80351,-121.97698,11.1,248.9,511.0,SEA WOLF II,,WDF3386,60,,18,5,,,B
367439280,2023-05-22T18:52:00,36.80083,-121.98146,11.8,200.4,511.0,SEA WOLF II,,WDF3386,60,,18,5,,,B
367439280,2023-05-22T18:53:29,36.79782,-121.98490,9.7,243.9,511.0,SEA WOLF II,,WDF3386,60,,18,5,,,B
367439280,2023-05-22T18:54:59,36.79478,-121.98855,10.5,230.0,511.0,SEA WOLF II,,WDF3386,60,,18,5,,,B
367439280,2023-05-22T18:56:31,36.79109,-121.99198,11.3,212.9,511.0,SEA WOLF II,,WDF3386,60,,18,5,,,B
367439280,2023-05-22T18:57:59,36.78699,-121.99294,11.9,165.0,511.0,SEA WOLF II,,WDF3386,60,,18,5,,,B
367439280,2023-05-22T18:59:28,36.78231,-121.99161,11.9,163.8,511.0,SEA WOLF II,,WDF3386,60,,18,5,,,B
367439280,2023-05-22T19:00:00,36.78069,-121.99120,11.1,166.2,511.0,SEA WOLF II,,WDF3386,60,,18,5,,,B
367439280,2023-05-23T19:01:48,36.78753,-121.99486,12.0,131.3,511.0,SEA WOLF II,,WDF3386,60,,18,5,,,B
367439280,2023-05-23T19:03:19,36.78413,-121.99039,10.4,126.5,511.0,SEA WOLF II,,WDF3386,60,,18,5,,,B
367439280,2023-05-23T19:04:48,36.78086,-121.98592,11.5,132.6,511.0,SEA WOLF II,,WDF3386,60,,18,5,,,B
367439280,2023-06-16T18:29:51,36.78519,-121.96552,11.5,23.3,511.0,SEA WOLF II,,WDF3386,60,,18,5,,,B
367439280,2023-06-16T18:30:53,36.78772,-121.96265,12.3,52.2,511.0,SEA WOLF II,,WDF3386,60,,18,5,,,B
367439280,2023-06-16T18:32:52,36.79149,-121.95727,7.1,33.3,511.0,SEA WOLF II,,WDF3386,60,,18,5,,,B
367439280,2023-06-16T18:34:21,36.79308,-121.95526,8.0,69.5,511.0,SEA WOLF II,,WDF3386,60,,18,5,,,B
367439280,2023-06-25T19:22:27,36.78122,-121.97352,3.4,119.5,511.0,SEA WOLF II,,WDF3386,60,,18,5,,,B
367439280,2023-06-25T19:23:57,36.78101,-121.97499,7.5,311.1,511.0,SEA WOLF II,,WDF3386,60,,18,5,,,B
367439280,2023-06-25T19:25:27,36.78233,-121.97566,4.6,89.5,511.0,SEA WOLF II,,WDF3386,60,,18,5,,,B
367439280,2023-06-25T19:26:58,36.78131,-121.97330,4.2,114.6,511.0,SEA WOLF II,,WDF3386,60,,18,5,,,B
367439280,2023-06-25T19:28:56,36.78127,-121.97406,7.3,349.8,511.0,SEA WOLF II,,WDF3386,60,,18,5,,,B
367439280,2023-06-25T19:30:26,36.78279,-121.97219,3.0,128.9,511.0,SEA WOLF II,,WDF3386,60,,18,5,,,B
367439280,2023-06-25T19:31:57,36.78173,-121.97225,2.8,182.9,511.0,SEA WOLF II,,WDF3386,60,,18,5,,,B
367439280,2023-06-25T19:33:26,36.78102,-121.97292,3.7,191.8,511.0,SEA WOLF II,,WDF3386,60,,18,5,,,B
367439280,2023-06-25T19:34:27,36.78047,-121.97401,5.4,308.8,511.0,SEA WOLF II,,WDF3386,60,,18,5,,,B
367439280,2023-06-25T19:35:56,36.78240,-121.97537,3.7,1.4,511.0,SEA WOLF II,,WDF3386,60,,18,5,,,B
367439280,2023-06-25T19:37:56,36.78316,-121.97282,6.9,131.4,511.0,SEA WOLF II,,WDF3386,60,,18,5,,,B
367439280,2023-06-25T19:39:27,36.78061,-121.97223,6.3,203.3,511.0,SEA WOLF II,,WDF3386,60,,18,5,,,B
367439280,2023-06-25T19:40:59,36.78239,-121.97467,8.7,339.8,511.0,SEA WOLF II,,WDF3386,60,,18,5,,,B
367439280,2023-06-25T19:42:26,36.78394,-121.97318,5.2,130.6,511.0,SEA WOLF II,,WDF3386,60,,18,5,,,B
367439280,2023-06-25T19:43:27,36.78306,-121.97209,3.6,119.5,511.0,SEA WOLF II,,WDF3386,60,,18,5,,,B
367439280,2023-06-25T19:44:56,36.78200,-121.97076,7.2,143.7,511.0,SEA WOLF II,,WDF3386,60,,18,5,,,B
367439280,2023-06-27T18:17:45,36.78166,-121.96231,11.5,351.0,511.0,SEA WOLF II,,WDF3386,60,,18,5,,,B
367439280,2023-06-27T18:19:14,36.78628,-121.96330,11.4,350.2,511.0,SEA WOLF II,,WDF3386,60,,18,5,,,B
367439280,2023-06-27T18:20:15,36.78937,-121.96414,10.8,351.1,511.0,SEA WOLF II,,WDF3386,60,,18,5,,,B
367439280,2023-06-27T18:22:13,36.79337,-121.96574,4.2,271.6,511.0,SEA WOLF II,,WDF3386,60,,18,5,,,B
367439280,2023-06-27T18:23:14,36.79270,-121.96760,7.5,224.7,511.0,SEA WOLF II,,WDF3386,60,,18,5,,,B
367439280,2023-06-27T18:24:45,36.79247,-121.96743,6.6,2.1,511.0,SEA WOLF II,,WDF3386,60,,18,5,,,B
367439280,2023-06-27T18:25:47,36.79342,-121.96592,2.0,18.6,511.0,SEA WOLF II,,WDF3386,60,,18,5,,,B
367439280,2023-06-27T18:27:16,36.79325,-121.96779,3.0,240.8,511.0,SEA WOLF II,,WDF3386,60,,18,5,,,B
367439280,2023-06-27T18:28:44,36.79360,-121.96855,3.8,343.1,511.0,SEA WOLF II,,WDF3386,60,,18,5,,,B
367439280,2023-06-27T18:30:13,36.79468,-121.97001,4.4,302.4,511.0,SEA WOLF II,,WDF3386,60,,18,5,,,B
367439280,2023-06-27T18:31:14,36.79369,-121.97077,7.6,212.8,511.0,SEA WOLF II,,WDF3386,60,,18,5,,,B
367439280,2023-06-27T18:32:17,36.79149,-121.97253,9.6,222.0,511.0,SEA WOLF II,,WDF3386,60,,18,5,,,B
367439280,2023-06-27T18:34:15,36.78918,-121.97804,9.3,234.5,511.0,SEA WOLF II,,WDF3386,60,,18,5,,,B
367439280,2023-06-27T18:35:45,36.78807,-121.98244,9.5,223.0,511.0,SEA WOLF II,,WDF3386,60,,18,5,,,B
367439280,2023-06-27T18:37:14,36.78588,-121.98626,10.8,240.7,511.0,SEA WOLF II,,WDF3386,60,,18,5,,,B
367439280,2023-06-27T18:38:43,36.78114,-121.98584,11.9,177.0,511.0,SEA WOLF II,,WDF3386,60,,18,5,,,B
367439280,2023-06-27T19:40:13,36.78348,-121.99728,11.0,66.0,511.0,SEA WOLF II,,WDF3386,60,,18,5,,,B
367439280,2023-06-27T19:41:15,36.78384,-121.99335,11.7,83.5,511.0,SEA WOLF II,,WDF3386,60,,18,5,,,B
367439280,2023-06-27T19:42:43,36.78330,-121.98828,7.3,124.9,511.0,SEA WOLF II,,WDF3386,60,,18,5,,,B
367439280,2023-06-27T19:44:13,36.78152,-121.98672,7.9,161.4,511.0,SEA WOLF II,,WDF3386,60,,18,5,,,B
367439280,2023-07-01T18:49:36,36.78109,-121.97424,6.5,204.1,511.0,SEA WOLF II,,WDF3386,60,,18,5,,,B
367439280,2023-07-01T18:57:02,36.78159,-121.97308,4.3,299.5,511.0,SEA WOLF II,,WDF3386,60,,18,5,,,B
367439280,2023-07-01T18:58:05,36.78214,-121.97452,5.1,272.8,511.0,SEA WOLF II,,WDF3386,60,,18,5,,,B
367439280,2023-07-01T18:59:33,36.78093,-121.97601,3.2,188.2,511.0,SEA WOLF II,,WDF3386,60,,18,5,,,B
367439280,2023-07-01T19:00:05,36.78050,-121.97576,2.4,152.9,511.0,SEA WOLF II,,WDF3386,60,,18,5,,,B
367439280,2023-07-01T19:10:04,36.78102,-121.97756,8.0,270.6,511.0,SEA WOLF II,,WDF3386,60,,18,5,,,B
367439280,2023-07-01T19:11:06,36.78095,-121.98060,7.9,262.0,511.0,SEA WOLF II,,WDF3386,60,,18,5,,,B
367439280,2023-07-01T19:12:33,36.78077,-121.98485,8.7,269.8,511.0,SEA WOLF II,,WDF3386,60,,18,5,,,B
367439280,2023-07-01T19:13:36,36.78063,-121.98791,8.4,268.1,511.0,SEA WOLF II,,WDF3386,60,,18,5,,,B
367439280,2023-07-01T22:44:42,36.78210,-121.97150,5.9,47.3,511.0,SEA WOLF II,,WDF3386,60,,18,5,,,B
367439280,2023-07-01T22:45:43,36.78320,-121.97087,4.5,14.3,511.0,SEA WOLF II,,WDF3386,60,,18,5,,,B
367439280,2023-07-01T22:47:12,36.78464,-121.97133,1.7,344.0,511.0,SEA WOLF II,,WDF3386,60,,18,5,,,B
367439280,2023-07-01T22:48:42,36.78509,-121.97112,3.1,341.2,511.0,SEA WOLF II,,WDF3386,60,,18,5,,,B
367439280,2023-07-01T22:50:42,36.78665,-121.97436,4.7,314.6,511.0,SEA WOLF II,,WDF3386,60,,18,5,,,B
367439280,2023-07-01T22:51:43,36.78683,-121.97585,8.9,210.5,511.0,SEA WOLF II,,WDF3386,60,,18,5,,,B
367439280,2023-07-01T22:53:12,36.78317,-121.97824,10.9,192.7,511.0,SEA WOLF II,,WDF3386,60,,18,5,,,B
367439280,2023-07-10T19:18:29,36.78481,-121.98805,10.0,28.4,511.0,SEA WOLF II,,WDF3386,60,,18,5,,,B
367439280,2023-07-10T19:43:27,36.78387,-121.96687,8.7,160.4,511.0,SEA WOLF II,,WDF3386,60,,18,5,,,B
367439280,2023-07-10T19:16:57,36.78106,-121.99163,11.0,36.2,511.0,SEA WOLF II,,WDF3386,60,,18,5,,,B
367439280,2023-07-10T19:19:57,36.78816,-121.98445,11.7,47.1,511.0,SEA WOLF II,,WDF3386,60,,18,5,,,B
367439280,2023-07-10T19:20:58,36.78956,-121.98146,9.9,71.2,511.0,SEA WOLF II,,WDF3386,60,,18,5,,,B
367439280,2023-07-10T19:22:27,36.78989,-121.97661,6.2,97.6,511.0,SEA WOLF II,,WDF3386,60,,18,5,,,B
367439280,2023-07-10T19:23:59,36.78989,-121.97408,8.5,80.2,511.0,SEA WOLF II,,WDF3386,60,,18,5,,,B
367439280,2023-07-10T19:25:28,36.79010,-121.97136,4.5,91.1,511.0,SEA WOLF II,,WDF3386,60,,18,5,,,B
367439280,2023-07-10T19:26:58,36.79039,-121.96872,4.0,67.6,511.0,SEA WOLF II,,WDF3386,60,,18,5,,,B
367439280,2023-07-10T19:28:28,36.79067,-121.96629,5.5,55.3,511.0,SEA WOLF II,,WDF3386,60,,18,5,,,B
367439280,2023-07-10T19:30:00,36.79105,-121.96375,5.8,73.9,511.0,SEA WOLF II,,WDF3386,60,,18,5,,,B
367439280,2023-07-10T19:31:27,36.79157,-121.96146,2.7,60.3,511.0,SEA WOLF II,,WDF3386,60,,18,5,,,B
367439280,2023-07-10T19:33:02,36.79163,-121.96328,4.0,261.4,511.0,SEA WOLF II,,WDF3386,60,,18,5,,,B
367439280,2023-07-10T19:34:28,36.79116,-121.96374,0.1,194.0,511.0,SEA WOLF II,,WDF3386,60,,18,5,,,B
367439280,2023-07-10T19:35:59,36.79080,-121.96282,6.6,147.4,511.0,SEA WOLF II,,WDF3386,60,,18,5,,,B
367439280,2023-07-10T19:37:28,36.78960,-121.96406,2.9,248.5,511.0,SEA WOLF II,,WDF3386,60,,18,5,,,B
367439280,2023-07-10T19:38:58,36.78891,-121.96596,1.6,224.4,511.0,SEA WOLF II,,WDF3386,60,,18,5,,,B
367439280,2023-07-10T19:39:59,36.78855,-121.96642,2.9,260.1,511.0,SEA WOLF II,,WDF3386,60,,18,5,,,B
367439280,2023-07-10T19:41:58,36.78689,-121.96753,7.1,192.1,511.0,SEA WOLF II,,WDF3386,60,,18,5,,,B
367439280,2023-08-05T23:05:06,36.78103,-121.99576,3.3,285.2,511.0,SEA WOLF II,,WDF3386,60,,18,5,,,B
367439280,2023-08-05T23:06:36,36.78125,-121.99663,5.5,227.3,511.0,SEA WOLF II,,WDF3386,60,,18,5,,,B
367439280,2023-08-05T23:08:06,36.78134,-121.99788,3.4,330.1,511.0,SEA WOLF II,,WDF3386,60,,18,5,,,B
367439280,2023-08-05T23:09:37,36.78201,-121.99811,0.2,55.5,511.0,SEA WOLF II,,WDF3386,60,,18,5,,,B
367439280,2023-08-05T23:11:06,36.78237,-121.99795,0.7,24.3,511.0,SEA WOLF II,,WDF3386,60,,18,5,,,B
367439280,2023-08-05T23:12:37,36.78316,-121.99788,1.5,71.0,511.0,SEA WOLF II,,WDF3386,60,,18,5,,,B
367439280,2023-08-05T23:13:39,36.78331,-121.99767,2.5,44.7,511.0,SEA WOLF II,,WDF3386,60,,18,5,,,B
367439280,2023-08-05T23:15:37,36.78413,-121.99783,0.4,17.9,511.0,SEA WOLF II,,WDF3386,60,,18,5,,,B
367439280,2023-08-05T18:36:42,36.78124,-121.96776,4.4,327.8,511.0,SEA WOLF II,,WDF3386,60,,18,5,,,B
367439280,2023-08-05T18:40:42,36.78393,-121.97049,2.2,310.8,511.0,SEA WOLF II,,WDF3386,60,,18,5,,,B
367439280,2023-08-05T18:48:43,36.78218,-121.96831,6.5,97.6,511.0,SEA WOLF II,,WDF3386,60,,18,5,,,B
367439280,2023-08-05T18:52:13,36.78282,-121.96437,2.4,130.2,511.0,SEA WOLF II,,WDF3386,60,,18,5,,,B
367439280,2023-08-05T18:54:12,36.78279,-121.96514,3.4,320.0,511.0,SEA WOLF II,,WDF3386,60,,18,5,,,B
367439280,2023-08-05T18:55:13,36.78336,-121.96595,4.4,307.6,511.0,SEA WOLF II,,WDF3386,60,,18,5,,,B
367439280,2023-08-05T18:56:41,36.78374,-121.96757,2.9,274.8,511.0,SEA WOLF II,,WDF3386,60,,18,5,,,B
367439280,2023-08-05T18:58:17,36.78390,-121.96956,5.0,269.2,511.0,SEA WOLF II,,WDF3386,60,,18,5,,,B
367439280,2023-08-05T18:45:43,36.78352,-121.97346,2.1,273.4,511.0,SEA WOLF II,,WDF3386,60,,18,5,,,B
367439280,2023-08-05T18:47:12,36.78271,-121.97297,9.7,85.3,511.0,SEA WOLF II,,WDF3386,60,,18,5,,,B
367439280,2023-08-05T18:59:40,36.78368,-121.97099,2.1,263.0,511.0,SEA WOLF II,,WDF3386,60,,18,5,,,B
367439280,2023-08-05T19:00:10,36.78368,-121.97147,2.2,274.8,511.0,SEA WOLF II,,WDF3386,60,,18,5,,,B
367439280,2023-08-05T19:01:42,36.78301,-121.97335,3.2,249.2,511.0,SEA WOLF II,,WDF3386,60,,18,5,,,B
367439280,2023-08-05T19:03:41,36.78293,-121.97466,0.5,288.3,511.0,SEA WOLF II,,WDF3386,60,,18,5,,,B
367439280,2023-08-05T19:04:42,36.78285,-121.97533,4.5,239.8,511.0,SEA WOLF II,,WDF3386,60,,18,5,,,B
367439280,2023-08-05T19:05:43,36.78253,-121.97640,4.6,247.6,511.0,SEA WOLF II,,WDF3386,60,,18,5,,,B
367439280,2023-08-05T19:06:44,36.78214,-121.97739,2.1,217.5,511.0,SEA WOLF II,,WDF3386,60,,18,5,,,B
367439280,2023-08-05T19:08:42,36.78162,-121.97766,1.5,161.7,511.0,SEA WOLF II,,WDF3386,60,,18,5,,,B
367439280,2023-08-05T19:11:11,36.78086,-121.97963,9.2,252.7,511.0,SEA WOLF II,,WDF3386,60,,18,5,,,B
367439280,2023-08-05T19:12:41,36.78062,-121.98134,0.6,243.1,511.0,SEA WOLF II,,WDF3386,60,,18,5,,,B
367439280,2023-08-05T19:15:16,36.78215,-121.98518,4.7,282.8,511.0,SEA WOLF II,,WDF3386,60,,18,5,,,B
367439280,2023-08-05T19:16:41,36.78229,-121.98663,1.8,228.6,511.0,SEA WOLF II,,WDF3386,60,,18,5,,,B
367439280,2023-08-05T19:20:11,36.78354,-121.99194,10.6,310.0,511.0,SEA WOLF II,,WDF3386,60,,18,5,,,B
367005910,2023-04-05T19:03:20,36.78308,-121.97956,11.1,294.6,511.0,BLACKFIN,,WDI2325,60,,19,8,,,B
367005910,2023-04-05T19:05:21,36.78249,-121.98660,11.2,226.4,511.0,BLACKFIN,,WDI2325,60,,19,8,,,B
367005910,2023-04-06T17:23:26,36.81250,-121.95511,11.1,320.1,511.0,BLACKFIN,,WDI2325,60,,19,8,,,B
367005910,2023-04-06T17:24:52,36.81587,-121.95883,11.0,323.3,511.0,BLACKFIN,,WDI2325,60,,19,8,,,B
367005910,2023-04-06T17:38:55,36.81557,-121.96546,4.2,237.7,511.0,BLACKFIN,,WDI2325,60,,19,8,,,B
367005910,2023-04-06T17:40:23,36.81563,-121.96626,1.1,334.3,511.0,BLACKFIN,,WDI2325,60,,19,8,,,B
367005910,2023-04-06T17:54:56,36.81614,-121.96632,8.2,231.3,511.0,BLACKFIN,,WDI2325,60,,19,8,,,B
367005910,2023-04-06T17:56:23,36.81387,-121.96769,4.2,225.6,511.0,BLACKFIN,,WDI2325,60,,19,8,,,B
367005910,2023-04-06T17:57:24,36.81322,-121.96868,3.5,228.1,511.0,BLACKFIN,,WDI2325,60,,19,8,,,B
367005910,2023-04-06T17:58:26,36.81268,-121.96943,2.4,228.8,511.0,BLACKFIN,,WDI2325,60,,19,8,,,B
367005910,2023-04-06T17:59:53,36.81202,-121.97077,3.7,234.5,511.0,BLACKFIN,,WDI2325,60,,19,8,,,B
367005910,2023-04-06T18:00:23,36.81175,-121.97120,2.4,231.8,511.0,BLACKFIN,,WDI2325,60,,19,8,,,B
367005910,2023-04-06T18:01:53,36.81138,-121.97183,0.7,190.3,511.0,BLACKFIN,,WDI2325,60,,19,8,,,B
367005910,2023-04-06T18:03:25,36.81059,-121.96838,10.7,85.5,511.0,BLACKFIN,,WDI2325,60,,19,8,,,B
367005910,2023-04-06T18:05:23,36.81042,-121.96197,3.1,96.4,511.0,BLACKFIN,,WDI2325,60,,19,8,,,B
367005910,2023-04-06T18:06:53,36.81034,-121.96098,1.4,108.1,511.0,BLACKFIN,,WDI2325,60,,19,8,,,B
367005910,2023-04-06T18:07:54,36.80968,-121.96079,2.9,200.3,511.0,BLACKFIN,,WDI2325,60,,19,8,,,B
367005910,2023-04-06T18:09:24,36.80896,-121.96143,1.6,224.2,511.0,BLACKFIN,,WDI2325,60,,19,8,,,B
367005910,2023-04-06T18:10:53,36.80837,-121.96231,1.6,216.8,511.0,BLACKFIN,,WDI2325,60,,19,8,,,B
367005910,2023-04-06T18:11:54,36.80857,-121.96352,10.5,320.2,511.0,BLACKFIN,,WDI2325,60,,19,8,,,B
367005910,2023-04-06T18:13:23,36.81275,-121.96470,11.5,359.9,511.0,BLACKFIN,,WDI2325,60,,19,8,,,B
367005910,2023-04-06T18:14:28,36.81603,-121.96487,11.4,356.8,511.0,BLACKFIN,,WDI2325,60,,19,8,,,B
367005910,2023-04-06T18:25:53,36.81450,-121.96470,11.2,188.4,511.0,BLACKFIN,,WDI2325,60,,19,8,,,B
367005910,2023-04-06T18:27:22,36.81055,-121.96544,9.3,196.9,511.0,BLACKFIN,,WDI2325,60,,19,8,,,B
367005910,2023-04-06T18:28:23,36.80819,-121.96659,9.4,210.9,511.0,BLACKFIN,,WDI2325,60,,19,8,,,B
367005910,2023-04-06T18:29:24,36.80627,-121.96813,6.4,205.5,511.0,BLACKFIN,,WDI2325,60,,19,8,,,B
367005910,2023-04-06T18:31:25,36.80408,-121.96828,9.9,180.8,511.0,BLACKFIN,,WDI2325,60,,19,8,,,B
367005910,2023-04-06T18:32:54,36.79962,-121.96992,11.7,206.2,511.0,BLACKFIN,,WDI2325,60,,19,8,,,B
367005910,2023-04-06T18:34:23,36.79568,-121.97081,4.8,188.7,511.0,BLACKFIN,,WDI2325,60,,19,8,,,B
367005910,2023-04-06T18:35:24,36.79482,-121.97108,2.3,195.7,511.0,BLACKFIN,,WDI2325,60,,19,8,,,B
367005910,2023-04-06T18:37:22,36.79350,-121.97168,4.4,209.4,511.0,BLACKFIN,,WDI2325,60,,19,8,,,B
367005910,2023-04-06T18:39:23,36.78965,-121.97551,12.1,210.6,511.0,BLACKFIN,,WDI2325,60,,19,8,,,B
367005910,2023-04-06T18:40:27,36.78781,-121.97665,3.7,211.8,511.0,BLACKFIN,,WDI2325,60,,19,8,,,B
367005910,2023-04-06T18:42:25,36.78435,-121.97856,11.3,200.6,511.0,BLACKFIN,,WDI2325,60,,19,8,,,B
367005910,2023-04-25T17:49:16,36.78136,-121.95520,1.9,293.7,511.0,BLACKFIN,,WDI2325,60,,19,8,,,B
367005910,2023-04-25T17:50:45,36.78188,-121.95670,3.5,284.0,511.0,BLACKFIN,,WDI2325,60,,19,8,,,B
367005910,2023-04-25T17:52:15,36.78150,-121.95884,5.2,259.5,511.0,BLACKFIN,,WDI2325,60,,19,8,,,B
367005910,2023-04-25T17:53:16,36.78133,-121.95999,5.1,259.9,511.0,BLACKFIN,,WDI2325,60,,19,8,,,B
367005910,2023-04-25T17:55:15,36.78127,-121.96173,2.6,272.1,511.0,BLACKFIN,,WDI2325,60,,19,8,,,B
367005910,2023-04-25T17:57:15,36.78114,-121.96266,0.5,187.5,511.0,BLACKFIN,,WDI2325,60,,19,8,,,B
367005910,2023-04-25T17:58:16,36.78106,-121.96261,0.4,209.3,511.0,BLACKFIN,,WDI2325,60,,19,8,,,B
367005910,2023-04-25T17:59:46,36.78319,-121.96287,1.0,309.9,511.0,BLACKFIN,,WDI2325,60,,19,8,,,B
367005910,2023-04-25T18:00:16,36.78295,-121.96425,12.2,233.8,511.0,BLACKFIN,,WDI2325,60,,19,8,,,B
368134480,2023-04-29T20:46:50,36.78148,-121.97304,3.6,326.1,511.0,PRINCESS MONTEREY,,WDI5027,99,15,27,8,0.0,99,A
368134480,2023-04-29T20:48:01,36.78244,-121.97396,4.3,322.0,511.0,PRINCESS MONTEREY,,WDI5027,99,15,27,8,0.0,99,A
368134480,2023-04-29T20:49:21,36.78392,-121.97532,5.8,332.7,511.0,PRINCESS MONTEREY,,WDI5027,99,15,27,8,0.0,99,A
368134480,2023-04-29T20:50:31,36.78524,-121.97606,2.5,341.3,511.0,PRINCESS MONTEREY,,WDI5027,99,15,27,8,0.0,99,A
368134480,2023-04-29T20:51:41,36.78600,-121.97638,2.7,330.4,511.0,PRINCESS MONTEREY,,WDI5027,99,15,27,8,0.0,99,A
368134480,2023-04-29T20:52:50,36.78693,-121.97720,3.6,317.4,511.0,PRINCESS MONTEREY,,WDI5027,99,15,27,8,0.0,99,A
368134480,2023-04-29T20:54:00,36.78735,-121.97807,2.3,291.6,511.0,PRINCESS MONTEREY,,WDI5027,99,15,27,8,0.0,99,A
368134480,2023-04-29T20:55:11,36.78748,-121.97941,4.5,275.4,511.0,PRINCESS MONTEREY,,WDI5027,99,15,27,8,0.0,99,A
368134480,2023-04-29T20:56:20,36.78795,-121.98080,3.2,319.0,511.0,PRINCESS MONTEREY,,WDI5027,99,15,27,8,0.0,99,A
368134480,2023-04-29T20:57:30,36.78860,-121.98160,3.2,319.6,511.0,PRINCESS MONTEREY,,WDI5027,99,15,27,8,0.0,99,A
368134480,2023-04-29T20:58:41,36.79013,-121.98230,10.7,12.0,511.0,PRINCESS MONTEREY,,WDI5027,99,15,27,8,0.0,99,A
368134480,2023-04-29T21:00:01,36.79349,-121.98131,5.4,13.5,511.0,PRINCESS MONTEREY,,WDI5027,99,15,27,8,0.0,99,A
368134480,2023-04-29T21:01:11,36.79476,-121.98161,3.3,349.1,511.0,PRINCESS MONTEREY,,WDI5027,99,15,27,8,0.0,99,A
368134480,2023-04-29T21:02:20,36.79609,-121.98126,6.4,13.2,511.0,PRINCESS MONTEREY,,WDI5027,99,15,27,8,0.0,99,A
368134480,2023-04-29T21:03:30,36.79796,-121.98119,5.1,347.7,511.0,PRINCESS MONTEREY,,WDI5027,99,15,27,8,0.0,99,A
368134480,2023-04-29T21:04:41,36.79935,-121.98227,5.4,324.6,511.0,PRINCESS MONTEREY,,WDI5027,99,15,27,8,0.0,99,A
368134480,2023-04-29T21:05:51,36.80054,-121.98354,3.9,320.5,511.0,PRINCESS MONTEREY,,WDI5027,99,15,27,8,0.0,99,A
368134480,2023-04-29T21:07:01,36.80222,-121.98267,10.3,48.3,511.0,PRINCESS MONTEREY,,WDI5027,99,15,27,8,0.0,99,A
368134480,2023-04-29T21:08:11,36.80473,-121.98084,11.1,13.3,511.0,PRINCESS MONTEREY,,WDI5027,99,15,27,8,0.0,99,A
368134480,2023-04-29T21:09:19,36.80757,-121.98166,9.4,47.0,511.0,PRINCESS MONTEREY,,WDI5027,99,15,27,8,0.0,99,A
368134480,2023-04-29T21:10:31,36.80536,-121.97872,10.8,151.6,511.0,PRINCESS MONTEREY,,WDI5027,99,15,27,8,0.0,99,A
368134480,2023-04-29T21:11:41,36.80207,-121.97682,11.5,157.4,511.0,PRINCESS MONTEREY,,WDI5027,99,15,27,8,0.0,99,A
368134480,2023-04-29T21:12:50,36.79869,-121.97502,11.6,156.5,511.0,PRINCESS MONTEREY,,WDI5027,99,15,27,8,0.0,99,A
368134480,2023-04-29T21:14:00,36.79528,-121.97328,11.6,157.1,511.0,PRINCESS MONTEREY,,WDI5027,99,15,27,8,0.0,99,A
368134480,2023-04-29T21:15:09,36.79194,-121.97151,11.3,157.1,511.0,PRINCESS MONTEREY,,WDI5027,99,15,27,8,0.0,99,A
368134480,2023-04-29T21:16:11,36.78893,-121.96993,11.3,158.0,511.0,PRINCESS MONTEREY,,WDI5027,99,15,27,8,0.0,99,A
368134480,2023-04-29T21:17:21,36.78555,-121.96813,11.4,155.5,511.0,PRINCESS MONTEREY,,WDI5027,99,15,27,8,0.0,99,A
368134480,2023-04-29T21:18:31,36.78221,-121.96631,11.3,157.0,511.0,PRINCESS MONTEREY,,WDI5027,99,15,27,8,0.0,99,A
367005910,2023-05-11T17:37:39,36.78674,-121.95592,8.8,273.4,511.0,BLACKFIN,,WDI2325,60,,19,8,,,B
367005910,2023-05-11T17:39:09,36.78837,-121.95966,7.8,326.4,511.0,BLACKFIN,,WDI2325,60,,19,8,,,B
367005910,2023-05-11T17:40:41,36.79210,-121.96063,5.9,344.5,511.0,BLACKFIN,,WDI2325,60,,19,8,,,B
367005910,2023-05-11T17:42:11,36.79445,-121.96346,10.3,290.0,511.0,BLACKFIN,,WDI2325,60,,19,8,,,B
367005910,2023-05-11T17:43:39,36.79590,-121.96675,7.8,311.9,511.0,BLACKFIN,,WDI2325,60,,19,8,,,B
367005910,2023-05-11T17:45:10,36.79577,-121.96928,8.9,159.9,511.0,BLACKFIN,,WDI2325,60,,19,8,,,B
367005910,2023-05-11T17:46:38,36.79349,-121.96467,11.1,107.4,511.0,BLACKFIN,,WDI2325,60,,19,8,,,B
367005910,2023-05-11T17:47:39,36.79227,-121.96103,10.2,115.9,511.0,BLACKFIN,,WDI2325,60,,19,8,,,B
367005910,2023-05-11T17:49:10,36.79072,-121.95551,10.9,106.5,511.0,BLACKFIN,,WDI2325,60,,19,8,,,B
367005910,2023-05-19T17:39:04,36.78049,-121.96901,11.5,307.0,511.0,BLACKFIN,,WDI2325,60,,19,8,,,B
367005910,2023-05-19T17:40:35,36.78230,-121.97473,11.7,293.4,511.0,BLACKFIN,,WDI2325,60,,19,8,,,B
367005910,2023-05-19T17:42:04,36.78419,-121.98041,12.9,295.3,511.0,BLACKFIN,,WDI2325,60,,19,8,,,B
367005910,2023-05-19T17:43:34,36.78658,-121.98590,11.6,315.3,511.0,BLACKFIN,,WDI2325,60,,19,8,,,B
367005910,2023-05-19T17:45:03,36.79004,-121.98984,11.9,308.8,511.0,BLACKFIN,,WDI2325,60,,19,8,,,B
367005910,2023-05-19T17:46:33,36.79212,-121.99392,7.3,292.1,511.0,BLACKFIN,,WDI2325,60,,19,8,,,B
367005910,2023-05-19T17:47:35,36.79268,-121.99621,2.9,280.8,511.0,BLACKFIN,,WDI2325,60,,19,8,,,B
367005910,2023-05-19T17:49:05,36.79340,-121.99579,8.1,99.2,511.0,BLACKFIN,,WDI2325,60,,19,8,,,B
367005910,2023-05-19T17:50:34,36.79201,-121.99149,10.0,121.7,511.0,BLACKFIN,,WDI2325,60,,19,8,,,B
367005910,2023-05-19T17:52:03,36.78976,-121.98718,10.9,119.9,511.0,BLACKFIN,,WDI2325,60,,19,8,,,B
367005910,2023-05-19T17:54:04,36.78920,-121.98108,10.6,77.5,511.0,BLACKFIN,,WDI2325,60,,19,8,,,B
367005910,2023-05-19T17:56:03,36.78959,-121.97484,7.5,101.4,511.0,BLACKFIN,,WDI2325,60,,19,8,,,B
367005910,2023-05-19T17:57:33,36.78840,-121.97127,6.9,117.1,511.0,BLACKFIN,,WDI2325,60,,19,8,,,B
367005910,2023-05-19T17:59:05,36.78716,-121.96749,6.8,114.5,511.0,BLACKFIN,,WDI2325,60,,19,8,,,B
367005910,2023-05-19T18:00:03,36.78637,-121.96515,7.3,113.8,511.0,BLACKFIN,,WDI2325,60,,19,8,,,B
367005910,2023-05-19T18:02:03,36.78536,-121.96006,8.1,96.5,511.0,BLACKFIN,,WDI2325,60,,19,8,,,B
367005910,2023-05-19T18:03:05,36.78518,-121.95757,7.8,99.3,511.0,BLACKFIN,,WDI2325,60,,19,8,,,B
367005910,2023-05-19T18:04:33,36.78642,-121.95388,8.3,60.8,511.0,BLACKFIN,,WDI2325,60,,19,8,,,B
367005910,2023-05-19T18:14:02,36.79473,-121.95927,15.3,306.2,511.0,BLACKFIN,,WDI2325,60,,19,8,,,B
367005910,2023-05-19T18:15:04,36.79707,-121.96337,13.7,305.5,511.0,BLACKFIN,,WDI2325,60,,19,8,,,B
367005910,2023-05-19T18:16:33,36.80046,-121.96924,14.6,306.3,511.0,BLACKFIN,,WDI2325,60,,19,8,,,B
367005910,2023-05-19T18:17:34,36.80279,-121.97318,15.7,303.0,511.0,BLACKFIN,,WDI2325,60,,19,8,,,B
367005910,2023-05-19T18:19:03,36.80569,-121.97955,13.9,298.2,511.0,BLACKFIN,,WDI2325,60,,19,8,,,B
367005910,2023-05-19T18:20:34,36.80838,-121.98619,13.9,295.1,511.0,BLACKFIN,,WDI2325,60,,19,8,,,B
367005910,2023-05-19T18:21:36,36.81022,-121.99082,14.4,299.4,511.0,BLACKFIN,,WDI2325,60,,19,8,,,B
367005910,2023-05-19T18:23:03,36.81282,-121.99737,14.3,296.4,511.0,BLACKFIN,,WDI2325,60,,19,8,,,B
367005910,2023-05-19T19:31:56,36.80581,-121.99817,13.1,152.4,511.0,BLACKFIN,,WDI2325,60,,19,8,,,B
367005910,2023-05-19T19:32:57,36.80248,-121.99644,13.2,167.6,511.0,BLACKFIN,,WDI2325,60,,19,8,,,B
367005910,2023-05-19T19:34:27,36.79755,-121.99412,11.7,153.5,511.0,BLACKFIN,,WDI2325,60,,19,8,,,B
367005910,2023-05-19T19:35:57,36.79267,-121.99134,13.2,162.0,511.0,BLACKFIN,,WDI2325,60,,19,8,,,B
367005910,2023-05-19T19:37:26,36.78772,-121.98858,11.2,151.7,511.0,BLACKFIN,,WDI2325,60,,19,8,,,B
367005910,2023-05-19T19:38:28,36.78440,-121.98681,13.7,160.0,511.0,BLACKFIN,,WDI2325,60,,19,8,,,B
367005910,2023-05-21T17:34:57,36.80906,-121.95653,7.3,304.3,511.0,BLACKFIN,,WDI2325,60,,19,8,,,B
367005910,2023-05-21T17:36:25,36.81017,-121.95807,4.2,320.9,511.0,BLACKFIN,,WDI2325,60,,19,8,,,B
367005910,2023-05-21T17:37:26,36.81084,-121.95944,4.5,286.9,511.0,BLACKFIN,,WDI2325,60,,19,8,,,B
367005910,2023-05-21T17:38:58,36.81122,-121.96151,3.8,277.9,511.0,BLACKFIN,,WDI2325,60,,19,8,,,B
367005910,2023-05-21T17:40:27,36.81134,-121.96296,3.7,276.6,511.0,BLACKFIN,,WDI2325,60,,19,8,,,B
367005910,2023-05-21T17:41:57,36.81155,-121.96773,9.9,275.5,511.0,BLACKFIN,,WDI2325,60,,19,8,,,B
367005910,2023-05-21T17:43:25,36.81176,-121.97092,1.5,288.8,511.0,BLACKFIN,,WDI2325,60,,19,8,,,B
367005910,2023-05-21T17:44:26,36.81200,-121.97158,4.9,298.1,511.0,BLACKFIN,,WDI2325,60,,19,8,,,B
367005910,2023-05-21T17:45:27,36.81253,-121.97279,4.2,288.3,511.0,BLACKFIN,,WDI2325,60,,19,8,,,B
367005910,2023-05-21T17:46:55,36.81301,-121.97443,3.3,282.0,511.0,BLACKFIN,,WDI2325,60,,19,8,,,B
367005910,2023-05-21T17:47:57,36.81422,-121.97513,12.0,25.3,511.0,BLACKFIN,,WDI2325,60,,19,8,,,B
367005910,2023-05-21T17:52:56,36.81451,-121.97590,11.9,186.4,511.0,BLACKFIN,,WDI2325,60,,19,8,,,B
367005910,2023-05-21T17:53:58,36.81117,-121.97660,11.7,191.6,511.0,BLACKFIN,,WDI2325,60,,19,8,,,B
367005910,2023-05-21T17:55:25,36.80647,-121.97762,12.1,187.4,511.0,BLACKFIN,,WDI2325,60,,19,8,,,B
367005910,2023-05-21T17:56:26,36.80315,-121.97829,11.9,188.5,511.0,BLACKFIN,,WDI2325,60,,19,8,,,B
367005910,2023-05-21T17:57:56,36.79831,-121.97932,11.8,194.3,511.0,BLACKFIN,,WDI2325,60,,19,8,,,B
367005910,2023-05-21T17:59:56,36.79311,-121.98394,11.1,235.4,511.0,BLACKFIN,,WDI2325,60,,19,8,,,B
367005910,2023-05-21T18:00:27,36.79205,-121.98557,11.6,230.8,511.0,BLACKFIN,,WDI2325,60,,19,8,,,B
367005910,2023-05-21T18:02:27,36.78778,-121.99169,11.5,233.2,511.0,BLACKFIN,,WDI2325,60,,19,8,,,B
367005910,2023-05-21T18:03:55,36.78487,-121.99494,8.8,202.3,511.0,BLACKFIN,,WDI2325,60,,19,8,,,B
367005910,2023-05-21T18:04:56,36.78270,-121.99627,6.9,261.0,511.0,BLACKFIN,,WDI2325,60,,19,8,,,B
367005910,2023-05-21T18:18:26,36.78360,-121.99770,2.1,197.4,511.0,BLACKFIN,,WDI2325,60,,19,8,,,B
367005910,2023-05-21T18:20:26,36.78223,-121.99762,5.4,119.9,511.0,BLACKFIN,,WDI2325,60,,19,8,,,B
367005910,2023-05-30T18:02:20,36.78474,-121.98145,12.5,58.3,511.0,BLACKFIN,,WDI2325,60,,19,8,,,B
367005910,2023-05-30T18:03:52,36.78734,-121.97599,11.9,65.3,511.0,BLACKFIN,,WDI2325,60,,19,8,,,B
367005910,2023-05-30T18:05:20,36.78929,-121.97037,12.2,69.0,511.0,BLACKFIN,,WDI2325,60,,19,8,,,B
367005910,2023-05-30T18:07:21,36.79079,-121.96221,12.3,75.2,511.0,BLACKFIN,,WDI2325,60,,19,8,,,B
367005910,2023-05-30T18:08:52,36.79165,-121.95602,13.1,73.3,511.0,BLACKFIN,,WDI2325,60,,19,8,,,B
367005910,2023-06-07T17:01:43,36.78441,-121.97653,14.2,345.0,511.0,BLACKFIN,,WDI2325,60,,19,8,,,B
367005910,2023-06-07T17:03:42,36.79180,-121.98068,14.5,341.4,511.0,BLACKFIN,,WDI2325,60,,19,8,,,B
367005910,2023-06-07T17:04:43,36.79560,-121.98238,14.5,336.0,511.0,BLACKFIN,,WDI2325,60,,19,8,,,B
367005910,2023-06-07T17:06:15,36.80162,-121.98478,14.9,354.1,511.0,BLACKFIN,,WDI2325,60,,19,8,,,B
367005910,2023-06-07T17:07:45,36.80761,-121.98542,15.2,348.2,511.0,BLACKFIN,,WDI2325,60,,19,8,,,B
367005910,2023-06-07T17:09:12,36.81346,-121.98680,14.4,342.2,511.0,BLACKFIN,,WDI2325,60,,19,8,,,B
367005910,2023-06-07T18:35:12,36.81456,-121.99043,11.3,151.4,511.0,BLACKFIN,,WDI2325,60,,19,8,,,B
367005910,2023-06-07T18:36:13,36.81177,-121.98840,12.1,150.5,511.0,BLACKFIN,,WDI2325,60,,19,8,,,B
367005910,2023-06-07T18:37:15,36.80883,-121.98625,12.1,149.7,511.0,BLACKFIN,,WDI2325,60,,19,8,,,B
367005910,2023-06-07T18:38:44,36.80474,-121.98313,11.5,149.7,511.0,BLACKFIN,,WDI2325,60,,19,8,,,B
367005910,2023-06-07T18:40:12,36.80065,-121.98020,11.5,152.1,511.0,BLACKFIN,,WDI2325,60,,19,8,,,B
367005910,2023-06-07T18:42:13,36.79500,-121.97639,12.3,133.2,511.0,BLACKFIN,,WDI2325,60,,19,8,,,B
367005910,2023-06-07T18:44:13,36.79067,-121.97039,10.9,133.5,511.0,BLACKFIN,,WDI2325,60,,19,8,,,B
367005910,2023-06-07T18:45:43,36.78720,-121.96613,11.8,132.3,511.0,BLACKFIN,,WDI2325,60,,19,8,,,B
367005910,2023-06-07T18:47:13,36.78339,-121.96253,11.9,142.4,511.0,BLACKFIN,,WDI2325,60,,19,8,,,B
367005910,2023-06-20T17:38:45,36.80137,-121.95452,5.7,256.1,511.0,BLACKFIN,,WDI2325,60,,19,8,,,B
367005910,2023-06-20T17:39:46,36.80127,-121.95708,7.8,283.3,511.0,BLACKFIN,,WDI2325,60,,19,8,,,B
367005910,2023-06-20T17:41:45,36.80201,-121.96198,5.2,254.1,511.0,BLACKFIN,,WDI2325,60,,19,8,,,B
367005910,2023-06-20T17:43:16,36.80195,-121.96533,5.4,278.4,511.0,BLACKFIN,,WDI2325,60,,19,8,,,B
367005910,2023-06-20T17:44:17,36.80241,-121.96720,6.0,290.7,511.0,BLACKFIN,,WDI2325,60,,19,8,,,B
367005910,2023-06-20T17:45:46,36.80264,-121.97182,9.3,279.3,511.0,BLACKFIN,,WDI2325,60,,19,8,,,B
367005910,2023-06-20T17:47:15,36.80345,-121.97560,7.3,289.6,511.0,BLACKFIN,,WDI2325,60,,19,8,,,B
367005910,2023-06-20T17:48:45,36.80411,-121.97828,6.0,293.6,511.0,BLACKFIN,,WDI2325,60,,19,8,,,B
367005910,2023-06-20T17:50:46,36.80538,-121.98368,7.7,292.6,511.0,BLACKFIN,,WDI2325,60,,19,8,,,B
367005910,2023-06-20T17:52:15,36.80542,-121.98543,4.8,250.6,511.0,BLACKFIN,,WDI2325,60,,19,8,,,B
367005910,2023-06-20T17:53:24,36.80558,-121.98812,10.7,297.0,511.0,BLACKFIN,,WDI2325,60,,19,8,,,B
367005910,2023-06-20T17:54:45,36.80637,-121.99164,5.9,280.5,511.0,BLACKFIN,,WDI2325,60,,19,8,,,B
367005910,2023-06-20T17:56:15,36.80651,-121.99543,6.9,273.8,511.0,BLACKFIN,,WDI2325,60,,19,8,,,B
367005910,2023-06-20T17:57:45,36.80684,-121.99807,3.0,282.6,511.0,BLACKFIN,,WDI2325,60,,19,8,,,B
367005910,2023-06-27T18:20:20,36.78877,-121.99185,13.5,75.2,511.0,BLACKFIN,,WDI2325,60,,19,8,,,B
367005910,2023-06-27T18:21:21,36.78918,-121.98754,13.0,131.3,511.0,BLACKFIN,,WDI2325,60,,19,8,,,B
367005910,2023-06-27T18:22:50,36.78680,-121.98895,5.3,190.1,511.0,BLACKFIN,,WDI2325,60,,19,8,,,B
367005910,2023-06-27T18:23:52,36.78558,-121.98904,7.6,161.1,511.0,BLACKFIN,,WDI2325,60,,19,8,,,B
367005910,2023-06-27T18:25:20,36.78422,-121.98963,1.4,311.7,511.0,BLACKFIN,,WDI2325,60,,19,8,,,B
367005910,2023-06-27T18:26:50,36.78624,-121.99078,3.7,345.1,511.0,BLACKFIN,,WDI2325,60,,19,8,,,B
367005910,2023-06-27T18:28:21,36.78782,-121.99061,7.2,30.6,511.0,BLACKFIN,,WDI2325,60,,19,8,,,B
367005910,2023-06-27T18:30:21,36.78830,-121.98950,3.4,171.7,511.0,BLACKFIN,,WDI2325,60,,19,8,,,B
367005910,2023-06-27T18:31:50,36.78718,-121.98993,4.7,181.5,511.0,BLACKFIN,,WDI2325,60,,19,8,,,B
367005910,2023-06-27T18:33:20,36.78476,-121.98992,6.4,181.9,511.0,BLACKFIN,,WDI2325,60,,19,8,,,B
367005910,2023-06-27T18:34:50,36.78310,-121.99093,6.9,262.2,511.0,BLACKFIN,,WDI2325,60,,19,8,,,B
367005910,2023-06-27T18:35:53,36.78121,-121.99137,11.9,151.2,511.0,BLACKFIN,,WDI2325,60,,19,8,,,B
367005910,2023-06-29T17:57:30,36.78563,-121.95571,4.9,311.0,511.0,BLACKFIN,,WDI2325,60,,19,8,,,B
367005910,2023-06-29T17:58:56,36.78664,-121.95683,0.8,336.5,511.0,BLACKFIN,,WDI2325,60,,19,8,,,B
367005910,2023-06-29T17:59:58,36.78689,-121.95705,1.7,289.0,511.0,BLACKFIN,,WDI2325,60,,19,8,,,B
367005910,2023-06-29T18:00:27,36.78690,-121.95765,5.4,271.9,511.0,BLACKFIN,,WDI2325,60,,19,8,,,B
367005910,2023-06-29T18:01:57,36.78746,-121.95984,4.6,298.2,511.0,BLACKFIN,,WDI2325,60,,19,8,,,B
367005910,2023-06-29T18:03:57,36.78928,-121.95929,6.4,70.6,511.0,BLACKFIN,,WDI2325,60,,19,8,,,B
367005910,2023-06-29T18:05:26,36.78819,-121.95674,3.6,141.5,511.0,BLACKFIN,,WDI2325,60,,19,8,,,B
367005910,2023-06-29T18:06:27,36.78760,-121.95653,1.2,214.7,511.0,BLACKFIN,,WDI2325,60,,19,8,,,B
367005910,2023-06-29T18:07:56,36.78887,-121.95774,5.5,345.7,511.0,BLACKFIN,,WDI2325,60,,19,8,,,B
367005910,2023-06-29T18:08:57,36.79003,-121.95824,4.1,345.6,511.0,BLACKFIN,,WDI2325,60,,19,8,,,B
367005910,2023-06-29T18:10:26,36.79154,-121.95833,3.5,3.2,511.0,BLACKFIN,,WDI2325,60,,19,8,,,B
367005910,2023-06-29T18:11:27,36.79283,-121.95874,6.9,338.2,511.0,BLACKFIN,,WDI2325,60,,19,8,,,B
367005910,2023-06-29T18:13:26,36.79528,-121.95909,3.8,34.2,511.0,BLACKFIN,,WDI2325,60,,19,8,,,B
367005910,2023-06-29T18:14:56,36.79489,-121.95689,6.0,141.7,511.0,BLACKFIN,,WDI2325,60,,19,8,,,B
367005910,2023-06-29T18:16:26,36.79370,-121.95572,2.5,161.5,511.0,BLACKFIN,,WDI2325,60,,19,8,,,B
367005910,2023-06-29T18:17:56,36.79153,-121.95837,10.3,216.1,511.0,BLACKFIN,,WDI2325,60,,19,8,,,B
367005910,2023-06-29T18:19:28,36.78755,-121.96108,10.9,211.0,511.0,BLACKFIN,,WDI2325,60,,19,8,,,B
367005910,2023-06-29T18:20:56,36.78363,-121.96378,10.7,206.7,511.0,BLACKFIN,,WDI2325,60,,19,8,,,B
367005910,2023-07-05T17:25:20,36.79834,-121.95364,3.5,221.6,511.0,BLACKFIN,,WDI2325,60,,19,8,,,B
367005910,2023-07-05T17:26:49,36.79754,-121.95439,2.5,212.1,511.0,BLACKFIN,,WDI2325,60,,19,8,,,B
367005910,2023-07-05T17:27:51,36.79643,-121.95380,3.4,119.8,511.0,BLACKFIN,,WDI2325,60,,19,8,,,B
367005910,2023-07-05T17:32:50,36.79211,-121.95627,7.0,234.2,511.0,BLACKFIN,,WDI2325,60,,19,8,,,B
367005910,2023-07-05T17:34:20,36.79123,-121.95803,4.6,265.3,511.0,BLACKFIN,,WDI2325,60,,19,8,,,B
367005910,2023-07-05T17:35:50,36.79115,-121.95967,1.3,251.0,511.0,BLACKFIN,,WDI2325,60,,19,8,,,B
367005910,2023-07-05T17:36:51,36.79096,-121.96035,2.4,245.0,511.0,BLACKFIN,,WDI2325,60,,19,8,,,B
367005910,2023-07-05T17:38:19,36.79048,-121.96106,1.0,229.6,511.0,BLACKFIN,,WDI2325,60,,19,8,,,B
367005910,2023-07-05T17:39:20,36.79227,-121.96224,11.2,3.8,511.0,BLACKFIN,,WDI2325,60,,19,8,,,B
367005910,2023-07-05T17:40:49,36.79457,-121.96244,2.5,347.1,511.0,BLACKFIN,,WDI2325,60,,19,8,,,B
367005910,2023-07-05T17:42:20,36.79683,-121.96262,5.6,13.5,511.0,BLACKFIN,,WDI2325,60,,19,8,,,B
367005910,2023-07-05T17:43:51,36.79841,-121.96199,2.8,21.9,511.0,BLACKFIN,,WDI2325,60,,19,8,,,B
367005910,2023-07-05T17:45:19,36.79888,-121.95938,10.4,112.7,511.0,BLACKFIN,,WDI2325,60,,19,8,,,B
367005910,2023-07-05T17:46:50,36.79767,-121.95660,4.2,133.8,511.0,BLACKFIN,,WDI2325,60,,19,8,,,B
367005910,2023-07-05T17:48:50,36.79575,-121.95773,11.6,248.2,511.0,BLACKFIN,,WDI2325,60,,19,8,,,B
367005910,2023-07-05T17:50:21,36.79397,-121.96052,3.4,193.9,511.0,BLACKFIN,,WDI2325,60,,19,8,,,B
367005910,2023-07-05T17:51:49,36.79280,-121.96091,2.6,202.5,511.0,BLACKFIN,,WDI2325,60,,19,8,,,B
367005910,2023-07-05T17:52:50,36.79207,-121.96111,2.9,191.8,511.0,BLACKFIN,,WDI2325,60,,19,8,,,B
367005910,2023-07-05T17:54:20,36.79045,-121.96074,12.0,143.8,511.0,BLACKFIN,,WDI2325,60,,19,8,,,B
367005910,2023-07-05T17:55:50,36.78740,-121.95594,13.3,122.5,511.0,BLACKFIN,,WDI2325,60,,19,8,,,B
367005910,2023-07-17T18:52:38,36.78075,-121.95421,11.6,162.2,511.0,BLACKFIN,,WDI2325,60,,19,8,,,B
367005910,2023-07-17T17:20:07,36.81518,-121.95657,4.8,199.8,511.0,BLACKFIN,,WDI2325,60,,19,8,,,B
367005910,2023-07-17T17:21:37,36.81439,-121.95627,1.1,124.4,511.0,BLACKFIN,,WDI2325,60,,19,8,,,B
367005910,2023-07-17T17:23:08,36.81445,-121.95558,4.0,36.4,511.0,BLACKFIN,,WDI2325,60,,19,8,,,B
367005910,2023-07-17T18:41:38,36.81470,-121.96695,11.0,163.5,511.0,BLACKFIN,,WDI2325,60,,19,8,,,B
367005910,2023-07-17T18:42:41,36.81140,-121.96575,11.8,163.6,511.0,BLACKFIN,,WDI2325,60,,19,8,,,B
367005910,2023-07-17T18:44:08,36.80692,-121.96402,11.9,163.3,511.0,BLACKFIN,,WDI2325,60,,19,8,,,B
367005910,2023-07-17T18:47:07,36.79771,-121.96061,11.4,165.3,511.0,BLACKFIN,,WDI2325,60,,19,8,,,B
367005910,2023-07-17T18:49:09,36.79156,-121.95821,12.4,163.5,511.0,BLACKFIN,,WDI2325,60,,19,8,,,B
367005910,2023-07-17T18:51:09,36.78534,-121.95587,10.8,165.7,511.0,BLACKFIN,,WDI2325,60,,19,8,,,B
367005910,2023-07-17T18:45:39,36.80222,-121.96234,11.2,160.6,511.0,BLACKFIN,,WDI2325,60,,19,8,,,B
367005910,2023-08-12T18:27:53,36.79690,-121.97996,12.5,158.2,511.0,BLACKFIN,,WDI2325,60,,19,8,,,B
367005910,2023-08-12T18:29:53,36.79087,-121.97710,12.1,156.0,511.0,BLACKFIN,,WDI2325,60,,19,8,,,B
367005910,2023-08-12T18:31:23,36.78633,-121.97494,11.9,161.1,511.0,BLACKFIN,,WDI2325,60,,19,8,,,B
367005910,2023-08-12T18:32:24,36.78318,-121.97356,11.6,158.5,511.0,BLACKFIN,,WDI2325,60,,19,8,,,B
367005910,2023-08-12T18:33:25,36.78215,-121.97211,0.3,56.9,511.0,BLACKFIN,,WDI2325,60,,19,8,,,B
367005910,2023-08-12T17:52:31,36.78269,-121.99045,5.3,38.6,511.0,BLACKFIN,,WDI2325,60,,19,8,,,B
367005910,2023-08-12T17:53:57,36.78358,-121.99168,2.0,290.0,511.0,BLACKFIN,,WDI2325,60,,19,8,,,B
367005910,2023-08-12T17:54:58,36.78349,-121.99205,1.0,211.9,511.0,BLACKFIN,,WDI2325,60,,19,8,,,B
367005910,2023-08-12T17:56:28,36.78323,-121.99202,1.4,149.1,511.0,BLACKFIN,,WDI2325,60,,19,8,,,B
367005910,2023-08-12T17:57:29,36.78278,-121.99057,6.7,93.4,511.0,BLACKFIN,,WDI2325,60,,19,8,,,B
367005910,2023-08-12T17:58:57,36.78366,-121.98731,6.2,48.2,511.0,BLACKFIN,,WDI2325,60,,19,8,,,B
367005910,2023-08-12T17:59:59,36.78422,-121.98629,2.1,60.9,511.0,BLACKFIN,,WDI2325,60,,19,8,,,B
367005910,2023-08-12T18:00:29,36.78457,-121.98594,4.5,23.5,511.0,BLACKFIN,,WDI2325,60,,19,8,,,B
367005910,2023-08-12T18:01:57,36.78650,-121.98578,3.0,348.8,511.0,BLACKFIN,,WDI2325,60,,19,8,,,B
367005910,2023-08-12T18:03:28,36.78710,-121.98566,1.1,0.9,511.0,BLACKFIN,,WDI2325,60,,19,8,,,B
367005910,2023-08-12T18:05:28,36.78741,-121.98535,1.1,51.3,511.0,BLACKFIN,,WDI2325,60,,19,8,,,B
367005910,2023-08-12T18:06:53,36.78845,-121.98456,5.9,20.6,511.0,BLACKFIN,,WDI2325,60,,19,8,,,B
367005910,2023-08-12T18:08:23,36.79037,-121.98432,3.0,348.4,511.0,BLACKFIN,,WDI2325,60,,19,8,,,B
367005910,2023-08-12T18:09:24,36.79085,-121.98448,0.9,12.2,511.0,BLACKFIN,,WDI2325,60,,19,8,,,B
367005910,2023-08-12T18:10:54,36.79217,-121.98532,1.9,327.4,511.0,BLACKFIN,,WDI2325,60,,19,8,,,B
367005910,2023-08-12T18:12:25,36.79278,-121.98662,1.0,293.9,511.0,BLACKFIN,,WDI2325,60,,19,8,,,B
367005910,2023-08-12T18:14:23,36.79296,-121.98734,1.6,290.1,511.0,BLACKFIN,,WDI2325,60,,19,8,,,B
367005910,2023-08-12T18:15:53,36.79332,-121.98770,1.0,354.4,511.0,BLACKFIN,,WDI2325,60,,19,8,,,B
367005910,2023-08-12T18:17:23,36.79395,-121.98752,6.3,1.7,511.0,BLACKFIN,,WDI2325,60,,19,8,,,B
367005910,2023-08-12T18:18:53,36.79557,-121.98743,2.4,24.9,511.0,BLACKFIN,,WDI2325,60,,19,8,,,B
367005910,2023-08-12T18:19:56,36.79585,-121.98725,1.2,72.7,511.0,BLACKFIN,,WDI2325,60,,19,8,,,B
367005910,2023-08-12T18:21:23,36.79621,-121.98629,2.6,70.2,511.0,BLACKFIN,,WDI2325,60,,19,8,,,B
367005910,2023-08-12T18:22:25,36.79651,-121.98550,5.1,58.6,511.0,BLACKFIN,,WDI2325,60,,19,8,,,B
367005910,2023-08-12T18:23:53,36.79788,-121.98429,3.9,4.5,511.0,BLACKFIN,,WDI2325,60,,19,8,,,B
367005910,2023-08-12T18:25:23,36.79907,-121.98426,2.8,0.6,511.0,BLACKFIN,,WDI2325,60,,19,8,,,B
367005910,2023-08-12T18:26:25,36.80032,-121.98242,10.6,88.0,511.0,BLACKFIN,,WDI2325,60,,19,8,,,B
368134480,2023-07-14T17:29:42,36.78202,-121.96560,3.7,335.6,511.0,PRINCESS MONTEREY,,WDI5027,99,15,27,8,0.0,99,A
368134480,2023-07-14T17:31:12,36.78238,-121.96542,0.9,56.7,511.0,PRINCESS MONTEREY,,WDI5027,99,15,27,8,0.0,99,A
368134480,2023-07-14T17:32:23,36.78310,-121.96645,9.6,309.5,511.0,PRINCESS MONTEREY,,WDI5027,99,15,27,8,0.0,99,A
368134480,2023-07-14T17:33:24,36.78439,-121.96842,3.9,308.6,511.0,PRINCESS MONTEREY,,WDI5027,99,15,27,8,0.0,99,A
368134480,2023-07-14T17:34:33,36.78459,-121.96947,2.0,274.0,511.0,PRINCESS MONTEREY,,WDI5027,99,15,27,8,0.0,99,A
368134480,2023-07-14T17:35:42,36.78484,-121.97020,2.3,278.4,511.0,PRINCESS MONTEREY,,WDI5027,99,15,27,8,0.0,99,A
368134480,2023-07-14T17:36:53,36.78512,-121.97090,2.1,288.4,511.0,PRINCESS MONTEREY,,WDI5027,99,15,27,8,0.0,99,A
368134480,2023-07-14T17:37:54,36.78540,-121.97157,2.2,314.3,511.0,PRINCESS MONTEREY,,WDI5027,99,15,27,8,0.0,99,A
368134480,2023-07-14T17:39:02,36.78549,-121.97201,0.6,265.2,511.0,PRINCESS MONTEREY,,WDI5027,99,15,27,8,0.0,99,A
368134480,2023-07-14T17:40:12,36.78550,-121.97232,1.0,289.9,511.0,PRINCESS MONTEREY,,WDI5027,99,15,27,8,0.0,99,A
368134480,2023-07-14T17:41:23,36.78543,-121.97264,1.9,264.1,511.0,PRINCESS MONTEREY,,WDI5027,99,15,27,8,0.0,99,A
368134480,2023-07-14T17:42:33,36.78564,-121.97085,6.8,110.0,511.0,PRINCESS MONTEREY,,WDI5027,99,15,27,8,0.0,99,A
368134480,2023-07-14T17:43:44,36.78529,-121.96931,2.6,96.0,511.0,PRINCESS MONTEREY,,WDI5027,99,15,27,8,0.0,99,A
368134480,2023-07-14T17:44:53,36.78532,-121.96868,0.9,86.2,511.0,PRINCESS MONTEREY,,WDI5027,99,15,27,8,0.0,99,A
368134480,2023-07-14T17:46:13,36.78524,-121.96820,1.2,107.4,511.0,PRINCESS MONTEREY,,WDI5027,99,15,27,8,0.0,99,A
368134480,2023-07-14T17:47:24,36.78531,-121.96784,1.0,28.6,511.0,PRINCESS MONTEREY,,WDI5027,99,15,27,8,0.0,99,A
368134480,2023-07-14T17:48:33,36.78539,-121.96826,2.1,256.4,511.0,PRINCESS MONTEREY,,WDI5027,99,15,27,8,0.0,99,A
368134480,2023-07-14T17:49:42,36.78505,-121.96874,1.5,217.4,511.0,PRINCESS MONTEREY,,WDI5027,99,15,27,8,0.0,99,A
368134480,2023-07-14T17:50:52,36.78473,-121.96909,1.3,227.8,511.0,PRINCESS MONTEREY,,WDI5027,99,15,27,8,0.0,99,A
368134480,2023-07-14T17:52:04,36.78454,-121.96952,1.5,274.5,511.0,PRINCESS MONTEREY,,WDI5027,99,15,27,8,0.0,99,A
368134480,2023-07-14T17:53:33,36.78473,-121.96989,2.9,306.9,511.0,PRINCESS MONTEREY,,WDI5027,99,15,27,8,0.0,99,A
368134480,2023-07-14T17:54:43,36.78272,-121.97046,10.3,165.4,511.0,PRINCESS MONTEREY,,WDI5027,99,15,27,8,0.0,99,A
368134480,2023-08-16T02:58:13,36.78738,-121.96779,6.1,331.1,511.0,PRINCESS MONTEREY,,WDI5027,99,15,27,8,0.0,99,A
368134480,2023-08-16T02:59:33,36.78822,-121.96926,2.8,295.3,511.0,PRINCESS MONTEREY,,WDI5027,99,15,27,8,0.0,99,A
368134480,2023-08-16T03:00:13,36.78851,-121.96968,1.5,299.0,511.0,PRINCESS MONTEREY,,WDI5027,99,15,27,8,0.0,99,A
368134480,2023-08-16T03:01:34,36.78861,-121.97004,1.4,253.8,511.0,PRINCESS MONTEREY,,WDI5027,99,15,27,8,0.0,99,A
368134480,2023-08-16T03:02:43,36.78793,-121.96993,3.4,128.8,511.0,PRINCESS MONTEREY,,WDI5027,99,15,27,8,0.0,99,A
368134480,2023-08-16T03:03:54,36.78760,-121.96874,3.3,99.4,511.0,PRINCESS MONTEREY,,WDI5027,99,15,27,8,0.0,99,A
368134480,2023-08-16T03:05:03,36.78716,-121.96772,2.0,127.3,511.0,PRINCESS MONTEREY,,WDI5027,99,15,27,8,0.0,99,A
368134480,2023-08-16T03:06:13,36.78685,-121.96734,1.2,134.8,511.0,PRINCESS MONTEREY,,WDI5027,99,15,27,8,0.0,99,A
368134480,2023-08-16T03:07:23,36.78656,-121.96690,3.2,142.8,511.0,PRINCESS MONTEREY,,WDI5027,99,15,27,8,0.0,99,A
368134480,2023-08-16T02:55:44,36.78575,-121.96522,4.0,315.6,511.0,PRINCESS MONTEREY,,WDI5027,99,15,27,8,0.0,99,A
368134480,2023-08-16T02:56:53,36.78620,-121.96632,3.3,283.0,511.0,PRINCESS MONTEREY,,WDI5027,99,15,27,8,0.0,99,A
368134480,2023-08-16T03:08:24,36.78597,-121.96624,2.2,140.3,511.0,PRINCESS MONTEREY,,WDI5027,99,15,27,8,0.0,99,A
368134480,2023-08-16T02:48:13,36.78070,-121.96171,4.9,314.3,511.0,PRINCESS MONTEREY,,WDI5027,99,15,27,8,0.0,99,A
368134480,2023-08-16T02:49:34,36.78145,-121.96277,2.4,300.5,511.0,PRINCESS MONTEREY,,WDI5027,99,15,27,8,0.0,99,A
368134480,2023-08-16T02:50:44,36.78222,-121.96355,2.5,329.5,511.0,PRINCESS MONTEREY,,WDI5027,99,15,27,8,0.0,99,A
368134480,2023-08-16T02:52:13,36.78308,-121.96398,2.4,356.5,511.0,PRINCESS MONTEREY,,WDI5027,99,15,27,8,0.0,99,A
368134480,2023-08-16T02:53:22,36.78445,-121.96427,3.0,350.1,511.0,PRINCESS MONTEREY,,WDI5027,99,15,27,8,0.0,99,A
368134480,2023-08-16T02:54:34,36.78495,-121.96444,1.1,333.7,511.0,PRINCESS MONTEREY,,WDI5027,99,15,27,8,0.0,99,A
368134480,2023-08-16T03:09:44,36.78475,-121.96554,7.4,163.2,511.0,PRINCESS MONTEREY,,WDI5027,99,15,27,8,0.0,99,A
368134480,2023-08-16T03:10:53,36.78177,-121.96436,10.8,159.5,511.0,PRINCESS MONTEREY,,WDI5027,99,15,27,8,0.0,99,A
338401702,2023-01-30T02:56:54,36.78289,-121.99786,9.1,148.7,146.0,ATALANTA,,,36,,16,5,,,B
368247080,2023-02-18T20:11:52,36.80296,-121.95655,13.1,97.1,511.0,KAHUNA,,WDM8854,60,,16,4,,,B
368247080,2023-02-18T20:10:23,36.80380,-121.96388,14.3,102.3,511.0,KAHUNA,,WDM8854,60,,16,4,,,B
368247080,2023-02-18T20:04:22,36.80631,-121.99313,15.7,91.4,511.0,KAHUNA,,WDM8854,60,,16,4,,,B
368247080,2023-02-18T20:05:52,36.80588,-121.98565,16.6,98.4,511.0,KAHUNA,,WDM8854,60,,16,4,,,B
368247080,2023-02-18T20:06:53,36.80553,-121.98067,13.2,93.4,511.0,KAHUNA,,WDM8854,60,,16,4,,,B
368247080,2023-02-18T20:07:54,36.80526,-121.97594,14.2,98.0,511.0,KAHUNA,,WDM8854,60,,16,4,,,B
368247080,2023-02-18T20:09:22,36.80429,-121.96872,13.2,93.5,511.0,KAHUNA,,WDM8854,60,,16,4,,,B
338401702,2023-04-23T06:18:23,36.80639,-121.95398,7.3,313.7,313.0,ATALANTA,,,36,,16,5,,,B
338401702,2023-04-23T06:19:24,36.80790,-121.95579,7.1,316.2,317.0,ATALANTA,,,36,,16,5,,,B
338401702,2023-04-23T06:20:53,36.81022,-121.95849,7.8,320.1,313.0,ATALANTA,,,36,,16,5,,,B
338401702,2023-04-23T06:21:56,36.81177,-121.96047,7.5,316.0,313.0,ATALANTA,,,36,,16,5,,,B
338401702,2023-04-23T06:23:23,36.81371,-121.96266,5.7,315.4,316.0,ATALANTA,,,36,,16,5,,,B
338401702,2023-04-23T06:24:24,36.81505,-121.96411,6.8,315.4,321.0,ATALANTA,,,36,,16,5,,,B
368280860,2023-04-24T19:43:32,36.78282,-121.95450,5.0,8.8,511.0,JEREMIAH,,WDN4418,36,,10,4,,,B
368280860,2023-04-24T19:44:33,36.78402,-121.95461,4.7,351.8,511.0,JEREMIAH,,WDN4418,36,,10,4,,,B
368280860,2023-04-24T19:46:34,36.78644,-121.95477,4.4,354.7,511.0,JEREMIAH,,WDN4418,36,,10,4,,,B
368280860,2023-04-24T19:49:02,36.78951,-121.95496,4.4,354.2,511.0,JEREMIAH,,WDN4418,36,,10,4,,,B
368280860,2023-04-24T19:51:02,36.79197,-121.95514,5.1,357.2,511.0,JEREMIAH,,WDN4418,36,,10,4,,,B
368280860,2023-04-24T19:52:03,36.79332,-121.95520,4.6,358.1,511.0,JEREMIAH,,WDN4418,36,,10,4,,,B
368280860,2023-04-24T19:54:05,36.79590,-121.95536,3.8,352.4,511.0,JEREMIAH,,WDN4418,36,,10,4,,,B
368280860,2023-04-24T19:56:33,36.79908,-121.95555,4.8,353.5,511.0,JEREMIAH,,WDN4418,36,,10,4,,,B
368280860,2023-04-24T19:58:04,36.80102,-121.95563,5.1,350.2,511.0,JEREMIAH,,WDN4418,36,,10,4,,,B
368280860,2023-04-24T19:59:05,36.80229,-121.95566,5.8,343.3,511.0,JEREMIAH,,WDN4418,36,,10,4,,,B
368280860,2023-04-24T20:01:03,36.80480,-121.95583,4.2,1.7,511.0,JEREMIAH,,WDN4418,36,,10,4,,,B
368280860,2023-04-24T20:03:32,36.80800,-121.95598,4.8,351.7,511.0,JEREMIAH,,WDN4418,36,,10,4,,,B
368280860,2023-04-24T20:06:02,36.81131,-121.95622,4.8,350.7,511.0,JEREMIAH,,WDN4418,36,,10,4,,,B
368280860,2023-04-24T20:07:33,36.81333,-121.95635,4.1,358.4,511.0,JEREMIAH,,WDN4418,36,,10,4,,,B
368280860,2023-04-26T19:25:45,36.81426,-121.96038,6.7,162.6,511.0,JEREMIAH,,WDN4418,36,,10,4,,,B
368280860,2023-04-26T19:27:17,36.81167,-121.95942,6.4,154.6,511.0,JEREMIAH,,WDN4418,36,,10,4,,,B
368280860,2023-04-26T19:29:45,36.80746,-121.95792,6.3,160.1,511.0,JEREMIAH,,WDN4418,36,,10,4,,,B
368280860,2023-04-26T19:31:16,36.80481,-121.95707,6.6,169.1,511.0,JEREMIAH,,WDN4418,36,,10,4,,,B
368280860,2023-04-26T19:32:45,36.80220,-121.95630,6.6,163.2,511.0,JEREMIAH,,WDN4418,36,,10,4,,,B
368280860,2023-04-26T19:34:17,36.79960,-121.95530,6.3,159.4,511.0,JEREMIAH,,WDN4418,36,,10,4,,,B
368280860,2023-04-26T19:35:45,36.79704,-121.95428,6.2,166.0,511.0,JEREMIAH,,WDN4418,36,,10,4,,,B
368247080,2023-05-04T14:10:28,36.80842,-121.95659,14.5,273.0,511.0,KAHUNA,,WDM8854,60,,16,4,,,B
368247080,2023-05-04T14:12:02,36.80804,-121.96442,14.1,255.0,511.0,KAHUNA,,WDM8854,60,,16,4,,,B
368247080,2023-05-04T14:13:28,36.80822,-121.97149,14.4,274.7,511.0,KAHUNA,,WDM8854,60,,16,4,,,B
368247080,2023-05-04T14:14:59,36.80841,-121.97918,14.8,268.5,511.0,KAHUNA,,WDM8854,60,,16,4,,,B
368247080,2023-05-04T14:16:28,36.80851,-121.98671,14.2,271.5,511.0,KAHUNA,,WDM8854,60,,16,4,,,B
368247080,2023-05-04T14:17:29,36.80847,-121.99179,14.7,264.1,511.0,KAHUNA,,WDM8854,60,,16,4,,,B
368247080,2023-05-07T19:14:27,36.78856,-121.95685,14.3,271.4,511.0,KAHUNA,,WDM8854,60,,16,4,,,B
368247080,2023-05-07T19:15:56,36.79260,-121.96143,14.3,340.5,511.0,KAHUNA,,WDM8854,60,,16,4,,,B
368247080,2023-05-07T19:17:25,36.79849,-121.96301,14.3,354.8,511.0,KAHUNA,,WDM8854,60,,16,4,,,B
368247080,2023-05-07T19:18:27,36.80250,-121.96393,14.1,347.1,511.0,KAHUNA,,WDM8854,60,,16,4,,,B
368247080,2023-05-07T19:19:55,36.80816,-121.96627,14.3,337.2,511.0,KAHUNA,,WDM8854,60,,16,4,,,B
368247080,2023-05-07T19:20:56,36.81207,-121.96786,14.3,341.5,511.0,KAHUNA,,WDM8854,60,,16,4,,,B
368247080,2023-05-13T13:35:27,36.81065,-121.95829,12.3,262.8,511.0,KAHUNA,,WDM8854,60,,16,4,,,B
368247080,2023-05-13T13:36:57,36.81032,-121.96442,11.7,266.5,511.0,KAHUNA,,WDM8854,60,,16,4,,,B
368247080,2023-05-13T13:38:29,36.81075,-121.97068,11.6,272.1,511.0,KAHUNA,,WDM8854,60,,16,4,,,B
368247080,2023-05-13T13:39:59,36.81155,-121.97684,11.7,292.2,511.0,KAHUNA,,WDM8854,60,,16,4,,,B
368247080,2023-05-13T13:41:28,36.81309,-121.98272,11.3,282.5,511.0,KAHUNA,,WDM8854,60,,16,4,,,B
368247080,2023-05-13T13:42:57,36.81460,-121.98871,11.6,283.6,511.0,KAHUNA,,WDM8854,60,,16,4,,,B
368247080,2023-05-13T13:44:27,36.81599,-121.99472,11.3,283.4,511.0,KAHUNA,,WDM8854,60,,16,4,,,B
368247080,2023-05-13T18:50:43,36.78392,-121.99819,13.1,118.7,511.0,KAHUNA,,WDM8854,60,,16,4,,,B
368247080,2023-05-13T18:52:14,36.78151,-121.99204,14.8,125.1,511.0,KAHUNA,,WDM8854,60,,16,4,,,B
368280860,2023-05-15T19:05:33,36.78300,-121.96051,6.0,344.1,511.0,JEREMIAH,,WDN4418,36,,10,4,,,B
368280860,2023-05-15T19:07:03,36.78519,-121.96133,6.1,343.7,511.0,JEREMIAH,,WDN4418,36,,10,4,,,B
368280860,2023-05-15T19:08:32,36.78737,-121.96216,5.9,351.6,511.0,JEREMIAH,,WDN4418,36,,10,4,,,B
368280860,2023-05-15T19:09:33,36.78875,-121.96272,5.2,337.8,511.0,JEREMIAH,,WDN4418,36,,10,4,,,B
368280860,2023-05-15T19:11:02,36.79078,-121.96352,5.0,346.7,511.0,JEREMIAH,,WDN4418,36,,10,4,,,B
368280860,2023-05-15T19:12:32,36.79280,-121.96432,4.9,341.8,511.0,JEREMIAH,,WDN4418,36,,10,4,,,B
368280860,2023-05-15T19:14:03,36.79486,-121.96514,5.7,346.2,511.0,JEREMIAH,,WDN4418,36,,10,4,,,B
368280860,2023-05-15T19:15:32,36.79681,-121.96598,5.2,342.4,511.0,JEREMIAH,,WDN4418,36,,10,4,,,B
368280860,2023-05-15T19:17:04,36.79884,-121.96680,5.6,341.1,511.0,JEREMIAH,,WDN4418,36,,10,4,,,B
368280860,2023-05-15T19:18:32,36.80076,-121.96767,4.9,338.0,511.0,JEREMIAH,,WDN4418,36,,10,4,,,B
368280860,2023-05-15T19:19:33,36.80207,-121.96824,4.3,340.1,511.0,JEREMIAH,,WDN4418,36,,10,4,,,B
368280860,2023-05-15T19:21:03,36.80398,-121.96912,5.0,337.0,511.0,JEREMIAH,,WDN4418,36,,10,4,,,B
368280860,2023-05-15T19:22:34,36.80584,-121.96996,4.8,343.2,511.0,JEREMIAH,,WDN4418,36,,10,4,,,B
368280860,2023-05-15T19:24:04,36.80772,-121.97087,5.1,331.3,511.0,JEREMIAH,,WDN4418,36,,10,4,,,B
368280860,2023-05-15T19:25:33,36.80970,-121.97178,4.7,345.7,511.0,JEREMIAH,,WDN4418,36,,10,4,,,B
368280860,2023-05-15T19:27:02,36.81175,-121.97282,5.4,333.1,511.0,JEREMIAH,,WDN4418,36,,10,4,,,B
368280860,2023-05-15T19:29:02,36.81435,-121.97399,4.7,341.8,511.0,JEREMIAH,,WDN4418,36,,10,4,,,B
368280860,2023-05-15T19:30:32,36.81627,-121.97479,4.3,343.9,511.0,JEREMIAH,,WDN4418,36,,10,4,,,B
368247080,2023-05-20T17:59:56,36.78448,-121.99469,11.2,105.4,511.0,KAHUNA,,WDM8854,60,,16,4,,,B
368247080,2023-05-20T18:00:25,36.78393,-121.99265,10.6,105.0,511.0,KAHUNA,,WDM8854,60,,16,4,,,B
368247080,2023-05-20T18:01:28,36.78309,-121.98827,11.7,98.4,511.0,KAHUNA,,WDM8854,60,,16,4,,,B
368247080,2023-05-20T18:02:55,36.78292,-121.98227,11.8,75.2,511.0,KAHUNA,,WDM8854,60,,16,4,,,B
368247080,2023-05-20T18:03:56,36.78296,-121.97789,10.9,90.0,511.0,KAHUNA,,WDM8854,60,,16,4,,,B
368247080,2023-05-20T18:05:24,36.78231,-121.97180,12.2,118.6,511.0,KAHUNA,,WDM8854,60,,16,4,,,B
368247080,2023-05-21T17:33:30,36.81395,-121.99787,17.0,101.3,511.0,KAHUNA,,WDM8854,60,,16,4,,,B
368247080,2023-05-21T17:35:02,36.81337,-121.98959,16.1,93.0,511.0,KAHUNA,,WDM8854,60,,16,4,,,B
368247080,2023-05-21T17:36:31,36.81160,-121.98167,15.7,123.3,511.0,KAHUNA,,WDM8854,60,,16,4,,,B
368247080,2023-05-21T17:37:59,36.80836,-121.97484,16.3,134.4,511.0,KAHUNA,,WDM8854,60,,16,4,,,B
368247080,2023-05-21T17:39:30,36.80429,-121.96854,11.4,113.6,511.0,KAHUNA,,WDM8854,60,,16,4,,,B
368247080,2023-05-21T17:41:00,36.80347,-121.96177,14.3,86.2,511.0,KAHUNA,,WDM8854,60,,16,4,,,B
368247080,2023-05-21T17:42:01,36.80461,-121.95714,13.5,80.4,511.0,KAHUNA,,WDM8854,60,,16,4,,,B
368247080,2023-05-27T20:39:27,36.80786,-121.99585,14.6,96.9,511.0,KAHUNA,,WDM8854,60,,16,4,,,B
368247080,2023-05-27T20:40:55,36.80749,-121.98839,14.9,91.2,511.0,KAHUNA,,WDM8854,60,,16,4,,,B
368247080,2023-05-27T20:42:25,36.80705,-121.98082,13.6,96.1,511.0,KAHUNA,,WDM8854,60,,16,4,,,B
368247080,2023-05-27T20:43:27,36.80684,-121.97528,16.0,88.0,511.0,KAHUNA,,WDM8854,60,,16,4,,,B
368247080,2023-05-27T20:44:57,36.80660,-121.96757,15.4,92.5,511.0,KAHUNA,,WDM8854,60,,16,4,,,B
368247080,2023-05-27T20:46:25,36.80555,-121.96026,14.2,92.0,511.0,KAHUNA,,WDM8854,60,,16,4,,,B
368247080,2023-05-27T20:47:28,36.80510,-121.95489,15.1,100.6,511.0,KAHUNA,,WDM8854,60,,16,4,,,B
368280860,2023-05-29T17:17:05,36.78282,-121.95447,6.5,344.2,511.0,JEREMIAH,,WDN4418,36,,10,4,,,B
368280860,2023-05-29T17:18:33,36.78537,-121.95529,6.0,347.7,511.0,JEREMIAH,,WDN4418,36,,10,4,,,B
368280860,2023-05-29T17:19:35,36.78715,-121.95589,6.6,347.3,511.0,JEREMIAH,,WDN4418,36,,10,4,,,B
368280860,2023-05-29T17:21:04,36.78968,-121.95666,6.3,345.3,511.0,JEREMIAH,,WDN4418,36,,10,4,,,B
368280860,2023-05-29T17:22:36,36.79233,-121.95753,6.4,342.2,511.0,JEREMIAH,,WDN4418,36,,10,4,,,B
368280860,2023-05-29T17:24:04,36.79484,-121.95839,6.3,347.5,511.0,JEREMIAH,,WDN4418,36,,10,4,,,B
368280860,2023-05-29T17:25:33,36.79732,-121.95924,6.2,346.4,511.0,JEREMIAH,,WDN4418,36,,10,4,,,B
368280860,2023-05-29T17:28:05,36.80160,-121.96072,5.9,343.9,511.0,JEREMIAH,,WDN4418,36,,10,4,,,B
368280860,2023-05-29T17:29:34,36.80411,-121.96156,6.6,341.4,511.0,JEREMIAH,,WDN4418,36,,10,4,,,B
368280860,2023-05-29T17:31:34,36.80746,-121.96272,6.5,345.7,511.0,JEREMIAH,,WDN4418,36,,10,4,,,B
368280860,2023-05-29T17:33:03,36.80994,-121.96357,6.2,343.9,511.0,JEREMIAH,,WDN4418,36,,10,4,,,B
368280860,2023-05-29T17:34:04,36.81161,-121.96415,6.4,342.7,511.0,JEREMIAH,,WDN4418,36,,10,4,,,B
368280860,2023-05-29T17:36:05,36.81495,-121.96537,6.2,342.4,511.0,JEREMIAH,,WDN4418,36,,10,4,,,B
368280860,2023-05-31T18:29:25,36.81541,-121.95661,5.9,166.7,511.0,JEREMIAH,,WDN4418,36,,10,4,,,B
368280860,2023-05-31T18:31:24,36.81227,-121.95530,6.3,162.6,511.0,JEREMIAH,,WDN4418,36,,10,4,,,B
368280860,2023-05-31T18:33:24,36.80906,-121.95384,6.0,163.5,511.0,JEREMIAH,,WDN4418,36,,10,4,,,B
368247080,2023-06-02T13:43:51,36.80394,-121.95546,14.9,273.5,511.0,KAHUNA,,WDM8854,60,,16,4,,,B
368247080,2023-06-02T13:45:21,36.80412,-121.96277,13.8,272.7,511.0,KAHUNA,,WDM8854,60,,16,4,,,B
368247080,2023-06-02T13:46:50,36.80435,-121.97022,14.2,272.4,511.0,KAHUNA,,WDM8854,60,,16,4,,,B
368247080,2023-06-02T13:48:50,36.80458,-121.98012,14.9,274.2,511.0,KAHUNA,,WDM8854,60,,16,4,,,B
368247080,2023-06-02T13:50:24,36.80457,-121.98783,13.4,271.0,511.0,KAHUNA,,WDM8854,60,,16,4,,,B
368247080,2023-06-02T13:51:50,36.80447,-121.99484,14.9,268.2,511.0,KAHUNA,,WDM8854,60,,16,4,,,B
368247080,2023-06-02T16:12:48,36.78999,-121.99817,12.6,106.6,511.0,KAHUNA,,WDM8854,60,,16,4,,,B
368247080,2023-06-02T16:14:18,36.78759,-121.99169,10.8,114.1,511.0,KAHUNA,,WDM8854,60,,16,4,,,B
368247080,2023-06-02T16:16:16,36.78421,-121.98366,13.7,113.4,511.0,KAHUNA,,WDM8854,60,,16,4,,,B
368247080,2023-06-02T16:17:18,36.78233,-121.97922,15.4,117.6,511.0,KAHUNA,,WDM8854,60,,16,4,,,B
368247080,2023-06-02T16:18:46,36.78064,-121.97243,15.8,113.0,511.0,KAHUNA,,WDM8854,60,,16,4,,,B
368247080,2023-06-03T13:46:23,36.81073,-121.95347,16.3,271.3,511.0,KAHUNA,,WDM8854,60,,16,4,,,B
368247080,2023-06-03T13:47:53,36.81070,-121.96154,15.2,267.4,511.0,KAHUNA,,WDM8854,60,,16,4,,,B
368247080,2023-06-03T13:49:24,36.81055,-121.96964,16.0,269.2,511.0,KAHUNA,,WDM8854,60,,16,4,,,B
368247080,2023-06-03T13:50:54,36.81040,-121.97777,15.8,268.1,511.0,KAHUNA,,WDM8854,60,,16,4,,,B
368247080,2023-06-03T13:52:23,36.81025,-121.98583,16.4,273.1,511.0,KAHUNA,,WDM8854,60,,16,4,,,B
368247080,2023-06-03T13:53:25,36.81009,-121.99150,16.3,269.5,511.0,KAHUNA,,WDM8854,60,,16,4,,,B
368247080,2023-06-04T13:38:26,36.80982,-121.95586,14.6,270.9,511.0,KAHUNA,,WDM8854,60,,16,4,,,B
368247080,2023-06-04T13:39:55,36.80964,-121.96322,13.8,266.1,511.0,KAHUNA,,WDM8854,60,,16,4,,,B
368247080,2023-06-04T13:41:25,36.80924,-121.97053,14.2,264.0,511.0,KAHUNA,,WDM8854,60,,16,4,,,B
368247080,2023-06-04T13:42:54,36.80893,-121.97772,13.9,267.3,511.0,KAHUNA,,WDM8854,60,,16,4,,,B
368247080,2023-06-04T13:44:24,36.80844,-121.98493,13.7,267.9,511.0,KAHUNA,,WDM8854,60,,16,4,,,B
368247080,2023-06-04T13:45:25,36.80806,-121.98988,13.7,258.4,511.0,KAHUNA,,WDM8854,60,,16,4,,,B
368247080,2023-06-04T16:16:12,36.79509,-121.99533,8.0,93.4,511.0,KAHUNA,,WDM8854,60,,16,4,,,B
368247080,2023-06-04T16:17:42,36.79505,-121.99038,9.5,97.1,511.0,KAHUNA,,WDM8854,60,,16,4,,,B
368247080,2023-06-04T16:19:12,36.79356,-121.98572,8.4,118.9,511.0,KAHUNA,,WDM8854,60,,16,4,,,B
368247080,2023-06-04T16:20:43,36.79229,-121.98093,10.6,94.7,511.0,KAHUNA,,WDM8854,60,,16,4,,,B
368247080,2023-06-04T16:22:13,36.79272,-121.97571,8.9,79.0,511.0,KAHUNA,,WDM8854,60,,16,4,,,B
368247080,2023-06-04T16:23:42,36.79026,-121.97290,8.9,168.4,511.0,KAHUNA,,WDM8854,60,,16,4,,,B
368247080,2023-06-04T16:25:11,36.78825,-121.96889,10.4,99.2,511.0,KAHUNA,,WDM8854,60,,16,4,,,B
368247080,2023-06-04T16:26:12,36.78814,-121.96557,9.1,87.1,511.0,KAHUNA,,WDM8854,60,,16,4,,,B
368247080,2023-06-04T16:27:13,36.78763,-121.96232,10.7,130.8,511.0,KAHUNA,,WDM8854,60,,16,4,,,B
368247080,2023-06-04T16:28:43,36.78583,-121.95841,8.2,83.2,511.0,KAHUNA,,WDM8854,60,,16,4,,,B
368247080,2023-06-04T16:30:12,36.78571,-121.95342,10.2,87.0,511.0,KAHUNA,,WDM8854,60,,16,4,,,B
368247080,2023-06-10T13:49:52,36.80389,-121.95709,13.2,267.3,511.0,KAHUNA,,WDM8854,60,,16,4,,,B
368247080,2023-06-10T13:51:22,36.80377,-121.96381,12.4,269.3,511.0,KAHUNA,,WDM8854,60,,16,4,,,B
368247080,2023-06-10T13:52:53,36.80359,-121.97048,12.3,267.0,511.0,KAHUNA,,WDM8854,60,,16,4,,,B
368247080,2023-06-10T13:54:21,36.80341,-121.97697,13.1,267.6,511.0,KAHUNA,,WDM8854,60,,16,4,,,B
368247080,2023-06-10T13:55:22,36.80328,-121.98141,12.6,266.7,511.0,KAHUNA,,WDM8854,60,,16,4,,,B
368247080,2023-06-10T13:56:52,36.80313,-121.98794,12.3,270.0,511.0,KAHUNA,,WDM8854,60,,16,4,,,B
368247080,2023-06-10T13:58:22,36.80295,-121.99455,12.9,269.4,511.0,KAHUNA,,WDM8854,60,,16,4,,,B
368247080,2023-06-11T14:13:07,36.80563,-121.96061,13.8,267.9,511.0,KAHUNA,,WDM8854,60,,16,4,,,B
368247080,2023-06-11T14:14:36,36.80545,-121.96779,14.6,268.3,511.0,KAHUNA,,WDM8854,60,,16,4,,,B
368247080,2023-06-11T14:16:06,36.80524,-121.97511,14.5,265.2,511.0,KAHUNA,,WDM8854,60,,16,4,,,B
368247080,2023-06-11T14:17:38,36.80501,-121.98263,14.1,269.3,511.0,KAHUNA,,WDM8854,60,,16,4,,,B
368247080,2023-06-11T14:19:07,36.80485,-121.98972,14.1,266.9,511.0,KAHUNA,,WDM8854,60,,16,4,,,B
368247080,2023-06-11T14:20:09,36.80472,-121.99473,14.0,267.3,511.0,KAHUNA,,WDM8854,60,,16,4,,,B
368247080,2023-06-15T13:40:02,36.80411,-121.95813,13.3,267.5,511.0,KAHUNA,,WDM8854,60,,16,4,,,B
368247080,2023-06-15T13:41:31,36.80378,-121.96508,13.2,264.0,511.0,KAHUNA,,WDM8854,60,,16,4,,,B
368247080,2023-06-15T13:42:32,36.80360,-121.96972,12.6,265.9,511.0,KAHUNA,,WDM8854,60,,16,4,,,B
368247080,2023-06-15T13:44:02,36.80348,-121.97653,14.1,267.6,511.0,KAHUNA,,WDM8854,60,,16,4,,,B
368247080,2023-06-15T13:45:31,36.80335,-121.98324,13.6,266.1,511.0,KAHUNA,,WDM8854,60,,16,4,,,B
368247080,2023-06-15T13:47:01,36.80303,-121.98990,13.3,259.3,511.0,KAHUNA,,WDM8854,60,,16,4,,,B
368247080,2023-06-15T13:48:02,36.80247,-121.99444,13.1,264.9,511.0,KAHUNA,,WDM8854,60,,16,4,,,B
368247080,2023-06-15T18:19:18,36.80079,-121.99582,10.6,105.8,511.0,KAHUNA,,WDM8854,60,,16,4,,,B
368247080,2023-06-15T18:20:49,36.79929,-121.98958,11.5,88.0,511.0,KAHUNA,,WDM8854,60,,16,4,,,B
368247080,2023-06-15T18:22:18,36.80128,-121.98470,11.5,44.1,511.0,KAHUNA,,WDM8854,60,,16,4,,,B
368247080,2023-06-15T18:23:50,36.80255,-121.97873,12.3,82.1,511.0,KAHUNA,,WDM8854,60,,16,4,,,B
368247080,2023-06-15T18:25:19,36.80222,-121.97229,12.7,91.0,511.0,KAHUNA,,WDM8854,60,,16,4,,,B
368247080,2023-06-15T18:26:48,36.80225,-121.96607,12.6,104.7,511.0,KAHUNA,,WDM8854,60,,16,4,,,B
368247080,2023-06-15T18:28:18,36.80203,-121.95989,12.4,86.5,511.0,KAHUNA,,WDM8854,60,,16,4,,,B
368247080,2023-06-15T18:29:47,36.80199,-121.95347,13.7,84.2,511.0,KAHUNA,,WDM8854,60,,16,4,,,B
368247080,2023-06-17T13:55:46,36.80567,-121.95741,11.7,266.9,511.0,KAHUNA,,WDM8854,60,,16,4,,,B
368247080,2023-06-17T13:57:16,36.80498,-121.96345,11.8,261.1,511.0,KAHUNA,,WDM8854,60,,16,4,,,B
368247080,2023-06-17T13:58:45,36.80446,-121.96950,12.5,263.6,511.0,KAHUNA,,WDM8854,60,,16,4,,,B
368247080,2023-06-17T13:59:46,36.80409,-121.97367,11.6,265.3,511.0,KAHUNA,,WDM8854,60,,16,4,,,B
368247080,2023-06-17T14:00:17,36.80394,-121.97580,11.9,264.2,511.0,KAHUNA,,WDM8854,60,,16,4,,,B
368247080,2023-06-17T14:02:16,36.80334,-121.98391,11.9,265.3,511.0,KAHUNA,,WDM8854,60,,16,4,,,B
368247080,2023-06-17T14:03:46,36.80289,-121.99002,12.2,263.7,511.0,KAHUNA,,WDM8854,60,,16,4,,,B
368247080,2023-06-17T14:05:16,36.80246,-121.99616,11.9,263.0,511.0,KAHUNA,,WDM8854,60,,16,4,,,B
368247080,2023-06-18T13:44:02,36.79975,-121.95844,11.1,268.1,511.0,KAHUNA,,WDM8854,60,,16,4,,,B
368247080,2023-06-18T13:45:04,36.79958,-121.96266,12.1,268.4,511.0,KAHUNA,,WDM8854,60,,16,4,,,B
368247080,2023-06-18T13:46:32,36.79933,-121.96861,11.3,268.1,511.0,KAHUNA,,WDM8854,60,,16,4,,,B
368247080,2023-06-18T13:47:33,36.79917,-121.97279,11.6,266.5,511.0,KAHUNA,,WDM8854,60,,16,4,,,B
368247080,2023-06-18T13:49:04,36.79890,-121.97899,11.7,267.6,511.0,KAHUNA,,WDM8854,60,,16,4,,,B
368247080,2023-06-18T13:51:03,36.79857,-121.98723,12.1,266.6,511.0,KAHUNA,,WDM8854,60,,16,4,,,B
368247080,2023-06-18T13:52:33,36.79827,-121.99348,12.5,267.2,511.0,KAHUNA,,WDM8854,60,,16,4,,,B
368247080,2023-06-23T13:37:24,36.80107,-121.95341,13.2,269.1,511.0,KAHUNA,,WDM8854,60,,16,4,,,B
368247080,2023-06-23T13:38:54,36.80084,-121.96043,13.0,267.5,511.0,KAHUNA,,WDM8854,60,,16,4,,,B
368247080,2023-06-23T13:40:23,36.80063,-121.96733,14.0,267.6,511.0,KAHUNA,,WDM8854,60,,16,4,,,B
368247080,2023-06-23T13:41:24,36.80058,-121.97197,14.3,266.1,511.0,KAHUNA,,WDM8854,60,,16,4,,,B
368247080,2023-06-23T13:42:53,36.80036,-121.97872,12.9,267.7,511.0,KAHUNA,,WDM8854,60,,16,4,,,B
368247080,2023-06-23T13:43:55,36.80014,-121.98355,14.7,266.4,511.0,KAHUNA,,WDM8854,60,,16,4,,,B
368247080,2023-06-23T13:45:23,36.79996,-121.99045,13.6,268.9,511.0,KAHUNA,,WDM8854,60,,16,4,,,B
368247080,2023-06-23T13:46:24,36.79977,-121.99523,14.3,265.7,511.0,KAHUNA,,WDM8854,60,,16,4,,,B
368247080,2023-06-23T17:43:23,36.80387,-121.99698,15.2,112.4,511.0,KAHUNA,,WDM8854,60,,16,4,,,B
368247080,2023-06-23T17:44:51,36.80132,-121.99063,12.4,109.7,511.0,KAHUNA,,WDM8854,60,,16,4,,,B
368247080,2023-06-23T17:46:21,36.80097,-121.98335,13.8,91.0,511.0,KAHUNA,,WDM8854,60,,16,4,,,B
368247080,2023-06-23T17:47:50,36.80078,-121.97646,13.4,83.6,511.0,KAHUNA,,WDM8854,60,,16,4,,,B
368247080,2023-06-23T17:49:50,36.80037,-121.96827,12.5,90.7,511.0,KAHUNA,,WDM8854,60,,16,4,,,B
368247080,2023-06-23T17:50:52,36.79994,-121.96372,13.5,94.6,511.0,KAHUNA,,WDM8854,60,,16,4,,,B
368247080,2023-06-23T17:52:21,36.79962,-121.95683,11.8,94.6,511.0,KAHUNA,,WDM8854,60,,16,4,,,B
368247080,2023-06-29T13:26:04,36.80080,-121.96204,17.2,269.0,511.0,KAHUNA,,WDM8854,60,,16,4,,,B
368247080,2023-06-29T13:27:29,36.80059,-121.97056,17.6,267.6,511.0,KAHUNA,,WDM8854,60,,16,4,,,B
368247080,2023-06-29T13:28:30,36.80049,-121.97665,16.8,266.7,511.0,KAHUNA,,WDM8854,60,,16,4,,,B
368247080,2023-06-29T13:30:00,36.80032,-121.98555,17.8,264.9,511.0,KAHUNA,,WDM8854,60,,16,4,,,B
368247080,2023-06-29T13:31:01,36.80010,-121.99149,18.3,267.1,511.0,KAHUNA,,WDM8854,60,,16,4,,,B
368247080,2023-06-29T17:44:34,36.80399,-121.99523,14.2,103.2,511.0,KAHUNA,,WDM8854,60,,16,4,,,B
368247080,2023-06-29T17:46:05,36.80381,-121.98753,15.3,93.1,511.0,KAHUNA,,WDM8854,60,,16,4,,,B
368247080,2023-06-29T17:48:05,36.80159,-121.97813,15.1,118.3,511.0,KAHUNA,,WDM8854,60,,16,4,,,B
368247080,2023-06-29T17:49:06,36.79994,-121.97338,15.0,111.3,511.0,KAHUNA,,WDM8854,60,,16,4,,,B
368247080,2023-06-29T17:50:35,36.79697,-121.96690,15.7,119.2,511.0,KAHUNA,,WDM8854,60,,16,4,,,B
368247080,2023-06-29T17:52:06,36.79454,-121.95987,16.9,113.7,511.0,KAHUNA,,WDM8854,60,,16,4,,,B
368280860,2023-06-29T19:11:53,36.81583,-121.95440,5.4,156.0,511.0,JEREMIAH,,WDN4418,36,,10,4,,,B
368280860,2023-06-29T19:13:24,36.81344,-121.95402,5.6,182.9,511.0,JEREMIAH,,WDN4418,36,,10,4,,,B
368280860,2023-06-29T19:14:25,36.81186,-121.95370,5.7,157.2,511.0,JEREMIAH,,WDN4418,36,,10,4,,,B
368247080,2023-07-01T14:01:54,36.80172,-121.95726,14.6,266.2,511.0,KAHUNA,,WDM8854,60,,16,4,,,B
368247080,2023-07-01T14:03:24,36.80159,-121.96475,14.6,269.2,511.0,KAHUNA,,WDM8854,60,,16,4,,,B
368247080,2023-07-01T14:04:55,36.80145,-121.97253,14.4,269.0,511.0,KAHUNA,,WDM8854,60,,16,4,,,B
368247080,2023-07-01T14:06:23,36.80127,-121.97995,14.9,269.9,511.0,KAHUNA,,WDM8854,60,,16,4,,,B
368247080,2023-07-01T14:07:24,36.80120,-121.98509,13.9,268.4,511.0,KAHUNA,,WDM8854,60,,16,4,,,B
368247080,2023-07-01T14:08:54,36.80098,-121.99265,14.9,265.1,511.0,KAHUNA,,WDM8854,60,,16,4,,,B
338363586,2023-07-04T18:37:19,36.79703,-121.97381,6.7,155.5,511.0,FRED B WOOD,,,36,,12,4,,,B
338363586,2023-07-04T18:38:50,36.79461,-121.97228,6.5,154.5,511.0,FRED B WOOD,,,36,,12,4,,,B
338363586,2023-07-04T18:40:48,36.79126,-121.97083,6.0,166.6,511.0,FRED B WOOD,,,36,,12,4,,,B
338363586,2023-07-04T18:42:19,36.78864,-121.96996,6.3,168.0,511.0,FRED B WOOD,,,36,,12,4,,,B
338363586,2023-07-04T18:43:20,36.78694,-121.96938,6.4,162.4,511.0,FRED B WOOD,,,36,,12,4,,,B
338363586,2023-07-04T18:45:19,36.78357,-121.96824,5.9,166.5,511.0,FRED B WOOD,,,36,,12,4,,,B
368280860,2023-07-06T17:59:38,36.80017,-121.96195,7.2,160.6,511.0,JEREMIAH,,WDN4418,36,,10,4,,,B
368280860,2023-07-06T18:00:08,36.79931,-121.96157,6.7,162.7,511.0,JEREMIAH,,WDN4418,36,,10,4,,,B
368280860,2023-07-06T18:02:39,36.79502,-121.95990,6.5,162.8,511.0,JEREMIAH,,WDN4418,36,,10,4,,,B
368280860,2023-07-06T18:04:07,36.79258,-121.95893,6.2,163.2,511.0,JEREMIAH,,WDN4418,36,,10,4,,,B
368280860,2023-07-06T18:05:08,36.79089,-121.95830,5.9,163.5,511.0,JEREMIAH,,WDN4418,36,,10,4,,,B
368280860,2023-07-06T18:06:39,36.78838,-121.95736,6.0,160.8,511.0,JEREMIAH,,WDN4418,36,,10,4,,,B
368280860,2023-07-06T18:08:09,36.78584,-121.95633,6.1,159.0,511.0,JEREMIAH,,WDN4418,36,,10,4,,,B
368280860,2023-07-06T18:09:38,36.78337,-121.95529,6.4,164.7,511.0,JEREMIAH,,WDN4418,36,,10,4,,,B
368280860,2023-07-06T18:11:08,36.78078,-121.95427,6.6,161.5,511.0,JEREMIAH,,WDN4418,36,,10,4,,,B
368247080,2023-07-07T16:09:21,36.79265,-121.96798,15.2,98.4,511.0,KAHUNA,,WDM8854,60,,16,4,,,B
368247080,2023-07-07T16:10:52,36.79210,-121.96039,14.0,92.1,511.0,KAHUNA,,WDM8854,60,,16,4,,,B
368280860,2023-07-06T17:51:09,36.81463,-121.96776,5.9,163.1,511.0,JEREMIAH,,WDN4418,36,,10,4,,,B
368280860,2023-07-06T17:52:38,36.81211,-121.96672,6.1,160.2,511.0,JEREMIAH,,WDN4418,36,,10,4,,,B
368280860,2023-07-06T17:53:39,36.81043,-121.96599,6.5,160.3,511.0,JEREMIAH,,WDN4418,36,,10,4,,,B
368280860,2023-07-06T17:55:08,36.80789,-121.96501,6.3,158.7,511.0,JEREMIAH,,WDN4418,36,,10,4,,,B
368280860,2023-07-06T17:56:40,36.80525,-121.96397,6.4,161.9,511.0,JEREMIAH,,WDN4418,36,,10,4,,,B
368280860,2023-07-06T17:58:10,36.80262,-121.96297,6.3,164.6,511.0,JEREMIAH,,WDN4418,36,,10,4,,,B
368247080,2023-07-07T13:31:14,36.80780,-121.95548,13.5,267.7,511.0,KAHUNA,,WDM8854,60,,16,4,,,B
368247080,2023-07-07T13:32:45,36.80779,-121.96266,12.9,267.6,511.0,KAHUNA,,WDM8854,60,,16,4,,,B
368247080,2023-07-07T13:34:15,36.80774,-121.96989,14.3,270.1,511.0,KAHUNA,,WDM8854,60,,16,4,,,B
368247080,2023-07-03T17:30:26,36.78363,-121.99620,10.7,117.6,511.0,KAHUNA,,WDM8854,60,,16,4,,,B
368247080,2023-07-03T17:31:27,36.78188,-121.99332,9.6,127.9,511.0,KAHUNA,,WDM8854,60,,16,4,,,B
368247080,2023-07-03T17:32:57,36.78101,-121.98850,10.7,80.3,511.0,KAHUNA,,WDM8854,60,,16,4,,,B
368247080,2023-07-03T17:34:26,36.78129,-121.98327,10.1,85.1,511.0,KAHUNA,,WDM8854,60,,16,4,,,B
368247080,2023-07-03T17:35:56,36.78167,-121.97808,9.9,93.0,511.0,KAHUNA,,WDM8854,60,,16,4,,,B
368247080,2023-07-03T17:37:26,36.78226,-121.97288,9.3,78.3,511.0,KAHUNA,,WDM8854,60,,16,4,,,B
368247080,2023-07-03T17:38:29,36.78195,-121.96941,9.8,107.5,511.0,KAHUNA,,WDM8854,60,,16,4,,,B
368247080,2023-07-03T17:39:56,36.78082,-121.96461,9.5,94.8,511.0,KAHUNA,,WDM8854,60,,16,4,,,B
368280860,2023-07-04T02:31:58,36.78628,-121.95394,4.9,347.1,511.0,JEREMIAH,,WDN4418,36,,10,4,,,B
368280860,2023-07-04T02:32:59,36.78765,-121.95421,5.1,11.1,511.0,JEREMIAH,,WDN4418,36,,10,4,,,B
368247080,2023-07-02T14:29:15,36.81601,-121.95915,13.0,269.7,511.0,KAHUNA,,WDM8854,60,,16,4,,,B
368247080,2023-07-02T14:30:45,36.81588,-121.96609,13.7,267.6,511.0,KAHUNA,,WDM8854,60,,16,4,,,B
368247080,2023-07-02T14:32:15,36.81576,-121.97302,13.6,261.2,511.0,KAHUNA,,WDM8854,60,,16,4,,,B
368247080,2023-07-02T14:33:17,36.81560,-121.97769,13.8,270.5,511.0,KAHUNA,,WDM8854,60,,16,4,,,B
368247080,2023-07-02T14:34:46,36.81543,-121.98459,12.7,268.2,511.0,KAHUNA,,WDM8854,60,,16,4,,,B
368247080,2023-07-02T14:36:15,36.81528,-121.99144,13.1,272.8,511.0,KAHUNA,,WDM8854,60,,16,4,,,B
368247080,2023-07-02T14:37:16,36.81512,-121.99612,13.4,265.3,511.0,KAHUNA,,WDM8854,60,,16,4,,,B
368247080,2023-07-02T19:14:05,36.80700,-121.99485,10.2,86.1,511.0,KAHUNA,,WDM8854,60,,16,4,,,B
368247080,2023-07-02T19:15:34,36.80678,-121.98968,10.1,86.4,511.0,KAHUNA,,WDM8854,60,,16,4,,,B
368247080,2023-07-02T19:16:36,36.80648,-121.98611,10.7,97.6,511.0,KAHUNA,,WDM8854,60,,16,4,,,B
368247080,2023-07-02T19:18:05,36.80496,-121.98110,10.7,107.2,511.0,KAHUNA,,WDM8854,60,,16,4,,,B
368247080,2023-07-02T19:19:34,36.80326,-121.97623,10.5,114.6,511.0,KAHUNA,,WDM8854,60,,16,4,,,B
368247080,2023-07-02T19:21:06,36.80125,-121.97138,10.1,102.7,511.0,KAHUNA,,WDM8854,60,,16,4,,,B
368247080,2023-07-02T19:22:34,36.80057,-121.96601,11.2,98.7,511.0,KAHUNA,,WDM8854,60,,16,4,,,B
368247080,2023-07-02T19:24:05,36.79862,-121.96109,11.2,104.9,511.0,KAHUNA,,WDM8854,60,,16,4,,,B
368247080,2023-07-02T19:25:34,36.79883,-121.95570,10.1,90.6,511.0,KAHUNA,,WDM8854,60,,16,4,,,B
368247080,2023-07-03T13:38:30,36.80253,-121.95689,14.2,270.0,511.0,KAHUNA,,WDM8854,60,,16,4,,,B
368247080,2023-07-03T13:39:59,36.80242,-121.96426,14.3,269.5,511.0,KAHUNA,,WDM8854,60,,16,4,,,B
368247080,2023-07-03T13:41:29,36.80237,-121.97172,14.4,267.7,511.0,KAHUNA,,WDM8854,60,,16,4,,,B
368247080,2023-07-03T13:42:30,36.80226,-121.97673,14.7,270.4,511.0,KAHUNA,,WDM8854,60,,16,4,,,B
368247080,2023-07-03T13:43:58,36.80217,-121.98403,14.2,268.6,511.0,KAHUNA,,WDM8854,60,,16,4,,,B
368247080,2023-07-03T13:45:28,36.80205,-121.99143,14.4,269.4,511.0,KAHUNA,,WDM8854,60,,16,4,,,B
368247080,2023-07-03T13:46:31,36.80198,-121.99659,14.5,269.2,511.0,KAHUNA,,WDM8854,60,,16,4,,,B
338407221,2023-07-03T22:57:17,36.81593,-121.98990,3.9,117.3,113.0,SALTY LADY,,,36,,9,3,,,B
338407221,2023-07-03T22:58:48,36.81518,-121.98830,3.9,120.8,114.0,SALTY LADY,,,36,,9,3,,,B
338407221,2023-07-03T23:00:20,36.81455,-121.98678,3.9,114.7,113.0,SALTY LADY,,,36,,9,3,,,B
338407221,2023-07-03T23:01:21,36.81397,-121.98570,4.7,133.3,131.0,SALTY LADY,,,36,,9,3,,,B
338407221,2023-07-03T23:02:26,36.81343,-121.98435,4.7,110.8,102.0,SALTY LADY,,,36,,9,3,,,B
338407221,2023-07-03T23:03:27,36.81280,-121.98313,3.9,114.7,107.0,SALTY LADY,,,36,,9,3,,,B
338407221,2023-07-03T23:04:57,36.81198,-121.98143,3.9,116.3,105.0,SALTY LADY,,,36,,9,3,,,B
338407221,2023-07-03T23:06:30,36.81145,-121.97988,3.9,125.9,120.0,SALTY LADY,,,36,,9,3,,,B
338407221,2023-07-03T23:08:00,36.81053,-121.97850,3.9,132.9,133.0,SALTY LADY,,,36,,9,3,,,B
338407221,2023-07-03T23:10:03,36.80918,-121.97650,4.7,147.3,139.0,SALTY LADY,,,36,,9,3,,,B
338407221,2023-07-03T23:11:33,36.80778,-121.97487,5.5,121.5,111.0,SALTY LADY,,,36,,9,3,,,B
338407221,2023-07-03T23:12:34,36.80745,-121.97360,4.7,119.7,121.0,SALTY LADY,,,36,,9,3,,,B
338407221,2023-07-03T23:14:36,36.80663,-121.97093,4.7,113.3,103.0,SALTY LADY,,,36,,9,3,,,B
338407221,2023-07-03T23:15:37,36.80627,-121.96965,3.9,104.4,97.0,SALTY LADY,,,36,,9,3,,,B
338407221,2023-07-03T23:16:39,36.80610,-121.96838,3.1,90.6,89.0,SALTY LADY,,,36,,9,3,,,B
338407221,2023-07-03T23:17:41,36.80582,-121.96713,4.7,100.0,99.0,SALTY LADY,,,36,,9,3,,,B
338407221,2023-07-03T23:19:12,36.80535,-121.96532,4.7,101.0,98.0,SALTY LADY,,,36,,9,3,,,B
338407221,2023-07-03T23:20:13,36.80503,-121.96387,4.7,107.0,99.0,SALTY LADY,,,36,,9,3,,,B
338407221,2023-07-03T23:21:43,36.80443,-121.96157,4.7,124.0,120.0,SALTY LADY,,,36,,9,3,,,B
338407221,2023-07-03T23:22:44,36.80410,-121.96027,3.9,106.2,101.0,SALTY LADY,,,36,,9,3,,,B
338407221,2023-07-03T23:23:45,36.80375,-121.95887,4.7,108.0,102.0,SALTY LADY,,,36,,9,3,,,B
338407221,2023-07-03T23:24:48,36.80342,-121.95740,5.5,111.3,101.0,SALTY LADY,,,36,,9,3,,,B
338407221,2023-07-03T23:26:16,36.80292,-121.95537,3.1,102.4,98.0,SALTY LADY,,,36,,9,3,,,B
338407221,2023-07-03T23:27:18,36.80267,-121.95422,3.9,102.7,100.0,SALTY LADY,,,36,,9,3,,,B
368280860,2023-07-04T02:38:28,36.79397,-121.95395,5.8,349.0,511.0,JEREMIAH,,WDN4418,36,,10,4,,,B
368280860,2023-07-04T02:39:58,36.79603,-121.95481,4.8,337.8,511.0,JEREMIAH,,WDN4418,36,,10,4,,,B
368280860,2023-07-04T02:41:27,36.79796,-121.95558,5.1,338.3,511.0,JEREMIAH,,WDN4418,36,,10,4,,,B
368280860,2023-07-04T02:42:28,36.79935,-121.95613,4.4,342.3,511.0,JEREMIAH,,WDN4418,36,,10,4,,,B
368280860,2023-07-04T02:44:28,36.80185,-121.95714,4.9,341.0,511.0,JEREMIAH,,WDN4418,36,,10,4,,,B
368280860,2023-07-04T02:47:29,36.80604,-121.95880,5.4,347.6,511.0,JEREMIAH,,WDN4418,36,,10,4,,,B
368280860,2023-07-04T02:48:58,36.80763,-121.95943,3.2,348.2,511.0,JEREMIAH,,WDN4418,36,,10,4,,,B
368280860,2023-07-04T02:50:29,36.80955,-121.96020,6.2,340.8,511.0,JEREMIAH,,WDN4418,36,,10,4,,,B
368280860,2023-07-04T02:52:58,36.81310,-121.96163,5.6,346.9,511.0,JEREMIAH,,WDN4418,36,,10,4,,,B
368280860,2023-07-04T02:54:59,36.81567,-121.96266,4.4,340.8,511.0,JEREMIAH,,WDN4418,36,,10,4,,,B
368247080,2023-07-04T14:28:03,36.81628,-121.99613,17.1,267.7,511.0,KAHUNA,,WDM8854,60,,16,4,,,B
338363586,2023-07-04T18:26:51,36.81504,-121.98092,7.0,161.7,511.0,FRED B WOOD,,,36,,12,4,,,B
338363586,2023-07-04T18:28:19,36.81242,-121.98003,6.1,169.0,511.0,FRED B WOOD,,,36,,12,4,,,B
338363586,2023-07-04T18:29:20,36.81069,-121.97951,6.5,167.7,511.0,FRED B WOOD,,,36,,12,4,,,B
338363586,2023-07-04T18:30:48,36.80810,-121.97869,6.7,167.4,511.0,FRED B WOOD,,,36,,12,4,,,B
338363586,2023-07-04T18:32:19,36.80549,-121.97779,6.6,165.4,511.0,FRED B WOOD,,,36,,12,4,,,B
338363586,2023-07-04T18:33:49,36.80287,-121.97700,6.4,166.3,511.0,FRED B WOOD,,,36,,12,4,,,B
338363586,2023-07-04T18:35:49,36.79950,-121.97523,6.4,153.9,511.0,FRED B WOOD,,,36,,12,4,,,B
368247080,2023-07-07T13:35:44,36.80754,-121.97681,13.4,268.2,511.0,KAHUNA,,WDM8854,60,,16,4,,,B
368247080,2023-07-07T13:37:44,36.80719,-121.98611,13.3,267.7,511.0,KAHUNA,,WDM8854,60,,16,4,,,B
368247080,2023-07-07T13:39:15,36.80684,-121.99317,13.9,263.2,511.0,KAHUNA,,WDM8854,60,,16,4,,,B
368247080,2023-07-07T16:04:20,36.79274,-121.99303,14.1,75.5,511.0,KAHUNA,,WDM8854,60,,16,4,,,B
368247080,2023-07-07T16:05:22,36.79293,-121.98768,15.5,93.3,511.0,KAHUNA,,WDM8854,60,,16,4,,,B
368247080,2023-07-07T16:06:51,36.79322,-121.98026,12.3,95.3,511.0,KAHUNA,,WDM8854,60,,16,4,,,B
368247080,2023-07-07T20:49:42,36.78241,-121.95507,11.5,352.0,511.0,KAHUNA,,WDM8854,60,,16,4,,,B
368247080,2023-07-07T20:51:42,36.78876,-121.95549,11.0,5.1,511.0,KAHUNA,,WDM8854,60,,16,4,,,B
368247080,2023-07-07T20:53:14,36.79350,-121.95573,11.7,355.2,511.0,KAHUNA,,WDM8854,60,,16,4,,,B
368247080,2023-07-07T20:54:43,36.79783,-121.95381,11.0,35.4,511.0,KAHUNA,,WDM8854,60,,16,4,,,B
368247080,2023-07-08T13:41:56,36.78071,-121.95561,11.8,254.0,511.0,KAHUNA,,WDM8854,60,,16,4,,,B
368247080,2023-07-15T14:04:40,36.81466,-121.98759,14.1,269.5,511.0,KAHUNA,,WDM8854,60,,16,4,,,B
368247080,2023-07-15T14:05:42,36.81459,-121.99255,14.5,269.8,511.0,KAHUNA,,WDM8854,60,,16,4,,,B
368247080,2023-07-15T13:58:10,36.81501,-121.95572,13.9,267.6,511.0,KAHUNA,,WDM8854,60,,16,4,,,B
368247080,2023-07-15T13:59:40,36.81492,-121.96306,14.4,268.7,511.0,KAHUNA,,WDM8854,60,,16,4,,,B
368247080,2023-07-15T14:00:10,36.81493,-121.96550,14.7,271.0,511.0,KAHUNA,,WDM8854,60,,16,4,,,B
368247080,2023-07-15T14:01:11,36.81496,-121.97038,13.4,270.0,511.0,KAHUNA,,WDM8854,60,,16,4,,,B
368247080,2023-07-15T14:02:40,36.81489,-121.97775,13.2,269.7,511.0,KAHUNA,,WDM8854,60,,16,4,,,B
338473357,2023-07-19T21:54:14,36.80481,-121.95804,5.7,164.6,118.0,MAYA JEAN,,,36,,11,4,,,B
368247080,2023-07-19T14:38:22,36.81491,-121.95723,13.4,266.5,511.0,KAHUNA,,WDM8854,60,,16,4,,,B
368247080,2023-07-19T14:39:52,36.81487,-121.96435,13.4,273.7,511.0,KAHUNA,,WDM8854,60,,16,4,,,B
368247080,2023-07-19T14:40:56,36.81495,-121.96933,14.2,271.8,511.0,KAHUNA,,WDM8854,60,,16,4,,,B
368247080,2023-07-19T14:42:22,36.81507,-121.97620,13.5,272.0,511.0,KAHUNA,,WDM8854,60,,16,4,,,B
368247080,2023-07-19T14:43:52,36.81511,-121.98326,14.1,268.9,511.0,KAHUNA,,WDM8854,60,,16,4,,,B
368247080,2023-07-19T14:45:52,36.81522,-121.99262,13.4,269.6,511.0,KAHUNA,,WDM8854,60,,16,4,,,B
338473357,2023-07-19T21:46:43,36.81606,-121.96298,5.0,157.2,113.0,MAYA JEAN,,,36,,11,4,,,B
338473357,2023-07-19T21:48:15,36.81373,-121.96199,5.3,161.0,119.0,MAYA JEAN,,,36,,11,4,,,B
338473357,2023-07-19T21:49:43,36.81159,-121.96092,5.4,157.3,116.0,MAYA JEAN,,,36,,11,4,,,B
338473357,2023-07-19T21:51:15,36.80941,-121.95991,6.6,153.4,109.0,MAYA JEAN,,,36,,11,4,,,B
338473357,2023-07-19T21:52:43,36.80717,-121.95898,6.3,164.8,121.0,MAYA JEAN,,,36,,11,4,,,B
368247080,2023-07-21T14:37:12,36.81202,-121.95936,12.9,272.0,511.0,KAHUNA,,WDM8854,60,,16,4,,,B
368247080,2023-07-21T14:38:42,36.81177,-121.96598,12.8,267.8,511.0,KAHUNA,,WDM8854,60,,16,4,,,B
368247080,2023-07-21T14:40:14,36.81151,-121.97258,12.9,266.6,511.0,KAHUNA,,WDM8854,60,,16,4,,,B
368247080,2023-07-21T14:41:42,36.81137,-121.97901,12.9,269.6,511.0,KAHUNA,,WDM8854,60,,16,4,,,B
368247080,2023-07-21T14:43:12,36.81137,-121.98554,12.4,265.0,511.0,KAHUNA,,WDM8854,60,,16,4,,,B
368247080,2023-07-21T14:45:14,36.81137,-121.99432,12.6,268.9,511.0,KAHUNA,,WDM8854,60,,16,4,,,B
368247080,2023-07-21T19:10:42,36.78738,-121.97563,10.7,82.1,511.0,KAHUNA,,WDM8854,60,,16,4,,,B
368247080,2023-07-16T14:04:53,36.80125,-121.99715,11.7,265.1,511.0,KAHUNA,,WDM8854,60,,16,4,,,B
368247080,2023-07-22T13:53:51,36.80122,-121.95647,11.2,269.0,511.0,KAHUNA,,WDM8854,60,,16,4,,,B
368247080,2023-07-22T13:55:25,36.80118,-121.96266,11.8,269.0,511.0,KAHUNA,,WDM8854,60,,16,4,,,B
368247080,2023-07-22T13:56:51,36.80119,-121.96826,12.3,268.6,511.0,KAHUNA,,WDM8854,60,,16,4,,,B
368247080,2023-07-22T13:58:22,36.80119,-121.97433,11.8,270.4,511.0,KAHUNA,,WDM8854,60,,16,4,,,B
368247080,2023-07-22T13:59:51,36.80114,-121.98018,12.0,268.1,511.0,KAHUNA,,WDM8854,60,,16,4,,,B
368247080,2023-07-22T14:00:21,36.80118,-121.98215,11.7,271.5,511.0,KAHUNA,,WDM8854,60,,16,4,,,B
368247080,2023-07-22T14:01:51,36.80120,-121.98812,11.2,270.2,511.0,KAHUNA,,WDM8854,60,,16,4,,,B
368247080,2023-07-22T14:03:21,36.80125,-121.99410,11.7,269.6,511.0,KAHUNA,,WDM8854,60,,16,4,,,B
368247080,2023-07-19T19:40:38,36.79306,-121.97304,10.0,129.0,511.0,KAHUNA,,WDM8854,60,,16,4,,,B
368247080,2023-07-16T14:02:54,36.80181,-121.98905,11.6,266.3,511.0,KAHUNA,,WDM8854,60,,16,4,,,B
368247080,2023-07-16T13:54:25,36.80338,-121.95428,11.9,264.3,511.0,KAHUNA,,WDM8854,60,,16,4,,,B
368247080,2023-07-19T19:34:39,36.79597,-121.99445,10.7,94.1,511.0,KAHUNA,,WDM8854,60,,16,4,,,B
368247080,2023-07-19T19:36:08,36.79594,-121.98892,9.4,87.2,511.0,KAHUNA,,WDM8854,60,,16,4,,,B
368247080,2023-07-19T19:37:39,36.79557,-121.98328,10.6,94.1,511.0,KAHUNA,,WDM8854,60,,16,4,,,B
368247080,2023-07-19T19:39:11,36.79428,-121.97796,11.3,97.2,511.0,KAHUNA,,WDM8854,60,,16,4,,,B
368247080,2023-07-21T19:04:12,36.78924,-121.99710,11.8,93.0,511.0,KAHUNA,,WDM8854,60,,16,4,,,B
368247080,2023-07-21T19:05:13,36.78891,-121.99398,9.3,102.1,511.0,KAHUNA,,WDM8854,60,,16,4,,,B
368247080,2023-07-21T19:06:43,36.78836,-121.98948,8.6,110.9,511.0,KAHUNA,,WDM8854,60,,16,4,,,B
368247080,2023-07-21T19:08:10,36.78779,-121.98451,8.6,106.3,511.0,KAHUNA,,WDM8854,60,,16,4,,,B
368247080,2023-07-21T19:09:41,36.78714,-121.97924,10.4,89.8,511.0,KAHUNA,,WDM8854,60,,16,4,,,B
368247080,2023-07-22T19:50:53,36.78712,-121.99570,8.5,118.1,511.0,KAHUNA,,WDM8854,60,,16,4,,,B
368247080,2023-07-22T19:51:54,36.78628,-121.99260,8.8,98.9,511.0,KAHUNA,,WDM8854,60,,16,4,,,B
368247080,2023-07-22T19:52:55,36.78602,-121.98925,11.4,104.1,511.0,KAHUNA,,WDM8854,60,,16,4,,,B
368247080,2023-07-22T19:53:57,36.78563,-121.98590,9.7,99.1,511.0,KAHUNA,,WDM8854,60,,16,4,,,B
368247080,2023-07-22T19:55:26,36.78476,-121.98111,9.7,109.1,511.0,KAHUNA,,WDM8854,60,,16,4,,,B
368247080,2023-07-22T19:56:54,36.78400,-121.97642,11.0,104.3,511.0,KAHUNA,,WDM8854,60,,16,4,,,B
338473357,2023-07-22T21:08:57,36.78098,-121.99786,5.0,337.1,315.0,MAYA JEAN,,,36,,11,4,,,B
368247080,2023-07-16T19:27:47,36.78141,-121.96551,12.0,52.3,511.0,KAHUNA,,WDM8854,60,,16,4,,,B
368247080,2023-07-16T19:28:48,36.78355,-121.96207,11.9,50.4,511.0,KAHUNA,,WDM8854,60,,16,4,,,B
368247080,2023-07-16T19:30:18,36.78620,-121.95656,11.4,62.7,511.0,KAHUNA,,WDM8854,60,,16,4,,,B
368247080,2023-07-19T19:41:39,36.79228,-121.96957,10.7,92.0,511.0,KAHUNA,,WDM8854,60,,16,4,,,B
368247080,2023-07-19T19:42:40,36.79211,-121.96580,11.5,78.2,511.0,KAHUNA,,WDM8854,60,,16,4,,,B
368247080,2023-07-19T19:44:38,36.79253,-121.95844,11.2,86.2,511.0,KAHUNA,,WDM8854,60,,16,4,,,B
338473357,2023-07-19T21:57:14,36.80014,-121.95619,4.8,167.1,124.0,MAYA JEAN,,,36,,11,4,,,B
338473357,2023-07-19T21:58:42,36.79778,-121.95531,5.7,167.8,118.0,MAYA JEAN,,,36,,11,4,,,B
338473357,2023-07-19T22:00:13,36.79536,-121.95434,6.0,159.5,122.0,MAYA JEAN,,,36,,11,4,,,B
338473357,2023-07-19T22:01:42,36.79312,-121.95337,5.4,157.2,114.0,MAYA JEAN,,,36,,11,4,,,B
368247080,2023-07-21T19:12:10,36.78742,-121.97042,10.8,100.3,511.0,KAHUNA,,WDM8854,60,,16,4,,,B
368247080,2023-07-21T19:13:11,36.78747,-121.96679,9.3,88.1,511.0,KAHUNA,,WDM8854,60,,16,4,,,B
368247080,2023-07-21T19:15:11,36.78710,-121.95959,11.7,90.7,511.0,KAHUNA,,WDM8854,60,,16,4,,,B
368247080,2023-07-21T19:16:42,36.78794,-121.95442,9.1,77.1,511.0,KAHUNA,,WDM8854,60,,16,4,,,B
368247080,2023-07-22T19:58:26,36.78378,-121.97127,9.2,88.5,511.0,KAHUNA,,WDM8854,60,,16,4,,,B
368247080,2023-07-22T19:59:54,36.78310,-121.96668,9.0,83.0,511.0,KAHUNA,,WDM8854,60,,16,4,,,B
368247080,2023-07-22T20:02:56,36.78449,-121.95701,8.8,58.2,511.0,KAHUNA,,WDM8854,60,,16,4,,,B
368247080,2023-07-16T13:55:26,36.80322,-121.95843,11.8,267.2,511.0,KAHUNA,,WDM8854,60,,16,4,,,B
368247080,2023-07-16T13:56:58,36.80289,-121.96471,11.9,266.0,511.0,KAHUNA,,WDM8854,60,,16,4,,,B
368247080,2023-07-16T13:58:24,36.80265,-121.97070,12.0,266.8,511.0,KAHUNA,,WDM8854,60,,16,4,,,B
368247080,2023-07-16T13:59:53,36.80244,-121.97679,11.4,266.2,511.0,KAHUNA,,WDM8854,60,,16,4,,,B
368247080,2023-07-16T14:00:24,36.80237,-121.97890,12.0,271.4,511.0,KAHUNA,,WDM8854,60,,16,4,,,B
368247080,2023-07-16T14:01:25,36.80218,-121.98301,11.5,265.7,511.0,KAHUNA,,WDM8854,60,,16,4,,,B
338473357,2023-07-19T21:55:43,36.80244,-121.95712,5.8,166.9,122.0,MAYA JEAN,,,36,,11,4,,,B
368247080,2023-07-23T14:14:48,36.80266,-121.95695,11.7,269.3,511.0,KAHUNA,,WDM8854,60,,16,4,,,B
368247080,2023-07-23T14:16:18,36.80238,-121.96306,12.2,268.7,511.0,KAHUNA,,WDM8854,60,,16,4,,,B
368247080,2023-07-23T14:17:48,36.80210,-121.96940,12.2,266.5,511.0,KAHUNA,,WDM8854,60,,16,4,,,B
368247080,2023-07-23T14:19:18,36.80180,-121.97553,12.2,266.7,511.0,KAHUNA,,WDM8854,60,,16,4,,,B
368247080,2023-07-23T14:20:49,36.80153,-121.98190,11.6,267.3,511.0,KAHUNA,,WDM8854,60,,16,4,,,B
368247080,2023-07-23T14:22:17,36.80123,-121.98812,11.8,267.4,511.0,KAHUNA,,WDM8854,60,,16,4,,,B
368247080,2023-07-23T14:23:19,36.80105,-121.99234,11.8,270.9,511.0,KAHUNA,,WDM8854,60,,16,4,,,B
368247080,2023-07-23T14:24:20,36.80081,-121.99668,11.7,263.7,511.0,KAHUNA,,WDM8854,60,,16,4,,,B
368247080,2023-07-29T13:44:31,36.80167,-121.95436,14.5,265.7,511.0,KAHUNA,,WDM8854,60,,16,4,,,B
368247080,2023-07-29T13:46:00,36.80130,-121.96161,15.1,261.8,511.0,KAHUNA,,WDM8854,60,,16,4,,,B
368247080,2023-07-29T13:47:30,36.80081,-121.96891,13.9,263.2,511.0,KAHUNA,,WDM8854,60,,16,4,,,B
368247080,2023-07-29T13:48:31,36.80023,-121.97382,13.4,268.0,511.0,KAHUNA,,WDM8854,60,,16,4,,,B
368247080,2023-07-29T13:50:01,36.80014,-121.98102,13.7,263.7,511.0,KAHUNA,,WDM8854,60,,16,4,,,B
368247080,2023-07-29T13:51:30,36.80005,-121.98818,13.6,278.3,511.0,KAHUNA,,WDM8854,60,,16,4,,,B
368247080,2023-07-29T13:52:33,36.80030,-121.99326,14.0,267.4,511.0,KAHUNA,,WDM8854,60,,16,4,,,B
368247080,2023-07-29T20:29:33,36.79642,-121.99646,12.7,115.8,511.0,KAHUNA,,WDM8854,60,,16,4,,,B
368247080,2023-07-29T20:30:34,36.79441,-121.99266,12.6,108.6,511.0,KAHUNA,,WDM8854,60,,16,4,,,B
368247080,2023-07-29T20:32:02,36.79334,-121.98595,14.2,88.6,511.0,KAHUNA,,WDM8854,60,,16,4,,,B
368247080,2023-07-29T20:33:04,36.79304,-121.98131,13.8,97.1,511.0,KAHUNA,,WDM8854,60,,16,4,,,B
368247080,2023-07-29T20:34:35,36.79236,-121.97460,11.3,98.4,511.0,KAHUNA,,WDM8854,60,,16,4,,,B
368247080,2023-07-29T20:36:03,36.79200,-121.96817,13.0,95.7,511.0,KAHUNA,,WDM8854,60,,16,4,,,B
368247080,2023-07-29T20:37:33,36.79022,-121.96170,14.7,120.7,511.0,KAHUNA,,WDM8854,60,,16,4,,,B
368247080,2023-07-29T20:38:37,36.78874,-121.95694,13.9,116.0,511.0,KAHUNA,,WDM8854,60,,16,4,,,B
368247080,2023-08-04T21:17:04,36.78590,-121.99798,12.4,127.5,511.0,KAHUNA,,WDM8854,60,,16,4,,,B
368247080,2023-08-04T21:18:06,36.78410,-121.99408,12.9,103.3,511.0,KAHUNA,,WDM8854,60,,16,4,,,B
368280860,2023-07-31T16:56:30,36.78137,-121.95342,5.4,346.7,511.0,JEREMIAH,,WDN4418,36,,10,4,,,B
368280860,2023-07-31T16:59:00,36.78540,-121.95475,6.3,344.6,511.0,JEREMIAH,,WDN4418,36,,10,4,,,B
368280860,2023-07-31T17:00:00,36.78703,-121.95522,6.2,348.6,511.0,JEREMIAH,,WDN4418,36,,10,4,,,B
368280860,2023-07-31T17:03:01,36.79193,-121.95666,6.0,345.7,511.0,JEREMIAH,,WDN4418,36,,10,4,,,B
368280860,2023-07-31T17:07:00,36.79844,-121.95855,6.1,342.3,511.0,JEREMIAH,,WDN4418,36,,10,4,,,B
368280860,2023-08-02T17:12:02,36.80165,-121.98396,5.1,172.8,511.0,JEREMIAH,,WDN4418,36,,10,4,,,B
368280860,2023-08-02T17:14:00,36.79894,-121.98348,4.8,172.7,511.0,JEREMIAH,,WDN4418,36,,10,4,,,B
368280860,2023-08-02T17:15:30,36.79690,-121.98311,5.4,168.3,511.0,JEREMIAH,,WDN4418,36,,10,4,,,B
368280860,2023-08-02T17:17:31,36.79407,-121.98254,5.4,171.7,511.0,JEREMIAH,,WDN4418,36,,10,4,,,B
368280860,2023-08-02T17:19:00,36.79206,-121.98215,4.7,166.8,511.0,JEREMIAH,,WDN4418,36,,10,4,,,B
368280860,2023-08-02T17:20:30,36.78993,-121.98176,5.5,169.8,511.0,JEREMIAH,,WDN4418,36,,10,4,,,B
368280860,2023-08-02T17:21:59,36.78761,-121.98137,6.0,171.9,511.0,JEREMIAH,,WDN4418,36,,10,4,,,B
368280860,2023-08-02T17:23:30,36.78524,-121.98096,5.1,176.8,511.0,JEREMIAH,,WDN4418,36,,10,4,,,B
368280860,2023-08-02T17:25:33,36.78204,-121.98040,5.7,176.7,511.0,JEREMIAH,,WDN4418,36,,10,4,,,B
368247080,2023-08-04T21:19:35,36.78259,-121.98776,12.7,119.5,511.0,KAHUNA,,WDM8854,60,,16,4,,,B
368247080,2023-08-04T21:20:36,36.78136,-121.98353,13.8,95.6,511.0,KAHUNA,,WDM8854,60,,16,4,,,B
368280860,2023-08-02T17:01:31,36.81598,-121.98705,4.4,173.2,511.0,JEREMIAH,,WDN4418,36,,10,4,,,B
368280860,2023-08-02T17:03:00,36.81401,-121.98660,4.5,170.5,511.0,JEREMIAH,,WDN4418,36,,10,4,,,B
368280860,2023-08-02T17:04:30,36.81215,-121.98618,5.4,169.7,511.0,JEREMIAH,,WDN4418,36,,10,4,,,B
368280860,2023-08-02T17:06:01,36.80993,-121.98574,5.5,168.3,511.0,JEREMIAH,,WDN4418,36,,10,4,,,B
368280860,2023-08-02T17:07:30,36.80784,-121.98530,4.9,168.0,511.0,JEREMIAH,,WDN4418,36,,10,4,,,B
368280860,2023-08-02T17:08:31,36.80644,-121.98501,5.1,170.1,511.0,JEREMIAH,,WDN4418,36,,10,4,,,B
368247080,2023-08-05T13:59:06,36.81014,-121.98706,13.5,273.3,511.0,KAHUNA,,WDM8854,60,,16,4,,,B
368247080,2023-08-05T14:00:06,36.81033,-121.99182,13.9,284.1,511.0,KAHUNA,,WDM8854,60,,16,4,,,B
368247080,2023-08-05T14:01:07,36.81116,-121.99659,14.1,294.1,511.0,KAHUNA,,WDM8854,60,,16,4,,,B
368247080,2023-07-30T21:33:36,36.81273,-121.97323,13.2,122.5,511.0,KAHUNA,,WDM8854,60,,16,4,,,B
368247080,2023-07-30T21:35:05,36.81048,-121.96775,11.9,131.1,511.0,KAHUNA,,WDM8854,60,,16,4,,,B
368247080,2023-07-30T21:36:06,36.80926,-121.96365,14.7,74.8,511.0,KAHUNA,,WDM8854,60,,16,4,,,B
368247080,2023-07-30T21:37:35,36.80802,-121.95764,12.2,116.4,511.0,KAHUNA,,WDM8854,60,,16,4,,,B
368280860,2023-07-31T17:12:31,36.80726,-121.96113,6.2,345.1,511.0,JEREMIAH,,WDN4418,36,,10,4,,,B
368280860,2023-07-31T17:15:03,36.81131,-121.96236,5.8,344.5,511.0,JEREMIAH,,WDN4418,36,,10,4,,,B
368280860,2023-07-31T17:16:32,36.81367,-121.96311,6.1,347.5,511.0,JEREMIAH,,WDN4418,36,,10,4,,,B
368247080,2023-08-05T13:52:36,36.81038,-121.95615,13.5,272.8,511.0,KAHUNA,,WDM8854,60,,16,4,,,B
368247080,2023-08-05T13:53:37,36.81029,-121.96099,13.2,262.1,511.0,KAHUNA,,WDM8854,60,,16,4,,,B
368247080,2023-08-05T13:55:06,36.81016,-121.96807,13.5,266.1,511.0,KAHUNA,,WDM8854,60,,16,4,,,B
368247080,2023-08-05T13:56:36,36.81013,-121.97520,13.8,270.2,511.0,KAHUNA,,WDM8854,60,,16,4,,,B
368247080,2023-08-05T13:57:39,36.81011,-121.98015,13.6,272.2,511.0,KAHUNA,,WDM8854,60,,16,4,,,B
368247080,2023-08-05T22:02:00,36.81364,-121.95341,13.3,138.3,511.0,KAHUNA,,WDM8854,60,,16,4,,,B
368280860,2023-08-02T17:10:30,36.80359,-121.98441,4.7,171.8,511.0,JEREMIAH,,WDN4418,36,,10,4,,,B
368280860,2023-07-31T17:10:31,36.80408,-121.96016,6.2,346.3,511.0,JEREMIAH,,WDN4418,36,,10,4,,,B
368247080,2023-08-11T14:43:01,36.81392,-121.95737,12.3,267.7,511.0,KAHUNA,,WDM8854,60,,16,4,,,B
368247080,2023-08-11T14:44:04,36.81379,-121.96178,12.2,267.3,511.0,KAHUNA,,WDM8854,60,,16,4,,,B
368247080,2023-08-11T14:45:32,36.81359,-121.96790,11.9,266.7,511.0,KAHUNA,,WDM8854,60,,16,4,,,B
368247080,2023-08-11T14:47:02,36.81340,-121.97415,11.9,267.4,511.0,KAHUNA,,WDM8854,60,,16,4,,,B
368247080,2023-08-11T14:48:33,36.81331,-121.98046,12.2,267.2,511.0,KAHUNA,,WDM8854,60,,16,4,,,B
368247080,2023-08-12T14:08:01,36.81049,-121.95587,12.3,266.4,511.0,KAHUNA,,WDM8854,60,,16,4,,,B
368247080,2023-08-12T14:09:32,36.81052,-121.96221,11.9,270.0,511.0,KAHUNA,,WDM8854,60,,16,4,,,B
368247080,2023-08-12T14:11:02,36.81053,-121.96852,11.9,269.0,511.0,KAHUNA,,WDM8854,60,,16,4,,,B
368247080,2023-08-12T14:12:06,36.81054,-121.97303,12.0,270.9,511.0,KAHUNA,,WDM8854,60,,16,4,,,B
368247080,2023-08-12T14:13:31,36.81063,-121.97911,12.1,269.5,511.0,KAHUNA,,WDM8854,60,,16,4,,,B
368247080,2023-08-11T14:50:03,36.81321,-121.98671,12.1,270.3,511.0,KAHUNA,,WDM8854,60,,16,4,,,B
368247080,2023-08-11T14:51:32,36.81313,-121.99289,12.1,269.7,511.0,KAHUNA,,WDM8854,60,,16,4,,,B
368247080,2023-08-12T14:15:01,36.81062,-121.98545,12.3,272.9,511.0,KAHUNA,,WDM8854,60,,16,4,,,B
368247080,2023-08-12T14:16:02,36.81063,-121.98964,12.3,269.1,511.0,KAHUNA,,WDM8854,60,,16,4,,,B
368247080,2023-08-12T14:17:32,36.81069,-121.99602,12.3,279.5,511.0,KAHUNA,,WDM8854,60,,16,4,,,B
368247080,2023-08-06T14:06:02,36.80084,-121.96074,12.5,265.0,511.0,KAHUNA,,WDM8854,60,,16,4,,,B
368247080,2023-08-06T14:07:32,36.80033,-121.96702,12.1,266.2,511.0,KAHUNA,,WDM8854,60,,16,4,,,B
368247080,2023-08-06T14:09:02,36.79977,-121.97322,11.4,264.2,511.0,KAHUNA,,WDM8854,60,,16,4,,,B
368247080,2023-08-06T14:10:03,36.79947,-121.97741,12.7,265.6,511.0,KAHUNA,,WDM8854,60,,16,4,,,B
368247080,2023-08-06T14:11:32,36.79901,-121.98369,12.6,262.6,511.0,KAHUNA,,WDM8854,60,,16,4,,,B
368247080,2023-08-06T14:13:03,36.79858,-121.99003,12.7,262.2,511.0,KAHUNA,,WDM8854,60,,16,4,,,B
368247080,2023-08-06T14:14:32,36.79853,-121.99621,12.1,274.2,511.0,KAHUNA,,WDM8854,60,,16,4,,,B
368247080,2023-08-06T14:04:33,36.80142,-121.95446,12.4,264.1,511.0,KAHUNA,,WDM8854,60,,16,4,,,B
368247080,2023-08-06T21:11:42,36.81302,-121.99649,9.5,130.5,511.0,KAHUNA,,WDM8854,60,,16,4,,,B
368247080,2023-08-06T21:13:11,36.81105,-121.99159,11.9,114.3,511.0,KAHUNA,,WDM8854,60,,16,4,,,B
368247080,2023-08-06T21:15:11,36.80895,-121.98460,10.8,121.5,511.0,KAHUNA,,WDM8854,60,,16,4,,,B
368247080,2023-08-06T21:16:12,36.80778,-121.98109,9.6,118.2,511.0,KAHUNA,,WDM8854,60,,16,4,,,B
368247080,2023-08-06T21:18:11,36.80580,-121.97408,12.2,97.4,511.0,KAHUNA,,WDM8854,60,,16,4,,,B
368247080,2023-08-06T21:19:40,36.80466,-121.96865,11.9,102.5,511.0,KAHUNA,,WDM8854,60,,16,4,,,B
368247080,2023-08-06T21:20:41,36.80480,-121.96518,7.5,79.8,511.0,KAHUNA,,WDM8854,60,,16,4,,,B
368247080,2023-08-06T21:22:10,36.80450,-121.96150,8.8,109.5,511.0,KAHUNA,,WDM8854,60,,16,4,,,B
368247080,2023-08-06T21:23:11,36.80379,-121.95800,10.7,105.9,511.0,KAHUNA,,WDM8854,60,,16,4,,,B
368247080,2023-08-06T21:24:12,36.80322,-121.95446,9.3,99.2,511.0,KAHUNA,,WDM8854,60,,16,4,,,B
367462480,2023-05-22T21:59:24,36.81600,-121.95361,6.7,338.2,511.0,TALOS IV,,WDF5378,37,,11,3,,,B
367462480,2023-05-23T14:51:24,36.81413,-121.97155,7.1,153.1,511.0,TALOS IV,,WDF5378,37,,11,3,,,B
367462480,2023-05-23T14:52:53,36.81137,-121.97041,7.7,157.0,511.0,TALOS IV,,WDF5378,37,,11,3,,,B
367462480,2023-05-23T14:53:54,36.80953,-121.96967,7.0,158.0,511.0,TALOS IV,,WDF5378,37,,11,3,,,B
367462480,2023-05-23T14:55:25,36.80676,-121.96852,5.8,168.7,511.0,TALOS IV,,WDF5378,37,,11,3,,,B
367462480,2023-05-23T14:56:54,36.80410,-121.96751,6.2,159.4,511.0,TALOS IV,,WDF5378,37,,11,3,,,B
367462480,2023-05-23T14:57:55,36.80225,-121.96684,6.4,165.7,511.0,TALOS IV,,WDF5378,37,,11,3,,,B
367462480,2023-05-23T14:59:24,36.79957,-121.96580,7.6,162.4,511.0,TALOS IV,,WDF5378,37,,11,3,,,B
367462480,2023-05-23T15:00:24,36.79774,-121.96503,6.9,156.7,511.0,TALOS IV,,WDF5378,37,,11,3,,,B
367462480,2023-05-23T15:01:54,36.79503,-121.96385,6.5,164.8,511.0,TALOS IV,,WDF5378,37,,11,3,,,B
367462480,2023-05-23T15:03:24,36.79227,-121.96264,6.1,164.7,511.0,TALOS IV,,WDF5378,37,,11,3,,,B
367462480,2023-05-23T15:04:55,36.78953,-121.96149,6.5,161.0,511.0,TALOS IV,,WDF5378,37,,11,3,,,B
367462480,2023-05-23T15:06:24,36.78684,-121.96028,6.8,160.3,511.0,TALOS IV,,WDF5378,37,,11,3,,,B
367462480,2023-05-23T15:07:54,36.78415,-121.95907,6.5,157.3,511.0,TALOS IV,,WDF5378,37,,11,3,,,B
367462480,2023-05-23T15:09:25,36.78143,-121.95781,7.0,158.3,511.0,TALOS IV,,WDF5378,37,,11,3,,,B
367462480,2023-07-01T16:24:03,36.81600,-121.96363,6.3,167.1,511.0,TALOS IV,,WDF5378,37,,11,3,,,B
367462480,2023-07-01T16:25:04,36.81430,-121.96291,6.2,160.3,511.0,TALOS IV,,WDF5378,37,,11,3,,,B
367462480,2023-07-01T16:27:02,36.81099,-121.96145,6.5,160.8,511.0,TALOS IV,,WDF5378,37,,11,3,,,B
367462480,2023-07-01T16:28:32,36.80848,-121.96025,6.2,156.0,511.0,TALOS IV,,WDF5378,37,,11,3,,,B
367462480,2023-07-01T16:30:01,36.80596,-121.95907,6.2,162.4,511.0,TALOS IV,,WDF5378,37,,11,3,,,B
367462480,2023-07-01T16:31:03,36.80418,-121.95827,6.2,161.9,511.0,TALOS IV,,WDF5378,37,,11,3,,,B
367462480,2023-07-01T16:32:31,36.80168,-121.95713,6.4,160.5,511.0,TALOS IV,,WDF5378,37,,11,3,,,B
367462480,2023-07-01T16:34:01,36.79912,-121.95607,6.9,157.9,511.0,TALOS IV,,WDF5378,37,,11,3,,,B
367462480,2023-07-01T16:35:02,36.79738,-121.95524,6.5,161.3,511.0,TALOS IV,,WDF5378,37,,11,3,,,B
367462480,2023-07-01T16:36:32,36.79478,-121.95413,6.0,165.1,511.0,TALOS IV,,WDF5378,37,,11,3,,,B
338229175,2023-08-09T05:23:31,36.78184,-121.99807,6.3,355.7,511.0,IGUANA,,,37,,,,,,B
338415000,2023-07-20T15:09:02,36.78387,-121.97449,10.2,255.0,262.0,RACHEL CARSON,IMO8983210,WDF9370,90,0,41,10,,70,A
338415000,2023-07-20T21:58:35,36.78230,-121.97282,10.2,81.0,81.0,RACHEL CARSON,IMO8983210,WDF9370,90,0,41,10,,70,A
338415000,2023-07-20T15:10:12,36.78350,-121.97851,9.7,266.0,267.0,RACHEL CARSON,IMO8983210,WDF9370,90,0,41,10,,70,A
338415000,2023-07-20T15:11:19,36.78310,-121.98230,8.2,252.0,259.0,RACHEL CARSON,IMO8983210,WDF9370,90,0,41,10,,70,A
338415000,2023-07-20T15:12:23,36.78273,-121.98582,10.3,266.0,266.0,RACHEL CARSON,IMO8983210,WDF9370,90,0,41,10,,70,A
338415000,2023-07-20T15:13:24,36.78250,-121.98921,10.3,263.0,264.0,RACHEL CARSON,IMO8983210,WDF9370,90,0,41,10,,70,A
338415000,2023-07-20T15:14:32,36.78216,-121.99304,10.6,273.0,262.0,RACHEL CARSON,IMO8983210,WDF9370,90,0,41,10,,70,A
338415000,2023-07-20T15:15:42,36.78183,-121.99698,9.6,273.0,266.0,RACHEL CARSON,IMO8983210,WDF9370,90,0,41,10,,70,A
338415000,2023-07-20T21:55:27,36.78083,-121.98388,10.2,78.0,79.0,RACHEL CARSON,IMO8983210,WDF9370,90,0,41,10,,70,A
338415000,2023-07-20T21:56:29,36.78145,-121.98028,10.3,78.0,79.0,RACHEL CARSON,IMO8983210,WDF9370,90,0,41,10,,70,A
338415000,2023-07-20T21:57:32,36.78192,-121.97663,10.2,80.0,82.0,RACHEL CARSON,IMO8983210,WDF9370,90,0,41,10,,70,A
338415000,2023-07-20T15:03:23,36.78580,-121.95503,10.4,266.0,264.0,RACHEL CARSON,IMO8983210,WDF9370,90,0,41,10,,70,A
338415000,2023-07-20T15:04:28,36.78546,-121.95874,9.7,267.0,265.0,RACHEL CARSON,IMO8983210,WDF9370,90,0,41,10,,70,A
338415000,2023-07-20T15:05:32,36.78502,-121.96242,10.8,261.0,262.0,RACHEL CARSON,IMO8983210,WDF9370,90,0,41,10,,70,A
338415000,2023-07-20T15:06:41,36.78462,-121.96644,9.8,266.0,266.0,RACHEL CARSON,IMO8983210,WDF9370,90,0,41,10,,70,A
338415000,2023-07-20T15:07:52,36.78428,-121.97050,10.4,265.0,264.0,RACHEL CARSON,IMO8983210,WDF9370,90,0,41,10,,70,A
338415000,2023-07-20T21:59:41,36.78276,-121.96884,10.6,81.0,79.0,RACHEL CARSON,IMO8983210,WDF9370,90,0,41,10,,70,A
338415000,2023-07-20T22:00:03,36.78296,-121.96752,10.9,78.0,78.0,RACHEL CARSON,IMO8983210,WDF9370,90,0,41,10,,70,A
338415000,2023-07-20T22:01:06,36.78349,-121.96381,10.4,81.0,79.0,RACHEL CARSON,IMO8983210,WDF9370,90,0,41,10,,70,A
338415000,2023-07-20T22:02:10,36.78403,-121.95999,10.0,79.0,79.0,RACHEL CARSON,IMO8983210,WDF9370,90,0,41,10,,70,A
338415000,2023-07-20T22:03:15,36.78456,-121.95602,10.9,83.0,83.0,RACHEL CARSON,IMO8983210,WDF9370,90,0,41,10,,70,A
367062870,2023-03-08T15:59:10,36.78431,-121.99670,6.9,141.1,511.0,SAN GIOVANNI,,WDM3404,30,,18,6,,,B
367062870,2023-03-08T16:00:11,36.78289,-121.99516,7.0,144.9,511.0,SAN GIOVANNI,,WDM3404,30,,18,6,,,B
367062870,2023-03-08T16:01:43,36.78083,-121.99278,6.4,132.3,511.0,SAN GIOVANNI,,WDM3404,30,,18,6,,,B
368183650,2023-05-28T08:59:11,36.78265,-121.95469,6.3,334.5,346.0,KAHOOTS,,WDL9943,36,,14,3,,,B
211779740,2023-05-28T08:59:45,36.78426,-121.95383,7.8,252.4,511.0,FEROX,,,36,,11,4,,,B
368183650,2023-05-28T09:00:11,36.78420,-121.95565,5.9,345.4,349.0,KAHOOTS,,WDL9943,36,,14,3,,,B
211779740,2023-05-28T09:00:15,36.78394,-121.95501,6.3,244.7,511.0,FEROX,,,36,,11,4,,,B
368183650,2023-05-28T09:01:36,36.78630,-121.95714,6.8,316.6,325.0,KAHOOTS,,WDL9943,36,,14,3,,,B
211779740,2023-05-28T09:01:45,36.78269,-121.95818,5.5,247.0,511.0,FEROX,,,36,,11,4,,,B
368183650,2023-05-28T09:02:38,36.78783,-121.95829,6.5,322.2,335.0,KAHOOTS,,WDL9943,36,,14,3,,,B
211779740,2023-05-28T09:03:15,36.78193,-121.96108,5.5,247.7,511.0,FEROX,,,36,,11,4,,,B
368183650,2023-05-28T09:04:11,36.79023,-121.95974,6.0,334.7,339.0,KAHOOTS,,WDL9943,36,,14,3,,,B
211779740,2023-05-28T09:04:45,36.78137,-121.96360,4.1,254.9,511.0,FEROX,,,36,,11,4,,,B
368183650,2023-05-28T09:05:39,36.79254,-121.96099,6.3,335.9,340.0,KAHOOTS,,WDL9943,36,,14,3,,,B
211779740,2023-05-28T09:06:15,36.78096,-121.96621,4.9,259.7,511.0,FEROX,,,36,,11,4,,,B
368183650,2023-05-28T09:07:10,36.79491,-121.96236,5.8,333.5,339.0,KAHOOTS,,WDL9943,36,,14,3,,,B
211779740,2023-05-28T09:07:45,36.78078,-121.96852,5.5,261.1,511.0,FEROX,,,36,,11,4,,,B
368183650,2023-05-28T09:08:37,36.79710,-121.96372,5.9,331.6,335.0,KAHOOTS,,WDL9943,36,,14,3,,,B
368183650,2023-05-28T09:10:10,36.79944,-121.96520,6.4,333.7,342.0,KAHOOTS,,WDL9943,36,,14,3,,,B
368183650,2023-05-28T09:11:11,36.80100,-121.96608,6.2,332.5,339.0,KAHOOTS,,WDL9943,36,,14,3,,,B
368183650,2023-05-28T09:12:37,36.80319,-121.96734,5.9,335.3,339.0,KAHOOTS,,WDL9943,36,,14,3,,,B
368183650,2023-05-28T09:14:10,36.80560,-121.96861,6.0,341.0,342.0,KAHOOTS,,WDL9943,36,,14,3,,,B
368183650,2023-05-28T09:15:11,36.80719,-121.96947,6.5,334.4,339.0,KAHOOTS,,WDL9943,36,,14,3,,,B
368183650,2023-05-28T09:17:11,36.81030,-121.97106,5.8,336.0,337.0,KAHOOTS,,WDL9943,36,,14,3,,,B
368183650,2023-05-28T09:18:41,36.81261,-121.97234,6.2,336.7,339.0,KAHOOTS,,WDL9943,36,,14,3,,,B
368183650,2023-05-28T09:20:11,36.81506,-121.97351,6.5,341.0,346.0,KAHOOTS,,WDL9943,36,,14,3,,,B
338469184,2023-05-28T21:37:28,36.79066,-121.95365,6.7,349.9,338.0,ZAFF,,,36,,9,4,,,B
338469184,2023-05-28T21:39:24,36.79420,-121.95477,6.7,358.7,352.0,ZAFF,,,36,,9,4,,,B
338469184,2023-05-28T21:40:54,36.79693,-121.95556,6.3,347.3,349.0,ZAFF,,,36,,9,4,,,B
338469184,2023-05-28T21:42:24,36.79961,-121.95619,6.9,350.5,346.0,ZAFF,,,36,,9,4,,,B
338469184,2023-05-28T21:43:54,36.80219,-121.95687,5.8,346.8,339.0,ZAFF,,,36,,9,4,,,B
338469184,2023-05-28T21:45:54,36.80462,-121.95797,6.1,338.7,331.0,ZAFF,,,36,,9,4,,,B
338469184,2023-05-28T21:47:24,36.80724,-121.95887,6.0,338.9,337.0,ZAFF,,,36,,9,4,,,B
338469184,2023-05-28T21:50:24,36.81223,-121.96087,6.4,338.0,338.0,ZAFF,,,36,,9,4,,,B
338469184,2023-05-28T21:51:54,36.81485,-121.96159,6.9,343.6,339.0,ZAFF,,,36,,9,4,,,B
338402073,2023-07-15T17:24:01,36.79985,-121.98935,12.7,22.1,21.0,FASTER HORSES,,,37,,15,4,,,B
338402073,2023-07-15T17:18:26,36.78450,-121.99745,12.7,22.2,23.0,FASTER HORSES,,,37,,15,4,,,B
338402073,2023-07-15T17:19:59,36.78913,-121.99513,7.1,29.3,24.0,FASTER HORSES,,,37,,15,4,,,B
338402073,2023-07-15T17:21:30,36.79222,-121.99345,11.1,19.7,22.0,FASTER HORSES,,,37,,15,4,,,B
338402073,2023-07-15T17:22:31,36.79530,-121.99187,11.9,25.4,20.0,FASTER HORSES,,,37,,15,4,,,B
338402073,2023-07-15T17:25:04,36.80300,-121.98767,11.9,24.2,22.0,FASTER HORSES,,,37,,15,4,,,B
338402073,2023-07-15T17:26:34,36.80748,-121.98510,12.7,22.1,20.0,FASTER HORSES,,,37,,15,4,,,B
338402073,2023-07-15T17:27:37,36.81057,-121.98332,11.9,19.6,22.0,FASTER HORSES,,,37,,15,4,,,B
369970147,2023-04-19T23:24:22,36.78673,-121.95443,8.1,270.9,276.0,BELL M SHIMADA,IMO9349069,WTED,90,0,63,15,5.9,90,A
369970147,2023-04-19T23:25:26,36.78675,-121.95743,8.2,271.2,276.0,BELL M SHIMADA,IMO9349069,WTED,90,0,63,15,5.9,90,A
369970147,2023-04-19T23:26:31,36.78679,-121.96049,8.2,271.1,276.0,BELL M SHIMADA,IMO9349069,WTED,90,0,63,15,5.9,90,A
369970147,2023-04-19T23:27:33,36.78679,-121.96348,8.3,269.5,276.0,BELL M SHIMADA,IMO9349069,WTED,90,0,63,15,5.9,90,A
369970147,2023-04-19T23:28:34,36.78679,-121.96633,7.9,270.1,275.0,BELL M SHIMADA,IMO9349069,WTED,90,0,63,15,5.9,90,A
369970147,2023-04-19T23:29:35,36.78680,-121.96921,8.4,271.3,275.0,BELL M SHIMADA,IMO9349069,WTED,90,0,63,15,5.9,90,A
369970147,2023-04-19T23:30:37,36.78682,-121.97222,8.3,271.4,276.0,BELL M SHIMADA,IMO9349069,WTED,90,0,63,15,5.9,90,A
369970147,2023-04-19T23:31:38,36.78687,-121.97519,8.5,272.4,276.0,BELL M SHIMADA,IMO9349069,WTED,90,0,63,15,5.9,90,A
369970147,2023-04-19T23:32:43,36.78689,-121.97830,8.5,271.6,276.0,BELL M SHIMADA,IMO9349069,WTED,90,0,63,15,5.9,90,A
369970147,2023-04-19T23:33:46,36.78689,-121.98114,7.9,268.8,275.0,BELL M SHIMADA,IMO9349069,WTED,90,0,63,15,5.9,90,A
369970147,2023-04-19T23:34:48,36.78691,-121.98410,8.2,267.8,272.0,BELL M SHIMADA,IMO9349069,WTED,90,0,63,15,5.9,90,A
369970147,2023-04-19T23:35:51,36.78686,-121.98708,8.1,270.6,274.0,BELL M SHIMADA,IMO9349069,WTED,90,0,63,15,5.9,90,A
369970147,2023-04-19T23:36:54,36.78681,-121.99008,8.4,269.4,275.0,BELL M SHIMADA,IMO9349069,WTED,90,0,63,15,5.9,90,A
369970147,2023-04-19T23:37:57,36.78681,-121.99308,8.1,270.8,275.0,BELL M SHIMADA,IMO9349069,WTED,90,0,63,15,5.9,90,A
369970147,2023-04-19T23:38:59,36.78678,-121.99599,7.8,268.9,274.0,BELL M SHIMADA,IMO9349069,WTED,90,0,63,15,5.9,90,A
338157903,2023-03-07T16:05:10,36.81080,-121.96501,21.9,264.0,511.0,MUSCULUS,,,37,,,,,,B
338157903,2023-03-27T15:46:45,36.79840,-121.95655,22.3,254.1,511.0,MUSCULUS,,,37,,,,,,B
338157903,2023-03-27T15:48:44,36.79592,-121.97106,19.1,312.1,511.0,MUSCULUS,,,37,,,,,,B
338157903,2023-03-27T15:49:45,36.80079,-121.97454,20.0,330.5,511.0,MUSCULUS,,,37,,,,,,B
338157903,2023-03-27T15:51:15,36.80791,-121.97954,20.2,331.7,511.0,MUSCULUS,,,37,,,,,,B
338157903,2023-03-27T15:52:45,36.81530,-121.98406,19.8,350.8,511.0,MUSCULUS,,,37,,,,,,B
338157903,2023-04-09T17:02:38,36.81046,-121.98146,23.1,277.6,511.0,MUSCULUS,,,37,,,,,,B
338157903,2023-04-09T17:03:39,36.81150,-121.98951,25.2,276.1,511.0,MUSCULUS,,,37,,,,,,B
338157903,2023-04-20T15:17:50,36.79011,-121.96062,16.7,271.9,511.0,MUSCULUS,,,37,,,,,,B
338157903,2023-04-20T15:19:49,36.79045,-121.97159,16.8,279.6,511.0,MUSCULUS,,,37,,,,,,B
338157903,2023-04-20T15:20:50,36.79112,-121.97731,17.1,279.2,511.0,MUSCULUS,,,37,,,,,,B
338157903,2023-04-20T15:21:51,36.79205,-121.98330,17.8,287.7,511.0,MUSCULUS,,,37,,,,,,B
338157903,2023-04-20T15:23:20,36.78924,-121.98968,16.8,214.0,511.0,MUSCULUS,,,37,,,,,,B
338157903,2023-04-20T15:24:21,36.78586,-121.98936,8.7,168.7,511.0,MUSCULUS,,,37,,,,,,B
338157903,2023-04-20T15:26:20,36.78399,-121.98652,8.7,39.4,511.0,MUSCULUS,,,37,,,,,,B
338157903,2023-04-20T15:27:50,36.78446,-121.98620,4.9,163.3,511.0,MUSCULUS,,,37,,,,,,B
338157903,2023-04-20T15:29:50,36.78201,-121.98570,2.9,195.2,511.0,MUSCULUS,,,37,,,,,,B
338157903,2023-04-20T15:30:51,36.78126,-121.98510,5.2,125.2,511.0,MUSCULUS,,,37,,,,,,B
338157903,2023-04-20T15:35:50,36.78448,-121.99481,16.0,308.3,511.0,MUSCULUS,,,37,,,,,,B
338157903,2023-04-20T19:49:06,36.79546,-121.99287,12.8,128.4,511.0,MUSCULUS,,,37,,,,,,B
338157903,2023-04-20T19:50:36,36.79063,-121.98841,21.9,136.5,511.0,MUSCULUS,,,37,,,,,,B
338157903,2023-04-20T19:51:37,36.78607,-121.98333,23.3,119.9,511.0,MUSCULUS,,,37,,,,,,B
369970147,2023-07-08T23:20:26,36.78074,-121.98702,2.5,306.3,306.0,BELL M SHIMADA,IMO9349069,WTED,90,7,63,15,5.9,90,A
369970147,2023-07-08T23:21:27,36.78118,-121.98776,2.7,307.1,306.0,BELL M SHIMADA,IMO9349069,WTED,90,7,63,15,5.9,90,A
369970147,2023-07-08T23:22:28,36.78157,-121.98841,2.0,298.8,306.0,BELL M SHIMADA,IMO9349069,WTED,90,7,63,15,5.9,90,A
369970147,2023-07-08T23:23:32,36.78191,-121.98893,1.6,310.9,307.0,BELL M SHIMADA,IMO9349069,WTED,90,7,63,15,5.9,90,A
369970147,2023-07-08T23:24:33,36.78223,-121.98942,1.7,310.7,306.0,BELL M SHIMADA,IMO9349069,WTED,90,7,63,15,5.9,90,A
369970147,2023-07-08T23:25:34,36.78257,-121.98997,1.9,305.1,306.0,BELL M SHIMADA,IMO9349069,WTED,90,7,63,15,5.9,90,A
369970147,2023-07-08T23:26:36,36.78290,-121.99059,1.9,304.2,307.0,BELL M SHIMADA,IMO9349069,WTED,90,7,63,15,5.9,90,A
369970147,2023-07-08T23:27:47,36.78326,-121.99119,1.6,308.8,307.0,BELL M SHIMADA,IMO9349069,WTED,90,7,63,15,5.9,90,A
369970147,2023-07-08T23:28:48,36.78358,-121.99172,2.0,308.3,307.0,BELL M SHIMADA,IMO9349069,WTED,90,7,63,15,5.9,90,A
369970147,2023-07-08T23:29:49,36.78393,-121.99230,2.0,308.1,310.0,BELL M SHIMADA,IMO9349069,WTED,90,7,63,15,5.9,90,A
369970147,2023-07-08T23:30:52,36.78430,-121.99284,2.1,309.6,306.0,BELL M SHIMADA,IMO9349069,WTED,90,7,63,15,5.9,90,A
369970147,2023-07-08T23:31:53,36.78461,-121.99341,2.2,302.5,310.0,BELL M SHIMADA,IMO9349069,WTED,90,7,63,15,5.9,90,A
369970147,2023-07-08T23:32:55,36.78497,-121.99388,1.7,318.6,312.0,BELL M SHIMADA,IMO9349069,WTED,90,7,63,15,5.9,90,A
369970147,2023-07-08T23:34:02,36.78542,-121.99430,1.7,328.8,314.0,BELL M SHIMADA,IMO9349069,WTED,90,7,63,15,5.9,90,A
369970147,2023-07-08T23:35:05,36.78572,-121.99464,1.5,306.5,305.0,BELL M SHIMADA,IMO9349069,WTED,90,7,63,15,5.9,90,A
369970147,2023-07-08T23:36:06,36.78602,-121.99511,1.9,308.9,312.0,BELL M SHIMADA,IMO9349069,WTED,90,7,63,15,5.9,90,A
369970147,2023-07-08T23:37:09,36.78644,-121.99565,1.9,321.9,311.0,BELL M SHIMADA,IMO9349069,WTED,90,7,63,15,5.9,90,A
369970147,2023-07-08T23:38:13,36.78686,-121.99615,1.9,323.3,317.0,BELL M SHIMADA,IMO9349069,WTED,90,7,63,15,5.9,90,A
369970147,2023-07-08T23:39:15,36.78730,-121.99664,2.5,317.4,313.0,BELL M SHIMADA,IMO9349069,WTED,90,7,63,15,5.9,90,A
369970147,2023-07-08T23:40:19,36.78775,-121.99725,2.1,313.4,312.0,BELL M SHIMADA,IMO9349069,WTED,90,7,63,15,5.9,90,A
369970147,2023-07-08T23:41:21,36.78818,-121.99777,2.1,311.1,310.0,BELL M SHIMADA,IMO9349069,WTED,90,7,63,15,5.9,90,A
369970147,2023-07-09T00:03:11,36.78672,-121.99800,8.4,158.1,160.0,BELL M SHIMADA,IMO9349069,WTED,90,0,63,15,5.9,90,A
369970147,2023-07-09T00:04:13,36.78439,-121.99691,8.6,160.4,160.0,BELL M SHIMADA,IMO9349069,WTED,90,0,63,15,5.9,90,A
369970147,2023-07-09T00:05:16,36.78207,-121.99584,8.6,161.0,159.0,BELL M SHIMADA,IMO9349069,WTED,90,0,63,15,5.9,90,A
367731190,2023-07-29T19:48:49,36.80838,-121.99803,6.6,174.2,511.0,AROPA,,WDI7689,37,,11,,,,B
367731190,2023-07-29T19:50:18,36.80552,-121.99762,7.2,176.2,511.0,AROPA,,WDI7689,37,,11,,,,B
367731190,2023-07-29T19:51:19,36.80351,-121.99738,7.8,173.7,511.0,AROPA,,WDI7689,37,,11,,,,B
367731190,2023-07-29T19:53:18,36.79956,-121.99661,7.9,167.3,511.0,AROPA,,WDI7689,37,,11,,,,B
367731190,2023-07-29T19:54:51,36.79657,-121.99610,6.9,174.8,511.0,AROPA,,WDI7689,37,,11,,,,B
367731190,2023-07-29T19:56:48,36.79291,-121.99555,6.5,167.3,511.0,AROPA,,WDI7689,37,,11,,,,B
367731190,2023-07-29T19:58:18,36.79021,-121.99505,7.0,163.1,511.0,AROPA,,WDI7689,37,,11,,,,B
367731190,2023-07-29T19:59:50,36.78738,-121.99469,7.5,154.2,511.0,AROPA,,WDI7689,37,,11,,,,B
367731190,2023-07-29T20:01:18,36.78466,-121.99422,6.2,172.1,511.0,AROPA,,WDI7689,37,,11,,,,B
367731190,2023-07-29T20:02:50,36.78186,-121.99380,6.6,183.0,511.0,AROPA,,WDI7689,37,,11,,,,B
338142596,2023-04-06T18:32:21,36.78478,-121.96222,7.5,347.2,511.0,SAVANNAH,,,37,,12,,,,B
338142596,2023-04-06T18:33:22,36.78677,-121.96282,7.4,347.3,511.0,SAVANNAH,,,37,,12,,,,B
338142596,2023-04-06T18:34:51,36.78941,-121.96383,5.5,328.1,511.0,SAVANNAH,,,37,,12,,,,B
338142596,2023-04-06T18:35:52,36.79070,-121.96500,5.7,324.1,511.0,SAVANNAH,,,37,,12,,,,B
338142596,2023-04-06T18:37:22,36.79189,-121.96661,3.1,301.4,511.0,SAVANNAH,,,37,,12,,,,B
338142596,2023-04-06T18:38:51,36.79188,-121.96849,7.1,260.5,511.0,SAVANNAH,,,37,,12,,,,B
338142596,2023-04-06T18:39:52,36.79080,-121.97082,8.2,234.6,511.0,SAVANNAH,,,37,,12,,,,B
338142596,2023-04-06T18:41:21,36.78811,-121.97284,5.7,212.8,511.0,SAVANNAH,,,37,,12,,,,B
338142596,2023-04-06T18:42:51,36.78672,-121.97391,4.6,216.9,511.0,SAVANNAH,,,37,,12,,,,B
338142596,2023-04-06T18:44:21,36.78490,-121.97577,3.7,213.2,511.0,SAVANNAH,,,37,,12,,,,B
338142596,2023-04-06T18:45:52,36.78384,-121.97648,2.7,206.1,511.0,SAVANNAH,,,37,,12,,,,B
338142596,2023-04-06T18:47:21,36.78392,-121.97925,6.9,296.2,511.0,SAVANNAH,,,37,,12,,,,B
338142596,2023-04-06T18:48:23,36.78491,-121.98155,7.4,292.7,511.0,SAVANNAH,,,37,,12,,,,B
338142596,2023-04-06T18:49:51,36.78556,-121.98467,3.4,292.6,511.0,SAVANNAH,,,37,,12,,,,B
338142596,2023-04-06T18:51:51,36.78596,-121.98534,3.2,307.6,511.0,SAVANNAH,,,37,,12,,,,B
338142596,2023-04-06T18:52:52,36.78636,-121.98417,2.6,64.2,511.0,SAVANNAH,,,37,,12,,,,B
338142596,2023-04-06T18:54:21,36.78678,-121.98286,2.8,68.6,511.0,SAVANNAH,,,37,,12,,,,B
338142596,2023-04-06T18:56:22,36.78870,-121.98180,5.4,353.5,511.0,SAVANNAH,,,37,,12,,,,B
338142596,2023-04-06T18:57:51,36.79107,-121.98226,7.1,349.6,511.0,SAVANNAH,,,37,,12,,,,B
338142596,2023-04-06T18:59:21,36.79405,-121.98288,7.3,351.4,511.0,SAVANNAH,,,37,,12,,,,B
338142596,2023-04-06T19:00:51,36.79700,-121.98350,7.4,349.5,511.0,SAVANNAH,,,37,,12,,,,B
338142596,2023-04-06T19:01:52,36.79867,-121.98386,5.6,342.0,511.0,SAVANNAH,,,37,,12,,,,B
338142596,2023-04-06T19:03:21,36.80122,-121.98491,7.1,350.3,511.0,SAVANNAH,,,37,,12,,,,B
338142596,2023-04-06T19:05:21,36.80524,-121.98570,7.7,351.9,511.0,SAVANNAH,,,37,,12,,,,B
338142596,2023-04-06T19:06:22,36.80727,-121.98608,7.4,350.6,511.0,SAVANNAH,,,37,,12,,,,B
338142596,2023-04-06T19:08:50,36.81220,-121.98699,7.5,350.8,511.0,SAVANNAH,,,37,,12,,,,B
338142596,2023-04-06T19:09:51,36.81424,-121.98736,6.9,351.7,511.0,SAVANNAH,,,37,,12,,,,B
338142596,2023-05-29T19:59:24,36.78226,-121.97596,6.2,349.3,511.0,SAVANNAH,,,37,,12,,,,B
338142596,2023-05-29T20:00:24,36.78400,-121.97654,6.4,347.8,511.0,SAVANNAH,,,37,,12,,,,B
338142596,2023-05-29T20:01:54,36.78658,-121.97735,6.4,345.9,511.0,SAVANNAH,,,37,,12,,,,B
338142596,2023-05-29T20:03:23,36.78908,-121.97808,6.3,346.6,511.0,SAVANNAH,,,37,,12,,,,B
338142596,2023-05-29T20:04:52,36.79158,-121.97890,6.5,343.4,511.0,SAVANNAH,,,37,,12,,,,B
338142596,2023-05-29T20:05:54,36.79328,-121.97945,6.1,345.0,511.0,SAVANNAH,,,37,,12,,,,B
338142596,2023-05-29T20:08:53,36.79824,-121.98112,6.4,343.7,511.0,SAVANNAH,,,37,,12,,,,B
338142596,2023-05-29T20:10:23,36.80082,-121.98191,6.3,343.7,511.0,SAVANNAH,,,37,,12,,,,B
338142596,2023-05-29T20:11:53,36.80334,-121.98258,5.8,349.8,511.0,SAVANNAH,,,37,,12,,,,B
338142596,2023-05-29T20:12:54,36.80503,-121.98312,5.6,343.0,511.0,SAVANNAH,,,37,,12,,,,B
338142596,2023-05-29T20:14:24,36.80758,-121.98395,6.7,346.6,511.0,SAVANNAH,,,37,,12,,,,B
338142596,2023-05-29T20:15:53,36.81012,-121.98469,6.1,345.3,511.0,SAVANNAH,,,37,,12,,,,B
338142596,2023-05-29T20:17:27,36.81285,-121.98549,5.2,346.2,511.0,SAVANNAH,,,37,,12,,,,B
369970147,2023-05-15T11:10:20,36.81588,-121.99146,2.5,177.2,179.0,BELL M SHIMADA,IMO9349069,WTED,90,7,63,15,5.9,90,A
369970147,2023-05-15T11:11:22,36.81521,-121.99139,2.2,175.0,180.0,BELL M SHIMADA,IMO9349069,WTED,90,7,63,15,5.9,90,A
369970147,2023-05-15T11:12:23,36.81459,-121.99134,2.2,178.3,179.0,BELL M SHIMADA,IMO9349069,WTED,90,7,63,15,5.9,90,A
369970147,2023-05-15T11:13:29,36.81395,-121.99124,2.1,168.3,178.0,BELL M SHIMADA,IMO9349069,WTED,90,7,63,15,5.9,90,A
369970147,2023-05-15T11:14:32,36.81337,-121.99121,1.8,184.8,197.0,BELL M SHIMADA,IMO9349069,WTED,90,7,63,15,5.9,90,A
369970147,2023-05-15T11:15:34,36.81295,-121.99136,1.8,195.9,197.0,BELL M SHIMADA,IMO9349069,WTED,90,7,63,15,5.9,90,A
369970147,2023-05-15T11:16:38,36.81249,-121.99152,1.6,193.5,198.0,BELL M SHIMADA,IMO9349069,WTED,90,3,63,15,5.9,90,A
369970147,2023-05-15T11:17:39,36.81215,-121.99166,1.1,190.6,196.0,BELL M SHIMADA,IMO9349069,WTED,90,3,63,15,5.9,90,A
369970147,2023-05-15T11:18:41,36.81191,-121.99172,1.0,190.8,202.0,BELL M SHIMADA,IMO9349069,WTED,90,3,63,15,5.9,90,A
369970147,2023-05-15T11:19:46,36.81171,-121.99178,0.9,210.6,204.0,BELL M SHIMADA,IMO9349069,WTED,90,3,63,15,5.9,90,A
369970147,2023-05-15T11:20:50,36.81161,-121.99184,0.7,195.2,203.0,BELL M SHIMADA,IMO9349069,WTED,90,3,63,15,5.9,90,A
369970147,2023-05-15T11:21:55,36.81154,-121.99185,0.4,204.2,202.0,BELL M SHIMADA,IMO9349069,WTED,90,3,63,15,5.9,90,A
369970147,2023-05-15T11:22:57,36.81152,-121.99179,0.1,299.5,203.0,BELL M SHIMADA,IMO9349069,WTED,90,3,63,15,5.9,90,A
369970147,2023-05-15T11:23:58,36.81150,-121.99176,0.1,69.3,202.0,BELL M SHIMADA,IMO9349069,WTED,90,3,63,15,5.9,90,A
369970147,2023-05-15T11:25:03,36.81153,-121.99173,0.4,79.9,197.0,BELL M SHIMADA,IMO9349069,WTED,90,3,63,15,5.9,90,A
369970147,2023-05-15T11:26:05,36.81154,-121.99163,0.8,92.1,192.0,BELL M SHIMADA,IMO9349069,WTED,90,3,63,15,5.9,90,A
369970147,2023-05-15T11:27:06,36.81151,-121.99150,0.8,108.1,192.0,BELL M SHIMADA,IMO9349069,WTED,90,3,63,15,5.9,90,A
369970147,2023-05-15T11:28:09,36.81149,-121.99139,0.7,97.4,193.0,BELL M SHIMADA,IMO9349069,WTED,90,3,63,15,5.9,90,A
369970147,2023-05-15T11:29:12,36.81147,-121.99128,0.5,113.2,196.0,BELL M SHIMADA,IMO9349069,WTED,90,3,63,15,5.9,90,A
369970147,2023-05-15T11:30:13,36.81144,-121.99116,0.5,112.9,199.0,BELL M SHIMADA,IMO9349069,WTED,90,3,63,15,5.9,90,A
369970147,2023-05-15T11:31:19,36.81143,-121.99108,0.5,115.2,202.0,BELL M SHIMADA,IMO9349069,WTED,90,3,63,15,5.9,90,A
369970147,2023-05-15T11:32:23,36.81141,-121.99104,0.4,141.8,203.0,BELL M SHIMADA,IMO9349069,WTED,90,3,63,15,5.9,90,A
369970147,2023-05-15T11:33:28,36.81134,-121.99098,0.7,129.5,200.0,BELL M SHIMADA,IMO9349069,WTED,90,3,63,15,5.9,90,A
369970147,2023-05-15T11:34:30,36.81130,-121.99096,0.3,164.2,199.0,BELL M SHIMADA,IMO9349069,WTED,90,3,63,15,5.9,90,A
369970147,2023-05-15T11:35:31,36.81124,-121.99093,0.3,143.8,199.0,BELL M SHIMADA,IMO9349069,WTED,90,3,63,15,5.9,90,A
369970147,2023-05-15T11:36:37,36.81116,-121.99090,0.4,139.6,198.0,BELL M SHIMADA,IMO9349069,WTED,90,3,63,15,5.9,90,A
369970147,2023-05-15T11:37:38,36.81103,-121.99087,0.9,170.2,200.0,BELL M SHIMADA,IMO9349069,WTED,90,3,63,15,5.9,90,A
369970147,2023-05-15T11:38:43,36.81074,-121.99097,1.1,218.7,228.0,BELL M SHIMADA,IMO9349069,WTED,90,3,63,15,5.9,90,A
369970147,2023-05-15T11:39:47,36.81055,-121.99129,1.6,234.1,214.0,BELL M SHIMADA,IMO9349069,WTED,90,3,63,15,5.9,90,A
369970147,2023-05-15T11:40:48,36.81028,-121.99161,1.6,219.6,216.0,BELL M SHIMADA,IMO9349069,WTED,90,3,63,15,5.9,90,A
369970147,2023-05-15T11:41:58,36.80991,-121.99205,1.7,218.9,214.0,BELL M SHIMADA,IMO9349069,WTED,90,3,63,15,5.9,90,A
369970147,2023-05-15T11:43:02,36.80948,-121.99244,2.0,215.4,214.0,BELL M SHIMADA,IMO9349069,WTED,90,3,63,15,5.9,90,A
369970147,2023-05-15T11:44:03,36.80905,-121.99288,2.2,212.7,215.0,BELL M SHIMADA,IMO9349069,WTED,90,3,63,15,5.9,90,A
369970147,2023-05-15T11:45:05,36.80862,-121.99334,1.9,218.8,214.0,BELL M SHIMADA,IMO9349069,WTED,90,3,63,15,5.9,90,A
369970147,2023-05-15T11:46:06,36.80823,-121.99373,1.7,213.1,215.0,BELL M SHIMADA,IMO9349069,WTED,90,3,63,15,5.9,90,A
369970147,2023-05-15T11:47:07,36.80793,-121.99406,1.5,220.4,218.0,BELL M SHIMADA,IMO9349069,WTED,90,3,63,15,5.9,90,A
369970147,2023-05-15T11:48:17,36.80774,-121.99440,1.3,252.4,217.0,BELL M SHIMADA,IMO9349069,WTED,90,3,63,15,5.9,90,A
369970147,2023-05-15T11:49:20,36.80762,-121.99462,0.9,229.6,213.0,BELL M SHIMADA,IMO9349069,WTED,90,3,63,15,5.9,90,A
369970147,2023-05-15T11:50:21,36.80738,-121.99486,1.4,215.2,212.0,BELL M SHIMADA,IMO9349069,WTED,90,3,63,15,5.9,90,A
369970147,2023-05-15T11:51:23,36.80697,-121.99529,2.0,219.9,213.0,BELL M SHIMADA,IMO9349069,WTED,90,3,63,15,5.9,90,A
369970147,2023-05-15T11:52:25,36.80645,-121.99578,2.3,213.5,214.0,BELL M SHIMADA,IMO9349069,WTED,90,3,63,15,5.9,90,A
369970147,2023-05-15T11:53:27,36.80594,-121.99626,2.2,219.8,215.0,BELL M SHIMADA,IMO9349069,WTED,90,3,63,15,5.9,90,A
369970147,2023-05-15T11:54:30,36.80536,-121.99683,3.1,216.3,214.0,BELL M SHIMADA,IMO9349069,WTED,90,3,63,15,5.9,90,A
369970147,2023-05-15T11:55:32,36.80449,-121.99767,3.9,218.8,220.0,BELL M SHIMADA,IMO9349069,WTED,90,3,63,15,5.9,90,A
368205150,2023-06-05T00:03:19,36.78780,-121.95415,3.9,335.3,511.0,LONE GULL,,,37,,0,0,,,B
368205150,2023-06-05T00:04:21,36.78878,-121.95463,3.1,353.1,511.0,LONE GULL,,,37,,0,0,,,B
368205150,2023-06-05T00:05:50,36.79028,-121.95542,3.8,343.0,511.0,LONE GULL,,,37,,0,0,,,B
368205150,2023-06-05T00:07:21,36.79182,-121.95618,4.2,343.9,511.0,LONE GULL,,,37,,0,0,,,B
368205150,2023-06-05T00:08:50,36.79334,-121.95691,3.6,350.8,511.0,LONE GULL,,,37,,0,0,,,B
368205150,2023-06-05T00:10:21,36.79476,-121.95760,3.5,344.8,511.0,LONE GULL,,,37,,0,0,,,B
368205150,2023-06-05T00:11:48,36.79613,-121.95823,3.1,340.8,511.0,LONE GULL,,,37,,0,0,,,B
368205150,2023-06-05T00:13:20,36.79748,-121.95886,3.0,340.7,511.0,LONE GULL,,,37,,0,0,,,B
368205150,2023-06-05T00:14:21,36.79824,-121.95918,2.5,345.4,511.0,LONE GULL,,,37,,0,0,,,B
368205150,2023-06-05T00:15:48,36.79940,-121.95970,2.5,345.4,511.0,LONE GULL,,,37,,0,0,,,B
368205150,2023-06-05T00:17:21,36.80074,-121.96032,4.0,336.6,511.0,LONE GULL,,,37,,0,0,,,B
368205150,2023-06-05T00:18:48,36.80239,-121.96125,4.7,335.7,511.0,LONE GULL,,,37,,0,0,,,B
368205150,2023-06-05T00:20:20,36.80387,-121.96205,3.1,347.9,511.0,LONE GULL,,,37,,0,0,,,B
368205150,2023-06-05T00:22:20,36.80563,-121.96298,3.6,337.5,511.0,LONE GULL,,,37,,0,0,,,B
368205150,2023-06-05T00:23:48,36.80700,-121.96370,3.6,337.6,511.0,LONE GULL,,,37,,0,0,,,B
368205150,2023-06-05T00:24:51,36.80788,-121.96408,3.3,342.6,511.0,LONE GULL,,,37,,0,0,,,B
368205150,2023-06-05T00:26:21,36.80910,-121.96467,2.8,331.3,511.0,LONE GULL,,,37,,0,0,,,B
368205150,2023-06-05T00:27:51,36.81023,-121.96520,2.6,344.4,511.0,LONE GULL,,,37,,0,0,,,B
368205150,2023-06-05T00:29:21,36.81135,-121.96576,2.6,338.4,511.0,LONE GULL,,,37,,0,0,,,B
368205150,2023-06-05T00:30:51,36.81253,-121.96634,3.2,340.2,511.0,LONE GULL,,,37,,0,0,,,B
368205150,2023-06-05T00:32:20,36.81370,-121.96694,3.1,347.4,511.0,LONE GULL,,,37,,0,0,,,B
368205150,2023-06-05T00:33:50,36.81485,-121.96749,3.4,339.8,511.0,LONE GULL,,,37,,0,0,,,B
366999663,2023-07-19T15:28:59,36.81513,-121.96227,18.4,162.7,163.0,CG HAWKSBILL,,NTXR,90,5,26,5,,55,A
366999663,2023-07-19T15:30:10,36.80950,-121.96033,19.1,166.0,163.0,CG HAWKSBILL,,NTXR,90,5,26,5,,55,A
366999663,2023-07-19T15:31:19,36.80405,-121.95838,17.5,163.6,162.0,CG HAWKSBILL,,NTXR,90,5,26,5,,55,A
366999663,2023-07-19T15:32:29,36.79841,-121.95644,19.5,164.2,163.0,CG HAWKSBILL,,NTXR,90,5,26,5,,55,A
366999663,2023-07-19T15:33:39,36.79281,-121.95439,17.3,162.3,162.0,CG HAWKSBILL,,NTXR,90,5,26,5,,55,A
367648130,2023-07-23T18:57:29,36.81577,-121.95765,5.5,163.3,511.0,KIKI,,WDH7438,37,,13,,,,B
367648130,2023-07-23T18:58:30,36.81430,-121.95703,5.7,158.9,511.0,KIKI,,WDH7438,37,,13,,,,B
367648130,2023-07-23T19:00:30,36.81135,-121.95573,5.5,159.8,511.0,KIKI,,WDH7438,37,,13,,,,B
367648130,2023-07-23T19:02:58,36.80761,-121.95451,5.4,168.1,511.0,KIKI,,WDH7438,37,,13,,,,B
367648130,2023-07-23T19:03:59,36.80607,-121.95400,5.8,162.2,511.0,KIKI,,WDH7438,37,,13,,,,B
367648130,2023-07-23T19:05:00,36.80458,-121.95347,5.9,158.6,511.0,KIKI,,WDH7438,37,,13,,,,B
338921000,2023-04-16T13:36:15,36.81628,-121.95392,8.0,94.0,94.0,CG GEORGE COBB,IMO9177325,NTVY,90,0,53,10,2.4,55,A
367367640,2023-04-18T03:50:48,36.78153,-121.96512,5.9,338.3,338.0,SOJOURN,,WDE5502,37,,16,5,,,B
367367640,2023-04-18T03:52:18,36.78368,-121.96625,5.8,339.6,341.0,SOJOURN,,WDE5502,37,,16,5,,,B
367367640,2023-04-18T03:53:48,36.78580,-121.96728,5.1,334.3,335.0,SOJOURN,,WDE5502,37,,16,5,,,B
367367640,2023-04-18T03:55:17,36.78794,-121.96843,5.9,335.6,338.0,SOJOURN,,WDE5502,37,,16,5,,,B
367367640,2023-04-18T03:56:19,36.78944,-121.96917,5.7,339.3,337.0,SOJOURN,,WDE5502,37,,16,5,,,B
367367640,2023-04-18T03:57:47,36.79159,-121.97025,5.5,337.9,338.0,SOJOURN,,WDE5502,37,,16,5,,,B
367367640,2023-04-18T03:58:48,36.79307,-121.97096,5.2,337.1,338.0,SOJOURN,,WDE5502,37,,16,5,,,B
367367640,2023-04-18T04:00:18,36.79526,-121.97204,5.0,346.4,345.0,SOJOURN,,WDE5502,37,,16,5,,,B
367367640,2023-04-18T04:01:20,36.79674,-121.97273,5.8,339.4,331.0,SOJOURN,,WDE5502,37,,16,5,,,B
367367640,2023-04-18T04:02:48,36.79890,-121.97383,5.5,337.7,340.0,SOJOURN,,WDE5502,37,,16,5,,,B
367367640,2023-04-18T04:03:49,36.80034,-121.97456,5.0,333.4,335.0,SOJOURN,,WDE5502,37,,16,5,,,B
367367640,2023-04-18T04:05:18,36.80247,-121.97565,5.3,333.2,339.0,SOJOURN,,WDE5502,37,,16,5,,,B
367367640,2023-04-18T04:06:50,36.80472,-121.97672,5.6,336.4,333.0,SOJOURN,,WDE5502,37,,16,5,,,B
367367640,2023-04-18T04:08:18,36.80694,-121.97783,5.6,342.8,340.0,SOJOURN,,WDE5502,37,,16,5,,,B
367367640,2023-04-18T04:10:17,36.80982,-121.97935,5.7,335.9,339.0,SOJOURN,,WDE5502,37,,16,5,,,B
367367640,2023-04-18T04:11:18,36.81130,-121.98011,6.2,338.1,341.0,SOJOURN,,WDE5502,37,,16,5,,,B
367367640,2023-04-18T04:12:51,36.81345,-121.98147,5.2,335.1,338.0,SOJOURN,,WDE5502,37,,16,5,,,B
367367640,2023-04-18T04:14:20,36.81552,-121.98292,6.0,328.4,333.0,SOJOURN,,WDE5502,37,,16,5,,,B
367011060,2023-02-20T21:52:21,36.80248,-121.96929,10.7,177.4,511.0,PT SUR CLIPPER,,WX8607,60,,13,5,,,B
367011060,2023-02-20T21:53:50,36.79800,-121.96947,10.7,177.9,511.0,PT SUR CLIPPER,,WX8607,60,,13,5,,,B
367011060,2023-02-20T21:55:17,36.79374,-121.96971,9.9,184.3,511.0,PT SUR CLIPPER,,WX8607,60,,13,5,,,B
367011060,2023-02-20T21:56:18,36.79075,-121.96987,10.3,182.2,511.0,PT SUR CLIPPER,,WX8607,60,,13,5,,,B
367011060,2023-02-20T21:57:48,36.78633,-121.97011,10.5,182.0,511.0,PT SUR CLIPPER,,WX8607,60,,13,5,,,B
367011060,2023-02-20T21:58:51,36.78330,-121.97024,10.4,182.2,511.0,PT SUR CLIPPER,,WX8607,60,,13,5,,,B
367011060,2023-02-20T21:48:48,36.81298,-121.96867,10.6,177.8,511.0,PT SUR CLIPPER,,WX8607,60,,13,5,,,B
367011060,2023-02-20T21:49:49,36.80996,-121.96888,10.3,185.4,511.0,PT SUR CLIPPER,,WX8607,60,,13,5,,,B
367011060,2023-02-20T21:51:19,36.80547,-121.96918,10.4,185.2,511.0,PT SUR CLIPPER,,WX8607,60,,13,5,,,B
367011060,2023-03-19T00:13:19,36.78405,-121.96222,10.8,342.1,511.0,PT SUR CLIPPER,,WX8607,60,,13,5,,,B
367011060,2023-03-19T00:47:50,36.78396,-121.95561,9.6,174.1,511.0,PT SUR CLIPPER,,WX8607,60,,13,5,,,B
367011060,2023-03-19T00:49:19,36.78260,-121.95500,5.3,163.0,511.0,PT SUR CLIPPER,,WX8607,60,,13,5,,,B
367011060,2023-03-19T00:50:20,36.78114,-121.95469,4.6,142.3,511.0,PT SUR CLIPPER,,WX8607,60,,13,5,,,B
367011060,2023-03-19T00:52:50,36.78222,-121.95607,7.4,115.9,511.0,PT SUR CLIPPER,,WX8607,60,,13,5,,,B
367011060,2023-03-19T00:54:19,36.78045,-121.95833,8.6,232.7,511.0,PT SUR CLIPPER,,WX8607,60,,13,5,,,B
367011060,2023-03-19T00:14:20,36.78700,-121.96356,11.0,343.1,511.0,PT SUR CLIPPER,,WX8607,60,,13,5,,,B
367011060,2023-03-19T00:15:50,36.79140,-121.96538,10.8,343.0,511.0,PT SUR CLIPPER,,WX8607,60,,13,5,,,B
367011060,2023-03-19T00:17:19,36.79574,-121.96720,11.1,341.5,511.0,PT SUR CLIPPER,,WX8607,60,,13,5,,,B
367011060,2023-03-19T00:18:20,36.79872,-121.96847,11.0,341.0,511.0,PT SUR CLIPPER,,WX8607,60,,13,5,,,B
367011060,2023-03-19T00:19:49,36.80308,-121.97036,11.9,336.1,511.0,PT SUR CLIPPER,,WX8607,60,,13,5,,,B
367011060,2023-03-19T00:21:19,36.80711,-121.97286,10.8,310.1,511.0,PT SUR CLIPPER,,WX8607,60,,13,5,,,B
367011060,2023-03-19T00:22:50,36.80921,-121.97585,3.6,1.6,511.0,PT SUR CLIPPER,,WX8607,60,,13,5,,,B
367011060,2023-03-19T00:24:19,36.80867,-121.97445,7.9,227.3,511.0,PT SUR CLIPPER,,WX8607,60,,13,5,,,B
367011060,2023-03-19T00:25:50,36.80507,-121.97484,9.5,160.5,511.0,PT SUR CLIPPER,,WX8607,60,,13,5,,,B
367011060,2023-03-19T00:27:19,36.80178,-121.97331,7.9,146.2,511.0,PT SUR CLIPPER,,WX8607,60,,13,5,,,B
367011060,2023-03-19T00:28:50,36.79894,-121.96998,6.7,128.5,511.0,PT SUR CLIPPER,,WX8607,60,,13,5,,,B
367011060,2023-03-19T00:30:19,36.79728,-121.96741,6.0,145.4,511.0,PT SUR CLIPPER,,WX8607,60,,13,5,,,B
367011060,2023-03-19T00:31:22,36.79611,-121.96575,7.5,151.2,511.0,PT SUR CLIPPER,,WX8607,60,,13,5,,,B
367011060,2023-03-19T00:32:49,36.79239,-121.96561,10.3,186.9,511.0,PT SUR CLIPPER,,WX8607,60,,13,5,,,B
367011060,2023-03-19T00:34:21,36.79136,-121.96344,9.7,62.6,511.0,PT SUR CLIPPER,,WX8607,60,,13,5,,,B
367011060,2023-03-19T00:35:49,36.79338,-121.96032,9.0,18.2,511.0,PT SUR CLIPPER,,WX8607,60,,13,5,,,B
367011060,2023-03-19T00:37:20,36.79399,-121.96224,1.8,205.6,511.0,PT SUR CLIPPER,,WX8607,60,,13,5,,,B
367011060,2023-03-19T00:38:49,36.79384,-121.96465,5.6,277.0,511.0,PT SUR CLIPPER,,WX8607,60,,13,5,,,B
367011060,2023-03-19T00:39:51,36.79365,-121.96610,3.0,253.0,511.0,PT SUR CLIPPER,,WX8607,60,,13,5,,,B
367011060,2023-03-19T00:41:20,36.79200,-121.96404,11.2,104.0,511.0,PT SUR CLIPPER,,WX8607,60,,13,5,,,B
367011060,2023-03-19T00:42:49,36.79137,-121.96106,5.6,284.3,511.0,PT SUR CLIPPER,,WX8607,60,,13,5,,,B
367011060,2023-03-19T00:43:52,36.78992,-121.96152,8.0,146.6,511.0,PT SUR CLIPPER,,WX8607,60,,13,5,,,B
367011060,2023-03-19T00:45:19,36.78782,-121.96012,6.0,148.3,511.0,PT SUR CLIPPER,,WX8607,60,,13,5,,,B
367011060,2023-03-19T00:46:20,36.78698,-121.95740,7.5,142.2,511.0,PT SUR CLIPPER,,WX8607,60,,13,5,,,B
367011060,2023-04-01T17:16:29,36.80652,-121.95809,10.3,277.7,511.0,PT SUR CLIPPER,,WX8607,60,,13,5,,,B
367011060,2023-04-01T17:17:58,36.80654,-121.96340,10.7,271.5,511.0,PT SUR CLIPPER,,WX8607,60,,13,5,,,B
367011060,2023-04-01T17:19:28,36.80647,-121.96893,10.6,269.1,511.0,PT SUR CLIPPER,,WX8607,60,,13,5,,,B
367011060,2023-04-01T17:20:57,36.80685,-121.97422,10.4,281.8,511.0,PT SUR CLIPPER,,WX8607,60,,13,5,,,B
367011060,2023-04-01T17:21:59,36.80748,-121.97788,11.1,281.8,511.0,PT SUR CLIPPER,,WX8607,60,,13,5,,,B
367011060,2023-04-01T17:23:27,36.80842,-121.98308,10.2,281.8,511.0,PT SUR CLIPPER,,WX8607,60,,13,5,,,B
367011060,2023-04-01T17:24:29,36.80906,-121.98668,10.2,282.6,511.0,PT SUR CLIPPER,,WX8607,60,,13,5,,,B
367011060,2023-04-01T17:25:57,36.81091,-121.99153,10.5,305.3,511.0,PT SUR CLIPPER,,WX8607,60,,13,5,,,B
367011060,2023-04-01T17:26:58,36.81255,-121.99459,10.8,305.3,511.0,PT SUR CLIPPER,,WX8607,60,,13,5,,,B
367011060,2023-04-05T18:24:48,36.78062,-121.97083,3.3,305.4,511.0,PT SUR CLIPPER,,WX8607,60,,13,5,,,B
367011060,2023-04-05T18:26:16,36.78154,-121.97230,3.6,306.5,511.0,PT SUR CLIPPER,,WX8607,60,,13,5,,,B
367011060,2023-04-05T18:27:17,36.78212,-121.97316,2.2,317.4,511.0,PT SUR CLIPPER,,WX8607,60,,13,5,,,B
367011060,2023-04-05T18:28:18,36.78215,-121.97362,7.8,136.7,511.0,PT SUR CLIPPER,,WX8607,60,,13,5,,,B
367011060,2023-04-05T18:35:17,36.78052,-121.98105,10.0,283.8,511.0,PT SUR CLIPPER,,WX8607,60,,13,5,,,B
367011060,2023-04-05T18:36:47,36.78147,-121.98630,10.2,283.7,511.0,PT SUR CLIPPER,,WX8607,60,,13,5,,,B
367011060,2023-04-05T18:38:17,36.78238,-121.99157,9.5,284.0,511.0,PT SUR CLIPPER,,WX8607,60,,13,5,,,B
367011060,2023-04-06T18:23:53,36.80129,-121.95547,10.7,336.5,511.0,PT SUR CLIPPER,,WX8607,60,,13,5,,,B
367011060,2023-04-06T18:24:55,36.80389,-121.95759,11.2,321.5,511.0,PT SUR CLIPPER,,WX8607,60,,13,5,,,B
367011060,2023-04-06T18:26:23,36.80574,-121.96180,10.6,225.9,511.0,PT SUR CLIPPER,,WX8607,60,,13,5,,,B
367011060,2023-04-06T18:27:53,36.80372,-121.96356,3.2,200.2,511.0,PT SUR CLIPPER,,WX8607,60,,13,5,,,B
367011060,2023-04-06T18:29:23,36.80261,-121.96416,2.9,211.1,511.0,PT SUR CLIPPER,,WX8607,60,,13,5,,,B
367011060,2023-04-06T18:30:53,36.80162,-121.96534,2.7,233.2,511.0,PT SUR CLIPPER,,WX8607,60,,13,5,,,B
367011060,2023-04-06T18:31:54,36.79955,-121.96644,11.4,192.5,511.0,PT SUR CLIPPER,,WX8607,60,,13,5,,,B
367011060,2023-04-06T18:33:53,36.79523,-121.96841,4.0,202.6,511.0,PT SUR CLIPPER,,WX8607,60,,13,5,,,B
367011060,2023-04-06T18:35:23,36.79431,-121.96878,2.2,188.2,511.0,PT SUR CLIPPER,,WX8607,60,,13,5,,,B
367011060,2023-04-06T18:36:24,36.79338,-121.96915,2.7,220.1,511.0,PT SUR CLIPPER,,WX8607,60,,13,5,,,B
367011060,2023-04-06T18:37:54,36.79223,-121.97012,4.4,208.5,511.0,PT SUR CLIPPER,,WX8607,60,,13,5,,,B
367011060,2023-04-06T18:39:23,36.78896,-121.97274,10.1,212.9,511.0,PT SUR CLIPPER,,WX8607,60,,13,5,,,B
367011060,2023-04-06T18:40:24,36.78715,-121.97391,4.0,191.3,511.0,PT SUR CLIPPER,,WX8607,60,,13,5,,,B
367011060,2023-04-06T18:41:53,36.78550,-121.97454,6.9,238.4,511.0,PT SUR CLIPPER,,WX8607,60,,13,5,,,B
367011060,2023-04-06T18:43:24,36.78421,-121.97802,6.3,221.9,511.0,PT SUR CLIPPER,,WX8607,60,,13,5,,,B
367011060,2023-04-06T18:44:27,36.78323,-121.97849,2.9,187.2,511.0,PT SUR CLIPPER,,WX8607,60,,13,5,,,B
367011060,2023-04-06T18:45:53,36.78231,-121.97917,9.3,292.0,511.0,PT SUR CLIPPER,,WX8607,60,,13,5,,,B
367011060,2023-04-06T18:47:24,36.78466,-121.98350,9.4,293.8,511.0,PT SUR CLIPPER,,WX8607,60,,13,5,,,B
367011060,2023-04-06T18:48:54,36.78543,-121.98701,1.9,259.4,511.0,PT SUR CLIPPER,,WX8607,60,,13,5,,,B
367011060,2023-04-06T18:50:23,36.78659,-121.98813,4.9,0.2,511.0,PT SUR CLIPPER,,WX8607,60,,13,5,,,B
367011060,2023-04-06T18:51:53,36.78744,-121.98721,2.5,77.0,511.0,PT SUR CLIPPER,,WX8607,60,,13,5,,,B
367011060,2023-04-06T18:52:54,36.78784,-121.98634,3.7,64.4,511.0,PT SUR CLIPPER,,WX8607,60,,13,5,,,B
367011060,2023-04-06T18:54:23,36.78829,-121.98505,3.2,57.5,511.0,PT SUR CLIPPER,,WX8607,60,,13,5,,,B
367011060,2023-04-06T18:55:53,36.78871,-121.98405,2.1,76.1,511.0,PT SUR CLIPPER,,WX8607,60,,13,5,,,B
367011060,2023-04-06T18:57:53,36.78896,-121.98383,2.0,277.2,511.0,PT SUR CLIPPER,,WX8607,60,,13,5,,,B
367011060,2023-04-06T18:59:24,36.78966,-121.98426,5.6,20.0,511.0,PT SUR CLIPPER,,WX8607,60,,13,5,,,B
367011060,2023-04-06T19:00:23,36.79171,-121.98424,9.2,332.8,511.0,PT SUR CLIPPER,,WX8607,60,,13,5,,,B
367011060,2023-04-06T19:01:26,36.79375,-121.98548,3.9,320.2,511.0,PT SUR CLIPPER,,WX8607,60,,13,5,,,B
367011060,2023-04-06T19:02:54,36.79238,-121.98690,11.6,185.3,511.0,PT SUR CLIPPER,,WX8607,60,,13,5,,,B
367011060,2023-04-06T19:04:23,36.78786,-121.98778,10.1,185.9,511.0,PT SUR CLIPPER,,WX8607,60,,13,5,,,B
367011060,2023-04-06T19:05:53,36.78362,-121.98814,8.7,184.8,511.0,PT SUR CLIPPER,,WX8607,60,,13,5,,,B
367011060,2023-04-06T19:07:23,36.78083,-121.98843,5.9,185.1,511.0,PT SUR CLIPPER,,WX8607,60,,13,5,,,B
367011060,2023-04-07T16:39:11,36.78306,-121.97216,10.9,355.2,511.0,PT SUR CLIPPER,,WX8607,60,,13,5,,,B
367011060,2023-04-07T16:40:39,36.78743,-121.97323,11.0,345.5,511.0,PT SUR CLIPPER,,WX8607,60,,13,5,,,B
367011060,2023-04-07T16:41:45,36.79068,-121.97412,10.8,348.2,511.0,PT SUR CLIPPER,,WX8607,60,,13,5,,,B
367011060,2023-04-07T16:43:09,36.79483,-121.97476,11.0,353.8,511.0,PT SUR CLIPPER,,WX8607,60,,13,5,,,B
367011060,2023-04-07T16:44:39,36.79891,-121.97647,10.6,3.7,511.0,PT SUR CLIPPER,,WX8607,60,,13,5,,,B
367011060,2023-04-07T16:46:09,36.80341,-121.97642,10.8,358.4,511.0,PT SUR CLIPPER,,WX8607,60,,13,5,,,B
367011060,2023-04-07T16:47:39,36.80790,-121.97645,10.9,359.4,511.0,PT SUR CLIPPER,,WX8607,60,,13,5,,,B
367011060,2023-04-07T16:48:45,36.81133,-121.97653,11.3,3.3,511.0,PT SUR CLIPPER,,WX8607,60,,13,5,,,B
367011060,2023-04-07T16:50:09,36.81562,-121.97589,11.4,7.6,511.0,PT SUR CLIPPER,,WX8607,60,,13,5,,,B
367011060,2023-04-07T18:16:56,36.81374,-121.98978,9.9,186.9,511.0,PT SUR CLIPPER,,WX8607,60,,13,5,,,B
367011060,2023-04-07T18:18:25,36.80952,-121.99016,10.0,185.8,511.0,PT SUR CLIPPER,,WX8607,60,,13,5,,,B
367011060,2023-04-07T18:19:26,36.80656,-121.99041,10.5,183.8,511.0,PT SUR CLIPPER,,WX8607,60,,13,5,,,B
367011060,2023-04-07T18:20:27,36.80368,-121.99063,11.0,180.6,511.0,PT SUR CLIPPER,,WX8607,60,,13,5,,,B
367011060,2023-04-07T18:21:55,36.79949,-121.99092,10.1,181.1,511.0,PT SUR CLIPPER,,WX8607,60,,13,5,,,B
367011060,2023-04-07T18:23:25,36.79521,-121.99119,9.9,181.7,511.0,PT SUR CLIPPER,,WX8607,60,,13,5,,,B
367011060,2023-04-07T18:24:26,36.79230,-121.99138,10.3,177.9,511.0,PT SUR CLIPPER,,WX8607,60,,13,5,,,B
367011060,2023-04-07T18:25:27,36.78932,-121.99154,10.3,184.9,511.0,PT SUR CLIPPER,,WX8607,60,,13,5,,,B
367011060,2023-04-07T18:26:55,36.78506,-121.99178,10.2,180.0,511.0,PT SUR CLIPPER,,WX8607,60,,13,5,,,B
367011060,2023-04-07T18:28:25,36.78149,-121.99387,10.0,260.3,511.0,PT SUR CLIPPER,,WX8607,60,,13,5,,,B
367011060,2023-04-07T18:29:26,36.78218,-121.99711,10.8,293.3,511.0,PT SUR CLIPPER,,WX8607,60,,13,5,,,B
367011060,2023-04-10T17:52:49,36.79090,-121.95455,8.6,273.5,511.0,PT SUR CLIPPER,,WX8607,60,,13,5,,,B
367011060,2023-04-10T17:54:17,36.79087,-121.95899,9.0,271.7,511.0,PT SUR CLIPPER,,WX8607,60,,13,5,,,B
367011060,2023-04-10T17:55:48,36.79084,-121.96357,7.4,269.9,511.0,PT SUR CLIPPER,,WX8607,60,,13,5,,,B
367011060,2023-04-10T17:56:49,36.79083,-121.96664,8.8,269.4,511.0,PT SUR CLIPPER,,WX8607,60,,13,5,,,B
367011060,2023-04-10T17:58:19,36.79078,-121.97129,8.5,268.7,511.0,PT SUR CLIPPER,,WX8607,60,,13,5,,,B
367011060,2023-04-10T17:59:48,36.79069,-121.97523,7.3,282.3,511.0,PT SUR CLIPPER,,WX8607,60,,13,5,,,B
367011060,2023-04-10T18:00:19,36.79162,-121.97569,8.3,8.2,511.0,PT SUR CLIPPER,,WX8607,60,,13,5,,,B
367011060,2023-04-10T18:01:48,36.79494,-121.97657,8.6,319.7,511.0,PT SUR CLIPPER,,WX8607,60,,13,5,,,B
367011060,2023-04-10T18:03:18,36.79775,-121.97977,9.0,313.7,511.0,PT SUR CLIPPER,,WX8607,60,,13,5,,,B
367011060,2023-04-10T18:04:47,36.80071,-121.98196,8.0,318.2,511.0,PT SUR CLIPPER,,WX8607,60,,13,5,,,B
367011060,2023-04-10T18:05:49,36.80228,-121.98366,7.1,352.1,511.0,PT SUR CLIPPER,,WX8607,60,,13,5,,,B
367011060,2023-04-10T18:06:50,36.80387,-121.98490,5.7,332.5,511.0,PT SUR CLIPPER,,WX8607,60,,13,5,,,B
367011060,2023-04-10T18:08:19,36.80550,-121.98764,6.9,320.3,511.0,PT SUR CLIPPER,,WX8607,60,,13,5,,,B
367011060,2023-04-10T18:09:20,36.80672,-121.98899,6.7,305.5,511.0,PT SUR CLIPPER,,WX8607,60,,13,5,,,B
367011060,2023-04-10T18:10:48,36.80857,-121.99151,7.5,326.6,511.0,PT SUR CLIPPER,,WX8607,60,,13,5,,,B
367011060,2023-04-10T18:11:49,36.81050,-121.99287,7.7,322.2,511.0,PT SUR CLIPPER,,WX8607,60,,13,5,,,B
367011060,2023-04-10T18:13:19,36.81324,-121.99512,8.2,326.3,511.0,PT SUR CLIPPER,,WX8607,60,,13,5,,,B
367011060,2023-04-10T18:14:48,36.81623,-121.99696,8.2,326.4,511.0,PT SUR CLIPPER,,WX8607,60,,13,5,,,B
367011060,2023-04-10T18:20:19,36.81280,-121.99453,8.5,124.2,511.0,PT SUR CLIPPER,,WX8607,60,,13,5,,,B
367011060,2023-04-10T18:21:20,36.81100,-121.99167,10.2,127.2,511.0,PT SUR CLIPPER,,WX8607,60,,13,5,,,B
367011060,2023-04-10T18:22:47,36.80843,-121.98764,11.8,130.6,511.0,PT SUR CLIPPER,,WX8607,60,,13,5,,,B
367011060,2023-04-10T18:23:49,36.80661,-121.98471,10.4,130.3,511.0,PT SUR CLIPPER,,WX8607,60,,13,5,,,B
367011060,2023-04-10T18:25:18,36.80391,-121.98047,10.0,118.0,511.0,PT SUR CLIPPER,,WX8607,60,,13,5,,,B
367011060,2023-04-10T18:26:48,36.80133,-121.97613,8.7,123.4,511.0,PT SUR CLIPPER,,WX8607,60,,13,5,,,B
367011060,2023-04-10T18:27:49,36.79942,-121.97323,10.9,129.1,511.0,PT SUR CLIPPER,,WX8607,60,,13,5,,,B
367011060,2023-04-10T18:29:18,36.79677,-121.96902,10.7,128.0,511.0,PT SUR CLIPPER,,WX8607,60,,13,5,,,B
367011060,2023-04-10T18:30:48,36.79417,-121.96474,10.3,129.5,511.0,PT SUR CLIPPER,,WX8607,60,,13,5,,,B
367011060,2023-04-10T18:32:19,36.79124,-121.96041,10.5,127.3,511.0,PT SUR CLIPPER,,WX8607,60,,13,5,,,B
367011060,2023-04-10T18:33:49,36.78846,-121.95612,10.1,130.7,511.0,PT SUR CLIPPER,,WX8607,60,,13,5,,,B
367011060,2023-04-14T18:27:47,36.79692,-121.95371,10.4,233.1,511.0,PT SUR CLIPPER,,WX8607,60,,13,5,,,B
367011060,2023-04-14T18:28:48,36.79511,-121.95622,9.5,227.8,511.0,PT SUR CLIPPER,,WX8607,60,,13,5,,,B
367011060,2023-04-14T18:30:18,36.79303,-121.96033,10.1,276.7,511.0,PT SUR CLIPPER,,WX8607,60,,13,5,,,B
367011060,2023-04-14T18:31:47,36.79247,-121.96512,9.4,239.3,511.0,PT SUR CLIPPER,,WX8607,60,,13,5,,,B
367011060,2023-04-14T18:32:48,36.79101,-121.96790,9.8,231.6,511.0,PT SUR CLIPPER,,WX8607,60,,13,5,,,B
367011060,2023-04-14T18:34:18,36.79119,-121.97241,9.1,305.5,511.0,PT SUR CLIPPER,,WX8607,60,,13,5,,,B
367011060,2023-04-14T18:35:48,36.79099,-121.97726,9.4,254.9,511.0,PT SUR CLIPPER,,WX8607,60,,13,5,,,B
367011060,2023-04-14T18:37:17,36.79079,-121.98204,9.6,303.4,511.0,PT SUR CLIPPER,,WX8607,60,,13,5,,,B
367011060,2023-04-14T18:38:47,36.79410,-121.98502,10.1,321.4,511.0,PT SUR CLIPPER,,WX8607,60,,13,5,,,B
367011060,2023-04-14T18:39:48,36.79660,-121.98656,10.4,343.3,511.0,PT SUR CLIPPER,,WX8607,60,,13,5,,,B
367011060,2023-04-14T18:41:18,36.80065,-121.98764,9.1,320.8,511.0,PT SUR CLIPPER,,WX8607,60,,13,5,,,B
367011060,2023-04-14T18:42:47,36.80145,-121.99235,9.9,267.3,511.0,PT SUR CLIPPER,,WX8607,60,,13,5,,,B
367011060,2023-04-14T18:44:17,36.80058,-121.99724,10.3,247.1,511.0,PT SUR CLIPPER,,WX8607,60,,13,5,,,B
367011060,2023-04-16T18:41:02,36.79338,-121.95736,10.1,271.3,511.0,PT SUR CLIPPER,,WX8607,60,,13,5,,,B
367011060,2023-04-16T18:42:32,36.79375,-121.96229,9.1,277.1,511.0,PT SUR CLIPPER,,WX8607,60,,13,5,,,B
367011060,2023-04-16T18:44:02,36.79404,-121.96736,9.5,278.7,511.0,PT SUR CLIPPER,,WX8607,60,,13,5,,,B
367011060,2023-04-16T18:45:32,36.79073,-121.96873,9.1,181.9,511.0,PT SUR CLIPPER,,WX8607,60,,13,5,,,B
367011060,2023-04-16T18:48:03,36.78532,-121.97218,9.3,196.7,511.0,PT SUR CLIPPER,,WX8607,60,,13,5,,,B
367011060,2023-04-16T18:49:35,36.78187,-121.97381,6.2,201.4,511.0,PT SUR CLIPPER,,WX8607,60,,13,5,,,B
367011060,2023-04-16T18:51:02,36.78046,-121.97502,1.6,208.3,511.0,PT SUR CLIPPER,,WX8607,60,,13,5,,,B
367011060,2023-04-16T18:57:04,36.78245,-121.98211,10.4,316.4,511.0,PT SUR CLIPPER,,WX8607,60,,13,5,,,B
367011060,2023-04-16T18:58:32,36.78503,-121.98586,9.6,332.1,511.0,PT SUR CLIPPER,,WX8607,60,,13,5,,,B
367011060,2023-04-16T18:59:33,36.78753,-121.98760,9.9,330.0,511.0,PT SUR CLIPPER,,WX8607,60,,13,5,,,B
367011060,2023-04-16T19:01:02,36.79115,-121.99023,10.4,326.8,511.0,PT SUR CLIPPER,,WX8607,60,,13,5,,,B
367011060,2023-04-16T19:03:03,36.79612,-121.99368,10.1,338.3,511.0,PT SUR CLIPPER,,WX8607,60,,13,5,,,B
367011060,2023-04-16T19:04:04,36.79888,-121.99475,10.2,345.4,511.0,PT SUR CLIPPER,,WX8607,60,,13,5,,,B
367011060,2023-04-16T19:05:33,36.80283,-121.99629,10.2,346.6,511.0,PT SUR CLIPPER,,WX8607,60,,13,5,,,B
367011060,2023-05-09T19:44:07,36.79932,-121.95587,4.7,271.5,511.0,PT SUR CLIPPER,,WX8607,60,,13,5,,,B
367011060,2023-05-09T19:45:38,36.79962,-121.95987,10.1,257.2,511.0,PT SUR CLIPPER,,WX8607,60,,13,5,,,B
367011060,2023-05-09T19:47:08,36.79877,-121.96474,10.2,264.5,511.0,PT SUR CLIPPER,,WX8607,60,,13,5,,,B
367011060,2023-05-09T19:48:37,36.79847,-121.96977,11.0,261.5,511.0,PT SUR CLIPPER,,WX8607,60,,13,5,,,B
367011060,2023-05-09T19:50:07,36.79820,-121.97480,9.7,264.0,511.0,PT SUR CLIPPER,,WX8607,60,,13,5,,,B
367011060,2023-05-09T19:51:08,36.79804,-121.97819,9.6,271.6,511.0,PT SUR CLIPPER,,WX8607,60,,13,5,,,B
367011060,2023-05-09T19:53:07,36.79765,-121.98480,9.8,265.9,511.0,PT SUR CLIPPER,,WX8607,60,,13,5,,,B
367011060,2023-05-09T19:54:38,36.79737,-121.98982,10.0,267.4,511.0,PT SUR CLIPPER,,WX8607,60,,13,5,,,B
367011060,2023-05-09T19:56:07,36.79708,-121.99474,9.1,263.7,511.0,PT SUR CLIPPER,,WX8607,60,,13,5,,,B
367011060,2023-05-21T18:21:08,36.78407,-121.97003,9.8,332.7,511.0,PT SUR CLIPPER,,WX8607,60,,13,5,,,B
367011060,2023-05-21T18:22:38,36.78758,-121.97268,9.8,331.4,511.0,PT SUR CLIPPER,,WX8607,60,,13,5,,,B
367011060,2023-05-21T18:24:08,36.79116,-121.97547,10.2,328.3,511.0,PT SUR CLIPPER,,WX8607,60,,13,5,,,B
367011060,2023-05-21T18:25:38,36.79470,-121.97823,10.2,327.0,511.0,PT SUR CLIPPER,,WX8607,60,,13,5,,,B
367011060,2023-05-21T18:27:08,36.79816,-121.98108,10.3,323.3,511.0,PT SUR CLIPPER,,WX8607,60,,13,5,,,B
367011060,2023-05-21T18:28:37,36.80162,-121.98377,9.1,328.0,511.0,PT SUR CLIPPER,,WX8607,60,,13,5,,,B
367011060,2023-05-21T18:30:10,36.80466,-121.98733,10.2,311.0,511.0,PT SUR CLIPPER,,WX8607,60,,13,5,,,B
367011060,2023-05-21T18:31:37,36.80782,-121.99022,9.4,329.2,511.0,PT SUR CLIPPER,,WX8607,60,,13,5,,,B
367011060,2023-05-21T18:33:08,36.81120,-121.99280,9.9,329.2,511.0,PT SUR CLIPPER,,WX8607,60,,13,5,,,B
367011060,2023-05-21T18:34:39,36.81473,-121.99483,8.0,340.4,511.0,PT SUR CLIPPER,,WX8607,60,,13,5,,,B
367011060,2023-06-03T23:12:54,36.79335,-121.99788,4.6,83.6,511.0,PT SUR CLIPPER,,WX8607,60,,13,5,,,B
367011060,2023-06-03T23:13:55,36.79357,-121.99622,4.5,82.4,511.0,PT SUR CLIPPER,,WX8607,60,,13,5,,,B
367011060,2023-06-03T23:15:25,36.79131,-121.99617,8.3,179.9,511.0,PT SUR CLIPPER,,WX8607,60,,13,5,,,B
367011060,2023-06-03T23:16:55,36.78703,-121.99475,11.2,164.6,511.0,PT SUR CLIPPER,,WX8607,60,,13,5,,,B
367011060,2023-06-03T23:18:54,36.78086,-121.99312,11.1,168.5,511.0,PT SUR CLIPPER,,WX8607,60,,13,5,,,B
367011060,2023-06-27T17:59:57,36.78321,-121.96018,8.8,306.1,511.0,PT SUR CLIPPER,,WX8607,60,,13,5,,,B
367011060,2023-06-27T18:00:28,36.78395,-121.96136,8.4,310.6,511.0,PT SUR CLIPPER,,WX8607,60,,13,5,,,B
367011060,2023-06-27T18:01:57,36.78613,-121.96462,8.5,311.7,511.0,PT SUR CLIPPER,,WX8607,60,,13,5,,,B
367011060,2023-06-27T18:03:27,36.78747,-121.96926,9.7,266.6,511.0,PT SUR CLIPPER,,WX8607,60,,13,5,,,B
367011060,2023-06-27T18:04:57,36.78955,-121.97155,8.3,2.2,511.0,PT SUR CLIPPER,,WX8607,60,,13,5,,,B
367011060,2023-06-27T18:05:58,36.79166,-121.97086,7.5,20.9,511.0,PT SUR CLIPPER,,WX8607,60,,13,5,,,B
367011060,2023-06-27T18:07:28,36.79375,-121.96809,6.2,43.4,511.0,PT SUR CLIPPER,,WX8607,60,,13,5,,,B
367011060,2023-06-27T18:08:58,36.79583,-121.96574,7.4,54.2,511.0,PT SUR CLIPPER,,WX8607,60,,13,5,,,B
367011060,2023-06-27T18:10:29,36.79351,-121.96438,7.9,155.6,511.0,PT SUR CLIPPER,,WX8607,60,,13,5,,,B
367011060,2023-06-27T18:11:57,36.79189,-121.96588,3.5,309.8,511.0,PT SUR CLIPPER,,WX8607,60,,13,5,,,B
367011060,2023-06-27T18:12:58,36.79283,-121.96448,6.9,74.5,511.0,PT SUR CLIPPER,,WX8607,60,,13,5,,,B
367011060,2023-06-27T18:14:27,36.79316,-121.96147,7.0,67.8,511.0,PT SUR CLIPPER,,WX8607,60,,13,5,,,B
367011060,2023-06-27T18:15:57,36.79379,-121.96120,3.9,277.9,511.0,PT SUR CLIPPER,,WX8607,60,,13,5,,,B
367011060,2023-06-27T18:17:27,36.79304,-121.96267,5.3,209.1,511.0,PT SUR CLIPPER,,WX8607,60,,13,5,,,B
367011060,2023-06-27T18:18:57,36.79326,-121.96420,3.9,324.5,511.0,PT SUR CLIPPER,,WX8607,60,,13,5,,,B
367011060,2023-06-27T18:20:27,36.79417,-121.96558,4.4,270.6,511.0,PT SUR CLIPPER,,WX8607,60,,13,5,,,B
367011060,2023-06-27T18:21:57,36.79464,-121.96543,5.4,74.7,511.0,PT SUR CLIPPER,,WX8607,60,,13,5,,,B
367011060,2023-06-27T18:22:58,36.79391,-121.96419,5.3,199.7,511.0,PT SUR CLIPPER,,WX8607,60,,13,5,,,B
367011060,2023-06-27T18:24:30,36.79233,-121.96602,3.5,206.7,511.0,PT SUR CLIPPER,,WX8607,60,,13,5,,,B
367011060,2023-06-27T18:25:57,36.79212,-121.96723,4.0,337.9,511.0,PT SUR CLIPPER,,WX8607,60,,13,5,,,B
367011060,2023-06-27T18:27:27,36.79241,-121.96878,1.5,259.2,511.0,PT SUR CLIPPER,,WX8607,60,,13,5,,,B
367011060,2023-06-27T18:28:57,36.79229,-121.96975,4.2,287.5,511.0,PT SUR CLIPPER,,WX8607,60,,13,5,,,B
367011060,2023-06-27T18:29:59,36.79303,-121.97096,4.6,331.3,511.0,PT SUR CLIPPER,,WX8607,60,,13,5,,,B
367011060,2023-06-27T18:31:28,36.79489,-121.97173,4.8,20.7,511.0,PT SUR CLIPPER,,WX8607,60,,13,5,,,B
367011060,2023-06-27T18:32:57,36.79362,-121.97206,5.1,255.8,511.0,PT SUR CLIPPER,,WX8607,60,,13,5,,,B
367011060,2023-06-27T18:34:29,36.79231,-121.97573,9.7,239.7,511.0,PT SUR CLIPPER,,WX8607,60,,13,5,,,B
367011060,2023-06-27T18:35:57,36.79063,-121.98023,9.2,260.0,511.0,PT SUR CLIPPER,,WX8607,60,,13,5,,,B
367011060,2023-06-27T18:37:58,36.78841,-121.98593,10.9,230.0,511.0,PT SUR CLIPPER,,WX8607,60,,13,5,,,B
367011060,2023-06-27T18:39:27,36.78562,-121.98873,10.5,259.2,511.0,PT SUR CLIPPER,,WX8607,60,,13,5,,,B
367011060,2023-06-27T18:40:57,36.78515,-121.99398,10.5,259.8,511.0,PT SUR CLIPPER,,WX8607,60,,13,5,,,B
367011060,2023-07-01T18:26:20,36.78166,-121.98661,9.6,27.8,511.0,PT SUR CLIPPER,,WX8607,60,,13,5,,,B
367011060,2023-07-01T18:27:51,36.78575,-121.98570,9.6,11.3,511.0,PT SUR CLIPPER,,WX8607,60,,13,5,,,B
367011060,2023-07-01T18:29:21,36.78912,-121.98826,9.6,332.0,511.0,PT SUR CLIPPER,,WX8607,60,,13,5,,,B
367011060,2023-07-01T18:30:52,36.79315,-121.98980,10.3,337.5,511.0,PT SUR CLIPPER,,WX8607,60,,13,5,,,B
367011060,2023-07-01T18:32:21,36.79451,-121.99426,10.0,287.3,511.0,PT SUR CLIPPER,,WX8607,60,,13,5,,,B
367011060,2023-07-01T18:33:22,36.79543,-121.99750,9.9,308.9,511.0,PT SUR CLIPPER,,WX8607,60,,13,5,,,B
367011060,2023-07-15T19:23:58,36.79623,-121.98786,8.8,20.2,511.0,PT SUR CLIPPER,,WX8607,60,,13,5,,,B
367011060,2023-07-15T19:25:28,36.79955,-121.98602,8.9,38.9,511.0,PT SUR CLIPPER,,WX8607,60,,13,5,,,B
367011060,2023-07-15T19:32:28,36.79925,-121.97858,10.9,151.0,511.0,PT SUR CLIPPER,,WX8607,60,,13,5,,,B
367011060,2023-07-15T19:39:27,36.79543,-121.95854,10.1,74.8,511.0,PT SUR CLIPPER,,WX8607,60,,13,5,,,B
367011060,2023-07-15T19:40:59,36.79607,-121.95347,10.8,78.4,511.0,PT SUR CLIPPER,,WX8607,60,,13,5,,,B
367011060,2023-07-15T19:26:30,36.80184,-121.98484,8.7,26.8,511.0,PT SUR CLIPPER,,WX8607,60,,13,5,,,B
367011060,2023-07-15T19:17:58,36.78294,-121.99551,8.7,36.8,511.0,PT SUR CLIPPER,,WX8607,60,,13,5,,,B
367011060,2023-07-15T19:19:28,36.78614,-121.99317,9.8,25.0,511.0,PT SUR CLIPPER,,WX8607,60,,13,5,,,B
367011060,2023-07-15T19:20:57,36.78956,-121.99165,8.5,27.3,511.0,PT SUR CLIPPER,,WX8607,60,,13,5,,,B
367011060,2023-07-15T19:22:29,36.79283,-121.98950,8.4,28.3,511.0,PT SUR CLIPPER,,WX8607,60,,13,5,,,B
367011060,2023-07-15T19:33:57,36.79526,-121.97685,11.4,144.5,511.0,PT SUR CLIPPER,,WX8607,60,,13,5,,,B
367011060,2023-07-15T19:34:58,36.79427,-121.97349,10.2,88.0,511.0,PT SUR CLIPPER,,WX8607,60,,13,5,,,B
367011060,2023-07-15T19:36:28,36.79433,-121.96819,8.4,87.6,511.0,PT SUR CLIPPER,,WX8607,60,,13,5,,,B
367011060,2023-07-15T19:37:58,36.79485,-121.96337,9.8,81.2,511.0,PT SUR CLIPPER,,WX8607,60,,13,5,,,B
367011060,2023-07-15T19:27:58,36.80526,-121.98378,8.4,15.5,511.0,PT SUR CLIPPER,,WX8607,60,,13,5,,,B
367011060,2023-07-15T19:29:30,36.80600,-121.98344,7.2,136.4,511.0,PT SUR CLIPPER,,WX8607,60,,13,5,,,B
367011060,2023-07-15T19:30:58,36.80317,-121.98035,10.6,119.1,511.0,PT SUR CLIPPER,,WX8607,60,,13,5,,,B
367011060,2023-07-22T17:28:00,36.80317,-121.96956,9.6,47.6,511.0,PT SUR CLIPPER,,WX8607,60,,13,5,,,B
367011060,2023-07-22T18:38:59,36.80396,-121.97491,9.7,264.8,511.0,PT SUR CLIPPER,,WX8607,60,,13,5,,,B
367011060,2023-07-22T18:40:00,36.80382,-121.97842,10.3,269.1,511.0,PT SUR CLIPPER,,WX8607,60,,13,5,,,B
367011060,2023-07-22T18:41:31,36.80319,-121.98363,10.6,259.7,511.0,PT SUR CLIPPER,,WX8607,60,,13,5,,,B
367011060,2023-07-22T18:34:00,36.80466,-121.95833,10.2,257.6,511.0,PT SUR CLIPPER,,WX8607,60,,13,5,,,B
367011060,2023-07-22T17:29:31,36.80539,-121.96645,2.9,38.3,511.0,PT SUR CLIPPER,,WX8607,60,,13,5,,,B
367011060,2023-07-22T17:30:59,36.80622,-121.96560,3.6,35.1,511.0,PT SUR CLIPPER,,WX8607,60,,13,5,,,B
367011060,2023-07-22T17:32:01,36.80696,-121.96520,3.9,24.0,511.0,PT SUR CLIPPER,,WX8607,60,,13,5,,,B
367011060,2023-07-22T17:33:31,36.80889,-121.96492,5.1,13.8,511.0,PT SUR CLIPPER,,WX8607,60,,13,5,,,B
367011060,2023-07-22T17:34:59,36.81057,-121.96374,4.0,27.3,511.0,PT SUR CLIPPER,,WX8607,60,,13,5,,,B
367011060,2023-07-22T17:36:00,36.81150,-121.96228,7.0,81.9,511.0,PT SUR CLIPPER,,WX8607,60,,13,5,,,B
367011060,2023-07-22T17:37:29,36.81189,-121.95928,6.1,83.9,511.0,PT SUR CLIPPER,,WX8607,60,,13,5,,,B
367011060,2023-07-22T17:39:00,36.81156,-121.95606,4.5,105.8,511.0,PT SUR CLIPPER,,WX8607,60,,13,5,,,B
367011060,2023-07-22T17:40:30,36.81134,-121.95403,4.8,81.4,511.0,PT SUR CLIPPER,,WX8607,60,,13,5,,,B
367011060,2023-07-22T18:35:59,36.80421,-121.96529,9.6,270.1,511.0,PT SUR CLIPPER,,WX8607,60,,13,5,,,B
367011060,2023-07-22T18:37:30,36.80415,-121.96975,10.3,267.1,511.0,PT SUR CLIPPER,,WX8607,60,,13,5,,,B
367011060,2023-07-22T17:23:30,36.80085,-121.96933,2.7,340.3,511.0,PT SUR CLIPPER,,WX8607,60,,13,5,,,B
367011060,2023-07-22T18:44:30,36.80066,-121.99362,10.8,246.9,511.0,PT SUR CLIPPER,,WX8607,60,,13,5,,,B
367011060,2023-07-22T17:26:29,36.80203,-121.97002,2.8,322.7,511.0,PT SUR CLIPPER,,WX8607,60,,13,5,,,B
367011060,2023-07-22T17:24:59,36.80159,-121.96973,2.1,324.5,511.0,PT SUR CLIPPER,,WX8607,60,,13,5,,,B
367011060,2023-07-22T17:08:30,36.78066,-121.97041,8.2,22.1,511.0,PT SUR CLIPPER,,WX8607,60,,13,5,,,B
367011060,2023-07-22T17:10:01,36.78363,-121.96893,7.3,21.4,511.0,PT SUR CLIPPER,,WX8607,60,,13,5,,,B
367011060,2023-07-22T17:12:00,36.78775,-121.96797,6.9,12.5,511.0,PT SUR CLIPPER,,WX8607,60,,13,5,,,B
367011060,2023-07-22T17:14:00,36.78935,-121.96783,1.0,351.3,511.0,PT SUR CLIPPER,,WX8607,60,,13,5,,,B
367011060,2023-07-22T17:15:29,36.79119,-121.96699,9.1,17.4,511.0,PT SUR CLIPPER,,WX8607,60,,13,5,,,B
367011060,2023-07-22T17:17:01,36.79330,-121.96693,4.2,356.5,511.0,PT SUR CLIPPER,,WX8607,60,,13,5,,,B
367011060,2023-07-22T17:18:29,36.79483,-121.96703,4.9,349.5,511.0,PT SUR CLIPPER,,WX8607,60,,13,5,,,B
367011060,2023-07-22T17:19:31,36.79631,-121.96780,5.7,337.9,511.0,PT SUR CLIPPER,,WX8607,60,,13,5,,,B
367011060,2023-07-22T17:22:00,36.79872,-121.96843,6.7,351.6,511.0,PT SUR CLIPPER,,WX8607,60,,13,5,,,B
367011060,2023-07-22T18:43:00,36.80220,-121.98858,9.6,248.9,511.0,PT SUR CLIPPER,,WX8607,60,,13,5,,,B
367011060,2023-08-05T20:30:08,36.78241,-121.99639,10.1,52.3,511.0,PT SUR CLIPPER,,WX8607,60,,13,5,,,B
367011060,2023-08-05T20:31:37,36.78573,-121.99474,6.7,27.8,511.0,PT SUR CLIPPER,,WX8607,60,,13,5,,,B
367011060,2023-08-05T20:58:07,36.79463,-121.96073,1.9,109.0,511.0,PT SUR CLIPPER,,WX8607,60,,13,5,,,B
367011060,2023-08-05T20:59:36,36.79396,-121.95968,1.8,129.1,511.0,PT SUR CLIPPER,,WX8607,60,,13,5,,,B
367011060,2023-08-05T21:00:06,36.79378,-121.95942,2.0,135.6,511.0,PT SUR CLIPPER,,WX8607,60,,13,5,,,B
367011060,2023-08-05T21:01:07,36.79341,-121.95908,2.0,148.9,511.0,PT SUR CLIPPER,,WX8607,60,,13,5,,,B
367011060,2023-08-05T21:02:39,36.79321,-121.95816,1.6,121.0,511.0,PT SUR CLIPPER,,WX8607,60,,13,5,,,B
367011060,2023-08-05T21:04:06,36.79288,-121.95724,7.4,67.2,511.0,PT SUR CLIPPER,,WX8607,60,,13,5,,,B
367011060,2023-08-05T21:05:38,36.79435,-121.95450,3.7,63.1,511.0,PT SUR CLIPPER,,WX8607,60,,13,5,,,B
367011060,2023-08-05T21:42:07,36.78625,-121.95740,9.8,120.9,511.0,PT SUR CLIPPER,,WX8607,60,,13,5,,,B
367011060,2023-08-05T20:46:37,36.79753,-121.97201,8.7,44.7,511.0,PT SUR CLIPPER,,WX8607,60,,13,5,,,B
367011060,2023-08-05T21:12:38,36.79546,-121.95357,5.1,289.2,511.0,PT SUR CLIPPER,,WX8607,60,,13,5,,,B
367011060,2023-08-05T21:14:06,36.79590,-121.95504,3.4,299.7,511.0,PT SUR CLIPPER,,WX8607,60,,13,5,,,B
367011060,2023-08-05T21:15:36,36.79606,-121.95633,2.1,286.8,511.0,PT SUR CLIPPER,,WX8607,60,,13,5,,,B
367011060,2023-08-05T21:17:07,36.79592,-121.95729,2.6,278.4,511.0,PT SUR CLIPPER,,WX8607,60,,13,5,,,B
367011060,2023-08-05T21:18:38,36.79590,-121.95901,3.2,247.1,511.0,PT SUR CLIPPER,,WX8607,60,,13,5,,,B
367011060,2023-08-05T21:23:36,36.79610,-121.96183,2.9,270.5,511.0,PT SUR CLIPPER,,WX8607,60,,13,5,,,B
367011060,2023-08-05T21:24:37,36.79630,-121.96305,2.2,301.7,511.0,PT SUR CLIPPER,,WX8607,60,,13,5,,,B
367011060,2023-08-05T21:25:38,36.79637,-121.96354,2.1,307.0,511.0,PT SUR CLIPPER,,WX8607,60,,13,5,,,B
367011060,2023-08-05T21:27:07,36.79682,-121.96501,3.7,287.6,511.0,PT SUR CLIPPER,,WX8607,60,,13,5,,,B
367011060,2023-08-05T21:28:38,36.79660,-121.96667,4.4,238.5,511.0,PT SUR CLIPPER,,WX8607,60,,13,5,,,B
367011060,2023-08-05T21:30:06,36.79611,-121.96771,2.5,201.3,511.0,PT SUR CLIPPER,,WX8607,60,,13,5,,,B
367011060,2023-08-05T21:31:37,36.79592,-121.96859,2.2,257.0,511.0,PT SUR CLIPPER,,WX8607,60,,13,5,,,B
367011060,2023-08-05T21:33:06,36.79560,-121.96956,2.5,242.8,511.0,PT SUR CLIPPER,,WX8607,60,,13,5,,,B
367011060,2023-08-05T21:34:07,36.79513,-121.97003,2.3,204.4,511.0,PT SUR CLIPPER,,WX8607,60,,13,5,,,B
367011060,2023-08-05T20:33:06,36.78756,-121.99313,5.6,40.6,511.0,PT SUR CLIPPER,,WX8607,60,,13,5,,,B
367011060,2023-08-05T20:34:07,36.78853,-121.99231,3.3,29.9,511.0,PT SUR CLIPPER,,WX8607,60,,13,5,,,B
367011060,2023-08-05T20:35:38,36.78905,-121.99119,3.6,78.7,511.0,PT SUR CLIPPER,,WX8607,60,,13,5,,,B
367011060,2023-08-05T20:37:06,36.78902,-121.98703,8.3,67.3,511.0,PT SUR CLIPPER,,WX8607,60,,13,5,,,B
367591410,2023-05-08T17:53:30,36.78115,-121.96097,5.2,343.3,343.0,GYPSY,,WDG9816,36,,11,3,,,B
367591410,2023-05-08T17:54:59,36.78330,-121.96185,5.7,337.6,345.0,GYPSY,,WDG9816,36,,11,3,,,B
367591410,2023-05-08T17:56:00,36.78474,-121.96244,5.9,345.3,343.0,GYPSY,,WDG9816,36,,11,3,,,B
367591410,2023-05-08T17:57:29,36.78695,-121.96332,5.1,345.3,341.0,GYPSY,,WDG9816,36,,11,3,,,B
367591410,2023-05-08T17:58:30,36.78840,-121.96392,5.5,341.9,343.0,GYPSY,,WDG9816,36,,11,3,,,B
367591410,2023-05-08T18:00:01,36.79068,-121.96480,6.2,346.6,344.0,GYPSY,,WDG9816,36,,11,3,,,B
367591410,2023-05-08T18:01:30,36.79288,-121.96569,5.9,347.7,342.0,GYPSY,,WDG9816,36,,11,3,,,B
367591410,2023-05-08T18:03:00,36.79513,-121.96653,5.5,345.2,344.0,GYPSY,,WDG9816,36,,11,3,,,B
367591410,2023-05-08T18:04:31,36.79741,-121.96732,5.5,339.9,344.0,GYPSY,,WDG9816,36,,11,3,,,B
367591410,2023-05-08T18:06:01,36.79965,-121.96815,5.7,343.1,344.0,GYPSY,,WDG9816,36,,11,3,,,B
367591410,2023-05-08T18:07:30,36.80192,-121.96903,5.7,342.1,343.0,GYPSY,,WDG9816,36,,11,3,,,B
367591410,2023-05-08T18:08:31,36.80344,-121.96960,5.8,345.3,343.0,GYPSY,,WDG9816,36,,11,3,,,B
367591410,2023-05-08T18:10:00,36.80572,-121.97045,6.1,350.2,342.0,GYPSY,,WDG9816,36,,11,3,,,B
367591410,2023-05-08T18:11:30,36.80795,-121.97131,5.5,334.5,343.0,GYPSY,,WDG9816,36,,11,3,,,B
367591410,2023-05-08T18:13:00,36.81012,-121.97212,5.6,348.1,343.0,GYPSY,,WDG9816,36,,11,3,,,B
367591410,2023-05-08T18:14:01,36.81164,-121.97267,5.4,347.1,341.0,GYPSY,,WDG9816,36,,11,3,,,B
367591410,2023-05-08T18:15:30,36.81383,-121.97345,5.7,349.1,342.0,GYPSY,,WDG9816,36,,11,3,,,B
367591410,2023-05-08T18:17:00,36.81607,-121.97425,5.5,343.4,343.0,GYPSY,,WDG9816,36,,11,3,,,B
368159560,2023-05-15T16:46:16,36.80523,-121.96032,16.7,274.4,511.0,NOVA,,WDL7362,37,,11,5,,,B
368159560,2023-05-15T16:47:31,36.80571,-121.96752,15.6,275.8,511.0,NOVA,,WDL7362,37,,11,5,,,B
368159560,2023-05-15T16:48:58,36.80629,-121.97592,16.9,274.2,511.0,NOVA,,WDL7362,37,,11,5,,,B
368159560,2023-05-15T16:50:16,36.80674,-121.98351,15.6,274.1,511.0,NOVA,,WDL7362,37,,11,5,,,B
368159560,2023-05-15T16:51:43,36.80723,-121.99214,17.7,275.7,511.0,NOVA,,WDL7362,37,,11,5,,,B
368159560,2023-05-15T16:52:58,36.80755,-121.99804,9.9,264.3,511.0,NOVA,,WDL7362,37,,11,5,,,B
338459479,2023-05-23T12:05:36,36.81348,-121.99611,11.5,181.3,511.0,RUTH ANNE II,,,30,,10,4,,,B
338459479,2023-05-23T12:07:03,36.80877,-121.99616,12.1,184.3,511.0,RUTH ANNE II,,,30,,10,4,,,B
338459479,2023-05-23T12:08:33,36.80397,-121.99617,11.9,178.0,511.0,RUTH ANNE II,,,30,,10,4,,,B
338459479,2023-05-23T12:10:03,36.79909,-121.99619,12.1,176.5,511.0,RUTH ANNE II,,,30,,10,4,,,B
338459479,2023-05-23T12:12:03,36.79266,-121.99623,10.9,176.4,511.0,RUTH ANNE II,,,30,,10,4,,,B
338459479,2023-05-23T12:14:06,36.78606,-121.99626,10.9,180.7,511.0,RUTH ANNE II,,,30,,10,4,,,B
338459479,2023-05-23T12:15:33,36.78143,-121.99629,12.2,183.4,511.0,RUTH ANNE II,,,30,,10,4,,,B
338125577,2023-05-28T19:30:28,36.78102,-121.97259,6.8,338.8,350.0,SEA STAR,,SEASTAR,37,,12,4,,,B
338125577,2023-05-28T19:31:58,36.78362,-121.97407,6.0,340.6,351.0,SEA STAR,,SEASTAR,37,,12,4,,,B
338125577,2023-05-28T19:33:28,36.78617,-121.97550,6.5,343.4,349.0,SEA STAR,,SEASTAR,37,,12,4,,,B
338125577,2023-05-28T19:34:58,36.78872,-121.97687,6.4,339.7,349.0,SEA STAR,,SEASTAR,37,,12,4,,,B
338125577,2023-05-28T19:36:28,36.79136,-121.97785,6.7,345.5,0.0,SEA STAR,,SEASTAR,37,,12,4,,,B
338125577,2023-05-28T19:37:59,36.79416,-121.97833,7.1,0.6,8.0,SEA STAR,,SEASTAR,37,,12,4,,,B
338125577,2023-05-28T19:39:27,36.79699,-121.97770,7.4,11.7,21.0,SEA STAR,,SEASTAR,37,,12,4,,,B
338125577,2023-05-28T19:40:59,36.79987,-121.97701,6.3,7.3,21.0,SEA STAR,,SEASTAR,37,,12,4,,,B
338125577,2023-05-28T19:42:27,36.80266,-121.97639,7.0,6.7,20.0,SEA STAR,,SEASTAR,37,,12,4,,,B
338125577,2023-05-28T19:43:56,36.80548,-121.97575,6.7,7.0,21.0,SEA STAR,,SEASTAR,37,,12,4,,,B
338125577,2023-05-28T19:45:25,36.80827,-121.97494,6.5,18.9,28.0,SEA STAR,,SEASTAR,37,,12,4,,,B
338125577,2023-05-28T19:46:55,36.81103,-121.97362,7.1,15.9,25.0,SEA STAR,,SEASTAR,37,,12,4,,,B
338125577,2023-05-28T19:48:25,36.81390,-121.97281,6.7,5.1,17.0,SEA STAR,,SEASTAR,37,,12,4,,,B
367795220,2023-07-01T20:39:05,36.78149,-121.95537,5.2,340.0,511.0,PANNAMARE,,WDJ6183,36,,12,2,,,B
367795220,2023-07-01T20:40:38,36.78333,-121.95570,4.7,355.7,511.0,PANNAMARE,,WDJ6183,36,,12,2,,,B
367795220,2023-07-01T20:42:05,36.78533,-121.95556,4.7,1.3,511.0,PANNAMARE,,WDJ6183,36,,12,2,,,B
367795220,2023-07-01T20:43:33,36.78728,-121.95557,3.2,7.6,511.0,PANNAMARE,,WDJ6183,36,,12,2,,,B
367795220,2023-07-01T20:44:40,36.78879,-121.95536,5.5,7.7,511.0,PANNAMARE,,WDJ6183,36,,12,2,,,B
367795220,2023-07-01T20:46:09,36.79095,-121.95531,4.3,341.4,511.0,PANNAMARE,,WDJ6183,36,,12,2,,,B
367795220,2023-07-01T20:49:42,36.79556,-121.95572,4.4,346.3,511.0,PANNAMARE,,WDJ6183,36,,12,2,,,B
367795220,2023-07-01T20:51:13,36.79755,-121.95589,4.8,354.5,511.0,PANNAMARE,,WDJ6183,36,,12,2,,,B
367795220,2023-07-01T20:52:42,36.79956,-121.95592,4.9,352.3,511.0,PANNAMARE,,WDJ6183,36,,12,2,,,B
367795220,2023-07-01T20:54:13,36.80158,-121.95625,4.4,349.4,511.0,PANNAMARE,,WDJ6183,36,,12,2,,,B
367795220,2023-07-01T20:55:43,36.80360,-121.95662,5.5,349.9,511.0,PANNAMARE,,WDJ6183,36,,12,2,,,B
367795220,2023-07-01T20:57:12,36.80571,-121.95702,4.9,337.3,511.0,PANNAMARE,,WDJ6183,36,,12,2,,,B
367795220,2023-07-01T20:58:43,36.80789,-121.95769,5.5,346.1,511.0,PANNAMARE,,WDJ6183,36,,12,2,,,B
367795220,2023-07-01T21:00:12,36.80985,-121.95848,5.5,336.1,511.0,PANNAMARE,,WDJ6183,36,,12,2,,,B
367795220,2023-07-01T21:01:43,36.81207,-121.95943,5.6,340.8,511.0,PANNAMARE,,WDJ6183,36,,12,2,,,B
367795220,2023-07-01T21:02:45,36.81361,-121.96011,5.6,339.7,511.0,PANNAMARE,,WDJ6183,36,,12,2,,,B
367795220,2023-07-01T21:04:12,36.81570,-121.96121,3.7,333.3,511.0,PANNAMARE,,WDJ6183,36,,12,2,,,B
367795220,2023-07-04T19:51:49,36.80021,-121.96450,5.4,156.5,511.0,PANNAMARE,,WDJ6183,36,,12,2,,,B
367795220,2023-07-04T19:53:23,36.79821,-121.96371,4.3,169.4,511.0,PANNAMARE,,WDJ6183,36,,12,2,,,B
367795220,2023-07-04T19:54:48,36.79614,-121.96292,6.0,162.1,511.0,PANNAMARE,,WDJ6183,36,,12,2,,,B
367795220,2023-07-04T19:56:22,36.79360,-121.96184,6.6,162.3,511.0,PANNAMARE,,WDJ6183,36,,12,2,,,B
367795220,2023-07-04T19:57:52,36.79128,-121.96050,5.8,150.3,511.0,PANNAMARE,,WDJ6183,36,,12,2,,,B
367795220,2023-07-04T19:59:22,36.78917,-121.95906,6.1,157.5,511.0,PANNAMARE,,WDJ6183,36,,12,2,,,B
367795220,2023-07-04T20:00:52,36.78696,-121.95771,6.7,151.5,511.0,PANNAMARE,,WDJ6183,36,,12,2,,,B
367795220,2023-07-04T20:02:19,36.78484,-121.95639,6.3,151.7,511.0,PANNAMARE,,WDJ6183,36,,12,2,,,B
367795220,2023-07-04T20:03:52,36.78243,-121.95501,6.0,152.7,511.0,PANNAMARE,,WDJ6183,36,,12,2,,,B
368159560,2023-07-05T19:16:58,36.79180,-121.95847,12.9,272.6,511.0,NOVA,,WDL7362,37,,11,5,,,B
368159560,2023-07-05T19:18:14,36.79304,-121.96430,13.3,308.9,511.0,NOVA,,WDL7362,37,,11,5,,,B
368159560,2023-07-05T19:19:28,36.79444,-121.96977,15.2,266.7,511.0,NOVA,,WDL7362,37,,11,5,,,B
367795220,2023-07-04T19:42:52,36.81421,-121.97013,5.9,158.0,511.0,PANNAMARE,,WDJ6183,36,,12,2,,,B
367795220,2023-07-04T19:44:20,36.81178,-121.96916,6.2,162.7,511.0,PANNAMARE,,WDJ6183,36,,12,2,,,B
367795220,2023-07-04T19:45:52,36.80946,-121.96821,5.6,169.3,511.0,PANNAMARE,,WDJ6183,36,,12,2,,,B
367795220,2023-07-04T19:47:23,36.80712,-121.96728,6.1,162.1,511.0,PANNAMARE,,WDJ6183,36,,12,2,,,B
367795220,2023-07-04T19:48:49,36.80486,-121.96635,5.7,167.4,511.0,PANNAMARE,,WDJ6183,36,,12,2,,,B
367795220,2023-07-04T19:50:23,36.80241,-121.96538,6.5,170.8,511.0,PANNAMARE,,WDJ6183,36,,12,2,,,B
368159560,2023-07-05T19:20:44,36.79415,-121.97593,13.8,267.2,511.0,NOVA,,WDL7362,37,,11,5,,,B
368159560,2023-07-05T19:21:59,36.79486,-121.98178,13.8,304.7,511.0,NOVA,,WDL7362,37,,11,5,,,B
368159560,2023-07-05T19:23:13,36.79783,-121.98672,13.3,319.5,511.0,NOVA,,WDL7362,37,,11,5,,,B
368159560,2023-07-05T19:24:28,36.80193,-121.98988,13.7,339.6,511.0,NOVA,,WDL7362,37,,11,5,,,B
368159560,2023-07-05T19:25:43,36.80572,-121.99361,12.9,317.0,511.0,NOVA,,WDL7362,37,,11,5,,,B
368159560,2023-07-05T19:26:59,36.80931,-121.99787,14.1,322.9,511.0,NOVA,,WDL7362,37,,11,5,,,B
367143260,2023-07-12T14:00:24,36.81580,-121.99463,6.4,358.2,511.0,CALOGERA,,WDD4322,30,,13,4,,,B
368307110,2023-07-12T20:36:41,36.81605,-121.95882,4.5,169.0,511.0,SEA ESCAPE,,WDN7295,36,,14,4,,,B
367143260,2023-07-12T13:49:57,36.79686,-121.99527,6.3,354.9,511.0,CALOGERA,,WDD4322,30,,13,4,,,B
368307110,2023-07-12T20:50:39,36.79650,-121.95454,5.5,174.5,511.0,SEA ESCAPE,,WDN7295,36,,14,4,,,B
368307110,2023-07-12T20:52:10,36.79411,-121.95404,5.4,168.0,511.0,SEA ESCAPE,,WDN7295,36,,14,4,,,B
367143260,2023-07-12T13:51:25,36.79954,-121.99523,6.6,358.2,511.0,CALOGERA,,WDD4322,30,,13,4,,,B
368307110,2023-07-12T20:47:39,36.80095,-121.95536,4.6,155.8,511.0,SEA ESCAPE,,WDN7295,36,,14,4,,,B
368307110,2023-07-12T20:49:10,36.79864,-121.95516,5.1,180.9,511.0,SEA ESCAPE,,WDN7295,36,,14,4,,,B
367143260,2023-07-12T13:41:54,36.78253,-121.99559,6.4,355.1,511.0,CALOGERA,,WDD4322,30,,13,4,,,B
367143260,2023-07-12T13:43:27,36.78526,-121.99553,6.4,8.1,511.0,CALOGERA,,WDD4322,30,,13,4,,,B
367143260,2023-07-12T13:45:27,36.78884,-121.99534,6.4,2.4,511.0,CALOGERA,,WDD4322,30,,13,4,,,B
367143260,2023-07-12T13:46:57,36.79152,-121.99541,6.9,18.0,511.0,CALOGERA,,WDD4322,30,,13,4,,,B
367143260,2023-07-12T13:48:27,36.79419,-121.99528,6.9,359.9,511.0,CALOGERA,,WDD4322,30,,13,4,,,B
367143260,2023-07-12T13:53:25,36.80315,-121.99504,6.5,1.3,511.0,CALOGERA,,WDD4322,30,,13,4,,,B
367143260,2023-07-12T13:54:57,36.80588,-121.99494,6.8,3.1,511.0,CALOGERA,,WDD4322,30,,13,4,,,B
367143260,2023-07-12T13:56:25,36.80860,-121.99484,6.6,352.6,511.0,CALOGERA,,WDD4322,30,,13,4,,,B
367143260,2023-07-12T13:57:57,36.81132,-121.99479,6.4,357.7,511.0,CALOGERA,,WDD4322,30,,13,4,,,B
367143260,2023-07-12T13:59:24,36.81396,-121.99469,6.5,2.9,511.0,CALOGERA,,WDD4322,30,,13,4,,,B
368307110,2023-07-12T20:38:11,36.81413,-121.95839,4.3,163.5,511.0,SEA ESCAPE,,WDN7295,36,,14,4,,,B
368307110,2023-07-12T20:39:41,36.81219,-121.95796,4.6,171.3,511.0,SEA ESCAPE,,WDN7295,36,,14,4,,,B
368307110,2023-07-12T20:41:10,36.81025,-121.95751,5.0,163.5,511.0,SEA ESCAPE,,WDN7295,36,,14,4,,,B
368307110,2023-07-12T20:42:42,36.80828,-121.95704,5.2,175.4,511.0,SEA ESCAPE,,WDN7295,36,,14,4,,,B
368307110,2023-07-12T20:44:42,36.80524,-121.95618,5.2,172.2,511.0,SEA ESCAPE,,WDN7295,36,,14,4,,,B
368307110,2023-07-12T20:46:09,36.80321,-121.95576,5.8,179.5,511.0,SEA ESCAPE,,WDN7295,36,,14,4,,,B
368089640,2023-08-11T03:53:00,36.78183,-121.96284,10.8,348.1,511.0,STORMBOUND,,WDL6605,37,,12,6,,,B
368089640,2023-08-11T03:54:30,36.78613,-121.96415,10.5,344.8,511.0,STORMBOUND,,WDL6605,37,,12,6,,,B
368089640,2023-08-11T03:55:31,36.78899,-121.96505,11.1,342.3,511.0,STORMBOUND,,WDL6605,37,,12,6,,,B
368089640,2023-08-11T03:57:00,36.79322,-121.96704,11.4,322.8,511.0,STORMBOUND,,WDL6605,37,,12,6,,,B
368089640,2023-08-11T03:58:30,36.79751,-121.96845,11.0,353.6,511.0,STORMBOUND,,WDL6605,37,,12,6,,,B
368089640,2023-08-11T03:59:31,36.80055,-121.96920,11.3,351.5,511.0,STORMBOUND,,WDL6605,37,,12,6,,,B
368089640,2023-08-11T04:02:30,36.80954,-121.97156,12.8,341.1,511.0,STORMBOUND,,WDL6605,37,,12,6,,,B
368089640,2023-08-11T04:03:31,36.81272,-121.97380,12.4,328.2,511.0,STORMBOUND,,WDL6605,37,,12,6,,,B
367795220,2023-08-12T21:07:08,36.78249,-121.97008,5.5,346.4,511.0,PANNAMARE,,WDJ6183,36,,12,2,,,B
367795220,2023-08-12T21:08:34,36.78459,-121.97023,4.9,356.2,511.0,PANNAMARE,,WDJ6183,36,,12,2,,,B
367795220,2023-08-12T21:10:08,36.78690,-121.97019,4.7,347.3,511.0,PANNAMARE,,WDJ6183,36,,12,2,,,B
367795220,2023-08-12T21:11:34,36.78908,-121.97054,5.5,353.0,511.0,PANNAMARE,,WDJ6183,36,,12,2,,,B
367795220,2023-08-12T21:12:36,36.79066,-121.97095,5.1,338.8,511.0,PANNAMARE,,WDJ6183,36,,12,2,,,B
367795220,2023-08-12T21:14:06,36.79294,-121.97131,6.7,5.3,511.0,PANNAMARE,,WDJ6183,36,,12,2,,,B
367795220,2023-08-12T21:15:36,36.79508,-121.97166,5.3,346.7,511.0,PANNAMARE,,WDJ6183,36,,12,2,,,B
367795220,2023-08-12T21:17:04,36.79712,-121.97199,5.5,356.1,511.0,PANNAMARE,,WDJ6183,36,,12,2,,,B
367795220,2023-08-12T21:18:35,36.79940,-121.97261,5.7,346.4,511.0,PANNAMARE,,WDJ6183,36,,12,2,,,B
367795220,2023-08-12T21:20:04,36.80172,-121.97352,6.1,345.5,511.0,PANNAMARE,,WDJ6183,36,,12,2,,,B
367795220,2023-08-12T21:21:35,36.80394,-121.97422,4.6,350.3,511.0,PANNAMARE,,WDJ6183,36,,12,2,,,B
367795220,2023-08-12T21:22:36,36.80523,-121.97454,4.1,359.5,511.0,PANNAMARE,,WDJ6183,36,,12,2,,,B
367795220,2023-08-12T21:24:03,36.80695,-121.97472,3.9,28.1,511.0,PANNAMARE,,WDJ6183,36,,12,2,,,B
367795220,2023-08-12T21:25:36,36.80875,-121.97495,4.4,347.7,511.0,PANNAMARE,,WDJ6183,36,,12,2,,,B
367795220,2023-08-12T21:27:03,36.81055,-121.97520,5.0,358.4,511.0,PANNAMARE,,WDJ6183,36,,12,2,,,B
367795220,2023-08-12T21:28:36,36.81284,-121.97518,5.5,347.0,511.0,PANNAMARE,,WDJ6183,36,,12,2,,,B
367795220,2023-08-12T21:30:03,36.81507,-121.97588,5.7,339.5,511.0,PANNAMARE,,WDJ6183,36,,12,2,,,B
367529450,2023-02-01T09:41:18,36.79851,-121.95489,9.9,110.1,511.0,KING PHILIP,,WDG3768,30,,24,7,,,B
367529450,2023-02-01T09:32:50,36.81458,-121.96942,9.8,201.1,511.0,KING PHILIP,,WDG3768,30,,24,7,,,B
367529450,2023-02-01T09:33:51,36.81186,-121.96972,9.9,176.4,511.0,KING PHILIP,,WDG3768,30,,24,7,,,B
367529450,2023-02-01T09:35:49,36.80644,-121.96873,10.0,174.7,511.0,KING PHILIP,,WDG3768,30,,24,7,,,B
367529450,2023-02-01T09:38:19,36.80145,-121.96430,9.9,111.4,511.0,KING PHILIP,,WDG3768,30,,24,7,,,B
367529450,2023-02-01T09:37:18,36.80268,-121.96727,9.6,123.4,511.0,KING PHILIP,,WDG3768,30,,24,7,,,B
367529450,2023-02-01T09:39:48,36.79997,-121.95962,9.4,111.2,511.0,KING PHILIP,,WDG3768,30,,24,7,,,B
367529450,2023-02-08T12:29:08,36.79818,-121.98088,9.5,103.0,511.0,KING PHILIP,,WDG3768,30,,24,7,,,B
367529450,2023-02-08T12:30:37,36.79708,-121.97618,9.9,107.6,511.0,KING PHILIP,,WDG3768,30,,24,7,,,B
367529450,2023-02-08T12:31:38,36.79631,-121.97301,9.3,107.3,511.0,KING PHILIP,,WDG3768,30,,24,7,,,B
367529450,2023-02-08T12:33:07,36.79507,-121.96828,9.2,107.6,511.0,KING PHILIP,,WDG3768,30,,24,7,,,B
367529450,2023-02-08T12:34:08,36.79422,-121.96508,8.9,106.0,511.0,KING PHILIP,,WDG3768,30,,24,7,,,B
367529450,2023-02-08T12:36:09,36.79257,-121.95876,9.4,109.8,511.0,KING PHILIP,,WDG3768,30,,24,7,,,B
367529450,2023-02-08T12:37:37,36.79136,-121.95419,9.6,108.4,511.0,KING PHILIP,,WDG3768,30,,24,7,,,B
367529450,2023-02-08T12:24:41,36.80073,-121.99546,10.6,102.0,511.0,KING PHILIP,,WDG3768,30,,24,7,,,B
367529450,2023-02-08T12:26:09,36.79990,-121.99065,9.3,102.4,511.0,KING PHILIP,,WDG3768,30,,24,7,,,B
367529450,2023-02-08T12:27:38,36.79910,-121.98576,9.2,102.0,511.0,KING PHILIP,,WDG3768,30,,24,7,,,B
367529450,2023-02-16T12:39:37,36.79914,-121.96769,8.6,107.1,511.0,KING PHILIP,,WDG3768,30,,24,7,,,B
367529450,2023-02-16T12:41:04,36.79813,-121.96348,8.8,104.9,511.0,KING PHILIP,,WDG3768,30,,24,7,,,B
367529450,2023-02-16T12:42:33,36.79773,-121.95890,10.0,92.2,511.0,KING PHILIP,,WDG3768,30,,24,7,,,B
367529450,2023-02-16T12:43:35,36.79776,-121.95563,8.8,90.3,511.0,KING PHILIP,,WDG3768,30,,24,7,,,B
367529450,2023-02-16T12:37:34,36.80182,-121.97278,8.5,156.7,511.0,KING PHILIP,,WDG3768,30,,24,7,,,B
367529450,2023-02-16T12:38:35,36.80020,-121.97051,9.0,122.7,511.0,KING PHILIP,,WDG3768,30,,24,7,,,B
367529450,2023-02-16T12:02:03,36.81479,-121.99561,9.3,28.6,511.0,KING PHILIP,,WDG3768,30,,24,7,,,B
367529450,2023-02-16T12:32:05,36.81429,-121.96979,8.8,204.0,511.0,KING PHILIP,,WDG3768,30,,24,7,,,B
367529450,2023-02-16T12:33:33,36.81099,-121.97181,9.1,204.3,511.0,KING PHILIP,,WDG3768,30,,24,7,,,B
367529450,2023-02-16T12:34:36,36.80871,-121.97322,8.9,204.1,511.0,KING PHILIP,,WDG3768,30,,24,7,,,B
367529450,2023-02-16T12:36:03,36.80519,-121.97413,8.6,195.7,511.0,KING PHILIP,,WDG3768,30,,24,7,,,B
367529450,2023-05-09T09:47:36,36.81436,-121.97539,8.8,214.7,511.0,KING PHILIP,,WDG3768,30,,24,7,,,B
367529450,2023-05-09T09:49:07,36.81102,-121.97728,9.1,207.0,511.0,KING PHILIP,,WDG3768,30,,24,7,,,B
367529450,2023-05-09T09:50:36,36.80758,-121.97806,8.4,186.8,511.0,KING PHILIP,,WDG3768,30,,24,7,,,B
367529450,2023-05-09T09:52:05,36.80402,-121.97853,8.5,189.0,511.0,KING PHILIP,,WDG3768,30,,24,7,,,B
367529450,2023-05-09T09:53:06,36.80158,-121.97884,8.4,185.1,511.0,KING PHILIP,,WDG3768,30,,24,7,,,B
367529450,2023-05-09T09:54:36,36.79824,-121.97773,8.4,152.5,511.0,KING PHILIP,,WDG3768,30,,24,7,,,B
367529450,2023-05-09T09:56:08,36.79558,-121.97521,8.5,115.5,511.0,KING PHILIP,,WDG3768,30,,24,7,,,B
367529450,2023-05-09T09:57:36,36.79528,-121.97115,8.4,89.8,511.0,KING PHILIP,,WDG3768,30,,24,7,,,B
367529450,2023-05-09T09:58:38,36.79532,-121.96817,9.1,88.3,511.0,KING PHILIP,,WDG3768,30,,24,7,,,B
367529450,2023-05-09T10:00:06,36.79545,-121.96404,8.0,88.9,511.0,KING PHILIP,,WDG3768,30,,24,7,,,B
367529450,2023-05-09T10:01:37,36.79564,-121.95970,7.7,86.5,511.0,KING PHILIP,,WDG3768,30,,24,7,,,B
367529450,2023-05-09T10:03:07,36.79581,-121.95539,8.8,85.9,511.0,KING PHILIP,,WDG3768,30,,24,7,,,B
367529450,2023-08-14T08:38:53,36.79677,-121.97900,8.7,217.3,511.0,KING PHILIP,,WDG3768,30,,24,7,,,B
367529450,2023-08-14T08:40:24,36.79378,-121.98171,8.6,210.1,511.0,KING PHILIP,,WDG3768,30,,24,7,,,B
367529450,2023-08-14T08:42:24,36.78993,-121.97948,8.5,117.6,511.0,KING PHILIP,,WDG3768,30,,24,7,,,B
367529450,2023-08-15T11:00:49,36.80377,-121.97922,9.1,260.7,511.0,KING PHILIP,,WDG3768,30,,24,7,,,B
367529450,2023-08-15T11:02:19,36.80319,-121.98392,9.2,261.6,511.0,KING PHILIP,,WDG3768,30,,24,7,,,B
367529450,2023-08-15T11:03:50,36.80322,-121.98854,8.8,272.6,511.0,KING PHILIP,,WDG3768,30,,24,7,,,B
367529450,2023-08-15T11:05:19,36.80348,-121.99314,9.0,274.2,511.0,KING PHILIP,,WDG3768,30,,24,7,,,B
367529450,2023-08-16T08:47:28,36.80877,-121.97899,9.3,206.4,511.0,KING PHILIP,,WDG3768,30,,24,7,,,B
367529450,2023-08-16T08:48:55,36.80537,-121.98105,9.6,206.7,511.0,KING PHILIP,,WDG3768,30,,24,7,,,B
367529450,2023-08-16T08:50:25,36.80180,-121.98329,9.4,210.3,511.0,KING PHILIP,,WDG3768,30,,24,7,,,B
367529450,2023-08-16T08:51:27,36.79939,-121.98478,9.6,205.3,511.0,KING PHILIP,,WDG3768,30,,24,7,,,B
367529450,2023-08-16T08:52:55,36.79591,-121.98699,9.4,211.3,511.0,KING PHILIP,,WDG3768,30,,24,7,,,B
367529450,2023-08-16T08:54:25,36.79243,-121.98924,9.2,207.9,511.0,KING PHILIP,,WDG3768,30,,24,7,,,B
367529450,2023-08-16T08:55:55,36.78905,-121.99145,9.0,207.9,511.0,KING PHILIP,,WDG3768,30,,24,7,,,B
367529450,2023-08-16T08:57:25,36.78559,-121.99370,9.0,206.4,511.0,KING PHILIP,,WDG3768,30,,24,7,,,B
367529450,2023-08-14T08:27:53,36.78769,-121.96542,9.0,356.9,511.0,KING PHILIP,,WDG3768,30,,24,7,,,B
367529450,2023-08-14T08:29:25,36.79146,-121.96547,8.7,359.9,511.0,KING PHILIP,,WDG3768,30,,24,7,,,B
367529450,2023-08-14T08:30:54,36.79512,-121.96550,8.5,357.8,511.0,KING PHILIP,,WDG3768,30,,24,7,,,B
367529450,2023-08-14T08:32:23,36.79878,-121.96549,8.9,358.1,511.0,KING PHILIP,,WDG3768,30,,24,7,,,B
367529450,2023-08-14T08:33:53,36.80184,-121.96751,9.0,315.5,511.0,KING PHILIP,,WDG3768,30,,24,7,,,B
367529450,2023-08-14T08:35:53,36.80196,-121.97281,8.5,246.6,511.0,KING PHILIP,,WDG3768,30,,24,7,,,B
367529450,2023-08-14T08:37:25,36.79950,-121.97620,8.6,228.3,511.0,KING PHILIP,,WDG3768,30,,24,7,,,B
367529450,2023-08-14T08:43:53,36.78821,-121.97552,9.1,116.6,511.0,KING PHILIP,,WDG3768,30,,24,7,,,B
367529450,2023-08-14T08:45:27,36.78699,-121.97091,8.8,101.7,511.0,KING PHILIP,,WDG3768,30,,24,7,,,B
367529450,2023-08-14T08:46:53,36.78631,-121.96657,8.9,101.9,511.0,KING PHILIP,,WDG3768,30,,24,7,,,B
367529450,2023-08-15T10:56:21,36.80545,-121.96535,8.8,262.9,511.0,KING PHILIP,,WDG3768,30,,24,7,,,B
367529450,2023-08-15T10:57:49,36.80490,-121.96994,9.0,260.0,511.0,KING PHILIP,,WDG3768,30,,24,7,,,B
367529450,2023-08-15T10:58:50,36.80454,-121.97306,9.5,262.2,511.0,KING PHILIP,,WDG3768,30,,24,7,,,B
367529450,2023-08-15T10:59:52,36.80414,-121.97626,9.2,261.5,511.0,KING PHILIP,,WDG3768,30,,24,7,,,B
367529450,2023-08-16T08:44:27,36.81596,-121.97472,9.4,206.9,511.0,KING PHILIP,,WDG3768,30,,24,7,,,B
367529450,2023-08-16T08:45:56,36.81244,-121.97679,9.5,204.4,511.0,KING PHILIP,,WDG3768,30,,24,7,,,B
367529450,2023-08-14T08:15:27,36.78119,-121.96322,6.3,142.6,511.0,KING PHILIP,,WDG3768,30,,24,7,,,B
367529450,2023-08-14T08:16:57,36.78124,-121.96280,1.5,40.9,511.0,KING PHILIP,,WDG3768,30,,24,7,,,B
367529450,2023-08-14T08:18:27,36.78127,-121.96283,1.9,61.1,511.0,KING PHILIP,,WDG3768,30,,24,7,,,B
367529450,2023-08-14T08:19:28,36.78154,-121.96299,0.5,269.9,511.0,KING PHILIP,,WDG3768,30,,24,7,,,B
367529450,2023-08-14T08:20:58,36.78153,-121.96314,1.0,183.8,511.0,KING PHILIP,,WDG3768,30,,24,7,,,B
367529450,2023-08-14T08:24:53,36.78189,-121.96507,8.5,292.2,511.0,KING PHILIP,,WDG3768,30,,24,7,,,B
367529450,2023-08-14T08:26:23,36.78421,-121.96535,8.2,36.5,511.0,KING PHILIP,,WDG3768,30,,24,7,,,B
367529450,2023-08-14T08:48:25,36.78560,-121.96191,8.9,102.1,511.0,KING PHILIP,,WDG3768,30,,24,7,,,B
367529450,2023-08-14T08:49:54,36.78489,-121.95737,8.9,100.0,511.0,KING PHILIP,,WDG3768,30,,24,7,,,B
367529450,2023-08-14T08:50:57,36.78297,-121.95590,9.0,174.3,511.0,KING PHILIP,,WDG3768,30,,24,7,,,B
367529450,2023-08-16T08:58:26,36.78331,-121.99519,9.4,209.9,511.0,KING PHILIP,,WDG3768,30,,24,7,,,B
367529450,2023-08-15T10:52:49,36.80683,-121.95421,9.2,259.7,511.0,KING PHILIP,,WDG3768,30,,24,7,,,B
367529450,2023-08-15T10:54:18,36.80623,-121.95892,9.2,259.9,511.0,KING PHILIP,,WDG3768,30,,24,7,,,B
367529450,2023-08-15T10:55:19,36.80584,-121.96208,9.3,262.0,511.0,KING PHILIP,,WDG3768,30,,24,7,,,B
367529450,2023-08-15T11:06:49,36.80388,-121.99773,8.4,298.9,511.0,KING PHILIP,,WDG3768,30,,24,7,,,B
367737070,2023-04-04T21:33:01,36.81255,-121.95347,9.4,250.0,511.0,GREATLAND,,WDI8287,30,,24,7,,,B
367737070,2023-04-04T21:34:02,36.81157,-121.95644,8.2,244.0,511.0,GREATLAND,,WDI8287,30,,24,7,,,B
367737070,2023-04-04T21:35:30,36.80965,-121.96069,9.3,238.6,511.0,GREATLAND,,WDI8287,30,,24,7,,,B
367737070,2023-04-04T21:37:00,36.80792,-121.96498,9.8,239.0,511.0,GREATLAND,,WDI8287,30,,24,7,,,B
367737070,2023-04-04T21:39:31,36.80498,-121.97215,9.6,238.7,511.0,GREATLAND,,WDI8287,30,,24,7,,,B
367737070,2023-04-04T21:41:01,36.80314,-121.97649,8.8,240.2,511.0,GREATLAND,,WDI8287,30,,24,7,,,B
367737070,2023-04-04T21:43:29,36.79822,-121.98160,12.3,179.6,511.0,GREATLAND,,WDI8287,30,,24,7,,,B
367737070,2023-04-04T21:45:00,36.79334,-121.98043,11.8,158.5,511.0,GREATLAND,,WDI8287,30,,24,7,,,B
367737070,2023-04-04T21:46:01,36.79007,-121.97912,11.1,159.8,511.0,GREATLAND,,WDI8287,30,,24,7,,,B
367737070,2023-04-04T21:48:00,36.78378,-121.97669,12.7,163.4,511.0,GREATLAND,,WDI8287,30,,24,7,,,B
367737070,2023-04-06T17:39:05,36.81317,-121.96272,11.6,130.3,511.0,GREATLAND,,WDI8287,30,,24,7,,,B
367737070,2023-04-06T17:40:34,36.81015,-121.95805,12.7,130.4,511.0,GREATLAND,,WDI8287,30,,24,7,,,B
367737070,2023-04-06T17:41:35,36.80804,-121.95472,12.1,126.5,511.0,GREATLAND,,WDI8287,30,,24,7,,,B
367737070,2023-04-28T00:35:24,36.79189,-121.95613,9.0,259.6,511.0,GREATLAND,,WDI8287,30,,24,7,,,B
367737070,2023-04-28T00:36:26,36.79140,-121.95768,2.2,187.7,511.0,GREATLAND,,WDI8287,30,,24,7,,,B
367737070,2023-04-28T00:38:24,36.79155,-121.95736,2.7,325.9,511.0,GREATLAND,,WDI8287,30,,24,7,,,B
367737070,2023-04-28T00:39:54,36.79293,-121.95858,6.5,315.4,511.0,GREATLAND,,WDI8287,30,,24,7,,,B
367737070,2023-04-28T00:40:56,36.79438,-121.96050,8.1,305.4,511.0,GREATLAND,,WDI8287,30,,24,7,,,B
367737070,2023-04-28T00:42:25,36.79231,-121.96370,8.0,238.4,511.0,GREATLAND,,WDI8287,30,,24,7,,,B
367737070,2023-04-28T00:43:55,36.79222,-121.96510,2.3,324.9,511.0,GREATLAND,,WDI8287,30,,24,7,,,B
367737070,2023-04-28T00:45:25,36.79318,-121.96595,3.5,318.9,511.0,GREATLAND,,WDI8287,30,,24,7,,,B
367737070,2023-04-28T00:47:25,36.79524,-121.96906,7.3,300.1,511.0,GREATLAND,,WDI8287,30,,24,7,,,B
367737070,2023-04-28T00:48:54,36.79661,-121.97169,4.9,324.0,511.0,GREATLAND,,WDI8287,30,,24,7,,,B
367737070,2023-04-28T00:50:24,36.79748,-121.97480,8.2,278.8,511.0,GREATLAND,,WDI8287,30,,24,7,,,B
367737070,2023-04-28T00:51:54,36.79867,-121.97791,6.7,321.3,511.0,GREATLAND,,WDI8287,30,,24,7,,,B
367737070,2023-04-28T00:53:25,36.79966,-121.97841,2.6,350.2,511.0,GREATLAND,,WDI8287,30,,24,7,,,B
367737070,2023-04-28T00:54:29,36.80080,-121.97819,4.1,13.1,511.0,GREATLAND,,WDI8287,30,,24,7,,,B
367737070,2023-04-28T00:55:54,36.80230,-121.97800,2.2,12.9,511.0,GREATLAND,,WDI8287,30,,24,7,,,B
367737070,2023-04-28T00:56:55,36.80266,-121.97716,6.2,123.0,511.0,GREATLAND,,WDI8287,30,,24,7,,,B
367737070,2023-04-28T00:58:25,36.80144,-121.97767,3.1,273.9,511.0,GREATLAND,,WDI8287,30,,24,7,,,B
367737070,2023-04-28T00:59:54,36.80143,-121.97910,1.5,241.2,511.0,GREATLAND,,WDI8287,30,,24,7,,,B
367737070,2023-04-28T01:00:24,36.80113,-121.97963,7.9,244.8,511.0,GREATLAND,,WDI8287,30,,24,7,,,B
367737070,2023-04-28T01:01:55,36.79726,-121.97807,13.3,142.4,511.0,GREATLAND,,WDI8287,30,,24,7,,,B
367737070,2023-04-28T01:03:26,36.79242,-121.97458,13.7,149.1,511.0,GREATLAND,,WDI8287,30,,24,7,,,B
367737070,2023-04-28T01:04:57,36.78750,-121.97091,13.6,150.3,511.0,GREATLAND,,WDI8287,30,,24,7,,,B
367737070,2023-04-28T01:06:24,36.78280,-121.96754,13.8,151.0,511.0,GREATLAND,,WDI8287,30,,24,7,,,B
367737070,2023-05-13T18:26:22,36.80954,-121.99590,14.1,93.8,511.0,GREATLAND,,WDI8287,30,,24,7,,,B
367737070,2023-05-13T18:27:23,36.80938,-121.99124,14.2,93.0,511.0,GREATLAND,,WDI8287,30,,24,7,,,B
367737070,2023-05-13T18:28:52,36.80895,-121.98415,13.9,95.1,511.0,GREATLAND,,WDI8287,30,,24,7,,,B
367737070,2023-05-13T18:30:22,36.80840,-121.97729,14.6,90.4,511.0,GREATLAND,,WDI8287,30,,24,7,,,B
367737070,2023-05-13T18:31:23,36.80812,-121.97242,11.7,94.8,511.0,GREATLAND,,WDI8287,30,,24,7,,,B
367737070,2023-05-13T18:32:54,36.80759,-121.96526,14.8,97.0,511.0,GREATLAND,,WDI8287,30,,24,7,,,B
367737070,2023-05-13T18:35:26,36.80681,-121.95346,14.4,97.1,511.0,GREATLAND,,WDI8287,30,,24,7,,,B
367737070,2023-05-21T18:15:26,36.78378,-121.96452,12.5,324.9,511.0,GREATLAND,,WDI8287,30,,24,7,,,B
367737070,2023-05-21T18:17:26,36.78919,-121.96989,12.7,316.0,511.0,GREATLAND,,WDI8287,30,,24,7,,,B
367737070,2023-05-21T18:18:57,36.79327,-121.97431,12.3,317.7,511.0,GREATLAND,,WDI8287,30,,24,7,,,B
367737070,2023-05-21T18:20:26,36.79713,-121.97854,12.9,323.4,511.0,GREATLAND,,WDI8287,30,,24,7,,,B
367737070,2023-05-21T18:22:26,36.80277,-121.98360,12.4,323.8,511.0,GREATLAND,,WDI8287,30,,24,7,,,B
367737070,2023-05-21T18:24:25,36.80814,-121.98903,11.8,321.1,511.0,GREATLAND,,WDI8287,30,,24,7,,,B
367737070,2023-05-21T18:25:26,36.81070,-121.99191,11.5,318.0,511.0,GREATLAND,,WDI8287,30,,24,7,,,B
367737070,2023-05-21T18:26:56,36.81388,-121.99579,8.7,313.0,511.0,GREATLAND,,WDI8287,30,,24,7,,,B
367737070,2023-05-21T18:58:48,36.79242,-121.99567,13.6,151.6,511.0,GREATLAND,,WDI8287,30,,24,7,,,B
367737070,2023-05-21T19:00:18,36.78765,-121.99273,13.5,153.5,511.0,GREATLAND,,WDI8287,30,,24,7,,,B
367737070,2023-05-21T19:02:18,36.78124,-121.98877,12.6,152.7,511.0,GREATLAND,,WDI8287,30,,24,7,,,B
367737070,2023-06-29T17:49:05,36.78230,-121.95537,5.1,275.5,511.0,GREATLAND,,WDI8287,30,,24,7,,,B
367737070,2023-06-29T17:50:33,36.78178,-121.95715,1.6,206.6,511.0,GREATLAND,,WDI8287,30,,24,7,,,B
367737070,2023-06-29T17:52:03,36.78135,-121.95705,1.3,134.6,511.0,GREATLAND,,WDI8287,30,,24,7,,,B
367737070,2023-06-29T17:54:34,36.78091,-121.95642,0.8,122.8,511.0,GREATLAND,,WDI8287,30,,24,7,,,B
367737070,2023-06-29T17:56:33,36.78308,-121.95692,7.9,311.2,511.0,GREATLAND,,WDI8287,30,,24,7,,,B
367737070,2023-07-01T22:36:57,36.78045,-121.97454,1.1,73.1,511.0,GREATLAND,,WDI8287,30,,24,7,,,B
367737070,2023-07-01T22:38:57,36.78060,-121.97391,0.9,31.6,511.0,GREATLAND,,WDI8287,30,,24,7,,,B
367737070,2023-07-01T22:41:58,36.78137,-121.97335,1.9,7.4,511.0,GREATLAND,,WDI8287,30,,24,7,,,B
367737070,2023-07-01T22:43:53,36.78229,-121.97313,1.0,40.0,511.0,GREATLAND,,WDI8287,30,,24,7,,,B
367737070,2023-07-01T22:44:54,36.78256,-121.97298,0.6,20.2,511.0,GREATLAND,,WDI8287,30,,24,7,,,B
367737070,2023-07-01T22:46:26,36.78308,-121.97296,1.2,352.7,511.0,GREATLAND,,WDI8287,30,,24,7,,,B
367737070,2023-07-01T22:47:53,36.78376,-121.97318,1.6,13.0,511.0,GREATLAND,,WDI8287,30,,24,7,,,B
367737070,2023-07-01T22:48:55,36.78346,-121.97368,6.3,161.5,511.0,GREATLAND,,WDI8287,30,,24,7,,,B
367737070,2023-07-04T18:04:13,36.78158,-121.97650,12.4,312.3,511.0,GREATLAND,,WDI8287,30,,24,7,,,B
367737070,2023-07-04T18:05:42,36.78514,-121.98102,12.0,312.6,511.0,GREATLAND,,WDI8287,30,,24,7,,,B
367737070,2023-07-04T18:07:12,36.78865,-121.98563,12.1,315.2,511.0,GREATLAND,,WDI8287,30,,24,7,,,B
367737070,2023-07-04T18:08:42,36.79207,-121.99035,12.5,311.2,511.0,GREATLAND,,WDI8287,30,,24,7,,,B
367737070,2023-07-04T18:10:14,36.79546,-121.99517,12.4,314.3,511.0,GREATLAND,,WDI8287,30,,24,7,,,B
367737070,2023-08-05T18:51:24,36.78067,-121.96477,1.8,16.1,511.0,GREATLAND,,WDI8287,30,,24,7,,,B
367737070,2023-08-05T18:52:54,36.78087,-121.96539,6.2,273.8,511.0,GREATLAND,,WDI8287,30,,24,7,,,B
367737070,2023-08-05T18:54:24,36.78125,-121.96745,3.7,317.6,511.0,GREATLAND,,WDI8287,30,,24,7,,,B
367737070,2023-08-05T18:55:54,36.78173,-121.96843,1.7,304.9,511.0,GREATLAND,,WDI8287,30,,24,7,,,B
367737070,2023-08-05T18:57:25,36.78189,-121.96964,2.9,285.0,511.0,GREATLAND,,WDI8287,30,,24,7,,,B
367737070,2023-08-05T18:58:53,36.78194,-121.97085,2.3,248.9,511.0,GREATLAND,,WDI8287,30,,24,7,,,B
367737070,2023-08-05T18:59:54,36.78172,-121.97188,3.6,241.6,511.0,GREATLAND,,WDI8287,30,,24,7,,,B
367737070,2023-08-05T19:00:24,36.78142,-121.97243,4.0,229.2,511.0,GREATLAND,,WDI8287,30,,24,7,,,B
367737070,2023-08-05T19:01:26,36.78084,-121.97355,3.3,247.9,511.0,GREATLAND,,WDI8287,30,,24,7,,,B
367139040,2023-02-03T17:38:03,36.78197,-121.97339,16.0,334.2,333.0,FULMAR,,WDD3992,90,,,,,,B
367139040,2023-02-03T17:39:05,36.78574,-121.97452,13.8,352.2,346.0,FULMAR,,WDD3992,90,,,,,,B
367139040,2023-02-03T17:40:08,36.78961,-121.97513,11.7,338.4,337.0,FULMAR,,WDD3992,90,,,,,,B
367139040,2023-02-03T17:41:21,36.79311,-121.97680,11.0,342.4,337.0,FULMAR,,WDD3992,90,,,,,,B
367139040,2023-02-03T17:42:27,36.79492,-121.97744,1.9,358.7,351.0,FULMAR,,WDD3992,90,,,,,,B
367139040,2023-02-03T17:45:36,36.79541,-121.97753,0.1,254.7,349.0,FULMAR,,WDD3992,90,,,,,,B
367139040,2023-02-03T17:48:38,36.79521,-121.97780,1.1,222.6,333.0,FULMAR,,WDD3992,90,,,,,,B
367139040,2023-02-03T17:51:37,36.79503,-121.97807,0.8,226.3,334.0,FULMAR,,WDD3992,90,,,,,,B
367139040,2023-02-03T17:52:55,36.79499,-121.97821,2.2,340.5,339.0,FULMAR,,WDD3992,90,,,,,,B
367139040,2023-02-03T17:54:23,36.79667,-121.97707,5.8,62.6,61.0,FULMAR,,WDD3992,90,,,,,,B
367139040,2023-02-03T17:55:24,36.79714,-121.97551,2.7,49.0,44.0,FULMAR,,WDD3992,90,,,,,,B
367139040,2023-02-03T17:57:45,36.79738,-121.97532,2.5,204.9,17.0,FULMAR,,WDD3992,90,,,,,,B
367139040,2023-02-03T18:00:42,36.79709,-121.97548,0.6,252.7,316.0,FULMAR,,WDD3992,90,,,,,,B
367139040,2023-02-03T18:03:45,36.79699,-121.97570,0.2,231.3,346.0,FULMAR,,WDD3992,90,,,,,,B
367139040,2023-02-03T18:06:44,36.79675,-121.97595,0.8,225.9,335.0,FULMAR,,WDD3992,90,,,,,,B
367139040,2023-02-03T18:09:46,36.79650,-121.97619,0.3,235.9,324.0,FULMAR,,WDD3992,90,,,,,,B
367139040,2023-02-03T18:12:46,36.79643,-121.97637,0.6,241.5,345.0,FULMAR,,WDD3992,90,,,,,,B
367139040,2023-02-03T18:15:45,36.79634,-121.97651,0.5,268.4,336.0,FULMAR,,WDD3992,90,,,,,,B
367139040,2023-02-03T18:18:45,36.79621,-121.97671,0.1,237.6,341.0,FULMAR,,WDD3992,90,,,,,,B
367139040,2023-02-03T18:21:46,36.79617,-121.97690,0.3,237.3,341.0,FULMAR,,WDD3992,90,,,,,,B
367139040,2023-02-03T18:24:45,36.79601,-121.97714,0.3,237.0,340.0,FULMAR,,WDD3992,90,,,,,,B
367139040,2023-02-03T18:27:45,36.79595,-121.97741,0.3,245.6,343.0,FULMAR,,WDD3992,90,,,,,,B
367139040,2023-02-03T18:30:45,36.79571,-121.97768,0.2,233.5,331.0,FULMAR,,WDD3992,90,,,,,,B
367139040,2023-02-03T18:33:45,36.79553,-121.97789,0.4,215.1,331.0,FULMAR,,WDD3992,90,,,,,,B
367139040,2023-02-03T18:36:45,36.79534,-121.97809,0.1,189.4,331.0,FULMAR,,WDD3992,90,,,,,,B
367139040,2023-02-03T18:39:45,36.79514,-121.97827,0.7,204.8,330.0,FULMAR,,WDD3992,90,,,,,,B
367139040,2023-02-03T18:42:46,36.79484,-121.97849,0.9,218.3,319.0,FULMAR,,WDD3992,90,,,,,,B
367139040,2023-02-03T18:45:44,36.79457,-121.97865,0.4,219.0,318.0,FULMAR,,WDD3992,90,,,,,,B
367139040,2023-02-03T18:48:44,36.79432,-121.97877,0.6,212.5,314.0,FULMAR,,WDD3992,90,,,,,,B
367139040,2023-02-03T18:51:23,36.79453,-121.97868,2.2,54.4,43.0,FULMAR,,WDD3992,90,,,,,,B
367139040,2023-02-03T18:53:35,36.79480,-121.97845,2.0,9.7,2.0,FULMAR,,WDD3992,90,,,,,,B
367139040,2023-02-03T18:56:58,36.79560,-121.97794,2.4,30.3,23.0,FULMAR,,WDD3992,90,,,,,,B
367139040,2023-02-03T19:00:32,36.79636,-121.97745,0.3,50.7,22.0,FULMAR,,WDD3992,90,,,,,,B
367139040,2023-02-03T19:03:36,36.79619,-121.97749,0.7,257.8,332.0,FULMAR,,WDD3992,90,,,,,,B
367139040,2023-02-03T19:06:35,36.79612,-121.97729,0.6,158.9,59.0,FULMAR,,WDD3992,90,,,,,,B
367139040,2023-02-03T19:09:36,36.79588,-121.97709,0.2,153.6,349.0,FULMAR,,WDD3992,90,,,,,,B
367139040,2023-02-03T19:11:11,36.79596,-121.97703,2.0,22.2,22.0,FULMAR,,WDD3992,90,,,,,,B
367139040,2023-02-03T19:12:16,36.79696,-121.97635,3.1,33.7,15.0,FULMAR,,WDD3992,90,,,,,,B
367139040,2023-02-03T19:13:42,36.79746,-121.97605,2.0,26.3,9.0,FULMAR,,WDD3992,90,,,,,,B
367139040,2023-02-03T19:17:18,36.79859,-121.97582,0.7,350.2,347.0,FULMAR,,WDD3992,90,,,,,,B
367139040,2023-02-03T19:20:18,36.79865,-121.97595,0.0,18.4,320.0,FULMAR,,WDD3992,90,,,,,,B
367139040,2023-02-03T19:23:21,36.79854,-121.97607,0.2,219.7,325.0,FULMAR,,WDD3992,90,,,,,,B
367139040,2023-02-03T19:24:39,36.79905,-121.97649,6.6,341.8,339.0,FULMAR,,WDD3992,90,,,,,,B
367139040,2023-02-03T19:26:45,36.79746,-121.97313,13.8,153.9,156.0,FULMAR,,WDD3992,90,,,,,,B
367139040,2023-02-03T19:27:59,36.79279,-121.97089,13.8,161.2,161.0,FULMAR,,WDD3992,90,,,,,,B
367139040,2023-02-03T19:29:00,36.78886,-121.96946,14.4,160.1,161.0,FULMAR,,WDD3992,90,,,,,,B
367139040,2023-02-03T19:30:10,36.78419,-121.96740,15.8,160.8,159.0,FULMAR,,WDD3992,90,,,,,,B
367139040,2023-02-03T19:25:42,36.80036,-121.97506,8.2,111.1,112.0,FULMAR,,WDD3992,90,,,,,,B
367139040,2023-05-03T19:33:53,36.78044,-121.97349,0.6,6.1,335.0,FULMAR,,WDD3992,90,,,,,,B
367139040,2023-05-03T19:36:55,36.78086,-121.97311,1.2,83.4,77.0,FULMAR,,WDD3992,90,,,,,,B
367139040,2023-05-03T19:39:55,36.78090,-121.97254,0.1,74.1,116.0,FULMAR,,WDD3992,90,,,,,,B
367139040,2023-05-03T19:42:55,36.78105,-121.97240,0.1,57.8,132.0,FULMAR,,WDD3992,90,,,,,,B
367139040,2023-05-03T19:45:04,36.78114,-121.97229,2.8,68.3,176.0,FULMAR,,WDD3992,90,,,,,,B
367139040,2023-05-03T19:48:01,36.78116,-121.97211,0.5,93.7,136.0,FULMAR,,WDD3992,90,,,,,,B
367139040,2023-05-03T19:51:03,36.78101,-121.97163,0.9,120.6,112.0,FULMAR,,WDD3992,90,,,,,,B
367139040,2023-05-03T19:54:04,36.78066,-121.97081,0.6,126.1,121.0,FULMAR,,WDD3992,90,,,,,,B
367139040,2023-05-03T19:55:38,36.78057,-121.97067,2.3,84.2,176.0,FULMAR,,WDD3992,90,,,,,,B
369375000,2023-01-19T10:02:50,36.81180,-121.95721,4.1,226.8,511.0,TEAM O'NEILL,,WDK5259,36,,20,9,,,B
369375000,2023-01-19T10:06:49,36.80874,-121.96160,4.3,225.3,511.0,TEAM O'NEILL,,WDK5259,36,,20,9,,,B
369375000,2023-01-19T10:09:18,36.80674,-121.96440,3.9,238.3,511.0,TEAM O'NEILL,,WDK5259,36,,20,9,,,B
369375000,2023-02-03T09:24:38,36.79061,-121.98539,5.9,222.1,511.0,TEAM O'NEILL,,WDK5259,36,,20,9,,,B
369375000,2023-02-05T09:08:28,36.80212,-121.97535,4.7,229.6,511.0,TEAM O'NEILL,,WDK5259,36,,20,9,,,B
369375000,2023-07-04T20:35:00,36.79938,-121.96531,9.1,145.4,511.0,TEAM O'NEILL,,WDK5259,36,,20,9,,,B
369375000,2023-07-04T20:36:03,36.79725,-121.96385,7.7,157.6,511.0,TEAM O'NEILL,,WDK5259,36,,20,9,,,B
369375000,2023-07-04T20:37:30,36.79411,-121.96208,7.8,152.7,511.0,TEAM O'NEILL,,WDK5259,36,,20,9,,,B
369375000,2023-07-04T20:39:00,36.79125,-121.96040,7.6,154.5,511.0,TEAM O'NEILL,,WDK5259,36,,20,9,,,B
369375000,2023-07-04T20:40:29,36.78838,-121.95875,7.4,158.3,511.0,TEAM O'NEILL,,WDK5259,36,,20,9,,,B
369375000,2023-07-04T20:41:30,36.78657,-121.95766,7.0,153.0,511.0,TEAM O'NEILL,,WDK5259,36,,20,9,,,B
369375000,2023-07-04T20:42:59,36.78398,-121.95652,6.3,162.3,511.0,TEAM O'NEILL,,WDK5259,36,,20,9,,,B
369375000,2023-07-04T20:44:00,36.78221,-121.95593,5.9,165.3,511.0,TEAM O'NEILL,,WDK5259,36,,20,9,,,B
369375000,2023-07-04T20:45:03,36.78044,-121.95537,6.6,166.2,511.0,TEAM O'NEILL,,WDK5259,36,,20,9,,,B
369375000,2023-07-04T23:49:29,36.79226,-121.95375,9.3,340.2,511.0,TEAM O'NEILL,,WDK5259,36,,20,9,,,B
369375000,2023-07-04T23:50:30,36.79475,-121.95452,9.3,347.6,511.0,TEAM O'NEILL,,WDK5259,36,,20,9,,,B
369375000,2023-07-04T23:51:31,36.79731,-121.95521,9.3,347.0,511.0,TEAM O'NEILL,,WDK5259,36,,20,9,,,B
369375000,2023-07-04T20:28:29,36.81238,-121.97316,7.9,144.5,511.0,TEAM O'NEILL,,WDK5259,36,,20,9,,,B
369375000,2023-07-04T20:29:34,36.81059,-121.97143,8.0,143.7,511.0,TEAM O'NEILL,,WDK5259,36,,20,9,,,B
369375000,2023-07-04T20:31:00,36.80768,-121.96961,8.7,155.4,511.0,TEAM O'NEILL,,WDK5259,36,,20,9,,,B
369375000,2023-07-04T20:32:01,36.80553,-121.96836,8.6,156.8,511.0,TEAM O'NEILL,,WDK5259,36,,20,9,,,B
369375000,2023-07-04T20:33:31,36.80247,-121.96707,7.6,157.9,511.0,TEAM O'NEILL,,WDK5259,36,,20,9,,,B
369375000,2023-07-04T23:53:29,36.80248,-121.95695,9.9,343.2,511.0,TEAM O'NEILL,,WDK5259,36,,20,9,,,B
369375000,2023-07-04T23:54:30,36.80504,-121.95786,9.6,342.1,511.0,TEAM O'NEILL,,WDK5259,36,,20,9,,,B
369375000,2023-07-04T23:55:31,36.80751,-121.95906,8.9,334.7,511.0,TEAM O'NEILL,,WDK5259,36,,20,9,,,B
369375000,2023-07-04T23:56:59,36.81113,-121.96091,9.3,344.8,511.0,TEAM O'NEILL,,WDK5259,36,,20,9,,,B
369375000,2023-07-04T23:58:01,36.81371,-121.96185,9.8,340.6,511.0,TEAM O'NEILL,,WDK5259,36,,20,9,,,B
369375000,2023-07-04T20:26:31,36.81624,-121.97561,8.5,153.6,511.0,TEAM O'NEILL,,WDK5259,36,,20,9,,,B
338300171,2023-07-20T16:11:03,36.81561,-121.95940,6.3,163.2,511.0,SCAPA FLOW,,,36,,13,3,,,B
338300171,2023-07-20T16:12:33,36.81302,-121.95852,6.5,164.3,511.0,SCAPA FLOW,,,36,,13,3,,,B
338300171,2023-07-20T16:14:03,36.81036,-121.95764,6.7,158.9,511.0,SCAPA FLOW,,,36,,13,3,,,B
338300171,2023-07-20T16:15:33,36.80768,-121.95679,6.3,170.5,511.0,SCAPA FLOW,,,36,,13,3,,,B
338300171,2023-07-20T16:17:32,36.80409,-121.95567,7.4,161.7,511.0,SCAPA FLOW,,,36,,13,3,,,B
338300171,2023-07-20T16:19:05,36.80128,-121.95482,6.4,171.9,511.0,SCAPA FLOW,,,36,,13,3,,,B
338300171,2023-07-20T16:20:33,36.79860,-121.95399,6.7,166.5,511.0,SCAPA FLOW,,,36,,13,3,,,B
367766590,2023-08-02T14:53:46,36.81383,-121.95498,6.5,153.9,511.0,WAY OF LIFE,,WDJ3293,37,,15,0,,,B
367766590,2023-08-02T14:55:18,36.81130,-121.95401,6.3,159.6,511.0,WAY OF LIFE,,WDJ3293,37,,15,0,,,B
367561000,2023-07-25T01:35:36,36.80486,-121.96462,4.8,339.8,338.0,LISA MARIE,IMO9138018,WDG6267,30,0,23,7,,30,A
367561000,2023-07-25T01:36:47,36.80636,-121.96525,5.0,345.3,345.0,LISA MARIE,IMO9138018,WDG6267,30,0,23,7,,30,A
367561000,2023-07-25T01:38:06,36.80817,-121.96602,5.1,339.8,345.0,LISA MARIE,IMO9138018,WDG6267,30,0,23,7,,30,A
367561000,2023-07-25T01:39:16,36.80977,-121.96668,5.0,340.9,342.0,LISA MARIE,IMO9138018,WDG6267,30,0,23,7,,30,A
367561000,2023-07-25T01:40:26,36.81129,-121.96729,4.9,341.1,339.0,LISA MARIE,IMO9138018,WDG6267,30,0,23,7,,30,A
367561000,2023-07-25T01:41:37,36.81278,-121.96793,5.0,342.4,348.0,LISA MARIE,IMO9138018,WDG6267,30,0,23,7,,30,A
367561000,2023-07-25T01:42:46,36.81439,-121.96856,5.1,342.8,342.0,LISA MARIE,IMO9138018,WDG6267,30,0,23,7,,30,A
367561000,2023-07-25T01:43:56,36.81596,-121.96925,5.2,334.3,341.0,LISA MARIE,IMO9138018,WDG6267,30,0,23,7,,30,A
367561000,2023-07-25T11:31:28,36.81565,-121.97835,6.2,171.4,180.0,LISA MARIE,IMO9138018,WDG6267,30,0,23,7,,30,A
367561000,2023-07-25T11:32:31,36.81391,-121.97826,6.1,162.1,177.0,LISA MARIE,IMO9138018,WDG6267,30,0,23,7,,30,A
367561000,2023-07-25T11:33:39,36.81198,-121.97814,6.1,172.7,175.0,LISA MARIE,IMO9138018,WDG6267,30,0,23,7,,30,A
367561000,2023-07-25T11:34:41,36.81027,-121.97806,6.2,170.8,173.0,LISA MARIE,IMO9138018,WDG6267,30,0,23,7,,30,A
367561000,2023-07-25T11:35:48,36.80839,-121.97795,6.0,175.7,173.0,LISA MARIE,IMO9138018,WDG6267,30,0,23,7,,30,A
367561000,2023-07-25T11:36:58,36.80640,-121.97780,5.9,181.2,177.0,LISA MARIE,IMO9138018,WDG6267,30,0,23,7,,30,A
367561000,2023-07-25T11:38:09,36.80446,-121.97764,6.0,176.2,177.0,LISA MARIE,IMO9138018,WDG6267,30,0,23,7,,30,A
367561000,2023-07-25T12:53:39,36.80539,-121.96997,6.1,3.1,356.0,LISA MARIE,IMO9138018,WDG6267,30,0,23,7,,30,A
367561000,2023-07-25T12:54:48,36.80734,-121.96997,6.1,358.4,352.0,LISA MARIE,IMO9138018,WDG6267,30,0,23,7,,30,A
367561000,2023-07-25T12:55:58,36.80936,-121.97001,6.2,2.2,354.0,LISA MARIE,IMO9138018,WDG6267,30,0,23,7,,30,A
367561000,2023-07-25T12:57:08,36.81136,-121.97003,6.1,2.8,356.0,LISA MARIE,IMO9138018,WDG6267,30,0,23,7,,30,A
367561000,2023-07-25T12:58:19,36.81338,-121.97005,6.3,359.8,358.0,LISA MARIE,IMO9138018,WDG6267,30,0,23,7,,30,A
367561000,2023-07-25T12:59:29,36.81535,-121.97007,5.9,3.2,358.0,LISA MARIE,IMO9138018,WDG6267,30,0,23,7,,30,A
367561000,2023-07-25T01:19:03,36.78047,-121.96639,5.7,22.2,10.0,LISA MARIE,IMO9138018,WDG6267,30,0,23,7,,30,A
367561000,2023-07-25T01:20:06,36.78209,-121.96595,5.4,9.4,6.0,LISA MARIE,IMO9138018,WDG6267,30,0,23,7,,30,A
367561000,2023-07-25T01:21:09,36.78370,-121.96555,5.1,1.6,3.0,LISA MARIE,IMO9138018,WDG6267,30,0,23,7,,30,A
367561000,2023-07-25T01:22:12,36.78527,-121.96506,5.5,13.0,8.0,LISA MARIE,IMO9138018,WDG6267,30,0,23,7,,30,A
367561000,2023-07-25T01:23:17,36.78692,-121.96463,5.5,11.4,10.0,LISA MARIE,IMO9138018,WDG6267,30,0,23,7,,30,A
367561000,2023-07-25T01:24:26,36.78867,-121.96410,5.6,13.5,9.0,LISA MARIE,IMO9138018,WDG6267,30,0,23,7,,30,A
367561000,2023-07-25T01:25:36,36.79049,-121.96352,5.8,18.4,8.0,LISA MARIE,IMO9138018,WDG6267,30,0,23,7,,30,A
367561000,2023-07-25T01:26:39,36.79213,-121.96314,5.8,5.1,2.0,LISA MARIE,IMO9138018,WDG6267,30,0,23,7,,30,A
367561000,2023-07-25T01:27:45,36.79384,-121.96290,5.6,9.6,5.0,LISA MARIE,IMO9138018,WDG6267,30,0,23,7,,30,A
367561000,2023-07-25T01:28:56,36.79562,-121.96263,5.4,5.3,6.0,LISA MARIE,IMO9138018,WDG6267,30,0,23,7,,30,A
367561000,2023-07-25T01:30:05,36.79735,-121.96243,5.4,2.9,358.0,LISA MARIE,IMO9138018,WDG6267,30,0,23,7,,30,A
367561000,2023-07-25T01:31:09,36.79882,-121.96267,5.0,358.1,351.0,LISA MARIE,IMO9138018,WDG6267,30,0,23,7,,30,A
367561000,2023-07-25T01:32:16,36.80037,-121.96297,5.1,344.2,345.0,LISA MARIE,IMO9138018,WDG6267,30,0,23,7,,30,A
367561000,2023-07-25T01:33:17,36.80175,-121.96339,5.1,340.4,341.0,LISA MARIE,IMO9138018,WDG6267,30,0,23,7,,30,A
367561000,2023-07-25T01:34:27,36.80324,-121.96403,4.9,340.4,346.0,LISA MARIE,IMO9138018,WDG6267,30,0,23,7,,30,A
367561000,2023-07-25T11:39:18,36.80249,-121.97750,6.1,173.1,174.0,LISA MARIE,IMO9138018,WDG6267,30,0,23,7,,30,A
367561000,2023-07-25T11:40:21,36.80074,-121.97733,5.9,169.5,181.0,LISA MARIE,IMO9138018,WDG6267,30,0,23,7,,30,A
367561000,2023-07-25T11:41:24,36.79903,-121.97710,6.0,180.2,180.0,LISA MARIE,IMO9138018,WDG6267,30,0,23,7,,30,A
367561000,2023-07-25T11:42:28,36.79729,-121.97685,6.1,176.5,173.0,LISA MARIE,IMO9138018,WDG6267,30,0,23,7,,30,A
367561000,2023-07-25T11:43:37,36.79538,-121.97662,6.2,177.6,177.0,LISA MARIE,IMO9138018,WDG6267,30,0,23,7,,30,A
367561000,2023-07-25T11:44:38,36.79369,-121.97638,6.3,174.2,175.0,LISA MARIE,IMO9138018,WDG6267,30,0,23,7,,30,A
367561000,2023-07-25T11:45:48,36.79172,-121.97618,6.1,170.3,175.0,LISA MARIE,IMO9138018,WDG6267,30,0,23,7,,30,A
367561000,2023-07-25T11:46:49,36.79000,-121.97595,6.2,178.6,175.0,LISA MARIE,IMO9138018,WDG6267,30,0,23,7,,30,A
367561000,2023-07-25T11:47:59,36.78808,-121.97574,5.8,168.4,177.0,LISA MARIE,IMO9138018,WDG6267,30,0,23,7,,30,A
367561000,2023-07-25T11:49:08,36.78611,-121.97551,6.2,165.8,174.0,LISA MARIE,IMO9138018,WDG6267,30,0,23,7,,30,A
367561000,2023-07-25T11:50:19,36.78415,-121.97526,6.0,174.5,172.0,LISA MARIE,IMO9138018,WDG6267,30,0,23,7,,30,A
367561000,2023-07-25T11:51:28,36.78221,-121.97501,6.1,177.3,174.0,LISA MARIE,IMO9138018,WDG6267,30,0,23,7,,30,A
367561000,2023-07-25T12:30:59,36.78044,-121.97010,1.0,47.5,197.0,LISA MARIE,IMO9138018,WDG6267,30,0,23,7,,30,A
367561000,2023-07-25T12:32:08,36.78055,-121.96982,1.5,79.5,192.0,LISA MARIE,IMO9138018,WDG6267,30,0,23,7,,30,A
367561000,2023-07-25T12:33:12,36.78065,-121.96961,0.3,18.9,206.0,LISA MARIE,IMO9138018,WDG6267,30,0,23,7,,30,A
367561000,2023-07-25T12:34:19,36.78074,-121.96935,0.7,40.2,203.0,LISA MARIE,IMO9138018,WDG6267,30,0,23,7,,30,A
367561000,2023-07-25T12:35:28,36.78083,-121.96905,1.0,72.5,196.0,LISA MARIE,IMO9138018,WDG6267,30,0,23,7,,30,A
367561000,2023-07-25T12:36:37,36.78094,-121.96880,0.6,58.7,193.0,LISA MARIE,IMO9138018,WDG6267,30,0,23,7,,30,A
367561000,2023-07-25T12:37:38,36.78093,-121.96864,0.4,229.9,228.0,LISA MARIE,IMO9138018,WDG6267,30,0,23,7,,30,A
367561000,2023-07-25T12:38:42,36.78109,-121.96897,3.0,346.8,347.0,LISA MARIE,IMO9138018,WDG6267,30,0,23,7,,30,A
367561000,2023-07-25T12:39:45,36.78237,-121.96920,5.2,347.9,346.0,LISA MARIE,IMO9138018,WDG6267,30,0,23,7,,30,A
367561000,2023-07-25T12:40:48,36.78400,-121.96929,5.4,353.5,351.0,LISA MARIE,IMO9138018,WDG6267,30,0,23,7,,30,A
367561000,2023-07-25T12:41:58,36.78587,-121.96942,5.7,357.6,355.0,LISA MARIE,IMO9138018,WDG6267,30,0,23,7,,30,A
367561000,2023-07-25T12:43:01,36.78756,-121.96952,6.1,3.9,358.0,LISA MARIE,IMO9138018,WDG6267,30,0,23,7,,30,A
367561000,2023-07-25T12:44:08,36.78941,-121.96965,6.1,357.3,355.0,LISA MARIE,IMO9138018,WDG6267,30,0,23,7,,30,A
367561000,2023-07-25T12:45:17,36.79136,-121.96972,6.1,0.4,356.0,LISA MARIE,IMO9138018,WDG6267,30,0,23,7,,30,A
367561000,2023-07-25T12:46:28,36.79332,-121.96980,5.8,1.6,354.0,LISA MARIE,IMO9138018,WDG6267,30,0,23,7,,30,A
367561000,2023-07-25T12:47:37,36.79522,-121.96983,5.8,359.0,355.0,LISA MARIE,IMO9138018,WDG6267,30,0,23,7,,30,A
367561000,2023-07-25T12:48:48,36.79715,-121.96989,6.1,357.1,357.0,LISA MARIE,IMO9138018,WDG6267,30,0,23,7,,30,A
367561000,2023-07-25T12:49:58,36.79915,-121.96988,6.1,2.7,357.0,LISA MARIE,IMO9138018,WDG6267,30,0,23,7,,30,A
367561000,2023-07-25T12:51:17,36.80136,-121.96995,6.3,2.6,357.0,LISA MARIE,IMO9138018,WDG6267,30,0,23,7,,30,A
367561000,2023-07-25T12:52:29,36.80340,-121.96994,6.2,0.3,355.0,LISA MARIE,IMO9138018,WDG6267,30,0,23,7,,30,A
367742810,2023-01-18T17:49:46,36.79752,-121.97038,7.4,263.1,511.0,JOHN H MARTIN,,WDI8855,60,,,,,,B
367742810,2023-01-18T17:51:15,36.79709,-121.97398,7.7,261.9,511.0,JOHN H MARTIN,,WDI8855,60,,,,,,B
367742810,2023-01-18T17:52:16,36.79629,-121.97880,18.9,256.0,511.0,JOHN H MARTIN,,WDI8855,60,,,,,,B
367742810,2023-01-18T17:53:47,36.79455,-121.98840,18.8,259.2,511.0,JOHN H MARTIN,,WDI8855,60,,,,,,B
367742810,2023-01-18T17:43:47,36.79908,-121.95611,6.8,263.3,511.0,JOHN H MARTIN,,WDI8855,60,,,,,,B
367742810,2023-01-18T17:45:15,36.79866,-121.95964,6.9,268.5,511.0,JOHN H MARTIN,,WDI8855,60,,,,,,B
367742810,2023-01-18T17:46:16,36.79838,-121.96206,7.3,260.1,511.0,JOHN H MARTIN,,WDI8855,60,,,,,,B
367742810,2023-01-18T17:48:16,36.79788,-121.96680,6.6,261.0,511.0,JOHN H MARTIN,,WDI8855,60,,,,,,B
367742810,2023-01-25T17:16:40,36.78148,-121.96033,2.6,259.8,511.0,JOHN H MARTIN,,WDI8855,60,,,,,,B
367742810,2023-01-25T17:18:12,36.78134,-121.96150,1.9,251.5,511.0,JOHN H MARTIN,,WDI8855,60,,,,,,B
367742810,2023-01-25T17:19:40,36.78122,-121.96263,1.8,255.2,511.0,JOHN H MARTIN,,WDI8855,60,,,,,,B
367742810,2023-01-25T17:21:09,36.78112,-121.96378,1.3,278.0,511.0,JOHN H MARTIN,,WDI8855,60,,,,,,B
367742810,2023-01-25T17:22:39,36.78099,-121.96496,2.5,262.2,511.0,JOHN H MARTIN,,WDI8855,60,,,,,,B
367742810,2023-01-25T17:24:10,36.78094,-121.96618,1.8,249.5,511.0,JOHN H MARTIN,,WDI8855,60,,,,,,B
367742810,2023-01-25T17:25:41,36.78096,-121.96735,1.8,272.5,511.0,JOHN H MARTIN,,WDI8855,60,,,,,,B
367742810,2023-01-25T17:27:12,36.78102,-121.96852,1.6,271.9,511.0,JOHN H MARTIN,,WDI8855,60,,,,,,B
367742810,2023-01-25T17:28:40,36.78069,-121.97024,3.7,248.5,511.0,JOHN H MARTIN,,WDI8855,60,,,,,,B
367742810,2023-01-25T17:34:12,36.78063,-121.97465,1.4,291.9,511.0,JOHN H MARTIN,,WDI8855,60,,,,,,B
367742810,2023-01-25T17:35:41,36.78089,-121.97543,1.8,274.1,511.0,JOHN H MARTIN,,WDI8855,60,,,,,,B
367742810,2023-01-25T17:37:11,36.78118,-121.97620,1.9,280.1,511.0,JOHN H MARTIN,,WDI8855,60,,,,,,B
367742810,2023-01-25T17:38:41,36.78148,-121.97696,1.4,280.8,511.0,JOHN H MARTIN,,WDI8855,60,,,,,,B
367742810,2023-01-25T17:40:10,36.78180,-121.97771,1.7,304.1,511.0,JOHN H MARTIN,,WDI8855,60,,,,,,B
367742810,2023-01-25T17:41:40,36.78212,-121.97850,2.7,305.6,511.0,JOHN H MARTIN,,WDI8855,60,,,,,,B
367742810,2023-01-25T17:42:42,36.78233,-121.97902,2.8,324.7,511.0,JOHN H MARTIN,,WDI8855,60,,,,,,B
367742810,2023-01-25T17:44:10,36.78266,-121.97979,2.4,317.9,511.0,JOHN H MARTIN,,WDI8855,60,,,,,,B
367742810,2023-01-25T17:45:40,36.78301,-121.98056,1.0,277.1,511.0,JOHN H MARTIN,,WDI8855,60,,,,,,B
367742810,2023-01-25T17:47:10,36.78336,-121.98131,2.2,320.7,511.0,JOHN H MARTIN,,WDI8855,60,,,,,,B
367742810,2023-01-25T17:48:13,36.78359,-121.98185,1.3,286.1,511.0,JOHN H MARTIN,,WDI8855,60,,,,,,B
367742810,2023-01-25T17:50:11,36.78403,-121.98285,1.2,297.0,511.0,JOHN H MARTIN,,WDI8855,60,,,,,,B
367742810,2023-01-25T17:53:11,36.78466,-121.98441,2.0,294.7,511.0,JOHN H MARTIN,,WDI8855,60,,,,,,B
367742810,2023-01-25T17:54:40,36.78497,-121.98520,2.1,272.8,511.0,JOHN H MARTIN,,WDI8855,60,,,,,,B
367742810,2023-01-25T17:56:10,36.78530,-121.98600,2.1,280.2,511.0,JOHN H MARTIN,,WDI8855,60,,,,,,B
367742810,2023-01-25T17:57:40,36.78562,-121.98677,1.9,295.2,511.0,JOHN H MARTIN,,WDI8855,60,,,,,,B
367742810,2023-01-25T17:59:11,36.78595,-121.98759,1.2,320.8,511.0,JOHN H MARTIN,,WDI8855,60,,,,,,B
367742810,2023-01-25T18:00:10,36.78620,-121.98812,2.5,295.0,511.0,JOHN H MARTIN,,WDI8855,60,,,,,,B
367742810,2023-01-25T18:01:41,36.78656,-121.98899,1.9,283.5,511.0,JOHN H MARTIN,,WDI8855,60,,,,,,B
367742810,2023-01-25T18:03:10,36.78691,-121.98984,1.7,312.1,511.0,JOHN H MARTIN,,WDI8855,60,,,,,,B
367742810,2023-01-25T18:05:10,36.78740,-121.99099,2.4,289.5,511.0,JOHN H MARTIN,,WDI8855,60,,,,,,B
367742810,2023-01-25T18:06:40,36.78775,-121.99188,1.5,281.0,511.0,JOHN H MARTIN,,WDI8855,60,,,,,,B
367742810,2023-01-25T18:07:41,36.78799,-121.99246,1.4,302.0,511.0,JOHN H MARTIN,,WDI8855,60,,,,,,B
367742810,2023-01-25T18:09:10,36.78833,-121.99335,2.4,290.9,511.0,JOHN H MARTIN,,WDI8855,60,,,,,,B
367742810,2023-01-25T18:10:40,36.78869,-121.99425,2.3,292.1,511.0,JOHN H MARTIN,,WDI8855,60,,,,,,B
367742810,2023-01-25T18:12:09,36.78904,-121.99516,2.5,293.4,511.0,JOHN H MARTIN,,WDI8855,60,,,,,,B
367742810,2023-01-25T18:13:10,36.78928,-121.99580,1.7,291.2,511.0,JOHN H MARTIN,,WDI8855,60,,,,,,B
367742810,2023-01-25T18:14:40,36.78962,-121.99674,1.9,287.3,511.0,JOHN H MARTIN,,WDI8855,60,,,,,,B
367742810,2023-01-25T18:46:10,36.78051,-121.99699,10.8,139.0,511.0,JOHN H MARTIN,,WDI8855,60,,,,,,B
367742810,2023-01-25T21:28:05,36.78339,-121.99573,17.3,79.0,511.0,JOHN H MARTIN,,WDI8855,60,,,,,,B
367742810,2023-01-25T21:29:06,36.78431,-121.99012,16.7,74.5,511.0,JOHN H MARTIN,,WDI8855,60,,,,,,B
367742810,2023-01-25T21:30:35,36.78553,-121.98153,15.2,82.2,511.0,JOHN H MARTIN,,WDI8855,60,,,,,,B
367742810,2023-01-25T21:32:05,36.78663,-121.97296,15.8,78.2,511.0,JOHN H MARTIN,,WDI8855,60,,,,,,B
367742810,2023-01-25T21:33:06,36.78741,-121.96718,17.5,82.8,511.0,JOHN H MARTIN,,WDI8855,60,,,,,,B
367742810,2023-01-25T17:08:40,36.78274,-121.95431,2.3,236.0,511.0,JOHN H MARTIN,,WDI8855,60,,,,,,B
367742810,2023-01-25T17:10:10,36.78230,-121.95544,2.3,240.6,511.0,JOHN H MARTIN,,WDI8855,60,,,,,,B
367742810,2023-01-25T17:11:40,36.78192,-121.95655,2.3,249.7,511.0,JOHN H MARTIN,,WDI8855,60,,,,,,B
367742810,2023-01-25T17:13:10,36.78176,-121.95768,3.0,265.5,511.0,JOHN H MARTIN,,WDI8855,60,,,,,,B
367742810,2023-01-25T17:14:41,36.78164,-121.95882,2.1,235.4,511.0,JOHN H MARTIN,,WDI8855,60,,,,,,B
367742810,2023-01-25T21:34:35,36.78859,-121.95847,17.2,79.7,511.0,JOHN H MARTIN,,WDI8855,60,,,,,,B
367742810,2023-04-11T18:58:22,36.78366,-121.96916,16.8,28.6,511.0,JOHN H MARTIN,,WDI8855,60,,,,,,B
367742810,2023-04-11T18:59:52,36.78955,-121.96515,16.1,26.4,511.0,JOHN H MARTIN,,WDI8855,60,,,,,,B
367742810,2023-04-11T19:00:20,36.79143,-121.96388,17.1,32.0,511.0,JOHN H MARTIN,,WDI8855,60,,,,,,B
367742810,2023-04-11T19:01:49,36.79716,-121.95981,16.2,23.2,511.0,JOHN H MARTIN,,WDI8855,60,,,,,,B
367742810,2023-04-11T19:03:20,36.80315,-121.95602,16.5,23.1,511.0,JOHN H MARTIN,,WDI8855,60,,,,,,B
367742810,2023-04-19T16:12:48,36.79061,-121.95426,10.4,245.0,511.0,JOHN H MARTIN,,WDI8855,60,,,,,,B
367742810,2023-04-19T16:14:19,36.78854,-121.95921,10.3,241.5,511.0,JOHN H MARTIN,,WDI8855,60,,,,,,B
367742810,2023-04-19T16:15:49,36.78647,-121.96416,10.8,244.9,511.0,JOHN H MARTIN,,WDI8855,60,,,,,,B
367742810,2023-04-19T16:17:21,36.78421,-121.96904,10.5,238.6,511.0,JOHN H MARTIN,,WDI8855,60,,,,,,B
367742810,2023-04-19T16:19:18,36.78120,-121.97536,10.8,243.8,511.0,JOHN H MARTIN,,WDI8855,60,,,,,,B
367742810,2023-04-19T18:28:39,36.78152,-121.99373,12.4,341.3,511.0,JOHN H MARTIN,,WDI8855,60,,,,,,B
367742810,2023-04-19T18:29:43,36.78545,-121.99526,10.9,345.0,511.0,JOHN H MARTIN,,WDI8855,60,,,,,,B
367742810,2023-04-19T18:31:39,36.79135,-121.99751,11.1,343.5,511.0,JOHN H MARTIN,,WDI8855,60,,,,,,B
367742810,2023-04-20T15:56:55,36.79443,-121.95344,3.6,226.6,511.0,JOHN H MARTIN,,WDI8855,60,,,,,,B
367742810,2023-04-20T15:58:23,36.79442,-121.95392,1.5,317.2,511.0,JOHN H MARTIN,,WDI8855,60,,,,,,B
367742810,2023-04-20T15:59:53,36.79448,-121.95403,0.4,323.5,511.0,JOHN H MARTIN,,WDI8855,60,,,,,,B
367742810,2023-04-20T16:00:22,36.79449,-121.95404,0.7,283.6,511.0,JOHN H MARTIN,,WDI8855,60,,,,,,B
367742810,2023-04-20T16:02:24,36.79456,-121.95466,0.7,276.6,511.0,JOHN H MARTIN,,WDI8855,60,,,,,,B
367742810,2023-04-20T16:03:53,36.79460,-121.95485,0.1,333.5,511.0,JOHN H MARTIN,,WDI8855,60,,,,,,B
367742810,2023-04-20T16:05:23,36.79468,-121.95508,1.4,198.5,511.0,JOHN H MARTIN,,WDI8855,60,,,,,,B
367742810,2023-04-20T16:09:48,36.79491,-121.95568,1.0,292.7,511.0,JOHN H MARTIN,,WDI8855,60,,,,,,B
367742810,2023-04-20T16:10:49,36.79496,-121.95577,0.2,345.3,511.0,JOHN H MARTIN,,WDI8855,60,,,,,,B
367742810,2023-04-20T16:12:19,36.79500,-121.95588,0.4,325.6,511.0,JOHN H MARTIN,,WDI8855,60,,,,,,B
367742810,2023-04-20T16:13:49,36.79510,-121.95621,0.7,285.0,511.0,JOHN H MARTIN,,WDI8855,60,,,,,,B
367742810,2023-04-20T16:15:18,36.79521,-121.95651,0.5,312.6,511.0,JOHN H MARTIN,,WDI8855,60,,,,,,B
367742810,2023-04-20T16:16:48,36.79529,-121.95671,0.8,1.8,511.0,JOHN H MARTIN,,WDI8855,60,,,,,,B
367742810,2023-04-20T16:18:14,36.79528,-121.95637,4.0,106.2,511.0,JOHN H MARTIN,,WDI8855,60,,,,,,B
367742810,2023-04-20T16:20:14,36.79489,-121.95429,2.7,88.6,511.0,JOHN H MARTIN,,WDI8855,60,,,,,,B
367742810,2023-04-20T16:21:15,36.79481,-121.95365,2.0,109.1,511.0,JOHN H MARTIN,,WDI8855,60,,,,,,B
367742810,2023-04-20T16:56:36,36.78919,-121.95402,8.7,239.0,511.0,JOHN H MARTIN,,WDI8855,60,,,,,,B
367742810,2023-04-20T16:58:04,36.78737,-121.95798,8.9,208.6,511.0,JOHN H MARTIN,,WDI8855,60,,,,,,B
367742810,2023-04-20T16:59:35,36.78647,-121.95983,4.5,296.7,511.0,JOHN H MARTIN,,WDI8855,60,,,,,,B
367742810,2023-04-20T17:00:04,36.78680,-121.96089,8.5,284.0,511.0,JOHN H MARTIN,,WDI8855,60,,,,,,B
367742810,2023-04-20T17:01:35,36.78591,-121.96472,8.6,220.2,511.0,JOHN H MARTIN,,WDI8855,60,,,,,,B
367742810,2023-04-20T17:03:06,36.78319,-121.96796,9.8,242.0,511.0,JOHN H MARTIN,,WDI8855,60,,,,,,B
367742810,2023-04-20T17:05:06,36.78066,-121.97342,10.1,242.7,511.0,JOHN H MARTIN,,WDI8855,60,,,,,,B
367742810,2023-05-25T18:25:55,36.81587,-121.99229,7.2,191.3,511.0,JOHN H MARTIN,,WDI8855,60,,,,,,B
367742810,2023-05-25T18:27:26,36.81294,-121.99307,6.8,190.5,511.0,JOHN H MARTIN,,WDI8855,60,,,,,,B
367742810,2023-05-25T18:28:54,36.81018,-121.99388,6.9,195.2,511.0,JOHN H MARTIN,,WDI8855,60,,,,,,B
367742810,2023-05-25T18:30:22,36.80745,-121.99475,6.3,195.6,511.0,JOHN H MARTIN,,WDI8855,60,,,,,,B
367742810,2023-05-25T18:31:53,36.80463,-121.99551,6.5,193.2,511.0,JOHN H MARTIN,,WDI8855,60,,,,,,B
367742810,2023-05-25T18:33:23,36.80182,-121.99629,6.8,193.7,511.0,JOHN H MARTIN,,WDI8855,60,,,,,,B
367742810,2023-05-25T18:34:53,36.79895,-121.99708,7.3,199.6,511.0,JOHN H MARTIN,,WDI8855,60,,,,,,B
367742810,2023-05-25T18:36:23,36.79609,-121.99784,6.6,194.6,511.0,JOHN H MARTIN,,WDI8855,60,,,,,,B
367742810,2023-05-25T18:44:55,36.78233,-121.99809,7.1,78.0,511.0,JOHN H MARTIN,,WDI8855,60,,,,,,B
367742810,2023-05-25T18:45:56,36.78280,-121.99560,6.9,78.4,511.0,JOHN H MARTIN,,WDI8855,60,,,,,,B
367742810,2023-05-25T18:47:23,36.78345,-121.99195,7.6,81.2,511.0,JOHN H MARTIN,,WDI8855,60,,,,,,B
367742810,2023-05-25T18:48:54,36.78406,-121.98814,6.5,75.1,511.0,JOHN H MARTIN,,WDI8855,60,,,,,,B
367742810,2023-05-25T18:50:23,36.78485,-121.98460,7.8,77.0,511.0,JOHN H MARTIN,,WDI8855,60,,,,,,B
367742810,2023-05-25T18:52:22,36.78590,-121.97923,9.3,78.7,511.0,JOHN H MARTIN,,WDI8855,60,,,,,,B
367742810,2023-05-25T18:53:23,36.78634,-121.97623,7.9,78.4,511.0,JOHN H MARTIN,,WDI8855,60,,,,,,B
367742810,2023-05-25T18:55:23,36.78729,-121.97085,7.7,77.2,511.0,JOHN H MARTIN,,WDI8855,60,,,,,,B
367742810,2023-05-25T18:56:53,36.78823,-121.96695,7.9,72.0,511.0,JOHN H MARTIN,,WDI8855,60,,,,,,B
367742810,2023-05-25T18:58:22,36.78887,-121.96305,7.2,74.8,511.0,JOHN H MARTIN,,WDI8855,60,,,,,,B
367742810,2023-05-25T18:59:23,36.78917,-121.96043,7.2,83.1,511.0,JOHN H MARTIN,,WDI8855,60,,,,,,B
367742810,2023-05-25T19:00:22,36.78938,-121.95784,7.0,84.8,511.0,JOHN H MARTIN,,WDI8855,60,,,,,,B
338397709,2023-04-29T21:09:03,36.79913,-121.95593,9.1,251.4,511.0,ALLY MICHELLE,,,37,,12,5,,,B
338397709,2023-04-29T21:11:03,36.79929,-121.96176,8.9,293.9,511.0,ALLY MICHELLE,,,37,,12,5,,,B
338397709,2023-04-29T21:12:34,36.80010,-121.96632,9.0,268.1,511.0,ALLY MICHELLE,,,37,,12,5,,,B
338397709,2023-04-29T21:14:03,36.80140,-121.97056,9.0,281.5,511.0,ALLY MICHELLE,,,37,,12,5,,,B
338397709,2023-04-29T21:15:29,36.80210,-121.97498,8.9,278.6,511.0,ALLY MICHELLE,,,37,,12,5,,,B
338397709,2023-04-29T21:17:03,36.80432,-121.97881,8.9,306.1,511.0,ALLY MICHELLE,,,37,,12,5,,,B
338397709,2023-04-29T21:18:29,36.80647,-121.98236,8.7,316.9,511.0,ALLY MICHELLE,,,37,,12,5,,,B
338397709,2023-04-29T21:20:03,36.81001,-121.98278,8.8,44.3,511.0,ALLY MICHELLE,,,37,,12,5,,,B
338397709,2023-04-29T21:22:03,36.80869,-121.97673,9.0,108.2,511.0,ALLY MICHELLE,,,37,,12,5,,,B
338397709,2023-04-29T21:24:03,36.80713,-121.97045,9.5,98.6,511.0,ALLY MICHELLE,,,37,,12,5,,,B
338397709,2023-04-29T21:25:33,36.80678,-121.96554,9.8,95.7,511.0,ALLY MICHELLE,,,37,,12,5,,,B
338397709,2023-04-29T21:27:02,36.80648,-121.96068,9.4,96.0,511.0,ALLY MICHELLE,,,37,,12,5,,,B
338397709,2023-04-29T21:28:34,36.80623,-121.95572,9.5,94.8,511.0,ALLY MICHELLE,,,37,,12,5,,,B
368200510,2023-05-29T18:47:57,36.81474,-121.97694,5.8,173.7,511.0,LORRAINE MARIE,,WDM3792,36,,13,4,,,B
368200510,2023-05-29T18:48:58,36.81300,-121.97686,6.0,172.4,511.0,LORRAINE MARIE,,WDM3792,36,,13,4,,,B
368200510,2023-05-29T18:50:27,36.81057,-121.97673,6.6,172.5,511.0,LORRAINE MARIE,,WDM3792,36,,13,4,,,B
368200510,2023-05-29T18:51:57,36.80808,-121.97664,6.3,175.6,511.0,LORRAINE MARIE,,WDM3792,36,,13,4,,,B
368200510,2023-05-29T18:53:27,36.80558,-121.97649,6.9,181.7,511.0,LORRAINE MARIE,,WDM3792,36,,13,4,,,B
368200510,2023-05-29T18:54:28,36.80387,-121.97642,5.9,178.1,511.0,LORRAINE MARIE,,WDM3792,36,,13,4,,,B
368200510,2023-05-29T18:55:57,36.80145,-121.97627,6.1,180.8,511.0,LORRAINE MARIE,,WDM3792,36,,13,4,,,B
368200510,2023-05-29T18:56:58,36.79975,-121.97617,6.2,183.1,511.0,LORRAINE MARIE,,WDM3792,36,,13,4,,,B
368200510,2023-05-29T18:58:00,36.79801,-121.97608,6.4,178.3,511.0,LORRAINE MARIE,,WDM3792,36,,13,4,,,B
368200510,2023-05-29T18:59:27,36.79561,-121.97598,5.8,183.7,511.0,LORRAINE MARIE,,WDM3792,36,,13,4,,,B
368200510,2023-05-29T19:00:27,36.79393,-121.97591,6.2,174.7,511.0,LORRAINE MARIE,,WDM3792,36,,13,4,,,B
368200510,2023-05-29T19:02:41,36.79018,-121.97574,6.1,176.0,511.0,LORRAINE MARIE,,WDM3792,36,,13,4,,,B
368200510,2023-05-29T19:03:43,36.78851,-121.97564,5.8,178.0,511.0,LORRAINE MARIE,,WDM3792,36,,13,4,,,B
368200510,2023-05-29T19:05:11,36.78605,-121.97553,5.9,179.5,511.0,LORRAINE MARIE,,WDM3792,36,,13,4,,,B
368200510,2023-05-29T19:06:42,36.78357,-121.97543,6.0,177.6,511.0,LORRAINE MARIE,,WDM3792,36,,13,4,,,B
368200510,2023-05-29T19:08:12,36.78115,-121.97551,5.7,187.3,511.0,LORRAINE MARIE,,WDM3792,36,,13,4,,,B
368136440,2023-06-26T20:09:25,36.78756,-121.99756,4.5,147.5,166.0,CONSTELLATION,,WDL4949,36,,14,4,,,B
368136440,2023-06-26T20:10:26,36.78654,-121.99692,4.3,143.2,162.0,CONSTELLATION,,WDL4949,36,,14,4,,,B
368136440,2023-06-26T20:11:27,36.78542,-121.99627,4.7,148.4,143.0,CONSTELLATION,,WDL4949,36,,14,4,,,B
368136440,2023-06-26T20:12:56,36.78393,-121.99535,3.8,151.3,144.0,CONSTELLATION,,WDL4949,36,,14,4,,,B
368136440,2023-06-26T20:14:26,36.78212,-121.99411,5.3,149.2,139.0,CONSTELLATION,,WDL4949,36,,14,4,,,B
368257710,2023-07-20T19:42:11,36.81619,-121.95475,7.4,168.3,166.0,TANGO,,,37,,22,6,,,B
368257710,2023-07-20T19:44:13,36.81215,-121.95356,7.0,165.5,166.0,TANGO,,,37,,22,6,,,B
368257710,2023-07-20T19:43:12,36.81414,-121.95423,7.0,168.4,166.0,TANGO,,,37,,22,6,,,B
338186132,2023-01-17T20:15:04,36.79390,-121.95879,5.3,157.3,511.0,PARAGON,,,90,,9,,,,B
338186132,2023-01-17T20:16:32,36.79217,-121.95800,4.8,131.0,511.0,PARAGON,,,90,,9,,,,B
338186132,2023-01-17T20:18:04,36.79058,-121.95662,4.1,179.2,511.0,PARAGON,,,90,,9,,,,B
338186132,2023-01-17T20:19:32,36.78889,-121.95617,4.7,160.2,511.0,PARAGON,,,90,,9,,,,B
338186132,2023-01-17T20:21:04,36.78708,-121.95631,4.9,159.8,511.0,PARAGON,,,90,,9,,,,B
338186132,2023-01-17T20:22:34,36.78536,-121.95570,4.9,170.1,511.0,PARAGON,,,90,,9,,,,B
338186132,2023-01-17T20:24:01,36.78360,-121.95518,4.2,160.9,511.0,PARAGON,,,90,,9,,,,B
338186132,2023-01-17T20:25:34,36.78190,-121.95456,4.8,218.2,511.0,PARAGON,,,90,,9,,,,B
338186132,2023-01-17T19:10:58,36.81218,-121.95737,5.7,277.1,511.0,PARAGON,,,90,,9,,,,B
338186132,2023-01-17T19:12:13,36.81247,-121.95845,1.9,48.8,511.0,PARAGON,,,90,,9,,,,B
338186132,2023-01-17T19:13:28,36.81269,-121.95831,0.9,56.8,511.0,PARAGON,,,90,,9,,,,B
338186132,2023-01-17T19:16:43,36.81224,-121.95777,2.1,161.6,511.0,PARAGON,,,90,,9,,,,B
338186132,2023-01-17T19:18:14,36.81061,-121.95784,3.9,185.1,511.0,PARAGON,,,90,,9,,,,B
338186132,2023-01-17T19:19:43,36.80897,-121.95845,5.1,224.0,511.0,PARAGON,,,90,,9,,,,B
338186132,2023-01-17T19:21:14,36.80720,-121.95890,4.6,172.7,511.0,PARAGON,,,90,,9,,,,B
338186132,2023-01-17T19:22:46,36.80593,-121.95972,4.3,283.3,511.0,PARAGON,,,90,,9,,,,B
338186132,2023-01-17T19:24:14,36.80644,-121.96194,4.0,293.3,511.0,PARAGON,,,90,,9,,,,B
338186132,2023-01-17T19:25:15,36.80683,-121.96342,4.8,290.1,511.0,PARAGON,,,90,,9,,,,B
338186132,2023-01-17T19:26:41,36.80738,-121.96547,3.2,298.2,511.0,PARAGON,,,90,,9,,,,B
338186132,2023-01-17T19:28:41,36.80759,-121.96550,6.4,110.2,511.0,PARAGON,,,90,,9,,,,B
338186132,2023-01-17T19:31:17,36.80654,-121.96152,5.9,109.7,511.0,PARAGON,,,90,,9,,,,B
338186132,2023-01-17T19:32:49,36.80586,-121.95924,5.5,107.4,511.0,PARAGON,,,90,,9,,,,B
338186132,2023-01-17T19:34:17,36.80526,-121.95697,5.2,95.7,511.0,PARAGON,,,90,,9,,,,B
338186132,2023-01-17T19:37:51,36.80540,-121.95555,1.4,101.1,511.0,PARAGON,,,90,,9,,,,B
338186132,2023-01-17T19:40:32,36.80552,-121.95667,5.2,249.6,511.0,PARAGON,,,90,,9,,,,B
338186132,2023-01-17T19:42:32,36.80662,-121.95920,5.2,335.9,511.0,PARAGON,,,90,,9,,,,B
338186132,2023-01-17T19:44:03,36.80723,-121.96072,3.3,295.9,511.0,PARAGON,,,90,,9,,,,B
338186132,2023-01-17T19:45:32,36.80857,-121.96248,3.5,317.1,511.0,PARAGON,,,90,,9,,,,B
338186132,2023-01-17T19:47:01,36.80967,-121.96422,5.1,347.8,511.0,PARAGON,,,90,,9,,,,B
338186132,2023-01-17T19:50:01,36.81285,-121.96663,3.5,317.2,511.0,PARAGON,,,90,,9,,,,B
338186132,2023-01-17T19:51:30,36.81429,-121.96588,4.2,56.1,511.0,PARAGON,,,90,,9,,,,B
338186132,2023-01-17T19:52:59,36.81618,-121.96506,5.0,28.7,511.0,PARAGON,,,90,,9,,,,B
338186132,2023-01-17T19:54:29,36.81618,-121.96284,3.7,103.6,511.0,PARAGON,,,90,,9,,,,B
338186132,2023-01-17T19:56:29,36.81481,-121.96071,3.0,126.5,511.0,PARAGON,,,90,,9,,,,B
338186132,2023-01-17T19:59:29,36.81228,-121.95888,4.4,179.4,511.0,PARAGON,,,90,,9,,,,B
338186132,2023-01-17T20:01:29,36.81020,-121.96014,4.4,214.0,511.0,PARAGON,,,90,,9,,,,B
338186132,2023-01-17T20:03:04,36.80831,-121.96053,5.0,193.1,511.0,PARAGON,,,90,,9,,,,B
338186132,2023-01-17T20:04:34,36.80641,-121.96047,4.6,172.3,511.0,PARAGON,,,90,,9,,,,B
338186132,2023-01-17T20:06:04,36.80452,-121.96046,5.7,166.6,511.0,PARAGON,,,90,,9,,,,B
338186132,2023-01-17T20:07:34,36.80262,-121.95997,4.9,163.5,511.0,PARAGON,,,90,,9,,,,B
338186132,2023-01-17T20:09:04,36.80073,-121.95990,4.0,159.7,511.0,PARAGON,,,90,,9,,,,B
338186132,2023-01-17T20:10:32,36.79912,-121.95981,4.6,200.8,511.0,PARAGON,,,90,,9,,,,B
338186132,2023-01-17T20:12:04,36.79742,-121.95868,4.8,148.4,511.0,PARAGON,,,90,,9,,,,B
338186132,2023-01-17T20:13:32,36.79577,-121.95834,4.5,203.8,511.0,PARAGON,,,90,,9,,,,B
338186132,2023-03-17T17:50:50,36.78844,-121.95685,4.6,164.2,511.0,PARAGON,,,90,,9,,,,B
338186132,2023-03-17T17:52:50,36.78606,-121.95626,4.5,171.6,511.0,PARAGON,,,90,,9,,,,B
338186132,2023-03-17T17:54:25,36.78417,-121.95576,4.3,159.3,511.0,PARAGON,,,90,,9,,,,B
338186132,2023-03-17T17:55:55,36.78239,-121.95523,4.4,170.7,511.0,PARAGON,,,90,,9,,,,B
338186132,2023-03-17T17:57:25,36.78055,-121.95472,4.7,163.6,511.0,PARAGON,,,90,,9,,,,B
338186132,2023-03-17T17:04:24,36.81245,-121.95443,19.0,272.9,511.0,PARAGON,,,90,,9,,,,B
338186132,2023-03-17T17:05:37,36.81262,-121.95793,2.1,266.7,511.0,PARAGON,,,90,,9,,,,B
338186132,2023-03-17T17:06:52,36.81271,-121.95846,0.8,273.8,511.0,PARAGON,,,90,,9,,,,B
338186132,2023-03-17T17:08:23,36.81280,-121.95884,0.4,275.9,511.0,PARAGON,,,90,,9,,,,B
338186132,2023-03-17T17:10:55,36.81301,-121.95938,1.2,301.9,511.0,PARAGON,,,90,,9,,,,B
338186132,2023-03-17T17:13:52,36.81352,-121.96304,4.3,277.8,511.0,PARAGON,,,90,,9,,,,B
338186132,2023-03-17T17:15:24,36.81381,-121.96539,4.5,281.4,511.0,PARAGON,,,90,,9,,,,B
338186132,2023-03-17T17:16:52,36.81420,-121.96761,4.7,279.7,511.0,PARAGON,,,90,,9,,,,B
338186132,2023-03-17T17:18:24,36.81449,-121.96993,4.4,302.9,511.0,PARAGON,,,90,,9,,,,B
338186132,2023-03-17T17:19:52,36.81591,-121.96932,4.9,55.4,511.0,PARAGON,,,90,,9,,,,B
338186132,2023-03-17T17:27:22,36.81530,-121.96402,4.2,157.1,511.0,PARAGON,,,90,,9,,,,B
338186132,2023-03-17T17:28:50,36.81364,-121.96362,4.2,166.5,511.0,PARAGON,,,90,,9,,,,B
338186132,2023-03-17T17:30:22,36.81190,-121.96316,4.4,166.6,511.0,PARAGON,,,90,,9,,,,B
338186132,2023-03-17T17:31:51,36.81023,-121.96275,4.1,179.3,511.0,PARAGON,,,90,,9,,,,B
338186132,2023-03-17T17:33:22,36.80854,-121.96234,3.9,166.2,511.0,PARAGON,,,90,,9,,,,B
338186132,2023-03-17T17:34:52,36.80686,-121.96172,3.9,172.8,511.0,PARAGON,,,90,,9,,,,B
338186132,2023-03-17T17:36:19,36.80521,-121.96123,4.4,162.6,511.0,PARAGON,,,90,,9,,,,B
338186132,2023-03-17T17:40:19,36.80066,-121.96011,4.0,168.7,511.0,PARAGON,,,90,,9,,,,B
338186132,2023-03-17T17:41:55,36.79881,-121.95959,4.9,165.9,511.0,PARAGON,,,90,,9,,,,B
338186132,2023-03-17T17:37:52,36.80345,-121.96081,4.3,161.5,511.0,PARAGON,,,90,,9,,,,B
338186132,2023-03-17T17:38:55,36.80223,-121.96052,4.2,153.8,511.0,PARAGON,,,90,,9,,,,B
338186132,2023-03-17T17:43:19,36.79721,-121.95910,4.4,172.1,511.0,PARAGON,,,90,,9,,,,B
338186132,2023-03-17T17:44:23,36.79596,-121.95882,3.9,170.6,511.0,PARAGON,,,90,,9,,,,B
338186132,2023-03-17T17:45:55,36.79417,-121.95844,4.1,184.5,511.0,PARAGON,,,90,,9,,,,B
338186132,2023-03-17T17:47:23,36.79246,-121.95798,4.8,179.3,511.0,PARAGON,,,90,,9,,,,B
338186132,2023-03-17T17:48:50,36.79079,-121.95743,4.3,171.9,511.0,PARAGON,,,90,,9,,,,B
338186132,2023-04-19T16:42:11,36.81272,-121.95795,8.1,13.3,511.0,PARAGON,,,90,,9,,,,B
338186132,2023-04-19T16:43:24,36.81225,-121.95689,1.4,100.9,511.0,PARAGON,,,90,,9,,,,B
338186132,2023-04-19T16:44:53,36.81225,-121.95641,1.0,81.3,511.0,PARAGON,,,90,,9,,,,B
338186132,2023-04-19T16:48:26,36.81221,-121.95729,3.9,263.1,511.0,PARAGON,,,90,,9,,,,B
338186132,2023-04-19T16:49:58,36.81226,-121.95944,4.2,269.4,511.0,PARAGON,,,90,,9,,,,B
338186132,2023-04-19T16:51:26,36.81228,-121.96157,3.7,273.3,511.0,PARAGON,,,90,,9,,,,B
338186132,2023-04-19T16:52:58,36.81240,-121.96377,3.7,273.6,511.0,PARAGON,,,90,,9,,,,B
338186132,2023-04-19T16:54:26,36.81241,-121.96587,3.9,271.4,511.0,PARAGON,,,90,,9,,,,B
338186132,2023-04-19T16:55:56,36.81255,-121.96806,4.5,277.6,511.0,PARAGON,,,90,,9,,,,B
338186132,2023-04-19T16:57:26,36.81323,-121.96740,4.9,76.1,511.0,PARAGON,,,90,,9,,,,B
338186132,2023-04-19T16:58:56,36.81445,-121.96539,4.5,34.3,511.0,PARAGON,,,90,,9,,,,B
338186132,2023-04-19T17:00:28,36.81577,-121.96341,5.0,74.8,511.0,PARAGON,,,90,,9,,,,B
338186132,2023-04-19T17:01:54,36.81424,-121.96300,4.1,163.9,511.0,PARAGON,,,90,,9,,,,B
338186132,2023-04-19T17:03:28,36.81233,-121.96242,4.9,161.7,511.0,PARAGON,,,90,,9,,,,B
338186132,2023-04-19T17:04:54,36.81056,-121.96197,4.6,168.3,511.0,PARAGON,,,90,,9,,,,B
338186132,2023-04-19T17:06:28,36.80863,-121.96140,4.5,161.9,511.0,PARAGON,,,90,,9,,,,B
338186132,2023-04-19T17:07:54,36.80688,-121.96093,4.5,161.0,511.0,PARAGON,,,90,,9,,,,B
338186132,2023-04-19T17:09:29,36.80495,-121.96047,4.3,167.1,511.0,PARAGON,,,90,,9,,,,B
338186132,2023-04-19T17:10:54,36.80329,-121.96003,4.5,167.8,511.0,PARAGON,,,90,,9,,,,B
338186132,2023-04-19T17:12:29,36.80140,-121.95953,4.4,168.7,511.0,PARAGON,,,90,,9,,,,B
338186132,2023-04-19T17:13:58,36.79965,-121.95897,4.0,168.2,511.0,PARAGON,,,90,,9,,,,B
338186132,2023-04-19T17:14:59,36.79845,-121.95874,4.7,170.6,511.0,PARAGON,,,90,,9,,,,B
338186132,2023-04-19T17:16:26,36.79669,-121.95828,4.6,166.3,511.0,PARAGON,,,90,,9,,,,B
338186132,2023-04-19T17:17:59,36.79488,-121.95784,4.2,157.3,511.0,PARAGON,,,90,,9,,,,B
338186132,2023-04-19T17:19:27,36.79313,-121.95731,4.5,163.1,511.0,PARAGON,,,90,,9,,,,B
338186132,2023-04-19T17:20:56,36.79137,-121.95688,4.4,164.5,511.0,PARAGON,,,90,,9,,,,B
338186132,2023-04-19T17:22:27,36.78958,-121.95628,4.4,168.6,511.0,PARAGON,,,90,,9,,,,B
338186132,2023-04-19T17:23:29,36.78830,-121.95602,4.8,161.7,511.0,PARAGON,,,90,,9,,,,B
338186132,2023-04-19T17:24:57,36.78657,-121.95552,4.0,163.8,511.0,PARAGON,,,90,,9,,,,B
338186132,2023-04-19T17:26:29,36.78470,-121.95506,4.8,158.2,511.0,PARAGON,,,90,,9,,,,B
338186132,2023-04-19T17:27:57,36.78294,-121.95462,4.3,163.8,511.0,PARAGON,,,90,,9,,,,B
338186132,2023-04-19T17:29:29,36.78104,-121.95412,4.7,164.3,511.0,PARAGON,,,90,,9,,,,B
338186132,2023-04-19T18:44:31,36.78096,-121.95399,3.1,76.3,511.0,PARAGON,,,90,,9,,,,B
338186132,2023-04-19T18:45:34,36.78091,-121.95340,1.7,96.3,511.0,PARAGON,,,90,,9,,,,B
338186132,2023-05-18T19:36:09,36.81005,-121.98723,19.5,177.6,511.0,PARAGON,,,90,,9,,,,B
338186132,2023-05-18T19:37:14,36.80474,-121.98875,12.9,214.0,511.0,PARAGON,,,90,,9,,,,B
338186132,2023-05-18T19:38:19,36.80146,-121.99207,14.0,209.8,511.0,PARAGON,,,90,,9,,,,B
338186132,2023-05-18T19:39:29,36.79741,-121.99505,16.7,210.8,511.0,PARAGON,,,90,,9,,,,B
338186132,2023-05-26T16:32:15,36.81275,-121.95559,17.5,275.4,511.0,PARAGON,,,90,,9,,,,B
338186132,2023-05-26T16:33:32,36.81286,-121.95791,1.5,347.8,511.0,PARAGON,,,90,,9,,,,B
338186132,2023-05-26T16:35:01,36.81332,-121.95786,1.0,10.6,511.0,PARAGON,,,90,,9,,,,B
338186132,2023-05-26T16:38:33,36.81426,-121.95747,1.3,30.2,511.0,PARAGON,,,90,,9,,,,B
338186132,2023-05-26T16:41:41,36.81494,-121.96058,4.5,277.9,511.0,PARAGON,,,90,,9,,,,B
338186132,2023-05-26T16:43:13,36.81516,-121.96290,4.5,285.8,511.0,PARAGON,,,90,,9,,,,B
338186132,2023-05-26T16:44:41,36.81538,-121.96521,4.5,275.1,511.0,PARAGON,,,90,,9,,,,B
338186132,2023-05-26T16:46:10,36.81547,-121.96756,4.6,288.8,511.0,PARAGON,,,90,,9,,,,B
338186132,2023-05-26T16:54:14,36.81606,-121.96211,4.4,162.8,511.0,PARAGON,,,90,,9,,,,B
338186132,2023-05-26T16:55:42,36.81424,-121.96156,4.5,167.7,511.0,PARAGON,,,90,,9,,,,B
338186132,2023-05-26T16:57:14,36.81239,-121.96095,4.4,163.4,511.0,PARAGON,,,90,,9,,,,B
338186132,2023-05-26T16:58:41,36.81055,-121.96053,4.6,175.5,511.0,PARAGON,,,90,,9,,,,B
338186132,2023-05-26T17:00:14,36.80858,-121.96000,4.8,161.4,511.0,PARAGON,,,90,,9,,,,B
338186132,2023-05-26T17:01:41,36.80677,-121.95939,4.5,170.0,511.0,PARAGON,,,90,,9,,,,B
338186132,2023-05-26T17:03:14,36.80481,-121.95897,4.2,170.1,511.0,PARAGON,,,90,,9,,,,B
338186132,2023-05-26T17:04:41,36.80300,-121.95862,4.6,163.6,511.0,PARAGON,,,90,,9,,,,B
338186132,2023-05-26T17:06:11,36.80106,-121.95807,4.5,171.3,511.0,PARAGON,,,90,,9,,,,B
338186132,2023-05-26T17:07:41,36.79913,-121.95764,4.9,163.7,511.0,PARAGON,,,90,,9,,,,B
338186132,2023-05-26T17:09:11,36.79723,-121.95698,4.7,165.0,511.0,PARAGON,,,90,,9,,,,B
338186132,2023-05-26T17:10:44,36.79524,-121.95647,4.9,163.5,511.0,PARAGON,,,90,,9,,,,B
338186132,2023-05-26T17:12:44,36.79262,-121.95597,4.5,170.0,511.0,PARAGON,,,90,,9,,,,B
338186132,2023-05-26T17:14:44,36.79001,-121.95528,4.9,169.5,511.0,PARAGON,,,90,,9,,,,B
338186132,2023-05-26T17:16:08,36.78817,-121.95464,4.7,167.6,511.0,PARAGON,,,90,,9,,,,B
338186132,2023-05-26T17:17:43,36.78605,-121.95425,5.0,173.7,511.0,PARAGON,,,90,,9,,,,B
338186132,2023-05-26T17:19:08,36.78417,-121.95376,4.6,177.7,511.0,PARAGON,,,90,,9,,,,B
338186132,2023-05-26T17:20:12,36.78273,-121.95345,4.9,166.6,511.0,PARAGON,,,90,,9,,,,B
338186132,2023-05-26T18:20:03,36.78121,-121.95366,3.2,97.8,511.0,PARAGON,,,90,,9,,,,B
338186132,2023-07-13T17:02:03,36.81602,-121.96846,5.2,52.3,511.0,PARAGON,,,90,,9,,,,B
338186132,2023-07-13T17:06:04,36.81620,-121.96410,4.6,165.6,511.0,PARAGON,,,90,,9,,,,B
338186132,2023-07-13T17:19:03,36.79974,-121.95910,4.7,167.7,511.0,PARAGON,,,90,,9,,,,B
338186132,2023-07-13T17:20:36,36.79783,-121.95844,4.4,177.0,511.0,PARAGON,,,90,,9,,,,B
338186132,2023-07-13T17:22:03,36.79594,-121.95801,4.7,173.9,511.0,PARAGON,,,90,,9,,,,B
338186132,2023-07-13T17:23:05,36.79464,-121.95761,4.9,158.5,511.0,PARAGON,,,90,,9,,,,B
338186132,2023-07-13T17:24:36,36.79272,-121.95689,5.1,160.4,511.0,PARAGON,,,90,,9,,,,B
338186132,2023-07-13T17:26:05,36.79080,-121.95654,4.7,177.2,511.0,PARAGON,,,90,,9,,,,B
338186132,2023-07-13T17:27:31,36.78895,-121.95627,4.8,155.7,511.0,PARAGON,,,90,,9,,,,B
338186132,2023-07-13T17:29:05,36.78699,-121.95564,4.7,162.4,511.0,PARAGON,,,90,,9,,,,B
338186132,2023-07-13T17:30:31,36.78516,-121.95493,5.3,156.3,511.0,PARAGON,,,90,,9,,,,B
338186132,2023-07-13T17:32:02,36.78320,-121.95447,4.5,169.7,511.0,PARAGON,,,90,,9,,,,B
338186132,2023-07-13T17:33:31,36.78129,-121.95388,4.8,157.5,511.0,PARAGON,,,90,,9,,,,B
338186132,2023-07-13T18:56:47,36.78073,-121.95398,1.0,120.6,511.0,PARAGON,,,90,,9,,,,B
338186132,2023-07-13T17:17:32,36.80166,-121.95975,4.7,172.1,511.0,PARAGON,,,90,,9,,,,B
338186132,2023-07-13T16:40:00,36.81281,-121.95730,2.1,65.0,511.0,PARAGON,,,90,,9,,,,B
338186132,2023-07-13T16:41:31,36.81283,-121.95664,0.5,98.7,511.0,PARAGON,,,90,,9,,,,B
338186132,2023-07-13T16:47:33,36.81256,-121.95648,3.9,249.5,511.0,PARAGON,,,90,,9,,,,B
338186132,2023-07-13T16:49:04,36.81273,-121.95860,3.8,271.4,511.0,PARAGON,,,90,,9,,,,B
338186132,2023-07-13T16:50:33,36.81277,-121.96065,4.1,274.7,511.0,PARAGON,,,90,,9,,,,B
338186132,2023-07-13T16:52:01,36.81292,-121.96268,4.2,273.2,511.0,PARAGON,,,90,,9,,,,B
338186132,2023-07-13T16:53:31,36.81311,-121.96482,3.9,270.9,511.0,PARAGON,,,90,,9,,,,B
338186132,2023-07-13T16:55:01,36.81333,-121.96691,4.1,268.6,511.0,PARAGON,,,90,,9,,,,B
338186132,2023-07-13T16:56:03,36.81330,-121.96839,3.6,264.7,511.0,PARAGON,,,90,,9,,,,B
338186132,2023-07-13T16:57:31,36.81348,-121.97041,4.0,270.0,511.0,PARAGON,,,90,,9,,,,B
338186132,2023-07-13T16:59:03,36.81364,-121.97245,3.6,336.7,511.0,PARAGON,,,90,,9,,,,B
338186132,2023-07-13T17:00:03,36.81444,-121.97128,4.9,54.6,511.0,PARAGON,,,90,,9,,,,B
338186132,2023-07-13T17:07:31,36.81438,-121.96351,4.9,159.5,511.0,PARAGON,,,90,,9,,,,B
338186132,2023-07-13T17:09:32,36.81188,-121.96252,4.6,158.2,511.0,PARAGON,,,90,,9,,,,B
338186132,2023-07-13T17:11:32,36.80930,-121.96188,4.7,160.3,511.0,PARAGON,,,90,,9,,,,B
338186132,2023-07-13T17:13:02,36.80737,-121.96122,4.7,164.5,511.0,PARAGON,,,90,,9,,,,B
338186132,2023-07-13T17:14:32,36.80544,-121.96066,4.6,165.1,511.0,PARAGON,,,90,,9,,,,B
338186132,2023-07-13T17:16:03,36.80354,-121.96006,4.5,166.1,511.0,PARAGON,,,90,,9,,,,B
338186132,2023-08-08T16:29:46,36.81289,-121.95563,17.4,265.3,511.0,PARAGON,,,90,,9,,,,B
338186132,2023-08-08T16:31:00,36.81295,-121.95746,1.0,339.0,511.0,PARAGON,,,90,,9,,,,B
338186132,2023-08-08T16:32:04,36.81318,-121.95740,1.0,1.4,511.0,PARAGON,,,90,,9,,,,B
338186132,2023-08-08T16:33:30,36.81350,-121.95717,0.7,21.1,511.0,PARAGON,,,90,,9,,,,B
338186132,2023-08-08T16:36:07,36.81413,-121.95784,4.5,280.4,511.0,PARAGON,,,90,,9,,,,B
338186132,2023-08-08T16:37:38,36.81444,-121.96008,4.2,284.8,511.0,PARAGON,,,90,,9,,,,B
338186132,2023-08-08T16:39:07,36.81478,-121.96221,4.0,280.1,511.0,PARAGON,,,90,,9,,,,B
338186132,2023-08-08T16:40:38,36.81506,-121.96443,4.4,276.3,511.0,PARAGON,,,90,,9,,,,B
338186132,2023-08-08T16:42:08,36.81549,-121.96660,4.3,278.8,511.0,PARAGON,,,90,,9,,,,B
338186132,2023-08-08T16:43:38,36.81610,-121.96844,3.9,31.7,511.0,PARAGON,,,90,,9,,,,B
338186132,2023-08-08T16:51:08,36.81580,-121.96183,4.3,158.3,511.0,PARAGON,,,90,,9,,,,B
338186132,2023-08-08T16:52:36,36.81405,-121.96105,4.5,162.4,511.0,PARAGON,,,90,,9,,,,B
338186132,2023-08-08T16:54:06,36.81221,-121.96040,4.7,164.3,511.0,PARAGON,,,90,,9,,,,B
338186132,2023-08-08T16:56:05,36.80973,-121.95963,4.6,167.6,511.0,PARAGON,,,90,,9,,,,B
338186132,2023-08-08T16:57:06,36.80852,-121.95927,4.4,165.2,511.0,PARAGON,,,90,,9,,,,B
338186132,2023-08-08T16:59:05,36.80612,-121.95860,4.7,162.2,511.0,PARAGON,,,90,,9,,,,B
338186132,2023-08-08T17:00:09,36.80486,-121.95810,4.5,162.3,511.0,PARAGON,,,90,,9,,,,B
338186132,2023-08-08T17:02:09,36.80242,-121.95744,4.5,171.7,511.0,PARAGON,,,90,,9,,,,B
338186132,2023-08-08T17:03:36,36.80068,-121.95691,4.7,163.1,511.0,PARAGON,,,90,,9,,,,B
338186132,2023-08-08T17:05:04,36.79889,-121.95639,4.1,165.6,511.0,PARAGON,,,90,,9,,,,B
338186132,2023-08-08T17:06:36,36.79715,-121.95573,4.3,163.8,511.0,PARAGON,,,90,,9,,,,B
338186132,2023-08-08T17:08:04,36.79549,-121.95517,4.0,161.4,511.0,PARAGON,,,90,,9,,,,B
338186132,2023-08-08T17:09:36,36.79377,-121.95453,4.1,163.9,511.0,PARAGON,,,90,,9,,,,B
338186132,2023-08-08T17:10:39,36.79255,-121.95415,4.2,163.8,511.0,PARAGON,,,90,,9,,,,B
338186132,2023-08-08T17:12:09,36.79081,-121.95368,4.4,178.7,511.0,PARAGON,,,90,,9,,,,B
338186132,2023-08-08T17:15:34,36.78674,-121.95343,3.9,183.6,511.0,PARAGON,,,90,,9,,,,B
338186132,2023-08-08T18:14:48,36.78131,-121.95425,1.4,47.3,511.0,PARAGON,,,90,,9,,,,B
338186132,2023-08-08T18:16:21,36.78160,-121.95392,1.5,61.6,511.0,PARAGON,,,90,,9,,,,B
338186132,2023-08-14T17:01:20,36.79753,-121.98344,20.4,264.2,511.0,PARAGON,,,90,,9,,,,B
338186132,2023-08-14T17:02:21,36.79733,-121.99118,23.6,270.1,511.0,PARAGON,,,90,,9,,,,B
338186132,2023-08-14T18:48:57,36.80872,-121.99252,28.4,93.2,511.0,PARAGON,,,90,,9,,,,B
338186132,2023-08-14T18:49:58,36.80865,-121.98337,25.7,90.7,511.0,PARAGON,,,90,,9,,,,B
338186132,2023-08-14T16:59:10,36.79783,-121.96731,26.9,266.3,511.0,PARAGON,,,90,,9,,,,B
338186132,2023-08-14T17:00:05,36.79728,-121.97445,24.2,264.4,511.0,PARAGON,,,90,,9,,,,B
338186132,2023-08-14T18:51:02,36.80858,-121.97313,25.8,91.3,511.0,PARAGON,,,90,,9,,,,B
338186132,2023-08-14T16:58:05,36.79807,-121.95776,24.7,267.0,511.0,PARAGON,,,90,,9,,,,B
338186132,2023-08-14T18:52:08,36.80840,-121.96331,28.1,92.7,511.0,PARAGON,,,90,,9,,,,B
338186132,2023-08-14T18:53:18,36.80819,-121.95364,25.8,94.2,511.0,PARAGON,,,90,,9,,,,B
338227809,2023-07-02T21:48:50,36.79006,-121.96016,5.3,166.8,511.0,TEHANI,,,,,,,,,B
338227809,2023-07-02T21:50:51,36.78688,-121.95884,6.0,155.0,511.0,TEHANI,,,,,,,,,B
338227809,2023-07-02T21:52:51,36.78367,-121.95747,7.2,157.9,511.0,TEHANI,,,,,,,,,B
338227809,2023-07-02T21:32:50,36.81518,-121.97075,5.4,161.6,511.0,TEHANI,,,,,,,,,B
338227809,2023-07-02T21:36:20,36.80983,-121.96880,6.1,173.3,511.0,TEHANI,,,,,,,,,B
338227809,2023-07-02T21:40:21,36.80304,-121.96660,6.8,162.6,511.0,TEHANI,,,,,,,,,B
338227809,2023-07-02T21:43:20,36.79823,-121.96443,6.6,171.5,511.0,TEHANI,,,,,,,,,B
338227809,2023-07-02T21:44:24,36.79658,-121.96359,6.3,154.4,511.0,TEHANI,,,,,,,,,B
338227809,2023-07-02T21:45:51,36.79454,-121.96240,6.2,156.0,511.0,TEHANI,,,,,,,,,B
338227809,2023-08-05T19:53:56,36.78227,-121.95363,5.7,349.7,511.0,TEHANI,,,,,,,,,B
338227809,2023-08-05T19:54:57,36.78384,-121.95413,5.7,340.2,511.0,TEHANI,,,,,,,,,B
338227809,2023-08-05T19:57:56,36.78848,-121.95565,4.2,355.4,511.0,TEHANI,,,,,,,,,B
338227809,2023-08-05T19:58:58,36.78961,-121.95577,5.3,353.4,511.0,TEHANI,,,,,,,,,B
338403797,2022-07-13T23:36:23,36.78281,-121.99457,6.9,356.0,511.0,SEAS THE BREEZE,,,36,,18,3,,,B
338403797,2022-07-13T23:37:53,36.78585,-121.99490,7.3,356.2,511.0,SEAS THE BREEZE,,,36,,18,3,,,B
338403797,2022-07-13T23:39:23,36.78891,-121.99540,7.7,347.3,511.0,SEAS THE BREEZE,,,36,,18,3,,,B
338403797,2022-07-13T23:40:53,36.79193,-121.99589,7.5,354.2,511.0,SEAS THE BREEZE,,,36,,18,3,,,B
338403797,2022-07-13T23:42:23,36.79499,-121.99643,7.1,359.5,511.0,SEAS THE BREEZE,,,36,,18,3,,,B
338403797,2022-07-13T23:43:24,36.79705,-121.99692,7.3,348.1,511.0,SEAS THE BREEZE,,,36,,18,3,,,B
338403797,2022-07-13T23:44:55,36.79998,-121.99757,7.2,346.7,511.0,SEAS THE BREEZE,,,36,,18,3,,,B
338403797,2022-07-13T23:46:24,36.80293,-121.99820,7.5,350.3,511.0,SEAS THE BREEZE,,,36,,18,3,,,B
368082290,2022-07-16T20:33:33,36.78122,-121.95592,8.9,259.0,511.0,GODDESS FANTASY,,WDK7216,60,,26,6,,,B
368082290,2022-07-16T20:35:01,36.78160,-121.96022,8.2,283.8,511.0,GODDESS FANTASY,,WDK7216,60,,26,6,,,B
368082290,2022-07-16T20:36:32,36.78140,-121.96246,3.9,277.3,511.0,GODDESS FANTASY,,WDK7216,60,,26,6,,,B
368082290,2022-07-16T20:38:00,36.78257,-121.96440,0.7,312.8,511.0,GODDESS FANTASY,,WDK7216,60,,26,6,,,B
368082290,2022-07-16T20:39:33,36.78260,-121.96619,4.8,259.9,511.0,GODDESS FANTASY,,WDK7216,60,,26,6,,,B
368082290,2022-07-16T20:41:31,36.78171,-121.96715,2.8,215.0,511.0,GODDESS FANTASY,,WDK7216,60,,26,6,,,B
368082290,2022-07-16T20:43:01,36.78191,-121.96875,9.4,291.7,511.0,GODDESS FANTASY,,WDK7216,60,,26,6,,,B
368082290,2022-07-16T20:45:00,36.78246,-121.97244,1.1,355.2,511.0,GODDESS FANTASY,,WDK7216,60,,26,6,,,B
368082290,2022-07-16T20:46:30,36.78235,-121.97245,0.6,194.7,511.0,GODDESS FANTASY,,WDK7216,60,,26,6,,,B
368082290,2022-07-16T20:48:00,36.78230,-121.97334,0.7,197.4,511.0,GODDESS FANTASY,,WDK7216,60,,26,6,,,B
368082290,2022-07-16T20:49:01,36.78302,-121.97383,6.6,329.9,511.0,GODDESS FANTASY,,WDK7216,60,,26,6,,,B
368082290,2022-07-16T20:50:30,36.78434,-121.97230,2.6,69.1,511.0,GODDESS FANTASY,,WDK7216,60,,26,6,,,B
368082290,2022-07-16T20:52:00,36.78414,-121.97178,1.0,176.5,511.0,GODDESS FANTASY,,WDK7216,60,,26,6,,,B
368082290,2022-07-16T20:53:02,36.78481,-121.97040,7.6,45.1,511.0,GODDESS FANTASY,,WDK7216,60,,26,6,,,B
368082290,2022-07-16T20:54:30,36.78570,-121.96983,1.8,338.2,511.0,GODDESS FANTASY,,WDK7216,60,,26,6,,,B
368082290,2022-07-16T20:55:32,36.78559,-121.97002,0.9,132.9,511.0,GODDESS FANTASY,,WDK7216,60,,26,6,,,B
368082290,2022-07-16T20:57:01,36.78585,-121.97028,10.6,13.1,511.0,GODDESS FANTASY,,WDK7216,60,,26,6,,,B
368082290,2022-07-16T20:58:31,36.79005,-121.96844,8.4,2.3,511.0,GODDESS FANTASY,,WDK7216,60,,26,6,,,B
368082290,2022-07-16T21:00:01,36.79204,-121.96819,3.9,346.2,511.0,GODDESS FANTASY,,WDK7216,60,,26,6,,,B
368082290,2022-07-16T21:01:33,36.79350,-121.96834,2.8,0.5,511.0,GODDESS FANTASY,,WDK7216,60,,26,6,,,B
368082290,2022-07-16T21:03:03,36.79477,-121.96973,6.2,300.1,511.0,GODDESS FANTASY,,WDK7216,60,,26,6,,,B
368082290,2022-07-16T21:05:01,36.79473,-121.97220,2.8,263.7,511.0,GODDESS FANTASY,,WDK7216,60,,26,6,,,B
368082290,2022-07-16T21:06:03,36.79482,-121.97263,1.0,329.7,511.0,GODDESS FANTASY,,WDK7216,60,,26,6,,,B
368082290,2022-07-16T21:07:32,36.79516,-121.97318,1.7,321.8,511.0,GODDESS FANTASY,,WDK7216,60,,26,6,,,B
368082290,2022-07-16T21:09:03,36.79557,-121.97324,3.2,2.3,511.0,GODDESS FANTASY,,WDK7216,60,,26,6,,,B
368082290,2022-07-16T21:10:30,36.79674,-121.97414,8.9,341.3,511.0,GODDESS FANTASY,,WDK7216,60,,26,6,,,B
368082290,2022-07-16T21:11:32,36.79846,-121.97490,4.0,334.2,511.0,GODDESS FANTASY,,WDK7216,60,,26,6,,,B
368082290,2022-07-16T21:13:01,36.79993,-121.97564,3.0,354.1,511.0,GODDESS FANTASY,,WDK7216,60,,26,6,,,B
368082290,2022-07-16T21:15:00,36.80180,-121.97513,5.2,76.7,511.0,GODDESS FANTASY,,WDK7216,60,,26,6,,,B
368082290,2022-07-16T21:16:01,36.80146,-121.97158,10.9,102.0,511.0,GODDESS FANTASY,,WDK7216,60,,26,6,,,B
368082290,2022-07-16T21:17:31,36.80066,-121.96532,13.7,78.1,511.0,GODDESS FANTASY,,WDK7216,60,,26,6,,,B
368082290,2022-07-16T21:19:01,36.80103,-121.95908,12.4,99.8,511.0,GODDESS FANTASY,,WDK7216,60,,26,6,,,B
338379767,2022-07-16T23:14:31,36.81503,-121.97521,8.0,153.1,511.0,SOLSTICE,,675274,36,,14,4,,,B
338379767,2022-07-16T23:15:33,36.81279,-121.97425,8.7,162.3,511.0,SOLSTICE,,675274,36,,14,4,,,B
338379767,2022-07-16T23:17:02,36.80978,-121.97292,9.0,174.4,511.0,SOLSTICE,,675274,36,,14,4,,,B
338379767,2022-07-16T23:18:34,36.80654,-121.97140,8.6,171.4,511.0,SOLSTICE,,675274,36,,14,4,,,B
338379767,2022-07-16T23:20:02,36.80341,-121.97067,8.4,167.8,511.0,SOLSTICE,,675274,36,,14,4,,,B
338379767,2022-07-16T23:21:31,36.80012,-121.96977,9.1,169.5,511.0,SOLSTICE,,675274,36,,14,4,,,B
338379767,2022-07-16T23:22:32,36.79788,-121.96933,8.4,175.9,511.0,SOLSTICE,,675274,36,,14,4,,,B
338379767,2022-07-16T23:23:33,36.79558,-121.96903,8.1,172.9,511.0,SOLSTICE,,675274,36,,14,4,,,B
338379767,2022-07-16T23:25:02,36.79243,-121.96808,8.3,162.1,511.0,SOLSTICE,,675274,36,,14,4,,,B
338379767,2022-07-16T23:26:33,36.78918,-121.96701,7.7,161.8,511.0,SOLSTICE,,675274,36,,14,4,,,B
338379767,2022-07-16T23:28:02,36.78610,-121.96583,7.5,163.4,511.0,SOLSTICE,,675274,36,,14,4,,,B
338379767,2022-07-16T23:29:33,36.78287,-121.96461,7.8,168.1,511.0,SOLSTICE,,675274,36,,14,4,,,B
338379767,2022-07-16T23:30:34,36.78064,-121.96389,8.4,164.7,511.0,SOLSTICE,,675274,36,,14,4,,,B
368082290,2022-07-26T18:14:16,36.78195,-121.95487,12.4,62.6,511.0,GODDESS FANTASY,,WDK7216,60,,26,6,,,B
338379767,2022-07-30T19:35:02,36.78713,-121.95437,6.2,344.2,511.0,SOLSTICE,,675274,36,,14,4,,,B
338379767,2022-07-30T19:36:31,36.78960,-121.95573,6.7,341.0,511.0,SOLSTICE,,675274,36,,14,4,,,B
338379767,2022-07-30T19:37:32,36.79130,-121.95661,7.0,336.1,511.0,SOLSTICE,,675274,36,,14,4,,,B
338379767,2022-07-30T19:38:33,36.79301,-121.95749,6.3,333.7,511.0,SOLSTICE,,675274,36,,14,4,,,B
338379767,2022-07-30T19:39:34,36.79468,-121.95840,6.3,333.0,511.0,SOLSTICE,,675274,36,,14,4,,,B
338379767,2022-07-30T19:41:05,36.79721,-121.95968,6.3,337.6,511.0,SOLSTICE,,675274,36,,14,4,,,B
338379767,2022-07-30T19:42:32,36.79968,-121.96079,6.1,349.0,511.0,SOLSTICE,,675274,36,,14,4,,,B
338379767,2022-07-30T19:44:02,36.80229,-121.96185,6.1,339.3,511.0,SOLSTICE,,675274,36,,14,4,,,B
338379767,2022-07-30T19:45:33,36.80490,-121.96299,6.4,344.0,511.0,SOLSTICE,,675274,36,,14,4,,,B
338379767,2022-07-30T19:47:03,36.80747,-121.96416,6.3,339.4,511.0,SOLSTICE,,675274,36,,14,4,,,B
338379767,2022-07-30T19:48:32,36.81002,-121.96511,6.3,344.0,511.0,SOLSTICE,,675274,36,,14,4,,,B
338379767,2022-07-30T19:50:32,36.81336,-121.96655,6.6,341.6,511.0,SOLSTICE,,675274,36,,14,4,,,B
338379767,2022-07-30T19:51:33,36.81508,-121.96732,6.4,338.5,511.0,SOLSTICE,,675274,36,,14,4,,,B
368082290,2022-08-02T17:44:03,36.80914,-121.95500,11.5,294.0,511.0,GODDESS FANTASY,,WDK7216,60,,26,6,,,B
368082290,2022-08-02T17:45:04,36.81090,-121.95840,11.6,300.0,511.0,GODDESS FANTASY,,WDK7216,60,,26,6,,,B
368082290,2022-08-02T17:46:34,36.81195,-121.96406,11.8,288.3,511.0,GODDESS FANTASY,,WDK7216,60,,26,6,,,B
368082290,2022-08-02T17:48:03,36.81518,-121.96844,11.2,319.5,511.0,GODDESS FANTASY,,WDK7216,60,,26,6,,,B
368203150,2022-08-03T19:06:31,36.81529,-121.96352,4.6,150.6,511.0,SPARTAN PILGRIM,,WDM4080,37,,0,0,,,B
368203150,2022-08-03T19:07:32,36.81390,-121.96333,5.6,172.2,511.0,SPARTAN PILGRIM,,WDM4080,37,,0,0,,,B
368203150,2022-08-03T19:09:00,36.81211,-121.96212,4.5,162.9,511.0,SPARTAN PILGRIM,,WDM4080,37,,0,0,,,B
368203150,2022-08-03T19:10:30,36.81003,-121.96114,5.4,147.7,511.0,SPARTAN PILGRIM,,WDM4080,37,,0,0,,,B
368203150,2022-08-03T19:12:00,36.80817,-121.95994,5.6,166.2,511.0,SPARTAN PILGRIM,,WDM4080,37,,0,0,,,B
368203150,2022-08-03T19:13:59,36.80524,-121.95872,5.7,170.7,511.0,SPARTAN PILGRIM,,WDM4080,37,,0,0,,,B
368203150,2022-08-03T19:15:00,36.80367,-121.95839,4.9,156.7,511.0,SPARTAN PILGRIM,,WDM4080,37,,0,0,,,B
368203150,2022-08-03T19:16:32,36.80156,-121.95723,5.8,149.7,511.0,SPARTAN PILGRIM,,WDM4080,37,,0,0,,,B
368203150,2022-08-03T19:18:01,36.79958,-121.95623,5.5,147.0,511.0,SPARTAN PILGRIM,,WDM4080,37,,0,0,,,B
368203150,2022-08-03T19:19:29,36.79739,-121.95543,5.0,181.8,511.0,SPARTAN PILGRIM,,WDM4080,37,,0,0,,,B
368203150,2022-08-03T19:20:30,36.79597,-121.95487,5.3,158.4,511.0,SPARTAN PILGRIM,,WDM4080,37,,0,0,,,B
368203150,2022-08-03T19:21:59,36.79390,-121.95384,5.3,166.1,511.0,SPARTAN PILGRIM,,WDM4080,37,,0,0,,,B
338328296,2022-08-11T03:32:16,36.78218,-121.97634,5.7,321.3,511.0,SAMMIE JEAN III,,,37,,21,4,,,B
338328296,2022-08-11T03:33:19,36.78367,-121.97757,6.2,330.3,511.0,SAMMIE JEAN III,,,37,,21,4,,,B
338328296,2022-08-11T03:34:46,36.78562,-121.97915,7.2,326.0,511.0,SAMMIE JEAN III,,,37,,21,4,,,B
338328296,2022-08-11T03:35:47,36.78703,-121.98030,6.9,332.0,511.0,SAMMIE JEAN III,,,37,,21,4,,,B
338328296,2022-08-11T03:37:17,36.78919,-121.98205,5.4,327.9,511.0,SAMMIE JEAN III,,,37,,21,4,,,B
338328296,2022-08-11T03:38:47,36.79129,-121.98377,5.2,323.6,511.0,SAMMIE JEAN III,,,37,,21,4,,,B
338328296,2022-08-11T03:40:16,36.79340,-121.98552,6.1,324.9,511.0,SAMMIE JEAN III,,,37,,21,4,,,B
338328296,2022-08-11T03:41:18,36.79491,-121.98673,7.3,327.2,511.0,SAMMIE JEAN III,,,37,,21,4,,,B
338328296,2022-08-11T03:42:46,36.79709,-121.98851,5.7,321.0,511.0,SAMMIE JEAN III,,,37,,21,4,,,B
338328296,2022-08-11T03:43:47,36.79862,-121.98976,6.7,332.1,511.0,SAMMIE JEAN III,,,37,,21,4,,,B
338328296,2022-08-11T03:45:17,36.80083,-121.99158,4.8,327.6,511.0,SAMMIE JEAN III,,,37,,21,4,,,B
338328296,2022-08-11T03:46:46,36.80308,-121.99342,6.1,327.2,511.0,SAMMIE JEAN III,,,37,,21,4,,,B
338328296,2022-08-11T03:48:18,36.80535,-121.99530,6.5,324.1,511.0,SAMMIE JEAN III,,,37,,21,4,,,B
338328296,2022-08-11T03:49:48,36.80751,-121.99707,6.0,326.3,511.0,SAMMIE JEAN III,,,37,,21,4,,,B
368082290,2022-08-15T17:40:39,36.79532,-121.95459,12.3,235.8,511.0,GODDESS FANTASY,,WDK7216,60,,26,6,,,B
368082290,2022-08-15T17:42:08,36.79191,-121.95901,12.2,225.7,511.0,GODDESS FANTASY,,WDK7216,60,,26,6,,,B
368082290,2022-08-15T17:44:08,36.78730,-121.96493,11.7,233.1,511.0,GODDESS FANTASY,,WDK7216,60,,26,6,,,B
368082290,2022-08-15T17:45:40,36.78456,-121.97023,12.2,246.2,511.0,GODDESS FANTASY,,WDK7216,60,,26,6,,,B
368082290,2022-08-15T17:47:08,36.78235,-121.97558,11.7,241.2,511.0,GODDESS FANTASY,,WDK7216,60,,26,6,,,B
368082290,2022-08-24T17:50:52,36.80672,-121.95485,9.7,195.2,511.0,GODDESS FANTASY,,WDK7216,60,,26,6,,,B
368082290,2022-08-24T17:52:54,36.80497,-121.96136,5.3,253.4,511.0,GODDESS FANTASY,,WDK7216,60,,26,6,,,B
368082290,2022-08-24T17:57:24,36.80388,-121.96489,12.7,110.7,511.0,GODDESS FANTASY,,WDK7216,60,,26,6,,,B
368082290,2022-08-24T17:58:52,36.80361,-121.96202,1.7,89.0,511.0,GODDESS FANTASY,,WDK7216,60,,26,6,,,B
368082290,2022-08-24T18:00:23,36.80361,-121.96152,0.8,323.8,511.0,GODDESS FANTASY,,WDK7216,60,,26,6,,,B
368082290,2022-08-24T18:01:52,36.80369,-121.96161,1.5,243.9,511.0,GODDESS FANTASY,,WDK7216,60,,26,6,,,B
368082290,2022-08-24T18:03:22,36.80348,-121.96180,0.6,103.0,511.0,GODDESS FANTASY,,WDK7216,60,,26,6,,,B
368082290,2022-08-24T18:04:48,36.80331,-121.96201,6.1,251.7,511.0,GODDESS FANTASY,,WDK7216,60,,26,6,,,B
368082290,2022-08-24T18:06:18,36.80517,-121.96593,12.1,307.3,511.0,GODDESS FANTASY,,WDK7216,60,,26,6,,,B
368082290,2022-08-24T18:07:48,36.80751,-121.97036,9.5,247.3,511.0,GODDESS FANTASY,,WDK7216,60,,26,6,,,B
368082290,2022-08-24T18:08:49,36.80588,-121.96854,10.8,98.6,511.0,GODDESS FANTASY,,WDK7216,60,,26,6,,,B
368082290,2022-08-24T18:09:50,36.80519,-121.96423,12.1,92.3,511.0,GODDESS FANTASY,,WDK7216,60,,26,6,,,B
368082290,2022-08-24T18:11:49,36.80388,-121.95563,12.4,89.3,511.0,GODDESS FANTASY,,WDK7216,60,,26,6,,,B
338379767,2022-08-27T21:46:33,36.78075,-121.96528,6.3,75.8,511.0,SOLSTICE,,675274,36,,14,4,,,B
338379767,2022-08-27T21:48:01,36.78132,-121.96192,6.5,78.6,511.0,SOLSTICE,,675274,36,,14,4,,,B
338379767,2022-08-27T21:49:02,36.78166,-121.95961,6.8,79.9,511.0,SOLSTICE,,675274,36,,14,4,,,B
338379767,2022-08-27T21:51:02,36.78231,-121.95519,6.5,77.1,511.0,SOLSTICE,,675274,36,,14,4,,,B
368182220,2022-09-04T20:03:15,36.80444,-121.95421,6.0,335.5,511.0,PAPILLON,,WDL9786,36,,15,5,,,B
368182220,2022-09-04T20:04:16,36.80598,-121.95495,6.7,333.8,511.0,PAPILLON,,WDL9786,36,,15,5,,,B
368182220,2022-09-04T20:06:15,36.80939,-121.95624,6.1,346.3,511.0,PAPILLON,,WDL9786,36,,15,5,,,B
368182220,2022-09-04T20:07:48,36.81222,-121.95702,6.0,326.7,511.0,PAPILLON,,WDL9786,36,,15,5,,,B
368182220,2022-09-04T20:09:18,36.81431,-121.95826,5.7,349.9,511.0,PAPILLON,,WDL9786,36,,15,5,,,B
338197869,2022-09-25T16:20:01,36.81637,-121.98847,19.8,192.7,511.0,IN THE HUNT,,,36,,9,2,,,B
338197869,2022-09-25T16:21:29,36.80846,-121.99053,19.6,190.6,511.0,IN THE HUNT,,,36,,9,2,,,B
338197869,2022-09-25T16:23:02,36.80017,-121.99263,19.5,191.5,511.0,IN THE HUNT,,,36,,9,2,,,B
338197869,2022-09-25T16:25:03,36.78944,-121.99545,19.5,191.1,511.0,IN THE HUNT,,,36,,9,2,,,B
338197869,2022-09-25T16:26:05,36.78401,-121.99689,19.4,193.0,511.0,IN THE HUNT,,,36,,9,2,,,B
368082290,2022-09-26T17:44:13,36.78468,-121.95380,12.0,154.4,511.0,GODDESS FANTASY,,WDK7216,60,,26,6,,,B
368082290,2022-10-02T20:40:32,36.81602,-121.95586,5.7,210.8,511.0,GODDESS FANTASY,,WDK7216,60,,26,6,,,B
368082290,2022-10-02T20:42:02,36.81633,-121.95762,11.5,19.6,511.0,GODDESS FANTASY,,WDK7216,60,,26,6,,,B
338087262,2022-10-09T18:47:25,36.78116,-121.98193,6.4,358.1,354.0,ADAGIO,,IM6479,36,,12,4,,,B
338087262,2022-10-09T18:48:55,36.78392,-121.98199,5.8,2.5,357.0,ADAGIO,,IM6479,36,,12,4,,,B
338087262,2022-10-09T18:49:56,36.78463,-121.98251,2.2,296.8,285.0,ADAGIO,,IM6479,36,,12,4,,,B
338087262,2022-10-09T18:51:27,36.78529,-121.98299,3.5,13.8,8.0,ADAGIO,,IM6479,36,,12,4,,,B
338087262,2022-10-09T18:53:25,36.78752,-121.98291,4.9,347.6,338.0,ADAGIO,,IM6479,36,,12,4,,,B
338087262,2022-10-09T18:55:25,36.79067,-121.98361,6.0,352.1,341.0,ADAGIO,,IM6479,36,,12,4,,,B
338087262,2022-10-09T18:56:26,36.79231,-121.98391,6.0,351.3,341.0,ADAGIO,,IM6479,36,,12,4,,,B
338087262,2022-10-09T18:58:55,36.79663,-121.98483,6.0,351.5,342.0,ADAGIO,,IM6479,36,,12,4,,,B
338087262,2022-10-09T19:01:27,36.80075,-121.98555,6.1,351.2,340.0,ADAGIO,,IM6479,36,,12,4,,,B
338087262,2022-10-09T19:02:55,36.80302,-121.98596,5.4,348.5,343.0,ADAGIO,,IM6479,36,,12,4,,,B
338087262,2022-10-09T19:03:56,36.80450,-121.98625,5.4,350.9,341.0,ADAGIO,,IM6479,36,,12,4,,,B
338087262,2022-10-09T19:05:25,36.80676,-121.98672,5.6,349.2,342.0,ADAGIO,,IM6479,36,,12,4,,,B
338087262,2022-10-09T19:06:55,36.80902,-121.98723,5.7,345.6,338.0,ADAGIO,,IM6479,36,,12,4,,,B
338087262,2022-10-09T19:08:25,36.81145,-121.98779,6.4,348.3,342.0,ADAGIO,,IM6479,36,,12,4,,,B
338087262,2022-10-09T19:09:55,36.81397,-121.98837,5.9,349.7,342.0,ADAGIO,,IM6479,36,,12,4,,,B
338432899,2022-10-10T00:15:35,36.80583,-121.95506,7.3,268.0,511.0,MISS NATALIE,,,30,,14,4,,,B
338432899,2022-10-10T00:17:05,36.80589,-121.95899,7.7,266.5,511.0,MISS NATALIE,,,30,,14,4,,,B
338432899,2022-10-10T00:18:35,36.80593,-121.96294,7.5,272.6,511.0,MISS NATALIE,,,30,,14,4,,,B
338432899,2022-10-10T00:19:38,36.80595,-121.96568,8.1,270.3,511.0,MISS NATALIE,,,30,,14,4,,,B
338432899,2022-10-10T00:21:05,36.80607,-121.96955,7.6,264.6,511.0,MISS NATALIE,,,30,,14,4,,,B
338432899,2022-10-10T00:22:38,36.80621,-121.97364,7.4,274.0,511.0,MISS NATALIE,,,30,,14,4,,,B
338432899,2022-10-10T00:24:08,36.80623,-121.97768,7.2,271.2,511.0,MISS NATALIE,,,30,,14,4,,,B
338432899,2022-10-10T00:25:38,36.80631,-121.98169,8.1,268.3,511.0,MISS NATALIE,,,30,,14,4,,,B
338432899,2022-10-10T00:27:09,36.80631,-121.98570,7.8,272.2,511.0,MISS NATALIE,,,30,,14,4,,,B
338432899,2022-10-10T00:28:38,36.80637,-121.98973,7.9,268.0,511.0,MISS NATALIE,,,30,,14,4,,,B
338432899,2022-10-10T00:30:09,36.80635,-121.99398,7.7,271.6,511.0,MISS NATALIE,,,30,,14,4,,,B
338432899,2022-10-10T08:38:08,36.80649,-121.99688,8.4,87.7,511.0,MISS NATALIE,,,30,,14,4,,,B
338432899,2022-10-10T08:39:38,36.80642,-121.99231,8.1,96.9,511.0,MISS NATALIE,,,30,,14,4,,,B
338432899,2022-10-10T08:41:06,36.80642,-121.98783,8.7,90.1,511.0,MISS NATALIE,,,30,,14,4,,,B
338432899,2022-10-10T08:42:38,36.80639,-121.98317,8.8,88.5,511.0,MISS NATALIE,,,30,,14,4,,,B
338432899,2022-10-10T08:44:06,36.80635,-121.97912,4.0,87.3,511.0,MISS NATALIE,,,30,,14,4,,,B
338432899,2022-10-10T08:45:36,36.80628,-121.97576,7.6,88.6,511.0,MISS NATALIE,,,30,,14,4,,,B
338432899,2022-10-10T08:47:36,36.80617,-121.97010,7.8,96.2,511.0,MISS NATALIE,,,30,,14,4,,,B
338432899,2022-10-10T08:49:05,36.80609,-121.96581,8.0,92.7,511.0,MISS NATALIE,,,30,,14,4,,,B
338432899,2022-10-10T08:50:37,36.80614,-121.96128,8.2,92.9,511.0,MISS NATALIE,,,30,,14,4,,,B
338432899,2022-10-10T08:52:05,36.80615,-121.95681,9.4,93.9,511.0,MISS NATALIE,,,30,,14,4,,,B
368082290,2022-10-17T17:39:39,36.79249,-121.96250,12.4,290.0,511.0,GODDESS FANTASY,,WDK7216,60,,26,6,,,B
368082290,2022-10-17T17:41:09,36.79417,-121.96865,12.7,287.0,511.0,GODDESS FANTASY,,WDK7216,60,,26,6,,,B
368082290,2022-10-17T17:43:12,36.79747,-121.97546,9.0,295.8,511.0,GODDESS FANTASY,,WDK7216,60,,26,6,,,B
368082290,2022-10-17T17:45:09,36.79850,-121.97913,3.4,289.4,511.0,GODDESS FANTASY,,WDK7216,60,,26,6,,,B
368082290,2022-10-17T17:46:10,36.79924,-121.98012,3.9,343.5,511.0,GODDESS FANTASY,,WDK7216,60,,26,6,,,B
368082290,2022-10-17T17:47:39,36.80015,-121.98218,11.9,253.0,511.0,GODDESS FANTASY,,WDK7216,60,,26,6,,,B
368082290,2022-10-17T17:49:09,36.79574,-121.98487,12.3,199.7,511.0,GODDESS FANTASY,,WDK7216,60,,26,6,,,B
368082290,2022-10-17T17:50:39,36.79100,-121.98646,9.2,190.7,511.0,GODDESS FANTASY,,WDK7216,60,,26,6,,,B
368082290,2022-10-17T17:52:10,36.78829,-121.98724,4.0,199.9,511.0,GODDESS FANTASY,,WDK7216,60,,26,6,,,B
368082290,2022-10-17T17:54:09,36.78672,-121.98796,2.5,186.9,511.0,GODDESS FANTASY,,WDK7216,60,,26,6,,,B
368082290,2022-10-17T17:55:39,36.78760,-121.98586,12.4,14.0,511.0,GODDESS FANTASY,,WDK7216,60,,26,6,,,B
368082290,2022-10-17T17:56:40,36.79100,-121.98527,12.2,10.6,511.0,GODDESS FANTASY,,WDK7216,60,,26,6,,,B
368082290,2022-10-17T17:58:10,36.79597,-121.98401,9.1,20.6,511.0,GODDESS FANTASY,,WDK7216,60,,26,6,,,B
368082290,2022-10-17T17:59:39,36.79712,-121.98368,1.3,358.3,511.0,GODDESS FANTASY,,WDK7216,60,,26,6,,,B
368082290,2022-10-17T18:00:09,36.79726,-121.98375,1.3,338.1,511.0,GODDESS FANTASY,,WDK7216,60,,26,6,,,B
368082290,2022-10-17T18:01:10,36.79769,-121.98392,2.7,2.0,511.0,GODDESS FANTASY,,WDK7216,60,,26,6,,,B
368082290,2022-10-17T18:02:39,36.79825,-121.98356,3.4,60.3,511.0,GODDESS FANTASY,,WDK7216,60,,26,6,,,B
368082290,2022-10-17T18:04:10,36.79792,-121.98257,0.8,151.7,511.0,GODDESS FANTASY,,WDK7216,60,,26,6,,,B
368082290,2022-10-17T18:05:39,36.79776,-121.98297,2.0,199.0,511.0,GODDESS FANTASY,,WDK7216,60,,26,6,,,B
368082290,2022-10-17T18:06:40,36.79679,-121.98302,7.3,164.0,511.0,GODDESS FANTASY,,WDK7216,60,,26,6,,,B
368082290,2022-10-17T18:07:41,36.79552,-121.98040,10.5,100.8,511.0,GODDESS FANTASY,,WDK7216,60,,26,6,,,B
368082290,2022-10-17T18:09:09,36.79431,-121.97488,11.7,107.5,511.0,GODDESS FANTASY,,WDK7216,60,,26,6,,,B
368082290,2022-10-17T18:10:10,36.79299,-121.97132,11.8,141.5,511.0,GODDESS FANTASY,,WDK7216,60,,26,6,,,B
368082290,2022-10-17T18:11:39,36.78901,-121.96742,12.5,128.7,511.0,GODDESS FANTASY,,WDK7216,60,,26,6,,,B
368082290,2022-10-17T18:13:39,36.78447,-121.96083,12.4,157.7,511.0,GODDESS FANTASY,,WDK7216,60,,26,6,,,B
316035242,2022-10-20T12:20:15,36.79855,-121.99734,4.4,135.7,511.0,STELLA MARIS,,CFA2483,36,,13,6,,,B
316035242,2022-10-20T12:21:46,36.79728,-121.99597,4.1,136.5,511.0,STELLA MARIS,,CFA2483,36,,13,6,,,B
316035242,2022-10-20T12:23:16,36.79612,-121.99464,3.9,134.7,511.0,STELLA MARIS,,CFA2483,36,,13,6,,,B
316035242,2022-10-20T12:24:17,36.79535,-121.99378,3.8,140.1,511.0,STELLA MARIS,,CFA2483,36,,13,6,,,B
316035242,2022-10-20T12:25:46,36.79422,-121.99249,3.6,137.7,511.0,STELLA MARIS,,CFA2483,36,,13,6,,,B
316035242,2022-10-20T12:27:15,36.79311,-121.99117,3.5,138.7,511.0,STELLA MARIS,,CFA2483,36,,13,6,,,B
316035242,2022-10-20T12:28:48,36.79197,-121.98982,3.3,138.3,511.0,STELLA MARIS,,CFA2483,36,,13,6,,,B
316035242,2022-10-20T12:30:16,36.79098,-121.98857,3.6,135.2,511.0,STELLA MARIS,,CFA2483,36,,13,6,,,B
316035242,2022-10-20T12:31:47,36.78984,-121.98716,4.3,128.2,511.0,STELLA MARIS,,CFA2483,36,,13,6,,,B
316035242,2022-10-20T12:33:18,36.78868,-121.98571,3.6,135.2,511.0,STELLA MARIS,,CFA2483,36,,13,6,,,B
316035242,2022-10-20T12:35:15,36.78719,-121.98391,4.0,137.6,511.0,STELLA MARIS,,CFA2483,36,,13,6,,,B
316035242,2022-10-20T12:36:45,36.78609,-121.98269,3.6,133.8,511.0,STELLA MARIS,,CFA2483,36,,13,6,,,B
316035242,2022-10-20T12:38:15,36.78494,-121.98139,3.5,138.9,511.0,STELLA MARIS,,CFA2483,36,,13,6,,,B
316035242,2022-10-20T12:39:45,36.78377,-121.98014,3.8,139.0,511.0,STELLA MARIS,,CFA2483,36,,13,6,,,B
316035242,2022-10-20T12:41:15,36.78260,-121.97894,3.2,143.9,511.0,STELLA MARIS,,CFA2483,36,,13,6,,,B
316035242,2022-10-20T12:43:15,36.78103,-121.97733,3.8,140.6,511.0,STELLA MARIS,,CFA2483,36,,13,6,,,B
338379767,2022-10-20T21:04:11,36.78081,-121.96141,7.1,20.4,511.0,SOLSTICE,,675274,36,,14,4,,,B
338379767,2022-10-20T21:05:40,36.78366,-121.95968,7.4,23.0,511.0,SOLSTICE,,675274,36,,14,4,,,B
338379767,2022-10-20T21:07:10,36.78647,-121.95799,7.6,6.2,511.0,SOLSTICE,,675274,36,,14,4,,,B
338379767,2022-10-20T21:08:40,36.78906,-121.95580,7.2,44.9,511.0,SOLSTICE,,675274,36,,14,4,,,B
338379767,2022-10-20T21:09:41,36.79100,-121.95467,7.7,19.5,511.0,SOLSTICE,,675274,36,,14,4,,,B
338379767,2022-10-20T21:10:42,36.79293,-121.95347,7.8,33.0,511.0,SOLSTICE,,675274,36,,14,4,,,B
368082290,2022-11-26T19:07:13,36.79580,-121.95399,12.5,193.2,511.0,GODDESS FANTASY,,WDK7216,60,,26,6,,,B
368082290,2022-11-26T19:08:43,36.79188,-121.95547,5.9,199.6,511.0,GODDESS FANTASY,,WDK7216,60,,26,6,,,B
368082290,2022-11-26T19:10:14,36.78990,-121.95648,4.7,197.4,511.0,GODDESS FANTASY,,WDK7216,60,,26,6,,,B
368082290,2022-11-26T19:11:42,36.78847,-121.95705,2.3,193.1,511.0,GODDESS FANTASY,,WDK7216,60,,26,6,,,B
368082290,2022-11-26T19:12:44,36.78732,-121.95799,8.9,215.8,511.0,GODDESS FANTASY,,WDK7216,60,,26,6,,,B
368082290,2022-11-26T19:14:12,36.79027,-121.95916,12.5,27.9,511.0,GODDESS FANTASY,,WDK7216,60,,26,6,,,B
368082290,2022-11-26T19:15:13,36.79314,-121.95663,11.4,42.3,511.0,GODDESS FANTASY,,WDK7216,60,,26,6,,,B
368082290,2022-11-26T19:16:14,36.79407,-121.95520,2.3,73.3,511.0,GODDESS FANTASY,,WDK7216,60,,26,6,,,B
368082290,2022-11-26T19:17:43,36.79403,-121.95470,0.5,76.3,511.0,GODDESS FANTASY,,WDK7216,60,,26,6,,,B
368082290,2022-11-26T19:19:13,36.79398,-121.95454,0.7,91.5,511.0,GODDESS FANTASY,,WDK7216,60,,26,6,,,B
368082290,2022-11-26T19:20:42,36.79399,-121.95421,1.5,63.7,511.0,GODDESS FANTASY,,WDK7216,60,,26,6,,,B
368082290,2022-11-28T19:14:41,36.81547,-121.95555,12.8,181.5,511.0,GODDESS FANTASY,,WDK7216,60,,26,6,,,B
368082290,2022-11-28T19:15:42,36.81215,-121.95587,12.1,189.7,511.0,GODDESS FANTASY,,WDK7216,60,,26,6,,,B
368082290,2022-11-28T19:16:43,36.80891,-121.95561,13.4,147.3,511.0,GODDESS FANTASY,,WDK7216,60,,26,6,,,B
367766000,2022-08-15T03:52:15,36.78154,-121.98632,7.3,356.3,354.0,WESTERN FLYER,IMO8990902,WDD2611,90,0,35,16,3.6,33,A
367766000,2022-08-15T03:53:17,36.78363,-121.98648,7.3,355.3,354.0,WESTERN FLYER,IMO8990902,WDD2611,90,0,35,16,3.6,33,A
367766000,2022-08-15T03:54:19,36.78584,-121.98665,7.5,355.2,353.0,WESTERN FLYER,IMO8990902,WDD2611,90,0,35,16,3.6,33,A
367766000,2022-08-15T03:55:23,36.78795,-121.98681,7.1,355.9,354.0,WESTERN FLYER,IMO8990902,WDD2611,90,0,35,16,3.6,33,A
367766000,2022-08-15T03:56:26,36.79010,-121.98699,7.2,355.6,355.0,WESTERN FLYER,IMO8990902,WDD2611,90,0,35,16,3.6,33,A
367766000,2022-08-15T03:57:28,36.79218,-121.98717,7.2,356.4,356.0,WESTERN FLYER,IMO8990902,WDD2611,90,0,35,16,3.6,33,A
367766000,2022-08-15T03:58:29,36.79422,-121.98733,7.3,358.2,354.0,WESTERN FLYER,IMO8990902,WDD2611,90,0,35,16,3.6,33,A
367766000,2022-08-15T03:59:39,36.79656,-121.98756,7.4,355.0,355.0,WESTERN FLYER,IMO8990902,WDD2611,90,0,35,16,3.6,33,A
367766000,2022-08-15T03:59:59,36.79731,-121.98763,7.4,354.1,354.0,WESTERN FLYER,IMO8990902,WDD2611,90,0,35,16,3.6,33,A
367766000,2022-08-15T04:01:01,36.79945,-121.98786,7.5,355.3,355.0,WESTERN FLYER,IMO8990902,WDD2611,90,0,35,16,3.6,33,A
367766000,2022-08-15T04:02:02,36.80156,-121.98809,7.5,353.7,355.0,WESTERN FLYER,IMO8990902,WDD2611,90,0,35,16,3.6,33,A
367766000,2022-08-15T04:03:07,36.80382,-121.98834,7.4,352.4,354.0,WESTERN FLYER,IMO8990902,WDD2611,90,0,35,16,3.6,33,A
367766000,2022-08-15T04:04:08,36.80600,-121.98839,7.6,359.5,359.0,WESTERN FLYER,IMO8990902,WDD2611,90,0,35,16,3.6,33,A
367766000,2022-08-15T04:05:09,36.80822,-121.98840,7.7,1.3,0.0,WESTERN FLYER,IMO8990902,WDD2611,90,0,35,16,3.6,33,A
367766000,2022-08-15T04:06:11,36.81036,-121.98842,7.7,358.3,359.0,WESTERN FLYER,IMO8990902,WDD2611,90,0,35,16,3.6,33,A
367766000,2022-08-15T04:07:14,36.81265,-121.98844,7.7,357.9,359.0,WESTERN FLYER,IMO8990902,WDD2611,90,0,35,16,3.6,33,A
367766000,2022-08-15T04:08:18,36.81494,-121.98845,7.7,1.2,0.0,WESTERN FLYER,IMO8990902,WDD2611,90,0,35,16,3.6,33,A
367766000,2022-08-15T04:43:52,36.81624,-121.98480,1.0,164.3,329.0,WESTERN FLYER,IMO8990902,WDD2611,90,0,35,16,3.6,33,A
367766000,2022-08-15T04:44:55,36.81599,-121.98460,1.0,164.9,333.0,WESTERN FLYER,IMO8990902,WDD2611,90,0,35,16,3.6,33,A
367766000,2022-08-15T04:45:57,36.81575,-121.98441,1.0,156.2,330.0,WESTERN FLYER,IMO8990902,WDD2611,90,0,35,16,3.6,33,A
367766000,2022-08-15T04:46:59,36.81549,-121.98419,1.1,135.4,328.0,WESTERN FLYER,IMO8990902,WDD2611,90,0,35,16,3.6,33,A
367766000,2022-08-15T04:48:03,36.81525,-121.98398,0.8,135.2,330.0,WESTERN FLYER,IMO8990902,WDD2611,90,0,35,16,3.6,33,A
367766000,2022-08-15T04:49:04,36.81502,-121.98377,0.9,134.4,329.0,WESTERN FLYER,IMO8990902,WDD2611,90,0,35,16,3.6,33,A
367766000,2022-08-15T04:50:07,36.81480,-121.98357,0.8,138.8,330.0,WESTERN FLYER,IMO8990902,WDD2611,90,0,35,16,3.6,33,A
367766000,2022-08-15T04:51:13,36.81458,-121.98338,0.7,141.5,333.0,WESTERN FLYER,IMO8990902,WDD2611,90,0,35,16,3.6,33,A
367766000,2022-08-15T04:52:15,36.81438,-121.98319,0.8,119.6,331.0,WESTERN FLYER,IMO8990902,WDD2611,90,0,35,16,3.6,33,A
367766000,2022-08-15T04:53:18,36.81416,-121.98299,0.7,146.0,330.0,WESTERN FLYER,IMO8990902,WDD2611,90,0,35,16,3.6,33,A
367766000,2022-08-15T04:54:19,36.81399,-121.98280,0.8,139.1,327.0,WESTERN FLYER,IMO8990902,WDD2611,90,0,35,16,3.6,33,A
367766000,2022-08-15T04:55:22,36.81377,-121.98261,0.8,158.3,329.0,WESTERN FLYER,IMO8990902,WDD2611,90,0,35,16,3.6,33,A
367766000,2022-08-15T04:56:25,36.81352,-121.98241,1.0,152.4,331.0,WESTERN FLYER,IMO8990902,WDD2611,90,0,35,16,3.6,33,A
367766000,2022-08-15T04:57:26,36.81329,-121.98221,0.9,144.2,332.0,WESTERN FLYER,IMO8990902,WDD2611,90,0,35,16,3.6,33,A
367766000,2022-08-15T04:58:28,36.81303,-121.98199,1.2,147.9,330.0,WESTERN FLYER,IMO8990902,WDD2611,90,0,35,16,3.6,33,A
367766000,2022-08-15T04:59:29,36.81276,-121.98176,1.1,147.7,329.0,WESTERN FLYER,IMO8990902,WDD2611,90,0,35,16,3.6,33,A
367766000,2022-08-15T05:00:01,36.81262,-121.98165,1.0,149.7,329.0,WESTERN FLYER,IMO8990902,WDD2611,90,0,35,16,3.6,33,A
367766000,2022-08-15T05:01:05,36.81236,-121.98146,0.9,149.4,329.0,WESTERN FLYER,IMO8990902,WDD2611,90,0,35,16,3.6,33,A
367766000,2022-08-15T05:02:09,36.81212,-121.98127,1.1,143.2,329.0,WESTERN FLYER,IMO8990902,WDD2611,90,0,35,16,3.6,33,A
367766000,2022-08-15T05:03:12,36.81186,-121.98106,1.1,132.5,328.0,WESTERN FLYER,IMO8990902,WDD2611,90,0,35,16,3.6,33,A
367766000,2022-08-15T05:04:13,36.81161,-121.98088,1.1,145.3,331.0,WESTERN FLYER,IMO8990902,WDD2611,90,0,35,16,3.6,33,A
367766000,2022-08-15T05:05:19,36.81135,-121.98071,0.9,149.9,329.0,WESTERN FLYER,IMO8990902,WDD2611,90,0,35,16,3.6,33,A
367766000,2022-08-15T05:06:22,36.81109,-121.98052,1.0,149.3,331.0,WESTERN FLYER,IMO8990902,WDD2611,90,0,35,16,3.6,33,A
367766000,2022-08-15T05:07:23,36.81085,-121.98032,1.0,142.2,330.0,WESTERN FLYER,IMO8990902,WDD2611,90,0,35,16,3.6,33,A
367766000,2022-08-15T05:08:29,36.81056,-121.98007,1.0,137.7,331.0,WESTERN FLYER,IMO8990902,WDD2611,90,0,35,16,3.6,33,A
367766000,2022-08-15T05:09:30,36.81037,-121.97992,0.6,163.8,327.0,WESTERN FLYER,IMO8990902,WDD2611,90,0,35,16,3.6,33,A
367766000,2022-08-15T05:10:31,36.81016,-121.97977,0.9,165.7,329.0,WESTERN FLYER,IMO8990902,WDD2611,90,0,35,16,3.6,33,A
367766000,2022-08-15T05:11:32,36.80992,-121.97959,0.9,149.1,328.0,WESTERN FLYER,IMO8990902,WDD2611,90,0,35,16,3.6,33,A
367766000,2022-08-15T05:12:34,36.80966,-121.97939,0.9,139.3,330.0,WESTERN FLYER,IMO8990902,WDD2611,90,0,35,16,3.6,33,A
367766000,2022-08-15T05:13:37,36.80938,-121.97921,1.2,169.8,331.0,WESTERN FLYER,IMO8990902,WDD2611,90,0,35,16,3.6,33,A
367766000,2022-08-15T05:14:38,36.80916,-121.97902,0.8,155.8,332.0,WESTERN FLYER,IMO8990902,WDD2611,90,0,35,16,3.6,33,A
367766000,2022-08-15T05:15:40,36.80895,-121.97888,0.9,161.5,332.0,WESTERN FLYER,IMO8990902,WDD2611,90,0,35,16,3.6,33,A
367766000,2022-08-15T05:16:44,36.80874,-121.97874,0.8,155.3,327.0,WESTERN FLYER,IMO8990902,WDD2611,90,0,35,16,3.6,33,A
367766000,2022-08-15T05:17:47,36.80846,-121.97854,1.0,155.9,329.0,WESTERN FLYER,IMO8990902,WDD2611,90,0,35,16,3.6,33,A
367766000,2022-08-15T05:18:48,36.80819,-121.97834,1.0,146.0,330.0,WESTERN FLYER,IMO8990902,WDD2611,90,0,35,16,3.6,33,A
367766000,2022-08-15T05:19:55,36.80787,-121.97816,1.1,158.8,329.0,WESTERN FLYER,IMO8990902,WDD2611,90,0,35,16,3.6,33,A
367766000,2022-08-15T05:20:56,36.80761,-121.97797,1.0,147.4,329.0,WESTERN FLYER,IMO8990902,WDD2611,90,0,35,16,3.6,33,A
367766000,2022-08-15T05:21:58,36.80744,-121.97784,0.4,144.0,331.0,WESTERN FLYER,IMO8990902,WDD2611,90,0,35,16,3.6,33,A
367766000,2022-08-15T05:23:01,36.80740,-121.97777,0.1,91.2,326.0,WESTERN FLYER,IMO8990902,WDD2611,90,0,35,16,3.6,33,A
367766000,2022-08-15T05:24:03,36.80742,-121.97770,0.1,19.9,330.0,WESTERN FLYER,IMO8990902,WDD2611,90,0,35,16,3.6,33,A
367766000,2022-08-15T05:25:04,36.80747,-121.97773,0.2,343.2,317.0,WESTERN FLYER,IMO8990902,WDD2611,90,0,35,16,3.6,33,A
367766000,2022-08-15T05:26:07,36.80752,-121.97788,0.5,272.8,309.0,WESTERN FLYER,IMO8990902,WDD2611,90,0,35,16,3.6,33,A
367766000,2022-08-15T05:27:10,36.80758,-121.97804,0.5,279.3,309.0,WESTERN FLYER,IMO8990902,WDD2611,90,0,35,16,3.6,33,A
367766000,2022-08-15T05:28:17,36.80765,-121.97825,0.6,289.1,309.0,WESTERN FLYER,IMO8990902,WDD2611,90,0,35,16,3.6,33,A
367766000,2022-08-15T05:29:20,36.80772,-121.97845,0.5,291.3,310.0,WESTERN FLYER,IMO8990902,WDD2611,90,0,35,16,3.6,33,A
367766000,2022-08-15T05:30:21,36.80779,-121.97863,0.6,302.1,310.0,WESTERN FLYER,IMO8990902,WDD2611,90,0,35,16,3.6,33,A
367766000,2022-08-15T05:31:24,36.80789,-121.97888,0.7,310.7,311.0,WESTERN FLYER,IMO8990902,WDD2611,90,0,35,16,3.6,33,A
367766000,2022-08-15T05:32:25,36.80800,-121.97916,0.8,287.3,310.0,WESTERN FLYER,IMO8990902,WDD2611,90,0,35,16,3.6,33,A
367766000,2022-08-15T05:33:27,36.80809,-121.97940,0.7,283.7,310.0,WESTERN FLYER,IMO8990902,WDD2611,90,0,35,16,3.6,33,A
367766000,2022-08-15T05:34:32,36.80816,-121.97962,0.5,301.3,309.0,WESTERN FLYER,IMO8990902,WDD2611,90,0,35,16,3.6,33,A
367766000,2022-08-15T05:35:34,36.80814,-121.97971,0.1,262.0,309.0,WESTERN FLYER,IMO8990902,WDD2611,90,0,35,16,3.6,33,A
367766000,2022-08-15T05:36:36,36.80806,-121.97974,0.2,178.8,310.0,WESTERN FLYER,IMO8990902,WDD2611,90,0,35,16,3.6,33,A
367766000,2022-08-15T05:37:38,36.80796,-121.97971,0.4,168.3,309.0,WESTERN FLYER,IMO8990902,WDD2611,90,0,35,16,3.6,33,A
367766000,2022-08-15T05:38:40,36.80783,-121.97964,0.4,145.6,310.0,WESTERN FLYER,IMO8990902,WDD2611,90,0,35,16,3.6,33,A
367766000,2022-08-15T05:39:42,36.80768,-121.97955,0.7,161.1,309.0,WESTERN FLYER,IMO8990902,WDD2611,90,0,35,16,3.6,33,A
367766000,2022-08-15T05:40:45,36.80750,-121.97943,0.7,162.0,309.0,WESTERN FLYER,IMO8990902,WDD2611,90,0,35,16,3.6,33,A
367766000,2022-08-15T05:41:46,36.80734,-121.97933,0.5,141.6,310.0,WESTERN FLYER,IMO8990902,WDD2611,90,0,35,16,3.6,33,A
367766000,2022-08-15T05:42:49,36.80718,-121.97924,0.6,155.9,310.0,WESTERN FLYER,IMO8990902,WDD2611,90,0,35,16,3.6,33,A
367766000,2022-08-15T05:43:50,36.80702,-121.97909,0.7,125.8,310.0,WESTERN FLYER,IMO8990902,WDD2611,90,0,35,16,3.6,33,A
367766000,2022-08-15T05:44:52,36.80682,-121.97894,0.8,161.1,309.0,WESTERN FLYER,IMO8990902,WDD2611,90,0,35,16,3.6,33,A
367766000,2022-08-15T05:45:55,36.80665,-121.97879,0.7,144.4,309.0,WESTERN FLYER,IMO8990902,WDD2611,90,0,35,16,3.6,33,A
367766000,2022-08-15T05:46:56,36.80645,-121.97863,0.8,155.3,310.0,WESTERN FLYER,IMO8990902,WDD2611,90,0,35,16,3.6,33,A
367766000,2022-08-15T05:47:57,36.80626,-121.97848,0.7,154.2,310.0,WESTERN FLYER,IMO8990902,WDD2611,90,0,35,16,3.6,33,A
367766000,2022-08-15T05:48:58,36.80608,-121.97834,0.7,140.5,309.0,WESTERN FLYER,IMO8990902,WDD2611,90,0,35,16,3.6,33,A
367766000,2022-08-15T05:50:01,36.80588,-121.97820,0.9,165.8,309.0,WESTERN FLYER,IMO8990902,WDD2611,90,0,35,16,3.6,33,A
367766000,2022-08-15T05:51:18,36.80565,-121.97799,0.8,158.9,310.0,WESTERN FLYER,IMO8990902,WDD2611,90,0,35,16,3.6,33,A
367766000,2022-08-15T05:52:22,36.80546,-121.97782,0.7,149.5,309.0,WESTERN FLYER,IMO8990902,WDD2611,90,0,35,16,3.6,33,A
367766000,2022-08-15T05:53:23,36.80526,-121.97765,0.8,134.8,311.0,WESTERN FLYER,IMO8990902,WDD2611,90,0,35,16,3.6,33,A
367766000,2022-08-15T05:54:24,36.80506,-121.97749,0.9,131.2,309.0,WESTERN FLYER,IMO8990902,WDD2611,90,0,35,16,3.6,33,A
367766000,2022-08-15T05:55:28,36.80486,-121.97729,0.8,132.0,310.0,WESTERN FLYER,IMO8990902,WDD2611,90,0,35,16,3.6,33,A
367766000,2022-08-15T05:56:29,36.80465,-121.97711,0.8,146.7,309.0,WESTERN FLYER,IMO8990902,WDD2611,90,0,35,16,3.6,33,A
367766000,2022-08-15T05:57:31,36.80444,-121.97693,0.8,141.3,307.0,WESTERN FLYER,IMO8990902,WDD2611,90,0,35,16,3.6,33,A
367766000,2022-08-15T05:58:35,36.80424,-121.97675,0.8,143.8,309.0,WESTERN FLYER,IMO8990902,WDD2611,90,0,35,16,3.6,33,A
367766000,2022-08-15T05:59:37,36.80404,-121.97656,0.9,137.3,310.0,WESTERN FLYER,IMO8990902,WDD2611,90,0,35,16,3.6,33,A
367766000,2022-08-15T06:00:02,36.80396,-121.97649,0.8,143.1,309.0,WESTERN FLYER,IMO8990902,WDD2611,90,0,35,16,3.6,33,A
367766000,2022-08-15T06:01:04,36.80376,-121.97631,0.8,140.1,310.0,WESTERN FLYER,IMO8990902,WDD2611,90,0,35,16,3.6,33,A
367766000,2022-08-15T06:02:06,36.80354,-121.97613,0.8,149.1,309.0,WESTERN FLYER,IMO8990902,WDD2611,90,0,35,16,3.6,33,A
367766000,2022-08-15T06:03:07,36.80335,-121.97595,0.9,145.5,309.0,WESTERN FLYER,IMO8990902,WDD2611,90,0,35,16,3.6,33,A
367766000,2022-08-15T06:04:10,36.80315,-121.97577,0.8,144.7,310.0,WESTERN FLYER,IMO8990902,WDD2611,90,0,35,16,3.6,33,A
367766000,2022-08-15T06:05:12,36.80294,-121.97558,0.8,147.6,310.0,WESTERN FLYER,IMO8990902,WDD2611,90,0,35,16,3.6,33,A
367766000,2022-08-15T06:06:13,36.80276,-121.97542,0.8,149.4,310.0,WESTERN FLYER,IMO8990902,WDD2611,90,0,35,16,3.6,33,A
367766000,2022-08-15T06:07:14,36.80259,-121.97527,0.6,136.1,310.0,WESTERN FLYER,IMO8990902,WDD2611,90,0,35,16,3.6,33,A
367766000,2022-08-15T06:08:16,36.80240,-121.97512,0.8,149.1,310.0,WESTERN FLYER,IMO8990902,WDD2611,90,0,35,16,3.6,33,A
367766000,2022-08-15T06:09:25,36.80219,-121.97495,0.8,146.3,310.0,WESTERN FLYER,IMO8990902,WDD2611,90,0,35,16,3.6,33,A
367766000,2022-08-15T06:10:27,36.80200,-121.97479,0.8,154.4,309.0,WESTERN FLYER,IMO8990902,WDD2611,90,0,35,16,3.6,33,A
367766000,2022-08-15T06:11:28,36.80181,-121.97463,0.9,155.3,309.0,WESTERN FLYER,IMO8990902,WDD2611,90,0,35,16,3.6,33,A
367766000,2022-08-15T06:12:29,36.80163,-121.97444,0.9,129.3,309.0,WESTERN FLYER,IMO8990902,WDD2611,90,0,35,16,3.6,33,A
367766000,2022-08-15T06:13:31,36.80143,-121.97424,0.8,150.1,311.0,WESTERN FLYER,IMO8990902,WDD2611,90,0,35,16,3.6,33,A
367766000,2022-08-15T06:14:32,36.80124,-121.97402,0.9,143.2,310.0,WESTERN FLYER,IMO8990902,WDD2611,90,0,35,16,3.6,33,A
367766000,2022-08-15T06:15:35,36.80105,-121.97382,0.8,136.8,309.0,WESTERN FLYER,IMO8990902,WDD2611,90,0,35,16,3.6,33,A
367766000,2022-08-15T06:16:39,36.80091,-121.97369,0.0,210.9,312.0,WESTERN FLYER,IMO8990902,WDD2611,90,0,35,16,3.6,33,A
367766000,2022-08-15T06:17:43,36.80100,-121.97382,0.7,317.5,321.0,WESTERN FLYER,IMO8990902,WDD2611,90,0,35,16,3.6,33,A
367766000,2022-08-15T06:18:45,36.80123,-121.97397,0.8,335.9,330.0,WESTERN FLYER,IMO8990902,WDD2611,90,0,35,16,3.6,33,A
367766000,2022-08-15T06:19:47,36.80142,-121.97408,0.5,335.0,331.0,WESTERN FLYER,IMO8990902,WDD2611,90,0,35,16,3.6,33,A
367766000,2022-08-15T06:20:49,36.80159,-121.97414,0.6,348.3,331.0,WESTERN FLYER,IMO8990902,WDD2611,90,0,35,16,3.6,33,A
367766000,2022-08-15T06:21:50,36.80173,-121.97420,0.4,353.1,329.0,WESTERN FLYER,IMO8990902,WDD2611,90,0,35,16,3.6,33,A
367766000,2022-08-15T06:22:51,36.80187,-121.97426,0.4,347.9,329.0,WESTERN FLYER,IMO8990902,WDD2611,90,0,35,16,3.6,33,A
367766000,2022-08-15T06:23:54,36.80198,-121.97432,0.4,345.9,330.0,WESTERN FLYER,IMO8990902,WDD2611,90,0,35,16,3.6,33,A
367766000,2022-08-15T06:24:55,36.80210,-121.97434,0.3,352.8,330.0,WESTERN FLYER,IMO8990902,WDD2611,90,0,35,16,3.6,33,A
367766000,2022-08-15T06:25:58,36.80223,-121.97438,0.6,1.4,331.0,WESTERN FLYER,IMO8990902,WDD2611,90,0,35,16,3.6,33,A
367766000,2022-08-15T06:27:00,36.80237,-121.97443,0.5,348.2,331.0,WESTERN FLYER,IMO8990902,WDD2611,90,0,35,16,3.6,33,A
367766000,2022-08-15T06:28:01,36.80251,-121.97448,0.5,341.2,329.0,WESTERN FLYER,IMO8990902,WDD2611,90,0,35,16,3.6,33,A
367766000,2022-08-15T06:29:04,36.80264,-121.97453,0.5,350.4,329.0,WESTERN FLYER,IMO8990902,WDD2611,90,0,35,16,3.6,33,A
367766000,2022-08-15T06:30:05,36.80275,-121.97453,0.4,6.0,331.0,WESTERN FLYER,IMO8990902,WDD2611,90,0,35,16,3.6,33,A
367766000,2022-08-15T06:31:07,36.80286,-121.97454,0.3,349.2,332.0,WESTERN FLYER,IMO8990902,WDD2611,90,0,35,16,3.6,33,A
367766000,2022-08-15T06:32:09,36.80299,-121.97459,0.5,333.9,329.0,WESTERN FLYER,IMO8990902,WDD2611,90,0,35,16,3.6,33,A
367766000,2022-08-15T06:33:10,36.80311,-121.97463,0.4,358.0,328.0,WESTERN FLYER,IMO8990902,WDD2611,90,0,35,16,3.6,33,A
367766000,2022-08-15T06:34:12,36.80321,-121.97466,0.3,337.9,328.0,WESTERN FLYER,IMO8990902,WDD2611,90,0,35,16,3.6,33,A
367766000,2022-08-15T06:35:13,36.80332,-121.97469,0.3,346.6,330.0,WESTERN FLYER,IMO8990902,WDD2611,90,0,35,16,3.6,33,A
367766000,2022-08-15T06:36:17,36.80340,-121.97469,0.2,22.3,332.0,WESTERN FLYER,IMO8990902,WDD2611,90,0,35,16,3.6,33,A
367766000,2022-08-15T06:37:18,36.80348,-121.97469,0.3,2.1,329.0,WESTERN FLYER,IMO8990902,WDD2611,90,0,35,16,3.6,33,A
367766000,2022-08-15T06:38:22,36.80358,-121.97467,0.2,343.0,331.0,WESTERN FLYER,IMO8990902,WDD2611,90,0,35,16,3.6,33,A
367766000,2022-08-15T06:39:24,36.80367,-121.97466,0.2,12.0,328.0,WESTERN FLYER,IMO8990902,WDD2611,90,0,35,16,3.6,33,A
367766000,2022-08-15T06:40:26,36.80374,-121.97466,0.3,356.6,329.0,WESTERN FLYER,IMO8990902,WDD2611,90,0,35,16,3.6,33,A
367766000,2022-08-15T06:41:27,36.80382,-121.97466,0.2,356.0,330.0,WESTERN FLYER,IMO8990902,WDD2611,90,0,35,16,3.6,33,A
367766000,2022-08-15T06:42:28,36.80389,-121.97467,0.4,14.9,330.0,WESTERN FLYER,IMO8990902,WDD2611,90,0,35,16,3.6,33,A
367766000,2022-08-15T06:43:37,36.80398,-121.97473,0.3,300.7,329.0,WESTERN FLYER,IMO8990902,WDD2611,90,0,35,16,3.6,33,A
367766000,2022-08-15T06:44:40,36.80408,-121.97478,0.4,11.0,330.0,WESTERN FLYER,IMO8990902,WDD2611,90,0,35,16,3.6,33,A
367766000,2022-08-15T06:45:41,36.80416,-121.97485,0.3,331.6,329.0,WESTERN FLYER,IMO8990902,WDD2611,90,0,35,16,3.6,33,A
367766000,2022-08-15T06:46:45,36.80424,-121.97488,0.3,350.2,332.0,WESTERN FLYER,IMO8990902,WDD2611,90,0,35,16,3.6,33,A
367766000,2022-08-15T06:47:47,36.80431,-121.97490,0.1,317.8,329.0,WESTERN FLYER,IMO8990902,WDD2611,90,0,35,16,3.6,33,A
367766000,2022-08-15T06:48:48,36.80437,-121.97492,0.2,352.9,330.0,WESTERN FLYER,IMO8990902,WDD2611,90,0,35,16,3.6,33,A
367766000,2022-08-15T06:49:50,36.80446,-121.97495,0.3,350.2,330.0,WESTERN FLYER,IMO8990902,WDD2611,90,0,35,16,3.6,33,A
367766000,2022-08-15T06:50:58,36.80455,-121.97504,0.3,327.4,328.0,WESTERN FLYER,IMO8990902,WDD2611,90,0,35,16,3.6,33,A
367766000,2022-08-15T06:51:59,36.80462,-121.97509,0.3,321.0,330.0,WESTERN FLYER,IMO8990902,WDD2611,90,0,35,16,3.6,33,A
367766000,2022-08-15T06:53:01,36.80471,-121.97515,0.4,312.8,330.0,WESTERN FLYER,IMO8990902,WDD2611,90,0,35,16,3.6,33,A
367766000,2022-08-15T06:54:05,36.80481,-121.97524,0.4,314.6,328.0,WESTERN FLYER,IMO8990902,WDD2611,90,0,35,16,3.6,33,A
367766000,2022-08-15T06:55:07,36.80489,-121.97533,0.3,353.2,330.0,WESTERN FLYER,IMO8990902,WDD2611,90,0,35,16,3.6,33,A
367766000,2022-08-15T06:56:08,36.80495,-121.97540,0.3,328.0,331.0,WESTERN FLYER,IMO8990902,WDD2611,90,0,35,16,3.6,33,A
367766000,2022-08-15T06:57:09,36.80504,-121.97551,0.5,316.2,329.0,WESTERN FLYER,IMO8990902,WDD2611,90,0,35,16,3.6,33,A
367766000,2022-08-15T06:58:11,36.80518,-121.97562,0.5,329.5,329.0,WESTERN FLYER,IMO8990902,WDD2611,90,0,35,16,3.6,33,A
367766000,2022-08-15T06:59:14,36.80534,-121.97576,0.6,321.6,329.0,WESTERN FLYER,IMO8990902,WDD2611,90,0,35,16,3.6,33,A
367766000,2022-08-15T07:00:00,36.80545,-121.97588,0.7,319.3,327.0,WESTERN FLYER,IMO8990902,WDD2611,90,0,35,16,3.6,33,A
367766000,2022-08-15T07:01:03,36.80559,-121.97604,0.5,328.9,330.0,WESTERN FLYER,IMO8990902,WDD2611,90,0,35,16,3.6,33,A
367766000,2022-08-15T07:02:07,36.80571,-121.97618,0.7,283.6,330.0,WESTERN FLYER,IMO8990902,WDD2611,90,0,35,16,3.6,33,A
367766000,2022-08-15T07:03:11,36.80584,-121.97632,0.5,306.7,330.0,WESTERN FLYER,IMO8990902,WDD2611,90,0,35,16,3.6,33,A
367766000,2022-08-15T07:04:12,36.80595,-121.97645,0.5,303.8,329.0,WESTERN FLYER,IMO8990902,WDD2611,90,0,35,16,3.6,33,A
367766000,2022-08-15T07:05:14,36.80607,-121.97654,0.5,303.1,330.0,WESTERN FLYER,IMO8990902,WDD2611,90,0,35,16,3.6,33,A
367766000,2022-08-15T07:06:15,36.80616,-121.97664,0.4,319.4,330.0,WESTERN FLYER,IMO8990902,WDD2611,90,0,35,16,3.6,33,A
367766000,2022-08-15T07:07:17,36.80630,-121.97676,0.6,317.7,329.0,WESTERN FLYER,IMO8990902,WDD2611,90,0,35,16,3.6,33,A
367766000,2022-08-15T07:08:21,36.80646,-121.97691,0.7,333.6,329.0,WESTERN FLYER,IMO8990902,WDD2611,90,0,35,16,3.6,33,A
367766000,2022-08-15T07:09:23,36.80664,-121.97707,0.7,329.0,328.0,WESTERN FLYER,IMO8990902,WDD2611,90,0,35,16,3.6,33,A
367766000,2022-08-15T07:10:28,36.80679,-121.97721,0.7,331.2,330.0,WESTERN FLYER,IMO8990902,WDD2611,90,0,35,16,3.6,33,A
367766000,2022-08-15T07:11:29,36.80696,-121.97738,0.8,320.2,328.0,WESTERN FLYER,IMO8990902,WDD2611,90,0,35,16,3.6,33,A
367766000,2022-08-15T07:12:32,36.80712,-121.97759,0.7,310.3,329.0,WESTERN FLYER,IMO8990902,WDD2611,90,0,35,16,3.6,33,A
367766000,2022-08-15T07:13:34,36.80728,-121.97776,0.6,320.1,330.0,WESTERN FLYER,IMO8990902,WDD2611,90,0,35,16,3.6,33,A
367766000,2022-08-15T07:14:37,36.80742,-121.97791,0.6,313.5,330.0,WESTERN FLYER,IMO8990902,WDD2611,90,0,35,16,3.6,33,A
367766000,2022-08-15T07:15:38,36.80756,-121.97807,0.7,326.5,329.0,WESTERN FLYER,IMO8990902,WDD2611,90,0,35,16,3.6,33,A
367766000,2022-08-15T07:16:41,36.80773,-121.97823,0.7,340.9,330.0,WESTERN FLYER,IMO8990902,WDD2611,90,0,35,16,3.6,33,A
367766000,2022-08-15T07:17:42,36.80789,-121.97839,0.7,310.1,329.0,WESTERN FLYER,IMO8990902,WDD2611,90,0,35,16,3.6,33,A
367766000,2022-08-15T07:18:49,36.80808,-121.97856,0.8,311.0,330.0,WESTERN FLYER,IMO8990902,WDD2611,90,0,35,16,3.6,33,A
367766000,2022-08-15T07:19:51,36.80826,-121.97868,0.6,356.9,332.0,WESTERN FLYER,IMO8990902,WDD2611,90,0,35,16,3.6,33,A
367766000,2022-08-15T07:20:53,36.80843,-121.97880,0.6,348.0,329.0,WESTERN FLYER,IMO8990902,WDD2611,90,0,35,16,3.6,33,A
367766000,2022-08-15T07:22:01,36.80859,-121.97894,0.6,329.3,330.0,WESTERN FLYER,IMO8990902,WDD2611,90,0,35,16,3.6,33,A
367766000,2022-08-15T07:23:06,36.80875,-121.97910,0.6,322.4,330.0,WESTERN FLYER,IMO8990902,WDD2611,90,0,35,16,3.6,33,A
367766000,2022-08-15T07:24:10,36.80892,-121.97926,0.8,311.5,331.0,WESTERN FLYER,IMO8990902,WDD2611,90,0,35,16,3.6,33,A
367766000,2022-08-15T07:25:11,36.80909,-121.97942,0.6,321.3,328.0,WESTERN FLYER,IMO8990902,WDD2611,90,0,35,16,3.6,33,A
367766000,2022-08-15T07:26:15,36.80927,-121.97958,0.8,328.4,330.0,WESTERN FLYER,IMO8990902,WDD2611,90,0,35,16,3.6,33,A
367766000,2022-08-15T07:27:17,36.80945,-121.97976,0.8,305.4,329.0,WESTERN FLYER,IMO8990902,WDD2611,90,0,35,16,3.6,33,A
367766000,2022-08-15T07:28:21,36.80962,-121.97994,0.7,303.3,330.0,WESTERN FLYER,IMO8990902,WDD2611,90,0,35,16,3.6,33,A
367766000,2022-08-15T07:29:24,36.80978,-121.98009,0.6,340.7,329.0,WESTERN FLYER,IMO8990902,WDD2611,90,0,35,16,3.6,33,A
367766000,2022-08-15T07:30:27,36.80991,-121.98021,0.3,332.6,330.0,WESTERN FLYER,IMO8990902,WDD2611,90,0,35,16,3.6,33,A
367766000,2022-08-15T07:31:28,36.81003,-121.98032,0.6,315.0,329.0,WESTERN FLYER,IMO8990902,WDD2611,90,0,35,16,3.6,33,A
367766000,2022-08-15T07:32:31,36.81015,-121.98042,0.7,293.7,329.0,WESTERN FLYER,IMO8990902,WDD2611,90,0,35,16,3.6,33,A
367766000,2022-08-15T07:33:35,36.81031,-121.98052,0.6,327.9,329.0,WESTERN FLYER,IMO8990902,WDD2611,90,0,35,16,3.6,33,A
367766000,2022-08-15T07:34:39,36.81048,-121.98065,0.5,338.2,330.0,WESTERN FLYER,IMO8990902,WDD2611,90,0,35,16,3.6,33,A
367766000,2022-08-15T07:35:44,36.81062,-121.98071,0.5,0.2,330.0,WESTERN FLYER,IMO8990902,WDD2611,90,0,35,16,3.6,33,A
367766000,2022-08-15T07:36:47,36.81078,-121.98081,0.5,352.0,329.0,WESTERN FLYER,IMO8990902,WDD2611,90,0,35,16,3.6,33,A
367766000,2022-08-15T07:37:49,36.81092,-121.98090,0.5,335.9,329.0,WESTERN FLYER,IMO8990902,WDD2611,90,0,35,16,3.6,33,A
367766000,2022-08-15T07:38:50,36.81104,-121.98098,0.6,319.6,330.0,WESTERN FLYER,IMO8990902,WDD2611,90,0,35,16,3.6,33,A
367766000,2022-08-15T07:39:54,36.81118,-121.98107,0.5,341.2,329.0,WESTERN FLYER,IMO8990902,WDD2611,90,0,35,16,3.6,33,A
367766000,2022-08-15T07:40:59,36.81132,-121.98119,0.6,318.5,329.0,WESTERN FLYER,IMO8990902,WDD2611,90,0,35,16,3.6,33,A
367766000,2022-08-15T07:42:05,36.81146,-121.98129,0.4,322.2,330.0,WESTERN FLYER,IMO8990902,WDD2611,90,0,35,16,3.6,33,A
367766000,2022-08-15T07:43:06,36.81159,-121.98139,0.6,323.8,330.0,WESTERN FLYER,IMO8990902,WDD2611,90,0,35,16,3.6,33,A
367766000,2022-08-15T07:44:07,36.81174,-121.98150,0.6,327.5,330.0,WESTERN FLYER,IMO8990902,WDD2611,90,0,35,16,3.6,33,A
367766000,2022-08-15T07:45:08,36.81188,-121.98158,0.4,327.8,329.0,WESTERN FLYER,IMO8990902,WDD2611,90,0,35,16,3.6,33,A
367766000,2022-08-15T07:46:11,36.81202,-121.98169,0.6,305.4,328.0,WESTERN FLYER,IMO8990902,WDD2611,90,0,35,16,3.6,33,A
367766000,2022-08-15T07:47:16,36.81218,-121.98180,0.6,318.1,328.0,WESTERN FLYER,IMO8990902,WDD2611,90,0,35,16,3.6,33,A
367766000,2022-08-15T07:48:17,36.81234,-121.98191,0.5,342.3,331.0,WESTERN FLYER,IMO8990902,WDD2611,90,0,35,16,3.6,33,A
367766000,2022-08-15T07:49:18,36.81248,-121.98200,0.5,314.6,330.0,WESTERN FLYER,IMO8990902,WDD2611,90,0,35,16,3.6,33,A
367766000,2022-08-15T07:50:19,36.81263,-121.98209,0.6,339.4,331.0,WESTERN FLYER,IMO8990902,WDD2611,90,0,35,16,3.6,33,A
367766000,2022-08-15T07:51:21,36.81279,-121.98222,0.6,321.9,329.0,WESTERN FLYER,IMO8990902,WDD2611,90,0,35,16,3.6,33,A
367766000,2022-08-15T07:52:22,36.81294,-121.98231,0.6,331.7,330.0,WESTERN FLYER,IMO8990902,WDD2611,90,0,35,16,3.6,33,A
367766000,2022-08-15T07:53:23,36.81308,-121.98240,0.7,343.2,329.0,WESTERN FLYER,IMO8990902,WDD2611,90,0,35,16,3.6,33,A
367766000,2022-08-15T07:54:25,36.81323,-121.98253,0.5,320.4,331.0,WESTERN FLYER,IMO8990902,WDD2611,90,0,35,16,3.6,33,A
367766000,2022-08-15T07:55:26,36.81340,-121.98264,0.6,350.8,329.0,WESTERN FLYER,IMO8990902,WDD2611,90,0,35,16,3.6,33,A
367766000,2022-08-15T07:56:27,36.81355,-121.98274,0.7,340.6,328.0,WESTERN FLYER,IMO8990902,WDD2611,90,0,35,16,3.6,33,A
367766000,2022-08-15T07:57:30,36.81371,-121.98284,0.7,347.0,331.0,WESTERN FLYER,IMO8990902,WDD2611,90,0,35,16,3.6,33,A
367766000,2022-08-15T07:58:34,36.81389,-121.98298,0.7,332.4,330.0,WESTERN FLYER,IMO8990902,WDD2611,90,0,35,16,3.6,33,A
367766000,2022-08-15T07:59:38,36.81407,-121.98311,0.6,335.9,330.0,WESTERN FLYER,IMO8990902,WDD2611,90,0,35,16,3.6,33,A
367766000,2022-08-15T08:00:03,36.81414,-121.98315,0.7,345.9,330.0,WESTERN FLYER,IMO8990902,WDD2611,90,0,35,16,3.6,33,A
367766000,2022-08-15T08:01:08,36.81434,-121.98327,0.7,334.4,330.0,WESTERN FLYER,IMO8990902,WDD2611,90,0,35,16,3.6,33,A
367766000,2022-08-15T08:02:10,36.81450,-121.98338,0.5,327.8,329.0,WESTERN FLYER,IMO8990902,WDD2611,90,0,35,16,3.6,33,A
367766000,2022-08-15T08:03:20,36.81469,-121.98352,0.6,331.3,330.0,WESTERN FLYER,IMO8990902,WDD2611,90,0,35,16,3.6,33,A
367766000,2022-08-15T08:04:23,36.81488,-121.98364,0.7,334.0,330.0,WESTERN FLYER,IMO8990902,WDD2611,90,0,35,16,3.6,33,A
367766000,2022-08-15T08:05:24,36.81508,-121.98377,0.8,338.3,329.0,WESTERN FLYER,IMO8990902,WDD2611,90,0,35,16,3.6,33,A
367766000,2022-08-15T08:06:27,36.81528,-121.98390,0.7,335.0,328.0,WESTERN FLYER,IMO8990902,WDD2611,90,0,35,16,3.6,33,A
367766000,2022-08-15T08:07:28,36.81548,-121.98405,0.8,320.9,330.0,WESTERN FLYER,IMO8990902,WDD2611,90,0,35,16,3.6,33,A
367766000,2022-08-15T08:08:30,36.81567,-121.98417,0.8,354.8,329.0,WESTERN FLYER,IMO8990902,WDD2611,90,0,35,16,3.6,33,A
367766000,2022-08-15T08:09:32,36.81588,-121.98431,0.8,344.0,330.0,WESTERN FLYER,IMO8990902,WDD2611,90,0,35,16,3.6,33,A
367766000,2022-08-15T08:10:33,36.81608,-121.98445,0.8,327.3,330.0,WESTERN FLYER,IMO8990902,WDD2611,90,0,35,16,3.6,33,A
367766000,2022-08-15T08:11:34,36.81629,-121.98457,0.7,345.2,331.0,WESTERN FLYER,IMO8990902,WDD2611,90,0,35,16,3.6,33,A
367766000,2022-08-15T10:18:45,36.81620,-121.99822,4.6,211.1,210.0,WESTERN FLYER,IMO8990902,WDD2611,90,0,35,16,3.6,33,A
316018088,2022-09-23T16:58:21,36.81506,-121.96247,5.5,165.6,511.0,PEREGRINE,,CFK9707,36,,,,,,B
316018088,2022-09-23T16:59:51,36.81265,-121.96167,5.8,166.9,511.0,PEREGRINE,,CFK9707,36,,,,,,B
316018088,2022-09-23T17:00:21,36.81183,-121.96143,6.4,162.1,511.0,PEREGRINE,,CFK9707,36,,,,,,B
316018088,2022-09-23T17:01:52,36.80938,-121.96063,5.8,165.3,511.0,PEREGRINE,,CFK9707,36,,,,,,B
316018088,2022-09-23T17:03:21,36.80702,-121.95980,6.0,166.6,511.0,PEREGRINE,,CFK9707,36,,,,,,B
316018088,2022-09-23T17:04:51,36.80465,-121.95895,6.3,159.5,511.0,PEREGRINE,,CFK9707,36,,,,,,B
316018088,2022-09-23T17:06:21,36.80224,-121.95816,5.3,168.4,511.0,PEREGRINE,,CFK9707,36,,,,,,B
316018088,2022-09-23T17:07:51,36.79987,-121.95736,5.8,161.3,511.0,PEREGRINE,,CFK9707,36,,,,,,B
316018088,2022-09-23T17:09:23,36.79749,-121.95656,6.2,162.4,511.0,PEREGRINE,,CFK9707,36,,,,,,B
316018088,2022-09-23T17:10:51,36.79510,-121.95583,5.9,166.0,511.0,PEREGRINE,,CFK9707,36,,,,,,B
316018088,2022-09-23T17:11:53,36.79346,-121.95528,5.9,169.7,511.0,PEREGRINE,,CFK9707,36,,,,,,B
316018088,2022-09-23T17:13:21,36.79113,-121.95460,5.3,166.9,511.0,PEREGRINE,,CFK9707,36,,,,,,B
316018088,2022-09-23T17:14:22,36.78952,-121.95408,7.0,162.0,511.0,PEREGRINE,,CFK9707,36,,,,,,B
316018088,2022-09-23T17:15:51,36.78718,-121.95337,5.7,164.3,511.0,PEREGRINE,,CFK9707,36,,,,,,B
366947980,2022-10-02T17:35:51,36.81514,-121.96798,6.8,187.1,511.0,MAGIC,,WAD7299,37,,,,,,B
366947980,2022-10-02T17:37:20,36.81246,-121.96832,6.5,189.8,511.0,MAGIC,,WAD7299,37,,,,,,B
366947980,2022-10-02T17:38:21,36.81059,-121.96856,6.3,185.9,511.0,MAGIC,,WAD7299,37,,,,,,B
366947980,2022-10-02T17:39:22,36.80876,-121.96877,6.4,187.5,511.0,MAGIC,,WAD7299,37,,,,,,B
366947980,2022-10-02T17:40:48,36.80661,-121.96744,6.3,125.5,511.0,MAGIC,,WAD7299,37,,,,,,B
366947980,2022-10-02T17:42:18,36.80546,-121.96454,6.1,111.9,511.0,MAGIC,,WAD7299,37,,,,,,B
366947980,2022-10-02T17:43:20,36.80458,-121.96265,6.1,150.3,511.0,MAGIC,,WAD7299,37,,,,,,B
366947980,2022-10-02T17:44:48,36.80222,-121.96140,6.4,159.4,511.0,MAGIC,,WAD7299,37,,,,,,B
366947980,2022-10-02T17:46:18,36.79980,-121.96022,6.3,160.6,511.0,MAGIC,,WAD7299,37,,,,,,B
366947980,2022-10-02T17:47:48,36.79742,-121.95902,6.3,153.3,511.0,MAGIC,,WAD7299,37,,,,,,B
366947980,2022-10-02T17:49:18,36.79526,-121.95734,6.0,133.2,511.0,MAGIC,,WAD7299,37,,,,,,B
366947980,2022-10-02T17:50:19,36.79406,-121.95581,6.6,135.7,511.0,MAGIC,,WAD7299,37,,,,,,B
366947980,2022-10-02T17:51:48,36.79220,-121.95367,6.4,142.1,511.0,MAGIC,,WAD7299,37,,,,,,B
367460560,2022-09-22T14:21:56,36.78422,-121.99743,6.0,139.2,511.0,GERSHON II,,WDF5207,60,,15,4,,,B
367460560,2022-09-22T14:23:25,36.78231,-121.99552,6.1,145.0,511.0,GERSHON II,,WDF5207,60,,15,4,,,B
367799990,2022-07-07T15:14:12,36.81545,-121.96697,7.9,161.6,511.0,TIERRA LYNN,,WDJ6664,37,,,,,,B
367799990,2022-07-07T15:15:41,36.81243,-121.96584,7.8,166.1,511.0,TIERRA LYNN,,WDJ6664,37,,,,,,B
367799990,2022-07-07T15:17:12,36.80936,-121.96463,7.1,162.1,511.0,TIERRA LYNN,,WDJ6664,37,,,,,,B
367799990,2022-07-07T15:18:13,36.80729,-121.96385,8.0,161.6,511.0,TIERRA LYNN,,WDJ6664,37,,,,,,B
367799990,2022-07-07T15:19:14,36.80523,-121.96305,7.7,159.7,511.0,TIERRA LYNN,,WDJ6664,37,,,,,,B
367799990,2022-07-07T15:20:41,36.80232,-121.96188,7.1,163.4,511.0,TIERRA LYNN,,WDJ6664,37,,,,,,B
367799990,2022-07-07T15:21:42,36.80031,-121.96101,7.2,163.5,511.0,TIERRA LYNN,,WDJ6664,37,,,,,,B
367799990,2022-07-07T15:23:12,36.79732,-121.95985,7.4,164.4,511.0,TIERRA LYNN,,WDJ6664,37,,,,,,B
367799990,2022-07-07T15:24:42,36.79441,-121.95861,7.2,162.4,511.0,TIERRA LYNN,,WDJ6664,37,,,,,,B
367799990,2022-07-07T15:25:43,36.79242,-121.95781,7.4,161.9,511.0,TIERRA LYNN,,WDJ6664,37,,,,,,B
367799990,2022-07-07T15:27:11,36.78956,-121.95664,7.4,166.8,511.0,TIERRA LYNN,,WDJ6664,37,,,,,,B
367799990,2022-07-07T15:28:42,36.78658,-121.95544,7.7,161.6,511.0,TIERRA LYNN,,WDJ6664,37,,,,,,B
367799990,2022-07-07T15:30:42,36.78268,-121.95384,7.5,161.1,511.0,TIERRA LYNN,,WDJ6664,37,,,,,,B
367394850,2022-09-14T17:17:27,36.81542,-121.96258,6.5,159.2,511.0,AMAZING GRACE III,,WDE7568,37,,13,4,,,B
367394850,2022-09-14T17:18:57,36.81293,-121.96148,6.4,160.7,511.0,AMAZING GRACE III,,WDE7568,37,,13,4,,,B
367394850,2022-09-14T17:20:26,36.81042,-121.96033,6.4,156.7,511.0,AMAZING GRACE III,,WDE7568,37,,13,4,,,B
367394850,2022-09-14T17:21:27,36.80873,-121.95954,6.4,157.4,511.0,AMAZING GRACE III,,WDE7568,37,,13,4,,,B
367394850,2022-09-14T17:22:57,36.80619,-121.95835,6.1,159.7,511.0,AMAZING GRACE III,,WDE7568,37,,13,4,,,B
367394850,2022-09-14T17:24:27,36.80373,-121.95722,6.3,161.8,511.0,AMAZING GRACE III,,WDE7568,37,,13,4,,,B
367394850,2022-09-14T17:25:56,36.80124,-121.95614,6.1,162.1,511.0,AMAZING GRACE III,,WDE7568,37,,13,4,,,B
367394850,2022-09-14T17:27:27,36.79860,-121.95506,7.5,162.0,511.0,AMAZING GRACE III,,WDE7568,37,,13,4,,,B
367394850,2022-09-14T17:28:57,36.79566,-121.95387,6.9,160.6,511.0,AMAZING GRACE III,,WDE7568,37,,13,4,,,B
369970573,2022-08-03T19:51:38,36.78905,-121.95627,9.5,238.8,238.0,REUBEN LASKER,IMO9664988,WTEG,90,0,63,15,5.9,99,A
369970573,2022-08-03T19:52:42,36.78762,-121.95928,9.6,239.9,238.0,REUBEN LASKER,IMO9664988,WTEG,90,0,63,15,5.9,99,A
369970573,2022-08-03T19:53:47,36.78615,-121.96235,9.6,239.2,238.0,REUBEN LASKER,IMO9664988,WTEG,90,0,63,15,5.9,99,A
369970573,2022-08-03T19:54:48,36.78475,-121.96522,9.6,239.8,238.0,REUBEN LASKER,IMO9664988,WTEG,90,0,63,15,5.9,99,A
369970573,2022-08-03T19:55:52,36.78332,-121.96821,9.6,238.6,239.0,REUBEN LASKER,IMO9664988,WTEG,90,0,63,15,5.9,99,A
369970573,2022-08-03T19:56:57,36.78181,-121.97131,9.5,239.2,238.0,REUBEN LASKER,IMO9664988,WTEG,90,0,63,15,5.9,99,A
338363586,2022-06-30T18:03:58,36.79657,-121.95394,6.2,345.8,511.0,FRED B WOOD,,,36,,12,4,,,B
338363586,2022-06-30T18:05:26,36.79910,-121.95476,6.3,342.4,511.0,FRED B WOOD,,,36,,12,4,,,B
338363586,2022-06-30T18:06:55,36.80176,-121.95562,6.8,343.0,511.0,FRED B WOOD,,,36,,12,4,,,B
338363586,2022-06-30T18:07:56,36.80357,-121.95619,6.8,349.0,511.0,FRED B WOOD,,,36,,12,4,,,B
338363586,2022-06-30T18:09:27,36.80623,-121.95700,6.2,339.3,511.0,FRED B WOOD,,,36,,12,4,,,B
338363586,2022-06-30T18:10:28,36.80794,-121.95754,5.9,349.7,511.0,FRED B WOOD,,,36,,12,4,,,B
338363586,2022-06-30T18:11:56,36.81011,-121.95782,4.8,356.0,511.0,FRED B WOOD,,,36,,12,4,,,B
338363586,2022-06-30T18:13:25,36.81204,-121.95808,4.5,353.1,511.0,FRED B WOOD,,,36,,12,4,,,B
338363586,2022-06-30T18:14:27,36.81329,-121.95828,4.2,351.8,511.0,FRED B WOOD,,,36,,12,4,,,B
338363586,2022-06-30T18:15:56,36.81493,-121.95847,3.1,359.1,511.0,FRED B WOOD,,,36,,12,4,,,B
338363586,2022-06-30T18:16:57,36.81615,-121.95925,5.5,332.0,511.0,FRED B WOOD,,,36,,12,4,,,B
368255620,2022-08-01T03:13:32,36.81390,-121.99291,5.9,174.8,171.0,ODYSSEY,,WDM9751,36,,13,3,,,B
368255620,2022-08-01T03:15:01,36.81152,-121.99271,5.6,171.6,171.0,ODYSSEY,,WDM9751,36,,13,3,,,B
368255620,2022-08-01T03:16:02,36.81002,-121.99262,5.1,181.1,172.0,ODYSSEY,,WDM9751,36,,13,3,,,B
368255620,2022-08-01T03:17:32,36.80801,-121.99249,4.2,180.5,171.0,ODYSSEY,,WDM9751,36,,13,3,,,B
368255620,2022-08-01T03:18:34,36.80691,-121.99244,4.0,180.6,172.0,ODYSSEY,,WDM9751,36,,13,3,,,B
368255620,2022-08-01T03:20:31,36.80462,-121.99252,4.9,182.5,174.0,ODYSSEY,,WDM9751,36,,13,3,,,B
368255620,2022-08-01T03:22:01,36.80245,-121.99258,5.4,181.3,176.0,ODYSSEY,,WDM9751,36,,13,3,,,B
368255620,2022-08-01T03:23:31,36.80028,-121.99263,5.0,180.0,175.0,ODYSSEY,,WDM9751,36,,13,3,,,B
368255620,2022-08-01T03:25:01,36.79811,-121.99268,4.9,181.5,177.0,ODYSSEY,,WDM9751,36,,13,3,,,B
368255620,2022-08-01T03:27:01,36.79522,-121.99295,4.9,187.3,178.0,ODYSSEY,,WDM9751,36,,13,3,,,B
368255620,2022-08-01T03:28:05,36.79367,-121.99307,5.5,181.4,180.0,ODYSSEY,,WDM9751,36,,13,3,,,B
368255620,2022-08-01T03:29:31,36.79161,-121.99317,5.2,177.5,179.0,ODYSSEY,,WDM9751,36,,13,3,,,B
368255620,2022-08-01T03:31:02,36.78940,-121.99326,5.3,181.6,179.0,ODYSSEY,,WDM9751,36,,13,3,,,B
368255620,2022-08-01T03:32:33,36.78723,-121.99335,5.2,182.2,179.0,ODYSSEY,,WDM9751,36,,13,3,,,B
368255620,2022-08-01T03:34:01,36.78503,-121.99339,5.5,183.6,180.0,ODYSSEY,,WDM9751,36,,13,3,,,B
368255620,2022-08-01T03:35:31,36.78287,-121.99351,5.1,181.4,186.0,ODYSSEY,,WDM9751,36,,13,3,,,B
368255620,2022-08-01T03:37:01,36.78069,-121.99377,5.2,186.8,184.0,ODYSSEY,,WDM9751,36,,13,3,,,B
368213330,2022-08-05T20:19:52,36.78226,-121.95497,6.7,339.3,334.0,PAIKEA,,WDM5178,36,,15,5,,,B
368213330,2022-08-05T20:21:52,36.78568,-121.95641,5.9,344.2,333.0,PAIKEA,,WDM5178,36,,15,5,,,B
368213330,2022-08-05T20:23:22,36.78831,-121.95742,8.0,339.2,334.0,PAIKEA,,WDM5178,36,,15,5,,,B
368213330,2022-08-05T20:24:52,36.79098,-121.95852,6.9,341.4,335.0,PAIKEA,,WDM5178,36,,15,5,,,B
368213330,2022-08-05T20:26:51,36.79451,-121.95990,5.4,345.0,334.0,PAIKEA,,WDM5178,36,,15,5,,,B
368213330,2022-08-05T20:28:22,36.79715,-121.96099,6.5,342.8,333.0,PAIKEA,,WDM5178,36,,15,5,,,B
368213330,2022-08-05T20:29:51,36.79987,-121.96207,7.4,334.8,332.0,PAIKEA,,WDM5178,36,,15,5,,,B
368213330,2022-08-05T20:31:22,36.80273,-121.96334,7.8,335.4,337.0,PAIKEA,,WDM5178,36,,15,5,,,B
368213330,2022-08-05T20:32:52,36.80558,-121.96454,7.5,334.5,332.0,PAIKEA,,WDM5178,36,,15,5,,,B
368213330,2022-08-05T20:34:22,36.80830,-121.96579,7.0,331.0,331.0,PAIKEA,,WDM5178,36,,15,5,,,B
368213330,2022-08-05T20:35:52,36.81125,-121.96712,8.0,335.8,332.0,PAIKEA,,WDM5178,36,,15,5,,,B
368213330,2022-08-05T20:37:52,36.81512,-121.96879,8.8,328.6,334.0,PAIKEA,,WDM5178,36,,15,5,,,B
369375000,2022-08-27T20:47:50,36.81124,-121.99486,26.8,191.6,511.0,TEAM O'NEILL,,WDK5259,36,,20,9,,,B
368049460,2022-08-28T18:16:14,36.81509,-121.97411,6.6,160.4,511.0,CHAT DE MER,,WDK3865,36,,13,7,,,B
368049460,2022-08-28T18:17:15,36.81344,-121.97345,6.0,164.1,511.0,CHAT DE MER,,WDK3865,36,,13,7,,,B
368049460,2022-08-28T18:18:41,36.81112,-121.97254,6.2,162.3,511.0,CHAT DE MER,,WDK3865,36,,13,7,,,B
368049460,2022-08-28T18:20:14,36.80856,-121.97148,6.1,164.6,511.0,CHAT DE MER,,WDK3865,36,,13,7,,,B
368049460,2022-08-28T18:21:41,36.80620,-121.97055,5.6,164.0,511.0,CHAT DE MER,,WDK3865,36,,13,7,,,B
368049460,2022-08-28T18:23:14,36.80370,-121.96956,6.0,163.2,511.0,CHAT DE MER,,WDK3865,36,,13,7,,,B
368049460,2022-08-28T18:24:42,36.80127,-121.96866,6.0,164.3,511.0,CHAT DE MER,,WDK3865,36,,13,7,,,B
368049460,2022-08-28T18:25:43,36.79964,-121.96808,6.4,164.9,511.0,CHAT DE MER,,WDK3865,36,,13,7,,,B
368049460,2022-08-28T18:27:13,36.79716,-121.96721,6.1,165.8,511.0,CHAT DE MER,,WDK3865,36,,13,7,,,B
368049460,2022-08-28T18:28:43,36.79470,-121.96629,5.7,161.7,511.0,CHAT DE MER,,WDK3865,36,,13,7,,,B
368049460,2022-08-28T18:30:13,36.79224,-121.96536,6.2,163.8,511.0,CHAT DE MER,,WDK3865,36,,13,7,,,B
368049460,2022-08-28T18:31:43,36.78981,-121.96440,5.4,163.0,511.0,CHAT DE MER,,WDK3865,36,,13,7,,,B
368049460,2022-08-28T18:33:43,36.78659,-121.96308,6.8,163.1,511.0,CHAT DE MER,,WDK3865,36,,13,7,,,B
368049460,2022-08-28T18:35:13,36.78409,-121.96212,6.4,159.5,511.0,CHAT DE MER,,WDK3865,36,,13,7,,,B
368049460,2022-08-28T18:36:43,36.78164,-121.96102,6.2,160.8,511.0,CHAT DE MER,,WDK3865,36,,13,7,,,B
369375000,2022-09-02T12:07:33,36.80942,-121.97078,65.3,140.0,511.0,TEAM O'NEILL,,WDK5259,36,,20,9,,,B
338422571,2022-09-04T20:41:00,36.78081,-121.98083,5.8,3.3,511.0,BONNE JOURNEY,,,36,,13,4,,,B
338422571,2022-09-04T20:42:27,36.78315,-121.98085,5.6,353.3,511.0,BONNE JOURNEY,,,36,,13,4,,,B
338422571,2022-09-04T20:44:00,36.78557,-121.98086,5.7,356.2,511.0,BONNE JOURNEY,,,36,,13,4,,,B
338422571,2022-09-04T20:45:27,36.78790,-121.98090,5.2,5.3,511.0,BONNE JOURNEY,,,36,,13,4,,,B
338422571,2022-09-04T20:46:29,36.78956,-121.98099,5.7,3.1,511.0,BONNE JOURNEY,,,36,,13,4,,,B
338422571,2022-09-04T20:47:59,36.79203,-121.98108,5.6,2.0,511.0,BONNE JOURNEY,,,36,,13,4,,,B
338422571,2022-09-04T20:49:29,36.79435,-121.98120,6.1,2.9,511.0,BONNE JOURNEY,,,36,,13,4,,,B
338422571,2022-09-04T20:50:58,36.79664,-121.98132,5.5,1.0,511.0,BONNE JOURNEY,,,36,,13,4,,,B
338422571,2022-09-04T20:52:29,36.79908,-121.98124,6.0,357.6,511.0,BONNE JOURNEY,,,36,,13,4,,,B
338422571,2022-09-04T20:53:58,36.80131,-121.98124,5.3,4.7,511.0,BONNE JOURNEY,,,36,,13,4,,,B
338422571,2022-09-04T20:55:58,36.80438,-121.98138,5.7,3.1,511.0,BONNE JOURNEY,,,36,,13,4,,,B
338422571,2022-09-04T20:57:58,36.80758,-121.98152,5.2,353.9,511.0,BONNE JOURNEY,,,36,,13,4,,,B
338422571,2022-09-04T20:59:27,36.80995,-121.98164,6.1,353.8,511.0,BONNE JOURNEY,,,36,,13,4,,,B
338422571,2022-09-04T21:00:27,36.81152,-121.98172,5.8,0.4,511.0,BONNE JOURNEY,,,36,,13,4,,,B
338422571,2022-09-04T21:01:57,36.81389,-121.98182,6.1,2.6,511.0,BONNE JOURNEY,,,36,,13,4,,,B
338422571,2022-09-04T21:03:27,36.81621,-121.98200,6.0,4.6,511.0,BONNE JOURNEY,,,36,,13,4,,,B
368049460,2022-09-13T20:18:33,36.80683,-121.95437,5.9,338.2,511.0,CHAT DE MER,,WDK3865,36,,13,7,,,B
368049460,2022-09-13T20:20:01,36.80917,-121.95545,6.2,339.8,511.0,CHAT DE MER,,WDK3865,36,,13,7,,,B
368049460,2022-09-13T20:21:33,36.81174,-121.95660,6.5,342.1,511.0,CHAT DE MER,,WDK3865,36,,13,7,,,B
368049460,2022-09-13T20:23:01,36.81418,-121.95770,6.3,338.2,511.0,CHAT DE MER,,WDK3865,36,,13,7,,,B
368019610,2022-09-22T16:36:50,36.81444,-121.95596,5.7,155.4,511.0,BLUE HORIZON,,,36,,11,2,,,B
368019610,2022-09-22T16:38:49,36.81144,-121.95520,5.9,161.8,511.0,BLUE HORIZON,,,36,,11,2,,,B
368019610,2022-09-22T16:40:18,36.80915,-121.95465,5.7,179.0,511.0,BLUE HORIZON,,,36,,11,2,,,B
368019610,2022-09-22T16:41:49,36.80686,-121.95408,5.7,153.7,511.0,BLUE HORIZON,,,36,,11,2,,,B
368019610,2022-09-22T16:43:19,36.80461,-121.95352,5.3,171.3,511.0,BLUE HORIZON,,,36,,11,2,,,B
316026287,2022-09-24T20:17:48,36.81479,-121.95508,4.9,167.4,173.0,FORTITUDE X,,,36,,13,4,,,B
316026287,2022-09-24T20:19:18,36.81265,-121.95443,5.0,165.0,171.0,FORTITUDE X,,,36,,13,4,,,B
316026287,2022-09-24T20:20:49,36.81041,-121.95369,5.5,166.7,171.0,FORTITUDE X,,,36,,13,4,,,B
368172940,2022-09-25T18:45:09,36.81470,-121.97068,4.6,166.4,169.0,SJ,,WDL8792,36,,4,0,,,B
368172940,2022-09-25T18:46:41,36.81274,-121.96992,4.9,161.6,170.0,SJ,,WDL8792,36,,4,0,,,B
368172940,2022-09-25T18:48:08,36.81084,-121.96921,4.7,161.2,165.0,SJ,,WDL8792,36,,4,0,,,B
368172940,2022-09-25T18:49:44,36.80878,-121.96841,4.8,169.3,170.0,SJ,,WDL8792,36,,4,0,,,B
368172940,2022-09-25T18:51:44,36.80634,-121.96695,4.8,148.5,156.0,SJ,,WDL8792,36,,4,0,,,B
368172940,2022-09-25T18:53:08,36.80463,-121.96589,4.7,151.1,160.0,SJ,,WDL8792,36,,4,0,,,B
368172940,2022-09-25T18:54:41,36.80269,-121.96474,4.9,162.6,160.0,SJ,,WDL8792,36,,4,0,,,B
368172940,2022-09-25T18:56:09,36.80088,-121.96364,4.7,151.7,158.0,SJ,,WDL8792,36,,4,0,,,B
368172940,2022-09-25T18:57:41,36.79903,-121.96250,5.0,153.4,160.0,SJ,,WDL8792,36,,4,0,,,B
368172940,2022-09-25T18:58:43,36.79780,-121.96172,4.7,136.6,150.0,SJ,,WDL8792,36,,4,0,,,B
368172940,2022-09-25T19:00:09,36.79613,-121.96058,4.8,162.8,158.0,SJ,,WDL8792,36,,4,0,,,B
368172940,2022-09-25T19:01:43,36.79492,-121.95985,2.4,140.1,153.0,SJ,,WDL8792,36,,4,0,,,B
368172940,2022-09-25T19:05:06,36.79382,-121.95883,0.8,146.5,150.0,SJ,,WDL8792,36,,4,0,,,B
368172940,2022-09-25T19:08:09,36.79311,-121.95837,1.0,172.7,162.0,SJ,,WDL8792,36,,4,0,,,B
368172940,2022-09-25T19:11:09,36.79260,-121.95790,0.4,116.3,135.0,SJ,,WDL8792,36,,4,0,,,B
368172940,2022-09-25T19:14:08,36.79213,-121.95730,1.0,118.7,126.0,SJ,,WDL8792,36,,4,0,,,B
368172940,2022-09-25T19:17:06,36.79033,-121.95627,3.6,162.0,166.0,SJ,,WDL8792,36,,4,0,,,B
368172940,2022-09-25T19:18:09,36.78934,-121.95587,3.7,158.7,166.0,SJ,,WDL8792,36,,4,0,,,B
368172940,2022-09-25T19:19:38,36.78789,-121.95527,3.8,157.5,169.0,SJ,,WDL8792,36,,4,0,,,B
368172940,2022-09-25T19:21:10,36.78640,-121.95468,3.7,158.4,167.0,SJ,,WDL8792,36,,4,0,,,B
368172940,2022-09-25T19:22:38,36.78516,-121.95417,2.8,159.9,166.0,SJ,,WDL8792,36,,4,0,,,B
368172940,2022-09-25T19:24:10,36.78404,-121.95373,3.0,163.2,171.0,SJ,,WDL8792,36,,4,0,,,B
368172940,2022-09-25T19:25:12,36.78322,-121.95341,3.1,165.3,168.0,SJ,,WDL8792,36,,4,0,,,B
316036327,2022-09-26T18:43:02,36.81498,-121.99802,6.0,196.5,511.0,MANDOLYN II,,,36,,0,0,,,B
368006130,2022-10-06T14:55:45,36.81496,-121.99785,12.1,182.0,184.0,POLARIIS,,WDJ7377,37,,22,7,,,B
368006130,2022-10-06T14:57:11,36.81012,-121.99799,11.9,178.0,182.0,POLARIIS,,WDJ7377,37,,22,7,,,B
368006130,2022-10-06T14:58:13,36.80671,-121.99800,11.9,182.4,181.0,POLARIIS,,WDJ7377,37,,22,7,,,B
368006130,2022-10-06T14:59:43,36.80169,-121.99809,12.3,176.8,181.0,POLARIIS,,WDJ7377,37,,22,7,,,B
368006130,2022-10-06T15:00:12,36.80006,-121.99807,12.2,183.0,185.0,POLARIIS,,WDJ7377,37,,22,7,,,B
368006130,2022-10-06T15:01:43,36.79497,-121.99815,11.6,181.1,181.0,POLARIIS,,WDJ7377,37,,22,7,,,B
368006130,2022-10-06T15:03:11,36.79001,-121.99816,12.2,180.7,183.0,POLARIIS,,WDJ7377,37,,22,7,,,B
368006130,2022-10-06T15:04:13,36.78664,-121.99820,12.6,177.8,185.0,POLARIIS,,WDJ7377,37,,22,7,,,B
368124230,2022-10-10T17:24:36,36.81511,-121.95981,7.3,166.2,511.0,SEA WINGS,,WDL3706,36,,14,3,,,B
368124230,2022-10-10T17:26:36,36.81116,-121.95852,7.4,165.0,511.0,SEA WINGS,,WDL3706,36,,14,3,,,B
368124230,2022-10-10T17:28:07,36.80814,-121.95752,7.4,165.8,511.0,SEA WINGS,,WDL3706,36,,14,3,,,B
368124230,2022-10-10T17:29:36,36.80517,-121.95652,7.3,165.1,511.0,SEA WINGS,,WDL3706,36,,14,3,,,B
368124230,2022-10-10T17:31:07,36.80219,-121.95546,7.4,163.5,511.0,SEA WINGS,,WDL3706,36,,14,3,,,B
368124230,2022-10-10T17:32:36,36.79924,-121.95437,7.7,164.2,511.0,SEA WINGS,,WDL3706,36,,14,3,,,B
368124230,2022-10-10T17:34:08,36.79619,-121.95340,7.5,166.7,511.0,SEA WINGS,,WDL3706,36,,14,3,,,B
368280860,2022-11-24T21:16:22,36.78753,-121.95345,6.1,341.6,511.0,JEREMIAH,,WDN4418,36,,10,4,,,B
368280860,2022-11-24T21:17:50,36.78991,-121.95431,5.9,345.7,511.0,JEREMIAH,,WDN4418,36,,10,4,,,B
368280860,2022-11-24T21:19:19,36.79237,-121.95519,6.1,339.6,511.0,JEREMIAH,,WDN4418,36,,10,4,,,B
368280860,2022-11-24T21:20:48,36.79479,-121.95607,6.3,346.4,511.0,JEREMIAH,,WDN4418,36,,10,4,,,B
368280860,2022-11-24T21:22:48,36.79805,-121.95726,6.0,345.3,511.0,JEREMIAH,,WDN4418,36,,10,4,,,B
368280860,2022-11-24T21:24:18,36.80044,-121.95815,6.0,339.4,511.0,JEREMIAH,,WDN4418,36,,10,4,,,B
368280860,2022-11-24T21:25:19,36.80210,-121.95872,6.4,343.0,511.0,JEREMIAH,,WDN4418,36,,10,4,,,B
368280860,2022-11-24T21:26:48,36.80441,-121.95955,5.8,346.8,511.0,JEREMIAH,,WDN4418,36,,10,4,,,B
368280860,2022-11-24T21:28:18,36.80674,-121.96041,5.8,346.4,511.0,JEREMIAH,,WDN4418,36,,10,4,,,B
368280860,2022-11-24T21:30:19,36.80993,-121.96156,6.0,344.9,511.0,JEREMIAH,,WDN4418,36,,10,4,,,B
368280860,2022-11-24T21:31:50,36.81236,-121.96244,6.0,341.7,511.0,JEREMIAH,,WDN4418,36,,10,4,,,B
368280860,2022-11-24T21:33:48,36.81549,-121.96358,6.2,344.7,511.0,JEREMIAH,,WDN4418,36,,10,4,,,B
368280860,2022-11-27T19:39:06,36.81407,-121.99019,6.0,173.4,511.0,JEREMIAH,,WDN4418,36,,10,4,,,B
368280860,2022-11-27T19:40:07,36.81227,-121.99006,6.4,170.8,511.0,JEREMIAH,,WDN4418,36,,10,4,,,B
368280860,2022-11-27T19:41:35,36.80972,-121.98986,5.9,177.9,511.0,JEREMIAH,,WDN4418,36,,10,4,,,B
368280860,2022-11-27T19:43:08,36.80697,-121.98964,6.6,172.1,511.0,JEREMIAH,,WDN4418,36,,10,4,,,B
368280860,2022-11-27T19:44:34,36.80443,-121.98939,6.5,174.0,511.0,JEREMIAH,,WDN4418,36,,10,4,,,B
368280860,2022-11-27T19:46:05,36.80177,-121.98913,5.9,179.1,511.0,JEREMIAH,,WDN4418,36,,10,4,,,B
368280860,2022-11-27T19:47:06,36.79997,-121.98896,6.6,177.1,511.0,JEREMIAH,,WDN4418,36,,10,4,,,B
368280860,2022-11-27T19:48:34,36.79737,-121.98870,7.0,170.6,511.0,JEREMIAH,,WDN4418,36,,10,4,,,B
368280860,2022-11-27T19:49:36,36.79555,-121.98854,6.4,175.2,511.0,JEREMIAH,,WDN4418,36,,10,4,,,B
368280860,2022-11-27T19:51:05,36.79293,-121.98833,7.4,167.2,511.0,JEREMIAH,,WDN4418,36,,10,4,,,B
368280860,2022-11-27T19:52:35,36.79020,-121.98813,6.6,176.6,511.0,JEREMIAH,,WDN4418,36,,10,4,,,B
368280860,2022-11-27T19:54:04,36.78754,-121.98796,6.4,179.5,511.0,JEREMIAH,,WDN4418,36,,10,4,,,B
368280860,2022-11-27T19:55:36,36.78481,-121.98778,6.4,177.4,511.0,JEREMIAH,,WDN4418,36,,10,4,,,B
368280860,2022-11-27T19:57:04,36.78220,-121.98761,6.2,174.0,511.0,JEREMIAH,,WDN4418,36,,10,4,,,B
367439280,2022-07-03T19:33:43,36.78048,-121.98672,2.4,31.4,511.0,SEA WOLF II,,WDF3386,60,,18,5,,,B
367439280,2022-07-20T19:11:46,36.79698,-121.95499,9.6,235.0,511.0,SEA WOLF II,,WDF3386,60,,18,5,,,B
367439280,2022-07-20T19:13:15,36.79520,-121.95954,10.7,250.0,511.0,SEA WOLF II,,WDF3386,60,,18,5,,,B
367439280,2022-07-20T19:14:45,36.79191,-121.95764,14.2,116.9,511.0,SEA WOLF II,,WDF3386,60,,18,5,,,B
367439280,2022-07-31T20:04:41,36.78089,-121.96570,8.2,5.8,511.0,SEA WOLF II,,WDF3386,60,,18,5,,,B
367439280,2022-07-31T20:06:11,36.78339,-121.96564,5.2,334.3,511.0,SEA WOLF II,,WDF3386,60,,18,5,,,B
367439280,2022-07-31T20:07:42,36.78412,-121.96858,3.1,270.4,511.0,SEA WOLF II,,WDF3386,60,,18,5,,,B
367439280,2022-07-31T20:09:11,36.78418,-121.96945,1.3,266.6,511.0,SEA WOLF II,,WDF3386,60,,18,5,,,B
367439280,2022-07-31T20:10:40,36.78388,-121.96855,7.8,175.4,511.0,SEA WOLF II,,WDF3386,60,,18,5,,,B
367439280,2022-08-24T18:08:45,36.78596,-121.95499,11.8,334.2,511.0,SEA WOLF II,,WDF3386,60,,18,5,,,B
367439280,2022-08-24T18:09:46,36.78886,-121.95665,11.4,326.1,511.0,SEA WOLF II,,WDF3386,60,,18,5,,,B
367439280,2022-08-24T18:11:46,36.79438,-121.96051,11.2,338.7,511.0,SEA WOLF II,,WDF3386,60,,18,5,,,B
367439280,2022-08-24T18:13:17,36.79876,-121.96319,11.3,327.0,511.0,SEA WOLF II,,WDF3386,60,,18,5,,,B
367439280,2022-08-24T18:14:46,36.80250,-121.96663,11.8,329.6,511.0,SEA WOLF II,,WDF3386,60,,18,5,,,B
367439280,2022-08-24T18:16:15,36.80593,-121.97066,11.2,310.4,511.0,SEA WOLF II,,WDF3386,60,,18,5,,,B
367439280,2022-08-24T18:17:16,36.80820,-121.97349,11.6,315.8,511.0,SEA WOLF II,,WDF3386,60,,18,5,,,B
367439280,2022-08-24T18:18:17,36.81098,-121.97532,11.7,341.0,511.0,SEA WOLF II,,WDF3386,60,,18,5,,,B
367439280,2022-08-24T18:19:18,36.81311,-121.97794,11.1,279.6,511.0,SEA WOLF II,,WDF3386,60,,18,5,,,B
367439280,2022-08-24T18:20:45,36.81490,-121.98316,11.0,314.4,511.0,SEA WOLF II,,WDF3386,60,,18,5,,,B
367439280,2022-08-24T18:21:46,36.81596,-121.98158,6.5,153.2,511.0,SEA WOLF II,,WDF3386,60,,18,5,,,B
367439280,2022-08-24T18:22:47,36.81346,-121.98140,11.7,200.8,511.0,SEA WOLF II,,WDF3386,60,,18,5,,,B
367439280,2022-08-24T18:24:15,36.80921,-121.98397,11.5,227.3,511.0,SEA WOLF II,,WDF3386,60,,18,5,,,B
367439280,2022-08-24T18:25:46,36.80723,-121.98655,2.5,248.0,511.0,SEA WOLF II,,WDF3386,60,,18,5,,,B
367439280,2022-08-24T18:27:15,36.80696,-121.98706,0.8,232.9,511.0,SEA WOLF II,,WDF3386,60,,18,5,,,B
367439280,2022-08-24T18:28:16,36.80683,-121.98754,5.0,294.0,511.0,SEA WOLF II,,WDF3386,60,,18,5,,,B
367439280,2022-08-24T18:29:46,36.80919,-121.98333,10.9,70.5,511.0,SEA WOLF II,,WDF3386,60,,18,5,,,B
367439280,2022-08-24T18:31:15,36.80953,-121.97960,8.1,88.4,511.0,SEA WOLF II,,WDF3386,60,,18,5,,,B
367439280,2022-08-24T18:32:17,36.80975,-121.97630,9.4,74.3,511.0,SEA WOLF II,,WDF3386,60,,18,5,,,B
367439280,2022-08-24T18:33:46,36.81011,-121.97215,6.3,79.2,511.0,SEA WOLF II,,WDF3386,60,,18,5,,,B
367439280,2022-08-24T18:35:15,36.80998,-121.96986,3.2,154.1,511.0,SEA WOLF II,,WDF3386,60,,18,5,,,B
367439280,2022-08-24T18:36:16,36.80949,-121.96837,5.4,69.8,511.0,SEA WOLF II,,WDF3386,60,,18,5,,,B
367439280,2022-08-24T18:37:45,36.80830,-121.96643,7.2,167.5,511.0,SEA WOLF II,,WDF3386,60,,18,5,,,B
367439280,2022-08-24T18:39:16,36.80911,-121.96475,4.3,10.3,511.0,SEA WOLF II,,WDF3386,60,,18,5,,,B
367439280,2022-08-24T18:41:16,36.80823,-121.96460,8.1,170.2,511.0,SEA WOLF II,,WDF3386,60,,18,5,,,B
367439280,2022-08-24T18:42:45,36.80466,-121.96296,10.8,116.1,511.0,SEA WOLF II,,WDF3386,60,,18,5,,,B
367439280,2022-08-24T18:44:16,36.80251,-121.95727,12.0,111.0,511.0,SEA WOLF II,,WDF3386,60,,18,5,,,B
367439280,2022-09-10T17:35:00,36.78283,-121.96603,10.9,51.0,511.0,SEA WOLF II,,WDF3386,60,,18,5,,,B
367439280,2022-09-10T17:36:04,36.78464,-121.96280,11.1,85.2,511.0,SEA WOLF II,,WDF3386,60,,18,5,,,B
367439280,2022-09-10T17:37:31,36.78354,-121.95764,11.5,141.5,511.0,SEA WOLF II,,WDF3386,60,,18,5,,,B
367439280,2022-09-19T17:33:38,36.78492,-121.97484,12.5,2.1,511.0,SEA WOLF II,,WDF3386,60,,18,5,,,B
367439280,2022-09-19T17:35:08,36.78955,-121.97446,11.6,0.8,511.0,SEA WOLF II,,WDF3386,60,,18,5,,,B
367439280,2022-09-19T17:36:38,36.79427,-121.97383,11.8,7.6,511.0,SEA WOLF II,,WDF3386,60,,18,5,,,B
367439280,2022-09-19T17:38:08,36.79859,-121.97176,11.0,28.2,511.0,SEA WOLF II,,WDF3386,60,,18,5,,,B
367439280,2022-09-19T17:39:09,36.80130,-121.96976,11.3,36.1,511.0,SEA WOLF II,,WDF3386,60,,18,5,,,B
367439280,2022-09-19T17:40:38,36.80485,-121.96640,8.4,26.2,511.0,SEA WOLF II,,WDF3386,60,,18,5,,,B
367439280,2022-09-19T17:42:08,36.80647,-121.96559,2.0,80.9,511.0,SEA WOLF II,,WDF3386,60,,18,5,,,B
367439280,2022-09-19T17:43:38,36.80700,-121.96440,2.5,54.6,511.0,SEA WOLF II,,WDF3386,60,,18,5,,,B
367439280,2022-09-19T17:45:08,36.80971,-121.96513,9.0,346.3,511.0,SEA WOLF II,,WDF3386,60,,18,5,,,B
367439280,2022-09-19T17:46:10,36.81235,-121.96571,9.0,354.6,511.0,SEA WOLF II,,WDF3386,60,,18,5,,,B
367439280,2022-09-19T17:47:38,36.81535,-121.96816,11.6,299.4,511.0,SEA WOLF II,,WDF3386,60,,18,5,,,B
367439280,2022-09-19T18:20:09,36.81635,-121.97807,11.5,127.6,511.0,SEA WOLF II,,WDF3386,60,,18,5,,,B
367439280,2022-09-19T18:21:39,36.81343,-121.97339,9.9,116.1,511.0,SEA WOLF II,,WDF3386,60,,18,5,,,B
367439280,2022-09-19T18:23:09,36.81059,-121.96872,11.2,128.1,511.0,SEA WOLF II,,WDF3386,60,,18,5,,,B
367439280,2022-09-19T18:24:42,36.80741,-121.96420,11.8,145.3,511.0,SEA WOLF II,,WDF3386,60,,18,5,,,B
367439280,2022-09-19T18:26:09,36.80350,-121.96119,12.5,146.1,511.0,SEA WOLF II,,WDF3386,60,,18,5,,,B
367439280,2022-09-19T18:27:41,36.79987,-121.95721,11.5,131.0,511.0,SEA WOLF II,,WDF3386,60,,18,5,,,B
367439280,2022-09-21T23:14:25,36.78120,-121.99631,5.8,9.2,511.0,SEA WOLF II,,WDF3386,60,,18,5,,,B
367439280,2022-09-21T23:15:56,36.78204,-121.99559,1.5,71.4,511.0,SEA WOLF II,,WDF3386,60,,18,5,,,B
367439280,2022-09-21T23:17:25,36.78233,-121.99474,2.3,78.0,511.0,SEA WOLF II,,WDF3386,60,,18,5,,,B
367439280,2022-09-21T23:18:54,36.78228,-121.99371,2.0,81.3,511.0,SEA WOLF II,,WDF3386,60,,18,5,,,B
367439280,2022-09-21T23:20:58,36.78242,-121.99289,4.5,38.9,511.0,SEA WOLF II,,WDF3386,60,,18,5,,,B
367439280,2022-09-21T23:22:25,36.78197,-121.99165,2.7,193.5,511.0,SEA WOLF II,,WDF3386,60,,18,5,,,B
367439280,2022-09-21T23:23:55,36.78119,-121.99281,2.8,260.3,511.0,SEA WOLF II,,WDF3386,60,,18,5,,,B
367439280,2022-09-21T23:25:25,36.78166,-121.99346,3.7,315.8,511.0,SEA WOLF II,,WDF3386,60,,18,5,,,B
367439280,2022-09-21T23:26:55,36.78242,-121.99354,1.0,10.5,511.0,SEA WOLF II,,WDF3386,60,,18,5,,,B
367439280,2022-09-21T23:27:56,36.78263,-121.99334,1.1,66.2,511.0,SEA WOLF II,,WDF3386,60,,18,5,,,B
367439280,2022-09-21T23:29:27,36.78198,-121.99340,3.3,130.0,511.0,SEA WOLF II,,WDF3386,60,,18,5,,,B
367439280,2022-09-21T23:30:54,36.78131,-121.99169,2.9,100.4,511.0,SEA WOLF II,,WDF3386,60,,18,5,,,B
367439280,2022-09-21T23:31:55,36.78107,-121.99099,1.6,126.7,511.0,SEA WOLF II,,WDF3386,60,,18,5,,,B
367439280,2022-09-27T18:03:21,36.78085,-121.95564,5.5,321.9,511.0,SEA WOLF II,,WDF3386,60,,18,5,,,B
367439280,2022-09-27T18:04:52,36.78228,-121.95972,10.8,272.7,511.0,SEA WOLF II,,WDF3386,60,,18,5,,,B
367439280,2022-09-27T18:06:21,36.78264,-121.96528,10.9,275.3,511.0,SEA WOLF II,,WDF3386,60,,18,5,,,B
367439280,2022-09-27T18:07:51,36.78443,-121.97040,10.9,290.3,511.0,SEA WOLF II,,WDF3386,60,,18,5,,,B
367439280,2022-09-27T18:09:21,36.78448,-121.97585,10.7,254.8,511.0,SEA WOLF II,,WDF3386,60,,18,5,,,B
367439280,2022-09-27T18:10:23,36.78369,-121.97964,11.2,255.3,511.0,SEA WOLF II,,WDF3386,60,,18,5,,,B
367439280,2022-09-27T18:11:50,36.78332,-121.98494,11.3,273.5,511.0,SEA WOLF II,,WDF3386,60,,18,5,,,B
367439280,2022-09-27T18:13:20,36.78307,-121.99062,10.7,258.2,511.0,SEA WOLF II,,WDF3386,60,,18,5,,,B
367439280,2022-09-27T18:14:50,36.78153,-121.99581,10.3,231.6,511.0,SEA WOLF II,,WDF3386,60,,18,5,,,B
367439280,2022-10-09T18:01:37,36.79605,-121.95708,6.3,222.1,511.0,SEA WOLF II,,WDF3386,60,,18,5,,,B
367439280,2022-10-09T18:02:38,36.79535,-121.95847,3.5,242.2,511.0,SEA WOLF II,,WDF3386,60,,18,5,,,B
367439280,2022-10-09T18:04:06,36.79442,-121.95971,2.0,230.5,511.0,SEA WOLF II,,WDF3386,60,,18,5,,,B
367439280,2022-10-09T18:05:36,36.79395,-121.96006,1.0,181.1,511.0,SEA WOLF II,,WDF3386,60,,18,5,,,B
367439280,2022-10-09T18:06:37,36.79374,-121.96072,3.6,268.0,511.0,SEA WOLF II,,WDF3386,60,,18,5,,,B
367439280,2022-10-09T18:07:38,36.79414,-121.96202,3.4,314.7,511.0,SEA WOLF II,,WDF3386,60,,18,5,,,B
367439280,2022-10-09T18:09:07,36.79502,-121.96333,4.4,289.7,511.0,SEA WOLF II,,WDF3386,60,,18,5,,,B
367439280,2022-10-09T18:10:38,36.79513,-121.96448,0.8,287.9,511.0,SEA WOLF II,,WDF3386,60,,18,5,,,B
367439280,2022-10-09T18:12:36,36.79418,-121.96610,1.9,256.4,511.0,SEA WOLF II,,WDF3386,60,,18,5,,,B
367439280,2022-10-09T18:14:37,36.79293,-121.96782,3.5,252.1,511.0,SEA WOLF II,,WDF3386,60,,18,5,,,B
367439280,2022-10-09T18:16:06,36.79201,-121.96870,10.1,162.3,511.0,SEA WOLF II,,WDF3386,60,,18,5,,,B
367439280,2022-10-09T18:17:36,36.78789,-121.96636,11.2,152.4,511.0,SEA WOLF II,,WDF3386,60,,18,5,,,B
367439280,2022-10-09T18:19:06,36.78366,-121.96389,10.9,154.3,511.0,SEA WOLF II,,WDF3386,60,,18,5,,,B
378399000,2022-09-11T19:00:11,36.81394,-121.96260,10.8,160.6,164.0,CATALINA,,ZJL9756,37,0,,,,37,A
378399000,2022-09-11T19:01:21,36.81060,-121.96113,10.9,161.0,163.0,CATALINA,,ZJL9756,37,0,,,,37,A
378399000,2022-09-11T19:02:30,36.80728,-121.95972,11.1,162.9,164.0,CATALINA,,ZJL9756,37,0,,,,37,A
378399000,2022-09-11T19:03:40,36.80394,-121.95836,10.8,161.0,162.0,CATALINA,,ZJL9756,37,0,,,,37,A
378399000,2022-09-11T19:04:50,36.80060,-121.95705,10.8,164.2,163.0,CATALINA,,ZJL9756,37,0,,,,37,A
378399000,2022-09-11T19:06:00,36.79731,-121.95571,10.7,161.4,162.0,CATALINA,,ZJL9756,37,0,,,,37,A
378399000,2022-09-11T19:07:11,36.79391,-121.95433,10.9,163.3,162.0,CATALINA,,ZJL9756,37,0,,,,37,A
367800100,2022-08-11T06:01:59,36.79230,-121.95453,12.4,259.6,259.0,ROGER REVELLE,IMO9075228,KAOU,90,0,83,15,5.1,90,A
367800100,2022-08-11T06:03:10,36.79150,-121.95949,12.7,257.3,259.0,ROGER REVELLE,IMO9075228,KAOU,90,0,83,15,5.1,90,A
367800100,2022-08-11T06:04:17,36.79077,-121.96410,12.0,260.2,259.0,ROGER REVELLE,IMO9075228,KAOU,90,0,83,15,5.1,90,A
367800100,2022-08-11T06:05:19,36.79005,-121.96847,12.3,257.7,259.0,ROGER REVELLE,IMO9075228,KAOU,90,0,83,15,5.1,90,A
367800100,2022-08-11T06:06:30,36.78929,-121.97326,12.2,258.2,260.0,ROGER REVELLE,IMO9075228,KAOU,90,0,83,15,5.1,90,A
367800100,2022-08-11T06:07:38,36.78850,-121.97794,11.5,259.4,259.0,ROGER REVELLE,IMO9075228,KAOU,90,0,83,15,5.1,90,A
367800100,2022-08-11T06:08:40,36.78779,-121.98204,11.8,257.6,259.0,ROGER REVELLE,IMO9075228,KAOU,90,0,83,15,5.1,90,A
367800100,2022-08-11T06:09:50,36.78704,-121.98675,11.7,258.9,259.0,ROGER REVELLE,IMO9075228,KAOU,90,0,83,15,5.1,90,A
367800100,2022-08-11T06:10:55,36.78630,-121.99109,12.2,257.0,259.0,ROGER REVELLE,IMO9075228,KAOU,90,0,83,15,5.1,90,A
367800100,2022-08-11T06:11:59,36.78557,-121.99535,12.0,257.5,260.0,ROGER REVELLE,IMO9075228,KAOU,90,0,83,15,5.1,90,A
338415000,2022-11-07T16:02:28,36.80321,-121.95512,10.0,267.0,270.0,RACHEL CARSON,IMO8983210,WDF9370,90,0,41,10,,70,A
338415000,2022-11-07T16:03:39,36.80313,-121.95913,9.3,272.0,272.0,RACHEL CARSON,IMO8983210,WDF9370,90,0,41,10,,70,A
338415000,2022-11-07T16:04:49,36.80310,-121.96300,9.1,273.0,272.0,RACHEL CARSON,IMO8983210,WDF9370,90,0,41,10,,70,A
338415000,2022-11-07T16:05:53,36.80305,-121.96640,10.0,273.0,270.0,RACHEL CARSON,IMO8983210,WDF9370,90,0,41,10,,70,A
338415000,2022-11-07T16:06:58,36.80295,-121.96996,9.7,270.0,272.0,RACHEL CARSON,IMO8983210,WDF9370,90,0,41,10,,70,A
338415000,2022-11-07T16:08:19,36.80286,-121.97438,9.3,270.0,272.0,RACHEL CARSON,IMO8983210,WDF9370,90,0,41,10,,70,A
338415000,2022-11-07T16:09:28,36.80275,-121.97812,10.0,265.0,271.0,RACHEL CARSON,IMO8983210,WDF9370,90,0,41,10,,70,A
338415000,2022-11-07T16:10:29,36.80266,-121.98149,9.2,268.0,271.0,RACHEL CARSON,IMO8983210,WDF9370,90,0,41,10,,70,A
338415000,2022-11-07T16:11:38,36.80258,-121.98523,9.8,272.0,272.0,RACHEL CARSON,IMO8983210,WDF9370,90,0,41,10,,70,A
338415000,2022-11-07T16:12:49,36.80250,-121.98919,9.4,266.0,272.0,RACHEL CARSON,IMO8983210,WDF9370,90,0,41,10,,70,A
338415000,2022-11-07T16:13:58,36.80243,-121.99298,9.6,267.0,271.0,RACHEL CARSON,IMO8983210,WDF9370,90,0,41,10,,70,A
338415000,2022-11-07T16:15:03,36.80234,-121.99654,7.8,273.0,272.0,RACHEL CARSON,IMO8983210,WDF9370,90,0,41,10,,70,A
338415000,2022-11-07T23:22:39,36.80135,-121.99499,10.6,87.0,88.0,RACHEL CARSON,IMO8983210,WDF9370,90,0,41,10,,70,A
338415000,2022-11-07T23:23:40,36.80150,-121.99146,10.8,89.0,89.0,RACHEL CARSON,IMO8983210,WDF9370,90,0,41,10,,70,A
338415000,2022-11-07T23:24:59,36.80174,-121.98678,10.1,90.0,90.0,RACHEL CARSON,IMO8983210,WDF9370,90,0,41,10,,70,A
338415000,2022-11-07T23:26:02,36.80188,-121.98308,9.5,84.0,92.0,RACHEL CARSON,IMO8983210,WDF9370,90,0,41,10,,70,A
338415000,2022-11-07T23:27:04,36.80204,-121.97944,10.2,85.0,90.0,RACHEL CARSON,IMO8983210,WDF9370,90,0,41,10,,70,A
338415000,2022-11-07T23:28:05,36.80217,-121.97599,9.2,85.0,90.0,RACHEL CARSON,IMO8983210,WDF9370,90,0,41,10,,70,A
338415000,2022-11-07T23:29:06,36.80227,-121.97247,10.0,86.0,87.0,RACHEL CARSON,IMO8983210,WDF9370,90,0,41,10,,70,A
338415000,2022-11-07T23:30:13,36.80248,-121.96862,10.4,88.0,88.0,RACHEL CARSON,IMO8983210,WDF9370,90,0,41,10,,70,A
338415000,2022-11-07T23:31:15,36.80270,-121.96502,10.2,87.0,90.0,RACHEL CARSON,IMO8983210,WDF9370,90,0,41,10,,70,A
338415000,2022-11-07T23:32:19,36.80268,-121.96131,10.0,91.0,90.0,RACHEL CARSON,IMO8983210,WDF9370,90,0,41,10,,70,A
338415000,2022-11-07T23:33:24,36.80274,-121.95748,9.9,94.0,93.0,RACHEL CARSON,IMO8983210,WDF9370,90,0,41,10,,70,A
338415000,2022-11-07T23:34:25,36.80272,-121.95403,9.8,83.0,87.0,RACHEL CARSON,IMO8983210,WDF9370,90,0,41,10,,70,A
367610040,2022-10-24T18:05:11,36.81630,-121.97641,5.0,162.4,158.0,FREIA,,WDH3706,37,,12,4,,,B
367610040,2022-10-24T18:06:42,36.81438,-121.97559,4.7,161.3,147.0,FREIA,,WDH3706,37,,12,4,,,B
367610040,2022-10-24T18:08:10,36.81255,-121.97483,4.8,159.5,148.0,FREIA,,WDH3706,37,,12,4,,,B
367610040,2022-10-24T18:09:39,36.81073,-121.97405,4.1,159.2,150.0,FREIA,,WDH3706,37,,12,4,,,B
367610040,2022-10-24T18:10:41,36.80946,-121.97351,4.8,162.4,147.0,FREIA,,WDH3706,37,,12,4,,,B
367610040,2022-10-24T18:12:09,36.80764,-121.97272,4.3,158.5,147.0,FREIA,,WDH3706,37,,12,4,,,B
367610040,2022-10-24T18:13:10,36.80640,-121.97212,5.2,161.9,149.0,FREIA,,WDH3706,37,,12,4,,,B
367610040,2022-10-24T18:14:41,36.80448,-121.97127,5.2,158.2,151.0,FREIA,,WDH3706,37,,12,4,,,B
367610040,2022-10-24T18:16:10,36.80262,-121.97049,4.3,155.7,149.0,FREIA,,WDH3706,37,,12,4,,,B
367610040,2022-10-24T18:17:39,36.80076,-121.96971,5.1,161.9,170.0,FREIA,,WDH3706,37,,12,4,,,B
367610040,2022-10-24T18:19:10,36.79886,-121.96889,5.0,161.0,148.0,FREIA,,WDH3706,37,,12,4,,,B
367610040,2022-10-24T18:20:41,36.79698,-121.96808,3.7,163.5,147.0,FREIA,,WDH3706,37,,12,4,,,B
367610040,2022-10-24T18:22:10,36.79511,-121.96728,4.9,155.7,147.0,FREIA,,WDH3706,37,,12,4,,,B
367610040,2022-10-24T18:23:40,36.79323,-121.96649,5.4,157.3,150.0,FREIA,,WDH3706,37,,12,4,,,B
367610040,2022-10-24T18:24:41,36.79195,-121.96597,4.8,160.3,147.0,FREIA,,WDH3706,37,,12,4,,,B
367610040,2022-10-24T18:26:10,36.79012,-121.96520,4.5,158.0,150.0,FREIA,,WDH3706,37,,12,4,,,B
367610040,2022-10-24T18:28:39,36.78697,-121.96381,4.8,160.0,151.0,FREIA,,WDH3706,37,,12,4,,,B
367610040,2022-10-24T18:30:10,36.78507,-121.96299,4.0,169.1,149.0,FREIA,,WDH3706,37,,12,4,,,B
367610040,2022-10-24T18:31:39,36.78317,-121.96215,5.1,162.5,148.0,FREIA,,WDH3706,37,,12,4,,,B
367610040,2022-10-24T18:33:10,36.78126,-121.96133,5.5,163.1,147.0,FREIA,,WDH3706,37,,12,4,,,B
338415000,2022-08-04T15:07:52,36.78855,-121.95463,8.8,266.0,259.0,RACHEL CARSON,IMO8983210,WDF9370,90,0,41,10,,70,A
338415000,2022-08-04T15:09:03,36.78805,-121.95809,9.2,261.0,263.0,RACHEL CARSON,IMO8983210,WDF9370,90,0,41,10,,70,A
338415000,2022-08-04T15:10:13,36.78772,-121.96151,8.8,263.0,261.0,RACHEL CARSON,IMO8983210,WDF9370,90,0,41,10,,70,A
338415000,2022-08-04T15:11:15,36.78730,-121.96459,8.9,262.0,261.0,RACHEL CARSON,IMO8983210,WDF9370,90,0,41,10,,70,A
338415000,2022-08-04T15:12:16,36.78693,-121.96764,8.7,265.0,261.0,RACHEL CARSON,IMO8983210,WDF9370,90,0,41,10,,70,A
338415000,2022-08-04T15:13:21,36.78654,-121.97101,9.0,262.0,262.0,RACHEL CARSON,IMO8983210,WDF9370,90,0,41,10,,70,A
338415000,2022-08-04T15:14:31,36.78619,-121.97454,9.2,263.0,262.0,RACHEL CARSON,IMO8983210,WDF9370,90,0,41,10,,70,A
338415000,2022-08-04T15:18:12,36.78496,-121.98597,8.8,266.0,261.0,RACHEL CARSON,IMO8983210,WDF9370,90,0,41,10,,70,A
338415000,2022-08-04T15:19:22,36.78450,-121.98953,8.8,257.0,260.0,RACHEL CARSON,IMO8983210,WDF9370,90,0,41,10,,70,A
338415000,2022-08-04T15:20:31,36.78406,-121.99305,8.7,261.0,261.0,RACHEL CARSON,IMO8983210,WDF9370,90,0,41,10,,70,A
338415000,2022-08-04T15:21:36,36.78376,-121.99634,8.8,263.0,262.0,RACHEL CARSON,IMO8983210,WDF9370,90,0,41,10,,70,A
338415000,2022-08-04T21:52:26,36.79005,-121.99814,9.3,85.0,87.0,RACHEL CARSON,IMO8983210,WDF9370,90,0,41,10,,70,A
338415000,2022-08-04T21:53:30,36.79028,-121.99462,9.7,80.0,83.0,RACHEL CARSON,IMO8983210,WDF9370,90,0,41,10,,70,A
338415000,2022-08-04T21:54:32,36.79070,-121.99122,9.9,82.0,83.0,RACHEL CARSON,IMO8983210,WDF9370,90,0,41,10,,70,A
338415000,2022-08-04T21:55:39,36.79097,-121.98751,9.9,86.0,85.0,RACHEL CARSON,IMO8983210,WDF9370,90,0,41,10,,70,A
338415000,2022-08-04T21:56:52,36.79129,-121.98348,9.3,83.0,85.0,RACHEL CARSON,IMO8983210,WDF9370,90,0,41,10,,70,A
338415000,2022-08-04T21:58:01,36.79163,-121.97961,9.8,83.0,83.0,RACHEL CARSON,IMO8983210,WDF9370,90,0,41,10,,70,A
338415000,2022-08-04T21:59:11,36.79204,-121.97581,9.9,82.0,81.0,RACHEL CARSON,IMO8983210,WDF9370,90,0,41,10,,70,A
338415000,2022-08-04T22:00:01,36.79239,-121.97304,9.7,85.0,85.0,RACHEL CARSON,IMO8983210,WDF9370,90,0,41,10,,70,A
338415000,2022-08-04T22:01:10,36.79262,-121.96918,9.5,85.0,86.0,RACHEL CARSON,IMO8983210,WDF9370,90,0,41,10,,70,A
338415000,2022-08-04T22:02:13,36.79291,-121.96569,9.6,79.0,82.0,RACHEL CARSON,IMO8983210,WDF9370,90,0,41,10,,70,A
338415000,2022-08-04T22:03:21,36.79326,-121.96193,9.7,86.0,86.0,RACHEL CARSON,IMO8983210,WDF9370,90,0,41,10,,70,A
338415000,2022-08-04T22:04:26,36.79354,-121.95834,9.6,83.0,82.0,RACHEL CARSON,IMO8983210,WDF9370,90,0,41,10,,70,A
338415000,2022-08-04T22:05:29,36.79387,-121.95487,9.9,82.0,83.0,RACHEL CARSON,IMO8983210,WDF9370,90,0,41,10,,70,A
338404000,2022-07-07T17:51:48,36.81528,-121.97848,6.8,168.9,511.0,SEAWARD,,WDK3654,36,0,20,4,2.5,36,A
338404000,2022-07-07T17:52:58,36.81304,-121.97797,7.1,177.6,511.0,SEAWARD,,WDK3654,36,0,20,4,2.5,36,A
338404000,2022-07-07T17:54:17,36.81031,-121.97783,7.2,169.0,511.0,SEAWARD,,WDK3654,36,0,20,4,2.5,36,A
338404000,2022-07-07T17:55:27,36.80798,-121.97775,7.3,187.0,511.0,SEAWARD,,WDK3654,36,0,20,4,2.5,36,A
338404000,2022-07-07T17:56:39,36.80639,-121.97869,2.3,278.2,511.0,SEAWARD,,WDK3654,36,0,20,4,2.5,36,A
338404000,2022-07-07T17:57:47,36.80745,-121.97851,5.1,3.5,511.0,SEAWARD,,WDK3654,36,0,20,4,2.5,36,A
338404000,2022-07-07T17:58:58,36.80934,-121.97775,6.6,22.6,511.0,SEAWARD,,WDK3654,36,0,20,4,2.5,36,A
338404000,2022-07-07T18:00:18,36.81132,-121.97750,3.6,336.9,511.0,SEAWARD,,WDK3654,36,0,20,4,2.5,36,A
338404000,2022-07-07T18:01:29,36.81115,-121.97812,4.6,199.3,511.0,SEAWARD,,WDK3654,36,0,20,4,2.5,36,A
338404000,2022-07-07T18:02:37,36.80921,-121.97826,6.9,177.9,511.0,SEAWARD,,WDK3654,36,0,20,4,2.5,36,A
338404000,2022-07-07T18:03:48,36.80698,-121.97792,6.7,174.9,511.0,SEAWARD,,WDK3654,36,0,20,4,2.5,36,A
338404000,2022-07-07T18:04:59,36.80460,-121.97763,7.3,159.1,511.0,SEAWARD,,WDK3654,36,0,20,4,2.5,36,A
338404000,2022-07-07T18:06:08,36.80218,-121.97761,8.2,178.9,511.0,SEAWARD,,WDK3654,36,0,20,4,2.5,36,A
338404000,2022-07-07T18:07:28,36.79941,-121.97705,6.8,174.0,511.0,SEAWARD,,WDK3654,36,0,20,4,2.5,36,A
338404000,2022-07-07T18:08:37,36.79724,-121.97652,6.6,163.0,511.0,SEAWARD,,WDK3654,36,0,20,4,2.5,36,A
338404000,2022-07-07T18:10:48,36.79332,-121.97586,7.1,178.9,511.0,SEAWARD,,WDK3654,36,0,20,4,2.5,36,A
338404000,2022-07-07T18:11:49,36.79127,-121.97572,7.6,186.6,511.0,SEAWARD,,WDK3654,36,0,20,4,2.5,36,A
338404000,2022-07-07T18:12:58,36.78886,-121.97583,7.4,174.1,511.0,SEAWARD,,WDK3654,36,0,20,4,2.5,36,A
338404000,2022-07-07T18:14:09,36.78649,-121.97583,6.9,179.4,511.0,SEAWARD,,WDK3654,36,0,20,4,2.5,36,A
338404000,2022-07-07T18:15:27,36.78397,-121.97571,7.3,178.8,511.0,SEAWARD,,WDK3654,36,0,20,4,2.5,36,A
338404000,2022-07-07T18:16:39,36.78163,-121.97584,7.2,188.2,511.0,SEAWARD,,WDK3654,36,0,20,4,2.5,36,A
338415000,2022-10-21T15:09:07,36.78778,-121.95351,10.0,273.0,269.0,RACHEL CARSON,IMO8983210,WDF9370,90,0,41,10,,70,A
338415000,2022-10-21T15:10:17,36.78779,-121.95742,9.9,272.0,270.0,RACHEL CARSON,IMO8983210,WDF9370,90,0,41,10,,70,A
338415000,2022-10-21T15:11:27,36.78781,-121.96137,9.4,270.0,269.0,RACHEL CARSON,IMO8983210,WDF9370,90,0,41,10,,70,A
338415000,2022-10-21T15:12:37,36.78778,-121.96525,9.9,273.0,270.0,RACHEL CARSON,IMO8983210,WDF9370,90,0,41,10,,70,A
338415000,2022-10-21T15:13:47,36.78782,-121.96918,9.4,269.0,269.0,RACHEL CARSON,IMO8983210,WDF9370,90,0,41,10,,70,A
338415000,2022-10-21T15:14:58,36.78778,-121.97312,9.5,272.0,270.0,RACHEL CARSON,IMO8983210,WDF9370,90,0,41,10,,70,A
338415000,2022-10-21T15:16:08,36.78781,-121.97702,9.6,274.0,271.0,RACHEL CARSON,IMO8983210,WDF9370,90,0,41,10,,70,A
338415000,2022-10-21T15:17:18,36.78779,-121.98093,10.2,267.0,270.0,RACHEL CARSON,IMO8983210,WDF9370,90,0,41,10,,70,A
338415000,2022-10-21T15:18:27,36.78778,-121.98479,9.3,266.0,270.0,RACHEL CARSON,IMO8983210,WDF9370,90,0,41,10,,70,A
338415000,2022-10-21T15:19:31,36.78770,-121.98842,10.0,268.0,270.0,RACHEL CARSON,IMO8983210,WDF9370,90,0,41,10,,70,A
338415000,2022-10-21T15:20:37,36.78769,-121.99212,10.2,273.0,272.0,RACHEL CARSON,IMO8983210,WDF9370,90,0,41,10,,70,A
338415000,2022-10-21T15:21:38,36.78771,-121.99552,10.1,272.0,270.0,RACHEL CARSON,IMO8983210,WDF9370,90,0,41,10,,70,A
338415000,2022-06-29T15:06:15,36.78183,-121.96170,9.1,25.0,27.0,RACHEL CARSON,IMO8983210,WDF9370,90,0,41,10,,70,A
338415000,2022-06-29T15:07:17,36.78406,-121.95984,9.2,36.0,35.0,RACHEL CARSON,IMO8983210,WDF9370,90,0,41,10,,70,A
338415000,2022-06-29T15:08:18,36.78637,-121.95840,8.9,14.0,12.0,RACHEL CARSON,IMO8983210,WDF9370,90,0,41,10,,70,A
338415000,2022-06-29T15:09:24,36.78905,-121.95736,9.6,23.0,21.0,RACHEL CARSON,IMO8983210,WDF9370,90,0,41,10,,70,A
338415000,2022-06-29T15:10:39,36.79206,-121.95602,9.3,29.0,18.0,RACHEL CARSON,IMO8983210,WDF9370,90,0,41,10,,70,A
338415000,2022-06-29T15:11:41,36.79453,-121.95497,9.2,16.0,19.0,RACHEL CARSON,IMO8983210,WDF9370,90,0,41,10,,70,A
338415000,2022-06-29T15:12:44,36.79706,-121.95368,9.3,26.0,21.0,RACHEL CARSON,IMO8983210,WDF9370,90,0,41,10,,70,A
338415000,2022-10-12T15:44:14,36.78510,-121.95522,9.2,256.0,256.0,RACHEL CARSON,IMO8983210,WDF9370,90,0,41,10,,70,A
338415000,2022-10-12T15:45:19,36.78438,-121.95871,9.4,254.0,255.0,RACHEL CARSON,IMO8983210,WDF9370,90,0,41,10,,70,A
338415000,2022-10-12T15:46:29,36.78367,-121.96253,9.0,258.0,255.0,RACHEL CARSON,IMO8983210,WDF9370,90,0,41,10,,70,A
338415000,2022-10-12T15:47:40,36.78292,-121.96632,9.7,258.0,255.0,RACHEL CARSON,IMO8983210,WDF9370,90,0,41,10,,70,A
338415000,2022-10-12T15:48:50,36.78216,-121.97005,9.2,255.0,256.0,RACHEL CARSON,IMO8983210,WDF9370,90,0,41,10,,70,A
338415000,2022-10-12T15:50:09,36.78127,-121.97418,8.9,254.0,255.0,RACHEL CARSON,IMO8983210,WDF9370,90,0,41,10,,70,A
338415000,2022-10-12T15:51:19,36.78051,-121.97787,9.3,254.0,256.0,RACHEL CARSON,IMO8983210,WDF9370,90,0,41,10,,70,A
338146249,2022-07-04T21:57:47,36.81549,-121.96255,7.3,162.9,511.0,LIBERTY ROSE,,,37,,13,4,,,B
338146249,2022-07-04T21:58:49,36.81360,-121.96185,7.2,164.8,511.0,LIBERTY ROSE,,,37,,13,4,,,B
338146249,2022-07-04T22:00:20,36.81066,-121.96080,7.2,164.2,511.0,LIBERTY ROSE,,,37,,13,4,,,B
338146249,2022-07-04T22:01:47,36.80785,-121.95975,7.1,164.3,511.0,LIBERTY ROSE,,,37,,13,4,,,B
338146249,2022-07-04T22:03:17,36.80490,-121.95867,7.3,165.5,511.0,LIBERTY ROSE,,,37,,13,4,,,B
338146249,2022-07-04T22:04:18,36.80293,-121.95789,7.1,162.4,511.0,LIBERTY ROSE,,,37,,13,4,,,B
338146249,2022-07-04T22:05:53,36.79985,-121.95679,7.3,156.7,511.0,LIBERTY ROSE,,,37,,13,4,,,B
338146249,2022-07-04T22:07:18,36.79713,-121.95572,7.3,161.9,511.0,LIBERTY ROSE,,,37,,13,4,,,B
338146249,2022-07-04T22:08:48,36.79423,-121.95463,7.2,159.1,511.0,LIBERTY ROSE,,,37,,13,4,,,B
338146249,2022-07-04T22:10:17,36.79139,-121.95360,6.9,166.0,511.0,LIBERTY ROSE,,,37,,13,4,,,B
338146249,2022-09-25T20:48:45,36.81602,-121.96027,4.5,165.6,511.0,LIBERTY ROSE,,,37,,13,4,,,B
338146249,2022-09-25T20:50:12,36.81429,-121.95966,4.7,159.7,511.0,LIBERTY ROSE,,,37,,13,4,,,B
338146249,2022-09-25T20:51:14,36.81292,-121.95918,5.0,165.9,511.0,LIBERTY ROSE,,,37,,13,4,,,B
338146249,2022-09-25T20:52:42,36.81088,-121.95853,5.0,172.4,511.0,LIBERTY ROSE,,,37,,13,4,,,B
338146249,2022-09-25T20:53:44,36.80955,-121.95800,4.8,164.3,511.0,LIBERTY ROSE,,,37,,13,4,,,B
338146249,2022-09-25T20:55:13,36.80767,-121.95733,4.6,171.4,511.0,LIBERTY ROSE,,,37,,13,4,,,B
338146249,2022-09-25T20:56:41,36.80574,-121.95662,5.1,155.1,511.0,LIBERTY ROSE,,,37,,13,4,,,B
338146249,2022-09-25T20:57:42,36.80436,-121.95622,4.9,165.7,511.0,LIBERTY ROSE,,,37,,13,4,,,B
338146249,2022-09-25T20:59:12,36.80239,-121.95551,4.8,165.0,511.0,LIBERTY ROSE,,,37,,13,4,,,B
338146249,2022-09-25T21:00:13,36.80113,-121.95507,4.6,166.5,511.0,LIBERTY ROSE,,,37,,13,4,,,B
338146249,2022-09-25T21:01:14,36.79987,-121.95462,4.6,157.0,511.0,LIBERTY ROSE,,,37,,13,4,,,B
338146249,2022-09-25T21:02:42,36.79802,-121.95397,4.8,159.0,511.0,LIBERTY ROSE,,,37,,13,4,,,B
368573000,2022-07-08T07:37:44,36.78170,-121.97704,7.2,5.6,13.0,SEA HAVEN,,WDK8025,30,,22,6,,,B
368573000,2022-07-08T07:39:12,36.78455,-121.97660,7.1,7.6,13.0,SEA HAVEN,,WDK8025,30,,22,6,,,B
368573000,2022-07-08T07:40:42,36.78748,-121.97621,7.1,5.4,14.0,SEA HAVEN,,WDK8025,30,,22,6,,,B
368573000,2022-07-08T07:42:12,36.79038,-121.97585,6.9,11.7,10.0,SEA HAVEN,,WDK8025,30,,22,6,,,B
368573000,2022-07-08T07:43:42,36.79333,-121.97540,7.3,2.5,10.0,SEA HAVEN,,WDK8025,30,,22,6,,,B
368573000,2022-07-08T07:44:44,36.79537,-121.97513,7.2,10.7,9.0,SEA HAVEN,,WDK8025,30,,22,6,,,B
368573000,2022-07-08T07:46:12,36.79828,-121.97478,6.9,2.8,6.0,SEA HAVEN,,WDK8025,30,,22,6,,,B
368573000,2022-07-08T07:47:44,36.80130,-121.97436,7.0,1.2,8.0,SEA HAVEN,,WDK8025,30,,22,6,,,B
368573000,2022-07-08T07:49:12,36.80417,-121.97395,7.2,11.6,8.0,SEA HAVEN,,WDK8025,30,,22,6,,,B
368573000,2022-07-08T07:50:42,36.80717,-121.97354,7.1,11.4,6.0,SEA HAVEN,,WDK8025,30,,22,6,,,B
368573000,2022-07-08T07:52:42,36.81113,-121.97308,7.3,4.2,5.0,SEA HAVEN,,WDK8025,30,,22,6,,,B
368573000,2022-07-08T07:54:42,36.81514,-121.97261,7.5,7.6,7.0,SEA HAVEN,,WDK8025,30,,22,6,,,B
368248590,2022-08-09T19:36:42,36.80090,-121.95373,9.2,345.2,511.0,DAYDREAMIN,,WDM9006,37,,0,0,,,B
368248590,2022-08-09T19:37:43,36.80331,-121.95454,8.5,343.9,511.0,DAYDREAMIN,,WDM9006,37,,0,0,,,B
368248590,2022-08-09T19:39:14,36.80699,-121.95578,9.5,345.3,511.0,DAYDREAMIN,,WDM9006,37,,0,0,,,B
368248590,2022-08-09T19:41:13,36.81181,-121.95749,9.0,344.7,511.0,DAYDREAMIN,,WDM9006,37,,0,0,,,B
368248590,2022-08-09T19:42:42,36.81543,-121.95867,9.1,346.3,511.0,DAYDREAMIN,,WDM9006,37,,0,0,,,B
316036575,2022-09-23T18:34:40,36.81460,-121.96361,6.0,162.0,511.0,R-THERAPY 2,,,36,,13,4,,,B
316036575,2022-09-23T18:35:41,36.81307,-121.96304,5.6,163.8,511.0,R-THERAPY 2,,,36,,13,4,,,B
316036575,2022-09-23T18:37:10,36.81081,-121.96222,6.2,160.5,511.0,R-THERAPY 2,,,36,,13,4,,,B
316036575,2022-09-23T18:38:12,36.80924,-121.96163,6.5,160.8,511.0,R-THERAPY 2,,,36,,13,4,,,B
316036575,2022-09-23T18:39:42,36.80689,-121.96085,6.1,164.4,511.0,R-THERAPY 2,,,36,,13,4,,,B
316036575,2022-09-23T18:41:11,36.80466,-121.96003,5.2,168.3,511.0,R-THERAPY 2,,,36,,13,4,,,B
316036575,2022-09-23T18:42:40,36.80237,-121.95918,5.9,160.1,511.0,R-THERAPY 2,,,36,,13,4,,,B
316036575,2022-09-23T18:43:41,36.80085,-121.95862,5.7,163.9,511.0,R-THERAPY 2,,,36,,13,4,,,B
316036575,2022-09-23T18:45:42,36.79812,-121.95762,3.9,150.5,511.0,R-THERAPY 2,,,36,,13,4,,,B
316036575,2022-09-23T18:47:10,36.79606,-121.95686,5.6,165.0,511.0,R-THERAPY 2,,,36,,13,4,,,B
316036575,2022-09-23T18:48:11,36.79452,-121.95635,6.0,163.1,511.0,R-THERAPY 2,,,36,,13,4,,,B
316036575,2022-09-23T18:50:11,36.79143,-121.95544,5.7,167.6,511.0,R-THERAPY 2,,,36,,13,4,,,B
316036575,2022-09-23T18:52:12,36.78840,-121.95448,5.5,164.4,511.0,R-THERAPY 2,,,36,,13,4,,,B
316036575,2022-09-23T18:54:11,36.78543,-121.95352,5.6,165.2,511.0,R-THERAPY 2,,,36,,13,4,,,B
338329183,2022-09-24T13:55:03,36.81338,-121.96421,25.9,171.4,511.0,CONQUEST 285,,,37,,8,5,,,B
338329183,2022-09-24T13:56:14,36.80506,-121.96210,25.6,169.8,511.0,CONQUEST 285,,,37,,8,5,,,B
338329183,2022-09-24T13:57:28,36.79626,-121.95982,27.6,170.0,511.0,CONQUEST 285,,,37,,8,5,,,B
338329183,2022-09-24T13:58:33,36.78866,-121.95800,25.8,164.8,511.0,CONQUEST 285,,,37,,8,5,,,B
338329183,2022-09-24T13:59:38,36.78091,-121.95605,23.8,166.0,511.0,CONQUEST 285,,,37,,8,5,,,B
368095720,2022-09-25T00:48:11,36.78377,-121.99426,23.9,2.1,511.0,VALKYRIE,,WDK8602,37,,21,5,,,B
368095720,2022-09-25T00:49:21,36.79169,-121.99387,24.3,2.0,511.0,VALKYRIE,,WDK8602,37,,21,5,,,B
368095720,2022-09-25T00:50:25,36.79892,-121.99349,24.9,0.8,511.0,VALKYRIE,,WDK8602,37,,21,5,,,B
368095720,2022-09-25T00:51:30,36.80633,-121.99309,24.0,2.5,511.0,VALKYRIE,,WDK8602,37,,21,5,,,B
368095720,2022-09-25T00:52:40,36.81433,-121.99263,24.5,3.9,511.0,VALKYRIE,,WDK8602,37,,21,5,,,B
316036904,2022-09-25T18:09:53,36.81606,-121.96487,7.1,165.3,511.0,PALOMITA,,,36,,13,4,,,B
316036904,2022-09-25T18:10:54,36.81421,-121.96419,6.8,161.4,511.0,PALOMITA,,,36,,13,4,,,B
316036904,2022-09-25T18:12:25,36.81137,-121.96318,7.1,167.6,511.0,PALOMITA,,,36,,13,4,,,B
316036904,2022-09-25T18:13:53,36.80860,-121.96216,6.8,161.2,511.0,PALOMITA,,,36,,13,4,,,B
316036904,2022-09-25T18:14:55,36.80669,-121.96148,7.3,158.3,511.0,PALOMITA,,,36,,13,4,,,B
316036904,2022-09-25T18:16:54,36.80452,-121.95824,6.8,109.0,511.0,PALOMITA,,,36,,13,4,,,B
316036904,2022-09-25T18:18:56,36.80333,-121.95357,7.1,116.5,511.0,PALOMITA,,,36,,13,4,,,B
368095720,2022-09-27T19:08:06,36.81601,-121.98630,0.6,161.5,511.0,VALKYRIE,,WDK8602,37,,21,5,,,B
368095720,2022-09-27T19:10:39,36.81554,-121.98605,0.8,138.9,511.0,VALKYRIE,,WDK8602,37,,21,5,,,B
368095720,2022-09-27T19:12:37,36.81513,-121.98595,3.7,197.5,511.0,VALKYRIE,,WDK8602,37,,21,5,,,B
368095720,2022-09-27T19:14:08,36.81272,-121.98559,6.3,162.2,511.0,VALKYRIE,,WDK8602,37,,21,5,,,B
368095720,2022-09-27T19:15:37,36.81032,-121.98426,6.3,154.8,511.0,VALKYRIE,,WDK8602,37,,21,5,,,B
368095720,2022-09-27T19:17:08,36.80889,-121.98323,1.3,140.4,511.0,VALKYRIE,,WDK8602,37,,21,5,,,B
368095720,2022-09-27T19:18:37,36.80712,-121.98233,3.7,158.2,511.0,VALKYRIE,,WDK8602,37,,21,5,,,B
368095720,2022-09-27T19:20:10,36.80642,-121.98187,1.1,145.1,511.0,VALKYRIE,,WDK8602,37,,21,5,,,B
368095720,2022-09-27T19:21:37,36.80613,-121.98163,0.4,156.1,511.0,VALKYRIE,,WDK8602,37,,21,5,,,B
368095720,2022-09-27T19:23:09,36.80588,-121.98132,0.7,141.8,511.0,VALKYRIE,,WDK8602,37,,21,5,,,B
368095720,2022-09-27T19:26:08,36.80546,-121.98071,0.8,146.8,511.0,VALKYRIE,,WDK8602,37,,21,5,,,B
368095720,2022-09-27T19:27:40,36.80505,-121.98058,3.7,219.1,511.0,VALKYRIE,,WDK8602,37,,21,5,,,B
368095720,2022-09-27T19:29:10,36.80610,-121.98154,5.7,358.6,511.0,VALKYRIE,,WDK8602,37,,21,5,,,B
368095720,2022-09-27T19:30:40,36.81009,-121.98181,10.9,354.9,511.0,VALKYRIE,,WDK8602,37,,21,5,,,B
368095720,2022-09-27T19:32:10,36.81519,-121.98212,13.5,355.5,511.0,VALKYRIE,,WDK8602,37,,21,5,,,B
368095720,2022-09-28T15:29:10,36.81559,-121.99105,14.2,204.4,511.0,VALKYRIE,,WDK8602,37,,21,5,,,B
368095720,2022-09-28T15:30:27,36.81092,-121.99382,13.9,208.5,511.0,VALKYRIE,,WDK8602,37,,21,5,,,B
368095720,2022-09-28T15:31:42,36.80989,-121.99564,5.9,274.1,511.0,VALKYRIE,,WDK8602,37,,21,5,,,B
368095720,2022-09-28T15:32:57,36.81130,-121.99703,9.5,340.7,511.0,VALKYRIE,,WDK8602,37,,21,5,,,B
368205440,2022-09-29T20:51:52,36.81473,-121.95453,6.0,166.7,511.0,VIVA,,WDM4333,36,,16,8,,,B
368205440,2022-09-29T20:52:53,36.81303,-121.95394,6.2,172.4,511.0,VIVA,,WDM4333,36,,16,8,,,B
368095720,2022-10-05T13:09:40,36.81585,-121.99415,15.7,180.8,511.0,VALKYRIE,,WDK8602,37,,21,5,,,B
368095720,2022-10-05T13:10:57,36.81048,-121.99400,13.9,176.0,511.0,VALKYRIE,,WDK8602,37,,21,5,,,B
368095720,2022-10-05T13:12:09,36.80544,-121.99398,14.5,178.1,511.0,VALKYRIE,,WDK8602,37,,21,5,,,B
368095720,2022-10-05T13:13:25,36.80003,-121.99394,15.7,174.3,511.0,VALKYRIE,,WDK8602,37,,21,5,,,B
368095720,2022-10-05T13:14:40,36.79470,-121.99383,15.2,179.7,511.0,VALKYRIE,,WDK8602,37,,21,5,,,B
368095720,2022-10-05T13:15:56,36.78934,-121.99382,15.8,186.9,511.0,VALKYRIE,,WDK8602,37,,21,5,,,B
368095720,2022-10-05T13:17:10,36.78401,-121.99417,14.9,184.0,511.0,VALKYRIE,,WDK8602,37,,21,5,,,B
368101520,2022-10-12T19:48:13,36.81202,-121.95421,6.5,347.1,511.0,SEPTEMBER BLISS,,WDK9211,36,,0,0,,,B
368101520,2022-10-12T19:49:46,36.81470,-121.95509,7.0,344.4,511.0,SEPTEMBER BLISS,,WDK9211,36,,0,0,,,B
338444782,2022-10-13T21:40:24,36.81296,-121.98375,6.4,159.7,511.0,BELLA MIA,,BELLA,36,,10,4,,,B
338444782,2022-10-13T21:41:56,36.81044,-121.98256,5.9,162.0,511.0,BELLA MIA,,BELLA,36,,10,4,,,B
338444782,2022-10-13T21:43:28,36.80791,-121.98141,6.2,155.7,511.0,BELLA MIA,,BELLA,36,,10,4,,,B
338444782,2022-10-13T21:44:56,36.80561,-121.98024,6.7,155.1,511.0,BELLA MIA,,BELLA,36,,10,4,,,B
338444782,2022-10-13T21:46:23,36.80329,-121.97919,6.0,162.6,511.0,BELLA MIA,,BELLA,36,,10,4,,,B
338444782,2022-10-13T21:47:53,36.80090,-121.97803,5.7,151.8,511.0,BELLA MIA,,BELLA,36,,10,4,,,B
338444782,2022-10-13T21:49:23,36.79851,-121.97689,7.0,156.0,511.0,BELLA MIA,,BELLA,36,,10,4,,,B
338444782,2022-10-13T21:50:26,36.79679,-121.97606,6.1,162.5,511.0,BELLA MIA,,BELLA,36,,10,4,,,B
338444782,2022-10-13T21:51:53,36.79441,-121.97502,5.4,157.9,511.0,BELLA MIA,,BELLA,36,,10,4,,,B
338444782,2022-10-13T21:53:26,36.79201,-121.97398,6.4,154.8,511.0,BELLA MIA,,BELLA,36,,10,4,,,B
338444782,2022-10-13T21:54:56,36.78962,-121.97288,4.9,165.5,511.0,BELLA MIA,,BELLA,36,,10,4,,,B
338444782,2022-10-13T21:56:26,36.78727,-121.97178,5.7,158.4,511.0,BELLA MIA,,BELLA,36,,10,4,,,B
338444782,2022-10-13T21:57:56,36.78498,-121.97048,6.2,151.0,511.0,BELLA MIA,,BELLA,36,,10,4,,,B
338444782,2022-10-13T21:59:25,36.78307,-121.96869,6.2,146.8,511.0,BELLA MIA,,BELLA,36,,10,4,,,B
338444782,2022-10-13T22:00:25,36.78141,-121.96795,6.1,158.1,511.0,BELLA MIA,,BELLA,36,,10,4,,,B
232024328,2022-10-21T19:23:41,36.81545,-121.95393,5.6,181.9,511.0,MYA,,MGBQ2,36,,9,1,,,B
232024328,2022-10-21T19:25:09,36.81330,-121.95403,4.9,169.4,511.0,MYA,,MGBQ2,36,,9,1,,,B
232024328,2022-10-21T19:26:11,36.81180,-121.95376,5.4,171.8,511.0,MYA,,MGBQ2,36,,9,1,,,B
232024328,2022-10-21T19:27:42,36.80954,-121.95358,5.4,180.8,511.0,MYA,,MGBQ2,36,,9,1,,,B
368091350,2022-11-06T18:04:24,36.81511,-121.96463,7.0,158.6,511.0,MERIWETHER,,WDK8153,36,,11,4,,,B
368091350,2022-11-06T18:05:54,36.81256,-121.96343,6.2,163.3,511.0,MERIWETHER,,WDK8153,36,,11,4,,,B
368091350,2022-11-06T18:07:23,36.81005,-121.96227,6.2,156.8,511.0,MERIWETHER,,WDK8153,36,,11,4,,,B
368091350,2022-11-06T18:08:54,36.80753,-121.96116,6.4,165.8,511.0,MERIWETHER,,WDK8153,36,,11,4,,,B
368091350,2022-11-06T18:10:23,36.80498,-121.96019,7.2,161.1,511.0,MERIWETHER,,WDK8153,36,,11,4,,,B
368091350,2022-11-06T18:11:24,36.80326,-121.95949,6.6,160.2,511.0,MERIWETHER,,WDK8153,36,,11,4,,,B
368091350,2022-11-06T18:12:55,36.80074,-121.95848,6.3,161.6,511.0,MERIWETHER,,WDK8153,36,,11,4,,,B
368091350,2022-11-06T18:14:25,36.79817,-121.95743,7.1,159.3,511.0,MERIWETHER,,WDK8153,36,,11,4,,,B
368091350,2022-11-06T18:15:55,36.79556,-121.95648,6.7,162.7,511.0,MERIWETHER,,WDK8153,36,,11,4,,,B
368091350,2022-11-06T18:17:23,36.79301,-121.95559,6.7,162.9,511.0,MERIWETHER,,WDK8153,36,,11,4,,,B
368091350,2022-11-06T18:18:25,36.79124,-121.95496,6.2,166.2,511.0,MERIWETHER,,WDK8153,36,,11,4,,,B
368091350,2022-11-06T18:19:55,36.78862,-121.95399,6.6,162.3,511.0,MERIWETHER,,WDK8153,36,,11,4,,,B
338125642,2022-07-13T15:03:10,36.81578,-121.97390,1.6,156.7,511.0,KODIAK,,,37,,20,,,,B
338125642,2022-07-13T15:04:11,36.81535,-121.97349,1.8,146.1,511.0,KODIAK,,,37,,20,,,,B
338125642,2022-07-13T15:05:13,36.81489,-121.97320,1.5,173.6,511.0,KODIAK,,,37,,20,,,,B
338125642,2022-07-13T15:07:10,36.81400,-121.97267,2.1,130.3,511.0,KODIAK,,,37,,20,,,,B
338125642,2022-07-13T15:09:13,36.81309,-121.97182,1.9,148.5,511.0,KODIAK,,,37,,20,,,,B
338125642,2022-07-13T15:10:40,36.81236,-121.97145,1.9,183.7,511.0,KODIAK,,,37,,20,,,,B
338125642,2022-07-13T15:11:41,36.81185,-121.97113,2.0,168.7,511.0,KODIAK,,,37,,20,,,,B
338125642,2022-07-13T15:12:42,36.81136,-121.97074,2.3,138.5,511.0,KODIAK,,,37,,20,,,,B
338125642,2022-07-13T15:14:11,36.81060,-121.97021,1.9,163.8,511.0,KODIAK,,,37,,20,,,,B
338125642,2022-07-13T15:15:41,36.80985,-121.96972,2.0,138.2,511.0,KODIAK,,,37,,20,,,,B
338125642,2022-07-13T15:17:12,36.80911,-121.96906,2.6,131.3,511.0,KODIAK,,,37,,20,,,,B
338125642,2022-07-13T15:18:40,36.80832,-121.96854,2.8,130.7,511.0,KODIAK,,,37,,20,,,,B
338125642,2022-07-13T15:19:41,36.80778,-121.96813,2.4,139.3,511.0,KODIAK,,,37,,20,,,,B
338125642,2022-07-13T15:20:42,36.80725,-121.96762,2.2,149.8,511.0,KODIAK,,,37,,20,,,,B
338125642,2022-07-13T15:22:11,36.80638,-121.96704,2.1,168.1,511.0,KODIAK,,,37,,20,,,,B
338125642,2022-07-13T15:23:41,36.80549,-121.96642,2.7,131.2,511.0,KODIAK,,,37,,20,,,,B
338125642,2022-07-13T15:25:10,36.80466,-121.96555,3.1,124.4,511.0,KODIAK,,,37,,20,,,,B
338125642,2022-07-13T15:26:41,36.80403,-121.96432,2.6,128.6,511.0,KODIAK,,,37,,20,,,,B
338125642,2022-07-13T15:28:12,36.80351,-121.96302,3.1,112.7,511.0,KODIAK,,,37,,20,,,,B
338125642,2022-07-13T15:29:41,36.80331,-121.96159,2.7,85.4,511.0,KODIAK,,,37,,20,,,,B
338125642,2022-07-13T15:30:42,36.80327,-121.96063,2.8,78.2,511.0,KODIAK,,,37,,20,,,,B
338125642,2022-07-13T15:31:43,36.80319,-121.95965,3.2,96.6,511.0,KODIAK,,,37,,20,,,,B
338125642,2022-07-13T15:33:11,36.80299,-121.95824,2.8,100.5,511.0,KODIAK,,,37,,20,,,,B
338125642,2022-07-13T15:34:43,36.80297,-121.95677,3.0,80.3,511.0,KODIAK,,,37,,20,,,,B
338125642,2022-07-13T15:36:11,36.80304,-121.95541,3.0,77.9,511.0,KODIAK,,,37,,20,,,,B
338125642,2022-07-13T15:37:41,36.80302,-121.95401,2.7,83.5,511.0,KODIAK,,,37,,20,,,,B
338125642,2022-09-30T15:07:10,36.78364,-121.98330,9.5,326.7,511.0,KODIAK,,,37,,20,,,,B
338125642,2022-09-30T15:08:12,36.78581,-121.98519,9.8,333.6,511.0,KODIAK,,,37,,20,,,,B
338125642,2022-09-30T15:09:41,36.78768,-121.98897,9.1,271.8,511.0,KODIAK,,,37,,20,,,,B
338125642,2022-09-30T15:11:11,36.78737,-121.99363,8.8,270.3,511.0,KODIAK,,,37,,20,,,,B
338125642,2022-09-30T20:56:10,36.78053,-121.97678,10.0,69.9,511.0,KODIAK,,,37,,20,,,,B
338125642,2022-09-30T20:57:12,36.78152,-121.97350,8.2,68.3,511.0,KODIAK,,,37,,20,,,,B
338125642,2022-09-30T20:59:11,36.78374,-121.96721,10.9,67.8,511.0,KODIAK,,,37,,20,,,,B
338125642,2022-09-30T21:00:13,36.78500,-121.96405,10.4,64.9,511.0,KODIAK,,,37,,20,,,,B
338125642,2022-09-30T21:01:43,36.78642,-121.95914,8.5,71.4,511.0,KODIAK,,,37,,20,,,,B
338125642,2022-09-30T21:03:12,36.78800,-121.95439,10.3,68.3,511.0,KODIAK,,,37,,20,,,,B
367664560,2022-10-02T15:08:16,36.81575,-121.97924,7.8,190.1,191.0,EXCALIBUR,,WDH9088,30,7,19,9,,30,A
367664560,2022-10-02T15:09:25,36.81332,-121.97976,7.8,190.0,192.0,EXCALIBUR,,WDH9088,30,7,19,9,,30,A
367664560,2022-10-02T15:10:35,36.81076,-121.98026,7.9,189.0,191.0,EXCALIBUR,,WDH9088,30,7,19,9,,30,A
367664560,2022-10-02T15:11:46,36.80818,-121.98079,7.8,189.3,189.0,EXCALIBUR,,WDH9088,30,7,19,9,,30,A
367664560,2022-10-02T15:12:55,36.80575,-121.98105,7.8,184.4,185.0,EXCALIBUR,,WDH9088,30,7,19,9,,30,A
367664560,2022-10-02T15:14:05,36.80318,-121.98128,7.8,184.4,186.0,EXCALIBUR,,WDH9088,30,7,19,9,,30,A
367664560,2022-10-02T15:15:14,36.80068,-121.98154,7.8,185.4,187.0,EXCALIBUR,,WDH9088,30,7,19,9,,30,A
367664560,2022-10-02T15:16:26,36.79811,-121.98185,7.8,185.1,187.0,EXCALIBUR,,WDH9088,30,7,19,9,,30,A
367664560,2022-10-02T15:17:28,36.79590,-121.98215,7.7,188.0,190.0,EXCALIBUR,,WDH9088,30,7,19,9,,30,A
367664560,2022-10-02T15:18:35,36.79354,-121.98271,7.8,191.1,190.0,EXCALIBUR,,WDH9088,30,7,19,9,,30,A
367664560,2022-10-02T15:19:46,36.79100,-121.98323,7.8,189.8,191.0,EXCALIBUR,,WDH9088,30,7,19,9,,30,A
367664560,2022-10-02T15:20:54,36.78857,-121.98371,7.8,189.2,191.0,EXCALIBUR,,WDH9088,30,7,19,9,,30,A
367664560,2022-10-02T15:22:05,36.78606,-121.98420,7.7,189.5,189.0,EXCALIBUR,,WDH9088,30,7,19,9,,30,A
367664560,2022-10-02T15:23:15,36.78360,-121.98466,7.7,188.2,191.0,EXCALIBUR,,WDH9088,30,7,19,9,,30,A
367664560,2022-10-02T15:24:26,36.78110,-121.98516,7.7,189.5,190.0,EXCALIBUR,,WDH9088,30,7,19,9,,30,A
367011060,2022-07-03T20:47:56,36.78622,-121.99758,3.2,27.9,511.0,PT SUR CLIPPER,,WX8607,60,,13,5,,,B
367011060,2022-07-03T20:49:25,36.78743,-121.99709,2.4,352.8,511.0,PT SUR CLIPPER,,WX8607,60,,13,5,,,B
367011060,2022-07-03T20:50:26,36.78754,-121.99755,1.8,86.3,511.0,PT SUR CLIPPER,,WX8607,60,,13,5,,,B
367011060,2022-07-03T20:51:55,36.78829,-121.99756,0.7,29.3,511.0,PT SUR CLIPPER,,WX8607,60,,13,5,,,B
367011060,2022-07-03T20:53:25,36.78880,-121.99749,4.5,56.7,511.0,PT SUR CLIPPER,,WX8607,60,,13,5,,,B
367011060,2022-07-03T20:54:26,36.78933,-121.99609,5.1,48.1,511.0,PT SUR CLIPPER,,WX8607,60,,13,5,,,B
367011060,2022-07-03T20:55:55,36.79070,-121.99478,3.2,43.2,511.0,PT SUR CLIPPER,,WX8607,60,,13,5,,,B
367011060,2022-07-03T20:57:25,36.79206,-121.99413,1.8,41.8,511.0,PT SUR CLIPPER,,WX8607,60,,13,5,,,B
367011060,2022-07-03T20:58:54,36.79202,-121.99398,1.9,112.4,511.0,PT SUR CLIPPER,,WX8607,60,,13,5,,,B
367011060,2022-07-03T20:59:55,36.79165,-121.99373,1.8,169.4,511.0,PT SUR CLIPPER,,WX8607,60,,13,5,,,B
367011060,2022-07-03T21:00:25,36.79159,-121.99373,1.6,101.1,511.0,PT SUR CLIPPER,,WX8607,60,,13,5,,,B
367011060,2022-07-03T21:01:54,36.79137,-121.99260,2.3,132.2,511.0,PT SUR CLIPPER,,WX8607,60,,13,5,,,B
367011060,2022-07-03T21:02:55,36.79104,-121.99218,0.9,135.8,511.0,PT SUR CLIPPER,,WX8607,60,,13,5,,,B
367011060,2022-07-03T21:04:25,36.79080,-121.99101,4.3,47.6,511.0,PT SUR CLIPPER,,WX8607,60,,13,5,,,B
367011060,2022-07-03T21:06:26,36.78896,-121.98677,10.1,145.8,511.0,PT SUR CLIPPER,,WX8607,60,,13,5,,,B
367011060,2022-07-03T21:07:55,36.78491,-121.98404,10.9,149.4,511.0,PT SUR CLIPPER,,WX8607,60,,13,5,,,B
367011060,2022-07-03T21:09:26,36.78059,-121.98185,11.1,160.4,511.0,PT SUR CLIPPER,,WX8607,60,,13,5,,,B
367011060,2022-07-16T19:45:16,36.78967,-121.99658,10.8,59.2,511.0,PT SUR CLIPPER,,WX8607,60,,13,5,,,B
367011060,2022-07-16T19:46:45,36.79112,-121.99159,9.5,78.3,511.0,PT SUR CLIPPER,,WX8607,60,,13,5,,,B
367011060,2022-07-16T19:48:15,36.79212,-121.98636,10.4,78.1,511.0,PT SUR CLIPPER,,WX8607,60,,13,5,,,B
367011060,2022-07-16T19:49:16,36.79271,-121.98284,9.9,78.8,511.0,PT SUR CLIPPER,,WX8607,60,,13,5,,,B
367011060,2022-07-16T19:50:46,36.79165,-121.97765,10.9,122.8,511.0,PT SUR CLIPPER,,WX8607,60,,13,5,,,B
367011060,2022-07-16T19:52:15,36.78940,-121.97291,10.3,125.6,511.0,PT SUR CLIPPER,,WX8607,60,,13,5,,,B
367011060,2022-07-16T19:53:45,36.78687,-121.96842,11.5,126.5,511.0,PT SUR CLIPPER,,WX8607,60,,13,5,,,B
367011060,2022-07-16T19:55:15,36.78416,-121.96383,11.0,128.5,511.0,PT SUR CLIPPER,,WX8607,60,,13,5,,,B
367011060,2022-07-16T19:56:46,36.78114,-121.95961,10.8,135.7,511.0,PT SUR CLIPPER,,WX8607,60,,13,5,,,B
367011060,2022-07-23T18:24:25,36.78351,-121.95697,9.1,341.1,511.0,PT SUR CLIPPER,,WX8607,60,,13,5,,,B
367011060,2022-07-23T18:25:54,36.78747,-121.95748,9.9,3.9,511.0,PT SUR CLIPPER,,WX8607,60,,13,5,,,B
367011060,2022-07-23T18:27:24,36.79167,-121.95820,9.6,349.3,511.0,PT SUR CLIPPER,,WX8607,60,,13,5,,,B
367011060,2022-07-23T18:28:54,36.79515,-121.95878,5.6,331.6,511.0,PT SUR CLIPPER,,WX8607,60,,13,5,,,B
367011060,2022-07-23T18:30:23,36.79518,-121.96082,3.8,260.7,511.0,PT SUR CLIPPER,,WX8607,60,,13,5,,,B
367011060,2022-07-23T18:31:53,36.79442,-121.96282,4.8,273.3,511.0,PT SUR CLIPPER,,WX8607,60,,13,5,,,B
367011060,2022-07-23T18:33:23,36.79544,-121.96396,3.3,321.0,511.0,PT SUR CLIPPER,,WX8607,60,,13,5,,,B
367011060,2022-07-23T18:34:55,36.79639,-121.96416,1.7,326.5,511.0,PT SUR CLIPPER,,WX8607,60,,13,5,,,B
367011060,2022-07-23T18:36:23,36.79718,-121.96709,8.9,287.1,511.0,PT SUR CLIPPER,,WX8607,60,,13,5,,,B
367011060,2022-07-23T18:37:24,36.79784,-121.97019,9.3,285.3,511.0,PT SUR CLIPPER,,WX8607,60,,13,5,,,B
367011060,2022-07-23T18:39:23,36.79931,-121.97643,9.8,285.0,511.0,PT SUR CLIPPER,,WX8607,60,,13,5,,,B
367011060,2022-07-23T18:40:24,36.80006,-121.97959,8.9,287.3,511.0,PT SUR CLIPPER,,WX8607,60,,13,5,,,B
367011060,2022-07-23T18:41:54,36.80117,-121.98440,8.8,287.0,511.0,PT SUR CLIPPER,,WX8607,60,,13,5,,,B
367011060,2022-07-23T18:43:24,36.80260,-121.98886,10.0,315.1,511.0,PT SUR CLIPPER,,WX8607,60,,13,5,,,B
367011060,2022-07-23T18:44:56,36.80499,-121.99265,9.7,258.1,511.0,PT SUR CLIPPER,,WX8607,60,,13,5,,,B
367011060,2022-07-23T18:46:23,36.80455,-121.99738,7.6,270.6,511.0,PT SUR CLIPPER,,WX8607,60,,13,5,,,B
367011060,2022-08-24T18:16:41,36.78435,-121.97592,11.3,332.6,511.0,PT SUR CLIPPER,,WX8607,60,,13,5,,,B
367011060,2022-08-24T18:17:42,36.78721,-121.97777,11.3,335.2,511.0,PT SUR CLIPPER,,WX8607,60,,13,5,,,B
367011060,2022-08-24T18:19:11,36.79138,-121.98023,11.1,324.3,511.0,PT SUR CLIPPER,,WX8607,60,,13,5,,,B
367011060,2022-08-24T18:20:40,36.79352,-121.98397,8.8,278.4,511.0,PT SUR CLIPPER,,WX8607,60,,13,5,,,B
367011060,2022-08-24T18:21:41,36.79483,-121.98594,10.1,21.8,511.0,PT SUR CLIPPER,,WX8607,60,,13,5,,,B
367011060,2022-08-24T18:23:10,36.79872,-121.98574,7.7,358.9,511.0,PT SUR CLIPPER,,WX8607,60,,13,5,,,B
367011060,2022-08-24T18:24:11,36.80047,-121.98612,5.4,330.6,511.0,PT SUR CLIPPER,,WX8607,60,,13,5,,,B
367011060,2022-08-24T18:25:26,36.80215,-121.98625,4.9,331.2,511.0,PT SUR CLIPPER,,WX8607,60,,13,5,,,B
367011060,2022-08-24T18:27:27,36.80381,-121.98505,5.3,21.1,511.0,PT SUR CLIPPER,,WX8607,60,,13,5,,,B
367011060,2022-08-24T18:28:28,36.80499,-121.98371,8.1,66.0,511.0,PT SUR CLIPPER,,WX8607,60,,13,5,,,B
367011060,2022-08-24T18:29:55,36.80685,-121.97884,9.0,65.8,511.0,PT SUR CLIPPER,,WX8607,60,,13,5,,,B
367011060,2022-08-24T18:31:28,36.80772,-121.97463,8.4,94.5,511.0,PT SUR CLIPPER,,WX8607,60,,13,5,,,B
367011060,2022-08-24T18:32:55,36.80796,-121.97184,5.1,87.3,511.0,PT SUR CLIPPER,,WX8607,60,,13,5,,,B
367011060,2022-08-24T18:34:28,36.80768,-121.96884,5.2,82.7,511.0,PT SUR CLIPPER,,WX8607,60,,13,5,,,B
367011060,2022-08-24T18:35:55,36.80807,-121.96602,5.3,64.2,511.0,PT SUR CLIPPER,,WX8607,60,,13,5,,,B
367011060,2022-08-24T18:36:57,36.80896,-121.96468,4.8,47.4,511.0,PT SUR CLIPPER,,WX8607,60,,13,5,,,B
367011060,2022-08-24T18:38:26,36.80895,-121.96183,6.6,85.9,511.0,PT SUR CLIPPER,,WX8607,60,,13,5,,,B
367011060,2022-08-24T18:39:56,36.80918,-121.95814,6.3,31.3,511.0,PT SUR CLIPPER,,WX8607,60,,13,5,,,B
367011060,2022-08-24T18:41:28,36.80989,-121.95520,9.9,112.6,511.0,PT SUR CLIPPER,,WX8607,60,,13,5,,,B
367011060,2022-08-24T18:57:55,36.81058,-121.95513,8.7,176.1,511.0,PT SUR CLIPPER,,WX8607,60,,13,5,,,B
367011060,2022-08-24T18:59:25,36.80687,-121.95503,8.8,188.3,511.0,PT SUR CLIPPER,,WX8607,60,,13,5,,,B
367011060,2022-08-24T19:00:26,36.80582,-121.95633,1.5,127.6,511.0,PT SUR CLIPPER,,WX8607,60,,13,5,,,B
367011060,2022-08-24T19:01:57,36.80468,-121.95932,8.1,243.8,511.0,PT SUR CLIPPER,,WX8607,60,,13,5,,,B
367011060,2022-08-24T19:03:25,36.80358,-121.96308,7.3,251.9,511.0,PT SUR CLIPPER,,WX8607,60,,13,5,,,B
367011060,2022-08-24T19:04:57,36.80262,-121.96706,7.4,252.4,511.0,PT SUR CLIPPER,,WX8607,60,,13,5,,,B
367011060,2022-08-24T19:07:26,36.80113,-121.97339,8.2,255.3,511.0,PT SUR CLIPPER,,WX8607,60,,13,5,,,B
367011060,2022-08-24T19:08:55,36.80023,-121.97724,7.4,257.2,511.0,PT SUR CLIPPER,,WX8607,60,,13,5,,,B
367011060,2022-08-24T19:10:57,36.79900,-121.98243,7.4,253.8,511.0,PT SUR CLIPPER,,WX8607,60,,13,5,,,B
367011060,2022-08-24T19:12:25,36.79812,-121.98623,7.9,251.8,511.0,PT SUR CLIPPER,,WX8607,60,,13,5,,,B
367011060,2022-08-24T19:13:26,36.79752,-121.98885,6.8,252.1,511.0,PT SUR CLIPPER,,WX8607,60,,13,5,,,B
367011060,2022-08-24T19:15:25,36.79634,-121.99389,8.1,254.3,511.0,PT SUR CLIPPER,,WX8607,60,,13,5,,,B
367011060,2022-08-24T19:16:26,36.79558,-121.99634,7.6,209.7,511.0,PT SUR CLIPPER,,WX8607,60,,13,5,,,B
367011060,2022-08-24T19:17:56,36.79328,-121.99300,11.1,113.2,511.0,PT SUR CLIPPER,,WX8607,60,,13,5,,,B
367011060,2022-08-24T19:19:26,36.79219,-121.98818,11.0,123.3,511.0,PT SUR CLIPPER,,WX8607,60,,13,5,,,B
367011060,2022-08-24T19:20:27,36.79045,-121.98495,10.8,125.6,511.0,PT SUR CLIPPER,,WX8607,60,,13,5,,,B
367011060,2022-08-24T19:21:28,36.78869,-121.98171,10.2,125.1,511.0,PT SUR CLIPPER,,WX8607,60,,13,5,,,B
367011060,2022-08-24T19:22:57,36.78605,-121.97712,10.5,121.8,511.0,PT SUR CLIPPER,,WX8607,60,,13,5,,,B
367011060,2022-08-24T19:24:25,36.78341,-121.97246,10.3,121.7,511.0,PT SUR CLIPPER,,WX8607,60,,13,5,,,B
367011060,2022-08-24T19:25:55,36.78070,-121.96778,10.3,123.8,511.0,PT SUR CLIPPER,,WX8607,60,,13,5,,,B
367011060,2022-08-26T16:30:28,36.80476,-121.95438,9.9,205.7,511.0,PT SUR CLIPPER,,WX8607,60,,13,5,,,B
367011060,2022-08-26T16:32:28,36.80061,-121.95844,10.6,255.2,511.0,PT SUR CLIPPER,,WX8607,60,,13,5,,,B
367011060,2022-08-26T16:33:57,36.79900,-121.96286,9.7,241.9,511.0,PT SUR CLIPPER,,WX8607,60,,13,5,,,B
367011060,2022-08-26T16:35:26,36.79659,-121.96692,9.0,234.3,511.0,PT SUR CLIPPER,,WX8607,60,,13,5,,,B
367011060,2022-08-26T16:36:27,36.79443,-121.96889,9.7,216.4,511.0,PT SUR CLIPPER,,WX8607,60,,13,5,,,B
367011060,2022-08-26T16:37:29,36.79205,-121.97060,9.5,210.7,511.0,PT SUR CLIPPER,,WX8607,60,,13,5,,,B
367011060,2022-08-26T16:38:56,36.78892,-121.97337,9.9,217.5,511.0,PT SUR CLIPPER,,WX8607,60,,13,5,,,B
367011060,2022-08-26T16:40:01,36.78617,-121.97396,10.0,159.4,511.0,PT SUR CLIPPER,,WX8607,60,,13,5,,,B
367011060,2022-08-26T16:41:28,36.78322,-121.97447,9.3,255.2,511.0,PT SUR CLIPPER,,WX8607,60,,13,5,,,B
367011060,2022-08-26T16:42:57,36.78277,-121.97962,7.7,269.3,511.0,PT SUR CLIPPER,,WX8607,60,,13,5,,,B
367011060,2022-08-26T16:44:58,36.78252,-121.98597,9.0,254.5,511.0,PT SUR CLIPPER,,WX8607,60,,13,5,,,B
367011060,2022-08-26T16:46:26,36.78117,-121.99053,9.3,229.6,511.0,PT SUR CLIPPER,,WX8607,60,,13,5,,,B
367011060,2022-09-17T18:09:01,36.79659,-121.99628,7.8,87.7,511.0,PT SUR CLIPPER,,WX8607,60,,13,5,,,B
367011060,2022-09-17T18:10:29,36.79685,-121.99175,9.5,85.0,511.0,PT SUR CLIPPER,,WX8607,60,,13,5,,,B
367011060,2022-09-17T18:11:30,36.79713,-121.98834,10.4,84.1,511.0,PT SUR CLIPPER,,WX8607,60,,13,5,,,B
367011060,2022-09-17T18:12:59,36.79776,-121.98311,10.7,80.7,511.0,PT SUR CLIPPER,,WX8607,60,,13,5,,,B
367011060,2022-09-17T18:14:00,36.79813,-121.97955,10.6,85.5,511.0,PT SUR CLIPPER,,WX8607,60,,13,5,,,B
367011060,2022-09-17T18:15:30,36.79870,-121.97413,10.8,76.5,511.0,PT SUR CLIPPER,,WX8607,60,,13,5,,,B
367011060,2022-09-17T18:16:31,36.79921,-121.97048,9.1,84.5,511.0,PT SUR CLIPPER,,WX8607,60,,13,5,,,B
367011060,2022-09-17T18:17:59,36.79968,-121.96525,10.1,75.2,511.0,PT SUR CLIPPER,,WX8607,60,,13,5,,,B
367011060,2022-09-17T18:19:01,36.79993,-121.96159,10.4,84.9,511.0,PT SUR CLIPPER,,WX8607,60,,13,5,,,B
367011060,2022-09-17T18:20:31,36.79984,-121.95627,10.6,90.6,511.0,PT SUR CLIPPER,,WX8607,60,,13,5,,,B
367011060,2022-09-17T19:52:40,36.81154,-121.95354,3.3,14.5,511.0,PT SUR CLIPPER,,WX8607,60,,13,5,,,B
367011060,2022-09-17T19:56:08,36.81306,-121.95383,2.5,59.2,511.0,PT SUR CLIPPER,,WX8607,60,,13,5,,,B
367011060,2022-09-17T20:00:39,36.81224,-121.95512,3.9,254.7,511.0,PT SUR CLIPPER,,WX8607,60,,13,5,,,B
367011060,2022-09-17T20:02:09,36.81159,-121.95730,4.7,232.1,511.0,PT SUR CLIPPER,,WX8607,60,,13,5,,,B
367011060,2022-09-17T20:04:08,36.80987,-121.96120,4.6,217.1,511.0,PT SUR CLIPPER,,WX8607,60,,13,5,,,B
367011060,2022-09-17T20:05:09,36.80848,-121.96265,9.1,219.5,511.0,PT SUR CLIPPER,,WX8607,60,,13,5,,,B
367011060,2022-09-17T20:06:39,36.80540,-121.96562,9.6,218.5,511.0,PT SUR CLIPPER,,WX8607,60,,13,5,,,B
367011060,2022-09-17T20:08:09,36.80211,-121.96849,9.6,211.8,511.0,PT SUR CLIPPER,,WX8607,60,,13,5,,,B
367011060,2022-09-17T20:09:39,36.80034,-121.97278,9.9,252.3,511.0,PT SUR CLIPPER,,WX8607,60,,13,5,,,B
367011060,2022-09-17T20:10:40,36.79943,-121.97602,9.0,248.2,511.0,PT SUR CLIPPER,,WX8607,60,,13,5,,,B
367011060,2022-09-17T20:12:10,36.79808,-121.98081,10.0,247.8,511.0,PT SUR CLIPPER,,WX8607,60,,13,5,,,B
367011060,2022-09-17T20:13:39,36.79718,-121.98557,9.2,258.5,511.0,PT SUR CLIPPER,,WX8607,60,,13,5,,,B
367011060,2022-09-17T20:15:09,36.79669,-121.98873,3.2,15.2,511.0,PT SUR CLIPPER,,WX8607,60,,13,5,,,B
367011060,2022-09-17T20:16:39,36.79650,-121.98881,7.1,283.4,511.0,PT SUR CLIPPER,,WX8607,60,,13,5,,,B
367011060,2022-09-17T20:18:09,36.79663,-121.99310,7.8,265.2,511.0,PT SUR CLIPPER,,WX8607,60,,13,5,,,B
367011060,2022-09-17T20:19:38,36.79596,-121.99755,8.2,255.6,511.0,PT SUR CLIPPER,,WX8607,60,,13,5,,,B
367011060,2022-09-17T20:27:08,36.79799,-121.99608,6.0,110.8,511.0,PT SUR CLIPPER,,WX8607,60,,13,5,,,B
367011060,2022-09-17T20:28:09,36.79723,-121.99466,4.2,168.9,511.0,PT SUR CLIPPER,,WX8607,60,,13,5,,,B
367011060,2022-09-17T20:29:11,36.79641,-121.99413,3.2,121.6,511.0,PT SUR CLIPPER,,WX8607,60,,13,5,,,B
367011060,2022-09-17T20:31:08,36.79567,-121.99232,2.4,109.1,511.0,PT SUR CLIPPER,,WX8607,60,,13,5,,,B
367011060,2022-09-17T20:32:39,36.79499,-121.99013,5.4,110.7,511.0,PT SUR CLIPPER,,WX8607,60,,13,5,,,B
367011060,2022-09-17T20:34:11,36.79444,-121.98808,6.4,99.0,511.0,PT SUR CLIPPER,,WX8607,60,,13,5,,,B
367011060,2022-09-17T20:35:39,36.79403,-121.98582,4.4,97.5,511.0,PT SUR CLIPPER,,WX8607,60,,13,5,,,B
367011060,2022-09-17T20:37:08,36.79388,-121.98322,4.7,92.5,511.0,PT SUR CLIPPER,,WX8607,60,,13,5,,,B
367011060,2022-09-17T20:38:09,36.79365,-121.98140,8.6,107.0,511.0,PT SUR CLIPPER,,WX8607,60,,13,5,,,B
367011060,2022-09-17T20:39:40,36.79293,-121.97660,10.4,100.3,511.0,PT SUR CLIPPER,,WX8607,60,,13,5,,,B
367011060,2022-09-17T20:41:10,36.79272,-121.97141,10.9,87.9,511.0,PT SUR CLIPPER,,WX8607,60,,13,5,,,B
367011060,2022-09-17T20:42:39,36.79223,-121.96883,1.1,120.5,511.0,PT SUR CLIPPER,,WX8607,60,,13,5,,,B
367011060,2022-09-17T20:44:09,36.79218,-121.96818,4.3,87.8,511.0,PT SUR CLIPPER,,WX8607,60,,13,5,,,B
367011060,2022-09-17T20:45:11,36.79220,-121.96698,2.7,94.0,511.0,PT SUR CLIPPER,,WX8607,60,,13,5,,,B
367011060,2022-09-17T20:46:39,36.79196,-121.96604,3.8,99.8,511.0,PT SUR CLIPPER,,WX8607,60,,13,5,,,B
367011060,2022-09-17T20:48:09,36.79255,-121.96572,5.2,326.9,511.0,PT SUR CLIPPER,,WX8607,60,,13,5,,,B
367011060,2022-09-17T20:49:40,36.79337,-121.96645,1.4,43.2,511.0,PT SUR CLIPPER,,WX8607,60,,13,5,,,B
367011060,2022-09-17T20:51:09,36.79341,-121.96613,1.1,110.3,511.0,PT SUR CLIPPER,,WX8607,60,,13,5,,,B
367011060,2022-09-17T20:52:38,36.79428,-121.96510,5.7,60.6,511.0,PT SUR CLIPPER,,WX8607,60,,13,5,,,B
367011060,2022-09-17T20:53:40,36.79452,-121.96345,3.8,115.5,511.0,PT SUR CLIPPER,,WX8607,60,,13,5,,,B
367011060,2022-09-17T20:55:39,36.79344,-121.96252,4.0,127.1,511.0,PT SUR CLIPPER,,WX8607,60,,13,5,,,B
367011060,2022-09-17T20:57:10,36.79284,-121.96095,3.5,95.9,511.0,PT SUR CLIPPER,,WX8607,60,,13,5,,,B
367011060,2022-09-17T20:58:41,36.79281,-121.95944,1.9,104.6,511.0,PT SUR CLIPPER,,WX8607,60,,13,5,,,B
367011060,2022-09-17T21:00:08,36.79360,-121.95726,5.9,62.8,511.0,PT SUR CLIPPER,,WX8607,60,,13,5,,,B
367011060,2022-09-17T21:01:10,36.79414,-121.95563,6.6,140.5,511.0,PT SUR CLIPPER,,WX8607,60,,13,5,,,B
367011060,2022-09-17T21:02:38,36.79085,-121.95409,10.1,162.0,511.0,PT SUR CLIPPER,,WX8607,60,,13,5,,,B
367011060,2022-09-19T19:34:37,36.78180,-121.96845,11.0,99.3,511.0,PT SUR CLIPPER,,WX8607,60,,13,5,,,B
367011060,2022-09-19T19:36:06,36.78270,-121.96320,12.1,81.6,511.0,PT SUR CLIPPER,,WX8607,60,,13,5,,,B
367011060,2022-09-19T19:37:37,36.78432,-121.95801,9.7,69.1,511.0,PT SUR CLIPPER,,WX8607,60,,13,5,,,B
367011060,2022-09-25T17:35:38,36.78388,-121.95646,9.4,294.8,511.0,PT SUR CLIPPER,,WX8607,60,,13,5,,,B
367011060,2022-09-25T17:37:08,36.78556,-121.96100,9.4,293.1,511.0,PT SUR CLIPPER,,WX8607,60,,13,5,,,B
367011060,2022-09-25T17:38:37,36.78739,-121.96530,9.6,313.0,511.0,PT SUR CLIPPER,,WX8607,60,,13,5,,,B
367011060,2022-09-25T17:40:06,36.79018,-121.96852,8.3,315.9,511.0,PT SUR CLIPPER,,WX8607,60,,13,5,,,B
367011060,2022-09-25T17:41:36,36.79201,-121.96980,7.4,6.5,511.0,PT SUR CLIPPER,,WX8607,60,,13,5,,,B
367011060,2022-09-25T17:43:06,36.79512,-121.96908,6.8,8.6,511.0,PT SUR CLIPPER,,WX8607,60,,13,5,,,B
367011060,2022-09-25T17:44:36,36.79688,-121.96922,1.3,341.6,511.0,PT SUR CLIPPER,,WX8607,60,,13,5,,,B
367011060,2022-09-25T17:46:06,36.79712,-121.96931,0.5,33.7,511.0,PT SUR CLIPPER,,WX8607,60,,13,5,,,B
367011060,2022-09-25T17:47:36,36.79818,-121.96945,1.1,20.1,511.0,PT SUR CLIPPER,,WX8607,60,,13,5,,,B
367011060,2022-09-25T17:49:06,36.79849,-121.96920,1.0,60.9,511.0,PT SUR CLIPPER,,WX8607,60,,13,5,,,B
367011060,2022-09-25T17:50:36,36.79953,-121.96851,5.1,343.5,511.0,PT SUR CLIPPER,,WX8607,60,,13,5,,,B
367011060,2022-09-25T17:51:38,36.80117,-121.96845,5.1,20.9,511.0,PT SUR CLIPPER,,WX8607,60,,13,5,,,B
367011060,2022-09-25T17:53:09,36.80141,-121.96660,5.4,84.3,511.0,PT SUR CLIPPER,,WX8607,60,,13,5,,,B
367011060,2022-09-25T17:54:36,36.80079,-121.96590,5.0,294.1,511.0,PT SUR CLIPPER,,WX8607,60,,13,5,,,B
367011060,2022-09-25T17:56:06,36.80248,-121.96898,8.0,301.0,511.0,PT SUR CLIPPER,,WX8607,60,,13,5,,,B
367011060,2022-09-25T17:58:07,36.80487,-121.97373,8.1,303.6,511.0,PT SUR CLIPPER,,WX8607,60,,13,5,,,B
367011060,2022-09-25T17:59:36,36.80637,-121.97770,8.3,292.4,511.0,PT SUR CLIPPER,,WX8607,60,,13,5,,,B
367011060,2022-09-25T18:00:06,36.80691,-121.97910,9.0,295.0,511.0,PT SUR CLIPPER,,WX8607,60,,13,5,,,B
367011060,2022-09-25T18:01:07,36.80754,-121.98080,5.2,289.3,511.0,PT SUR CLIPPER,,WX8607,60,,13,5,,,B
367011060,2022-09-25T18:02:38,36.80855,-121.98291,4.9,308.3,511.0,PT SUR CLIPPER,,WX8607,60,,13,5,,,B
367011060,2022-09-25T18:04:06,36.80985,-121.98554,7.7,296.6,511.0,PT SUR CLIPPER,,WX8607,60,,13,5,,,B
367011060,2022-09-25T18:05:37,36.81127,-121.98932,7.7,293.7,511.0,PT SUR CLIPPER,,WX8607,60,,13,5,,,B
367011060,2022-09-25T18:07:06,36.81282,-121.99308,8.4,299.3,511.0,PT SUR CLIPPER,,WX8607,60,,13,5,,,B
367011060,2022-09-25T18:08:37,36.81455,-121.99684,8.8,300.9,511.0,PT SUR CLIPPER,,WX8607,60,,13,5,,,B
367011060,2022-09-26T17:08:53,36.78341,-121.99797,9.4,57.6,511.0,PT SUR CLIPPER,,WX8607,60,,13,5,,,B
367011060,2022-09-26T17:10:22,36.78641,-121.99624,8.8,349.8,511.0,PT SUR CLIPPER,,WX8607,60,,13,5,,,B
367011060,2022-09-26T17:11:23,36.78876,-121.99754,9.4,323.9,511.0,PT SUR CLIPPER,,WX8607,60,,13,5,,,B
367011060,2022-09-26T21:29:02,36.81566,-121.99384,9.0,188.7,511.0,PT SUR CLIPPER,,WX8607,60,,13,5,,,B
367011060,2022-09-26T21:31:02,36.81361,-121.99698,3.6,216.2,511.0,PT SUR CLIPPER,,WX8607,60,,13,5,,,B
367011060,2022-09-26T21:33:03,36.81353,-121.99757,5.2,64.4,511.0,PT SUR CLIPPER,,WX8607,60,,13,5,,,B
367011060,2022-09-26T21:34:32,36.81415,-121.99557,4.0,99.1,511.0,PT SUR CLIPPER,,WX8607,60,,13,5,,,B
367011060,2022-09-26T21:36:02,36.81450,-121.99445,1.6,34.0,511.0,PT SUR CLIPPER,,WX8607,60,,13,5,,,B
367011060,2022-09-26T21:37:32,36.81489,-121.99503,3.1,259.9,511.0,PT SUR CLIPPER,,WX8607,60,,13,5,,,B
367011060,2022-09-26T21:39:02,36.81404,-121.99632,3.4,208.6,511.0,PT SUR CLIPPER,,WX8607,60,,13,5,,,B
367011060,2022-09-26T21:40:04,36.81289,-121.99627,5.1,133.2,511.0,PT SUR CLIPPER,,WX8607,60,,13,5,,,B
367011060,2022-09-26T21:41:33,36.81248,-121.99435,2.7,105.4,511.0,PT SUR CLIPPER,,WX8607,60,,13,5,,,B
367011060,2022-09-26T21:42:36,36.81319,-121.99402,4.4,304.9,511.0,PT SUR CLIPPER,,WX8607,60,,13,5,,,B
367011060,2022-09-26T21:44:02,36.81266,-121.99612,4.7,221.0,511.0,PT SUR CLIPPER,,WX8607,60,,13,5,,,B
367011060,2022-09-26T21:45:32,36.81118,-121.99448,7.9,103.2,511.0,PT SUR CLIPPER,,WX8607,60,,13,5,,,B
367011060,2022-09-26T21:46:36,36.81036,-121.99053,12.2,104.9,511.0,PT SUR CLIPPER,,WX8607,60,,13,5,,,B
367011060,2022-09-26T21:48:02,36.80931,-121.98510,11.3,107.7,511.0,PT SUR CLIPPER,,WX8607,60,,13,5,,,B
367011060,2022-09-26T21:49:03,36.80855,-121.98130,12.0,100.2,511.0,PT SUR CLIPPER,,WX8607,60,,13,5,,,B
367011060,2022-09-26T21:50:32,36.80742,-121.97566,11.4,109.4,511.0,PT SUR CLIPPER,,WX8607,60,,13,5,,,B
367011060,2022-09-26T21:52:02,36.80633,-121.96996,10.8,102.6,511.0,PT SUR CLIPPER,,WX8607,60,,13,5,,,B
367011060,2022-09-26T21:53:03,36.80551,-121.96603,12.5,110.0,511.0,PT SUR CLIPPER,,WX8607,60,,13,5,,,B
367011060,2022-09-26T21:54:32,36.80477,-121.96013,11.6,104.8,511.0,PT SUR CLIPPER,,WX8607,60,,13,5,,,B
367011060,2022-09-26T21:56:02,36.80402,-121.95425,11.0,93.1,511.0,PT SUR CLIPPER,,WX8607,60,,13,5,,,B
367011060,2022-10-10T19:09:51,36.79403,-121.95539,9.7,164.1,511.0,PT SUR CLIPPER,,WX8607,60,,13,5,,,B
367011060,2022-10-10T19:11:23,36.79215,-121.95942,10.3,258.2,511.0,PT SUR CLIPPER,,WX8607,60,,13,5,,,B
367011060,2022-10-10T19:12:52,36.79287,-121.96391,10.4,330.0,511.0,PT SUR CLIPPER,,WX8607,60,,13,5,,,B
367011060,2022-10-10T19:13:54,36.79538,-121.96598,10.7,319.0,511.0,PT SUR CLIPPER,,WX8607,60,,13,5,,,B
367011060,2022-10-10T19:15:22,36.79717,-121.96966,8.7,282.6,511.0,PT SUR CLIPPER,,WX8607,60,,13,5,,,B
367011060,2022-10-10T19:16:52,36.79801,-121.97390,9.2,294.2,511.0,PT SUR CLIPPER,,WX8607,60,,13,5,,,B
367011060,2022-10-10T19:18:52,36.79865,-121.97946,8.7,329.8,511.0,PT SUR CLIPPER,,WX8607,60,,13,5,,,B
367011060,2022-10-10T19:20:21,36.79999,-121.98028,0.6,77.4,511.0,PT SUR CLIPPER,,WX8607,60,,13,5,,,B
367011060,2022-10-10T19:21:52,36.79994,-121.97999,1.5,171.8,511.0,PT SUR CLIPPER,,WX8607,60,,13,5,,,B
367011060,2022-10-10T19:22:53,36.79917,-121.98081,5.9,265.8,511.0,PT SUR CLIPPER,,WX8607,60,,13,5,,,B
367011060,2022-10-10T19:24:22,36.79908,-121.98219,1.3,179.7,511.0,PT SUR CLIPPER,,WX8607,60,,13,5,,,B
367011060,2022-10-10T19:25:52,36.79871,-121.98230,1.1,179.5,511.0,PT SUR CLIPPER,,WX8607,60,,13,5,,,B
367011060,2022-10-10T19:27:22,36.79783,-121.98201,3.6,125.5,511.0,PT SUR CLIPPER,,WX8607,60,,13,5,,,B
367011060,2022-10-10T19:28:51,36.79697,-121.98120,2.4,217.1,511.0,PT SUR CLIPPER,,WX8607,60,,13,5,,,B
367011060,2022-10-10T19:29:52,36.79637,-121.98121,3.1,158.4,511.0,PT SUR CLIPPER,,WX8607,60,,13,5,,,B
367011060,2022-10-10T19:31:24,36.79587,-121.98090,0.9,174.2,511.0,PT SUR CLIPPER,,WX8607,60,,13,5,,,B
367011060,2022-10-10T19:32:51,36.79534,-121.98076,1.1,195.3,511.0,PT SUR CLIPPER,,WX8607,60,,13,5,,,B
367011060,2022-10-10T19:34:21,36.79496,-121.98083,0.9,150.3,511.0,PT SUR CLIPPER,,WX8607,60,,13,5,,,B
367011060,2022-10-10T19:35:22,36.79380,-121.98142,7.8,211.1,511.0,PT SUR CLIPPER,,WX8607,60,,13,5,,,B
367011060,2022-10-10T19:36:52,36.79251,-121.98217,0.4,336.7,511.0,PT SUR CLIPPER,,WX8607,60,,13,5,,,B
367011060,2022-10-10T19:38:21,36.79257,-121.98213,0.8,125.9,511.0,PT SUR CLIPPER,,WX8607,60,,13,5,,,B
367011060,2022-10-10T19:42:21,36.79239,-121.98167,0.4,115.3,511.0,PT SUR CLIPPER,,WX8607,60,,13,5,,,B
367011060,2022-10-10T19:44:47,36.79243,-121.98114,4.2,80.7,511.0,PT SUR CLIPPER,,WX8607,60,,13,5,,,B
367011060,2022-10-10T19:45:48,36.79235,-121.97913,4.0,91.1,511.0,PT SUR CLIPPER,,WX8607,60,,13,5,,,B
367011060,2022-10-10T19:47:17,36.79222,-121.97813,1.5,112.1,511.0,PT SUR CLIPPER,,WX8607,60,,13,5,,,B
367011060,2022-10-10T19:48:18,36.79180,-121.97744,5.5,113.7,511.0,PT SUR CLIPPER,,WX8607,60,,13,5,,,B
367011060,2022-10-10T19:50:17,36.78962,-121.97553,5.6,149.7,511.0,PT SUR CLIPPER,,WX8607,60,,13,5,,,B
367011060,2022-10-10T19:51:47,36.78874,-121.97472,1.3,169.8,511.0,PT SUR CLIPPER,,WX8607,60,,13,5,,,B
367011060,2022-10-10T19:53:16,36.78791,-121.97462,7.8,169.7,511.0,PT SUR CLIPPER,,WX8607,60,,13,5,,,B
367011060,2022-10-10T19:54:47,36.78592,-121.97320,2.6,169.6,511.0,PT SUR CLIPPER,,WX8607,60,,13,5,,,B
367011060,2022-10-10T19:55:49,36.78558,-121.97320,0.6,173.0,511.0,PT SUR CLIPPER,,WX8607,60,,13,5,,,B
367011060,2022-10-10T19:57:18,36.78546,-121.97312,0.3,111.6,511.0,PT SUR CLIPPER,,WX8607,60,,13,5,,,B
367011060,2022-10-10T20:00:44,36.78512,-121.97192,9.1,60.7,511.0,PT SUR CLIPPER,,WX8607,60,,13,5,,,B
367011060,2022-10-10T20:02:13,36.78685,-121.97347,5.0,267.9,511.0,PT SUR CLIPPER,,WX8607,60,,13,5,,,B
367011060,2022-10-10T20:03:43,36.78562,-121.97169,8.7,75.1,511.0,PT SUR CLIPPER,,WX8607,60,,13,5,,,B
367011060,2022-10-10T20:05:13,36.78773,-121.96868,8.4,5.8,511.0,PT SUR CLIPPER,,WX8607,60,,13,5,,,B
367011060,2022-10-10T20:06:42,36.78904,-121.96874,2.1,3.1,511.0,PT SUR CLIPPER,,WX8607,60,,13,5,,,B
367011060,2022-10-10T20:08:15,36.78940,-121.97036,7.4,203.8,511.0,PT SUR CLIPPER,,WX8607,60,,13,5,,,B
367011060,2022-10-10T20:09:44,36.78958,-121.97015,8.0,228.6,511.0,PT SUR CLIPPER,,WX8607,60,,13,5,,,B
367011060,2022-10-10T20:11:12,36.79001,-121.97000,9.5,299.0,511.0,PT SUR CLIPPER,,WX8607,60,,13,5,,,B
367011060,2022-10-10T20:12:45,36.78791,-121.97311,9.1,179.3,511.0,PT SUR CLIPPER,,WX8607,60,,13,5,,,B
367011060,2022-10-10T20:14:12,36.78425,-121.97145,9.6,144.7,511.0,PT SUR CLIPPER,,WX8607,60,,13,5,,,B
367011060,2022-10-10T20:15:42,36.78090,-121.96956,9.9,230.0,511.0,PT SUR CLIPPER,,WX8607,60,,13,5,,,B
367011060,2022-10-10T20:16:43,36.78100,-121.97289,10.4,298.3,511.0,PT SUR CLIPPER,,WX8607,60,,13,5,,,B
367011060,2022-10-10T20:18:13,36.78153,-121.97781,9.5,259.5,511.0,PT SUR CLIPPER,,WX8607,60,,13,5,,,B
367011060,2022-10-10T20:19:42,36.78078,-121.98268,9.4,229.2,511.0,PT SUR CLIPPER,,WX8607,60,,13,5,,,B
367011060,2022-10-14T23:31:39,36.80283,-121.95788,10.7,270.7,511.0,PT SUR CLIPPER,,WX8607,60,,13,5,,,B
367011060,2022-10-14T23:33:09,36.80295,-121.96349,10.4,285.9,511.0,PT SUR CLIPPER,,WX8607,60,,13,5,,,B
367011060,2022-10-14T23:34:38,36.80512,-121.96824,11.4,305.3,511.0,PT SUR CLIPPER,,WX8607,60,,13,5,,,B
367011060,2022-10-14T23:35:39,36.80696,-121.97110,11.0,292.6,511.0,PT SUR CLIPPER,,WX8607,60,,13,5,,,B
367011060,2022-10-14T23:37:10,36.80823,-121.97645,8.1,295.0,511.0,PT SUR CLIPPER,,WX8607,60,,13,5,,,B
367011060,2022-10-14T23:38:39,36.81050,-121.97679,4.9,24.0,511.0,PT SUR CLIPPER,,WX8607,60,,13,5,,,B
367011060,2022-10-14T23:40:08,36.81113,-121.97544,5.0,132.0,511.0,PT SUR CLIPPER,,WX8607,60,,13,5,,,B
367011060,2022-10-14T23:41:09,36.80996,-121.97449,6.3,152.6,511.0,PT SUR CLIPPER,,WX8607,60,,13,5,,,B
367011060,2022-10-14T23:42:39,36.80864,-121.97359,2.6,142.8,511.0,PT SUR CLIPPER,,WX8607,60,,13,5,,,B
367011060,2022-10-14T23:44:08,36.80796,-121.97306,4.4,156.1,511.0,PT SUR CLIPPER,,WX8607,60,,13,5,,,B
367011060,2022-10-14T23:45:09,36.80750,-121.97249,4.1,62.5,511.0,PT SUR CLIPPER,,WX8607,60,,13,5,,,B
367011060,2022-10-14T23:46:39,36.80749,-121.97079,4.6,133.5,511.0,PT SUR CLIPPER,,WX8607,60,,13,5,,,B
367011060,2022-10-14T23:48:09,36.80544,-121.97016,3.0,160.5,511.0,PT SUR CLIPPER,,WX8607,60,,13,5,,,B
367011060,2022-10-14T23:49:10,36.80455,-121.97091,5.2,262.2,511.0,PT SUR CLIPPER,,WX8607,60,,13,5,,,B
367011060,2022-10-14T23:50:39,36.80483,-121.97273,5.5,33.4,511.0,PT SUR CLIPPER,,WX8607,60,,13,5,,,B
367011060,2022-10-14T23:51:40,36.80510,-121.97025,8.2,95.6,511.0,PT SUR CLIPPER,,WX8607,60,,13,5,,,B
367011060,2022-10-14T23:53:09,36.80374,-121.96652,6.1,115.3,511.0,PT SUR CLIPPER,,WX8607,60,,13,5,,,B
367011060,2022-10-14T23:54:38,36.80498,-121.96553,2.9,338.9,511.0,PT SUR CLIPPER,,WX8607,60,,13,5,,,B
367011060,2022-10-14T23:55:41,36.80540,-121.96689,7.7,285.7,511.0,PT SUR CLIPPER,,WX8607,60,,13,5,,,B
367011060,2022-10-14T23:57:09,36.80620,-121.97061,8.1,284.4,511.0,PT SUR CLIPPER,,WX8607,60,,13,5,,,B
367011060,2022-10-14T23:58:38,36.80711,-121.97502,10.3,290.4,511.0,PT SUR CLIPPER,,WX8607,60,,13,5,,,B
367011060,2022-10-14T23:59:40,36.80819,-121.97823,10.0,289.9,511.0,PT SUR CLIPPER,,WX8607,60,,13,5,,,B
367011060,2022-10-15T00:00:39,36.80884,-121.98147,10.0,284.5,511.0,PT SUR CLIPPER,,WX8607,60,,13,5,,,B
367011060,2022-10-15T00:02:09,36.80894,-121.98508,1.8,267.7,511.0,PT SUR CLIPPER,,WX8607,60,,13,5,,,B
367011060,2022-10-15T00:03:40,36.80887,-121.98549,0.5,220.0,511.0,PT SUR CLIPPER,,WX8607,60,,13,5,,,B
367011060,2022-10-15T00:05:10,36.80913,-121.98515,1.1,102.1,511.0,PT SUR CLIPPER,,WX8607,60,,13,5,,,B
367011060,2022-10-15T00:06:38,36.80892,-121.98486,1.0,128.0,511.0,PT SUR CLIPPER,,WX8607,60,,13,5,,,B
367011060,2022-10-15T00:08:10,36.80861,-121.98528,1.5,282.3,511.0,PT SUR CLIPPER,,WX8607,60,,13,5,,,B
367011060,2022-10-15T00:09:38,36.80846,-121.98422,6.7,125.9,511.0,PT SUR CLIPPER,,WX8607,60,,13,5,,,B
367011060,2022-10-15T00:11:08,36.80933,-121.98054,8.8,81.6,511.0,PT SUR CLIPPER,,WX8607,60,,13,5,,,B
367011060,2022-10-15T00:12:41,36.80715,-121.97681,10.3,145.5,511.0,PT SUR CLIPPER,,WX8607,60,,13,5,,,B
367011060,2022-10-15T00:14:08,36.80345,-121.97399,10.7,148.5,511.0,PT SUR CLIPPER,,WX8607,60,,13,5,,,B
367011060,2022-10-15T00:15:38,36.79962,-121.97094,11.7,153.0,511.0,PT SUR CLIPPER,,WX8607,60,,13,5,,,B
367011060,2022-10-15T00:16:39,36.79699,-121.96898,11.2,149.0,511.0,PT SUR CLIPPER,,WX8607,60,,13,5,,,B
367011060,2022-10-15T00:18:09,36.79292,-121.96590,11.8,150.3,511.0,PT SUR CLIPPER,,WX8607,60,,13,5,,,B
367011060,2022-10-15T00:19:40,36.78861,-121.96275,11.3,148.2,511.0,PT SUR CLIPPER,,WX8607,60,,13,5,,,B
367011060,2022-10-15T00:21:09,36.78446,-121.95951,11.5,147.4,511.0,PT SUR CLIPPER,,WX8607,60,,13,5,,,B
367011060,2022-10-17T18:10:10,36.78233,-121.98734,9.0,354.4,511.0,PT SUR CLIPPER,,WX8607,60,,13,5,,,B
367011060,2022-10-17T18:11:41,36.78554,-121.98610,8.8,72.4,511.0,PT SUR CLIPPER,,WX8607,60,,13,5,,,B
367011060,2022-10-17T18:14:10,36.78533,-121.97840,9.9,126.5,511.0,PT SUR CLIPPER,,WX8607,60,,13,5,,,B
367011060,2022-10-17T18:15:11,36.78356,-121.97594,9.9,137.0,511.0,PT SUR CLIPPER,,WX8607,60,,13,5,,,B
367011060,2022-10-17T22:27:36,36.78102,-121.97384,10.4,9.8,511.0,PT SUR CLIPPER,,WX8607,60,,13,5,,,B
367011060,2022-10-17T22:29:05,36.78539,-121.97307,10.5,9.0,511.0,PT SUR CLIPPER,,WX8607,60,,13,5,,,B
367011060,2022-10-17T22:30:33,36.78952,-121.97234,9.1,12.8,511.0,PT SUR CLIPPER,,WX8607,60,,13,5,,,B
367011060,2022-10-17T22:32:03,36.79176,-121.97215,1.4,43.0,511.0,PT SUR CLIPPER,,WX8607,60,,13,5,,,B
367011060,2022-10-17T22:33:04,36.79203,-121.97186,3.2,31.6,511.0,PT SUR CLIPPER,,WX8607,60,,13,5,,,B
367011060,2022-10-17T22:34:34,36.79127,-121.97014,6.2,160.1,511.0,PT SUR CLIPPER,,WX8607,60,,13,5,,,B
367011060,2022-10-17T22:35:37,36.79015,-121.96957,2.1,179.3,511.0,PT SUR CLIPPER,,WX8607,60,,13,5,,,B
367011060,2022-10-17T22:37:04,36.78962,-121.96950,0.8,163.4,511.0,PT SUR CLIPPER,,WX8607,60,,13,5,,,B
367011060,2022-10-17T22:38:33,36.78963,-121.96950,1.4,14.1,511.0,PT SUR CLIPPER,,WX8607,60,,13,5,,,B
367011060,2022-10-17T22:39:34,36.79028,-121.96899,4.2,60.8,511.0,PT SUR CLIPPER,,WX8607,60,,13,5,,,B
367011060,2022-10-17T22:41:05,36.79042,-121.96754,2.6,57.3,511.0,PT SUR CLIPPER,,WX8607,60,,13,5,,,B
367011060,2022-10-17T22:42:06,36.79066,-121.96715,1.8,29.6,511.0,PT SUR CLIPPER,,WX8607,60,,13,5,,,B
367011060,2022-10-17T22:43:33,36.79099,-121.96756,4.7,349.4,511.0,PT SUR CLIPPER,,WX8607,60,,13,5,,,B
367011060,2022-10-17T22:44:35,36.79166,-121.96734,1.4,54.0,511.0,PT SUR CLIPPER,,WX8607,60,,13,5,,,B
367011060,2022-10-17T22:46:33,36.79264,-121.96609,4.1,45.1,511.0,PT SUR CLIPPER,,WX8607,60,,13,5,,,B
367011060,2022-10-17T22:47:35,36.79364,-121.96531,4.8,322.4,511.0,PT SUR CLIPPER,,WX8607,60,,13,5,,,B
367011060,2022-10-17T22:49:03,36.79533,-121.96508,8.7,62.0,511.0,PT SUR CLIPPER,,WX8607,60,,13,5,,,B
367011060,2022-10-17T22:50:05,36.79475,-121.96223,9.4,134.5,511.0,PT SUR CLIPPER,,WX8607,60,,13,5,,,B
367011060,2022-10-17T22:51:33,36.79276,-121.95842,10.0,156.8,511.0,PT SUR CLIPPER,,WX8607,60,,13,5,,,B
367011060,2022-10-17T22:53:35,36.78776,-121.95601,9.9,194.7,511.0,PT SUR CLIPPER,,WX8607,60,,13,5,,,B
367011060,2022-10-17T22:55:03,36.78383,-121.95722,10.4,198.8,511.0,PT SUR CLIPPER,,WX8607,60,,13,5,,,B
367011060,2022-10-17T22:56:04,36.78177,-121.95935,9.7,234.6,511.0,PT SUR CLIPPER,,WX8607,60,,13,5,,,B
367011060,2022-10-17T22:57:34,36.78059,-121.96378,8.2,260.4,511.0,PT SUR CLIPPER,,WX8607,60,,13,5,,,B
367011060,2022-10-17T22:59:34,36.78141,-121.96715,2.5,315.2,511.0,PT SUR CLIPPER,,WX8607,60,,13,5,,,B
367011060,2022-10-17T23:00:33,36.78172,-121.96770,4.7,341.4,511.0,PT SUR CLIPPER,,WX8607,60,,13,5,,,B
367011060,2022-10-17T23:02:03,36.78365,-121.96653,4.3,42.4,511.0,PT SUR CLIPPER,,WX8607,60,,13,5,,,B
367011060,2022-10-17T23:03:34,36.78455,-121.96473,3.3,83.8,511.0,PT SUR CLIPPER,,WX8607,60,,13,5,,,B
367011060,2022-10-17T23:05:03,36.78351,-121.96366,6.5,201.3,511.0,PT SUR CLIPPER,,WX8607,60,,13,5,,,B
367011060,2022-10-17T23:06:04,36.78238,-121.96518,5.0,260.3,511.0,PT SUR CLIPPER,,WX8607,60,,13,5,,,B
367011060,2022-10-17T23:07:34,36.78253,-121.96701,3.6,279.4,511.0,PT SUR CLIPPER,,WX8607,60,,13,5,,,B
367011060,2022-10-17T23:09:05,36.78260,-121.96770,0.5,305.6,511.0,PT SUR CLIPPER,,WX8607,60,,13,5,,,B
367011060,2022-10-17T23:10:33,36.78437,-121.96889,7.8,346.0,511.0,PT SUR CLIPPER,,WX8607,60,,13,5,,,B
367011060,2022-10-17T23:12:04,36.78634,-121.96871,4.1,53.3,511.0,PT SUR CLIPPER,,WX8607,60,,13,5,,,B
367011060,2022-10-17T23:13:33,36.78606,-121.96716,8.4,153.7,511.0,PT SUR CLIPPER,,WX8607,60,,13,5,,,B
367011060,2022-10-17T23:15:03,36.78323,-121.96407,10.5,150.4,511.0,PT SUR CLIPPER,,WX8607,60,,13,5,,,B
367011060,2022-10-24T19:04:58,36.79695,-121.95713,9.2,246.3,511.0,PT SUR CLIPPER,,WX8607,60,,13,5,,,B
367011060,2022-10-24T19:06:28,36.79554,-121.96190,10.3,274.6,511.0,PT SUR CLIPPER,,WX8607,60,,13,5,,,B
367011060,2022-10-24T19:07:58,36.79480,-121.96692,10.2,242.3,511.0,PT SUR CLIPPER,,WX8607,60,,13,5,,,B
367011060,2022-10-24T19:09:01,36.79365,-121.97024,10.5,263.9,511.0,PT SUR CLIPPER,,WX8607,60,,13,5,,,B
367011060,2022-10-24T19:10:28,36.79277,-121.97523,10.6,262.5,511.0,PT SUR CLIPPER,,WX8607,60,,13,5,,,B
367011060,2022-10-24T19:12:28,36.79435,-121.98063,10.0,324.0,511.0,PT SUR CLIPPER,,WX8607,60,,13,5,,,B
367011060,2022-10-24T19:13:29,36.79668,-121.98269,9.9,329.7,511.0,PT SUR CLIPPER,,WX8607,60,,13,5,,,B
367011060,2022-10-24T19:14:31,36.79935,-121.98426,9.9,343.3,511.0,PT SUR CLIPPER,,WX8607,60,,13,5,,,B
367011060,2022-10-24T19:15:59,36.80301,-121.98648,10.6,324.1,511.0,PT SUR CLIPPER,,WX8607,60,,13,5,,,B
367011060,2022-10-24T19:17:28,36.80704,-121.98761,10.6,358.7,511.0,PT SUR CLIPPER,,WX8607,60,,13,5,,,B
367011060,2022-10-24T19:18:58,36.81126,-121.98827,10.2,359.6,511.0,PT SUR CLIPPER,,WX8607,60,,13,5,,,B
367011060,2022-10-24T19:20:28,36.81540,-121.98916,10.1,355.5,511.0,PT SUR CLIPPER,,WX8607,60,,13,5,,,B
367011060,2022-10-28T21:43:49,36.78916,-121.95380,10.4,337.3,511.0,PT SUR CLIPPER,,WX8607,60,,13,5,,,B
367011060,2022-10-28T21:45:48,36.79467,-121.95664,11.0,338.7,511.0,PT SUR CLIPPER,,WX8607,60,,13,5,,,B
367011060,2022-10-28T21:46:49,36.79743,-121.95805,10.6,339.9,511.0,PT SUR CLIPPER,,WX8607,60,,13,5,,,B
367011060,2022-10-28T21:48:18,36.80107,-121.96105,11.2,310.3,511.0,PT SUR CLIPPER,,WX8607,60,,13,5,,,B
367011060,2022-10-28T21:49:47,36.80385,-121.96523,9.9,312.3,511.0,PT SUR CLIPPER,,WX8607,60,,13,5,,,B
367011060,2022-10-28T21:50:48,36.80577,-121.96804,10.2,310.3,511.0,PT SUR CLIPPER,,WX8607,60,,13,5,,,B
367011060,2022-10-28T21:51:49,36.80758,-121.97083,9.6,308.5,511.0,PT SUR CLIPPER,,WX8607,60,,13,5,,,B
367011060,2022-10-28T21:53:18,36.81016,-121.97494,10.1,306.2,511.0,PT SUR CLIPPER,,WX8607,60,,13,5,,,B
367011060,2022-10-28T21:54:19,36.81184,-121.97770,9.9,307.0,511.0,PT SUR CLIPPER,,WX8607,60,,13,5,,,B
367011060,2022-10-28T21:55:20,36.81420,-121.97922,9.8,326.3,511.0,PT SUR CLIPPER,,WX8607,60,,13,5,,,B
367011060,2022-10-31T19:53:58,36.81466,-121.95515,5.1,265.3,511.0,PT SUR CLIPPER,,WX8607,60,,13,5,,,B
367011060,2022-10-31T19:54:59,36.81472,-121.95777,10.4,284.0,511.0,PT SUR CLIPPER,,WX8607,60,,13,5,,,B
367011060,2022-10-31T20:04:59,36.81396,-121.96864,11.5,183.4,511.0,PT SUR CLIPPER,,WX8607,60,,13,5,,,B
367011060,2022-10-31T20:06:00,36.81157,-121.96947,5.6,198.9,511.0,PT SUR CLIPPER,,WX8607,60,,13,5,,,B
367011060,2022-10-31T20:07:58,36.80898,-121.97120,5.0,234.1,511.0,PT SUR CLIPPER,,WX8607,60,,13,5,,,B
367011060,2022-10-31T20:08:59,36.80787,-121.97216,3.9,214.8,511.0,PT SUR CLIPPER,,WX8607,60,,13,5,,,B
367011060,2022-10-31T20:10:01,36.80713,-121.97328,5.0,272.3,511.0,PT SUR CLIPPER,,WX8607,60,,13,5,,,B
367011060,2022-10-31T20:11:29,36.80644,-121.97534,5.7,236.1,511.0,PT SUR CLIPPER,,WX8607,60,,13,5,,,B
367011060,2022-10-31T20:12:30,36.80500,-121.97638,7.8,185.4,511.0,PT SUR CLIPPER,,WX8607,60,,13,5,,,B
367011060,2022-10-31T20:13:58,36.80297,-121.97832,6.6,255.1,511.0,PT SUR CLIPPER,,WX8607,60,,13,5,,,B
367011060,2022-10-31T20:14:59,36.80287,-121.98065,6.8,248.5,511.0,PT SUR CLIPPER,,WX8607,60,,13,5,,,B
367011060,2022-10-31T20:16:30,36.79922,-121.98062,10.2,185.0,511.0,PT SUR CLIPPER,,WX8607,60,,13,5,,,B
367011060,2022-10-31T20:17:59,36.79807,-121.98447,9.0,292.4,511.0,PT SUR CLIPPER,,WX8607,60,,13,5,,,B
367011060,2022-10-31T20:19:28,36.80067,-121.98716,8.7,8.0,511.0,PT SUR CLIPPER,,WX8607,60,,13,5,,,B
367011060,2022-10-31T20:20:30,36.80309,-121.98666,9.7,27.5,511.0,PT SUR CLIPPER,,WX8607,60,,13,5,,,B
367011060,2022-10-31T20:21:59,36.80684,-121.98648,9.3,346.5,511.0,PT SUR CLIPPER,,WX8607,60,,13,5,,,B
367011060,2022-10-31T20:23:28,36.81042,-121.98653,9.2,40.0,511.0,PT SUR CLIPPER,,WX8607,60,,13,5,,,B
367011060,2022-10-31T20:24:29,36.81140,-121.98355,9.6,93.2,511.0,PT SUR CLIPPER,,WX8607,60,,13,5,,,B
367011060,2022-10-31T20:25:59,36.81313,-121.97929,9.0,45.5,511.0,PT SUR CLIPPER,,WX8607,60,,13,5,,,B
367011060,2022-10-31T21:15:58,36.81619,-121.96795,10.5,195.7,511.0,PT SUR CLIPPER,,WX8607,60,,13,5,,,B
367011060,2022-10-31T21:17:24,36.81214,-121.96929,10.7,191.0,511.0,PT SUR CLIPPER,,WX8607,60,,13,5,,,B
367011060,2022-10-31T21:18:25,36.80930,-121.97026,10.4,199.3,511.0,PT SUR CLIPPER,,WX8607,60,,13,5,,,B
367011060,2022-10-31T21:19:54,36.80512,-121.97166,10.9,199.2,511.0,PT SUR CLIPPER,,WX8607,60,,13,5,,,B
367011060,2022-10-31T21:20:57,36.80222,-121.97263,10.2,198.3,511.0,PT SUR CLIPPER,,WX8607,60,,13,5,,,B
367011060,2022-10-31T21:22:24,36.79808,-121.97406,10.9,194.4,511.0,PT SUR CLIPPER,,WX8607,60,,13,5,,,B
367011060,2022-10-31T21:23:58,36.79367,-121.97553,10.0,196.2,511.0,PT SUR CLIPPER,,WX8607,60,,13,5,,,B
367011060,2022-10-31T21:25:24,36.78964,-121.97685,10.4,185.4,511.0,PT SUR CLIPPER,,WX8607,60,,13,5,,,B
367011060,2022-10-31T21:26:25,36.78745,-121.97485,10.9,136.2,511.0,PT SUR CLIPPER,,WX8607,60,,13,5,,,B
367011060,2022-10-31T21:28:25,36.78374,-121.96912,10.1,128.7,511.0,PT SUR CLIPPER,,WX8607,60,,13,5,,,B
367011060,2022-10-31T21:29:55,36.78086,-121.96487,9.9,130.4,511.0,PT SUR CLIPPER,,WX8607,60,,13,5,,,B
367011060,2022-11-05T17:46:46,36.78303,-121.96654,10.3,347.0,511.0,PT SUR CLIPPER,,WX8607,60,,13,5,,,B
367011060,2022-11-05T17:48:15,36.78710,-121.96775,10.1,344.3,511.0,PT SUR CLIPPER,,WX8607,60,,13,5,,,B
367011060,2022-11-05T17:49:16,36.78989,-121.96855,10.2,349.4,511.0,PT SUR CLIPPER,,WX8607,60,,13,5,,,B
367011060,2022-11-05T17:50:45,36.79396,-121.96978,10.3,347.3,511.0,PT SUR CLIPPER,,WX8607,60,,13,5,,,B
367011060,2022-11-05T17:51:46,36.79673,-121.97058,10.0,345.8,511.0,PT SUR CLIPPER,,WX8607,60,,13,5,,,B
367011060,2022-11-05T17:53:46,36.80220,-121.97223,10.0,344.3,511.0,PT SUR CLIPPER,,WX8607,60,,13,5,,,B
367011060,2022-11-05T17:55:16,36.80625,-121.97343,10.1,347.6,511.0,PT SUR CLIPPER,,WX8607,60,,13,5,,,B
367011060,2022-11-05T17:56:17,36.80912,-121.97425,10.2,345.0,511.0,PT SUR CLIPPER,,WX8607,60,,13,5,,,B
367011060,2022-11-05T17:57:46,36.81318,-121.97535,10.0,347.0,511.0,PT SUR CLIPPER,,WX8607,60,,13,5,,,B
367011060,2022-11-05T20:41:18,36.81517,-121.99035,10.3,268.4,511.0,PT SUR CLIPPER,,WX8607,60,,13,5,,,B
367011060,2022-11-05T20:43:18,36.81219,-121.99605,9.9,265.6,511.0,PT SUR CLIPPER,,WX8607,60,,13,5,,,B
367011060,2022-11-26T19:39:57,36.78056,-121.96199,9.8,337.7,511.0,PT SUR CLIPPER,,WX8607,60,,13,5,,,B
367011060,2022-11-26T19:41:26,36.78437,-121.96376,9.8,336.8,511.0,PT SUR CLIPPER,,WX8607,60,,13,5,,,B
367011060,2022-11-26T19:42:54,36.78807,-121.96561,9.3,318.8,511.0,PT SUR CLIPPER,,WX8607,60,,13,5,,,B
367011060,2022-11-26T19:44:24,36.79091,-121.96931,10.0,310.8,511.0,PT SUR CLIPPER,,WX8607,60,,13,5,,,B
367011060,2022-11-26T19:45:27,36.79279,-121.97193,9.4,311.7,511.0,PT SUR CLIPPER,,WX8607,60,,13,5,,,B
367011060,2022-11-26T19:46:55,36.79486,-121.97621,9.8,298.3,511.0,PT SUR CLIPPER,,WX8607,60,,13,5,,,B
367011060,2022-11-26T19:48:24,36.79616,-121.98096,9.6,286.0,511.0,PT SUR CLIPPER,,WX8607,60,,13,5,,,B
367011060,2022-11-26T19:50:25,36.79850,-121.98754,11.0,281.5,511.0,PT SUR CLIPPER,,WX8607,60,,13,5,,,B
367011060,2022-11-26T19:51:54,36.79982,-121.99216,8.2,289.4,511.0,PT SUR CLIPPER,,WX8607,60,,13,5,,,B
367011060,2022-11-26T19:53:55,36.80053,-121.99479,1.4,286.2,511.0,PT SUR CLIPPER,,WX8607,60,,13,5,,,B
367011060,2022-11-26T19:55:24,36.80060,-121.99539,1.4,272.0,511.0,PT SUR CLIPPER,,WX8607,60,,13,5,,,B
367011060,2022-11-26T19:56:28,36.80060,-121.99584,0.9,214.4,511.0,PT SUR CLIPPER,,WX8607,60,,13,5,,,B
367011060,2022-11-26T19:57:54,36.80068,-121.99623,1.5,296.5,511.0,PT SUR CLIPPER,,WX8607,60,,13,5,,,B
367011060,2022-11-26T19:59:24,36.80107,-121.99731,1.9,301.8,511.0,PT SUR CLIPPER,,WX8607,60,,13,5,,,B
367011060,2022-11-26T20:00:24,36.80123,-121.99782,1.0,298.0,511.0,PT SUR CLIPPER,,WX8607,60,,13,5,,,B
367011060,2022-11-26T20:16:55,36.81043,-121.99810,10.8,87.2,511.0,PT SUR CLIPPER,,WX8607,60,,13,5,,,B
367011060,2022-11-26T20:18:25,36.81046,-121.99230,10.3,90.3,511.0,PT SUR CLIPPER,,WX8607,60,,13,5,,,B
367011060,2022-11-26T20:19:56,36.81042,-121.98653,11.6,92.7,511.0,PT SUR CLIPPER,,WX8607,60,,13,5,,,B
367011060,2022-11-26T20:21:24,36.81039,-121.98084,11.8,92.4,511.0,PT SUR CLIPPER,,WX8607,60,,13,5,,,B
367011060,2022-11-26T20:22:25,36.81036,-121.97693,9.9,89.8,511.0,PT SUR CLIPPER,,WX8607,60,,13,5,,,B
367011060,2022-11-26T20:23:54,36.81033,-121.97128,10.5,94.7,511.0,PT SUR CLIPPER,,WX8607,60,,13,5,,,B
367011060,2022-11-26T20:24:56,36.81036,-121.96731,10.6,91.5,511.0,PT SUR CLIPPER,,WX8607,60,,13,5,,,B
367011060,2022-11-26T20:26:25,36.81028,-121.96170,10.8,87.0,511.0,PT SUR CLIPPER,,WX8607,60,,13,5,,,B
367011060,2022-11-26T20:27:54,36.81127,-121.95647,11.3,38.3,511.0,PT SUR CLIPPER,,WX8607,60,,13,5,,,B
367011060,2022-11-29T18:34:36,36.78317,-121.96206,10.9,352.9,511.0,PT SUR CLIPPER,,WX8607,60,,13,5,,,B
367011060,2022-11-29T18:36:04,36.78767,-121.96295,10.8,0.2,511.0,PT SUR CLIPPER,,WX8607,60,,13,5,,,B
367011060,2022-11-29T18:37:34,36.79223,-121.96381,11.2,353.4,511.0,PT SUR CLIPPER,,WX8607,60,,13,5,,,B
367011060,2022-11-29T18:39:04,36.79625,-121.96205,11.9,67.0,511.0,PT SUR CLIPPER,,WX8607,60,,13,5,,,B
367011060,2022-11-29T18:40:34,36.79719,-121.95649,8.5,85.0,511.0,PT SUR CLIPPER,,WX8607,60,,13,5,,,B
367011060,2022-12-14T19:13:59,36.79402,-121.95537,10.5,246.8,511.0,PT SUR CLIPPER,,WX8607,60,,13,5,,,B
367011060,2022-12-14T19:15:28,36.79140,-121.95978,10.5,219.0,511.0,PT SUR CLIPPER,,WX8607,60,,13,5,,,B
367011060,2022-12-14T19:16:57,36.78805,-121.96335,10.8,222.0,511.0,PT SUR CLIPPER,,WX8607,60,,13,5,,,B
367011060,2022-12-14T19:18:57,36.78358,-121.96824,10.8,222.9,511.0,PT SUR CLIPPER,,WX8607,60,,13,5,,,B
367011060,2022-12-20T22:46:59,36.78428,-121.97640,10.8,348.2,511.0,PT SUR CLIPPER,,WX8607,60,,13,5,,,B
367011060,2022-12-20T22:48:30,36.78872,-121.97730,10.5,349.2,511.0,PT SUR CLIPPER,,WX8607,60,,13,5,,,B
367011060,2022-12-20T22:49:59,36.79296,-121.97868,10.7,340.6,511.0,PT SUR CLIPPER,,WX8607,60,,13,5,,,B
367011060,2022-12-20T22:52:00,36.79873,-121.98045,10.7,353.4,511.0,PT SUR CLIPPER,,WX8607,60,,13,5,,,B
367011060,2022-12-20T22:53:32,36.80325,-121.98128,10.7,353.2,511.0,PT SUR CLIPPER,,WX8607,60,,13,5,,,B
367011060,2022-12-20T22:54:59,36.80760,-121.98191,10.7,355.5,511.0,PT SUR CLIPPER,,WX8607,60,,13,5,,,B
367011060,2022-12-20T22:56:30,36.81214,-121.98230,10.7,351.2,511.0,PT SUR CLIPPER,,WX8607,60,,13,5,,,B
367011060,2022-12-20T23:56:28,36.79797,-121.99794,11.3,153.1,511.0,PT SUR CLIPPER,,WX8607,60,,13,5,,,B
367011060,2022-12-20T23:57:55,36.79391,-121.99538,11.4,154.3,511.0,PT SUR CLIPPER,,WX8607,60,,13,5,,,B
367011060,2022-12-20T23:59:25,36.78971,-121.99270,11.2,152.4,511.0,PT SUR CLIPPER,,WX8607,60,,13,5,,,B
367011060,2022-12-21T00:00:25,36.78689,-121.99091,11.5,152.7,511.0,PT SUR CLIPPER,,WX8607,60,,13,5,,,B
367011060,2022-12-21T00:01:55,36.78264,-121.98822,11.5,151.5,511.0,PT SUR CLIPPER,,WX8607,60,,13,5,,,B
367517270,2022-10-29T14:55:22,36.78145,-121.98758,7.1,4.6,511.0,TESA,,WDG2600,37,,12,,,,B
367517270,2022-10-29T14:56:49,36.78434,-121.98742,7.6,1.0,511.0,TESA,,WDG2600,37,,12,,,,B
367517270,2022-10-29T14:58:18,36.78729,-121.98728,7.2,0.6,511.0,TESA,,WDG2600,37,,12,,,,B
367517270,2022-10-29T14:59:49,36.79024,-121.98713,6.9,1.9,511.0,TESA,,WDG2600,37,,12,,,,B
367517270,2022-10-29T15:00:19,36.79123,-121.98709,7.5,1.2,511.0,TESA,,WDG2600,37,,12,,,,B
367517270,2022-10-29T15:01:49,36.79422,-121.98695,7.0,2.7,511.0,TESA,,WDG2600,37,,12,,,,B
367517270,2022-10-29T15:03:18,36.79713,-121.98681,7.1,1.0,511.0,TESA,,WDG2600,37,,12,,,,B
367517270,2022-10-29T15:04:19,36.79915,-121.98673,7.4,3.1,511.0,TESA,,WDG2600,37,,12,,,,B
367517270,2022-10-29T15:05:48,36.80209,-121.98662,7.2,359.2,511.0,TESA,,WDG2600,37,,12,,,,B
367517270,2022-10-29T15:07:20,36.80511,-121.98657,7.1,359.0,511.0,TESA,,WDG2600,37,,12,,,,B
367517270,2022-10-29T15:09:18,36.80903,-121.98646,7.4,6.1,511.0,TESA,,WDG2600,37,,12,,,,B
367517270,2022-10-29T15:10:48,36.81204,-121.98635,7.2,356.3,511.0,TESA,,WDG2600,37,,12,,,,B
367517270,2022-10-29T15:12:19,36.81505,-121.98623,6.7,0.8,511.0,TESA,,WDG2600,37,,12,,,,B
338205971,2022-07-18T22:19:28,36.79895,-121.99721,7.5,146.0,511.0,PACIFIC BULLY,,,30,,15,,,,B
338205971,2022-07-18T22:20:58,36.79649,-121.99499,4.4,152.0,511.0,PACIFIC BULLY,,,30,,15,,,,B
338205971,2022-07-18T22:21:59,36.79573,-121.99450,2.7,137.8,511.0,PACIFIC BULLY,,,30,,15,,,,B
338205971,2022-07-18T22:23:05,36.79543,-121.99427,1.4,103.7,511.0,PACIFIC BULLY,,,30,,15,,,,B
338205971,2022-07-18T22:24:24,36.79490,-121.99398,2.0,145.7,511.0,PACIFIC BULLY,,,30,,15,,,,B
338205971,2022-07-18T22:25:31,36.79453,-121.99381,1.9,143.9,511.0,PACIFIC BULLY,,,30,,15,,,,B
338205971,2022-07-18T22:26:36,36.79412,-121.99355,2.3,206.0,511.0,PACIFIC BULLY,,,30,,15,,,,B
338205971,2022-07-18T22:27:38,36.79356,-121.99334,2.9,164.0,511.0,PACIFIC BULLY,,,30,,15,,,,B
338205971,2022-07-18T22:28:39,36.79308,-121.99315,1.8,174.1,511.0,PACIFIC BULLY,,,30,,15,,,,B
338205971,2022-07-18T22:29:46,36.79259,-121.99300,0.6,148.2,511.0,PACIFIC BULLY,,,30,,15,,,,B
338205971,2022-07-18T22:30:54,36.79212,-121.99278,1.5,172.5,511.0,PACIFIC BULLY,,,30,,15,,,,B
338205971,2022-07-18T22:31:59,36.79166,-121.99254,2.1,159.7,511.0,PACIFIC BULLY,,,30,,15,,,,B
338205971,2022-07-18T22:33:00,36.79122,-121.99234,1.2,142.1,511.0,PACIFIC BULLY,,,30,,15,,,,B
338205971,2022-07-18T22:34:13,36.79067,-121.99212,1.1,162.5,511.0,PACIFIC BULLY,,,30,,15,,,,B
338205971,2022-07-18T22:35:14,36.79021,-121.99191,1.8,163.6,511.0,PACIFIC BULLY,,,30,,15,,,,B
338205971,2022-07-18T22:36:19,36.78975,-121.99168,2.4,141.4,511.0,PACIFIC BULLY,,,30,,15,,,,B
338205971,2022-07-18T22:37:20,36.78932,-121.99150,1.5,177.2,511.0,PACIFIC BULLY,,,30,,15,,,,B
338205971,2022-07-18T22:38:23,36.78901,-121.99138,0.6,156.4,511.0,PACIFIC BULLY,,,30,,15,,,,B
338205971,2022-07-18T22:39:33,36.78874,-121.99119,0.6,152.4,511.0,PACIFIC BULLY,,,30,,15,,,,B
338205971,2022-07-18T22:40:48,36.78809,-121.99111,5.8,158.0,511.0,PACIFIC BULLY,,,30,,15,,,,B
338205971,2022-07-18T22:41:49,36.78644,-121.98967,7.4,144.1,511.0,PACIFIC BULLY,,,30,,15,,,,B
338205971,2022-07-18T22:42:50,36.78470,-121.98828,7.0,148.4,511.0,PACIFIC BULLY,,,30,,15,,,,B
338205971,2022-07-18T22:43:51,36.78294,-121.98691,7.5,156.3,511.0,PACIFIC BULLY,,,30,,15,,,,B
338205971,2022-07-18T22:44:52,36.78119,-121.98553,7.3,144.5,511.0,PACIFIC BULLY,,,30,,15,,,,B
367517040,2022-10-29T17:14:01,36.80722,-121.95380,6.8,338.3,511.0,VISION QUEST,,WDG2575,37,,12,3,,,B
367517040,2022-10-29T17:17:02,36.81268,-121.95639,7.1,337.9,511.0,VISION QUEST,,WDG2575,37,,12,3,,,B
367517040,2022-10-29T17:18:31,36.81536,-121.95766,7.0,337.6,511.0,VISION QUEST,,WDG2575,37,,12,3,,,B
235070185,2022-12-14T10:59:29,36.81518,-121.98478,6.5,180.5,511.0,NEREIDA,,2BXJ7,37,,,,,,B
235070185,2022-12-14T10:59:59,36.81423,-121.98479,7.0,178.7,511.0,NEREIDA,,2BXJ7,37,,,,,,B
235070185,2022-12-14T11:01:29,36.81139,-121.98484,7.0,187.0,511.0,NEREIDA,,2BXJ7,37,,,,,,B
235070185,2022-12-14T11:02:59,36.80855,-121.98497,6.6,184.0,511.0,NEREIDA,,2BXJ7,37,,,,,,B
235070185,2022-12-14T11:04:28,36.80573,-121.98509,6.8,177.7,511.0,NEREIDA,,2BXJ7,37,,,,,,B
235070185,2022-12-14T11:05:58,36.80289,-121.98516,6.7,181.6,511.0,NEREIDA,,2BXJ7,37,,,,,,B
235070185,2022-12-14T11:07:28,36.80007,-121.98517,6.7,175.7,511.0,NEREIDA,,2BXJ7,37,,,,,,B
235070185,2022-12-14T11:08:30,36.79818,-121.98518,6.9,180.7,511.0,NEREIDA,,2BXJ7,37,,,,,,B
235070185,2022-12-14T11:09:58,36.79546,-121.98515,6.7,181.1,511.0,NEREIDA,,2BXJ7,37,,,,,,B
235070185,2022-12-14T11:11:30,36.79257,-121.98513,6.6,186.4,511.0,NEREIDA,,2BXJ7,37,,,,,,B
235070185,2022-12-14T11:13:00,36.78980,-121.98513,6.4,183.1,511.0,NEREIDA,,2BXJ7,37,,,,,,B
235070185,2022-12-14T11:14:28,36.78706,-121.98517,6.4,175.7,511.0,NEREIDA,,2BXJ7,37,,,,,,B
235070185,2022-12-14T11:15:30,36.78517,-121.98520,6.5,187.0,511.0,NEREIDA,,2BXJ7,37,,,,,,B
235070185,2022-12-14T11:16:57,36.78255,-121.98516,6.5,180.8,511.0,NEREIDA,,2BXJ7,37,,,,,,B
235070185,2022-12-14T11:17:58,36.78074,-121.98514,6.6,183.1,511.0,NEREIDA,,2BXJ7,37,,,,,,B
338188429,2022-09-24T21:24:22,36.81518,-121.96213,4.7,171.9,511.0,RAVEN,,,37,15,,,,99,A
338188429,2022-09-24T21:25:33,36.81362,-121.96172,5.0,170.6,511.0,RAVEN,,,37,15,,,,99,A
338188429,2022-09-24T21:26:43,36.81219,-121.96134,4.7,174.5,511.0,RAVEN,,,37,15,,,,99,A
338188429,2022-09-24T21:27:53,36.81073,-121.96093,4.9,160.5,511.0,RAVEN,,,37,15,,,,99,A
338188429,2022-09-24T21:29:02,36.80927,-121.96054,4.2,164.9,511.0,RAVEN,,,37,15,,,,99,A
338188429,2022-09-24T21:30:12,36.80783,-121.96016,4.3,176.2,511.0,RAVEN,,,37,15,,,,99,A
338188429,2022-09-24T21:31:22,36.80626,-121.95978,5.2,167.9,511.0,RAVEN,,,37,15,,,,99,A
338188429,2022-09-24T21:32:33,36.80469,-121.95939,4.7,166.0,511.0,RAVEN,,,37,15,,,,99,A
338188429,2022-09-24T21:33:42,36.80310,-121.95901,5.2,167.0,511.0,RAVEN,,,37,15,,,,99,A
338188429,2022-09-24T21:34:53,36.80157,-121.95861,4.6,170.4,511.0,RAVEN,,,37,15,,,,99,A
338188429,2022-09-24T21:36:03,36.79996,-121.95822,4.9,173.3,511.0,RAVEN,,,37,15,,,,99,A
338188429,2022-09-24T21:37:12,36.79841,-121.95783,4.2,177.6,511.0,RAVEN,,,37,15,,,,99,A
338188429,2022-09-24T21:38:23,36.79683,-121.95744,5.0,163.5,511.0,RAVEN,,,37,15,,,,99,A
338188429,2022-09-24T21:39:33,36.79532,-121.95703,4.6,164.4,511.0,RAVEN,,,37,15,,,,99,A
338188429,2022-09-24T21:40:42,36.79383,-121.95665,5.3,166.7,511.0,RAVEN,,,37,15,,,,99,A
338188429,2022-09-24T21:41:52,36.79229,-121.95626,4.0,162.8,511.0,RAVEN,,,37,15,,,,99,A
338188429,2022-09-24T21:43:02,36.79081,-121.95588,4.7,173.4,511.0,RAVEN,,,37,15,,,,99,A
338188429,2022-09-24T21:44:23,36.78903,-121.95545,4.9,162.0,511.0,RAVEN,,,37,15,,,,99,A
338188429,2022-09-24T21:45:33,36.78759,-121.95507,4.2,168.9,511.0,RAVEN,,,37,15,,,,99,A
338188429,2022-09-24T21:46:43,36.78606,-121.95470,5.2,168.1,511.0,RAVEN,,,37,15,,,,99,A
338188429,2022-09-24T21:47:44,36.78469,-121.95437,4.9,171.5,511.0,RAVEN,,,37,15,,,,99,A
338188429,2022-09-24T21:48:52,36.78320,-121.95401,4.3,164.8,511.0,RAVEN,,,37,15,,,,99,A
338188429,2022-09-24T21:50:02,36.78174,-121.95365,4.0,162.9,511.0,RAVEN,,,37,15,,,,99,A
338174911,2022-09-27T18:22:21,36.81552,-121.97625,6.2,279.5,511.0,RESEARCH 1,,,,,5,,,,B
338174911,2022-09-27T18:23:22,36.81588,-121.97778,4.4,286.6,511.0,RESEARCH 1,,,,,5,,,,B
338174911,2022-09-27T18:24:52,36.81555,-121.97866,5.1,180.6,511.0,RESEARCH 1,,,,,5,,,,B
338174911,2022-09-27T18:26:21,36.81328,-121.97767,6.7,137.7,511.0,RESEARCH 1,,,,,5,,,,B
338174911,2022-09-27T18:27:22,36.81383,-121.97714,4.3,339.9,511.0,RESEARCH 1,,,,,5,,,,B
338174911,2022-09-27T18:28:51,36.81559,-121.97762,4.3,358.1,511.0,RESEARCH 1,,,,,5,,,,B
338174911,2022-09-27T18:35:52,36.81556,-121.97660,6.5,186.5,511.0,RESEARCH 1,,,,,5,,,,B
338174911,2022-09-27T18:37:21,36.81309,-121.97773,6.3,215.5,511.0,RESEARCH 1,,,,,5,,,,B
338174911,2022-09-27T18:38:51,36.81121,-121.97947,7.5,201.9,511.0,RESEARCH 1,,,,,5,,,,B
338174911,2022-09-27T18:40:21,36.80836,-121.98113,7.3,219.2,511.0,RESEARCH 1,,,,,5,,,,B
338174911,2022-09-27T18:41:22,36.80727,-121.98270,5.7,234.4,511.0,RESEARCH 1,,,,,5,,,,B
338174911,2022-09-27T18:42:53,36.80572,-121.98471,5.2,203.4,511.0,RESEARCH 1,,,,,5,,,,B
338174911,2022-09-27T18:44:51,36.80481,-121.98280,4.1,116.2,511.0,RESEARCH 1,,,,,5,,,,B
338174911,2022-09-27T18:46:21,36.80324,-121.98224,3.3,169.6,511.0,RESEARCH 1,,,,,5,,,,B
338174911,2022-09-27T18:47:23,36.80232,-121.98198,3.4,159.9,511.0,RESEARCH 1,,,,,5,,,,B
338174911,2022-09-27T18:48:51,36.80269,-121.98271,4.0,304.6,511.0,RESEARCH 1,,,,,5,,,,B
338174911,2022-09-27T18:49:52,36.80301,-121.98403,2.8,283.6,511.0,RESEARCH 1,,,,,5,,,,B
338174911,2022-09-27T18:51:22,36.80280,-121.98496,1.5,226.4,511.0,RESEARCH 1,,,,,5,,,,B
338174911,2022-09-27T18:52:52,36.80195,-121.98398,2.9,126.8,511.0,RESEARCH 1,,,,,5,,,,B
338174911,2022-09-27T18:54:21,36.80120,-121.98344,3.8,230.8,511.0,RESEARCH 1,,,,,5,,,,B
338174911,2022-09-27T18:56:52,36.79983,-121.98479,2.5,155.2,511.0,RESEARCH 1,,,,,5,,,,B
338174911,2022-09-27T18:58:21,36.79926,-121.98491,1.8,182.0,511.0,RESEARCH 1,,,,,5,,,,B
338174911,2022-09-27T18:59:51,36.79755,-121.98636,3.9,200.5,511.0,RESEARCH 1,,,,,5,,,,B
338174911,2022-09-27T19:00:21,36.79709,-121.98654,3.6,197.0,511.0,RESEARCH 1,,,,,5,,,,B
338174911,2022-09-27T19:01:22,36.79700,-121.98739,5.5,295.8,511.0,RESEARCH 1,,,,,5,,,,B
338174911,2022-09-27T19:02:51,36.79778,-121.98985,4.7,276.9,511.0,RESEARCH 1,,,,,5,,,,B
338174911,2022-09-27T19:03:52,36.79757,-121.99098,5.5,105.2,511.0,RESEARCH 1,,,,,5,,,,B
338174911,2022-09-27T19:05:21,36.79657,-121.98943,6.4,99.9,511.0,RESEARCH 1,,,,,5,,,,B
338174911,2022-09-27T19:07:52,36.79661,-121.97880,16.0,83.6,511.0,RESEARCH 1,,,,,5,,,,B
338174911,2022-09-27T19:11:52,36.79913,-121.95629,14.6,38.5,511.0,RESEARCH 1,,,,,5,,,,B
366934770,2022-10-02T14:58:06,36.81372,-121.99617,7.7,89.1,511.0,NOAH'S ARK,IMO8938954,WDH9179,30,7,22,6,,30,A
366934770,2022-10-02T14:59:17,36.81372,-121.99294,8.0,91.7,511.0,NOAH'S ARK,IMO8938954,WDH9179,30,7,22,6,,30,A
366934770,2022-10-02T15:00:06,36.81371,-121.99070,7.8,88.0,511.0,NOAH'S ARK,IMO8938954,WDH9179,30,7,22,6,,30,A
366934770,2022-10-02T15:01:17,36.81366,-121.98749,7.8,92.7,511.0,NOAH'S ARK,IMO8938954,WDH9179,30,7,22,6,,30,A
366934770,2022-10-02T15:02:27,36.81415,-121.98443,8.0,78.6,511.0,NOAH'S ARK,IMO8938954,WDH9179,30,7,22,6,,30,A
366934770,2022-10-02T15:03:36,36.81451,-121.98127,7.8,79.7,511.0,NOAH'S ARK,IMO8938954,WDH9179,30,7,22,6,,30,A
366934770,2022-10-02T15:04:47,36.81494,-121.97809,7.9,78.4,511.0,NOAH'S ARK,IMO8938954,WDH9179,30,7,22,6,,30,A
366934770,2022-10-02T15:05:57,36.81538,-121.97496,7.8,80.1,511.0,NOAH'S ARK,IMO8938954,WDH9179,30,7,22,6,,30,A
366934770,2022-10-02T15:07:08,36.81577,-121.97182,7.8,80.5,511.0,NOAH'S ARK,IMO8938954,WDH9179,30,7,22,6,,30,A
366934770,2022-10-02T15:08:26,36.81621,-121.96829,7.6,78.6,511.0,NOAH'S ARK,IMO8938954,WDH9179,30,7,22,6,,30,A
366934770,2022-10-02T15:11:57,36.81543,-121.95935,7.9,143.8,511.0,NOAH'S ARK,IMO8938954,WDH9179,30,7,22,6,,30,A
366934770,2022-10-02T15:13:17,36.81293,-121.95744,8.0,147.6,511.0,NOAH'S ARK,IMO8938954,WDH9179,30,7,22,6,,30,A
366934770,2022-10-02T15:14:27,36.81079,-121.95573,7.9,149.7,511.0,NOAH'S ARK,IMO8938954,WDH9179,30,7,22,6,,30,A
366934770,2022-10-02T15:15:37,36.80865,-121.95395,7.8,129.7,511.0,NOAH'S ARK,IMO8938954,WDH9179,30,7,22,6,,30,A
367103420,2022-08-10T15:19:45,36.78873,-121.99792,6.6,176.3,511.0,ROSE LYNN,,WCW5519,30,,8,3,,,B
367103420,2022-08-10T15:21:13,36.78594,-121.99781,6.6,178.1,511.0,ROSE LYNN,,WCW5519,30,,8,3,,,B
367103420,2022-08-10T15:22:44,36.78306,-121.99771,6.9,174.6,511.0,ROSE LYNN,,WCW5519,30,,8,3,,,B
367139040,2022-06-30T17:17:40,36.78607,-121.97007,19.0,154.1,150.0,FULMAR,,WDD3992,90,0,,,,0,A
367139040,2022-06-30T17:18:45,36.78108,-121.96731,18.5,160.2,157.0,FULMAR,,WDD3992,90,0,,,,0,A
367375360,2022-12-20T15:32:42,36.81023,-121.99808,7.0,91.4,90.0,OCEAN ANGEL 3,,WDE6065,30,8,0,0,2.3,30,A
367375360,2022-12-20T15:33:46,36.81021,-121.99557,6.7,91.8,90.0,OCEAN ANGEL 3,,WDE6065,30,8,0,0,2.3,30,A
367375360,2022-12-20T15:34:48,36.81007,-121.99317,6.8,90.4,84.0,OCEAN ANGEL 3,,WDE6065,30,8,0,0,2.3,30,A
367375360,2022-12-20T15:35:53,36.81006,-121.99068,6.7,87.6,89.0,OCEAN ANGEL 3,,WDE6065,30,8,0,0,2.3,30,A
367375360,2022-12-20T15:36:58,36.80996,-121.98812,6.9,95.5,92.0,OCEAN ANGEL 3,,WDE6065,30,8,0,0,2.3,30,A
367375360,2022-12-20T15:38:02,36.80982,-121.98564,6.7,91.7,85.0,OCEAN ANGEL 3,,WDE6065,30,8,0,0,2.3,30,A
367375360,2022-12-20T15:39:05,36.80970,-121.98318,6.7,94.3,89.0,OCEAN ANGEL 3,,WDE6065,30,8,0,0,2.3,30,A
367375360,2022-12-20T15:40:06,36.80966,-121.98079,6.9,89.5,89.0,OCEAN ANGEL 3,,WDE6065,30,8,0,0,2.3,30,A
367375360,2022-12-20T15:41:09,36.80951,-121.97833,6.7,89.3,88.0,OCEAN ANGEL 3,,WDE6065,30,8,0,0,2.3,30,A
367375360,2022-12-20T15:42:19,36.80939,-121.97557,6.9,92.7,85.0,OCEAN ANGEL 3,,WDE6065,30,8,0,0,2.3,30,A
367375360,2022-12-20T15:43:23,36.80927,-121.97303,6.8,95.5,91.0,OCEAN ANGEL 3,,WDE6065,30,8,0,0,2.3,30,A
367375360,2022-12-20T15:44:25,36.80911,-121.97059,6.8,91.4,86.0,OCEAN ANGEL 3,,WDE6065,30,8,0,0,2.3,30,A
367375360,2022-12-20T15:45:29,36.80923,-121.96816,6.6,90.2,86.0,OCEAN ANGEL 3,,WDE6065,30,8,0,0,2.3,30,A
367375360,2022-12-20T15:46:33,36.80915,-121.96569,6.6,95.7,88.0,OCEAN ANGEL 3,,WDE6065,30,8,0,0,2.3,30,A
367375360,2022-12-20T15:47:35,36.80909,-121.96327,7.0,91.6,90.0,OCEAN ANGEL 3,,WDE6065,30,8,0,0,2.3,30,A
367375360,2022-12-20T15:48:36,36.80903,-121.96097,6.7,95.4,89.0,OCEAN ANGEL 3,,WDE6065,30,8,0,0,2.3,30,A
367375360,2022-12-20T15:49:37,36.80905,-121.95857,6.9,88.7,87.0,OCEAN ANGEL 3,,WDE6065,30,8,0,0,2.3,30,A
367375360,2022-12-20T15:50:39,36.80892,-121.95621,6.6,94.8,89.0,OCEAN ANGEL 3,,WDE6065,30,8,0,0,2.3,30,A
367375360,2022-12-20T15:51:50,36.80885,-121.95345,7.0,88.5,84.0,OCEAN ANGEL 3,,WDE6065,30,8,0,0,2.3,30,A
338186132,2022-09-30T16:12:47,36.80694,-121.95917,17.8,269.5,511.0,PARAGON,,,90,,9,,,,B
338186132,2022-09-30T16:14:15,36.80546,-121.96875,18.9,254.7,511.0,PARAGON,,,90,,9,,,,B
338186132,2022-09-30T16:15:17,36.80467,-121.97578,22.4,257.9,511.0,PARAGON,,,90,,9,,,,B
338186132,2022-09-30T16:16:21,36.80368,-121.98335,21.1,262.6,511.0,PARAGON,,,90,,9,,,,B
338186132,2022-09-30T16:17:26,36.80331,-121.99111,20.2,271.5,511.0,PARAGON,,,90,,9,,,,B
338186132,2022-10-18T16:31:33,36.80328,-121.95984,26.7,272.5,511.0,PARAGON,,,90,,9,,,,B
338186132,2022-10-18T16:32:44,36.80352,-121.97041,27.6,267.1,511.0,PARAGON,,,90,,9,,,,B
338186132,2022-10-18T16:33:48,36.80350,-121.98012,26.7,273.2,511.0,PARAGON,,,90,,9,,,,B
338186132,2022-10-18T16:34:53,36.80374,-121.99001,26.7,270.5,511.0,PARAGON,,,90,,9,,,,B
338186132,2022-10-18T17:53:22,36.80251,-121.99703,27.6,93.3,511.0,PARAGON,,,90,,9,,,,B
338186132,2022-10-18T17:54:27,36.80238,-121.98721,27.2,91.3,511.0,PARAGON,,,90,,9,,,,B
338186132,2022-10-18T17:55:33,36.80206,-121.97702,27.1,94.9,511.0,PARAGON,,,90,,9,,,,B
338186132,2022-10-18T17:56:37,36.80226,-121.96752,24.9,86.9,511.0,PARAGON,,,90,,9,,,,B
338186132,2022-10-18T17:57:53,36.80236,-121.95680,23.8,90.0,511.0,PARAGON,,,90,,9,,,,B
338186132,2022-12-07T16:27:00,36.79809,-121.96040,22.1,268.1,511.0,PARAGON,,,90,,9,,,,B
338186132,2022-12-07T16:28:05,36.79764,-121.96795,16.4,265.8,511.0,PARAGON,,,90,,9,,,,B
338186132,2022-12-07T16:29:10,36.79729,-121.97558,19.8,269.1,511.0,PARAGON,,,90,,9,,,,B
338186132,2022-12-07T16:30:15,36.79693,-121.98230,16.9,265.8,511.0,PARAGON,,,90,,9,,,,B
338186132,2022-12-07T16:31:20,36.79662,-121.98955,22.1,272.5,511.0,PARAGON,,,90,,9,,,,B
338186132,2022-12-07T16:32:21,36.79664,-121.99590,18.1,268.3,511.0,PARAGON,,,90,,9,,,,B
338186132,2022-12-07T21:01:15,36.78353,-121.99638,25.7,94.8,511.0,PARAGON,,,90,,9,,,,B
338186132,2022-12-07T21:02:20,36.78225,-121.98664,25.1,100.7,511.0,PARAGON,,,90,,9,,,,B
367795220,2022-07-04T20:29:38,36.81492,-121.95635,5.6,167.0,511.0,PANNAMARE,,WDJ6183,36,,12,2,,,B
367795220,2022-07-04T20:31:09,36.81258,-121.95593,5.4,173.7,511.0,PANNAMARE,,WDJ6183,36,,12,2,,,B
367795220,2022-07-04T20:32:38,36.81036,-121.95556,5.5,174.3,511.0,PANNAMARE,,WDJ6183,36,,12,2,,,B
367795220,2022-07-04T20:34:09,36.80804,-121.95521,5.2,172.2,511.0,PANNAMARE,,WDJ6183,36,,12,2,,,B
367795220,2022-07-04T20:35:38,36.80583,-121.95481,5.6,172.5,511.0,PANNAMARE,,WDJ6183,36,,12,2,,,B
367795220,2022-07-04T20:37:10,36.80351,-121.95435,5.2,169.9,511.0,PANNAMARE,,WDJ6183,36,,12,2,,,B
367795220,2022-07-04T20:38:38,36.80135,-121.95383,5.4,165.1,511.0,PANNAMARE,,WDJ6183,36,,12,2,,,B
338457634,2022-08-08T19:54:47,36.78211,-121.99439,5.6,0.9,348.0,CUT TIME,,,37,,11,4,,,B
338457634,2022-08-08T19:55:52,36.78378,-121.99438,5.6,352.8,342.0,CUT TIME,,,37,,11,4,,,B
338457634,2022-08-08T19:57:20,36.78599,-121.99441,5.3,359.9,339.0,CUT TIME,,,37,,11,4,,,B
338457634,2022-08-08T19:58:22,36.78756,-121.99448,5.1,358.8,343.0,CUT TIME,,,37,,11,4,,,B
338457634,2022-08-08T19:59:52,36.78991,-121.99454,5.9,0.4,347.0,CUT TIME,,,37,,11,4,,,B
338457634,2022-08-08T20:00:22,36.79068,-121.99457,5.5,358.0,347.0,CUT TIME,,,37,,11,4,,,B
338457634,2022-08-08T20:01:52,36.79297,-121.99457,5.8,355.0,345.0,CUT TIME,,,37,,11,4,,,B
338457634,2022-08-08T20:03:21,36.79524,-121.99470,4.7,353.8,343.0,CUT TIME,,,37,,11,4,,,B
338457634,2022-08-08T20:04:52,36.79753,-121.99462,6.0,348.4,344.0,CUT TIME,,,37,,11,4,,,B
338457634,2022-08-08T20:06:21,36.79995,-121.99468,5.9,3.9,347.0,CUT TIME,,,37,,11,4,,,B
338457634,2022-08-08T20:08:18,36.80316,-121.99475,5.8,358.9,347.0,CUT TIME,,,37,,11,4,,,B
338457634,2022-08-08T20:10:18,36.80637,-121.99483,6.4,1.8,340.0,CUT TIME,,,37,,11,4,,,B
338457634,2022-08-08T20:12:18,36.80959,-121.99499,5.8,358.0,340.0,CUT TIME,,,37,,11,4,,,B
338457634,2022-08-08T20:14:18,36.81271,-121.99512,5.1,354.3,349.0,CUT TIME,,,37,,11,4,,,B
338457634,2022-08-08T20:15:20,36.81440,-121.99519,5.2,351.3,346.0,CUT TIME,,,37,,11,4,,,B
338164876,2022-08-30T20:03:14,36.78108,-121.95577,5.2,348.1,348.0,FREEDOM,,WBY2980,36,,13,4,,,B
338164876,2022-08-30T20:04:42,36.78322,-121.95605,5.0,354.7,352.0,FREEDOM,,WBY2980,36,,13,4,,,B
338164876,2022-08-30T20:06:14,36.78536,-121.95675,5.4,346.0,344.0,FREEDOM,,WBY2980,36,,13,4,,,B
338164876,2022-08-30T20:07:42,36.78749,-121.95688,4.9,350.3,348.0,FREEDOM,,WBY2980,36,,13,4,,,B
338164876,2022-08-30T20:09:13,36.78950,-121.95713,4.7,351.7,349.0,FREEDOM,,WBY2980,36,,13,4,,,B
338164876,2022-08-30T20:10:44,36.79163,-121.95770,4.9,4.5,3.0,FREEDOM,,WBY2980,36,,13,4,,,B
338164876,2022-08-30T20:12:13,36.79359,-121.95842,5.2,337.7,338.0,FREEDOM,,WBY2980,36,,13,4,,,B
338164876,2022-08-30T20:13:44,36.79584,-121.95872,5.1,5.8,1.0,FREEDOM,,WBY2980,36,,13,4,,,B
338164876,2022-08-30T20:15:12,36.79779,-121.95945,5.7,336.7,334.0,FREEDOM,,WBY2980,36,,13,4,,,B
338164876,2022-08-30T20:17:12,36.80084,-121.96021,5.7,342.3,339.0,FREEDOM,,WBY2980,36,,13,4,,,B
338164876,2022-08-30T20:18:13,36.80236,-121.96078,5.7,359.9,358.0,FREEDOM,,WBY2980,36,,13,4,,,B
338164876,2022-08-30T20:19:44,36.80435,-121.96094,4.5,347.8,344.0,FREEDOM,,WBY2980,36,,13,4,,,B
338164876,2022-08-30T20:21:13,36.80637,-121.96125,5.0,351.2,350.0,FREEDOM,,WBY2980,36,,13,4,,,B
338164876,2022-08-30T20:23:13,36.80882,-121.96134,5.4,329.4,329.0,FREEDOM,,WBY2980,36,,13,4,,,B
338164876,2022-08-30T20:25:12,36.81176,-121.96267,5.4,1.7,359.0,FREEDOM,,WBY2980,36,,13,4,,,B
338164876,2022-08-30T20:26:44,36.81384,-121.96309,5.1,352.6,352.0,FREEDOM,,WBY2980,36,,13,4,,,B
338164876,2022-08-30T20:28:12,36.81589,-121.96358,5.7,340.3,338.0,FREEDOM,,WBY2980,36,,13,4,,,B
338252658,2022-09-05T18:23:59,36.78264,-121.99605,7.1,356.3,511.0,DOUBLE ESPRESSO,,,36,,11,4,,,B
338252658,2022-09-05T18:25:26,36.78515,-121.99636,6.2,355.6,511.0,DOUBLE ESPRESSO,,,36,,11,4,,,B
338252658,2022-09-05T18:26:59,36.78787,-121.99662,6.7,359.0,511.0,DOUBLE ESPRESSO,,,36,,11,4,,,B
338252658,2022-09-05T18:28:30,36.79054,-121.99687,6.1,354.1,511.0,DOUBLE ESPRESSO,,,36,,11,4,,,B
338252658,2022-09-05T18:29:59,36.79317,-121.99710,5.7,355.6,511.0,DOUBLE ESPRESSO,,,36,,11,4,,,B
338252658,2022-09-05T18:31:30,36.79595,-121.99718,6.7,4.3,511.0,DOUBLE ESPRESSO,,,36,,11,4,,,B
338252658,2022-09-05T18:32:56,36.79855,-121.99668,7.3,356.8,511.0,DOUBLE ESPRESSO,,,36,,11,4,,,B
338252658,2022-09-05T18:34:28,36.80141,-121.99654,7.1,0.4,511.0,DOUBLE ESPRESSO,,,36,,11,4,,,B
338252658,2022-09-05T18:35:56,36.80414,-121.99637,6.8,4.6,511.0,DOUBLE ESPRESSO,,,36,,11,4,,,B
338252658,2022-09-05T18:37:28,36.80693,-121.99619,6.9,7.0,511.0,DOUBLE ESPRESSO,,,36,,11,4,,,B
338252658,2022-09-05T18:38:56,36.80968,-121.99592,6.7,9.3,511.0,DOUBLE ESPRESSO,,,36,,11,4,,,B
338252658,2022-09-05T18:40:29,36.81260,-121.99551,5.9,16.4,511.0,DOUBLE ESPRESSO,,,36,,11,4,,,B
338252658,2022-09-05T18:41:30,36.81447,-121.99541,6.7,358.7,511.0,DOUBLE ESPRESSO,,,36,,11,4,,,B
367795220,2022-09-05T19:37:46,36.81530,-121.97147,6.6,167.9,511.0,PANNAMARE,,WDJ6183,36,,12,2,,,B
367795220,2022-09-05T19:39:14,36.81290,-121.97081,6.6,162.1,511.0,PANNAMARE,,WDJ6183,36,,12,2,,,B
367795220,2022-09-05T19:40:46,36.81066,-121.96999,5.0,168.2,511.0,PANNAMARE,,WDJ6183,36,,12,2,,,B
367795220,2022-09-05T19:42:14,36.80862,-121.96923,5.5,167.3,511.0,PANNAMARE,,WDJ6183,36,,12,2,,,B
367795220,2022-09-05T19:43:15,36.80700,-121.96872,5.4,163.1,511.0,PANNAMARE,,WDJ6183,36,,12,2,,,B
367795220,2022-09-05T19:44:44,36.80493,-121.96799,5.2,161.1,511.0,PANNAMARE,,WDJ6183,36,,12,2,,,B
367795220,2022-09-05T19:46:15,36.80271,-121.96713,5.7,168.9,511.0,PANNAMARE,,WDJ6183,36,,12,2,,,B
367795220,2022-09-05T19:47:43,36.80044,-121.96638,6.9,153.3,511.0,PANNAMARE,,WDJ6183,36,,12,2,,,B
367795220,2022-09-05T19:49:15,36.79796,-121.96587,5.3,166.5,511.0,PANNAMARE,,WDJ6183,36,,12,2,,,B
367795220,2022-09-05T19:50:45,36.79571,-121.96522,5.2,169.4,511.0,PANNAMARE,,WDJ6183,36,,12,2,,,B
367795220,2022-09-05T19:52:15,36.79358,-121.96450,4.6,169.7,511.0,PANNAMARE,,WDJ6183,36,,12,2,,,B
367795220,2022-09-05T19:53:45,36.79130,-121.96391,5.7,160.9,511.0,PANNAMARE,,WDJ6183,36,,12,2,,,B
367795220,2022-09-05T19:55:18,36.78905,-121.96319,5.2,168.4,511.0,PANNAMARE,,WDJ6183,36,,12,2,,,B
367795220,2022-09-05T19:56:49,36.78678,-121.96252,6.1,170.1,511.0,PANNAMARE,,WDJ6183,36,,12,2,,,B
367795220,2022-09-05T19:58:18,36.78441,-121.96198,6.8,158.3,511.0,PANNAMARE,,WDJ6183,36,,12,2,,,B
367795220,2022-09-05T19:59:49,36.78216,-121.96122,5.8,159.8,511.0,PANNAMARE,,WDJ6183,36,,12,2,,,B
367795220,2022-09-05T20:00:13,36.78158,-121.96109,5.1,175.7,511.0,PANNAMARE,,WDJ6183,36,,12,2,,,B
368234870,2022-09-17T18:24:44,36.81593,-121.98121,6.1,160.2,511.0,WILDFLOWER,,WDM7529,36,,12,6,,,B
368234870,2022-09-17T18:25:45,36.81438,-121.98061,5.6,159.5,511.0,WILDFLOWER,,WDM7529,36,,12,6,,,B
368234870,2022-09-17T18:27:15,36.81188,-121.97964,6.3,158.9,511.0,WILDFLOWER,,WDM7529,36,,12,6,,,B
368234870,2022-09-17T18:28:45,36.80938,-121.97863,6.6,161.3,511.0,WILDFLOWER,,WDM7529,36,,12,6,,,B
368234870,2022-09-17T18:29:46,36.80773,-121.97800,6.8,159.4,511.0,WILDFLOWER,,WDM7529,36,,12,6,,,B
368234870,2022-09-17T18:31:15,36.80530,-121.97701,5.6,161.7,511.0,WILDFLOWER,,WDM7529,36,,12,6,,,B
368234870,2022-09-17T18:32:45,36.80290,-121.97608,6.2,158.1,511.0,WILDFLOWER,,WDM7529,36,,12,6,,,B
368234870,2022-09-17T18:34:14,36.80048,-121.97509,5.9,168.4,511.0,WILDFLOWER,,WDM7529,36,,12,6,,,B
368234870,2022-09-17T18:35:15,36.79883,-121.97444,6.2,161.6,511.0,WILDFLOWER,,WDM7529,36,,12,6,,,B
368234870,2022-09-17T18:36:44,36.79640,-121.97344,6.4,163.5,511.0,WILDFLOWER,,WDM7529,36,,12,6,,,B
368234870,2022-09-17T18:37:47,36.79471,-121.97277,5.7,159.7,511.0,WILDFLOWER,,WDM7529,36,,12,6,,,B
368234870,2022-09-17T18:39:15,36.79231,-121.97180,6.3,161.4,511.0,WILDFLOWER,,WDM7529,36,,12,6,,,B
368234870,2022-09-17T18:40:46,36.78980,-121.97069,6.9,153.7,511.0,WILDFLOWER,,WDM7529,36,,12,6,,,B
368234870,2022-09-17T18:42:14,36.78735,-121.96956,6.7,152.5,511.0,WILDFLOWER,,WDM7529,36,,12,6,,,B
368234870,2022-09-17T18:43:15,36.78569,-121.96880,6.3,159.7,511.0,WILDFLOWER,,WDM7529,36,,12,6,,,B
368234870,2022-09-17T18:44:16,36.78411,-121.96807,5.4,165.9,511.0,WILDFLOWER,,WDM7529,36,,12,6,,,B
368234870,2022-09-17T18:45:44,36.78184,-121.96701,6.4,156.9,511.0,WILDFLOWER,,WDM7529,36,,12,6,,,B
338415965,2022-09-23T23:09:20,36.78192,-121.99614,6.0,147.7,126.0,KELEA,,KELEA,36,,15,6,,,B
368077080,2022-09-25T19:27:22,36.81423,-121.95582,8.1,159.7,511.0,DAWN PATROL,,WDK6692,36,,24,4,,,B
368077080,2022-09-25T19:28:55,36.81143,-121.95481,5.8,167.8,511.0,DAWN PATROL,,WDK6692,36,,24,4,,,B
368077080,2022-09-25T19:30:22,36.80893,-121.95391,5.8,167.1,511.0,DAWN PATROL,,WDK6692,36,,24,4,,,B
503052850,2022-09-25T20:16:02,36.81361,-121.96693,4.7,166.5,511.0,FESTINA LENTE,,VJD2883,36,,12,4,,,B
503052850,2022-09-25T20:30:32,36.79747,-121.95986,3.4,152.8,511.0,FESTINA LENTE,,VJD2883,36,,12,4,,,B
503052850,2022-09-25T20:36:32,36.79035,-121.95694,5.5,166.4,511.0,FESTINA LENTE,,VJD2883,36,,12,4,,,B
503052850,2022-09-25T20:38:02,36.78815,-121.95623,5.4,163.4,511.0,FESTINA LENTE,,VJD2883,36,,12,4,,,B
503052850,2022-09-25T20:41:32,36.78301,-121.95400,5.9,157.7,511.0,FESTINA LENTE,,VJD2883,36,,12,4,,,B
503052850,2022-09-25T20:42:33,36.78148,-121.95340,5.4,160.7,511.0,FESTINA LENTE,,VJD2883,36,,12,4,,,B
338419377,2022-10-24T14:03:22,36.81517,-121.97827,6.6,183.8,511.0,K2,,,36,,11,8,,,B
338419377,2022-10-24T14:04:25,36.81334,-121.97821,6.8,169.1,511.0,K2,,,36,,11,8,,,B
338419377,2022-10-24T14:05:51,36.81078,-121.97804,6.3,177.5,511.0,K2,,,36,,11,8,,,B
338419377,2022-10-24T14:07:21,36.80810,-121.97791,6.0,185.4,511.0,K2,,,36,,11,8,,,B
338419377,2022-10-24T14:08:50,36.80541,-121.97782,6.5,175.9,511.0,K2,,,36,,11,8,,,B
338419377,2022-10-24T14:09:53,36.80355,-121.97778,6.2,180.3,511.0,K2,,,36,,11,8,,,B
338419377,2022-10-24T14:11:21,36.80090,-121.97768,6.7,180.6,511.0,K2,,,36,,11,8,,,B
338419377,2022-10-24T14:12:51,36.79821,-121.97761,6.4,183.1,511.0,K2,,,36,,11,8,,,B
338419377,2022-10-24T14:14:24,36.79540,-121.97760,6.5,185.6,511.0,K2,,,36,,11,8,,,B
338419377,2022-10-24T14:15:50,36.79275,-121.97770,7.5,175.0,511.0,K2,,,36,,11,8,,,B
338419377,2022-10-24T14:16:52,36.79084,-121.97774,6.7,179.0,511.0,K2,,,36,,11,8,,,B
338419377,2022-10-24T14:18:23,36.78807,-121.97780,6.5,179.8,511.0,K2,,,36,,11,8,,,B
338419377,2022-10-24T14:19:50,36.78540,-121.97794,6.6,176.9,511.0,K2,,,36,,11,8,,,B
338419377,2022-10-24T14:21:23,36.78255,-121.97800,7.5,178.9,511.0,K2,,,36,,11,8,,,B
338300171,2022-10-25T21:00:12,36.81520,-121.96979,7.5,178.5,511.0,SCAPA FLOW,,,36,,13,3,,,B
338300171,2022-10-25T21:01:42,36.81200,-121.96967,7.7,171.5,511.0,SCAPA FLOW,,,36,,13,3,,,B
338300171,2022-10-25T21:02:43,36.80991,-121.96957,7.7,183.9,511.0,SCAPA FLOW,,,36,,13,3,,,B
338300171,2022-10-25T21:04:13,36.80685,-121.96944,7.4,176.6,511.0,SCAPA FLOW,,,36,,13,3,,,B
338300171,2022-10-25T21:05:42,36.80373,-121.96928,6.3,177.0,511.0,SCAPA FLOW,,,36,,13,3,,,B
338300171,2022-10-25T21:06:45,36.80164,-121.96915,6.5,185.7,511.0,SCAPA FLOW,,,36,,13,3,,,B
338300171,2022-10-25T21:08:12,36.79864,-121.96899,7.6,174.9,511.0,SCAPA FLOW,,,36,,13,3,,,B
338300171,2022-10-25T21:09:13,36.79660,-121.96889,6.5,179.5,511.0,SCAPA FLOW,,,36,,13,3,,,B
338300171,2022-10-25T21:10:44,36.79352,-121.96877,7.0,169.7,511.0,SCAPA FLOW,,,36,,13,3,,,B
338300171,2022-10-25T21:12:13,36.79062,-121.96857,6.6,172.8,511.0,SCAPA FLOW,,,36,,13,3,,,B
338300171,2022-10-25T21:13:43,36.78778,-121.96840,6.6,172.4,511.0,SCAPA FLOW,,,36,,13,3,,,B
338300171,2022-10-25T21:15:12,36.78489,-121.96822,6.7,182.5,511.0,SCAPA FLOW,,,36,,13,3,,,B
338300171,2022-10-25T21:16:13,36.78299,-121.96808,6.1,183.4,511.0,SCAPA FLOW,,,36,,13,3,,,B
338401702,2022-11-06T17:03:01,36.81588,-121.96357,8.9,166.0,169.0,ATALANTA,,,36,,16,5,,,B
338401702,2022-11-06T17:04:31,36.81237,-121.96226,8.9,166.6,166.0,ATALANTA,,,36,,16,5,,,B
338401702,2022-11-06T17:06:04,36.80886,-121.96087,8.9,162.7,163.0,ATALANTA,,,36,,16,5,,,B
338401702,2022-11-06T17:07:33,36.80541,-121.95954,8.8,163.1,162.0,ATALANTA,,,36,,16,5,,,B
338401702,2022-11-06T17:09:01,36.80192,-121.95823,8.7,161.3,161.0,ATALANTA,,,36,,16,5,,,B
338401702,2022-11-06T17:10:31,36.79840,-121.95687,8.2,162.4,163.0,ATALANTA,,,36,,16,5,,,B
338401702,2022-11-06T17:12:01,36.79489,-121.95555,8.3,165.6,165.0,ATALANTA,,,36,,16,5,,,B
338401702,2022-11-06T17:13:03,36.79249,-121.95468,8.6,164.5,165.0,ATALANTA,,,36,,16,5,,,B
338401702,2022-11-06T17:14:32,36.78899,-121.95337,9.2,161.8,162.0,ATALANTA,,,36,,16,5,,,B
338429666,2022-11-30T18:09:57,36.81624,-121.97274,5.7,180.6,511.0,AKI MARU,,,37,,11,4,,,B
338429666,2022-11-30T18:11:26,36.81391,-121.97280,6.1,178.6,511.0,AKI MARU,,,37,,11,4,,,B
338429666,2022-11-30T18:12:57,36.81151,-121.97278,5.5,178.7,511.0,AKI MARU,,,37,,11,4,,,B
338429666,2022-11-30T18:14:26,36.80918,-121.97274,5.3,184.3,511.0,AKI MARU,,,37,,11,4,,,B
338429666,2022-11-30T18:15:59,36.80679,-121.97281,5.7,181.3,511.0,AKI MARU,,,37,,11,4,,,B
338429666,2022-11-30T18:17:26,36.80450,-121.97283,5.9,178.3,511.0,AKI MARU,,,37,,11,4,,,B
338429666,2022-11-30T18:19:28,36.80134,-121.97260,5.5,182.3,511.0,AKI MARU,,,37,,11,4,,,B
338429666,2022-11-30T18:20:59,36.79896,-121.97266,5.7,180.1,511.0,AKI MARU,,,37,,11,4,,,B
338429666,2022-11-30T18:22:28,36.79668,-121.97260,5.5,175.0,511.0,AKI MARU,,,37,,11,4,,,B
338429666,2022-11-30T18:23:56,36.79440,-121.97249,5.3,181.2,511.0,AKI MARU,,,37,,11,4,,,B
338429666,2022-11-30T18:25:29,36.79199,-121.97254,6.3,176.6,511.0,AKI MARU,,,37,,11,4,,,B
338429666,2022-11-30T18:27:29,36.78893,-121.97258,5.6,185.4,511.0,AKI MARU,,,37,,11,4,,,B
338429666,2022-11-30T18:29:29,36.78584,-121.97262,5.2,184.7,511.0,AKI MARU,,,37,,11,4,,,B
338429666,2022-11-30T18:30:58,36.78357,-121.97258,5.5,178.3,511.0,AKI MARU,,,37,,11,4,,,B
338429666,2022-11-30T18:32:29,36.78122,-121.97260,5.5,186.8,511.0,AKI MARU,,,37,,11,4,,,B
338410352,2022-12-08T19:29:12,36.78913,-121.95404,13.7,344.5,344.0,MORNING STAR,,,37,,14,0,,,B
338410352,2022-12-08T19:30:25,36.79357,-121.95558,14.0,343.9,344.0,MORNING STAR,,,37,,14,0,,,B
338410352,2022-12-08T19:31:56,36.79933,-121.95725,14.5,341.3,343.0,MORNING STAR,,,37,,14,0,,,B
338410352,2022-12-08T19:32:57,36.80307,-121.95869,13.9,348.4,347.0,MORNING STAR,,,37,,14,0,,,B
338410352,2022-12-08T19:34:01,36.80711,-121.95986,13.9,345.3,343.0,MORNING STAR,,,37,,14,0,,,B
338410352,2022-12-08T19:35:03,36.81102,-121.96117,13.8,342.6,343.0,MORNING STAR,,,37,,14,0,,,B
338410352,2022-12-08T19:36:14,36.81554,-121.96282,13.8,341.9,342.0,MORNING STAR,,,37,,14,0,,,B
367005910,2022-07-20T19:01:11,36.79253,-121.95393,8.2,240.1,511.0,BLACKFIN,,WDI2325,60,,19,8,,,B
367005910,2022-07-20T19:03:09,36.78672,-121.95345,12.2,167.0,511.0,BLACKFIN,,WDI2325,60,,19,8,,,B
367005910,2022-10-31T19:54:14,36.81227,-121.95536,3.9,254.7,511.0,BLACKFIN,,WDI2325,60,,19,8,,,B
367005910,2022-10-31T19:55:44,36.81427,-121.95965,12.1,333.7,511.0,BLACKFIN,,WDI2325,60,,19,8,,,B
367005910,2022-10-31T20:05:44,36.81626,-121.97031,13.7,186.1,511.0,BLACKFIN,,WDI2325,60,,19,8,,,B
367005910,2022-10-31T20:07:14,36.81196,-121.97220,8.2,205.2,511.0,BLACKFIN,,WDI2325,60,,19,8,,,B
367005910,2022-10-31T20:08:44,36.81021,-121.97348,2.9,177.3,511.0,BLACKFIN,,WDI2325,60,,19,8,,,B
367005910,2022-10-31T20:10:20,36.80974,-121.97285,0.8,90.3,511.0,BLACKFIN,,WDI2325,60,,19,8,,,B
367005910,2022-10-31T20:12:15,36.80900,-121.97469,5.0,232.3,511.0,BLACKFIN,,WDI2325,60,,19,8,,,B
367005910,2022-10-31T20:13:44,36.80813,-121.97545,2.1,189.1,511.0,BLACKFIN,,WDI2325,60,,19,8,,,B
367005910,2022-10-31T20:15:17,36.80587,-121.97305,11.2,142.1,511.0,BLACKFIN,,WDI2325,60,,19,8,,,B
367005910,2022-10-31T20:16:45,36.80183,-121.96941,10.6,147.8,511.0,BLACKFIN,,WDI2325,60,,19,8,,,B
367005910,2022-10-31T20:18:17,36.79672,-121.96823,12.4,160.6,511.0,BLACKFIN,,WDI2325,60,,19,8,,,B
367005910,2022-10-31T20:19:44,36.79145,-121.96591,14.0,158.7,511.0,BLACKFIN,,WDI2325,60,,19,8,,,B
367005910,2022-10-31T20:20:45,36.78774,-121.96427,14.2,162.0,511.0,BLACKFIN,,WDI2325,60,,19,8,,,B
367005910,2022-10-31T20:22:14,36.78249,-121.96191,13.4,160.1,511.0,BLACKFIN,,WDI2325,60,,19,8,,,B
367005910,2022-11-26T19:13:08,36.78654,-121.95362,3.3,193.6,511.0,BLACKFIN,,WDI2325,60,,19,8,,,B
367005910,2022-11-26T19:14:16,36.78926,-121.95347,16.6,19.4,511.0,BLACKFIN,,WDI2325,60,,19,8,,,B
367005910,2022-11-26T19:30:04,36.78391,-121.95342,10.7,200.6,511.0,BLACKFIN,,WDI2325,60,,19,8,,,B
367005910,2022-11-26T19:31:05,36.78111,-121.95486,10.6,208.0,511.0,BLACKFIN,,WDI2325,60,,19,8,,,B
367005910,2022-12-24T18:33:10,36.78155,-121.96229,5.0,346.1,511.0,BLACKFIN,,WDI2325,60,,19,8,,,B
367005910,2022-12-24T18:34:42,36.78293,-121.96231,2.7,24.7,511.0,BLACKFIN,,WDI2325,60,,19,8,,,B
367005910,2022-12-24T18:36:10,36.78394,-121.96201,2.5,19.4,511.0,BLACKFIN,,WDI2325,60,,19,8,,,B
367005910,2022-12-24T18:37:11,36.78465,-121.96166,2.4,11.6,511.0,BLACKFIN,,WDI2325,60,,19,8,,,B
367005910,2022-12-24T18:38:40,36.78629,-121.96156,8.7,339.3,511.0,BLACKFIN,,WDI2325,60,,19,8,,,B
367005910,2022-12-24T18:40:09,36.78989,-121.96430,11.4,341.7,511.0,BLACKFIN,,WDI2325,60,,19,8,,,B
367005910,2022-12-24T18:41:41,36.79473,-121.96313,11.4,21.4,511.0,BLACKFIN,,WDI2325,60,,19,8,,,B
367005910,2022-12-24T18:43:09,36.79935,-121.96126,11.6,18.5,511.0,BLACKFIN,,WDI2325,60,,19,8,,,B
367005910,2022-12-24T18:44:11,36.80253,-121.96006,12.1,16.3,511.0,BLACKFIN,,WDI2325,60,,19,8,,,B
367005910,2022-12-24T18:45:40,36.80715,-121.95836,11.3,26.3,511.0,BLACKFIN,,WDI2325,60,,19,8,,,B
367005910,2022-12-24T18:47:41,36.81007,-121.95689,3.0,324.2,511.0,BLACKFIN,,WDI2325,60,,19,8,,,B
367005910,2022-12-24T18:49:40,36.81000,-121.95884,1.4,254.9,511.0,BLACKFIN,,WDI2325,60,,19,8,,,B
367005910,2022-12-24T18:50:41,36.80992,-121.95959,5.1,288.4,511.0,BLACKFIN,,WDI2325,60,,19,8,,,B
367005910,2022-12-24T18:52:40,36.81160,-121.95951,2.5,86.6,511.0,BLACKFIN,,WDI2325,60,,19,8,,,B
367005910,2022-12-24T18:54:10,36.81113,-121.95819,1.2,138.4,511.0,BLACKFIN,,WDI2325,60,,19,8,,,B
367005910,2022-12-24T18:55:14,36.81092,-121.95815,2.9,179.8,511.0,BLACKFIN,,WDI2325,60,,19,8,,,B
367005910,2022-12-24T18:56:40,36.81126,-121.95922,3.6,308.0,511.0,BLACKFIN,,WDI2325,60,,19,8,,,B
367005910,2022-12-24T18:58:09,36.81174,-121.96022,1.9,292.9,511.0,BLACKFIN,,WDI2325,60,,19,8,,,B
367005910,2022-12-24T18:59:10,36.81176,-121.96059,1.5,266.8,511.0,BLACKFIN,,WDI2325,60,,19,8,,,B
367005910,2022-12-24T19:00:11,36.81200,-121.96101,3.4,346.3,511.0,BLACKFIN,,WDI2325,60,,19,8,,,B
367005910,2022-12-24T19:01:41,36.81045,-121.96019,14.3,173.4,511.0,BLACKFIN,,WDI2325,60,,19,8,,,B
367005910,2022-12-24T19:03:11,36.80508,-121.95614,16.0,141.8,511.0,BLACKFIN,,WDI2325,60,,19,8,,,B
367005910,2022-12-24T19:04:40,36.80323,-121.95521,3.3,340.8,511.0,BLACKFIN,,WDI2325,60,,19,8,,,B
367005910,2022-12-24T19:06:09,36.80416,-121.95698,7.5,287.5,511.0,BLACKFIN,,WDI2325,60,,19,8,,,B
367005910,2022-12-24T19:07:11,36.80456,-121.95861,3.5,303.9,511.0,BLACKFIN,,WDI2325,60,,19,8,,,B
367005910,2022-12-24T19:08:40,36.80583,-121.96009,4.2,336.0,511.0,BLACKFIN,,WDI2325,60,,19,8,,,B
367005910,2022-12-24T19:10:10,36.80771,-121.96037,4.1,351.5,511.0,BLACKFIN,,WDI2325,60,,19,8,,,B
367005910,2022-12-24T19:12:15,36.80944,-121.95980,2.3,42.1,511.0,BLACKFIN,,WDI2325,60,,19,8,,,B
367005910,2022-12-24T19:13:39,36.80974,-121.95960,0.6,319.3,511.0,BLACKFIN,,WDI2325,60,,19,8,,,B
367005910,2022-12-24T19:15:14,36.81151,-121.95934,7.0,338.9,511.0,BLACKFIN,,WDI2325,60,,19,8,,,B
367005910,2022-12-24T19:16:40,36.81287,-121.96064,0.7,330.8,511.0,BLACKFIN,,WDI2325,60,,19,8,,,B
367005910,2022-12-24T19:18:11,36.81332,-121.96121,1.1,301.2,511.0,BLACKFIN,,WDI2325,60,,19,8,,,B
367005910,2022-12-24T19:19:40,36.81374,-121.96155,2.2,298.1,511.0,BLACKFIN,,WDI2325,60,,19,8,,,B
367005910,2022-12-24T19:21:10,36.81401,-121.96203,0.6,173.9,511.0,BLACKFIN,,WDI2325,60,,19,8,,,B
367005910,2022-12-24T19:22:39,36.81375,-121.96203,3.7,303.1,511.0,BLACKFIN,,WDI2325,60,,19,8,,,B
367005910,2022-12-24T19:24:40,36.81444,-121.96319,1.2,305.8,511.0,BLACKFIN,,WDI2325,60,,19,8,,,B
367005910,2022-12-24T19:26:10,36.81496,-121.96376,0.2,304.5,511.0,BLACKFIN,,WDI2325,60,,19,8,,,B
367005910,2022-12-24T19:27:39,36.81501,-121.96419,0.3,260.3,511.0,BLACKFIN,,WDI2325,60,,19,8,,,B
367005910,2022-12-24T19:29:10,36.81442,-121.96334,4.2,95.8,511.0,BLACKFIN,,WDI2325,60,,19,8,,,B
367005910,2022-12-24T19:30:41,36.81436,-121.96244,0.2,121.8,511.0,BLACKFIN,,WDI2325,60,,19,8,,,B
367005910,2022-12-24T19:32:09,36.81424,-121.96237,0.3,234.9,511.0,BLACKFIN,,WDI2325,60,,19,8,,,B
367005910,2022-12-24T19:33:10,36.81434,-121.96254,0.5,300.4,511.0,BLACKFIN,,WDI2325,60,,19,8,,,B
367005910,2022-12-24T19:34:35,36.81380,-121.96313,1.5,230.7,511.0,BLACKFIN,,WDI2325,60,,19,8,,,B
367005910,2022-12-24T19:35:38,36.81374,-121.96416,5.1,297.2,511.0,BLACKFIN,,WDI2325,60,,19,8,,,B
367005910,2022-12-24T19:37:37,36.81107,-121.96474,11.7,171.4,511.0,BLACKFIN,,WDI2325,60,,19,8,,,B
367005910,2022-12-24T19:39:05,36.80656,-121.96308,12.5,159.3,511.0,BLACKFIN,,WDI2325,60,,19,8,,,B
367005910,2022-12-24T19:40:06,36.80342,-121.96190,12.1,164.3,511.0,BLACKFIN,,WDI2325,60,,19,8,,,B
367005910,2022-12-24T19:42:05,36.79731,-121.95966,11.4,161.2,511.0,BLACKFIN,,WDI2325,60,,19,8,,,B
367005910,2022-12-24T19:43:38,36.79245,-121.95783,11.7,162.5,511.0,BLACKFIN,,WDI2325,60,,19,8,,,B
367005910,2022-12-24T19:44:41,36.78924,-121.95661,11.7,164.0,511.0,BLACKFIN,,WDI2325,60,,19,8,,,B
367005910,2022-12-24T19:46:05,36.78489,-121.95499,11.2,165.7,511.0,BLACKFIN,,WDI2325,60,,19,8,,,B
367005910,2022-12-24T19:47:07,36.78179,-121.95388,11.8,163.1,511.0,BLACKFIN,,WDI2325,60,,19,8,,,B
367005910,2022-12-26T18:19:20,36.78290,-121.95362,12.9,320.1,511.0,BLACKFIN,,WDI2325,60,,19,8,,,B
367005910,2022-12-26T18:20:21,36.78560,-121.95651,12.5,318.8,511.0,BLACKFIN,,WDI2325,60,,19,8,,,B
367005910,2022-12-26T18:22:21,36.79071,-121.96202,12.1,318.7,511.0,BLACKFIN,,WDI2325,60,,19,8,,,B
367005910,2022-12-26T18:23:50,36.79462,-121.96618,12.5,319.4,511.0,BLACKFIN,,WDI2325,60,,19,8,,,B
367005910,2022-12-26T18:25:20,36.79850,-121.97032,11.6,318.8,511.0,BLACKFIN,,WDI2325,60,,19,8,,,B
367005910,2022-12-26T18:26:22,36.80125,-121.97315,13.2,316.4,511.0,BLACKFIN,,WDI2325,60,,19,8,,,B
367005910,2022-12-26T18:27:50,36.80511,-121.97719,12.5,319.7,511.0,BLACKFIN,,WDI2325,60,,19,8,,,B
367005910,2022-12-26T18:29:20,36.80909,-121.98127,12.1,325.2,511.0,BLACKFIN,,WDI2325,60,,19,8,,,B
367005910,2022-12-26T18:30:23,36.81195,-121.98392,12.6,326.2,511.0,BLACKFIN,,WDI2325,60,,19,8,,,B
367005910,2022-12-26T19:34:20,36.81577,-121.97901,12.9,163.3,511.0,BLACKFIN,,WDI2325,60,,19,8,,,B
367005910,2022-12-26T19:35:50,36.81048,-121.97675,13.8,161.8,511.0,BLACKFIN,,WDI2325,60,,19,8,,,B
367005910,2022-12-26T19:36:52,36.80697,-121.97515,12.5,162.4,511.0,BLACKFIN,,WDI2325,60,,19,8,,,B
367005910,2022-12-26T19:38:20,36.80185,-121.97289,12.9,164.3,511.0,BLACKFIN,,WDI2325,60,,19,8,,,B
367005910,2022-12-26T19:39:51,36.79647,-121.97069,14.6,164.8,511.0,BLACKFIN,,WDI2325,60,,19,8,,,B
367005910,2022-12-26T19:41:21,36.79104,-121.96831,13.6,162.3,511.0,BLACKFIN,,WDI2325,60,,19,8,,,B
367005910,2022-12-26T19:42:50,36.78574,-121.96605,14.5,158.9,511.0,BLACKFIN,,WDI2325,60,,19,8,,,B
368134480,2022-12-23T21:44:51,36.80967,-121.95534,4.6,300.5,511.0,PRINCESS MONTEREY,IMO8967632,WDL4752,0,15,27,8,0.0,99,A
368134480,2022-12-23T21:46:00,36.81009,-121.95669,2.3,289.5,511.0,PRINCESS MONTEREY,IMO8967632,WDL4752,0,15,27,8,0.0,99,A
368134480,2022-12-23T21:47:11,36.81027,-121.95766,6.7,287.3,511.0,PRINCESS MONTEREY,IMO8967632,WDL4752,0,15,27,8,0.0,99,A
368134480,2022-12-23T21:48:31,36.81062,-121.96064,4.0,262.7,511.0,PRINCESS MONTEREY,IMO8967632,WDL4752,0,15,27,8,0.0,99,A
368134480,2022-12-23T21:49:41,36.81039,-121.96160,1.7,245.4,511.0,PRINCESS MONTEREY,IMO8967632,WDL4752,0,15,27,8,0.0,99,A
368134480,2022-12-23T21:50:50,36.81047,-121.96281,3.7,320.2,511.0,PRINCESS MONTEREY,IMO8967632,WDL4752,0,15,27,8,0.0,99,A
368134480,2022-12-23T21:52:12,36.81233,-121.96372,4.8,351.7,511.0,PRINCESS MONTEREY,IMO8967632,WDL4752,0,15,27,8,0.0,99,A
368134480,2022-12-23T21:53:22,36.81349,-121.96394,2.1,0.2,511.0,PRINCESS MONTEREY,IMO8967632,WDL4752,0,15,27,8,0.0,99,A
368134480,2022-12-23T21:54:31,36.81429,-121.96412,3.9,339.2,511.0,PRINCESS MONTEREY,IMO8967632,WDL4752,0,15,27,8,0.0,99,A
368134480,2022-12-23T21:55:41,36.81549,-121.96482,4.3,323.3,511.0,PRINCESS MONTEREY,IMO8967632,WDL4752,0,15,27,8,0.0,99,A
368134480,2022-12-23T22:12:50,36.81507,-121.95803,11.7,165.9,511.0,PRINCESS MONTEREY,IMO8967632,WDL4752,0,15,27,8,0.0,99,A
368134480,2022-12-23T22:13:51,36.81193,-121.95707,11.7,167.1,511.0,PRINCESS MONTEREY,IMO8967632,WDL4752,0,15,27,8,0.0,99,A
368134480,2022-12-23T22:15:10,36.80774,-121.95578,11.6,167.7,511.0,PRINCESS MONTEREY,IMO8967632,WDL4752,0,15,27,8,0.0,99,A
368134480,2022-12-23T22:16:22,36.80401,-121.95459,11.3,165.8,511.0,PRINCESS MONTEREY,IMO8967632,WDL4752,0,15,27,8,0.0,99,A
368134480,2022-12-23T22:17:31,36.80044,-121.95343,11.4,164.9,511.0,PRINCESS MONTEREY,IMO8967632,WDL4752,0,15,27,8,0.0,99,A
368134480,2022-12-24T21:38:40,36.79573,-121.95472,11.1,334.8,511.0,PRINCESS MONTEREY,IMO8967632,WDL4752,0,15,27,8,0.0,99,A
368134480,2022-12-24T21:39:51,36.79902,-121.95650,11.0,335.0,511.0,PRINCESS MONTEREY,IMO8967632,WDL4752,0,15,27,8,0.0,99,A
368134480,2022-12-24T21:41:00,36.80220,-121.95837,10.9,336.0,511.0,PRINCESS MONTEREY,IMO8967632,WDL4752,0,15,27,8,0.0,99,A
368134480,2022-12-24T21:42:11,36.80534,-121.96039,10.6,335.6,511.0,PRINCESS MONTEREY,IMO8967632,WDL4752,0,15,27,8,0.0,99,A
368134480,2022-12-24T21:43:21,36.80847,-121.96245,10.7,332.0,511.0,PRINCESS MONTEREY,IMO8967632,WDL4752,0,15,27,8,0.0,99,A
368134480,2022-12-24T21:44:31,36.81160,-121.96451,11.2,330.4,511.0,PRINCESS MONTEREY,IMO8967632,WDL4752,0,15,27,8,0.0,99,A
368134480,2022-12-24T21:45:40,36.81476,-121.96652,11.3,333.2,511.0,PRINCESS MONTEREY,IMO8967632,WDL4752,0,15,27,8,0.0,99,A
366245070,2022-07-19T03:09:06,36.78169,-121.96191,8.5,5.3,511.0,LAST STRAW,IMO7223869,WAI7550,30,15,19,6,,30,A
366245070,2022-07-19T03:10:16,36.78433,-121.96169,8.1,9.5,511.0,LAST STRAW,IMO7223869,WAI7550,30,15,19,6,,30,A
366245070,2022-07-19T03:11:26,36.78701,-121.96145,8.4,4.3,511.0,LAST STRAW,IMO7223869,WAI7550,30,15,19,6,,30,A
366245070,2022-07-19T03:12:36,36.78968,-121.96124,7.9,2.8,511.0,LAST STRAW,IMO7223869,WAI7550,30,15,19,6,,30,A
366245070,2022-07-19T03:13:46,36.79232,-121.96101,7.9,8.5,511.0,LAST STRAW,IMO7223869,WAI7550,30,15,19,6,,30,A
366245070,2022-07-19T03:14:55,36.79497,-121.96082,8.1,0.5,511.0,LAST STRAW,IMO7223869,WAI7550,30,15,19,6,,30,A
366245070,2022-07-19T03:16:05,36.79736,-121.96169,8.2,327.2,511.0,LAST STRAW,IMO7223869,WAI7550,30,15,19,6,,30,A
366245070,2022-07-19T03:17:25,36.79976,-121.96385,7.5,315.3,511.0,LAST STRAW,IMO7223869,WAI7550,30,15,19,6,,30,A
366245070,2022-07-19T03:18:35,36.80171,-121.96588,7.7,325.8,511.0,LAST STRAW,IMO7223869,WAI7550,30,15,19,6,,30,A
366245070,2022-07-19T03:19:45,36.80370,-121.96795,7.8,310.7,511.0,LAST STRAW,IMO7223869,WAI7550,30,15,19,6,,30,A
366245070,2022-07-19T03:20:56,36.80568,-121.97009,8.9,319.2,511.0,LAST STRAW,IMO7223869,WAI7550,30,15,19,6,,30,A
366245070,2022-07-19T03:22:06,36.80761,-121.97220,7.9,317.5,511.0,LAST STRAW,IMO7223869,WAI7550,30,15,19,6,,30,A
366245070,2022-07-19T03:23:15,36.80956,-121.97437,8.2,319.3,511.0,LAST STRAW,IMO7223869,WAI7550,30,15,19,6,,30,A
366245070,2022-07-19T03:24:26,36.81150,-121.97658,7.6,310.8,511.0,LAST STRAW,IMO7223869,WAI7550,30,15,19,6,,30,A
366245070,2022-07-19T03:25:35,36.81339,-121.97872,7.5,314.5,511.0,LAST STRAW,IMO7223869,WAI7550,30,15,19,6,,30,A
366245070,2022-07-19T03:26:46,36.81534,-121.98095,7.4,319.3,511.0,LAST STRAW,IMO7223869,WAI7550,30,15,19,6,,30,A
338157903,2022-07-11T16:15:57,36.78097,-121.98107,17.9,1.3,511.0,MUSCULUS,,,37,,,,,,B
338157903,2022-07-11T16:17:26,36.78817,-121.98281,17.4,344.4,511.0,MUSCULUS,,,37,,,,,,B
338157903,2022-07-11T16:19:27,36.79828,-121.98581,18.2,12.9,511.0,MUSCULUS,,,37,,,,,,B
338157903,2022-07-11T16:20:56,36.80330,-121.97934,17.8,79.6,511.0,MUSCULUS,,,37,,,,,,B
338157903,2022-07-11T16:22:26,36.80683,-121.97552,14.0,12.7,511.0,MUSCULUS,,,37,,,,,,B
338157903,2022-07-11T16:23:58,36.81490,-121.97692,20.7,352.6,511.0,MUSCULUS,,,37,,,,,,B
338157903,2022-07-18T14:58:05,36.79798,-121.96034,21.5,279.8,511.0,MUSCULUS,,,37,,,,,,B
338157903,2022-07-18T14:59:34,36.79994,-121.97093,20.1,281.7,511.0,MUSCULUS,,,37,,,,,,B
338157903,2022-07-18T15:00:07,36.80056,-121.97468,20.1,277.8,511.0,MUSCULUS,,,37,,,,,,B
338157903,2022-07-18T15:02:03,36.80081,-121.97952,1.3,255.5,511.0,MUSCULUS,,,37,,,,,,B
338157903,2022-07-18T15:03:33,36.80070,-121.97966,0.4,126.0,511.0,MUSCULUS,,,37,,,,,,B
338157903,2022-07-18T15:05:04,36.80050,-121.97964,1.8,0.9,511.0,MUSCULUS,,,37,,,,,,B
338157903,2022-07-18T15:06:34,36.80081,-121.98292,15.6,280.4,511.0,MUSCULUS,,,37,,,,,,B
338157903,2022-07-18T15:08:03,36.80094,-121.99278,20.2,270.7,511.0,MUSCULUS,,,37,,,,,,B
338157903,2022-07-18T16:58:04,36.81442,-121.97693,18.2,237.6,511.0,MUSCULUS,,,37,,,,,,B
338157903,2022-07-18T17:00:04,36.80822,-121.98059,3.9,136.6,511.0,MUSCULUS,,,37,,,,,,B
338157903,2022-07-18T17:01:33,36.80269,-121.98262,22.3,192.8,511.0,MUSCULUS,,,37,,,,,,B
338157903,2022-07-18T17:02:34,36.79782,-121.98055,20.6,200.8,511.0,MUSCULUS,,,37,,,,,,B
338157903,2022-07-18T17:04:05,36.78920,-121.98476,18.5,202.8,511.0,MUSCULUS,,,37,,,,,,B
338157903,2022-07-18T17:05:33,36.78341,-121.98708,6.5,150.6,511.0,MUSCULUS,,,37,,,,,,B
338157903,2022-07-18T17:07:33,36.78216,-121.98559,3.5,123.6,511.0,MUSCULUS,,,37,,,,,,B
338157903,2022-07-18T17:08:35,36.78171,-121.98472,3.2,121.2,511.0,MUSCULUS,,,37,,,,,,B
338157903,2022-07-18T17:10:04,36.78185,-121.98237,12.9,44.1,511.0,MUSCULUS,,,37,,,,,,B
338157903,2022-07-18T17:11:34,36.78783,-121.97756,22.4,46.8,511.0,MUSCULUS,,,37,,,,,,B
338157903,2022-07-18T17:13:04,36.79319,-121.96883,20.8,51.8,511.0,MUSCULUS,,,37,,,,,,B
338157903,2022-07-18T17:14:37,36.79814,-121.95966,21.2,58.6,511.0,MUSCULUS,,,37,,,,,,B
338157903,2022-07-25T16:21:19,36.78180,-121.96832,22.7,327.2,511.0,MUSCULUS,,,37,,,,,,B
338157903,2022-07-25T16:22:20,36.78652,-121.97352,22.5,314.5,511.0,MUSCULUS,,,37,,,,,,B
338157903,2022-07-25T16:23:52,36.79402,-121.98057,22.1,326.3,511.0,MUSCULUS,,,37,,,,,,B
338157903,2022-07-25T16:25:19,36.80000,-121.98582,2.7,288.2,511.0,MUSCULUS,,,37,,,,,,B
338157903,2022-07-25T16:26:49,36.79950,-121.98721,7.3,216.5,511.0,MUSCULUS,,,37,,,,,,B
338157903,2022-07-25T16:28:20,36.79780,-121.98827,2.8,189.2,511.0,MUSCULUS,,,37,,,,,,B
338157903,2022-07-25T16:29:49,36.79674,-121.98795,2.6,146.5,511.0,MUSCULUS,,,37,,,,,,B
338157903,2022-07-25T16:30:50,36.79611,-121.98691,8.6,131.7,511.0,MUSCULUS,,,37,,,,,,B
338157903,2022-07-25T16:32:20,36.79549,-121.98626,6.4,320.9,511.0,MUSCULUS,,,37,,,,,,B
338157903,2022-07-25T16:33:49,36.79128,-121.99175,23.6,225.8,511.0,MUSCULUS,,,37,,,,,,B
338157903,2022-10-27T15:19:06,36.79422,-121.96031,22.4,263.7,511.0,MUSCULUS,,,37,,,,,,B
338157903,2022-10-27T15:21:07,36.79345,-121.97597,23.3,266.8,511.0,MUSCULUS,,,37,,,,,,B
338157903,2022-10-27T15:22:36,36.79351,-121.98734,20.7,267.9,511.0,MUSCULUS,,,37,,,,,,B
338157903,2022-10-27T15:24:06,36.79358,-121.99228,0.6,265.8,511.0,MUSCULUS,,,37,,,,,,B
338157903,2022-10-27T15:25:36,36.79351,-121.99242,1.1,178.8,511.0,MUSCULUS,,,37,,,,,,B
338157903,2022-10-27T15:26:38,36.79343,-121.99251,0.6,209.8,511.0,MUSCULUS,,,37,,,,,,B
338157903,2022-10-27T15:28:07,36.79332,-121.99300,0.8,204.6,511.0,MUSCULUS,,,37,,,,,,B
338157903,2022-10-27T15:29:36,36.79364,-121.99471,7.8,280.3,511.0,MUSCULUS,,,37,,,,,,B
338157903,2022-10-27T15:30:37,36.79428,-121.99782,10.7,289.5,511.0,MUSCULUS,,,37,,,,,,B
338157903,2022-11-10T17:15:19,36.81540,-121.95839,5.3,292.3,511.0,MUSCULUS,,,37,,,,,,B
338157903,2022-11-10T17:17:18,36.81617,-121.96104,2.4,286.9,511.0,MUSCULUS,,,37,,,,,,B
338157903,2022-11-10T22:10:07,36.80745,-121.97921,24.1,163.8,511.0,MUSCULUS,,,37,,,,,,B
338157903,2022-11-10T22:12:36,36.79183,-121.98323,26.0,216.9,511.0,MUSCULUS,,,37,,,,,,B
338157903,2022-11-10T22:14:06,36.78692,-121.98758,2.5,194.1,511.0,MUSCULUS,,,37,,,,,,B
338157903,2022-11-10T22:15:36,36.78594,-121.98775,2.1,200.1,511.0,MUSCULUS,,,37,,,,,,B
338157903,2022-11-10T22:17:06,36.78549,-121.98789,1.3,124.8,511.0,MUSCULUS,,,37,,,,,,B
338157903,2022-11-10T22:18:37,36.78520,-121.98741,0.9,121.2,511.0,MUSCULUS,,,37,,,,,,B
338157903,2022-11-10T22:20:06,36.78495,-121.98686,0.9,118.1,511.0,MUSCULUS,,,37,,,,,,B
338157903,2022-11-10T22:21:07,36.78478,-121.98647,1.6,120.6,511.0,MUSCULUS,,,37,,,,,,B
338157903,2022-11-10T22:22:36,36.78451,-121.98588,2.0,117.0,511.0,MUSCULUS,,,37,,,,,,B
338157903,2022-11-10T22:23:37,36.78432,-121.98547,1.4,123.6,511.0,MUSCULUS,,,37,,,,,,B
338157903,2022-11-10T22:25:08,36.78405,-121.98490,1.0,128.9,511.0,MUSCULUS,,,37,,,,,,B
338157903,2022-11-10T22:26:36,36.78374,-121.98431,1.1,116.7,511.0,MUSCULUS,,,37,,,,,,B
338157903,2022-11-10T22:28:07,36.78258,-121.98373,8.0,174.7,511.0,MUSCULUS,,,37,,,,,,B
338157903,2022-11-19T16:53:06,36.78392,-121.97339,15.0,326.5,511.0,MUSCULUS,,,37,,,,,,B
338157903,2022-11-19T16:55:06,36.79216,-121.97811,12.3,333.4,511.0,MUSCULUS,,,37,,,,,,B
338157903,2022-11-19T16:57:06,36.79797,-121.98423,16.7,323.3,511.0,MUSCULUS,,,37,,,,,,B
338157903,2022-11-19T16:58:36,36.80327,-121.98889,15.8,324.7,511.0,MUSCULUS,,,37,,,,,,B
338157903,2022-11-19T17:00:06,36.80651,-121.99489,12.0,295.8,511.0,MUSCULUS,,,37,,,,,,B
338157903,2022-11-20T17:57:40,36.81565,-121.97322,19.4,249.2,511.0,MUSCULUS,,,37,,,,,,B
338157903,2022-11-20T17:59:07,36.81334,-121.98216,18.8,253.9,511.0,MUSCULUS,,,37,,,,,,B
338157903,2022-11-20T18:00:07,36.81245,-121.98570,5.5,247.2,511.0,MUSCULUS,,,37,,,,,,B
338157903,2022-11-20T18:01:37,36.81179,-121.98775,3.1,256.0,511.0,MUSCULUS,,,37,,,,,,B
338157903,2022-11-20T18:02:38,36.81150,-121.98860,2.6,241.0,511.0,MUSCULUS,,,37,,,,,,B
338157903,2022-11-20T18:04:08,36.81112,-121.98994,2.7,242.9,511.0,MUSCULUS,,,37,,,,,,B
338157903,2022-11-20T18:05:37,36.81094,-121.99168,4.9,257.1,511.0,MUSCULUS,,,37,,,,,,B
338157903,2022-11-20T18:07:07,36.81186,-121.99294,2.3,344.4,511.0,MUSCULUS,,,37,,,,,,B
338157903,2022-11-20T18:08:08,36.81203,-121.99275,1.0,130.6,511.0,MUSCULUS,,,37,,,,,,B
338157903,2022-11-20T18:09:38,36.81231,-121.99168,2.8,161.2,511.0,MUSCULUS,,,37,,,,,,B
338157903,2022-11-20T18:11:38,36.81216,-121.99245,1.4,305.8,511.0,MUSCULUS,,,37,,,,,,B
338157903,2022-11-20T18:13:08,36.81267,-121.99442,5.9,284.6,511.0,MUSCULUS,,,37,,,,,,B
338157903,2022-12-05T16:19:21,36.79506,-121.95516,10.5,314.7,511.0,MUSCULUS,,,37,,,,,,B
338157903,2022-12-05T16:20:50,36.79858,-121.95962,12.2,348.2,511.0,MUSCULUS,,,37,,,,,,B
338157903,2022-12-05T16:22:21,36.80225,-121.95887,5.3,328.2,511.0,MUSCULUS,,,37,,,,,,B
338157903,2022-12-05T16:23:51,36.80500,-121.96423,14.1,294.5,511.0,MUSCULUS,,,37,,,,,,B
338157903,2022-12-05T16:25:52,36.80537,-121.97289,14.4,283.5,511.0,MUSCULUS,,,37,,,,,,B
338157903,2022-12-05T16:27:24,36.80588,-121.97806,8.2,268.7,511.0,MUSCULUS,,,37,,,,,,B
338157903,2022-12-05T16:28:51,36.80556,-121.98173,7.4,267.9,511.0,MUSCULUS,,,37,,,,,,B
338157903,2022-12-05T16:30:21,36.80493,-121.98539,2.5,270.5,511.0,MUSCULUS,,,37,,,,,,B
338157903,2022-12-05T16:31:22,36.80500,-121.98598,2.5,292.9,511.0,MUSCULUS,,,37,,,,,,B
338157903,2022-12-05T16:32:51,36.80529,-121.98683,2.7,283.4,511.0,MUSCULUS,,,37,,,,,,B
338157903,2022-12-05T16:34:51,36.80510,-121.98741,2.0,149.0,511.0,MUSCULUS,,,37,,,,,,B
338157903,2022-12-05T16:36:21,36.80513,-121.98807,1.5,262.5,511.0,MUSCULUS,,,37,,,,,,B
338157903,2022-12-05T16:37:51,36.80487,-121.98894,7.2,279.9,511.0,MUSCULUS,,,37,,,,,,B
338157903,2022-12-05T16:38:52,36.80442,-121.99116,6.2,243.0,511.0,MUSCULUS,,,37,,,,,,B
338157903,2022-12-05T16:40:21,36.80311,-121.99422,7.1,234.3,511.0,MUSCULUS,,,37,,,,,,B
338157903,2022-12-05T16:41:22,36.80233,-121.99634,6.4,248.2,511.0,MUSCULUS,,,37,,,,,,B
338157903,2022-12-13T18:31:16,36.81509,-121.95870,23.8,270.9,511.0,MUSCULUS,,,37,,,,,,B
338157903,2022-12-13T18:32:47,36.81597,-121.97123,23.8,277.3,511.0,MUSCULUS,,,37,,,,,,B
338157903,2022-12-13T18:34:46,36.81626,-121.98403,3.4,255.6,511.0,MUSCULUS,,,37,,,,,,B
338157903,2022-12-13T18:36:17,36.81543,-121.98495,1.8,281.3,511.0,MUSCULUS,,,37,,,,,,B
338157903,2022-12-13T18:37:49,36.81563,-121.98592,3.1,300.3,511.0,MUSCULUS,,,37,,,,,,B
338157903,2022-12-13T18:39:15,36.81611,-121.98762,3.7,272.1,511.0,MUSCULUS,,,37,,,,,,B
338157903,2022-12-13T18:40:16,36.81620,-121.98862,2.9,275.2,511.0,MUSCULUS,,,37,,,,,,B
338157903,2022-12-21T16:13:35,36.80112,-121.95671,22.5,255.3,511.0,MUSCULUS,,,37,,,,,,B
338157903,2022-12-21T16:14:36,36.79988,-121.96457,23.7,261.8,511.0,MUSCULUS,,,37,,,,,,B
338157903,2022-12-21T16:15:39,36.79905,-121.97215,10.6,254.9,511.0,MUSCULUS,,,37,,,,,,B
338157903,2022-12-21T16:17:07,36.79896,-121.97498,11.9,271.9,511.0,MUSCULUS,,,37,,,,,,B
338157903,2022-12-21T16:18:35,36.79843,-121.98184,14.7,269.7,511.0,MUSCULUS,,,37,,,,,,B
338157903,2022-12-21T16:20:05,36.79846,-121.98975,14.5,270.8,511.0,MUSCULUS,,,37,,,,,,B
338157903,2022-12-21T16:21:07,36.79793,-121.99512,14.5,256.0,511.0,MUSCULUS,,,37,,,,,,B
367529450,2022-08-02T13:14:36,36.81451,-121.95815,9.2,200.3,511.0,KING PHILIP,,WDG3768,30,,24,7,,,B
367529450,2022-08-02T13:16:07,36.81091,-121.95983,9.4,194.5,511.0,KING PHILIP,,WDG3768,30,,24,7,,,B
367529450,2022-08-02T13:17:37,36.80722,-121.96151,9.6,208.5,511.0,KING PHILIP,,WDG3768,30,,24,7,,,B
367529450,2022-08-02T13:19:37,36.80237,-121.96378,9.2,198.7,511.0,KING PHILIP,,WDG3768,30,,24,7,,,B
367529450,2022-08-02T13:21:07,36.79874,-121.96540,9.0,200.9,511.0,KING PHILIP,,WDG3768,30,,24,7,,,B
367529450,2022-08-02T13:23:06,36.79398,-121.96576,8.9,185.4,511.0,KING PHILIP,,WDG3768,30,,24,7,,,B
367529450,2022-08-02T13:24:08,36.79148,-121.96597,9.1,181.6,511.0,KING PHILIP,,WDG3768,30,,24,7,,,B
367529450,2022-08-02T13:25:38,36.78766,-121.96594,9.2,176.9,511.0,KING PHILIP,,WDG3768,30,,24,7,,,B
367529450,2022-08-02T13:27:07,36.78384,-121.96585,9.6,182.2,511.0,KING PHILIP,,WDG3768,30,,24,7,,,B
367529450,2022-08-16T10:14:30,36.78326,-121.99205,9.9,319.6,511.0,KING PHILIP,,WDG3768,30,,24,7,,,B
367529450,2022-08-16T10:16:00,36.78633,-121.99546,10.0,314.6,511.0,KING PHILIP,,WDG3768,30,,24,7,,,B
367529450,2022-10-03T14:23:05,36.81381,-121.99375,9.5,92.8,511.0,KING PHILIP,,WDG3768,30,,24,7,,,B
367529450,2022-10-03T14:24:36,36.81372,-121.98872,9.4,92.3,511.0,KING PHILIP,,WDG3768,30,,24,7,,,B
367529450,2022-10-03T14:26:06,36.81368,-121.98373,9.5,89.7,511.0,KING PHILIP,,WDG3768,30,,24,7,,,B
367529450,2022-10-03T14:27:35,36.81366,-121.97883,9.5,89.9,511.0,KING PHILIP,,WDG3768,30,,24,7,,,B
367529450,2022-10-03T14:29:06,36.81366,-121.97374,9.4,91.1,511.0,KING PHILIP,,WDG3768,30,,24,7,,,B
367529450,2022-10-03T14:30:34,36.81370,-121.96881,9.8,88.7,511.0,KING PHILIP,,WDG3768,30,,24,7,,,B
367529450,2022-10-03T14:31:35,36.81368,-121.96545,9.4,88.8,511.0,KING PHILIP,,WDG3768,30,,24,7,,,B
367529450,2022-10-03T14:33:04,36.81372,-121.96039,9.9,91.7,511.0,KING PHILIP,,WDG3768,30,,24,7,,,B
367529450,2022-10-03T14:34:05,36.81374,-121.95701,9.8,89.7,511.0,KING PHILIP,,WDG3768,30,,24,7,,,B
367529450,2022-10-05T07:50:39,36.80627,-121.99560,8.8,84.5,511.0,KING PHILIP,,WDG3768,30,,24,7,,,B
367529450,2022-10-05T07:52:06,36.80662,-121.99115,9.2,83.6,511.0,KING PHILIP,,WDG3768,30,,24,7,,,B
367529450,2022-10-05T07:53:36,36.80698,-121.98657,9.0,84.0,511.0,KING PHILIP,,WDG3768,30,,24,7,,,B
367529450,2022-10-05T07:54:37,36.80721,-121.98344,8.8,82.9,511.0,KING PHILIP,,WDG3768,30,,24,7,,,B
367529450,2022-10-05T07:55:39,36.80744,-121.98030,8.9,84.5,511.0,KING PHILIP,,WDG3768,30,,24,7,,,B
367529450,2022-10-05T07:57:36,36.80821,-121.97435,8.6,59.0,511.0,KING PHILIP,,WDG3768,30,,24,7,,,B
367529450,2022-10-05T07:59:07,36.80986,-121.97016,8.6,65.0,511.0,KING PHILIP,,WDG3768,30,,24,7,,,B
367529450,2022-10-05T08:00:06,36.81099,-121.96737,8.9,65.1,511.0,KING PHILIP,,WDG3768,30,,24,7,,,B
367529450,2022-10-05T08:01:09,36.81218,-121.96444,9.2,58.3,511.0,KING PHILIP,,WDG3768,30,,24,7,,,B
367529450,2022-10-05T08:02:37,36.81385,-121.96036,9.3,65.3,511.0,KING PHILIP,,WDG3768,30,,24,7,,,B
367529450,2022-10-05T08:04:09,36.81563,-121.95605,8.9,64.3,511.0,KING PHILIP,,WDG3768,30,,24,7,,,B
367529450,2022-10-07T05:21:43,36.80372,-121.99665,8.8,90.4,511.0,KING PHILIP,,WDG3768,30,,24,7,,,B
367529450,2022-10-07T05:22:44,36.80391,-121.99358,8.4,85.8,511.0,KING PHILIP,,WDG3768,30,,24,7,,,B
367529450,2022-10-07T05:23:45,36.80410,-121.99037,8.4,85.9,511.0,KING PHILIP,,WDG3768,30,,24,7,,,B
367529450,2022-10-07T05:25:14,36.80434,-121.98573,9.0,88.7,511.0,KING PHILIP,,WDG3768,30,,24,7,,,B
367529450,2022-10-07T05:26:45,36.80459,-121.98104,9.0,88.1,511.0,KING PHILIP,,WDG3768,30,,24,7,,,B
367529450,2022-10-07T05:28:13,36.80484,-121.97637,9.3,86.6,511.0,KING PHILIP,,WDG3768,30,,24,7,,,B
367529450,2022-10-07T05:29:43,36.80512,-121.97164,8.9,87.5,511.0,KING PHILIP,,WDG3768,30,,24,7,,,B
367529450,2022-10-07T05:31:16,36.80537,-121.96672,9.4,86.9,511.0,KING PHILIP,,WDG3768,30,,24,7,,,B
367529450,2022-10-07T05:32:44,36.80563,-121.96205,9.3,84.4,511.0,KING PHILIP,,WDG3768,30,,24,7,,,B
367529450,2022-10-07T05:34:13,36.80751,-121.95850,8.9,51.0,511.0,KING PHILIP,,WDG3768,30,,24,7,,,B
367529450,2022-10-07T05:35:43,36.80924,-121.95446,9.2,72.5,511.0,KING PHILIP,,WDG3768,30,,24,7,,,B
367688780,2022-06-29T21:17:49,36.81388,-121.98694,8.1,169.4,511.0,IOLANA,,WDI3482,37,,13,,,,B
367688780,2022-06-29T21:19:20,36.81020,-121.98635,8.1,171.3,511.0,IOLANA,,WDI3482,37,,13,,,,B
367688780,2022-06-29T21:20:50,36.80664,-121.98568,8.1,176.1,511.0,IOLANA,,WDI3482,37,,13,,,,B
367688780,2022-06-29T21:21:51,36.80428,-121.98525,8.6,166.9,511.0,IOLANA,,WDI3482,37,,13,,,,B
367688780,2022-06-29T21:23:49,36.79977,-121.98445,8.2,169.1,511.0,IOLANA,,WDI3482,37,,13,,,,B
367688780,2022-06-29T21:24:50,36.79749,-121.98389,7.7,167.5,511.0,IOLANA,,WDI3482,37,,13,,,,B
367688780,2022-06-29T21:26:19,36.79423,-121.98293,8.7,164.2,511.0,IOLANA,,WDI3482,37,,13,,,,B
367688780,2022-06-29T21:27:49,36.79076,-121.98189,8.1,165.3,511.0,IOLANA,,WDI3482,37,,13,,,,B
367688780,2022-06-29T21:30:22,36.78489,-121.98017,10.2,166.7,511.0,IOLANA,,WDI3482,37,,13,,,,B
367688780,2022-06-29T21:31:51,36.78138,-121.97924,8.8,170.7,511.0,IOLANA,,WDI3482,37,,13,,,,B
