MMSI,BaseDateTime,LAT,LON,SOG,COG,Heading,VesselName,IMO,CallSign,VesselType,Status,Length,Width,Draft,Cargo,TransceiverClass
368139440,2023-05-19T21:13:50,28.18405,-94.28073,9.3,215.8,511.0,VALKYRIE,,WDL5262,60,0,33,8,2.5,69,A
368139440,2023-05-19T21:21:31,28.16877,-94.29286,7.1,223.3,511.0,VALKYRIE,,WDL5262,60,0,33,8,2.5,69,A
368139440,2023-05-19T21:25:21,28.16600,-94.29589,0.3,313.9,511.0,VALKYRIE,,WDL5262,60,0,33,8,2.5,69,A
368139440,2023-05-19T21:27:12,28.16578,-94.29595,0.0,360.0,511.0,VALKYRIE,,WDL5262,60,0,33,8,2.5,69,A
368139440,2023-05-19T21:28:50,28.16589,-94.29590,0.3,17.9,511.0,VALKYRIE,,WDL5262,60,0,33,8,2.5,69,A
368139440,2023-05-19T21:42:31,28.16025,-94.30485,9.2,227.0,511.0,VALKYRIE,,WDL5262,60,0,33,8,2.5,69,A
368139440,2023-05-19T21:44:10,28.15754,-94.30848,9.1,227.9,511.0,VALKYRIE,,WDL5262,60,0,33,8,2.5,69,A
368139440,2023-05-19T21:46:41,28.15269,-94.31327,9.1,220.4,511.0,VALKYRIE,,WDL5262,60,0,33,8,2.5,69,A
367439580,2023-10-21T16:20:15,28.17982,-94.30283,16.7,135.0,511.0,BLUE FIN,,WDF3411,60,5,13,4,,60,A
367439580,2023-10-21T16:21:35,28.17567,-94.29826,15.2,98.3,511.0,BLUE FIN,,WDF3411,60,5,13,4,,60,A
367439580,2023-10-21T16:22:45,28.17213,-94.29516,16.4,199.6,511.0,BLUE FIN,,WDF3411,60,5,13,4,,60,A
367439580,2023-10-21T16:24:14,28.16592,-94.29530,11.8,170.2,511.0,BLUE FIN,,WDF3411,60,5,13,4,,60,A
367439580,2023-10-21T16:25:25,28.16339,-94.29660,9.7,286.6,511.0,BLUE FIN,,WDF3411,60,5,13,4,,60,A
367439580,2023-10-21T16:26:55,28.16703,-94.29864,11.0,1.7,511.0,BLUE FIN,,WDF3411,60,5,13,4,,60,A
367439580,2023-10-21T16:28:05,28.16689,-94.30066,9.6,171.1,511.0,BLUE FIN,,WDF3411,60,5,13,4,,60,A
368926309,2023-08-18T15:58:14,28.15347,-94.27817,14.8,296.5,511.0,R/V MANTA,,WZ 2603,0,0,30,12,1.5,0,A
368926309,2023-08-18T15:59:26,28.15626,-94.28287,15.3,295.1,511.0,R/V MANTA,,WZ 2603,0,0,30,12,1.5,0,A
368926309,2023-08-18T16:01:07,28.16014,-94.28942,15.1,295.9,511.0,R/V MANTA,,WZ 2603,0,0,30,12,1.5,0,A
368926309,2023-08-18T16:02:14,28.16289,-94.29378,14.9,311.2,511.0,R/V MANTA,,WZ 2603,0,0,30,12,1.5,0,A
368926309,2023-08-18T16:07:43,28.16512,-94.29506,1.3,108.6,511.0,R/V MANTA,,WZ 2603,0,0,30,12,1.5,0,A
368926309,2023-08-18T16:08:53,28.16486,-94.29475,3.6,206.2,511.0,R/V MANTA,,WZ 2603,0,0,30,12,1.5,0,A
368926309,2023-08-18T16:12:53,28.16587,-94.29680,1.3,106.7,511.0,R/V MANTA,,WZ 2603,0,0,30,12,1.5,0,A
368926309,2023-08-18T16:37:54,28.16573,-94.29568,0.7,106.4,511.0,R/V MANTA,,WZ 2603,0,0,30,12,1.5,0,A
368926309,2023-08-18T16:48:53,28.16576,-94.29561,1.6,94.4,511.0,R/V MANTA,,WZ 2603,0,0,30,12,1.5,0,A
368926309,2023-08-18T17:59:44,28.16544,-94.29445,3.3,273.9,511.0,R/V MANTA,,WZ 2603,0,0,30,12,1.5,0,A
368926309,2023-08-18T18:38:24,28.16607,-94.29636,0.4,126.4,511.0,R/V MANTA,,WZ 2603,0,0,30,12,1.5,0,A
368926309,2023-06-09T11:41:25,28.15971,-94.27788,11.6,297.3,511.0,R/V MANTA,,WZ 2603,0,0,30,12,1.5,0,A
368926309,2023-06-09T11:42:35,28.16109,-94.28182,11.8,295.0,511.0,R/V MANTA,,WZ 2603,0,0,30,12,1.5,0,A
368926309,2023-06-09T11:43:45,28.16239,-94.28581,11.3,279.4,511.0,R/V MANTA,,WZ 2603,0,0,30,12,1.5,0,A
368926309,2023-06-09T11:45:05,28.16347,-94.29051,11.8,288.6,511.0,R/V MANTA,,WZ 2603,0,0,30,12,1.5,0,A
368926309,2023-06-09T11:46:25,28.16463,-94.29498,9.7,293.9,511.0,R/V MANTA,,WZ 2603,0,0,30,12,1.5,0,A
368926309,2023-06-09T11:47:56,28.16594,-94.29815,5.5,235.8,511.0,R/V MANTA,,WZ 2603,0,0,30,12,1.5,0,A
368926309,2023-06-09T11:49:56,28.16480,-94.29838,0.4,291.4,511.0,R/V MANTA,,WZ 2603,0,0,30,12,1.5,0,A
368926309,2023-06-09T11:51:06,28.16494,-94.29835,0.7,21.7,511.0,R/V MANTA,,WZ 2603,0,0,30,12,1.5,0,A
368926309,2023-06-09T11:52:55,28.16522,-94.29797,1.0,61.2,511.0,R/V MANTA,,WZ 2603,0,0,30,12,1.5,0,A
368926309,2023-06-09T11:54:16,28.16538,-94.29764,1.2,65.0,511.0,R/V MANTA,,WZ 2603,0,0,30,12,1.5,0,A
368926309,2023-06-09T11:55:26,28.16549,-94.29731,0.8,69.1,511.0,R/V MANTA,,WZ 2603,0,0,30,12,1.5,0,A
368926309,2023-06-09T11:56:46,28.16560,-94.29694,0.9,70.1,511.0,R/V MANTA,,WZ 2603,0,0,30,12,1.5,0,A
368926309,2023-06-09T11:58:05,28.16570,-94.29659,0.6,73.6,511.0,R/V MANTA,,WZ 2603,0,0,30,12,1.5,0,A
368926309,2023-06-09T11:59:15,28.16578,-94.29626,0.6,70.0,511.0,R/V MANTA,,WZ 2603,0,0,30,12,1.5,0,A
368926309,2023-06-09T12:00:15,28.16585,-94.29599,1.1,74.8,511.0,R/V MANTA,,WZ 2603,0,0,30,12,1.5,0,A
368926309,2023-06-09T12:01:26,28.16594,-94.29566,1.0,72.2,511.0,R/V MANTA,,WZ 2603,0,0,30,12,1.5,0,A
368926309,2023-06-09T12:03:06,28.16606,-94.29520,0.8,69.6,511.0,R/V MANTA,,WZ 2603,0,0,30,12,1.5,0,A
368926309,2023-06-09T12:04:15,28.16616,-94.29490,0.6,67.6,511.0,R/V MANTA,,WZ 2603,0,0,30,12,1.5,0,A
368926309,2023-06-09T12:05:25,28.16627,-94.29460,0.8,71.0,511.0,R/V MANTA,,WZ 2603,0,0,30,12,1.5,0,A
368926309,2023-06-09T12:06:36,28.16636,-94.29429,0.6,72.7,511.0,R/V MANTA,,WZ 2603,0,0,30,12,1.5,0,A
368926309,2023-06-09T12:07:45,28.16646,-94.29398,1.1,49.1,511.0,R/V MANTA,,WZ 2603,0,0,30,12,1.5,0,A
368926309,2023-06-09T12:09:15,28.16714,-94.29643,6.8,260.2,511.0,R/V MANTA,,WZ 2603,0,0,30,12,1.5,0,A
368926309,2023-06-09T12:10:26,28.16626,-94.29797,2.0,114.8,511.0,R/V MANTA,,WZ 2603,0,0,30,12,1.5,0,A
368926309,2023-06-09T12:11:45,28.16577,-94.29783,0.9,130.9,511.0,R/V MANTA,,WZ 2603,0,0,30,12,1.5,0,A
368926309,2023-06-09T12:12:46,28.16572,-94.29777,0.6,73.4,511.0,R/V MANTA,,WZ 2603,0,0,30,12,1.5,0,A
368926309,2023-06-09T12:14:16,28.16571,-94.29793,2.5,71.3,511.0,R/V MANTA,,WZ 2603,0,0,30,12,1.5,0,A
368926309,2023-06-09T12:15:26,28.16580,-94.29792,0.8,257.6,511.0,R/V MANTA,,WZ 2603,0,0,30,12,1.5,0,A
368926309,2023-06-09T12:16:46,28.16582,-94.29799,0.5,258.0,511.0,R/V MANTA,,WZ 2603,0,0,30,12,1.5,0,A
368926309,2023-06-09T12:17:55,28.16579,-94.29796,1.2,120.8,511.0,R/V MANTA,,WZ 2603,0,0,30,12,1.5,0,A
368926309,2023-06-09T12:19:05,28.16590,-94.29766,0.8,54.9,511.0,R/V MANTA,,WZ 2603,0,0,30,12,1.5,0,A
368926309,2023-06-09T12:20:06,28.16597,-94.29774,0.6,272.4,511.0,R/V MANTA,,WZ 2603,0,0,30,12,1.5,0,A
368926309,2023-06-09T12:21:16,28.16593,-94.29791,0.1,265.8,511.0,R/V MANTA,,WZ 2603,0,0,30,12,1.5,0,A
368926309,2023-06-09T12:22:46,28.16603,-94.29775,0.5,26.6,511.0,R/V MANTA,,WZ 2603,0,0,30,12,1.5,0,A
368926309,2023-06-09T12:24:05,28.16609,-94.29773,0.6,61.9,511.0,R/V MANTA,,WZ 2603,0,0,30,12,1.5,0,A
368926309,2023-06-09T12:25:16,28.16612,-94.29779,0.4,258.3,511.0,R/V MANTA,,WZ 2603,0,0,30,12,1.5,0,A
368926309,2023-06-09T12:26:46,28.16612,-94.29776,0.6,69.8,511.0,R/V MANTA,,WZ 2603,0,0,30,12,1.5,0,A
368926309,2023-06-09T12:27:55,28.16612,-94.29775,0.3,173.5,511.0,R/V MANTA,,WZ 2603,0,0,30,12,1.5,0,A
368926309,2023-06-09T12:29:25,28.16610,-94.29782,0.5,249.8,511.0,R/V MANTA,,WZ 2603,0,0,30,12,1.5,0,A
368926309,2023-06-09T12:30:46,28.16612,-94.29764,0.3,86.8,511.0,R/V MANTA,,WZ 2603,0,0,30,12,1.5,0,A
368926309,2023-06-09T12:31:55,28.16614,-94.29756,0.1,80.3,511.0,R/V MANTA,,WZ 2603,0,0,30,12,1.5,0,A
368926309,2023-06-09T12:32:56,28.16614,-94.29754,0.1,92.3,511.0,R/V MANTA,,WZ 2603,0,0,30,12,1.5,0,A
368926309,2023-06-09T12:34:25,28.16612,-94.29757,0.2,249.2,511.0,R/V MANTA,,WZ 2603,0,0,30,12,1.5,0,A
368926309,2023-06-09T12:35:46,28.16611,-94.29751,0.3,96.9,511.0,R/V MANTA,,WZ 2603,0,0,30,12,1.5,0,A
368926309,2023-06-09T12:36:56,28.16604,-94.29765,0.1,234.6,511.0,R/V MANTA,,WZ 2603,0,0,30,12,1.5,0,A
368926309,2023-06-09T12:38:56,28.16603,-94.29753,0.4,134.2,511.0,R/V MANTA,,WZ 2603,0,0,30,12,1.5,0,A
368926309,2023-06-09T12:40:06,28.16602,-94.29745,0.4,99.6,511.0,R/V MANTA,,WZ 2603,0,0,30,12,1.5,0,A
368926309,2023-06-09T13:04:16,28.16592,-94.29755,1.2,71.3,511.0,R/V MANTA,,WZ 2603,0,0,30,12,1.5,0,A
368926309,2023-06-09T13:05:36,28.16606,-94.29728,0.1,31.5,511.0,R/V MANTA,,WZ 2603,0,0,30,12,1.5,0,A
368926309,2023-06-09T13:06:46,28.16600,-94.29733,0.2,209.8,511.0,R/V MANTA,,WZ 2603,0,0,30,12,1.5,0,A
368926309,2023-06-09T13:07:55,28.16604,-94.29699,1.6,80.2,511.0,R/V MANTA,,WZ 2603,0,0,30,12,1.5,0,A
368926309,2023-06-09T13:09:06,28.16615,-94.29647,1.3,72.5,511.0,R/V MANTA,,WZ 2603,0,0,30,12,1.5,0,A
368926309,2023-06-09T13:10:55,28.16634,-94.29584,1.2,72.3,511.0,R/V MANTA,,WZ 2603,0,0,30,12,1.5,0,A
368926309,2023-06-09T13:12:35,28.16617,-94.29584,3.9,244.7,511.0,R/V MANTA,,WZ 2603,0,0,30,12,1.5,0,A
368926309,2023-06-09T13:13:46,28.16613,-94.29684,2.0,268.0,511.0,R/V MANTA,,WZ 2603,0,0,30,12,1.5,0,A
368926309,2023-06-09T13:14:56,28.16609,-94.29718,0.8,280.4,511.0,R/V MANTA,,WZ 2603,0,0,30,12,1.5,0,A
368926309,2023-06-09T13:16:05,28.16618,-94.29657,0.8,73.0,511.0,R/V MANTA,,WZ 2603,0,0,30,12,1.5,0,A
368926309,2023-06-09T13:17:46,28.16625,-94.29655,0.1,313.9,511.0,R/V MANTA,,WZ 2603,0,0,30,12,1.5,0,A
368926309,2023-06-09T13:18:56,28.16620,-94.29664,0.1,228.9,511.0,R/V MANTA,,WZ 2603,0,0,30,12,1.5,0,A
368926309,2023-06-09T13:20:35,28.16621,-94.29654,0.2,69.7,511.0,R/V MANTA,,WZ 2603,0,0,30,12,1.5,0,A
368926309,2023-06-09T13:22:45,28.16623,-94.29636,0.2,89.8,511.0,R/V MANTA,,WZ 2603,0,0,30,12,1.5,0,A
368926309,2023-06-09T13:24:35,28.16609,-94.29674,0.6,247.0,511.0,R/V MANTA,,WZ 2603,0,0,30,12,1.5,0,A
368926309,2023-06-09T13:29:16,28.16618,-94.29656,0.4,46.4,511.0,R/V MANTA,,WZ 2603,0,0,30,12,1.5,0,A
368926309,2023-06-09T13:30:25,28.16615,-94.29664,0.8,256.9,511.0,R/V MANTA,,WZ 2603,0,0,30,12,1.5,0,A
368926309,2023-06-09T13:32:35,28.16612,-94.29681,0.3,260.0,511.0,R/V MANTA,,WZ 2603,0,0,30,12,1.5,0,A
368926309,2023-06-09T13:34:06,28.16612,-94.29664,0.3,77.8,511.0,R/V MANTA,,WZ 2603,0,0,30,12,1.5,0,A
368926309,2023-06-09T13:35:25,28.16616,-94.29660,0.2,74.2,511.0,R/V MANTA,,WZ 2603,0,0,30,12,1.5,0,A
368926309,2023-06-09T13:38:25,28.16615,-94.29674,0.1,98.5,511.0,R/V MANTA,,WZ 2603,0,0,30,12,1.5,0,A
368926309,2023-06-09T13:40:15,28.16617,-94.29670,0.4,88.0,511.0,R/V MANTA,,WZ 2603,0,0,30,12,1.5,0,A
368926309,2023-06-09T13:41:26,28.16618,-94.29670,0.3,17.2,511.0,R/V MANTA,,WZ 2603,0,0,30,12,1.5,0,A
368926309,2023-06-09T13:43:15,28.16620,-94.29656,0.6,141.8,511.0,R/V MANTA,,WZ 2603,0,0,30,12,1.5,0,A
368926309,2023-06-09T13:44:45,28.16611,-94.29689,0.3,253.4,511.0,R/V MANTA,,WZ 2603,0,0,30,12,1.5,0,A
368926309,2023-06-09T13:45:56,28.16614,-94.29677,0.5,79.4,511.0,R/V MANTA,,WZ 2603,0,0,30,12,1.5,0,A
368926309,2023-06-09T13:47:06,28.16618,-94.29655,0.7,74.7,511.0,R/V MANTA,,WZ 2603,0,0,30,12,1.5,0,A
368926309,2023-06-09T13:49:16,28.16607,-94.29707,0.5,250.8,511.0,R/V MANTA,,WZ 2603,0,0,30,12,1.5,0,A
368926309,2023-06-09T13:50:25,28.16614,-94.29672,1.1,25.8,511.0,R/V MANTA,,WZ 2603,0,0,30,12,1.5,0,A
368926309,2023-06-09T13:53:26,28.16672,-94.29598,1.6,95.0,511.0,R/V MANTA,,WZ 2603,0,0,30,12,1.5,0,A
368926309,2023-06-09T13:54:35,28.16673,-94.29580,1.8,94.7,511.0,R/V MANTA,,WZ 2603,0,0,30,12,1.5,0,A
368926309,2023-06-09T13:58:55,28.16676,-94.29477,0.4,79.7,511.0,R/V MANTA,,WZ 2603,0,0,30,12,1.5,0,A
368926309,2023-06-09T14:00:16,28.16685,-94.29551,4.1,261.8,511.0,R/V MANTA,,WZ 2603,0,0,30,12,1.5,0,A
368926309,2023-06-09T14:02:05,28.16683,-94.29574,0.5,71.0,511.0,R/V MANTA,,WZ 2603,0,0,30,12,1.5,0,A
368926309,2023-06-09T14:03:25,28.16689,-94.29555,0.4,46.1,511.0,R/V MANTA,,WZ 2603,0,0,30,12,1.5,0,A
368926309,2023-06-09T14:04:46,28.16695,-94.29536,0.7,71.9,511.0,R/V MANTA,,WZ 2603,0,0,30,12,1.5,0,A
368926309,2023-06-09T14:05:55,28.16700,-94.29530,0.3,57.3,511.0,R/V MANTA,,WZ 2603,0,0,30,12,1.5,0,A
368926309,2023-06-09T14:07:06,28.16704,-94.29526,0.1,322.2,511.0,R/V MANTA,,WZ 2603,0,0,30,12,1.5,0,A
368926309,2023-06-09T14:08:36,28.16703,-94.29529,0.3,256.1,511.0,R/V MANTA,,WZ 2603,0,0,30,12,1.5,0,A
368926309,2023-06-09T14:09:55,28.16703,-94.29533,0.8,240.5,511.0,R/V MANTA,,WZ 2603,0,0,30,12,1.5,0,A
368926309,2023-06-09T14:11:36,28.16695,-94.29543,0.8,96.9,511.0,R/V MANTA,,WZ 2603,0,0,30,12,1.5,0,A
368926309,2023-06-09T14:12:55,28.16693,-94.29546,0.2,103.7,511.0,R/V MANTA,,WZ 2603,0,0,30,12,1.5,0,A
368926309,2023-06-09T14:14:36,28.16694,-94.29529,0.3,54.2,511.0,R/V MANTA,,WZ 2603,0,0,30,12,1.5,0,A
368926309,2023-06-09T14:15:55,28.16696,-94.29522,0.5,72.5,511.0,R/V MANTA,,WZ 2603,0,0,30,12,1.5,0,A
368926309,2023-06-09T14:17:55,28.16700,-94.29513,0.1,230.2,511.0,R/V MANTA,,WZ 2603,0,0,30,12,1.5,0,A
368926309,2023-06-09T14:19:36,28.16698,-94.29526,0.2,234.8,511.0,R/V MANTA,,WZ 2603,0,0,30,12,1.5,0,A
368926309,2023-06-09T14:20:55,28.16697,-94.29515,0.1,145.2,511.0,R/V MANTA,,WZ 2603,0,0,30,12,1.5,0,A
368926309,2023-06-09T14:22:06,28.16692,-94.29537,0.5,247.5,511.0,R/V MANTA,,WZ 2603,0,0,30,12,1.5,0,A
368926309,2023-06-09T14:23:35,28.16688,-94.29535,0.3,202.1,511.0,R/V MANTA,,WZ 2603,0,0,30,12,1.5,0,A
368926309,2023-06-09T14:25:15,28.16687,-94.29518,0.1,79.6,511.0,R/V MANTA,,WZ 2603,0,0,30,12,1.5,0,A
368926309,2023-06-09T14:27:56,28.16689,-94.29521,0.3,93.5,511.0,R/V MANTA,,WZ 2603,0,0,30,12,1.5,0,A
368926309,2023-06-09T14:29:35,28.16688,-94.29532,0.4,230.3,511.0,R/V MANTA,,WZ 2603,0,0,30,12,1.5,0,A
368926309,2023-06-09T14:30:46,28.16684,-94.29549,0.9,245.5,511.0,R/V MANTA,,WZ 2603,0,0,30,12,1.5,0,A
368926309,2023-06-09T14:32:25,28.16679,-94.29541,0.4,97.2,511.0,R/V MANTA,,WZ 2603,0,0,30,12,1.5,0,A
368926309,2023-06-09T14:33:35,28.16679,-94.29545,0.5,294.1,511.0,R/V MANTA,,WZ 2603,0,0,30,12,1.5,0,A
368926309,2023-06-09T14:34:55,28.16677,-94.29565,0.7,197.4,511.0,R/V MANTA,,WZ 2603,0,0,30,12,1.5,0,A
368926309,2023-06-09T14:36:05,28.16677,-94.29562,0.7,30.6,511.0,R/V MANTA,,WZ 2603,0,0,30,12,1.5,0,A
368926309,2023-06-09T14:37:16,28.16593,-94.29574,2.0,168.4,511.0,R/V MANTA,,WZ 2603,0,0,30,12,1.5,0,A
368926309,2023-06-09T14:38:25,28.16603,-94.29597,0.6,52.9,511.0,R/V MANTA,,WZ 2603,0,0,30,12,1.5,0,A
368926309,2023-06-09T14:40:05,28.16588,-94.29591,1.0,92.2,511.0,R/V MANTA,,WZ 2603,0,0,30,12,1.5,0,A
368926309,2023-06-09T14:41:16,28.16587,-94.29566,0.6,89.4,511.0,R/V MANTA,,WZ 2603,0,0,30,12,1.5,0,A
368926309,2023-06-09T14:43:06,28.16601,-94.29551,0.1,75.2,511.0,R/V MANTA,,WZ 2603,0,0,30,12,1.5,0,A
368926309,2023-06-09T14:44:16,28.16610,-94.29560,0.6,301.7,511.0,R/V MANTA,,WZ 2603,0,0,30,12,1.5,0,A
368926309,2023-06-09T14:45:26,28.16611,-94.29563,0.5,133.3,511.0,R/V MANTA,,WZ 2603,0,0,30,12,1.5,0,A
368926309,2023-06-09T14:48:06,28.16608,-94.29573,0.3,97.6,511.0,R/V MANTA,,WZ 2603,0,0,30,12,1.5,0,A
368926309,2023-06-09T14:50:06,28.16610,-94.29574,0.4,300.9,511.0,R/V MANTA,,WZ 2603,0,0,30,12,1.5,0,A
368926309,2023-06-09T14:51:26,28.16609,-94.29534,0.5,83.9,511.0,R/V MANTA,,WZ 2603,0,0,30,12,1.5,0,A
368926309,2023-06-09T14:52:55,28.16611,-94.29524,0.6,341.8,511.0,R/V MANTA,,WZ 2603,0,0,30,12,1.5,0,A
368926309,2023-06-09T14:55:36,28.16616,-94.29529,0.3,291.4,511.0,R/V MANTA,,WZ 2603,0,0,30,12,1.5,0,A
368926309,2023-06-09T14:56:45,28.16617,-94.29533,0.4,270.1,511.0,R/V MANTA,,WZ 2603,0,0,30,12,1.5,0,A
368926309,2023-06-09T14:58:26,28.16615,-94.29546,0.4,266.5,511.0,R/V MANTA,,WZ 2603,0,0,30,12,1.5,0,A
368926309,2023-06-09T15:04:46,28.16614,-94.29534,0.9,95.6,511.0,R/V MANTA,,WZ 2603,0,0,30,12,1.5,0,A
368926309,2023-06-09T15:07:35,28.16621,-94.29540,0.3,277.2,511.0,R/V MANTA,,WZ 2603,0,0,30,12,1.5,0,A
368926309,2023-06-09T15:09:45,28.16617,-94.29535,0.3,104.1,511.0,R/V MANTA,,WZ 2603,0,0,30,12,1.5,0,A
368926309,2023-06-09T15:11:26,28.16587,-94.29520,0.7,254.1,511.0,R/V MANTA,,WZ 2603,0,0,30,12,1.5,0,A
368926309,2023-06-09T15:12:35,28.16584,-94.29524,0.4,284.4,511.0,R/V MANTA,,WZ 2603,0,0,30,12,1.5,0,A
368926309,2023-06-09T15:13:46,28.16584,-94.29514,0.1,17.3,511.0,R/V MANTA,,WZ 2603,0,0,30,12,1.5,0,A
368926309,2023-06-09T15:15:06,28.16597,-94.29536,1.2,299.0,511.0,R/V MANTA,,WZ 2603,0,0,30,12,1.5,0,A
368926309,2023-06-09T15:16:16,28.16598,-94.29532,0.5,93.3,511.0,R/V MANTA,,WZ 2603,0,0,30,12,1.5,0,A
368926309,2023-06-09T15:17:46,28.16598,-94.29510,0.5,85.4,511.0,R/V MANTA,,WZ 2603,0,0,30,12,1.5,0,A
368926309,2023-06-09T15:18:56,28.16601,-94.29503,0.2,40.7,511.0,R/V MANTA,,WZ 2603,0,0,30,12,1.5,0,A
368926309,2023-06-09T15:20:16,28.16605,-94.29518,0.3,281.8,511.0,R/V MANTA,,WZ 2603,0,0,30,12,1.5,0,A
368926309,2023-06-09T15:21:36,28.16604,-94.29520,0.4,180.1,511.0,R/V MANTA,,WZ 2603,0,0,30,12,1.5,0,A
368926309,2023-06-09T15:22:56,28.16608,-94.29530,0.6,287.8,511.0,R/V MANTA,,WZ 2603,0,0,30,12,1.5,0,A
368926309,2023-06-09T15:24:04,28.16608,-94.29537,0.8,165.4,511.0,R/V MANTA,,WZ 2603,0,0,30,12,1.5,0,A
368926309,2023-06-09T15:25:05,28.16605,-94.29525,0.3,98.7,511.0,R/V MANTA,,WZ 2603,0,0,30,12,1.5,0,A
368926309,2023-06-09T15:26:26,28.16605,-94.29520,0.2,323.7,511.0,R/V MANTA,,WZ 2603,0,0,30,12,1.5,0,A
368926309,2023-06-09T15:27:45,28.16605,-94.29513,0.3,36.5,511.0,R/V MANTA,,WZ 2603,0,0,30,12,1.5,0,A
368926309,2023-06-09T15:28:56,28.16605,-94.29525,0.2,268.7,511.0,R/V MANTA,,WZ 2603,0,0,30,12,1.5,0,A
368926309,2023-06-09T15:30:05,28.16606,-94.29530,0.1,275.1,511.0,R/V MANTA,,WZ 2603,0,0,30,12,1.5,0,A
368926309,2023-06-09T15:31:15,28.16604,-94.29521,0.2,100.4,511.0,R/V MANTA,,WZ 2603,0,0,30,12,1.5,0,A
368926309,2023-06-09T15:32:26,28.16602,-94.29537,0.4,212.5,511.0,R/V MANTA,,WZ 2603,0,0,30,12,1.5,0,A
368926309,2023-06-09T15:33:35,28.16602,-94.29544,0.8,277.2,511.0,R/V MANTA,,WZ 2603,0,0,30,12,1.5,0,A
368926309,2023-06-09T15:34:45,28.16601,-94.29550,0.1,256.4,511.0,R/V MANTA,,WZ 2603,0,0,30,12,1.5,0,A
368926309,2023-06-09T15:35:56,28.16598,-94.29543,0.4,114.7,511.0,R/V MANTA,,WZ 2603,0,0,30,12,1.5,0,A
368926309,2023-06-09T15:37:06,28.16600,-94.29539,0.4,353.5,511.0,R/V MANTA,,WZ 2603,0,0,30,12,1.5,0,A
368926309,2023-06-09T15:38:16,28.16603,-94.29555,0.8,275.4,511.0,R/V MANTA,,WZ 2603,0,0,30,12,1.5,0,A
368926309,2023-06-09T15:39:25,28.16593,-94.29540,1.2,111.0,511.0,R/V MANTA,,WZ 2603,0,0,30,12,1.5,0,A
368926309,2023-06-09T15:40:45,28.16578,-94.29499,1.1,111.6,511.0,R/V MANTA,,WZ 2603,0,0,30,12,1.5,0,A
368926309,2023-06-09T15:41:56,28.16566,-94.29464,1.0,115.5,511.0,R/V MANTA,,WZ 2603,0,0,30,12,1.5,0,A
368926309,2023-06-09T15:43:06,28.16553,-94.29433,1.2,114.8,511.0,R/V MANTA,,WZ 2603,0,0,30,12,1.5,0,A
368926309,2023-06-09T15:44:15,28.16538,-94.29405,1.1,119.8,511.0,R/V MANTA,,WZ 2603,0,0,30,12,1.5,0,A
368926309,2023-06-09T15:45:25,28.16525,-94.29378,0.5,122.6,511.0,R/V MANTA,,WZ 2603,0,0,30,12,1.5,0,A
368926309,2023-06-09T15:46:35,28.16546,-94.29386,3.7,309.6,511.0,R/V MANTA,,WZ 2603,0,0,30,12,1.5,0,A
368926309,2023-06-09T15:47:56,28.16632,-94.29520,0.7,297.2,511.0,R/V MANTA,,WZ 2603,0,0,30,12,1.5,0,A
368926309,2023-06-09T15:49:05,28.16640,-94.29543,0.5,278.0,511.0,R/V MANTA,,WZ 2603,0,0,30,12,1.5,0,A
368926309,2023-06-09T15:50:16,28.16638,-94.29534,0.4,46.7,511.0,R/V MANTA,,WZ 2603,0,0,30,12,1.5,0,A
368926309,2023-06-09T15:51:26,28.16638,-94.29534,1.3,121.9,511.0,R/V MANTA,,WZ 2603,0,0,30,12,1.5,0,A
368926309,2023-06-09T15:52:36,28.16639,-94.29521,0.2,68.2,511.0,R/V MANTA,,WZ 2603,0,0,30,12,1.5,0,A
368926309,2023-06-09T15:53:56,28.16632,-94.29497,0.5,60.8,511.0,R/V MANTA,,WZ 2603,0,0,30,12,1.5,0,A
368926309,2023-06-09T15:55:16,28.16622,-94.29472,0.2,104.9,511.0,R/V MANTA,,WZ 2603,0,0,30,12,1.5,0,A
368926309,2023-06-09T15:56:26,28.16633,-94.29481,0.5,336.8,511.0,R/V MANTA,,WZ 2603,0,0,30,12,1.5,0,A
368926309,2023-06-09T15:57:36,28.16632,-94.29470,0.3,14.4,511.0,R/V MANTA,,WZ 2603,0,0,30,12,1.5,0,A
368926309,2023-06-09T15:58:46,28.16638,-94.29475,0.4,49.4,511.0,R/V MANTA,,WZ 2603,0,0,30,12,1.5,0,A
368926309,2023-06-09T15:59:56,28.16633,-94.29446,0.4,94.0,511.0,R/V MANTA,,WZ 2603,0,0,30,12,1.5,0,A
368926309,2023-06-09T16:00:26,28.16636,-94.29445,0.6,1.1,511.0,R/V MANTA,,WZ 2603,0,0,30,12,1.5,0,A
368926309,2023-06-09T16:01:36,28.16647,-94.29469,0.3,296.3,511.0,R/V MANTA,,WZ 2603,0,0,30,12,1.5,0,A
368926309,2023-06-09T16:02:46,28.16650,-94.29472,0.2,298.7,511.0,R/V MANTA,,WZ 2603,0,0,30,12,1.5,0,A
368926309,2023-06-09T16:03:56,28.16649,-94.29467,0.4,69.9,511.0,R/V MANTA,,WZ 2603,0,0,30,12,1.5,0,A
368926309,2023-06-09T16:05:16,28.16649,-94.29455,0.8,90.6,511.0,R/V MANTA,,WZ 2603,0,0,30,12,1.5,0,A
368926309,2023-06-09T16:06:45,28.16637,-94.29405,0.4,102.2,511.0,R/V MANTA,,WZ 2603,0,0,30,12,1.5,0,A
368926309,2023-06-09T16:07:55,28.16646,-94.29446,1.5,283.9,511.0,R/V MANTA,,WZ 2603,0,0,30,12,1.5,0,A
368926309,2023-06-09T16:09:26,28.16657,-94.29512,1.2,275.2,511.0,R/V MANTA,,WZ 2603,0,0,30,12,1.5,0,A
368926309,2023-06-09T16:10:45,28.16654,-94.29514,0.8,116.4,511.0,R/V MANTA,,WZ 2603,0,0,30,12,1.5,0,A
368926309,2023-06-09T16:11:55,28.16647,-94.29487,0.4,46.2,511.0,R/V MANTA,,WZ 2603,0,0,30,12,1.5,0,A
368926309,2023-06-09T16:13:56,28.16657,-94.29527,0.9,271.0,511.0,R/V MANTA,,WZ 2603,0,0,30,12,1.5,0,A
368926309,2023-06-09T16:15:05,28.16654,-94.29525,0.1,129.6,511.0,R/V MANTA,,WZ 2603,0,0,30,12,1.5,0,A
368926309,2023-06-09T16:16:15,28.16644,-94.29496,4.0,126.6,511.0,R/V MANTA,,WZ 2603,0,0,30,12,1.5,0,A
368926309,2023-06-09T16:17:25,28.16628,-94.29495,0.4,227.6,511.0,R/V MANTA,,WZ 2603,0,0,30,12,1.5,0,A
368926309,2023-06-09T16:18:35,28.16625,-94.29487,0.1,240.5,511.0,R/V MANTA,,WZ 2603,0,0,30,12,1.5,0,A
368926309,2023-06-09T16:19:46,28.16622,-94.29476,0.1,103.9,511.0,R/V MANTA,,WZ 2603,0,0,30,12,1.5,0,A
368926309,2023-06-09T16:21:06,28.16621,-94.29466,0.2,79.0,511.0,R/V MANTA,,WZ 2603,0,0,30,12,1.5,0,A
368926309,2023-06-09T16:22:15,28.16633,-94.29482,0.8,296.7,511.0,R/V MANTA,,WZ 2603,0,0,30,12,1.5,0,A
368926309,2023-06-09T16:23:35,28.16631,-94.29468,1.0,103.7,511.0,R/V MANTA,,WZ 2603,0,0,30,12,1.5,0,A
368926309,2023-06-09T16:25:05,28.16631,-94.29461,0.3,331.7,511.0,R/V MANTA,,WZ 2603,0,0,30,12,1.5,0,A
368926309,2023-06-09T16:26:16,28.16633,-94.29466,1.5,290.4,511.0,R/V MANTA,,WZ 2603,0,0,30,12,1.5,0,A
368926309,2023-06-09T16:27:36,28.16637,-94.29486,0.5,279.7,511.0,R/V MANTA,,WZ 2603,0,0,30,12,1.5,0,A
368926309,2023-06-09T16:28:45,28.16633,-94.29476,0.5,107.6,511.0,R/V MANTA,,WZ 2603,0,0,30,12,1.5,0,A
368926309,2023-06-09T16:30:06,28.16630,-94.29457,0.8,103.9,511.0,R/V MANTA,,WZ 2603,0,0,30,12,1.5,0,A
368926309,2023-06-09T16:31:45,28.16624,-94.29435,0.8,27.8,511.0,R/V MANTA,,WZ 2603,0,0,30,12,1.5,0,A
368926309,2023-06-09T16:33:45,28.16642,-94.29524,1.0,277.6,511.0,R/V MANTA,,WZ 2603,0,0,30,12,1.5,0,A
368926309,2023-06-09T16:35:15,28.16648,-94.29600,2.6,273.1,511.0,R/V MANTA,,WZ 2603,0,0,30,12,1.5,0,A
368926309,2023-06-09T16:36:36,28.16629,-94.29666,0.9,175.0,511.0,R/V MANTA,,WZ 2603,0,0,30,12,1.5,0,A
368926309,2023-06-09T16:37:46,28.16618,-94.29654,0.5,84.5,511.0,R/V MANTA,,WZ 2603,0,0,30,12,1.5,0,A
368926309,2023-06-09T16:38:55,28.16622,-94.29647,1.1,68.6,511.0,R/V MANTA,,WZ 2603,0,0,30,12,1.5,0,A
368926309,2023-06-09T16:40:05,28.16616,-94.29635,1.4,145.3,511.0,R/V MANTA,,WZ 2603,0,0,30,12,1.5,0,A
368926309,2023-06-09T16:41:16,28.16583,-94.29609,1.0,141.1,511.0,R/V MANTA,,WZ 2603,0,0,30,12,1.5,0,A
368926309,2023-06-09T16:42:25,28.16595,-94.29602,0.4,9.1,511.0,R/V MANTA,,WZ 2603,0,0,30,12,1.5,0,A
368926309,2023-06-09T16:43:56,28.16598,-94.29597,0.7,331.6,511.0,R/V MANTA,,WZ 2603,0,0,30,12,1.5,0,A
368926309,2023-06-09T16:45:26,28.16597,-94.29588,0.6,120.8,511.0,R/V MANTA,,WZ 2603,0,0,30,12,1.5,0,A
368926309,2023-06-09T16:47:44,28.16604,-94.29583,0.6,3.0,511.0,R/V MANTA,,WZ 2603,0,0,30,12,1.5,0,A
368926309,2023-06-09T16:48:45,28.16606,-94.29579,0.4,100.1,511.0,R/V MANTA,,WZ 2603,0,0,30,12,1.5,0,A
368926309,2023-06-09T16:49:55,28.16613,-94.29593,0.4,299.4,511.0,R/V MANTA,,WZ 2603,0,0,30,12,1.5,0,A
368926309,2023-06-09T16:51:05,28.16608,-94.29579,0.7,105.6,511.0,R/V MANTA,,WZ 2603,0,0,30,12,1.5,0,A
368926309,2023-06-09T16:52:26,28.16612,-94.29585,0.1,304.3,511.0,R/V MANTA,,WZ 2603,0,0,30,12,1.5,0,A
368926309,2023-06-09T16:54:26,28.16610,-94.29591,0.6,279.8,511.0,R/V MANTA,,WZ 2603,0,0,30,12,1.5,0,A
368926309,2023-06-09T16:55:36,28.16604,-94.29582,0.3,119.1,511.0,R/V MANTA,,WZ 2603,0,0,30,12,1.5,0,A
368926309,2023-06-09T16:56:55,28.16604,-94.29584,0.2,111.2,511.0,R/V MANTA,,WZ 2603,0,0,30,12,1.5,0,A
368926309,2023-06-09T16:58:06,28.16607,-94.29589,0.5,278.0,511.0,R/V MANTA,,WZ 2603,0,0,30,12,1.5,0,A
368926309,2023-06-09T16:59:35,28.16608,-94.29593,0.8,293.6,511.0,R/V MANTA,,WZ 2603,0,0,30,12,1.5,0,A
368926309,2023-06-09T17:00:06,28.16607,-94.29592,0.5,251.2,511.0,R/V MANTA,,WZ 2603,0,0,30,12,1.5,0,A
368926309,2023-06-09T17:01:15,28.16601,-94.29583,1.0,314.9,511.0,R/V MANTA,,WZ 2603,0,0,30,12,1.5,0,A
368926309,2023-06-09T17:02:35,28.16602,-94.29582,0.4,121.7,511.0,R/V MANTA,,WZ 2603,0,0,30,12,1.5,0,A
368926309,2023-06-09T17:03:56,28.16601,-94.29585,0.5,128.3,511.0,R/V MANTA,,WZ 2603,0,0,30,12,1.5,0,A
368926309,2023-06-09T17:05:06,28.16603,-94.29588,0.1,259.4,511.0,R/V MANTA,,WZ 2603,0,0,30,12,1.5,0,A
368926309,2023-06-09T17:06:15,28.16606,-94.29593,0.2,286.8,511.0,R/V MANTA,,WZ 2603,0,0,30,12,1.5,0,A
368926309,2023-06-09T17:08:35,28.16605,-94.29612,0.4,269.1,511.0,R/V MANTA,,WZ 2603,0,0,30,12,1.5,0,A
368926309,2023-06-09T17:09:55,28.16600,-94.29618,0.1,204.2,511.0,R/V MANTA,,WZ 2603,0,0,30,12,1.5,0,A
368926309,2023-06-09T17:11:35,28.16620,-94.29629,0.2,317.9,511.0,R/V MANTA,,WZ 2603,0,0,30,12,1.5,0,A
368926309,2023-06-09T17:13:16,28.16595,-94.29611,1.4,157.0,511.0,R/V MANTA,,WZ 2603,0,0,30,12,1.5,0,A
368926309,2023-06-09T17:14:25,28.16562,-94.29597,0.9,161.5,511.0,R/V MANTA,,WZ 2603,0,0,30,12,1.5,0,A
368926309,2023-06-09T17:16:16,28.16526,-94.29572,0.7,145.6,511.0,R/V MANTA,,WZ 2603,0,0,30,12,1.5,0,A
368926309,2023-06-09T17:17:25,28.16509,-94.29559,0.9,137.1,511.0,R/V MANTA,,WZ 2603,0,0,30,12,1.5,0,A
368926309,2023-06-09T17:18:45,28.16492,-94.29543,0.4,138.8,511.0,R/V MANTA,,WZ 2603,0,0,30,12,1.5,0,A
368926309,2023-06-09T17:19:56,28.16477,-94.29527,0.6,133.7,511.0,R/V MANTA,,WZ 2603,0,0,30,12,1.5,0,A
368926309,2023-06-09T17:21:25,28.16463,-94.29507,0.7,128.2,511.0,R/V MANTA,,WZ 2603,0,0,30,12,1.5,0,A
368926309,2023-06-09T17:22:35,28.16454,-94.29492,0.5,123.1,511.0,R/V MANTA,,WZ 2603,0,0,30,12,1.5,0,A
368926309,2023-06-09T17:23:56,28.16445,-94.29468,0.4,114.6,511.0,R/V MANTA,,WZ 2603,0,0,30,12,1.5,0,A
368926309,2023-06-09T17:25:35,28.16434,-94.29443,0.5,110.5,511.0,R/V MANTA,,WZ 2603,0,0,30,12,1.5,0,A
368926309,2023-06-09T17:26:55,28.16430,-94.29420,0.8,108.6,511.0,R/V MANTA,,WZ 2603,0,0,30,12,1.5,0,A
368926309,2023-06-09T17:28:35,28.16419,-94.29391,0.8,109.4,511.0,R/V MANTA,,WZ 2603,0,0,30,12,1.5,0,A
368926309,2023-06-09T17:30:16,28.16413,-94.29279,10.1,37.6,511.0,R/V MANTA,,WZ 2603,0,0,30,12,1.5,0,A
368926309,2023-06-09T17:31:25,28.16795,-94.29353,13.3,5.9,511.0,R/V MANTA,,WZ 2603,0,0,30,12,1.5,0,A
368926309,2023-06-09T17:32:27,28.17214,-94.29512,18.3,338.1,511.0,R/V MANTA,,WZ 2603,0,0,30,12,1.5,0,A
368926309,2023-06-09T17:33:40,28.17837,-94.29757,20.1,346.5,511.0,R/V MANTA,,WZ 2603,0,0,30,12,1.5,0,A
338031555,2023-05-19T17:38:27,28.17265,-94.30710,0.6,118.9,162.0,OLDMAN & THE C,,,37,,11,4,,,B
338031555,2023-05-19T17:44:54,28.17082,-94.30572,5.5,171.0,176.0,OLDMAN & THE C,,,37,,11,4,,,B
338031555,2023-05-19T17:49:54,28.16849,-94.30477,0.4,182.4,280.0,OLDMAN & THE C,,,37,,11,4,,,B
338031555,2023-05-19T17:51:54,28.17004,-94.30567,1.0,316.6,310.0,OLDMAN & THE C,,,37,,11,4,,,B
338031555,2023-05-19T17:53:54,28.16995,-94.30533,0.7,110.0,511.0,OLDMAN & THE C,,,37,,11,4,,,B
338031555,2023-05-19T17:57:51,28.17005,-94.30598,0.7,347.0,343.0,OLDMAN & THE C,,,37,,11,4,,,B
338031555,2023-07-01T16:01:39,28.16325,-94.29701,7.1,292.9,289.0,OLDMAN & THE C,,,37,,11,4,,,B
368926309,2023-07-12T22:30:41,28.16757,-94.30122,1.0,1.7,511.0,R/V MANTA,,WZ 2603,0,0,30,12,1.5,0,A
368926309,2023-07-12T22:40:09,28.16707,-94.30620,0.5,90.7,511.0,R/V MANTA,,WZ 2603,0,0,30,12,1.5,0,A
368926309,2023-07-12T22:52:31,28.16713,-94.30620,0.5,1.0,511.0,R/V MANTA,,WZ 2603,0,0,30,12,1.5,0,A
368926309,2023-07-12T22:57:21,28.16846,-94.30788,0.9,87.5,511.0,R/V MANTA,,WZ 2603,0,0,30,12,1.5,0,A
368926309,2023-07-12T23:34:50,28.16614,-94.30550,0.7,20.5,511.0,R/V MANTA,,WZ 2603,0,0,30,12,1.5,0,A
368926309,2023-07-12T23:49:00,28.16618,-94.30552,0.7,133.9,511.0,R/V MANTA,,WZ 2603,0,0,30,12,1.5,0,A
368926309,2023-07-12T23:56:31,28.16366,-94.30620,2.4,9.1,511.0,R/V MANTA,,WZ 2603,0,0,30,12,1.5,0,A
368926309,2023-07-12T23:58:00,28.16381,-94.30616,0.2,38.1,511.0,R/V MANTA,,WZ 2603,0,0,30,12,1.5,0,A
368926309,2023-07-13T00:25:39,28.16619,-94.31096,0.6,320.2,511.0,R/V MANTA,,WZ 2603,0,0,30,12,1.5,0,A
368926309,2023-07-13T00:30:20,28.16739,-94.31097,3.8,261.5,511.0,R/V MANTA,,WZ 2603,0,0,30,12,1.5,0,A
368926309,2023-07-14T22:49:26,28.17957,-94.30251,14.3,338.7,511.0,R/V MANTA,,WZ 2603,0,0,30,12,1.5,0,A
368926309,2023-07-14T22:50:38,28.18390,-94.30352,14.5,357.0,511.0,R/V MANTA,,WZ 2603,0,0,30,12,1.5,0,A
368926309,2023-07-12T22:15:30,28.16744,-94.29925,0.2,17.6,511.0,R/V MANTA,,WZ 2603,0,0,30,12,1.5,0,A
368926309,2023-07-12T22:18:30,28.16733,-94.29921,0.5,185.1,511.0,R/V MANTA,,WZ 2603,0,0,30,12,1.5,0,A
368926309,2023-07-13T16:23:25,28.16680,-94.29552,3.4,91.2,511.0,R/V MANTA,,WZ 2603,0,0,30,12,1.5,0,A
368926309,2023-07-13T16:24:33,28.16686,-94.29485,2.2,71.7,511.0,R/V MANTA,,WZ 2603,0,0,30,12,1.5,0,A
368926309,2023-07-13T16:25:55,28.16694,-94.29448,2.8,248.6,511.0,R/V MANTA,,WZ 2603,0,0,30,12,1.5,0,A
368926309,2023-07-13T16:27:24,28.16646,-94.29570,2.1,237.0,511.0,R/V MANTA,,WZ 2603,0,0,30,12,1.5,0,A
368926309,2023-07-13T16:28:33,28.16642,-94.29598,0.2,276.6,511.0,R/V MANTA,,WZ 2603,0,0,30,12,1.5,0,A
368926309,2023-07-13T16:30:03,28.16650,-94.29625,1.1,311.2,511.0,R/V MANTA,,WZ 2603,0,0,30,12,1.5,0,A
368926309,2023-07-13T16:32:24,28.16649,-94.29584,0.9,36.4,511.0,R/V MANTA,,WZ 2603,0,0,30,12,1.5,0,A
368926309,2023-07-13T16:33:44,28.16675,-94.29536,2.1,50.5,511.0,R/V MANTA,,WZ 2603,0,0,30,12,1.5,0,A
368926309,2023-07-13T16:34:55,28.16701,-94.29482,1.3,62.2,511.0,R/V MANTA,,WZ 2603,0,0,30,12,1.5,0,A
368926309,2023-07-13T16:36:23,28.16682,-94.29508,2.2,232.9,511.0,R/V MANTA,,WZ 2603,0,0,30,12,1.5,0,A
368926309,2023-07-13T16:37:55,28.16661,-94.29546,0.4,252.0,511.0,R/V MANTA,,WZ 2603,0,0,30,12,1.5,0,A
368926309,2023-07-13T16:39:23,28.16661,-94.29552,2.2,54.2,511.0,R/V MANTA,,WZ 2603,0,0,30,12,1.5,0,A
368926309,2023-07-13T16:40:34,28.16661,-94.29545,1.3,221.0,511.0,R/V MANTA,,WZ 2603,0,0,30,12,1.5,0,A
368926309,2023-07-13T16:41:55,28.16652,-94.29550,1.6,42.0,511.0,R/V MANTA,,WZ 2603,0,0,30,12,1.5,0,A
368926309,2023-07-13T16:43:04,28.16671,-94.29511,1.1,72.3,511.0,R/V MANTA,,WZ 2603,0,0,30,12,1.5,0,A
368926309,2023-07-13T16:44:14,28.16688,-94.29488,1.0,49.2,511.0,R/V MANTA,,WZ 2603,0,0,30,12,1.5,0,A
368926309,2023-07-13T16:45:23,28.16705,-94.29465,0.9,51.6,511.0,R/V MANTA,,WZ 2603,0,0,30,12,1.5,0,A
368926309,2023-07-13T16:46:25,28.16721,-94.29444,0.8,55.4,511.0,R/V MANTA,,WZ 2603,0,0,30,12,1.5,0,A
368926309,2023-07-13T16:47:34,28.16739,-94.29423,1.1,42.8,511.0,R/V MANTA,,WZ 2603,0,0,30,12,1.5,0,A
368926309,2023-07-13T16:49:14,28.16765,-94.29388,1.0,44.4,511.0,R/V MANTA,,WZ 2603,0,0,30,12,1.5,0,A
368926309,2023-07-13T16:50:44,28.16790,-94.29365,1.3,37.2,511.0,R/V MANTA,,WZ 2603,0,0,30,12,1.5,0,A
368926309,2023-07-13T16:51:55,28.16809,-94.29341,1.1,55.1,511.0,R/V MANTA,,WZ 2603,0,0,30,12,1.5,0,A
368926309,2023-07-13T16:54:05,28.16841,-94.29290,0.6,51.0,511.0,R/V MANTA,,WZ 2603,0,0,30,12,1.5,0,A
368926309,2023-07-13T16:56:03,28.16874,-94.29249,0.8,52.8,511.0,R/V MANTA,,WZ 2603,0,0,30,12,1.5,0,A
368926309,2023-07-13T16:58:43,28.16917,-94.29196,0.9,45.3,511.0,R/V MANTA,,WZ 2603,0,0,30,12,1.5,0,A
368926309,2023-07-13T17:30:34,28.16796,-94.29230,7.3,226.6,511.0,R/V MANTA,,WZ 2603,0,0,30,12,1.5,0,A
368926309,2023-07-13T17:31:54,28.16648,-94.29466,7.3,241.7,511.0,R/V MANTA,,WZ 2603,0,0,30,12,1.5,0,A
368926309,2023-07-13T17:33:24,28.16646,-94.29552,2.4,341.2,511.0,R/V MANTA,,WZ 2603,0,0,30,12,1.5,0,A
368926309,2023-07-13T17:37:03,28.16657,-94.29548,2.5,34.5,511.0,R/V MANTA,,WZ 2603,0,0,30,12,1.5,0,A
368926309,2023-07-13T17:38:54,28.16688,-94.29515,0.3,32.9,511.0,R/V MANTA,,WZ 2603,0,0,30,12,1.5,0,A
368926309,2023-07-13T17:40:25,28.16676,-94.29534,1.0,208.9,511.0,R/V MANTA,,WZ 2603,0,0,30,12,1.5,0,A
368926309,2023-07-13T17:41:54,28.16696,-94.29496,0.3,44.0,511.0,R/V MANTA,,WZ 2603,0,0,30,12,1.5,0,A
368926309,2023-07-13T17:43:14,28.16688,-94.29512,1.0,227.6,511.0,R/V MANTA,,WZ 2603,0,0,30,12,1.5,0,A
368926309,2023-07-13T17:44:35,28.16696,-94.29493,0.1,71.4,511.0,R/V MANTA,,WZ 2603,0,0,30,12,1.5,0,A
368926309,2023-07-13T17:45:55,28.16699,-94.29489,0.9,45.0,511.0,R/V MANTA,,WZ 2603,0,0,30,12,1.5,0,A
368926309,2023-07-13T17:47:13,28.16699,-94.29496,0.7,296.0,511.0,R/V MANTA,,WZ 2603,0,0,30,12,1.5,0,A
368926309,2023-07-13T17:49:04,28.16697,-94.29509,1.1,238.3,511.0,R/V MANTA,,WZ 2603,0,0,30,12,1.5,0,A
368926309,2023-07-13T17:50:13,28.16689,-94.29521,0.6,221.1,511.0,R/V MANTA,,WZ 2603,0,0,30,12,1.5,0,A
368926309,2023-07-13T17:52:04,28.16670,-94.29522,0.1,136.8,511.0,R/V MANTA,,WZ 2603,0,0,30,12,1.5,0,A
368926309,2023-07-13T17:55:34,28.16666,-94.29484,1.0,74.8,511.0,R/V MANTA,,WZ 2603,0,0,30,12,1.5,0,A
368926309,2023-07-13T17:56:45,28.16682,-94.29457,0.7,300.8,511.0,R/V MANTA,,WZ 2603,0,0,30,12,1.5,0,A
368926309,2023-07-13T17:58:33,28.16681,-94.29436,2.2,91.7,511.0,R/V MANTA,,WZ 2603,0,0,30,12,1.5,0,A
368926309,2023-07-13T17:59:45,28.16690,-94.29426,0.5,271.7,511.0,R/V MANTA,,WZ 2603,0,0,30,12,1.5,0,A
368926309,2023-07-13T18:00:04,28.16687,-94.29433,0.7,240.1,511.0,R/V MANTA,,WZ 2603,0,0,30,12,1.5,0,A
368926309,2023-07-13T18:01:05,28.16674,-94.29444,0.7,215.6,511.0,R/V MANTA,,WZ 2603,0,0,30,12,1.5,0,A
368926309,2023-07-13T18:02:15,28.16653,-94.29450,0.3,158.0,511.0,R/V MANTA,,WZ 2603,0,0,30,12,1.5,0,A
368926309,2023-07-13T18:03:23,28.16632,-94.29437,0.5,133.3,511.0,R/V MANTA,,WZ 2603,0,0,30,12,1.5,0,A
368926309,2023-07-13T18:04:34,28.16655,-94.29399,1.8,70.2,511.0,R/V MANTA,,WZ 2603,0,0,30,12,1.5,0,A
368926309,2023-07-13T18:05:53,28.16658,-94.29319,1.4,101.2,511.0,R/V MANTA,,WZ 2603,0,0,30,12,1.5,0,A
368926309,2023-07-13T18:07:05,28.16629,-94.29270,1.6,141.4,511.0,R/V MANTA,,WZ 2603,0,0,30,12,1.5,0,A
368926309,2023-07-13T18:15:14,28.16640,-94.29275,1.4,49.7,511.0,R/V MANTA,,WZ 2603,0,0,30,12,1.5,0,A
368926309,2023-07-13T18:16:35,28.16649,-94.29289,1.2,275.9,511.0,R/V MANTA,,WZ 2603,0,0,30,12,1.5,0,A
368926309,2023-07-13T18:17:54,28.16650,-94.29345,1.6,263.2,511.0,R/V MANTA,,WZ 2603,0,0,30,12,1.5,0,A
368926309,2023-07-13T18:19:35,28.16642,-94.29414,0.4,278.1,511.0,R/V MANTA,,WZ 2603,0,0,30,12,1.5,0,A
368926309,2023-07-13T18:21:13,28.16663,-94.29427,1.0,54.0,511.0,R/V MANTA,,WZ 2603,0,0,30,12,1.5,0,A
368926309,2023-07-13T18:23:14,28.16710,-94.29424,0.2,323.4,511.0,R/V MANTA,,WZ 2603,0,0,30,12,1.5,0,A
368926309,2023-07-13T18:24:44,28.16701,-94.29475,0.9,218.3,511.0,R/V MANTA,,WZ 2603,0,0,30,12,1.5,0,A
368926309,2023-07-13T18:26:14,28.16654,-94.29527,1.1,219.1,511.0,R/V MANTA,,WZ 2603,0,0,30,12,1.5,0,A
368926309,2023-07-13T18:28:14,28.16669,-94.29492,1.4,69.2,511.0,R/V MANTA,,WZ 2603,0,0,30,12,1.5,0,A
368926309,2023-07-13T18:29:33,28.16690,-94.29446,2.1,57.8,511.0,R/V MANTA,,WZ 2603,0,0,30,12,1.5,0,A
368926309,2023-07-13T18:31:14,28.16703,-94.29387,2.1,82.1,511.0,R/V MANTA,,WZ 2603,0,0,30,12,1.5,0,A
368926309,2023-07-13T18:49:55,28.16630,-94.29624,4.6,1.1,511.0,R/V MANTA,,WZ 2603,0,0,30,12,1.5,0,A
368926309,2023-07-13T18:51:15,28.16644,-94.29613,1.3,230.5,511.0,R/V MANTA,,WZ 2603,0,0,30,12,1.5,0,A
368926309,2023-07-13T18:52:44,28.16640,-94.29545,1.8,112.4,511.0,R/V MANTA,,WZ 2603,0,0,30,12,1.5,0,A
368926309,2023-07-13T18:54:54,28.16658,-94.29507,0.9,133.6,511.0,R/V MANTA,,WZ 2603,0,0,30,12,1.5,0,A
368926309,2023-07-13T18:59:44,28.16702,-94.29545,1.3,291.7,511.0,R/V MANTA,,WZ 2603,0,0,30,12,1.5,0,A
368926309,2023-07-13T19:00:04,28.16703,-94.29553,1.0,271.6,511.0,R/V MANTA,,WZ 2603,0,0,30,12,1.5,0,A
368926309,2023-07-13T19:01:44,28.16684,-94.29593,0.3,237.2,511.0,R/V MANTA,,WZ 2603,0,0,30,12,1.5,0,A
368926309,2023-07-13T19:14:43,28.16683,-94.29589,1.0,192.3,511.0,R/V MANTA,,WZ 2603,0,0,30,12,1.5,0,A
368926309,2023-07-13T19:16:15,28.16665,-94.29582,1.1,75.3,511.0,R/V MANTA,,WZ 2603,0,0,30,12,1.5,0,A
368926309,2023-07-13T19:18:15,28.16641,-94.29561,1.5,127.0,511.0,R/V MANTA,,WZ 2603,0,0,30,12,1.5,0,A
368926309,2023-07-13T19:29:03,28.16660,-94.29356,1.3,62.4,511.0,R/V MANTA,,WZ 2603,0,0,30,12,1.5,0,A
368926309,2023-07-13T19:30:15,28.16676,-94.29333,1.2,54.9,511.0,R/V MANTA,,WZ 2603,0,0,30,12,1.5,0,A
368926309,2023-07-13T19:32:03,28.16700,-94.29295,1.0,50.4,511.0,R/V MANTA,,WZ 2603,0,0,30,12,1.5,0,A
368926309,2023-07-13T19:33:44,28.16722,-94.29264,1.3,52.8,511.0,R/V MANTA,,WZ 2603,0,0,30,12,1.5,0,A
368926309,2023-07-13T20:19:44,28.16702,-94.29498,6.2,252.3,511.0,R/V MANTA,,WZ 2603,0,0,30,12,1.5,0,A
368926309,2023-07-13T20:21:14,28.16674,-94.29570,0.6,233.8,511.0,R/V MANTA,,WZ 2603,0,0,30,12,1.5,0,A
368926309,2023-07-13T20:22:44,28.16680,-94.29570,0.6,38.7,511.0,R/V MANTA,,WZ 2603,0,0,30,12,1.5,0,A
368926309,2023-07-13T20:29:03,28.16661,-94.29584,0.7,202.9,511.0,R/V MANTA,,WZ 2603,0,0,30,12,1.5,0,A
368926309,2023-07-13T20:35:54,28.16720,-94.29523,1.2,39.9,511.0,R/V MANTA,,WZ 2603,0,0,30,12,1.5,0,A
368926309,2023-07-13T20:37:54,28.16708,-94.29541,0.2,234.2,511.0,R/V MANTA,,WZ 2603,0,0,30,12,1.5,0,A
368926309,2023-07-13T20:48:45,28.16712,-94.29572,1.4,246.6,511.0,R/V MANTA,,WZ 2603,0,0,30,12,1.5,0,A
368926309,2023-07-13T20:53:54,28.16671,-94.29601,0.7,64.6,511.0,R/V MANTA,,WZ 2603,0,0,30,12,1.5,0,A
368926309,2023-07-13T20:55:24,28.16649,-94.29603,0.8,166.1,511.0,R/V MANTA,,WZ 2603,0,0,30,12,1.5,0,A
368926309,2023-07-13T21:18:25,28.16659,-94.29525,0.7,239.5,511.0,R/V MANTA,,WZ 2603,0,0,30,12,1.5,0,A
368926309,2023-07-13T21:25:53,28.16640,-94.29549,0.8,217.2,511.0,R/V MANTA,,WZ 2603,0,0,30,12,1.5,0,A
368926309,2023-07-13T22:17:25,28.16702,-94.29504,1.3,244.1,511.0,R/V MANTA,,WZ 2603,0,0,30,12,1.5,0,A
368926309,2023-07-13T22:38:43,28.16724,-94.29496,1.4,204.4,511.0,R/V MANTA,,WZ 2603,0,0,30,12,1.5,0,A
368926309,2023-07-13T22:44:43,28.16677,-94.29457,0.7,0.0,511.0,R/V MANTA,,WZ 2603,0,0,30,12,1.5,0,A
368926309,2023-07-13T22:46:03,28.16709,-94.29461,0.7,340.0,511.0,R/V MANTA,,WZ 2603,0,0,30,12,1.5,0,A
368926309,2023-07-13T22:53:15,28.16675,-94.29482,0.5,231.3,511.0,R/V MANTA,,WZ 2603,0,0,30,12,1.5,0,A
368926309,2023-07-13T22:54:24,28.16676,-94.29478,0.9,85.7,511.0,R/V MANTA,,WZ 2603,0,0,30,12,1.5,0,A
368926309,2023-07-13T22:57:23,28.16677,-94.29483,0.8,233.8,511.0,R/V MANTA,,WZ 2603,0,0,30,12,1.5,0,A
368926309,2023-07-13T23:09:23,28.16731,-94.29475,1.8,30.4,511.0,R/V MANTA,,WZ 2603,0,0,30,12,1.5,0,A
368926309,2023-07-13T23:19:14,28.16750,-94.29488,1.0,219.5,511.0,R/V MANTA,,WZ 2603,0,0,30,12,1.5,0,A
368926309,2023-07-13T23:27:44,28.16669,-94.29437,0.6,187.9,511.0,R/V MANTA,,WZ 2603,0,0,30,12,1.5,0,A
368926309,2023-07-14T21:53:03,28.16647,-94.29634,1.1,270.1,511.0,R/V MANTA,,WZ 2603,0,0,30,12,1.5,0,A
368926309,2023-07-14T22:00:12,28.16650,-94.29660,0.5,321.9,511.0,R/V MANTA,,WZ 2603,0,0,30,12,1.5,0,A
368926309,2023-07-14T22:12:33,28.16659,-94.29661,1.7,85.1,511.0,R/V MANTA,,WZ 2603,0,0,30,12,1.5,0,A
368926309,2023-07-14T22:14:13,28.16655,-94.29645,1.1,157.3,511.0,R/V MANTA,,WZ 2603,0,0,30,12,1.5,0,A
368926309,2023-07-14T22:16:13,28.16648,-94.29636,0.6,13.5,511.0,R/V MANTA,,WZ 2603,0,0,30,12,1.5,0,A
368926309,2023-07-14T22:17:22,28.16649,-94.29643,0.9,333.1,511.0,R/V MANTA,,WZ 2603,0,0,30,12,1.5,0,A
368926309,2023-07-14T22:21:13,28.16642,-94.29639,1.1,31.6,511.0,R/V MANTA,,WZ 2603,0,0,30,12,1.5,0,A
368926309,2023-07-14T22:22:23,28.16646,-94.29636,1.1,181.3,511.0,R/V MANTA,,WZ 2603,0,0,30,12,1.5,0,A
368926309,2023-07-14T22:29:32,28.16630,-94.29598,1.3,354.5,511.0,R/V MANTA,,WZ 2603,0,0,30,12,1.5,0,A
368926309,2023-07-14T22:30:42,28.16662,-94.29613,1.0,327.5,511.0,R/V MANTA,,WZ 2603,0,0,30,12,1.5,0,A
368926309,2023-07-14T22:32:33,28.16687,-94.29625,0.2,11.5,511.0,R/V MANTA,,WZ 2603,0,0,30,12,1.5,0,A
368926309,2023-07-14T22:35:33,28.16738,-94.29602,1.4,20.9,511.0,R/V MANTA,,WZ 2603,0,0,30,12,1.5,0,A
368926309,2023-07-14T22:41:43,28.16852,-94.29546,0.8,38.4,511.0,R/V MANTA,,WZ 2603,0,0,30,12,1.5,0,A
368926309,2023-07-14T22:45:32,28.16921,-94.29541,4.7,294.0,511.0,R/V MANTA,,WZ 2603,0,0,30,12,1.5,0,A
368926309,2023-07-13T17:02:33,28.16975,-94.29115,1.5,55.9,511.0,R/V MANTA,,WZ 2603,0,0,30,12,1.5,0,A
368926309,2023-07-13T17:03:44,28.16995,-94.29091,1.3,41.1,511.0,R/V MANTA,,WZ 2603,0,0,30,12,1.5,0,A
368926309,2023-07-13T17:05:04,28.17015,-94.29063,0.9,49.1,511.0,R/V MANTA,,WZ 2603,0,0,30,12,1.5,0,A
368926309,2023-07-13T17:06:14,28.17034,-94.29036,0.4,52.2,511.0,R/V MANTA,,WZ 2603,0,0,30,12,1.5,0,A
368926309,2023-07-13T17:07:34,28.17052,-94.29011,0.9,39.4,511.0,R/V MANTA,,WZ 2603,0,0,30,12,1.5,0,A
368926309,2023-07-13T17:08:44,28.17072,-94.28989,1.3,40.5,511.0,R/V MANTA,,WZ 2603,0,0,30,12,1.5,0,A
368926309,2023-07-13T17:10:04,28.17091,-94.28967,0.8,52.3,511.0,R/V MANTA,,WZ 2603,0,0,30,12,1.5,0,A
368926309,2023-07-13T17:11:15,28.17108,-94.28941,1.5,41.9,511.0,R/V MANTA,,WZ 2603,0,0,30,12,1.5,0,A
368926309,2023-07-13T17:12:25,28.17126,-94.28914,0.4,57.8,511.0,R/V MANTA,,WZ 2603,0,0,30,12,1.5,0,A
368926309,2023-07-13T17:13:43,28.17143,-94.28888,0.5,44.5,511.0,R/V MANTA,,WZ 2603,0,0,30,12,1.5,0,A
368926309,2023-07-13T17:14:55,28.17163,-94.28868,1.7,43.9,511.0,R/V MANTA,,WZ 2603,0,0,30,12,1.5,0,A
368926309,2023-07-13T17:16:03,28.17177,-94.28843,0.1,51.5,511.0,R/V MANTA,,WZ 2603,0,0,30,12,1.5,0,A
368926309,2023-07-13T17:17:23,28.17198,-94.28819,1.5,41.9,511.0,R/V MANTA,,WZ 2603,0,0,30,12,1.5,0,A
368926309,2023-07-13T17:18:35,28.17217,-94.28799,1.1,39.6,511.0,R/V MANTA,,WZ 2603,0,0,30,12,1.5,0,A
368926309,2023-07-13T17:19:43,28.17233,-94.28774,0.9,48.6,511.0,R/V MANTA,,WZ 2603,0,0,30,12,1.5,0,A
368926309,2023-07-13T17:21:04,28.17254,-94.28744,0.8,52.7,511.0,R/V MANTA,,WZ 2603,0,0,30,12,1.5,0,A
368926309,2023-07-13T17:22:23,28.17275,-94.28721,1.6,39.5,511.0,R/V MANTA,,WZ 2603,0,0,30,12,1.5,0,A
368926309,2023-07-13T17:23:43,28.17295,-94.28700,1.1,57.4,511.0,R/V MANTA,,WZ 2603,0,0,30,12,1.5,0,A
368926309,2023-07-13T17:24:54,28.17314,-94.28670,1.0,65.0,511.0,R/V MANTA,,WZ 2603,0,0,30,12,1.5,0,A
368926309,2023-07-13T17:28:13,28.17084,-94.28875,5.9,234.6,511.0,R/V MANTA,,WZ 2603,0,0,30,12,1.5,0,A
368926309,2023-07-13T19:53:55,28.16984,-94.28888,0.7,47.2,511.0,R/V MANTA,,WZ 2603,0,0,30,12,1.5,0,A
368926309,2023-07-13T19:55:25,28.17003,-94.28860,1.2,56.8,511.0,R/V MANTA,,WZ 2603,0,0,30,12,1.5,0,A
368926309,2023-07-13T19:56:35,28.17018,-94.28837,0.8,50.6,511.0,R/V MANTA,,WZ 2603,0,0,30,12,1.5,0,A
368926309,2023-07-13T19:57:54,28.17035,-94.28812,0.7,60.1,511.0,R/V MANTA,,WZ 2603,0,0,30,12,1.5,0,A
368926309,2023-07-13T19:59:25,28.17051,-94.28781,0.6,58.0,511.0,R/V MANTA,,WZ 2603,0,0,30,12,1.5,0,A
368926309,2023-07-13T20:01:54,28.17082,-94.28731,0.9,58.5,511.0,R/V MANTA,,WZ 2603,0,0,30,12,1.5,0,A
368926309,2023-07-13T20:06:13,28.17140,-94.28649,0.6,55.1,511.0,R/V MANTA,,WZ 2603,0,0,30,12,1.5,0,A
368926309,2023-07-13T20:13:35,28.17214,-94.28558,4.0,222.9,511.0,R/V MANTA,,WZ 2603,0,0,30,12,1.5,0,A
368926309,2023-07-13T23:48:14,28.17070,-94.28853,7.7,232.6,511.0,R/V MANTA,,WZ 2603,0,0,30,12,1.5,0,A
368926309,2023-07-14T22:46:42,28.17114,-94.29751,10.7,344.7,511.0,R/V MANTA,,WZ 2603,0,0,30,12,1.5,0,A
368926309,2023-07-14T22:48:09,28.17547,-94.30007,12.5,313.3,511.0,R/V MANTA,,WZ 2603,0,0,30,12,1.5,0,A
368926309,2023-07-13T13:45:09,28.16588,-94.29728,0.9,234.0,511.0,R/V MANTA,,WZ 2603,0,5,30,12,1.5,0,A
368926309,2023-07-13T13:51:08,28.16588,-94.29729,0.6,280.9,511.0,R/V MANTA,,WZ 2603,0,5,30,12,1.5,0,A
368926309,2023-07-13T14:09:05,28.16591,-94.29730,0.5,44.6,511.0,R/V MANTA,,WZ 2603,0,5,30,12,1.5,0,A
368926309,2023-07-13T14:57:05,28.16592,-94.29731,0.6,247.9,511.0,R/V MANTA,,WZ 2603,0,5,30,12,1.5,0,A
368926309,2023-07-13T15:30:05,28.16592,-94.29728,1.0,275.6,511.0,R/V MANTA,,WZ 2603,0,5,30,12,1.5,0,A
368926309,2023-07-13T15:36:06,28.16591,-94.29729,0.9,230.6,511.0,R/V MANTA,,WZ 2603,0,5,30,12,1.5,0,A
368926309,2023-07-13T15:39:10,28.16593,-94.29729,0.4,262.7,511.0,R/V MANTA,,WZ 2603,0,5,30,12,1.5,0,A
368926309,2023-07-13T15:42:06,28.16593,-94.29727,0.4,227.2,511.0,R/V MANTA,,WZ 2603,0,5,30,12,1.5,0,A
368926309,2023-07-13T15:45:02,28.16593,-94.29728,0.8,232.7,511.0,R/V MANTA,,WZ 2603,0,5,30,12,1.5,0,A
368926309,2023-07-13T15:48:06,28.16592,-94.29729,0.4,215.5,511.0,R/V MANTA,,WZ 2603,0,5,30,12,1.5,0,A
368926309,2023-07-13T15:51:07,28.16590,-94.29727,0.8,225.8,511.0,R/V MANTA,,WZ 2603,0,5,30,12,1.5,0,A
368926309,2023-07-13T15:54:06,28.16592,-94.29726,1.2,268.9,511.0,R/V MANTA,,WZ 2603,0,5,30,12,1.5,0,A
368926309,2023-07-13T16:21:33,28.16576,-94.29712,3.0,111.2,511.0,R/V MANTA,,WZ 2603,0,5,30,12,1.5,0,A
368926309,2023-07-13T17:35:24,28.16612,-94.29527,2.3,133.0,511.0,R/V MANTA,,WZ 2603,0,0,30,12,1.5,0,A
368926309,2023-07-13T18:08:15,28.16577,-94.29260,1.3,208.1,511.0,R/V MANTA,,WZ 2603,0,0,30,12,1.5,0,A
368926309,2023-07-13T18:09:23,28.16556,-94.29269,0.4,237.9,511.0,R/V MANTA,,WZ 2603,0,0,30,12,1.5,0,A
368926309,2023-07-13T18:10:24,28.16548,-94.29287,1.1,242.0,511.0,R/V MANTA,,WZ 2603,0,0,30,12,1.5,0,A
368926309,2023-07-13T18:11:35,28.16556,-94.29309,0.4,13.9,511.0,R/V MANTA,,WZ 2603,0,0,30,12,1.5,0,A
368926309,2023-07-13T18:12:43,28.16580,-94.29323,0.6,330.3,511.0,R/V MANTA,,WZ 2603,0,0,30,12,1.5,0,A
368926309,2023-07-13T18:13:54,28.16608,-94.29313,1.4,18.3,511.0,R/V MANTA,,WZ 2603,0,0,30,12,1.5,0,A
368926309,2023-07-13T19:20:24,28.16602,-94.29509,1.5,106.5,511.0,R/V MANTA,,WZ 2603,0,0,30,12,1.5,0,A
368926309,2023-07-13T19:21:55,28.16587,-94.29470,0.8,81.3,511.0,R/V MANTA,,WZ 2603,0,0,30,12,1.5,0,A
368926309,2023-07-13T20:59:24,28.16575,-94.29533,1.3,106.9,511.0,R/V MANTA,,WZ 2603,0,0,30,12,1.5,0,A
368926309,2023-07-13T21:02:24,28.16597,-94.29485,0.5,103.4,511.0,R/V MANTA,,WZ 2603,0,0,30,12,1.5,0,A
368926309,2023-07-13T21:43:35,28.16614,-94.29519,0.6,178.0,511.0,R/V MANTA,,WZ 2603,0,0,30,12,1.5,0,A
368926309,2023-07-13T23:52:24,28.16610,-94.29665,6.4,234.8,511.0,R/V MANTA,,WZ 2603,0,0,30,12,1.5,0,A
368926309,2023-07-14T06:23:00,28.16604,-94.29757,0.7,196.2,511.0,R/V MANTA,,WZ 2603,0,5,30,12,1.5,0,A
368926309,2023-07-14T06:38:03,28.16607,-94.29758,0.5,244.4,511.0,R/V MANTA,,WZ 2603,0,5,30,12,1.5,0,A
368926309,2023-07-14T07:34:57,28.16605,-94.29756,0.1,199.1,511.0,R/V MANTA,,WZ 2603,0,5,30,12,1.5,0,A
368926309,2023-07-14T07:38:02,28.16605,-94.29756,0.3,200.9,511.0,R/V MANTA,,WZ 2603,0,5,30,12,1.5,0,A
368926309,2023-07-14T08:08:00,28.16604,-94.29754,0.4,259.3,511.0,R/V MANTA,,WZ 2603,0,5,30,12,1.5,0,A
368926309,2023-07-14T08:14:02,28.16604,-94.29753,0.2,76.4,511.0,R/V MANTA,,WZ 2603,0,5,30,12,1.5,0,A
368926309,2023-07-14T08:16:59,28.16602,-94.29755,0.5,35.9,511.0,R/V MANTA,,WZ 2603,0,5,30,12,1.5,0,A
368926309,2023-07-14T08:19:55,28.16605,-94.29751,0.8,193.8,511.0,R/V MANTA,,WZ 2603,0,5,30,12,1.5,0,A
368926309,2023-07-14T08:38:03,28.16601,-94.29748,0.5,272.7,511.0,R/V MANTA,,WZ 2603,0,5,30,12,1.5,0,A
368926309,2023-07-14T09:08:02,28.16600,-94.29747,0.6,73.3,511.0,R/V MANTA,,WZ 2603,0,5,30,12,1.5,0,A
368926309,2023-07-14T09:11:04,28.16601,-94.29746,0.6,45.3,511.0,R/V MANTA,,WZ 2603,0,5,30,12,1.5,0,A
368926309,2023-07-14T12:17:42,28.16612,-94.29759,8.8,97.9,511.0,R/V MANTA,,WZ 2603,0,0,30,12,1.5,0,A
368926309,2023-07-14T17:13:12,28.16593,-94.29313,0.4,157.4,511.0,R/V MANTA,,WZ 2603,0,0,30,12,1.5,0,A
368926309,2023-07-14T17:15:42,28.16585,-94.29267,1.1,97.1,511.0,R/V MANTA,,WZ 2603,0,0,30,12,1.5,0,A
368926309,2023-07-14T17:18:22,28.16531,-94.29210,1.4,138.3,511.0,R/V MANTA,,WZ 2603,0,0,30,12,1.5,0,A
368926309,2023-07-14T17:42:04,28.16462,-94.29671,1.2,74.1,511.0,R/V MANTA,,WZ 2603,0,0,30,12,1.5,0,A
368926309,2023-07-14T18:30:33,28.16471,-94.29738,1.4,198.0,511.0,R/V MANTA,,WZ 2603,0,0,30,12,1.5,0,A
368926309,2023-07-14T18:31:52,28.16424,-94.29758,0.4,129.6,511.0,R/V MANTA,,WZ 2603,0,0,30,12,1.5,0,A
368926309,2023-07-14T18:48:13,28.16510,-94.29831,1.4,64.3,511.0,R/V MANTA,,WZ 2603,0,0,30,12,1.5,0,A
368926309,2023-07-14T19:19:22,28.16581,-94.29800,1.2,10.7,511.0,R/V MANTA,,WZ 2603,0,0,30,12,1.5,0,A
368926309,2023-07-14T19:50:03,28.16517,-94.29665,0.0,171.8,511.0,R/V MANTA,,WZ 2603,0,0,30,12,1.5,0,A
368926309,2023-07-14T20:39:53,28.16503,-94.29599,1.6,146.8,511.0,R/V MANTA,,WZ 2603,0,0,30,12,1.5,0,A
368926309,2023-07-14T20:46:33,28.16537,-94.29519,1.0,38.3,511.0,R/V MANTA,,WZ 2603,0,0,30,12,1.5,0,A
368926309,2023-07-14T21:03:42,28.16542,-94.29584,1.1,254.6,511.0,R/V MANTA,,WZ 2603,0,0,30,12,1.5,0,A
368926309,2023-07-14T21:10:33,28.16533,-94.29623,0.2,225.4,511.0,R/V MANTA,,WZ 2603,0,0,30,12,1.5,0,A
368926309,2023-07-14T21:16:43,28.16542,-94.29611,0.8,27.7,511.0,R/V MANTA,,WZ 2603,0,0,30,12,1.5,0,A
368926309,2023-07-14T21:17:44,28.16543,-94.29609,0.8,25.0,511.0,R/V MANTA,,WZ 2603,0,0,30,12,1.5,0,A
368926309,2023-07-14T21:23:23,28.16535,-94.29621,0.5,179.5,511.0,R/V MANTA,,WZ 2603,0,0,30,12,1.5,0,A
368926309,2023-07-14T21:29:42,28.16510,-94.29568,0.9,15.8,511.0,R/V MANTA,,WZ 2603,0,0,30,12,1.5,0,A
368926309,2023-07-14T21:40:53,28.16605,-94.29689,0.4,105.2,511.0,R/V MANTA,,WZ 2603,0,0,30,12,1.5,0,A
368926309,2023-07-14T21:44:03,28.16589,-94.29693,1.1,322.5,511.0,R/V MANTA,,WZ 2603,0,0,30,12,1.5,0,A
368926309,2023-07-14T22:23:24,28.16621,-94.29633,1.0,178.8,511.0,R/V MANTA,,WZ 2603,0,0,30,12,1.5,0,A
368926309,2023-07-14T22:24:32,28.16613,-94.29625,0.1,166.3,511.0,R/V MANTA,,WZ 2603,0,0,30,12,1.5,0,A
368926309,2023-07-14T22:25:42,28.16599,-94.29621,1.0,174.7,511.0,R/V MANTA,,WZ 2603,0,0,30,12,1.5,0,A
368926309,2023-07-14T22:26:53,28.16573,-94.29609,1.0,164.0,511.0,R/V MANTA,,WZ 2603,0,0,30,12,1.5,0,A
368926309,2023-07-14T22:28:03,28.16584,-94.29599,1.0,11.1,511.0,R/V MANTA,,WZ 2603,0,0,30,12,1.5,0,A
368926309,2023-07-13T16:59:55,28.16936,-94.29171,1.1,52.1,511.0,R/V MANTA,,WZ 2603,0,0,30,12,1.5,0,A
368926309,2023-07-13T17:00:03,28.16938,-94.29168,1.1,47.9,511.0,R/V MANTA,,WZ 2603,0,0,30,12,1.5,0,A
368926309,2023-07-13T17:01:04,28.16950,-94.29144,0.8,57.7,511.0,R/V MANTA,,WZ 2603,0,0,30,12,1.5,0,A
368926309,2023-07-13T17:29:23,28.16936,-94.29039,6.5,233.4,511.0,R/V MANTA,,WZ 2603,0,0,30,12,1.5,0,A
368926309,2023-07-13T18:32:33,28.16619,-94.29122,7.8,114.2,511.0,R/V MANTA,,WZ 2603,0,0,30,12,1.5,0,A
368926309,2023-07-13T18:33:34,28.16568,-94.29025,1.1,285.3,511.0,R/V MANTA,,WZ 2603,0,0,30,12,1.5,0,A
368926309,2023-07-13T18:35:14,28.16581,-94.29053,1.0,251.6,511.0,R/V MANTA,,WZ 2603,0,0,30,12,1.5,0,A
368926309,2023-07-13T18:36:54,28.16559,-94.29079,1.2,194.8,511.0,R/V MANTA,,WZ 2603,0,0,30,12,1.5,0,A
368926309,2023-07-13T18:38:14,28.16528,-94.29074,1.3,156.0,511.0,R/V MANTA,,WZ 2603,0,0,30,12,1.5,0,A
368926309,2023-07-13T18:39:25,28.16495,-94.29045,0.8,133.5,511.0,R/V MANTA,,WZ 2603,0,0,30,12,1.5,0,A
368926309,2023-07-13T18:40:53,28.16459,-94.28996,2.5,121.5,511.0,R/V MANTA,,WZ 2603,0,0,30,12,1.5,0,A
368926309,2023-07-13T18:42:05,28.16428,-94.28939,2.0,116.1,511.0,R/V MANTA,,WZ 2603,0,0,30,12,1.5,0,A
368926309,2023-07-13T18:43:24,28.16394,-94.28885,1.2,117.6,511.0,R/V MANTA,,WZ 2603,0,0,30,12,1.5,0,A
368926309,2023-07-13T18:44:34,28.16368,-94.28838,1.6,127.7,511.0,R/V MANTA,,WZ 2603,0,0,30,12,1.5,0,A
368926309,2023-07-13T18:45:44,28.16391,-94.28867,4.3,277.7,511.0,R/V MANTA,,WZ 2603,0,0,30,12,1.5,0,A
368926309,2023-07-13T18:47:03,28.16401,-94.29115,7.1,270.5,511.0,R/V MANTA,,WZ 2603,0,0,30,12,1.5,0,A
368926309,2023-07-13T19:41:35,28.16822,-94.29119,0.6,50.3,511.0,R/V MANTA,,WZ 2603,0,0,30,12,1.5,0,A
368926309,2023-07-13T19:42:55,28.16837,-94.29088,0.8,60.6,511.0,R/V MANTA,,WZ 2603,0,0,30,12,1.5,0,A
368926309,2023-07-13T19:44:14,28.16855,-94.29058,0.8,42.9,511.0,R/V MANTA,,WZ 2603,0,0,30,12,1.5,0,A
368926309,2023-07-13T19:46:14,28.16880,-94.29021,1.0,53.8,511.0,R/V MANTA,,WZ 2603,0,0,30,12,1.5,0,A
368926309,2023-07-13T19:47:25,28.16895,-94.28997,0.7,51.8,511.0,R/V MANTA,,WZ 2603,0,0,30,12,1.5,0,A
368926309,2023-07-13T19:50:35,28.16942,-94.28944,0.5,39.6,511.0,R/V MANTA,,WZ 2603,0,0,30,12,1.5,0,A
368926309,2023-07-13T20:17:24,28.16890,-94.29105,5.4,245.8,511.0,R/V MANTA,,WZ 2603,0,0,30,12,1.5,0,A
368926309,2023-07-14T13:45:42,28.16709,-94.29137,1.5,108.5,511.0,R/V MANTA,,WZ 2603,0,0,30,12,1.5,0,A
368926309,2023-07-14T16:30:02,28.16603,-94.29062,1.3,52.8,511.0,R/V MANTA,,WZ 2603,0,0,30,12,1.5,0,A
244110062,2023-05-20T01:56:10,28.18300,-94.31208,7.3,128.3,511.0,HELIA,,PE3487,36,,13,7,,,B
244110062,2023-05-20T01:57:11,28.18177,-94.31024,7.2,128.1,511.0,HELIA,,PE3487,36,,13,7,,,B
244110062,2023-05-20T01:58:42,28.17981,-94.30744,7.3,127.2,511.0,HELIA,,PE3487,36,,13,7,,,B
244110062,2023-05-20T02:00:10,28.17791,-94.30479,7.6,130.3,511.0,HELIA,,PE3487,36,,13,7,,,B
244110062,2023-05-20T02:07:10,28.17507,-94.30122,0.4,38.1,511.0,HELIA,,PE3487,36,,13,7,,,B
244110062,2023-05-20T02:14:10,28.17247,-94.29881,6.9,170.4,511.0,HELIA,,PE3487,36,,13,7,,,B
244110062,2023-05-20T02:24:10,28.16702,-94.29757,2.7,164.2,511.0,HELIA,,PE3487,36,,13,7,,,B
244110062,2023-05-20T02:26:40,28.16640,-94.29699,1.7,222.9,511.0,HELIA,,PE3487,36,,13,7,,,B
244110062,2023-05-20T02:41:36,28.16653,-94.29710,0.2,128.1,511.0,HELIA,,PE3487,36,,13,7,,,B
244110062,2023-05-20T02:43:37,28.16670,-94.29728,0.1,348.0,511.0,HELIA,,PE3487,36,,13,7,,,B
244110062,2023-05-21T01:49:26,28.16636,-94.29702,0.1,155.8,511.0,HELIA,,PE3487,36,,13,7,,,B
244110062,2023-05-21T01:53:20,28.16639,-94.29699,0.1,360.0,511.0,HELIA,,PE3487,36,,13,7,,,B
244110062,2023-05-21T02:02:49,28.16654,-94.29684,0.1,8.7,511.0,HELIA,,PE3487,36,,13,7,,,B
244110062,2023-05-21T02:14:51,28.16647,-94.29678,0.1,8.7,511.0,HELIA,,PE3487,36,,13,7,,,B
244110062,2023-05-21T02:26:49,28.16654,-94.29682,0.1,344.5,511.0,HELIA,,PE3487,36,,13,7,,,B
244110062,2023-05-21T02:38:49,28.16652,-94.29682,0.1,329.6,511.0,HELIA,,PE3487,36,,13,7,,,B
244110062,2023-05-21T02:41:48,28.16647,-94.29680,0.0,329.6,511.0,HELIA,,PE3487,36,,13,7,,,B
244110062,2023-06-28T01:37:05,28.16544,-94.29791,0.7,353.1,511.0,HELIA,,PE3487,36,,13,7,,,B
368289460,2023-07-15T15:09:35,28.16640,-94.29696,0.3,358.7,511.0,ANNELIESE,,WDN5371,36,,16,5,,,B
368289460,2023-07-15T14:51:00,28.17832,-94.29319,5.9,186.7,511.0,ANNELIESE,,WDN5371,36,,16,5,,,B
368060940,2023-08-01T01:49:25,28.16528,-94.30102,6.0,127.9,511.0,STRESS RELIEF,,WDK5025,37,,22,6,,,B
368060940,2023-08-01T01:52:25,28.16400,-94.29896,0.7,152.4,511.0,STRESS RELIEF,,WDK5025,37,,22,6,,,B
368060940,2023-08-01T01:56:53,28.16388,-94.29940,0.7,243.7,511.0,STRESS RELIEF,,WDK5025,37,,22,6,,,B
368060940,2023-08-01T02:07:26,28.16374,-94.29725,0.5,288.0,511.0,STRESS RELIEF,,WDK5025,37,,22,6,,,B
368060940,2023-08-01T02:10:55,28.16372,-94.29783,2.5,151.1,511.0,STRESS RELIEF,,WDK5025,37,,22,6,,,B
368060940,2023-08-01T18:45:31,28.16346,-94.29299,9.2,304.8,511.0,STRESS RELIEF,,WDK5025,37,,22,6,,,B
368060940,2023-08-01T18:47:01,28.16546,-94.29679,9.1,288.8,511.0,STRESS RELIEF,,WDK5025,37,,22,6,,,B
368060940,2023-08-01T18:49:01,28.16615,-94.30242,9.4,296.3,511.0,STRESS RELIEF,,WDK5025,37,,22,6,,,B
368060940,2023-08-01T18:51:33,28.16916,-94.30649,6.2,280.2,511.0,STRESS RELIEF,,WDK5025,37,,22,6,,,B
368060940,2023-08-01T01:42:57,28.17516,-94.31503,10.0,129.7,511.0,STRESS RELIEF,,WDK5025,37,,22,6,,,B
368060940,2023-08-01T01:44:57,28.17173,-94.31025,9.8,129.5,511.0,STRESS RELIEF,,WDK5025,37,,22,6,,,B
368060940,2023-08-01T18:53:33,28.17058,-94.30984,7.4,304.2,511.0,STRESS RELIEF,,WDK5025,37,,22,6,,,B
368060940,2023-08-01T18:55:04,28.17252,-94.31264,9.1,311.7,511.0,STRESS RELIEF,,WDK5025,37,,22,6,,,B
368060940,2023-08-01T18:56:33,28.17513,-94.31587,9.2,311.9,511.0,STRESS RELIEF,,WDK5025,37,,22,6,,,B
368060940,2023-08-01T02:14:27,28.15897,-94.29188,7.7,133.5,511.0,STRESS RELIEF,,WDK5025,37,,22,6,,,B
368060940,2023-08-01T02:15:55,28.15653,-94.28931,8.4,137.6,511.0,STRESS RELIEF,,WDK5025,37,,22,6,,,B
368060940,2023-08-01T02:17:28,28.15374,-94.28636,9.0,139.0,511.0,STRESS RELIEF,,WDK5025,37,,22,6,,,B
368060940,2023-08-01T02:18:55,28.15107,-94.28347,9.1,136.5,511.0,STRESS RELIEF,,WDK5025,37,,22,6,,,B
368060940,2023-08-01T18:41:01,28.15386,-94.28573,9.1,329.9,511.0,STRESS RELIEF,,WDK5025,37,,22,6,,,B
368060940,2023-08-01T18:42:31,28.15723,-94.28793,9.2,330.7,511.0,STRESS RELIEF,,WDK5025,37,,22,6,,,B
368060940,2023-08-01T18:44:01,28.16057,-94.29014,9.2,329.3,511.0,STRESS RELIEF,,WDK5025,37,,22,6,,,B
367313120,2023-09-30T05:17:37,28.16289,-94.28103,8.1,297.0,297.0,ALEXANDRA DANOS,IMO8739281,WDD9560,90,0,41,10,,70,A
367313120,2023-09-30T05:28:59,28.17299,-94.28307,3.6,74.0,78.0,ALEXANDRA DANOS,IMO8739281,WDD9560,90,0,41,10,,70,A
367678090,2023-08-07T15:09:49,28.15903,-94.31567,9.0,124.2,511.0,VICTORIA ROSE,IMO8983595,WDI2432,30,,24,7,,,B
367678090,2023-08-07T15:10:50,28.15759,-94.31338,7.9,124.8,511.0,VICTORIA ROSE,IMO8983595,WDI2432,30,,24,7,,,B
367678090,2023-08-07T15:11:51,28.15619,-94.31114,8.2,124.5,511.0,VICTORIA ROSE,IMO8983595,WDI2432,30,,24,7,,,B
367678090,2023-08-07T15:13:21,28.15407,-94.30778,9.5,124.4,511.0,VICTORIA ROSE,IMO8983595,WDI2432,30,,24,7,,,B
367678090,2023-08-07T15:16:21,28.14979,-94.30105,8.9,129.1,511.0,VICTORIA ROSE,IMO8983595,WDI2432,30,,24,7,,,B
367678090,2023-09-03T02:05:42,28.15319,-94.27704,3.0,235.7,511.0,VICTORIA ROSE,IMO8983595,WDI2432,30,,24,7,,,B
367678090,2023-09-03T02:07:42,28.15225,-94.27858,2.9,237.6,511.0,VICTORIA ROSE,IMO8983595,WDI2432,30,,24,7,,,B
367678090,2023-09-03T02:15:13,28.14914,-94.28461,3.0,239.0,511.0,VICTORIA ROSE,IMO8983595,WDI2432,30,,24,7,,,B
367678090,2023-09-03T02:17:11,28.14826,-94.28619,2.9,237.4,511.0,VICTORIA ROSE,IMO8983595,WDI2432,30,,24,7,,,B
368291170,2023-08-16T18:49:24,28.16497,-94.29602,1.0,122.8,215.0,WHISKEY GIRL,,KUF 283,30,,14,7,,,B
368291170,2023-08-16T19:17:24,28.16440,-94.29233,1.6,96.8,339.0,WHISKEY GIRL,,KUF 283,30,,14,7,,,B
368291170,2023-08-16T20:58:23,28.16259,-94.28719,9.0,111.9,123.0,WHISKEY GIRL,,KUF 283,30,,14,7,,,B
368291170,2023-08-16T18:43:24,28.16572,-94.29737,1.6,103.3,70.0,WHISKEY GIRL,,KUF 283,30,,14,7,,,B
368291170,2023-08-16T18:51:53,28.16519,-94.29733,1.3,234.1,251.0,WHISKEY GIRL,,KUF 283,30,,14,7,,,B
368291170,2023-08-16T18:57:23,28.16565,-94.29712,0.3,167.6,260.0,WHISKEY GIRL,,KUF 283,30,,14,7,,,B
368291170,2023-08-16T19:48:54,28.16629,-94.29689,0.9,309.4,285.0,WHISKEY GIRL,,KUF 283,30,,14,7,,,B
368291170,2023-08-16T20:12:53,28.16629,-94.29689,0.2,360.0,281.0,WHISKEY GIRL,,KUF 283,30,,14,7,,,B
368291170,2023-08-16T20:24:53,28.16629,-94.29689,0.1,360.0,278.0,WHISKEY GIRL,,KUF 283,30,,14,7,,,B
368291170,2023-08-16T20:30:53,28.16629,-94.29689,0.8,83.5,278.0,WHISKEY GIRL,,KUF 283,30,,14,7,,,B
368291170,2023-08-16T20:36:54,28.16628,-94.29689,0.1,360.0,282.0,WHISKEY GIRL,,KUF 283,30,,14,7,,,B
368291170,2023-08-16T20:51:53,28.16629,-94.29689,0.4,305.3,278.0,WHISKEY GIRL,,KUF 283,30,,14,7,,,B
368291170,2023-08-16T18:54:22,28.16576,-94.29793,0.2,360.0,299.0,WHISKEY GIRL,,KUF 283,30,,14,7,,,B
367435150,2023-11-08T02:48:52,28.14851,-94.29176,3.2,65.5,511.0,POPS PRIDE,,WDF3044,30,,11,8,,,B
367435150,2023-11-09T04:30:19,28.15016,-94.28366,2.7,75.1,511.0,POPS PRIDE,,WDF3044,30,,11,8,,,B
366999613,2023-06-01T01:41:27,28.16672,-94.29647,1.0,272.6,511.0,CG HAWK,,NAWH,90,1,26,5,,55,A
366999613,2023-06-01T01:50:18,28.16672,-94.29644,0.5,114.8,511.0,CG HAWK,,NAWH,90,1,26,5,,55,A
366999613,2023-06-01T01:56:19,28.16675,-94.29641,0.8,94.0,511.0,CG HAWK,,NAWH,90,1,26,5,,55,A
366999613,2023-06-01T02:02:20,28.16674,-94.29646,0.1,132.7,511.0,CG HAWK,,NAWH,90,1,26,5,,55,A
366999613,2023-06-01T02:10:32,28.16677,-94.29642,0.1,133.2,511.0,CG HAWK,,NAWH,90,1,26,5,,55,A
366999613,2023-06-01T02:16:33,28.16670,-94.29651,0.9,127.4,511.0,CG HAWK,,NAWH,90,1,26,5,,55,A
366999613,2023-06-01T02:26:22,28.16673,-94.29647,0.4,135.8,511.0,CG HAWK,,NAWH,90,1,26,5,,55,A
366999613,2023-06-01T02:41:31,28.16673,-94.29647,0.6,134.9,511.0,CG HAWK,,NAWH,90,1,26,5,,55,A
366999613,2023-06-01T02:56:30,28.16673,-94.29648,1.0,140.8,511.0,CG HAWK,,NAWH,90,1,26,5,,55,A
366999613,2023-06-01T03:04:33,28.16676,-94.29646,0.6,142.2,511.0,CG HAWK,,NAWH,90,1,26,5,,55,A
366999613,2023-06-01T03:07:33,28.16675,-94.29647,0.9,106.8,511.0,CG HAWK,,NAWH,90,1,26,5,,55,A
366999613,2023-06-01T03:16:37,28.16673,-94.29647,0.3,142.2,511.0,CG HAWK,,NAWH,90,1,26,5,,55,A
366999613,2023-06-01T03:22:37,28.16673,-94.29646,0.2,99.5,511.0,CG HAWK,,NAWH,90,1,26,5,,55,A
366999613,2023-06-01T03:28:35,28.16672,-94.29647,0.3,339.9,511.0,CG HAWK,,NAWH,90,1,26,5,,55,A
366999613,2023-06-01T03:31:33,28.16672,-94.29648,0.2,168.4,511.0,CG HAWK,,NAWH,90,1,26,5,,55,A
366999613,2023-06-01T03:52:42,28.16677,-94.29642,1.1,143.5,511.0,CG HAWK,,NAWH,90,1,26,5,,55,A
366999613,2023-06-01T03:58:44,28.16679,-94.29641,0.4,170.2,511.0,CG HAWK,,NAWH,90,1,26,5,,55,A
366999613,2023-06-01T04:07:33,28.16678,-94.29638,0.5,171.4,511.0,CG HAWK,,NAWH,90,1,26,5,,55,A
366999613,2023-06-01T04:10:45,28.16678,-94.29640,0.9,330.3,511.0,CG HAWK,,NAWH,90,1,26,5,,55,A
366999613,2023-06-01T04:13:36,28.16678,-94.29640,1.1,160.0,511.0,CG HAWK,,NAWH,90,1,26,5,,55,A
366999613,2023-06-01T04:19:38,28.16679,-94.29640,0.2,140.6,511.0,CG HAWK,,NAWH,90,1,26,5,,55,A
366999613,2023-06-01T04:22:49,28.16680,-94.29637,0.5,154.4,511.0,CG HAWK,,NAWH,90,1,26,5,,55,A
366999613,2023-06-01T04:25:38,28.16681,-94.29635,1.3,153.1,511.0,CG HAWK,,NAWH,90,1,26,5,,55,A
366999613,2023-06-01T04:28:48,28.16679,-94.29639,1.4,158.1,511.0,CG HAWK,,NAWH,90,1,26,5,,55,A
366999613,2023-06-01T04:31:39,28.16678,-94.29638,0.4,50.0,511.0,CG HAWK,,NAWH,90,1,26,5,,55,A
366999613,2023-06-01T04:34:47,28.16678,-94.29640,1.2,329.0,511.0,CG HAWK,,NAWH,90,1,26,5,,55,A
366999613,2023-06-01T04:49:41,28.16680,-94.29638,0.7,177.3,511.0,CG HAWK,,NAWH,90,1,26,5,,55,A
366999613,2023-06-01T04:58:50,28.16680,-94.29636,0.9,8.9,511.0,CG HAWK,,NAWH,90,1,26,5,,55,A
366999613,2023-06-01T05:10:52,28.16677,-94.29639,0.3,331.9,511.0,CG HAWK,,NAWH,90,1,26,5,,55,A
366999613,2023-06-01T05:13:42,28.16678,-94.29638,0.5,313.8,511.0,CG HAWK,,NAWH,90,1,26,5,,55,A
366999613,2023-06-01T05:22:52,28.16678,-94.29638,0.2,164.9,511.0,CG HAWK,,NAWH,90,1,26,5,,55,A
366999613,2023-06-01T05:46:56,28.16679,-94.29635,0.4,163.0,511.0,CG HAWK,,NAWH,90,1,26,5,,55,A
366999613,2023-06-01T05:55:50,28.16681,-94.29632,0.7,10.7,511.0,CG HAWK,,NAWH,90,1,26,5,,55,A
366999613,2023-06-01T05:58:57,28.16678,-94.29638,0.2,143.3,511.0,CG HAWK,,NAWH,90,1,26,5,,55,A
366999613,2023-06-01T06:05:00,28.16679,-94.29635,0.6,308.5,511.0,CG HAWK,,NAWH,90,1,26,5,,55,A
366999613,2023-06-01T06:11:00,28.16680,-94.29632,0.0,145.9,511.0,CG HAWK,,NAWH,90,1,26,5,,55,A
366999613,2023-06-01T06:16:59,28.16683,-94.29628,0.3,344.8,511.0,CG HAWK,,NAWH,90,1,26,5,,55,A
366999613,2023-06-01T06:19:49,28.16684,-94.29626,0.1,336.8,511.0,CG HAWK,,NAWH,90,1,26,5,,55,A
366999613,2023-06-01T06:29:00,28.16685,-94.29623,0.4,32.9,511.0,CG HAWK,,NAWH,90,1,26,5,,55,A
366999613,2023-06-01T06:41:03,28.16686,-94.29623,0.1,32.1,511.0,CG HAWK,,NAWH,90,1,26,5,,55,A
366999613,2023-06-01T06:55:53,28.16686,-94.29617,0.4,142.6,511.0,CG HAWK,,NAWH,90,1,26,5,,55,A
366999613,2023-06-01T07:03:38,28.16686,-94.29619,1.8,249.6,511.0,CG HAWK,,NAWH,90,1,26,5,,55,A
366999613,2023-06-01T07:05:10,28.16687,-94.29615,0.1,15.2,511.0,CG HAWK,,NAWH,90,1,26,5,,55,A
366999613,2023-06-01T07:06:29,28.16687,-94.29613,0.4,15.2,511.0,CG HAWK,,NAWH,90,1,26,5,,55,A
366999613,2023-06-01T07:19:20,28.16686,-94.29615,0.1,311.3,511.0,CG HAWK,,NAWH,90,1,26,5,,55,A
366999613,2023-06-01T07:25:21,28.16686,-94.29616,1.0,340.2,511.0,CG HAWK,,NAWH,90,1,26,5,,55,A
366999613,2023-06-01T07:28:16,28.16686,-94.29617,0.6,334.3,511.0,CG HAWK,,NAWH,90,1,26,5,,55,A
366999613,2023-06-01T07:31:23,28.16687,-94.29615,0.7,16.2,511.0,CG HAWK,,NAWH,90,1,26,5,,55,A
366999613,2023-06-01T07:34:14,28.16686,-94.29616,0.2,207.5,511.0,CG HAWK,,NAWH,90,1,26,5,,55,A
366999613,2023-06-01T07:43:26,28.16685,-94.29619,1.0,174.4,511.0,CG HAWK,,NAWH,90,1,26,5,,55,A
366999613,2023-06-01T07:55:29,28.16684,-94.29622,0.5,161.4,511.0,CG HAWK,,NAWH,90,1,26,5,,55,A
366999613,2023-06-01T08:01:29,28.16683,-94.29620,0.7,359.5,511.0,CG HAWK,,NAWH,90,1,26,5,,55,A
366999613,2023-06-01T08:04:14,28.16682,-94.29624,0.6,177.2,511.0,CG HAWK,,NAWH,90,1,26,5,,55,A
366999613,2023-06-01T08:10:15,28.16683,-94.29620,0.2,174.5,511.0,CG HAWK,,NAWH,90,1,26,5,,55,A
366999613,2023-06-01T08:19:30,28.16683,-94.29621,1.1,355.2,511.0,CG HAWK,,NAWH,90,1,26,5,,55,A
366999613,2023-06-01T09:01:31,28.16684,-94.29620,0.5,165.7,511.0,CG HAWK,,NAWH,90,1,26,5,,55,A
366999613,2023-06-01T09:10:29,28.16684,-94.29618,0.3,356.8,511.0,CG HAWK,,NAWH,90,1,26,5,,55,A
366999613,2023-06-01T09:19:35,28.16684,-94.29620,0.2,301.4,511.0,CG HAWK,,NAWH,90,1,26,5,,55,A
366999613,2023-06-01T09:22:28,28.16683,-94.29622,1.4,170.7,511.0,CG HAWK,,NAWH,90,1,26,5,,55,A
366999613,2023-06-01T09:25:37,28.16683,-94.29623,0.9,336.4,511.0,CG HAWK,,NAWH,90,1,26,5,,55,A
366999613,2023-06-01T09:28:27,28.16684,-94.29622,0.0,326.7,511.0,CG HAWK,,NAWH,90,1,26,5,,55,A
366999613,2023-06-01T09:31:37,28.16685,-94.29622,0.6,236.5,511.0,CG HAWK,,NAWH,90,1,26,5,,55,A
366999613,2023-06-01T09:39:11,28.16685,-94.29605,0.3,33.6,511.0,CG HAWK,,NAWH,90,1,26,5,,55,A
366999613,2023-06-01T09:47:04,28.16682,-94.29600,1.1,162.2,511.0,CG HAWK,,NAWH,90,1,26,5,,55,A
366999613,2023-06-01T10:05:09,28.16682,-94.29605,1.8,201.8,511.0,CG HAWK,,NAWH,90,1,26,5,,55,A
366999613,2023-06-01T10:13:57,28.16679,-94.29629,2.4,250.1,511.0,CG HAWK,,NAWH,90,1,26,5,,55,A
366999613,2023-06-01T10:23:09,28.16675,-94.29634,0.3,338.6,511.0,CG HAWK,,NAWH,90,1,26,5,,55,A
366999613,2023-06-01T10:37:58,28.16668,-94.29644,0.6,163.4,511.0,CG HAWK,,NAWH,90,1,26,5,,55,A
366999613,2023-06-01T10:59:17,28.16675,-94.29632,0.2,62.1,511.0,CG HAWK,,NAWH,90,1,26,5,,55,A
366999613,2023-06-01T11:17:18,28.16671,-94.29636,0.4,2.0,511.0,CG HAWK,,NAWH,90,1,26,5,,55,A
366999613,2023-06-01T11:23:19,28.16671,-94.29636,1.6,157.8,511.0,CG HAWK,,NAWH,90,1,26,5,,55,A
366999613,2023-06-01T11:38:04,28.16669,-94.29638,0.4,342.5,511.0,CG HAWK,,NAWH,90,1,26,5,,55,A
366999613,2023-06-01T11:44:06,28.16669,-94.29640,1.3,345.5,511.0,CG HAWK,,NAWH,90,1,26,5,,55,A
366999613,2023-06-01T11:47:20,28.16671,-94.29640,0.2,337.7,511.0,CG HAWK,,NAWH,90,1,26,5,,55,A
366999613,2023-06-01T11:50:05,28.16669,-94.29641,0.4,160.0,511.0,CG HAWK,,NAWH,90,1,26,5,,55,A
366999613,2023-06-01T12:10:24,28.16669,-94.29642,0.6,319.1,511.0,CG HAWK,,NAWH,90,1,26,5,,55,A
366999613,2023-06-01T12:16:23,28.16667,-94.29646,0.2,335.8,511.0,CG HAWK,,NAWH,90,1,26,5,,55,A
366999613,2023-06-01T12:20:05,28.16670,-94.29643,1.1,338.8,511.0,CG HAWK,,NAWH,90,1,26,5,,55,A
366999613,2023-06-01T12:22:25,28.16666,-94.29644,1.2,177.9,511.0,CG HAWK,,NAWH,90,1,26,5,,55,A
366999613,2023-06-01T12:38:10,28.16677,-94.29635,0.4,105.4,511.0,CG HAWK,,NAWH,90,1,26,5,,55,A
366999613,2023-06-01T12:40:25,28.16679,-94.29628,0.2,74.3,511.0,CG HAWK,,NAWH,90,1,26,5,,55,A
366999613,2023-06-01T13:20:13,28.16662,-94.29654,0.5,135.3,511.0,CG HAWK,,NAWH,90,1,26,5,,55,A
366999613,2023-06-01T13:32:15,28.16660,-94.29657,0.5,92.9,511.0,CG HAWK,,NAWH,90,1,26,5,,55,A
366999613,2023-06-01T13:40:38,28.16655,-94.29658,1.0,125.0,511.0,CG HAWK,,NAWH,90,1,26,5,,55,A
366999613,2023-06-01T13:56:18,28.16661,-94.29653,1.0,4.3,511.0,CG HAWK,,NAWH,90,1,26,5,,55,A
366999613,2023-06-01T14:02:17,28.16662,-94.29649,0.7,169.1,511.0,CG HAWK,,NAWH,90,1,26,5,,55,A
366999613,2023-06-01T14:08:18,28.16652,-94.29658,0.2,79.5,511.0,CG HAWK,,NAWH,90,1,26,5,,55,A
366999613,2023-06-01T14:14:19,28.16669,-94.29647,0.7,109.5,511.0,CG HAWK,,NAWH,90,1,26,5,,55,A
366999613,2023-06-01T14:16:38,28.16670,-94.29647,1.1,150.3,511.0,CG HAWK,,NAWH,90,1,26,5,,55,A
366999613,2023-06-01T14:28:32,28.16672,-94.29641,0.5,258.8,511.0,CG HAWK,,NAWH,90,1,26,5,,55,A
366999613,2023-06-01T14:31:03,28.16666,-94.29646,0.5,102.3,511.0,CG HAWK,,NAWH,90,1,26,5,,55,A
366999613,2023-06-01T14:40:07,28.16666,-94.29650,0.2,268.8,511.0,CG HAWK,,NAWH,90,1,26,5,,55,A
366999613,2023-06-01T14:46:08,28.16661,-94.29653,0.4,99.6,511.0,CG HAWK,,NAWH,90,1,26,5,,55,A
366999613,2023-06-01T14:49:15,28.16668,-94.29650,0.5,101.0,511.0,CG HAWK,,NAWH,90,1,26,5,,55,A
366999613,2023-06-01T15:04:13,28.16658,-94.29656,1.4,121.3,511.0,CG HAWK,,NAWH,90,1,26,5,,55,A
366999613,2023-06-01T15:10:16,28.16646,-94.29659,0.4,261.8,511.0,CG HAWK,,NAWH,90,1,26,5,,55,A
366999613,2023-06-01T15:13:17,28.16656,-94.29656,0.1,281.8,511.0,CG HAWK,,NAWH,90,1,26,5,,55,A
366999613,2023-06-01T15:22:17,28.16646,-94.29658,1.3,263.2,511.0,CG HAWK,,NAWH,90,1,26,5,,55,A
366999613,2023-06-01T15:28:20,28.16655,-94.29656,1.0,104.4,511.0,CG HAWK,,NAWH,90,1,26,5,,55,A
366999613,2023-06-01T15:40:24,28.16658,-94.29655,0.5,263.9,511.0,CG HAWK,,NAWH,90,1,26,5,,55,A
366999613,2023-06-01T15:58:27,28.16648,-94.29658,1.2,277.3,511.0,CG HAWK,,NAWH,90,1,26,5,,55,A
366999613,2023-06-01T16:56:42,28.17391,-94.30028,13.4,345.3,511.0,CG HAWK,,NAWH,90,1,26,5,,55,A
366999613,2023-06-01T00:14:07,28.16667,-94.29651,0.5,129.2,511.0,CG HAWK,,NAWH,90,1,26,5,,55,A
366999613,2023-06-01T00:23:20,28.16665,-94.29653,0.7,103.0,511.0,CG HAWK,,NAWH,90,1,26,5,,55,A
366999613,2023-06-01T00:26:09,28.16671,-94.29650,0.2,93.6,511.0,CG HAWK,,NAWH,90,1,26,5,,55,A
366999613,2023-06-01T00:29:21,28.16667,-94.29652,0.2,105.0,511.0,CG HAWK,,NAWH,90,1,26,5,,55,A
366999613,2023-06-01T00:53:23,28.16669,-94.29648,0.3,165.8,511.0,CG HAWK,,NAWH,90,1,26,5,,55,A
366999613,2023-06-01T01:02:13,28.16669,-94.29647,0.3,117.6,511.0,CG HAWK,,NAWH,90,1,26,5,,55,A
366999613,2023-06-01T01:11:22,28.16667,-94.29651,0.9,350.6,511.0,CG HAWK,,NAWH,90,1,26,5,,55,A
366999613,2023-06-01T01:14:13,28.16670,-94.29645,0.3,310.2,511.0,CG HAWK,,NAWH,90,1,26,5,,55,A
366999613,2023-06-01T01:29:24,28.16670,-94.29646,0.4,308.3,511.0,CG HAWK,,NAWH,90,1,26,5,,55,A
366999613,2023-06-01T01:35:25,28.16672,-94.29646,0.7,109.1,511.0,CG HAWK,,NAWH,90,1,26,5,,55,A
367412240,2023-07-19T03:14:53,28.14843,-94.29238,3.2,242.4,511.0,CAPT BUBBA,IMO8958241,WCZ4654,30,,22,6,,,B
367412240,2023-08-16T03:52:07,28.15351,-94.27653,3.0,238.1,511.0,CAPT BUBBA,IMO8958241,WCZ4654,30,,22,6,,,B
367412240,2023-08-16T03:53:37,28.15283,-94.27775,2.9,238.3,511.0,CAPT BUBBA,IMO8958241,WCZ4654,30,,22,6,,,B
367412240,2023-08-16T03:55:06,28.15217,-94.27899,3.2,237.2,511.0,CAPT BUBBA,IMO8958241,WCZ4654,30,,22,6,,,B
367412240,2023-08-16T03:56:43,28.15142,-94.28030,3.2,236.4,511.0,CAPT BUBBA,IMO8958241,WCZ4654,30,,22,6,,,B
367412240,2023-08-16T03:58:07,28.15075,-94.28148,3.3,237.4,511.0,CAPT BUBBA,IMO8958241,WCZ4654,30,,22,6,,,B
367412240,2023-08-16T04:00:06,28.14985,-94.28312,2.9,238.6,511.0,CAPT BUBBA,IMO8958241,WCZ4654,30,,22,6,,,B
367412240,2023-08-16T04:01:37,28.14916,-94.28437,3.0,239.0,511.0,CAPT BUBBA,IMO8958241,WCZ4654,30,,22,6,,,B
367412240,2023-08-16T04:03:08,28.14847,-94.28560,2.9,239.5,511.0,CAPT BUBBA,IMO8958241,WCZ4654,30,,22,6,,,B
366816910,2023-08-06T00:25:09,28.18313,-94.31223,8.5,27.7,26.0,TERRY BORDELON,IMO9260744,WDA5140,90,5,44,10,3.0,70,A
366999613,2023-05-31T23:12:22,28.18248,-94.31033,10.8,148.3,511.0,CG HAWK,,NAWH,90,0,26,5,,55,A
366999613,2023-05-31T23:13:32,28.17966,-94.30792,11.4,144.3,511.0,CG HAWK,,NAWH,90,0,26,5,,55,A
366999613,2023-05-31T23:14:41,28.17709,-94.30521,10.5,139.1,511.0,CG HAWK,,NAWH,90,0,26,5,,55,A
366999613,2023-05-31T23:16:22,28.17397,-94.30084,10.0,130.6,511.0,CG HAWK,,NAWH,90,0,26,5,,55,A
366999613,2023-05-31T23:19:02,28.16832,-94.29777,4.0,194.0,511.0,CG HAWK,,NAWH,90,0,26,5,,55,A
366999613,2023-05-31T23:20:03,28.16750,-94.29728,2.5,138.2,511.0,CG HAWK,,NAWH,90,0,26,5,,55,A
366999613,2023-05-31T23:21:12,28.16685,-94.29675,1.1,179.9,511.0,CG HAWK,,NAWH,90,0,26,5,,55,A
366999613,2023-05-31T23:22:21,28.16675,-94.29674,0.7,232.9,511.0,CG HAWK,,NAWH,90,0,26,5,,55,A
366999613,2023-05-31T23:23:32,28.16663,-94.29654,1.7,143.0,511.0,CG HAWK,,NAWH,90,0,26,5,,55,A
366999613,2023-05-31T23:24:53,28.16656,-94.29648,1.8,231.5,511.0,CG HAWK,,NAWH,90,0,26,5,,55,A
366999613,2023-05-31T23:26:53,28.16649,-94.29644,1.0,162.8,511.0,CG HAWK,,NAWH,90,0,26,5,,55,A
366999613,2023-05-31T23:28:02,28.16663,-94.29655,1.1,321.7,511.0,CG HAWK,,NAWH,90,0,26,5,,55,A
366999613,2023-05-31T23:29:12,28.16656,-94.29651,1.1,192.6,511.0,CG HAWK,,NAWH,90,0,26,5,,55,A
366999613,2023-05-31T23:30:32,28.16670,-94.29647,1.1,344.3,511.0,CG HAWK,,NAWH,90,0,26,5,,55,A
366999613,2023-05-31T23:31:51,28.16664,-94.29655,0.7,225.0,511.0,CG HAWK,,NAWH,90,0,26,5,,55,A
366999613,2023-05-31T23:33:32,28.16661,-94.29658,0.9,307.6,511.0,CG HAWK,,NAWH,90,0,26,5,,55,A
366999613,2023-05-31T23:34:33,28.16662,-94.29655,0.3,345.2,511.0,CG HAWK,,NAWH,90,1,26,5,,55,A
366999613,2023-05-31T23:59:18,28.16667,-94.29654,0.3,0.0,511.0,CG HAWK,,NAWH,90,1,26,5,,55,A
338431393,2023-09-04T03:50:06,28.16569,-94.29628,0.3,360.0,511.0,ECLIPSE CHASER,,,37,,16,5,,,B
338431393,2023-09-04T03:56:06,28.16568,-94.29628,0.1,360.0,511.0,ECLIPSE CHASER,,,37,,16,5,,,B
338431393,2023-09-04T04:02:08,28.16570,-94.29623,0.3,360.0,511.0,ECLIPSE CHASER,,,37,,16,5,,,B
367721580,2023-05-19T14:02:52,28.15778,-94.29729,6.8,332.3,511.0,ALICE MAE,,WDI6724,30,,18,5,,,B
367721580,2023-05-19T14:04:52,28.16112,-94.29924,6.7,332.1,511.0,ALICE MAE,,WDI6724,30,,18,5,,,B
367721580,2023-05-19T14:06:23,28.16366,-94.30072,6.8,331.8,511.0,ALICE MAE,,WDI6724,30,,18,5,,,B
367721580,2023-05-19T14:07:53,28.16618,-94.30219,6.6,329.8,511.0,ALICE MAE,,WDI6724,30,,18,5,,,B
367721580,2023-05-19T14:09:23,28.16871,-94.30357,6.6,333.5,511.0,ALICE MAE,,WDI6724,30,,18,5,,,B
367721580,2023-05-19T14:13:53,28.17629,-94.30771,6.3,335.5,511.0,ALICE MAE,,WDI6724,30,,18,5,,,B
367721580,2023-05-19T14:14:55,28.17807,-94.30865,6.6,333.9,511.0,ALICE MAE,,WDI6724,30,,18,5,,,B
367721580,2023-05-19T14:16:55,28.18136,-94.31052,6.4,331.4,511.0,ALICE MAE,,WDI6724,30,,18,5,,,B
367339060,2023-07-20T07:36:58,28.14844,-94.31118,2.8,286.5,511.0,DOCTOR BILL,IMO7437331,WCX9613,30,,21,6,,,B
367339060,2023-07-24T02:28:30,28.14883,-94.27918,2.9,43.9,511.0,DOCTOR BILL,IMO7437331,WCX9613,30,,21,6,,,B
367339060,2023-09-22T01:11:24,28.14862,-94.28266,2.8,63.2,511.0,DOCTOR BILL,IMO7437331,WCX9613,30,,21,6,,,B
367339060,2023-09-22T01:13:58,28.14929,-94.28031,3.0,66.5,511.0,DOCTOR BILL,IMO7437331,WCX9613,30,,21,6,,,B
367339060,2023-09-22T05:34:32,28.14938,-94.27708,3.2,240.6,511.0,DOCTOR BILL,IMO7437331,WCX9613,30,,21,6,,,B
367339060,2023-09-22T05:36:01,28.14874,-94.27829,3.1,240.8,511.0,DOCTOR BILL,IMO7437331,WCX9613,30,,21,6,,,B
367339060,2023-11-09T05:34:27,28.14918,-94.27943,2.8,81.1,511.0,DOCTOR BILL,IMO7437331,WCX9613,30,,21,6,,,B
368188660,2023-05-06T18:28:57,28.15054,-94.31586,8.3,101.8,511.0,KENNETH HOLT,,WDM2492,30,,28,9,,,B
368188660,2023-05-06T18:29:58,28.15018,-94.31331,7.9,98.5,511.0,KENNETH HOLT,,WDM2492,30,,28,9,,,B
368188660,2023-05-06T18:31:27,28.14967,-94.30960,7.6,98.2,511.0,KENNETH HOLT,,WDM2492,30,,28,9,,,B
368188660,2023-05-06T18:32:57,28.14917,-94.30603,8.9,104.4,511.0,KENNETH HOLT,,WDM2492,30,,28,9,,,B
368188660,2023-05-06T18:33:58,28.14880,-94.30354,7.8,94.6,511.0,KENNETH HOLT,,WDM2492,30,,28,9,,,B
368145320,2023-05-20T22:55:25,28.15372,-94.30035,6.9,17.2,511.0,SMOKING 45,,WDL5878,37,,15,4,,,B
368145320,2023-05-20T23:11:05,28.16347,-94.29877,6.2,192.9,511.0,SMOKING 45,,WDL5878,37,,15,4,,,B
368145320,2023-05-20T23:12:32,28.16348,-94.29753,5.0,18.8,511.0,SMOKING 45,,WDL5878,37,,15,4,,,B
368145320,2023-05-20T23:16:38,28.16815,-94.29189,6.8,0.7,511.0,SMOKING 45,,WDL5878,37,,15,4,,,B
368145320,2023-05-20T23:18:38,28.17111,-94.29370,6.4,316.3,511.0,SMOKING 45,,WDL5878,37,,15,4,,,B
368145320,2023-05-20T23:20:03,28.17242,-94.29603,6.0,297.2,511.0,SMOKING 45,,WDL5878,37,,15,4,,,B
368145320,2023-05-20T23:22:03,28.17476,-94.29469,5.9,70.3,511.0,SMOKING 45,,WDL5878,37,,15,4,,,B
368145320,2023-05-20T23:24:05,28.17358,-94.29128,6.4,112.9,511.0,SMOKING 45,,WDL5878,37,,15,4,,,B
368145320,2023-05-20T23:27:05,28.16954,-94.28792,5.2,142.1,511.0,SMOKING 45,,WDL5878,37,,15,4,,,B
368145320,2023-05-20T23:32:06,28.16327,-94.28745,6.5,199.4,511.0,SMOKING 45,,WDL5878,37,,15,4,,,B
368232020,2023-07-13T17:19:45,28.16537,-94.30437,7.3,307.9,511.0,PATRICIA DE-ANNE,,WDM7223,30,,28,8,,,B
368232020,2023-07-13T17:21:44,28.16778,-94.30805,7.5,305.3,511.0,PATRICIA DE-ANNE,,WDM7223,30,,28,8,,,B
368232020,2023-07-13T17:11:45,28.15557,-94.28957,7.7,312.1,511.0,PATRICIA DE-ANNE,,WDM7223,30,,28,8,,,B
367441520,2023-07-15T02:33:29,28.14942,-94.29331,0.3,256.8,511.0,CAPT NICHOLAS,IMO9243136,WCZ7089,30,,22,6,,,B
367441520,2023-07-15T02:48:29,28.14943,-94.29319,0.2,314.2,511.0,CAPT NICHOLAS,IMO9243136,WCZ7089,30,,22,6,,,B
367441520,2023-07-15T03:12:30,28.14942,-94.29330,0.3,229.7,511.0,CAPT NICHOLAS,IMO9243136,WCZ7089,30,,22,6,,,B
367441520,2023-07-15T03:30:29,28.14942,-94.29326,0.3,184.0,511.0,CAPT NICHOLAS,IMO9243136,WCZ7089,30,,22,6,,,B
367441520,2023-07-15T03:33:30,28.14943,-94.29329,0.5,123.3,511.0,CAPT NICHOLAS,IMO9243136,WCZ7089,30,,22,6,,,B
367441520,2023-07-15T03:36:29,28.14943,-94.29322,0.8,64.2,511.0,CAPT NICHOLAS,IMO9243136,WCZ7089,30,,22,6,,,B
367441520,2023-07-15T03:48:29,28.14943,-94.29326,0.3,153.5,511.0,CAPT NICHOLAS,IMO9243136,WCZ7089,30,,22,6,,,B
367441520,2023-07-15T04:00:29,28.14943,-94.29320,0.4,99.4,511.0,CAPT NICHOLAS,IMO9243136,WCZ7089,30,,22,6,,,B
367441520,2023-07-15T04:18:29,28.14945,-94.29313,0.4,316.0,511.0,CAPT NICHOLAS,IMO9243136,WCZ7089,30,,22,6,,,B
367441520,2023-07-15T04:33:29,28.14944,-94.29318,0.2,338.9,511.0,CAPT NICHOLAS,IMO9243136,WCZ7089,30,,22,6,,,B
367441520,2023-07-15T05:42:29,28.14945,-94.29301,0.5,135.7,511.0,CAPT NICHOLAS,IMO9243136,WCZ7089,30,,22,6,,,B
367441520,2023-07-15T08:18:29,28.14942,-94.29223,0.6,22.5,511.0,CAPT NICHOLAS,IMO9243136,WCZ7089,30,,22,6,,,B
367743220,2023-07-14T04:20:38,28.14880,-94.29288,0.3,75.7,511.0,CAPT EDWARD,IMO8860365,WDI8894,30,,23,6,,,B
367743220,2023-07-14T05:02:39,28.14880,-94.29270,0.1,57.5,511.0,CAPT EDWARD,IMO8860365,WDI8894,30,,23,6,,,B
367743220,2023-07-14T05:20:38,28.14881,-94.29270,0.6,331.8,511.0,CAPT EDWARD,IMO8860365,WDI8894,30,,23,6,,,B
367743220,2023-07-14T06:11:37,28.14877,-94.29240,0.6,349.7,511.0,CAPT EDWARD,IMO8860365,WDI8894,30,,23,6,,,B
367743220,2023-07-14T06:38:38,28.14877,-94.29241,0.6,291.2,511.0,CAPT EDWARD,IMO8860365,WDI8894,30,,23,6,,,B
367743220,2023-07-14T07:59:39,28.14873,-94.29218,0.4,208.8,511.0,CAPT EDWARD,IMO8860365,WDI8894,30,,23,6,,,B
367743220,2023-07-14T08:17:38,28.14870,-94.29213,0.4,182.3,511.0,CAPT EDWARD,IMO8860365,WDI8894,30,,23,6,,,B
367743220,2023-07-14T08:20:38,28.14870,-94.29212,1.0,33.1,511.0,CAPT EDWARD,IMO8860365,WDI8894,30,,23,6,,,B
367743220,2023-07-14T08:29:38,28.14871,-94.29209,0.1,1.7,511.0,CAPT EDWARD,IMO8860365,WDI8894,30,,23,6,,,B
367743220,2023-07-14T08:32:39,28.14869,-94.29210,0.2,276.8,511.0,CAPT EDWARD,IMO8860365,WDI8894,30,,23,6,,,B
367743220,2023-07-14T09:11:39,28.14867,-94.29202,0.6,64.6,511.0,CAPT EDWARD,IMO8860365,WDI8894,30,,23,6,,,B
367743220,2023-07-15T02:39:03,28.14880,-94.29315,0.2,133.9,511.0,CAPT EDWARD,IMO8860365,WDI8894,30,,23,6,,,B
367743220,2023-07-15T02:54:02,28.14882,-94.29309,0.5,75.3,511.0,CAPT EDWARD,IMO8860365,WDI8894,30,,23,6,,,B
367743220,2023-07-15T03:12:03,28.14880,-94.29320,0.5,50.2,511.0,CAPT EDWARD,IMO8860365,WDI8894,30,,23,6,,,B
367743220,2023-07-15T03:18:03,28.14880,-94.29321,0.2,254.6,511.0,CAPT EDWARD,IMO8860365,WDI8894,30,,23,6,,,B
367743220,2023-07-15T03:30:03,28.14881,-94.29315,0.6,276.7,511.0,CAPT EDWARD,IMO8860365,WDI8894,30,,23,6,,,B
367743220,2023-07-15T03:33:03,28.14881,-94.29316,0.3,269.7,511.0,CAPT EDWARD,IMO8860365,WDI8894,30,,23,6,,,B
367743220,2023-07-15T03:57:06,28.14881,-94.29310,0.2,321.1,511.0,CAPT EDWARD,IMO8860365,WDI8894,30,,23,6,,,B
367743220,2023-07-15T05:42:03,28.14883,-94.29295,0.2,310.9,511.0,CAPT EDWARD,IMO8860365,WDI8894,30,,23,6,,,B
367743220,2023-07-15T06:39:03,28.14882,-94.29261,0.1,208.1,511.0,CAPT EDWARD,IMO8860365,WDI8894,30,,23,6,,,B
367743220,2023-07-15T06:42:03,28.14882,-94.29258,0.4,252.3,511.0,CAPT EDWARD,IMO8860365,WDI8894,30,,23,6,,,B
367743220,2023-07-15T06:57:02,28.14881,-94.29253,0.4,220.9,511.0,CAPT EDWARD,IMO8860365,WDI8894,30,,23,6,,,B
367743220,2023-07-15T08:09:04,28.14880,-94.29234,0.2,356.6,511.0,CAPT EDWARD,IMO8860365,WDI8894,30,,23,6,,,B
368225180,2023-07-01T21:09:46,28.17187,-94.29036,10.4,225.2,511.0,KNIGHT SWAN,,WDM6427,37,,19,5,,,B
368225180,2023-07-01T21:11:17,28.16896,-94.29411,9.9,230.4,511.0,KNIGHT SWAN,,WDM6427,37,,19,5,,,B
368225180,2023-07-02T04:51:17,28.16657,-94.29744,1.2,9.1,511.0,KNIGHT SWAN,,WDM6427,37,,19,5,,,B
368225180,2023-07-02T04:57:16,28.16652,-94.29747,0.1,212.0,511.0,KNIGHT SWAN,,WDM6427,37,,19,5,,,B
368225180,2023-07-02T05:12:46,28.16657,-94.29743,2.0,223.9,511.0,KNIGHT SWAN,,WDM6427,37,,19,5,,,B
368119840,2023-07-31T19:28:26,28.16275,-94.29702,6.6,14.4,11.0,WRAPPED UP,,,37,,0,0,,,B
368119840,2023-07-31T19:32:43,28.16643,-94.29434,6.6,35.7,32.0,WRAPPED UP,,,37,,0,0,,,B
368119840,2023-07-31T19:35:32,28.16769,-94.29348,1.9,195.0,220.0,WRAPPED UP,,,37,,0,0,,,B
368119840,2023-07-31T19:37:06,28.16731,-94.29362,2.1,216.0,215.0,WRAPPED UP,,,37,,0,0,,,B
368119840,2023-07-31T19:42:06,28.17355,-94.29194,3.3,26.4,20.0,WRAPPED UP,,,37,,0,0,,,B
368119840,2023-07-31T19:45:58,28.17386,-94.29162,1.6,102.7,95.0,WRAPPED UP,,,37,,0,0,,,B
368119840,2023-07-31T19:47:00,28.17353,-94.29125,1.9,143.4,130.0,WRAPPED UP,,,37,,0,0,,,B
368119840,2023-07-31T19:48:18,28.17309,-94.29107,2.1,176.1,174.0,WRAPPED UP,,,37,,0,0,,,B
368119840,2023-07-31T19:50:15,28.17233,-94.29122,1.9,217.0,226.0,WRAPPED UP,,,37,,0,0,,,B
368119840,2023-07-31T19:52:18,28.17163,-94.29241,2.7,282.7,309.0,WRAPPED UP,,,37,,0,0,,,B
368119840,2023-07-31T19:53:21,28.17253,-94.29203,2.9,44.0,38.0,WRAPPED UP,,,37,,0,0,,,B
368119840,2023-07-31T19:55:00,28.17384,-94.29177,1.7,300.2,266.0,WRAPPED UP,,,37,,0,0,,,B
368119840,2023-07-31T20:01:04,28.17284,-94.29204,0.5,174.5,211.0,WRAPPED UP,,,37,,0,0,,,B
368119840,2023-07-31T20:03:34,28.17246,-94.29195,2.0,229.8,282.0,WRAPPED UP,,,37,,0,0,,,B
368119840,2023-07-31T20:04:35,28.17235,-94.29232,2.1,281.9,310.0,WRAPPED UP,,,37,,0,0,,,B
368119840,2023-07-31T20:12:49,28.17376,-94.29159,2.0,321.2,324.0,WRAPPED UP,,,37,,0,0,,,B
368119840,2023-07-31T20:16:52,28.17316,-94.29144,2.1,156.3,127.0,WRAPPED UP,,,37,,0,0,,,B
368119840,2023-07-31T20:22:12,28.17184,-94.29053,0.3,104.4,146.0,WRAPPED UP,,,37,,0,0,,,B
368119840,2023-07-31T20:36:14,28.17329,-94.29185,7.1,299.7,309.0,WRAPPED UP,,,37,,0,0,,,B
368119840,2023-07-31T20:40:21,28.17462,-94.29327,0.5,150.9,57.0,WRAPPED UP,,,37,,0,0,,,B
368119840,2023-07-31T20:42:36,28.17441,-94.29293,2.0,204.3,38.0,WRAPPED UP,,,37,,0,0,,,B
368119840,2023-07-31T20:49:47,28.17991,-94.29267,21.1,355.7,353.0,WRAPPED UP,,,37,,0,0,,,B
368119840,2023-07-31T19:26:56,28.15484,-94.29842,31.0,11.3,9.0,WRAPPED UP,,,37,,0,0,,,B
367606280,2023-08-08T22:51:54,28.15169,-94.29736,8.9,220.8,511.0,THERESE DANOS,IMO9097135,WDH3296,90,15,45,10,,70,A
367606280,2023-08-08T22:53:14,28.14908,-94.30004,9.1,221.0,511.0,THERESE DANOS,IMO9097135,WDH3296,90,15,45,10,,70,A
366843280,2023-08-04T00:31:47,28.16668,-94.29722,0.2,153.2,132.0,FLING,,WDA7435,60,0,29,6,,60,A
366843280,2023-08-04T04:51:06,28.16671,-94.29724,0.3,161.1,156.0,FLING,,WDA7435,60,1,29,6,,60,A
366843280,2023-07-19T02:10:14,28.16656,-94.29745,0.1,360.0,198.0,FLING,,WDA7435,60,3,29,6,,60,A
366843280,2023-07-19T02:14:15,28.16653,-94.29746,0.3,66.3,188.0,FLING,,WDA7435,60,3,29,6,,60,A
366843280,2023-07-19T02:16:55,28.16654,-94.29745,0.1,360.0,194.0,FLING,,WDA7435,60,3,29,6,,60,A
366843280,2023-07-19T02:18:15,28.16653,-94.29745,0.0,360.0,199.0,FLING,,WDA7435,60,3,29,6,,60,A
366843280,2023-07-19T02:23:04,28.16654,-94.29746,0.6,14.4,194.0,FLING,,WDA7435,60,3,29,6,,60,A
366843280,2023-07-19T02:32:04,28.16668,-94.29722,0.6,62.7,119.0,FLING,,WDA7435,60,3,29,6,,60,A
366843280,2023-07-19T02:33:24,28.16668,-94.29711,1.4,70.7,127.0,FLING,,WDA7435,60,3,29,6,,60,A
366843280,2023-07-19T02:44:15,28.16663,-94.29740,0.3,250.0,193.0,FLING,,WDA7435,60,3,29,6,,60,A
366843280,2023-07-19T02:53:04,28.16670,-94.29727,0.1,360.0,131.0,FLING,,WDA7435,60,3,29,6,,60,A
366843280,2023-07-19T02:54:15,28.16671,-94.29722,0.0,360.0,136.0,FLING,,WDA7435,60,3,29,6,,60,A
366843280,2023-07-19T03:02:05,28.16671,-94.29711,0.4,210.3,160.0,FLING,,WDA7435,60,3,29,6,,60,A
366843280,2023-07-19T03:03:15,28.16673,-94.29714,0.2,360.0,169.0,FLING,,WDA7435,60,3,29,6,,60,A
366843280,2023-07-19T03:06:15,28.16665,-94.29740,0.7,228.4,170.0,FLING,,WDA7435,60,3,29,6,,60,A
366843280,2023-07-19T03:09:45,28.16668,-94.29738,0.9,349.1,153.0,FLING,,WDA7435,60,3,29,6,,60,A
366843280,2023-07-19T03:11:55,28.16669,-94.29734,0.1,360.0,139.0,FLING,,WDA7435,60,3,29,6,,60,A
366843280,2023-07-19T03:14:05,28.16670,-94.29728,0.4,118.3,140.0,FLING,,WDA7435,60,3,29,6,,60,A
366843280,2023-07-19T03:15:14,28.16671,-94.29724,0.5,166.5,145.0,FLING,,WDA7435,60,3,29,6,,60,A
366843280,2023-07-19T03:26:44,28.16672,-94.29727,0.2,360.0,145.0,FLING,,WDA7435,60,3,29,6,,60,A
366843280,2023-07-19T03:27:55,28.16672,-94.29723,0.2,360.0,147.0,FLING,,WDA7435,60,3,29,6,,60,A
366843280,2023-07-19T03:34:45,28.16672,-94.29724,0.3,36.2,152.0,FLING,,WDA7435,60,3,29,6,,60,A
366843280,2023-07-19T03:37:05,28.16670,-94.29734,0.6,250.7,166.0,FLING,,WDA7435,60,3,29,6,,60,A
366843280,2023-07-19T03:41:35,28.16672,-94.29721,0.2,355.6,151.0,FLING,,WDA7435,60,3,29,6,,60,A
366843280,2023-07-19T03:43:35,28.16672,-94.29713,0.1,360.0,158.0,FLING,,WDA7435,60,3,29,6,,60,A
366843280,2023-07-19T03:47:35,28.16663,-94.29746,0.1,360.0,150.0,FLING,,WDA7435,60,3,29,6,,60,A
366843280,2023-07-19T04:02:45,28.16666,-94.29743,0.4,209.5,159.0,FLING,,WDA7435,60,3,29,6,,60,A
366843280,2023-07-19T04:03:55,28.16668,-94.29742,0.2,360.0,140.0,FLING,,WDA7435,60,3,29,6,,60,A
366843280,2023-07-19T04:05:05,28.16671,-94.29734,0.2,360.0,145.0,FLING,,WDA7435,60,3,29,6,,60,A
366843280,2023-07-19T04:09:04,28.16674,-94.29722,0.3,360.0,156.0,FLING,,WDA7435,60,3,29,6,,60,A
366843280,2023-07-19T04:10:35,28.16673,-94.29727,0.4,270.5,165.0,FLING,,WDA7435,60,3,29,6,,60,A
366843280,2023-07-19T04:11:55,28.16670,-94.29734,0.3,8.2,161.0,FLING,,WDA7435,60,3,29,6,,60,A
366843280,2023-07-19T04:13:14,28.16672,-94.29732,0.3,75.1,147.0,FLING,,WDA7435,60,3,29,6,,60,A
366843280,2023-07-19T04:22:04,28.16670,-94.29738,0.2,360.0,156.0,FLING,,WDA7435,60,3,29,6,,60,A
366843280,2023-07-19T04:24:04,28.16672,-94.29733,0.4,121.5,149.0,FLING,,WDA7435,60,3,29,6,,60,A
366843280,2023-07-19T04:43:05,28.16672,-94.29733,0.3,10.8,155.0,FLING,,WDA7435,60,3,29,6,,60,A
366843280,2023-07-19T04:46:14,28.16669,-94.29740,0.1,360.0,146.0,FLING,,WDA7435,60,3,29,6,,60,A
366843280,2023-07-19T04:48:14,28.16669,-94.29740,0.6,242.4,165.0,FLING,,WDA7435,60,3,29,6,,60,A
366843280,2023-07-19T04:49:54,28.16666,-94.29744,0.6,89.2,142.0,FLING,,WDA7435,60,3,29,6,,60,A
366843280,2023-07-19T04:51:14,28.16669,-94.29740,0.4,331.2,146.0,FLING,,WDA7435,60,3,29,6,,60,A
366843280,2023-07-19T04:52:25,28.16671,-94.29737,0.5,302.1,154.0,FLING,,WDA7435,60,3,29,6,,60,A
366843280,2023-07-19T04:53:55,28.16671,-94.29738,0.1,360.0,158.0,FLING,,WDA7435,60,3,29,6,,60,A
366843280,2023-07-19T04:55:25,28.16671,-94.29735,0.6,122.4,147.0,FLING,,WDA7435,60,3,29,6,,60,A
366843280,2023-07-19T05:10:45,28.16673,-94.29730,0.2,360.0,156.0,FLING,,WDA7435,60,3,29,6,,60,A
366843280,2023-07-19T05:13:45,28.16667,-94.29742,0.2,360.0,142.0,FLING,,WDA7435,60,3,29,6,,60,A
366843280,2023-07-19T05:15:05,28.16671,-94.29735,0.3,129.7,145.0,FLING,,WDA7435,60,3,29,6,,60,A
366843280,2023-07-19T05:16:55,28.16672,-94.29731,0.6,118.2,155.0,FLING,,WDA7435,60,3,29,6,,60,A
366843280,2023-07-19T05:21:55,28.16671,-94.29735,0.3,241.7,157.0,FLING,,WDA7435,60,3,29,6,,60,A
366843280,2023-07-19T05:23:05,28.16671,-94.29734,0.2,360.0,159.0,FLING,,WDA7435,60,3,29,6,,60,A
366843280,2023-07-19T05:25:05,28.16671,-94.29735,0.2,360.0,154.0,FLING,,WDA7435,60,3,29,6,,60,A
366843280,2023-07-19T05:38:15,28.16671,-94.29736,0.5,263.5,170.0,FLING,,WDA7435,60,3,29,6,,60,A
366843280,2023-07-19T05:39:24,28.16672,-94.29735,0.5,60.4,137.0,FLING,,WDA7435,60,3,29,6,,60,A
366843280,2023-07-19T05:41:05,28.16674,-94.29727,0.1,360.0,157.0,FLING,,WDA7435,60,3,29,6,,60,A
366843280,2023-07-19T05:42:45,28.16670,-94.29737,0.2,360.0,170.0,FLING,,WDA7435,60,3,29,6,,60,A
366843280,2023-07-19T05:43:55,28.16670,-94.29738,0.6,69.3,142.0,FLING,,WDA7435,60,3,29,6,,60,A
366843280,2023-07-19T05:45:04,28.16673,-94.29732,0.8,105.7,147.0,FLING,,WDA7435,60,3,29,6,,60,A
366843280,2023-07-19T05:46:14,28.16674,-94.29728,0.2,68.7,160.0,FLING,,WDA7435,60,3,29,6,,60,A
366843280,2023-07-19T05:48:14,28.16674,-94.29726,0.4,100.3,161.0,FLING,,WDA7435,60,3,29,6,,60,A
366843280,2023-07-19T05:49:25,28.16674,-94.29723,0.1,360.0,152.0,FLING,,WDA7435,60,3,29,6,,60,A
366843280,2023-07-19T05:50:45,28.16674,-94.29721,0.2,292.1,166.0,FLING,,WDA7435,60,3,29,6,,60,A
366843280,2023-07-19T05:52:24,28.16672,-94.29736,0.3,242.0,160.0,FLING,,WDA7435,60,3,29,6,,60,A
366843280,2023-07-19T05:53:35,28.16673,-94.29733,0.2,46.9,143.0,FLING,,WDA7435,60,3,29,6,,60,A
366843280,2023-07-19T05:55:05,28.16674,-94.29730,0.1,360.0,164.0,FLING,,WDA7435,60,3,29,6,,60,A
366843280,2023-07-19T05:56:14,28.16674,-94.29732,0.4,332.7,160.0,FLING,,WDA7435,60,3,29,6,,60,A
366843280,2023-07-19T05:57:24,28.16675,-94.29725,0.1,360.0,154.0,FLING,,WDA7435,60,3,29,6,,60,A
366843280,2023-07-19T05:58:44,28.16675,-94.29724,0.1,360.0,170.0,FLING,,WDA7435,60,3,29,6,,60,A
366843280,2023-07-19T06:04:45,28.16675,-94.29728,0.1,360.0,152.0,FLING,,WDA7435,60,3,29,6,,60,A
366843280,2023-07-19T06:06:14,28.16674,-94.29725,0.1,360.0,158.0,FLING,,WDA7435,60,3,29,6,,60,A
366843280,2023-07-19T06:07:44,28.16675,-94.29726,0.5,325.8,168.0,FLING,,WDA7435,60,3,29,6,,60,A
366843280,2023-07-19T06:09:44,28.16670,-94.29738,0.4,220.1,162.0,FLING,,WDA7435,60,3,29,6,,60,A
366843280,2023-07-19T06:10:45,28.16672,-94.29735,0.1,360.0,145.0,FLING,,WDA7435,60,3,29,6,,60,A
366843280,2023-07-19T06:12:04,28.16675,-94.29729,0.2,360.0,161.0,FLING,,WDA7435,60,3,29,6,,60,A
366843280,2023-07-19T06:13:14,28.16673,-94.29734,0.1,360.0,178.0,FLING,,WDA7435,60,3,29,6,,60,A
366843280,2023-07-19T06:14:15,28.16669,-94.29742,0.1,360.0,162.0,FLING,,WDA7435,60,3,29,6,,60,A
366843280,2023-07-19T06:15:24,28.16670,-94.29739,0.2,360.0,146.0,FLING,,WDA7435,60,3,29,6,,60,A
366843280,2023-07-19T06:16:45,28.16674,-94.29730,0.3,57.9,151.0,FLING,,WDA7435,60,3,29,6,,60,A
366843280,2023-07-19T06:18:05,28.16672,-94.29737,0.1,360.0,170.0,FLING,,WDA7435,60,3,29,6,,60,A
366843280,2023-07-19T06:19:15,28.16671,-94.29739,0.4,48.5,147.0,FLING,,WDA7435,60,3,29,6,,60,A
366843280,2023-07-19T06:20:35,28.16673,-94.29733,0.1,360.0,147.0,FLING,,WDA7435,60,3,29,6,,60,A
366843280,2023-07-19T06:23:04,28.16672,-94.29738,0.1,360.0,165.0,FLING,,WDA7435,60,3,29,6,,60,A
366843280,2023-07-19T06:24:35,28.16675,-94.29729,0.8,63.9,145.0,FLING,,WDA7435,60,3,29,6,,60,A
366843280,2023-07-19T06:25:55,28.16674,-94.29732,0.1,360.0,166.0,FLING,,WDA7435,60,3,29,6,,60,A
366843280,2023-07-19T06:27:04,28.16671,-94.29740,0.2,360.0,165.0,FLING,,WDA7435,60,3,29,6,,60,A
366843280,2023-07-19T06:28:05,28.16672,-94.29736,0.2,360.0,143.0,FLING,,WDA7435,60,3,29,6,,60,A
366843280,2023-07-19T06:29:14,28.16675,-94.29730,0.1,360.0,154.0,FLING,,WDA7435,60,3,29,6,,60,A
366843280,2023-07-19T06:30:34,28.16670,-94.29742,0.1,360.0,169.0,FLING,,WDA7435,60,3,29,6,,60,A
366843280,2023-07-19T06:31:45,28.16669,-94.29742,0.5,32.4,135.0,FLING,,WDA7435,60,3,29,6,,60,A
366843280,2023-07-19T06:34:34,28.16671,-94.29738,0.3,229.5,159.0,FLING,,WDA7435,60,3,29,6,,60,A
366843280,2023-07-19T06:35:44,28.16671,-94.29738,0.1,360.0,149.0,FLING,,WDA7435,60,3,29,6,,60,A
366843280,2023-07-19T06:37:05,28.16672,-94.29735,0.4,331.5,156.0,FLING,,WDA7435,60,3,29,6,,60,A
366843280,2023-07-19T06:38:15,28.16670,-94.29738,0.1,360.0,159.0,FLING,,WDA7435,60,3,29,6,,60,A
366843280,2023-07-19T06:39:25,28.16668,-94.29745,0.4,261.5,159.0,FLING,,WDA7435,60,3,29,6,,60,A
366843280,2023-07-19T06:41:05,28.16669,-94.29740,0.4,26.6,148.0,FLING,,WDA7435,60,3,29,6,,60,A
366843280,2023-07-19T06:42:15,28.16668,-94.29740,0.4,197.3,148.0,FLING,,WDA7435,60,3,29,6,,60,A
366843280,2023-07-19T06:43:24,28.16671,-94.29738,0.8,78.6,149.0,FLING,,WDA7435,60,3,29,6,,60,A
366843280,2023-07-19T06:44:34,28.16672,-94.29733,0.3,184.9,155.0,FLING,,WDA7435,60,3,29,6,,60,A
366843280,2023-07-19T06:45:44,28.16673,-94.29735,0.2,360.0,154.0,FLING,,WDA7435,60,3,29,6,,60,A
366843280,2023-07-19T06:47:05,28.16668,-94.29745,0.1,360.0,169.0,FLING,,WDA7435,60,3,29,6,,60,A
366843280,2023-07-19T06:48:25,28.16667,-94.29743,0.9,45.7,133.0,FLING,,WDA7435,60,3,29,6,,60,A
366843280,2023-07-19T06:50:25,28.16672,-94.29736,0.0,360.0,169.0,FLING,,WDA7435,60,3,29,6,,60,A
366843280,2023-07-19T06:51:55,28.16672,-94.29731,0.3,51.3,136.0,FLING,,WDA7435,60,3,29,6,,60,A
366843280,2023-07-19T06:53:04,28.16673,-94.29729,0.4,267.2,168.0,FLING,,WDA7435,60,3,29,6,,60,A
366843280,2023-07-19T06:54:25,28.16665,-94.29745,0.5,201.3,151.0,FLING,,WDA7435,60,3,29,6,,60,A
366843280,2023-07-19T06:56:24,28.16670,-94.29738,0.3,65.5,143.0,FLING,,WDA7435,60,3,29,6,,60,A
366843280,2023-07-19T06:57:55,28.16672,-94.29735,0.2,360.0,162.0,FLING,,WDA7435,60,3,29,6,,60,A
366843280,2023-07-19T06:59:14,28.16670,-94.29734,0.3,59.7,143.0,FLING,,WDA7435,60,3,29,6,,60,A
366843280,2023-07-19T07:00:14,28.16674,-94.29728,0.5,225.2,153.0,FLING,,WDA7435,60,3,29,6,,60,A
366843280,2023-07-19T07:01:45,28.16670,-94.29741,0.5,212.3,165.0,FLING,,WDA7435,60,3,29,6,,60,A
366843280,2023-07-19T07:02:54,28.16672,-94.29734,0.3,47.6,127.0,FLING,,WDA7435,60,3,29,6,,60,A
366843280,2023-07-19T07:04:35,28.16672,-94.29737,0.4,265.3,177.0,FLING,,WDA7435,60,3,29,6,,60,A
366843280,2023-07-19T07:07:13,28.16673,-94.29730,0.1,360.0,149.0,FLING,,WDA7435,60,3,29,6,,60,A
366843280,2023-07-19T07:09:04,28.16668,-94.29741,0.3,215.2,154.0,FLING,,WDA7435,60,3,29,6,,60,A
366843280,2023-07-19T07:11:55,28.16672,-94.29738,0.2,278.4,166.0,FLING,,WDA7435,60,3,29,6,,60,A
366843280,2023-07-19T07:13:35,28.16673,-94.29734,0.1,360.0,145.0,FLING,,WDA7435,60,3,29,6,,60,A
366843280,2023-07-19T07:14:55,28.16672,-94.29730,0.1,360.0,163.0,FLING,,WDA7435,60,3,29,6,,60,A
366843280,2023-07-18T22:49:35,28.16631,-94.29672,0.5,149.1,272.0,FLING,,WDA7435,60,0,29,6,,60,A
366843280,2023-07-18T23:13:54,28.16620,-94.29676,0.3,260.5,279.0,FLING,,WDA7435,60,0,29,6,,60,A
366843280,2023-07-18T23:16:34,28.16620,-94.29676,0.1,360.0,280.0,FLING,,WDA7435,60,0,29,6,,60,A
366843280,2023-07-18T23:22:14,28.16622,-94.29674,0.5,263.2,278.0,FLING,,WDA7435,60,0,29,6,,60,A
366843280,2023-07-18T23:24:35,28.16620,-94.29675,0.2,360.0,278.0,FLING,,WDA7435,60,0,29,6,,60,A
366843280,2023-07-18T23:27:15,28.16618,-94.29677,0.2,360.0,275.0,FLING,,WDA7435,60,0,29,6,,60,A
366843280,2023-07-18T23:31:34,28.16618,-94.29678,0.3,89.6,281.0,FLING,,WDA7435,60,3,29,6,,60,A
366843280,2023-07-18T23:33:44,28.16618,-94.29677,0.3,262.2,276.0,FLING,,WDA7435,60,3,29,6,,60,A
366843280,2023-07-18T23:53:15,28.16612,-94.29684,0.3,205.8,282.0,FLING,,WDA7435,60,3,29,6,,60,A
366843280,2023-07-19T00:06:45,28.16612,-94.29684,0.8,196.4,278.0,FLING,,WDA7435,60,3,29,6,,60,A
366843280,2023-07-19T00:17:54,28.16608,-94.29690,0.1,360.0,272.0,FLING,,WDA7435,60,3,29,6,,60,A
366843280,2023-07-19T00:43:43,28.16610,-94.29690,0.1,360.0,267.0,FLING,,WDA7435,60,3,29,6,,60,A
366843280,2023-07-19T01:03:05,28.16614,-94.29683,0.3,288.7,269.0,FLING,,WDA7435,60,3,29,6,,60,A
366843280,2023-07-19T01:04:55,28.16613,-94.29683,0.5,149.0,271.0,FLING,,WDA7435,60,3,29,6,,60,A
366843280,2023-07-19T01:07:25,28.16614,-94.29685,1.2,330.1,264.0,FLING,,WDA7435,60,3,29,6,,60,A
366843280,2023-07-19T01:08:34,28.16616,-94.29682,0.5,101.6,268.0,FLING,,WDA7435,60,3,29,6,,60,A
366843280,2023-07-19T01:10:25,28.16616,-94.29681,0.4,229.4,265.0,FLING,,WDA7435,60,3,29,6,,60,A
366843280,2023-07-19T01:12:05,28.16618,-94.29681,0.2,360.0,265.0,FLING,,WDA7435,60,3,29,6,,60,A
366843280,2023-07-19T01:13:14,28.16619,-94.29680,0.1,360.0,268.0,FLING,,WDA7435,60,3,29,6,,60,A
366843280,2023-07-19T02:38:05,28.16661,-94.29692,0.1,360.0,160.0,FLING,,WDA7435,60,3,29,6,,60,A
366843280,2023-07-19T02:41:05,28.16664,-94.29700,0.1,360.0,192.0,FLING,,WDA7435,60,3,29,6,,60,A
366843280,2023-09-04T05:21:06,28.16590,-94.29786,0.1,360.0,164.0,FLING,,WDA7435,60,1,29,6,,60,A
366843280,2023-07-16T11:53:14,28.16680,-94.29698,0.2,360.0,206.0,FLING,,WDA7435,60,3,29,6,,60,A
366843280,2023-07-16T11:54:25,28.16678,-94.29699,0.3,360.0,200.0,FLING,,WDA7435,60,3,29,6,,60,A
366843280,2023-07-16T16:13:15,28.16760,-94.29188,9.8,70.1,69.0,FLING,,WDA7435,60,3,29,6,,60,A
366843280,2023-07-16T16:14:25,28.16831,-94.28903,3.6,78.5,72.0,FLING,,WDA7435,60,3,29,6,,60,A
366843280,2023-07-16T16:15:35,28.16838,-94.28881,1.4,78.3,66.0,FLING,,WDA7435,60,3,29,6,,60,A
366843280,2023-07-16T16:17:05,28.16857,-94.28814,1.5,82.5,96.0,FLING,,WDA7435,60,3,29,6,,60,A
366843280,2023-07-16T16:18:25,28.16869,-94.28754,1.9,64.9,127.0,FLING,,WDA7435,60,3,29,6,,60,A
366843280,2023-07-16T16:19:35,28.16883,-94.28706,0.6,70.2,139.0,FLING,,WDA7435,60,3,29,6,,60,A
366843280,2023-07-16T16:21:15,28.16909,-94.28637,0.8,69.4,146.0,FLING,,WDA7435,60,3,29,6,,60,A
366843280,2023-07-16T16:23:15,28.16832,-94.28534,7.4,186.4,184.0,FLING,,WDA7435,60,3,29,6,,60,A
366843280,2023-07-16T11:45:55,28.16677,-94.29695,0.7,66.8,191.0,FLING,,WDA7435,60,3,29,6,,60,A
366843280,2023-07-16T11:47:45,28.16674,-94.29692,0.9,92.8,203.0,FLING,,WDA7435,60,3,29,6,,60,A
366843280,2023-07-16T11:48:55,28.16677,-94.29693,0.3,205.5,203.0,FLING,,WDA7435,60,3,29,6,,60,A
366843280,2023-07-16T11:50:04,28.16675,-94.29691,0.3,111.4,192.0,FLING,,WDA7435,60,3,29,6,,60,A
366843280,2023-07-16T11:52:04,28.16676,-94.29691,0.8,72.3,219.0,FLING,,WDA7435,60,3,29,6,,60,A
366843280,2023-07-16T11:55:44,28.16677,-94.29698,0.2,360.0,193.0,FLING,,WDA7435,60,3,29,6,,60,A
366843280,2023-07-16T11:57:14,28.16676,-94.29694,0.6,99.2,199.0,FLING,,WDA7435,60,3,29,6,,60,A
366843280,2023-07-16T11:58:25,28.16676,-94.29694,0.2,186.0,205.0,FLING,,WDA7435,60,3,29,6,,60,A
366843280,2023-07-16T11:59:34,28.16676,-94.29695,0.2,360.0,200.0,FLING,,WDA7435,60,3,29,6,,60,A
366843280,2023-07-16T12:00:04,28.16675,-94.29694,0.1,360.0,201.0,FLING,,WDA7435,60,3,29,6,,60,A
366843280,2023-07-16T12:01:55,28.16675,-94.29692,0.1,360.0,207.0,FLING,,WDA7435,60,3,29,6,,60,A
366843280,2023-07-16T12:03:04,28.16675,-94.29694,0.6,57.1,207.0,FLING,,WDA7435,60,3,29,6,,60,A
366843280,2023-07-16T12:04:14,28.16676,-94.29693,0.8,336.0,199.0,FLING,,WDA7435,60,3,29,6,,60,A
366843280,2023-07-16T12:05:24,28.16675,-94.29692,0.4,290.5,208.0,FLING,,WDA7435,60,3,29,6,,60,A
366843280,2023-07-16T12:06:44,28.16673,-94.29689,0.4,105.3,196.0,FLING,,WDA7435,60,3,29,6,,60,A
366843280,2023-07-16T12:07:55,28.16673,-94.29686,0.6,311.3,212.0,FLING,,WDA7435,60,3,29,6,,60,A
366843280,2023-07-16T12:09:05,28.16675,-94.29691,0.3,360.0,202.0,FLING,,WDA7435,60,3,29,6,,60,A
366843280,2023-07-16T12:10:24,28.16673,-94.29689,0.1,360.0,200.0,FLING,,WDA7435,60,3,29,6,,60,A
366843280,2023-07-16T12:11:34,28.16673,-94.29688,0.5,321.7,210.0,FLING,,WDA7435,60,3,29,6,,60,A
366843280,2023-07-16T12:12:35,28.16676,-94.29690,0.1,360.0,214.0,FLING,,WDA7435,60,3,29,6,,60,A
366843280,2023-07-16T12:13:44,28.16677,-94.29692,0.6,226.3,206.0,FLING,,WDA7435,60,3,29,6,,60,A
366843280,2023-07-16T12:15:04,28.16676,-94.29690,0.3,62.3,203.0,FLING,,WDA7435,60,3,29,6,,60,A
366843280,2023-07-16T12:16:25,28.16675,-94.29691,0.2,360.0,200.0,FLING,,WDA7435,60,3,29,6,,60,A
366843280,2023-07-16T12:17:44,28.16676,-94.29693,0.2,360.0,208.0,FLING,,WDA7435,60,3,29,6,,60,A
366843280,2023-07-16T12:18:55,28.16676,-94.29694,0.7,186.6,208.0,FLING,,WDA7435,60,3,29,6,,60,A
366843280,2023-07-16T12:20:04,28.16674,-94.29690,0.2,360.0,202.0,FLING,,WDA7435,60,3,29,6,,60,A
366843280,2023-07-16T12:21:05,28.16674,-94.29689,0.8,63.2,210.0,FLING,,WDA7435,60,3,29,6,,60,A
366843280,2023-07-16T12:22:25,28.16676,-94.29692,0.7,302.3,212.0,FLING,,WDA7435,60,3,29,6,,60,A
366843280,2023-07-16T12:23:34,28.16676,-94.29693,0.5,110.9,200.0,FLING,,WDA7435,60,3,29,6,,60,A
366843280,2023-07-16T12:24:55,28.16675,-94.29693,0.2,360.0,206.0,FLING,,WDA7435,60,3,29,6,,60,A
366843280,2023-07-16T12:26:05,28.16675,-94.29694,0.4,77.0,203.0,FLING,,WDA7435,60,3,29,6,,60,A
366843280,2023-07-16T12:27:44,28.16671,-94.29687,1.0,309.7,212.0,FLING,,WDA7435,60,3,29,6,,60,A
366843280,2023-07-16T12:28:55,28.16677,-94.29693,0.3,8.1,213.0,FLING,,WDA7435,60,3,29,6,,60,A
366843280,2023-07-16T12:30:44,28.16675,-94.29693,0.2,360.0,199.0,FLING,,WDA7435,60,3,29,6,,60,A
366843280,2023-07-16T12:31:55,28.16676,-94.29690,0.2,360.0,205.0,FLING,,WDA7435,60,3,29,6,,60,A
366843280,2023-07-16T12:33:05,28.16675,-94.29694,1.3,126.3,208.0,FLING,,WDA7435,60,3,29,6,,60,A
366843280,2023-07-16T12:34:14,28.16675,-94.29692,0.3,138.3,198.0,FLING,,WDA7435,60,3,29,6,,60,A
366843280,2023-07-16T12:35:15,28.16672,-94.29687,0.2,360.0,199.0,FLING,,WDA7435,60,3,29,6,,60,A
366843280,2023-07-16T12:36:25,28.16673,-94.29688,0.4,19.2,212.0,FLING,,WDA7435,60,3,29,6,,60,A
366843280,2023-07-16T12:37:35,28.16674,-94.29690,0.3,308.7,207.0,FLING,,WDA7435,60,3,29,6,,60,A
366843280,2023-07-16T12:38:55,28.16673,-94.29689,0.1,360.0,204.0,FLING,,WDA7435,60,3,29,6,,60,A
366843280,2023-07-16T12:40:24,28.16672,-94.29690,0.8,277.9,213.0,FLING,,WDA7435,60,3,29,6,,60,A
366843280,2023-07-16T12:41:44,28.16677,-94.29696,0.2,360.0,216.0,FLING,,WDA7435,60,3,29,6,,60,A
366843280,2023-07-16T12:43:15,28.16676,-94.29698,0.5,118.7,196.0,FLING,,WDA7435,60,3,29,6,,60,A
366843280,2023-07-16T12:44:24,28.16676,-94.29693,0.1,360.0,203.0,FLING,,WDA7435,60,3,29,6,,60,A
366843280,2023-07-16T12:45:34,28.16675,-94.29693,0.7,183.6,209.0,FLING,,WDA7435,60,3,29,6,,60,A
366843280,2023-07-16T12:47:34,28.16676,-94.29694,1.0,338.8,209.0,FLING,,WDA7435,60,3,29,6,,60,A
366843280,2023-07-16T12:48:44,28.16676,-94.29696,0.6,211.5,208.0,FLING,,WDA7435,60,3,29,6,,60,A
366843280,2023-07-16T12:50:05,28.16677,-94.29693,0.6,182.3,208.0,FLING,,WDA7435,60,3,29,6,,60,A
366843280,2023-07-16T12:51:15,28.16677,-94.29696,0.2,360.0,210.0,FLING,,WDA7435,60,3,29,6,,60,A
366843280,2023-07-16T12:52:26,28.16677,-94.29695,0.7,215.9,208.0,FLING,,WDA7435,60,3,29,6,,60,A
366843280,2023-07-16T12:53:34,28.16677,-94.29694,0.4,81.8,208.0,FLING,,WDA7435,60,3,29,6,,60,A
366843280,2023-07-16T12:54:44,28.16676,-94.29693,0.1,360.0,212.0,FLING,,WDA7435,60,3,29,6,,60,A
366843280,2023-07-16T12:56:05,28.16676,-94.29694,0.3,20.7,211.0,FLING,,WDA7435,60,3,29,6,,60,A
366843280,2023-07-16T12:57:24,28.16674,-94.29693,0.2,360.0,208.0,FLING,,WDA7435,60,3,29,6,,60,A
366843280,2023-07-16T12:58:44,28.16675,-94.29693,0.2,360.0,215.0,FLING,,WDA7435,60,3,29,6,,60,A
366843280,2023-07-16T12:59:45,28.16677,-94.29696,0.2,360.0,210.0,FLING,,WDA7435,60,3,29,6,,60,A
366843280,2023-07-16T13:00:15,28.16676,-94.29696,0.2,360.0,205.0,FLING,,WDA7435,60,3,29,6,,60,A
366843280,2023-07-16T13:01:45,28.16677,-94.29696,0.5,341.3,210.0,FLING,,WDA7435,60,3,29,6,,60,A
366843280,2023-07-16T13:03:25,28.16675,-94.29695,0.1,360.0,208.0,FLING,,WDA7435,60,3,29,6,,60,A
366843280,2023-07-16T13:04:34,28.16674,-94.29692,0.3,360.0,200.0,FLING,,WDA7435,60,3,29,6,,60,A
366843280,2023-07-16T13:06:15,28.16671,-94.29687,0.3,360.0,211.0,FLING,,WDA7435,60,3,29,6,,60,A
366843280,2023-07-16T13:07:25,28.16672,-94.29689,0.4,350.3,207.0,FLING,,WDA7435,60,3,29,6,,60,A
366843280,2023-07-16T13:08:34,28.16669,-94.29686,0.1,360.0,207.0,FLING,,WDA7435,60,3,29,6,,60,A
366843280,2023-07-16T13:09:46,28.16670,-94.29685,0.1,360.0,210.0,FLING,,WDA7435,60,3,29,6,,60,A
366843280,2023-07-16T13:12:45,28.16669,-94.29684,0.1,360.0,220.0,FLING,,WDA7435,60,3,29,6,,60,A
366843280,2023-07-16T13:14:04,28.16673,-94.29689,0.5,327.3,213.0,FLING,,WDA7435,60,3,29,6,,60,A
366843280,2023-07-16T13:15:25,28.16674,-94.29692,0.4,42.5,206.0,FLING,,WDA7435,60,3,29,6,,60,A
366843280,2023-07-16T13:16:55,28.16670,-94.29688,0.2,118.3,201.0,FLING,,WDA7435,60,3,29,6,,60,A
366843280,2023-07-16T13:18:04,28.16671,-94.29686,0.6,310.8,216.0,FLING,,WDA7435,60,3,29,6,,60,A
366843280,2023-07-16T13:19:15,28.16672,-94.29689,0.8,287.3,210.0,FLING,,WDA7435,60,3,29,6,,60,A
366843280,2023-07-16T13:20:25,28.16673,-94.29690,0.8,270.2,207.0,FLING,,WDA7435,60,3,29,6,,60,A
366843280,2023-07-16T13:21:45,28.16672,-94.29686,0.6,26.4,213.0,FLING,,WDA7435,60,3,29,6,,60,A
366843280,2023-07-16T13:22:55,28.16672,-94.29687,0.8,216.7,208.0,FLING,,WDA7435,60,3,29,6,,60,A
366843280,2023-07-16T13:24:04,28.16669,-94.29686,0.5,140.3,204.0,FLING,,WDA7435,60,3,29,6,,60,A
366843280,2023-07-16T13:25:24,28.16671,-94.29686,0.7,196.4,221.0,FLING,,WDA7435,60,3,29,6,,60,A
366843280,2023-07-16T13:26:44,28.16672,-94.29689,0.4,213.6,205.0,FLING,,WDA7435,60,3,29,6,,60,A
366843280,2023-07-16T13:27:55,28.16668,-94.29684,0.0,360.0,205.0,FLING,,WDA7435,60,3,29,6,,60,A
366843280,2023-07-16T13:29:15,28.16672,-94.29685,0.3,311.2,226.0,FLING,,WDA7435,60,3,29,6,,60,A
366843280,2023-07-16T13:30:24,28.16671,-94.29687,0.2,360.0,211.0,FLING,,WDA7435,60,3,29,6,,60,A
366843280,2023-07-16T13:31:35,28.16670,-94.29686,0.3,180.5,209.0,FLING,,WDA7435,60,3,29,6,,60,A
366843280,2023-07-16T13:32:44,28.16671,-94.29685,0.1,360.0,218.0,FLING,,WDA7435,60,3,29,6,,60,A
366843280,2023-07-16T13:33:55,28.16670,-94.29685,0.5,233.4,213.0,FLING,,WDA7435,60,3,29,6,,60,A
366843280,2023-07-16T13:35:15,28.16672,-94.29688,0.9,231.7,215.0,FLING,,WDA7435,60,3,29,6,,60,A
366843280,2023-07-16T13:36:25,28.16672,-94.29688,0.5,170.5,207.0,FLING,,WDA7435,60,3,29,6,,60,A
366843280,2023-07-16T13:37:44,28.16673,-94.29690,0.8,1.4,213.0,FLING,,WDA7435,60,3,29,6,,60,A
366843280,2023-07-16T13:38:55,28.16673,-94.29688,0.6,44.0,213.0,FLING,,WDA7435,60,3,29,6,,60,A
366843280,2023-07-16T13:40:04,28.16674,-94.29690,0.7,24.6,210.0,FLING,,WDA7435,60,3,29,6,,60,A
366843280,2023-07-16T13:41:14,28.16672,-94.29688,0.4,180.6,212.0,FLING,,WDA7435,60,3,29,6,,60,A
366843280,2023-07-16T13:42:25,28.16673,-94.29688,0.3,2.7,219.0,FLING,,WDA7435,60,3,29,6,,60,A
366843280,2023-07-16T13:43:34,28.16673,-94.29689,0.7,223.0,216.0,FLING,,WDA7435,60,3,29,6,,60,A
366843280,2023-07-16T13:44:45,28.16672,-94.29688,0.3,226.0,208.0,FLING,,WDA7435,60,3,29,6,,60,A
366843280,2023-07-16T13:45:54,28.16668,-94.29684,0.7,335.9,210.0,FLING,,WDA7435,60,3,29,6,,60,A
366843280,2023-07-16T13:47:04,28.16671,-94.29684,0.4,159.2,216.0,FLING,,WDA7435,60,3,29,6,,60,A
366843280,2023-07-16T13:48:15,28.16671,-94.29687,0.2,309.1,210.0,FLING,,WDA7435,60,3,29,6,,60,A
366843280,2023-07-16T13:49:45,28.16673,-94.29688,0.3,5.9,213.0,FLING,,WDA7435,60,3,29,6,,60,A
366843280,2023-07-16T13:50:46,28.16670,-94.29687,0.5,174.9,209.0,FLING,,WDA7435,60,3,29,6,,60,A
366843280,2023-07-16T13:51:55,28.16670,-94.29686,0.4,131.4,210.0,FLING,,WDA7435,60,3,29,6,,60,A
366843280,2023-07-16T13:53:15,28.16669,-94.29682,0.2,35.0,215.0,FLING,,WDA7435,60,3,29,6,,60,A
366843280,2023-07-16T13:54:24,28.16667,-94.29682,0.4,135.7,214.0,FLING,,WDA7435,60,3,29,6,,60,A
366843280,2023-07-16T13:55:34,28.16669,-94.29683,0.4,80.3,225.0,FLING,,WDA7435,60,3,29,6,,60,A
366843280,2023-07-16T13:56:45,28.16671,-94.29685,0.2,360.0,215.0,FLING,,WDA7435,60,3,29,6,,60,A
366843280,2023-07-16T13:57:54,28.16668,-94.29683,0.2,360.0,209.0,FLING,,WDA7435,60,3,29,6,,60,A
366843280,2023-07-16T13:59:04,28.16667,-94.29680,0.3,208.4,218.0,FLING,,WDA7435,60,3,29,6,,60,A
366843280,2023-07-16T14:00:04,28.16668,-94.29682,0.6,83.2,221.0,FLING,,WDA7435,60,3,29,6,,60,A
366843280,2023-07-16T14:01:15,28.16669,-94.29682,0.1,360.0,221.0,FLING,,WDA7435,60,3,29,6,,60,A
366843280,2023-07-16T14:02:54,28.16667,-94.29684,1.1,211.0,211.0,FLING,,WDA7435,60,3,29,6,,60,A
366843280,2023-07-16T14:04:05,28.16667,-94.29680,0.2,360.0,221.0,FLING,,WDA7435,60,3,29,6,,60,A
366843280,2023-07-16T14:05:14,28.16669,-94.29681,0.3,248.7,220.0,FLING,,WDA7435,60,3,29,6,,60,A
366843280,2023-07-16T14:06:25,28.16667,-94.29682,0.1,360.0,216.0,FLING,,WDA7435,60,3,29,6,,60,A
366843280,2023-07-16T14:07:35,28.16668,-94.29681,0.7,53.7,221.0,FLING,,WDA7435,60,3,29,6,,60,A
366843280,2023-07-16T14:08:45,28.16668,-94.29682,0.8,94.5,217.0,FLING,,WDA7435,60,3,29,6,,60,A
366843280,2023-07-16T14:09:54,28.16667,-94.29681,0.5,171.7,218.0,FLING,,WDA7435,60,3,29,6,,60,A
366843280,2023-07-16T14:11:04,28.16665,-94.29681,0.7,268.6,217.0,FLING,,WDA7435,60,3,29,6,,60,A
366843280,2023-07-16T14:12:15,28.16665,-94.29679,0.3,181.1,217.0,FLING,,WDA7435,60,3,29,6,,60,A
366843280,2023-07-16T14:13:24,28.16666,-94.29679,1.2,338.2,223.0,FLING,,WDA7435,60,3,29,6,,60,A
366843280,2023-07-16T14:14:34,28.16667,-94.29681,0.3,175.1,221.0,FLING,,WDA7435,60,3,29,6,,60,A
366843280,2023-07-16T14:15:44,28.16667,-94.29680,0.5,149.8,216.0,FLING,,WDA7435,60,3,29,6,,60,A
366843280,2023-07-16T14:16:45,28.16666,-94.29680,0.6,160.0,218.0,FLING,,WDA7435,60,3,29,6,,60,A
366843280,2023-07-16T14:18:24,28.16667,-94.29681,0.1,360.0,216.0,FLING,,WDA7435,60,3,29,6,,60,A
366843280,2023-07-16T14:19:34,28.16666,-94.29680,1.1,84.0,224.0,FLING,,WDA7435,60,3,29,6,,60,A
366843280,2023-07-16T14:20:45,28.16668,-94.29680,0.4,20.0,222.0,FLING,,WDA7435,60,3,29,6,,60,A
366843280,2023-07-16T14:21:53,28.16668,-94.29680,0.2,360.0,227.0,FLING,,WDA7435,60,3,29,6,,60,A
366843280,2023-07-16T14:22:54,28.16669,-94.29681,1.0,86.4,222.0,FLING,,WDA7435,60,3,29,6,,60,A
366843280,2023-07-16T14:24:05,28.16666,-94.29679,1.2,52.2,218.0,FLING,,WDA7435,60,3,29,6,,60,A
366843280,2023-07-16T14:25:14,28.16664,-94.29677,0.4,209.0,213.0,FLING,,WDA7435,60,3,29,6,,60,A
366843280,2023-07-16T14:26:25,28.16662,-94.29676,0.6,192.8,223.0,FLING,,WDA7435,60,3,29,6,,60,A
366843280,2023-07-16T14:27:34,28.16663,-94.29675,0.5,185.8,223.0,FLING,,WDA7435,60,3,29,6,,60,A
366843280,2023-07-16T14:28:45,28.16662,-94.29677,0.4,133.3,223.0,FLING,,WDA7435,60,3,29,6,,60,A
366843280,2023-07-16T14:29:55,28.16663,-94.29675,0.2,141.9,226.0,FLING,,WDA7435,60,3,29,6,,60,A
366843280,2023-07-16T14:31:15,28.16664,-94.29677,0.3,166.4,229.0,FLING,,WDA7435,60,3,29,6,,60,A
366843280,2023-07-16T14:32:25,28.16666,-94.29677,0.0,360.0,224.0,FLING,,WDA7435,60,3,29,6,,60,A
366843280,2023-07-16T14:33:33,28.16665,-94.29677,0.6,273.3,216.0,FLING,,WDA7435,60,3,29,6,,60,A
366843280,2023-07-16T14:34:34,28.16662,-94.29675,0.6,172.9,221.0,FLING,,WDA7435,60,3,29,6,,60,A
366843280,2023-07-16T14:35:35,28.16660,-94.29674,0.5,314.2,222.0,FLING,,WDA7435,60,3,29,6,,60,A
366843280,2023-07-16T14:36:55,28.16663,-94.29676,0.3,246.2,231.0,FLING,,WDA7435,60,3,29,6,,60,A
366843280,2023-07-16T14:38:05,28.16665,-94.29676,0.8,45.6,231.0,FLING,,WDA7435,60,3,29,6,,60,A
366843280,2023-07-16T14:39:24,28.16668,-94.29679,0.3,296.2,228.0,FLING,,WDA7435,60,3,29,6,,60,A
366843280,2023-07-16T14:40:34,28.16666,-94.29679,0.4,105.5,221.0,FLING,,WDA7435,60,3,29,6,,60,A
366843280,2023-07-16T14:41:45,28.16665,-94.29678,0.2,360.0,224.0,FLING,,WDA7435,60,3,29,6,,60,A
366843280,2023-07-16T14:43:05,28.16665,-94.29678,0.7,286.6,222.0,FLING,,WDA7435,60,3,29,6,,60,A
366843280,2023-07-16T14:44:34,28.16667,-94.29677,0.2,360.0,223.0,FLING,,WDA7435,60,3,29,6,,60,A
366843280,2023-07-16T14:46:05,28.16663,-94.29676,0.6,251.6,220.0,FLING,,WDA7435,60,3,29,6,,60,A
366843280,2023-07-16T14:47:14,28.16662,-94.29675,0.5,353.8,229.0,FLING,,WDA7435,60,3,29,6,,60,A
366843280,2023-07-16T14:48:25,28.16666,-94.29677,0.2,360.0,231.0,FLING,,WDA7435,60,3,29,6,,60,A
366843280,2023-07-16T14:49:33,28.16666,-94.29678,0.7,162.3,229.0,FLING,,WDA7435,60,3,29,6,,60,A
366843280,2023-07-16T14:50:45,28.16668,-94.29680,0.2,360.0,226.0,FLING,,WDA7435,60,3,29,6,,60,A
366843280,2023-07-16T14:51:54,28.16666,-94.29679,0.3,193.2,221.0,FLING,,WDA7435,60,3,29,6,,60,A
366843280,2023-07-16T14:53:04,28.16662,-94.29674,1.0,282.9,223.0,FLING,,WDA7435,60,3,29,6,,60,A
366843280,2023-07-16T14:54:15,28.16664,-94.29676,0.8,275.0,230.0,FLING,,WDA7435,60,3,29,6,,60,A
366843280,2023-07-16T14:55:24,28.16665,-94.29677,0.5,180.4,226.0,FLING,,WDA7435,60,3,29,6,,60,A
366843280,2023-07-16T14:56:35,28.16666,-94.29678,0.8,314.1,231.0,FLING,,WDA7435,60,3,29,6,,60,A
366843280,2023-07-16T14:57:45,28.16668,-94.29680,0.6,261.0,221.0,FLING,,WDA7435,60,3,29,6,,60,A
366843280,2023-07-16T14:59:14,28.16661,-94.29674,0.0,360.0,219.0,FLING,,WDA7435,60,3,29,6,,60,A
366843280,2023-07-16T15:00:04,28.16658,-94.29673,0.3,280.5,225.0,FLING,,WDA7435,60,3,29,6,,60,A
366843280,2023-07-16T15:01:25,28.16658,-94.29671,0.3,40.3,230.0,FLING,,WDA7435,60,3,29,6,,60,A
366843280,2023-07-16T15:03:04,28.16659,-94.29672,0.9,359.8,230.0,FLING,,WDA7435,60,3,29,6,,60,A
366843280,2023-07-16T15:04:15,28.16660,-94.29672,0.2,49.6,228.0,FLING,,WDA7435,60,3,29,6,,60,A
366843280,2023-07-16T15:05:25,28.16660,-94.29672,0.1,360.0,234.0,FLING,,WDA7435,60,3,29,6,,60,A
366843280,2023-07-16T15:07:05,28.16662,-94.29673,0.6,174.7,235.0,FLING,,WDA7435,60,3,29,6,,60,A
366843280,2023-07-16T15:08:24,28.16660,-94.29673,0.5,210.2,232.0,FLING,,WDA7435,60,3,29,6,,60,A
366843280,2023-07-16T15:09:34,28.16660,-94.29672,0.9,125.0,234.0,FLING,,WDA7435,60,3,29,6,,60,A
366843280,2023-07-16T15:11:05,28.16660,-94.29673,0.3,174.3,230.0,FLING,,WDA7435,60,3,29,6,,60,A
366843280,2023-07-16T15:12:15,28.16658,-94.29672,0.1,360.0,226.0,FLING,,WDA7435,60,3,29,6,,60,A
366843280,2023-07-16T15:13:33,28.16657,-94.29673,0.9,315.0,227.0,FLING,,WDA7435,60,3,29,6,,60,A
366843280,2023-07-16T15:14:55,28.16657,-94.29672,0.2,360.0,232.0,FLING,,WDA7435,60,3,29,6,,60,A
366843280,2023-07-16T15:16:15,28.16658,-94.29672,0.5,193.9,229.0,FLING,,WDA7435,60,3,29,6,,60,A
366843280,2023-07-16T15:17:55,28.16656,-94.29671,0.2,360.0,234.0,FLING,,WDA7435,60,3,29,6,,60,A
366843280,2023-07-16T15:19:14,28.16656,-94.29672,1.1,2.8,234.0,FLING,,WDA7435,60,3,29,6,,60,A
366843280,2023-07-16T15:20:55,28.16660,-94.29675,0.3,356.6,234.0,FLING,,WDA7435,60,3,29,6,,60,A
366843280,2023-07-16T15:22:05,28.16660,-94.29674,0.3,323.9,233.0,FLING,,WDA7435,60,3,29,6,,60,A
366843280,2023-07-16T15:23:14,28.16659,-94.29674,0.2,222.8,229.0,FLING,,WDA7435,60,3,29,6,,60,A
366843280,2023-07-16T15:24:35,28.16655,-94.29671,0.7,72.7,232.0,FLING,,WDA7435,60,3,29,6,,60,A
366843280,2023-07-16T15:26:24,28.16659,-94.29674,0.5,335.3,241.0,FLING,,WDA7435,60,3,29,6,,60,A
366843280,2023-07-16T15:27:54,28.16660,-94.29675,0.4,206.0,231.0,FLING,,WDA7435,60,3,29,6,,60,A
366843280,2023-07-16T15:29:04,28.16659,-94.29674,0.5,189.2,235.0,FLING,,WDA7435,60,3,29,6,,60,A
366843280,2023-07-16T15:30:14,28.16660,-94.29674,0.3,130.2,235.0,FLING,,WDA7435,60,3,29,6,,60,A
366843280,2023-07-16T15:31:24,28.16660,-94.29675,0.4,236.8,234.0,FLING,,WDA7435,60,3,29,6,,60,A
366843280,2023-07-16T15:32:45,28.16662,-94.29674,0.6,223.4,233.0,FLING,,WDA7435,60,3,29,6,,60,A
366843280,2023-07-16T15:34:14,28.16660,-94.29674,0.7,165.7,232.0,FLING,,WDA7435,60,3,29,6,,60,A
366843280,2023-07-16T15:35:45,28.16658,-94.29672,0.3,337.8,234.0,FLING,,WDA7435,60,3,29,6,,60,A
366843280,2023-07-16T15:36:55,28.16656,-94.29671,1.1,304.9,233.0,FLING,,WDA7435,60,3,29,6,,60,A
366843280,2023-07-16T15:38:24,28.16657,-94.29672,0.8,303.9,238.0,FLING,,WDA7435,60,3,29,6,,60,A
366843280,2023-07-16T15:39:34,28.16659,-94.29672,0.4,355.3,238.0,FLING,,WDA7435,60,3,29,6,,60,A
366843280,2023-07-16T15:41:34,28.16658,-94.29672,0.3,345.0,242.0,FLING,,WDA7435,60,3,29,6,,60,A
366843280,2023-07-16T15:42:44,28.16659,-94.29673,0.6,230.9,237.0,FLING,,WDA7435,60,3,29,6,,60,A
366843280,2023-07-16T15:44:44,28.16655,-94.29670,0.1,360.0,233.0,FLING,,WDA7435,60,3,29,6,,60,A
366843280,2023-07-16T15:47:15,28.16656,-94.29672,0.3,53.9,235.0,FLING,,WDA7435,60,3,29,6,,60,A
366843280,2023-07-16T15:48:54,28.16657,-94.29671,0.3,305.1,244.0,FLING,,WDA7435,60,3,29,6,,60,A
366843280,2023-07-16T15:50:24,28.16658,-94.29672,0.6,226.1,243.0,FLING,,WDA7435,60,3,29,6,,60,A
366843280,2023-07-16T15:53:14,28.16652,-94.29670,0.3,283.6,239.0,FLING,,WDA7435,60,3,29,6,,60,A
366843280,2023-07-16T15:55:14,28.16654,-94.29670,0.2,360.0,245.0,FLING,,WDA7435,60,3,29,6,,60,A
366843280,2023-07-16T15:58:34,28.16656,-94.29671,0.6,11.3,242.0,FLING,,WDA7435,60,3,29,6,,60,A
366843280,2023-07-16T16:02:45,28.16653,-94.29670,0.3,238.1,242.0,FLING,,WDA7435,60,3,29,6,,60,A
366843280,2023-07-16T16:04:45,28.16654,-94.29671,0.3,45.4,241.0,FLING,,WDA7435,60,3,29,6,,60,A
366843280,2023-07-16T16:06:54,28.16653,-94.29671,0.8,315.4,232.0,FLING,,WDA7435,60,3,29,6,,60,A
366843280,2023-07-16T16:09:35,28.16654,-94.29664,0.8,44.2,229.0,FLING,,WDA7435,60,3,29,6,,60,A
366843280,2023-07-16T16:11:15,28.16665,-94.29621,2.6,186.5,198.0,FLING,,WDA7435,60,3,29,6,,60,A
366843280,2023-06-04T11:30:48,28.16596,-94.29702,1.1,105.7,4.0,FLING,,WDA7435,60,0,29,6,,60,A
366843280,2023-06-04T11:36:25,28.16593,-94.29715,1.1,243.9,343.0,FLING,,WDA7435,60,0,29,6,,60,A
366843280,2023-06-04T11:42:31,28.16595,-94.29705,0.3,228.0,351.0,FLING,,WDA7435,60,0,29,6,,60,A
366843280,2023-06-04T11:43:34,28.16595,-94.29726,1.2,266.2,344.0,FLING,,WDA7435,60,0,29,6,,60,A
366843280,2023-06-04T11:44:37,28.16593,-94.29721,0.2,112.1,29.0,FLING,,WDA7435,60,0,29,6,,60,A
366843280,2023-06-04T11:46:11,28.16595,-94.29703,0.2,360.0,0.0,FLING,,WDA7435,60,0,29,6,,60,A
366843280,2023-06-04T11:47:55,28.16593,-94.29722,0.2,360.0,3.0,FLING,,WDA7435,60,0,29,6,,60,A
366843280,2023-06-04T11:49:01,28.16595,-94.29708,0.5,20.2,33.0,FLING,,WDA7435,60,0,29,6,,60,A
366843280,2023-06-04T11:55:31,28.16592,-94.29715,0.5,339.7,28.0,FLING,,WDA7435,60,0,29,6,,60,A
366843280,2023-06-04T11:58:25,28.16593,-94.29721,0.5,271.5,359.0,FLING,,WDA7435,60,0,29,6,,60,A
366843280,2023-06-04T12:00:11,28.16595,-94.29700,0.4,121.1,9.0,FLING,,WDA7435,60,0,29,6,,60,A
366843280,2023-06-04T12:02:04,28.16593,-94.29717,0.0,360.0,11.0,FLING,,WDA7435,60,0,29,6,,60,A
366843280,2023-06-04T12:03:11,28.16595,-94.29704,0.7,86.7,23.0,FLING,,WDA7435,60,0,29,6,,60,A
366843280,2023-06-04T12:04:44,28.16593,-94.29710,0.1,360.0,356.0,FLING,,WDA7435,60,0,29,6,,60,A
366843280,2023-06-04T12:06:11,28.16597,-94.29697,0.7,84.5,21.0,FLING,,WDA7435,60,0,29,6,,60,A
366843280,2023-06-04T12:07:21,28.16597,-94.29700,0.9,266.9,354.0,FLING,,WDA7435,60,0,29,6,,60,A
366843280,2023-06-04T12:08:31,28.16592,-94.29712,1.0,91.4,4.0,FLING,,WDA7435,60,0,29,6,,60,A
366843280,2023-06-04T12:09:34,28.16595,-94.29703,1.4,94.2,11.0,FLING,,WDA7435,60,0,29,6,,60,A
366843280,2023-06-04T12:10:47,28.16594,-94.29704,0.3,335.7,345.0,FLING,,WDA7435,60,0,29,6,,60,A
366843280,2023-06-04T12:12:04,28.16594,-94.29705,0.2,254.6,3.0,FLING,,WDA7435,60,0,29,6,,60,A
366843280,2023-06-04T12:13:21,28.16594,-94.29708,0.7,252.3,348.0,FLING,,WDA7435,60,0,29,6,,60,A
366843280,2023-06-04T12:14:58,28.16596,-94.29703,0.3,34.7,3.0,FLING,,WDA7435,60,0,29,6,,60,A
366843280,2023-06-04T12:16:34,28.16595,-94.29704,0.4,258.0,349.0,FLING,,WDA7435,60,0,29,6,,60,A
366843280,2023-06-04T12:17:48,28.16593,-94.29716,0.9,147.1,352.0,FLING,,WDA7435,60,0,29,6,,60,A
366843280,2023-06-04T12:18:51,28.16596,-94.29705,0.5,62.9,25.0,FLING,,WDA7435,60,0,29,6,,60,A
366843280,2023-06-04T12:20:01,28.16598,-94.29697,0.5,328.9,7.0,FLING,,WDA7435,60,0,29,6,,60,A
366843280,2023-06-04T12:23:31,28.16594,-94.29713,0.3,21.4,11.0,FLING,,WDA7435,60,0,29,6,,60,A
366843280,2023-06-04T12:25:44,28.16596,-94.29707,0.8,57.6,20.0,FLING,,WDA7435,60,0,29,6,,60,A
366843280,2023-06-04T12:27:01,28.16596,-94.29703,1.1,265.1,355.0,FLING,,WDA7435,60,0,29,6,,60,A
366843280,2023-06-04T12:28:11,28.16595,-94.29719,1.3,257.6,336.0,FLING,,WDA7435,60,0,29,6,,60,A
366843280,2023-06-04T12:29:19,28.16594,-94.29718,0.5,82.7,28.0,FLING,,WDA7435,60,0,29,6,,60,A
366843280,2023-06-04T12:30:38,28.16595,-94.29704,0.5,69.7,10.0,FLING,,WDA7435,60,0,29,6,,60,A
366843280,2023-06-04T12:32:29,28.16597,-94.29699,0.3,188.3,346.0,FLING,,WDA7435,60,0,29,6,,60,A
366843280,2023-06-04T12:34:55,28.16596,-94.29711,0.2,360.0,5.0,FLING,,WDA7435,60,0,29,6,,60,A
366843280,2023-06-04T12:36:04,28.16597,-94.29707,1.3,92.8,14.0,FLING,,WDA7435,60,0,29,6,,60,A
366843280,2023-06-04T12:37:18,28.16598,-94.29702,0.3,348.3,7.0,FLING,,WDA7435,60,0,29,6,,60,A
366843280,2023-06-04T12:38:27,28.16596,-94.29707,0.5,226.0,341.0,FLING,,WDA7435,60,0,29,6,,60,A
366843280,2023-06-04T12:39:31,28.16595,-94.29710,1.0,255.9,6.0,FLING,,WDA7435,60,0,29,6,,60,A
366843280,2023-06-04T12:40:58,28.16597,-94.29702,0.7,304.4,6.0,FLING,,WDA7435,60,0,29,6,,60,A
366843280,2023-06-04T12:42:09,28.16598,-94.29701,0.3,27.4,7.0,FLING,,WDA7435,60,0,29,6,,60,A
366843280,2023-06-04T12:43:28,28.16599,-94.29700,0.9,17.9,4.0,FLING,,WDA7435,60,0,29,6,,60,A
366843280,2023-06-04T12:44:38,28.16598,-94.29699,0.7,347.7,10.0,FLING,,WDA7435,60,0,29,6,,60,A
366843280,2023-06-04T12:47:15,28.16595,-94.29717,0.5,265.9,349.0,FLING,,WDA7435,60,0,29,6,,60,A
366843280,2023-06-04T12:48:17,28.16594,-94.29713,0.3,81.0,31.0,FLING,,WDA7435,60,0,29,6,,60,A
366843280,2023-06-04T12:49:51,28.16596,-94.29705,0.2,360.0,5.0,FLING,,WDA7435,60,0,29,6,,60,A
366843280,2023-06-04T12:51:04,28.16596,-94.29705,0.8,24.8,14.0,FLING,,WDA7435,60,0,29,6,,60,A
366843280,2023-06-04T12:53:07,28.16596,-94.29703,0.2,360.0,0.0,FLING,,WDA7435,60,0,29,6,,60,A
366843280,2023-06-04T12:54:14,28.16594,-94.29712,0.6,268.9,344.0,FLING,,WDA7435,60,0,29,6,,60,A
366843280,2023-06-04T12:55:34,28.16595,-94.29720,0.4,312.9,11.0,FLING,,WDA7435,60,0,29,6,,60,A
366843280,2023-06-04T12:59:48,28.16598,-94.29701,0.6,161.1,18.0,FLING,,WDA7435,60,0,29,6,,60,A
366843280,2023-06-04T14:03:57,28.16597,-94.29725,0.6,289.7,25.0,FLING,,WDA7435,60,0,29,6,,60,A
366843280,2023-06-04T14:08:51,28.16597,-94.29728,0.5,26.4,42.0,FLING,,WDA7435,60,0,29,6,,60,A
366843280,2023-06-04T14:12:57,28.16597,-94.29716,0.5,182.3,27.0,FLING,,WDA7435,60,0,29,6,,60,A
366843280,2023-08-27T16:04:24,28.17164,-94.30387,10.3,316.5,316.0,FLING,,WDA7435,60,3,29,6,,60,A
366843280,2023-08-27T16:06:35,28.17564,-94.30935,10.6,308.9,310.0,FLING,,WDA7435,60,0,29,6,,60,A
366843280,2023-08-27T16:08:25,28.17946,-94.31361,10.1,311.7,311.0,FLING,,WDA7435,60,0,29,6,,60,A
366843280,2023-08-27T16:09:35,28.18174,-94.31643,10.3,318.1,316.0,FLING,,WDA7435,60,0,29,6,,60,A
366843280,2023-08-16T00:00:19,28.16882,-94.30189,4.4,251.6,240.0,FLING,,WDA7435,60,0,29,6,,60,A
366843280,2023-08-16T00:02:39,28.16972,-94.30290,4.8,47.0,51.0,FLING,,WDA7435,60,0,29,6,,60,A
366843280,2023-08-16T00:03:49,28.17061,-94.30171,2.7,52.8,58.0,FLING,,WDA7435,60,0,29,6,,60,A
366843280,2023-08-16T00:05:03,28.17094,-94.30116,0.9,50.9,96.0,FLING,,WDA7435,60,0,29,6,,60,A
366843280,2023-08-16T00:06:16,28.17116,-94.30096,0.8,33.3,123.0,FLING,,WDA7435,60,0,29,6,,60,A
366843280,2023-08-16T00:07:19,28.17138,-94.30082,0.7,26.8,118.0,FLING,,WDA7435,60,0,29,6,,60,A
366843280,2023-08-16T00:08:29,28.17165,-94.30067,1.3,24.0,116.0,FLING,,WDA7435,60,0,29,6,,60,A
366843280,2023-08-16T00:09:50,28.17197,-94.30052,1.0,21.5,113.0,FLING,,WDA7435,60,0,29,6,,60,A
366843280,2023-08-16T00:10:59,28.17225,-94.30041,0.9,20.6,115.0,FLING,,WDA7435,60,0,29,6,,60,A
366843280,2023-08-16T00:12:10,28.17252,-94.30029,1.1,21.9,116.0,FLING,,WDA7435,60,0,29,6,,60,A
366843280,2023-08-16T00:13:39,28.17287,-94.30013,0.5,21.5,115.0,FLING,,WDA7435,60,0,29,6,,60,A
366843280,2023-08-16T00:14:49,28.17312,-94.30001,0.8,29.1,116.0,FLING,,WDA7435,60,0,29,6,,60,A
366843280,2023-08-16T00:16:19,28.17346,-94.29983,0.8,21.6,114.0,FLING,,WDA7435,60,0,29,6,,60,A
366843280,2023-08-16T00:17:30,28.17375,-94.29970,0.7,22.3,115.0,FLING,,WDA7435,60,0,29,6,,60,A
366843280,2023-08-16T00:18:40,28.17405,-94.29958,0.9,17.9,110.0,FLING,,WDA7435,60,0,29,6,,60,A
366843280,2023-08-16T00:20:00,28.17438,-94.29947,0.9,16.9,109.0,FLING,,WDA7435,60,0,29,6,,60,A
366843280,2023-08-16T00:21:40,28.17480,-94.29934,0.9,15.6,111.0,FLING,,WDA7435,60,0,29,6,,60,A
367782450,2023-07-02T09:57:05,28.17562,-94.28834,8.5,312.8,511.0,MOONDANCE,,WDJ4916,37,,,,,,B
366843280,2023-07-31T08:59:54,28.18309,-94.28385,11.0,129.2,119.0,FLING,,WDA7435,60,0,29,6,,60,A
366843280,2023-07-31T09:00:14,28.18243,-94.28290,11.0,127.1,117.0,FLING,,WDA7435,60,0,29,6,,60,A
366843280,2023-07-31T09:01:44,28.17979,-94.27867,11.0,130.9,119.0,FLING,,WDA7435,60,0,29,6,,60,A
366843280,2023-07-09T03:06:05,28.16671,-94.29711,0.4,102.1,172.0,FLING,,WDA7435,60,3,29,6,,60,A
366843280,2023-07-09T03:49:54,28.16671,-94.29716,0.2,360.0,170.0,FLING,,WDA7435,60,3,29,6,,60,A
366843280,2023-07-09T03:53:25,28.16670,-94.29729,0.7,58.5,156.0,FLING,,WDA7435,60,3,29,6,,60,A
366843280,2023-07-09T03:59:35,28.16670,-94.29725,0.7,54.4,151.0,FLING,,WDA7435,60,3,29,6,,60,A
367606280,2023-11-03T02:37:44,28.15054,-94.30817,10.0,22.6,511.0,THERESE DANOS,IMO9097135,WDH3296,90,0,45,10,,70,A
367606280,2023-11-03T02:39:02,28.15363,-94.30625,9.6,29.7,511.0,THERESE DANOS,IMO9097135,WDH3296,90,0,45,10,,70,A
367606280,2023-11-03T02:42:02,28.16075,-94.30188,9.7,30.5,511.0,THERESE DANOS,IMO9097135,WDH3296,90,0,45,10,,70,A
367606280,2023-11-03T02:48:52,28.17732,-94.29204,9.8,27.7,511.0,THERESE DANOS,IMO9097135,WDH3296,90,0,45,10,,70,A
366843280,2023-06-18T15:19:35,28.16672,-94.29706,0.1,360.0,203.0,FLING,,WDA7435,60,3,29,6,,60,A
366843280,2023-06-18T15:20:45,28.16672,-94.29710,0.3,270.2,205.0,FLING,,WDA7435,60,3,29,6,,60,A
366843280,2023-06-18T15:22:06,28.16671,-94.29709,0.6,247.7,199.0,FLING,,WDA7435,60,3,29,6,,60,A
366843280,2023-06-18T15:23:15,28.16671,-94.29708,1.6,136.3,193.0,FLING,,WDA7435,60,3,29,6,,60,A
366843280,2023-06-18T15:24:22,28.16671,-94.29705,0.3,171.3,209.0,FLING,,WDA7435,60,3,29,6,,60,A
366843280,2023-06-18T15:25:36,28.16672,-94.29709,1.2,186.2,207.0,FLING,,WDA7435,60,3,29,6,,60,A
366843280,2023-06-18T15:26:46,28.16672,-94.29708,1.4,99.2,202.0,FLING,,WDA7435,60,3,29,6,,60,A
366843280,2023-06-18T15:27:55,28.16670,-94.29701,0.5,92.1,196.0,FLING,,WDA7435,60,3,29,6,,60,A
366843280,2023-06-18T15:29:26,28.16672,-94.29706,0.4,11.8,209.0,FLING,,WDA7435,60,3,29,6,,60,A
366843280,2023-06-18T15:30:44,28.16672,-94.29706,0.2,350.6,202.0,FLING,,WDA7435,60,3,29,6,,60,A
366843280,2023-06-18T15:31:48,28.16671,-94.29706,0.2,256.5,211.0,FLING,,WDA7435,60,3,29,6,,60,A
366843280,2023-06-18T15:32:55,28.16672,-94.29706,0.0,360.0,206.0,FLING,,WDA7435,60,3,29,6,,60,A
366843280,2023-06-18T15:34:05,28.16671,-94.29703,0.5,70.1,196.0,FLING,,WDA7435,60,3,29,6,,60,A
366843280,2023-06-18T15:35:06,28.16670,-94.29704,0.8,166.5,210.0,FLING,,WDA7435,60,3,29,6,,60,A
366843280,2023-06-18T15:36:35,28.16670,-94.29705,0.9,308.5,206.0,FLING,,WDA7435,60,3,29,6,,60,A
366843280,2023-06-18T15:37:44,28.16670,-94.29701,1.3,87.5,203.0,FLING,,WDA7435,60,3,29,6,,60,A
366843280,2023-06-18T15:38:46,28.16670,-94.29701,0.2,13.6,208.0,FLING,,WDA7435,60,3,29,6,,60,A
366843280,2023-06-18T15:39:55,28.16671,-94.29703,0.4,305.7,215.0,FLING,,WDA7435,60,3,29,6,,60,A
366843280,2023-06-18T15:41:06,28.16671,-94.29707,0.1,360.0,213.0,FLING,,WDA7435,60,3,29,6,,60,A
366843280,2023-06-18T15:42:15,28.16671,-94.29708,2.6,128.5,210.0,FLING,,WDA7435,60,3,29,6,,60,A
366843280,2023-06-18T15:43:24,28.16672,-94.29707,1.0,92.1,197.0,FLING,,WDA7435,60,3,29,6,,60,A
366843280,2023-06-18T15:44:29,28.16670,-94.29702,3.1,305.5,210.0,FLING,,WDA7435,60,3,29,6,,60,A
366843280,2023-06-18T15:45:34,28.16671,-94.29706,0.3,201.8,212.0,FLING,,WDA7435,60,3,29,6,,60,A
366843280,2023-06-18T15:46:45,28.16671,-94.29706,0.8,300.0,207.0,FLING,,WDA7435,60,3,29,6,,60,A
366843280,2023-06-18T15:47:56,28.16671,-94.29705,0.3,187.8,205.0,FLING,,WDA7435,60,3,29,6,,60,A
366843280,2023-06-18T15:49:06,28.16672,-94.29707,0.6,190.4,207.0,FLING,,WDA7435,60,3,29,6,,60,A
366843280,2023-06-18T15:50:25,28.16672,-94.29706,0.4,46.4,205.0,FLING,,WDA7435,60,3,29,6,,60,A
366843280,2023-06-18T15:51:34,28.16672,-94.29706,1.1,110.8,207.0,FLING,,WDA7435,60,3,29,6,,60,A
366843280,2023-06-18T15:52:36,28.16672,-94.29706,0.2,360.0,205.0,FLING,,WDA7435,60,3,29,6,,60,A
366843280,2023-06-18T15:53:45,28.16672,-94.29709,0.6,75.4,205.0,FLING,,WDA7435,60,3,29,6,,60,A
366843280,2023-06-18T15:55:05,28.16672,-94.29707,0.1,360.0,203.0,FLING,,WDA7435,60,3,29,6,,60,A
366843280,2023-06-18T15:56:45,28.16672,-94.29705,1.6,144.4,203.0,FLING,,WDA7435,60,3,29,6,,60,A
366843280,2023-06-18T15:57:55,28.16671,-94.29704,0.3,260.7,206.0,FLING,,WDA7435,60,3,29,6,,60,A
366843280,2023-06-18T15:59:05,28.16672,-94.29707,0.8,83.8,212.0,FLING,,WDA7435,60,3,29,6,,60,A
366843280,2023-06-18T16:00:05,28.16672,-94.29708,0.9,272.9,207.0,FLING,,WDA7435,60,3,29,6,,60,A
366843280,2023-06-18T16:01:16,28.16672,-94.29708,0.8,56.7,206.0,FLING,,WDA7435,60,3,29,6,,60,A
366843280,2023-06-18T16:02:25,28.16671,-94.29703,1.3,147.3,204.0,FLING,,WDA7435,60,3,29,6,,60,A
366843280,2023-06-18T16:03:42,28.16671,-94.29704,0.4,266.3,217.0,FLING,,WDA7435,60,3,29,6,,60,A
366843280,2023-06-18T16:04:46,28.16672,-94.29704,1.0,251.5,209.0,FLING,,WDA7435,60,3,29,6,,60,A
366843280,2023-06-18T16:05:54,28.16672,-94.29706,0.4,35.3,201.0,FLING,,WDA7435,60,3,29,6,,60,A
366843280,2023-06-18T16:07:05,28.16671,-94.29703,0.9,127.1,209.0,FLING,,WDA7435,60,3,29,6,,60,A
366843280,2023-06-18T16:08:25,28.16672,-94.29705,0.7,162.2,212.0,FLING,,WDA7435,60,3,29,6,,60,A
366843280,2023-06-18T16:09:44,28.16671,-94.29702,0.3,36.5,205.0,FLING,,WDA7435,60,3,29,6,,60,A
366843280,2023-06-18T16:11:28,28.16669,-94.29699,0.7,182.8,210.0,FLING,,WDA7435,60,3,29,6,,60,A
366843280,2023-06-18T16:12:36,28.16670,-94.29702,0.6,172.0,217.0,FLING,,WDA7435,60,3,29,6,,60,A
366843280,2023-06-18T16:13:44,28.16671,-94.29702,1.2,288.0,204.0,FLING,,WDA7435,60,3,29,6,,60,A
366843280,2023-06-18T16:14:45,28.16671,-94.29705,1.2,303.7,213.0,FLING,,WDA7435,60,3,29,6,,60,A
366843280,2023-06-18T16:15:56,28.16669,-94.29702,0.9,151.1,208.0,FLING,,WDA7435,60,3,29,6,,60,A
366843280,2023-06-18T16:17:05,28.16670,-94.29702,0.4,206.1,212.0,FLING,,WDA7435,60,3,29,6,,60,A
366843280,2023-06-18T16:18:26,28.16670,-94.29700,0.2,360.0,209.0,FLING,,WDA7435,60,3,29,6,,60,A
366843280,2023-06-18T16:20:35,28.16669,-94.29700,0.1,360.0,215.0,FLING,,WDA7435,60,3,29,6,,60,A
366843280,2023-06-18T16:21:45,28.16671,-94.29703,1.7,115.5,211.0,FLING,,WDA7435,60,3,29,6,,60,A
366843280,2023-06-18T16:23:02,28.16672,-94.29702,0.6,30.8,212.0,FLING,,WDA7435,60,3,29,6,,60,A
366843280,2023-06-18T16:25:16,28.16672,-94.29703,0.4,224.7,205.0,FLING,,WDA7435,60,3,29,6,,60,A
366843280,2023-06-18T16:26:35,28.16676,-94.29698,1.5,7.2,203.0,FLING,,WDA7435,60,3,29,6,,60,A
366843280,2023-06-18T16:27:55,28.16712,-94.29715,3.9,283.0,256.0,FLING,,WDA7435,60,3,29,6,,60,A
366843280,2023-06-18T16:29:06,28.16795,-94.29824,4.8,338.2,324.0,FLING,,WDA7435,60,3,29,6,,60,A
366843280,2023-06-18T16:30:08,28.16937,-94.29822,5.3,20.9,14.0,FLING,,WDA7435,60,3,29,6,,60,A
366843280,2023-06-18T16:34:16,28.17565,-94.30069,6.5,321.1,310.0,FLING,,WDA7435,60,0,29,6,,60,A
366843280,2023-06-18T16:36:42,28.18007,-94.30442,11.7,327.2,320.0,FLING,,WDA7435,60,0,29,6,,60,A
366843280,2023-06-18T16:37:45,28.18255,-94.30666,10.0,314.7,312.0,FLING,,WDA7435,60,0,29,6,,60,A
366843280,2023-07-22T22:15:19,28.16658,-94.29689,0.2,323.4,267.0,FLING,,WDA7435,60,3,29,6,,60,A
366843280,2023-07-22T22:19:49,28.16663,-94.29695,0.4,195.8,254.0,FLING,,WDA7435,60,3,29,6,,60,A
366843280,2023-07-22T22:37:10,28.16663,-94.29695,0.2,188.0,237.0,FLING,,WDA7435,60,3,29,6,,60,A
366843280,2023-07-22T22:41:58,28.16662,-94.29692,0.5,271.1,254.0,FLING,,WDA7435,60,3,29,6,,60,A
366843280,2023-07-22T23:41:29,28.16658,-94.29685,0.7,327.0,262.0,FLING,,WDA7435,60,3,29,6,,60,A
366843280,2023-07-22T23:57:09,28.16650,-94.29679,0.3,344.2,262.0,FLING,,WDA7435,60,3,29,6,,60,A
366843280,2023-07-22T23:58:39,28.16661,-94.29691,0.3,328.9,263.0,FLING,,WDA7435,60,3,29,6,,60,A
366843280,2023-07-22T21:19:48,28.16475,-94.29273,10.2,289.3,287.0,FLING,,WDA7435,60,0,29,6,,60,A
366843280,2023-07-23T00:03:38,28.16667,-94.29711,0.2,170.5,216.0,FLING,,WDA7435,60,3,29,6,,60,A
366843280,2023-07-23T00:06:59,28.16663,-94.29697,0.4,105.9,180.0,FLING,,WDA7435,60,3,29,6,,60,A
366843280,2023-07-23T00:09:39,28.16647,-94.29682,0.3,154.3,200.0,FLING,,WDA7435,60,3,29,6,,60,A
366843280,2023-07-23T00:11:49,28.16641,-94.29681,0.1,360.0,233.0,FLING,,WDA7435,60,3,29,6,,60,A
366843280,2023-07-23T00:13:48,28.16653,-94.29683,0.5,326.6,268.0,FLING,,WDA7435,60,3,29,6,,60,A
366843280,2023-07-23T00:21:59,28.16665,-94.29696,0.2,106.9,188.0,FLING,,WDA7435,60,3,29,6,,60,A
366843280,2023-07-23T00:23:28,28.16657,-94.29689,0.2,164.7,181.0,FLING,,WDA7435,60,3,29,6,,60,A
366843280,2023-07-23T00:30:50,28.16656,-94.29687,0.6,328.3,266.0,FLING,,WDA7435,60,3,29,6,,60,A
366843280,2023-07-23T00:37:19,28.16664,-94.29701,0.1,360.0,192.0,FLING,,WDA7435,60,3,29,6,,60,A
366843280,2023-07-23T00:38:29,28.16661,-94.29692,0.2,360.0,182.0,FLING,,WDA7435,60,3,29,6,,60,A
366843280,2023-07-23T00:49:19,28.16667,-94.29715,0.1,360.0,206.0,FLING,,WDA7435,60,3,29,6,,60,A
366843280,2023-07-23T00:51:29,28.16665,-94.29701,0.2,360.0,173.0,FLING,,WDA7435,60,3,29,6,,60,A
366843280,2023-07-23T00:54:29,28.16650,-94.29685,0.1,360.0,199.0,FLING,,WDA7435,60,3,29,6,,60,A
366843280,2023-07-23T01:05:19,28.16662,-94.29699,0.1,360.0,173.0,FLING,,WDA7435,60,3,29,6,,60,A
366843280,2023-07-23T01:50:39,28.16665,-94.29704,0.9,121.9,166.0,FLING,,WDA7435,60,3,29,6,,60,A
366843280,2023-07-23T01:57:38,28.16660,-94.29696,0.3,196.6,180.0,FLING,,WDA7435,60,3,29,6,,60,A
366843280,2023-07-23T01:59:00,28.16660,-94.29697,0.2,360.0,179.0,FLING,,WDA7435,60,3,29,6,,60,A
366843280,2023-07-23T02:00:49,28.16661,-94.29698,0.2,360.0,181.0,FLING,,WDA7435,60,3,29,6,,60,A
366843280,2023-07-23T02:03:49,28.16660,-94.29699,0.1,360.0,180.0,FLING,,WDA7435,60,3,29,6,,60,A
366843280,2023-07-23T02:07:10,28.16659,-94.29696,0.2,360.0,176.0,FLING,,WDA7435,60,3,29,6,,60,A
366843280,2023-07-23T02:09:19,28.16656,-94.29693,0.1,360.0,176.0,FLING,,WDA7435,60,3,29,6,,60,A
366843280,2023-07-23T02:13:39,28.16657,-94.29692,0.0,360.0,175.0,FLING,,WDA7435,60,3,29,6,,60,A
366843280,2023-07-23T02:15:19,28.16659,-94.29693,0.2,360.0,175.0,FLING,,WDA7435,60,3,29,6,,60,A
366843280,2023-07-23T02:16:29,28.16659,-94.29695,0.3,205.7,177.0,FLING,,WDA7435,60,3,29,6,,60,A
366843280,2023-07-23T02:19:10,28.16661,-94.29697,0.2,360.0,169.0,FLING,,WDA7435,60,3,29,6,,60,A
366843280,2023-07-23T02:21:49,28.16662,-94.29698,0.1,360.0,171.0,FLING,,WDA7435,60,3,29,6,,60,A
366843280,2023-07-23T02:23:10,28.16662,-94.29697,0.2,37.3,175.0,FLING,,WDA7435,60,3,29,6,,60,A
366843280,2023-07-23T02:24:20,28.16662,-94.29697,0.1,360.0,176.0,FLING,,WDA7435,60,3,29,6,,60,A
366843280,2023-07-23T02:26:29,28.16663,-94.29697,0.3,22.4,181.0,FLING,,WDA7435,60,3,29,6,,60,A
366843280,2023-07-23T02:29:09,28.16664,-94.29702,0.3,288.3,188.0,FLING,,WDA7435,60,3,29,6,,60,A
366843280,2023-07-23T02:30:29,28.16667,-94.29705,0.3,65.6,186.0,FLING,,WDA7435,60,3,29,6,,60,A
366843280,2023-07-23T02:32:09,28.16667,-94.29704,0.2,360.0,174.0,FLING,,WDA7435,60,3,29,6,,60,A
366843280,2023-07-23T02:33:38,28.16664,-94.29701,0.3,172.0,171.0,FLING,,WDA7435,60,3,29,6,,60,A
366843280,2023-07-23T02:35:39,28.16661,-94.29696,0.6,156.7,175.0,FLING,,WDA7435,60,3,29,6,,60,A
366843280,2023-07-23T02:37:00,28.16662,-94.29696,0.3,288.3,177.0,FLING,,WDA7435,60,3,29,6,,60,A
366843280,2023-07-23T02:38:18,28.16665,-94.29699,0.4,9.2,187.0,FLING,,WDA7435,60,3,29,6,,60,A
366843280,2023-07-23T02:40:09,28.16668,-94.29716,0.5,257.5,214.0,FLING,,WDA7435,60,3,29,6,,60,A
366843280,2023-07-23T02:41:39,28.16667,-94.29726,0.1,360.0,190.0,FLING,,WDA7435,60,3,29,6,,60,A
366843280,2023-07-23T02:42:59,28.16670,-94.29722,1.0,52.4,162.0,FLING,,WDA7435,60,3,29,6,,60,A
366843280,2023-07-23T02:44:59,28.16668,-94.29711,0.3,123.2,163.0,FLING,,WDA7435,60,3,29,6,,60,A
366843280,2023-07-23T02:46:09,28.16667,-94.29706,0.2,360.0,162.0,FLING,,WDA7435,60,3,29,6,,60,A
366843280,2023-07-23T02:47:39,28.16666,-94.29703,0.1,360.0,174.0,FLING,,WDA7435,60,3,29,6,,60,A
366843280,2023-07-23T02:48:59,28.16668,-94.29704,0.2,360.0,183.0,FLING,,WDA7435,60,3,29,6,,60,A
366843280,2023-07-23T02:50:40,28.16670,-94.29716,0.7,278.2,210.0,FLING,,WDA7435,60,3,29,6,,60,A
366843280,2023-07-23T02:52:40,28.16668,-94.29729,0.4,34.5,178.0,FLING,,WDA7435,60,3,29,6,,60,A
366843280,2023-07-23T02:54:09,28.16669,-94.29726,0.3,37.4,166.0,FLING,,WDA7435,60,3,29,6,,60,A
366843280,2023-07-23T02:56:40,28.16670,-94.29715,0.1,360.0,164.0,FLING,,WDA7435,60,5,29,6,,60,A
366843280,2023-07-23T03:47:00,28.16670,-94.29722,0.5,283.7,196.0,FLING,,WDA7435,60,5,29,6,,60,A
366843280,2023-07-23T03:58:57,28.16663,-94.29739,0.7,251.7,180.0,FLING,,WDA7435,60,5,29,6,,60,A
366843280,2023-07-23T04:16:57,28.16670,-94.29726,0.4,160.6,158.0,FLING,,WDA7435,60,5,29,6,,60,A
366843280,2023-07-23T04:25:58,28.16670,-94.29724,0.5,68.4,171.0,FLING,,WDA7435,60,5,29,6,,60,A
366843280,2023-08-20T00:06:31,28.16629,-94.29754,0.2,360.0,107.0,FLING,,WDA7435,60,0,29,6,,60,A
366843280,2023-08-20T00:08:00,28.16628,-94.29754,0.0,360.0,104.0,FLING,,WDA7435,60,0,29,6,,60,A
366843280,2023-08-20T00:09:31,28.16631,-94.29755,0.1,360.0,100.0,FLING,,WDA7435,60,0,29,6,,60,A
366843280,2023-08-20T00:11:31,28.16636,-94.29756,0.0,360.0,108.0,FLING,,WDA7435,60,0,29,6,,60,A
366843280,2023-08-20T00:12:59,28.16638,-94.29755,0.5,354.3,119.0,FLING,,WDA7435,60,0,29,6,,60,A
366843280,2023-08-20T00:14:49,28.16638,-94.29754,0.3,341.3,125.0,FLING,,WDA7435,60,0,29,6,,60,A
366843280,2023-08-20T00:17:10,28.16636,-94.29755,0.4,325.5,126.0,FLING,,WDA7435,60,0,29,6,,60,A
366843280,2023-08-20T00:19:01,28.16636,-94.29754,0.5,344.4,116.0,FLING,,WDA7435,60,0,29,6,,60,A
366843280,2023-08-20T00:22:59,28.16638,-94.29755,0.2,360.0,115.0,FLING,,WDA7435,60,0,29,6,,60,A
366843280,2023-08-20T00:24:40,28.16639,-94.29755,0.7,332.4,117.0,FLING,,WDA7435,60,0,29,6,,60,A
366843280,2023-08-20T00:25:49,28.16638,-94.29755,0.0,360.0,118.0,FLING,,WDA7435,60,0,29,6,,60,A
366843280,2023-08-20T00:26:51,28.16638,-94.29754,0.1,360.0,116.0,FLING,,WDA7435,60,0,29,6,,60,A
366843280,2023-08-20T00:28:10,28.16640,-94.29755,0.1,360.0,118.0,FLING,,WDA7435,60,0,29,6,,60,A
366843280,2023-08-20T00:30:19,28.16640,-94.29754,0.1,360.0,122.0,FLING,,WDA7435,60,0,29,6,,60,A
366843280,2023-08-20T00:31:29,28.16640,-94.29754,0.3,114.0,126.0,FLING,,WDA7435,60,0,29,6,,60,A
366843280,2023-08-20T00:33:50,28.16640,-94.29754,0.1,360.0,124.0,FLING,,WDA7435,60,0,29,6,,60,A
366843280,2023-08-20T00:35:31,28.16643,-94.29754,0.1,360.0,117.0,FLING,,WDA7435,60,0,29,6,,60,A
366843280,2023-08-20T00:38:20,28.16648,-94.29752,0.0,360.0,124.0,FLING,,WDA7435,60,0,29,6,,60,A
366843280,2023-08-20T00:39:21,28.16649,-94.29752,0.3,355.3,132.0,FLING,,WDA7435,60,0,29,6,,60,A
366843280,2023-08-20T00:40:39,28.16648,-94.29752,0.3,252.0,137.0,FLING,,WDA7435,60,0,29,6,,60,A
366843280,2023-08-20T00:41:50,28.16647,-94.29751,0.3,122.9,141.0,FLING,,WDA7435,60,0,29,6,,60,A
366843280,2023-08-20T00:42:59,28.16648,-94.29751,0.0,360.0,137.0,FLING,,WDA7435,60,0,29,6,,60,A
366843280,2023-08-20T00:44:00,28.16646,-94.29752,0.3,169.2,132.0,FLING,,WDA7435,60,0,29,6,,60,A
366843280,2023-08-20T00:45:09,28.16648,-94.29752,0.1,360.0,129.0,FLING,,WDA7435,60,0,29,6,,60,A
366843280,2023-08-20T00:46:29,28.16648,-94.29752,0.2,360.0,126.0,FLING,,WDA7435,60,0,29,6,,60,A
366843280,2023-08-20T00:47:30,28.16648,-94.29752,0.3,91.6,123.0,FLING,,WDA7435,60,0,29,6,,60,A
366843280,2023-08-20T00:48:59,28.16648,-94.29752,0.4,129.4,125.0,FLING,,WDA7435,60,0,29,6,,60,A
366843280,2023-08-20T00:50:49,28.16649,-94.29752,0.3,80.7,122.0,FLING,,WDA7435,60,0,29,6,,60,A
366843280,2023-08-20T00:52:20,28.16649,-94.29752,0.1,360.0,122.0,FLING,,WDA7435,60,0,29,6,,60,A
366843280,2023-08-20T00:53:50,28.16648,-94.29753,0.1,360.0,124.0,FLING,,WDA7435,60,0,29,6,,60,A
366843280,2023-08-20T00:54:51,28.16648,-94.29752,0.2,360.0,127.0,FLING,,WDA7435,60,0,29,6,,60,A
366843280,2023-08-20T00:56:10,28.16649,-94.29752,0.2,339.4,124.0,FLING,,WDA7435,60,0,29,6,,60,A
366843280,2023-08-20T00:57:50,28.16652,-94.29751,0.2,360.0,121.0,FLING,,WDA7435,60,0,29,6,,60,A
366843280,2023-08-20T00:58:59,28.16653,-94.29751,0.1,360.0,127.0,FLING,,WDA7435,60,0,29,6,,60,A
366843280,2023-08-20T01:00:00,28.16653,-94.29750,0.1,360.0,132.0,FLING,,WDA7435,60,0,29,6,,60,A
366843280,2023-08-20T01:02:10,28.16652,-94.29751,0.5,217.3,132.0,FLING,,WDA7435,60,0,29,6,,60,A
366843280,2023-08-20T01:06:59,28.16652,-94.29752,1.0,118.4,125.0,FLING,,WDA7435,60,0,29,6,,60,A
366843280,2023-08-20T01:08:59,28.16652,-94.29752,0.7,176.9,126.0,FLING,,WDA7435,60,0,29,6,,60,A
366843280,2023-08-20T01:10:31,28.16654,-94.29750,0.1,360.0,123.0,FLING,,WDA7435,60,0,29,6,,60,A
366843280,2023-08-20T01:11:59,28.16656,-94.29748,0.2,360.0,122.0,FLING,,WDA7435,60,0,29,6,,60,A
366843280,2023-08-20T01:13:50,28.16659,-94.29746,0.1,360.0,126.0,FLING,,WDA7435,60,0,29,6,,60,A
366843280,2023-08-20T01:14:59,28.16658,-94.29747,0.1,360.0,126.0,FLING,,WDA7435,60,0,29,6,,60,A
366843280,2023-08-20T01:16:39,28.16655,-94.29749,0.3,212.3,134.0,FLING,,WDA7435,60,0,29,6,,60,A
366843280,2023-08-20T01:19:00,28.16651,-94.29752,0.3,117.6,125.0,FLING,,WDA7435,60,0,29,6,,60,A
366843280,2023-08-20T01:21:00,28.16653,-94.29751,0.1,360.0,128.0,FLING,,WDA7435,60,0,29,6,,60,A
366843280,2023-08-20T01:23:19,28.16654,-94.29750,0.2,360.0,122.0,FLING,,WDA7435,60,0,29,6,,60,A
366843280,2023-08-20T01:32:21,28.16658,-94.29747,0.2,360.0,123.0,FLING,,WDA7435,60,0,29,6,,60,A
366843280,2023-08-20T01:34:09,28.16659,-94.29747,0.4,257.4,129.0,FLING,,WDA7435,60,0,29,6,,60,A
366843280,2023-08-20T01:35:40,28.16658,-94.29748,0.4,186.6,136.0,FLING,,WDA7435,60,0,29,6,,60,A
366843280,2023-08-20T01:36:59,28.16656,-94.29750,0.5,207.8,134.0,FLING,,WDA7435,60,0,29,6,,60,A
366843280,2023-08-20T01:38:59,28.16652,-94.29751,0.6,196.2,129.0,FLING,,WDA7435,60,0,29,6,,60,A
366843280,2023-08-20T01:40:59,28.16653,-94.29752,0.5,173.7,122.0,FLING,,WDA7435,60,0,29,6,,60,A
366843280,2023-08-20T01:42:31,28.16651,-94.29753,0.2,360.0,123.0,FLING,,WDA7435,60,0,29,6,,60,A
366843280,2023-08-20T01:47:30,28.16653,-94.29752,0.3,291.2,126.0,FLING,,WDA7435,60,0,29,6,,60,A
366843280,2023-08-20T01:48:50,28.16654,-94.29751,0.1,360.0,121.0,FLING,,WDA7435,60,0,29,6,,60,A
366843280,2023-08-20T01:56:09,28.16651,-94.29752,0.7,212.9,130.0,FLING,,WDA7435,60,0,29,6,,60,A
366843280,2023-08-20T02:03:51,28.16655,-94.29751,0.6,9.8,124.0,FLING,,WDA7435,60,0,29,6,,60,A
366843280,2023-08-20T02:05:51,28.16657,-94.29749,0.1,360.0,127.0,FLING,,WDA7435,60,0,29,6,,60,A
366843280,2023-08-20T02:09:20,28.16653,-94.29752,0.0,360.0,127.0,FLING,,WDA7435,60,0,29,6,,60,A
366843280,2023-08-20T02:12:01,28.16656,-94.29750,1.0,12.8,128.0,FLING,,WDA7435,60,0,29,6,,60,A
366843280,2023-08-20T02:33:29,28.16659,-94.29748,0.6,327.4,129.0,FLING,,WDA7435,60,1,29,6,,60,A
366843280,2023-08-20T02:42:12,28.16660,-94.29747,0.0,360.0,133.0,FLING,,WDA7435,60,1,29,6,,60,A
366843280,2023-08-20T03:15:12,28.16664,-94.29742,0.2,242.2,143.0,FLING,,WDA7435,60,1,29,6,,60,A
366843280,2023-08-20T03:18:10,28.16662,-94.29745,0.2,360.0,138.0,FLING,,WDA7435,60,1,29,6,,60,A
366843280,2023-08-20T03:36:10,28.16663,-94.29742,0.5,356.5,139.0,FLING,,WDA7435,60,1,29,6,,60,A
366843280,2023-08-20T03:45:10,28.16666,-94.29741,0.4,338.5,137.0,FLING,,WDA7435,60,1,29,6,,60,A
366843280,2023-08-20T03:57:11,28.16669,-94.29735,0.6,282.5,149.0,FLING,,WDA7435,60,1,29,6,,60,A
366843280,2023-08-20T04:00:12,28.16670,-94.29734,0.2,146.0,147.0,FLING,,WDA7435,60,1,29,6,,60,A
366843280,2023-08-20T04:03:09,28.16664,-94.29744,0.1,360.0,144.0,FLING,,WDA7435,60,1,29,6,,60,A
366843280,2023-08-20T04:21:13,28.16668,-94.29738,0.4,246.3,157.0,FLING,,WDA7435,60,1,29,6,,60,A
366843280,2023-08-20T04:45:12,28.16670,-94.29731,0.1,360.0,166.0,FLING,,WDA7435,60,1,29,6,,60,A
366843280,2023-08-20T04:51:09,28.16670,-94.29728,0.7,329.2,154.0,FLING,,WDA7435,60,1,29,6,,60,A
366843280,2023-08-20T04:57:11,28.16668,-94.29736,0.4,178.2,154.0,FLING,,WDA7435,60,1,29,6,,60,A
366843280,2023-08-20T05:06:10,28.16669,-94.29731,0.1,360.0,163.0,FLING,,WDA7435,60,1,29,6,,60,A
366843280,2023-08-20T05:21:11,28.16670,-94.29727,0.1,360.0,144.0,FLING,,WDA7435,60,1,29,6,,60,A
366843280,2023-08-20T05:27:12,28.16670,-94.29726,0.3,265.6,163.0,FLING,,WDA7435,60,1,29,6,,60,A
366843280,2023-08-20T05:36:10,28.16670,-94.29723,0.0,360.0,171.0,FLING,,WDA7435,60,1,29,6,,60,A
366843280,2023-08-20T05:45:10,28.16669,-94.29725,0.1,360.0,166.0,FLING,,WDA7435,60,1,29,6,,60,A
366843280,2023-08-20T05:48:09,28.16670,-94.29721,0.4,208.3,163.0,FLING,,WDA7435,60,1,29,6,,60,A
366843280,2023-08-20T05:57:11,28.16669,-94.29721,0.3,352.6,168.0,FLING,,WDA7435,60,1,29,6,,60,A
366843280,2023-08-20T06:12:12,28.16669,-94.29721,0.1,360.0,163.0,FLING,,WDA7435,60,1,29,6,,60,A
366843280,2023-08-20T06:18:10,28.16670,-94.29719,0.2,175.2,170.0,FLING,,WDA7435,60,1,29,6,,60,A
366843280,2023-08-20T06:27:10,28.16670,-94.29718,0.4,268.0,180.0,FLING,,WDA7435,60,1,29,6,,60,A
366843280,2023-08-20T06:39:10,28.16670,-94.29716,0.1,360.0,171.0,FLING,,WDA7435,60,1,29,6,,60,A
366843280,2023-08-20T06:42:12,28.16670,-94.29717,0.4,133.7,172.0,FLING,,WDA7435,60,1,29,6,,60,A
366843280,2023-08-20T06:45:12,28.16670,-94.29717,0.4,100.5,171.0,FLING,,WDA7435,60,1,29,6,,60,A
366843280,2023-08-20T06:48:09,28.16668,-94.29722,0.4,228.9,175.0,FLING,,WDA7435,60,1,29,6,,60,A
366843280,2023-08-20T06:51:12,28.16670,-94.29714,0.1,360.0,173.0,FLING,,WDA7435,60,1,29,6,,60,A
366843280,2023-08-20T06:57:13,28.16670,-94.29712,0.2,360.0,174.0,FLING,,WDA7435,60,1,29,6,,60,A
366843280,2023-08-20T07:00:10,28.16670,-94.29714,0.1,360.0,168.0,FLING,,WDA7435,60,1,29,6,,60,A
366843280,2023-08-20T07:03:13,28.16670,-94.29715,0.4,28.7,178.0,FLING,,WDA7435,60,1,29,6,,60,A
366843280,2023-08-20T07:06:11,28.16670,-94.29717,0.1,360.0,183.0,FLING,,WDA7435,60,1,29,6,,60,A
366843280,2023-08-20T07:09:12,28.16669,-94.29709,0.0,360.0,165.0,FLING,,WDA7435,60,1,29,6,,60,A
366843280,2023-08-20T07:12:09,28.16670,-94.29724,0.0,360.0,169.0,FLING,,WDA7435,60,1,29,6,,60,A
366843280,2023-08-20T07:21:11,28.16671,-94.29715,0.5,276.7,184.0,FLING,,WDA7435,60,1,29,6,,60,A
366843280,2023-08-20T07:33:10,28.16671,-94.29706,0.0,360.0,182.0,FLING,,WDA7435,60,1,29,6,,60,A
366843280,2023-08-20T07:39:12,28.16672,-94.29713,0.3,293.5,194.0,FLING,,WDA7435,60,1,29,6,,60,A
366843280,2023-08-20T07:51:11,28.16672,-94.29707,0.4,288.0,199.0,FLING,,WDA7435,60,1,29,6,,60,A
366843280,2023-08-20T07:57:12,28.16672,-94.29711,0.2,360.0,163.0,FLING,,WDA7435,60,1,29,6,,60,A
366843280,2023-08-20T08:06:09,28.16671,-94.29708,0.4,98.6,165.0,FLING,,WDA7435,60,1,29,6,,60,A
366843280,2023-08-20T08:12:11,28.16670,-94.29704,0.0,360.0,190.0,FLING,,WDA7435,60,1,29,6,,60,A
366843280,2023-08-20T08:15:10,28.16670,-94.29702,0.0,360.0,176.0,FLING,,WDA7435,60,1,29,6,,60,A
366843280,2023-08-20T08:24:11,28.16669,-94.29700,0.3,303.3,200.0,FLING,,WDA7435,60,1,29,6,,60,A
366843280,2023-08-20T08:27:12,28.16671,-94.29706,0.2,360.0,171.0,FLING,,WDA7435,60,1,29,6,,60,A
366843280,2023-08-20T08:30:11,28.16671,-94.29712,0.3,84.6,175.0,FLING,,WDA7435,60,1,29,6,,60,A
366843280,2023-08-20T08:39:13,28.16668,-94.29699,0.3,117.8,188.0,FLING,,WDA7435,60,1,29,6,,60,A
366843280,2023-08-20T08:48:11,28.16667,-94.29697,0.2,360.0,192.0,FLING,,WDA7435,60,1,29,6,,60,A
366843280,2023-08-20T08:51:12,28.16667,-94.29697,0.2,360.0,183.0,FLING,,WDA7435,60,1,29,6,,60,A
366843280,2023-08-20T08:57:10,28.16670,-94.29707,0.2,360.0,209.0,FLING,,WDA7435,60,1,29,6,,60,A
366843280,2023-08-20T09:09:11,28.16668,-94.29699,0.3,304.5,212.0,FLING,,WDA7435,60,1,29,6,,60,A
366843280,2023-08-20T10:06:12,28.16661,-94.29691,0.1,360.0,204.0,FLING,,WDA7435,60,1,29,6,,60,A
366843280,2023-08-20T10:27:11,28.16656,-94.29685,0.2,360.0,216.0,FLING,,WDA7435,60,1,29,6,,60,A
366843280,2023-08-20T10:30:11,28.16664,-94.29697,0.0,360.0,191.0,FLING,,WDA7435,60,1,29,6,,60,A
366843280,2023-08-20T11:03:29,28.16564,-94.29737,0.6,79.8,181.0,FLING,,WDA7435,60,3,29,6,,60,A
366843280,2023-08-20T11:08:21,28.16585,-94.29738,0.3,313.7,229.0,FLING,,WDA7435,60,3,29,6,,60,A
366843280,2023-08-20T11:09:33,28.16586,-94.29740,0.1,360.0,212.0,FLING,,WDA7435,60,3,29,6,,60,A
366843280,2023-08-20T11:15:53,28.16580,-94.29732,0.4,304.0,220.0,FLING,,WDA7435,60,3,29,6,,60,A
366843280,2023-08-20T11:18:41,28.16574,-94.29728,0.2,360.0,214.0,FLING,,WDA7435,60,3,29,6,,60,A
366843280,2023-08-20T11:22:41,28.16573,-94.29727,0.3,144.2,219.0,FLING,,WDA7435,60,3,29,6,,60,A
366843280,2023-08-20T11:25:11,28.16566,-94.29724,0.0,360.0,227.0,FLING,,WDA7435,60,3,29,6,,60,A
366843280,2023-08-20T11:26:42,28.16569,-94.29725,0.1,360.0,233.0,FLING,,WDA7435,60,3,29,6,,60,A
366843280,2023-08-20T11:28:11,28.16575,-94.29727,0.1,360.0,234.0,FLING,,WDA7435,60,3,29,6,,60,A
366843280,2023-08-20T11:29:22,28.16576,-94.29728,0.2,360.0,229.0,FLING,,WDA7435,60,3,29,6,,60,A
366843280,2023-08-20T11:38:33,28.16569,-94.29724,0.2,360.0,232.0,FLING,,WDA7435,60,3,29,6,,60,A
366843280,2023-08-20T11:40:33,28.16572,-94.29725,0.2,46.9,237.0,FLING,,WDA7435,60,3,29,6,,60,A
366843280,2023-08-20T11:42:02,28.16571,-94.29726,0.0,360.0,232.0,FLING,,WDA7435,60,3,29,6,,60,A
366843280,2023-08-20T11:46:43,28.16569,-94.29725,0.1,360.0,224.0,FLING,,WDA7435,60,3,29,6,,60,A
366843280,2023-08-20T11:52:31,28.16573,-94.29726,0.2,360.0,236.0,FLING,,WDA7435,60,3,29,6,,60,A
366843280,2023-08-20T11:56:43,28.16570,-94.29725,0.0,360.0,237.0,FLING,,WDA7435,60,3,29,6,,60,A
366843280,2023-08-20T12:01:02,28.16566,-94.29724,0.1,360.0,235.0,FLING,,WDA7435,60,3,29,6,,60,A
366843280,2023-08-20T12:02:12,28.16565,-94.29725,0.1,360.0,238.0,FLING,,WDA7435,60,3,29,6,,60,A
366843280,2023-08-20T12:03:51,28.16566,-94.29724,0.3,332.8,242.0,FLING,,WDA7435,60,3,29,6,,60,A
366843280,2023-08-20T12:06:01,28.16570,-94.29725,0.1,360.0,243.0,FLING,,WDA7435,60,3,29,6,,60,A
366843280,2023-08-20T12:11:43,28.16561,-94.29723,0.0,360.0,236.0,FLING,,WDA7435,60,3,29,6,,60,A
366843280,2023-08-20T12:13:52,28.16564,-94.29722,0.4,359.2,248.0,FLING,,WDA7435,60,3,29,6,,60,A
366843280,2023-08-20T12:15:13,28.16564,-94.29723,0.2,360.0,241.0,FLING,,WDA7435,60,3,29,6,,60,A
366843280,2023-08-20T12:32:33,28.16553,-94.29723,0.1,360.0,257.0,FLING,,WDA7435,60,3,29,6,,60,A
366843280,2023-08-20T12:41:32,28.16549,-94.29724,0.1,360.0,250.0,FLING,,WDA7435,60,3,29,6,,60,A
366843280,2023-08-20T12:43:23,28.16543,-94.29727,0.2,248.2,257.0,FLING,,WDA7435,60,3,29,6,,60,A
366843280,2023-08-20T12:55:12,28.16546,-94.29725,0.2,360.0,257.0,FLING,,WDA7435,60,3,29,6,,60,A
366843280,2023-08-20T13:02:52,28.16539,-94.29729,0.4,323.2,268.0,FLING,,WDA7435,60,3,29,6,,60,A
366843280,2023-08-20T13:12:13,28.16533,-94.29733,0.3,87.5,277.0,FLING,,WDA7435,60,3,29,6,,60,A
366843280,2023-08-20T13:23:02,28.16528,-94.29737,0.1,360.0,286.0,FLING,,WDA7435,60,3,29,6,,60,A
366843280,2023-08-20T14:36:23,28.16522,-94.29745,0.3,81.6,323.0,FLING,,WDA7435,60,3,29,6,,60,A
366843280,2023-08-20T14:45:11,28.16523,-94.29740,0.2,360.0,327.0,FLING,,WDA7435,60,3,29,6,,60,A
366843280,2023-08-20T14:53:56,28.16520,-94.29753,0.0,360.0,321.0,FLING,,WDA7435,60,3,29,6,,60,A
366843280,2023-08-20T15:09:35,28.16520,-94.29748,0.3,315.6,322.0,FLING,,WDA7435,60,3,29,6,,60,A
366843280,2023-08-20T15:24:07,28.16521,-94.29744,0.3,61.3,346.0,FLING,,WDA7435,60,3,29,6,,60,A
366843280,2023-08-20T15:28:07,28.16528,-94.29733,0.1,360.0,332.0,FLING,,WDA7435,60,3,29,6,,60,A
366843280,2023-08-20T15:29:56,28.16527,-94.29735,0.2,360.0,325.0,FLING,,WDA7435,60,3,29,6,,60,A
366843280,2023-08-20T15:35:26,28.16523,-94.29740,0.1,360.0,328.0,FLING,,WDA7435,60,3,29,6,,60,A
366843280,2023-08-20T15:38:16,28.16519,-94.29749,0.3,266.6,323.0,FLING,,WDA7435,60,3,29,6,,60,A
366843280,2023-08-20T15:47:16,28.16519,-94.29751,0.3,307.9,320.0,FLING,,WDA7435,60,3,29,6,,60,A
366843280,2023-08-20T16:05:05,28.16518,-94.29744,0.1,360.0,323.0,FLING,,WDA7435,60,3,29,6,,60,A
366843280,2023-08-20T16:06:56,28.16517,-94.29752,0.2,360.0,323.0,FLING,,WDA7435,60,3,29,6,,60,A
366843280,2023-06-18T10:50:06,28.16145,-94.28206,8.9,292.9,282.0,FLING,,WDA7435,60,0,29,6,,60,A
366843280,2023-06-18T10:51:25,28.16269,-94.28556,9.5,298.3,290.0,FLING,,WDA7435,60,0,29,6,,60,A
366843280,2023-06-18T10:55:14,28.16630,-94.29568,5.0,291.7,284.0,FLING,,WDA7435,60,0,29,6,,60,A
366843280,2023-06-18T10:56:56,28.16691,-94.29705,2.4,255.2,198.0,FLING,,WDA7435,60,0,29,6,,60,A
366843280,2023-06-18T10:58:48,28.16670,-94.29705,1.6,153.6,163.0,FLING,,WDA7435,60,0,29,6,,60,A
366843280,2023-06-18T10:59:56,28.16652,-94.29708,1.4,157.2,162.0,FLING,,WDA7435,60,0,29,6,,60,A
366843280,2023-06-18T11:00:08,28.16654,-94.29707,1.5,12.3,150.0,FLING,,WDA7435,60,0,29,6,,60,A
366843280,2023-06-18T11:01:15,28.16653,-94.29700,1.1,4.2,205.0,FLING,,WDA7435,60,0,29,6,,60,A
366843280,2023-06-18T11:02:22,28.16682,-94.29713,2.8,255.3,230.0,FLING,,WDA7435,60,0,29,6,,60,A
366843280,2023-06-18T11:03:55,28.16598,-94.29781,2.4,299.7,268.0,FLING,,WDA7435,60,3,29,6,,60,A
366843280,2023-06-18T11:05:08,28.16697,-94.29781,4.0,37.0,50.0,FLING,,WDA7435,60,3,29,6,,60,A
366843280,2023-06-18T11:06:29,28.16774,-94.29638,4.2,81.7,119.0,FLING,,WDA7435,60,3,29,6,,60,A
366843280,2023-06-18T11:08:08,28.16734,-94.29639,5.2,222.7,214.0,FLING,,WDA7435,60,3,29,6,,60,A
366843280,2023-06-18T11:09:26,28.16677,-94.29701,0.7,189.0,186.0,FLING,,WDA7435,60,3,29,6,,60,A
366843280,2023-06-18T11:10:29,28.16690,-94.29705,1.7,6.5,169.0,FLING,,WDA7435,60,3,29,6,,60,A
366843280,2023-06-18T11:11:45,28.16657,-94.29706,0.9,116.7,183.0,FLING,,WDA7435,60,3,29,6,,60,A
366843280,2023-06-18T11:12:49,28.16651,-94.29712,0.9,151.6,156.0,FLING,,WDA7435,60,3,29,6,,60,A
366843280,2023-06-18T11:14:35,28.16686,-94.29693,3.0,168.4,172.0,FLING,,WDA7435,60,3,29,6,,60,A
366843280,2023-06-18T11:15:55,28.16670,-94.29705,2.5,216.2,192.0,FLING,,WDA7435,60,3,29,6,,60,A
366843280,2023-06-18T11:17:15,28.16650,-94.29704,1.6,209.5,195.0,FLING,,WDA7435,60,3,29,6,,60,A
366843280,2023-06-18T11:18:22,28.16672,-94.29717,0.5,17.5,222.0,FLING,,WDA7435,60,3,29,6,,60,A
366843280,2023-06-18T11:19:25,28.16669,-94.29707,0.5,54.5,181.0,FLING,,WDA7435,60,3,29,6,,60,A
366843280,2023-06-18T11:21:15,28.16671,-94.29716,0.6,216.5,191.0,FLING,,WDA7435,60,3,29,6,,60,A
366843280,2023-06-18T11:22:28,28.16670,-94.29704,0.3,130.4,176.0,FLING,,WDA7435,60,3,29,6,,60,A
366843280,2023-06-18T11:23:35,28.16672,-94.29709,0.3,237.2,194.0,FLING,,WDA7435,60,3,29,6,,60,A
366843280,2023-06-18T11:24:46,28.16672,-94.29711,0.3,294.7,185.0,FLING,,WDA7435,60,3,29,6,,60,A
366843280,2023-06-18T11:26:08,28.16672,-94.29713,0.8,42.7,189.0,FLING,,WDA7435,60,3,29,6,,60,A
366843280,2023-06-18T11:27:15,28.16672,-94.29715,0.5,88.8,189.0,FLING,,WDA7435,60,3,29,6,,60,A
366843280,2023-06-18T11:28:26,28.16671,-94.29709,0.4,169.2,184.0,FLING,,WDA7435,60,3,29,6,,60,A
366843280,2023-06-18T11:29:42,28.16671,-94.29716,0.6,212.8,193.0,FLING,,WDA7435,60,3,29,6,,60,A
366843280,2023-06-18T11:30:46,28.16672,-94.29712,0.6,61.8,184.0,FLING,,WDA7435,60,3,29,6,,60,A
366843280,2023-06-18T11:32:05,28.16671,-94.29712,0.2,360.0,188.0,FLING,,WDA7435,60,3,29,6,,60,A
366843280,2023-06-18T11:33:16,28.16671,-94.29712,0.9,152.5,184.0,FLING,,WDA7435,60,3,29,6,,60,A
366843280,2023-06-18T11:34:26,28.16672,-94.29710,0.2,360.0,190.0,FLING,,WDA7435,60,3,29,6,,60,A
366843280,2023-06-18T11:35:54,28.16672,-94.29716,0.2,360.0,194.0,FLING,,WDA7435,60,3,29,6,,60,A
366843280,2023-06-18T11:37:05,28.16671,-94.29711,0.3,348.3,181.0,FLING,,WDA7435,60,3,29,6,,60,A
366843280,2023-06-18T11:38:28,28.16670,-94.29705,0.1,360.0,194.0,FLING,,WDA7435,60,3,29,6,,60,A
366843280,2023-06-18T11:39:35,28.16672,-94.29714,0.6,256.0,200.0,FLING,,WDA7435,60,3,29,6,,60,A
366843280,2023-06-18T11:40:54,28.16671,-94.29708,0.1,360.0,179.0,FLING,,WDA7435,60,3,29,6,,60,A
366843280,2023-06-18T11:42:55,28.16672,-94.29708,0.2,360.0,203.0,FLING,,WDA7435,60,3,29,6,,60,A
366843280,2023-06-18T11:44:05,28.16671,-94.29706,0.5,308.4,202.0,FLING,,WDA7435,60,3,29,6,,60,A
366843280,2023-06-18T11:45:25,28.16671,-94.29709,0.2,172.8,199.0,FLING,,WDA7435,60,3,29,6,,60,A
366843280,2023-06-18T11:46:45,28.16672,-94.29712,0.6,202.6,194.0,FLING,,WDA7435,60,3,29,6,,60,A
366843280,2023-06-18T11:48:35,28.16671,-94.29708,0.7,290.7,198.0,FLING,,WDA7435,60,3,29,6,,60,A
366843280,2023-06-18T11:51:02,28.16672,-94.29705,0.8,69.2,190.0,FLING,,WDA7435,60,3,29,6,,60,A
366843280,2023-06-18T11:53:16,28.16671,-94.29711,0.3,214.0,187.0,FLING,,WDA7435,60,3,29,6,,60,A
366843280,2023-06-18T11:54:42,28.16669,-94.29702,0.3,289.2,196.0,FLING,,WDA7435,60,3,29,6,,60,A
366843280,2023-06-18T11:58:34,28.16670,-94.29701,0.4,31.9,185.0,FLING,,WDA7435,60,3,29,6,,60,A
366843280,2023-06-18T11:59:45,28.16670,-94.29702,0.6,171.3,205.0,FLING,,WDA7435,60,3,29,6,,60,A
366843280,2023-06-18T12:02:25,28.16671,-94.29706,1.3,276.6,208.0,FLING,,WDA7435,60,3,29,6,,60,A
366843280,2023-06-18T12:04:45,28.16671,-94.29709,1.1,323.2,197.0,FLING,,WDA7435,60,3,29,6,,60,A
366843280,2023-06-18T12:06:28,28.16670,-94.29703,0.3,317.4,193.0,FLING,,WDA7435,60,3,29,6,,60,A
366843280,2023-06-18T12:07:56,28.16672,-94.29710,0.5,349.8,202.0,FLING,,WDA7435,60,3,29,6,,60,A
366843280,2023-06-18T12:09:44,28.16672,-94.29712,0.3,351.3,195.0,FLING,,WDA7435,60,3,29,6,,60,A
366843280,2023-06-18T12:11:29,28.16670,-94.29706,0.6,88.5,185.0,FLING,,WDA7435,60,3,29,6,,60,A
366843280,2023-06-18T12:13:05,28.16671,-94.29704,1.4,62.5,199.0,FLING,,WDA7435,60,3,29,6,,60,A
366843280,2023-06-18T12:14:24,28.16669,-94.29705,0.0,360.0,186.0,FLING,,WDA7435,60,3,29,6,,60,A
366843280,2023-06-18T12:15:28,28.16669,-94.29704,0.8,146.9,204.0,FLING,,WDA7435,60,3,29,6,,60,A
366843280,2023-06-18T12:16:29,28.16669,-94.29705,0.3,158.4,195.0,FLING,,WDA7435,60,3,29,6,,60,A
366843280,2023-06-18T12:18:02,28.16670,-94.29704,0.6,292.4,207.0,FLING,,WDA7435,60,3,29,6,,60,A
366843280,2023-06-18T12:19:36,28.16670,-94.29708,0.6,224.5,199.0,FLING,,WDA7435,60,3,29,6,,60,A
366843280,2023-06-18T12:21:04,28.16669,-94.29704,0.0,360.0,194.0,FLING,,WDA7435,60,3,29,6,,60,A
366843280,2023-06-18T12:22:15,28.16668,-94.29704,0.4,153.3,199.0,FLING,,WDA7435,60,3,29,6,,60,A
366843280,2023-06-18T12:24:54,28.16669,-94.29705,0.3,289.7,199.0,FLING,,WDA7435,60,3,29,6,,60,A
366843280,2023-06-18T12:26:24,28.16669,-94.29705,0.4,27.8,196.0,FLING,,WDA7435,60,3,29,6,,60,A
366843280,2023-06-18T12:29:02,28.16670,-94.29708,0.8,231.3,194.0,FLING,,WDA7435,60,3,29,6,,60,A
366843280,2023-06-18T12:31:01,28.16666,-94.29697,0.5,324.7,211.0,FLING,,WDA7435,60,3,29,6,,60,A
366843280,2023-06-18T12:32:14,28.16670,-94.29705,0.0,360.0,204.0,FLING,,WDA7435,60,3,29,6,,60,A
366843280,2023-06-18T12:33:55,28.16669,-94.29703,0.7,160.0,204.0,FLING,,WDA7435,60,3,29,6,,60,A
366843280,2023-06-18T12:35:35,28.16669,-94.29701,0.1,360.0,205.0,FLING,,WDA7435,60,3,29,6,,60,A
366843280,2023-06-18T12:37:46,28.16669,-94.29706,0.5,277.3,205.0,FLING,,WDA7435,60,3,29,6,,60,A
366843280,2023-06-18T12:39:15,28.16668,-94.29705,0.9,240.5,193.0,FLING,,WDA7435,60,3,29,6,,60,A
366843280,2023-06-18T12:40:36,28.16668,-94.29708,0.3,260.8,199.0,FLING,,WDA7435,60,3,29,6,,60,A
366843280,2023-06-18T12:41:44,28.16669,-94.29707,0.4,253.3,194.0,FLING,,WDA7435,60,3,29,6,,60,A
366843280,2023-06-18T12:42:56,28.16668,-94.29705,0.4,183.7,201.0,FLING,,WDA7435,60,3,29,6,,60,A
366843280,2023-06-18T12:44:05,28.16670,-94.29710,0.8,57.9,204.0,FLING,,WDA7435,60,3,29,6,,60,A
366843280,2023-06-18T12:45:25,28.16668,-94.29706,0.1,360.0,198.0,FLING,,WDA7435,60,3,29,6,,60,A
366843280,2023-06-18T12:46:56,28.16668,-94.29704,0.2,360.0,199.0,FLING,,WDA7435,60,3,29,6,,60,A
366843280,2023-06-18T12:48:55,28.16669,-94.29704,0.2,360.0,194.0,FLING,,WDA7435,60,3,29,6,,60,A
366843280,2023-06-18T12:51:02,28.16669,-94.29708,0.4,139.2,191.0,FLING,,WDA7435,60,3,29,6,,60,A
366843280,2023-06-18T12:52:42,28.16666,-94.29697,1.7,345.7,207.0,FLING,,WDA7435,60,3,29,6,,60,A
366843280,2023-06-18T12:53:55,28.16669,-94.29704,0.2,237.7,205.0,FLING,,WDA7435,60,3,29,6,,60,A
366843280,2023-06-18T12:55:26,28.16667,-94.29700,0.4,242.0,199.0,FLING,,WDA7435,60,3,29,6,,60,A
366843280,2023-06-18T12:56:46,28.16668,-94.29700,0.4,42.0,207.0,FLING,,WDA7435,60,3,29,6,,60,A
366843280,2023-06-18T12:58:26,28.16667,-94.29702,1.3,207.4,201.0,FLING,,WDA7435,60,3,29,6,,60,A
366843280,2023-06-18T12:59:35,28.16668,-94.29702,0.4,185.7,205.0,FLING,,WDA7435,60,3,29,6,,60,A
366843280,2023-06-18T13:46:24,28.16670,-94.29707,0.3,117.7,199.0,FLING,,WDA7435,60,3,29,6,,60,A
366843280,2023-06-18T13:48:02,28.16668,-94.29704,1.2,139.1,192.0,FLING,,WDA7435,60,3,29,6,,60,A
366843280,2023-06-18T13:49:06,28.16668,-94.29704,0.5,12.1,202.0,FLING,,WDA7435,60,3,29,6,,60,A
366843280,2023-06-18T13:50:15,28.16668,-94.29706,0.1,360.0,195.0,FLING,,WDA7435,60,3,29,6,,60,A
366843280,2023-06-18T13:51:29,28.16669,-94.29708,0.2,360.0,209.0,FLING,,WDA7435,60,3,29,6,,60,A
366843280,2023-06-18T13:52:35,28.16670,-94.29711,0.5,54.5,197.0,FLING,,WDA7435,60,3,29,6,,60,A
366843280,2023-06-18T13:53:45,28.16669,-94.29707,0.3,116.1,204.0,FLING,,WDA7435,60,3,29,6,,60,A
366843280,2023-06-18T13:54:55,28.16670,-94.29707,0.4,265.0,202.0,FLING,,WDA7435,60,3,29,6,,60,A
366843280,2023-06-18T13:56:05,28.16669,-94.29707,0.1,360.0,202.0,FLING,,WDA7435,60,3,29,6,,60,A
366843280,2023-06-18T13:57:14,28.16668,-94.29705,0.2,360.0,198.0,FLING,,WDA7435,60,3,29,6,,60,A
366843280,2023-06-18T13:58:35,28.16670,-94.29709,1.4,319.4,211.0,FLING,,WDA7435,60,3,29,6,,60,A
366843280,2023-06-18T13:59:41,28.16669,-94.29705,1.6,103.5,185.0,FLING,,WDA7435,60,3,29,6,,60,A
366843280,2023-06-18T14:00:02,28.16668,-94.29700,0.1,360.0,180.0,FLING,,WDA7435,60,3,29,6,,60,A
366843280,2023-06-18T14:01:15,28.16668,-94.29701,0.1,360.0,212.0,FLING,,WDA7435,60,3,29,6,,60,A
366843280,2023-06-18T14:02:26,28.16670,-94.29709,0.2,360.0,207.0,FLING,,WDA7435,60,3,29,6,,60,A
366843280,2023-06-18T14:03:55,28.16670,-94.29708,0.8,290.1,204.0,FLING,,WDA7435,60,3,29,6,,60,A
366843280,2023-06-18T14:05:06,28.16670,-94.29706,0.5,190.3,199.0,FLING,,WDA7435,60,3,29,6,,60,A
366843280,2023-06-18T14:06:15,28.16670,-94.29706,0.9,281.1,198.0,FLING,,WDA7435,60,3,29,6,,60,A
366843280,2023-06-18T14:07:25,28.16670,-94.29712,0.3,200.9,202.0,FLING,,WDA7435,60,3,29,6,,60,A
366843280,2023-06-18T14:08:34,28.16669,-94.29708,0.2,360.0,186.0,FLING,,WDA7435,60,3,29,6,,60,A
366843280,2023-06-18T14:09:42,28.16670,-94.29703,0.3,279.9,213.0,FLING,,WDA7435,60,3,29,6,,60,A
366843280,2023-06-18T14:11:54,28.16670,-94.29708,0.1,360.0,199.0,FLING,,WDA7435,60,3,29,6,,60,A
366843280,2023-06-18T14:13:22,28.16669,-94.29705,1.4,151.9,196.0,FLING,,WDA7435,60,3,29,6,,60,A
366843280,2023-06-18T14:14:25,28.16670,-94.29706,0.9,284.5,200.0,FLING,,WDA7435,60,3,29,6,,60,A
366843280,2023-06-18T14:15:34,28.16670,-94.29708,0.0,360.0,204.0,FLING,,WDA7435,60,3,29,6,,60,A
366843280,2023-06-18T14:17:34,28.16669,-94.29705,0.6,92.1,194.0,FLING,,WDA7435,60,3,29,6,,60,A
366843280,2023-06-18T14:19:25,28.16670,-94.29706,0.5,303.6,209.0,FLING,,WDA7435,60,3,29,6,,60,A
366843280,2023-06-18T14:21:05,28.16670,-94.29705,0.3,158.3,203.0,FLING,,WDA7435,60,3,29,6,,60,A
366843280,2023-06-18T14:29:05,28.16671,-94.29708,0.6,295.5,203.0,FLING,,WDA7435,60,3,29,6,,60,A
366843280,2023-06-18T14:30:45,28.16670,-94.29704,0.2,360.0,203.0,FLING,,WDA7435,60,3,29,6,,60,A
366843280,2023-06-18T14:31:55,28.16670,-94.29709,0.4,183.8,209.0,FLING,,WDA7435,60,3,29,6,,60,A
366843280,2023-06-18T14:33:05,28.16672,-94.29710,0.6,341.0,203.0,FLING,,WDA7435,60,3,29,6,,60,A
366843280,2023-06-18T14:34:25,28.16671,-94.29711,0.3,152.1,196.0,FLING,,WDA7435,60,3,29,6,,60,A
366843280,2023-06-18T14:35:56,28.16671,-94.29708,0.2,167.0,198.0,FLING,,WDA7435,60,3,29,6,,60,A
366843280,2023-06-18T14:37:14,28.16670,-94.29708,0.5,69.5,202.0,FLING,,WDA7435,60,3,29,6,,60,A
366843280,2023-06-18T14:38:15,28.16670,-94.29706,0.4,103.0,199.0,FLING,,WDA7435,60,3,29,6,,60,A
366843280,2023-06-18T14:39:25,28.16670,-94.29704,0.7,226.8,202.0,FLING,,WDA7435,60,3,29,6,,60,A
366843280,2023-06-18T14:40:42,28.16670,-94.29707,0.8,214.2,209.0,FLING,,WDA7435,60,3,29,6,,60,A
366843280,2023-06-18T14:42:15,28.16671,-94.29712,0.5,81.5,201.0,FLING,,WDA7435,60,3,29,6,,60,A
366843280,2023-06-18T14:44:05,28.16670,-94.29705,0.2,360.0,198.0,FLING,,WDA7435,60,3,29,6,,60,A
366843280,2023-06-18T14:48:29,28.16670,-94.29704,0.3,303.7,209.0,FLING,,WDA7435,60,3,29,6,,60,A
366843280,2023-06-18T14:50:54,28.16670,-94.29704,0.4,217.7,201.0,FLING,,WDA7435,60,3,29,6,,60,A
366843280,2023-06-18T14:52:46,28.16670,-94.29705,0.4,61.1,203.0,FLING,,WDA7435,60,3,29,6,,60,A
366843280,2023-06-18T14:53:54,28.16670,-94.29702,0.4,165.1,198.0,FLING,,WDA7435,60,3,29,6,,60,A
366843280,2023-06-18T14:55:54,28.16670,-94.29706,1.0,154.2,209.0,FLING,,WDA7435,60,3,29,6,,60,A
366843280,2023-06-18T14:57:46,28.16670,-94.29705,0.4,16.1,202.0,FLING,,WDA7435,60,3,29,6,,60,A
366843280,2023-06-18T14:59:45,28.16670,-94.29707,0.8,154.0,205.0,FLING,,WDA7435,60,3,29,6,,60,A
366843280,2023-06-18T15:00:26,28.16670,-94.29706,0.9,81.7,197.0,FLING,,WDA7435,60,3,29,6,,60,A
366843280,2023-06-18T15:01:55,28.16668,-94.29704,0.2,360.0,201.0,FLING,,WDA7435,60,3,29,6,,60,A
366843280,2023-06-18T15:03:26,28.16670,-94.29708,0.1,360.0,207.0,FLING,,WDA7435,60,3,29,6,,60,A
366843280,2023-06-18T15:04:29,28.16670,-94.29708,0.6,92.0,196.0,FLING,,WDA7435,60,3,29,6,,60,A
366843280,2023-06-18T15:05:35,28.16671,-94.29707,0.3,326.9,203.0,FLING,,WDA7435,60,3,29,6,,60,A
366843280,2023-06-18T15:06:45,28.16670,-94.29708,0.2,360.0,200.0,FLING,,WDA7435,60,3,29,6,,60,A
366843280,2023-06-18T15:07:46,28.16670,-94.29707,0.9,158.3,208.0,FLING,,WDA7435,60,3,29,6,,60,A
366843280,2023-06-18T15:08:56,28.16669,-94.29704,0.2,360.0,198.0,FLING,,WDA7435,60,3,29,6,,60,A
366843280,2023-06-18T15:10:02,28.16671,-94.29706,0.2,360.0,209.0,FLING,,WDA7435,60,3,29,6,,60,A
366843280,2023-06-18T15:11:06,28.16670,-94.29704,0.4,41.8,204.0,FLING,,WDA7435,60,3,29,6,,60,A
366843280,2023-06-18T15:12:15,28.16670,-94.29703,0.4,168.5,208.0,FLING,,WDA7435,60,3,29,6,,60,A
366843280,2023-06-18T15:13:22,28.16670,-94.29706,0.7,15.5,200.0,FLING,,WDA7435,60,3,29,6,,60,A
366843280,2023-06-18T15:14:35,28.16671,-94.29704,0.7,303.2,206.0,FLING,,WDA7435,60,3,29,6,,60,A
366843280,2023-06-18T15:15:45,28.16670,-94.29705,1.1,89.0,201.0,FLING,,WDA7435,60,3,29,6,,60,A
366843280,2023-06-18T15:17:02,28.16670,-94.29705,1.2,60.3,211.0,FLING,,WDA7435,60,3,29,6,,60,A
366843280,2023-06-18T15:18:15,28.16672,-94.29708,0.1,360.0,206.0,FLING,,WDA7435,60,3,29,6,,60,A
366843280,2023-09-24T11:06:54,28.16671,-94.29724,1.0,4.5,134.0,FLING,,WDA7435,60,0,29,6,,60,A
366843280,2023-09-24T11:08:07,28.16668,-94.29722,0.9,290.9,180.0,FLING,,WDA7435,60,0,29,6,,60,A
366843280,2023-09-24T11:09:11,28.16668,-94.29720,0.1,360.0,162.0,FLING,,WDA7435,60,0,29,6,,60,A
366843280,2023-09-24T11:10:20,28.16669,-94.29717,0.1,360.0,184.0,FLING,,WDA7435,60,0,29,6,,60,A
366843280,2023-09-24T11:13:10,28.16669,-94.29717,0.1,360.0,173.0,FLING,,WDA7435,60,0,29,6,,60,A
366843280,2023-09-24T11:14:31,28.16668,-94.29712,0.6,0.1,173.0,FLING,,WDA7435,60,0,29,6,,60,A
366843280,2023-09-24T11:15:51,28.16669,-94.29718,0.2,280.7,191.0,FLING,,WDA7435,60,0,29,6,,60,A
366843280,2023-09-24T11:17:40,28.16668,-94.29726,0.3,355.6,158.0,FLING,,WDA7435,60,0,29,6,,60,A
366843280,2023-09-24T11:18:51,28.16667,-94.29713,0.6,221.7,154.0,FLING,,WDA7435,60,0,29,6,,60,A
366843280,2023-09-24T11:20:31,28.16669,-94.29718,0.9,289.6,187.0,FLING,,WDA7435,60,0,29,6,,60,A
366843280,2023-09-24T11:22:02,28.16667,-94.29729,0.2,360.0,169.0,FLING,,WDA7435,60,0,29,6,,60,A
366843280,2023-09-24T11:23:20,28.16669,-94.29720,0.6,81.7,144.0,FLING,,WDA7435,60,0,29,6,,60,A
366843280,2023-09-24T11:24:50,28.16668,-94.29712,0.1,360.0,171.0,FLING,,WDA7435,60,0,29,6,,60,A
366843280,2023-09-24T11:26:31,28.16668,-94.29721,0.4,167.2,185.0,FLING,,WDA7435,60,0,29,6,,60,A
366843280,2023-09-24T11:28:20,28.16668,-94.29715,0.2,360.0,158.0,FLING,,WDA7435,60,0,29,6,,60,A
366843280,2023-09-24T11:30:20,28.16668,-94.29711,0.3,320.6,187.0,FLING,,WDA7435,60,0,29,6,,60,A
366843280,2023-09-24T11:33:31,28.16669,-94.29717,0.4,92.7,163.0,FLING,,WDA7435,60,0,29,6,,60,A
366843280,2023-09-24T11:34:41,28.16667,-94.29711,0.1,360.0,166.0,FLING,,WDA7435,60,0,29,6,,60,A
366843280,2023-09-24T11:36:31,28.16668,-94.29715,0.3,273.1,185.0,FLING,,WDA7435,60,0,29,6,,60,A
366843280,2023-09-24T11:38:21,28.16666,-94.29732,0.4,262.4,173.0,FLING,,WDA7435,60,0,29,6,,60,A
366843280,2023-09-24T11:39:34,28.16666,-94.29732,0.1,360.0,153.0,FLING,,WDA7435,60,0,29,6,,60,A
366843280,2023-09-24T11:40:51,28.16668,-94.29717,0.8,118.3,163.0,FLING,,WDA7435,60,0,29,6,,60,A
366843280,2023-09-24T11:41:54,28.16669,-94.29715,0.4,260.6,184.0,FLING,,WDA7435,60,0,29,6,,60,A
366843280,2023-09-24T11:43:01,28.16668,-94.29716,0.1,360.0,175.0,FLING,,WDA7435,60,0,29,6,,60,A
366843280,2023-09-24T11:53:50,28.16669,-94.29717,0.2,360.0,189.0,FLING,,WDA7435,60,0,29,6,,60,A
366843280,2023-09-24T11:55:31,28.16669,-94.29721,0.1,360.0,173.0,FLING,,WDA7435,60,0,29,6,,60,A
366843280,2023-09-24T11:58:01,28.16669,-94.29713,0.2,360.0,169.0,FLING,,WDA7435,60,0,29,6,,60,A
366843280,2023-09-24T12:00:11,28.16669,-94.29715,0.3,354.8,169.0,FLING,,WDA7435,60,0,29,6,,60,A
366843280,2023-09-24T12:03:11,28.16668,-94.29724,0.4,285.1,182.0,FLING,,WDA7435,60,0,29,6,,60,A
366843280,2023-09-24T12:04:12,28.16668,-94.29721,0.2,360.0,165.0,FLING,,WDA7435,60,0,29,6,,60,A
366843280,2023-09-24T12:05:31,28.16668,-94.29714,0.1,360.0,160.0,FLING,,WDA7435,60,0,29,6,,60,A
366843280,2023-09-24T12:06:51,28.16670,-94.29715,0.5,289.4,184.0,FLING,,WDA7435,60,0,29,6,,60,A
366843280,2023-09-24T12:08:01,28.16668,-94.29724,0.2,360.0,175.0,FLING,,WDA7435,60,0,29,6,,60,A
366843280,2023-09-24T12:09:10,28.16669,-94.29722,0.3,75.0,158.0,FLING,,WDA7435,60,0,29,6,,60,A
366843280,2023-09-24T12:10:31,28.16669,-94.29715,0.6,239.3,161.0,FLING,,WDA7435,60,0,29,6,,60,A
366843280,2023-09-24T12:12:47,28.16669,-94.29714,0.5,290.1,195.0,FLING,,WDA7435,60,0,29,6,,60,A
366843280,2023-09-24T12:14:14,28.16669,-94.29723,0.5,15.5,176.0,FLING,,WDA7435,60,0,29,6,,60,A
366843280,2023-09-24T12:15:31,28.16669,-94.29718,0.2,360.0,159.0,FLING,,WDA7435,60,0,29,6,,60,A
366843280,2023-09-24T12:18:51,28.16669,-94.29714,0.2,360.0,174.0,FLING,,WDA7435,60,0,29,6,,60,A
366843280,2023-09-24T12:20:51,28.16669,-94.29721,0.2,360.0,179.0,FLING,,WDA7435,60,0,29,6,,60,A
366843280,2023-09-24T12:22:10,28.16669,-94.29716,0.2,360.0,167.0,FLING,,WDA7435,60,0,29,6,,60,A
366843280,2023-09-24T12:23:30,28.16669,-94.29717,0.3,21.3,182.0,FLING,,WDA7435,60,0,29,6,,60,A
366843280,2023-09-24T12:24:47,28.16669,-94.29717,0.8,102.2,166.0,FLING,,WDA7435,60,0,29,6,,60,A
366843280,2023-09-24T12:26:50,28.16670,-94.29717,0.1,360.0,180.0,FLING,,WDA7435,60,0,29,6,,60,A
366843280,2023-09-24T12:28:01,28.16669,-94.29719,0.3,31.4,172.0,FLING,,WDA7435,60,0,29,6,,60,A
366843280,2023-09-24T12:29:11,28.16668,-94.29716,0.2,360.0,175.0,FLING,,WDA7435,60,0,29,6,,60,A
366843280,2023-09-24T12:30:41,28.16670,-94.29716,0.9,309.7,179.0,FLING,,WDA7435,60,0,29,6,,60,A
366843280,2023-09-24T12:32:01,28.16669,-94.29721,0.2,242.3,179.0,FLING,,WDA7435,60,0,29,6,,60,A
366843280,2023-09-24T12:33:21,28.16670,-94.29719,0.3,203.4,161.0,FLING,,WDA7435,60,0,29,6,,60,A
366843280,2023-09-24T12:36:28,28.16668,-94.29730,0.5,0.4,164.0,FLING,,WDA7435,60,0,29,6,,60,A
366843280,2023-09-24T12:37:41,28.16669,-94.29721,0.4,156.2,153.0,FLING,,WDA7435,60,0,29,6,,60,A
366843280,2023-09-24T12:39:21,28.16669,-94.29713,0.5,293.3,176.0,FLING,,WDA7435,60,0,29,6,,60,A
366843280,2023-09-24T12:40:51,28.16669,-94.29723,0.3,164.7,181.0,FLING,,WDA7435,60,0,29,6,,60,A
366843280,2023-09-24T12:42:01,28.16669,-94.29725,0.1,360.0,166.0,FLING,,WDA7435,60,0,29,6,,60,A
366843280,2023-09-24T12:43:51,28.16670,-94.29716,0.8,105.1,158.0,FLING,,WDA7435,60,0,29,6,,60,A
366843280,2023-09-24T12:45:14,28.16670,-94.29720,0.3,260.0,188.0,FLING,,WDA7435,60,0,29,6,,60,A
366843280,2023-09-24T12:46:50,28.16667,-94.29732,0.4,325.9,173.0,FLING,,WDA7435,60,0,29,6,,60,A
366843280,2023-09-24T12:48:11,28.16669,-94.29723,0.2,78.3,150.0,FLING,,WDA7435,60,0,29,6,,60,A
366843280,2023-09-24T12:49:50,28.16670,-94.29713,0.2,338.4,178.0,FLING,,WDA7435,60,0,29,6,,60,A
366843280,2023-09-24T12:51:27,28.16669,-94.29719,0.7,259.1,176.0,FLING,,WDA7435,60,0,29,6,,60,A
366843280,2023-09-24T12:52:51,28.16670,-94.29716,0.2,97.0,159.0,FLING,,WDA7435,60,0,29,6,,60,A
366843280,2023-09-24T12:54:22,28.16670,-94.29715,0.4,331.7,178.0,FLING,,WDA7435,60,0,29,6,,60,A
366843280,2023-09-24T12:55:31,28.16669,-94.29720,0.0,360.0,179.0,FLING,,WDA7435,60,0,29,6,,60,A
366843280,2023-09-24T12:56:41,28.16670,-94.29722,0.2,360.0,171.0,FLING,,WDA7435,60,0,29,6,,60,A
366843280,2023-09-24T12:57:52,28.16670,-94.29719,0.1,360.0,165.0,FLING,,WDA7435,60,0,29,6,,60,A
366843280,2023-09-24T12:59:11,28.16670,-94.29717,0.1,360.0,163.0,FLING,,WDA7435,60,0,29,6,,60,A
366843280,2023-09-24T13:00:02,28.16670,-94.29715,0.3,105.9,171.0,FLING,,WDA7435,60,0,29,6,,60,A
366843280,2023-09-24T13:01:07,28.16671,-94.29719,0.1,360.0,183.0,FLING,,WDA7435,60,0,29,6,,60,A
366843280,2023-09-24T13:02:50,28.16668,-94.29729,0.3,360.0,166.0,FLING,,WDA7435,60,0,29,6,,60,A
366843280,2023-09-24T13:03:54,28.16670,-94.29724,0.4,92.9,152.0,FLING,,WDA7435,60,0,29,6,,60,A
366843280,2023-09-24T13:05:12,28.16670,-94.29721,0.1,360.0,174.0,FLING,,WDA7435,60,0,29,6,,60,A
366843280,2023-09-24T13:06:31,28.16669,-94.29728,0.1,360.0,176.0,FLING,,WDA7435,60,0,29,6,,60,A
366843280,2023-09-24T13:09:07,28.16670,-94.29719,0.4,348.8,167.0,FLING,,WDA7435,60,0,29,6,,60,A
366843280,2023-09-24T13:10:11,28.16669,-94.29720,0.4,241.3,173.0,FLING,,WDA7435,60,0,29,6,,60,A
366843280,2023-09-24T13:12:10,28.16669,-94.29729,0.3,212.9,172.0,FLING,,WDA7435,60,0,29,6,,60,A
366843280,2023-09-24T13:14:01,28.16669,-94.29727,0.8,79.5,152.0,FLING,,WDA7435,60,0,29,6,,60,A
366843280,2023-09-24T13:15:28,28.16670,-94.29720,0.4,32.0,164.0,FLING,,WDA7435,60,0,29,6,,60,A
366843280,2023-09-24T13:16:52,28.16669,-94.29728,0.8,262.9,176.0,FLING,,WDA7435,60,0,29,6,,60,A
366843280,2023-09-24T13:18:00,28.16668,-94.29730,0.4,159.3,161.0,FLING,,WDA7435,60,0,29,6,,60,A
366843280,2023-09-24T13:19:30,28.16670,-94.29723,0.2,360.0,152.0,FLING,,WDA7435,60,0,29,6,,60,A
366843280,2023-09-24T13:20:41,28.16671,-94.29718,0.4,342.9,165.0,FLING,,WDA7435,60,0,29,6,,60,A
366843280,2023-09-24T13:21:47,28.16671,-94.29725,0.3,253.0,185.0,FLING,,WDA7435,60,0,29,6,,60,A
366843280,2023-09-24T13:22:48,28.16669,-94.29729,0.3,188.0,166.0,FLING,,WDA7435,60,0,29,6,,60,A
366843280,2023-09-24T13:24:02,28.16670,-94.29723,0.5,109.9,157.0,FLING,,WDA7435,60,0,29,6,,60,A
366843280,2023-09-24T13:25:41,28.16670,-94.29729,0.4,239.6,183.0,FLING,,WDA7435,60,0,29,6,,60,A
366843280,2023-09-24T13:27:01,28.16666,-94.29736,0.5,218.8,162.0,FLING,,WDA7435,60,0,29,6,,60,A
366843280,2023-09-24T13:28:11,28.16668,-94.29732,0.9,61.2,148.0,FLING,,WDA7435,60,0,29,6,,60,A
366843280,2023-09-24T13:29:20,28.16670,-94.29725,0.2,360.0,159.0,FLING,,WDA7435,60,0,29,6,,60,A
366843280,2023-09-24T13:30:34,28.16669,-94.29731,0.1,360.0,183.0,FLING,,WDA7435,60,0,29,6,,60,A
366843280,2023-09-24T13:31:51,28.16668,-94.29732,0.2,360.0,145.0,FLING,,WDA7435,60,0,29,6,,60,A
366843280,2023-09-24T13:33:01,28.16670,-94.29721,0.3,86.7,154.0,FLING,,WDA7435,60,0,29,6,,60,A
366843280,2023-09-24T13:34:08,28.16671,-94.29725,0.8,260.7,182.0,FLING,,WDA7435,60,0,29,6,,60,A
366843280,2023-09-24T13:35:34,28.16665,-94.29738,0.6,18.1,162.0,FLING,,WDA7435,60,0,29,6,,60,A
366843280,2023-09-24T13:36:41,28.16669,-94.29731,0.5,62.4,144.0,FLING,,WDA7435,60,0,29,6,,60,A
366843280,2023-09-24T13:38:01,28.16670,-94.29720,0.5,90.3,163.0,FLING,,WDA7435,60,0,29,6,,60,A
366843280,2023-09-24T13:39:30,28.16669,-94.29728,0.6,260.8,182.0,FLING,,WDA7435,60,0,29,6,,60,A
366843280,2023-09-24T13:40:54,28.16665,-94.29737,0.1,360.0,154.0,FLING,,WDA7435,60,0,29,6,,60,A
366843280,2023-09-24T13:42:08,28.16671,-94.29725,0.5,68.6,138.0,FLING,,WDA7435,60,0,29,6,,60,A
366843280,2023-09-24T13:43:10,28.16671,-94.29720,0.5,309.1,167.0,FLING,,WDA7435,60,0,29,6,,60,A
366843280,2023-09-24T13:44:22,28.16668,-94.29733,0.6,250.4,180.0,FLING,,WDA7435,60,0,29,6,,60,A
366843280,2023-09-24T13:45:27,28.16664,-94.29738,0.2,212.7,150.0,FLING,,WDA7435,60,0,29,6,,60,A
366843280,2023-09-24T13:46:31,28.16668,-94.29733,1.1,69.5,143.0,FLING,,WDA7435,60,0,29,6,,60,A
366843280,2023-09-24T13:47:41,28.16671,-94.29726,0.5,78.0,156.0,FLING,,WDA7435,60,0,29,6,,60,A
366843280,2023-09-24T13:48:52,28.16670,-94.29727,0.3,360.0,171.0,FLING,,WDA7435,60,0,29,6,,60,A
366843280,2023-09-24T13:50:02,28.16667,-94.29734,0.4,238.1,164.0,FLING,,WDA7435,60,0,29,6,,60,A
366843280,2023-09-24T13:52:02,28.16669,-94.29729,0.3,360.0,153.0,FLING,,WDA7435,60,0,29,6,,60,A
366843280,2023-09-24T13:54:02,28.16669,-94.29730,0.3,28.7,164.0,FLING,,WDA7435,60,0,29,6,,60,A
366843280,2023-09-24T13:55:30,28.16672,-94.29724,0.7,102.0,149.0,FLING,,WDA7435,60,0,29,6,,60,A
366843280,2023-09-24T13:56:41,28.16672,-94.29719,0.3,360.0,162.0,FLING,,WDA7435,60,0,29,6,,60,A
366843280,2023-09-24T13:57:50,28.16670,-94.29728,0.7,263.6,184.0,FLING,,WDA7435,60,0,29,6,,60,A
366843280,2023-09-24T13:59:11,28.16666,-94.29735,0.1,360.0,155.0,FLING,,WDA7435,60,0,29,6,,60,A
366843280,2023-09-24T14:00:08,28.16670,-94.29730,0.5,164.6,141.0,FLING,,WDA7435,60,0,29,6,,60,A
366843280,2023-09-24T14:02:20,28.16671,-94.29724,0.1,360.0,184.0,FLING,,WDA7435,60,0,29,6,,60,A
366843280,2023-09-24T14:03:30,28.16666,-94.29736,0.3,360.0,169.0,FLING,,WDA7435,60,0,29,6,,60,A
366843280,2023-09-24T14:04:41,28.16667,-94.29735,0.4,345.7,153.0,FLING,,WDA7435,60,0,29,6,,60,A
366843280,2023-09-24T14:06:20,28.16669,-94.29730,0.2,360.0,163.0,FLING,,WDA7435,60,0,29,6,,60,A
366843280,2023-09-24T14:07:21,28.16669,-94.29729,0.1,360.0,160.0,FLING,,WDA7435,60,0,29,6,,60,A
366843280,2023-09-24T14:11:21,28.16669,-94.29731,0.3,329.0,155.0,FLING,,WDA7435,60,0,29,6,,60,A
366843280,2023-09-24T14:12:41,28.16670,-94.29722,0.2,360.0,160.0,FLING,,WDA7435,60,0,29,6,,60,A
366843280,2023-09-24T14:14:01,28.16670,-94.29722,0.3,353.2,162.0,FLING,,WDA7435,60,0,29,6,,60,A
366843280,2023-09-24T14:15:28,28.16670,-94.29726,0.7,270.6,181.0,FLING,,WDA7435,60,0,29,6,,60,A
366843280,2023-09-24T14:16:51,28.16666,-94.29734,0.2,360.0,161.0,FLING,,WDA7435,60,0,29,6,,60,A
366843280,2023-09-24T14:18:40,28.16670,-94.29722,0.1,360.0,155.0,FLING,,WDA7435,60,0,29,6,,60,A
366843280,2023-09-24T14:20:40,28.16665,-94.29735,0.2,360.0,175.0,FLING,,WDA7435,60,0,29,6,,60,A
366843280,2023-09-24T14:21:47,28.16665,-94.29737,0.6,232.6,158.0,FLING,,WDA7435,60,0,29,6,,60,A
366843280,2023-09-24T14:22:51,28.16668,-94.29731,0.2,360.0,142.0,FLING,,WDA7435,60,0,29,6,,60,A
366843280,2023-09-24T14:24:07,28.16669,-94.29724,0.3,185.0,159.0,FLING,,WDA7435,60,0,29,6,,60,A
366843280,2023-09-24T14:25:31,28.16669,-94.29726,0.1,360.0,175.0,FLING,,WDA7435,60,0,29,6,,60,A
366843280,2023-09-24T14:27:54,28.16669,-94.29724,0.2,360.0,156.0,FLING,,WDA7435,60,0,29,6,,60,A
366843280,2023-09-24T14:30:21,28.16665,-94.29737,0.7,249.0,174.0,FLING,,WDA7435,60,0,29,6,,60,A
366843280,2023-09-24T14:31:34,28.16669,-94.29731,0.2,360.0,137.0,FLING,,WDA7435,60,0,29,6,,60,A
366843280,2023-09-24T14:34:11,28.16669,-94.29721,0.4,244.8,181.0,FLING,,WDA7435,60,0,29,6,,60,A
366843280,2023-09-24T14:35:41,28.16668,-94.29729,0.2,360.0,167.0,FLING,,WDA7435,60,0,29,6,,60,A
366843280,2023-09-24T14:37:11,28.16670,-94.29727,0.1,360.0,164.0,FLING,,WDA7435,60,0,29,6,,60,A
366843280,2023-09-24T14:38:30,28.16669,-94.29732,0.4,271.5,172.0,FLING,,WDA7435,60,0,29,6,,60,A
366843280,2023-09-24T14:39:41,28.16666,-94.29735,0.5,236.3,162.0,FLING,,WDA7435,60,0,29,6,,60,A
366843280,2023-09-24T14:40:52,28.16668,-94.29731,0.1,360.0,154.0,FLING,,WDA7435,60,0,29,6,,60,A
366843280,2023-09-24T14:42:01,28.16670,-94.29725,0.2,360.0,157.0,FLING,,WDA7435,60,0,29,6,,60,A
366843280,2023-09-24T14:44:01,28.16665,-94.29735,0.3,235.6,172.0,FLING,,WDA7435,60,0,29,6,,60,A
366843280,2023-09-24T14:45:14,28.16665,-94.29735,0.3,342.1,153.0,FLING,,WDA7435,60,0,29,6,,60,A
366843280,2023-09-24T14:46:41,28.16669,-94.29725,0.5,72.7,147.0,FLING,,WDA7435,60,0,29,6,,60,A
366843280,2023-09-24T14:47:47,28.16668,-94.29717,0.2,360.0,170.0,FLING,,WDA7435,60,0,29,6,,60,A
366843280,2023-09-24T14:49:01,28.16669,-94.29723,0.1,360.0,172.0,FLING,,WDA7435,60,0,29,6,,60,A
366843280,2023-09-24T14:50:11,28.16667,-94.29729,0.3,360.0,171.0,FLING,,WDA7435,60,0,29,6,,60,A
366843280,2023-09-24T14:51:21,28.16665,-94.29734,0.1,360.0,165.0,FLING,,WDA7435,60,0,29,6,,60,A
366843280,2023-09-24T14:52:27,28.16669,-94.29726,0.2,360.0,142.0,FLING,,WDA7435,60,0,29,6,,60,A
366843280,2023-09-24T14:54:30,28.16669,-94.29726,0.2,276.5,186.0,FLING,,WDA7435,60,0,29,6,,60,A
366843280,2023-09-24T14:55:47,28.16664,-94.29736,0.4,221.0,163.0,FLING,,WDA7435,60,0,29,6,,60,A
366843280,2023-09-24T14:56:52,28.16668,-94.29730,0.1,360.0,139.0,FLING,,WDA7435,60,0,29,6,,60,A
366843280,2023-09-24T14:57:54,28.16669,-94.29723,0.6,2.3,157.0,FLING,,WDA7435,60,0,29,6,,60,A
366843280,2023-09-24T14:59:12,28.16668,-94.29725,0.3,146.9,175.0,FLING,,WDA7435,60,0,29,6,,60,A
366843280,2023-09-24T15:00:12,28.16667,-94.29729,0.6,137.6,172.0,FLING,,WDA7435,60,0,29,6,,60,A
366843280,2023-09-24T15:01:51,28.16667,-94.29729,0.4,10.7,161.0,FLING,,WDA7435,60,0,29,6,,60,A
366843280,2023-09-24T15:03:20,28.16668,-94.29722,0.2,360.0,166.0,FLING,,WDA7435,60,0,29,6,,60,A
366843280,2023-09-24T15:04:21,28.16668,-94.29724,0.1,360.0,170.0,FLING,,WDA7435,60,0,29,6,,60,A
366843280,2023-09-24T15:08:27,28.16664,-94.29734,0.2,360.0,157.0,FLING,,WDA7435,60,0,29,6,,60,A
366843280,2023-09-24T15:10:21,28.16668,-94.29726,0.5,56.9,156.0,FLING,,WDA7435,60,0,29,6,,60,A
366843280,2023-09-24T15:11:32,28.16668,-94.29721,0.3,68.8,168.0,FLING,,WDA7435,60,0,29,6,,60,A
366843280,2023-09-24T15:12:50,28.16668,-94.29727,0.4,270.5,177.0,FLING,,WDA7435,60,0,29,6,,60,A
366843280,2023-09-24T15:14:11,28.16663,-94.29737,0.2,360.0,162.0,FLING,,WDA7435,60,0,29,6,,60,A
366843280,2023-09-24T15:16:11,28.16666,-94.29733,0.4,196.6,150.0,FLING,,WDA7435,60,0,29,6,,60,A
366843280,2023-09-24T15:17:47,28.16668,-94.29724,0.2,360.0,169.0,FLING,,WDA7435,60,0,29,6,,60,A
366843280,2023-09-24T15:18:51,28.16665,-94.29731,0.3,182.4,175.0,FLING,,WDA7435,60,0,29,6,,60,A
366843280,2023-09-24T15:20:30,28.16666,-94.29732,0.4,64.7,145.0,FLING,,WDA7435,60,0,29,6,,60,A
366843280,2023-09-24T15:22:20,28.16668,-94.29718,0.2,360.0,164.0,FLING,,WDA7435,60,0,29,6,,60,A
366843280,2023-09-24T15:25:20,28.16662,-94.29740,0.1,360.0,167.0,FLING,,WDA7435,60,0,29,6,,60,A
366843280,2023-09-24T15:27:10,28.16666,-94.29734,0.4,81.7,142.0,FLING,,WDA7435,60,0,29,6,,60,A
366843280,2023-09-24T15:29:21,28.16669,-94.29724,0.1,360.0,175.0,FLING,,WDA7435,60,0,29,6,,60,A
366843280,2023-09-24T15:30:32,28.16664,-94.29733,0.4,249.3,173.0,FLING,,WDA7435,60,0,29,6,,60,A
366843280,2023-09-24T15:31:34,28.16665,-94.29735,0.9,104.6,153.0,FLING,,WDA7435,60,0,29,6,,60,A
366843280,2023-09-24T15:32:41,28.16667,-94.29726,0.3,94.3,144.0,FLING,,WDA7435,60,0,29,6,,60,A
366843280,2023-09-24T15:34:21,28.16668,-94.29729,0.1,360.0,172.0,FLING,,WDA7435,60,0,29,6,,60,A
366843280,2023-09-24T15:36:50,28.16665,-94.29735,0.7,64.2,153.0,FLING,,WDA7435,60,0,29,6,,60,A
366843280,2023-09-24T15:39:14,28.16668,-94.29722,0.1,360.0,168.0,FLING,,WDA7435,60,0,29,6,,60,A
366843280,2023-09-24T15:41:07,28.16663,-94.29737,0.1,360.0,166.0,FLING,,WDA7435,60,0,29,6,,60,A
366843280,2023-09-24T15:42:12,28.16666,-94.29733,0.5,64.9,143.0,FLING,,WDA7435,60,0,29,6,,60,A
366843280,2023-09-24T15:44:14,28.16668,-94.29720,0.4,309.4,167.0,FLING,,WDA7435,60,0,29,6,,60,A
366843280,2023-09-24T15:45:41,28.16665,-94.29732,0.6,248.2,173.0,FLING,,WDA7435,60,0,29,6,,60,A
366843280,2023-09-24T15:46:54,28.16666,-94.29731,0.3,64.2,147.0,FLING,,WDA7435,60,0,29,6,,60,A
366843280,2023-09-24T15:50:00,28.16664,-94.29733,0.3,236.8,165.0,FLING,,WDA7435,60,0,29,6,,60,A
366843280,2023-09-24T15:51:31,28.16667,-94.29727,0.5,130.0,148.0,FLING,,WDA7435,60,0,29,6,,60,A
366843280,2023-09-24T15:52:51,28.16667,-94.29734,0.3,254.1,177.0,FLING,,WDA7435,60,0,29,6,,60,A
366843280,2023-09-24T15:54:02,28.16662,-94.29738,0.5,269.7,159.0,FLING,,WDA7435,60,0,29,6,,60,A
366843280,2023-09-24T15:56:01,28.16666,-94.29731,0.2,360.0,144.0,FLING,,WDA7435,60,0,29,6,,60,A
366843280,2023-09-24T15:58:02,28.16663,-94.29736,0.4,150.5,159.0,FLING,,WDA7435,60,0,29,6,,60,A
366843280,2023-09-24T16:01:14,28.16571,-94.29755,9.0,184.6,174.0,FLING,,WDA7435,60,0,29,6,,60,A
366843280,2023-05-07T11:06:08,28.16670,-94.29741,0.2,360.0,145.0,FLING,,WDA7435,60,0,29,6,,60,A
366843280,2023-05-07T11:07:19,28.16670,-94.29737,0.1,360.0,144.0,FLING,,WDA7435,60,0,29,6,,60,A
366843280,2023-05-07T11:08:49,28.16672,-94.29736,0.3,99.3,143.0,FLING,,WDA7435,60,0,29,6,,60,A
366843280,2023-05-07T11:10:05,28.16673,-94.29733,1.0,224.4,157.0,FLING,,WDA7435,60,0,29,6,,60,A
366843280,2023-05-07T11:11:18,28.16670,-94.29739,0.4,54.2,154.0,FLING,,WDA7435,60,0,29,6,,60,A
366843280,2023-05-07T11:12:25,28.16671,-94.29739,0.2,113.2,135.0,FLING,,WDA7435,60,0,29,6,,60,A
366843280,2023-05-07T11:13:29,28.16672,-94.29734,0.5,114.9,156.0,FLING,,WDA7435,60,0,29,6,,60,A
366843280,2023-05-07T11:14:39,28.16671,-94.29738,0.7,125.8,156.0,FLING,,WDA7435,60,0,29,6,,60,A
366843280,2023-05-07T11:15:45,28.16670,-94.29741,0.3,225.1,148.0,FLING,,WDA7435,60,0,29,6,,60,A
366843280,2023-05-07T11:16:49,28.16671,-94.29739,0.6,228.8,153.0,FLING,,WDA7435,60,0,29,6,,60,A
366843280,2023-05-07T11:17:59,28.16668,-94.29743,1.1,75.0,151.0,FLING,,WDA7435,60,0,29,6,,60,A
366843280,2023-05-07T11:19:08,28.16673,-94.29734,0.3,104.0,152.0,FLING,,WDA7435,60,0,29,6,,60,A
366843280,2023-05-07T11:20:11,28.16672,-94.29738,0.7,163.5,161.0,FLING,,WDA7435,60,0,29,6,,60,A
366843280,2023-05-07T11:21:25,28.16671,-94.29740,0.4,66.2,144.0,FLING,,WDA7435,60,0,29,6,,60,A
366843280,2023-05-07T11:22:48,28.16672,-94.29736,0.4,111.0,160.0,FLING,,WDA7435,60,0,29,6,,60,A
366843280,2023-05-07T11:24:05,28.16669,-94.29743,0.8,9.5,157.0,FLING,,WDA7435,60,0,29,6,,60,A
366843280,2023-05-07T11:25:09,28.16671,-94.29740,0.5,56.4,155.0,FLING,,WDA7435,60,0,29,6,,60,A
366843280,2023-05-07T11:26:19,28.16672,-94.29740,0.6,251.6,146.0,FLING,,WDA7435,60,0,29,6,,60,A
366843280,2023-05-07T11:27:39,28.16672,-94.29737,0.2,204.4,158.0,FLING,,WDA7435,60,0,29,6,,60,A
366843280,2023-05-07T11:28:48,28.16671,-94.29739,0.6,13.6,155.0,FLING,,WDA7435,60,0,29,6,,60,A
366843280,2023-05-07T11:29:58,28.16669,-94.29744,1.6,257.9,164.0,FLING,,WDA7435,60,0,29,6,,60,A
366843280,2023-05-07T11:31:05,28.16669,-94.29743,0.4,15.8,149.0,FLING,,WDA7435,60,0,29,6,,60,A
366843280,2023-05-07T11:32:09,28.16673,-94.29734,0.5,95.0,146.0,FLING,,WDA7435,60,0,29,6,,60,A
366843280,2023-05-07T11:53:39,28.16672,-94.29741,1.0,141.3,159.0,FLING,,WDA7435,60,0,29,6,,60,A
366843280,2023-05-07T11:54:49,28.16670,-94.29744,0.4,250.1,155.0,FLING,,WDA7435,60,0,29,6,,60,A
366843280,2023-05-07T11:55:59,28.16674,-94.29740,0.9,65.5,144.0,FLING,,WDA7435,60,0,29,6,,60,A
366843280,2023-05-07T11:57:05,28.16673,-94.29739,1.7,25.7,165.0,FLING,,WDA7435,60,0,29,6,,60,A
366843280,2023-05-07T11:58:09,28.16669,-94.29743,0.3,264.0,154.0,FLING,,WDA7435,60,0,29,6,,60,A
366843280,2023-05-07T11:59:29,28.16671,-94.29741,0.7,52.0,143.0,FLING,,WDA7435,60,0,29,6,,60,A
366843280,2023-05-07T11:59:59,28.16674,-94.29736,0.4,17.9,135.0,FLING,,WDA7435,60,0,29,6,,60,A
366843280,2023-05-07T12:01:09,28.16675,-94.29732,0.7,9.3,163.0,FLING,,WDA7435,60,0,29,6,,60,A
366843280,2023-05-07T12:02:17,28.16672,-94.29740,0.3,142.8,161.0,FLING,,WDA7435,60,0,29,6,,60,A
366843280,2023-05-07T12:03:18,28.16672,-94.29742,0.4,279.2,152.0,FLING,,WDA7435,60,0,29,6,,60,A
366843280,2023-05-07T12:04:27,28.16674,-94.29737,1.0,68.6,150.0,FLING,,WDA7435,60,0,29,6,,60,A
366843280,2023-05-07T12:05:37,28.16671,-94.29739,0.3,304.4,162.0,FLING,,WDA7435,60,0,29,6,,60,A
366843280,2023-05-07T12:06:48,28.16672,-94.29740,1.0,208.1,151.0,FLING,,WDA7435,60,0,29,6,,60,A
366843280,2023-05-07T12:07:59,28.16673,-94.29738,0.2,360.0,149.0,FLING,,WDA7435,60,0,29,6,,60,A
366843280,2023-05-07T12:09:09,28.16672,-94.29740,0.6,222.7,157.0,FLING,,WDA7435,60,0,29,6,,60,A
366843280,2023-05-07T12:10:45,28.16673,-94.29738,0.6,243.6,162.0,FLING,,WDA7435,60,0,29,6,,60,A
366843280,2023-05-07T12:11:59,28.16672,-94.29739,0.2,360.0,153.0,FLING,,WDA7435,60,0,29,6,,60,A
366843280,2023-05-07T12:37:52,28.16673,-94.29736,0.3,275.6,167.0,FLING,,WDA7435,60,0,29,6,,60,A
366843280,2023-05-07T12:39:27,28.16671,-94.29738,0.7,305.1,159.0,FLING,,WDA7435,60,0,29,6,,60,A
366843280,2023-05-07T12:40:28,28.16673,-94.29735,1.0,124.0,151.0,FLING,,WDA7435,60,0,29,6,,60,A
366843280,2023-05-07T12:41:32,28.16673,-94.29736,0.6,204.3,166.0,FLING,,WDA7435,60,0,29,6,,60,A
366843280,2023-05-07T12:42:37,28.16673,-94.29737,0.2,360.0,163.0,FLING,,WDA7435,60,0,29,6,,60,A
366843280,2023-05-07T12:43:38,28.16671,-94.29739,0.4,321.9,166.0,FLING,,WDA7435,60,0,29,6,,60,A
366843280,2023-05-07T12:44:58,28.16674,-94.29735,0.5,239.0,159.0,FLING,,WDA7435,60,0,29,6,,60,A
366843280,2023-05-07T12:46:18,28.16673,-94.29736,0.2,360.0,163.0,FLING,,WDA7435,60,0,29,6,,60,A
366843280,2023-05-07T12:47:28,28.16674,-94.29732,1.2,73.4,150.0,FLING,,WDA7435,60,0,29,6,,60,A
366843280,2023-05-07T12:48:38,28.16674,-94.29728,0.7,20.8,164.0,FLING,,WDA7435,60,0,29,6,,60,A
366843280,2023-05-07T12:49:48,28.16672,-94.29736,0.5,138.2,165.0,FLING,,WDA7435,60,0,29,6,,60,A
366843280,2023-05-07T13:19:27,28.16675,-94.29732,0.4,179.3,152.0,FLING,,WDA7435,60,0,29,6,,60,A
366843280,2023-05-07T13:20:38,28.16674,-94.29727,0.5,67.5,150.0,FLING,,WDA7435,60,0,29,6,,60,A
366843280,2023-05-07T13:21:45,28.16676,-94.29730,0.3,315.0,168.0,FLING,,WDA7435,60,0,29,6,,60,A
366843280,2023-05-07T13:22:48,28.16673,-94.29735,0.6,340.6,162.0,FLING,,WDA7435,60,0,29,6,,60,A
366843280,2023-05-07T13:23:58,28.16673,-94.29732,0.1,360.0,151.0,FLING,,WDA7435,60,0,29,6,,60,A
366843280,2023-05-07T13:25:19,28.16673,-94.29734,1.7,257.4,154.0,FLING,,WDA7435,60,0,29,6,,60,A
366843280,2023-05-07T13:26:58,28.16674,-94.29730,0.9,47.8,151.0,FLING,,WDA7435,60,0,29,6,,60,A
366843280,2023-05-07T13:28:05,28.16674,-94.29732,0.2,360.0,161.0,FLING,,WDA7435,60,0,29,6,,60,A
366843280,2023-05-07T13:29:08,28.16674,-94.29734,0.3,300.1,159.0,FLING,,WDA7435,60,0,29,6,,60,A
366843280,2023-05-07T13:30:18,28.16673,-94.29735,0.4,255.1,166.0,FLING,,WDA7435,60,0,29,6,,60,A
366843280,2023-05-07T13:31:48,28.16671,-94.29739,1.4,81.9,155.0,FLING,,WDA7435,60,0,29,6,,60,A
366843280,2023-05-07T13:33:25,28.16672,-94.29732,0.8,271.6,155.0,FLING,,WDA7435,60,0,29,6,,60,A
366843280,2023-05-07T13:34:28,28.16672,-94.29738,0.9,314.5,159.0,FLING,,WDA7435,60,0,29,6,,60,A
366843280,2023-05-07T13:35:29,28.16671,-94.29737,0.2,60.2,150.0,FLING,,WDA7435,60,0,29,6,,60,A
366843280,2023-05-07T13:36:38,28.16674,-94.29733,0.7,347.5,160.0,FLING,,WDA7435,60,0,29,6,,60,A
366843280,2023-05-07T13:38:09,28.16671,-94.29738,0.9,271.2,151.0,FLING,,WDA7435,60,0,29,6,,60,A
366843280,2023-05-07T13:39:18,28.16671,-94.29736,2.1,62.3,155.0,FLING,,WDA7435,60,0,29,6,,60,A
366843280,2023-05-07T13:40:29,28.16672,-94.29737,0.7,231.0,156.0,FLING,,WDA7435,60,0,29,6,,60,A
366843280,2023-05-07T13:41:38,28.16671,-94.29736,0.3,149.6,153.0,FLING,,WDA7435,60,0,29,6,,60,A
366843280,2023-05-07T13:42:45,28.16673,-94.29735,0.6,214.3,158.0,FLING,,WDA7435,60,0,29,6,,60,A
366843280,2023-05-07T13:43:57,28.16671,-94.29737,0.7,255.7,155.0,FLING,,WDA7435,60,0,29,6,,60,A
366843280,2023-05-07T13:44:58,28.16671,-94.29737,0.4,138.8,153.0,FLING,,WDA7435,60,0,29,6,,60,A
366843280,2023-05-07T13:46:08,28.16671,-94.29737,0.6,277.1,158.0,FLING,,WDA7435,60,0,29,6,,60,A
366843280,2023-05-07T13:47:18,28.16671,-94.29736,0.4,35.5,159.0,FLING,,WDA7435,60,0,29,6,,60,A
366843280,2023-05-07T13:48:29,28.16670,-94.29738,0.4,230.5,159.0,FLING,,WDA7435,60,0,29,6,,60,A
366843280,2023-05-07T13:49:45,28.16671,-94.29737,0.8,83.2,147.0,FLING,,WDA7435,60,0,29,6,,60,A
366843280,2023-05-07T13:50:49,28.16671,-94.29735,0.6,48.9,156.0,FLING,,WDA7435,60,0,29,6,,60,A
366843280,2023-05-07T13:52:08,28.16671,-94.29737,0.5,260.1,162.0,FLING,,WDA7435,60,0,29,6,,60,A
366843280,2023-05-07T13:53:18,28.16670,-94.29741,0.8,297.9,151.0,FLING,,WDA7435,60,0,29,6,,60,A
366843280,2023-05-07T13:55:19,28.16672,-94.29736,0.6,19.0,153.0,FLING,,WDA7435,60,0,29,6,,60,A
366843280,2023-05-07T14:17:18,28.16672,-94.29733,0.1,360.0,159.0,FLING,,WDA7435,60,0,29,6,,60,A
366843280,2023-05-07T14:18:27,28.16670,-94.29738,0.3,224.5,162.0,FLING,,WDA7435,60,0,29,6,,60,A
366843280,2023-05-07T14:19:39,28.16671,-94.29734,0.6,144.5,153.0,FLING,,WDA7435,60,0,29,6,,60,A
366843280,2023-05-07T14:20:47,28.16672,-94.29733,0.2,360.0,153.0,FLING,,WDA7435,60,0,29,6,,60,A
366843280,2023-05-07T14:21:58,28.16672,-94.29736,0.3,27.1,161.0,FLING,,WDA7435,60,0,29,6,,60,A
366843280,2023-05-07T14:35:08,28.16672,-94.29732,0.7,122.5,170.0,FLING,,WDA7435,60,0,29,6,,60,A
366843280,2023-05-07T14:36:18,28.16671,-94.29734,1.0,189.8,160.0,FLING,,WDA7435,60,0,29,6,,60,A
366843280,2023-05-07T14:37:49,28.16671,-94.29734,0.2,360.0,154.0,FLING,,WDA7435,60,0,29,6,,60,A
366843280,2023-05-07T14:40:29,28.16672,-94.29733,0.4,226.6,165.0,FLING,,WDA7435,60,0,29,6,,60,A
366843280,2023-05-07T14:41:58,28.16671,-94.29734,0.6,181.1,159.0,FLING,,WDA7435,60,0,29,6,,60,A
366843280,2023-05-07T14:43:08,28.16673,-94.29732,1.1,87.7,160.0,FLING,,WDA7435,60,0,29,6,,60,A
366843280,2023-05-07T14:44:29,28.16673,-94.29730,0.6,79.8,161.0,FLING,,WDA7435,60,0,29,6,,60,A
366843280,2023-05-07T14:46:08,28.16673,-94.29735,0.6,291.3,162.0,FLING,,WDA7435,60,0,29,6,,60,A
366843280,2023-05-07T14:47:17,28.16670,-94.29736,0.6,140.0,155.0,FLING,,WDA7435,60,0,29,6,,60,A
366843280,2023-05-07T14:48:18,28.16671,-94.29735,1.3,109.8,157.0,FLING,,WDA7435,60,0,29,6,,60,A
366843280,2023-05-07T14:49:58,28.16674,-94.29725,0.3,267.3,158.0,FLING,,WDA7435,60,0,29,6,,60,A
366843280,2023-05-07T14:51:05,28.16672,-94.29728,0.5,172.3,160.0,FLING,,WDA7435,60,0,29,6,,60,A
366843280,2023-05-07T14:52:39,28.16672,-94.29729,0.3,174.5,166.0,FLING,,WDA7435,60,0,29,6,,60,A
366843280,2023-05-07T14:54:05,28.16671,-94.29735,0.4,164.9,153.0,FLING,,WDA7435,60,0,29,6,,60,A
366843280,2023-05-07T14:55:38,28.16673,-94.29726,0.7,307.4,152.0,FLING,,WDA7435,60,0,29,6,,60,A
366843280,2023-05-07T15:17:29,28.16671,-94.29732,0.5,127.2,172.0,FLING,,WDA7435,60,0,29,6,,60,A
366843280,2023-05-07T15:18:38,28.16671,-94.29735,1.1,301.6,158.0,FLING,,WDA7435,60,0,29,6,,60,A
366843280,2023-05-07T15:20:18,28.16675,-94.29719,0.5,341.5,152.0,FLING,,WDA7435,60,0,29,6,,60,A
366843280,2023-05-07T15:21:25,28.16674,-94.29726,0.6,291.6,184.0,FLING,,WDA7435,60,0,29,6,,60,A
366843280,2023-05-07T15:22:38,28.16671,-94.29734,0.6,197.1,171.0,FLING,,WDA7435,60,0,29,6,,60,A
366843280,2023-05-07T15:23:45,28.16671,-94.29734,1.1,296.3,164.0,FLING,,WDA7435,60,0,29,6,,60,A
366843280,2023-05-07T15:24:49,28.16672,-94.29732,0.4,117.8,159.0,FLING,,WDA7435,60,0,29,6,,60,A
366843280,2023-05-07T15:26:08,28.16674,-94.29728,1.6,39.1,151.0,FLING,,WDA7435,60,0,29,6,,60,A
366843280,2023-05-07T15:27:25,28.16674,-94.29725,0.4,229.4,168.0,FLING,,WDA7435,60,0,29,6,,60,A
366843280,2023-05-07T15:28:38,28.16673,-94.29727,0.7,298.8,163.0,FLING,,WDA7435,60,0,29,6,,60,A
366843280,2023-05-07T15:29:48,28.16673,-94.29727,0.9,0.4,159.0,FLING,,WDA7435,60,0,29,6,,60,A
366843280,2023-05-07T15:30:58,28.16673,-94.29728,0.1,360.0,174.0,FLING,,WDA7435,60,0,29,6,,60,A
366843280,2023-05-07T15:32:05,28.16672,-94.29728,0.6,97.2,157.0,FLING,,WDA7435,60,0,29,6,,60,A
366843280,2023-05-07T15:33:07,28.16673,-94.29725,0.2,360.0,168.0,FLING,,WDA7435,60,0,29,6,,60,A
366843280,2023-05-07T15:34:28,28.16674,-94.29728,0.2,360.0,170.0,FLING,,WDA7435,60,0,29,6,,60,A
366843280,2023-05-07T15:35:37,28.16674,-94.29729,0.5,358.4,173.0,FLING,,WDA7435,60,0,29,6,,60,A
366843280,2023-05-07T15:36:38,28.16671,-94.29730,0.8,338.1,175.0,FLING,,WDA7435,60,0,29,6,,60,A
366843280,2023-05-07T15:37:45,28.16674,-94.29729,0.2,360.0,162.0,FLING,,WDA7435,60,0,29,6,,60,A
366843280,2023-05-07T15:38:58,28.16674,-94.29725,0.7,58.2,159.0,FLING,,WDA7435,60,0,29,6,,60,A
366843280,2023-05-07T15:40:08,28.16673,-94.29724,0.4,279.2,169.0,FLING,,WDA7435,60,0,29,6,,60,A
366843280,2023-05-07T15:41:39,28.16673,-94.29729,0.6,132.9,164.0,FLING,,WDA7435,60,0,29,6,,60,A
366843280,2023-05-07T15:42:45,28.16674,-94.29727,1.0,73.8,154.0,FLING,,WDA7435,60,0,29,6,,60,A
366843280,2023-05-07T15:43:52,28.16673,-94.29725,0.4,267.6,172.0,FLING,,WDA7435,60,0,29,6,,60,A
366843280,2023-05-07T15:45:18,28.16682,-94.29728,1.5,18.3,165.0,FLING,,WDA7435,60,0,29,6,,60,A
366843280,2023-05-07T15:46:19,28.16706,-94.29757,3.4,278.0,258.0,FLING,,WDA7435,60,0,29,6,,60,A
366843280,2023-05-07T15:47:29,28.16843,-94.30018,10.4,305.5,305.0,FLING,,WDA7435,60,0,29,6,,60,A
366843280,2023-05-07T15:48:38,28.17069,-94.30341,12.5,296.4,288.0,FLING,,WDA7435,60,0,29,6,,60,A
366843280,2023-05-07T15:49:45,28.17250,-94.30691,12.2,310.8,307.0,FLING,,WDA7435,60,0,29,6,,60,A
366843280,2023-05-07T15:50:51,28.17480,-94.30997,10.2,313.8,311.0,FLING,,WDA7435,60,0,29,6,,60,A
366843280,2023-05-07T15:51:54,28.17691,-94.31306,10.5,313.4,317.0,FLING,,WDA7435,60,0,29,6,,60,A
366843280,2023-05-07T15:53:01,28.17932,-94.31612,11.6,307.5,301.0,FLING,,WDA7435,60,0,29,6,,60,A
366843280,2023-06-11T00:01:15,28.16672,-94.29710,0.3,101.2,154.0,FLING,,WDA7435,60,0,29,6,,60,A
366843280,2023-06-11T00:41:09,28.16669,-94.29729,0.1,360.0,162.0,FLING,,WDA7435,60,0,29,6,,60,A
366843280,2023-06-11T01:46:05,28.16666,-94.29732,0.1,360.0,138.0,FLING,,WDA7435,60,0,29,6,,60,A
366843280,2023-06-11T01:58:48,28.16665,-94.29732,0.2,90.8,145.0,FLING,,WDA7435,60,0,29,6,,60,A
366843280,2023-06-11T02:07:19,28.16664,-94.29736,0.8,69.1,138.0,FLING,,WDA7435,60,0,29,6,,60,A
366843280,2023-06-11T02:25:38,28.16667,-94.29730,0.3,23.1,143.0,FLING,,WDA7435,60,0,29,6,,60,A
366843280,2023-06-11T02:31:58,28.16663,-94.29737,0.1,360.0,154.0,FLING,,WDA7435,60,0,29,6,,60,A
366843280,2023-06-11T02:35:58,28.16668,-94.29726,0.1,360.0,154.0,FLING,,WDA7435,60,0,29,6,,60,A
366843280,2023-06-11T02:37:07,28.16668,-94.29723,0.2,181.0,152.0,FLING,,WDA7435,60,0,29,6,,60,A
366843280,2023-06-11T02:44:19,28.16667,-94.29728,0.0,360.0,161.0,FLING,,WDA7435,60,0,29,6,,60,A
366843280,2023-06-11T02:55:19,28.16660,-94.29741,0.5,154.5,153.0,FLING,,WDA7435,60,0,29,6,,60,A
366843280,2023-06-11T03:07:42,28.16660,-94.29740,0.5,187.8,151.0,FLING,,WDA7435,60,0,29,6,,60,A
366843280,2023-06-11T03:08:48,28.16663,-94.29739,1.0,218.7,136.0,FLING,,WDA7435,60,0,29,6,,60,A
366843280,2023-06-11T03:15:49,28.16661,-94.29741,0.6,182.0,149.0,FLING,,WDA7435,60,0,29,6,,60,A
366843280,2023-06-11T03:29:55,28.16664,-94.29737,0.2,360.0,152.0,FLING,,WDA7435,60,0,29,6,,60,A
366843280,2023-06-11T03:43:58,28.16667,-94.29734,0.5,50.6,143.0,FLING,,WDA7435,60,0,29,6,,60,A
366843280,2023-06-11T03:49:08,28.16665,-94.29737,0.2,360.0,147.0,FLING,,WDA7435,60,0,29,6,,60,A
366843280,2023-06-11T03:53:48,28.16666,-94.29734,0.4,248.7,152.0,FLING,,WDA7435,60,0,29,6,,60,A
366843280,2023-06-11T03:55:38,28.16665,-94.29735,0.4,82.8,144.0,FLING,,WDA7435,60,0,29,6,,60,A
366843280,2023-06-11T04:06:08,28.16659,-94.29743,0.3,360.0,149.0,FLING,,WDA7435,60,0,29,6,,60,A
366843280,2023-06-11T04:08:18,28.16658,-94.29743,0.7,182.3,142.0,FLING,,WDA7435,60,0,29,6,,60,A
366843280,2023-06-11T04:15:17,28.16654,-94.29748,0.4,136.8,144.0,FLING,,WDA7435,60,0,29,6,,60,A
366843280,2023-06-11T07:54:51,28.16660,-94.29742,0.3,202.0,150.0,FLING,,WDA7435,60,0,29,6,,60,A
366843280,2023-06-11T08:58:35,28.16665,-94.29738,0.4,203.3,157.0,FLING,,WDA7435,60,0,29,6,,60,A
366843280,2023-06-11T09:27:59,28.16668,-94.29737,0.3,166.5,154.0,FLING,,WDA7435,60,0,29,6,,60,A
366843280,2023-06-11T09:32:28,28.16673,-94.29725,0.4,120.4,150.0,FLING,,WDA7435,60,0,29,6,,60,A
366843280,2023-06-11T09:42:05,28.16670,-94.29730,0.4,63.6,148.0,FLING,,WDA7435,60,0,29,6,,60,A
366843280,2023-06-11T09:44:19,28.16672,-94.29733,0.3,211.4,169.0,FLING,,WDA7435,60,0,29,6,,60,A
366843280,2023-06-11T10:12:18,28.16672,-94.29726,0.6,47.8,138.0,FLING,,WDA7435,60,0,29,6,,60,A
366843280,2023-06-11T10:14:28,28.16672,-94.29727,0.3,271.9,166.0,FLING,,WDA7435,60,0,29,6,,60,A
366843280,2023-06-11T10:16:25,28.16674,-94.29724,0.5,287.0,175.0,FLING,,WDA7435,60,0,29,6,,60,A
366843280,2023-06-11T10:17:59,28.16673,-94.29722,0.4,67.1,143.0,FLING,,WDA7435,60,0,29,6,,60,A
366843280,2023-06-11T10:19:05,28.16674,-94.29716,0.3,276.1,181.0,FLING,,WDA7435,60,0,29,6,,60,A
366843280,2023-06-11T10:20:15,28.16672,-94.29727,0.2,360.0,164.0,FLING,,WDA7435,60,0,29,6,,60,A
366843280,2023-06-11T10:21:35,28.16673,-94.29714,0.6,104.4,160.0,FLING,,WDA7435,60,0,29,6,,60,A
366843280,2023-06-11T10:22:47,28.16673,-94.29724,0.4,239.9,175.0,FLING,,WDA7435,60,0,29,6,,60,A
366843280,2023-06-11T10:23:59,28.16675,-94.29718,0.2,360.0,160.0,FLING,,WDA7435,60,0,29,6,,60,A
366843280,2023-06-11T10:25:29,28.16674,-94.29724,0.4,206.9,177.0,FLING,,WDA7435,60,0,29,6,,60,A
366843280,2023-06-11T10:26:48,28.16674,-94.29724,0.4,34.6,161.0,FLING,,WDA7435,60,0,29,6,,60,A
366843280,2023-06-11T10:28:48,28.16675,-94.29718,0.6,99.9,154.0,FLING,,WDA7435,60,0,29,6,,60,A
366843280,2023-06-11T10:29:52,28.16674,-94.29708,0.7,297.1,176.0,FLING,,WDA7435,60,0,29,6,,60,A
366843280,2023-06-11T10:30:55,28.16674,-94.29724,0.1,360.0,176.0,FLING,,WDA7435,60,0,29,6,,60,A
366843280,2023-06-11T10:31:58,28.16673,-94.29724,0.3,68.0,157.0,FLING,,WDA7435,60,0,29,6,,60,A
366843280,2023-06-11T10:35:15,28.16674,-94.29711,0.5,298.4,180.0,FLING,,WDA7435,60,0,29,6,,60,A
366843280,2023-06-11T10:36:32,28.16673,-94.29727,0.2,360.0,168.0,FLING,,WDA7435,60,0,29,6,,60,A
366843280,2023-06-11T10:37:35,28.16675,-94.29715,0.3,90.2,152.0,FLING,,WDA7435,60,0,29,6,,60,A
366843280,2023-06-11T10:39:45,28.16676,-94.29719,0.2,148.2,162.0,FLING,,WDA7435,60,0,29,6,,60,A
366843280,2023-06-11T10:41:58,28.16673,-94.29727,0.1,360.0,166.0,FLING,,WDA7435,60,0,29,6,,60,A
366843280,2023-06-11T10:43:15,28.16676,-94.29713,0.8,290.7,180.0,FLING,,WDA7435,60,0,29,6,,60,A
366843280,2023-06-11T10:44:38,28.16675,-94.29723,1.1,63.2,156.0,FLING,,WDA7435,60,0,29,6,,60,A
366843280,2023-06-11T10:45:48,28.16675,-94.29711,0.3,282.7,181.0,FLING,,WDA7435,60,0,29,6,,60,A
366843280,2023-06-11T10:47:21,28.16675,-94.29723,0.3,107.8,156.0,FLING,,WDA7435,60,0,29,6,,60,A
366843280,2023-06-11T10:50:25,28.16676,-94.29717,0.5,74.2,150.0,FLING,,WDA7435,60,0,29,6,,60,A
366843280,2023-06-11T10:52:08,28.16674,-94.29727,0.2,249.0,178.0,FLING,,WDA7435,60,0,29,6,,60,A
366843280,2023-06-11T10:53:15,28.16676,-94.29713,0.2,94.4,157.0,FLING,,WDA7435,60,0,29,6,,60,A
366843280,2023-06-11T10:54:42,28.16676,-94.29725,0.2,218.7,174.0,FLING,,WDA7435,60,0,29,6,,60,A
366843280,2023-06-11T10:55:45,28.16676,-94.29708,0.1,360.0,167.0,FLING,,WDA7435,60,0,29,6,,60,A
366843280,2023-06-11T10:57:12,28.16677,-94.29727,0.7,325.7,172.0,FLING,,WDA7435,60,0,29,6,,60,A
366843280,2023-06-11T10:58:15,28.16736,-94.29730,3.6,352.7,144.0,FLING,,WDA7435,60,0,29,6,,60,A
366843280,2023-06-11T10:59:17,28.16816,-94.29746,3.1,62.0,96.0,FLING,,WDA7435,60,0,29,6,,60,A
366843280,2023-06-11T11:00:02,28.16814,-94.29686,2.3,127.2,146.0,FLING,,WDA7435,60,0,29,6,,60,A
366843280,2023-08-15T21:51:59,28.16015,-94.27923,10.6,296.2,294.0,FLING,,WDA7435,60,0,29,6,,60,A
366843280,2023-08-13T11:49:34,28.16668,-94.29704,0.3,345.5,211.0,FLING,,WDA7435,60,0,29,6,,60,A
366843280,2023-08-13T11:58:44,28.16666,-94.29699,0.5,339.4,212.0,FLING,,WDA7435,60,0,29,6,,60,A
366843280,2023-08-13T12:01:44,28.16667,-94.29703,0.1,360.0,211.0,FLING,,WDA7435,60,0,29,6,,60,A
366843280,2023-08-13T12:03:04,28.16668,-94.29706,0.6,123.2,206.0,FLING,,WDA7435,60,0,29,6,,60,A
366843280,2023-08-13T12:29:14,28.16669,-94.29710,0.2,360.0,207.0,FLING,,WDA7435,60,0,29,6,,60,A
366843280,2023-08-13T12:34:54,28.16664,-94.29696,0.8,16.6,203.0,FLING,,WDA7435,60,0,29,6,,60,A
366843280,2023-08-13T12:47:14,28.16665,-94.29698,0.2,360.0,214.0,FLING,,WDA7435,60,0,29,6,,60,A
366843280,2023-08-13T13:59:35,28.16666,-94.29702,0.4,244.8,207.0,FLING,,WDA7435,60,0,29,6,,60,A
366843280,2023-08-13T14:00:04,28.16666,-94.29702,0.0,360.0,209.0,FLING,,WDA7435,60,0,29,6,,60,A
366843280,2023-08-13T14:45:55,28.16661,-94.29691,0.3,1.3,210.0,FLING,,WDA7435,60,0,29,6,,60,A
366843280,2023-08-13T14:54:44,28.16659,-94.29688,0.0,360.0,228.0,FLING,,WDA7435,60,0,29,6,,60,A
366843280,2023-08-13T15:23:54,28.16661,-94.29693,0.6,284.2,225.0,FLING,,WDA7435,60,0,29,6,,60,A
366843280,2023-08-15T22:44:11,28.16652,-94.29682,0.2,360.0,279.0,FLING,,WDA7435,60,0,29,6,,60,A
366843280,2023-08-15T22:45:20,28.16655,-94.29684,0.4,264.5,272.0,FLING,,WDA7435,60,0,29,6,,60,A
366843280,2023-08-15T22:46:30,28.16657,-94.29686,0.1,360.0,271.0,FLING,,WDA7435,60,0,29,6,,60,A
366843280,2023-08-15T22:47:40,28.16659,-94.29689,0.3,273.4,269.0,FLING,,WDA7435,60,0,29,6,,60,A
366843280,2023-08-15T22:48:50,28.16660,-94.29689,0.5,36.7,269.0,FLING,,WDA7435,60,0,29,6,,60,A
366843280,2023-08-15T22:50:29,28.16660,-94.29689,0.4,153.6,268.0,FLING,,WDA7435,60,0,29,6,,60,A
366843280,2023-08-15T22:51:40,28.16660,-94.29692,0.2,360.0,271.0,FLING,,WDA7435,60,0,29,6,,60,A
366843280,2023-08-15T22:52:50,28.16662,-94.29694,0.1,360.0,271.0,FLING,,WDA7435,60,0,29,6,,60,A
366843280,2023-08-15T22:54:08,28.16662,-94.29694,0.5,242.3,267.0,FLING,,WDA7435,60,0,29,6,,60,A
366843280,2023-08-15T22:56:20,28.16661,-94.29693,0.8,164.6,266.0,FLING,,WDA7435,60,0,29,6,,60,A
366843280,2023-08-15T22:57:59,28.16662,-94.29693,0.3,231.7,269.0,FLING,,WDA7435,60,0,29,6,,60,A
366843280,2023-08-15T22:59:20,28.16661,-94.29693,0.4,208.9,273.0,FLING,,WDA7435,60,0,29,6,,60,A
366843280,2023-08-15T23:00:49,28.16661,-94.29693,0.1,360.0,269.0,FLING,,WDA7435,60,0,29,6,,60,A
366843280,2023-08-15T23:02:09,28.16662,-94.29695,0.2,242.6,269.0,FLING,,WDA7435,60,0,29,6,,60,A
366843280,2023-08-15T23:03:30,28.16663,-94.29698,0.1,360.0,265.0,FLING,,WDA7435,60,0,29,6,,60,A
366843280,2023-08-15T23:04:40,28.16664,-94.29698,0.1,360.0,253.0,FLING,,WDA7435,60,0,29,6,,60,A
366843280,2023-08-15T22:33:30,28.16641,-94.29678,0.5,17.4,299.0,FLING,,WDA7435,60,0,29,6,,60,A
366843280,2023-08-15T22:34:39,28.16643,-94.29679,0.6,29.9,290.0,FLING,,WDA7435,60,0,29,6,,60,A
366843280,2023-08-15T22:35:49,28.16645,-94.29678,0.1,360.0,286.0,FLING,,WDA7435,60,0,29,6,,60,A
366843280,2023-08-15T22:37:30,28.16648,-94.29680,0.5,291.4,286.0,FLING,,WDA7435,60,0,29,6,,60,A
366843280,2023-08-15T22:38:39,28.16647,-94.29682,0.1,360.0,282.0,FLING,,WDA7435,60,0,29,6,,60,A
366843280,2023-08-15T22:39:50,28.16646,-94.29681,0.2,165.5,283.0,FLING,,WDA7435,60,0,29,6,,60,A
366843280,2023-08-15T22:41:50,28.16646,-94.29678,0.1,360.0,280.0,FLING,,WDA7435,60,0,29,6,,60,A
366843280,2023-08-15T22:43:10,28.16649,-94.29680,0.2,360.0,281.0,FLING,,WDA7435,60,0,29,6,,60,A
366843280,2023-08-15T23:58:16,28.16976,-94.29906,4.5,226.7,221.0,FLING,,WDA7435,60,0,29,6,,60,A
366843280,2023-08-15T23:59:19,28.16906,-94.30040,4.9,253.6,246.0,FLING,,WDA7435,60,0,29,6,,60,A
366843280,2023-08-15T21:53:09,28.16137,-94.28291,11.2,288.3,286.0,FLING,,WDA7435,60,0,29,6,,60,A
366843280,2023-08-15T21:54:30,28.16278,-94.28733,10.8,293.2,291.0,FLING,,WDA7435,60,0,29,6,,60,A
366843280,2023-08-15T21:59:08,28.16620,-94.29705,0.4,358.1,350.0,FLING,,WDA7435,60,0,29,6,,60,A
366843280,2023-08-15T22:00:56,28.16634,-94.29699,0.4,55.2,339.0,FLING,,WDA7435,60,0,29,6,,60,A
366843280,2023-08-15T22:02:29,28.16635,-94.29689,0.4,118.1,316.0,FLING,,WDA7435,60,0,29,6,,60,A
366843280,2023-08-15T22:05:10,28.16626,-94.29679,0.2,323.1,297.0,FLING,,WDA7435,60,0,29,6,,60,A
366843280,2023-08-15T22:06:49,28.16629,-94.29677,0.2,154.0,298.0,FLING,,WDA7435,60,0,29,6,,60,A
366843280,2023-08-15T22:09:10,28.16628,-94.29676,0.1,360.0,298.0,FLING,,WDA7435,60,0,29,6,,60,A
366843280,2023-08-15T22:10:39,28.16626,-94.29677,0.4,249.8,292.0,FLING,,WDA7435,60,0,29,6,,60,A
366843280,2023-08-15T22:12:00,28.16625,-94.29677,0.1,360.0,303.0,FLING,,WDA7435,60,0,29,6,,60,A
366843280,2023-08-15T22:13:39,28.16625,-94.29677,0.0,360.0,298.0,FLING,,WDA7435,60,0,29,6,,60,A
366843280,2023-08-15T22:15:00,28.16623,-94.29677,0.4,358.8,293.0,FLING,,WDA7435,60,0,29,6,,60,A
366843280,2023-08-15T22:16:39,28.16625,-94.29677,0.2,360.0,295.0,FLING,,WDA7435,60,0,29,6,,60,A
366843280,2023-08-15T22:17:50,28.16625,-94.29678,0.2,360.0,292.0,FLING,,WDA7435,60,0,29,6,,60,A
366843280,2023-08-15T22:18:59,28.16624,-94.29678,0.2,56.4,298.0,FLING,,WDA7435,60,0,29,6,,60,A
366843280,2023-08-15T22:20:20,28.16625,-94.29676,0.4,22.5,298.0,FLING,,WDA7435,60,0,29,6,,60,A
366843280,2023-08-15T22:21:30,28.16625,-94.29677,0.2,360.0,292.0,FLING,,WDA7435,60,0,29,6,,60,A
366843280,2023-08-15T22:23:00,28.16625,-94.29677,0.1,360.0,291.0,FLING,,WDA7435,60,0,29,6,,60,A
366843280,2023-08-15T22:24:09,28.16627,-94.29676,0.3,345.9,300.0,FLING,,WDA7435,60,0,29,6,,60,A
366843280,2023-08-15T22:25:10,28.16630,-94.29677,0.2,360.0,301.0,FLING,,WDA7435,60,0,29,6,,60,A
366843280,2023-08-15T22:27:39,28.16635,-94.29676,0.2,360.0,293.0,FLING,,WDA7435,60,0,29,6,,60,A
366843280,2023-08-15T22:29:59,28.16637,-94.29676,0.2,18.0,293.0,FLING,,WDA7435,60,0,29,6,,60,A
366843280,2023-08-15T22:32:20,28.16638,-94.29677,0.1,360.0,288.0,FLING,,WDA7435,60,0,29,6,,60,A
366843280,2023-08-15T21:55:40,28.16452,-94.29080,10.8,301.9,300.0,FLING,,WDA7435,60,0,29,6,,60,A
366843280,2023-08-15T21:56:50,28.16608,-94.29424,9.0,296.6,294.0,FLING,,WDA7435,60,0,29,6,,60,A
366843280,2023-08-15T21:57:56,28.16593,-94.29640,5.0,261.8,266.0,FLING,,WDA7435,60,0,29,6,,60,A
366843280,2023-08-15T22:04:09,28.16626,-94.29676,0.3,136.4,303.0,FLING,,WDA7435,60,0,29,6,,60,A
366843280,2023-08-15T22:08:00,28.16628,-94.29676,0.7,175.3,300.0,FLING,,WDA7435,60,0,29,6,,60,A
366843280,2023-08-15T22:26:30,28.16633,-94.29676,0.3,352.9,291.0,FLING,,WDA7435,60,0,29,6,,60,A
366843280,2023-08-15T22:28:50,28.16635,-94.29676,0.4,61.2,289.0,FLING,,WDA7435,60,0,29,6,,60,A
366843280,2023-08-15T22:31:09,28.16637,-94.29676,0.4,125.3,286.0,FLING,,WDA7435,60,0,29,6,,60,A
366843280,2023-08-15T23:05:49,28.16665,-94.29698,0.6,181.7,244.0,FLING,,WDA7435,60,0,29,6,,60,A
366843280,2023-08-15T23:07:09,28.16665,-94.29701,0.2,310.8,249.0,FLING,,WDA7435,60,0,29,6,,60,A
366843280,2023-08-15T23:09:09,28.16667,-94.29712,0.6,311.9,237.0,FLING,,WDA7435,60,0,29,6,,60,A
366843280,2023-08-15T23:10:30,28.16668,-94.29714,0.3,81.1,225.0,FLING,,WDA7435,60,0,29,6,,60,A
366843280,2023-08-15T23:12:20,28.16668,-94.29710,0.4,66.4,226.0,FLING,,WDA7435,60,0,29,6,,60,A
366843280,2023-08-15T23:13:39,28.16668,-94.29709,0.2,360.0,232.0,FLING,,WDA7435,60,0,29,6,,60,A
366843280,2023-08-15T23:14:59,28.16668,-94.29712,0.4,288.7,229.0,FLING,,WDA7435,60,0,29,6,,60,A
366843280,2023-08-15T23:16:10,28.16668,-94.29716,0.4,318.7,231.0,FLING,,WDA7435,60,0,29,6,,60,A
366843280,2023-08-15T23:17:50,28.16668,-94.29713,0.2,360.0,219.0,FLING,,WDA7435,60,0,29,6,,60,A
366843280,2023-08-15T23:18:59,28.16668,-94.29706,0.3,126.4,226.0,FLING,,WDA7435,60,0,29,6,,60,A
366843280,2023-08-15T23:20:18,28.16668,-94.29704,0.1,360.0,233.0,FLING,,WDA7435,60,0,29,6,,60,A
366843280,2023-08-15T23:21:39,28.16667,-94.29710,0.2,293.8,237.0,FLING,,WDA7435,60,0,29,6,,60,A
366843280,2023-08-15T23:22:49,28.16667,-94.29715,0.4,255.7,230.0,FLING,,WDA7435,60,0,29,6,,60,A
366843280,2023-08-15T23:24:00,28.16668,-94.29711,0.7,121.7,223.0,FLING,,WDA7435,60,0,29,6,,60,A
366843280,2023-08-15T23:25:29,28.16667,-94.29705,0.1,360.0,226.0,FLING,,WDA7435,60,0,29,6,,60,A
366843280,2023-08-15T23:26:59,28.16667,-94.29706,0.1,360.0,235.0,FLING,,WDA7435,60,0,29,6,,60,A
366843280,2023-08-15T23:28:29,28.16668,-94.29710,0.1,360.0,227.0,FLING,,WDA7435,60,0,29,6,,60,A
366843280,2023-08-15T23:29:39,28.16668,-94.29714,0.2,360.0,219.0,FLING,,WDA7435,60,0,29,6,,60,A
366843280,2023-08-15T23:31:10,28.16668,-94.29707,0.2,72.5,214.0,FLING,,WDA7435,60,0,29,6,,60,A
366843280,2023-08-15T23:32:19,28.16666,-94.29701,0.1,360.0,217.0,FLING,,WDA7435,60,0,29,6,,60,A
366843280,2023-08-15T23:33:50,28.16666,-94.29702,0.6,285.8,231.0,FLING,,WDA7435,60,0,29,6,,60,A
366843280,2023-08-15T23:35:50,28.16667,-94.29713,0.1,360.0,226.0,FLING,,WDA7435,60,0,29,6,,60,A
366843280,2023-08-15T23:37:20,28.16667,-94.29711,0.3,12.8,222.0,FLING,,WDA7435,60,0,29,6,,60,A
366843280,2023-08-15T23:38:58,28.16667,-94.29707,0.2,77.1,215.0,FLING,,WDA7435,60,0,29,6,,60,A
366843280,2023-08-15T23:39:59,28.16666,-94.29702,0.1,360.0,213.0,FLING,,WDA7435,60,0,29,6,,60,A
366843280,2023-08-15T23:41:50,28.16667,-94.29708,0.3,284.4,224.0,FLING,,WDA7435,60,0,29,6,,60,A
366843280,2023-08-15T23:42:56,28.16667,-94.29714,0.3,309.0,208.0,FLING,,WDA7435,60,0,29,6,,60,A
366843280,2023-08-15T23:44:40,28.16667,-94.29709,0.3,100.4,209.0,FLING,,WDA7435,60,0,29,6,,60,A
366843280,2023-08-15T23:45:50,28.16667,-94.29704,0.2,360.0,204.0,FLING,,WDA7435,60,0,29,6,,60,A
366843280,2023-08-15T23:46:59,28.16666,-94.29701,0.3,8.3,219.0,FLING,,WDA7435,60,0,29,6,,60,A
366843280,2023-08-15T23:48:20,28.16666,-94.29709,0.2,287.5,230.0,FLING,,WDA7435,60,0,29,6,,60,A
366843280,2023-08-15T23:51:39,28.16696,-94.29696,0.9,23.0,261.0,FLING,,WDA7435,60,0,29,6,,60,A
366843280,2023-08-15T23:52:50,28.16702,-94.29648,1.4,111.1,311.0,FLING,,WDA7435,60,0,29,6,,60,A
366843280,2023-08-15T23:54:03,28.16781,-94.29631,3.8,44.5,54.0,FLING,,WDA7435,60,0,29,6,,60,A
366843280,2023-08-15T23:55:19,28.16904,-94.29569,4.1,339.5,331.0,FLING,,WDA7435,60,0,29,6,,60,A
366843280,2023-08-15T23:56:30,28.17013,-94.29690,4.8,302.8,291.0,FLING,,WDA7435,60,0,29,6,,60,A
366843280,2023-07-30T11:32:31,28.16666,-94.29725,0.1,360.0,148.0,FLING,,WDA7435,60,0,29,6,,60,A
366843280,2023-07-30T11:34:11,28.16668,-94.29725,0.2,360.0,157.0,FLING,,WDA7435,60,0,29,6,,60,A
366843280,2023-07-30T11:40:41,28.16666,-94.29728,0.4,69.2,142.0,FLING,,WDA7435,60,0,29,6,,60,A
366843280,2023-07-30T11:44:21,28.16665,-94.29732,0.1,360.0,163.0,FLING,,WDA7435,60,0,29,6,,60,A
366843280,2023-07-30T11:45:31,28.16664,-94.29734,0.1,360.0,161.0,FLING,,WDA7435,60,0,29,6,,60,A
366843280,2023-07-30T12:03:31,28.16665,-94.29731,0.1,360.0,173.0,FLING,,WDA7435,60,3,29,6,,60,A
366843280,2023-07-30T12:16:31,28.16666,-94.29730,0.5,133.6,133.0,FLING,,WDA7435,60,3,29,6,,60,A
366843280,2023-07-30T13:40:52,28.16660,-94.29741,0.1,360.0,125.0,FLING,,WDA7435,60,3,29,6,,60,A
366843280,2023-07-30T13:42:42,28.16659,-94.29742,0.1,360.0,137.0,FLING,,WDA7435,60,3,29,6,,60,A
366843280,2023-07-30T14:06:42,28.16659,-94.29742,0.4,88.2,147.0,FLING,,WDA7435,60,3,29,6,,60,A
366843280,2023-07-30T14:31:53,28.16659,-94.29741,0.0,360.0,137.0,FLING,,WDA7435,60,3,29,6,,60,A
366843280,2023-07-30T14:37:22,28.16662,-94.29739,0.4,91.6,134.0,FLING,,WDA7435,60,3,29,6,,60,A
366843280,2023-07-30T14:39:12,28.16663,-94.29737,0.0,360.0,138.0,FLING,,WDA7435,60,3,29,6,,60,A
366843280,2023-07-30T15:45:22,28.16654,-94.29746,0.5,210.3,131.0,FLING,,WDA7435,60,3,29,6,,60,A
366843280,2023-08-27T10:43:15,28.15931,-94.27711,7.4,291.0,286.0,FLING,,WDA7435,60,0,29,6,,60,A
366843280,2023-08-27T10:44:34,28.16014,-94.28006,7.5,291.3,286.0,FLING,,WDA7435,60,0,29,6,,60,A
366843280,2023-08-27T10:46:23,28.16168,-94.28390,7.4,293.1,288.0,FLING,,WDA7435,60,0,29,6,,60,A
366843280,2023-08-27T10:47:35,28.16249,-94.28651,7.3,286.5,281.0,FLING,,WDA7435,60,0,29,6,,60,A
366843280,2023-08-27T10:48:44,28.16321,-94.28905,7.4,292.3,288.0,FLING,,WDA7435,60,0,29,6,,60,A
366843280,2023-08-27T10:49:55,28.16434,-94.29142,7.4,300.4,295.0,FLING,,WDA7435,60,0,29,6,,60,A
366843280,2023-08-27T10:51:35,28.16564,-94.29494,7.4,289.2,285.0,FLING,,WDA7435,60,0,29,6,,60,A
366843280,2023-08-27T10:53:44,28.16638,-94.29699,0.5,172.4,262.0,FLING,,WDA7435,60,0,29,6,,60,A
366843280,2023-08-27T10:54:45,28.16629,-94.29721,0.6,300.4,272.0,FLING,,WDA7435,60,0,29,6,,60,A
366843280,2023-08-27T10:55:48,28.16639,-94.29721,0.5,39.6,295.0,FLING,,WDA7435,60,0,29,6,,60,A
366843280,2023-08-27T10:57:58,28.16652,-94.29679,0.5,132.5,257.0,FLING,,WDA7435,60,0,29,6,,60,A
366843280,2023-08-27T10:59:11,28.16638,-94.29678,0.2,161.1,231.0,FLING,,WDA7435,60,0,29,6,,60,A
366843280,2023-08-27T11:00:34,28.16632,-94.29677,0.2,360.0,274.0,FLING,,WDA7435,60,0,29,6,,60,A
366843280,2023-08-27T11:02:01,28.16650,-94.29681,0.7,327.9,261.0,FLING,,WDA7435,60,0,29,6,,60,A
366843280,2023-08-27T11:03:34,28.16644,-94.29676,0.5,149.1,226.0,FLING,,WDA7435,60,0,29,6,,60,A
366843280,2023-08-27T11:04:45,28.16634,-94.29677,0.3,151.0,257.0,FLING,,WDA7435,60,0,29,6,,60,A
366843280,2023-08-27T11:05:51,28.16643,-94.29677,0.4,349.2,279.0,FLING,,WDA7435,60,0,29,6,,60,A
366843280,2023-08-27T11:07:31,28.16655,-94.29685,0.1,360.0,241.0,FLING,,WDA7435,60,0,29,6,,60,A
366843280,2023-08-27T11:09:11,28.16634,-94.29677,0.3,204.1,241.0,FLING,,WDA7435,60,0,29,6,,60,A
366843280,2023-08-27T11:11:25,28.16645,-94.29678,0.6,341.7,283.0,FLING,,WDA7435,60,0,29,6,,60,A
366843280,2023-08-27T11:12:31,28.16652,-94.29683,0.1,360.0,257.0,FLING,,WDA7435,60,0,29,6,,60,A
366843280,2023-08-27T11:13:41,28.16646,-94.29678,0.5,162.1,232.0,FLING,,WDA7435,60,0,29,6,,60,A
366843280,2023-08-27T11:16:18,28.16643,-94.29679,0.5,333.7,276.0,FLING,,WDA7435,60,0,29,6,,60,A
366843280,2023-08-27T11:17:21,28.16651,-94.29681,0.1,360.0,258.0,FLING,,WDA7435,60,0,29,6,,60,A
366843280,2023-08-27T11:18:31,28.16643,-94.29678,0.5,160.7,230.0,FLING,,WDA7435,60,0,29,6,,60,A
366843280,2023-08-27T11:19:41,28.16633,-94.29677,0.1,360.0,253.0,FLING,,WDA7435,60,0,29,6,,60,A
366843280,2023-08-27T11:20:48,28.16639,-94.29676,0.5,354.6,281.0,FLING,,WDA7435,60,0,29,6,,60,A
366843280,2023-08-27T11:22:11,28.16653,-94.29684,0.1,360.0,261.0,FLING,,WDA7435,60,0,29,6,,60,A
366843280,2023-08-27T11:23:15,28.16650,-94.29680,0.4,151.4,231.0,FLING,,WDA7435,60,0,29,6,,60,A
366843280,2023-08-27T11:24:31,28.16634,-94.29677,0.6,168.4,244.0,FLING,,WDA7435,60,0,29,6,,60,A
366843280,2023-08-27T11:25:55,28.16630,-94.29677,0.2,6.6,269.0,FLING,,WDA7435,60,0,29,6,,60,A
366843280,2023-08-27T11:27:04,28.16642,-94.29677,0.8,354.9,284.0,FLING,,WDA7435,60,0,29,6,,60,A
366843280,2023-08-27T11:28:35,28.16651,-94.29681,0.2,116.2,249.0,FLING,,WDA7435,60,3,29,6,,60,A
366843280,2023-08-27T11:29:37,28.16642,-94.29678,0.3,200.2,236.0,FLING,,WDA7435,60,3,29,6,,60,A
366843280,2023-08-27T11:30:44,28.16630,-94.29678,0.1,360.0,249.0,FLING,,WDA7435,60,3,29,6,,60,A
366843280,2023-08-27T11:31:48,28.16630,-94.29677,0.5,4.4,275.0,FLING,,WDA7435,60,3,29,6,,60,A
366843280,2023-08-27T11:34:01,28.16644,-94.29678,0.1,360.0,264.0,FLING,,WDA7435,60,3,29,6,,60,A
366843280,2023-08-27T11:35:11,28.16636,-94.29678,0.5,170.7,241.0,FLING,,WDA7435,60,3,29,6,,60,A
366843280,2023-08-27T11:36:14,28.16627,-94.29679,0.3,192.0,257.0,FLING,,WDA7435,60,3,29,6,,60,A
366843280,2023-08-27T11:37:41,28.16627,-94.29678,0.4,11.7,281.0,FLING,,WDA7435,60,3,29,6,,60,A
366843280,2023-08-27T11:38:44,28.16636,-94.29677,0.4,3.5,287.0,FLING,,WDA7435,60,3,29,6,,60,A
366843280,2023-08-27T11:39:45,28.16644,-94.29678,0.3,238.4,271.0,FLING,,WDA7435,60,3,29,6,,60,A
366843280,2023-08-27T11:41:31,28.16628,-94.29679,0.3,198.3,253.0,FLING,,WDA7435,60,3,29,6,,60,A
366843280,2023-08-27T11:42:38,28.16627,-94.29677,0.7,37.6,284.0,FLING,,WDA7435,60,3,29,6,,60,A
366843280,2023-08-27T11:44:25,28.16646,-94.29680,0.3,359.6,283.0,FLING,,WDA7435,60,3,29,6,,60,A
366843280,2023-08-27T11:45:44,28.16646,-94.29679,0.3,156.0,239.0,FLING,,WDA7435,60,3,29,6,,60,A
366843280,2023-08-27T11:47:41,28.16631,-94.29677,0.0,360.0,257.0,FLING,,WDA7435,60,3,29,6,,60,A
366843280,2023-08-27T11:50:58,28.16645,-94.29678,0.4,135.9,240.0,FLING,,WDA7435,60,3,29,6,,60,A
366843280,2023-08-27T11:52:21,28.16629,-94.29677,0.5,194.4,252.0,FLING,,WDA7435,60,3,29,6,,60,A
366843280,2023-08-27T11:53:48,28.16628,-94.29677,0.1,360.0,285.0,FLING,,WDA7435,60,3,29,6,,60,A
366843280,2023-08-27T11:55:01,28.16641,-94.29677,0.3,316.2,287.0,FLING,,WDA7435,60,3,29,6,,60,A
366843280,2023-08-27T11:56:28,28.16645,-94.29676,0.2,360.0,251.0,FLING,,WDA7435,60,3,29,6,,60,A
366843280,2023-08-27T11:58:11,28.16624,-94.29678,0.2,202.3,256.0,FLING,,WDA7435,60,3,29,6,,60,A
366843280,2023-08-27T11:59:17,28.16624,-94.29678,0.1,360.0,288.0,FLING,,WDA7435,60,3,29,6,,60,A
366843280,2023-08-27T12:00:01,28.16631,-94.29677,0.5,12.4,300.0,FLING,,WDA7435,60,3,29,6,,60,A
366843280,2023-08-27T12:01:05,28.16642,-94.29679,0.1,360.0,281.0,FLING,,WDA7435,60,3,29,6,,60,A
366843280,2023-08-27T12:02:14,28.16639,-94.29676,0.3,156.8,243.0,FLING,,WDA7435,60,3,29,6,,60,A
366843280,2023-08-27T12:03:17,28.16632,-94.29677,0.2,360.0,260.0,FLING,,WDA7435,60,3,29,6,,60,A
366843280,2023-08-27T12:04:21,28.16634,-94.29677,0.2,344.7,281.0,FLING,,WDA7435,60,3,29,6,,60,A
366843280,2023-08-27T12:05:35,28.16641,-94.29677,0.1,360.0,265.0,FLING,,WDA7435,60,3,29,6,,60,A
366843280,2023-08-27T12:07:38,28.16623,-94.29679,0.3,190.4,263.0,FLING,,WDA7435,60,3,29,6,,60,A
366843280,2023-08-27T12:08:45,28.16623,-94.29678,0.3,53.1,298.0,FLING,,WDA7435,60,3,29,6,,60,A
366843280,2023-08-27T12:10:11,28.16639,-94.29678,0.4,320.7,284.0,FLING,,WDA7435,60,3,29,6,,60,A
366843280,2023-08-27T12:11:41,28.16640,-94.29677,0.3,161.8,251.0,FLING,,WDA7435,60,3,29,6,,60,A
366843280,2023-08-27T12:12:45,28.16627,-94.29679,0.2,186.8,253.0,FLING,,WDA7435,60,3,29,6,,60,A
366843280,2023-08-27T12:14:24,28.16629,-94.29675,0.4,14.6,300.0,FLING,,WDA7435,60,3,29,6,,60,A
366843280,2023-08-27T12:15:43,28.16635,-94.29677,0.2,163.8,254.0,FLING,,WDA7435,60,3,29,6,,60,A
366843280,2023-08-27T12:17:11,28.16619,-94.29682,0.3,360.0,264.0,FLING,,WDA7435,60,3,29,6,,60,A
366843280,2023-08-27T12:18:23,28.16621,-94.29678,0.7,34.0,305.0,FLING,,WDA7435,60,3,29,6,,60,A
366843280,2023-08-27T12:19:31,28.16635,-94.29677,0.4,337.8,294.0,FLING,,WDA7435,60,3,29,6,,60,A
366843280,2023-08-27T12:20:35,28.16640,-94.29677,0.3,242.7,269.0,FLING,,WDA7435,60,3,29,6,,60,A
366843280,2023-08-27T12:21:38,28.16631,-94.29677,0.7,185.4,247.0,FLING,,WDA7435,60,3,29,6,,60,A
366843280,2023-08-27T12:22:41,28.16620,-94.29680,0.2,360.0,276.0,FLING,,WDA7435,60,3,29,6,,60,A
366843280,2023-08-27T12:25:14,28.16633,-94.29676,0.2,360.0,291.0,FLING,,WDA7435,60,3,29,6,,60,A
366843280,2023-08-27T12:26:21,28.16639,-94.29677,0.2,360.0,269.0,FLING,,WDA7435,60,3,29,6,,60,A
366843280,2023-08-27T12:27:24,28.16631,-94.29676,0.6,197.6,258.0,FLING,,WDA7435,60,3,29,6,,60,A
366843280,2023-08-27T12:28:35,28.16618,-94.29681,0.5,193.7,266.0,FLING,,WDA7435,60,3,29,6,,60,A
366843280,2023-08-27T12:29:41,28.16619,-94.29681,0.2,34.0,299.0,FLING,,WDA7435,60,3,29,6,,60,A
366843280,2023-08-27T12:30:55,28.16633,-94.29676,0.3,351.2,297.0,FLING,,WDA7435,60,3,29,6,,60,A
366843280,2023-08-27T12:31:57,28.16641,-94.29676,0.2,360.0,273.0,FLING,,WDA7435,60,3,29,6,,60,A
366843280,2023-08-27T12:33:11,28.16625,-94.29678,0.4,202.5,251.0,FLING,,WDA7435,60,3,29,6,,60,A
366843280,2023-08-27T12:34:18,28.16620,-94.29680,0.2,84.4,283.0,FLING,,WDA7435,60,3,29,6,,60,A
366843280,2023-08-27T12:35:27,28.16629,-94.29676,0.5,282.9,305.0,FLING,,WDA7435,60,3,29,6,,60,A
366843280,2023-08-27T12:36:38,28.16639,-94.29678,0.1,360.0,272.0,FLING,,WDA7435,60,3,29,6,,60,A
366843280,2023-08-27T12:37:51,28.16624,-94.29678,0.5,211.3,256.0,FLING,,WDA7435,60,3,29,6,,60,A
366843280,2023-08-27T12:39:21,28.16620,-94.29680,0.1,360.0,292.0,FLING,,WDA7435,60,3,29,6,,60,A
366843280,2023-08-27T12:40:34,28.16636,-94.29675,0.6,8.2,297.0,FLING,,WDA7435,60,3,29,6,,60,A
366843280,2023-08-27T12:41:41,28.16643,-94.29678,0.2,360.0,269.0,FLING,,WDA7435,60,3,29,6,,60,A
366843280,2023-08-27T12:42:48,28.16629,-94.29676,0.4,198.4,253.0,FLING,,WDA7435,60,3,29,6,,60,A
366843280,2023-08-27T12:44:11,28.16617,-94.29682,0.4,193.8,276.0,FLING,,WDA7435,60,3,29,6,,60,A
366843280,2023-08-27T12:45:31,28.16618,-94.29681,0.3,33.7,304.0,FLING,,WDA7435,60,3,29,6,,60,A
366843280,2023-08-27T12:46:51,28.16632,-94.29677,0.2,336.6,297.0,FLING,,WDA7435,60,3,29,6,,60,A
366843280,2023-08-27T12:49:44,28.16618,-94.29680,0.2,360.0,273.0,FLING,,WDA7435,60,3,29,6,,60,A
366843280,2023-08-27T12:51:01,28.16628,-94.29675,1.2,29.5,313.0,FLING,,WDA7435,60,3,29,6,,60,A
366843280,2023-08-27T12:52:04,28.16637,-94.29677,0.2,360.0,275.0,FLING,,WDA7435,60,3,29,6,,60,A
366843280,2023-08-27T12:53:21,28.16624,-94.29678,0.5,210.6,258.0,FLING,,WDA7435,60,3,29,6,,60,A
366843280,2023-08-27T12:54:31,28.16616,-94.29683,0.0,360.0,284.0,FLING,,WDA7435,60,3,29,6,,60,A
366843280,2023-08-27T12:55:34,28.16617,-94.29681,0.1,360.0,297.0,FLING,,WDA7435,60,3,29,6,,60,A
366843280,2023-08-27T12:57:51,28.16628,-94.29677,0.4,211.5,280.0,FLING,,WDA7435,60,3,29,6,,60,A
366843280,2023-08-27T12:59:31,28.16614,-94.29686,0.2,360.0,283.0,FLING,,WDA7435,60,3,29,6,,60,A
366843280,2023-08-27T13:17:24,28.16637,-94.29677,0.3,164.2,270.0,FLING,,WDA7435,60,3,29,6,,60,A
366843280,2023-08-27T16:01:44,28.16662,-94.29750,9.3,295.1,295.0,FLING,,WDA7435,60,3,29,6,,60,A
366843280,2023-08-27T13:00:28,28.16615,-94.29684,0.2,360.0,302.0,FLING,,WDA7435,60,3,29,6,,60,A
366843280,2023-08-27T13:04:11,28.16618,-94.29681,0.6,209.9,267.0,FLING,,WDA7435,60,3,29,6,,60,A
366843280,2023-08-27T13:05:18,28.16613,-94.29688,0.1,360.0,301.0,FLING,,WDA7435,60,3,29,6,,60,A
366843280,2023-08-27T13:09:05,28.16620,-94.29683,0.7,203.7,270.0,FLING,,WDA7435,60,3,29,6,,60,A
366843280,2023-08-27T13:10:11,28.16615,-94.29686,0.3,92.8,291.0,FLING,,WDA7435,60,3,29,6,,60,A
366843280,2023-08-27T13:14:11,28.16618,-94.29683,0.5,212.3,272.0,FLING,,WDA7435,60,3,29,6,,60,A
366843280,2023-08-27T13:15:18,28.16621,-94.29679,0.5,42.3,306.0,FLING,,WDA7435,60,3,29,6,,60,A
366843280,2023-08-27T13:19:31,28.16616,-94.29685,0.3,324.0,284.0,FLING,,WDA7435,60,3,29,6,,60,A
366843280,2023-08-27T13:24:08,28.16619,-94.29682,0.2,0.2,299.0,FLING,,WDA7435,60,3,29,6,,60,A
366843280,2023-08-27T13:28:08,28.16619,-94.29683,0.4,359.2,284.0,FLING,,WDA7435,60,3,29,6,,60,A
366843280,2023-08-27T13:32:58,28.16616,-94.29686,0.2,360.0,293.0,FLING,,WDA7435,60,3,29,6,,60,A
366843280,2023-08-27T13:36:37,28.16620,-94.29683,0.3,214.0,263.0,FLING,,WDA7435,60,3,29,6,,60,A
366843280,2023-08-27T13:37:38,28.16615,-94.29687,0.2,340.1,291.0,FLING,,WDA7435,60,3,29,6,,60,A
366843280,2023-08-27T13:42:28,28.16620,-94.29682,0.5,49.9,298.0,FLING,,WDA7435,60,3,29,6,,60,A
366843280,2023-08-27T13:45:44,28.16618,-94.29683,0.3,226.1,297.0,FLING,,WDA7435,60,3,29,6,,60,A
366843280,2023-08-27T13:49:11,28.16616,-94.29687,0.5,220.2,280.0,FLING,,WDA7435,60,3,29,6,,60,A
366843280,2023-08-27T13:50:14,28.16615,-94.29685,0.5,43.4,296.0,FLING,,WDA7435,60,3,29,6,,60,A
366843280,2023-08-27T13:53:45,28.16615,-94.29687,0.2,249.4,285.0,FLING,,WDA7435,60,3,29,6,,60,A
366843280,2023-08-27T13:54:51,28.16617,-94.29683,0.3,55.0,305.0,FLING,,WDA7435,60,3,29,6,,60,A
366843280,2023-08-27T13:58:21,28.16616,-94.29684,0.3,228.7,283.0,FLING,,WDA7435,60,3,29,6,,60,A
366843280,2023-08-27T13:59:31,28.16618,-94.29683,0.7,49.1,322.0,FLING,,WDA7435,60,3,29,6,,60,A
366843280,2023-08-27T14:02:11,28.16621,-94.29682,0.3,208.4,267.0,FLING,,WDA7435,60,3,29,6,,60,A
366843280,2023-08-27T14:03:17,28.16613,-94.29689,0.1,360.0,295.0,FLING,,WDA7435,60,3,29,6,,60,A
366843280,2023-08-27T14:04:18,28.16619,-94.29680,0.1,360.0,323.0,FLING,,WDA7435,60,3,29,6,,60,A
366843280,2023-08-27T14:06:44,28.16619,-94.29683,0.4,212.9,282.0,FLING,,WDA7435,60,3,29,6,,60,A
366843280,2023-08-27T14:07:51,28.16613,-94.29688,0.1,360.0,303.0,FLING,,WDA7435,60,3,29,6,,60,A
366843280,2023-08-27T14:11:54,28.16616,-94.29686,0.3,200.2,282.0,FLING,,WDA7435,60,3,29,6,,60,A
366843280,2023-08-27T14:13:38,28.16614,-94.29686,1.3,41.0,320.0,FLING,,WDA7435,60,3,29,6,,60,A
366843280,2023-08-27T14:15:55,28.16618,-94.29683,0.5,203.5,281.0,FLING,,WDA7435,60,3,29,6,,60,A
366843280,2023-08-27T14:17:14,28.16610,-94.29692,0.3,231.3,299.0,FLING,,WDA7435,60,3,29,6,,60,A
366843280,2023-08-27T14:20:28,28.16621,-94.29679,0.5,208.3,274.0,FLING,,WDA7435,60,3,29,6,,60,A
366843280,2023-08-27T14:21:31,28.16614,-94.29689,0.1,360.0,293.0,FLING,,WDA7435,60,3,29,6,,60,A
366843280,2023-08-27T14:22:48,28.16617,-94.29683,0.7,34.7,326.0,FLING,,WDA7435,60,3,29,6,,60,A
366843280,2023-08-27T14:25:17,28.16613,-94.29689,0.5,225.0,284.0,FLING,,WDA7435,60,3,29,6,,60,A
366843280,2023-08-27T14:26:28,28.16613,-94.29689,0.6,53.5,327.0,FLING,,WDA7435,60,3,29,6,,60,A
366843280,2023-08-27T14:29:08,28.16621,-94.29679,0.5,217.9,271.0,FLING,,WDA7435,60,3,29,6,,60,A
366843280,2023-08-27T14:30:21,28.16611,-94.29692,0.3,92.2,304.0,FLING,,WDA7435,60,3,29,6,,60,A
366843280,2023-08-27T14:33:11,28.16620,-94.29681,0.8,210.7,270.0,FLING,,WDA7435,60,3,29,6,,60,A
366843280,2023-08-27T14:34:28,28.16613,-94.29687,0.1,360.0,318.0,FLING,,WDA7435,60,3,29,6,,60,A
366843280,2023-08-27T14:38:47,28.16610,-94.29691,1.1,65.4,312.0,FLING,,WDA7435,60,3,29,6,,60,A
366843280,2023-08-27T14:41:15,28.16619,-94.29680,0.1,360.0,277.0,FLING,,WDA7435,60,3,29,6,,60,A
366843280,2023-08-27T14:42:45,28.16616,-94.29682,0.4,55.9,314.0,FLING,,WDA7435,60,3,29,6,,60,A
366843280,2023-08-27T14:45:35,28.16620,-94.29682,0.5,223.1,280.0,FLING,,WDA7435,60,3,29,6,,60,A
366843280,2023-08-27T14:46:45,28.16611,-94.29689,0.1,360.0,309.0,FLING,,WDA7435,60,3,29,6,,60,A
366843280,2023-08-27T14:50:07,28.16615,-94.29686,0.4,313.7,298.0,FLING,,WDA7435,60,3,29,6,,60,A
366843280,2023-08-27T14:51:11,28.16619,-94.29681,0.7,44.9,314.0,FLING,,WDA7435,60,3,29,6,,60,A
366843280,2023-08-27T14:53:58,28.16611,-94.29688,0.2,360.0,312.0,FLING,,WDA7435,60,3,29,6,,60,A
366843280,2023-08-27T14:55:01,28.16620,-94.29679,0.9,34.6,326.0,FLING,,WDA7435,60,3,29,6,,60,A
366843280,2023-08-27T14:57:11,28.16616,-94.29681,0.6,216.4,284.0,FLING,,WDA7435,60,3,29,6,,60,A
366843280,2023-08-27T15:01:35,28.16612,-94.29687,0.1,360.0,312.0,FLING,,WDA7435,60,3,29,6,,60,A
366843280,2023-08-27T15:04:27,28.16618,-94.29679,0.4,203.5,281.0,FLING,,WDA7435,60,3,29,6,,60,A
366843280,2023-08-27T15:05:57,28.16612,-94.29685,0.4,69.3,319.0,FLING,,WDA7435,60,3,29,6,,60,A
366843280,2023-08-27T15:08:35,28.16611,-94.29687,0.3,232.1,289.0,FLING,,WDA7435,60,3,29,6,,60,A
366843280,2023-08-27T15:09:44,28.16612,-94.29687,0.7,291.6,327.0,FLING,,WDA7435,60,3,29,6,,60,A
366843280,2023-08-27T15:10:48,28.16621,-94.29678,0.5,33.8,323.0,FLING,,WDA7435,60,3,29,6,,60,A
366843280,2023-08-27T15:13:01,28.16612,-94.29686,0.5,213.2,302.0,FLING,,WDA7435,60,3,29,6,,60,A
366843280,2023-08-27T15:14:04,28.16615,-94.29683,0.3,66.6,331.0,FLING,,WDA7435,60,3,29,6,,60,A
366843280,2023-08-27T15:16:04,28.16620,-94.29678,0.4,212.3,286.0,FLING,,WDA7435,60,3,29,6,,60,A
366843280,2023-08-27T15:17:28,28.16610,-94.29688,0.6,237.0,306.0,FLING,,WDA7435,60,3,29,6,,60,A
366843280,2023-08-27T15:18:35,28.16612,-94.29686,0.6,29.2,315.0,FLING,,WDA7435,60,3,29,6,,60,A
366843280,2023-08-27T15:19:55,28.16621,-94.29679,0.6,44.9,308.0,FLING,,WDA7435,60,3,29,6,,60,A
366843280,2023-08-27T15:21:08,28.16616,-94.29680,0.2,360.0,286.0,FLING,,WDA7435,60,3,29,6,,60,A
366843280,2023-08-27T15:22:24,28.16610,-94.29688,0.1,360.0,314.0,FLING,,WDA7435,60,3,29,6,,60,A
366843280,2023-08-27T15:23:28,28.16617,-94.29681,0.9,27.3,327.0,FLING,,WDA7435,60,3,29,6,,60,A
366843280,2023-08-27T15:24:44,28.16621,-94.29677,0.4,154.0,299.0,FLING,,WDA7435,60,3,29,6,,60,A
366843280,2023-08-27T15:26:15,28.16608,-94.29692,0.7,239.5,302.0,FLING,,WDA7435,60,3,29,6,,60,A
366843280,2023-08-27T15:27:21,28.16614,-94.29682,0.9,42.0,335.0,FLING,,WDA7435,60,3,29,6,,60,A
366843280,2023-08-27T15:29:28,28.16614,-94.29682,0.7,222.2,284.0,FLING,,WDA7435,60,3,29,6,,60,A
366843280,2023-08-27T15:30:45,28.16608,-94.29689,1.1,66.0,332.0,FLING,,WDA7435,60,3,29,6,,60,A
366843280,2023-08-27T15:33:41,28.16611,-94.29687,0.5,218.0,294.0,FLING,,WDA7435,60,3,29,6,,60,A
366843280,2023-08-27T15:34:54,28.16612,-94.29685,0.3,360.0,327.0,FLING,,WDA7435,60,3,29,6,,60,A
366843280,2023-08-27T15:38:08,28.16616,-94.29681,0.2,360.0,278.0,FLING,,WDA7435,60,3,29,6,,60,A
366843280,2023-08-27T15:39:28,28.16612,-94.29684,0.2,360.0,319.0,FLING,,WDA7435,60,3,29,6,,60,A
366843280,2023-08-27T15:41:55,28.16618,-94.29682,0.6,204.2,282.0,FLING,,WDA7435,60,3,29,6,,60,A
366843280,2023-08-27T15:43:01,28.16610,-94.29687,0.3,304.8,311.0,FLING,,WDA7435,60,3,29,6,,60,A
366843280,2023-08-27T15:46:01,28.16616,-94.29681,0.1,360.0,285.0,FLING,,WDA7435,60,3,29,6,,60,A
366843280,2023-08-27T15:47:04,28.16614,-94.29683,0.1,360.0,304.0,FLING,,WDA7435,60,3,29,6,,60,A
366843280,2023-08-27T15:49:44,28.16619,-94.29681,1.0,203.5,285.0,FLING,,WDA7435,60,3,29,6,,60,A
366843280,2023-08-27T15:51:41,28.16613,-94.29682,0.2,360.0,331.0,FLING,,WDA7435,60,3,29,6,,60,A
366843280,2023-08-27T15:53:01,28.16617,-94.29680,0.2,360.0,290.0,FLING,,WDA7435,60,3,29,6,,60,A
366843280,2023-08-27T15:54:21,28.16609,-94.29690,1.0,255.0,324.0,FLING,,WDA7435,60,3,29,6,,60,A
366843280,2023-08-27T15:56:04,28.16621,-94.29678,0.5,135.9,305.0,FLING,,WDA7435,60,3,29,6,,60,A
366843280,2023-08-27T15:57:35,28.16615,-94.29682,0.2,360.0,294.0,FLING,,WDA7435,60,3,29,6,,60,A
366843280,2023-08-27T15:58:41,28.16611,-94.29685,0.4,322.3,307.0,FLING,,WDA7435,60,3,29,6,,60,A
366843280,2023-08-27T15:59:48,28.16613,-94.29685,0.6,309.4,319.0,FLING,,WDA7435,60,3,29,6,,60,A
366843280,2023-08-27T16:00:14,28.16611,-94.29683,0.6,150.8,311.0,FLING,,WDA7435,60,3,29,6,,60,A
366843280,2023-08-27T13:01:44,28.16627,-94.29678,0.3,15.6,312.0,FLING,,WDA7435,60,3,29,6,,60,A
366843280,2023-08-27T13:02:54,28.16634,-94.29678,0.1,360.0,280.0,FLING,,WDA7435,60,3,29,6,,60,A
366843280,2023-08-27T13:07:54,28.16632,-94.29676,0.2,136.5,273.0,FLING,,WDA7435,60,3,29,6,,60,A
366843280,2023-08-27T13:11:54,28.16629,-94.29677,0.6,15.0,305.0,FLING,,WDA7435,60,3,29,6,,60,A
366843280,2023-08-27T13:13:05,28.16631,-94.29677,0.4,179.0,266.0,FLING,,WDA7435,60,3,29,6,,60,A
366843280,2023-08-27T13:16:21,28.16634,-94.29678,0.4,355.2,298.0,FLING,,WDA7435,60,3,29,6,,60,A
366843280,2023-08-27T13:18:28,28.16625,-94.29679,0.5,200.2,255.0,FLING,,WDA7435,60,3,29,6,,60,A
366843280,2023-08-27T13:20:41,28.16625,-94.29676,0.2,360.0,308.0,FLING,,WDA7435,60,3,29,6,,60,A
366843280,2023-08-27T13:22:01,28.16635,-94.29678,0.5,157.2,268.0,FLING,,WDA7435,60,3,29,6,,60,A
366843280,2023-08-27T13:23:05,28.16623,-94.29680,0.4,210.4,265.0,FLING,,WDA7435,60,3,29,6,,60,A
366843280,2023-08-27T13:25:51,28.16635,-94.29677,0.1,360.0,288.0,FLING,,WDA7435,60,3,29,6,,60,A
366843280,2023-08-27T13:27:01,28.16623,-94.29678,0.5,202.9,262.0,FLING,,WDA7435,60,3,29,6,,60,A
366843280,2023-08-27T13:29:28,28.16629,-94.29676,0.4,349.8,303.0,FLING,,WDA7435,60,3,29,6,,60,A
366843280,2023-08-27T13:30:35,28.16634,-94.29677,0.1,360.0,276.0,FLING,,WDA7435,60,3,29,6,,60,A
366843280,2023-08-27T13:31:37,28.16623,-94.29680,0.3,235.1,264.0,FLING,,WDA7435,60,3,29,6,,60,A
366843280,2023-08-27T13:34:04,28.16624,-94.29679,0.7,13.1,309.0,FLING,,WDA7435,60,3,29,6,,60,A
366843280,2023-08-27T13:35:25,28.16631,-94.29675,0.3,65.2,288.0,FLING,,WDA7435,60,3,29,6,,60,A
366843280,2023-08-27T13:38:41,28.16624,-94.29679,0.3,20.6,315.0,FLING,,WDA7435,60,3,29,6,,60,A
366843280,2023-08-27T13:39:51,28.16631,-94.29678,0.2,83.9,289.0,FLING,,WDA7435,60,3,29,6,,60,A
366843280,2023-08-27T13:41:15,28.16622,-94.29680,0.5,202.2,277.0,FLING,,WDA7435,60,3,29,6,,60,A
366843280,2023-08-27T13:43:35,28.16627,-94.29679,0.5,10.7,301.0,FLING,,WDA7435,60,3,29,6,,60,A
366843280,2023-08-27T13:44:38,28.16625,-94.29679,0.4,190.9,271.0,FLING,,WDA7435,60,3,29,6,,60,A
366843280,2023-08-27T13:46:48,28.16624,-94.29678,1.0,29.2,321.0,FLING,,WDA7435,60,3,29,6,,60,A
366843280,2023-08-27T13:47:58,28.16626,-94.29679,0.4,162.4,274.0,FLING,,WDA7435,60,3,29,6,,60,A
366843280,2023-08-27T13:51:15,28.16623,-94.29680,0.4,0.3,312.0,FLING,,WDA7435,60,3,29,6,,60,A
366843280,2023-08-27T13:52:17,28.16626,-94.29679,0.4,237.2,284.0,FLING,,WDA7435,60,3,29,6,,60,A
366843280,2023-08-27T13:56:04,28.16624,-94.29679,0.5,14.0,302.0,FLING,,WDA7435,60,3,29,6,,60,A
366843280,2023-08-27T13:57:14,28.16626,-94.29678,0.3,109.7,285.0,FLING,,WDA7435,60,3,29,6,,60,A
366843280,2023-08-27T14:00:01,28.16623,-94.29680,0.5,347.0,319.0,FLING,,WDA7435,60,3,29,6,,60,A
366843280,2023-08-27T14:01:04,28.16629,-94.29679,0.3,52.8,291.0,FLING,,WDA7435,60,3,29,6,,60,A
366843280,2023-08-27T14:05:41,28.16628,-94.29678,0.3,156.2,287.0,FLING,,WDA7435,60,3,29,6,,60,A
366843280,2023-08-27T14:09:41,28.16627,-94.29679,0.4,21.4,304.0,FLING,,WDA7435,60,3,29,6,,60,A
366843280,2023-08-27T14:10:48,28.16624,-94.29678,0.3,179.2,281.0,FLING,,WDA7435,60,3,29,6,,60,A
366843280,2023-08-27T14:14:47,28.16624,-94.29680,0.4,334.2,310.0,FLING,,WDA7435,60,3,29,6,,60,A
366843280,2023-08-27T14:19:14,28.16623,-94.29679,0.6,24.3,313.0,FLING,,WDA7435,60,3,29,6,,60,A
366843280,2023-08-27T14:23:58,28.16627,-94.29680,0.5,217.1,292.0,FLING,,WDA7435,60,3,29,6,,60,A
366843280,2023-08-27T14:28:01,28.16630,-94.29676,0.4,332.0,308.0,FLING,,WDA7435,60,3,29,6,,60,A
366843280,2023-08-27T14:32:08,28.16624,-94.29679,0.2,360.0,302.0,FLING,,WDA7435,60,3,29,6,,60,A
366843280,2023-08-27T14:35:35,28.16623,-94.29679,0.3,359.3,322.0,FLING,,WDA7435,60,3,29,6,,60,A
366843280,2023-08-27T14:36:51,28.16623,-94.29679,0.1,360.0,287.0,FLING,,WDA7435,60,3,29,6,,60,A
366843280,2023-08-27T14:39:54,28.16622,-94.29679,0.5,1.7,322.0,FLING,,WDA7435,60,3,29,6,,60,A
366843280,2023-08-27T14:44:24,28.16626,-94.29678,0.2,360.0,300.0,FLING,,WDA7435,60,3,29,6,,60,A
366843280,2023-08-27T14:48:35,28.16626,-94.29679,0.1,360.0,301.0,FLING,,WDA7435,60,3,29,6,,60,A
366843280,2023-08-27T14:52:21,28.16624,-94.29678,0.4,233.2,293.0,FLING,,WDA7435,60,3,29,6,,60,A
366843280,2023-08-27T14:56:07,28.16626,-94.29678,0.2,360.0,292.0,FLING,,WDA7435,60,3,29,6,,60,A
366843280,2023-08-27T14:59:07,28.16622,-94.29678,1.1,21.1,313.0,FLING,,WDA7435,60,3,29,6,,60,A
366843280,2023-08-27T15:00:07,28.16624,-94.29676,0.1,360.0,283.0,FLING,,WDA7435,60,3,29,6,,60,A
366843280,2023-08-27T15:03:25,28.16625,-94.29676,0.2,43.8,302.0,FLING,,WDA7435,60,3,29,6,,60,A
366843280,2023-08-27T15:07:08,28.16623,-94.29679,0.1,360.0,307.0,FLING,,WDA7435,60,3,29,6,,60,A
366843280,2023-08-27T15:11:51,28.16622,-94.29677,0.5,195.0,295.0,FLING,,WDA7435,60,3,29,6,,60,A
366843280,2023-08-27T15:28:25,28.16623,-94.29677,1.0,16.4,317.0,FLING,,WDA7435,60,3,29,6,,60,A
366843280,2023-08-27T15:32:27,28.16623,-94.29680,0.1,360.0,311.0,FLING,,WDA7435,60,3,29,6,,60,A
366843280,2023-08-27T15:37:05,28.16627,-94.29676,0.6,237.3,303.0,FLING,,WDA7435,60,3,29,6,,60,A
366843280,2023-08-27T15:44:45,28.16622,-94.29678,0.2,360.0,308.0,FLING,,WDA7435,60,3,29,6,,60,A
366843280,2023-06-12T10:32:56,28.18065,-94.31473,8.7,134.0,126.0,FLING,,WDA7435,60,0,29,6,,60,A
366843280,2023-06-12T10:34:56,28.17727,-94.31071,8.6,127.4,125.0,FLING,,WDA7435,60,0,29,6,,60,A
366843280,2023-06-12T10:36:27,28.17494,-94.30751,8.3,135.4,127.0,FLING,,WDA7435,60,0,29,6,,60,A
366843280,2023-06-12T10:37:47,28.17284,-94.30462,8.7,130.0,125.0,FLING,,WDA7435,60,0,29,6,,60,A
366843280,2023-06-12T10:38:56,28.17153,-94.30278,6.2,127.5,124.0,FLING,,WDA7435,60,0,29,6,,60,A
366843280,2023-06-12T10:39:57,28.17045,-94.30132,6.1,130.2,128.0,FLING,,WDA7435,60,0,29,6,,60,A
366843280,2023-06-12T10:41:06,28.16913,-94.29968,6.2,128.0,129.0,FLING,,WDA7435,60,0,29,6,,60,A
366843280,2023-06-12T10:42:30,28.16764,-94.29800,4.2,141.6,136.0,FLING,,WDA7435,60,0,29,6,,60,A
366843280,2023-06-12T10:43:57,28.16698,-94.29731,0.8,105.0,158.0,FLING,,WDA7435,60,0,29,6,,60,A
366843280,2023-06-12T10:45:13,28.16680,-94.29720,1.9,177.3,176.0,FLING,,WDA7435,60,0,29,6,,60,A
366843280,2023-06-12T10:46:17,28.16658,-94.29715,0.7,20.4,166.0,FLING,,WDA7435,60,0,29,6,,60,A
366843280,2023-06-12T10:48:04,28.16671,-94.29724,0.3,178.8,184.0,FLING,,WDA7435,60,0,29,6,,60,A
366843280,2023-06-12T10:49:07,28.16669,-94.29722,0.5,324.4,161.0,FLING,,WDA7435,60,0,29,6,,60,A
366843280,2023-06-12T10:50:13,28.16670,-94.29717,0.2,231.3,181.0,FLING,,WDA7435,60,0,29,6,,60,A
366843280,2023-06-12T10:51:17,28.16670,-94.29723,0.9,219.2,171.0,FLING,,WDA7435,60,0,29,6,,60,A
366843280,2023-06-12T10:52:28,28.16670,-94.29715,0.2,360.0,162.0,FLING,,WDA7435,60,0,29,6,,60,A
366843280,2023-06-12T10:53:33,28.16670,-94.29715,0.3,313.2,182.0,FLING,,WDA7435,60,0,29,6,,60,A
366843280,2023-06-12T10:55:16,28.16669,-94.29715,0.2,360.0,169.0,FLING,,WDA7435,60,0,29,6,,60,A
366843280,2023-06-12T10:57:20,28.16671,-94.29715,0.7,322.8,189.0,FLING,,WDA7435,60,0,29,6,,60,A
366843280,2023-06-12T10:58:27,28.16669,-94.29720,0.2,360.0,181.0,FLING,,WDA7435,60,0,29,6,,60,A
366843280,2023-06-12T10:59:53,28.16670,-94.29716,0.1,360.0,163.0,FLING,,WDA7435,60,0,29,6,,60,A
366843280,2023-06-12T11:00:00,28.16670,-94.29715,0.1,360.0,163.0,FLING,,WDA7435,60,0,29,6,,60,A
366843280,2023-06-12T11:01:07,28.16669,-94.29710,0.2,319.5,184.0,FLING,,WDA7435,60,0,29,6,,60,A
366843280,2023-06-12T11:02:13,28.16670,-94.29718,0.6,250.0,196.0,FLING,,WDA7435,60,0,29,6,,60,A
366843280,2023-06-12T11:03:16,28.16670,-94.29719,0.2,360.0,166.0,FLING,,WDA7435,60,0,29,6,,60,A
366843280,2023-06-12T11:04:26,28.16671,-94.29711,0.2,360.0,190.0,FLING,,WDA7435,60,0,29,6,,60,A
366843280,2023-06-12T11:06:13,28.16671,-94.29721,0.8,106.8,170.0,FLING,,WDA7435,60,3,29,6,,60,A
366843280,2023-06-12T11:07:40,28.16669,-94.29709,0.4,264.9,185.0,FLING,,WDA7435,60,3,29,6,,60,A
366843280,2023-06-12T11:08:47,28.16669,-94.29721,0.3,208.5,185.0,FLING,,WDA7435,60,3,29,6,,60,A
366843280,2023-06-12T11:10:16,28.16670,-94.29721,0.1,360.0,169.0,FLING,,WDA7435,60,3,29,6,,60,A
366843280,2023-06-12T11:11:37,28.16669,-94.29713,0.3,173.1,179.0,FLING,,WDA7435,60,3,29,6,,60,A
366843280,2023-06-12T11:12:56,28.16671,-94.29713,0.9,294.9,184.0,FLING,,WDA7435,60,3,29,6,,60,A
366843280,2023-06-12T11:13:57,28.16670,-94.29719,0.5,177.3,185.0,FLING,,WDA7435,60,3,29,6,,60,A
366843280,2023-06-12T11:15:03,28.16669,-94.29716,0.2,360.0,168.0,FLING,,WDA7435,60,3,29,6,,60,A
366843280,2023-06-12T11:16:23,28.16670,-94.29710,0.3,30.0,189.0,FLING,,WDA7435,60,3,29,6,,60,A
366843280,2023-06-12T11:17:33,28.16669,-94.29718,0.7,231.4,182.0,FLING,,WDA7435,60,3,29,6,,60,A
366843280,2023-06-12T11:18:43,28.16669,-94.29713,0.6,82.8,168.0,FLING,,WDA7435,60,3,29,6,,60,A
366843280,2023-06-12T11:19:56,28.16670,-94.29712,0.3,331.3,189.0,FLING,,WDA7435,60,3,29,6,,60,A
366843280,2023-06-12T11:21:06,28.16670,-94.29717,0.5,342.4,185.0,FLING,,WDA7435,60,3,29,6,,60,A
366843280,2023-06-12T11:22:16,28.16671,-94.29714,1.1,111.0,172.0,FLING,,WDA7435,60,3,29,6,,60,A
366843280,2023-06-12T11:23:19,28.16671,-94.29714,0.1,360.0,193.0,FLING,,WDA7435,60,3,29,6,,60,A
366843280,2023-06-12T11:24:46,28.16670,-94.29718,0.1,360.0,179.0,FLING,,WDA7435,60,3,29,6,,60,A
366843280,2023-06-12T11:25:57,28.16671,-94.29713,0.1,360.0,182.0,FLING,,WDA7435,60,3,29,6,,60,A
366843280,2023-06-12T11:27:13,28.16671,-94.29719,0.5,138.8,180.0,FLING,,WDA7435,60,3,29,6,,60,A
366843280,2023-06-12T11:28:16,28.16671,-94.29712,0.9,343.0,173.0,FLING,,WDA7435,60,3,29,6,,60,A
366843280,2023-06-12T11:29:23,28.16671,-94.29709,0.3,334.0,186.0,FLING,,WDA7435,60,3,29,6,,60,A
366843280,2023-06-12T11:30:36,28.16671,-94.29719,0.5,271.6,188.0,FLING,,WDA7435,60,3,29,6,,60,A
366843280,2023-06-12T11:31:43,28.16670,-94.29711,0.7,88.1,171.0,FLING,,WDA7435,60,3,29,6,,60,A
366843280,2023-06-12T11:32:56,28.16671,-94.29713,0.4,281.9,197.0,FLING,,WDA7435,60,3,29,6,,60,A
366843280,2023-06-12T11:34:10,28.16672,-94.29717,0.4,86.3,169.0,FLING,,WDA7435,60,3,29,6,,60,A
366843280,2023-06-12T11:35:13,28.16670,-94.29707,0.6,74.1,180.0,FLING,,WDA7435,60,3,29,6,,60,A
366843280,2023-06-12T11:36:17,28.16671,-94.29715,0.5,282.1,195.0,FLING,,WDA7435,60,3,29,6,,60,A
366843280,2023-06-12T11:37:23,28.16670,-94.29716,0.3,103.8,179.0,FLING,,WDA7435,60,3,29,6,,60,A
366843280,2023-06-12T11:38:53,28.16671,-94.29711,0.2,360.0,187.0,FLING,,WDA7435,60,3,29,6,,60,A
366843280,2023-06-12T11:39:56,28.16671,-94.29716,0.1,360.0,184.0,FLING,,WDA7435,60,3,29,6,,60,A
366843280,2023-06-12T11:41:56,28.16670,-94.29711,0.2,360.0,179.0,FLING,,WDA7435,60,3,29,6,,60,A
366843280,2023-06-12T11:43:06,28.16670,-94.29719,0.4,173.3,187.0,FLING,,WDA7435,60,3,29,6,,60,A
366843280,2023-06-12T11:44:13,28.16671,-94.29716,0.1,360.0,172.0,FLING,,WDA7435,60,3,29,6,,60,A
366843280,2023-06-12T11:45:30,28.16670,-94.29716,0.2,360.0,189.0,FLING,,WDA7435,60,3,29,6,,60,A
366843280,2023-06-12T11:47:23,28.16671,-94.29713,0.6,105.1,165.0,FLING,,WDA7435,60,3,29,6,,60,A
366843280,2023-06-12T11:48:36,28.16671,-94.29716,1.0,269.3,196.0,FLING,,WDA7435,60,3,29,6,,60,A
366843280,2023-06-12T11:49:37,28.16672,-94.29720,0.7,76.9,168.0,FLING,,WDA7435,60,3,29,6,,60,A
366843280,2023-06-12T11:50:47,28.16671,-94.29707,0.8,89.0,177.0,FLING,,WDA7435,60,3,29,6,,60,A
366843280,2023-06-12T11:51:57,28.16671,-94.29719,0.6,274.4,197.0,FLING,,WDA7435,60,3,29,6,,60,A
366843280,2023-06-12T11:53:13,28.16672,-94.29717,0.1,360.0,171.0,FLING,,WDA7435,60,3,29,6,,60,A
366843280,2023-06-12T11:54:25,28.16672,-94.29714,0.6,268.8,196.0,FLING,,WDA7435,60,3,29,6,,60,A
366843280,2023-06-12T11:55:29,28.16671,-94.29723,1.0,34.8,179.0,FLING,,WDA7435,60,3,29,6,,60,A
366843280,2023-06-12T11:57:46,28.16671,-94.29716,0.4,231.6,195.0,FLING,,WDA7435,60,3,29,6,,60,A
366843280,2023-06-12T11:58:53,28.16671,-94.29718,0.1,360.0,172.0,FLING,,WDA7435,60,3,29,6,,60,A
366843280,2023-06-12T11:59:56,28.16671,-94.29713,0.5,2.4,184.0,FLING,,WDA7435,60,3,29,6,,60,A
366843280,2023-06-12T12:00:17,28.16672,-94.29715,0.3,282.4,189.0,FLING,,WDA7435,60,3,29,6,,60,A
366843280,2023-06-12T12:01:37,28.16671,-94.29716,0.1,360.0,173.0,FLING,,WDA7435,60,3,29,6,,60,A
366843280,2023-06-12T12:02:56,28.16670,-94.29709,0.4,268.6,187.0,FLING,,WDA7435,60,3,29,6,,60,A
366843280,2023-06-12T12:04:37,28.16671,-94.29720,0.8,346.9,178.0,FLING,,WDA7435,60,3,29,6,,60,A
366843280,2023-06-12T12:06:03,28.16672,-94.29710,0.2,318.1,187.0,FLING,,WDA7435,60,3,29,6,,60,A
366843280,2023-06-12T12:07:37,28.16673,-94.29714,0.7,98.2,174.0,FLING,,WDA7435,60,3,29,6,,60,A
366843280,2023-06-12T12:08:43,28.16671,-94.29705,0.3,14.9,186.0,FLING,,WDA7435,60,3,29,6,,60,A
366843280,2023-06-12T12:12:09,28.16671,-94.29708,0.3,284.3,198.0,FLING,,WDA7435,60,3,29,6,,60,A
366843280,2023-06-12T12:13:17,28.16672,-94.29717,0.6,50.7,183.0,FLING,,WDA7435,60,3,29,6,,60,A
366843280,2023-06-12T12:14:26,28.16673,-94.29715,0.5,164.5,179.0,FLING,,WDA7435,60,3,29,6,,60,A
366843280,2023-06-12T12:17:06,28.16673,-94.29717,0.3,13.8,172.0,FLING,,WDA7435,60,3,29,6,,60,A
366843280,2023-06-12T12:18:26,28.16672,-94.29709,0.2,360.0,180.0,FLING,,WDA7435,60,3,29,6,,60,A
366843280,2023-06-12T12:22:59,28.16672,-94.29714,0.6,356.2,179.0,FLING,,WDA7435,60,3,29,6,,60,A
366843280,2023-06-12T12:26:03,28.16672,-94.29710,0.2,360.0,189.0,FLING,,WDA7435,60,3,29,6,,60,A
366843280,2023-06-12T12:31:56,28.16672,-94.29716,1.2,123.8,189.0,FLING,,WDA7435,60,3,29,6,,60,A
366843280,2023-06-12T12:33:37,28.16672,-94.29712,0.1,360.0,185.0,FLING,,WDA7435,60,3,29,6,,60,A
366843280,2023-06-12T12:34:56,28.16672,-94.29707,0.9,197.9,200.0,FLING,,WDA7435,60,3,29,6,,60,A
366843280,2023-06-12T12:36:29,28.16671,-94.29713,0.6,193.8,183.0,FLING,,WDA7435,60,3,29,6,,60,A
366843280,2023-06-12T12:42:29,28.16671,-94.29705,0.3,302.2,199.0,FLING,,WDA7435,60,3,29,6,,60,A
366843280,2023-06-12T12:45:17,28.16671,-94.29705,1.3,189.0,195.0,FLING,,WDA7435,60,3,29,6,,60,A
366843280,2023-06-12T12:50:07,28.16671,-94.29708,0.2,360.0,180.0,FLING,,WDA7435,60,3,29,6,,60,A
366843280,2023-06-12T12:53:19,28.16670,-94.29703,0.3,222.3,192.0,FLING,,WDA7435,60,3,29,6,,60,A
366843280,2023-06-12T12:57:16,28.16671,-94.29706,0.4,170.3,200.0,FLING,,WDA7435,60,3,29,6,,60,A
366843280,2023-06-12T13:03:19,28.16672,-94.29705,0.8,279.3,200.0,FLING,,WDA7435,60,3,29,6,,60,A
366843280,2023-06-12T13:04:26,28.16672,-94.29711,0.4,296.9,196.0,FLING,,WDA7435,60,3,29,6,,60,A
366843280,2023-06-12T13:06:33,28.16671,-94.29705,0.8,298.8,199.0,FLING,,WDA7435,60,3,29,6,,60,A
366843280,2023-06-12T13:11:26,28.16671,-94.29706,0.1,360.0,511.0,FLING,,WDA7435,60,3,29,6,,60,A
366843280,2023-06-12T13:13:17,28.16672,-94.29707,0.2,360.0,511.0,FLING,,WDA7435,60,3,29,6,,60,A
366843280,2023-06-12T13:17:35,28.16671,-94.29707,0.2,360.0,511.0,FLING,,WDA7435,60,3,29,6,,60,A
366843280,2023-06-12T13:20:06,28.16671,-94.29704,0.3,235.8,511.0,FLING,,WDA7435,60,3,29,6,,60,A
366843280,2023-06-12T13:22:06,28.16672,-94.29707,0.2,360.0,511.0,FLING,,WDA7435,60,3,29,6,,60,A
366843280,2023-06-12T13:24:06,28.16669,-94.29700,0.3,340.3,511.0,FLING,,WDA7435,60,3,29,6,,60,A
366843280,2023-06-12T13:29:05,28.16672,-94.29707,1.0,232.8,511.0,FLING,,WDA7435,60,3,29,6,,60,A
366843280,2023-06-12T13:32:36,28.16670,-94.29705,0.1,360.0,511.0,FLING,,WDA7435,60,3,29,6,,60,A
366843280,2023-06-12T13:34:36,28.16670,-94.29704,0.7,238.3,511.0,FLING,,WDA7435,60,3,29,6,,60,A
366843280,2023-06-12T13:38:16,28.16671,-94.29705,0.6,256.7,511.0,FLING,,WDA7435,60,3,29,6,,60,A
366843280,2023-06-12T13:40:36,28.16671,-94.29703,0.6,111.2,511.0,FLING,,WDA7435,60,3,29,6,,60,A
366843280,2023-06-12T13:46:17,28.16670,-94.29701,0.2,94.8,511.0,FLING,,WDA7435,60,3,29,6,,60,A
366843280,2023-06-12T13:47:37,28.16668,-94.29701,0.5,171.7,511.0,FLING,,WDA7435,60,3,29,6,,60,A
366843280,2023-06-12T13:49:16,28.16670,-94.29703,0.7,223.0,511.0,FLING,,WDA7435,60,3,29,6,,60,A
366843280,2023-06-12T13:50:37,28.16670,-94.29707,0.3,181.3,511.0,FLING,,WDA7435,60,3,29,6,,60,A
366843280,2023-06-12T13:53:26,28.16670,-94.29701,0.1,360.0,511.0,FLING,,WDA7435,60,3,29,6,,60,A
366843280,2023-06-12T13:54:35,28.16667,-94.29700,1.0,186.6,511.0,FLING,,WDA7435,60,3,29,6,,60,A
366843280,2023-06-12T13:56:35,28.16671,-94.29704,0.6,325.9,511.0,FLING,,WDA7435,60,3,29,6,,60,A
366843280,2023-06-12T13:58:55,28.16671,-94.29703,0.4,172.7,511.0,FLING,,WDA7435,60,3,29,6,,60,A
366843280,2023-06-12T14:02:46,28.16672,-94.29709,0.1,360.0,511.0,FLING,,WDA7435,60,3,29,6,,60,A
366843280,2023-06-12T14:04:07,28.16672,-94.29706,0.3,3.6,511.0,FLING,,WDA7435,60,3,29,6,,60,A
366843280,2023-06-12T14:05:27,28.16671,-94.29704,0.9,312.5,511.0,FLING,,WDA7435,60,3,29,6,,60,A
366843280,2023-06-12T14:06:46,28.16672,-94.29707,0.3,38.5,511.0,FLING,,WDA7435,60,3,29,6,,60,A
366843280,2023-06-12T14:08:16,28.16672,-94.29709,1.5,290.4,511.0,FLING,,WDA7435,60,3,29,6,,60,A
366843280,2023-06-12T14:09:25,28.16672,-94.29706,0.7,95.0,511.0,FLING,,WDA7435,60,3,29,6,,60,A
366843280,2023-06-12T14:10:36,28.16672,-94.29705,0.6,337.2,511.0,FLING,,WDA7435,60,3,29,6,,60,A
366843280,2023-06-12T14:12:07,28.16671,-94.29706,0.6,118.4,511.0,FLING,,WDA7435,60,3,29,6,,60,A
366843280,2023-06-12T14:13:25,28.16672,-94.29706,0.7,236.3,511.0,FLING,,WDA7435,60,3,29,6,,60,A
366843280,2023-06-12T14:14:46,28.16672,-94.29711,0.9,270.5,511.0,FLING,,WDA7435,60,3,29,6,,60,A
366843280,2023-06-12T14:17:15,28.16671,-94.29704,0.8,293.0,511.0,FLING,,WDA7435,60,3,29,6,,60,A
366843280,2023-06-12T14:18:26,28.16672,-94.29706,0.4,140.6,511.0,FLING,,WDA7435,60,3,29,6,,60,A
366843280,2023-06-12T14:20:07,28.16670,-94.29706,0.7,189.1,511.0,FLING,,WDA7435,60,3,29,6,,60,A
366843280,2023-06-12T14:28:27,28.16673,-94.29706,0.8,127.2,511.0,FLING,,WDA7435,60,3,29,6,,60,A
366843280,2023-06-12T14:30:05,28.16673,-94.29709,0.5,348.1,511.0,FLING,,WDA7435,60,3,29,6,,60,A
366843280,2023-06-12T14:36:57,28.16673,-94.29706,0.3,312.0,511.0,FLING,,WDA7435,60,3,29,6,,60,A
366843280,2023-06-12T14:40:55,28.16672,-94.29705,0.2,360.0,511.0,FLING,,WDA7435,60,3,29,6,,60,A
366843280,2023-06-12T14:42:55,28.16673,-94.29705,0.4,337.3,511.0,FLING,,WDA7435,60,3,29,6,,60,A
366843280,2023-06-12T14:44:55,28.16672,-94.29702,0.2,360.0,511.0,FLING,,WDA7435,60,3,29,6,,60,A
366843280,2023-06-12T14:46:25,28.16672,-94.29706,0.7,211.7,511.0,FLING,,WDA7435,60,3,29,6,,60,A
366843280,2023-06-12T14:48:46,28.16672,-94.29705,0.2,360.0,511.0,FLING,,WDA7435,60,3,29,6,,60,A
366843280,2023-06-12T14:51:37,28.16672,-94.29703,0.4,8.7,511.0,FLING,,WDA7435,60,3,29,6,,60,A
366843280,2023-06-12T14:52:56,28.16672,-94.29707,0.7,290.8,511.0,FLING,,WDA7435,60,3,29,6,,60,A
366843280,2023-06-12T14:55:56,28.16672,-94.29703,0.8,241.3,511.0,FLING,,WDA7435,60,3,29,6,,60,A
366843280,2023-06-12T14:58:56,28.16670,-94.29699,0.5,339.7,511.0,FLING,,WDA7435,60,3,29,6,,60,A
366843280,2023-06-12T15:02:25,28.16671,-94.29703,0.3,121.9,511.0,FLING,,WDA7435,60,3,29,6,,60,A
366843280,2023-06-12T15:03:36,28.16671,-94.29699,0.4,39.0,511.0,FLING,,WDA7435,60,3,29,6,,60,A
366843280,2023-06-12T15:05:17,28.16671,-94.29699,0.4,74.5,511.0,FLING,,WDA7435,60,3,29,6,,60,A
366843280,2023-06-12T15:07:07,28.16672,-94.29704,1.0,73.6,511.0,FLING,,WDA7435,60,3,29,6,,60,A
366843280,2023-06-12T15:09:47,28.16673,-94.29706,1.0,66.6,511.0,FLING,,WDA7435,60,3,29,6,,60,A
366843280,2023-06-12T15:10:57,28.16672,-94.29702,0.2,53.0,511.0,FLING,,WDA7435,60,3,29,6,,60,A
366843280,2023-06-12T15:12:05,28.16672,-94.29701,0.7,90.6,511.0,FLING,,WDA7435,60,3,29,6,,60,A
366843280,2023-06-12T15:13:17,28.16672,-94.29702,0.1,360.0,511.0,FLING,,WDA7435,60,3,29,6,,60,A
366843280,2023-06-12T15:14:46,28.16672,-94.29702,0.6,17.0,511.0,FLING,,WDA7435,60,3,29,6,,60,A
366843280,2023-06-12T15:17:26,28.16671,-94.29701,0.7,1.4,511.0,FLING,,WDA7435,60,3,29,6,,60,A
366843280,2023-06-12T15:18:36,28.16672,-94.29702,0.4,339.7,511.0,FLING,,WDA7435,60,3,29,6,,60,A
366843280,2023-06-12T15:20:26,28.16672,-94.29703,0.2,360.0,511.0,FLING,,WDA7435,60,3,29,6,,60,A
366843280,2023-06-12T15:22:46,28.16671,-94.29702,0.4,76.2,511.0,FLING,,WDA7435,60,3,29,6,,60,A
366843280,2023-06-12T15:24:46,28.16672,-94.29704,0.7,297.8,511.0,FLING,,WDA7435,60,3,29,6,,60,A
366843280,2023-06-12T15:25:57,28.16672,-94.29703,1.0,91.4,511.0,FLING,,WDA7435,60,3,29,6,,60,A
366843280,2023-06-12T15:27:36,28.16672,-94.29702,0.4,63.9,511.0,FLING,,WDA7435,60,3,29,6,,60,A
366843280,2023-06-12T15:29:27,28.16671,-94.29700,0.7,340.2,511.0,FLING,,WDA7435,60,3,29,6,,60,A
366843280,2023-06-12T15:31:16,28.16672,-94.29701,0.9,273.7,511.0,FLING,,WDA7435,60,3,29,6,,60,A
366843280,2023-06-12T15:33:16,28.16670,-94.29698,0.4,74.2,511.0,FLING,,WDA7435,60,3,29,6,,60,A
366843280,2023-06-12T15:35:36,28.16671,-94.29699,0.2,104.0,511.0,FLING,,WDA7435,60,3,29,6,,60,A
366843280,2023-06-12T15:38:47,28.16673,-94.29701,0.2,295.3,511.0,FLING,,WDA7435,60,3,29,6,,60,A
366843280,2023-06-12T15:40:47,28.16670,-94.29700,0.0,360.0,511.0,FLING,,WDA7435,60,3,29,6,,60,A
366843280,2023-06-12T15:43:07,28.16672,-94.29701,0.6,319.8,511.0,FLING,,WDA7435,60,3,29,6,,60,A
366843280,2023-06-12T15:45:07,28.16670,-94.29696,0.1,360.0,511.0,FLING,,WDA7435,60,3,29,6,,60,A
366843280,2023-06-12T15:46:36,28.16672,-94.29701,0.3,341.0,511.0,FLING,,WDA7435,60,3,29,6,,60,A
366843280,2023-06-12T15:48:25,28.16670,-94.29698,1.1,36.9,511.0,FLING,,WDA7435,60,3,29,6,,60,A
366843280,2023-06-12T15:49:47,28.16671,-94.29697,0.2,317.2,511.0,FLING,,WDA7435,60,3,29,6,,60,A
366843280,2023-06-12T15:51:25,28.16671,-94.29698,1.1,134.9,511.0,FLING,,WDA7435,60,3,29,6,,60,A
366843280,2023-06-12T15:53:05,28.16670,-94.29698,0.1,360.0,511.0,FLING,,WDA7435,60,3,29,6,,60,A
366843280,2023-06-12T15:54:16,28.16671,-94.29699,0.4,22.2,511.0,FLING,,WDA7435,60,3,29,6,,60,A
366843280,2023-06-12T15:55:26,28.16671,-94.29698,0.3,26.0,511.0,FLING,,WDA7435,60,3,29,6,,60,A
366843280,2023-06-12T15:58:55,28.16671,-94.29697,1.1,231.5,511.0,FLING,,WDA7435,60,3,29,6,,60,A
366843280,2023-06-12T16:00:36,28.16671,-94.29700,1.4,313.9,511.0,FLING,,WDA7435,60,3,29,6,,60,A
366843280,2023-06-12T16:01:55,28.16671,-94.29697,0.7,119.1,511.0,FLING,,WDA7435,60,3,29,6,,60,A
366843280,2023-06-12T16:03:05,28.16671,-94.29697,1.1,317.4,511.0,FLING,,WDA7435,60,3,29,6,,60,A
366843280,2023-06-12T16:04:36,28.16672,-94.29700,1.1,288.4,511.0,FLING,,WDA7435,60,3,29,6,,60,A
366843280,2023-06-12T16:05:57,28.16672,-94.29704,0.4,277.1,511.0,FLING,,WDA7435,60,3,29,6,,60,A
366843280,2023-06-12T16:07:17,28.16672,-94.29705,0.2,360.0,511.0,FLING,,WDA7435,60,3,29,6,,60,A
366843280,2023-06-12T16:08:36,28.16671,-94.29702,0.9,13.0,511.0,FLING,,WDA7435,60,3,29,6,,60,A
366843280,2023-06-12T16:10:25,28.16678,-94.29701,0.7,353.9,511.0,FLING,,WDA7435,60,3,29,6,,60,A
366843280,2023-06-12T16:12:06,28.16725,-94.29678,1.7,20.4,511.0,FLING,,WDA7435,60,3,29,6,,60,A
366843280,2023-06-12T16:13:37,28.16714,-94.29730,2.3,204.6,511.0,FLING,,WDA7435,60,3,29,6,,60,A
366843280,2023-06-12T16:14:47,28.16605,-94.29737,1.9,179.4,511.0,FLING,,WDA7435,60,3,29,6,,60,A
366843280,2023-06-12T16:16:06,28.16573,-94.29741,0.5,196.8,511.0,FLING,,WDA7435,60,3,29,6,,60,A
366843280,2023-06-12T16:18:06,28.16586,-94.29736,0.3,350.2,511.0,FLING,,WDA7435,60,3,29,6,,60,A
366843280,2023-06-12T16:19:37,28.16592,-94.29742,0.2,360.0,511.0,FLING,,WDA7435,60,3,29,6,,60,A
366843280,2023-06-12T16:21:26,28.16591,-94.29742,0.3,225.2,511.0,FLING,,WDA7435,60,3,29,6,,60,A
366843280,2023-06-12T16:22:57,28.16590,-94.29739,0.7,6.6,511.0,FLING,,WDA7435,60,3,29,6,,60,A
366843280,2023-06-12T16:24:15,28.16589,-94.29741,0.6,279.1,511.0,FLING,,WDA7435,60,3,29,6,,60,A
366843280,2023-06-12T16:27:15,28.16591,-94.29742,0.8,36.7,511.0,FLING,,WDA7435,60,3,29,6,,60,A
366843280,2023-06-12T16:28:26,28.16591,-94.29741,0.2,360.0,511.0,FLING,,WDA7435,60,3,29,6,,60,A
366843280,2023-06-12T16:30:57,28.16590,-94.29742,0.8,305.4,511.0,FLING,,WDA7435,60,3,29,6,,60,A
366843280,2023-06-12T16:32:57,28.16590,-94.29741,0.4,88.3,511.0,FLING,,WDA7435,60,3,29,6,,60,A
366843280,2023-06-12T16:34:16,28.16588,-94.29737,0.6,27.3,511.0,FLING,,WDA7435,60,3,29,6,,60,A
366843280,2023-06-12T16:35:27,28.16589,-94.29739,0.2,360.0,511.0,FLING,,WDA7435,60,3,29,6,,60,A
366843280,2023-06-12T16:37:27,28.16587,-94.29736,0.3,343.7,511.0,FLING,,WDA7435,60,3,29,6,,60,A
366843280,2023-06-12T16:39:16,28.16589,-94.29738,0.5,22.2,511.0,FLING,,WDA7435,60,3,29,6,,60,A
366843280,2023-06-12T16:40:56,28.16587,-94.29737,0.2,360.0,511.0,FLING,,WDA7435,60,3,29,6,,60,A
366843280,2023-06-12T16:43:06,28.16589,-94.29739,0.6,283.7,511.0,FLING,,WDA7435,60,3,29,6,,60,A
366843280,2023-06-12T16:44:45,28.16590,-94.29741,1.4,88.6,511.0,FLING,,WDA7435,60,3,29,6,,60,A
366843280,2023-06-12T16:50:57,28.16587,-94.29737,0.1,360.0,511.0,FLING,,WDA7435,60,3,29,6,,60,A
366843280,2023-06-12T16:52:06,28.16588,-94.29736,0.4,163.4,511.0,FLING,,WDA7435,60,3,29,6,,60,A
366843280,2023-06-12T16:53:16,28.16585,-94.29734,0.3,109.6,511.0,FLING,,WDA7435,60,3,29,6,,60,A
366843280,2023-06-12T16:55:16,28.16586,-94.29735,0.4,295.9,511.0,FLING,,WDA7435,60,3,29,6,,60,A
366843280,2023-06-12T16:57:16,28.16587,-94.29737,0.4,253.6,511.0,FLING,,WDA7435,60,3,29,6,,60,A
366843280,2023-06-12T16:59:35,28.16589,-94.29739,0.6,301.2,511.0,FLING,,WDA7435,60,3,29,6,,60,A
366843280,2023-06-12T17:00:35,28.16588,-94.29739,0.6,254.3,511.0,FLING,,WDA7435,60,3,29,6,,60,A
366843280,2023-06-12T17:01:46,28.16588,-94.29738,0.6,192.1,511.0,FLING,,WDA7435,60,3,29,6,,60,A
366843280,2023-06-12T17:03:07,28.16589,-94.29738,0.2,360.0,511.0,FLING,,WDA7435,60,3,29,6,,60,A
366843280,2023-06-12T17:05:06,28.16589,-94.29739,0.4,285.1,511.0,FLING,,WDA7435,60,3,29,6,,60,A
366843280,2023-06-12T17:06:16,28.16589,-94.29738,0.5,87.3,511.0,FLING,,WDA7435,60,3,29,6,,60,A
366843280,2023-06-12T17:07:56,28.16588,-94.29737,0.1,360.0,511.0,FLING,,WDA7435,60,3,29,6,,60,A
366843280,2023-06-12T17:09:17,28.16586,-94.29735,0.3,259.6,511.0,FLING,,WDA7435,60,3,29,6,,60,A
366843280,2023-06-12T17:10:56,28.16586,-94.29734,0.4,199.9,511.0,FLING,,WDA7435,60,3,29,6,,60,A
366843280,2023-06-12T17:12:17,28.16585,-94.29734,0.5,4.0,511.0,FLING,,WDA7435,60,3,29,6,,60,A
366843280,2023-06-12T17:13:27,28.16586,-94.29736,0.6,266.2,511.0,FLING,,WDA7435,60,3,29,6,,60,A
366843280,2023-06-12T17:14:47,28.16586,-94.29737,0.5,12.6,511.0,FLING,,WDA7435,60,3,29,6,,60,A
366843280,2023-06-12T17:16:27,28.16585,-94.29736,0.4,152.7,511.0,FLING,,WDA7435,60,3,29,6,,60,A
366843280,2023-06-12T17:17:47,28.16583,-94.29734,0.3,124.1,511.0,FLING,,WDA7435,60,3,29,6,,60,A
366843280,2023-06-12T17:19:17,28.16583,-94.29734,0.3,253.0,511.0,FLING,,WDA7435,60,3,29,6,,60,A
366843280,2023-06-12T17:21:05,28.16585,-94.29734,0.2,360.0,511.0,FLING,,WDA7435,60,3,29,6,,60,A
366843280,2023-06-12T17:22:16,28.16587,-94.29737,0.2,360.0,511.0,FLING,,WDA7435,60,3,29,6,,60,A
366843280,2023-06-12T17:23:45,28.16586,-94.29736,0.1,360.0,511.0,FLING,,WDA7435,60,3,29,6,,60,A
366843280,2023-06-12T17:25:56,28.16584,-94.29736,0.2,171.9,511.0,FLING,,WDA7435,60,3,29,6,,60,A
366843280,2023-06-12T17:27:45,28.16582,-94.29732,0.6,345.1,511.0,FLING,,WDA7435,60,3,29,6,,60,A
366843280,2023-06-12T17:28:57,28.16583,-94.29734,0.4,170.1,511.0,FLING,,WDA7435,60,3,29,6,,60,A
366843280,2023-06-12T17:30:16,28.16583,-94.29734,0.2,360.0,511.0,FLING,,WDA7435,60,3,29,6,,60,A
366843280,2023-06-12T17:31:36,28.16584,-94.29734,0.8,40.3,511.0,FLING,,WDA7435,60,3,29,6,,60,A
366843280,2023-06-12T17:33:07,28.16584,-94.29736,0.8,319.1,511.0,FLING,,WDA7435,60,3,29,6,,60,A
366843280,2023-06-12T17:34:16,28.16585,-94.29735,0.5,31.5,511.0,FLING,,WDA7435,60,3,29,6,,60,A
366843280,2023-06-12T17:36:07,28.16584,-94.29735,0.7,191.4,511.0,FLING,,WDA7435,60,3,29,6,,60,A
366843280,2023-06-12T17:38:07,28.16586,-94.29736,0.4,102.8,511.0,FLING,,WDA7435,60,3,29,6,,60,A
366843280,2023-06-12T17:40:07,28.16583,-94.29732,0.2,360.0,511.0,FLING,,WDA7435,60,3,29,6,,60,A
366843280,2023-06-12T17:41:47,28.16585,-94.29736,0.3,356.3,511.0,FLING,,WDA7435,60,3,29,6,,60,A
366843280,2023-06-12T17:43:07,28.16585,-94.29736,0.7,178.7,511.0,FLING,,WDA7435,60,3,29,6,,60,A
366843280,2023-06-12T17:44:37,28.16584,-94.29737,1.0,156.8,511.0,FLING,,WDA7435,60,3,29,6,,60,A
366843280,2023-06-12T17:47:16,28.16583,-94.29734,0.2,360.0,511.0,FLING,,WDA7435,60,3,29,6,,60,A
366843280,2023-06-12T17:48:37,28.16582,-94.29735,0.6,186.9,511.0,FLING,,WDA7435,60,3,29,6,,60,A
366843280,2023-06-12T17:52:56,28.16581,-94.29732,0.1,360.0,511.0,FLING,,WDA7435,60,3,29,6,,60,A
366843280,2023-06-12T17:54:45,28.16584,-94.29734,0.4,233.6,511.0,FLING,,WDA7435,60,3,29,6,,60,A
366843280,2023-06-12T17:56:26,28.16585,-94.29737,0.2,360.0,511.0,FLING,,WDA7435,60,3,29,6,,60,A
366843280,2023-06-12T17:58:26,28.16586,-94.29738,0.5,4.2,511.0,FLING,,WDA7435,60,3,29,6,,60,A
366843280,2023-06-12T18:02:06,28.16584,-94.29735,1.1,157.4,511.0,FLING,,WDA7435,60,3,29,6,,60,A
366843280,2023-06-12T18:03:26,28.16583,-94.29735,0.2,360.0,511.0,FLING,,WDA7435,60,3,29,6,,60,A
366843280,2023-06-12T18:05:06,28.16585,-94.29736,0.1,360.0,511.0,FLING,,WDA7435,60,3,29,6,,60,A
366843280,2023-06-12T18:06:57,28.16584,-94.29736,0.3,360.0,511.0,FLING,,WDA7435,60,3,29,6,,60,A
366843280,2023-06-12T18:08:46,28.16582,-94.29733,0.2,154.9,511.0,FLING,,WDA7435,60,3,29,6,,60,A
366843280,2023-06-12T18:10:36,28.16584,-94.29734,0.9,344.5,511.0,FLING,,WDA7435,60,3,29,6,,60,A
366843280,2023-06-12T18:14:06,28.16583,-94.29733,0.5,239.6,511.0,FLING,,WDA7435,60,3,29,6,,60,A
366843280,2023-06-12T18:15:16,28.16583,-94.29733,0.6,45.4,511.0,FLING,,WDA7435,60,3,29,6,,60,A
366843280,2023-06-12T18:16:46,28.16583,-94.29735,0.2,360.0,511.0,FLING,,WDA7435,60,3,29,6,,60,A
366843280,2023-06-12T18:24:35,28.16583,-94.29734,0.0,360.0,511.0,FLING,,WDA7435,60,3,29,6,,60,A
366843280,2023-06-12T18:28:56,28.16581,-94.29731,0.3,360.0,511.0,FLING,,WDA7435,60,3,29,6,,60,A
366843280,2023-06-12T18:30:07,28.16580,-94.29729,0.4,41.1,511.0,FLING,,WDA7435,60,3,29,6,,60,A
366843280,2023-06-12T18:31:26,28.16579,-94.29728,0.1,360.0,511.0,FLING,,WDA7435,60,3,29,6,,60,A
366843280,2023-06-12T18:33:06,28.16576,-94.29727,0.3,360.0,511.0,FLING,,WDA7435,60,3,29,6,,60,A
366843280,2023-06-12T18:34:26,28.16577,-94.29728,1.1,309.4,511.0,FLING,,WDA7435,60,3,29,6,,60,A
366843280,2023-06-12T18:42:27,28.16580,-94.29731,0.7,289.8,511.0,FLING,,WDA7435,60,3,29,6,,60,A
366843280,2023-06-12T18:43:55,28.16580,-94.29731,0.3,1.5,511.0,FLING,,WDA7435,60,3,29,6,,60,A
366843280,2023-06-12T18:45:36,28.16580,-94.29730,0.3,12.9,511.0,FLING,,WDA7435,60,3,29,6,,60,A
366843280,2023-06-12T18:48:27,28.16579,-94.29731,0.6,241.3,511.0,FLING,,WDA7435,60,3,29,6,,60,A
366843280,2023-06-12T18:51:26,28.16579,-94.29730,0.4,33.6,511.0,FLING,,WDA7435,60,3,29,6,,60,A
366843280,2023-06-12T18:57:16,28.16579,-94.29730,0.4,277.1,511.0,FLING,,WDA7435,60,3,29,6,,60,A
366843280,2023-06-12T19:00:47,28.16576,-94.29728,0.2,360.0,511.0,FLING,,WDA7435,60,3,29,6,,60,A
366843280,2023-06-12T19:03:27,28.16574,-94.29727,0.2,360.0,511.0,FLING,,WDA7435,60,3,29,6,,60,A
366843280,2023-06-12T19:04:35,28.16575,-94.29727,0.5,305.1,511.0,FLING,,WDA7435,60,3,29,6,,60,A
366843280,2023-06-12T19:06:06,28.16574,-94.29726,0.4,266.2,511.0,FLING,,WDA7435,60,3,29,6,,60,A
366843280,2023-06-12T19:10:17,28.16572,-94.29725,0.1,360.0,511.0,FLING,,WDA7435,60,3,29,6,,60,A
366843280,2023-06-12T19:12:45,28.16569,-94.29723,0.6,81.9,511.0,FLING,,WDA7435,60,3,29,6,,60,A
366843280,2023-06-12T19:15:06,28.16571,-94.29724,1.4,324.5,511.0,FLING,,WDA7435,60,3,29,6,,60,A
366843280,2023-06-12T19:16:46,28.16574,-94.29725,0.6,141.7,511.0,FLING,,WDA7435,60,3,29,6,,60,A
366843280,2023-06-12T19:18:06,28.16572,-94.29724,0.3,351.5,511.0,FLING,,WDA7435,60,3,29,6,,60,A
366843280,2023-06-12T19:19:16,28.16572,-94.29724,0.5,215.0,511.0,FLING,,WDA7435,60,3,29,6,,60,A
366843280,2023-06-12T19:20:45,28.16575,-94.29725,1.2,53.8,511.0,FLING,,WDA7435,60,3,29,6,,60,A
366843280,2023-06-12T19:28:47,28.16566,-94.29722,0.4,152.6,511.0,FLING,,WDA7435,60,3,29,6,,60,A
366843280,2023-06-12T19:30:17,28.16567,-94.29722,0.6,311.0,511.0,FLING,,WDA7435,60,3,29,6,,60,A
366843280,2023-06-12T19:32:06,28.16569,-94.29722,0.5,84.7,511.0,FLING,,WDA7435,60,3,29,6,,60,A
366843280,2023-06-12T19:40:06,28.16568,-94.29722,0.4,237.2,511.0,FLING,,WDA7435,60,3,29,6,,60,A
366843280,2023-06-12T19:41:46,28.16568,-94.29721,0.9,10.5,511.0,FLING,,WDA7435,60,3,29,6,,60,A
366843280,2023-06-12T19:43:46,28.16571,-94.29723,0.7,352.3,511.0,FLING,,WDA7435,60,3,29,6,,60,A
366843280,2023-06-12T19:45:06,28.16570,-94.29721,0.4,99.8,511.0,FLING,,WDA7435,60,3,29,6,,60,A
366843280,2023-06-12T19:46:16,28.16566,-94.29721,0.5,172.4,511.0,FLING,,WDA7435,60,3,29,6,,60,A
366843280,2023-06-12T19:48:17,28.16563,-94.29720,0.5,146.7,511.0,FLING,,WDA7435,60,3,29,6,,60,A
366843280,2023-06-12T19:49:35,28.16565,-94.29721,0.6,19.7,511.0,FLING,,WDA7435,60,3,29,6,,60,A
366843280,2023-06-12T19:51:17,28.16568,-94.29721,0.3,18.0,511.0,FLING,,WDA7435,60,3,29,6,,60,A
366843280,2023-06-12T19:57:47,28.16570,-94.29722,0.7,166.6,511.0,FLING,,WDA7435,60,3,29,6,,60,A
366843280,2023-06-12T20:00:47,28.16564,-94.29721,0.1,360.0,511.0,FLING,,WDA7435,60,3,29,6,,60,A
366843280,2023-06-12T20:02:47,28.16566,-94.29721,0.1,360.0,511.0,FLING,,WDA7435,60,3,29,6,,60,A
366843280,2023-06-12T20:04:35,28.16565,-94.29721,0.4,164.7,511.0,FLING,,WDA7435,60,3,29,6,,60,A
366843280,2023-06-12T20:06:35,28.16566,-94.29721,0.5,91.5,511.0,FLING,,WDA7435,60,3,29,6,,60,A
366843280,2023-06-12T20:11:37,28.16567,-94.29721,0.6,141.1,511.0,FLING,,WDA7435,60,3,29,6,,60,A
366843280,2023-06-12T20:13:06,28.16567,-94.29721,0.4,242.4,511.0,FLING,,WDA7435,60,3,29,6,,60,A
366843280,2023-06-12T20:14:27,28.16565,-94.29721,0.4,99.5,511.0,FLING,,WDA7435,60,3,29,6,,60,A
366843280,2023-06-12T20:15:37,28.16562,-94.29721,0.9,189.8,511.0,FLING,,WDA7435,60,3,29,6,,60,A
366843280,2023-06-12T20:16:57,28.16562,-94.29720,0.1,360.0,511.0,FLING,,WDA7435,60,3,29,6,,60,A
366843280,2023-06-12T20:18:06,28.16562,-94.29720,0.8,198.3,511.0,FLING,,WDA7435,60,3,29,6,,60,A
366843280,2023-06-12T20:20:37,28.16559,-94.29720,0.6,202.2,511.0,FLING,,WDA7435,60,3,29,6,,60,A
366843280,2023-06-12T20:21:57,28.16561,-94.29720,0.1,360.0,511.0,FLING,,WDA7435,60,3,29,6,,60,A
366843280,2023-06-12T20:23:37,28.16563,-94.29720,0.0,360.0,511.0,FLING,,WDA7435,60,3,29,6,,60,A
366843280,2023-06-12T20:24:57,28.16560,-94.29719,0.3,147.8,511.0,FLING,,WDA7435,60,3,29,6,,60,A
366843280,2023-06-12T20:27:57,28.16561,-94.29720,0.7,185.2,511.0,FLING,,WDA7435,60,3,29,6,,60,A
366843280,2023-06-12T20:30:15,28.16558,-94.29720,0.4,11.8,511.0,FLING,,WDA7435,60,3,29,6,,60,A
366843280,2023-06-12T20:32:15,28.16561,-94.29720,0.3,122.6,511.0,FLING,,WDA7435,60,3,29,6,,60,A
366843280,2023-06-12T20:33:16,28.16561,-94.29721,0.5,137.3,511.0,FLING,,WDA7435,60,3,29,6,,60,A
366843280,2023-06-12T20:34:36,28.16557,-94.29720,0.8,20.4,511.0,FLING,,WDA7435,60,3,29,6,,60,A
366843280,2023-06-12T20:35:46,28.16558,-94.29720,0.4,110.4,511.0,FLING,,WDA7435,60,3,29,6,,60,A
366843280,2023-06-12T20:36:56,28.16556,-94.29721,1.2,327.4,511.0,FLING,,WDA7435,60,3,29,6,,60,A
366843280,2023-06-12T20:38:36,28.16555,-94.29721,0.1,360.0,511.0,FLING,,WDA7435,60,3,29,6,,60,A
366843280,2023-06-12T20:40:05,28.16556,-94.29721,0.2,360.0,511.0,FLING,,WDA7435,60,3,29,6,,60,A
366843280,2023-06-12T20:42:56,28.16553,-94.29721,0.5,205.9,511.0,FLING,,WDA7435,60,3,29,6,,60,A
366843280,2023-06-12T20:44:16,28.16555,-94.29721,1.0,30.9,511.0,FLING,,WDA7435,60,3,29,6,,60,A
366843280,2023-06-12T20:46:36,28.16556,-94.29722,1.0,235.2,511.0,FLING,,WDA7435,60,3,29,6,,60,A
366843280,2023-06-12T20:49:06,28.16556,-94.29721,0.0,360.0,511.0,FLING,,WDA7435,60,3,29,6,,60,A
366843280,2023-06-12T20:50:16,28.16556,-94.29720,0.3,58.6,511.0,FLING,,WDA7435,60,3,29,6,,60,A
366843280,2023-06-12T20:51:26,28.16558,-94.29720,1.3,18.7,511.0,FLING,,WDA7435,60,3,29,6,,60,A
366843280,2023-06-12T20:52:36,28.16557,-94.29721,0.3,128.4,511.0,FLING,,WDA7435,60,3,29,6,,60,A
366843280,2023-06-12T20:53:47,28.16554,-94.29722,0.3,278.8,511.0,FLING,,WDA7435,60,3,29,6,,60,A
366843280,2023-06-12T20:56:27,28.16554,-94.29721,0.3,322.2,511.0,FLING,,WDA7435,60,3,29,6,,60,A
366843280,2023-06-12T20:57:35,28.16555,-94.29722,0.6,97.9,511.0,FLING,,WDA7435,60,3,29,6,,60,A
366843280,2023-06-12T20:58:57,28.16554,-94.29722,0.3,360.0,511.0,FLING,,WDA7435,60,3,29,6,,60,A
366843280,2023-06-12T21:00:07,28.16553,-94.29722,0.4,72.6,511.0,FLING,,WDA7435,60,3,29,6,,60,A
366843280,2023-06-12T21:01:35,28.16553,-94.29723,1.4,25.0,511.0,FLING,,WDA7435,60,3,29,6,,60,A
366843280,2023-06-12T21:04:36,28.16548,-94.29723,0.6,112.0,511.0,FLING,,WDA7435,60,3,29,6,,60,A
366843280,2023-06-12T21:06:36,28.16550,-94.29723,0.1,360.0,511.0,FLING,,WDA7435,60,3,29,6,,60,A
366843280,2023-06-12T21:08:46,28.16550,-94.29723,0.3,109.5,511.0,FLING,,WDA7435,60,3,29,6,,60,A
366843280,2023-06-12T21:10:36,28.16550,-94.29722,0.4,227.9,511.0,FLING,,WDA7435,60,3,29,6,,60,A
366843280,2023-06-12T21:13:27,28.16551,-94.29722,0.2,360.0,511.0,FLING,,WDA7435,60,3,29,6,,60,A
366843280,2023-06-12T21:14:57,28.16547,-94.29724,0.5,10.9,511.0,FLING,,WDA7435,60,3,29,6,,60,A
366843280,2023-06-12T21:16:15,28.16547,-94.29724,0.3,191.2,511.0,FLING,,WDA7435,60,3,29,6,,60,A
366843280,2023-06-12T21:19:15,28.16547,-94.29723,0.4,243.5,511.0,FLING,,WDA7435,60,3,29,6,,60,A
366843280,2023-06-12T21:29:17,28.16545,-94.29725,0.4,122.9,511.0,FLING,,WDA7435,60,3,29,6,,60,A
366843280,2023-06-12T21:33:15,28.16547,-94.29725,0.2,360.0,511.0,FLING,,WDA7435,60,3,29,6,,60,A
366843280,2023-06-12T21:46:17,28.16545,-94.29726,0.5,292.9,511.0,FLING,,WDA7435,60,3,29,6,,60,A
366843280,2023-06-12T22:41:06,28.16537,-94.29727,0.1,360.0,511.0,FLING,,WDA7435,60,3,29,6,,60,A
366843280,2023-06-12T22:45:36,28.16535,-94.29730,0.4,299.7,511.0,FLING,,WDA7435,60,3,29,6,,60,A
366843280,2023-06-12T22:46:55,28.16534,-94.29732,0.6,295.3,511.0,FLING,,WDA7435,60,3,29,6,,60,A
366843280,2023-06-12T22:48:16,28.16534,-94.29731,0.3,138.3,511.0,FLING,,WDA7435,60,3,29,6,,60,A
366843280,2023-06-12T22:49:26,28.16532,-94.29733,0.5,335.8,511.0,FLING,,WDA7435,60,3,29,6,,60,A
366843280,2023-06-12T22:53:56,28.16533,-94.29733,0.0,360.0,511.0,FLING,,WDA7435,60,3,29,6,,60,A
366843280,2023-06-12T22:56:16,28.16530,-94.29737,0.3,223.1,511.0,FLING,,WDA7435,60,3,29,6,,60,A
366843280,2023-06-12T23:00:16,28.16529,-94.29738,0.1,360.0,511.0,FLING,,WDA7435,60,3,29,6,,60,A
366843280,2023-06-12T23:01:45,28.16529,-94.29740,0.4,264.2,511.0,FLING,,WDA7435,60,3,29,6,,60,A
366843280,2023-06-12T23:03:07,28.16527,-94.29743,0.6,206.5,511.0,FLING,,WDA7435,60,3,29,6,,60,A
366843280,2023-06-12T23:04:25,28.16528,-94.29743,0.6,354.6,511.0,FLING,,WDA7435,60,3,29,6,,60,A
366843280,2023-06-12T23:15:57,28.16525,-94.29747,0.3,27.7,511.0,FLING,,WDA7435,60,3,29,6,,60,A
366843280,2023-06-12T23:36:16,28.16524,-94.29755,0.1,360.0,511.0,FLING,,WDA7435,60,3,29,6,,60,A
366843280,2023-06-12T23:40:55,28.16523,-94.29753,0.4,117.2,511.0,FLING,,WDA7435,60,3,29,6,,60,A
366843280,2023-06-12T23:44:06,28.16522,-94.29749,0.4,227.6,511.0,FLING,,WDA7435,60,3,29,6,,60,A
366843280,2023-06-12T23:47:27,28.16522,-94.29755,0.2,360.0,511.0,FLING,,WDA7435,60,3,29,6,,60,A
366843280,2023-06-12T23:49:26,28.16521,-94.29757,0.3,339.6,511.0,FLING,,WDA7435,60,3,29,6,,60,A
366843280,2023-06-12T23:50:47,28.16521,-94.29760,1.0,20.9,511.0,FLING,,WDA7435,60,3,29,6,,60,A
366843280,2023-06-12T23:55:06,28.16522,-94.29765,0.2,307.6,298.0,FLING,,WDA7435,60,3,29,6,,60,A
366843280,2023-06-12T23:56:37,28.16522,-94.29767,0.6,11.3,302.0,FLING,,WDA7435,60,3,29,6,,60,A
366843280,2023-06-12T23:57:47,28.16522,-94.29767,0.1,360.0,303.0,FLING,,WDA7435,60,3,29,6,,60,A
366843280,2023-06-13T00:00:07,28.16522,-94.29766,0.6,231.4,309.0,FLING,,WDA7435,60,3,29,6,,60,A
366843280,2023-06-13T00:04:37,28.16520,-94.29758,0.5,177.6,308.0,FLING,,WDA7435,60,3,29,6,,60,A
366843280,2023-06-13T00:06:05,28.16520,-94.29757,1.1,112.3,314.0,FLING,,WDA7435,60,3,29,6,,60,A
366843280,2023-06-13T00:07:26,28.16520,-94.29756,0.4,348.2,309.0,FLING,,WDA7435,60,3,29,6,,60,A
366843280,2023-06-13T00:08:37,28.16520,-94.29755,0.8,125.8,311.0,FLING,,WDA7435,60,3,29,6,,60,A
366843280,2023-06-13T00:09:47,28.16520,-94.29752,0.1,360.0,306.0,FLING,,WDA7435,60,3,29,6,,60,A
366843280,2023-06-13T00:11:26,28.16520,-94.29755,0.4,255.3,312.0,FLING,,WDA7435,60,3,29,6,,60,A
366843280,2023-06-13T00:12:36,28.16521,-94.29758,0.5,1.2,308.0,FLING,,WDA7435,60,3,29,6,,60,A
366843280,2023-06-13T00:16:07,28.16522,-94.29767,0.6,330.1,307.0,FLING,,WDA7435,60,3,29,6,,60,A
366843280,2023-06-13T00:17:46,28.16523,-94.29770,0.2,360.0,304.0,FLING,,WDA7435,60,3,29,6,,60,A
366843280,2023-06-13T00:19:05,28.16523,-94.29771,0.4,14.1,314.0,FLING,,WDA7435,60,3,29,6,,60,A
366843280,2023-06-13T00:20:37,28.16524,-94.29774,0.2,360.0,318.0,FLING,,WDA7435,60,3,29,6,,60,A
366843280,2023-06-13T00:21:46,28.16527,-94.29777,0.2,360.0,335.0,FLING,,WDA7435,60,3,29,6,,60,A
366843280,2023-06-13T00:23:05,28.16530,-94.29779,0.3,11.0,343.0,FLING,,WDA7435,60,3,29,6,,60,A
366843280,2023-06-13T00:24:06,28.16532,-94.29780,0.0,360.0,354.0,FLING,,WDA7435,60,3,29,6,,60,A
366843280,2023-06-13T00:25:35,28.16536,-94.29782,0.1,360.0,358.0,FLING,,WDA7435,60,3,29,6,,60,A
366843280,2023-06-13T00:27:09,28.16539,-94.29784,0.2,360.0,18.0,FLING,,WDA7435,60,3,29,6,,60,A
366843280,2023-06-13T00:29:36,28.16538,-94.29781,0.1,360.0,48.0,FLING,,WDA7435,60,3,29,6,,60,A
366843280,2023-06-13T00:32:56,28.16536,-94.29769,0.3,120.4,70.0,FLING,,WDA7435,60,3,29,6,,60,A
366843280,2023-06-13T00:34:17,28.16540,-94.29768,0.4,353.2,67.0,FLING,,WDA7435,60,3,29,6,,60,A
366843280,2023-06-13T00:35:45,28.16543,-94.29768,0.4,33.9,68.0,FLING,,WDA7435,60,3,29,6,,60,A
366843280,2023-06-13T00:38:05,28.16547,-94.29762,0.2,360.0,68.0,FLING,,WDA7435,60,3,29,6,,60,A
366843280,2023-06-13T00:39:37,28.16550,-94.29754,0.2,360.0,68.0,FLING,,WDA7435,60,3,29,6,,60,A
366843280,2023-06-13T00:40:56,28.16551,-94.29748,1.0,105.8,72.0,FLING,,WDA7435,60,3,29,6,,60,A
366843280,2023-06-13T00:42:05,28.16554,-94.29745,0.6,12.8,80.0,FLING,,WDA7435,60,3,29,6,,60,A
366843280,2023-06-13T00:43:17,28.16557,-94.29740,0.2,360.0,83.0,FLING,,WDA7435,60,3,29,6,,60,A
366843280,2023-06-13T00:44:26,28.16560,-94.29741,0.0,360.0,71.0,FLING,,WDA7435,60,3,29,6,,60,A
366843280,2023-06-13T00:47:07,28.16563,-94.29745,0.4,355.3,64.0,FLING,,WDA7435,60,3,29,6,,60,A
366843280,2023-06-13T00:48:45,28.16566,-94.29746,0.4,359.5,65.0,FLING,,WDA7435,60,3,29,6,,60,A
366843280,2023-06-13T00:51:07,28.16569,-94.29748,0.5,301.1,68.0,FLING,,WDA7435,60,3,29,6,,60,A
366843280,2023-06-13T00:52:45,28.16570,-94.29748,0.1,360.0,69.0,FLING,,WDA7435,60,3,29,6,,60,A
366843280,2023-06-13T00:54:26,28.16571,-94.29751,0.5,236.3,71.0,FLING,,WDA7435,60,3,29,6,,60,A
366843280,2023-06-13T00:55:46,28.16572,-94.29756,0.3,248.9,69.0,FLING,,WDA7435,60,3,29,6,,60,A
366843280,2023-06-13T00:57:06,28.16572,-94.29755,0.5,143.7,75.0,FLING,,WDA7435,60,3,29,6,,60,A
366843280,2023-06-13T00:58:36,28.16573,-94.29754,0.5,77.2,79.0,FLING,,WDA7435,60,3,29,6,,60,A
366843280,2023-06-13T01:00:36,28.16571,-94.29752,0.1,360.0,81.0,FLING,,WDA7435,60,3,29,6,,60,A
366843280,2023-06-13T01:01:46,28.16570,-94.29750,0.1,360.0,79.0,FLING,,WDA7435,60,3,29,6,,60,A
366843280,2023-06-13T01:03:36,28.16570,-94.29748,0.5,312.4,77.0,FLING,,WDA7435,60,3,29,6,,60,A
366843280,2023-06-13T01:05:47,28.16574,-94.29757,0.4,268.7,62.0,FLING,,WDA7435,60,3,29,6,,60,A
366843280,2023-06-13T01:07:07,28.16574,-94.29763,0.6,190.5,59.0,FLING,,WDA7435,60,3,29,6,,60,A
366843280,2023-06-13T01:09:07,28.16574,-94.29766,0.3,272.1,75.0,FLING,,WDA7435,60,3,29,6,,60,A
366843280,2023-06-13T01:10:26,28.16575,-94.29766,0.3,14.9,78.0,FLING,,WDA7435,60,3,29,6,,60,A
366843280,2023-06-13T01:11:36,28.16577,-94.29766,0.8,321.3,82.0,FLING,,WDA7435,60,3,29,6,,60,A
366843280,2023-06-13T01:12:46,28.16578,-94.29765,0.7,28.7,84.0,FLING,,WDA7435,60,3,29,6,,60,A
366843280,2023-06-13T01:14:26,28.16581,-94.29768,0.3,327.9,78.0,FLING,,WDA7435,60,3,29,6,,60,A
366843280,2023-06-13T01:15:36,28.16582,-94.29770,0.4,312.1,82.0,FLING,,WDA7435,60,3,29,6,,60,A
366843280,2023-06-13T01:16:57,28.16582,-94.29772,0.1,360.0,87.0,FLING,,WDA7435,60,3,29,6,,60,A
366843280,2023-06-13T01:18:36,28.16585,-94.29771,0.2,360.0,90.0,FLING,,WDA7435,60,3,29,6,,60,A
366843280,2023-06-13T01:19:57,28.16588,-94.29769,0.1,360.0,97.0,FLING,,WDA7435,60,3,29,6,,60,A
366843280,2023-06-13T01:21:07,28.16588,-94.29768,0.5,242.1,100.0,FLING,,WDA7435,60,3,29,6,,60,A
366843280,2023-06-13T01:22:36,28.16589,-94.29766,0.5,297.5,104.0,FLING,,WDA7435,60,3,29,6,,60,A
366843280,2023-06-13T01:23:45,28.16589,-94.29766,0.6,332.5,108.0,FLING,,WDA7435,60,3,29,6,,60,A
366843280,2023-06-13T01:25:07,28.16590,-94.29763,0.2,360.0,110.0,FLING,,WDA7435,60,3,29,6,,60,A
366843280,2023-06-13T01:28:07,28.16592,-94.29760,0.6,313.2,127.0,FLING,,WDA7435,60,3,29,6,,60,A
366843280,2023-06-13T01:29:26,28.16592,-94.29760,0.4,126.9,138.0,FLING,,WDA7435,60,3,29,6,,60,A
366843280,2023-06-13T01:31:15,28.16591,-94.29760,0.1,360.0,129.0,FLING,,WDA7435,60,3,29,6,,60,A
366843280,2023-06-13T01:32:26,28.16592,-94.29760,0.2,360.0,126.0,FLING,,WDA7435,60,3,29,6,,60,A
366843280,2023-06-13T01:35:15,28.16590,-94.29758,0.1,360.0,121.0,FLING,,WDA7435,60,3,29,6,,60,A
366843280,2023-06-13T01:36:26,28.16590,-94.29759,0.6,23.9,119.0,FLING,,WDA7435,60,3,29,6,,60,A
366843280,2023-06-13T01:38:57,28.16590,-94.29760,0.5,291.1,121.0,FLING,,WDA7435,60,3,29,6,,60,A
366843280,2023-06-13T01:40:27,28.16591,-94.29761,0.2,360.0,121.0,FLING,,WDA7435,60,3,29,6,,60,A
366843280,2023-06-13T01:41:36,28.16592,-94.29759,0.2,360.0,130.0,FLING,,WDA7435,60,3,29,6,,60,A
366843280,2023-06-13T01:42:56,28.16592,-94.29759,0.2,360.0,130.0,FLING,,WDA7435,60,3,29,6,,60,A
366843280,2023-06-13T01:44:17,28.16593,-94.29761,0.1,360.0,137.0,FLING,,WDA7435,60,3,29,6,,60,A
366843280,2023-06-13T01:45:36,28.16594,-94.29766,0.2,274.7,142.0,FLING,,WDA7435,60,3,29,6,,60,A
366843280,2023-06-13T01:47:07,28.16593,-94.29770,0.4,298.2,135.0,FLING,,WDA7435,60,3,29,6,,60,A
366843280,2023-06-13T01:48:17,28.16593,-94.29771,0.4,81.8,129.0,FLING,,WDA7435,60,3,29,6,,60,A
366843280,2023-06-13T01:49:46,28.16593,-94.29773,0.6,236.6,126.0,FLING,,WDA7435,60,3,29,6,,60,A
366843280,2023-06-13T01:51:07,28.16592,-94.29776,0.1,360.0,129.0,FLING,,WDA7435,60,1,29,6,,60,A
366843280,2023-06-13T01:53:58,28.16592,-94.29776,0.5,265.8,118.0,FLING,,WDA7435,60,1,29,6,,60,A
366843280,2023-06-13T02:38:58,28.16584,-94.29792,0.1,360.0,138.0,FLING,,WDA7435,60,1,29,6,,60,A
366843280,2023-06-13T03:02:57,28.16582,-94.29793,0.7,88.3,118.0,FLING,,WDA7435,60,1,29,6,,60,A
366843280,2023-06-13T03:05:58,28.16583,-94.29793,0.3,143.5,138.0,FLING,,WDA7435,60,1,29,6,,60,A
366843280,2023-06-13T03:08:57,28.16583,-94.29793,0.2,76.4,118.0,FLING,,WDA7435,60,1,29,6,,60,A
366843280,2023-06-13T03:17:55,28.16581,-94.29795,0.3,221.7,127.0,FLING,,WDA7435,60,1,29,6,,60,A
366843280,2023-06-13T03:35:57,28.16576,-94.29800,0.2,360.0,125.0,FLING,,WDA7435,60,1,29,6,,60,A
366843280,2023-06-13T03:44:55,28.16579,-94.29798,0.4,72.4,126.0,FLING,,WDA7435,60,1,29,6,,60,A
366843280,2023-06-13T04:05:54,28.16579,-94.29796,0.3,128.0,130.0,FLING,,WDA7435,60,1,29,6,,60,A
366843280,2023-06-13T04:20:55,28.16575,-94.29799,0.3,98.4,113.0,FLING,,WDA7435,60,1,29,6,,60,A
366843280,2023-06-13T04:50:55,28.16569,-94.29804,0.6,355.8,119.0,FLING,,WDA7435,60,1,29,6,,60,A
366843280,2023-06-13T04:53:55,28.16573,-94.29802,0.3,26.7,115.0,FLING,,WDA7435,60,1,29,6,,60,A
366843280,2023-06-13T04:56:58,28.16576,-94.29801,0.3,12.3,121.0,FLING,,WDA7435,60,1,29,6,,60,A
366843280,2023-06-13T05:02:55,28.16579,-94.29799,0.4,215.7,133.0,FLING,,WDA7435,60,1,29,6,,60,A
366843280,2023-06-13T05:28:16,28.16558,-94.29704,3.6,142.3,127.0,FLING,,WDA7435,60,1,29,6,,60,A
366843280,2023-06-13T05:29:57,28.16444,-94.29554,4.1,135.5,124.0,FLING,,WDA7435,60,1,29,6,,60,A
366843280,2023-06-13T05:31:57,28.16270,-94.29408,3.5,135.7,115.0,FLING,,WDA7435,60,1,29,6,,60,A
366843280,2023-06-13T05:33:06,28.16267,-94.29289,3.7,93.5,98.0,FLING,,WDA7435,60,1,29,6,,60,A
366843280,2023-06-13T05:34:46,28.16224,-94.29095,4.2,111.8,108.0,FLING,,WDA7435,60,1,29,6,,60,A
366843280,2023-06-13T05:36:07,28.16081,-94.28833,8.4,117.8,107.0,FLING,,WDA7435,60,1,29,6,,60,A
366843280,2023-06-13T05:37:16,28.15960,-94.28560,8.5,113.7,104.0,FLING,,WDA7435,60,1,29,6,,60,A
366843280,2023-06-13T05:38:27,28.15844,-94.28265,8.9,108.8,101.0,FLING,,WDA7435,60,1,29,6,,60,A
366843280,2023-06-13T05:40:07,28.15695,-94.27830,8.8,112.8,104.0,FLING,,WDA7435,60,1,29,6,,60,A
366843280,2023-09-04T03:42:08,28.16591,-94.29789,0.2,360.0,156.0,FLING,,WDA7435,60,1,29,6,,60,A
366843280,2023-09-04T03:54:09,28.16594,-94.29783,0.2,273.3,150.0,FLING,,WDA7435,60,1,29,6,,60,A
366843280,2023-09-04T03:57:07,28.16586,-94.29798,0.5,37.1,114.0,FLING,,WDA7435,60,1,29,6,,60,A
366843280,2023-09-24T10:41:31,28.15869,-94.27688,5.3,295.9,285.0,FLING,,WDA7435,60,0,29,6,,60,A
366843280,2023-09-24T10:53:41,28.16540,-94.29389,3.2,304.5,281.0,FLING,,WDA7435,60,0,29,6,,60,A
366843280,2023-09-24T10:55:41,28.16603,-94.29481,1.1,321.6,269.0,FLING,,WDA7435,60,0,29,6,,60,A
366843280,2023-09-24T10:57:51,28.16642,-94.29552,2.2,240.8,215.0,FLING,,WDA7435,60,0,29,6,,60,A
366843280,2023-09-24T10:59:32,28.16589,-94.29626,1.8,210.0,183.0,FLING,,WDA7435,60,0,29,6,,60,A
366843280,2023-09-24T11:00:07,28.16560,-94.29625,1.6,170.2,152.0,FLING,,WDA7435,60,0,29,6,,60,A
366843280,2023-09-24T11:01:08,28.16535,-94.29594,2.2,92.9,97.0,FLING,,WDA7435,60,0,29,6,,60,A
366843280,2023-09-24T11:02:14,28.16594,-94.29566,2.8,331.5,312.0,FLING,,WDA7435,60,0,29,6,,60,A
366843280,2023-09-24T11:04:14,28.16702,-94.29675,2.8,292.0,274.0,FLING,,WDA7435,60,0,29,6,,60,A
366843280,2023-09-24T11:05:51,28.16659,-94.29732,1.5,171.4,150.0,FLING,,WDA7435,60,0,29,6,,60,A
366843280,2023-06-25T03:35:55,28.16581,-94.29795,0.4,172.2,150.0,FLING,,WDA7435,60,3,29,6,,60,A
366843280,2023-06-25T03:39:45,28.16589,-94.29786,0.2,286.0,153.0,FLING,,WDA7435,60,3,29,6,,60,A
366843280,2023-06-25T08:54:55,28.16597,-94.29765,1.4,104.5,153.0,FLING,,WDA7435,60,3,29,6,,60,A
366843280,2023-06-25T11:56:54,28.16671,-94.29699,0.2,360.0,190.0,FLING,,WDA7435,60,3,29,6,,60,A
366843280,2023-06-11T11:01:07,28.16760,-94.29624,2.5,148.4,157.0,FLING,,WDA7435,60,0,29,6,,60,A
366843280,2023-06-11T11:02:55,28.16667,-94.29603,1.8,189.8,173.0,FLING,,WDA7435,60,0,29,6,,60,A
366843280,2023-06-11T11:04:12,28.16680,-94.29610,1.2,262.0,202.0,FLING,,WDA7435,60,0,29,6,,60,A
366843280,2023-06-11T11:05:22,28.16680,-94.29608,0.4,107.1,149.0,FLING,,WDA7435,60,0,29,6,,60,A
366843280,2023-06-11T11:06:29,28.16680,-94.29611,0.8,256.0,198.0,FLING,,WDA7435,60,0,29,6,,60,A
366843280,2023-06-11T11:07:38,28.16680,-94.29602,1.0,91.6,160.0,FLING,,WDA7435,60,0,29,6,,60,A
366843280,2023-06-11T11:08:52,28.16679,-94.29617,0.7,247.4,191.0,FLING,,WDA7435,60,0,29,6,,60,A
366843280,2023-06-11T11:09:55,28.16680,-94.29613,1.1,92.0,159.0,FLING,,WDA7435,60,0,29,6,,60,A
366843280,2023-06-11T11:11:29,28.16680,-94.29611,1.0,268.9,195.0,FLING,,WDA7435,60,0,29,6,,60,A
366843280,2023-06-11T11:12:52,28.16679,-94.29610,0.7,92.5,155.0,FLING,,WDA7435,60,0,29,6,,60,A
366843280,2023-06-11T11:14:52,28.16681,-94.29612,0.2,93.0,173.0,FLING,,WDA7435,60,0,29,6,,60,A
366843280,2023-06-11T11:16:28,28.16681,-94.29607,0.6,274.9,189.0,FLING,,WDA7435,60,0,29,6,,60,A
366843280,2023-06-11T11:17:39,28.16680,-94.29612,1.0,97.4,168.0,FLING,,WDA7435,60,0,29,6,,60,A
366843280,2023-06-11T11:19:15,28.16680,-94.29613,0.7,274.5,195.0,FLING,,WDA7435,60,0,29,6,,60,A
366843280,2023-06-11T11:20:17,28.16679,-94.29614,0.5,54.4,162.0,FLING,,WDA7435,60,0,29,6,,60,A
366843280,2023-06-11T11:21:19,28.16680,-94.29606,0.5,281.7,184.0,FLING,,WDA7435,60,0,29,6,,60,A
366843280,2023-06-11T11:22:25,28.16679,-94.29618,0.5,208.2,173.0,FLING,,WDA7435,60,0,29,6,,60,A
366843280,2023-06-11T11:23:52,28.16679,-94.29602,0.4,348.5,182.0,FLING,,WDA7435,60,0,29,6,,60,A
366843280,2023-06-11T11:25:05,28.16680,-94.29614,0.5,17.1,175.0,FLING,,WDA7435,60,0,29,6,,60,A
366843280,2023-06-11T11:26:07,28.16679,-94.29600,0.8,331.9,171.0,FLING,,WDA7435,60,0,29,6,,60,A
366843280,2023-06-11T11:27:15,28.16680,-94.29613,0.4,257.3,188.0,FLING,,WDA7435,60,0,29,6,,60,A
366843280,2023-06-11T11:28:28,28.16680,-94.29606,0.4,105.7,170.0,FLING,,WDA7435,60,0,29,6,,60,A
366843280,2023-06-11T11:29:32,28.16679,-94.29608,0.7,263.2,185.0,FLING,,WDA7435,60,0,29,6,,60,A
366843280,2023-06-11T11:31:45,28.16680,-94.29604,0.8,216.5,183.0,FLING,,WDA7435,60,0,29,6,,60,A
366843280,2023-06-11T11:32:58,28.16679,-94.29614,0.4,203.0,179.0,FLING,,WDA7435,60,0,29,6,,60,A
366843280,2023-06-11T11:34:12,28.16679,-94.29604,1.3,254.8,188.0,FLING,,WDA7435,60,0,29,6,,60,A
366843280,2023-06-11T11:35:15,28.16679,-94.29617,0.3,220.3,175.0,FLING,,WDA7435,60,0,29,6,,60,A
366843280,2023-06-11T11:36:21,28.16679,-94.29606,0.6,264.5,182.0,FLING,,WDA7435,60,0,29,6,,60,A
366843280,2023-06-11T11:38:05,28.16678,-94.29602,1.5,84.7,158.0,FLING,,WDA7435,60,0,29,6,,60,A
366843280,2023-06-11T11:40:19,28.16679,-94.29607,1.1,91.0,157.0,FLING,,WDA7435,60,0,29,6,,60,A
366843280,2023-06-11T11:41:22,28.16678,-94.29595,1.4,298.1,197.0,FLING,,WDA7435,60,0,29,6,,60,A
366843280,2023-06-11T11:42:25,28.16679,-94.29614,0.3,285.0,186.0,FLING,,WDA7435,60,0,29,6,,60,A
366843280,2023-06-11T11:43:29,28.16679,-94.29605,0.9,333.1,170.0,FLING,,WDA7435,60,0,29,6,,60,A
366843280,2023-06-11T11:44:39,28.16678,-94.29613,0.5,5.4,190.0,FLING,,WDA7435,60,0,29,6,,60,A
366843280,2023-06-11T11:45:45,28.16679,-94.29609,0.3,127.3,173.0,FLING,,WDA7435,60,0,29,6,,60,A
366843280,2023-06-11T11:46:49,28.16679,-94.29611,0.7,215.0,189.0,FLING,,WDA7435,60,0,29,6,,60,A
366843280,2023-06-11T11:47:58,28.16679,-94.29607,1.0,88.1,177.0,FLING,,WDA7435,60,0,29,6,,60,A
366843280,2023-06-11T11:49:05,28.16678,-94.29615,0.4,329.3,187.0,FLING,,WDA7435,60,0,29,6,,60,A
366843280,2023-06-11T11:50:38,28.16678,-94.29608,0.8,81.9,171.0,FLING,,WDA7435,60,0,29,6,,60,A
366843280,2023-06-11T11:51:42,28.16678,-94.29612,0.2,360.0,192.0,FLING,,WDA7435,60,0,29,6,,60,A
366843280,2023-06-11T11:52:49,28.16679,-94.29610,0.7,273.5,181.0,FLING,,WDA7435,60,0,29,6,,60,A
366843280,2023-06-11T11:53:58,28.16678,-94.29602,0.5,284.9,189.0,FLING,,WDA7435,60,0,29,6,,60,A
366843280,2023-06-11T11:55:02,28.16679,-94.29613,1.5,90.1,179.0,FLING,,WDA7435,60,0,29,6,,60,A
366843280,2023-06-11T11:56:29,28.16679,-94.29609,0.3,247.9,189.0,FLING,,WDA7435,60,0,29,6,,60,A
366843280,2023-06-11T11:57:38,28.16678,-94.29609,0.5,84.3,171.0,FLING,,WDA7435,60,0,29,6,,60,A
366843280,2023-06-11T11:59:38,28.16679,-94.29612,0.5,102.6,175.0,FLING,,WDA7435,60,0,29,6,,60,A
366843280,2023-06-11T12:00:05,28.16678,-94.29608,0.2,360.0,176.0,FLING,,WDA7435,60,0,29,6,,60,A
366843280,2023-06-11T12:01:09,28.16677,-94.29606,0.3,88.5,169.0,FLING,,WDA7435,60,0,29,6,,60,A
366843280,2023-06-11T12:03:12,28.16678,-94.29613,0.4,88.8,172.0,FLING,,WDA7435,60,0,29,6,,60,A
366843280,2023-06-11T12:04:35,28.16678,-94.29607,0.9,266.2,201.0,FLING,,WDA7435,60,0,29,6,,60,A
366843280,2023-06-11T12:06:05,28.16679,-94.29610,0.4,85.9,172.0,FLING,,WDA7435,60,0,29,6,,60,A
366843280,2023-06-11T12:07:15,28.16678,-94.29604,1.6,296.9,199.0,FLING,,WDA7435,60,0,29,6,,60,A
366843280,2023-06-11T12:08:21,28.16679,-94.29610,0.1,360.0,179.0,FLING,,WDA7435,60,0,29,6,,60,A
366843280,2023-06-11T12:09:38,28.16678,-94.29613,0.8,358.8,186.0,FLING,,WDA7435,60,0,29,6,,60,A
366843280,2023-06-11T12:12:15,28.16678,-94.29614,0.5,45.5,174.0,FLING,,WDA7435,60,0,29,6,,60,A
366843280,2023-06-11T12:14:02,28.16678,-94.29608,0.7,7.9,189.0,FLING,,WDA7435,60,0,29,6,,60,A
366843280,2023-06-11T12:15:35,28.16678,-94.29606,1.0,282.1,201.0,FLING,,WDA7435,60,0,29,6,,60,A
366843280,2023-06-11T12:16:42,28.16678,-94.29606,0.4,94.7,168.0,FLING,,WDA7435,60,0,29,6,,60,A
366843280,2023-06-11T12:17:48,28.16677,-94.29604,0.7,282.9,207.0,FLING,,WDA7435,60,0,29,6,,60,A
366843280,2023-06-11T12:18:55,28.16678,-94.29605,1.6,98.2,167.0,FLING,,WDA7435,60,0,29,6,,60,A
366843280,2023-06-11T12:20:05,28.16678,-94.29603,0.4,261.1,200.0,FLING,,WDA7435,60,0,29,6,,60,A
366843280,2023-06-11T12:22:25,28.16679,-94.29609,0.1,360.0,186.0,FLING,,WDA7435,60,0,29,6,,60,A
366843280,2023-06-11T12:24:19,28.16678,-94.29606,0.2,265.9,203.0,FLING,,WDA7435,60,0,29,6,,60,A
366843280,2023-06-11T12:26:15,28.16679,-94.29608,0.4,154.9,189.0,FLING,,WDA7435,60,0,29,6,,60,A
366843280,2023-06-11T12:28:35,28.16678,-94.29602,0.9,295.4,202.0,FLING,,WDA7435,60,0,29,6,,60,A
366843280,2023-06-11T12:30:18,28.16678,-94.29604,0.2,291.9,195.0,FLING,,WDA7435,60,0,29,6,,60,A
366843280,2023-06-11T12:36:15,28.16796,-94.29569,2.0,8.2,230.0,FLING,,WDA7435,60,0,29,6,,60,A
366843280,2023-06-11T12:42:39,28.17207,-94.29401,2.4,28.7,285.0,FLING,,WDA7435,60,0,29,6,,60,A
366843280,2023-06-11T12:44:29,28.17306,-94.29289,4.1,90.7,301.0,FLING,,WDA7435,60,0,29,6,,60,A
366843280,2023-06-11T12:45:48,28.17291,-94.29308,5.6,163.9,165.0,FLING,,WDA7435,60,0,29,6,,60,A
366843280,2023-06-11T12:48:01,28.16914,-94.29346,3.8,178.5,175.0,FLING,,WDA7435,60,0,29,6,,60,A
366843280,2023-06-11T12:51:29,28.17036,-94.29274,1.3,217.0,27.0,FLING,,WDA7435,60,0,29,6,,60,A
366843280,2023-06-11T12:52:59,28.17114,-94.29254,2.4,17.4,46.0,FLING,,WDA7435,60,0,29,6,,60,A
366843280,2023-06-11T12:54:05,28.17158,-94.29247,3.5,36.3,60.0,FLING,,WDA7435,60,0,29,6,,60,A
366843280,2023-06-11T12:57:38,28.17263,-94.29168,0.8,37.3,2.0,FLING,,WDA7435,60,0,29,6,,60,A
366843280,2023-07-19T07:16:35,28.16671,-94.29735,0.6,89.4,148.0,FLING,,WDA7435,60,3,29,6,,60,A
366843280,2023-07-19T07:17:55,28.16672,-94.29736,0.4,229.8,161.0,FLING,,WDA7435,60,3,29,6,,60,A
366843280,2023-07-19T07:19:24,28.16666,-94.29744,0.4,104.2,146.0,FLING,,WDA7435,60,3,29,6,,60,A
366843280,2023-07-19T07:21:24,28.16673,-94.29732,0.3,178.3,161.0,FLING,,WDA7435,60,3,29,6,,60,A
366843280,2023-07-19T07:25:04,28.16673,-94.29732,0.2,250.8,169.0,FLING,,WDA7435,60,3,29,6,,60,A
366843280,2023-07-19T07:27:04,28.16672,-94.29732,0.5,79.1,139.0,FLING,,WDA7435,60,3,29,6,,60,A
366843280,2023-07-19T07:29:34,28.16668,-94.29739,0.4,107.1,137.0,FLING,,WDA7435,60,3,29,6,,60,A
366843280,2023-07-19T07:30:45,28.16674,-94.29726,0.2,360.0,153.0,FLING,,WDA7435,60,3,29,6,,60,A
366843280,2023-07-19T07:32:14,28.16669,-94.29740,0.2,360.0,150.0,FLING,,WDA7435,60,3,29,6,,60,A
366843280,2023-07-19T07:33:34,28.16675,-94.29725,0.4,92.4,158.0,FLING,,WDA7435,60,3,29,6,,60,A
366843280,2023-07-19T07:36:05,28.16670,-94.29734,0.1,360.0,142.0,FLING,,WDA7435,60,3,29,6,,60,A
366843280,2023-07-19T07:37:34,28.16671,-94.29734,0.5,243.2,170.0,FLING,,WDA7435,60,3,29,6,,60,A
366843280,2023-07-19T07:38:45,28.16671,-94.29734,0.1,360.0,145.0,FLING,,WDA7435,60,3,29,6,,60,A
366843280,2023-07-19T07:43:25,28.16673,-94.29730,0.2,131.9,143.0,FLING,,WDA7435,60,3,29,6,,60,A
366843280,2023-07-19T07:46:05,28.16672,-94.29735,0.8,38.4,148.0,FLING,,WDA7435,60,3,29,6,,60,A
366843280,2023-07-19T07:48:05,28.16672,-94.29736,0.4,255.7,172.0,FLING,,WDA7435,60,5,29,6,,60,A
367743350,2023-07-13T16:32:33,28.15898,-94.30422,7.0,274.8,511.0,CHRISTIAN G,IMO9243069,WDI8906,30,,24,7,,,B
367743350,2023-07-13T16:35:03,28.15950,-94.30983,7.1,275.4,511.0,CHRISTIAN G,IMO9243069,WDI8906,30,,24,7,,,B
367743350,2023-07-13T16:36:06,28.15970,-94.31213,6.8,274.0,511.0,CHRISTIAN G,IMO9243069,WDI8906,30,,24,7,,,B
367743350,2023-07-13T16:37:33,28.15996,-94.31537,6.6,276.0,511.0,CHRISTIAN G,IMO9243069,WDI8906,30,,24,7,,,B
367743350,2023-07-13T16:28:34,28.15821,-94.29538,7.2,271.5,511.0,CHRISTIAN G,IMO9243069,WDI8906,30,,24,7,,,B
367743350,2023-07-13T16:20:33,28.15680,-94.27761,6.8,274.4,511.0,CHRISTIAN G,IMO9243069,WDI8906,30,,24,7,,,B
367743350,2023-07-13T16:21:34,28.15698,-94.27986,7.1,275.0,511.0,CHRISTIAN G,IMO9243069,WDI8906,30,,24,7,,,B
366843280,2023-06-27T21:40:19,28.16457,-94.29112,8.7,299.7,295.0,FLING,,WDA7435,60,0,29,6,,60,A
366843280,2023-06-27T21:41:38,28.16587,-94.29450,8.4,286.6,285.0,FLING,,WDA7435,60,0,29,6,,60,A
366843280,2023-06-27T21:52:44,28.16634,-94.29677,0.1,360.0,267.0,FLING,,WDA7435,60,0,29,6,,60,A
366843280,2023-06-27T22:19:04,28.16629,-94.29677,0.2,360.0,274.0,FLING,,WDA7435,60,0,29,6,,60,A
366843280,2023-06-27T22:31:19,28.16628,-94.29678,0.3,48.0,287.0,FLING,,WDA7435,60,0,29,6,,60,A
366843280,2023-06-27T22:55:39,28.16622,-94.29681,0.3,24.4,287.0,FLING,,WDA7435,60,0,29,6,,60,A
366843280,2023-06-27T23:10:18,28.16619,-94.29682,0.3,82.3,286.0,FLING,,WDA7435,60,0,29,6,,60,A
366843280,2023-06-27T23:12:39,28.16622,-94.29679,0.8,296.2,284.0,FLING,,WDA7435,60,0,29,6,,60,A
366843280,2023-06-27T23:24:38,28.16619,-94.29682,0.5,214.8,286.0,FLING,,WDA7435,60,0,29,6,,60,A
366843280,2023-06-27T23:29:00,28.16621,-94.29682,0.5,34.0,287.0,FLING,,WDA7435,60,0,29,6,,60,A
366843280,2023-06-28T00:32:45,28.16608,-94.29695,0.1,360.0,288.0,FLING,,WDA7435,60,0,29,6,,60,A
366843280,2023-06-28T00:34:45,28.16609,-94.29693,0.6,126.6,286.0,FLING,,WDA7435,60,0,29,6,,60,A
366843280,2023-06-28T01:05:04,28.16619,-94.29685,0.4,333.0,270.0,FLING,,WDA7435,60,0,29,6,,60,A
366843280,2023-06-28T02:12:59,28.16646,-94.29681,0.5,336.6,272.0,FLING,,WDA7435,60,0,29,6,,60,A
366843280,2023-06-28T02:34:59,28.16653,-94.29683,0.1,360.0,263.0,FLING,,WDA7435,60,0,29,6,,60,A
366843280,2023-06-28T02:40:59,28.16656,-94.29692,0.0,360.0,255.0,FLING,,WDA7435,60,0,29,6,,60,A
366843280,2023-06-28T02:42:58,28.16654,-94.29690,0.1,360.0,256.0,FLING,,WDA7435,60,0,29,6,,60,A
366843280,2023-06-28T02:49:24,28.16659,-94.29690,0.1,360.0,256.0,FLING,,WDA7435,60,0,29,6,,60,A
366843280,2023-06-28T02:56:59,28.16667,-94.29717,0.2,360.0,236.0,FLING,,WDA7435,60,0,29,6,,60,A
366843280,2023-06-28T03:05:38,28.16666,-94.29720,0.3,197.2,226.0,FLING,,WDA7435,60,0,29,6,,60,A
366843280,2023-06-28T03:07:58,28.16664,-94.29720,0.3,151.1,240.0,FLING,,WDA7435,60,0,29,6,,60,A
366843280,2023-06-28T03:09:19,28.16663,-94.29714,0.8,83.3,254.0,FLING,,WDA7435,60,0,29,6,,60,A
366843280,2023-06-28T03:10:59,28.16666,-94.29707,0.4,7.3,247.0,FLING,,WDA7435,60,0,29,6,,60,A
366843280,2023-06-28T03:40:38,28.16658,-94.29691,0.4,120.0,167.0,FLING,,WDA7435,60,0,29,6,,60,A
366843280,2023-06-28T03:43:59,28.16664,-94.29699,0.5,283.5,248.0,FLING,,WDA7435,60,0,29,6,,60,A
366843280,2023-06-28T03:53:59,28.16664,-94.29729,0.1,360.0,201.0,FLING,,WDA7435,60,0,29,6,,60,A
366843280,2023-06-28T03:56:38,28.16667,-94.29725,0.3,360.0,171.0,FLING,,WDA7435,60,0,29,6,,60,A
366843280,2023-06-28T04:05:19,28.16669,-94.29706,0.2,360.0,210.0,FLING,,WDA7435,60,0,29,6,,60,A
366843280,2023-06-28T05:40:04,28.16669,-94.29711,0.3,209.3,167.0,FLING,,WDA7435,60,0,29,6,,60,A
366843280,2023-06-28T06:26:04,28.16670,-94.29728,1.0,60.5,135.0,FLING,,WDA7435,60,0,29,6,,60,A
366843280,2023-06-28T06:51:00,28.16671,-94.29708,0.4,193.6,173.0,FLING,,WDA7435,60,0,29,6,,60,A
366843280,2023-06-28T06:53:00,28.16671,-94.29719,0.6,76.3,162.0,FLING,,WDA7435,60,0,29,6,,60,A
366843280,2023-06-28T06:56:00,28.16670,-94.29728,0.1,360.0,169.0,FLING,,WDA7435,60,0,29,6,,60,A
366843280,2023-06-28T06:59:39,28.16673,-94.29720,0.5,269.7,187.0,FLING,,WDA7435,60,0,29,6,,60,A
366843280,2023-06-28T07:04:25,28.16673,-94.29724,0.2,360.0,195.0,FLING,,WDA7435,60,0,29,6,,60,A
366843280,2023-06-28T13:44:46,28.16672,-94.29709,0.5,207.2,207.0,FLING,,WDA7435,60,3,29,6,,60,A
366843280,2023-06-28T13:51:46,28.16671,-94.29704,0.6,2.1,205.0,FLING,,WDA7435,60,3,29,6,,60,A
366843280,2023-06-28T13:54:25,28.16671,-94.29705,0.4,254.4,193.0,FLING,,WDA7435,60,3,29,6,,60,A
366843280,2023-06-28T13:55:56,28.16671,-94.29705,0.7,172.7,198.0,FLING,,WDA7435,60,3,29,6,,60,A
366843280,2023-06-28T13:57:36,28.16671,-94.29702,0.2,360.0,199.0,FLING,,WDA7435,60,3,29,6,,60,A
366843280,2023-06-28T13:58:56,28.16671,-94.29700,0.6,286.6,217.0,FLING,,WDA7435,60,3,29,6,,60,A
366843280,2023-06-28T14:01:05,28.16671,-94.29702,0.6,37.2,199.0,FLING,,WDA7435,60,3,29,6,,60,A
366843280,2023-06-28T14:02:36,28.16670,-94.29701,0.2,360.0,193.0,FLING,,WDA7435,60,3,29,6,,60,A
366843280,2023-06-28T14:05:26,28.16670,-94.29698,0.2,360.0,204.0,FLING,,WDA7435,60,3,29,6,,60,A
366843280,2023-06-28T14:06:46,28.16671,-94.29703,0.4,68.4,202.0,FLING,,WDA7435,60,3,29,6,,60,A
366843280,2023-06-28T14:07:57,28.16671,-94.29700,0.4,116.6,204.0,FLING,,WDA7435,60,3,29,6,,60,A
366843280,2023-06-28T14:09:06,28.16670,-94.29700,1.0,308.6,200.0,FLING,,WDA7435,60,3,29,6,,60,A
366843280,2023-06-28T14:21:15,28.16670,-94.29698,0.4,334.8,208.0,FLING,,WDA7435,60,3,29,6,,60,A
366843280,2023-06-28T14:27:16,28.16672,-94.29707,0.1,360.0,206.0,FLING,,WDA7435,60,3,29,6,,60,A
366843280,2023-06-28T14:28:35,28.16673,-94.29707,0.6,82.3,201.0,FLING,,WDA7435,60,3,29,6,,60,A
366843280,2023-06-28T14:29:45,28.16671,-94.29702,0.5,65.4,200.0,FLING,,WDA7435,60,3,29,6,,60,A
366843280,2023-06-28T14:30:57,28.16672,-94.29706,0.3,310.2,213.0,FLING,,WDA7435,60,3,29,6,,60,A
366843280,2023-06-28T14:32:35,28.16670,-94.29700,0.6,24.3,205.0,FLING,,WDA7435,60,3,29,6,,60,A
366843280,2023-06-28T14:36:46,28.16671,-94.29704,0.4,82.2,211.0,FLING,,WDA7435,60,3,29,6,,60,A
366843280,2023-06-28T14:38:06,28.16670,-94.29701,0.1,360.0,204.0,FLING,,WDA7435,60,3,29,6,,60,A
366843280,2023-06-28T14:42:45,28.16671,-94.29704,0.1,360.0,207.0,FLING,,WDA7435,60,3,29,6,,60,A
366843280,2023-06-28T14:45:06,28.16670,-94.29702,0.3,150.4,207.0,FLING,,WDA7435,60,3,29,6,,60,A
366843280,2023-06-28T14:46:45,28.16669,-94.29698,0.7,350.9,212.0,FLING,,WDA7435,60,3,29,6,,60,A
366843280,2023-06-28T14:50:55,28.16670,-94.29701,0.8,67.4,216.0,FLING,,WDA7435,60,3,29,6,,60,A
366843280,2023-06-28T14:52:25,28.16671,-94.29704,0.4,336.2,200.0,FLING,,WDA7435,60,3,29,6,,60,A
366843280,2023-06-28T15:00:56,28.16671,-94.29701,0.1,360.0,208.0,FLING,,WDA7435,60,3,29,6,,60,A
366843280,2023-06-28T15:02:17,28.16668,-94.29699,0.4,22.0,210.0,FLING,,WDA7435,60,3,29,6,,60,A
366843280,2023-06-28T15:07:36,28.16669,-94.29699,0.3,31.5,218.0,FLING,,WDA7435,60,3,29,6,,60,A
366843280,2023-06-28T15:08:46,28.16669,-94.29702,0.2,360.0,207.0,FLING,,WDA7435,60,3,29,6,,60,A
366843280,2023-06-28T15:18:17,28.16668,-94.29697,0.5,257.2,215.0,FLING,,WDA7435,60,3,29,6,,60,A
366843280,2023-06-28T15:19:47,28.16668,-94.29695,0.5,169.5,217.0,FLING,,WDA7435,60,3,29,6,,60,A
366843280,2023-06-28T15:25:35,28.16669,-94.29695,0.2,360.0,210.0,FLING,,WDA7435,60,3,29,6,,60,A
366843280,2023-06-28T15:27:35,28.16670,-94.29700,0.8,290.6,218.0,FLING,,WDA7435,60,3,29,6,,60,A
366843280,2023-06-28T15:28:55,28.16670,-94.29703,0.5,60.1,213.0,FLING,,WDA7435,60,3,29,6,,60,A
366843280,2023-06-28T15:34:17,28.16669,-94.29696,0.3,212.6,208.0,FLING,,WDA7435,60,3,29,6,,60,A
366843280,2023-06-28T15:43:57,28.16666,-94.29693,0.2,360.0,207.0,FLING,,WDA7435,60,3,29,6,,60,A
366843280,2023-06-28T15:45:25,28.16665,-94.29689,0.1,360.0,215.0,FLING,,WDA7435,60,3,29,6,,60,A
366843280,2023-06-28T15:50:57,28.16667,-94.29692,0.1,360.0,214.0,FLING,,WDA7435,60,3,29,6,,60,A
366843280,2023-06-28T15:53:27,28.16666,-94.29692,0.4,285.8,217.0,FLING,,WDA7435,60,3,29,6,,60,A
366843280,2023-06-28T15:54:45,28.16669,-94.29696,0.2,360.0,220.0,FLING,,WDA7435,60,3,29,6,,60,A
366843280,2023-06-28T15:56:05,28.16669,-94.29698,0.7,97.0,209.0,FLING,,WDA7435,60,0,29,6,,60,A
366843280,2023-08-16T01:01:59,28.16660,-94.29710,0.4,192.8,195.0,FLING,,WDA7435,60,0,29,6,,60,A
366843280,2023-08-16T01:26:16,28.16664,-94.29692,0.1,360.0,196.0,FLING,,WDA7435,60,3,29,6,,60,A
366843280,2023-08-16T01:30:36,28.16664,-94.29692,0.2,360.0,202.0,FLING,,WDA7435,60,3,29,6,,60,A
366843280,2023-08-16T02:40:19,28.16664,-94.29691,0.4,129.2,200.0,FLING,,WDA7435,60,3,29,6,,60,A
366843280,2023-08-16T03:03:23,28.16663,-94.29689,0.2,360.0,207.0,FLING,,WDA7435,60,3,29,6,,60,A
366843280,2023-08-16T03:06:39,28.16663,-94.29690,0.1,360.0,218.0,FLING,,WDA7435,60,3,29,6,,60,A
366843280,2023-08-16T03:09:56,28.16661,-94.29688,0.5,162.6,212.0,FLING,,WDA7435,60,3,29,6,,60,A
366843280,2023-08-16T03:14:29,28.16663,-94.29690,0.1,360.0,219.0,FLING,,WDA7435,60,3,29,6,,60,A
366843280,2023-08-16T03:16:56,28.16663,-94.29689,0.8,124.6,199.0,FLING,,WDA7435,60,3,29,6,,60,A
366843280,2023-08-16T03:18:03,28.16663,-94.29690,0.9,325.3,235.0,FLING,,WDA7435,60,3,29,6,,60,A
366843280,2023-08-16T03:23:39,28.16664,-94.29690,0.2,360.0,202.0,FLING,,WDA7435,60,3,29,6,,60,A
366843280,2023-08-16T03:26:56,28.16662,-94.29689,0.4,143.2,195.0,FLING,,WDA7435,60,3,29,6,,60,A
366843280,2023-08-16T03:27:59,28.16662,-94.29689,0.3,323.2,228.0,FLING,,WDA7435,60,3,29,6,,60,A
366843280,2023-08-16T03:30:49,28.16663,-94.29688,0.4,111.7,200.0,FLING,,WDA7435,60,3,29,6,,60,A
366843280,2023-08-16T03:34:16,28.16660,-94.29687,0.3,263.1,216.0,FLING,,WDA7435,60,3,29,6,,60,A
366843280,2023-08-16T03:35:19,28.16663,-94.29690,0.2,360.0,220.0,FLING,,WDA7435,60,3,29,6,,60,A
366843280,2023-08-16T03:36:59,28.16659,-94.29687,0.5,132.1,208.0,FLING,,WDA7435,60,3,29,6,,60,A
366843280,2023-08-16T03:38:29,28.16659,-94.29686,0.2,360.0,228.0,FLING,,WDA7435,60,3,29,6,,60,A
366843280,2023-08-16T03:41:10,28.16657,-94.29687,0.1,360.0,209.0,FLING,,WDA7435,60,3,29,6,,60,A
366843280,2023-08-16T03:42:23,28.16659,-94.29686,0.6,331.1,234.0,FLING,,WDA7435,60,3,29,6,,60,A
366843280,2023-08-16T03:44:43,28.16659,-94.29686,0.7,120.8,200.0,FLING,,WDA7435,60,3,29,6,,60,A
366843280,2023-08-16T03:45:56,28.16660,-94.29688,0.9,318.8,235.0,FLING,,WDA7435,60,3,29,6,,60,A
366843280,2023-08-16T03:46:59,28.16664,-94.29694,0.1,360.0,214.0,FLING,,WDA7435,60,3,29,6,,60,A
366843280,2023-08-16T03:48:09,28.16658,-94.29687,0.2,360.0,205.0,FLING,,WDA7435,60,3,29,6,,60,A
366843280,2023-08-16T03:49:20,28.16658,-94.29686,0.2,360.0,226.0,FLING,,WDA7435,60,3,29,6,,60,A
366843280,2023-08-16T03:51:02,28.16664,-94.29693,0.6,79.1,213.0,FLING,,WDA7435,60,3,29,6,,60,A
366843280,2023-08-16T03:53:10,28.16657,-94.29686,0.2,360.0,220.0,FLING,,WDA7435,60,3,29,6,,60,A
366843280,2023-08-16T03:54:49,28.16664,-94.29693,0.2,331.7,222.0,FLING,,WDA7435,60,3,29,6,,60,A
366843280,2023-08-16T03:55:56,28.16661,-94.29688,0.1,360.0,200.0,FLING,,WDA7435,60,3,29,6,,60,A
366843280,2023-08-16T03:57:16,28.16659,-94.29685,0.4,328.4,231.0,FLING,,WDA7435,60,3,29,6,,60,A
366843280,2023-08-16T03:59:56,28.16658,-94.29686,0.5,130.3,206.0,FLING,,WDA7435,60,3,29,6,,60,A
366843280,2023-08-16T04:00:02,28.16658,-94.29685,0.2,360.0,210.0,FLING,,WDA7435,60,3,29,6,,60,A
366843280,2023-08-16T04:01:16,28.16660,-94.29688,1.1,312.1,236.0,FLING,,WDA7435,60,3,29,6,,60,A
366843280,2023-08-16T04:03:29,28.16658,-94.29685,0.5,143.1,206.0,FLING,,WDA7435,60,3,29,6,,60,A
366843280,2023-08-16T04:04:39,28.16660,-94.29687,0.2,360.0,236.0,FLING,,WDA7435,60,3,29,6,,60,A
366843280,2023-08-16T04:05:50,28.16662,-94.29690,0.5,143.0,206.0,FLING,,WDA7435,60,3,29,6,,60,A
366843280,2023-08-16T04:06:56,28.16654,-94.29684,0.3,148.8,218.0,FLING,,WDA7435,60,3,29,6,,60,A
366843280,2023-08-16T04:09:09,28.16664,-94.29693,0.5,322.7,225.0,FLING,,WDA7435,60,3,29,6,,60,A
366843280,2023-08-16T04:10:20,28.16662,-94.29690,0.4,159.4,202.0,FLING,,WDA7435,60,3,29,6,,60,A
366843280,2023-08-16T04:11:36,28.16654,-94.29683,0.3,234.7,226.0,FLING,,WDA7435,60,3,29,6,,60,A
366843280,2023-08-16T04:13:09,28.16663,-94.29691,0.1,360.0,217.0,FLING,,WDA7435,60,3,29,6,,60,A
366843280,2023-08-16T04:14:20,28.16657,-94.29686,0.2,360.0,204.0,FLING,,WDA7435,60,3,29,6,,60,A
366843280,2023-08-16T04:15:23,28.16653,-94.29682,0.3,307.0,225.0,FLING,,WDA7435,60,3,29,6,,60,A
366843280,2023-08-16T04:16:49,28.16663,-94.29689,0.1,360.0,234.0,FLING,,WDA7435,60,3,29,6,,60,A
366843280,2023-08-16T04:17:50,28.16664,-94.29692,0.2,360.0,209.0,FLING,,WDA7435,60,3,29,6,,60,A
366843280,2023-08-16T04:18:56,28.16655,-94.29684,0.4,132.6,212.0,FLING,,WDA7435,60,3,29,6,,60,A
366843280,2023-08-16T04:19:59,28.16659,-94.29685,0.1,360.0,237.0,FLING,,WDA7435,60,3,29,6,,60,A
366843280,2023-08-16T04:21:03,28.16661,-94.29688,0.2,142.6,215.0,FLING,,WDA7435,60,3,29,6,,60,A
366843280,2023-08-16T04:22:09,28.16657,-94.29683,0.6,39.7,214.0,FLING,,WDA7435,60,3,29,6,,60,A
366843280,2023-08-16T04:23:29,28.16653,-94.29682,0.1,360.0,220.0,FLING,,WDA7435,60,3,29,6,,60,A
366843280,2023-08-16T04:24:39,28.16658,-94.29685,0.5,358.7,226.0,FLING,,WDA7435,60,3,29,6,,60,A
366843280,2023-08-16T04:25:50,28.16658,-94.29686,0.3,135.7,210.0,FLING,,WDA7435,60,3,29,6,,60,A
366843280,2023-08-16T04:26:59,28.16653,-94.29682,0.8,352.1,220.0,FLING,,WDA7435,60,3,29,6,,60,A
366843280,2023-08-16T04:28:03,28.16658,-94.29686,0.8,327.7,239.0,FLING,,WDA7435,60,3,29,6,,60,A
366843280,2023-08-16T04:29:29,28.16661,-94.29687,0.6,127.6,205.0,FLING,,WDA7435,60,3,29,6,,60,A
366843280,2023-08-16T04:30:50,28.16653,-94.29682,0.1,360.0,219.0,FLING,,WDA7435,60,3,29,6,,60,A
366843280,2023-08-16T04:32:10,28.16654,-94.29681,0.2,327.5,233.0,FLING,,WDA7435,60,3,29,6,,60,A
366843280,2023-08-16T04:33:50,28.16660,-94.29687,0.3,238.9,221.0,FLING,,WDA7435,60,3,29,6,,60,A
366843280,2023-08-16T04:34:56,28.16656,-94.29683,0.2,130.6,209.0,FLING,,WDA7435,60,3,29,6,,60,A
366843280,2023-08-16T04:36:10,28.16656,-94.29683,0.9,106.3,226.0,FLING,,WDA7435,60,3,29,6,,60,A
366843280,2023-08-16T04:37:30,28.16657,-94.29684,0.7,132.2,216.0,FLING,,WDA7435,60,3,29,6,,60,A
366843280,2023-08-16T04:38:59,28.16655,-94.29682,0.5,329.6,228.0,FLING,,WDA7435,60,3,29,6,,60,A
366843280,2023-08-16T04:40:09,28.16655,-94.29683,0.5,239.8,220.0,FLING,,WDA7435,60,3,29,6,,60,A
366843280,2023-08-16T04:42:59,28.16656,-94.29684,0.1,360.0,226.0,FLING,,WDA7435,60,3,29,6,,60,A
366843280,2023-08-16T04:46:09,28.16653,-94.29681,0.5,345.8,229.0,FLING,,WDA7435,60,3,29,6,,60,A
366843280,2023-08-16T04:47:49,28.16654,-94.29683,0.3,128.5,218.0,FLING,,WDA7435,60,3,29,6,,60,A
366843280,2023-08-16T04:52:21,28.16653,-94.29681,0.6,43.9,234.0,FLING,,WDA7435,60,3,29,6,,60,A
366843280,2023-08-16T04:53:39,28.16657,-94.29684,0.3,84.4,216.0,FLING,,WDA7435,60,3,29,6,,60,A
366843280,2023-08-16T04:58:03,28.16658,-94.29685,0.2,53.0,224.0,FLING,,WDA7435,60,3,29,6,,60,A
366843280,2023-08-16T04:59:19,28.16653,-94.29682,0.3,3.8,223.0,FLING,,WDA7435,60,3,29,6,,60,A
366843280,2023-08-16T05:01:42,28.16660,-94.29689,0.1,360.0,217.0,FLING,,WDA7435,60,3,29,6,,60,A
366843280,2023-08-16T05:02:50,28.16653,-94.29683,0.4,225.9,213.0,FLING,,WDA7435,60,3,29,6,,60,A
366843280,2023-08-16T05:05:39,28.16660,-94.29686,0.6,221.0,235.0,FLING,,WDA7435,60,3,29,6,,60,A
366843280,2023-08-16T05:06:43,28.16661,-94.29688,0.3,213.0,211.0,FLING,,WDA7435,60,3,29,6,,60,A
366843280,2023-08-16T05:07:50,28.16652,-94.29683,0.5,184.7,214.0,FLING,,WDA7435,60,3,29,6,,60,A
366843280,2023-08-16T05:10:50,28.16660,-94.29688,0.4,178.5,227.0,FLING,,WDA7435,60,3,29,6,,60,A
366843280,2023-08-16T05:12:00,28.16658,-94.29686,0.6,136.8,213.0,FLING,,WDA7435,60,3,29,6,,60,A
366843280,2023-08-16T05:16:49,28.16658,-94.29685,0.2,302.7,233.0,FLING,,WDA7435,60,3,29,6,,60,A
366843280,2023-08-16T05:18:00,28.16656,-94.29685,0.1,360.0,216.0,FLING,,WDA7435,60,3,29,6,,60,A
366843280,2023-08-16T05:19:50,28.16653,-94.29681,0.1,360.0,231.0,FLING,,WDA7435,60,3,29,6,,60,A
366843280,2023-08-16T05:21:36,28.16656,-94.29683,0.3,119.6,221.0,FLING,,WDA7435,60,3,29,6,,60,A
366843280,2023-08-16T05:25:59,28.16657,-94.29684,0.3,142.0,223.0,FLING,,WDA7435,60,3,29,6,,60,A
366843280,2023-08-16T05:27:09,28.16653,-94.29681,0.4,178.3,225.0,FLING,,WDA7435,60,3,29,6,,60,A
366843280,2023-08-16T05:30:40,28.16658,-94.29685,0.2,360.0,241.0,FLING,,WDA7435,60,3,29,6,,60,A
366843280,2023-08-16T05:31:43,28.16659,-94.29684,0.6,140.6,215.0,FLING,,WDA7435,60,3,29,6,,60,A
366843280,2023-08-16T05:35:59,28.16659,-94.29686,0.4,133.1,225.0,FLING,,WDA7435,60,3,29,6,,60,A
366843280,2023-08-16T05:39:49,28.16659,-94.29686,0.2,360.0,234.0,FLING,,WDA7435,60,3,29,6,,60,A
366843280,2023-08-16T05:40:56,28.16658,-94.29685,0.1,360.0,213.0,FLING,,WDA7435,60,3,29,6,,60,A
366843280,2023-08-16T05:43:20,28.16655,-94.29682,0.6,325.8,239.0,FLING,,WDA7435,60,3,29,6,,60,A
366843280,2023-08-16T05:44:23,28.16660,-94.29686,0.2,360.0,219.0,FLING,,WDA7435,60,3,29,6,,60,A
366843280,2023-08-16T05:47:49,28.16656,-94.29682,0.0,360.0,244.0,FLING,,WDA7435,60,3,29,6,,60,A
366843280,2023-08-16T05:48:50,28.16659,-94.29686,0.2,360.0,225.0,FLING,,WDA7435,60,3,29,6,,60,A
366843280,2023-08-16T05:49:59,28.16654,-94.29682,0.3,152.9,212.0,FLING,,WDA7435,60,3,29,6,,60,A
366843280,2023-08-16T05:52:30,28.16658,-94.29685,0.6,328.7,238.0,FLING,,WDA7435,60,3,29,6,,60,A
366843280,2023-08-16T05:53:43,28.16658,-94.29685,0.4,136.4,212.0,FLING,,WDA7435,60,3,29,6,,60,A
366843280,2023-08-16T05:56:23,28.16654,-94.29682,0.2,320.1,242.0,FLING,,WDA7435,60,3,29,6,,60,A
366843280,2023-08-16T05:57:39,28.16659,-94.29686,0.1,360.0,221.0,FLING,,WDA7435,60,3,29,6,,60,A
366843280,2023-08-16T05:58:49,28.16652,-94.29680,0.3,151.4,216.0,FLING,,WDA7435,60,3,29,6,,60,A
366843280,2023-08-16T06:02:19,28.16656,-94.29682,0.2,360.0,234.0,FLING,,WDA7435,60,3,29,6,,60,A
366843280,2023-08-16T06:03:40,28.16654,-94.29682,0.4,123.3,219.0,FLING,,WDA7435,60,3,29,6,,60,A
366843280,2023-08-16T06:07:30,28.16654,-94.29682,0.7,221.2,228.0,FLING,,WDA7435,60,3,29,6,,60,A
366843280,2023-08-16T06:10:19,28.16653,-94.29681,0.8,252.0,241.0,FLING,,WDA7435,60,3,29,6,,60,A
366843280,2023-08-16T06:18:09,28.16656,-94.29682,0.2,360.0,236.0,FLING,,WDA7435,60,3,29,6,,60,A
366843280,2023-08-16T06:19:19,28.16656,-94.29684,0.3,99.2,223.0,FLING,,WDA7435,60,3,29,6,,60,A
366843280,2023-08-16T06:21:59,28.16654,-94.29682,0.3,24.7,233.0,FLING,,WDA7435,60,3,29,6,,60,A
366843280,2023-08-16T06:23:00,28.16653,-94.29681,0.1,360.0,220.0,FLING,,WDA7435,60,3,29,6,,60,A
366843280,2023-08-16T06:26:50,28.16656,-94.29684,0.5,270.9,232.0,FLING,,WDA7435,60,3,29,6,,60,A
366843280,2023-08-16T06:30:19,28.16653,-94.29681,0.6,342.0,253.0,FLING,,WDA7435,60,3,29,6,,60,A
366843280,2023-08-16T06:31:23,28.16659,-94.29686,0.2,360.0,228.0,FLING,,WDA7435,60,3,29,6,,60,A
366843280,2023-08-16T06:34:49,28.16656,-94.29684,0.3,316.9,246.0,FLING,,WDA7435,60,3,29,6,,60,A
366843280,2023-08-16T06:36:00,28.16659,-94.29686,0.2,360.0,216.0,FLING,,WDA7435,60,3,29,6,,60,A
366843280,2023-08-16T06:39:49,28.16657,-94.29684,0.2,360.0,230.0,FLING,,WDA7435,60,3,29,6,,60,A
366843280,2023-08-16T06:43:40,28.16655,-94.29683,0.2,360.0,248.0,FLING,,WDA7435,60,3,29,6,,60,A
366843280,2023-08-16T06:44:41,28.16653,-94.29681,0.2,360.0,221.0,FLING,,WDA7435,60,3,29,6,,60,A
366843280,2023-08-16T06:53:19,28.16652,-94.29681,0.3,335.1,233.0,FLING,,WDA7435,60,3,29,6,,60,A
366843280,2023-08-16T07:20:16,28.16653,-94.29682,0.1,360.0,228.0,FLING,,WDA7435,60,3,29,6,,60,A
366843280,2023-08-16T07:31:39,28.16652,-94.29679,0.2,320.0,240.0,FLING,,WDA7435,60,3,29,6,,60,A
366843280,2023-08-16T04:41:19,28.16652,-94.29680,0.2,188.0,222.0,FLING,,WDA7435,60,3,29,6,,60,A
366843280,2023-08-16T04:44:59,28.16650,-94.29681,0.2,360.0,220.0,FLING,,WDA7435,60,3,29,6,,60,A
366843280,2023-08-16T04:48:59,28.16650,-94.29681,0.5,134.6,219.0,FLING,,WDA7435,60,3,29,6,,60,A
366843280,2023-08-16T04:50:09,28.16648,-94.29680,0.2,360.0,224.0,FLING,,WDA7435,60,3,29,6,,60,A
366843280,2023-08-16T04:51:20,28.16649,-94.29680,0.3,49.9,229.0,FLING,,WDA7435,60,3,29,6,,60,A
366843280,2023-08-16T04:54:43,28.16652,-94.29682,0.5,144.9,223.0,FLING,,WDA7435,60,3,29,6,,60,A
366843280,2023-08-16T04:56:20,28.16648,-94.29679,0.4,336.0,233.0,FLING,,WDA7435,60,3,29,6,,60,A
366843280,2023-08-16T05:04:11,28.16649,-94.29680,0.1,360.0,229.0,FLING,,WDA7435,60,3,29,6,,60,A
366843280,2023-08-16T05:08:56,28.16648,-94.29680,0.3,254.7,232.0,FLING,,WDA7435,60,3,29,6,,60,A
366843280,2023-08-16T05:13:09,28.16652,-94.29682,0.3,214.2,221.0,FLING,,WDA7435,60,3,29,6,,60,A
366843280,2023-08-16T05:14:50,28.16649,-94.29680,0.4,322.2,230.0,FLING,,WDA7435,60,3,29,6,,60,A
366843280,2023-08-16T05:22:50,28.16649,-94.29680,0.5,153.4,223.0,FLING,,WDA7435,60,3,29,6,,60,A
366843280,2023-08-16T05:28:20,28.16648,-94.29679,0.1,360.0,223.0,FLING,,WDA7435,60,3,29,6,,60,A
366843280,2023-08-16T05:29:30,28.16649,-94.29678,0.4,343.1,247.0,FLING,,WDA7435,60,3,29,6,,60,A
366843280,2023-08-16T05:32:49,28.16649,-94.29680,0.4,155.1,222.0,FLING,,WDA7435,60,3,29,6,,60,A
366843280,2023-08-16T05:33:59,28.16647,-94.29679,0.1,360.0,241.0,FLING,,WDA7435,60,3,29,6,,60,A
366843280,2023-08-16T05:37:19,28.16649,-94.29680,0.1,360.0,223.0,FLING,,WDA7435,60,3,29,6,,60,A
366843280,2023-08-16T05:38:36,28.16651,-94.29680,1.0,340.3,241.0,FLING,,WDA7435,60,3,29,6,,60,A
366843280,2023-08-16T05:42:03,28.16651,-94.29681,0.0,360.0,225.0,FLING,,WDA7435,60,3,29,6,,60,A
366843280,2023-08-16T05:45:39,28.16649,-94.29680,0.4,150.2,219.0,FLING,,WDA7435,60,3,29,6,,60,A
366843280,2023-08-16T05:46:43,28.16647,-94.29678,0.4,345.3,244.0,FLING,,WDA7435,60,3,29,6,,60,A
366843280,2023-08-16T05:51:10,28.16649,-94.29679,0.6,104.6,235.0,FLING,,WDA7435,60,3,29,6,,60,A
366843280,2023-08-16T05:55:09,28.16649,-94.29680,0.6,92.5,225.0,FLING,,WDA7435,60,3,29,6,,60,A
366843280,2023-08-16T05:59:59,28.16649,-94.29679,0.1,360.0,231.0,FLING,,WDA7435,60,3,29,6,,60,A
366843280,2023-08-16T06:01:09,28.16652,-94.29680,0.3,333.5,239.0,FLING,,WDA7435,60,3,29,6,,60,A
366843280,2023-08-16T06:06:00,28.16649,-94.29679,0.3,316.6,238.0,FLING,,WDA7435,60,3,29,6,,60,A
366843280,2023-08-16T06:09:00,28.16650,-94.29680,0.2,360.0,228.0,FLING,,WDA7435,60,3,29,6,,60,A
366843280,2023-08-16T06:11:50,28.16650,-94.29681,0.5,160.4,224.0,FLING,,WDA7435,60,3,29,6,,60,A
366843280,2023-08-16T06:13:11,28.16646,-94.29679,0.2,360.0,230.0,FLING,,WDA7435,60,3,29,6,,60,A
366843280,2023-08-16T06:14:19,28.16651,-94.29679,0.1,360.0,242.0,FLING,,WDA7435,60,3,29,6,,60,A
366843280,2023-08-16T06:15:50,28.16650,-94.29680,0.2,360.0,222.0,FLING,,WDA7435,60,3,29,6,,60,A
366843280,2023-08-16T06:16:59,28.16649,-94.29679,0.6,336.6,239.0,FLING,,WDA7435,60,3,29,6,,60,A
366843280,2023-08-16T06:20:50,28.16650,-94.29680,0.3,169.1,232.0,FLING,,WDA7435,60,3,29,6,,60,A
366843280,2023-08-16T06:24:19,28.16647,-94.29679,0.2,261.1,226.0,FLING,,WDA7435,60,3,29,6,,60,A
366843280,2023-08-16T06:25:29,28.16650,-94.29680,0.2,339.7,245.0,FLING,,WDA7435,60,3,29,6,,60,A
366843280,2023-08-16T06:27:56,28.16650,-94.29681,0.4,155.5,215.0,FLING,,WDA7435,60,3,29,6,,60,A
366843280,2023-08-16T06:28:59,28.16644,-94.29678,0.5,241.2,237.0,FLING,,WDA7435,60,3,29,6,,60,A
366843280,2023-08-16T06:32:36,28.16652,-94.29681,0.3,168.7,215.0,FLING,,WDA7435,60,3,29,6,,60,A
366843280,2023-08-16T06:33:39,28.16648,-94.29678,0.5,107.0,238.0,FLING,,WDA7435,60,3,29,6,,60,A
366843280,2023-08-16T06:37:18,28.16648,-94.29680,0.2,360.0,217.0,FLING,,WDA7435,60,3,29,6,,60,A
366843280,2023-08-16T06:38:30,28.16651,-94.29679,0.2,360.0,249.0,FLING,,WDA7435,60,3,29,6,,60,A
366843280,2023-08-16T06:41:00,28.16649,-94.29680,0.5,143.8,224.0,FLING,,WDA7435,60,3,29,6,,60,A
366843280,2023-08-16T06:42:16,28.16649,-94.29678,0.2,360.0,246.0,FLING,,WDA7435,60,3,29,6,,60,A
366843280,2023-08-16T06:45:49,28.16647,-94.29678,0.4,150.1,235.0,FLING,,WDA7435,60,3,29,6,,60,A
366843280,2023-08-16T06:47:00,28.16648,-94.29678,0.2,344.2,244.0,FLING,,WDA7435,60,3,29,6,,60,A
366843280,2023-08-16T06:48:09,28.16651,-94.29680,0.0,360.0,236.0,FLING,,WDA7435,60,3,29,6,,60,A
366843280,2023-08-16T06:49:19,28.16647,-94.29679,0.6,152.5,227.0,FLING,,WDA7435,60,3,29,6,,60,A
366843280,2023-08-16T06:50:49,28.16643,-94.29677,0.0,360.0,239.0,FLING,,WDA7435,60,3,29,6,,60,A
366843280,2023-08-16T06:52:09,28.16649,-94.29679,0.2,360.0,246.0,FLING,,WDA7435,60,3,29,6,,60,A
366843280,2023-08-16T06:54:39,28.16650,-94.29680,0.5,141.0,224.0,FLING,,WDA7435,60,3,29,6,,60,A
366843280,2023-08-16T06:55:50,28.16643,-94.29678,0.4,69.9,236.0,FLING,,WDA7435,60,3,29,6,,60,A
366843280,2023-08-16T06:57:01,28.16647,-94.29678,0.3,338.7,249.0,FLING,,WDA7435,60,3,29,6,,60,A
366843280,2023-08-16T06:58:09,28.16652,-94.29680,0.2,235.2,240.0,FLING,,WDA7435,60,3,29,6,,60,A
366843280,2023-08-16T06:59:23,28.16647,-94.29679,0.3,192.0,225.0,FLING,,WDA7435,60,3,29,6,,60,A
366843280,2023-08-16T07:00:00,28.16643,-94.29677,0.2,184.3,234.0,FLING,,WDA7435,60,3,29,6,,60,A
366843280,2023-08-16T07:01:03,28.16644,-94.29677,0.3,348.3,254.0,FLING,,WDA7435,60,3,29,6,,60,A
366843280,2023-08-16T07:02:36,28.16652,-94.29680,0.0,360.0,233.0,FLING,,WDA7435,60,3,29,6,,60,A
366843280,2023-08-16T07:03:40,28.16647,-94.29679,0.7,158.0,225.0,FLING,,WDA7435,60,3,29,6,,60,A
366843280,2023-08-16T07:04:42,28.16644,-94.29677,0.1,360.0,246.0,FLING,,WDA7435,60,3,29,6,,60,A
366843280,2023-08-16T07:05:49,28.16651,-94.29679,0.1,360.0,254.0,FLING,,WDA7435,60,3,29,6,,60,A
366843280,2023-08-16T07:06:56,28.16650,-94.29679,0.2,360.0,227.0,FLING,,WDA7435,60,3,29,6,,60,A
366843280,2023-08-16T07:07:59,28.16649,-94.29678,0.2,360.0,229.0,FLING,,WDA7435,60,3,29,6,,60,A
366843280,2023-08-16T07:09:10,28.16644,-94.29677,0.5,310.2,238.0,FLING,,WDA7435,60,3,29,6,,60,A
366843280,2023-08-16T07:10:19,28.16647,-94.29678,0.1,360.0,243.0,FLING,,WDA7435,60,3,29,6,,60,A
366843280,2023-08-16T07:11:29,28.16645,-94.29678,0.1,360.0,233.0,FLING,,WDA7435,60,3,29,6,,60,A
366843280,2023-08-16T07:12:40,28.16640,-94.29677,0.3,178.3,231.0,FLING,,WDA7435,60,3,29,6,,60,A
366843280,2023-08-16T07:13:43,28.16644,-94.29676,0.4,344.1,254.0,FLING,,WDA7435,60,3,29,6,,60,A
366843280,2023-08-16T07:14:50,28.16652,-94.29680,0.1,360.0,241.0,FLING,,WDA7435,60,3,29,6,,60,A
366843280,2023-08-16T07:15:56,28.16648,-94.29679,0.3,181.1,223.0,FLING,,WDA7435,60,3,29,6,,60,A
366843280,2023-08-16T07:16:59,28.16642,-94.29677,0.3,153.3,234.0,FLING,,WDA7435,60,3,29,6,,60,A
366843280,2023-08-16T07:18:03,28.16643,-94.29676,0.3,339.6,255.0,FLING,,WDA7435,60,3,29,6,,60,A
366843280,2023-08-16T07:19:09,28.16650,-94.29679,0.3,360.0,248.0,FLING,,WDA7435,60,3,29,6,,60,A
366843280,2023-08-16T07:21:39,28.16644,-94.29677,0.2,156.1,229.0,FLING,,WDA7435,60,3,29,6,,60,A
366843280,2023-08-16T07:22:43,28.16642,-94.29676,0.3,1.5,249.0,FLING,,WDA7435,60,3,29,6,,60,A
366843280,2023-08-16T07:23:50,28.16646,-94.29677,0.3,352.9,247.0,FLING,,WDA7435,60,3,29,6,,60,A
366843280,2023-08-16T07:25:29,28.16646,-94.29678,0.3,60.3,234.0,FLING,,WDA7435,60,3,29,6,,60,A
366843280,2023-08-16T07:26:40,28.16645,-94.29677,0.3,348.5,244.0,FLING,,WDA7435,60,3,29,6,,60,A
366843280,2023-08-16T07:27:50,28.16645,-94.29677,0.2,360.0,240.0,FLING,,WDA7435,60,3,29,6,,60,A
366843280,2023-08-16T07:29:10,28.16644,-94.29677,0.3,217.6,241.0,FLING,,WDA7435,60,3,29,6,,60,A
366843280,2023-08-16T07:30:19,28.16646,-94.29677,0.2,360.0,253.0,FLING,,WDA7435,60,3,29,6,,60,A
366843280,2023-08-16T07:32:50,28.16647,-94.29679,0.3,173.8,225.0,FLING,,WDA7435,60,3,29,6,,60,A
366843280,2023-08-16T07:33:59,28.16641,-94.29677,0.2,159.1,237.0,FLING,,WDA7435,60,3,29,6,,60,A
366843280,2023-08-16T07:35:03,28.16645,-94.29676,0.3,343.6,256.0,FLING,,WDA7435,60,3,29,6,,60,A
366843280,2023-08-16T07:36:39,28.16652,-94.29680,0.3,178.3,238.0,FLING,,WDA7435,60,3,29,6,,60,A
366843280,2023-08-16T07:37:49,28.16646,-94.29678,0.2,360.0,228.0,FLING,,WDA7435,60,3,29,6,,60,A
366843280,2023-08-16T07:39:00,28.16642,-94.29676,0.3,50.2,248.0,FLING,,WDA7435,60,3,29,6,,60,A
366843280,2023-08-16T07:40:09,28.16647,-94.29677,0.5,13.5,254.0,FLING,,WDA7435,60,3,29,6,,60,A
366843280,2023-08-16T07:41:16,28.16649,-94.29679,0.4,155.4,234.0,FLING,,WDA7435,60,3,29,6,,60,A
366843280,2023-08-16T07:42:20,28.16645,-94.29678,0.1,360.0,234.0,FLING,,WDA7435,60,3,29,6,,60,A
366843280,2023-08-16T07:43:39,28.16643,-94.29676,0.0,360.0,241.0,FLING,,WDA7435,60,3,29,6,,60,A
366843280,2023-08-16T07:44:59,28.16642,-94.29676,0.1,360.0,250.0,FLING,,WDA7435,60,3,29,6,,60,A
366843280,2023-08-16T07:46:09,28.16646,-94.29677,0.1,360.0,247.0,FLING,,WDA7435,60,3,29,6,,60,A
366843280,2023-08-16T07:47:39,28.16642,-94.29677,0.1,360.0,237.0,FLING,,WDA7435,60,3,29,6,,60,A
366843280,2023-08-16T07:48:50,28.16643,-94.29676,0.1,360.0,252.0,FLING,,WDA7435,60,3,29,6,,60,A
366843280,2023-08-16T07:50:39,28.16642,-94.29677,0.1,360.0,240.0,FLING,,WDA7435,60,3,29,6,,60,A
366843280,2023-08-16T07:51:59,28.16641,-94.29676,0.2,261.9,247.0,FLING,,WDA7435,60,3,29,6,,60,A
366843280,2023-08-16T07:53:50,28.16646,-94.29678,0.3,337.2,249.0,FLING,,WDA7435,60,3,29,6,,60,A
366843280,2023-08-16T07:56:00,28.16637,-94.29676,0.1,360.0,247.0,FLING,,WDA7435,60,3,29,6,,60,A
366843280,2023-08-16T07:59:16,28.16648,-94.29678,0.3,119.3,237.0,FLING,,WDA7435,60,3,29,6,,60,A
366843280,2023-08-16T08:00:39,28.16642,-94.29677,0.1,360.0,233.0,FLING,,WDA7435,60,3,29,6,,60,A
366843280,2023-08-16T08:02:03,28.16642,-94.29675,0.7,6.4,258.0,FLING,,WDA7435,60,3,29,6,,60,A
366843280,2023-08-16T08:03:30,28.16645,-94.29677,0.4,188.8,243.0,FLING,,WDA7435,60,3,29,6,,60,A
366843280,2023-08-16T08:05:30,28.16637,-94.29675,0.1,360.0,251.0,FLING,,WDA7435,60,3,29,6,,60,A
366843280,2023-08-16T08:06:36,28.16640,-94.29675,0.8,348.6,267.0,FLING,,WDA7435,60,3,29,6,,60,A
366843280,2023-08-16T08:10:16,28.16637,-94.29675,0.2,360.0,261.0,FLING,,WDA7435,60,3,29,6,,60,A
366843280,2023-08-16T08:13:39,28.16635,-94.29676,0.1,360.0,249.0,FLING,,WDA7435,60,3,29,6,,60,A
366843280,2023-08-16T08:16:50,28.16645,-94.29678,0.1,360.0,238.0,FLING,,WDA7435,60,3,29,6,,60,A
366843280,2023-08-16T08:20:39,28.16641,-94.29676,0.3,355.3,254.0,FLING,,WDA7435,60,3,29,6,,60,A
366843280,2023-08-16T08:53:19,28.16630,-94.29675,0.1,360.0,261.0,FLING,,WDA7435,60,3,29,6,,60,A
366843280,2023-08-16T08:54:30,28.16630,-94.29675,0.1,360.0,266.0,FLING,,WDA7435,60,3,29,6,,60,A
366843280,2023-08-16T08:56:19,28.16632,-94.29676,0.2,360.0,255.0,FLING,,WDA7435,60,3,29,6,,60,A
366843280,2023-08-16T08:57:29,28.16630,-94.29676,0.4,91.6,259.0,FLING,,WDA7435,60,3,29,6,,60,A
366843280,2023-08-16T00:22:49,28.17511,-94.29924,1.1,18.0,116.0,FLING,,WDA7435,60,0,29,6,,60,A
366843280,2023-08-16T00:24:00,28.17543,-94.29914,1.2,14.9,114.0,FLING,,WDA7435,60,0,29,6,,60,A
366843280,2023-08-16T00:25:39,28.17584,-94.29897,1.0,22.1,115.0,FLING,,WDA7435,60,0,29,6,,60,A
366843280,2023-08-16T00:26:49,28.17614,-94.29884,1.0,19.2,113.0,FLING,,WDA7435,60,0,29,6,,60,A
366843280,2023-08-16T00:28:39,28.17663,-94.29867,0.9,14.4,109.0,FLING,,WDA7435,60,0,29,6,,60,A
366843280,2023-08-16T00:30:00,28.17698,-94.29858,1.0,10.6,111.0,FLING,,WDA7435,60,0,29,6,,60,A
366843280,2023-08-16T00:31:10,28.17728,-94.29851,1.0,10.5,113.0,FLING,,WDA7435,60,0,29,6,,60,A
366843280,2023-08-16T00:32:40,28.17768,-94.29840,0.9,17.7,113.0,FLING,,WDA7435,60,0,29,6,,60,A
366843280,2023-08-16T00:34:10,28.17807,-94.29827,1.0,14.2,113.0,FLING,,WDA7435,60,0,29,6,,60,A
366843280,2023-08-16T00:35:50,28.17849,-94.29810,1.0,21.6,119.0,FLING,,WDA7435,60,0,29,6,,60,A
366843280,2023-08-16T00:37:00,28.17878,-94.29797,0.9,23.4,119.0,FLING,,WDA7435,60,0,29,6,,60,A
366843280,2023-08-16T16:09:50,28.16536,-94.29886,8.5,306.4,303.0,FLING,,WDA7435,60,3,29,6,,60,A
366843280,2023-08-16T16:11:09,28.16831,-94.30065,9.7,342.6,335.0,FLING,,WDA7435,60,3,29,6,,60,A
366843280,2023-08-16T15:13:20,28.16552,-94.29719,0.2,360.0,267.0,FLING,,WDA7435,60,3,29,6,,60,A
366843280,2023-08-16T15:23:29,28.16552,-94.29719,0.4,162.9,269.0,FLING,,WDA7435,60,3,29,6,,60,A
366843280,2023-08-16T15:43:40,28.16555,-94.29719,0.7,312.5,268.0,FLING,,WDA7435,60,3,29,6,,60,A
366843280,2023-08-16T15:51:49,28.16553,-94.29721,0.4,80.6,263.0,FLING,,WDA7435,60,3,29,6,,60,A
366843280,2023-08-16T15:53:00,28.16552,-94.29721,0.0,360.0,262.0,FLING,,WDA7435,60,3,29,6,,60,A
366843280,2023-08-16T15:54:39,28.16554,-94.29720,0.5,353.8,262.0,FLING,,WDA7435,60,3,29,6,,60,A
366843280,2023-08-16T15:57:49,28.16553,-94.29719,0.3,347.2,262.0,FLING,,WDA7435,60,3,29,6,,60,A
366843280,2023-08-16T15:59:36,28.16557,-94.29719,0.2,360.0,263.0,FLING,,WDA7435,60,3,29,6,,60,A
366843280,2023-08-16T16:01:10,28.16552,-94.29720,0.2,360.0,263.0,FLING,,WDA7435,60,3,29,6,,60,A
366843280,2023-08-16T16:02:20,28.16552,-94.29721,1.0,186.3,265.0,FLING,,WDA7435,60,3,29,6,,60,A
366843280,2023-08-16T16:03:29,28.16549,-94.29722,0.2,360.0,262.0,FLING,,WDA7435,60,3,29,6,,60,A
366843280,2023-08-16T00:38:39,28.17918,-94.29778,0.8,22.7,119.0,FLING,,WDA7435,60,0,29,6,,60,A
366843280,2023-08-16T00:39:49,28.17948,-94.29765,1.1,21.1,116.0,FLING,,WDA7435,60,0,29,6,,60,A
366843280,2023-08-16T00:40:59,28.17981,-94.29753,1.3,14.0,112.0,FLING,,WDA7435,60,0,29,6,,60,A
366843280,2023-08-16T00:42:30,28.18022,-94.29739,0.8,17.7,118.0,FLING,,WDA7435,60,0,29,6,,60,A
366843280,2023-08-16T00:44:49,28.18089,-94.29711,1.1,23.4,115.0,FLING,,WDA7435,60,0,29,6,,60,A
366843280,2023-08-16T00:46:10,28.18126,-94.29695,1.0,18.5,117.0,FLING,,WDA7435,60,0,29,6,,60,A
366843280,2023-08-16T00:47:16,28.18138,-94.29664,2.0,126.0,145.0,FLING,,WDA7435,60,0,29,6,,60,A
366843280,2023-08-16T00:48:19,28.18073,-94.29659,3.0,200.0,197.0,FLING,,WDA7435,60,0,29,6,,60,A
366843280,2023-08-16T00:49:23,28.17977,-94.29711,3.6,169.4,160.0,FLING,,WDA7435,60,0,29,6,,60,A
366843280,2023-08-16T00:50:49,28.17839,-94.29703,4.0,196.1,189.0,FLING,,WDA7435,60,0,29,6,,60,A
366843280,2023-08-16T00:51:56,28.17712,-94.29668,4.5,160.1,158.0,FLING,,WDA7435,60,0,29,6,,60,A
366843280,2023-08-16T00:53:29,28.17524,-94.29627,4.7,177.0,170.0,FLING,,WDA7435,60,0,29,6,,60,A
366843280,2023-08-16T00:54:49,28.17284,-94.29666,6.7,187.4,181.0,FLING,,WDA7435,60,0,29,6,,60,A
366843280,2023-08-16T00:56:49,28.16930,-94.29744,4.6,187.9,181.0,FLING,,WDA7435,60,0,29,6,,60,A
366843280,2023-08-16T00:57:59,28.16812,-94.29726,2.8,162.7,168.0,FLING,,WDA7435,60,0,29,6,,60,A
366843280,2023-08-16T00:59:03,28.16767,-94.29714,0.7,175.4,191.0,FLING,,WDA7435,60,0,29,6,,60,A
366843280,2023-08-16T01:00:23,28.16730,-94.29712,1.6,177.1,182.0,FLING,,WDA7435,60,0,29,6,,60,A
366843280,2023-08-16T01:03:23,28.16667,-94.29701,0.4,198.1,207.0,FLING,,WDA7435,60,0,29,6,,60,A
366843280,2023-08-16T01:05:29,28.16669,-94.29708,0.6,283.2,214.0,FLING,,WDA7435,60,0,29,6,,60,A
366843280,2023-08-16T01:06:36,28.16670,-94.29713,0.2,88.3,195.0,FLING,,WDA7435,60,0,29,6,,60,A
366843280,2023-08-16T01:07:49,28.16668,-94.29703,0.6,99.9,180.0,FLING,,WDA7435,60,0,29,6,,60,A
366843280,2023-08-16T01:09:19,28.16667,-94.29696,0.5,298.8,218.0,FLING,,WDA7435,60,0,29,6,,60,A
366843280,2023-08-16T01:10:36,28.16670,-94.29711,0.4,272.2,211.0,FLING,,WDA7435,60,0,29,6,,60,A
366843280,2023-08-16T01:11:40,28.16671,-94.29707,0.4,97.1,179.0,FLING,,WDA7435,60,0,29,6,,60,A
366843280,2023-08-16T01:13:43,28.16668,-94.29698,0.8,303.7,221.0,FLING,,WDA7435,60,0,29,6,,60,A
366843280,2023-08-16T01:14:50,28.16672,-94.29713,0.3,250.8,210.0,FLING,,WDA7435,60,0,29,6,,60,A
366843280,2023-08-16T01:16:10,28.16671,-94.29706,0.4,104.4,173.0,FLING,,WDA7435,60,0,29,6,,60,A
366843280,2023-08-16T01:17:29,28.16666,-94.29695,0.2,360.0,195.0,FLING,,WDA7435,60,0,29,6,,60,A
366843280,2023-08-16T01:18:39,28.16670,-94.29703,0.4,288.1,229.0,FLING,,WDA7435,60,0,29,6,,60,A
366843280,2023-08-16T01:19:49,28.16671,-94.29716,0.3,198.4,202.0,FLING,,WDA7435,60,0,29,6,,60,A
366843280,2023-08-16T01:20:56,28.16671,-94.29706,0.5,104.4,175.0,FLING,,WDA7435,60,0,29,6,,60,A
366843280,2023-08-16T01:22:16,28.16667,-94.29697,0.2,360.0,201.0,FLING,,WDA7435,60,0,29,6,,60,A
366843280,2023-08-16T01:23:49,28.16671,-94.29709,0.2,360.0,215.0,FLING,,WDA7435,60,3,29,6,,60,A
366843280,2023-08-16T01:24:56,28.16671,-94.29708,0.4,96.6,186.0,FLING,,WDA7435,60,3,29,6,,60,A
366843280,2023-08-16T01:28:16,28.16671,-94.29705,0.5,273.0,219.0,FLING,,WDA7435,60,3,29,6,,60,A
366843280,2023-08-16T01:29:23,28.16670,-94.29700,0.7,104.3,181.0,FLING,,WDA7435,60,3,29,6,,60,A
366843280,2023-08-16T01:31:39,28.16668,-94.29698,0.5,304.0,233.0,FLING,,WDA7435,60,3,29,6,,60,A
366843280,2023-08-16T01:32:43,28.16672,-94.29709,0.5,283.4,209.0,FLING,,WDA7435,60,3,29,6,,60,A
366843280,2023-08-16T01:33:50,28.16671,-94.29705,0.6,99.5,181.0,FLING,,WDA7435,60,3,29,6,,60,A
366843280,2023-08-16T01:35:09,28.16667,-94.29697,0.1,360.0,208.0,FLING,,WDA7435,60,3,29,6,,60,A
366843280,2023-08-16T01:36:40,28.16672,-94.29711,0.6,291.8,215.0,FLING,,WDA7435,60,3,29,6,,60,A
366843280,2023-08-16T01:37:56,28.16671,-94.29708,0.5,88.4,178.0,FLING,,WDA7435,60,3,29,6,,60,A
366843280,2023-08-16T01:38:59,28.16666,-94.29696,0.2,360.0,195.0,FLING,,WDA7435,60,3,29,6,,60,A
366843280,2023-08-16T01:40:09,28.16670,-94.29701,0.6,295.3,223.0,FLING,,WDA7435,60,3,29,6,,60,A
366843280,2023-08-16T01:41:23,28.16671,-94.29715,0.2,360.0,199.0,FLING,,WDA7435,60,3,29,6,,60,A
366843280,2023-08-16T01:42:30,28.16671,-94.29702,0.7,112.4,176.0,FLING,,WDA7435,60,3,29,6,,60,A
366843280,2023-08-16T01:43:40,28.16666,-94.29694,0.1,360.0,208.0,FLING,,WDA7435,60,3,29,6,,60,A
366843280,2023-08-16T01:44:59,28.16670,-94.29701,0.7,307.2,216.0,FLING,,WDA7435,60,3,29,6,,60,A
366843280,2023-08-16T01:46:16,28.16671,-94.29705,0.3,96.8,193.0,FLING,,WDA7435,60,3,29,6,,60,A
366843280,2023-08-16T01:47:19,28.16668,-94.29696,0.2,360.0,190.0,FLING,,WDA7435,60,3,29,6,,60,A
366843280,2023-08-16T01:48:23,28.16669,-94.29698,0.4,305.4,217.0,FLING,,WDA7435,60,3,29,6,,60,A
366843280,2023-08-16T01:49:56,28.16671,-94.29702,0.6,90.2,188.0,FLING,,WDA7435,60,3,29,6,,60,A
366843280,2023-08-16T01:54:56,28.16666,-94.29693,0.2,125.7,204.0,FLING,,WDA7435,60,3,29,6,,60,A
366843280,2023-08-16T01:56:03,28.16672,-94.29699,0.9,306.1,230.0,FLING,,WDA7435,60,3,29,6,,60,A
366843280,2023-08-16T01:57:16,28.16672,-94.29708,0.4,67.8,192.0,FLING,,WDA7435,60,3,29,6,,60,A
366843280,2023-08-16T01:59:09,28.16666,-94.29692,0.2,360.0,208.0,FLING,,WDA7435,60,3,29,6,,60,A
366843280,2023-08-16T02:00:36,28.16672,-94.29708,0.4,267.1,210.0,FLING,,WDA7435,60,3,29,6,,60,A
366843280,2023-08-16T02:01:42,28.16671,-94.29703,0.9,101.6,179.0,FLING,,WDA7435,60,3,29,6,,60,A
366843280,2023-08-16T02:02:50,28.16666,-94.29692,0.2,360.0,205.0,FLING,,WDA7435,60,3,29,6,,60,A
366843280,2023-08-16T02:04:36,28.16672,-94.29710,0.1,360.0,200.0,FLING,,WDA7435,60,3,29,6,,60,A
366843280,2023-08-16T02:05:59,28.16668,-94.29695,0.1,360.0,190.0,FLING,,WDA7435,60,3,29,6,,60,A
366843280,2023-08-16T02:07:16,28.16669,-94.29696,0.5,304.1,222.0,FLING,,WDA7435,60,3,29,6,,60,A
366843280,2023-08-16T02:08:19,28.16672,-94.29707,0.2,360.0,207.0,FLING,,WDA7435,60,3,29,6,,60,A
366843280,2023-08-16T02:09:23,28.16670,-94.29700,0.4,112.2,184.0,FLING,,WDA7435,60,3,29,6,,60,A
366843280,2023-08-16T02:10:50,28.16668,-94.29694,0.1,360.0,212.0,FLING,,WDA7435,60,3,29,6,,60,A
366843280,2023-08-16T02:12:16,28.16672,-94.29706,0.2,360.0,210.0,FLING,,WDA7435,60,3,29,6,,60,A
366843280,2023-08-16T02:13:19,28.16671,-94.29700,0.8,105.7,187.0,FLING,,WDA7435,60,3,29,6,,60,A
366843280,2023-08-16T02:14:50,28.16667,-94.29694,0.4,308.9,212.0,FLING,,WDA7435,60,3,29,6,,60,A
366843280,2023-08-16T02:16:40,28.16671,-94.29705,0.1,360.0,200.0,FLING,,WDA7435,60,3,29,6,,60,A
366843280,2023-08-16T02:18:56,28.16666,-94.29694,0.3,313.8,220.0,FLING,,WDA7435,60,3,29,6,,60,A
366843280,2023-08-16T02:20:56,28.16671,-94.29704,0.6,98.6,181.0,FLING,,WDA7435,60,3,29,6,,60,A
366843280,2023-08-16T02:22:59,28.16670,-94.29701,0.6,308.2,223.0,FLING,,WDA7435,60,3,29,6,,60,A
366843280,2023-08-16T02:24:03,28.16670,-94.29706,0.3,75.0,195.0,FLING,,WDA7435,60,3,29,6,,60,A
366843280,2023-08-16T02:27:50,28.16672,-94.29709,0.4,112.7,192.0,FLING,,WDA7435,60,3,29,6,,60,A
366843280,2023-08-16T02:29:56,28.16668,-94.29697,0.7,320.6,224.0,FLING,,WDA7435,60,3,29,6,,60,A
366843280,2023-08-16T02:31:16,28.16671,-94.29708,0.1,360.0,195.0,FLING,,WDA7435,60,3,29,6,,60,A
366843280,2023-08-16T02:32:36,28.16667,-94.29693,0.1,360.0,196.0,FLING,,WDA7435,60,3,29,6,,60,A
366843280,2023-08-16T02:33:49,28.16670,-94.29697,0.8,307.9,228.0,FLING,,WDA7435,60,3,29,6,,60,A
366843280,2023-08-16T02:34:56,28.16672,-94.29711,0.3,218.1,204.0,FLING,,WDA7435,60,3,29,6,,60,A
366843280,2023-08-16T02:36:16,28.16668,-94.29694,0.3,134.1,190.0,FLING,,WDA7435,60,3,29,6,,60,A
366843280,2023-08-16T02:37:40,28.16669,-94.29695,0.5,305.0,227.0,FLING,,WDA7435,60,3,29,6,,60,A
366843280,2023-08-16T02:38:49,28.16671,-94.29707,0.2,360.0,198.0,FLING,,WDA7435,60,3,29,6,,60,A
366843280,2023-08-16T02:41:30,28.16670,-94.29698,0.4,300.7,231.0,FLING,,WDA7435,60,3,29,6,,60,A
366843280,2023-08-16T02:42:43,28.16671,-94.29705,0.8,92.1,190.0,FLING,,WDA7435,60,3,29,6,,60,A
366843280,2023-08-16T02:43:49,28.16667,-94.29695,0.5,131.7,198.0,FLING,,WDA7435,60,3,29,6,,60,A
366843280,2023-08-16T02:45:29,28.16670,-94.29706,0.2,206.9,202.0,FLING,,WDA7435,60,3,29,6,,60,A
366843280,2023-08-16T02:46:37,28.16669,-94.29696,0.4,116.9,188.0,FLING,,WDA7435,60,3,29,6,,60,A
366843280,2023-08-16T02:48:43,28.16670,-94.29704,0.1,360.0,208.0,FLING,,WDA7435,60,3,29,6,,60,A
366843280,2023-08-16T02:50:20,28.16666,-94.29692,0.1,360.0,202.0,FLING,,WDA7435,60,3,29,6,,60,A
366843280,2023-08-16T02:51:29,28.16671,-94.29702,0.5,308.3,225.0,FLING,,WDA7435,60,3,29,6,,60,A
366843280,2023-08-16T02:53:16,28.16667,-94.29693,0.5,119.5,195.0,FLING,,WDA7435,60,3,29,6,,60,A
366843280,2023-08-16T02:54:20,28.16670,-94.29699,0.7,314.5,227.0,FLING,,WDA7435,60,3,29,6,,60,A
366843280,2023-08-16T02:56:19,28.16668,-94.29693,0.4,123.8,191.0,FLING,,WDA7435,60,3,29,6,,60,A
366843280,2023-08-16T02:57:23,28.16669,-94.29697,0.0,360.0,229.0,FLING,,WDA7435,60,3,29,6,,60,A
366843280,2023-08-16T02:58:28,28.16669,-94.29702,0.3,45.9,198.0,FLING,,WDA7435,60,3,29,6,,60,A
366843280,2023-08-16T03:01:16,28.16669,-94.29698,0.5,291.1,225.0,FLING,,WDA7435,60,3,29,6,,60,A
366843280,2023-08-16T03:02:19,28.16669,-94.29700,0.4,97.4,185.0,FLING,,WDA7435,60,3,29,6,,60,A
366843280,2023-08-16T03:04:30,28.16669,-94.29698,0.6,284.4,227.0,FLING,,WDA7435,60,3,29,6,,60,A
366843280,2023-08-16T03:05:36,28.16667,-94.29696,0.2,360.0,189.0,FLING,,WDA7435,60,3,29,6,,60,A
366843280,2023-08-16T03:08:49,28.16668,-94.29697,0.3,104.0,184.0,FLING,,WDA7435,60,3,29,6,,60,A
366843280,2023-08-16T03:12:19,28.16669,-94.29701,0.3,290.6,210.0,FLING,,WDA7435,60,3,29,6,,60,A
366843280,2023-08-16T03:13:23,28.16666,-94.29694,0.6,116.3,189.0,FLING,,WDA7435,60,3,29,6,,60,A
366843280,2023-08-16T03:15:49,28.16669,-94.29698,0.1,360.0,210.0,FLING,,WDA7435,60,3,29,6,,60,A
366843280,2023-08-16T03:19:16,28.16668,-94.29701,0.0,360.0,205.0,FLING,,WDA7435,60,3,29,6,,60,A
366843280,2023-08-16T03:20:23,28.16666,-94.29692,0.1,360.0,206.0,FLING,,WDA7435,60,3,29,6,,60,A
366843280,2023-08-16T03:21:29,28.16665,-94.29693,0.8,308.3,223.0,FLING,,WDA7435,60,3,29,6,,60,A
366843280,2023-08-16T03:22:36,28.16667,-94.29697,0.2,360.0,205.0,FLING,,WDA7435,60,3,29,6,,60,A
366843280,2023-08-16T03:24:43,28.16665,-94.29692,0.8,333.0,230.0,FLING,,WDA7435,60,3,29,6,,60,A
366843280,2023-08-16T03:25:49,28.16668,-94.29700,0.3,160.9,204.0,FLING,,WDA7435,60,3,29,6,,60,A
366843280,2023-08-16T03:29:09,28.16667,-94.29698,0.4,273.8,216.0,FLING,,WDA7435,60,3,29,6,,60,A
366843280,2023-08-16T03:32:09,28.16666,-94.29696,1.0,311.5,227.0,FLING,,WDA7435,60,3,29,6,,60,A
366843280,2023-08-16T03:33:10,28.16666,-94.29696,0.1,360.0,194.0,FLING,,WDA7435,60,3,29,6,,60,A
366843280,2023-08-16T03:39:50,28.16665,-94.29694,0.2,360.0,212.0,FLING,,WDA7435,60,3,29,6,,60,A
366843280,2023-08-16T03:43:36,28.16666,-94.29695,0.3,246.2,215.0,FLING,,WDA7435,60,3,29,6,,60,A
366843280,2023-08-16T03:58:29,28.16666,-94.29695,0.1,360.0,222.0,FLING,,WDA7435,60,3,29,6,,60,A
366843280,2023-08-16T04:02:23,28.16665,-94.29693,0.1,360.0,206.0,FLING,,WDA7435,60,3,29,6,,60,A
366843280,2023-08-16T16:16:49,28.17881,-94.31348,10.4,315.2,309.0,FLING,,WDA7435,60,3,29,6,,60,A
366843280,2023-07-16T11:00:05,28.16686,-94.29548,5.7,307.1,288.0,FLING,,WDA7435,60,0,29,6,,60,A
366843280,2023-07-16T11:02:05,28.16797,-94.29738,1.6,269.8,229.0,FLING,,WDA7435,60,0,29,6,,60,A
366843280,2023-07-16T11:03:35,28.16727,-94.29719,2.2,173.1,179.0,FLING,,WDA7435,60,0,29,6,,60,A
366843280,2023-07-16T11:08:24,28.16679,-94.29699,0.3,294.9,216.0,FLING,,WDA7435,60,0,29,6,,60,A
366843280,2023-07-16T11:09:43,28.16679,-94.29702,0.8,102.4,178.0,FLING,,WDA7435,60,3,29,6,,60,A
366843280,2023-07-16T11:12:05,28.16678,-94.29696,0.4,245.4,206.0,FLING,,WDA7435,60,3,29,6,,60,A
366843280,2023-07-16T11:13:15,28.16679,-94.29701,0.3,246.9,197.0,FLING,,WDA7435,60,3,29,6,,60,A
366843280,2023-07-16T11:14:25,28.16679,-94.29701,0.3,341.2,194.0,FLING,,WDA7435,60,3,29,6,,60,A
366843280,2023-07-16T11:16:05,28.16678,-94.29703,0.9,217.3,190.0,FLING,,WDA7435,60,3,29,6,,60,A
366843280,2023-07-16T11:19:25,28.16679,-94.29695,0.4,323.6,203.0,FLING,,WDA7435,60,3,29,6,,60,A
366843280,2023-07-16T11:22:54,28.16679,-94.29697,0.4,273.0,207.0,FLING,,WDA7435,60,3,29,6,,60,A
366843280,2023-07-16T11:24:05,28.16680,-94.29704,0.6,356.0,194.0,FLING,,WDA7435,60,3,29,6,,60,A
366843280,2023-07-16T11:25:24,28.16678,-94.29698,0.3,60.2,189.0,FLING,,WDA7435,60,3,29,6,,60,A
366843280,2023-07-16T11:27:55,28.16678,-94.29694,0.2,360.0,209.0,FLING,,WDA7435,60,3,29,6,,60,A
366843280,2023-07-16T10:57:05,28.16380,-94.28752,9.7,293.2,287.0,FLING,,WDA7435,60,0,29,6,,60,A
366843280,2023-07-16T10:58:25,28.16508,-94.29129,9.8,289.8,279.0,FLING,,WDA7435,60,0,29,6,,60,A
366843280,2023-07-16T10:59:44,28.16650,-94.29485,8.5,306.2,291.0,FLING,,WDA7435,60,0,29,6,,60,A
366843280,2023-07-16T11:04:44,28.16661,-94.29699,1.4,150.4,185.0,FLING,,WDA7435,60,0,29,6,,60,A
366843280,2023-07-16T11:05:54,28.16666,-94.29698,2.5,210.7,193.0,FLING,,WDA7435,60,0,29,6,,60,A
366843280,2023-07-16T11:07:04,28.16663,-94.29689,1.0,15.0,139.0,FLING,,WDA7435,60,0,29,6,,60,A
366843280,2023-07-16T11:10:44,28.16676,-94.29694,0.2,360.0,185.0,FLING,,WDA7435,60,3,29,6,,60,A
366843280,2023-07-16T11:17:14,28.16676,-94.29693,0.7,107.9,188.0,FLING,,WDA7435,60,3,29,6,,60,A
366843280,2023-07-16T11:18:15,28.16675,-94.29694,0.4,255.0,202.0,FLING,,WDA7435,60,3,29,6,,60,A
366843280,2023-07-16T11:20:34,28.16673,-94.29688,0.5,122.1,182.0,FLING,,WDA7435,60,3,29,6,,60,A
366843280,2023-07-16T11:21:45,28.16672,-94.29688,0.7,318.4,211.0,FLING,,WDA7435,60,3,29,6,,60,A
366843280,2023-07-16T11:26:35,28.16677,-94.29696,0.1,360.0,199.0,FLING,,WDA7435,60,3,29,6,,60,A
366843280,2023-07-16T11:29:05,28.16677,-94.29698,0.1,360.0,201.0,FLING,,WDA7435,60,3,29,6,,60,A
366843280,2023-07-16T11:30:14,28.16676,-94.29695,0.6,83.8,189.0,FLING,,WDA7435,60,3,29,6,,60,A
366843280,2023-07-16T11:31:35,28.16675,-94.29690,0.3,127.2,197.0,FLING,,WDA7435,60,3,29,6,,60,A
366843280,2023-07-16T11:32:54,28.16676,-94.29693,0.1,360.0,202.0,FLING,,WDA7435,60,3,29,6,,60,A
366843280,2023-07-16T11:34:05,28.16677,-94.29694,0.2,360.0,204.0,FLING,,WDA7435,60,3,29,6,,60,A
366843280,2023-07-16T11:35:44,28.16676,-94.29696,0.5,74.4,200.0,FLING,,WDA7435,60,3,29,6,,60,A
366843280,2023-07-16T11:36:54,28.16677,-94.29694,0.4,29.8,196.0,FLING,,WDA7435,60,3,29,6,,60,A
366843280,2023-07-16T11:38:14,28.16677,-94.29696,0.5,227.8,197.0,FLING,,WDA7435,60,3,29,6,,60,A
366843280,2023-07-16T11:41:05,28.16677,-94.29696,0.3,213.9,198.0,FLING,,WDA7435,60,3,29,6,,60,A
366843280,2023-07-16T11:42:14,28.16676,-94.29695,0.1,360.0,192.0,FLING,,WDA7435,60,3,29,6,,60,A
366843280,2023-07-16T11:43:15,28.16677,-94.29694,0.3,313.6,199.0,FLING,,WDA7435,60,3,29,6,,60,A
366843280,2023-07-16T11:44:54,28.16677,-94.29696,1.2,266.6,204.0,FLING,,WDA7435,60,3,29,6,,60,A
366843280,2023-07-16T10:53:24,28.16014,-94.27708,9.8,298.0,288.0,FLING,,WDA7435,60,0,29,6,,60,A
366843280,2023-07-16T10:55:05,28.16173,-94.28188,9.6,289.0,279.0,FLING,,WDA7435,60,0,29,6,,60,A
366843280,2023-08-19T21:26:20,28.16628,-94.29750,0.1,360.0,45.0,FLING,,WDA7435,60,0,29,6,,60,A
366843280,2023-08-19T21:27:50,28.16627,-94.29750,0.0,360.0,57.0,FLING,,WDA7435,60,0,29,6,,60,A
366843280,2023-08-19T21:29:20,28.16626,-94.29750,0.1,360.0,67.0,FLING,,WDA7435,60,0,29,6,,60,A
366843280,2023-08-19T21:31:41,28.16622,-94.29749,0.4,85.6,82.0,FLING,,WDA7435,60,0,29,6,,60,A
366843280,2023-08-19T21:34:01,28.16611,-94.29737,0.3,55.8,77.0,FLING,,WDA7435,60,0,29,6,,60,A
366843280,2023-08-19T21:35:29,28.16608,-94.29730,0.4,83.5,75.0,FLING,,WDA7435,60,0,29,6,,60,A
366843280,2023-08-19T21:37:11,28.16606,-94.29724,0.2,360.0,63.0,FLING,,WDA7435,60,0,29,6,,60,A
366843280,2023-08-19T21:38:20,28.16606,-94.29721,0.1,360.0,59.0,FLING,,WDA7435,60,0,29,6,,60,A
366843280,2023-08-19T21:39:50,28.16606,-94.29721,0.1,360.0,55.0,FLING,,WDA7435,60,0,29,6,,60,A
366843280,2023-08-19T21:42:10,28.16608,-94.29730,0.2,245.3,56.0,FLING,,WDA7435,60,0,29,6,,60,A
366843280,2023-08-19T21:43:20,28.16608,-94.29736,0.4,322.8,55.0,FLING,,WDA7435,60,0,29,6,,60,A
366843280,2023-08-19T21:45:10,28.16609,-94.29737,0.2,360.0,57.0,FLING,,WDA7435,60,0,29,6,,60,A
366843280,2023-08-19T21:46:20,28.16611,-94.29739,0.3,302.0,51.0,FLING,,WDA7435,60,0,29,6,,60,A
366843280,2023-08-19T21:48:50,28.16616,-94.29745,0.1,360.0,56.0,FLING,,WDA7435,60,0,29,6,,60,A
366843280,2023-08-19T21:50:11,28.16617,-94.29747,0.3,306.5,60.0,FLING,,WDA7435,60,0,29,6,,60,A
366843280,2023-08-19T21:53:11,28.16617,-94.29747,0.0,360.0,72.0,FLING,,WDA7435,60,0,29,6,,60,A
366843280,2023-08-19T21:54:30,28.16616,-94.29746,0.5,278.1,77.0,FLING,,WDA7435,60,0,29,6,,60,A
366843280,2023-08-19T22:06:30,28.16620,-94.29748,0.1,360.0,86.0,FLING,,WDA7435,60,0,29,6,,60,A
366843280,2023-08-19T22:09:09,28.16618,-94.29746,0.3,162.8,93.0,FLING,,WDA7435,60,0,29,6,,60,A
366843280,2023-08-19T22:12:11,28.16614,-94.29743,0.3,48.3,89.0,FLING,,WDA7435,60,0,29,6,,60,A
366843280,2023-08-19T22:13:20,28.16613,-94.29742,0.1,360.0,86.0,FLING,,WDA7435,60,0,29,6,,60,A
366843280,2023-08-19T22:15:20,28.16612,-94.29741,0.0,360.0,83.0,FLING,,WDA7435,60,0,29,6,,60,A
366843280,2023-08-19T22:16:29,28.16611,-94.29739,0.4,75.2,83.0,FLING,,WDA7435,60,0,29,6,,60,A
366843280,2023-08-19T22:18:29,28.16611,-94.29739,0.2,360.0,81.0,FLING,,WDA7435,60,0,29,6,,60,A
366843280,2023-08-19T22:23:51,28.16611,-94.29739,0.2,360.0,82.0,FLING,,WDA7435,60,0,29,6,,60,A
366843280,2023-08-19T22:25:10,28.16613,-94.29740,0.1,360.0,82.0,FLING,,WDA7435,60,0,29,6,,60,A
366843280,2023-08-19T22:26:51,28.16617,-94.29745,0.1,360.0,91.0,FLING,,WDA7435,60,0,29,6,,60,A
366843280,2023-08-19T22:28:51,28.16619,-94.29746,0.2,360.0,93.0,FLING,,WDA7435,60,0,29,6,,60,A
366843280,2023-08-19T22:31:00,28.16618,-94.29744,0.0,360.0,97.0,FLING,,WDA7435,60,0,29,6,,60,A
366843280,2023-08-19T22:32:49,28.16616,-94.29742,0.5,40.7,99.0,FLING,,WDA7435,60,0,29,6,,60,A
366843280,2023-08-19T22:34:50,28.16613,-94.29739,0.2,360.0,89.0,FLING,,WDA7435,60,0,29,6,,60,A
366843280,2023-08-19T22:36:10,28.16612,-94.29738,0.6,48.7,84.0,FLING,,WDA7435,60,0,29,6,,60,A
366843280,2023-08-19T22:37:20,28.16611,-94.29736,0.2,360.0,83.0,FLING,,WDA7435,60,0,29,6,,60,A
366843280,2023-08-19T22:40:19,28.16613,-94.29738,0.3,284.0,88.0,FLING,,WDA7435,60,0,29,6,,60,A
366843280,2023-08-19T22:41:29,28.16615,-94.29743,0.5,278.7,87.0,FLING,,WDA7435,60,0,29,6,,60,A
366843280,2023-08-19T22:42:50,28.16618,-94.29746,0.1,360.0,92.0,FLING,,WDA7435,60,0,29,6,,60,A
366843280,2023-08-19T22:44:00,28.16620,-94.29748,0.2,360.0,95.0,FLING,,WDA7435,60,0,29,6,,60,A
366843280,2023-08-19T22:46:00,28.16625,-94.29750,0.1,360.0,102.0,FLING,,WDA7435,60,0,29,6,,60,A
366843280,2023-08-19T22:47:39,28.16627,-94.29751,0.2,360.0,105.0,FLING,,WDA7435,60,0,29,6,,60,A
366843280,2023-08-19T22:54:30,28.16629,-94.29750,0.8,5.3,121.0,FLING,,WDA7435,60,0,29,6,,60,A
366843280,2023-08-19T22:55:59,28.16629,-94.29751,0.6,337.9,116.0,FLING,,WDA7435,60,0,29,6,,60,A
366843280,2023-08-19T22:57:30,28.16628,-94.29750,0.2,360.0,113.0,FLING,,WDA7435,60,0,29,6,,60,A
366843280,2023-08-19T22:58:39,28.16627,-94.29750,0.1,360.0,111.0,FLING,,WDA7435,60,0,29,6,,60,A
366843280,2023-08-19T23:00:20,28.16625,-94.29749,0.3,192.5,111.0,FLING,,WDA7435,60,0,29,6,,60,A
366843280,2023-08-19T23:05:00,28.16622,-94.29748,0.4,313.7,108.0,FLING,,WDA7435,60,0,29,6,,60,A
366843280,2023-08-19T23:13:21,28.16633,-94.29753,0.7,276.3,114.0,FLING,,WDA7435,60,0,29,6,,60,A
366843280,2023-08-19T23:14:59,28.16631,-94.29753,0.1,360.0,109.0,FLING,,WDA7435,60,0,29,6,,60,A
366843280,2023-08-19T23:16:40,28.16628,-94.29751,0.3,117.2,116.0,FLING,,WDA7435,60,0,29,6,,60,A
366843280,2023-08-19T23:18:10,28.16627,-94.29750,0.5,187.7,117.0,FLING,,WDA7435,60,0,29,6,,60,A
366843280,2023-08-19T23:20:40,28.16623,-94.29749,0.1,360.0,115.0,FLING,,WDA7435,60,0,29,6,,60,A
366843280,2023-08-19T23:21:59,28.16623,-94.29749,0.6,260.8,112.0,FLING,,WDA7435,60,0,29,6,,60,A
366843280,2023-08-19T23:23:49,28.16623,-94.29750,0.1,360.0,103.0,FLING,,WDA7435,60,0,29,6,,60,A
366843280,2023-08-19T23:33:50,28.16619,-94.29748,0.1,360.0,92.0,FLING,,WDA7435,60,0,29,6,,60,A
366843280,2023-08-19T23:35:40,28.16620,-94.29749,0.1,360.0,93.0,FLING,,WDA7435,60,0,29,6,,60,A
366843280,2023-08-19T23:36:59,28.16622,-94.29750,0.0,360.0,93.0,FLING,,WDA7435,60,0,29,6,,60,A
366843280,2023-08-19T23:38:59,28.16625,-94.29752,0.1,360.0,100.0,FLING,,WDA7435,60,0,29,6,,60,A
366843280,2023-08-19T23:40:59,28.16627,-94.29753,0.1,360.0,103.0,FLING,,WDA7435,60,0,29,6,,60,A
366843280,2023-08-19T23:49:51,28.16621,-94.29749,0.1,360.0,102.0,FLING,,WDA7435,60,0,29,6,,60,A
366843280,2023-08-19T23:51:30,28.16622,-94.29750,0.2,360.0,105.0,FLING,,WDA7435,60,0,29,6,,60,A
366843280,2023-08-19T23:53:30,28.16628,-94.29752,0.2,360.0,113.0,FLING,,WDA7435,60,0,29,6,,60,A
366843280,2023-08-19T23:54:49,28.16630,-94.29753,0.8,230.0,112.0,FLING,,WDA7435,60,0,29,6,,60,A
366843280,2023-08-19T23:56:19,28.16631,-94.29753,0.4,327.1,111.0,FLING,,WDA7435,60,0,29,6,,60,A
366843280,2023-08-19T23:57:30,28.16631,-94.29753,0.1,360.0,113.0,FLING,,WDA7435,60,0,29,6,,60,A
366843280,2023-08-19T23:58:49,28.16631,-94.29754,0.3,298.0,111.0,FLING,,WDA7435,60,0,29,6,,60,A
366843280,2023-08-20T00:00:01,28.16630,-94.29754,0.1,360.0,114.0,FLING,,WDA7435,60,0,29,6,,60,A
366843280,2023-08-20T00:03:10,28.16631,-94.29754,0.3,116.4,115.0,FLING,,WDA7435,60,0,29,6,,60,A
366843280,2023-09-09T13:36:23,28.16600,-94.29712,0.6,89.9,3.0,FLING,,WDA7435,60,0,29,6,,60,A
366843280,2023-09-09T13:57:04,28.16602,-94.29706,0.7,138.0,322.0,FLING,,WDA7435,60,0,29,6,,60,A
366843280,2023-09-09T14:19:35,28.16627,-94.29681,1.4,117.4,298.0,FLING,,WDA7435,60,0,29,6,,60,A
366843280,2023-09-09T14:22:35,28.16634,-94.29681,0.6,275.2,298.0,FLING,,WDA7435,60,0,29,6,,60,A
366843280,2023-09-09T14:23:54,28.16642,-94.29688,0.3,261.1,294.0,FLING,,WDA7435,60,0,29,6,,60,A
366843280,2023-09-09T14:25:45,28.16650,-94.29689,0.2,360.0,287.0,FLING,,WDA7435,60,0,29,6,,60,A
366843280,2023-09-09T14:26:54,28.16651,-94.29689,0.2,360.0,276.0,FLING,,WDA7435,60,0,29,6,,60,A
366843280,2023-09-09T14:29:41,28.16650,-94.29687,0.3,267.1,275.0,FLING,,WDA7435,60,0,29,6,,60,A
366843280,2023-09-09T14:30:44,28.16652,-94.29691,0.6,197.3,280.0,FLING,,WDA7435,60,0,29,6,,60,A
366843280,2023-09-09T15:29:54,28.16616,-94.29685,0.5,322.2,289.0,FLING,,WDA7435,60,0,29,6,,60,A
366843280,2023-09-09T15:31:04,28.16614,-94.29688,1.4,353.5,295.0,FLING,,WDA7435,60,0,29,6,,60,A
366843280,2023-09-09T15:32:34,28.16609,-94.29692,0.1,360.0,296.0,FLING,,WDA7435,60,0,29,6,,60,A
366843280,2023-09-09T15:33:44,28.16609,-94.29694,0.3,356.0,300.0,FLING,,WDA7435,60,0,29,6,,60,A
366843280,2023-09-09T15:35:05,28.16609,-94.29690,0.1,360.0,302.0,FLING,,WDA7435,60,0,29,6,,60,A
366843280,2023-09-09T15:36:33,28.16611,-94.29693,1.5,283.7,299.0,FLING,,WDA7435,60,0,29,6,,60,A
366843280,2023-09-09T15:37:41,28.16607,-94.29692,0.3,185.6,290.0,FLING,,WDA7435,60,0,29,6,,60,A
366843280,2023-09-09T15:38:45,28.16610,-94.29690,0.3,360.0,307.0,FLING,,WDA7435,60,0,29,6,,60,A
366843280,2023-09-09T15:40:05,28.16611,-94.29686,0.4,127.1,309.0,FLING,,WDA7435,60,0,29,6,,60,A
366843280,2023-09-09T15:41:41,28.16614,-94.29687,0.4,12.2,301.0,FLING,,WDA7435,60,0,29,6,,60,A
366843280,2023-09-09T15:42:44,28.16615,-94.29684,0.6,144.6,297.0,FLING,,WDA7435,60,0,29,6,,60,A
366843280,2023-09-09T15:44:24,28.16612,-94.29687,0.5,257.6,295.0,FLING,,WDA7435,60,0,29,6,,60,A
366843280,2023-09-09T15:45:44,28.16609,-94.29688,0.2,360.0,301.0,FLING,,WDA7435,60,0,29,6,,60,A
366843280,2023-09-09T15:48:04,28.16606,-94.29693,0.1,360.0,311.0,FLING,,WDA7435,60,0,29,6,,60,A
366843280,2023-09-09T16:00:04,28.16601,-94.29706,0.5,89.6,329.0,FLING,,WDA7435,60,0,29,6,,60,A
366843280,2023-09-09T16:01:25,28.16602,-94.29708,0.5,310.4,325.0,FLING,,WDA7435,60,0,29,6,,60,A
366843280,2023-09-09T16:02:45,28.16600,-94.29705,0.2,61.6,332.0,FLING,,WDA7435,60,0,29,6,,60,A
366843280,2023-09-09T16:03:48,28.16597,-94.29705,0.5,107.8,301.0,FLING,,WDA7435,60,0,29,6,,60,A
366843280,2023-09-09T16:04:51,28.16665,-94.29861,10.7,307.7,303.0,FLING,,WDA7435,60,0,29,6,,60,A
366843280,2023-09-09T16:06:25,28.16969,-94.30239,10.4,317.9,312.0,FLING,,WDA7435,60,0,29,6,,60,A
366843280,2023-09-09T16:07:27,28.17179,-94.30462,10.4,317.9,318.0,FLING,,WDA7435,60,0,29,6,,60,A
366843280,2023-09-09T16:08:45,28.17471,-94.30732,10.6,318.1,315.0,FLING,,WDA7435,60,0,29,6,,60,A
366843280,2023-09-09T16:10:05,28.17736,-94.31039,9.9,321.9,319.0,FLING,,WDA7435,60,0,29,6,,60,A
366843280,2023-09-09T16:11:35,28.18051,-94.31372,9.5,307.2,308.0,FLING,,WDA7435,60,0,29,6,,60,A
366843280,2023-09-09T16:12:45,28.18284,-94.31637,10.3,312.5,316.0,FLING,,WDA7435,60,0,29,6,,60,A
366843280,2023-07-23T04:40:58,28.16668,-94.29733,0.5,70.0,161.0,FLING,,WDA7435,60,5,29,6,,60,A
366843280,2023-07-23T05:16:59,28.16667,-94.29733,0.0,360.0,172.0,FLING,,WDA7435,60,5,29,6,,60,A
366843280,2023-07-23T07:04:59,28.16669,-94.29708,0.2,360.0,188.0,FLING,,WDA7435,60,5,29,6,,60,A
366843280,2023-07-23T07:10:57,28.16669,-94.29709,0.1,360.0,188.0,FLING,,WDA7435,60,5,29,6,,60,A
366843280,2023-07-23T07:40:59,28.16668,-94.29712,0.4,12.5,185.0,FLING,,WDA7435,60,5,29,6,,60,A
211002010,2023-06-09T16:12:59,28.17355,-94.28148,27.0,185.7,511.0,,,,0,,0,0,,,B
211002010,2023-06-09T16:14:30,28.16206,-94.28271,27.5,185.2,511.0,,,,0,,0,0,,,B
211002010,2023-06-09T16:15:31,28.15434,-94.28353,27.5,184.8,511.0,,,,0,,0,0,,,B
367421220,2023-08-16T03:32:22,28.15109,-94.27718,3.2,238.2,511.0,SANDRA G,IMO8940579,WDE9782,30,,23,6,,,B
367421220,2023-08-16T03:34:16,28.15021,-94.27872,3.2,236.0,511.0,SANDRA G,IMO8940579,WDE9782,30,,23,6,,,B
367421220,2023-08-16T03:37:46,28.14850,-94.28151,3.0,240.1,511.0,SANDRA G,IMO8940579,WDE9782,30,,23,6,,,B
338765000,2023-07-22T23:59:05,28.18002,-94.30354,11.0,261.5,263.0,KURT J CROSBY,IMO9231341,WDH4894,31,0,44,15,4.9,31,A
338765000,2023-07-22T23:57:55,28.18064,-94.29954,11.0,260.4,263.0,KURT J CROSBY,IMO9231341,WDH4894,31,0,44,15,4.9,31,A
338765000,2023-07-22T23:51:55,28.18340,-94.27870,11.1,262.4,265.0,KURT J CROSBY,IMO9231341,WDH4894,31,0,44,15,4.9,31,A
338765000,2023-07-22T23:53:05,28.18286,-94.28278,11.1,261.1,264.0,KURT J CROSBY,IMO9231341,WDH4894,31,0,44,15,4.9,31,A
338765000,2023-07-22T23:54:15,28.18234,-94.28680,11.1,262.6,265.0,KURT J CROSBY,IMO9231341,WDH4894,31,0,44,15,4.9,31,A
338765000,2023-07-22T23:55:33,28.18177,-94.29132,11.2,261.7,264.0,KURT J CROSBY,IMO9231341,WDH4894,31,0,44,15,4.9,31,A
338765000,2023-07-22T23:56:44,28.18123,-94.29544,11.1,260.5,264.0,KURT J CROSBY,IMO9231341,WDH4894,31,0,44,15,4.9,31,A
338765000,2023-07-23T00:00:05,28.17952,-94.30704,11.1,261.0,263.0,KURT J CROSBY,IMO9231341,WDH4894,31,0,44,15,4.9,31,A
338765000,2023-07-23T00:01:24,28.17883,-94.31152,11.0,261.1,263.0,KURT J CROSBY,IMO9231341,WDH4894,31,0,44,15,4.9,31,A
338765000,2023-07-23T00:02:44,28.17813,-94.31619,11.2,259.6,263.0,KURT J CROSBY,IMO9231341,WDH4894,31,0,44,15,4.9,31,A
367606280,2024-01-12T01:20:57,28.15060,-94.28497,9.7,51.0,511.0,THERESE DANOS,IMO9097135,WDH3296,70,0,40,22,0.0,70,A
367606280,2024-01-12T01:22:07,28.15247,-94.28205,10.2,56.0,511.0,THERESE DANOS,IMO9097135,WDH3296,70,0,40,22,0.0,70,A
367606280,2024-01-12T01:23:17,28.15428,-94.27924,9.1,59.4,511.0,THERESE DANOS,IMO9097135,WDH3296,70,0,40,22,0.0,70,A
367606280,2024-01-12T01:24:26,28.15615,-94.27635,10.1,49.5,511.0,THERESE DANOS,IMO9097135,WDH3296,70,0,40,22,0.0,70,A
367606280,2024-05-25T18:02:25,28.14901,-94.28191,8.6,46.8,511.0,THERESE DANOS,IMO9097135,WDH3296,70,0,40,22,0.0,70,A
367606280,2024-05-25T18:03:34,28.15094,-94.27934,9.4,54.9,511.0,THERESE DANOS,IMO9097135,WDH3296,70,0,40,22,0.0,70,A
367606280,2024-05-25T18:04:44,28.15282,-94.27671,9.7,55.6,511.0,THERESE DANOS,IMO9097135,WDH3296,70,0,40,22,0.0,70,A
338344206,2024-05-01T05:04:30,28.17799,-94.31193,7.7,132.3,511.0,ESCUELA VIEJA,,N/A,37,,17,3,,,B
338344206,2024-05-01T05:06:30,28.17516,-94.30876,7.7,128.3,511.0,ESCUELA VIEJA,,N/A,37,,17,3,,,B
338344206,2024-05-01T05:07:58,28.17318,-94.30635,7.4,130.8,511.0,ESCUELA VIEJA,,N/A,37,,17,3,,,B
338344206,2024-05-01T05:09:29,28.17114,-94.30385,7.0,140.4,511.0,ESCUELA VIEJA,,N/A,37,,17,3,,,B
338344206,2024-05-01T05:11:29,28.16880,-94.30028,7.4,133.2,511.0,ESCUELA VIEJA,,N/A,37,,17,3,,,B
338344206,2024-05-01T05:13:29,28.16680,-94.29642,7.2,116.2,511.0,ESCUELA VIEJA,,N/A,37,,17,3,,,B
338344206,2024-05-01T05:15:00,28.16631,-94.29508,0.2,360.0,511.0,ESCUELA VIEJA,,N/A,37,,17,3,,,B
338344206,2024-05-01T05:17:00,28.16529,-94.29256,5.0,170.8,511.0,ESCUELA VIEJA,,N/A,37,,17,3,,,B
338344206,2024-05-01T05:21:30,28.15700,-94.29109,8.2,165.0,511.0,ESCUELA VIEJA,,N/A,37,,17,3,,,B
338344206,2024-05-01T05:23:30,28.15287,-94.28997,7.9,173.8,511.0,ESCUELA VIEJA,,N/A,37,,17,3,,,B
338344206,2024-05-01T05:24:31,28.15076,-94.28939,7.7,168.1,511.0,ESCUELA VIEJA,,N/A,37,,17,3,,,B
367509350,2024-05-16T06:27:51,28.15001,-94.28863,14.9,48.4,511.0,CONNOR ANTHONY,IMO8977132,WDF9838,60,0,42,9,3.0,60,A
367509350,2024-05-16T06:28:52,28.15128,-94.28400,18.0,47.4,511.0,CONNOR ANTHONY,IMO8977132,WDF9838,60,0,42,9,3.0,60,A
367509350,2024-05-16T06:29:58,28.15439,-94.27951,17.3,61.8,511.0,CONNOR ANTHONY,IMO8977132,WDF9838,60,0,42,9,3.0,60,A
367544000,2024-06-03T08:55:41,28.14832,-94.29128,4.6,296.8,286.0,EXPLORER,IMO8950463,WDL4164,60,0,55,12,0.0,38,A
367544000,2024-06-03T08:57:29,28.14939,-94.29368,4.8,296.8,287.0,EXPLORER,IMO8950463,WDL4164,60,0,55,12,0.0,38,A
367544000,2024-06-03T08:59:01,28.15023,-94.29563,4.5,297.8,287.0,EXPLORER,IMO8950463,WDL4164,60,0,55,12,0.0,38,A
367544000,2024-06-03T09:00:01,28.15080,-94.29694,4.7,297.5,288.0,EXPLORER,IMO8950463,WDL4164,60,0,55,12,0.0,38,A
367544000,2024-06-03T09:01:20,28.15160,-94.29869,4.6,296.7,287.0,EXPLORER,IMO8950463,WDL4164,60,0,55,12,0.0,38,A
367544000,2024-06-03T09:02:30,28.15229,-94.30019,4.6,297.0,288.0,EXPLORER,IMO8950463,WDL4164,60,0,55,12,0.0,38,A
367544000,2024-06-03T09:04:20,28.15338,-94.30259,4.5,296.3,287.0,EXPLORER,IMO8950463,WDL4164,60,0,55,12,0.0,38,A
367544000,2024-06-03T09:05:41,28.15416,-94.30433,4.6,299.3,289.0,EXPLORER,IMO8950463,WDL4164,60,0,55,12,0.0,38,A
367544000,2024-06-03T09:07:41,28.15537,-94.30689,4.6,295.1,289.0,EXPLORER,IMO8950463,WDL4164,60,0,55,12,0.0,38,A
367544000,2024-06-03T09:08:49,28.15606,-94.30837,4.7,298.1,287.0,EXPLORER,IMO8950463,WDL4164,60,0,55,12,0.0,38,A
367544000,2024-06-03T09:12:01,28.15797,-94.31256,4.7,298.8,287.0,EXPLORER,IMO8950463,WDL4164,60,0,55,12,0.0,38,A
367544000,2024-06-03T09:13:10,28.15862,-94.31410,4.7,298.5,287.0,EXPLORER,IMO8950463,WDL4164,60,0,55,12,0.0,38,A
368343920,2024-06-08T03:45:30,28.18378,-94.30332,5.2,199.4,511.0,INVICTUS,,WDP3274,36,,13,4,,,B
368343920,2024-06-08T03:48:30,28.17958,-94.30356,5.1,161.4,511.0,INVICTUS,,WDP3274,36,,13,4,,,B
368343920,2024-06-08T03:51:30,28.17569,-94.30219,5.1,156.5,511.0,INVICTUS,,WDP3274,36,,13,4,,,B
368343920,2024-06-08T03:55:01,28.17110,-94.30055,5.0,155.9,511.0,INVICTUS,,WDP3274,36,,13,4,,,B
368343920,2024-06-08T03:57:01,28.16830,-94.29940,5.1,165.3,511.0,INVICTUS,,WDP3274,36,,13,4,,,B
368343920,2024-06-08T03:58:32,28.16657,-94.29817,5.1,147.2,511.0,INVICTUS,,WDP3274,36,,13,4,,,B
368343920,2024-06-08T04:00:03,28.16511,-94.29751,3.1,201.3,511.0,INVICTUS,,WDP3274,36,,13,4,,,B
368343920,2024-06-08T04:02:03,28.16530,-94.29673,0.8,24.0,511.0,INVICTUS,,WDP3274,36,,13,4,,,B
368343920,2024-06-08T04:04:31,28.16551,-94.29636,1.3,93.3,511.0,INVICTUS,,WDP3274,36,,13,4,,,B
368343920,2024-06-08T04:06:02,28.16548,-94.29625,1.1,46.7,511.0,INVICTUS,,WDP3274,36,,13,4,,,B
368343920,2024-06-08T04:08:02,28.16540,-94.29633,0.5,197.0,511.0,INVICTUS,,WDP3274,36,,13,4,,,B
368343920,2024-06-08T04:12:04,28.16547,-94.29632,0.3,223.4,511.0,INVICTUS,,WDP3274,36,,13,4,,,B
368343920,2024-06-08T04:15:03,28.16547,-94.29633,0.1,360.0,511.0,INVICTUS,,WDP3274,36,,13,4,,,B
368343920,2024-06-08T04:27:01,28.16545,-94.29639,0.6,359.6,511.0,INVICTUS,,WDP3274,36,,13,4,,,B
368343920,2024-06-08T04:30:01,28.16547,-94.29640,0.4,360.0,511.0,INVICTUS,,WDP3274,36,,13,4,,,B
368343920,2024-06-08T04:33:03,28.16548,-94.29638,1.0,22.4,511.0,INVICTUS,,WDP3274,36,,13,4,,,B
368343920,2024-06-08T04:36:01,28.16544,-94.29639,0.9,250.3,511.0,INVICTUS,,WDP3274,36,,13,4,,,B
368343920,2024-06-08T04:39:02,28.16548,-94.29638,0.5,284.1,511.0,INVICTUS,,WDP3274,36,,13,4,,,B
368343920,2024-06-08T04:45:03,28.16551,-94.29635,0.5,66.8,511.0,INVICTUS,,WDP3274,36,,13,4,,,B
368343920,2024-06-08T04:54:02,28.16552,-94.29636,0.2,360.0,511.0,INVICTUS,,WDP3274,36,,13,4,,,B
368343920,2024-06-08T05:03:03,28.16553,-94.29633,0.3,360.0,511.0,INVICTUS,,WDP3274,36,,13,4,,,B
368343920,2024-06-08T12:08:23,28.17988,-94.29813,6.1,343.5,511.0,INVICTUS,,WDP3274,36,,13,4,,,B
538009699,2024-06-07T14:39:31,28.14916,-94.28727,9.2,17.0,14.0,SUBSEA RESPONDER IV,IMO9400693,V7A5057,70,0,90,18,5.1,70,A
538009699,2024-06-07T14:41:22,28.15363,-94.28563,9.1,17.6,15.0,SUBSEA RESPONDER IV,IMO9400693,V7A5057,70,0,90,18,5.1,70,A
538009699,2024-06-07T14:47:21,28.16826,-94.28067,9.0,15.9,15.0,SUBSEA RESPONDER IV,IMO9400693,V7A5057,70,0,90,18,5.1,70,A
538009699,2024-06-07T14:48:43,28.17157,-94.27961,9.0,15.1,15.0,SUBSEA RESPONDER IV,IMO9400693,V7A5057,70,0,90,18,5.1,70,A
538009699,2024-06-07T14:50:01,28.17479,-94.27860,9.1,15.3,15.0,SUBSEA RESPONDER IV,IMO9400693,V7A5057,70,0,90,18,5.1,70,A
538009699,2024-06-07T14:51:21,28.17805,-94.27759,9.0,15.7,15.0,SUBSEA RESPONDER IV,IMO9400693,V7A5057,70,0,90,18,5.1,70,A
538009699,2024-06-07T14:52:31,28.18092,-94.27670,9.0,15.2,14.0,SUBSEA RESPONDER IV,IMO9400693,V7A5057,70,0,90,18,5.1,70,A
338475754,2024-03-22T15:33:51,28.18263,-94.30010,8.8,146.6,511.0,CHEROKEE CHIEF,,,37,,15,6,,,B
338475754,2024-03-22T15:48:54,28.16660,-94.28835,7.8,326.5,511.0,CHEROKEE CHIEF,,,37,,15,6,,,B
338475754,2024-03-22T15:56:23,28.17323,-94.28512,6.6,244.0,511.0,CHEROKEE CHIEF,,,37,,15,6,,,B
338475754,2024-03-22T15:59:23,28.17005,-94.29139,6.7,234.7,511.0,CHEROKEE CHIEF,,,37,,15,6,,,B
338475754,2024-03-22T16:00:23,28.16834,-94.29283,8.1,185.8,511.0,CHEROKEE CHIEF,,,37,,15,6,,,B
338475754,2024-03-22T16:02:23,28.16384,-94.29244,8.0,158.4,511.0,CHEROKEE CHIEF,,,37,,15,6,,,B
338475754,2024-03-22T16:25:50,28.17567,-94.30016,5.6,338.3,511.0,CHEROKEE CHIEF,,,37,,15,6,,,B
338475754,2024-03-22T16:38:23,28.16671,-94.28402,7.0,26.5,511.0,CHEROKEE CHIEF,,,37,,15,6,,,B
338475754,2024-03-22T16:56:51,28.16815,-94.29073,7.3,252.0,511.0,CHEROKEE CHIEF,,,37,,15,6,,,B
338475754,2024-03-22T16:59:51,28.16726,-94.29595,3.6,278.8,511.0,CHEROKEE CHIEF,,,37,,15,6,,,B
338475754,2024-03-22T17:11:23,28.16624,-94.29203,9.1,251.3,511.0,CHEROKEE CHIEF,,,37,,15,6,,,B
338475754,2024-03-22T17:15:54,28.17003,-94.28920,8.4,311.9,511.0,CHEROKEE CHIEF,,,37,,15,6,,,B
338475754,2024-03-22T17:18:53,28.16600,-94.29223,8.5,100.2,511.0,CHEROKEE CHIEF,,,37,,15,6,,,B
338475754,2024-03-22T17:20:23,28.16832,-94.29122,7.9,280.5,511.0,CHEROKEE CHIEF,,,37,,15,6,,,B
338475754,2024-03-22T17:57:21,28.16213,-94.29799,8.3,197.3,511.0,CHEROKEE CHIEF,,,37,,15,6,,,B
338475754,2024-03-22T18:29:23,28.17154,-94.28925,6.7,325.5,511.0,CHEROKEE CHIEF,,,37,,15,6,,,B
338475754,2024-03-29T12:14:51,28.16701,-94.30142,3.8,304.6,511.0,CHEROKEE CHIEF,,,37,,15,6,,,B
369493387,2024-02-14T22:21:14,28.18302,-94.29535,6.9,197.7,192.0,CG ALLIGATOR,,NYNA,55,0,26,6,1.7,51,A
369493387,2024-02-14T22:24:13,28.17743,-94.29696,6.8,192.2,193.0,CG ALLIGATOR,,NYNA,55,0,26,6,1.7,51,A
369493387,2024-02-14T22:26:03,28.17402,-94.29781,6.8,183.7,186.0,CG ALLIGATOR,,NYNA,55,0,26,6,1.7,51,A
369493387,2024-02-14T22:27:31,28.17124,-94.29796,6.8,170.5,168.0,CG ALLIGATOR,,NYNA,55,0,26,6,1.7,51,A
369493387,2024-02-14T22:30:24,28.16599,-94.29663,6.7,179.9,178.0,CG ALLIGATOR,,NYNA,55,0,26,6,1.7,51,A
369493387,2024-02-14T22:36:00,28.16145,-94.29870,6.9,317.9,327.0,CG ALLIGATOR,,NYNA,55,0,26,6,1.7,51,A
369493387,2024-02-14T22:37:40,28.16467,-94.29926,7.5,39.1,55.0,CG ALLIGATOR,,NYNA,55,0,26,6,1.7,51,A
369493387,2024-02-14T22:39:00,28.16564,-94.29674,3.5,75.3,95.0,CG ALLIGATOR,,NYNA,55,0,26,6,1.7,51,A
369493387,2024-02-14T22:40:01,28.16563,-94.29620,1.0,46.3,138.0,CG ALLIGATOR,,NYNA,55,0,26,6,1.7,51,A
369493387,2024-02-14T22:41:30,28.16568,-94.29628,0.4,222.7,159.0,CG ALLIGATOR,,NYNA,55,0,26,6,1.7,51,A
369493387,2024-02-14T22:42:44,28.16564,-94.29634,0.5,70.3,154.0,CG ALLIGATOR,,NYNA,55,0,26,6,1.7,51,A
369493387,2024-02-14T22:44:03,28.16562,-94.29637,0.4,46.7,137.0,CG ALLIGATOR,,NYNA,55,0,26,6,1.7,51,A
369493387,2024-02-14T22:54:23,28.16561,-94.29635,0.2,208.7,135.0,CG ALLIGATOR,,NYNA,55,0,26,6,1.7,51,A
369493387,2024-02-14T22:55:33,28.16561,-94.29636,0.3,251.7,139.0,CG ALLIGATOR,,NYNA,55,0,26,6,1.7,51,A
369493387,2024-02-14T23:02:13,28.16559,-94.29639,0.1,214.7,135.0,CG ALLIGATOR,,NYNA,55,0,26,6,1.7,51,A
369493387,2024-02-14T23:03:44,28.16560,-94.29637,0.4,226.4,132.0,CG ALLIGATOR,,NYNA,55,0,26,6,1.7,51,A
369493387,2024-02-14T23:05:34,28.16561,-94.29635,0.4,211.6,132.0,CG ALLIGATOR,,NYNA,55,0,26,6,1.7,51,A
369493387,2024-02-14T23:06:43,28.16561,-94.29636,0.1,217.5,138.0,CG ALLIGATOR,,NYNA,55,0,26,6,1.7,51,A
369493387,2024-02-14T23:20:25,28.16558,-94.29637,0.5,198.1,131.0,CG ALLIGATOR,,NYNA,55,0,26,6,1.7,51,A
369493387,2024-02-14T23:22:45,28.16562,-94.29633,0.6,38.0,135.0,CG ALLIGATOR,,NYNA,55,0,26,6,1.7,51,A
369493387,2024-02-14T23:30:14,28.16558,-94.29637,0.9,41.5,133.0,CG ALLIGATOR,,NYNA,55,0,26,6,1.7,51,A
369493387,2024-02-14T23:32:03,28.16557,-94.29637,0.7,47.4,131.0,CG ALLIGATOR,,NYNA,55,0,26,6,1.7,51,A
369493387,2024-02-14T23:35:23,28.16558,-94.29637,1.1,46.2,135.0,CG ALLIGATOR,,NYNA,55,0,26,6,1.7,51,A
369493387,2024-02-14T23:39:41,28.16543,-94.29787,4.3,296.0,318.0,CG ALLIGATOR,,NYNA,55,0,26,6,1.7,51,A
369493387,2024-02-14T23:40:44,28.16617,-94.29795,3.7,27.1,42.0,CG ALLIGATOR,,NYNA,55,0,26,6,1.7,51,A
369493387,2024-02-14T23:41:47,28.16660,-94.29782,2.2,53.6,90.0,CG ALLIGATOR,,NYNA,55,0,26,6,1.7,51,A
369493387,2024-02-14T23:42:57,28.16659,-94.29731,0.8,214.5,136.0,CG ALLIGATOR,,NYNA,55,0,26,6,1.7,51,A
369493387,2024-02-14T23:44:20,28.16667,-94.29743,0.2,67.5,156.0,CG ALLIGATOR,,NYNA,55,0,26,6,1.7,51,A
369493387,2024-02-14T23:45:44,28.16659,-94.29749,0.3,251.2,131.0,CG ALLIGATOR,,NYNA,55,0,26,6,1.7,51,A
369493387,2024-02-14T23:47:44,28.16657,-94.29760,0.3,247.2,134.0,CG ALLIGATOR,,NYNA,55,0,26,6,1.7,51,A
369493387,2024-02-14T23:48:53,28.16655,-94.29760,0.5,28.3,128.0,CG ALLIGATOR,,NYNA,55,0,26,6,1.7,51,A
369493387,2024-02-14T23:50:03,28.16656,-94.29761,0.2,219.7,127.0,CG ALLIGATOR,,NYNA,55,0,26,6,1.7,51,A
369493387,2024-02-14T23:53:13,28.16656,-94.29760,0.4,198.1,120.0,CG ALLIGATOR,,NYNA,55,0,26,6,1.7,51,A
369493387,2024-02-14T23:55:25,28.16657,-94.29760,0.2,198.7,126.0,CG ALLIGATOR,,NYNA,55,0,26,6,1.7,51,A
369493387,2024-02-14T23:57:03,28.16654,-94.29761,0.8,205.0,118.0,CG ALLIGATOR,,NYNA,55,0,26,6,1.7,51,A
369493387,2024-02-14T23:58:41,28.16658,-94.29759,0.1,202.4,121.0,CG ALLIGATOR,,NYNA,55,0,26,6,1.7,51,A
369493387,2024-02-14T23:59:43,28.16657,-94.29760,0.4,37.8,131.0,CG ALLIGATOR,,NYNA,55,0,26,6,1.7,51,A
369493387,2024-02-15T00:00:13,28.16656,-94.29760,0.7,213.7,130.0,CG ALLIGATOR,,NYNA,55,0,26,6,1.7,51,A
369493387,2024-02-15T00:01:14,28.16655,-94.29761,0.2,190.1,121.0,CG ALLIGATOR,,NYNA,55,0,26,6,1.7,51,A
369493387,2024-02-15T00:02:24,28.16654,-94.29761,0.0,27.1,124.0,CG ALLIGATOR,,NYNA,55,0,26,6,1.7,51,A
369493387,2024-02-15T00:04:14,28.16653,-94.29762,0.1,20.4,122.0,CG ALLIGATOR,,NYNA,55,0,26,6,1.7,51,A
369493387,2024-02-15T00:05:43,28.16654,-94.29762,0.1,20.5,117.0,CG ALLIGATOR,,NYNA,55,0,26,6,1.7,51,A
369493387,2024-02-15T00:07:24,28.16653,-94.29762,0.1,218.1,120.0,CG ALLIGATOR,,NYNA,55,0,26,6,1.7,51,A
369493387,2024-02-15T00:09:45,28.16657,-94.29760,0.4,22.8,124.0,CG ALLIGATOR,,NYNA,55,0,26,6,1.7,51,A
369493387,2024-02-15T00:11:04,28.16656,-94.29761,0.6,42.3,127.0,CG ALLIGATOR,,NYNA,55,0,26,6,1.7,51,A
369493387,2024-02-15T00:12:14,28.16653,-94.29762,1.1,208.8,122.0,CG ALLIGATOR,,NYNA,55,0,26,6,1.7,51,A
369493387,2024-02-15T00:13:25,28.16654,-94.29760,0.3,183.2,119.0,CG ALLIGATOR,,NYNA,55,0,26,6,1.7,51,A
369493387,2024-02-15T00:15:24,28.16651,-94.29762,0.3,207.2,120.0,CG ALLIGATOR,,NYNA,55,0,26,6,1.7,51,A
369493387,2024-02-15T00:17:03,28.16651,-94.29764,0.0,188.8,118.0,CG ALLIGATOR,,NYNA,55,0,26,6,1.7,51,A
369493387,2024-02-15T00:18:13,28.16653,-94.29762,0.2,14.8,110.0,CG ALLIGATOR,,NYNA,55,0,26,6,1.7,51,A
369493387,2024-02-15T00:20:23,28.16650,-94.29762,0.0,198.1,128.0,CG ALLIGATOR,,NYNA,55,0,26,6,1.7,51,A
369493387,2024-02-15T00:21:55,28.16647,-94.29765,1.0,26.3,112.0,CG ALLIGATOR,,NYNA,55,0,26,6,1.7,51,A
369493387,2024-02-15T00:23:03,28.16648,-94.29764,0.4,13.8,107.0,CG ALLIGATOR,,NYNA,55,0,26,6,1.7,51,A
369493387,2024-02-15T00:24:14,28.16653,-94.29762,0.9,17.1,114.0,CG ALLIGATOR,,NYNA,55,0,26,6,1.7,51,A
369493387,2024-02-15T00:25:24,28.16655,-94.29761,0.7,205.5,121.0,CG ALLIGATOR,,NYNA,55,0,26,6,1.7,51,A
369493387,2024-02-15T00:26:44,28.16657,-94.29760,0.1,20.1,119.0,CG ALLIGATOR,,NYNA,55,0,26,6,1.7,51,A
369493387,2024-02-15T00:28:24,28.16655,-94.29760,0.2,215.3,133.0,CG ALLIGATOR,,NYNA,55,0,26,6,1.7,51,A
369493387,2024-02-15T00:30:14,28.16648,-94.29764,0.0,200.5,114.0,CG ALLIGATOR,,NYNA,55,0,26,6,1.7,51,A
369493387,2024-02-15T00:38:23,28.16647,-94.29765,0.1,193.2,111.0,CG ALLIGATOR,,NYNA,55,1,26,6,1.7,51,A
369493387,2024-02-15T00:44:24,28.16649,-94.29764,0.1,197.2,115.0,CG ALLIGATOR,,NYNA,55,1,26,6,1.7,51,A
369493387,2024-02-15T00:47:23,28.16647,-94.29765,0.1,168.6,115.0,CG ALLIGATOR,,NYNA,55,1,26,6,1.7,51,A
369493387,2024-02-15T00:50:23,28.16654,-94.29762,0.1,12.9,118.0,CG ALLIGATOR,,NYNA,55,1,26,6,1.7,51,A
369493387,2024-02-15T00:53:24,28.16642,-94.29767,0.6,187.5,105.0,CG ALLIGATOR,,NYNA,55,1,26,6,1.7,51,A
369493387,2024-02-15T01:02:24,28.16653,-94.29762,0.4,191.3,109.0,CG ALLIGATOR,,NYNA,55,1,26,6,1.7,51,A
369493387,2024-02-15T01:05:23,28.16650,-94.29765,0.4,186.4,115.0,CG ALLIGATOR,,NYNA,55,1,26,6,1.7,51,A
369493387,2024-02-15T01:11:25,28.16653,-94.29762,0.3,20.5,117.0,CG ALLIGATOR,,NYNA,55,1,26,6,1.7,51,A
369493387,2024-02-15T01:14:21,28.16654,-94.29762,0.1,6.5,121.0,CG ALLIGATOR,,NYNA,55,1,26,6,1.7,51,A
369493387,2024-02-15T01:17:23,28.16649,-94.29764,0.3,184.9,118.0,CG ALLIGATOR,,NYNA,55,1,26,6,1.7,51,A
369493387,2024-02-15T01:23:24,28.16656,-94.29761,1.0,214.0,134.0,CG ALLIGATOR,,NYNA,55,1,26,6,1.7,51,A
369493387,2024-02-15T01:38:25,28.16657,-94.29762,0.1,214.7,120.0,CG ALLIGATOR,,NYNA,55,1,26,6,1.7,51,A
369493387,2024-02-15T02:02:22,28.16662,-94.29757,0.2,44.5,126.0,CG ALLIGATOR,,NYNA,55,1,26,6,1.7,51,A
369493387,2024-02-15T02:20:21,28.16653,-94.29764,0.4,204.5,115.0,CG ALLIGATOR,,NYNA,55,1,26,6,1.7,51,A
369493387,2024-02-15T02:23:23,28.16651,-94.29764,0.2,190.2,108.0,CG ALLIGATOR,,NYNA,55,1,26,6,1.7,51,A
369493387,2024-02-15T02:38:22,28.16658,-94.29762,0.2,9.9,116.0,CG ALLIGATOR,,NYNA,55,1,26,6,1.7,51,A
369493387,2024-02-15T02:41:24,28.16653,-94.29764,0.1,220.7,127.0,CG ALLIGATOR,,NYNA,55,1,26,6,1.7,51,A
369493387,2024-02-15T03:26:24,28.16664,-94.29758,0.1,34.5,132.0,CG ALLIGATOR,,NYNA,55,1,26,6,1.7,51,A
369493387,2024-02-15T03:29:22,28.16666,-94.29757,0.8,41.5,134.0,CG ALLIGATOR,,NYNA,55,1,26,6,1.7,51,A
369493387,2024-02-15T03:32:22,28.16668,-94.29757,0.2,39.3,121.0,CG ALLIGATOR,,NYNA,55,1,26,6,1.7,51,A
369493387,2024-02-15T03:41:25,28.16669,-94.29753,0.4,249.2,130.0,CG ALLIGATOR,,NYNA,55,1,26,6,1.7,51,A
369493387,2024-02-15T03:50:24,28.16668,-94.29757,0.5,46.0,134.0,CG ALLIGATOR,,NYNA,55,1,26,6,1.7,51,A
369493387,2024-02-15T03:56:25,28.16667,-94.29757,0.4,30.3,130.0,CG ALLIGATOR,,NYNA,55,1,26,6,1.7,51,A
369493387,2024-02-15T03:59:25,28.16666,-94.29755,1.0,19.4,123.0,CG ALLIGATOR,,NYNA,55,1,26,6,1.7,51,A
369493387,2024-02-15T04:05:23,28.16670,-94.29753,0.5,39.0,128.0,CG ALLIGATOR,,NYNA,55,1,26,6,1.7,51,A
369493387,2024-02-15T04:08:23,28.16668,-94.29755,0.2,43.9,144.0,CG ALLIGATOR,,NYNA,55,1,26,6,1.7,51,A
369493387,2024-02-15T04:11:23,28.16669,-94.29751,0.7,192.6,126.0,CG ALLIGATOR,,NYNA,55,1,26,6,1.7,51,A
369493387,2024-02-15T04:17:25,28.16669,-94.29755,0.3,22.4,117.0,CG ALLIGATOR,,NYNA,55,1,26,6,1.7,51,A
369493387,2024-02-15T04:26:25,28.16673,-94.29750,0.7,242.1,137.0,CG ALLIGATOR,,NYNA,55,1,26,6,1.7,51,A
369493387,2024-02-15T05:11:24,28.16679,-94.29733,0.1,42.6,159.0,CG ALLIGATOR,,NYNA,55,1,26,6,1.7,51,A
369493387,2024-02-15T05:41:21,28.16677,-94.29739,0.7,220.3,151.0,CG ALLIGATOR,,NYNA,55,1,26,6,1.7,51,A
369493387,2024-02-15T06:11:25,28.16674,-94.29743,0.3,209.5,145.0,CG ALLIGATOR,,NYNA,55,1,26,6,1.7,51,A
369493387,2024-02-15T06:17:25,28.16678,-94.29735,0.4,220.3,173.0,CG ALLIGATOR,,NYNA,55,1,26,6,1.7,51,A
369493387,2024-02-15T06:35:25,28.16679,-94.29729,0.8,51.7,162.0,CG ALLIGATOR,,NYNA,55,1,26,6,1.7,51,A
369493387,2024-02-15T06:38:22,28.16677,-94.29734,0.5,75.7,145.0,CG ALLIGATOR,,NYNA,55,1,26,6,1.7,51,A
369493387,2024-02-15T06:47:22,28.16677,-94.29732,1.0,242.7,153.0,CG ALLIGATOR,,NYNA,55,1,26,6,1.7,51,A
369493387,2024-02-15T07:11:22,28.16673,-94.29740,0.6,57.0,148.0,CG ALLIGATOR,,NYNA,55,1,26,6,1.7,51,A
369493387,2024-02-15T07:35:22,28.16675,-94.29738,0.4,81.4,165.0,CG ALLIGATOR,,NYNA,55,1,26,6,1.7,51,A
369493387,2024-02-15T07:38:22,28.16675,-94.29741,0.9,248.5,151.0,CG ALLIGATOR,,NYNA,55,1,26,6,1.7,51,A
369493387,2024-02-15T07:41:25,28.16674,-94.29743,0.9,45.2,147.0,CG ALLIGATOR,,NYNA,55,1,26,6,1.7,51,A
369493387,2024-02-15T08:05:25,28.16676,-94.29733,0.1,76.1,147.0,CG ALLIGATOR,,NYNA,55,1,26,6,1.7,51,A
369493387,2024-02-15T08:08:23,28.16677,-94.29735,0.4,58.0,142.0,CG ALLIGATOR,,NYNA,55,1,26,6,1.7,51,A
369493387,2024-02-15T08:17:22,28.16679,-94.29729,1.8,259.1,165.0,CG ALLIGATOR,,NYNA,55,1,26,6,1.7,51,A
369493387,2024-02-15T08:22:43,28.16679,-94.29738,3.1,260.0,169.0,CG ALLIGATOR,,NYNA,55,1,26,6,1.7,51,A
369493387,2024-02-15T08:23:53,28.16675,-94.29740,0.9,43.9,143.0,CG ALLIGATOR,,NYNA,55,1,26,6,1.7,51,A
369493387,2024-02-15T08:31:54,28.16674,-94.29743,0.3,232.5,162.0,CG ALLIGATOR,,NYNA,55,1,26,6,1.7,51,A
369493387,2024-02-15T08:40:54,28.16674,-94.29740,0.3,55.1,145.0,CG ALLIGATOR,,NYNA,55,1,26,6,1.7,51,A
369493387,2024-02-15T08:43:52,28.16673,-94.29744,0.2,247.9,156.0,CG ALLIGATOR,,NYNA,55,1,26,6,1.7,51,A
369493387,2024-02-15T08:49:53,28.16678,-94.29730,0.2,89.9,165.0,CG ALLIGATOR,,NYNA,55,1,26,6,1.7,51,A
369493387,2024-02-15T09:07:54,28.16677,-94.29732,1.0,34.5,146.0,CG ALLIGATOR,,NYNA,55,1,26,6,1.7,51,A
369493387,2024-02-15T09:10:51,28.16677,-94.29734,0.1,49.4,160.0,CG ALLIGATOR,,NYNA,55,1,26,6,1.7,51,A
369493387,2024-02-15T09:19:55,28.16674,-94.29738,1.7,48.0,142.0,CG ALLIGATOR,,NYNA,55,1,26,6,1.7,51,A
369493387,2024-02-15T09:25:55,28.16674,-94.29738,0.4,222.8,154.0,CG ALLIGATOR,,NYNA,55,1,26,6,1.7,51,A
369493387,2024-02-15T09:31:55,28.16674,-94.29740,1.2,227.0,142.0,CG ALLIGATOR,,NYNA,55,1,26,6,1.7,51,A
369493387,2024-02-15T09:34:52,28.16675,-94.29738,0.8,264.4,154.0,CG ALLIGATOR,,NYNA,55,1,26,6,1.7,51,A
369493387,2024-02-15T09:43:54,28.16674,-94.29741,0.4,226.9,162.0,CG ALLIGATOR,,NYNA,55,1,26,6,1.7,51,A
369493387,2024-02-15T09:46:52,28.16672,-94.29742,0.3,219.7,149.0,CG ALLIGATOR,,NYNA,55,1,26,6,1.7,51,A
369493387,2024-02-15T09:58:54,28.16671,-94.29744,0.8,70.6,158.0,CG ALLIGATOR,,NYNA,55,1,26,6,1.7,51,A
369493387,2024-02-15T10:01:53,28.16674,-94.29738,0.1,32.9,150.0,CG ALLIGATOR,,NYNA,55,1,26,6,1.7,51,A
369493387,2024-02-15T10:04:54,28.16673,-94.29740,1.2,235.7,151.0,CG ALLIGATOR,,NYNA,55,1,26,6,1.7,51,A
369493387,2024-02-15T10:19:53,28.16677,-94.29727,0.5,284.2,170.0,CG ALLIGATOR,,NYNA,55,1,26,6,1.7,51,A
369493387,2024-02-15T10:28:52,28.16674,-94.29738,2.0,248.0,157.0,CG ALLIGATOR,,NYNA,55,1,26,6,1.7,51,A
369493387,2024-02-15T10:37:52,28.16676,-94.29733,0.8,256.2,164.0,CG ALLIGATOR,,NYNA,55,1,26,6,1.7,51,A
369493387,2024-02-15T11:04:55,28.16677,-94.29727,0.5,66.9,163.0,CG ALLIGATOR,,NYNA,55,1,26,6,1.7,51,A
369493387,2024-02-15T11:13:54,28.16676,-94.29732,0.5,244.5,168.0,CG ALLIGATOR,,NYNA,55,1,26,6,1.7,51,A
369493387,2024-02-15T11:19:53,28.16677,-94.29732,0.4,253.7,164.0,CG ALLIGATOR,,NYNA,55,1,26,6,1.7,51,A
369493387,2024-02-15T11:31:54,28.16677,-94.29733,1.1,75.6,162.0,CG ALLIGATOR,,NYNA,55,1,26,6,1.7,51,A
369493387,2024-02-15T11:49:35,28.16678,-94.29732,0.4,253.4,167.0,CG ALLIGATOR,,NYNA,55,1,26,6,1.7,51,A
369493387,2024-02-15T11:50:44,28.16676,-94.29736,0.9,242.7,157.0,CG ALLIGATOR,,NYNA,55,1,26,6,1.7,51,A
369493387,2024-02-15T11:52:04,28.16676,-94.29734,0.5,74.8,157.0,CG ALLIGATOR,,NYNA,55,1,26,6,1.7,51,A
369493387,2024-02-15T12:13:13,28.16675,-94.29734,0.2,56.2,160.0,CG ALLIGATOR,,NYNA,55,1,26,6,1.7,51,A
369493387,2024-02-15T12:19:12,28.16676,-94.29734,1.2,253.7,158.0,CG ALLIGATOR,,NYNA,55,1,26,6,1.7,51,A
369493387,2024-02-15T12:22:13,28.16677,-94.29729,0.4,38.0,159.0,CG ALLIGATOR,,NYNA,55,1,26,6,1.7,51,A
369493387,2024-02-15T12:34:13,28.16676,-94.29734,0.8,44.1,150.0,CG ALLIGATOR,,NYNA,55,1,26,6,1.7,51,A
369493387,2024-02-15T12:37:13,28.16674,-94.29738,0.2,76.2,154.0,CG ALLIGATOR,,NYNA,55,1,26,6,1.7,51,A
369493387,2024-02-15T12:43:15,28.16677,-94.29733,0.9,261.1,159.0,CG ALLIGATOR,,NYNA,55,1,26,6,1.7,51,A
369493387,2024-02-15T12:49:14,28.16677,-94.29732,0.8,65.6,158.0,CG ALLIGATOR,,NYNA,55,1,26,6,1.7,51,A
369493387,2024-02-15T12:55:15,28.16675,-94.29737,0.9,56.7,143.0,CG ALLIGATOR,,NYNA,55,1,26,6,1.7,51,A
369493387,2024-02-15T13:04:14,28.16676,-94.29736,1.0,77.1,168.0,CG ALLIGATOR,,NYNA,55,1,26,6,1.7,51,A
369493387,2024-02-15T13:19:13,28.16670,-94.29745,0.4,250.6,163.0,CG ALLIGATOR,,NYNA,55,1,26,6,1.7,51,A
369493387,2024-02-15T13:22:13,28.16669,-94.29748,0.4,238.8,148.0,CG ALLIGATOR,,NYNA,55,1,26,6,1.7,51,A
369493387,2024-02-15T13:25:15,28.16672,-94.29745,0.0,268.3,151.0,CG ALLIGATOR,,NYNA,55,1,26,6,1.7,51,A
369493387,2024-02-15T13:28:15,28.16673,-94.29742,0.3,261.5,152.0,CG ALLIGATOR,,NYNA,55,1,26,6,1.7,51,A
369493387,2024-02-15T13:31:14,28.16674,-94.29738,0.8,228.9,150.0,CG ALLIGATOR,,NYNA,55,1,26,6,1.7,51,A
369493387,2024-02-15T13:34:12,28.16677,-94.29732,0.7,58.4,151.0,CG ALLIGATOR,,NYNA,55,1,26,6,1.7,51,A
369493387,2024-02-15T13:37:14,28.16675,-94.29736,1.4,78.8,167.0,CG ALLIGATOR,,NYNA,55,1,26,6,1.7,51,A
369493387,2024-02-15T13:49:14,28.16671,-94.29747,0.7,67.5,149.0,CG ALLIGATOR,,NYNA,55,1,26,6,1.7,51,A
369493387,2024-02-15T13:52:13,28.16671,-94.29745,0.8,53.2,144.0,CG ALLIGATOR,,NYNA,55,1,26,6,1.7,51,A
369493387,2024-02-15T13:55:14,28.16675,-94.29742,0.3,274.0,167.0,CG ALLIGATOR,,NYNA,55,1,26,6,1.7,51,A
369493387,2024-02-15T13:58:13,28.16675,-94.29738,0.1,252.0,148.0,CG ALLIGATOR,,NYNA,55,1,26,6,1.7,51,A
369493387,2024-02-15T14:16:14,28.16673,-94.29742,0.3,234.9,152.0,CG ALLIGATOR,,NYNA,55,1,26,6,1.7,51,A
369493387,2024-02-15T14:19:13,28.16672,-94.29744,0.0,236.8,161.0,CG ALLIGATOR,,NYNA,55,1,26,6,1.7,51,A
369493387,2024-02-15T14:22:14,28.16670,-94.29747,0.0,61.1,137.0,CG ALLIGATOR,,NYNA,55,1,26,6,1.7,51,A
369493387,2024-02-15T14:40:15,28.16674,-94.29743,1.2,52.8,150.0,CG ALLIGATOR,,NYNA,55,1,26,6,1.7,51,A
369493387,2024-02-15T14:43:15,28.16672,-94.29744,0.3,252.1,146.0,CG ALLIGATOR,,NYNA,55,1,26,6,1.7,51,A
369493387,2024-02-15T14:46:13,28.16671,-94.29746,1.9,245.3,151.0,CG ALLIGATOR,,NYNA,55,1,26,6,1.7,51,A
369493387,2024-02-15T14:58:14,28.16661,-94.29757,0.3,47.1,130.0,CG ALLIGATOR,,NYNA,55,1,26,6,1.7,51,A
369493387,2024-02-15T15:01:15,28.16667,-94.29751,0.1,44.6,151.0,CG ALLIGATOR,,NYNA,55,1,26,6,1.7,51,A
369493387,2024-02-15T15:13:14,28.16669,-94.29747,0.1,241.6,154.0,CG ALLIGATOR,,NYNA,55,1,26,6,1.7,51,A
369493387,2024-02-15T15:19:13,28.16666,-94.29751,0.7,34.8,126.0,CG ALLIGATOR,,NYNA,55,1,26,6,1.7,51,A
369493387,2024-02-15T15:43:14,28.16667,-94.29751,0.9,221.3,132.0,CG ALLIGATOR,,NYNA,55,1,26,6,1.7,51,A
369493387,2024-02-15T15:49:12,28.16664,-94.29754,0.6,242.8,151.0,CG ALLIGATOR,,NYNA,55,1,26,6,1.7,51,A
369493387,2024-02-15T16:13:13,28.16672,-94.29746,0.1,228.8,151.0,CG ALLIGATOR,,NYNA,55,1,26,6,1.7,51,A
369493387,2024-02-15T16:31:13,28.16668,-94.29750,0.5,206.9,133.0,CG ALLIGATOR,,NYNA,55,1,26,6,1.7,51,A
369493387,2024-02-15T16:42:25,28.16697,-94.29791,2.6,106.7,106.0,CG ALLIGATOR,,NYNA,55,0,26,6,1.7,51,A
369493387,2024-02-15T16:43:28,28.16801,-94.29585,8.2,32.4,38.0,CG ALLIGATOR,,NYNA,55,0,26,6,1.7,51,A
369493387,2024-02-15T16:44:39,28.17156,-94.29255,19.0,41.8,45.0,CG ALLIGATOR,,NYNA,55,0,26,6,1.7,51,A
369493387,2024-02-15T16:45:46,28.17594,-94.28830,18.7,42.0,45.0,CG ALLIGATOR,,NYNA,55,0,26,6,1.7,51,A
369493387,2024-02-15T16:47:21,28.18217,-94.28220,18.6,40.4,43.0,CG ALLIGATOR,,NYNA,55,0,26,6,1.7,51,A
367144820,2024-04-04T02:05:17,28.16577,-94.27884,9.5,257.2,259.0,CROSBY MOON,IMO7390997,WDD4447,31,5,40,12,18.0,31,A
367144820,2024-04-04T02:06:25,28.16511,-94.28215,9.3,257.5,258.0,CROSBY MOON,IMO7390997,WDD4447,31,5,40,12,18.0,31,A
367144820,2024-04-04T02:07:36,28.16440,-94.28556,9.4,258.5,259.0,CROSBY MOON,IMO7390997,WDD4447,31,5,40,12,18.0,31,A
367144820,2024-04-04T02:08:46,28.16373,-94.28893,9.6,256.9,258.0,CROSBY MOON,IMO7390997,WDD4447,31,5,40,12,18.0,31,A
367144820,2024-04-04T02:09:56,28.16307,-94.29226,9.8,257.1,257.0,CROSBY MOON,IMO7390997,WDD4447,31,5,40,12,18.0,31,A
367144820,2024-04-04T02:11:26,28.16217,-94.29666,9.6,257.5,257.0,CROSBY MOON,IMO7390997,WDD4447,31,5,40,12,18.0,31,A
367144820,2024-04-04T02:12:36,28.16145,-94.30004,9.6,257.9,260.0,CROSBY MOON,IMO7390997,WDD4447,31,5,40,12,18.0,31,A
367144820,2024-04-04T02:13:46,28.16078,-94.30343,9.6,253.8,256.0,CROSBY MOON,IMO7390997,WDD4447,31,5,40,12,18.0,31,A
367144820,2024-04-04T02:15:06,28.15992,-94.30729,9.7,256.8,258.0,CROSBY MOON,IMO7390997,WDD4447,31,5,40,12,18.0,31,A
367144820,2024-04-04T02:16:17,28.15921,-94.31068,9.2,256.9,258.0,CROSBY MOON,IMO7390997,WDD4447,31,5,40,12,18.0,31,A
367144820,2024-04-04T02:17:36,28.15840,-94.31451,9.8,256.1,257.0,CROSBY MOON,IMO7390997,WDD4447,31,5,40,12,18.0,31,A
367123560,2024-02-08T02:38:20,28.16493,-94.31536,9.1,29.3,511.0,KYLIE D,IMO8658102,WDJ2577,70,8,40,10,0.0,70,A
367123560,2024-02-08T02:39:30,28.16754,-94.31366,8.4,24.5,511.0,KYLIE D,IMO8658102,WDJ2577,70,8,40,10,0.0,70,A
367123560,2024-02-08T02:41:59,28.17328,-94.31025,10.2,25.6,511.0,KYLIE D,IMO8658102,WDJ2577,70,8,40,10,0.0,70,A
367123560,2024-02-08T02:43:20,28.17644,-94.30841,10.0,25.6,511.0,KYLIE D,IMO8658102,WDJ2577,70,8,40,10,0.0,70,A
367123560,2024-02-08T02:44:59,28.18015,-94.30596,9.2,30.2,511.0,KYLIE D,IMO8658102,WDJ2577,70,8,40,10,0.0,70,A
367123560,2024-02-08T02:46:10,28.18273,-94.30400,9.3,24.1,511.0,KYLIE D,IMO8658102,WDJ2577,70,8,40,10,0.0,70,A
367123560,2024-03-16T21:13:10,28.15743,-94.28251,9.2,14.7,511.0,KYLIE D,IMO8658102,WDJ2577,70,8,40,10,0.0,70,A
367123560,2024-05-10T12:33:17,28.17686,-94.29598,8.5,216.2,511.0,KYLIE D,IMO8658102,WDJ2577,70,8,40,10,0.0,70,A
367123560,2024-05-10T12:34:57,28.17366,-94.29879,8.4,219.4,511.0,KYLIE D,IMO8658102,WDJ2577,70,8,40,10,0.0,70,A
367123560,2024-05-10T12:37:27,28.16875,-94.30295,8.9,215.9,511.0,KYLIE D,IMO8658102,WDJ2577,70,8,40,10,0.0,70,A
367123560,2024-05-10T12:38:48,28.16609,-94.30520,8.9,217.4,511.0,KYLIE D,IMO8658102,WDJ2577,70,8,40,10,0.0,70,A
367123560,2024-05-10T12:40:36,28.16251,-94.30823,8.7,215.0,511.0,KYLIE D,IMO8658102,WDJ2577,70,8,40,10,0.0,70,A
367123560,2024-05-10T12:43:18,28.15725,-94.31282,9.1,217.3,511.0,KYLIE D,IMO8658102,WDJ2577,70,8,40,10,0.0,70,A
367123560,2024-05-10T12:44:47,28.15432,-94.31539,8.8,213.5,511.0,KYLIE D,IMO8658102,WDJ2577,70,8,40,10,0.0,70,A
367721580,2024-05-18T00:15:57,28.15000,-94.31637,6.7,333.0,338.0,ALICE MAE,,WDI6724,30,7,20,6,0.0,30,A
