MMSI,BaseDateTime,LAT,LON,SOG,COG,Heading,VesselName,IMO,CallSign,VesselType,Status,Length,Width,Draft,Cargo,TransceiverClass
563052600,2020-02-19T07:59:48,37.89776,-123.43594,1.3,170.8,254.0,,,,,0,,,,,A
563052600,2020-02-19T08:00:07,37.89764,-123.43591,1.3,169.8,254.0,,,,,0,,,,,A
563052600,2020-02-19T08:01:18,37.89723,-123.43580,0.8,168.5,253.0,,,,,0,,,,,A
563052600,2020-02-19T08:02:27,37.89675,-123.43568,1.3,165.6,252.0,,,,,0,,,,,A
563052600,2020-02-19T08:03:48,37.89625,-123.43555,1.3,166.7,251.0,,,,,0,,,,,A
563052600,2020-02-19T08:04:58,37.89584,-123.43542,0.6,169.2,252.0,,,,,0,,,,,A
563052600,2020-02-19T08:06:18,37.89532,-123.43523,1.3,166.8,252.0,,,,,0,,,,,A
563052600,2020-02-19T08:07:27,37.89488,-123.43507,2.1,163.1,253.0,,,,,0,,,,,A
563052600,2020-02-19T08:08:37,37.89444,-123.43492,1.3,163.1,253.0,,,,,0,,,,,A
563052600,2020-02-19T08:10:18,37.89382,-123.43470,1.3,163.1,252.0,,,,,0,,,,,A
563052600,2020-02-19T08:11:37,37.89336,-123.43453,1.0,163.7,251.0,,,,,0,,,,,A
563052600,2020-02-19T08:12:58,37.89285,-123.43433,1.2,162.2,250.0,,,,,0,,,,,A
563052600,2020-02-19T08:14:18,37.89229,-123.43409,1.6,162.3,251.0,,,,,0,,,,,A
563052600,2020-02-19T08:15:58,37.89161,-123.43385,1.6,161.8,252.0,,,,,0,,,,,A
563052600,2020-02-19T08:17:18,37.89115,-123.43360,1.0,159.1,251.0,,,,,0,,,,,A
563052600,2020-02-19T08:19:17,37.89042,-123.43325,1.3,159.4,249.0,,,,,0,,,,,A
563052600,2020-02-19T08:20:47,37.88986,-123.43297,1.5,161.1,248.0,,,,,0,,,,,A
563052600,2020-02-19T08:22:27,37.88919,-123.43269,1.5,157.7,248.0,,,,,0,,,,,A
563052600,2020-02-19T08:23:47,37.88869,-123.43244,1.7,159.6,248.0,,,,,0,,,,,A
563052600,2020-02-19T08:25:08,37.88817,-123.43221,1.5,160.8,249.0,,,,,0,,,,,A
563052600,2020-02-19T08:26:17,37.88775,-123.43198,1.3,160.9,249.0,,,,,0,,,,,A
563052600,2020-02-19T08:27:28,37.88729,-123.43178,1.4,161.0,249.0,,,,,0,,,,,A
563052600,2020-02-19T08:28:58,37.88668,-123.43154,1.8,161.6,247.0,,,,,0,,,,,A
563052600,2020-02-19T08:30:28,37.88612,-123.43127,1.1,162.7,247.0,,,,,0,,,,,A
563052600,2020-02-19T08:31:48,37.88558,-123.43109,1.8,168.2,246.0,,,,,0,,,,,A
563052600,2020-02-19T08:33:18,37.88497,-123.43098,1.5,169.3,247.0,,,,,0,,,,,A
563052600,2020-02-19T08:34:37,37.88445,-123.43087,1.2,172.8,249.0,,,,,0,,,,,A
563052600,2020-02-19T08:36:17,37.88378,-123.43074,1.7,164.1,249.0,,,,,0,,,,,A
563052600,2020-02-19T08:37:48,37.88320,-123.43060,0.8,178.2,248.0,,,,,0,,,,,A
563052600,2020-02-19T08:39:47,37.88240,-123.43045,1.4,170.4,249.0,,,,,0,,,,,A
563052600,2020-02-19T08:43:07,37.88104,-123.43020,1.3,171.6,249.0,,,,,0,,,,,A
563052600,2020-02-19T08:44:28,37.88048,-123.43011,1.2,174.0,249.0,,,,,0,,,,,A
563052600,2020-02-19T08:45:38,37.88001,-123.43000,1.3,174.1,249.0,,,,,0,,,,,A
563052600,2020-02-19T08:47:07,37.87940,-123.42990,1.3,173.6,251.0,,,,,0,,,,,A
563052600,2020-02-19T08:48:28,37.87885,-123.42978,0.8,176.2,253.0,,,,,0,,,,,A
563052600,2020-02-19T08:50:08,37.87820,-123.42963,1.2,172.6,253.0,,,,,0,,,,,A
563052600,2020-02-19T08:51:47,37.87757,-123.42950,1.7,170.0,253.0,,,,,0,,,,,A
563052600,2020-02-19T08:52:58,37.87709,-123.42946,1.3,171.7,254.0,,,,,0,,,,,A
563052600,2020-02-19T08:54:18,37.87660,-123.42937,1.3,172.8,255.0,,,,,0,,,,,A
563052600,2020-02-19T08:55:27,37.87617,-123.42929,1.0,171.3,255.0,,,,,0,,,,,A
563052600,2020-02-19T08:57:38,37.87539,-123.42906,1.4,168.2,253.0,,,,,0,,,,,A
563052600,2020-02-19T08:58:48,37.87499,-123.42895,1.1,167.4,252.0,,,,,0,,,,,A
563052600,2020-02-19T08:59:56,37.87459,-123.42884,1.3,166.4,251.0,,,,,0,,,,,A
563052600,2020-02-19T09:00:08,37.87452,-123.42883,0.9,178.1,251.0,,,,,0,,,,,A
563052600,2020-02-19T09:01:17,37.87402,-123.42885,1.6,175.7,250.0,,,,,0,,,,,A
563052600,2020-02-19T09:02:28,37.87355,-123.42885,1.5,176.5,250.0,,,,,0,,,,,A
563052600,2020-02-19T09:03:37,37.87313,-123.42882,1.2,176.8,251.0,,,,,0,,,,,A
563052600,2020-02-19T09:04:48,37.87271,-123.42876,1.5,177.4,252.0,,,,,0,,,,,A
563052600,2020-02-19T09:06:07,37.87223,-123.42872,1.4,174.3,253.0,,,,,0,,,,,A
563052600,2020-02-19T09:07:17,37.87181,-123.42868,1.4,174.4,255.0,,,,,0,,,,,A
563052600,2020-02-19T09:08:37,37.87132,-123.42867,1.2,175.1,256.0,,,,,0,,,,,A
563052600,2020-02-19T09:09:57,37.87086,-123.42863,1.2,174.1,257.0,,,,,0,,,,,A
563052600,2020-02-19T09:11:07,37.87048,-123.42856,1.7,172.6,256.0,,,,,0,,,,,A
563052600,2020-02-19T09:12:57,37.86986,-123.42846,1.0,173.6,254.0,,,,,0,,,,,A
563052600,2020-02-19T09:14:28,37.86933,-123.42835,1.3,171.2,253.0,,,,,0,,,,,A
563052600,2020-02-19T09:15:58,37.86882,-123.42822,1.6,169.5,253.0,,,,,0,,,,,A
563052600,2020-02-19T09:17:38,37.86823,-123.42812,1.5,167.4,251.0,,,,,0,,,,,A
563052600,2020-02-19T09:18:47,37.86782,-123.42802,1.5,166.9,251.0,,,,,0,,,,,A
563052600,2020-02-19T09:20:38,37.86724,-123.42785,1.0,168.1,249.0,,,,,0,,,,,A
563052600,2020-02-19T09:21:47,37.86688,-123.42774,1.4,166.9,248.0,,,,,0,,,,,A
563052600,2020-02-19T09:22:58,37.86649,-123.42765,1.0,169.4,248.0,,,,,0,,,,,A
563052600,2020-02-19T09:24:18,37.86606,-123.42754,1.3,166.4,247.0,,,,,0,,,,,A
563052600,2020-02-19T09:25:28,37.86566,-123.42743,1.3,168.3,245.0,,,,,0,,,,,A
563052600,2020-02-19T09:27:18,37.86507,-123.42726,1.3,166.8,243.0,,,,,0,,,,,A
374602000,2020-04-08T15:33:16,37.86414,-123.47144,10.3,155.2,154.0,,,,,0,,,,,A
338341466,2020-08-02T05:39:07,37.87112,-123.46917,7.6,91.5,511.0,NADELOS,,LI6135,36,,13,4,,,B
338341466,2020-08-02T05:40:38,37.87101,-123.46492,7.4,103.3,511.0,NADELOS,,LI6135,36,,13,4,,,B
338341466,2020-08-02T05:41:39,37.87101,-123.46206,8.6,100.6,511.0,NADELOS,,LI6135,36,,13,4,,,B
338341466,2020-08-02T05:43:07,37.87080,-123.45775,7.8,90.5,511.0,NADELOS,,LI6135,36,,13,4,,,B
338341466,2020-08-02T05:44:37,37.87055,-123.45340,8.9,80.1,511.0,NADELOS,,LI6135,36,,13,4,,,B
338341466,2020-08-02T05:46:07,37.87012,-123.44909,8.7,93.4,511.0,NADELOS,,LI6135,36,,13,4,,,B
338341466,2020-08-02T05:47:37,37.86992,-123.44476,7.2,81.7,511.0,NADELOS,,LI6135,36,,13,4,,,B
338341466,2020-08-02T05:48:38,37.86972,-123.44190,8.8,108.6,511.0,NADELOS,,LI6135,36,,13,4,,,B
338341466,2020-08-02T05:50:08,37.86943,-123.43777,7.1,106.8,511.0,NADELOS,,LI6135,36,,13,4,,,B
338341466,2020-08-02T05:51:37,37.86917,-123.43361,8.0,102.8,511.0,NADELOS,,LI6135,36,,13,4,,,B
338341466,2020-08-02T05:53:08,37.86877,-123.42941,7.8,88.6,511.0,NADELOS,,LI6135,36,,13,4,,,B
538070032,2020-06-25T20:38:54,37.89015,-123.42793,7.9,306.5,308.0,C1,,V7EW9,37,0,,,,,A
538070032,2020-06-25T20:39:56,37.89168,-123.43003,8.1,316.0,314.0,C1,,V7EW9,37,0,,,,,A
538070032,2020-06-25T20:41:25,37.89381,-123.43309,7.8,314.5,315.0,C1,,V7EW9,37,0,,,,,A
538070032,2020-06-25T20:42:38,37.89575,-123.43564,8.1,313.3,315.0,C1,,V7EW9,37,0,,,,,A
366904000,2020-09-09T07:26:34,37.86259,-123.47072,8.4,134.9,133.0,VISION,IMO9542609,WDF6306,31,0,41,12,5.8,31,A
319819000,2020-04-16T05:49:25,37.86488,-123.46131,11.8,336.5,335.0,RUBY ACE,IMO9476757,ZGAE6,70,0,199,32,9.7,70,A
319819000,2020-04-16T05:50:26,37.86800,-123.46303,11.7,337.2,335.0,RUBY ACE,IMO9476757,ZGAE6,70,0,199,32,9.7,70,A
319819000,2020-04-16T05:51:45,37.87198,-123.46507,11.8,338.1,336.0,RUBY ACE,IMO9476757,ZGAE6,70,0,199,32,9.7,70,A
319819000,2020-04-16T05:52:55,37.87551,-123.46691,11.8,336.8,335.0,RUBY ACE,IMO9476757,ZGAE6,70,0,199,32,9.7,70,A
319819000,2020-04-16T05:53:56,37.87852,-123.46850,11.6,337.3,336.0,RUBY ACE,IMO9476757,ZGAE6,70,0,199,32,9.7,70,A
319819000,2020-04-16T05:55:36,37.88351,-123.47107,11.6,336.9,336.0,RUBY ACE,IMO9476757,ZGAE6,70,0,199,32,9.7,70,A
477257100,2020-12-06T07:33:14,37.86651,-123.47270,14.3,160.4,160.0,CSCL SPRING,IMO9645853,VRMT6,70,0,335,48,15.0,,A
477257100,2020-12-17T02:00:03,37.86336,-123.45472,16.7,343.1,340.0,CSCL SPRING,IMO9645853,VRMT6,70,0,335,48,15.0,,A
477257100,2020-12-17T02:01:04,37.86765,-123.45654,16.7,342.7,340.0,CSCL SPRING,IMO9645853,VRMT6,70,0,335,48,15.0,,A
477257100,2020-12-17T02:02:09,37.87248,-123.45861,16.5,339.1,340.0,CSCL SPRING,IMO9645853,VRMT6,70,0,335,48,15.0,,A
477257100,2020-12-17T02:03:16,37.87736,-123.46059,16.7,341.0,340.0,CSCL SPRING,IMO9645853,VRMT6,70,0,335,48,15.0,,A
477257100,2020-12-17T02:04:21,37.88223,-123.46265,16.8,340.4,341.0,CSCL SPRING,IMO9645853,VRMT6,70,0,335,48,15.0,,A
477257100,2020-12-17T02:05:22,37.88665,-123.46447,16.8,341.4,341.0,CSCL SPRING,IMO9645853,VRMT6,70,0,335,48,15.0,,A
477257100,2020-12-17T02:06:33,37.89180,-123.46654,16.8,342.1,339.0,CSCL SPRING,IMO9645853,VRMT6,70,0,335,48,15.0,,A
477257100,2020-12-17T02:07:40,37.89674,-123.46869,16.9,339.9,338.0,CSCL SPRING,IMO9645853,VRMT6,70,0,335,48,15.0,,A
367705530,2020-10-25T18:22:49,37.87890,-123.47247,8.5,149.8,153.0,VICKI K,IMO6511219,WDI5136,30,0,35,8,4.0,,A
367705530,2020-10-25T18:24:30,37.87573,-123.47040,7.4,150.3,151.0,VICKI K,IMO6511219,WDI5136,30,0,35,8,4.0,,A
367705530,2020-10-25T18:25:49,37.87328,-123.46880,6.9,154.7,150.0,VICKI K,IMO6511219,WDI5136,30,0,35,8,4.0,,A
367705530,2020-10-25T18:27:19,37.87046,-123.46697,7.2,153.4,148.0,VICKI K,IMO6511219,WDI5136,30,0,35,8,4.0,,A
367705530,2020-10-25T18:28:30,37.86816,-123.46548,8.1,150.1,150.0,VICKI K,IMO6511219,WDI5136,30,0,35,8,4.0,,A
367705530,2020-10-25T18:29:43,37.86585,-123.46401,9.1,148.2,149.0,VICKI K,IMO6511219,WDI5136,30,0,35,8,4.0,,A
351954000,2020-05-17T10:12:55,37.86229,-123.47186,11.7,338.3,341.0,OCEAN SEAGULL,IMO9542855,3FSU4,70,0,119,21,8.4,77,A
319630000,2020-06-21T00:02:48,37.86405,-123.46779,13.0,339.5,511.0,ATTESSA IV,IMO9179830,ZCTB7,37,0,92,12,4.2,,A
319630000,2020-06-21T00:03:58,37.86793,-123.46967,13.2,339.8,511.0,ATTESSA IV,IMO9179830,ZCTB7,37,0,92,12,4.2,,A
319630000,2020-06-21T00:05:07,37.87170,-123.47159,12.8,338.4,511.0,ATTESSA IV,IMO9179830,ZCTB7,37,0,92,12,4.2,,A
367785930,2020-03-23T06:58:48,37.86219,-123.43954,6.0,337.1,511.0,CLAYTON ARTHUR,IMO6516934,WDJ5261,31,0,41,9,4.4,32,A
367785930,2020-03-23T06:59:59,37.86414,-123.44047,6.8,338.4,511.0,CLAYTON ARTHUR,IMO6516934,WDJ5261,31,0,41,9,4.4,32,A
367785930,2020-03-23T07:00:07,37.86437,-123.44057,6.6,337.9,511.0,CLAYTON ARTHUR,IMO6516934,WDJ5261,31,0,41,9,4.4,32,A
367785930,2020-03-23T07:01:08,37.86598,-123.44137,7.0,339.7,511.0,CLAYTON ARTHUR,IMO6516934,WDJ5261,31,0,41,9,4.4,32,A
367785930,2020-03-23T07:02:17,37.86788,-123.44228,6.2,337.2,511.0,CLAYTON ARTHUR,IMO6516934,WDJ5261,31,0,41,9,4.4,32,A
367785930,2020-03-23T07:03:27,37.86979,-123.44318,6.6,346.8,511.0,CLAYTON ARTHUR,IMO6516934,WDJ5261,31,0,41,9,4.4,32,A
367785930,2020-03-23T07:04:37,37.87164,-123.44405,6.7,344.4,511.0,CLAYTON ARTHUR,IMO6516934,WDJ5261,31,0,41,9,4.4,32,A
367785930,2020-03-23T07:05:48,37.87363,-123.44500,6.1,342.1,511.0,CLAYTON ARTHUR,IMO6516934,WDJ5261,31,0,41,9,4.4,32,A
367785930,2020-03-23T07:06:57,37.87546,-123.44590,5.6,340.3,511.0,CLAYTON ARTHUR,IMO6516934,WDJ5261,31,0,41,9,4.4,32,A
367785930,2020-03-23T07:08:08,37.87737,-123.44682,5.5,340.1,511.0,CLAYTON ARTHUR,IMO6516934,WDJ5261,31,0,41,9,4.4,32,A
367785930,2020-03-23T07:09:18,37.87921,-123.44771,6.4,345.2,511.0,CLAYTON ARTHUR,IMO6516934,WDJ5261,31,0,41,9,4.4,32,A
367785930,2020-03-23T07:10:27,37.88102,-123.44861,6.1,347.0,511.0,CLAYTON ARTHUR,IMO6516934,WDJ5261,31,0,41,9,4.4,32,A
367785930,2020-03-23T07:11:38,37.88293,-123.44950,6.3,339.9,511.0,CLAYTON ARTHUR,IMO6516934,WDJ5261,31,0,41,9,4.4,32,A
367785930,2020-03-23T07:12:49,37.88478,-123.45034,6.1,335.8,511.0,CLAYTON ARTHUR,IMO6516934,WDJ5261,31,0,41,9,4.4,32,A
367785930,2020-03-23T07:13:57,37.88666,-123.45119,6.0,340.1,511.0,CLAYTON ARTHUR,IMO6516934,WDJ5261,31,0,41,9,4.4,32,A
367785930,2020-03-23T07:15:07,37.88858,-123.45206,5.8,340.0,511.0,CLAYTON ARTHUR,IMO6516934,WDJ5261,31,0,41,9,4.4,32,A
367785930,2020-03-23T07:16:17,37.89040,-123.45290,6.3,343.3,511.0,CLAYTON ARTHUR,IMO6516934,WDJ5261,31,0,41,9,4.4,32,A
367785930,2020-03-23T07:17:27,37.89224,-123.45379,6.2,339.7,511.0,CLAYTON ARTHUR,IMO6516934,WDJ5261,31,0,41,9,4.4,32,A
367785930,2020-03-23T07:18:38,37.89408,-123.45468,6.2,340.9,511.0,CLAYTON ARTHUR,IMO6516934,WDJ5261,31,0,41,9,4.4,32,A
367785930,2020-03-23T07:19:48,37.89602,-123.45556,6.1,342.0,511.0,CLAYTON ARTHUR,IMO6516934,WDJ5261,31,0,41,9,4.4,32,A
367785930,2020-03-23T07:20:58,37.89790,-123.45642,6.6,343.3,511.0,CLAYTON ARTHUR,IMO6516934,WDJ5261,31,0,41,9,4.4,32,A
538071419,2020-06-19T13:43:03,37.89136,-123.47251,8.0,84.9,511.0,MOONDOGGIE,,V7A2471,36,,20,9,,,B
538071419,2020-06-19T13:44:05,37.89134,-123.46939,7.9,93.1,511.0,MOONDOGGIE,,V7A2471,36,,20,9,,,B
538071419,2020-06-19T13:45:33,37.89130,-123.46482,8.9,92.7,511.0,MOONDOGGIE,,V7A2471,36,,20,9,,,B
538071419,2020-06-19T13:47:04,37.89126,-123.46024,9.0,87.3,511.0,MOONDOGGIE,,V7A2471,36,,20,9,,,B
538071419,2020-06-19T13:48:33,37.89118,-123.45563,9.3,94.3,511.0,MOONDOGGIE,,V7A2471,36,,20,9,,,B
538071419,2020-06-19T13:50:04,37.89114,-123.45096,7.9,89.1,511.0,MOONDOGGIE,,V7A2471,36,,20,9,,,B
538071419,2020-06-19T13:52:03,37.89109,-123.44482,8.5,90.4,511.0,MOONDOGGIE,,V7A2471,36,,20,9,,,B
538071419,2020-06-19T13:53:33,37.89102,-123.44021,8.5,87.5,511.0,MOONDOGGIE,,V7A2471,36,,20,9,,,B
538071419,2020-06-19T13:55:03,37.89096,-123.43577,9.1,89.1,511.0,MOONDOGGIE,,V7A2471,36,,20,9,,,B
538071419,2020-06-19T13:56:33,37.89093,-123.43116,10.1,89.7,511.0,MOONDOGGIE,,V7A2471,36,,20,9,,,B
367785930,2020-03-17T07:40:37,37.87743,-123.47187,7.2,162.8,511.0,CLAYTON ARTHUR,IMO6516934,WDJ5261,31,5,41,9,4.4,32,A
367785930,2020-03-17T07:41:47,37.87520,-123.47082,6.7,155.9,511.0,CLAYTON ARTHUR,IMO6516934,WDJ5261,31,5,41,9,4.4,32,A
367785930,2020-03-17T07:42:59,37.87289,-123.46969,6.9,160.6,511.0,CLAYTON ARTHUR,IMO6516934,WDJ5261,31,5,41,9,4.4,32,A
367785930,2020-03-17T07:44:07,37.87066,-123.46857,7.8,154.9,511.0,CLAYTON ARTHUR,IMO6516934,WDJ5261,31,5,41,9,4.4,32,A
367785930,2020-03-17T07:45:19,37.86837,-123.46742,7.3,163.4,511.0,CLAYTON ARTHUR,IMO6516934,WDJ5261,31,5,41,9,4.4,32,A
367785930,2020-03-17T07:46:28,37.86617,-123.46633,7.3,158.5,511.0,CLAYTON ARTHUR,IMO6516934,WDJ5261,31,5,41,9,4.4,32,A
367785930,2020-03-17T07:47:37,37.86392,-123.46524,6.9,160.7,511.0,CLAYTON ARTHUR,IMO6516934,WDJ5261,31,5,41,9,4.4,32,A
367269000,2020-04-14T14:36:57,37.89711,-123.46555,8.9,158.0,511.0,CG ACTIVE,,NRTF,90,0,64,10,,55,A
367269000,2020-04-14T14:38:06,37.89444,-123.46415,8.9,158.0,511.0,CG ACTIVE,,NRTF,90,0,64,10,,55,A
367269000,2020-04-14T14:39:16,37.89170,-123.46285,9.0,160.0,511.0,CG ACTIVE,,NRTF,90,0,64,10,,55,A
367269000,2020-04-14T14:40:27,37.88894,-123.46157,9.0,160.0,511.0,CG ACTIVE,,NRTF,90,0,64,10,,55,A
367269000,2020-04-14T14:41:37,37.88620,-123.46014,8.8,157.0,511.0,CG ACTIVE,,NRTF,90,0,64,10,,55,A
367269000,2020-04-14T14:42:46,37.88357,-123.45881,9.0,157.0,511.0,CG ACTIVE,,NRTF,90,0,64,10,,55,A
367269000,2020-04-14T14:43:47,37.88120,-123.45774,9.1,162.0,511.0,CG ACTIVE,,NRTF,90,0,64,10,,55,A
367269000,2020-04-14T14:44:56,37.87845,-123.45642,9.0,157.0,511.0,CG ACTIVE,,NRTF,90,0,64,10,,55,A
367269000,2020-04-14T14:46:07,37.87573,-123.45492,9.0,157.0,511.0,CG ACTIVE,,NRTF,90,0,64,10,,55,A
367269000,2020-04-14T14:47:17,37.87317,-123.45350,8.8,156.0,511.0,CG ACTIVE,,NRTF,90,0,64,10,,55,A
367269000,2020-04-14T14:48:27,37.87050,-123.45209,9.1,159.0,511.0,CG ACTIVE,,NRTF,90,0,64,10,,55,A
367269000,2020-04-14T14:49:37,37.86773,-123.45062,8.9,154.0,511.0,CG ACTIVE,,NRTF,90,0,64,10,,55,A
367269000,2020-04-14T14:50:47,37.86520,-123.44905,8.9,153.0,511.0,CG ACTIVE,,NRTF,90,0,64,10,,55,A
367269000,2020-04-14T14:51:56,37.86259,-123.44743,9.0,155.0,511.0,CG ACTIVE,,NRTF,90,0,64,10,,55,A
311000421,2020-12-21T08:31:07,37.86275,-123.45053,10.0,333.2,336.0,CSL FRONTIER,IMO9228734,C6CA8,70,0,197,32,9.8,,A
311000421,2020-12-21T08:32:16,37.86557,-123.45240,9.9,332.6,335.0,CSL FRONTIER,IMO9228734,C6CA8,70,0,197,32,9.8,,A
311000421,2020-12-21T08:33:46,37.86920,-123.45477,9.8,333.1,335.0,CSL FRONTIER,IMO9228734,C6CA8,70,0,197,32,9.8,,A
311000421,2020-12-21T08:35:16,37.87292,-123.45717,9.8,332.9,336.0,CSL FRONTIER,IMO9228734,C6CA8,70,0,197,32,9.8,,A
311000421,2020-12-21T08:36:57,37.87702,-123.45978,10.0,333.1,335.0,CSL FRONTIER,IMO9228734,C6CA8,70,0,197,32,9.8,,A
311000421,2020-12-21T08:38:57,37.88205,-123.46297,10.1,334.4,336.0,CSL FRONTIER,IMO9228734,C6CA8,70,0,197,32,9.8,,A
311000421,2020-12-21T08:40:06,37.88493,-123.46477,10.1,334.1,336.0,CSL FRONTIER,IMO9228734,C6CA8,70,0,197,32,9.8,,A
311000421,2020-12-21T08:41:17,37.88795,-123.46657,10.1,335.0,335.0,CSL FRONTIER,IMO9228734,C6CA8,70,0,197,32,9.8,,A
311000421,2020-12-21T08:43:06,37.89252,-123.46930,10.1,335.5,336.0,CSL FRONTIER,IMO9228734,C6CA8,70,0,197,32,9.8,,A
311000421,2020-12-21T08:44:56,37.89717,-123.47190,10.0,336.7,335.0,CSL FRONTIER,IMO9228734,C6CA8,70,0,197,32,9.8,,A
303284000,2020-02-24T07:23:37,37.89701,-123.46391,9.7,156.3,155.0,DISCOVERY,IMO9202302,WDF8208,90,0,59,12,3.7,,A
303284000,2020-02-24T07:24:47,37.89403,-123.46224,10.1,154.6,154.0,DISCOVERY,IMO9202302,WDF8208,90,0,59,12,3.7,,A
303284000,2020-02-24T07:25:58,37.89107,-123.46067,9.8,157.8,155.0,DISCOVERY,IMO9202302,WDF8208,90,0,59,12,3.7,,A
303284000,2020-02-24T07:27:07,37.88824,-123.45908,9.6,155.8,157.0,DISCOVERY,IMO9202302,WDF8208,90,0,59,12,3.7,,A
303284000,2020-02-24T07:28:18,37.88535,-123.45751,9.6,157.2,156.0,DISCOVERY,IMO9202302,WDF8208,90,0,59,12,3.7,,A
303284000,2020-02-24T07:29:28,37.88244,-123.45589,9.8,154.8,154.0,DISCOVERY,IMO9202302,WDF8208,90,0,59,12,3.7,,A
303284000,2020-02-24T07:30:38,37.87953,-123.45427,9.7,153.8,155.0,DISCOVERY,IMO9202302,WDF8208,90,0,59,12,3.7,,A
303284000,2020-02-24T07:31:47,37.87678,-123.45276,9.2,156.3,157.0,DISCOVERY,IMO9202302,WDF8208,90,0,59,12,3.7,,A
303284000,2020-02-24T07:32:58,37.87394,-123.45117,9.3,154.8,154.0,DISCOVERY,IMO9202302,WDF8208,90,0,59,12,3.7,,A
303284000,2020-02-24T07:34:08,37.87111,-123.44945,9.8,153.6,157.0,DISCOVERY,IMO9202302,WDF8208,90,0,59,12,3.7,,A
303284000,2020-02-24T07:35:17,37.86820,-123.44768,10.1,155.3,156.0,DISCOVERY,IMO9202302,WDF8208,90,0,59,12,3.7,,A
303284000,2020-02-24T07:36:27,37.86529,-123.44592,10.1,154.3,156.0,DISCOVERY,IMO9202302,WDF8208,90,0,59,12,3.7,,A
303284000,2020-02-24T07:37:37,37.86234,-123.44416,10.0,155.2,154.0,DISCOVERY,IMO9202302,WDF8208,90,0,59,12,3.7,,A
367774490,2020-03-04T14:45:14,37.89421,-123.44999,11.6,159.6,162.0,NICOLE FOSS,IMO9748588,WDJ4108,31,0,39,,,,A
367774490,2020-03-04T14:47:40,37.88707,-123.44648,11.6,158.3,165.0,NICOLE FOSS,IMO9748588,WDJ4108,31,0,39,,,,A
367774490,2020-03-04T14:48:44,37.88398,-123.44503,10.8,158.9,160.0,NICOLE FOSS,IMO9748588,WDJ4108,31,0,39,,,,A
367774490,2020-03-04T14:50:25,37.87910,-123.44268,11.0,158.0,158.0,NICOLE FOSS,IMO9748588,WDJ4108,31,0,39,,,,A
367774490,2020-03-04T14:51:35,37.87564,-123.44107,11.5,159.9,159.0,NICOLE FOSS,IMO9748588,WDJ4108,31,0,39,,,,A
367774490,2020-03-04T14:53:25,37.87019,-123.43857,11.8,159.8,160.0,NICOLE FOSS,IMO9748588,WDJ4108,31,0,39,,,,A
367269000,2020-11-10T10:42:22,37.89560,-123.47079,15.4,140.7,511.0,CG ACTIVE,,NRTF,90,0,64,10,,55,A
367269000,2020-11-10T10:44:10,37.89007,-123.46500,14.6,138.4,511.0,CG ACTIVE,,NRTF,90,0,64,10,,55,A
367269000,2020-11-10T10:45:22,37.88623,-123.46123,14.8,141.2,511.0,CG ACTIVE,,NRTF,90,0,64,10,,55,A
367269000,2020-11-10T10:46:52,37.88160,-123.45647,14.9,141.0,511.0,CG ACTIVE,,NRTF,90,0,64,10,,55,A
367269000,2020-11-10T10:48:10,37.87755,-123.45221,14.5,137.0,511.0,CG ACTIVE,,NRTF,90,0,64,10,,55,A
367269000,2020-11-10T10:49:16,37.87402,-123.44888,14.4,144.3,511.0,CG ACTIVE,,NRTF,90,0,64,10,,55,A
367269000,2020-11-10T10:50:53,37.86905,-123.44369,14.4,141.2,511.0,CG ACTIVE,,NRTF,90,0,64,10,,55,A
367269000,2020-11-10T10:51:58,37.86556,-123.44037,14.8,143.6,511.0,CG ACTIVE,,NRTF,90,0,64,10,,55,A
303859000,2020-08-17T02:03:22,37.89730,-123.43356,7.6,154.2,156.0,USNS MARY SEARS,IMO9207077,NRFR,90,0,100,17,5.8,,A
303859000,2020-08-17T02:04:23,37.89533,-123.43242,7.7,155.7,157.0,USNS MARY SEARS,IMO9207077,NRFR,90,0,100,17,5.8,,A
303859000,2020-08-17T02:05:32,37.89303,-123.43109,7.8,154.3,156.0,USNS MARY SEARS,IMO9207077,NRFR,90,0,100,17,5.8,,A
303859000,2020-08-17T02:06:42,37.89076,-123.42974,7.9,153.8,156.0,USNS MARY SEARS,IMO9207077,NRFR,90,0,100,17,5.8,,A
303859000,2020-08-17T02:07:53,37.88841,-123.42838,7.8,155.5,156.0,USNS MARY SEARS,IMO9207077,NRFR,90,0,100,17,5.8,,A
303859000,2020-08-17T02:37:12,37.87706,-123.42806,8.1,335.3,335.0,USNS MARY SEARS,IMO9207077,NRFR,90,0,100,17,5.8,,A
303859000,2020-08-17T02:38:23,37.87948,-123.42951,8.2,335.1,335.0,USNS MARY SEARS,IMO9207077,NRFR,90,0,100,17,5.8,,A
303859000,2020-08-17T02:39:33,37.88188,-123.43093,8.1,335.6,335.0,USNS MARY SEARS,IMO9207077,NRFR,90,0,100,17,5.8,,A
303859000,2020-08-17T02:40:43,37.88427,-123.43237,8.1,334.2,336.0,USNS MARY SEARS,IMO9207077,NRFR,90,0,100,17,5.8,,A
303859000,2020-08-17T02:41:52,37.88666,-123.43378,8.2,334.2,336.0,USNS MARY SEARS,IMO9207077,NRFR,90,0,100,17,5.8,,A
303859000,2020-08-17T02:43:02,37.88907,-123.43520,8.2,335.6,336.0,USNS MARY SEARS,IMO9207077,NRFR,90,0,100,17,5.8,,A
303859000,2020-08-17T02:44:13,37.89146,-123.43661,8.1,335.3,336.0,USNS MARY SEARS,IMO9207077,NRFR,90,0,100,17,5.8,,A
303859000,2020-08-17T02:45:22,37.89381,-123.43798,8.1,335.3,336.0,USNS MARY SEARS,IMO9207077,NRFR,90,0,100,17,5.8,,A
303859000,2020-08-17T02:46:33,37.89614,-123.43949,7.4,321.1,303.0,USNS MARY SEARS,IMO9207077,NRFR,90,0,100,17,5.8,,A
303859000,2020-08-17T02:47:36,37.89622,-123.44162,6.7,251.2,256.0,USNS MARY SEARS,IMO9207077,NRFR,90,0,100,17,5.8,,A
303859000,2020-08-17T02:48:39,37.89542,-123.44400,6.5,228.1,209.0,USNS MARY SEARS,IMO9207077,NRFR,90,0,100,17,5.8,,A
303859000,2020-08-17T02:49:43,37.89372,-123.44407,6.7,163.5,160.0,USNS MARY SEARS,IMO9207077,NRFR,90,0,100,17,5.8,,A
303859000,2020-08-17T02:50:52,37.89143,-123.44293,8.0,157.3,156.0,USNS MARY SEARS,IMO9207077,NRFR,90,0,100,17,5.8,,A
303859000,2020-08-17T02:52:03,37.88898,-123.44158,8.1,155.6,154.0,USNS MARY SEARS,IMO9207077,NRFR,90,0,100,17,5.8,,A
303859000,2020-08-17T02:53:12,37.88663,-123.44022,8.1,154.8,154.0,USNS MARY SEARS,IMO9207077,NRFR,90,0,100,17,5.8,,A
303859000,2020-08-17T02:54:22,37.88420,-123.43880,8.1,155.3,155.0,USNS MARY SEARS,IMO9207077,NRFR,90,0,100,17,5.8,,A
303859000,2020-08-17T02:55:32,37.88184,-123.43746,8.1,156.9,154.0,USNS MARY SEARS,IMO9207077,NRFR,90,0,100,17,5.8,,A
303859000,2020-08-17T02:56:42,37.87945,-123.43603,8.1,155.3,154.0,USNS MARY SEARS,IMO9207077,NRFR,90,0,100,17,5.8,,A
303859000,2020-08-17T02:57:43,37.87736,-123.43477,8.1,153.2,153.0,USNS MARY SEARS,IMO9207077,NRFR,90,0,100,17,5.8,,A
303859000,2020-08-17T02:58:53,37.87501,-123.43339,8.1,154.9,154.0,USNS MARY SEARS,IMO9207077,NRFR,90,0,100,17,5.8,,A
303859000,2020-08-17T03:00:02,37.87263,-123.43199,8.1,156.0,154.0,USNS MARY SEARS,IMO9207077,NRFR,90,0,100,17,5.8,,A
303859000,2020-08-17T03:01:03,37.87055,-123.43081,8.2,156.2,154.0,USNS MARY SEARS,IMO9207077,NRFR,90,0,100,17,5.8,,A
303859000,2020-08-17T03:02:12,37.86816,-123.42938,8.2,154.1,153.0,USNS MARY SEARS,IMO9207077,NRFR,90,0,100,17,5.8,,A
303859000,2020-08-17T03:03:23,37.86570,-123.42792,8.3,154.8,154.0,USNS MARY SEARS,IMO9207077,NRFR,90,0,100,17,5.8,,A
303859000,2020-08-17T03:18:02,37.86246,-123.43249,7.1,334.2,336.0,USNS MARY SEARS,IMO9207077,NRFR,90,0,100,17,5.8,,A
303859000,2020-08-17T03:19:32,37.86527,-123.43410,7.6,335.6,335.0,USNS MARY SEARS,IMO9207077,NRFR,90,0,100,17,5.8,,A
303859000,2020-08-17T03:21:03,37.86813,-123.43582,7.7,335.1,337.0,USNS MARY SEARS,IMO9207077,NRFR,90,0,100,17,5.8,,A
303859000,2020-08-17T03:22:04,37.87011,-123.43692,7.7,336.6,336.0,USNS MARY SEARS,IMO9207077,NRFR,90,0,100,17,5.8,,A
303859000,2020-08-17T03:23:13,37.87238,-123.43826,7.8,335.6,336.0,USNS MARY SEARS,IMO9207077,NRFR,90,0,100,17,5.8,,A
303859000,2020-08-17T03:24:42,37.87528,-123.43992,7.8,334.8,334.0,USNS MARY SEARS,IMO9207077,NRFR,90,0,100,17,5.8,,A
303859000,2020-08-17T03:25:52,37.87756,-123.44129,7.7,334.7,335.0,USNS MARY SEARS,IMO9207077,NRFR,90,0,100,17,5.8,,A
303859000,2020-08-17T03:27:03,37.87988,-123.44268,7.6,334.1,334.0,USNS MARY SEARS,IMO9207077,NRFR,90,0,100,17,5.8,,A
303859000,2020-08-17T03:28:12,37.88210,-123.44403,7.7,333.9,335.0,USNS MARY SEARS,IMO9207077,NRFR,90,0,100,17,5.8,,A
303859000,2020-08-17T03:29:22,37.88436,-123.44537,7.6,334.4,336.0,USNS MARY SEARS,IMO9207077,NRFR,90,0,100,17,5.8,,A
303859000,2020-08-17T03:30:52,37.88727,-123.44705,7.8,335.1,336.0,USNS MARY SEARS,IMO9207077,NRFR,90,0,100,17,5.8,,A
303859000,2020-08-17T03:32:03,37.88960,-123.44840,7.9,335.1,336.0,USNS MARY SEARS,IMO9207077,NRFR,90,0,100,17,5.8,,A
303859000,2020-08-17T03:33:12,37.89186,-123.44968,7.6,335.2,329.0,USNS MARY SEARS,IMO9207077,NRFR,90,0,100,17,5.8,,A
303859000,2020-08-17T03:34:29,37.89245,-123.45189,6.1,249.7,255.0,USNS MARY SEARS,IMO9207077,NRFR,90,0,100,17,5.8,,A
303859000,2020-08-17T03:35:32,37.89177,-123.45419,6.6,241.1,229.0,USNS MARY SEARS,IMO9207077,NRFR,90,0,100,17,5.8,,A
303859000,2020-08-17T03:36:39,37.89010,-123.45472,6.5,165.2,164.0,USNS MARY SEARS,IMO9207077,NRFR,90,0,100,17,5.8,,A
303859000,2020-08-17T03:38:12,37.88699,-123.45326,8.2,157.2,158.0,USNS MARY SEARS,IMO9207077,NRFR,90,0,100,17,5.8,,A
303859000,2020-08-17T03:39:23,37.88449,-123.45185,8.3,155.2,156.0,USNS MARY SEARS,IMO9207077,NRFR,90,0,100,17,5.8,,A
303859000,2020-08-17T03:40:53,37.88134,-123.45005,8.2,156.7,156.0,USNS MARY SEARS,IMO9207077,NRFR,90,0,100,17,5.8,,A
303859000,2020-08-17T03:42:04,37.87891,-123.44860,8.2,154.6,156.0,USNS MARY SEARS,IMO9207077,NRFR,90,0,100,17,5.8,,A
303859000,2020-08-17T03:43:42,37.87550,-123.44660,8.3,154.8,156.0,USNS MARY SEARS,IMO9207077,NRFR,90,0,100,17,5.8,,A
303859000,2020-08-17T03:45:03,37.87271,-123.44498,8.1,154.9,156.0,USNS MARY SEARS,IMO9207077,NRFR,90,0,100,17,5.8,,A
303859000,2020-08-17T03:46:22,37.87005,-123.44339,8.0,153.5,156.0,USNS MARY SEARS,IMO9207077,NRFR,90,0,100,17,5.8,,A
303859000,2020-08-17T03:47:42,37.86737,-123.44183,8.0,154.7,156.0,USNS MARY SEARS,IMO9207077,NRFR,90,0,100,17,5.8,,A
303859000,2020-08-17T03:49:22,37.86404,-123.43989,7.9,155.9,156.0,USNS MARY SEARS,IMO9207077,NRFR,90,0,100,17,5.8,,A
303859000,2020-08-17T04:07:43,37.86372,-123.44608,7.8,335.7,334.0,USNS MARY SEARS,IMO9207077,NRFR,90,0,100,17,5.8,,A
303859000,2020-08-17T04:08:52,37.86603,-123.44746,7.9,334.4,334.0,USNS MARY SEARS,IMO9207077,NRFR,90,0,100,17,5.8,,A
303859000,2020-08-17T04:10:13,37.86868,-123.44906,8.0,335.2,335.0,USNS MARY SEARS,IMO9207077,NRFR,90,0,100,17,5.8,,A
303859000,2020-08-17T04:11:23,37.87095,-123.45042,7.9,333.8,336.0,USNS MARY SEARS,IMO9207077,NRFR,90,0,100,17,5.8,,A
303859000,2020-08-17T04:12:32,37.87330,-123.45179,7.9,334.4,337.0,USNS MARY SEARS,IMO9207077,NRFR,90,0,100,17,5.8,,A
303859000,2020-08-17T04:13:42,37.87557,-123.45308,7.8,335.5,335.0,USNS MARY SEARS,IMO9207077,NRFR,90,0,100,17,5.8,,A
303859000,2020-08-17T04:14:52,37.87782,-123.45442,7.7,334.7,336.0,USNS MARY SEARS,IMO9207077,NRFR,90,0,100,17,5.8,,A
303859000,2020-08-17T04:16:12,37.88049,-123.45597,7.8,334.9,336.0,USNS MARY SEARS,IMO9207077,NRFR,90,0,100,17,5.8,,A
303859000,2020-08-17T04:17:34,37.88310,-123.45747,7.7,334.6,336.0,USNS MARY SEARS,IMO9207077,NRFR,90,0,100,17,5.8,,A
303859000,2020-08-17T04:18:44,37.88535,-123.45879,7.7,334.3,336.0,USNS MARY SEARS,IMO9207077,NRFR,90,0,100,17,5.8,,A
303859000,2020-08-17T04:20:12,37.88810,-123.46048,7.0,327.3,310.0,USNS MARY SEARS,IMO9207077,NRFR,90,0,100,17,5.8,,A
303859000,2020-08-17T04:21:19,37.88832,-123.46277,6.7,256.7,260.0,USNS MARY SEARS,IMO9207077,NRFR,90,0,100,17,5.8,,A
303859000,2020-08-17T04:22:46,37.88710,-123.46568,5.8,204.2,182.0,USNS MARY SEARS,IMO9207077,NRFR,90,0,100,17,5.8,,A
303859000,2020-08-17T04:23:52,37.88532,-123.46510,7.0,156.3,156.0,USNS MARY SEARS,IMO9207077,NRFR,90,0,100,17,5.8,,A
303859000,2020-08-17T04:25:12,37.88259,-123.46360,8.5,156.4,157.0,USNS MARY SEARS,IMO9207077,NRFR,90,0,100,17,5.8,,A
303859000,2020-08-17T04:26:22,37.88006,-123.46216,8.6,155.7,156.0,USNS MARY SEARS,IMO9207077,NRFR,90,0,100,17,5.8,,A
303859000,2020-08-17T04:27:33,37.87751,-123.46068,8.5,153.9,155.0,USNS MARY SEARS,IMO9207077,NRFR,90,0,100,17,5.8,,A
303859000,2020-08-17T04:29:02,37.87430,-123.45875,8.5,154.3,156.0,USNS MARY SEARS,IMO9207077,NRFR,90,0,100,17,5.8,,A
303859000,2020-08-17T04:30:42,37.87082,-123.45669,8.5,154.1,158.0,USNS MARY SEARS,IMO9207077,NRFR,90,0,100,17,5.8,,A
303859000,2020-08-17T04:31:43,37.86865,-123.45549,8.4,155.0,157.0,USNS MARY SEARS,IMO9207077,NRFR,90,0,100,17,5.8,,A
303859000,2020-08-17T04:32:52,37.86622,-123.45404,8.3,153.5,155.0,USNS MARY SEARS,IMO9207077,NRFR,90,0,100,17,5.8,,A
303859000,2020-08-17T04:34:12,37.86347,-123.45240,8.1,154.9,157.0,USNS MARY SEARS,IMO9207077,NRFR,90,0,100,17,5.8,,A
303859000,2020-08-17T04:56:32,37.86433,-123.45936,7.9,334.2,332.0,USNS MARY SEARS,IMO9207077,NRFR,90,0,100,17,5.8,,A
303859000,2020-08-17T04:58:52,37.86896,-123.46213,8.0,334.4,334.0,USNS MARY SEARS,IMO9207077,NRFR,90,0,100,17,5.8,,A
303859000,2020-08-17T05:00:03,37.87129,-123.46349,7.9,334.4,333.0,USNS MARY SEARS,IMO9207077,NRFR,90,0,100,17,5.8,,A
303859000,2020-08-17T05:01:04,37.87330,-123.46467,7.9,336.3,334.0,USNS MARY SEARS,IMO9207077,NRFR,90,0,100,17,5.8,,A
303859000,2020-08-17T05:02:13,37.87557,-123.46600,7.9,335.4,334.0,USNS MARY SEARS,IMO9207077,NRFR,90,0,100,17,5.8,,A
303859000,2020-08-17T05:03:22,37.87787,-123.46735,7.9,335.9,335.0,USNS MARY SEARS,IMO9207077,NRFR,90,0,100,17,5.8,,A
303859000,2020-08-17T05:04:33,37.88021,-123.46870,7.8,335.5,334.0,USNS MARY SEARS,IMO9207077,NRFR,90,0,100,17,5.8,,A
303859000,2020-08-17T05:05:43,37.88247,-123.47004,8.0,334.6,333.0,USNS MARY SEARS,IMO9207077,NRFR,90,0,100,17,5.8,,A
303859000,2020-08-17T05:06:50,37.88453,-123.47145,6.8,319.7,297.0,USNS MARY SEARS,IMO9207077,NRFR,90,0,100,17,5.8,,A
303859000,2020-08-17T05:13:14,37.87523,-123.47223,8.7,155.3,157.0,USNS MARY SEARS,IMO9207077,NRFR,90,0,100,17,5.8,,A
303859000,2020-08-17T05:14:24,37.87269,-123.47076,8.6,155.7,157.0,USNS MARY SEARS,IMO9207077,NRFR,90,0,100,17,5.8,,A
303859000,2020-08-17T05:15:33,37.87019,-123.46928,8.6,156.1,158.0,USNS MARY SEARS,IMO9207077,NRFR,90,0,100,17,5.8,,A
303859000,2020-08-17T05:16:34,37.86798,-123.46801,8.7,156.5,158.0,USNS MARY SEARS,IMO9207077,NRFR,90,0,100,17,5.8,,A
303859000,2020-08-17T05:17:43,37.86547,-123.46654,8.7,155.6,157.0,USNS MARY SEARS,IMO9207077,NRFR,90,0,100,17,5.8,,A
303859000,2020-08-17T05:18:52,37.86298,-123.46505,8.8,153.5,156.0,USNS MARY SEARS,IMO9207077,NRFR,90,0,100,17,5.8,,A
303859000,2020-08-17T05:42:43,37.86383,-123.47198,8.0,335.9,334.0,USNS MARY SEARS,IMO9207077,NRFR,90,0,100,17,5.8,,A
338347828,2020-08-16T20:57:30,37.89591,-123.43856,28.8,120.4,117.0,CONTROLLED CHAOS,,,37,,13,5,,,B
319822000,2020-10-02T05:55:02,37.86900,-123.47267,13.9,161.1,154.0,MINDERELLA,IMO1001178,ZCOF3,37,0,57,9,3.0,37,A
319822000,2020-10-02T05:56:14,37.86461,-123.47066,13.9,159.8,154.0,MINDERELLA,IMO1001178,ZCOF3,37,0,57,9,3.0,37,A
305078000,2020-11-26T11:20:14,37.86341,-123.45778,7.6,330.5,338.0,BBC CAROLINA,IMO9402043,V2CQ3,70,0,138,21,8.0,70,A
305078000,2020-11-26T11:21:44,37.86636,-123.45939,7.9,339.1,338.0,BBC CAROLINA,IMO9402043,V2CQ3,70,0,138,21,8.0,70,A
305078000,2020-11-26T11:23:25,37.86982,-123.46135,8.2,335.7,340.0,BBC CAROLINA,IMO9402043,V2CQ3,70,0,138,21,8.0,70,A
305078000,2020-11-26T11:25:15,37.87352,-123.46335,7.8,335.5,340.0,BBC CAROLINA,IMO9402043,V2CQ3,70,0,138,21,8.0,70,A
305078000,2020-11-26T11:26:46,37.87649,-123.46492,7.4,338.8,339.0,BBC CAROLINA,IMO9402043,V2CQ3,70,0,138,21,8.0,70,A
305078000,2020-11-26T11:28:04,37.87890,-123.46611,7.1,338.7,339.0,BBC CAROLINA,IMO9402043,V2CQ3,70,0,138,21,8.0,70,A
305078000,2020-11-26T11:29:36,37.88183,-123.46773,7.9,336.9,339.0,BBC CAROLINA,IMO9402043,V2CQ3,70,0,138,21,8.0,70,A
305078000,2020-11-26T11:30:46,37.88421,-123.46889,7.9,334.5,337.0,BBC CAROLINA,IMO9402043,V2CQ3,70,0,138,21,8.0,70,A
305078000,2020-11-26T11:31:55,37.88664,-123.47025,8.0,340.1,339.0,BBC CAROLINA,IMO9402043,V2CQ3,70,0,138,21,8.0,70,A
305078000,2020-11-26T11:33:04,37.88908,-123.47158,8.5,338.6,338.0,BBC CAROLINA,IMO9402043,V2CQ3,70,0,138,21,8.0,70,A
636015660,2020-10-13T03:37:03,37.89574,-123.46903,14.8,156.9,155.0,CAP CAPRICORN,IMO9649835,D5CC2,70,0,228,37,12.5,,A
636015660,2020-10-13T03:38:04,37.89195,-123.46691,14.8,156.6,155.0,CAP CAPRICORN,IMO9649835,D5CC2,70,0,228,37,12.5,,A
636015660,2020-10-13T03:40:10,37.88399,-123.46246,15.0,157.4,155.0,CAP CAPRICORN,IMO9649835,D5CC2,70,0,228,37,12.5,,A
636015660,2020-10-13T03:41:16,37.87980,-123.46010,15.1,156.1,156.0,CAP CAPRICORN,IMO9649835,D5CC2,70,0,228,37,12.5,,A
636015660,2020-10-13T03:42:21,37.87561,-123.45774,15.0,156.3,156.0,CAP CAPRICORN,IMO9649835,D5CC2,70,0,228,37,12.5,,A
636015660,2020-10-13T03:43:27,37.87142,-123.45536,15.1,156.2,155.0,CAP CAPRICORN,IMO9649835,D5CC2,70,0,228,37,12.5,,A
636015660,2020-10-13T03:44:45,37.86648,-123.45254,14.9,155.7,155.0,CAP CAPRICORN,IMO9649835,D5CC2,70,0,228,37,12.5,,A
636015660,2020-10-13T03:45:51,37.86233,-123.45014,14.8,155.7,156.0,CAP CAPRICORN,IMO9649835,D5CC2,70,0,228,37,12.5,,A
367027570,2020-03-17T19:00:07,37.87312,-123.47252,5.4,158.0,168.0,CHINOOK,IMO7129817,WCY2791,31,0,40,10,4.8,32,A
367027570,2020-03-17T19:01:16,37.87146,-123.47201,5.3,170.9,169.0,CHINOOK,IMO7129817,WCY2791,31,0,40,10,4.8,32,A
367027570,2020-03-17T19:02:27,37.86974,-123.47151,5.1,167.4,167.0,CHINOOK,IMO7129817,WCY2791,31,0,40,10,4.8,32,A
367027570,2020-03-17T19:03:37,37.86810,-123.47102,5.3,171.5,168.0,CHINOOK,IMO7129817,WCY2791,31,0,40,10,4.8,32,A
367027570,2020-03-17T19:04:56,37.86625,-123.47046,5.3,166.2,168.0,CHINOOK,IMO7129817,WCY2791,31,0,40,10,4.8,32,A
367027570,2020-03-17T19:06:27,37.86403,-123.46984,5.4,164.7,167.0,CHINOOK,IMO7129817,WCY2791,31,0,40,10,4.8,32,A
367027570,2020-03-17T19:07:37,37.86237,-123.46933,5.4,163.1,166.0,CHINOOK,IMO7129817,WCY2791,31,0,40,10,4.8,32,A
636015660,2020-06-05T18:26:13,37.89778,-123.46959,10.9,155.9,159.0,CAP CAPRICORN,IMO9649835,D5CC2,70,0,228,37,12.5,,A
636015660,2020-06-05T18:27:24,37.89444,-123.46775,10.9,155.8,159.0,CAP CAPRICORN,IMO9649835,D5CC2,70,0,228,37,12.5,,A
636015660,2020-06-05T18:28:33,37.89130,-123.46600,10.8,156.2,159.0,CAP CAPRICORN,IMO9649835,D5CC2,70,0,228,37,12.5,,A
636015660,2020-06-05T18:29:43,37.88802,-123.46419,10.9,156.9,159.0,CAP CAPRICORN,IMO9649835,D5CC2,70,0,228,37,12.5,,A
636015660,2020-06-05T18:30:44,37.88525,-123.46265,10.8,155.4,159.0,CAP CAPRICORN,IMO9649835,D5CC2,70,0,228,37,12.5,,A
636015660,2020-06-05T18:31:54,37.88200,-123.46078,10.8,155.7,158.0,CAP CAPRICORN,IMO9649835,D5CC2,70,0,228,37,12.5,,A
636015660,2020-06-05T18:33:03,37.87884,-123.45895,10.8,154.6,158.0,CAP CAPRICORN,IMO9649835,D5CC2,70,0,228,37,12.5,,A
636015660,2020-06-05T18:34:13,37.87568,-123.45715,10.8,157.1,159.0,CAP CAPRICORN,IMO9649835,D5CC2,70,0,228,37,12.5,,A
636015660,2020-06-05T18:35:24,37.87239,-123.45528,10.8,155.0,159.0,CAP CAPRICORN,IMO9649835,D5CC2,70,0,228,37,12.5,,A
636015660,2020-06-05T18:36:32,37.86927,-123.45353,10.8,154.9,159.0,CAP CAPRICORN,IMO9649835,D5CC2,70,0,228,37,12.5,,A
636015660,2020-06-05T18:37:33,37.86650,-123.45197,10.9,154.4,158.0,CAP CAPRICORN,IMO9649835,D5CC2,70,0,228,37,12.5,,A
636015660,2020-06-05T18:38:43,37.86327,-123.45017,10.9,155.9,159.0,CAP CAPRICORN,IMO9649835,D5CC2,70,0,228,37,12.5,,A
518248000,2020-06-28T12:22:32,37.86374,-123.43252,6.7,346.8,347.0,MARAMA,,E5U2199,37,0,13,4,,,A
518248000,2020-06-28T12:24:13,37.86673,-123.43325,6.7,347.3,348.0,MARAMA,,E5U2199,37,0,13,4,,,A
518248000,2020-06-28T12:25:22,37.86872,-123.43378,6.0,343.4,346.0,MARAMA,,E5U2199,37,0,13,4,,,A
518248000,2020-06-28T12:26:33,37.87066,-123.43434,6.6,346.5,347.0,MARAMA,,E5U2199,37,0,13,4,,,A
518248000,2020-06-28T12:27:43,37.87261,-123.43498,6.2,345.2,345.0,MARAMA,,E5U2199,37,0,13,4,,,A
518248000,2020-06-28T12:28:53,37.87443,-123.43565,6.2,342.4,344.0,MARAMA,,E5U2199,37,0,13,4,,,A
518248000,2020-06-28T12:30:12,37.87678,-123.43651,6.4,346.7,343.0,MARAMA,,E5U2199,37,0,13,4,,,A
518248000,2020-06-28T12:32:32,37.88072,-123.43798,6.9,342.9,343.0,MARAMA,,E5U2199,37,0,13,4,,,A
518248000,2020-06-28T12:34:43,37.88429,-123.43929,5.8,350.4,343.0,MARAMA,,E5U2199,37,0,13,4,,,A
518248000,2020-06-28T12:36:03,37.88647,-123.44020,6.7,341.9,339.0,MARAMA,,E5U2199,37,0,13,4,,,A
518248000,2020-06-28T12:37:32,37.88862,-123.44123,6.6,336.2,338.0,MARAMA,,E5U2199,37,0,13,4,,,A
518248000,2020-06-28T12:39:43,37.89218,-123.44300,6.0,336.2,338.0,MARAMA,,E5U2199,37,0,13,4,,,A
518248000,2020-06-28T12:41:42,37.89527,-123.44481,6.2,337.3,337.0,MARAMA,,E5U2199,37,0,13,4,,,A
367027570,2020-01-18T15:56:04,37.88328,-123.47265,5.9,153.4,160.0,CHINOOK,IMO7129817,WCY2791,31,0,40,10,4.8,32,A
367027570,2020-01-18T15:58:26,37.87948,-123.47064,6.3,154.6,161.0,CHINOOK,IMO7129817,WCY2791,31,0,40,10,4.8,32,A
367027570,2020-01-18T15:59:35,37.87760,-123.46965,6.3,157.8,160.0,CHINOOK,IMO7129817,WCY2791,31,0,40,10,4.8,32,A
367027570,2020-01-18T16:00:05,37.87683,-123.46924,6.4,154.3,161.0,CHINOOK,IMO7129817,WCY2791,31,0,40,10,4.8,32,A
367027570,2020-01-18T16:01:15,37.87499,-123.46819,6.4,152.2,161.0,CHINOOK,IMO7129817,WCY2791,31,0,40,10,4.8,32,A
367027570,2020-01-18T16:02:26,37.87309,-123.46719,5.9,153.3,160.0,CHINOOK,IMO7129817,WCY2791,31,0,40,10,4.8,32,A
367027570,2020-01-18T16:03:35,37.87128,-123.46618,5.9,161.0,160.0,CHINOOK,IMO7129817,WCY2791,31,0,40,10,4.8,32,A
367027570,2020-01-18T16:04:45,37.86942,-123.46516,6.4,150.4,157.0,CHINOOK,IMO7129817,WCY2791,31,0,40,10,4.8,32,A
367027570,2020-01-18T16:05:55,37.86763,-123.46398,6.4,146.3,154.0,CHINOOK,IMO7129817,WCY2791,31,0,40,10,4.8,32,A
367027570,2020-01-18T16:07:06,37.86586,-123.46262,6.4,147.3,153.0,CHINOOK,IMO7129817,WCY2791,31,0,40,10,4.8,32,A
367027570,2020-01-18T16:08:45,37.86331,-123.46076,6.5,147.4,153.0,CHINOOK,IMO7129817,WCY2791,31,0,40,10,4.8,32,A
636015660,2020-01-31T21:08:45,37.89402,-123.46339,10.6,157.2,158.0,CAP CAPRICORN,IMO9649835,D5CC2,70,0,228,37,12.5,,A
636015660,2020-01-31T21:09:54,37.89085,-123.46173,10.6,155.9,159.0,CAP CAPRICORN,IMO9649835,D5CC2,70,0,228,37,12.5,,A
636015660,2020-01-31T21:11:03,37.88766,-123.46021,10.7,162.5,159.0,CAP CAPRICORN,IMO9649835,D5CC2,70,0,228,37,12.5,,A
636015660,2020-01-31T21:12:15,37.88440,-123.45861,10.7,160.0,159.0,CAP CAPRICORN,IMO9649835,D5CC2,70,0,228,37,12.5,,A
636015660,2020-01-31T21:13:24,37.88116,-123.45703,10.7,160.0,158.0,CAP CAPRICORN,IMO9649835,D5CC2,70,0,228,37,12.5,,A
636015660,2020-01-31T21:14:55,37.87701,-123.45493,10.8,155.2,158.0,CAP CAPRICORN,IMO9649835,D5CC2,70,0,228,37,12.5,,A
636015660,2020-01-31T21:16:14,37.87327,-123.45312,10.7,158.1,158.0,CAP CAPRICORN,IMO9649835,D5CC2,70,0,228,37,12.5,,A
636015660,2020-01-31T21:17:24,37.87006,-123.45152,10.7,157.7,159.0,CAP CAPRICORN,IMO9649835,D5CC2,70,0,228,37,12.5,,A
636015660,2020-01-31T21:19:35,37.86396,-123.44850,10.7,156.5,159.0,CAP CAPRICORN,IMO9649835,D5CC2,70,0,228,37,12.5,,A
367445430,2020-09-11T03:27:26,37.89756,-123.46802,8.2,148.8,511.0,ELEANOR MARIE,,WDF3903,30,,11,4,,,B
367445430,2020-09-11T03:29:25,37.89411,-123.46427,8.2,139.0,511.0,ELEANOR MARIE,,WDF3903,30,,11,4,,,B
367445430,2020-09-11T03:30:54,37.89148,-123.46141,8.7,135.6,511.0,ELEANOR MARIE,,WDF3903,30,,11,4,,,B
367445430,2020-09-11T03:31:56,37.88971,-123.45949,8.2,139.1,511.0,ELEANOR MARIE,,WDF3903,30,,11,4,,,B
367445430,2020-09-11T03:33:55,37.88629,-123.45572,7.8,141.5,511.0,ELEANOR MARIE,,WDF3903,30,,11,4,,,B
367445430,2020-09-11T03:35:26,37.88366,-123.45288,8.2,140.2,511.0,ELEANOR MARIE,,WDF3903,30,,11,4,,,B
367445430,2020-09-11T03:36:55,37.88110,-123.45004,8.2,140.7,511.0,ELEANOR MARIE,,WDF3903,30,,11,4,,,B
367445430,2020-09-11T03:37:58,37.87927,-123.44800,7.8,141.2,511.0,ELEANOR MARIE,,WDF3903,30,,11,4,,,B
367445430,2020-09-11T03:39:25,37.87668,-123.44526,7.6,138.9,511.0,ELEANOR MARIE,,WDF3903,30,,11,4,,,B
367445430,2020-09-11T03:41:54,37.87233,-123.44041,8.4,137.0,511.0,ELEANOR MARIE,,WDF3903,30,,11,4,,,B
367445430,2020-09-11T03:43:25,37.86974,-123.43753,8.2,137.4,511.0,ELEANOR MARIE,,WDF3903,30,,11,4,,,B
367445430,2020-09-11T03:46:24,37.86452,-123.43181,8.5,143.8,511.0,ELEANOR MARIE,,WDF3903,30,,11,4,,,B
367027570,2020-07-28T17:32:51,37.89674,-123.46193,6.3,159.1,159.0,CHINOOK,IMO7129817,WCY2791,31,5,40,10,4.8,32,A
367027570,2020-07-28T17:34:00,37.89488,-123.46106,6.2,159.1,158.0,CHINOOK,IMO7129817,WCY2791,31,5,40,10,4.8,32,A
367027570,2020-07-28T17:35:01,37.89326,-123.46034,6.4,159.3,159.0,CHINOOK,IMO7129817,WCY2791,31,5,40,10,4.8,32,A
367027570,2020-07-28T17:36:11,37.89138,-123.45952,5.9,158.5,158.0,CHINOOK,IMO7129817,WCY2791,31,5,40,10,4.8,32,A
367027570,2020-07-28T17:37:21,37.88953,-123.45867,6.2,160.7,159.0,CHINOOK,IMO7129817,WCY2791,31,5,40,10,4.8,32,A
367027570,2020-07-28T17:38:31,37.88772,-123.45775,6.1,158.1,157.0,CHINOOK,IMO7129817,WCY2791,31,5,40,10,4.8,32,A
367027570,2020-07-28T17:39:40,37.88595,-123.45681,5.9,156.4,155.0,CHINOOK,IMO7129817,WCY2791,31,5,40,10,4.8,32,A
367027570,2020-07-28T17:40:49,37.88416,-123.45585,5.8,158.4,156.0,CHINOOK,IMO7129817,WCY2791,31,5,40,10,4.8,32,A
367027570,2020-07-28T17:41:59,37.88241,-123.45490,6.0,156.1,155.0,CHINOOK,IMO7129817,WCY2791,31,5,40,10,4.8,32,A
367027570,2020-07-28T17:43:10,37.88064,-123.45397,5.6,155.3,154.0,CHINOOK,IMO7129817,WCY2791,31,5,40,10,4.8,32,A
367027570,2020-07-28T17:44:21,37.87891,-123.45302,5.7,157.9,154.0,CHINOOK,IMO7129817,WCY2791,31,5,40,10,4.8,32,A
367027570,2020-07-28T17:45:30,37.87715,-123.45213,5.8,155.9,156.0,CHINOOK,IMO7129817,WCY2791,31,5,40,10,4.8,32,A
367027570,2020-07-28T17:46:40,37.87542,-123.45122,5.5,154.9,155.0,CHINOOK,IMO7129817,WCY2791,31,5,40,10,4.8,32,A
367027570,2020-07-28T17:47:50,37.87368,-123.45031,5.7,159.0,156.0,CHINOOK,IMO7129817,WCY2791,31,5,40,10,4.8,32,A
367027570,2020-07-28T17:48:59,37.87188,-123.44940,5.7,156.2,155.0,CHINOOK,IMO7129817,WCY2791,31,5,40,10,4.8,32,A
367027570,2020-07-28T17:50:10,37.87016,-123.44845,5.4,146.2,155.0,CHINOOK,IMO7129817,WCY2791,31,5,40,10,4.8,32,A
367027570,2020-07-28T17:51:19,37.86839,-123.44755,5.7,158.8,155.0,CHINOOK,IMO7129817,WCY2791,31,5,40,10,4.8,32,A
367027570,2020-07-28T17:52:29,37.86665,-123.44663,6.0,161.0,157.0,CHINOOK,IMO7129817,WCY2791,31,5,40,10,4.8,32,A
367027570,2020-07-28T17:53:39,37.86486,-123.44578,5.8,158.0,156.0,CHINOOK,IMO7129817,WCY2791,31,5,40,10,4.8,32,A
367027570,2020-07-28T17:54:50,37.86314,-123.44485,5.7,157.3,157.0,CHINOOK,IMO7129817,WCY2791,31,5,40,10,4.8,32,A
338189586,2020-02-14T17:05:08,37.88437,-123.46628,1.3,148.3,511.0,SD-1046,,NO COMM,0,,0,0,,,B
338189586,2020-02-14T17:06:37,37.88419,-123.46522,2.7,114.6,511.0,SD-1046,,NO COMM,0,,0,0,,,B
338189586,2020-02-14T17:16:37,37.88320,-123.45866,1.7,87.0,511.0,SD-1046,,NO COMM,0,,0,0,,,B
338189586,2020-02-14T17:24:39,37.88241,-123.45431,2.5,111.2,511.0,SD-1046,,NO COMM,0,,0,0,,,B
338189586,2020-02-14T17:45:37,37.88033,-123.44502,0.6,40.6,511.0,SD-1046,,NO COMM,0,,0,0,,,B
338189586,2020-02-14T17:54:37,37.87950,-123.44165,1.2,91.7,511.0,SD-1046,,NO COMM,0,,0,0,,,B
338189586,2020-02-14T17:55:38,37.87938,-123.44133,1.5,114.7,511.0,SD-1046,,NO COMM,0,,0,0,,,B
338189586,2020-02-14T18:16:37,37.87718,-123.43390,1.5,121.6,511.0,SD-1046,,NO COMM,0,,0,0,,,B
338189586,2020-02-14T18:24:10,37.87635,-123.43176,0.6,142.4,511.0,SD-1046,,NO COMM,0,,0,0,,,B
338189586,2020-02-14T18:35:08,37.87476,-123.42883,2.9,125.1,511.0,SD-1046,,NO COMM,0,,0,0,,,B
368014810,2020-07-09T17:51:15,37.86386,-123.43048,8.9,267.7,511.0,RUNAWAY,,WDJ8270,36,,21,6,,,B
368014810,2020-07-09T17:52:47,37.86384,-123.43509,9.1,268.3,511.0,RUNAWAY,,WDJ8270,36,,21,6,,,B
368014810,2020-07-09T17:54:15,37.86391,-123.43957,9.4,265.5,511.0,RUNAWAY,,WDJ8270,36,,21,6,,,B
368014810,2020-07-09T17:55:17,37.86387,-123.44268,8.7,260.3,511.0,RUNAWAY,,WDJ8270,36,,21,6,,,B
368014810,2020-07-09T17:56:47,37.86391,-123.44718,9.7,267.5,511.0,RUNAWAY,,WDJ8270,36,,21,6,,,B
368014810,2020-07-09T17:58:14,37.86385,-123.45167,9.3,262.7,511.0,RUNAWAY,,WDJ8270,36,,21,6,,,B
368014810,2020-07-09T17:59:15,37.86385,-123.45472,8.6,276.5,511.0,RUNAWAY,,WDJ8270,36,,21,6,,,B
368014810,2020-07-09T18:00:16,37.86388,-123.45779,8.7,275.3,511.0,RUNAWAY,,WDJ8270,36,,21,6,,,B
368014810,2020-07-09T18:01:44,37.86378,-123.46202,8.4,271.5,511.0,RUNAWAY,,WDJ8270,36,,21,6,,,B
368014810,2020-07-09T18:03:14,37.86353,-123.46627,6.8,263.0,511.0,RUNAWAY,,WDJ8270,36,,21,6,,,B
368014810,2020-07-09T18:04:45,37.86334,-123.47043,9.0,245.9,511.0,RUNAWAY,,WDJ8270,36,,21,6,,,B
338186925,2020-10-09T22:49:57,37.86626,-123.46278,67.2,309.6,511.0,TYEE,,WDI2971,30,,9,3,,,B
538004601,2020-10-11T18:57:13,37.86849,-123.47136,13.3,153.6,152.0,BRIGHT KOWA,IMO9604811,V7XY6,70,0,182,32,12.3,79,A
538004601,2020-10-11T18:58:34,37.86393,-123.46845,13.5,153.6,152.0,BRIGHT KOWA,IMO9604811,V7XY6,70,0,182,32,12.3,79,A
338189586,2020-11-30T22:06:08,37.89413,-123.47183,3.3,108.8,511.0,SD-1046,,NO COMM,0,,0,0,,,B
338189586,2020-11-30T22:15:09,37.89387,-123.46224,2.6,73.5,511.0,SD-1046,,NO COMM,0,,0,0,,,B
338189586,2020-11-30T22:16:38,37.89379,-123.46068,3.5,96.9,511.0,SD-1046,,NO COMM,0,,0,0,,,B
338189586,2020-11-30T22:35:09,37.89344,-123.44364,3.0,83.5,511.0,SD-1046,,NO COMM,0,,0,0,,,B
338189586,2020-11-30T22:36:38,37.89346,-123.44222,2.5,101.5,511.0,SD-1046,,NO COMM,0,,0,0,,,B
338189586,2020-11-30T22:45:40,37.89334,-123.43439,2.5,74.0,511.0,SD-1046,,NO COMM,0,,0,0,,,B
338189586,2020-11-30T22:54:08,37.89324,-123.42726,4.1,115.0,511.0,SD-1046,,NO COMM,0,,0,0,,,B
338189586,2020-12-01T01:24:10,37.86485,-123.45353,3.5,98.8,511.0,SD-1046,,NO COMM,0,,0,0,,,B
338189586,2020-12-01T01:26:39,37.86421,-123.45036,3.8,101.5,511.0,SD-1046,,NO COMM,0,,0,0,,,B
636018341,2020-05-29T11:15:10,37.86323,-123.45575,15.8,337.7,337.0,SIEM PLATO,IMO9427938,D5PH3,70,0,182,30,7.9,79,A
636018341,2020-05-29T11:16:16,37.86769,-123.45806,15.8,338.0,337.0,SIEM PLATO,IMO9427938,D5PH3,70,0,182,30,7.9,79,A
636018341,2020-05-29T11:17:22,37.87216,-123.46038,15.8,338.8,337.0,SIEM PLATO,IMO9427938,D5PH3,70,0,182,30,7.9,79,A
636018341,2020-05-29T11:18:28,37.87656,-123.46270,15.8,337.4,336.0,SIEM PLATO,IMO9427938,D5PH3,70,0,182,30,7.9,79,A
636018341,2020-05-29T11:19:33,37.88099,-123.46513,15.8,335.7,335.0,SIEM PLATO,IMO9427938,D5PH3,70,0,182,30,7.9,79,A
636018341,2020-05-29T11:20:39,37.88541,-123.46758,15.7,336.3,336.0,SIEM PLATO,IMO9427938,D5PH3,70,0,182,30,7.9,79,A
636018341,2020-05-29T11:21:47,37.88994,-123.47005,15.7,336.3,336.0,SIEM PLATO,IMO9427938,D5PH3,70,0,182,30,7.9,79,A
636018341,2020-05-29T11:22:52,37.89420,-123.47250,15.6,335.8,337.0,SIEM PLATO,IMO9427938,D5PH3,70,0,182,30,7.9,79,A
319742000,2020-08-27T10:33:07,37.89427,-123.47272,9.2,102.5,101.0,CHIMERA,,ZCGT,,8,,,,,A
319742000,2020-08-27T10:34:10,37.89368,-123.46949,7.7,96.8,101.0,CHIMERA,,ZCGT,,8,,,,,A
319742000,2020-08-27T10:35:11,37.89310,-123.46662,9.5,109.4,94.0,CHIMERA,,ZCGT,,8,,,,,A
319742000,2020-08-27T10:36:14,37.89243,-123.46374,7.2,120.6,100.0,CHIMERA,,ZCGT,,8,,,,,A
319742000,2020-08-27T10:37:24,37.89174,-123.46042,7.2,109.7,101.0,CHIMERA,,ZCGT,,8,,,,,A
319742000,2020-08-27T10:38:28,37.89114,-123.45753,8.9,103.3,100.0,CHIMERA,,ZCGT,,8,,,,,A
319742000,2020-08-27T10:39:48,37.89041,-123.45378,8.4,95.8,101.0,CHIMERA,,ZCGT,,8,,,,,A
319742000,2020-08-27T10:40:50,37.88980,-123.45088,7.6,111.1,103.0,CHIMERA,,ZCGT,,8,,,,,A
319742000,2020-08-27T10:41:58,37.88921,-123.44794,7.0,90.8,94.0,CHIMERA,,ZCGT,,8,,,,,A
319742000,2020-08-27T10:43:01,37.88864,-123.44488,7.8,91.3,94.0,CHIMERA,,ZCGT,,8,,,,,A
319742000,2020-08-27T10:44:07,37.88813,-123.44180,8.1,96.2,93.0,CHIMERA,,ZCGT,,8,,,,,A
319742000,2020-08-27T10:45:11,37.88756,-123.43852,9.2,105.0,104.0,CHIMERA,,ZCGT,,8,,,,,A
319742000,2020-08-27T10:46:17,37.88696,-123.43502,8.1,105.7,103.0,CHIMERA,,ZCGT,,8,,,,,A
319742000,2020-08-27T10:47:27,37.88628,-123.43170,8.5,94.1,99.0,CHIMERA,,ZCGT,,8,,,,,A
319742000,2020-08-27T10:48:37,37.88560,-123.42813,8.0,109.3,102.0,CHIMERA,,ZCGT,,8,,,,,A
538007669,2020-06-24T15:16:22,37.86241,-123.47129,10.1,341.0,344.0,NOMADIC HJELLESTAD,IMO9452220,V7ZX6,70,0,138,21,8.1,,A
538007669,2020-06-24T15:17:26,37.86519,-123.47248,10.0,339.0,342.0,NOMADIC HJELLESTAD,IMO9452220,V7ZX6,70,0,138,21,8.1,,A
636018341,2020-08-03T00:50:34,37.86487,-123.45335,12.9,335.8,335.0,SIEM PLATO,IMO9427938,D5PH3,70,0,182,30,8.7,79,A
636018341,2020-08-03T00:51:44,37.86875,-123.45551,12.9,335.8,335.0,SIEM PLATO,IMO9427938,D5PH3,70,0,182,30,8.7,79,A
636018341,2020-08-03T00:52:45,37.87203,-123.45733,12.9,336.4,336.0,SIEM PLATO,IMO9427938,D5PH3,70,0,182,30,8.7,79,A
636018341,2020-08-03T00:53:55,37.87588,-123.45944,13.0,336.8,336.0,SIEM PLATO,IMO9427938,D5PH3,70,0,182,30,8.7,79,A
636018341,2020-08-03T00:55:04,37.87971,-123.46156,12.9,335.4,335.0,SIEM PLATO,IMO9427938,D5PH3,70,0,182,30,8.7,79,A
636018341,2020-08-03T00:56:14,37.88354,-123.46366,12.9,336.4,336.0,SIEM PLATO,IMO9427938,D5PH3,70,0,182,30,8.7,79,A
636018341,2020-08-03T00:57:24,37.88739,-123.46577,12.9,336.8,336.0,SIEM PLATO,IMO9427938,D5PH3,70,0,182,30,8.7,79,A
636018341,2020-08-03T00:58:34,37.89118,-123.46782,12.8,336.4,336.0,SIEM PLATO,IMO9427938,D5PH3,70,0,182,30,8.7,79,A
636018341,2020-08-03T00:59:35,37.89454,-123.46967,12.8,336.4,336.0,SIEM PLATO,IMO9427938,D5PH3,70,0,182,30,8.7,79,A
636018341,2020-08-03T01:00:05,37.89617,-123.47056,12.7,336.4,336.0,SIEM PLATO,IMO9427938,D5PH3,70,0,182,30,8.7,79,A
338842000,2020-10-06T10:30:07,37.86349,-123.45204,5.9,333.5,335.0,GRASP,IMO8434324,NADQ,90,11,71,,,,A
338842000,2020-10-06T10:31:17,37.86517,-123.45306,5.7,333.6,335.0,GRASP,IMO8434324,NADQ,90,11,71,,,,A
338842000,2020-10-06T10:32:57,37.86761,-123.45455,5.7,337.0,335.0,GRASP,IMO8434324,NADQ,90,11,71,,,,A
338842000,2020-10-06T10:34:07,37.86929,-123.45559,5.5,333.8,336.0,GRASP,IMO8434324,NADQ,90,11,71,,,,A
338842000,2020-10-06T10:35:57,37.87191,-123.45712,5.7,334.2,335.0,GRASP,IMO8434324,NADQ,90,11,71,,,,A
338842000,2020-10-06T10:37:18,37.87383,-123.45829,5.7,335.2,336.0,GRASP,IMO8434324,NADQ,90,11,71,,,,A
338842000,2020-10-06T10:38:57,37.87620,-123.45963,5.6,336.0,335.0,GRASP,IMO8434324,NADQ,90,11,71,,,,A
338842000,2020-10-06T10:40:08,37.87791,-123.46058,5.7,335.6,336.0,GRASP,IMO8434324,NADQ,90,11,71,,,,A
338842000,2020-10-06T10:42:18,37.88105,-123.46223,5.6,336.6,336.0,GRASP,IMO8434324,NADQ,90,11,71,,,,A
338842000,2020-10-06T10:44:58,37.88501,-123.46424,5.8,337.9,336.0,GRASP,IMO8434324,NADQ,90,11,71,,,,A
338842000,2020-10-06T10:46:07,37.88663,-123.46507,5.6,340.5,335.0,GRASP,IMO8434324,NADQ,90,11,71,,,,A
338842000,2020-10-06T10:47:16,37.88838,-123.46596,5.7,339.0,336.0,GRASP,IMO8434324,NADQ,90,11,71,,,,A
338842000,2020-10-06T10:49:07,37.89104,-123.46743,5.8,334.3,333.0,GRASP,IMO8434324,NADQ,90,11,71,,,,A
338842000,2020-10-06T10:51:08,37.89385,-123.46934,5.6,329.2,331.0,GRASP,IMO8434324,NADQ,90,11,71,,,,A
338842000,2020-10-06T10:52:17,37.89545,-123.47042,5.7,332.4,330.0,GRASP,IMO8434324,NADQ,90,11,71,,,,A
338842000,2020-10-27T01:27:33,37.87672,-123.47131,11.2,155.0,155.0,GRASP,IMO8434324,NADQ,90,0,71,,,,A
338842000,2020-10-27T01:29:02,37.87258,-123.46872,11.1,152.8,154.0,GRASP,IMO8434324,NADQ,90,0,71,,,,A
338842000,2020-10-27T01:30:12,37.86934,-123.46667,11.2,153.8,155.0,GRASP,IMO8434324,NADQ,90,0,71,,,,A
338842000,2020-10-27T01:31:31,37.86572,-123.46437,11.4,152.3,154.0,GRASP,IMO8434324,NADQ,90,0,71,,,,A
367191170,2020-03-29T15:45:34,37.88392,-123.42830,10.7,315.6,511.0,SILVERADO,,WCY8231,37,0,36,7,,37,A
367191170,2020-03-29T15:46:55,37.88714,-123.43156,11.1,323.3,511.0,SILVERADO,,WCY8231,37,0,36,7,,37,A
367191170,2020-03-29T15:48:55,37.89193,-123.43645,11.0,318.8,511.0,SILVERADO,,WCY8231,37,0,36,7,,37,A
636015659,2020-04-10T01:55:00,37.89469,-123.47048,10.0,153.5,155.0,KOTA EKSPRES,IMO9644990,D5CB9,70,0,228,37,12.5,,A
636015659,2020-04-10T01:56:09,37.89178,-123.46862,10.0,153.0,155.0,KOTA EKSPRES,IMO9644990,D5CB9,70,0,228,37,12.5,,A
636015659,2020-04-10T01:57:28,37.88851,-123.46649,10.0,153.4,155.0,KOTA EKSPRES,IMO9644990,D5CB9,70,0,228,37,12.5,,A
636015659,2020-04-10T01:59:20,37.88390,-123.46351,10.0,154.9,155.0,KOTA EKSPRES,IMO9644990,D5CB9,70,0,228,37,12.5,,A
636015659,2020-04-10T02:00:09,37.88182,-123.46216,10.0,151.3,156.0,KOTA EKSPRES,IMO9644990,D5CB9,70,0,228,37,12.5,,A
636015659,2020-04-10T02:01:20,37.87887,-123.46038,10.0,153.2,156.0,KOTA EKSPRES,IMO9644990,D5CB9,70,0,228,37,12.5,,A
636015659,2020-04-10T02:02:29,37.87591,-123.45864,10.0,156.2,156.0,KOTA EKSPRES,IMO9644990,D5CB9,70,0,228,37,12.5,,A
636015659,2020-04-10T02:03:39,37.87301,-123.45688,10.1,156.1,156.0,KOTA EKSPRES,IMO9644990,D5CB9,70,0,228,37,12.5,,A
636015659,2020-04-10T02:04:50,37.86997,-123.45504,10.2,152.7,156.0,KOTA EKSPRES,IMO9644990,D5CB9,70,0,228,37,12.5,,A
636015659,2020-04-10T02:05:58,37.86707,-123.45334,10.2,156.2,155.0,KOTA EKSPRES,IMO9644990,D5CB9,70,0,228,37,12.5,,A
636015659,2020-04-10T02:07:10,37.86402,-123.45151,10.2,157.2,156.0,KOTA EKSPRES,IMO9644990,D5CB9,70,0,228,37,12.5,,A
477293900,2020-07-14T05:01:08,37.86619,-123.47007,17.6,333.2,332.0,CSCL SUMMER,IMO9645865,VRMZ7,70,0,335,48,15.0,,A
636015659,2020-08-13T04:23:50,37.89710,-123.46809,15.4,157.8,158.0,KOTA EKSPRES,IMO9644990,D5CB9,70,0,228,37,12.5,,A
636015659,2020-08-13T04:24:56,37.89274,-123.46580,15.4,158.0,158.0,KOTA EKSPRES,IMO9644990,D5CB9,70,0,228,37,12.5,,A
636015659,2020-08-13T04:26:02,37.88836,-123.46354,15.5,158.4,158.0,KOTA EKSPRES,IMO9644990,D5CB9,70,0,228,37,12.5,,A
636015659,2020-08-13T04:27:07,37.88403,-123.46134,15.4,158.2,159.0,KOTA EKSPRES,IMO9644990,D5CB9,70,0,228,37,12.5,,A
636015659,2020-08-13T04:28:13,37.87957,-123.45908,15.4,158.1,158.0,KOTA EKSPRES,IMO9644990,D5CB9,70,0,228,37,12.5,,A
636015659,2020-08-13T04:29:19,37.87524,-123.45691,15.5,157.9,158.0,KOTA EKSPRES,IMO9644990,D5CB9,70,0,228,37,12.5,,A
636015659,2020-08-13T04:31:07,37.86799,-123.45325,15.4,157.9,158.0,KOTA EKSPRES,IMO9644990,D5CB9,70,0,228,37,12.5,,A
636015659,2020-08-13T04:32:13,37.86360,-123.45103,15.4,158.3,158.0,KOTA EKSPRES,IMO9644990,D5CB9,70,0,228,37,12.5,,A
477293900,2020-08-30T11:49:55,37.87768,-123.47127,20.5,158.7,158.0,CSCL SUMMER,IMO9645865,VRMZ7,70,0,335,48,15.0,,A
477293900,2020-08-30T11:51:02,37.87187,-123.46836,20.5,158.9,158.0,CSCL SUMMER,IMO9645865,VRMZ7,70,0,335,48,15.0,,A
477293900,2020-08-30T11:52:08,37.86604,-123.46545,20.5,158.4,158.0,CSCL SUMMER,IMO9645865,VRMZ7,70,0,335,48,15.0,,A
367008770,2020-10-25T09:32:14,37.89763,-123.45976,7.3,158.1,157.0,NAVAJO,IMO7409578,WCT5737,31,0,41,10,5.0,,A
367008770,2020-10-25T09:33:25,37.89539,-123.45863,7.3,158.4,155.0,NAVAJO,IMO7409578,WCT5737,31,0,41,10,5.0,,A
367008770,2020-10-25T09:34:45,37.89287,-123.45737,7.3,157.2,155.0,NAVAJO,IMO7409578,WCT5737,31,0,41,10,5.0,,A
367008770,2020-10-25T09:36:15,37.89006,-123.45594,7.2,158.4,154.0,NAVAJO,IMO7409578,WCT5737,31,0,41,10,5.0,,A
367008770,2020-10-25T09:37:34,37.88760,-123.45469,7.3,157.9,154.0,NAVAJO,IMO7409578,WCT5737,31,0,41,10,5.0,,A
367008770,2020-10-25T09:38:54,37.88513,-123.45340,7.3,159.2,155.0,NAVAJO,IMO7409578,WCT5737,31,0,41,10,5.0,,A
367008770,2020-10-25T09:40:04,37.88289,-123.45229,7.3,158.4,155.0,NAVAJO,IMO7409578,WCT5737,31,0,41,10,5.0,,A
367008770,2020-10-25T09:41:24,37.88037,-123.45102,7.3,158.2,155.0,NAVAJO,IMO7409578,WCT5737,31,0,41,10,5.0,,A
367008770,2020-10-25T09:42:35,37.87814,-123.44990,7.2,157.9,156.0,NAVAJO,IMO7409578,WCT5737,31,0,41,10,5.0,,A
367008770,2020-10-25T09:43:46,37.87598,-123.44880,7.2,158.5,154.0,NAVAJO,IMO7409578,WCT5737,31,0,41,10,5.0,,A
367008770,2020-10-25T09:44:54,37.87388,-123.44772,7.1,158.5,157.0,NAVAJO,IMO7409578,WCT5737,31,0,41,10,5.0,,A
367008770,2020-10-25T09:46:05,37.87166,-123.44668,7.1,159.4,157.0,NAVAJO,IMO7409578,WCT5737,31,0,41,10,5.0,,A
367008770,2020-10-25T09:47:35,37.86884,-123.44542,7.1,160.1,158.0,NAVAJO,IMO7409578,WCT5737,31,0,41,10,5.0,,A
367008770,2020-10-25T09:48:55,37.86634,-123.44432,7.2,161.8,158.0,NAVAJO,IMO7409578,WCT5737,31,0,41,10,5.0,,A
367008770,2020-10-25T09:50:04,37.86416,-123.44336,7.1,160.8,157.0,NAVAJO,IMO7409578,WCT5737,31,0,41,10,5.0,,A
367008770,2020-10-29T14:22:08,37.86217,-123.44255,8.4,338.4,339.0,NAVAJO,IMO7409578,WCT5737,31,0,41,10,5.0,,A
367008770,2020-10-29T14:23:18,37.86471,-123.44385,8.5,337.4,338.0,NAVAJO,IMO7409578,WCT5737,31,0,41,10,5.0,,A
367008770,2020-10-29T14:24:38,37.86757,-123.44537,8.4,338.4,340.0,NAVAJO,IMO7409578,WCT5737,31,0,41,10,5.0,,A
367008770,2020-10-29T14:26:48,37.87233,-123.44768,8.6,339.3,339.0,NAVAJO,IMO7409578,WCT5737,31,0,41,10,5.0,,A
367008770,2020-10-29T14:28:18,37.87567,-123.44921,8.5,341.6,343.0,NAVAJO,IMO7409578,WCT5737,31,0,41,10,5.0,,A
367008770,2020-10-29T14:29:49,37.87909,-123.45056,8.5,344.3,346.0,NAVAJO,IMO7409578,WCT5737,31,0,41,10,5.0,,A
367008770,2020-10-29T14:31:28,37.88282,-123.45190,8.4,343.7,345.0,NAVAJO,IMO7409578,WCT5737,31,0,41,10,5.0,,A
367008770,2020-10-29T14:32:38,37.88541,-123.45284,8.3,342.9,344.0,NAVAJO,IMO7409578,WCT5737,31,0,41,10,5.0,,A
367008770,2020-10-29T14:33:49,37.88802,-123.45394,8.1,340.4,341.0,NAVAJO,IMO7409578,WCT5737,31,0,41,10,5.0,,A
367008770,2020-10-29T14:35:08,37.89091,-123.45526,8.5,339.0,341.0,NAVAJO,IMO7409578,WCT5737,31,0,41,10,5.0,,A
367008770,2020-10-29T14:36:19,37.89349,-123.45653,8.4,337.7,340.0,NAVAJO,IMO7409578,WCT5737,31,0,41,10,5.0,,A
367008770,2020-10-29T14:37:29,37.89599,-123.45780,8.2,337.9,340.0,NAVAJO,IMO7409578,WCT5737,31,0,41,10,5.0,,A
367008770,2020-11-23T21:22:05,37.89603,-123.46413,7.4,159.0,158.0,NAVAJO,IMO7409578,WCT5737,31,0,41,10,5.0,,A
367008770,2020-11-23T21:23:15,37.89382,-123.46309,7.4,157.5,156.0,NAVAJO,IMO7409578,WCT5737,31,0,41,10,5.0,,A
367008770,2020-11-23T21:25:14,37.89003,-123.46125,7.3,159.1,159.0,NAVAJO,IMO7409578,WCT5737,31,0,41,10,5.0,,A
367008770,2020-11-23T21:26:55,37.88679,-123.45969,7.4,159.0,157.0,NAVAJO,IMO7409578,WCT5737,31,0,41,10,5.0,,A
367008770,2020-11-23T21:28:14,37.88430,-123.45850,7.3,159.4,158.0,NAVAJO,IMO7409578,WCT5737,31,0,41,10,5.0,,A
367008770,2020-11-23T21:29:35,37.88170,-123.45726,7.3,160.3,158.0,NAVAJO,IMO7409578,WCT5737,31,0,41,10,5.0,,A
367008770,2020-11-23T21:32:14,37.87665,-123.45485,7.3,159.1,155.0,NAVAJO,IMO7409578,WCT5737,31,0,41,10,5.0,,A
367008770,2020-11-23T21:33:25,37.87434,-123.45370,7.4,158.4,157.0,NAVAJO,IMO7409578,WCT5737,31,0,41,10,5.0,,A
367008770,2020-11-23T21:34:55,37.87149,-123.45234,7.4,160.1,158.0,NAVAJO,IMO7409578,WCT5737,31,0,41,10,5.0,,A
367008770,2020-11-23T21:36:14,37.86894,-123.45114,7.3,160.9,159.0,NAVAJO,IMO7409578,WCT5737,31,0,41,10,5.0,,A
367008770,2020-11-23T21:37:54,37.86578,-123.44968,7.2,160.1,155.0,NAVAJO,IMO7409578,WCT5737,31,0,41,10,5.0,,A
367008770,2020-11-23T21:39:14,37.86322,-123.44848,7.3,160.6,160.0,NAVAJO,IMO7409578,WCT5737,31,0,41,10,5.0,,A
367008770,2020-11-29T14:11:51,37.86354,-123.44882,8.6,340.1,340.0,NAVAJO,IMO7409578,WCT5737,31,0,41,10,5.0,,A
367008770,2020-11-29T14:13:32,37.86723,-123.45059,8.4,338.8,339.0,NAVAJO,IMO7409578,WCT5737,31,0,41,10,5.0,,A
367008770,2020-11-29T14:14:42,37.86984,-123.45185,8.5,339.0,340.0,NAVAJO,IMO7409578,WCT5737,31,0,41,10,5.0,,A
367008770,2020-11-29T14:16:02,37.87276,-123.45325,8.5,339.3,340.0,NAVAJO,IMO7409578,WCT5737,31,0,41,10,5.0,,A
367008770,2020-11-29T14:17:32,37.87606,-123.45483,8.5,339.3,340.0,NAVAJO,IMO7409578,WCT5737,31,0,41,10,5.0,,A
367008770,2020-11-29T14:18:42,37.87865,-123.45611,8.3,337.9,339.0,NAVAJO,IMO7409578,WCT5737,31,0,41,10,5.0,,A
367008770,2020-11-29T14:20:31,37.88259,-123.45806,8.7,338.5,340.0,NAVAJO,IMO7409578,WCT5737,31,0,41,10,5.0,,A
367008770,2020-11-29T14:21:41,37.88524,-123.45935,8.6,338.9,340.0,NAVAJO,IMO7409578,WCT5737,31,0,41,10,5.0,,A
367008770,2020-11-29T14:23:12,37.88858,-123.46100,8.4,338.1,339.0,NAVAJO,IMO7409578,WCT5737,31,0,41,10,5.0,,A
367008770,2020-11-29T14:24:42,37.89190,-123.46266,8.6,338.4,340.0,NAVAJO,IMO7409578,WCT5737,31,0,41,10,5.0,,A
338166597,2021-08-11T21:23:19,37.86238,-123.47206,7.7,88.2,103.0,FAVONIUS,,,37,,15,5,,,B
338166597,2021-08-11T21:24:52,37.86205,-123.46787,7.9,95.3,99.0,FAVONIUS,,,37,,15,5,,,B
941600621,2021-08-24T18:13:36,37.86258,-123.43409,1.5,18.3,511.0,,,,,,,,,,B
941600621,2021-08-24T18:22:36,37.86479,-123.43466,1.0,356.1,511.0,,,,,,,,,,B
941600621,2021-08-24T18:25:36,37.86573,-123.43480,1.9,324.4,511.0,,,,,,,,,,B
941600621,2021-08-24T18:28:36,37.86600,-123.43631,1.9,110.8,511.0,,,,,,,,,,B
941600621,2021-08-24T18:31:36,37.86319,-123.43470,1.9,121.6,511.0,,,,,,,,,,B
367139040,2021-07-24T17:59:32,37.88547,-123.42766,1.9,280.5,292.0,FULMAR,,WDD3992,90,3,,,,10,A
367139040,2021-07-24T18:00:02,37.88552,-123.42795,1.7,279.8,293.0,FULMAR,,WDD3992,90,3,,,,10,A
367139040,2021-07-24T18:01:14,37.88565,-123.42868,1.7,282.2,291.0,FULMAR,,WDD3992,90,3,,,,10,A
367139040,2021-07-24T18:02:23,37.88577,-123.42937,2.0,285.9,292.0,FULMAR,,WDD3992,90,3,,,,10,A
367139040,2021-07-24T18:03:34,37.88593,-123.43010,1.8,289.0,296.0,FULMAR,,WDD3992,90,3,,,,10,A
367139040,2021-07-24T18:04:44,37.88611,-123.43083,1.9,290.7,294.0,FULMAR,,WDD3992,90,3,,,,10,A
367139040,2021-07-24T18:05:53,37.88630,-123.43156,1.9,290.3,297.0,FULMAR,,WDD3992,90,3,,,,10,A
367139040,2021-07-24T18:07:04,37.88651,-123.43229,1.9,293.7,296.0,FULMAR,,WDD3992,90,3,,,,10,A
367139040,2021-07-24T18:08:23,37.88680,-123.43306,1.8,294.0,296.0,FULMAR,,WDD3992,90,3,,,,10,A
367139040,2021-07-24T18:09:34,37.88697,-123.43382,2.0,281.9,289.0,FULMAR,,WDD3992,90,3,,,,10,A
367139040,2021-07-24T18:10:43,37.88712,-123.43457,1.9,287.4,292.0,FULMAR,,WDD3992,90,3,,,,10,A
367139040,2021-07-24T18:11:53,37.88729,-123.43530,1.9,285.7,290.0,FULMAR,,WDD3992,90,3,,,,10,A
367139040,2021-07-24T18:13:13,37.88745,-123.43621,1.9,279.0,285.0,FULMAR,,WDD3992,90,3,,,,10,A
367139040,2021-07-24T18:14:23,37.88756,-123.43694,2.0,282.0,289.0,FULMAR,,WDD3992,90,3,,,,10,A
367139040,2021-07-24T18:15:32,37.88773,-123.43770,1.9,289.0,294.0,FULMAR,,WDD3992,90,3,,,,10,A
367139040,2021-07-24T18:16:33,37.88786,-123.43833,1.9,283.0,288.0,FULMAR,,WDD3992,90,3,,,,10,A
367139040,2021-07-24T18:17:42,37.88798,-123.43909,1.9,283.2,291.0,FULMAR,,WDD3992,90,3,,,,10,A
367139040,2021-07-24T18:18:43,37.88813,-123.43969,1.8,289.7,294.0,FULMAR,,WDD3992,90,3,,,,10,A
367139040,2021-07-24T18:20:03,37.88835,-123.44052,1.5,287.9,296.0,FULMAR,,WDD3992,90,3,,,,10,A
367139040,2021-07-24T18:21:14,37.88854,-123.44114,1.7,289.0,296.0,FULMAR,,WDD3992,90,3,,,,10,A
367139040,2021-07-24T18:22:24,37.88873,-123.44177,1.7,291.6,295.0,FULMAR,,WDD3992,90,3,,,,10,A
367139040,2021-07-24T18:23:32,37.88897,-123.44244,1.7,295.0,298.0,FULMAR,,WDD3992,90,3,,,,10,A
367139040,2021-07-24T18:24:33,37.88917,-123.44298,1.8,295.4,300.0,FULMAR,,WDD3992,90,3,,,,10,A
367139040,2021-07-24T18:25:44,37.88940,-123.44361,1.6,294.4,301.0,FULMAR,,WDD3992,90,3,,,,10,A
367139040,2021-07-24T18:26:53,37.88965,-123.44429,1.9,292.0,296.0,FULMAR,,WDD3992,90,3,,,,10,A
367139040,2021-07-24T18:28:03,37.88987,-123.44497,1.8,292.8,295.0,FULMAR,,WDD3992,90,3,,,,10,A
367139040,2021-07-24T18:29:12,37.89008,-123.44564,1.9,295.9,297.0,FULMAR,,WDD3992,90,3,,,,10,A
367139040,2021-07-24T18:30:22,37.89034,-123.44638,1.9,294.3,297.0,FULMAR,,WDD3992,90,3,,,,10,A
367139040,2021-07-24T18:31:33,37.89057,-123.44710,1.9,292.7,298.0,FULMAR,,WDD3992,90,3,,,,10,A
367139040,2021-07-24T18:32:44,37.89082,-123.44780,1.8,298.4,301.0,FULMAR,,WDD3992,90,3,,,,10,A
367139040,2021-07-24T18:33:52,37.89111,-123.44850,1.9,298.1,302.0,FULMAR,,WDD3992,90,3,,,,10,A
367139040,2021-07-24T18:35:04,37.89134,-123.44919,1.8,291.4,299.0,FULMAR,,WDD3992,90,3,,,,10,A
367139040,2021-07-24T18:36:13,37.89160,-123.44991,2.2,293.3,298.0,FULMAR,,WDD3992,90,3,,,,10,A
367139040,2021-07-24T18:37:22,37.89190,-123.45087,2.6,288.0,294.0,FULMAR,,WDD3992,90,3,,,,10,A
367139040,2021-07-24T18:38:32,37.89226,-123.45186,2.5,293.9,301.0,FULMAR,,WDD3992,90,3,,,,10,A
367139040,2021-07-24T18:39:44,37.89265,-123.45287,3.3,298.8,304.0,FULMAR,,WDD3992,90,3,,,,10,A
367139040,2021-07-24T18:40:47,37.89313,-123.45560,9.3,263.1,259.0,FULMAR,,WDD3992,90,3,,,,10,A
367139040,2021-07-24T18:41:54,37.89169,-123.45893,10.8,235.2,236.0,FULMAR,,WDD3992,90,3,,,,10,A
367139040,2021-07-24T18:42:57,37.88933,-123.46317,15.3,233.5,236.0,FULMAR,,WDD3992,90,3,,,,10,A
367139040,2021-07-24T18:44:03,37.88623,-123.46792,16.3,231.2,233.0,FULMAR,,WDD3992,90,3,,,,10,A
367139040,2021-07-24T19:21:24,37.88219,-123.46727,10.1,90.7,93.0,FULMAR,,WDD3992,90,0,,,,10,A
367139040,2021-07-24T19:22:32,37.88223,-123.46300,10.2,88.9,88.0,FULMAR,,WDD3992,90,0,,,,10,A
367139040,2021-07-24T19:23:44,37.88255,-123.45883,10.1,84.2,89.0,FULMAR,,WDD3992,90,0,,,,10,A
367139040,2021-07-24T19:24:52,37.88261,-123.45466,10.3,87.4,88.0,FULMAR,,WDD3992,90,0,,,,10,A
367139040,2021-07-24T19:26:04,37.88267,-123.45026,10.2,90.3,92.0,FULMAR,,WDD3992,90,0,,,,10,A
367139040,2021-07-24T19:27:14,37.88265,-123.44599,9.9,92.3,92.0,FULMAR,,WDD3992,90,0,,,,10,A
367139040,2021-07-24T19:28:23,37.88287,-123.44175,10.1,84.0,88.0,FULMAR,,WDD3992,90,0,,,,10,A
367139040,2021-07-24T19:29:24,37.88307,-123.43807,10.7,85.3,86.0,FULMAR,,WDD3992,90,0,,,,10,A
367139040,2021-07-24T19:30:26,37.88325,-123.43422,10.4,88.8,91.0,FULMAR,,WDD3992,90,0,,,,10,A
367139040,2021-07-24T19:31:32,37.88336,-123.43037,10.2,90.0,91.0,FULMAR,,WDD3992,90,0,,,,10,A
367139040,2021-07-24T19:04:36,37.87976,-123.47264,0.7,107.3,110.0,FULMAR,,WDD3992,90,3,,,,10,A
367139040,2021-07-24T19:05:37,37.87993,-123.47237,1.9,22.2,16.0,FULMAR,,WDD3992,90,3,,,,10,A
367139040,2021-07-24T19:20:14,37.88210,-123.47153,10.1,85.9,87.0,FULMAR,,WDD3992,90,0,,,,10,A
367139040,2021-09-24T18:21:02,37.88602,-123.44608,2.8,271.0,260.0,FULMAR,,WDD3992,90,3,,,,0,A
367139040,2021-09-24T18:22:08,37.88603,-123.44734,6.6,255.8,247.0,FULMAR,,WDD3992,90,3,,,,0,A
367139040,2021-09-24T18:23:11,37.88534,-123.45039,9.5,256.8,250.0,FULMAR,,WDD3992,90,3,,,,0,A
367139040,2021-09-24T18:24:12,37.88491,-123.45367,9.4,261.0,255.0,FULMAR,,WDD3992,90,3,,,,0,A
367139040,2021-09-24T18:25:13,37.88462,-123.45701,9.5,266.0,258.0,FULMAR,,WDD3992,90,3,,,,0,A
367139040,2021-09-24T18:26:21,37.88430,-123.46077,9.3,260.6,252.0,FULMAR,,WDD3992,90,3,,,,0,A
367139040,2021-09-24T18:27:32,37.88386,-123.46456,9.4,259.3,251.0,FULMAR,,WDD3992,90,3,,,,0,A
367139040,2021-09-24T18:28:43,37.88316,-123.46834,9.1,252.9,247.0,FULMAR,,WDD3992,90,3,,,,0,A
367139040,2021-09-24T18:29:44,37.88273,-123.47028,3.3,243.9,237.0,FULMAR,,WDD3992,90,3,,,,0,A
367139040,2021-09-24T18:30:45,37.88191,-123.47093,3.5,195.4,191.0,FULMAR,,WDD3992,90,3,,,,0,A
367139040,2021-09-24T18:31:52,37.88079,-123.47133,2.1,203.4,197.0,FULMAR,,WDD3992,90,3,,,,0,A
367139040,2021-09-24T18:33:02,37.88060,-123.47149,0.2,245.4,198.0,FULMAR,,WDD3992,90,3,,,,0,A
367139040,2021-09-24T18:34:11,37.88063,-123.47151,0.4,333.4,201.0,FULMAR,,WDD3992,90,3,,,,0,A
367139040,2021-09-24T18:35:22,37.88073,-123.47149,0.4,354.6,212.0,FULMAR,,WDD3992,90,3,,,,0,A
367139040,2021-09-24T18:36:31,37.88087,-123.47144,0.4,17.7,213.0,FULMAR,,WDD3992,90,3,,,,0,A
367139040,2021-09-24T18:37:41,37.88102,-123.47140,0.3,32.6,206.0,FULMAR,,WDD3992,90,3,,,,0,A
367139040,2021-09-24T18:38:51,37.88116,-123.47137,0.4,9.9,189.0,FULMAR,,WDD3992,90,3,,,,0,A
367139040,2021-09-24T18:40:01,37.88131,-123.47136,0.5,356.8,180.0,FULMAR,,WDD3992,90,3,,,,0,A
367139040,2021-09-24T18:41:11,37.88145,-123.47134,0.4,57.0,169.0,FULMAR,,WDD3992,90,3,,,,0,A
367139040,2021-09-24T18:42:21,37.88159,-123.47133,0.3,81.5,161.0,FULMAR,,WDD3992,90,3,,,,0,A
367139040,2021-09-24T18:43:32,37.88171,-123.47135,0.3,7.1,177.0,FULMAR,,WDD3992,90,3,,,,0,A
367139040,2021-09-24T18:44:42,37.88182,-123.47136,0.3,351.6,179.0,FULMAR,,WDD3992,90,3,,,,0,A
367139040,2021-09-24T18:45:52,37.88191,-123.47139,0.4,329.5,195.0,FULMAR,,WDD3992,90,3,,,,0,A
367139040,2021-09-24T18:46:54,37.88201,-123.47144,0.9,332.3,244.0,FULMAR,,WDD3992,90,3,,,,0,A
367139040,2021-09-24T18:48:02,37.88188,-123.47268,3.8,265.0,258.0,FULMAR,,WDD3992,90,3,,,,0,A
367139040,2021-09-24T19:01:12,37.88209,-123.47171,10.7,84.9,84.0,FULMAR,,WDD3992,90,3,,,,0,A
367139040,2021-09-24T19:02:22,37.88219,-123.46752,10.8,93.1,90.0,FULMAR,,WDD3992,90,3,,,,0,A
367139040,2021-09-24T19:03:25,37.88230,-123.46376,9.7,82.4,82.0,FULMAR,,WDD3992,90,3,,,,0,A
367139040,2021-09-24T19:04:31,37.88234,-123.45986,9.8,90.2,86.0,FULMAR,,WDD3992,90,3,,,,0,A
367139040,2021-09-24T19:05:42,37.88251,-123.45563,10.7,89.2,86.0,FULMAR,,WDD3992,90,3,,,,0,A
367139040,2021-09-24T19:06:52,37.88260,-123.45155,9.8,88.8,86.0,FULMAR,,WDD3992,90,3,,,,0,A
367139040,2021-09-24T19:08:01,37.88283,-123.44740,10.9,85.9,85.0,FULMAR,,WDD3992,90,3,,,,0,A
367139040,2021-09-24T17:55:02,37.88530,-123.42794,1.7,269.1,262.0,FULMAR,,WDD3992,90,3,,,,0,A
367139040,2021-09-24T17:56:11,37.88536,-123.42865,1.6,277.1,263.0,FULMAR,,WDD3992,90,3,,,,0,A
367139040,2021-09-24T17:57:22,37.88539,-123.42935,1.7,274.1,258.0,FULMAR,,WDD3992,90,3,,,,0,A
367139040,2021-09-24T17:58:31,37.88537,-123.43008,1.7,265.7,259.0,FULMAR,,WDD3992,90,3,,,,0,A
367139040,2021-09-24T17:59:41,37.88538,-123.43085,1.8,267.0,261.0,FULMAR,,WDD3992,90,3,,,,0,A
367139040,2021-09-24T18:00:02,37.88540,-123.43107,1.7,275.5,263.0,FULMAR,,WDD3992,90,3,,,,0,A
367139040,2021-09-24T18:01:12,37.88544,-123.43183,1.8,267.3,262.0,FULMAR,,WDD3992,90,3,,,,0,A
367139040,2021-09-24T18:02:22,37.88547,-123.43262,2.1,275.4,262.0,FULMAR,,WDD3992,90,3,,,,0,A
367139040,2021-09-24T18:03:32,37.88551,-123.43340,2.0,273.9,262.0,FULMAR,,WDD3992,90,3,,,,0,A
367139040,2021-09-24T18:04:41,37.88556,-123.43417,1.8,267.1,262.0,FULMAR,,WDD3992,90,3,,,,0,A
367139040,2021-09-24T18:05:42,37.88561,-123.43481,1.8,270.8,261.0,FULMAR,,WDD3992,90,3,,,,0,A
367139040,2021-09-24T18:06:52,37.88564,-123.43548,1.4,273.2,259.0,FULMAR,,WDD3992,90,3,,,,0,A
367139040,2021-09-24T18:08:01,37.88565,-123.43615,1.7,266.9,260.0,FULMAR,,WDD3992,90,3,,,,0,A
367139040,2021-09-24T18:09:11,37.88568,-123.43689,1.8,272.4,260.0,FULMAR,,WDD3992,90,3,,,,0,A
367139040,2021-09-24T18:10:22,37.88570,-123.43768,1.9,273.4,261.0,FULMAR,,WDD3992,90,3,,,,0,A
367139040,2021-09-24T18:11:31,37.88575,-123.43843,1.8,272.5,261.0,FULMAR,,WDD3992,90,3,,,,0,A
367139040,2021-09-24T18:12:42,37.88578,-123.43923,1.9,270.8,260.0,FULMAR,,WDD3992,90,3,,,,0,A
367139040,2021-09-24T18:13:52,37.88581,-123.44003,2.0,275.8,260.0,FULMAR,,WDD3992,90,3,,,,0,A
367139040,2021-09-24T18:15:01,37.88586,-123.44086,2.1,274.8,260.0,FULMAR,,WDD3992,90,3,,,,0,A
367139040,2021-09-24T18:16:11,37.88588,-123.44169,2.0,272.9,260.0,FULMAR,,WDD3992,90,3,,,,0,A
367139040,2021-09-24T18:17:41,37.88596,-123.44281,2.5,278.2,268.0,FULMAR,,WDD3992,90,3,,,,0,A
367139040,2021-09-24T18:18:51,37.88601,-123.44391,2.7,264.3,258.0,FULMAR,,WDD3992,90,3,,,,0,A
367139040,2021-09-24T18:20:01,37.88599,-123.44510,3.0,273.7,261.0,FULMAR,,WDD3992,90,3,,,,0,A
367139040,2021-09-24T19:09:12,37.88298,-123.44310,10.2,83.5,81.0,FULMAR,,WDD3992,90,3,,,,0,A
367139040,2021-09-24T19:10:22,37.88314,-123.43891,10.2,89.5,87.0,FULMAR,,WDD3992,90,3,,,,0,A
367139040,2021-09-24T19:11:31,37.88323,-123.43485,10.2,91.1,89.0,FULMAR,,WDD3992,90,3,,,,0,A
367139040,2021-09-24T19:12:32,37.88332,-123.43131,9.7,86.0,86.0,FULMAR,,WDD3992,90,3,,,,0,A
563070200,2021-06-16T12:22:00,37.86425,-123.45675,7.6,336.0,334.0,MAGDA,IMO9490739,9V6142,79,0,189,32,7.0,79,A
563070200,2021-06-16T12:23:09,37.86643,-123.45797,7.4,336.0,334.0,MAGDA,IMO9490739,9V6142,79,0,189,32,7.0,79,A
563070200,2021-06-16T12:24:19,37.86868,-123.45915,7.5,338.0,335.0,MAGDA,IMO9490739,9V6142,79,0,189,32,7.0,79,A
563070200,2021-06-16T12:25:20,37.87067,-123.46015,7.7,338.0,334.0,MAGDA,IMO9490739,9V6142,79,0,189,32,7.0,79,A
563070200,2021-06-16T12:26:30,37.87295,-123.46147,7.7,335.0,334.0,MAGDA,IMO9490739,9V6142,79,0,189,32,7.0,79,A
563070200,2021-06-16T12:27:39,37.87513,-123.46262,7.5,337.0,334.0,MAGDA,IMO9490739,9V6142,79,0,189,32,7.0,79,A
563070200,2021-06-16T12:28:50,37.87743,-123.46393,7.8,334.0,334.0,MAGDA,IMO9490739,9V6142,79,0,189,32,7.0,79,A
563070200,2021-06-16T12:29:59,37.87967,-123.46525,7.7,334.0,333.0,MAGDA,IMO9490739,9V6142,79,0,189,32,7.0,79,A
563070200,2021-06-16T12:31:09,37.88188,-123.46662,7.4,334.0,335.0,MAGDA,IMO9490739,9V6142,79,0,189,32,7.0,79,A
563070200,2021-06-16T12:32:20,37.88415,-123.46782,7.6,337.0,336.0,MAGDA,IMO9490739,9V6142,79,0,189,32,7.0,79,A
563070200,2021-06-16T12:33:29,37.88642,-123.46902,7.7,337.0,336.0,MAGDA,IMO9490739,9V6142,79,0,189,32,7.0,79,A
563070200,2021-06-16T12:34:39,37.88870,-123.47037,7.9,335.0,336.0,MAGDA,IMO9490739,9V6142,79,0,189,32,7.0,79,A
563070200,2021-06-16T12:35:49,37.89107,-123.47163,7.8,337.0,337.0,MAGDA,IMO9490739,9V6142,79,0,189,32,7.0,79,A
367070510,2021-05-12T02:19:10,37.86297,-123.47236,9.3,341.3,341.0,BLUEFIN,IMO8036586,WDC7379,70,0,50,11,3.7,70,A
366932120,2021-01-20T10:05:52,37.89668,-123.45071,5.4,150.0,150.0,TAKU WIND,IMO7029536,WDI9036,31,0,36,9,2.4,60,A
366932120,2021-01-20T10:07:01,37.89513,-123.44959,5.5,150.3,149.0,TAKU WIND,IMO7029536,WDI9036,31,0,36,9,2.4,60,A
366932120,2021-01-20T10:08:13,37.89354,-123.44835,5.6,148.4,150.0,TAKU WIND,IMO7029536,WDI9036,31,0,36,9,2.4,60,A
366932120,2021-01-20T10:09:22,37.89201,-123.44716,5.5,149.8,151.0,TAKU WIND,IMO7029536,WDI9036,31,0,36,9,2.4,60,A
366932120,2021-01-20T10:10:31,37.89048,-123.44595,5.6,148.2,151.0,TAKU WIND,IMO7029536,WDI9036,31,0,36,9,2.4,60,A
366932120,2021-01-20T10:11:42,37.88892,-123.44472,5.7,148.1,150.0,TAKU WIND,IMO7029536,WDI9036,31,0,36,9,2.4,60,A
366932120,2021-01-20T10:12:51,37.88737,-123.44349,5.6,147.9,149.0,TAKU WIND,IMO7029536,WDI9036,31,0,36,9,2.4,60,A
366932120,2021-01-20T10:14:01,37.88579,-123.44223,5.8,147.0,149.0,TAKU WIND,IMO7029536,WDI9036,31,0,36,9,2.4,60,A
366932120,2021-01-20T10:15:13,37.88418,-123.44097,5.8,146.8,149.0,TAKU WIND,IMO7029536,WDI9036,31,0,36,9,2.4,60,A
366932120,2021-01-20T10:16:22,37.88261,-123.43974,5.7,148.8,150.0,TAKU WIND,IMO7029536,WDI9036,31,0,36,9,2.4,60,A
366932120,2021-01-20T10:17:23,37.88127,-123.43867,5.7,147.7,150.0,TAKU WIND,IMO7029536,WDI9036,31,0,36,9,2.4,60,A
366932120,2021-01-20T10:18:31,37.87972,-123.43745,5.6,147.6,150.0,TAKU WIND,IMO7029536,WDI9036,31,0,36,9,2.4,60,A
366932120,2021-01-20T10:19:32,37.87839,-123.43638,5.6,147.0,148.0,TAKU WIND,IMO7029536,WDI9036,31,0,36,9,2.4,60,A
366932120,2021-01-20T10:20:42,37.87682,-123.43505,5.7,146.6,150.0,TAKU WIND,IMO7029536,WDI9036,31,0,36,9,2.4,60,A
366932120,2021-01-20T10:21:52,37.87531,-123.43379,5.5,146.6,149.0,TAKU WIND,IMO7029536,WDI9036,31,0,36,9,2.4,60,A
366932120,2021-01-20T10:23:03,37.87378,-123.43249,5.6,147.2,151.0,TAKU WIND,IMO7029536,WDI9036,31,0,36,9,2.4,60,A
366932120,2021-01-20T10:24:13,37.87227,-123.43120,5.5,146.1,149.0,TAKU WIND,IMO7029536,WDI9036,31,0,36,9,2.4,60,A
366932120,2021-01-20T10:25:22,37.87080,-123.42993,5.5,145.3,149.0,TAKU WIND,IMO7029536,WDI9036,31,0,36,9,2.4,60,A
366932120,2021-01-20T10:26:32,37.86930,-123.42866,5.5,146.1,150.0,TAKU WIND,IMO7029536,WDI9036,31,0,36,9,2.4,60,A
366932120,2021-01-20T10:27:42,37.86778,-123.42740,5.4,147.2,149.0,TAKU WIND,IMO7029536,WDI9036,31,0,36,9,2.4,60,A
636015660,2021-03-07T19:41:30,37.89309,-123.46269,19.0,156.1,156.0,CAP CAPRICORN,IMO9649835,D5CC2,70,0,228,37,4.2,60,A
636015660,2021-03-07T19:42:36,37.88770,-123.45958,19.0,154.8,156.0,CAP CAPRICORN,IMO9649835,D5CC2,70,0,228,37,4.2,60,A
636015660,2021-03-07T19:43:42,37.88240,-123.45649,19.1,154.4,156.0,CAP CAPRICORN,IMO9649835,D5CC2,70,0,228,37,4.2,60,A
636015660,2021-03-07T19:44:48,37.87717,-123.45348,19.2,156.2,157.0,CAP CAPRICORN,IMO9649835,D5CC2,70,0,228,37,4.2,60,A
636015660,2021-03-07T19:45:53,37.87186,-123.45045,18.9,155.0,157.0,CAP CAPRICORN,IMO9649835,D5CC2,70,0,228,37,4.2,60,A
636015660,2021-03-07T19:46:59,37.86654,-123.44740,19.0,155.6,156.0,CAP CAPRICORN,IMO9649835,D5CC2,70,0,228,37,4.2,60,A
319577000,2021-06-12T13:07:25,37.86319,-123.45072,12.6,338.7,337.0,ICE BEAR,IMO8981353,ZCRT2,37,0,52,10,2.9,37,A
319577000,2021-06-12T13:08:27,37.86648,-123.45253,12.5,340.6,337.0,ICE BEAR,IMO8981353,ZCRT2,37,0,52,10,2.9,37,A
319577000,2021-06-12T13:09:28,37.86973,-123.45423,12.5,338.6,337.0,ICE BEAR,IMO8981353,ZCRT2,37,0,52,10,2.9,37,A
319577000,2021-06-12T13:10:30,37.87301,-123.45600,12.2,338.5,336.0,ICE BEAR,IMO8981353,ZCRT2,37,0,52,10,2.9,37,A
319577000,2021-06-12T13:11:35,37.87644,-123.45784,12.0,335.6,337.0,ICE BEAR,IMO8981353,ZCRT2,37,0,52,10,2.9,37,A
319577000,2021-06-12T13:12:37,37.87983,-123.45946,12.7,340.7,340.0,ICE BEAR,IMO8981353,ZCRT2,37,0,52,10,2.9,37,A
319577000,2021-06-12T13:13:40,37.88314,-123.46104,12.0,338.4,338.0,ICE BEAR,IMO8981353,ZCRT2,37,0,52,10,2.9,37,A
319577000,2021-06-12T13:14:42,37.88638,-123.46260,12.2,339.4,340.0,ICE BEAR,IMO8981353,ZCRT2,37,0,52,10,2.9,37,A
319577000,2021-06-12T13:15:43,37.88967,-123.46411,12.3,346.6,340.0,ICE BEAR,IMO8981353,ZCRT2,37,0,52,10,2.9,37,A
319577000,2021-06-12T13:16:46,37.89300,-123.46568,12.2,340.9,338.0,ICE BEAR,IMO8981353,ZCRT2,37,0,52,10,2.9,37,A
319577000,2021-06-12T13:17:48,37.89633,-123.46725,12.5,338.6,339.0,ICE BEAR,IMO8981353,ZCRT2,37,0,52,10,2.9,37,A
338415000,2021-07-21T12:25:27,37.87057,-123.46932,6.3,352.0,344.0,RACHEL CARSON,IMO8983210,WDF9370,90,0,41,10,,70,A
338415000,2021-07-21T12:28:33,37.87427,-123.47193,2.5,324.0,332.0,RACHEL CARSON,IMO8983210,WDF9370,90,0,41,10,,70,A
319577000,2021-05-28T10:48:37,37.89656,-123.46469,12.9,158.3,161.0,ICE BEAR,IMO8981353,ZCRT2,37,0,52,10,2.9,37,A
319577000,2021-05-28T10:49:39,37.89292,-123.46290,14.1,158.6,160.0,ICE BEAR,IMO8981353,ZCRT2,37,0,52,10,2.9,37,A
319577000,2021-05-28T10:50:40,37.88914,-123.46114,14.5,160.8,160.0,ICE BEAR,IMO8981353,ZCRT2,37,0,52,10,2.9,37,A
319577000,2021-05-28T10:51:41,37.88547,-123.45937,15.0,156.5,162.0,ICE BEAR,IMO8981353,ZCRT2,37,0,52,10,2.9,37,A
319577000,2021-05-28T10:52:43,37.88167,-123.45762,13.4,159.3,157.0,ICE BEAR,IMO8981353,ZCRT2,37,0,52,10,2.9,37,A
319577000,2021-05-28T10:53:45,37.87796,-123.45586,14.1,160.4,161.0,ICE BEAR,IMO8981353,ZCRT2,37,0,52,10,2.9,37,A
319577000,2021-05-28T10:54:47,37.87421,-123.45412,12.9,160.0,158.0,ICE BEAR,IMO8981353,ZCRT2,37,0,52,10,2.9,37,A
319577000,2021-05-28T10:55:48,37.87049,-123.45238,13.6,158.3,157.0,ICE BEAR,IMO8981353,ZCRT2,37,0,52,10,2.9,37,A
319577000,2021-05-28T10:56:49,37.86689,-123.45067,13.9,158.7,164.0,ICE BEAR,IMO8981353,ZCRT2,37,0,52,10,2.9,37,A
319577000,2021-05-28T10:57:51,37.86311,-123.44892,14.6,160.5,162.0,ICE BEAR,IMO8981353,ZCRT2,37,0,52,10,2.9,37,A
367139040,2021-06-14T19:30:05,37.86261,-123.43594,11.9,302.1,304.0,FULMAR,,WDD3992,90,0,,,,10,A
367139040,2021-06-14T19:31:15,37.86465,-123.44016,12.3,301.8,304.0,FULMAR,,WDD3992,90,0,,,,10,A
367139040,2021-06-14T19:32:25,37.86667,-123.44436,11.9,300.8,302.0,FULMAR,,WDD3992,90,0,,,,10,A
367139040,2021-06-14T19:33:26,37.86841,-123.44796,12.2,300.6,303.0,FULMAR,,WDD3992,90,0,,,,10,A
367139040,2021-06-14T19:34:34,37.87044,-123.45214,12.1,301.0,303.0,FULMAR,,WDD3992,90,0,,,,10,A
367139040,2021-06-14T19:35:46,37.87246,-123.45640,12.1,302.4,304.0,FULMAR,,WDD3992,90,0,,,,10,A
367139040,2021-06-14T19:36:55,37.87456,-123.46062,12.2,301.7,302.0,FULMAR,,WDD3992,90,0,,,,10,A
367139040,2021-06-14T19:38:05,37.87664,-123.46490,12.2,302.1,305.0,FULMAR,,WDD3992,90,0,,,,10,A
367139040,2021-06-14T19:39:15,37.87882,-123.46913,12.3,303.0,304.0,FULMAR,,WDD3992,90,0,,,,10,A
367139040,2021-06-14T19:40:16,37.88069,-123.47271,12.1,304.2,305.0,FULMAR,,WDD3992,90,0,,,,10,A
367139040,2021-06-14T19:47:43,37.88076,-123.47238,2.0,124.7,114.0,FULMAR,,WDD3992,90,0,,,,10,A
367139040,2021-06-14T19:48:45,37.88050,-123.47183,1.7,119.0,104.0,FULMAR,,WDD3992,90,0,,,,10,A
367139040,2021-06-14T19:49:46,37.88030,-123.47131,1.4,113.6,87.0,FULMAR,,WDD3992,90,0,,,,10,A
367139040,2021-06-14T19:50:55,37.88012,-123.47082,1.2,124.1,95.0,FULMAR,,WDD3992,90,0,,,,10,A
367139040,2021-06-14T19:52:05,37.87984,-123.47042,1.4,130.6,110.0,FULMAR,,WDD3992,90,0,,,,10,A
367139040,2021-06-14T19:53:15,37.87951,-123.47000,1.5,135.2,118.0,FULMAR,,WDD3992,90,0,,,,10,A
367139040,2021-06-14T19:54:24,37.87924,-123.46970,1.4,136.0,125.0,FULMAR,,WDD3992,90,0,,,,10,A
367139040,2021-06-14T19:55:28,37.87913,-123.46970,0.6,182.3,110.0,FULMAR,,WDD3992,90,0,,,,10,A
367139040,2021-06-14T19:56:31,37.87893,-123.46948,0.7,133.2,132.0,FULMAR,,WDD3992,90,0,,,,10,A
367139040,2021-06-14T19:57:32,37.87872,-123.46916,1.4,126.9,121.0,FULMAR,,WDD3992,90,0,,,,10,A
367139040,2021-06-14T19:58:33,37.87851,-123.46879,0.8,134.7,102.0,FULMAR,,WDD3992,90,0,,,,10,A
367139040,2021-06-14T19:59:42,37.87832,-123.46855,1.4,125.6,116.0,FULMAR,,WDD3992,90,0,,,,10,A
367139040,2021-06-14T20:00:02,37.87825,-123.46840,1.4,121.0,119.0,FULMAR,,WDD3992,90,0,,,,10,A
367139040,2021-06-14T20:01:06,37.87804,-123.46796,1.1,120.7,120.0,FULMAR,,WDD3992,90,0,,,,10,A
367139040,2021-06-14T20:02:08,37.87782,-123.46742,1.7,112.0,95.0,FULMAR,,WDD3992,90,0,,,,10,A
367139040,2021-06-14T20:03:09,37.87765,-123.46687,1.6,116.8,97.0,FULMAR,,WDD3992,90,0,,,,10,A
367139040,2021-06-14T20:04:19,37.87758,-123.46642,1.8,115.1,290.0,FULMAR,,WDD3992,90,0,,,,10,A
367139040,2021-06-14T20:05:21,37.87756,-123.46644,1.2,315.0,316.0,FULMAR,,WDD3992,90,0,,,,10,A
367139040,2021-06-14T20:06:22,37.87814,-123.46670,2.4,352.9,340.0,FULMAR,,WDD3992,90,0,,,,10,A
367139040,2021-06-14T20:07:25,37.87875,-123.46672,1.9,3.6,347.0,FULMAR,,WDD3992,90,0,,,,10,A
367139040,2021-06-14T20:08:36,37.87943,-123.46646,2.2,16.4,358.0,FULMAR,,WDD3992,90,0,,,,10,A
367139040,2021-06-14T20:09:45,37.88008,-123.46618,2.1,23.3,4.0,FULMAR,,WDD3992,90,0,,,,10,A
367139040,2021-06-14T20:10:55,37.88075,-123.46573,2.2,29.2,7.0,FULMAR,,WDD3992,90,0,,,,10,A
367139040,2021-06-14T20:12:05,37.88133,-123.46524,2.0,34.8,14.0,FULMAR,,WDD3992,90,0,,,,10,A
367139040,2021-06-14T20:13:16,37.88182,-123.46466,2.1,47.9,23.0,FULMAR,,WDD3992,90,0,,,,10,A
367139040,2021-06-14T20:14:25,37.88227,-123.46401,2.1,55.1,29.0,FULMAR,,WDD3992,90,3,,,,10,A
367139040,2021-06-14T20:15:28,37.88260,-123.46333,2.3,62.0,45.0,FULMAR,,WDD3992,90,3,,,,10,A
367139040,2021-06-14T20:16:36,37.88282,-123.46239,2.5,77.9,67.0,FULMAR,,WDD3992,90,3,,,,10,A
367139040,2021-06-14T20:17:46,37.88279,-123.46117,3.1,94.0,84.0,FULMAR,,WDD3992,90,3,,,,10,A
367139040,2021-06-14T20:18:55,37.88273,-123.45994,2.4,93.9,78.0,FULMAR,,WDD3992,90,3,,,,10,A
367139040,2021-06-14T20:19:59,37.88196,-123.45964,4.2,215.0,237.0,FULMAR,,WDD3992,90,3,,,,10,A
367139040,2021-06-14T20:21:01,37.87989,-123.46202,11.9,214.2,215.0,FULMAR,,WDD3992,90,3,,,,10,A
367139040,2021-06-14T20:22:03,37.87633,-123.46396,14.8,201.1,209.0,FULMAR,,WDD3992,90,3,,,,10,A
367139040,2021-06-14T20:23:07,37.87525,-123.46839,13.4,284.9,290.0,FULMAR,,WDD3992,90,3,,,,10,A
367139040,2021-06-14T20:29:18,37.88245,-123.46911,10.5,88.6,86.0,FULMAR,,WDD3992,90,3,,,,10,A
367139040,2021-06-14T20:30:21,37.88250,-123.46516,10.8,87.5,84.0,FULMAR,,WDD3992,90,3,,,,10,A
367139040,2021-06-14T20:31:27,37.88259,-123.46112,10.8,87.4,86.0,FULMAR,,WDD3992,90,3,,,,10,A
367139040,2021-06-14T20:32:38,37.88274,-123.45687,10.5,87.7,84.0,FULMAR,,WDD3992,90,3,,,,10,A
367139040,2021-06-14T20:33:48,37.88286,-123.45265,10.2,90.0,87.0,FULMAR,,WDD3992,90,3,,,,10,A
367139040,2021-06-14T20:34:57,37.88284,-123.44840,9.9,90.7,85.0,FULMAR,,WDD3992,90,3,,,,10,A
367139040,2021-06-14T20:36:08,37.88282,-123.44416,10.5,90.9,87.0,FULMAR,,WDD3992,90,3,,,,10,A
367139040,2021-06-14T20:37:17,37.88289,-123.43998,10.0,86.8,82.0,FULMAR,,WDD3992,90,3,,,,10,A
367139040,2021-06-14T20:38:18,37.88292,-123.43646,10.2,88.6,87.0,FULMAR,,WDD3992,90,3,,,,10,A
367139040,2021-06-14T20:39:28,37.88298,-123.43234,9.8,90.9,85.0,FULMAR,,WDD3992,90,3,,,,10,A
367139040,2021-06-14T20:40:38,37.88295,-123.42819,10.2,86.5,80.0,FULMAR,,WDD3992,90,3,,,,10,A
319754000,2021-08-02T21:43:10,37.86327,-123.44456,9.3,330.2,511.0,MY STAR,,ZCGV4,36,,35,8,,,B
319754000,2021-08-02T21:44:40,37.86671,-123.44731,9.8,337.0,511.0,MY STAR,,ZCGV4,36,,35,8,,,B
319754000,2021-08-02T21:46:09,37.87004,-123.45013,9.9,323.1,511.0,MY STAR,,ZCGV4,36,,35,8,,,B
319754000,2021-08-02T21:47:41,37.87357,-123.45304,9.1,329.7,511.0,MY STAR,,ZCGV4,36,,35,8,,,B
319754000,2021-08-02T21:49:08,37.87687,-123.45589,11.1,327.0,511.0,MY STAR,,ZCGV4,36,,35,8,,,B
319754000,2021-08-02T21:50:09,37.87920,-123.45783,9.2,327.8,511.0,MY STAR,,ZCGV4,36,,35,8,,,B
319754000,2021-08-02T21:51:38,37.88256,-123.46074,8.4,319.8,511.0,MY STAR,,ZCGV4,36,,35,8,,,B
319754000,2021-08-02T21:53:08,37.88596,-123.46362,9.5,332.5,511.0,MY STAR,,ZCGV4,36,,35,8,,,B
319754000,2021-08-02T21:54:09,37.88827,-123.46558,10.8,326.0,511.0,MY STAR,,ZCGV4,36,,35,8,,,B
319754000,2021-08-02T21:55:38,37.89164,-123.46840,9.8,331.9,511.0,MY STAR,,ZCGV4,36,,35,8,,,B
319754000,2021-08-02T21:56:39,37.89395,-123.47032,10.2,326.0,511.0,MY STAR,,ZCGV4,36,,35,8,,,B
538071492,2021-09-09T08:57:01,37.89747,-123.44701,6.5,149.2,511.0,NOMAD,,,36,,23,10,,,B
538071492,2021-09-09T08:58:30,37.89479,-123.44504,9.6,151.3,511.0,NOMAD,,,36,,23,10,,,B
538071492,2021-09-09T09:00:02,37.89205,-123.44314,7.3,150.1,511.0,NOMAD,,,36,,23,10,,,B
538071492,2021-09-09T09:01:30,37.88927,-123.44090,6.8,146.9,511.0,NOMAD,,,36,,23,10,,,B
538071492,2021-09-09T09:03:02,37.88661,-123.43883,7.2,142.0,511.0,NOMAD,,,36,,23,10,,,B
538071492,2021-09-09T09:04:30,37.88400,-123.43670,6.6,146.1,511.0,NOMAD,,,36,,23,10,,,B
538071492,2021-09-09T09:05:59,37.88140,-123.43472,8.1,145.8,511.0,NOMAD,,,36,,23,10,,,B
538071492,2021-09-09T09:07:00,37.87960,-123.43330,7.2,146.5,511.0,NOMAD,,,36,,23,10,,,B
538071492,2021-09-09T09:08:30,37.87689,-123.43137,7.0,151.4,511.0,NOMAD,,,36,,23,10,,,B
538071492,2021-09-09T09:09:59,37.87421,-123.42915,6.7,151.3,511.0,NOMAD,,,36,,23,10,,,B
636013456,2021-03-15T06:11:30,37.89230,-123.47203,2.1,107.0,221.0,APL NORWAY,IMO9403621,A8NC4,70,0,295,40,12.3,80,A
636013456,2021-03-15T06:12:39,37.89210,-123.47120,2.2,108.0,222.0,APL NORWAY,IMO9403621,A8NC4,70,0,295,40,12.3,80,A
636013456,2021-03-15T06:13:40,37.89192,-123.47050,2.0,105.0,223.0,APL NORWAY,IMO9403621,A8NC4,70,0,295,40,12.3,80,A
636013456,2021-03-15T06:14:49,37.89173,-123.46970,2.0,106.0,223.0,APL NORWAY,IMO9403621,A8NC4,70,0,295,40,12.3,80,A
636013456,2021-03-15T06:15:59,37.89155,-123.46893,1.9,106.0,223.0,APL NORWAY,IMO9403621,A8NC4,70,0,295,40,12.3,80,A
636013456,2021-03-15T06:17:09,37.89135,-123.46817,2.0,107.0,223.0,APL NORWAY,IMO9403621,A8NC4,70,0,295,40,12.3,80,A
636013456,2021-03-15T06:18:20,37.89115,-123.46735,2.0,108.0,223.0,APL NORWAY,IMO9403621,A8NC4,70,0,295,40,12.3,80,A
636013456,2021-03-15T06:19:28,37.89092,-123.46655,2.1,109.0,224.0,APL NORWAY,IMO9403621,A8NC4,70,0,295,40,12.3,80,A
636013456,2021-03-15T06:20:29,37.89073,-123.46587,1.9,108.0,224.0,APL NORWAY,IMO9403621,A8NC4,70,0,295,40,12.3,80,A
636013456,2021-03-15T06:21:40,37.89052,-123.46512,1.8,107.0,224.0,APL NORWAY,IMO9403621,A8NC4,70,0,295,40,12.3,80,A
636013456,2021-03-15T06:22:50,37.89030,-123.46438,1.9,109.0,225.0,APL NORWAY,IMO9403621,A8NC4,70,0,295,40,12.3,80,A
636013456,2021-03-15T06:23:59,37.89008,-123.46363,1.8,109.0,225.0,APL NORWAY,IMO9403621,A8NC4,70,0,295,40,12.3,80,A
636013456,2021-03-15T06:25:00,37.88987,-123.46300,1.9,112.0,226.0,APL NORWAY,IMO9403621,A8NC4,70,0,295,40,12.3,80,A
636013456,2021-03-15T06:26:10,37.88967,-123.46225,2.1,113.0,228.0,APL NORWAY,IMO9403621,A8NC4,70,0,295,40,12.3,80,A
636013456,2021-03-15T06:27:19,37.88943,-123.46147,2.1,108.0,226.0,APL NORWAY,IMO9403621,A8NC4,70,0,295,40,12.3,80,A
636013456,2021-03-15T06:28:30,37.88922,-123.46062,2.1,106.0,225.0,APL NORWAY,IMO9403621,A8NC4,70,0,295,40,12.3,80,A
636013456,2021-03-15T06:29:39,37.88905,-123.45980,2.2,107.0,224.0,APL NORWAY,IMO9403621,A8NC4,70,0,295,40,12.3,80,A
636013456,2021-03-15T06:30:50,37.88890,-123.45898,2.0,104.0,223.0,APL NORWAY,IMO9403621,A8NC4,70,0,295,40,12.3,80,A
636013456,2021-03-15T06:32:00,37.88875,-123.45820,1.9,102.0,223.0,APL NORWAY,IMO9403621,A8NC4,70,0,295,40,12.3,80,A
636013456,2021-03-15T06:33:09,37.88860,-123.45742,2.0,104.0,221.0,APL NORWAY,IMO9403621,A8NC4,70,0,295,40,12.3,80,A
636013456,2021-03-15T06:34:10,37.88847,-123.45678,1.9,103.0,221.0,APL NORWAY,IMO9403621,A8NC4,70,0,295,40,12.3,80,A
636013456,2021-03-15T06:35:19,37.88833,-123.45603,1.9,102.0,221.0,APL NORWAY,IMO9403621,A8NC4,70,0,295,40,12.3,80,A
636013456,2021-03-15T06:36:29,37.88818,-123.45527,1.9,105.0,220.0,APL NORWAY,IMO9403621,A8NC4,70,0,295,40,12.3,80,A
636013456,2021-03-15T06:37:39,37.88802,-123.45455,1.7,103.0,220.0,APL NORWAY,IMO9403621,A8NC4,70,0,295,40,12.3,80,A
636013456,2021-03-15T06:38:40,37.88788,-123.45395,1.8,104.0,220.0,APL NORWAY,IMO9403621,A8NC4,70,0,295,40,12.3,80,A
636013456,2021-03-15T06:39:49,37.88772,-123.45322,1.7,105.0,220.0,APL NORWAY,IMO9403621,A8NC4,70,0,295,40,12.3,80,A
636013456,2021-03-15T06:40:59,37.88755,-123.45247,1.8,104.0,219.0,APL NORWAY,IMO9403621,A8NC4,70,0,295,40,12.3,80,A
636013456,2021-03-15T06:42:09,37.88738,-123.45172,1.8,104.0,219.0,APL NORWAY,IMO9403621,A8NC4,70,0,295,40,12.3,80,A
636013456,2021-03-15T06:43:19,37.88723,-123.45098,1.8,101.0,218.0,APL NORWAY,IMO9403621,A8NC4,70,0,295,40,12.3,80,A
636013456,2021-03-15T06:44:29,37.88712,-123.45030,1.7,100.0,216.0,APL NORWAY,IMO9403621,A8NC4,70,0,295,40,12.3,80,A
636013456,2021-03-15T06:45:39,37.88700,-123.44958,1.6,99.0,215.0,APL NORWAY,IMO9403621,A8NC4,70,0,295,40,12.3,80,A
636013456,2021-03-15T06:46:50,37.88687,-123.44887,1.9,104.0,214.0,APL NORWAY,IMO9403621,A8NC4,70,0,295,40,12.3,80,A
636013456,2021-03-15T06:47:59,37.88673,-123.44813,1.8,102.0,215.0,APL NORWAY,IMO9403621,A8NC4,70,0,295,40,12.3,80,A
636013456,2021-03-15T06:49:09,37.88660,-123.44742,1.7,100.0,214.0,APL NORWAY,IMO9403621,A8NC4,70,0,295,40,12.3,80,A
636013456,2021-03-15T06:50:10,37.88647,-123.44678,1.8,102.0,214.0,APL NORWAY,IMO9403621,A8NC4,70,0,295,40,12.3,80,A
636013456,2021-03-15T06:51:19,37.88633,-123.44607,1.8,103.0,215.0,APL NORWAY,IMO9403621,A8NC4,70,0,295,40,12.3,80,A
636013456,2021-03-15T06:52:20,37.88620,-123.44543,1.8,104.0,215.0,APL NORWAY,IMO9403621,A8NC4,70,0,295,40,12.3,80,A
636013456,2021-03-15T06:53:29,37.88603,-123.44468,1.8,103.0,215.0,APL NORWAY,IMO9403621,A8NC4,70,0,295,40,12.3,80,A
636013456,2021-03-15T06:54:30,37.88590,-123.44405,1.8,103.0,216.0,APL NORWAY,IMO9403621,A8NC4,70,0,295,40,12.3,80,A
636013456,2021-03-15T06:55:40,37.88577,-123.44333,1.7,103.0,216.0,APL NORWAY,IMO9403621,A8NC4,70,0,295,40,12.3,80,A
636013456,2021-03-15T06:56:50,37.88562,-123.44262,1.6,101.0,213.0,APL NORWAY,IMO9403621,A8NC4,70,0,295,40,12.3,80,A
636013456,2021-03-15T06:58:00,37.88548,-123.44190,1.8,102.0,213.0,APL NORWAY,IMO9403621,A8NC4,70,0,295,40,12.3,80,A
636013456,2021-03-15T06:59:10,37.88533,-123.44118,1.8,103.0,213.0,APL NORWAY,IMO9403621,A8NC4,70,0,295,40,12.3,80,A
636013456,2021-03-15T07:00:00,37.88522,-123.44065,1.9,103.0,213.0,APL NORWAY,IMO9403621,A8NC4,70,0,295,40,12.3,80,A
636013456,2021-03-15T07:01:10,37.88508,-123.43993,1.7,104.0,214.0,APL NORWAY,IMO9403621,A8NC4,70,0,295,40,12.3,80,A
636013456,2021-03-15T07:02:19,37.88493,-123.43922,1.7,104.0,214.0,APL NORWAY,IMO9403621,A8NC4,70,0,295,40,12.3,80,A
636013456,2021-03-15T07:03:28,37.88477,-123.43850,1.9,106.0,213.0,APL NORWAY,IMO9403621,A8NC4,70,0,295,40,12.3,80,A
636013456,2021-03-15T07:04:29,37.88463,-123.43787,1.7,102.0,213.0,APL NORWAY,IMO9403621,A8NC4,70,0,295,40,12.3,80,A
636013456,2021-03-15T07:05:39,37.88448,-123.43717,1.7,104.0,213.0,APL NORWAY,IMO9403621,A8NC4,70,0,295,40,12.3,80,A
636013456,2021-03-15T07:06:49,37.88433,-123.43643,1.8,103.0,214.0,APL NORWAY,IMO9403621,A8NC4,70,0,295,40,12.3,80,A
636013456,2021-03-15T07:07:50,37.88417,-123.43578,1.8,103.0,214.0,APL NORWAY,IMO9403621,A8NC4,70,0,295,40,12.3,80,A
636013456,2021-03-15T07:09:00,37.88403,-123.43505,1.7,103.0,214.0,APL NORWAY,IMO9403621,A8NC4,70,0,295,40,12.3,80,A
636013456,2021-03-15T07:10:09,37.88387,-123.43437,1.7,105.0,214.0,APL NORWAY,IMO9403621,A8NC4,70,0,295,40,12.3,80,A
636013456,2021-03-15T07:11:10,37.88375,-123.43375,1.8,104.0,214.0,APL NORWAY,IMO9403621,A8NC4,70,0,295,40,12.3,80,A
636013456,2021-03-15T07:12:19,37.88362,-123.43302,1.9,103.0,214.0,APL NORWAY,IMO9403621,A8NC4,70,0,295,40,12.3,80,A
636013456,2021-03-15T07:13:20,37.88348,-123.43238,1.7,102.0,213.0,APL NORWAY,IMO9403621,A8NC4,70,0,295,40,12.3,80,A
636013456,2021-03-15T07:14:29,37.88333,-123.43167,1.7,103.0,213.0,APL NORWAY,IMO9403621,A8NC4,70,0,295,40,12.3,80,A
636013456,2021-03-15T07:15:39,37.88318,-123.43095,1.6,101.0,214.0,APL NORWAY,IMO9403621,A8NC4,70,0,295,40,12.3,80,A
636013456,2021-03-15T07:16:50,37.88303,-123.43028,1.6,102.0,214.0,APL NORWAY,IMO9403621,A8NC4,70,0,295,40,12.3,80,A
636013456,2021-03-15T07:18:00,37.88285,-123.42953,1.8,106.0,214.0,APL NORWAY,IMO9403621,A8NC4,70,0,295,40,12.3,80,A
636013456,2021-03-15T07:19:01,37.88267,-123.42888,1.8,105.0,215.0,APL NORWAY,IMO9403621,A8NC4,70,0,295,40,12.3,80,A
636013456,2021-03-15T07:20:10,37.88248,-123.42812,1.8,104.0,214.0,APL NORWAY,IMO9403621,A8NC4,70,0,295,40,12.3,80,A
636013456,2021-03-15T07:21:11,37.88232,-123.42743,2.1,104.0,215.0,APL NORWAY,IMO9403621,A8NC4,70,0,295,40,12.3,80,A
636013456,2021-03-15T07:56:19,37.87570,-123.42805,7.2,301.0,299.0,APL NORWAY,IMO9403621,A8NC4,70,0,295,40,12.3,80,A
636013456,2021-03-15T07:57:29,37.87685,-123.43062,7.3,300.0,299.0,APL NORWAY,IMO9403621,A8NC4,70,0,295,40,12.3,80,A
636013456,2021-03-15T07:58:30,37.87785,-123.43297,7.3,295.0,295.0,APL NORWAY,IMO9403621,A8NC4,70,0,295,40,12.3,80,A
636013456,2021-03-15T07:59:39,37.87877,-123.43568,7.4,293.0,294.0,APL NORWAY,IMO9403621,A8NC4,70,0,295,40,12.3,80,A
636013456,2021-03-15T07:59:59,37.87900,-123.43652,7.5,290.0,295.0,APL NORWAY,IMO9403621,A8NC4,70,0,295,40,12.3,80,A
636013456,2021-03-15T08:01:10,37.87992,-123.43953,7.6,289.0,296.0,APL NORWAY,IMO9403621,A8NC4,70,0,295,40,12.3,80,A
636013456,2021-03-15T08:02:19,37.88087,-123.44238,7.7,292.0,295.0,APL NORWAY,IMO9403621,A8NC4,70,0,295,40,12.3,80,A
636013456,2021-03-15T08:03:30,37.88192,-123.44543,7.9,293.0,295.0,APL NORWAY,IMO9403621,A8NC4,70,0,295,40,12.3,80,A
636013456,2021-03-15T08:04:38,37.88292,-123.44832,7.8,293.0,294.0,APL NORWAY,IMO9403621,A8NC4,70,0,295,40,12.3,80,A
636013456,2021-03-15T08:05:49,37.88392,-123.45138,8.0,294.0,295.0,APL NORWAY,IMO9403621,A8NC4,70,0,295,40,12.3,80,A
636013456,2021-03-15T08:06:59,37.88497,-123.45438,8.0,294.0,295.0,APL NORWAY,IMO9403621,A8NC4,70,0,295,40,12.3,80,A
636013456,2021-03-15T08:08:09,37.88605,-123.45740,8.0,294.0,295.0,APL NORWAY,IMO9403621,A8NC4,70,0,295,40,12.3,80,A
636013456,2021-03-15T08:09:19,37.88707,-123.46045,8.1,293.0,296.0,APL NORWAY,IMO9403621,A8NC4,70,0,295,40,12.3,80,A
636013456,2021-03-15T08:10:30,37.88815,-123.46357,8.3,293.0,295.0,APL NORWAY,IMO9403621,A8NC4,70,0,295,40,12.3,80,A
636013456,2021-03-15T08:11:40,37.88923,-123.46675,8.4,292.0,295.0,APL NORWAY,IMO9403621,A8NC4,70,0,295,40,12.3,80,A
636013456,2021-03-15T08:12:49,37.89028,-123.46982,8.4,293.0,295.0,APL NORWAY,IMO9403621,A8NC4,70,0,295,40,12.3,80,A
636013456,2021-03-15T08:13:50,37.89118,-123.47255,8.3,292.0,296.0,APL NORWAY,IMO9403621,A8NC4,70,0,295,40,12.3,80,A
636013456,2021-03-15T12:09:20,37.89557,-123.47268,2.0,120.0,228.0,APL NORWAY,IMO9403621,A8NC4,70,0,295,40,12.3,80,A
636013456,2021-03-15T12:10:29,37.89515,-123.47190,2.3,125.0,231.0,APL NORWAY,IMO9403621,A8NC4,70,0,295,40,12.3,80,A
636013456,2021-03-15T12:11:39,37.89475,-123.47113,2.2,123.0,233.0,APL NORWAY,IMO9403621,A8NC4,70,0,295,40,12.3,80,A
636013456,2021-03-15T12:12:50,37.89438,-123.47035,2.1,121.0,233.0,APL NORWAY,IMO9403621,A8NC4,70,0,295,40,12.3,80,A
636013456,2021-03-15T12:13:59,37.89398,-123.46962,2.1,122.0,234.0,APL NORWAY,IMO9403621,A8NC4,70,0,295,40,12.3,80,A
636013456,2021-03-15T12:15:09,37.89360,-123.46888,2.3,125.0,233.0,APL NORWAY,IMO9403621,A8NC4,70,0,295,40,12.3,80,A
636013456,2021-03-15T12:16:10,37.89328,-123.46820,2.2,120.0,234.0,APL NORWAY,IMO9403621,A8NC4,70,0,295,40,12.3,80,A
636013456,2021-03-15T12:17:20,37.89288,-123.46740,2.2,121.0,234.0,APL NORWAY,IMO9403621,A8NC4,70,0,295,40,12.3,80,A
636013456,2021-03-15T12:18:30,37.89253,-123.46668,2.0,120.0,234.0,APL NORWAY,IMO9403621,A8NC4,70,0,295,40,12.3,80,A
636013456,2021-03-15T12:19:39,37.89217,-123.46592,2.1,120.0,234.0,APL NORWAY,IMO9403621,A8NC4,70,0,295,40,12.3,80,A
636013456,2021-03-15T12:20:50,37.89178,-123.46515,2.0,119.0,234.0,APL NORWAY,IMO9403621,A8NC4,70,0,295,40,12.3,80,A
636013456,2021-03-15T12:21:59,37.89142,-123.46447,2.1,125.0,234.0,APL NORWAY,IMO9403621,A8NC4,70,0,295,40,12.3,80,A
636013456,2021-03-15T12:23:09,37.89102,-123.46372,2.1,123.0,234.0,APL NORWAY,IMO9403621,A8NC4,70,0,295,40,12.3,80,A
636013456,2021-03-15T12:24:20,37.89063,-123.46300,2.0,123.0,234.0,APL NORWAY,IMO9403621,A8NC4,70,0,295,40,12.3,80,A
636013456,2021-03-15T12:25:30,37.89027,-123.46225,2.1,121.0,232.0,APL NORWAY,IMO9403621,A8NC4,70,0,295,40,12.3,80,A
636013456,2021-03-15T12:26:39,37.88992,-123.46150,1.9,117.0,232.0,APL NORWAY,IMO9403621,A8NC4,70,0,295,40,12.3,80,A
636013456,2021-03-15T12:27:49,37.88958,-123.46078,2.1,121.0,232.0,APL NORWAY,IMO9403621,A8NC4,70,0,295,40,12.3,80,A
636013456,2021-03-15T12:28:59,37.88922,-123.46002,2.1,118.0,231.0,APL NORWAY,IMO9403621,A8NC4,70,0,295,40,12.3,80,A
636013456,2021-03-15T12:30:10,37.88890,-123.45930,1.9,118.0,230.0,APL NORWAY,IMO9403621,A8NC4,70,0,295,40,12.3,80,A
636013456,2021-03-15T12:31:18,37.88860,-123.45855,2.0,114.0,229.0,APL NORWAY,IMO9403621,A8NC4,70,0,295,40,12.3,80,A
636013456,2021-03-15T12:32:19,37.88833,-123.45790,2.1,116.0,229.0,APL NORWAY,IMO9403621,A8NC4,70,0,295,40,12.3,80,A
636013456,2021-03-15T12:33:29,37.88798,-123.45712,2.1,118.0,229.0,APL NORWAY,IMO9403621,A8NC4,70,0,295,40,12.3,80,A
636013456,2021-03-15T12:34:39,37.88765,-123.45638,2.0,119.0,230.0,APL NORWAY,IMO9403621,A8NC4,70,0,295,40,12.3,80,A
636013456,2021-03-15T12:35:40,37.88740,-123.45572,2.1,118.0,230.0,APL NORWAY,IMO9403621,A8NC4,70,0,295,40,12.3,80,A
636013456,2021-03-15T12:36:48,37.88700,-123.45493,2.1,119.0,232.0,APL NORWAY,IMO9403621,A8NC4,70,0,295,40,12.3,80,A
636013456,2021-03-15T12:37:50,37.88668,-123.45423,2.2,120.0,232.0,APL NORWAY,IMO9403621,A8NC4,70,0,295,40,12.3,80,A
636013456,2021-03-15T12:39:00,37.88633,-123.45347,2.2,121.0,232.0,APL NORWAY,IMO9403621,A8NC4,70,0,295,40,12.3,80,A
636013456,2021-03-15T12:40:20,37.88598,-123.45262,2.0,117.0,230.0,APL NORWAY,IMO9403621,A8NC4,70,0,295,40,12.3,80,A
636013456,2021-03-15T12:41:29,37.88568,-123.45190,2.0,116.0,228.0,APL NORWAY,IMO9403621,A8NC4,70,0,295,40,12.3,80,A
636013456,2021-03-15T12:42:39,37.88535,-123.45118,2.0,119.0,228.0,APL NORWAY,IMO9403621,A8NC4,70,0,295,40,12.3,80,A
636013456,2021-03-15T12:43:49,37.88505,-123.45050,1.8,119.0,227.0,APL NORWAY,IMO9403621,A8NC4,70,0,295,40,12.3,80,A
636013456,2021-03-15T12:44:59,37.88477,-123.44987,1.7,118.0,226.0,APL NORWAY,IMO9403621,A8NC4,70,0,295,40,12.3,80,A
636013456,2021-03-15T12:46:08,37.88448,-123.44920,1.9,120.0,225.0,APL NORWAY,IMO9403621,A8NC4,70,0,295,40,12.3,80,A
636013456,2021-03-15T12:47:19,37.88415,-123.44853,2.0,123.0,225.0,APL NORWAY,IMO9403621,A8NC4,70,0,295,40,12.3,80,A
636013456,2021-03-15T12:48:29,37.88372,-123.44778,2.3,126.0,227.0,APL NORWAY,IMO9403621,A8NC4,70,0,295,40,12.3,80,A
636013456,2021-03-15T12:49:39,37.88335,-123.44707,2.0,122.0,228.0,APL NORWAY,IMO9403621,A8NC4,70,0,295,40,12.3,80,A
636013456,2021-03-15T12:50:48,37.88295,-123.44637,2.0,123.0,230.0,APL NORWAY,IMO9403621,A8NC4,70,0,295,40,12.3,80,A
636013456,2021-03-15T12:51:49,37.88263,-123.44572,2.1,121.0,230.0,APL NORWAY,IMO9403621,A8NC4,70,0,295,40,12.3,80,A
636013456,2021-03-15T12:52:59,37.88227,-123.44498,2.1,123.0,230.0,APL NORWAY,IMO9403621,A8NC4,70,0,295,40,12.3,80,A
636013456,2021-03-15T12:54:00,37.88195,-123.44438,2.0,123.0,230.0,APL NORWAY,IMO9403621,A8NC4,70,0,295,40,12.3,80,A
636013456,2021-03-15T12:55:09,37.88160,-123.44365,2.0,121.0,230.0,APL NORWAY,IMO9403621,A8NC4,70,0,295,40,12.3,80,A
636013456,2021-03-15T12:56:19,37.88123,-123.44290,2.0,119.0,230.0,APL NORWAY,IMO9403621,A8NC4,70,0,295,40,12.3,80,A
636013456,2021-03-15T12:57:30,37.88088,-123.44218,2.0,121.0,230.0,APL NORWAY,IMO9403621,A8NC4,70,0,295,40,12.3,80,A
636013456,2021-03-15T12:58:39,37.88052,-123.44145,2.2,123.0,232.0,APL NORWAY,IMO9403621,A8NC4,70,0,295,40,12.3,80,A
636013456,2021-03-15T12:59:50,37.88010,-123.44067,2.0,120.0,232.0,APL NORWAY,IMO9403621,A8NC4,70,0,295,40,12.3,80,A
636013456,2021-03-15T12:59:59,37.88003,-123.44053,2.1,121.0,232.0,APL NORWAY,IMO9403621,A8NC4,70,0,295,40,12.3,80,A
636013456,2021-03-15T13:01:10,37.87967,-123.43978,2.2,122.0,231.0,APL NORWAY,IMO9403621,A8NC4,70,0,295,40,12.3,80,A
636013456,2021-03-15T13:02:19,37.87932,-123.43905,2.2,121.0,229.0,APL NORWAY,IMO9403621,A8NC4,70,0,295,40,12.3,80,A
636013456,2021-03-15T13:03:30,37.87897,-123.43823,2.2,118.0,228.0,APL NORWAY,IMO9403621,A8NC4,70,0,295,40,12.3,80,A
636013456,2021-03-15T13:04:39,37.87862,-123.43742,2.3,116.0,228.0,APL NORWAY,IMO9403621,A8NC4,70,0,295,40,12.3,80,A
636013456,2021-03-15T13:05:49,37.87830,-123.43663,2.1,115.0,229.0,APL NORWAY,IMO9403621,A8NC4,70,0,295,40,12.3,80,A
636013456,2021-03-15T13:07:00,37.87797,-123.43580,2.0,115.0,229.0,APL NORWAY,IMO9403621,A8NC4,70,0,295,40,12.3,80,A
636013456,2021-03-15T13:08:10,37.87763,-123.43505,2.0,117.0,228.0,APL NORWAY,IMO9403621,A8NC4,70,0,295,40,12.3,80,A
636013456,2021-03-15T13:09:20,37.87728,-123.43428,2.0,118.0,228.0,APL NORWAY,IMO9403621,A8NC4,70,0,295,40,12.3,80,A
636013456,2021-03-15T13:10:21,37.87702,-123.43367,1.9,116.0,228.0,APL NORWAY,IMO9403621,A8NC4,70,0,295,40,12.3,80,A
636013456,2021-03-15T13:11:30,37.87673,-123.43297,1.9,115.0,226.0,APL NORWAY,IMO9403621,A8NC4,70,0,295,40,12.3,80,A
636013456,2021-03-15T13:12:31,37.87645,-123.43230,2.1,118.0,226.0,APL NORWAY,IMO9403621,A8NC4,70,0,295,40,12.3,80,A
636013456,2021-03-15T13:13:40,37.87612,-123.43153,1.9,115.0,226.0,APL NORWAY,IMO9403621,A8NC4,70,0,295,40,12.3,80,A
636013456,2021-03-15T13:14:49,37.87582,-123.43075,1.9,114.0,225.0,APL NORWAY,IMO9403621,A8NC4,70,0,295,40,12.3,80,A
636013456,2021-03-15T13:15:58,37.87548,-123.42992,2.3,118.0,226.0,APL NORWAY,IMO9403621,A8NC4,70,0,295,40,12.3,80,A
636013456,2021-03-15T13:16:59,37.87518,-123.42928,2.2,120.0,229.0,APL NORWAY,IMO9403621,A8NC4,70,0,295,40,12.3,80,A
636013456,2021-03-15T13:18:10,37.87478,-123.42848,2.1,120.0,231.0,APL NORWAY,IMO9403621,A8NC4,70,0,295,40,12.3,80,A
636013456,2021-03-15T13:19:19,37.87442,-123.42770,2.2,122.0,232.0,APL NORWAY,IMO9403621,A8NC4,70,0,295,40,12.3,80,A
636013456,2021-03-15T13:37:39,37.86563,-123.42855,5.1,278.0,299.0,APL NORWAY,IMO9403621,A8NC4,70,0,295,40,12.3,80,A
636013456,2021-03-15T13:38:50,37.86627,-123.43077,5.9,293.0,300.0,APL NORWAY,IMO9403621,A8NC4,70,0,295,40,12.3,80,A
636013456,2021-03-15T13:40:00,37.86713,-123.43333,6.8,294.0,300.0,APL NORWAY,IMO9403621,A8NC4,70,0,295,40,12.3,80,A
636013456,2021-03-15T13:41:09,37.86807,-123.43593,7.1,298.0,311.0,APL NORWAY,IMO9403621,A8NC4,70,0,295,40,12.3,80,A
636013456,2021-03-15T13:42:19,37.86957,-123.43837,7.5,305.0,308.0,APL NORWAY,IMO9403621,A8NC4,70,0,295,40,12.3,80,A
636013456,2021-03-15T13:43:20,37.87080,-123.44060,7.7,308.0,311.0,APL NORWAY,IMO9403621,A8NC4,70,0,295,40,12.3,80,A
636013456,2021-03-15T13:44:29,37.87238,-123.44315,8.0,308.0,310.0,APL NORWAY,IMO9403621,A8NC4,70,0,295,40,12.3,80,A
636013456,2021-03-15T13:45:39,37.87400,-123.44580,8.2,307.0,310.0,APL NORWAY,IMO9403621,A8NC4,70,0,295,40,12.3,80,A
636013456,2021-03-15T13:46:48,37.87563,-123.44845,8.2,308.0,310.0,APL NORWAY,IMO9403621,A8NC4,70,0,295,40,12.3,80,A
636013456,2021-03-15T13:47:59,37.87737,-123.45117,8.4,308.0,309.0,APL NORWAY,IMO9403621,A8NC4,70,0,295,40,12.3,80,A
636013456,2021-03-15T13:49:10,37.87910,-123.45378,8.0,311.0,309.0,APL NORWAY,IMO9403621,A8NC4,70,0,295,40,12.3,80,A
636013456,2021-03-15T13:50:18,37.88065,-123.45633,8.1,307.0,310.0,APL NORWAY,IMO9403621,A8NC4,70,0,295,40,12.3,80,A
636013456,2021-03-15T13:51:19,37.88220,-123.45853,8.3,313.0,306.0,APL NORWAY,IMO9403621,A8NC4,70,0,295,40,12.3,80,A
636013456,2021-03-15T13:52:22,37.88360,-123.46100,8.0,301.0,286.0,APL NORWAY,IMO9403621,A8NC4,70,0,295,40,12.3,80,A
636013456,2021-03-15T13:53:29,37.88405,-123.46403,7.8,278.0,273.0,APL NORWAY,IMO9403621,A8NC4,70,0,295,40,12.3,80,A
636013456,2021-03-15T13:54:40,37.88382,-123.46742,8.2,264.0,270.0,APL NORWAY,IMO9403621,A8NC4,70,0,295,40,12.3,80,A
636013456,2021-03-15T13:55:49,37.88350,-123.47087,8.5,264.0,270.0,APL NORWAY,IMO9403621,A8NC4,70,0,295,40,12.3,80,A
338955000,2021-03-16T14:34:41,37.86359,-123.46293,6.5,337.9,338.0,INDEPENDENCE,IMO8507016,KBGR,70,0,55,12,5.4,90,A
338955000,2021-03-16T14:35:45,37.86550,-123.46378,6.4,341.9,341.0,INDEPENDENCE,IMO8507016,KBGR,70,0,55,12,5.4,90,A
338955000,2021-03-16T14:36:49,37.86739,-123.46455,6.9,334.9,341.0,INDEPENDENCE,IMO8507016,KBGR,70,0,55,12,5.4,90,A
338955000,2021-03-16T14:37:51,37.86928,-123.46522,6.8,333.5,338.0,INDEPENDENCE,IMO8507016,KBGR,70,0,55,12,5.4,90,A
338955000,2021-03-16T14:38:57,37.87115,-123.46602,6.3,345.9,341.0,INDEPENDENCE,IMO8507016,KBGR,70,0,55,12,5.4,90,A
338955000,2021-03-16T14:40:02,37.87318,-123.46684,6.8,345.7,339.0,INDEPENDENCE,IMO8507016,KBGR,70,0,55,12,5.4,90,A
338955000,2021-03-16T14:41:04,37.87506,-123.46754,7.6,337.7,340.0,INDEPENDENCE,IMO8507016,KBGR,70,0,55,12,5.4,90,A
338955000,2021-03-16T14:42:05,37.87696,-123.46835,7.1,345.2,339.0,INDEPENDENCE,IMO8507016,KBGR,70,0,55,12,5.4,90,A
338955000,2021-03-16T14:43:07,37.87895,-123.46919,6.2,356.4,342.0,INDEPENDENCE,IMO8507016,KBGR,70,0,55,12,5.4,90,A
338955000,2021-03-16T14:44:14,37.88006,-123.46936,2.2,3.5,343.0,INDEPENDENCE,IMO8507016,KBGR,70,0,55,12,5.4,90,A
338955000,2021-03-16T14:45:18,37.88032,-123.46911,2.3,69.6,348.0,INDEPENDENCE,IMO8507016,KBGR,70,0,55,12,5.4,90,A
338955000,2021-03-16T14:46:19,37.88044,-123.46902,1.8,348.3,333.0,INDEPENDENCE,IMO8507016,KBGR,70,0,55,12,5.4,90,A
338955000,2021-03-16T14:47:20,37.88069,-123.46903,1.0,350.7,327.0,INDEPENDENCE,IMO8507016,KBGR,70,0,55,12,5.4,90,A
338955000,2021-03-16T14:48:22,37.88096,-123.46926,1.7,345.6,330.0,INDEPENDENCE,IMO8507016,KBGR,70,0,55,12,5.4,90,A
338955000,2021-03-16T14:49:25,37.88208,-123.46984,5.8,345.7,335.0,INDEPENDENCE,IMO8507016,KBGR,70,0,55,12,5.4,90,A
338955000,2021-03-16T14:50:26,37.88367,-123.47078,7.1,335.7,332.0,INDEPENDENCE,IMO8507016,KBGR,70,0,55,12,5.4,90,A
338955000,2021-03-16T14:51:28,37.88554,-123.47198,8.7,333.4,334.0,INDEPENDENCE,IMO8507016,KBGR,70,0,55,12,5.4,90,A
369970573,2021-04-29T10:59:55,37.88526,-123.42819,10.4,261.5,262.0,REUBEN LASKER,IMO9664988,WTEG,90,0,63,15,5.9,99,A
369970573,2021-04-29T11:00:00,37.88521,-123.42861,10.4,260.8,262.0,REUBEN LASKER,IMO9664988,WTEG,90,0,63,15,5.9,99,A
369970573,2021-04-29T11:01:01,37.88485,-123.43210,10.4,262.6,262.0,REUBEN LASKER,IMO9664988,WTEG,90,0,63,15,5.9,99,A
369970573,2021-04-29T11:02:02,37.88441,-123.43592,10.5,262.8,263.0,REUBEN LASKER,IMO9664988,WTEG,90,0,63,15,5.9,99,A
369970573,2021-04-29T11:03:04,37.88400,-123.43954,10.4,263.3,264.0,REUBEN LASKER,IMO9664988,WTEG,90,0,63,15,5.9,99,A
369970573,2021-04-29T11:04:06,37.88356,-123.44340,10.4,262.2,263.0,REUBEN LASKER,IMO9664988,WTEG,90,0,63,15,5.9,99,A
369970573,2021-04-29T11:05:09,37.88317,-123.44725,10.5,263.9,262.0,REUBEN LASKER,IMO9664988,WTEG,90,0,63,15,5.9,99,A
369970573,2021-04-29T11:06:10,37.88280,-123.45081,10.3,263.5,262.0,REUBEN LASKER,IMO9664988,WTEG,90,0,63,15,5.9,99,A
369970573,2021-04-29T11:07:12,37.88241,-123.45443,10.3,261.8,264.0,REUBEN LASKER,IMO9664988,WTEG,90,0,63,15,5.9,99,A
369970573,2021-04-29T11:08:14,37.88201,-123.45824,10.1,262.6,260.0,REUBEN LASKER,IMO9664988,WTEG,90,0,63,15,5.9,99,A
369970573,2021-04-29T11:09:15,37.88156,-123.46178,10.4,261.9,260.0,REUBEN LASKER,IMO9664988,WTEG,90,0,63,15,5.9,99,A
369970573,2021-04-29T11:10:21,37.88109,-123.46584,10.3,262.2,262.0,REUBEN LASKER,IMO9664988,WTEG,90,0,63,15,5.9,99,A
369970573,2021-04-29T11:11:23,37.88068,-123.46945,10.2,261.8,261.0,REUBEN LASKER,IMO9664988,WTEG,90,7,63,15,5.9,99,A
316002050,2021-07-02T23:20:04,37.86983,-123.45497,9.9,337.6,333.0,IT INTEGRITY,IMO9239343,VAR5917,70,0,72,16,5.3,70,A
316002050,2021-07-02T23:21:07,37.87251,-123.45637,9.8,338.7,335.0,IT INTEGRITY,IMO9239343,VAR5917,70,0,72,16,5.3,70,A
316002050,2021-07-02T23:23:13,37.87792,-123.45919,10.5,337.5,335.0,IT INTEGRITY,IMO9239343,VAR5917,70,0,72,16,5.3,70,A
316002050,2021-07-02T23:24:22,37.88096,-123.46079,9.9,336.2,334.0,IT INTEGRITY,IMO9239343,VAR5917,70,0,72,16,5.3,70,A
316002050,2021-07-02T23:25:31,37.88388,-123.46231,10.2,336.9,334.0,IT INTEGRITY,IMO9239343,VAR5917,70,0,72,16,5.3,70,A
316002050,2021-07-02T23:26:32,37.88648,-123.46365,10.1,337.4,335.0,IT INTEGRITY,IMO9239343,VAR5917,70,0,72,16,5.3,70,A
316002050,2021-07-02T23:27:33,37.88918,-123.46504,10.6,338.8,335.0,IT INTEGRITY,IMO9239343,VAR5917,70,0,72,16,5.3,70,A
316002050,2021-07-02T23:28:41,37.89218,-123.46657,10.0,337.1,334.0,IT INTEGRITY,IMO9239343,VAR5917,70,0,72,16,5.3,70,A
316002050,2021-07-02T23:29:43,37.89487,-123.46797,10.1,337.5,335.0,IT INTEGRITY,IMO9239343,VAR5917,70,0,72,16,5.3,70,A
316002050,2021-07-02T23:30:45,37.89764,-123.46936,10.3,338.1,334.0,IT INTEGRITY,IMO9239343,VAR5917,70,0,72,16,5.3,70,A
316002050,2021-07-02T23:22:10,37.87513,-123.45774,10.2,337.2,334.0,IT INTEGRITY,IMO9239343,VAR5917,70,0,72,16,5.3,70,A
316002050,2021-07-02T23:18:01,37.86467,-123.45227,9.5,337.7,335.0,IT INTEGRITY,IMO9239343,VAR5917,70,0,72,16,5.3,70,A
316002050,2021-07-02T23:19:02,37.86724,-123.45364,9.9,338.4,335.0,IT INTEGRITY,IMO9239343,VAR5917,70,0,72,16,5.3,70,A
354212000,2021-07-21T00:00:03,37.87703,-123.45310,2.0,150.3,52.0,NYK METEOR,IMO9337638,3ENA9,70,0,294,32,13.5,70,A
354212000,2021-07-21T00:01:04,37.87660,-123.45279,1.7,152.4,53.0,NYK METEOR,IMO9337638,3ENA9,70,0,294,32,13.5,70,A
477748600,2021-07-15T21:53:50,37.89284,-123.42810,11.0,351.3,349.0,CHIPOLBROK STAR,IMO9432127,VRGU3,70,0,199,27,11.0,70,A
477748600,2021-07-15T21:55:00,37.89633,-123.42894,11.1,348.4,348.0,CHIPOLBROK STAR,IMO9432127,VRGU3,70,0,199,27,11.0,70,A
477748600,2021-07-15T21:52:41,37.88935,-123.42736,11.1,350.0,349.0,CHIPOLBROK STAR,IMO9432127,VRGU3,70,0,199,27,11.0,70,A
305065000,2021-03-19T23:14:59,37.86516,-123.47223,12.9,339.1,334.0,BBC ZARATE,IMO9337236,V2CP2,70,0,138,21,0.0,60,A
211335760,2021-03-20T12:26:36,37.88783,-123.47275,13.0,158.6,163.0,ROTTERDAM EXPRESS,IMO9193317,DMRX,70,0,293,32,4.6,99,A
211335760,2021-03-20T12:27:45,37.88383,-123.47092,13.2,160.8,163.0,ROTTERDAM EXPRESS,IMO9193317,DMRX,70,0,293,32,4.6,99,A
211335760,2021-03-20T12:28:46,37.88033,-123.46941,13.3,160.8,160.0,ROTTERDAM EXPRESS,IMO9193317,DMRX,70,0,293,32,4.6,99,A
211335760,2021-03-20T12:29:55,37.87632,-123.46741,13.4,159.5,160.0,ROTTERDAM EXPRESS,IMO9193317,DMRX,70,0,293,32,4.6,99,A
211335760,2021-03-20T12:30:56,37.87282,-123.46576,13.5,158.7,160.0,ROTTERDAM EXPRESS,IMO9193317,DMRX,70,0,293,32,4.6,99,A
211335760,2021-03-20T12:32:05,37.86865,-123.46375,13.6,158.5,159.0,ROTTERDAM EXPRESS,IMO9193317,DMRX,70,0,293,32,4.6,99,A
211335760,2021-03-20T12:33:06,37.86515,-123.46208,13.7,159.1,160.0,ROTTERDAM EXPRESS,IMO9193317,DMRX,70,0,293,32,4.6,99,A
369970573,2021-05-18T03:05:12,37.86240,-123.47061,6.5,311.3,310.0,REUBEN LASKER,IMO9664988,WTEG,90,0,63,15,5.9,99,A
369970573,2021-05-18T03:06:15,37.86365,-123.47243,6.5,310.4,310.0,REUBEN LASKER,IMO9664988,WTEG,90,0,63,15,5.9,99,A
369970573,2021-05-18T04:14:37,37.86279,-123.47271,6.3,129.8,123.0,REUBEN LASKER,IMO9664988,WTEG,90,0,63,15,5.9,99,A
369970573,2021-05-18T04:15:39,37.86272,-123.47110,3.7,49.4,20.0,REUBEN LASKER,IMO9664988,WTEG,90,0,63,15,5.9,99,A
369970573,2021-05-18T04:16:40,37.86343,-123.47101,2.6,333.1,316.0,REUBEN LASKER,IMO9664988,WTEG,90,0,63,15,5.9,99,A
369970573,2021-05-18T04:17:46,37.86414,-123.47185,3.9,316.0,311.0,REUBEN LASKER,IMO9664988,WTEG,90,0,63,15,5.9,99,A
369970573,2021-05-18T05:37:30,37.88900,-123.47178,10.3,102.0,100.0,REUBEN LASKER,IMO9664988,WTEG,90,0,63,15,5.9,99,A
369970573,2021-05-18T05:38:32,37.88832,-123.46817,10.2,103.6,101.0,REUBEN LASKER,IMO9664988,WTEG,90,0,63,15,5.9,99,A
369970573,2021-05-18T05:39:33,37.88777,-123.46459,10.3,99.9,95.0,REUBEN LASKER,IMO9664988,WTEG,90,0,63,15,5.9,99,A
369970573,2021-05-18T05:40:36,37.88729,-123.46081,10.3,99.1,96.0,REUBEN LASKER,IMO9664988,WTEG,90,0,63,15,5.9,99,A
369970573,2021-05-18T05:41:37,37.88682,-123.45715,10.3,98.5,96.0,REUBEN LASKER,IMO9664988,WTEG,90,0,63,15,5.9,99,A
369970573,2021-05-18T05:42:39,37.88637,-123.45350,10.4,98.8,95.0,REUBEN LASKER,IMO9664988,WTEG,90,0,63,15,5.9,99,A
369970573,2021-05-18T05:43:41,37.88591,-123.44978,10.3,99.3,96.0,REUBEN LASKER,IMO9664988,WTEG,90,0,63,15,5.9,99,A
369970573,2021-05-18T05:44:43,37.88542,-123.44601,10.3,98.6,94.0,REUBEN LASKER,IMO9664988,WTEG,90,0,63,15,5.9,99,A
369970573,2021-05-18T05:45:44,37.88510,-123.44244,10.3,98.4,93.0,REUBEN LASKER,IMO9664988,WTEG,90,0,63,15,5.9,99,A
369970573,2021-05-18T05:46:47,37.88475,-123.43857,10.3,95.1,90.0,REUBEN LASKER,IMO9664988,WTEG,90,0,63,15,5.9,99,A
369970573,2021-05-18T05:47:49,37.88442,-123.43485,10.2,97.8,93.0,REUBEN LASKER,IMO9664988,WTEG,90,0,63,15,5.9,99,A
369970573,2021-05-18T05:48:50,37.88408,-123.43120,10.4,95.7,92.0,REUBEN LASKER,IMO9664988,WTEG,90,0,63,15,5.9,99,A
369970573,2021-05-18T05:49:53,37.88373,-123.42745,10.2,95.9,92.0,REUBEN LASKER,IMO9664988,WTEG,90,0,63,15,5.9,99,A
636018341,2021-01-02T13:42:46,37.86607,-123.45515,14.5,336.0,336.0,SIEM PLATO,IMO9427938,D5PH3,70,5,182,30,0.0,0,A
636018341,2021-01-02T13:43:54,37.87024,-123.45732,14.5,338.3,336.0,SIEM PLATO,IMO9427938,D5PH3,70,5,182,30,0.0,0,A
636018341,2021-01-02T13:44:59,37.87430,-123.45954,14.4,336.0,336.0,SIEM PLATO,IMO9427938,D5PH3,70,5,182,30,0.0,0,A
636018341,2021-01-02T13:46:05,37.87839,-123.46173,14.6,336.7,336.0,SIEM PLATO,IMO9427938,D5PH3,70,5,182,30,0.0,0,A
636018341,2021-01-02T13:47:11,37.88254,-123.46394,14.6,339.7,337.0,SIEM PLATO,IMO9427938,D5PH3,70,5,182,30,0.0,0,A
636018341,2021-01-02T13:48:17,37.88656,-123.46614,14.3,335.5,336.0,SIEM PLATO,IMO9427938,D5PH3,70,5,182,30,0.0,0,A
636018341,2021-01-02T13:49:23,37.89066,-123.46836,14.7,336.3,336.0,SIEM PLATO,IMO9427938,D5PH3,70,5,182,30,0.0,0,A
636018341,2021-01-02T13:50:28,37.89472,-123.47050,14.5,337.0,337.0,SIEM PLATO,IMO9427938,D5PH3,70,5,182,30,0.0,0,A
354212000,2021-07-20T23:21:54,37.89385,-123.46420,1.8,155.2,54.0,NYK METEOR,IMO9337638,3ENA9,70,0,294,32,13.5,70,A
354212000,2021-07-20T23:23:03,37.89328,-123.46385,1.9,154.0,53.0,NYK METEOR,IMO9337638,3ENA9,70,0,294,32,13.5,70,A
354212000,2021-07-20T23:24:14,37.89267,-123.46348,1.9,154.0,51.0,NYK METEOR,IMO9337638,3ENA9,70,0,294,32,13.5,70,A
354212000,2021-07-20T23:25:23,37.89213,-123.46317,1.8,155.7,52.0,NYK METEOR,IMO9337638,3ENA9,70,0,294,32,13.5,70,A
354212000,2021-07-20T23:26:34,37.89160,-123.46286,1.9,154.9,53.0,NYK METEOR,IMO9337638,3ENA9,70,0,294,32,13.5,70,A
354212000,2021-07-20T23:27:44,37.89105,-123.46256,1.8,154.0,53.0,NYK METEOR,IMO9337638,3ENA9,70,0,294,32,13.5,70,A
354212000,2021-07-20T23:28:54,37.89053,-123.46220,2.3,150.8,53.0,NYK METEOR,IMO9337638,3ENA9,70,0,294,32,13.5,70,A
354212000,2021-07-20T23:30:03,37.89001,-123.46187,1.8,152.6,53.0,NYK METEOR,IMO9337638,3ENA9,70,0,294,32,13.5,70,A
354212000,2021-07-20T23:31:13,37.88947,-123.46152,1.8,152.5,53.0,NYK METEOR,IMO9337638,3ENA9,70,0,294,32,13.5,70,A
354212000,2021-07-20T23:32:23,37.88896,-123.46122,1.7,153.7,53.0,NYK METEOR,IMO9337638,3ENA9,70,0,294,32,13.5,70,A
354212000,2021-07-20T23:33:34,37.88849,-123.46093,1.6,153.3,55.0,NYK METEOR,IMO9337638,3ENA9,70,0,294,32,13.5,70,A
354212000,2021-07-20T23:34:42,37.88799,-123.46062,1.7,153.1,55.0,NYK METEOR,IMO9337638,3ENA9,70,0,294,32,13.5,70,A
354212000,2021-07-20T23:35:52,37.88748,-123.46031,1.7,153.1,56.0,NYK METEOR,IMO9337638,3ENA9,70,0,294,32,13.5,70,A
354212000,2021-07-20T23:36:53,37.88705,-123.46002,1.6,153.4,56.0,NYK METEOR,IMO9337638,3ENA9,70,0,294,32,13.5,70,A
354212000,2021-07-20T23:38:03,37.88656,-123.45970,1.8,153.3,56.0,NYK METEOR,IMO9337638,3ENA9,70,0,294,32,13.5,70,A
354212000,2021-07-20T23:39:04,37.88614,-123.45942,2.3,154.0,56.0,NYK METEOR,IMO9337638,3ENA9,70,0,294,32,13.5,70,A
354212000,2021-07-20T23:40:12,37.88562,-123.45906,1.7,151.4,55.0,NYK METEOR,IMO9337638,3ENA9,70,0,294,32,13.5,70,A
354212000,2021-07-20T23:41:22,37.88510,-123.45869,2.5,150.1,54.0,NYK METEOR,IMO9337638,3ENA9,70,0,294,32,13.5,70,A
354212000,2021-07-20T23:42:33,37.88461,-123.45837,1.6,152.0,54.0,NYK METEOR,IMO9337638,3ENA9,70,0,294,32,13.5,70,A
354212000,2021-07-20T23:43:42,37.88410,-123.45803,1.7,152.6,54.0,NYK METEOR,IMO9337638,3ENA9,70,0,294,32,13.5,70,A
354212000,2021-07-20T23:44:54,37.88361,-123.45769,1.7,151.1,55.0,NYK METEOR,IMO9337638,3ENA9,70,0,294,32,13.5,70,A
354212000,2021-07-20T23:46:02,37.88312,-123.45736,1.7,152.1,55.0,NYK METEOR,IMO9337638,3ENA9,70,0,294,32,13.5,70,A
354212000,2021-07-20T23:47:13,37.88265,-123.45703,1.6,152.7,56.0,NYK METEOR,IMO9337638,3ENA9,70,0,294,32,13.5,70,A
354212000,2021-07-20T23:48:23,37.88214,-123.45667,1.9,151.0,56.0,NYK METEOR,IMO9337638,3ENA9,70,0,294,32,13.5,70,A
354212000,2021-07-20T23:49:32,37.88168,-123.45635,1.8,153.5,57.0,NYK METEOR,IMO9337638,3ENA9,70,0,294,32,13.5,70,A
354212000,2021-07-20T23:50:43,37.88116,-123.45597,1.6,152.3,56.0,NYK METEOR,IMO9337638,3ENA9,70,0,294,32,13.5,70,A
354212000,2021-07-20T23:51:53,37.88065,-123.45563,1.7,151.5,56.0,NYK METEOR,IMO9337638,3ENA9,70,0,294,32,13.5,70,A
354212000,2021-07-20T23:52:54,37.88024,-123.45534,1.8,150.3,55.0,NYK METEOR,IMO9337638,3ENA9,70,0,294,32,13.5,70,A
354212000,2021-07-20T23:54:03,37.87973,-123.45500,1.8,152.4,55.0,NYK METEOR,IMO9337638,3ENA9,70,0,294,32,13.5,70,A
354212000,2021-07-20T23:55:12,37.87923,-123.45464,1.7,152.1,56.0,NYK METEOR,IMO9337638,3ENA9,70,0,294,32,13.5,70,A
354212000,2021-07-20T23:56:22,37.87872,-123.45428,1.8,151.4,56.0,NYK METEOR,IMO9337638,3ENA9,70,0,294,32,13.5,70,A
354212000,2021-07-20T23:57:32,37.87819,-123.45394,1.7,152.2,56.0,NYK METEOR,IMO9337638,3ENA9,70,0,294,32,13.5,70,A
354212000,2021-07-20T23:58:43,37.87767,-123.45356,1.8,151.4,55.0,NYK METEOR,IMO9337638,3ENA9,70,0,294,32,13.5,70,A
354212000,2021-07-20T23:59:53,37.87710,-123.45315,1.9,150.7,53.0,NYK METEOR,IMO9337638,3ENA9,70,0,294,32,13.5,70,A
354212000,2021-07-20T23:12:53,37.89795,-123.46671,1.7,154.7,54.0,NYK METEOR,IMO9337638,3ENA9,70,0,294,32,13.5,70,A
354212000,2021-07-20T23:14:02,37.89745,-123.46640,2.3,154.5,54.0,NYK METEOR,IMO9337638,3ENA9,70,0,294,32,13.5,70,A
354212000,2021-07-20T23:15:12,37.89693,-123.46607,1.7,153.5,54.0,NYK METEOR,IMO9337638,3ENA9,70,0,294,32,13.5,70,A
354212000,2021-07-20T23:16:23,37.89640,-123.46574,1.8,155.3,54.0,NYK METEOR,IMO9337638,3ENA9,70,0,294,32,13.5,70,A
354212000,2021-07-20T23:17:34,37.89589,-123.46542,2.1,152.6,55.0,NYK METEOR,IMO9337638,3ENA9,70,0,294,32,13.5,70,A
354212000,2021-07-20T23:18:42,37.89534,-123.46509,1.8,155.2,54.0,NYK METEOR,IMO9337638,3ENA9,70,0,294,32,13.5,70,A
354212000,2021-07-20T23:19:43,37.89487,-123.46482,1.8,156.0,54.0,NYK METEOR,IMO9337638,3ENA9,70,0,294,32,13.5,70,A
354212000,2021-07-20T23:20:53,37.89434,-123.46449,1.9,153.8,54.0,NYK METEOR,IMO9337638,3ENA9,70,0,294,32,13.5,70,A
354212000,2021-07-21T00:02:13,37.87606,-123.45242,1.7,150.8,53.0,NYK METEOR,IMO9337638,3ENA9,70,0,294,32,13.5,70,A
354212000,2021-07-21T00:03:24,37.87551,-123.45206,1.9,150.6,54.0,NYK METEOR,IMO9337638,3ENA9,70,0,294,32,13.5,70,A
354212000,2021-07-21T00:04:32,37.87503,-123.45169,2.1,149.5,54.0,NYK METEOR,IMO9337638,3ENA9,70,0,294,32,13.5,70,A
354212000,2021-07-21T00:05:43,37.87450,-123.45131,2.1,149.5,54.0,NYK METEOR,IMO9337638,3ENA9,70,0,294,32,13.5,70,A
354212000,2021-07-21T00:06:54,37.87395,-123.45089,2.5,147.9,54.0,NYK METEOR,IMO9337638,3ENA9,70,0,294,32,13.5,70,A
354212000,2021-07-21T00:08:04,37.87343,-123.45050,2.4,148.2,53.0,NYK METEOR,IMO9337638,3ENA9,70,0,294,32,13.5,70,A
354212000,2021-07-21T00:09:14,37.87289,-123.45011,2.5,151.2,52.0,NYK METEOR,IMO9337638,3ENA9,70,0,294,32,13.5,70,A
354212000,2021-07-21T00:10:24,37.87239,-123.44975,2.3,150.4,54.0,NYK METEOR,IMO9337638,3ENA9,70,0,294,32,13.5,70,A
354212000,2021-07-21T00:11:33,37.87190,-123.44940,1.8,148.7,54.0,NYK METEOR,IMO9337638,3ENA9,70,0,294,32,13.5,70,A
354212000,2021-07-21T00:12:43,37.87139,-123.44900,1.7,149.6,54.0,NYK METEOR,IMO9337638,3ENA9,70,0,294,32,13.5,70,A
354212000,2021-07-21T00:13:52,37.87087,-123.44860,2.2,149.8,53.0,NYK METEOR,IMO9337638,3ENA9,70,0,294,32,13.5,70,A
354212000,2021-07-21T00:15:04,37.87038,-123.44824,2.3,149.3,53.0,NYK METEOR,IMO9337638,3ENA9,70,0,294,32,13.5,70,A
354212000,2021-07-21T00:16:13,37.86989,-123.44787,2.2,148.8,54.0,NYK METEOR,IMO9337638,3ENA9,70,0,294,32,13.5,70,A
354212000,2021-07-21T00:17:22,37.86939,-123.44747,2.3,149.0,53.0,NYK METEOR,IMO9337638,3ENA9,70,0,294,32,13.5,70,A
354212000,2021-07-21T00:18:33,37.86890,-123.44709,2.1,147.8,52.0,NYK METEOR,IMO9337638,3ENA9,70,0,294,32,13.5,70,A
354212000,2021-07-21T00:19:42,37.86833,-123.44667,1.8,150.7,51.0,NYK METEOR,IMO9337638,3ENA9,70,0,294,32,13.5,70,A
354212000,2021-07-21T00:20:52,37.86784,-123.44631,1.7,151.3,52.0,NYK METEOR,IMO9337638,3ENA9,70,0,294,32,13.5,70,A
354212000,2021-07-21T00:22:02,37.86737,-123.44601,2.0,151.8,54.0,NYK METEOR,IMO9337638,3ENA9,70,0,294,32,13.5,70,A
354212000,2021-07-21T00:23:13,37.86685,-123.44564,2.4,149.4,54.0,NYK METEOR,IMO9337638,3ENA9,70,0,294,32,13.5,70,A
354212000,2021-07-21T00:24:23,37.86636,-123.44528,2.0,149.1,54.0,NYK METEOR,IMO9337638,3ENA9,70,0,294,32,13.5,70,A
354212000,2021-07-21T00:25:32,37.86590,-123.44492,1.8,149.5,54.0,NYK METEOR,IMO9337638,3ENA9,70,0,294,32,13.5,70,A
354212000,2021-07-21T00:26:42,37.86542,-123.44454,1.7,148.3,54.0,NYK METEOR,IMO9337638,3ENA9,70,0,294,32,13.5,70,A
354212000,2021-07-21T00:27:54,37.86491,-123.44414,1.8,148.2,53.0,NYK METEOR,IMO9337638,3ENA9,70,0,294,32,13.5,70,A
354212000,2021-07-21T00:29:04,37.86443,-123.44379,2.2,148.9,54.0,NYK METEOR,IMO9337638,3ENA9,70,0,294,32,13.5,70,A
354212000,2021-07-21T00:30:13,37.86394,-123.44339,1.7,147.4,53.0,NYK METEOR,IMO9337638,3ENA9,70,0,294,32,13.5,70,A
354212000,2021-07-21T00:31:23,37.86344,-123.44295,1.9,145.1,51.0,NYK METEOR,IMO9337638,3ENA9,70,0,294,32,13.5,70,A
354212000,2021-07-21T00:32:32,37.86299,-123.44254,1.7,146.6,50.0,NYK METEOR,IMO9337638,3ENA9,70,0,294,32,13.5,70,A
354212000,2021-07-21T00:33:43,37.86250,-123.44210,1.8,145.4,49.0,NYK METEOR,IMO9337638,3ENA9,70,0,294,32,13.5,70,A
354212000,2021-07-21T00:34:44,37.86206,-123.44175,1.8,146.6,49.0,NYK METEOR,IMO9337638,3ENA9,70,0,294,32,13.5,70,A
369970573,2021-09-27T14:57:29,37.86282,-123.45061,11.3,337.5,335.0,REUBEN LASKER,IMO9664988,WTEG,90,0,63,15,5.9,99,A
369970573,2021-09-27T14:58:36,37.86616,-123.45229,11.4,337.7,336.0,REUBEN LASKER,IMO9664988,WTEG,90,0,63,15,5.9,99,A
369970573,2021-09-27T14:59:39,37.86926,-123.45383,11.5,338.7,336.0,REUBEN LASKER,IMO9664988,WTEG,90,0,63,15,5.9,99,A
369970573,2021-09-27T15:00:02,37.87039,-123.45436,11.5,339.8,336.0,REUBEN LASKER,IMO9664988,WTEG,90,0,63,15,5.9,99,A
369970573,2021-09-27T15:01:03,37.87339,-123.45583,11.2,339.5,336.0,REUBEN LASKER,IMO9664988,WTEG,90,0,63,15,5.9,99,A
369970573,2021-09-27T15:02:05,37.87638,-123.45726,11.3,340.4,336.0,REUBEN LASKER,IMO9664988,WTEG,90,0,63,15,5.9,99,A
369970573,2021-09-27T15:03:06,37.87942,-123.45876,11.3,339.7,337.0,REUBEN LASKER,IMO9664988,WTEG,90,0,63,15,5.9,99,A
369970573,2021-09-27T15:04:15,37.88277,-123.46036,11.4,339.3,335.0,REUBEN LASKER,IMO9664988,WTEG,90,0,63,15,5.9,99,A
369970573,2021-09-27T15:05:19,37.88592,-123.46188,11.3,340.0,335.0,REUBEN LASKER,IMO9664988,WTEG,90,0,63,15,5.9,99,A
369970573,2021-09-27T15:06:22,37.88904,-123.46343,11.3,337.7,336.0,REUBEN LASKER,IMO9664988,WTEG,90,0,63,15,5.9,99,A
369970573,2021-09-27T15:07:26,37.89219,-123.46497,11.4,337.8,335.0,REUBEN LASKER,IMO9664988,WTEG,90,0,63,15,5.9,99,A
369970573,2021-09-27T15:08:32,37.89543,-123.46659,11.4,337.8,335.0,REUBEN LASKER,IMO9664988,WTEG,90,0,63,15,5.9,99,A
246830000,2021-08-03T02:22:54,37.89581,-123.47262,14.0,155.9,156.0,ALAMOSBORG,IMO9466348,PCMV,70,5,142,21,9.7,79,A
246830000,2021-08-03T02:23:59,37.89191,-123.47053,14.0,157.4,156.0,ALAMOSBORG,IMO9466348,PCMV,70,5,142,21,9.7,79,A
246830000,2021-08-03T02:25:06,37.88796,-123.46838,14.1,156.7,155.0,ALAMOSBORG,IMO9466348,PCMV,70,5,142,21,9.7,79,A
246830000,2021-08-03T02:26:12,37.88401,-123.46614,14.1,155.8,156.0,ALAMOSBORG,IMO9466348,PCMV,70,5,142,21,9.7,79,A
246830000,2021-08-03T02:27:18,37.88001,-123.46392,14.1,155.4,156.0,ALAMOSBORG,IMO9466348,PCMV,70,5,142,21,9.7,79,A
246830000,2021-08-03T02:28:24,37.87605,-123.46178,14.1,157.2,156.0,ALAMOSBORG,IMO9466348,PCMV,70,5,142,21,9.7,79,A
246830000,2021-08-03T02:29:30,37.87218,-123.45969,14.0,156.8,156.0,ALAMOSBORG,IMO9466348,PCMV,70,5,142,21,9.7,79,A
246830000,2021-08-03T02:30:35,37.86818,-123.45753,14.0,156.4,156.0,ALAMOSBORG,IMO9466348,PCMV,70,5,142,21,9.7,79,A
246830000,2021-08-03T02:31:36,37.86461,-123.45559,14.0,156.5,156.0,ALAMOSBORG,IMO9466348,PCMV,70,5,142,21,9.7,79,A
369950000,2021-08-18T18:01:06,37.86240,-123.43103,16.4,334.2,511.0,MOMSEN,,NSWD,90,0,155,20,,0,A
369950000,2021-08-18T18:02:07,37.86668,-123.43348,16.0,336.7,511.0,MOMSEN,,NSWD,90,0,155,20,,0,A
369950000,2021-08-18T18:03:12,37.87105,-123.43607,17.0,334.9,511.0,MOMSEN,,NSWD,90,0,155,20,,0,A
369950000,2021-08-18T18:04:24,37.87632,-123.43912,17.7,334.0,511.0,MOMSEN,,NSWD,90,0,155,20,,0,A
369950000,2021-08-18T18:05:30,37.88104,-123.44183,17.4,335.0,511.0,MOMSEN,,NSWD,90,0,155,20,,0,A
369950000,2021-08-18T18:06:36,37.88555,-123.44443,17.4,335.6,511.0,MOMSEN,,NSWD,90,0,155,20,,0,A
369950000,2021-08-18T18:07:42,37.89016,-123.44702,17.5,335.6,511.0,MOMSEN,,NSWD,90,0,155,20,,0,A
369950000,2021-08-18T18:08:49,37.89535,-123.44975,19.1,338.2,511.0,MOMSEN,,NSWD,90,0,155,20,,0,A
354212000,2021-03-18T10:04:43,37.86354,-123.47029,13.7,333.9,336.0,NYK METEOR,IMO9337638,3ENA9,70,0,294,32,4.7,60,A
354212000,2021-03-18T10:05:52,37.86749,-123.47258,13.8,336.6,337.0,NYK METEOR,IMO9337638,3ENA9,70,0,294,32,4.7,60,A
338189586,2021-02-11T04:30:44,37.86212,-123.45020,1.5,343.7,511.0,SD-1027,,NO COMM,0,,0,0,,,B
338189586,2021-02-11T04:33:44,37.86322,-123.45075,1.5,342.0,511.0,SD-1027,,NO COMM,0,,0,0,,,B
338189586,2021-02-11T04:36:46,37.86424,-123.45132,1.4,341.8,511.0,SD-1027,,NO COMM,0,,0,0,,,B
338189586,2021-02-11T04:39:44,37.86505,-123.45184,1.1,346.6,511.0,SD-1027,,NO COMM,0,,0,0,,,B
338189586,2021-02-11T04:42:46,37.86609,-123.45234,1.5,347.7,511.0,SD-1027,,NO COMM,0,,0,0,,,B
338189586,2021-02-11T04:45:43,37.86711,-123.45283,1.3,348.7,511.0,SD-1027,,NO COMM,0,,0,0,,,B
338189586,2021-02-11T04:48:46,37.86804,-123.45340,1.2,346.6,511.0,SD-1027,,NO COMM,0,,0,0,,,B
338189586,2021-02-11T04:51:45,37.86897,-123.45389,1.3,350.8,511.0,SD-1027,,NO COMM,0,,0,0,,,B
338189586,2021-02-11T04:54:44,37.86988,-123.45444,1.4,350.5,511.0,SD-1027,,NO COMM,0,,0,0,,,B
338189586,2021-02-11T04:57:44,37.87087,-123.45503,1.3,348.1,511.0,SD-1027,,NO COMM,0,,0,0,,,B
338189586,2021-02-11T05:00:44,37.87174,-123.45570,1.2,337.6,511.0,SD-1027,,NO COMM,0,,0,0,,,B
338189586,2021-02-11T05:03:44,37.87240,-123.45625,1.1,351.7,511.0,SD-1027,,NO COMM,0,,0,0,,,B
338189586,2021-02-11T05:06:45,37.87345,-123.45684,1.4,348.1,511.0,SD-1027,,NO COMM,0,,0,0,,,B
338189586,2021-02-11T05:09:44,37.87456,-123.45741,1.6,347.8,511.0,SD-1027,,NO COMM,0,,0,0,,,B
338189586,2021-02-11T05:12:44,37.87562,-123.45791,1.5,351.5,511.0,SD-1027,,NO COMM,0,,0,0,,,B
338189586,2021-02-11T05:15:44,37.87691,-123.45846,1.7,349.1,511.0,SD-1027,,NO COMM,0,,0,0,,,B
338189586,2021-02-11T05:18:44,37.87800,-123.45890,1.3,352.2,511.0,SD-1027,,NO COMM,0,,0,0,,,B
338189586,2021-02-11T05:21:47,37.87915,-123.45942,1.4,343.6,511.0,SD-1027,,NO COMM,0,,0,0,,,B
338189586,2021-02-11T05:24:45,37.88021,-123.45999,1.4,343.3,511.0,SD-1027,,NO COMM,0,,0,0,,,B
338189586,2021-02-11T05:27:44,37.88144,-123.46052,1.7,350.7,511.0,SD-1027,,NO COMM,0,,0,0,,,B
338189586,2021-02-11T05:30:44,37.88277,-123.46102,1.7,349.8,511.0,SD-1027,,NO COMM,0,,0,0,,,B
338189586,2021-02-11T05:33:44,37.88406,-123.46157,1.7,343.2,511.0,SD-1027,,NO COMM,0,,0,0,,,B
338189586,2021-02-11T05:36:44,37.88535,-123.46216,1.7,343.0,511.0,SD-1027,,NO COMM,0,,0,0,,,B
338189586,2021-02-11T05:38:11,37.88612,-123.46250,2.1,342.6,511.0,SD-1027,,NO COMM,0,,0,0,,,B
338189586,2021-02-11T05:39:40,37.88687,-123.46284,2.0,341.7,511.0,SD-1027,,NO COMM,0,,0,0,,,B
338189586,2021-02-11T05:41:09,37.88759,-123.46317,1.8,340.2,511.0,SD-1027,,NO COMM,0,,0,0,,,B
338189586,2021-02-11T05:45:10,37.88934,-123.46387,1.7,343.4,511.0,SD-1027,,NO COMM,0,,0,0,,,B
338189586,2021-02-11T05:48:10,37.89076,-123.46445,1.8,337.6,511.0,SD-1027,,NO COMM,0,,0,0,,,B
338189586,2021-02-11T05:51:09,37.89210,-123.46504,1.8,339.6,511.0,SD-1027,,NO COMM,0,,0,0,,,B
338189586,2021-02-11T05:54:09,37.89350,-123.46559,1.7,342.0,511.0,SD-1027,,NO COMM,0,,0,0,,,B
338189586,2021-02-11T06:03:09,37.89672,-123.46698,1.0,277.3,511.0,SD-1027,,NO COMM,0,,0,0,,,B
338189586,2021-02-11T06:09:10,37.89691,-123.46986,1.6,262.7,511.0,SD-1027,,NO COMM,0,,0,0,,,B
338189586,2021-02-11T06:12:12,37.89697,-123.47119,1.1,272.3,511.0,SD-1027,,NO COMM,0,,0,0,,,B
338189586,2021-02-11T06:15:10,37.89708,-123.47217,1.0,269.7,511.0,SD-1027,,NO COMM,0,,0,0,,,B
538005701,2021-07-24T13:17:07,37.89293,-123.42797,4.0,283.7,327.0,INTERLINK PRIORITY,IMO9721425,V7GE6,70,0,179,,,70,A
538005701,2021-07-24T13:18:08,37.89351,-123.42918,3.9,315.3,352.0,INTERLINK PRIORITY,IMO9721425,V7GE6,70,0,179,,,70,A
538005701,2021-07-24T13:19:13,37.89462,-123.42976,4.3,349.4,8.0,INTERLINK PRIORITY,IMO9721425,V7GE6,70,0,179,,,70,A
538005701,2021-07-24T13:20:24,37.89616,-123.42965,5.1,6.9,14.0,INTERLINK PRIORITY,IMO9721425,V7GE6,70,0,179,,,70,A
538005701,2021-07-24T13:21:33,37.89789,-123.42907,5.9,19.0,14.0,INTERLINK PRIORITY,IMO9721425,V7GE6,70,0,179,,,70,A
367646340,2021-09-28T04:54:35,37.88880,-123.47119,9.2,97.8,100.0,OAXACA,,WDH7251,37,,15,,,,B
367646340,2021-09-28T04:55:37,37.88834,-123.46831,8.5,102.4,102.0,OAXACA,,WDH7251,37,,15,,,,B
367646340,2021-09-28T04:57:05,37.88764,-123.46407,8.2,107.6,107.0,OAXACA,,WDH7251,37,,15,,,,B
367646340,2021-09-28T04:59:05,37.88662,-123.45821,7.9,100.0,107.0,OAXACA,,WDH7251,37,,15,,,,B
367646340,2021-09-28T05:00:05,37.88613,-123.45533,9.0,97.7,103.0,OAXACA,,WDH7251,37,,15,,,,B
367646340,2021-09-28T05:01:07,37.88563,-123.45239,6.8,105.6,104.0,OAXACA,,WDH7251,37,,15,,,,B
367646340,2021-09-28T05:02:35,37.88487,-123.44837,7.5,105.0,96.0,OAXACA,,WDH7251,37,,15,,,,B
367646340,2021-09-28T05:04:05,37.88417,-123.44417,9.5,102.9,99.0,OAXACA,,WDH7251,37,,15,,,,B
367646340,2021-09-28T05:05:36,37.88341,-123.43997,8.3,99.0,105.0,OAXACA,,WDH7251,37,,15,,,,B
367646340,2021-09-28T05:07:05,37.88270,-123.43596,7.9,107.4,100.0,OAXACA,,WDH7251,37,,15,,,,B
367646340,2021-09-28T05:08:07,37.88223,-123.43305,6.8,98.3,104.0,OAXACA,,WDH7251,37,,15,,,,B
367646340,2021-09-28T05:10:07,37.88111,-123.42764,8.1,105.3,102.0,OAXACA,,WDH7251,37,,15,,,,B
338842000,2021-10-03T23:14:29,37.87206,-123.46417,6.2,333.7,335.0,GRASP,IMO8434324,NADQ,90,3,71,,,52,A
338842000,2021-10-03T23:09:09,37.86359,-123.45868,6.5,333.3,336.0,GRASP,IMO8434324,NADQ,90,3,71,,,52,A
338842000,2021-10-03T23:13:10,37.87001,-123.46280,6.2,333.3,335.0,GRASP,IMO8434324,NADQ,90,3,71,,,52,A
338842000,2021-10-03T23:10:30,37.86580,-123.46006,6.5,334.7,336.0,GRASP,IMO8434324,NADQ,90,3,71,,,52,A
338842000,2021-10-03T23:11:50,37.86786,-123.46144,6.3,333.8,335.0,GRASP,IMO8434324,NADQ,90,3,71,,,52,A
338842000,2021-10-03T23:19:50,37.88040,-123.46982,6.2,330.9,334.0,GRASP,IMO8434324,NADQ,90,3,71,,,52,A
338842000,2021-10-03T23:21:10,37.88246,-123.47125,6.1,331.4,333.0,GRASP,IMO8434324,NADQ,90,3,71,,,52,A
338842000,2021-10-03T23:22:30,37.88452,-123.47268,6.1,331.2,332.0,GRASP,IMO8434324,NADQ,90,3,71,,,52,A
338842000,2021-10-03T23:15:49,37.87413,-123.46556,6.4,332.3,336.0,GRASP,IMO8434324,NADQ,90,3,71,,,52,A
338842000,2021-10-03T23:17:10,37.87625,-123.46696,6.1,332.7,334.0,GRASP,IMO8434324,NADQ,90,3,71,,,52,A
338842000,2021-10-03T23:18:30,37.87831,-123.46838,6.2,331.4,334.0,GRASP,IMO8434324,NADQ,90,3,71,,,52,A
319147700,2021-06-01T21:16:26,37.87057,-123.42877,9.7,325.4,326.0,BACA,IMO0740803,ZGIA4,37,0,43,8,3.1,37,A
319147700,2021-06-01T21:17:38,37.87307,-123.43116,9.9,325.8,325.0,BACA,IMO0740803,ZGIA4,37,0,43,8,3.1,37,A
319147700,2021-06-01T21:18:40,37.87511,-123.43317,8.9,325.4,324.0,BACA,IMO0740803,ZGIA4,37,0,43,8,3.1,37,A
319147700,2021-06-01T21:19:47,37.87733,-123.43546,9.1,317.1,324.0,BACA,IMO0740803,ZGIA4,37,0,43,8,3.1,37,A
319147700,2021-06-01T21:20:49,37.87942,-123.43758,9.5,322.2,324.0,BACA,IMO0740803,ZGIA4,37,0,43,8,3.1,37,A
319147700,2021-06-01T21:21:50,37.88150,-123.43970,10.1,321.7,325.0,BACA,IMO0740803,ZGIA4,37,0,43,8,3.1,37,A
319147700,2021-06-01T21:22:52,37.88360,-123.44188,8.7,316.0,324.0,BACA,IMO0740803,ZGIA4,37,0,43,8,3.1,37,A
319147700,2021-06-01T21:23:54,37.88567,-123.44407,9.4,320.4,324.0,BACA,IMO0740803,ZGIA4,37,0,43,8,3.1,37,A
319147700,2021-06-01T21:24:55,37.88770,-123.44629,8.0,316.2,324.0,BACA,IMO0740803,ZGIA4,37,0,43,8,3.1,37,A
319147700,2021-06-01T21:25:56,37.88968,-123.44848,10.6,319.1,324.0,BACA,IMO0740803,ZGIA4,37,0,43,8,3.1,37,A
319147700,2021-06-01T21:26:57,37.89166,-123.45069,8.6,318.6,322.0,BACA,IMO0740803,ZGIA4,37,0,43,8,3.1,37,A
319147700,2021-06-01T21:27:59,37.89360,-123.45291,8.7,319.8,326.0,BACA,IMO0740803,ZGIA4,37,0,43,8,3.1,37,A
319147700,2021-06-01T21:29:00,37.89555,-123.45513,7.6,318.4,324.0,BACA,IMO0740803,ZGIA4,37,0,43,8,3.1,37,A
319147700,2021-06-01T21:30:01,37.89745,-123.45727,8.5,318.2,324.0,BACA,IMO0740803,ZGIA4,37,0,43,8,3.1,37,A
375194000,2021-08-05T21:09:07,37.88548,-123.42842,12.3,347.0,339.0,DAMAS HORSE,IMO7310791,J8VL3,90,0,56,12,3.9,60,A
375194000,2021-08-05T21:10:17,37.88903,-123.42991,11.7,343.9,338.0,DAMAS HORSE,IMO7310791,J8VL3,90,0,56,12,3.9,60,A
375194000,2021-08-05T21:11:25,37.89251,-123.43135,11.7,341.0,338.0,DAMAS HORSE,IMO7310791,J8VL3,90,0,56,12,3.9,60,A
375194000,2021-08-05T21:12:36,37.89615,-123.43284,12.1,346.6,338.0,DAMAS HORSE,IMO7310791,J8VL3,90,0,56,12,3.9,60,A
538002825,2021-07-24T11:14:51,37.86271,-123.46516,11.3,339.2,335.0,CHIOS LEGACY,IMO9218337,V7LY9,70,0,185,30,11.6,70,A
538002825,2021-07-24T11:18:13,37.87274,-123.46989,11.5,339.4,335.0,CHIOS LEGACY,IMO9218337,V7LY9,70,0,185,30,11.6,70,A
538002825,2021-07-24T11:16:02,37.86619,-123.46687,11.3,339.2,336.0,CHIOS LEGACY,IMO9218337,V7LY9,70,0,185,30,11.6,70,A
538002825,2021-07-24T11:17:12,37.86975,-123.46846,11.4,340.1,335.0,CHIOS LEGACY,IMO9218337,V7LY9,70,0,185,30,11.6,70,A
538002825,2021-07-24T11:19:22,37.87617,-123.47156,11.4,339.6,336.0,CHIOS LEGACY,IMO9218337,V7LY9,70,0,185,30,11.6,70,A
367347000,2021-07-04T08:13:34,37.87947,-123.47165,8.5,157.9,158.0,WENDY SEAA,IMO6418625,WDD4689,30,0,36,7,3.2,30,A
367347000,2021-07-04T08:14:43,37.87700,-123.47026,8.6,155.9,160.0,WENDY SEAA,IMO6418625,WDD4689,30,0,36,7,3.2,30,A
367347000,2021-07-04T08:15:52,37.87441,-123.46895,8.7,158.8,155.0,WENDY SEAA,IMO6418625,WDD4689,30,0,36,7,3.2,30,A
367347000,2021-07-04T08:17:02,37.87188,-123.46754,8.5,158.2,161.0,WENDY SEAA,IMO6418625,WDD4689,30,0,36,7,3.2,30,A
367347000,2021-07-04T08:18:12,37.86927,-123.46613,8.6,154.7,157.0,WENDY SEAA,IMO6418625,WDD4689,30,0,36,7,3.2,30,A
367347000,2021-07-04T08:19:22,37.86671,-123.46480,8.6,159.3,161.0,WENDY SEAA,IMO6418625,WDD4689,30,0,36,7,3.2,30,A
367347000,2021-07-04T08:20:26,37.86436,-123.46355,8.7,155.9,160.0,WENDY SEAA,IMO6418625,WDD4689,30,0,36,7,3.2,30,A
266282000,2021-04-22T05:58:45,37.86294,-123.46416,14.3,339.2,339.0,ANIARA,IMO9377494,SKJC,70,0,231,32,11.3,70,A
266282000,2021-04-22T05:59:51,37.86708,-123.46601,14.5,340.4,338.0,ANIARA,IMO9377494,SKJC,70,0,231,32,11.3,70,A
266282000,2021-04-22T06:00:03,37.86789,-123.46638,14.4,340.3,339.0,ANIARA,IMO9377494,SKJC,70,0,231,32,11.3,70,A
266282000,2021-04-22T06:01:09,37.87218,-123.46835,15.1,341.0,339.0,ANIARA,IMO9377494,SKJC,70,0,231,32,11.3,70,A
266282000,2021-04-22T06:02:10,37.87612,-123.47013,15.2,339.2,339.0,ANIARA,IMO9377494,SKJC,70,0,231,32,11.3,70,A
266282000,2021-04-22T06:03:15,37.88053,-123.47214,15.3,340.2,339.0,ANIARA,IMO9377494,SKJC,70,0,231,32,11.3,70,A
369228000,2021-08-16T04:36:43,37.86311,-123.47125,10.9,154.3,151.0,OCEAN TITAN,IMO8835231,WDJ3639,90,0,68,13,4.6,38,A
367598820,2021-01-30T06:49:24,37.86730,-123.42736,10.8,340.8,511.0,CALVIN,IMO5234981,WDH2554,31,0,30,8,,60,A
367598820,2021-01-30T06:50:33,37.87043,-123.42868,10.5,349.4,511.0,CALVIN,IMO5234981,WDH2554,31,0,30,8,,60,A
367598820,2021-01-30T06:51:42,37.87348,-123.43002,10.4,339.0,511.0,CALVIN,IMO5234981,WDH2554,31,0,30,8,,60,A
367598820,2021-01-30T06:52:53,37.87659,-123.43139,9.9,339.5,511.0,CALVIN,IMO5234981,WDH2554,31,0,30,8,,60,A
367598820,2021-01-30T06:54:03,37.87957,-123.43267,9.9,341.6,511.0,CALVIN,IMO5234981,WDH2554,31,0,30,8,,60,A
367598820,2021-01-30T06:55:24,37.88307,-123.43417,9.8,341.2,511.0,CALVIN,IMO5234981,WDH2554,31,0,30,8,,60,A
367598820,2021-01-30T06:56:34,37.88609,-123.43548,9.5,343.3,511.0,CALVIN,IMO5234981,WDH2554,31,0,30,8,,60,A
367598820,2021-01-30T06:57:53,37.88955,-123.43700,10.7,341.7,511.0,CALVIN,IMO5234981,WDH2554,31,0,30,8,,60,A
367598820,2021-01-30T06:59:03,37.89250,-123.43832,9.6,340.6,511.0,CALVIN,IMO5234981,WDH2554,31,0,30,8,,60,A
367598820,2021-01-30T07:00:02,37.89508,-123.43950,10.1,340.4,511.0,CALVIN,IMO5234981,WDH2554,31,0,30,8,,60,A
367774490,2021-04-10T22:18:24,37.89725,-123.43686,9.4,159.1,159.0,NICOLE FOSS,IMO9748588,WDJ4108,31,0,39,,,31,A
367774490,2021-04-10T22:19:34,37.89434,-123.43553,9.5,161.5,160.0,NICOLE FOSS,IMO9748588,WDJ4108,31,0,39,,,31,A
367774490,2021-04-10T22:20:44,37.89132,-123.43422,9.7,161.0,160.0,NICOLE FOSS,IMO9748588,WDJ4108,31,0,39,,,31,A
367774490,2021-04-10T22:21:54,37.88833,-123.43297,9.9,162.8,157.0,NICOLE FOSS,IMO9748588,WDJ4108,31,0,39,,,31,A
367774490,2021-04-10T22:23:04,37.88525,-123.43160,9.6,161.6,156.0,NICOLE FOSS,IMO9748588,WDJ4108,31,0,39,,,31,A
367774490,2021-04-10T22:24:13,37.88229,-123.43024,9.5,159.5,156.0,NICOLE FOSS,IMO9748588,WDJ4108,31,0,39,,,31,A
367774490,2021-04-10T22:25:14,37.87972,-123.42902,9.7,160.6,154.0,NICOLE FOSS,IMO9748588,WDJ4108,31,0,39,,,31,A
367774490,2021-04-10T22:26:23,37.87688,-123.42761,9.4,158.6,157.0,NICOLE FOSS,IMO9748588,WDJ4108,31,0,39,,,31,A
218522000,2021-01-14T04:05:26,37.86493,-123.47252,16.3,338.4,337.0,MARIA,IMO9266566,DPWD,79,0,151,22,15.0,70,A
563394000,2021-05-03T06:42:12,37.86292,-123.46468,5.6,348.1,336.0,IVS ORCHARD,IMO9528029,9V7782,70,0,179,28,10.2,70,A
563394000,2021-05-03T06:43:22,37.86475,-123.46523,6.0,346.1,335.0,IVS ORCHARD,IMO9528029,9V7782,70,0,179,28,10.2,70,A
563394000,2021-05-03T06:44:33,37.86660,-123.46593,5.9,341.0,332.0,IVS ORCHARD,IMO9528029,9V7782,70,0,179,28,10.2,70,A
563394000,2021-05-03T06:45:42,37.86839,-123.46668,5.8,342.3,330.0,IVS ORCHARD,IMO9528029,9V7782,70,0,179,28,10.2,70,A
563394000,2021-05-03T06:46:52,37.86991,-123.46746,4.9,338.1,330.0,IVS ORCHARD,IMO9528029,9V7782,70,0,179,28,10.2,70,A
563394000,2021-05-03T06:48:02,37.87149,-123.46818,5.1,340.4,330.0,IVS ORCHARD,IMO9528029,9V7782,70,0,179,28,10.2,70,A
563394000,2021-05-03T06:49:11,37.87266,-123.46853,3.8,352.5,332.0,IVS ORCHARD,IMO9528029,9V7782,70,0,179,28,10.2,70,A
563394000,2021-05-03T06:50:12,37.87375,-123.46889,3.9,340.9,329.0,IVS ORCHARD,IMO9528029,9V7782,70,0,179,28,10.2,70,A
563394000,2021-05-03T06:51:23,37.87502,-123.46939,3.8,343.4,332.0,IVS ORCHARD,IMO9528029,9V7782,70,0,179,28,10.2,70,A
563394000,2021-05-03T06:52:33,37.87625,-123.46983,4.0,343.5,331.0,IVS ORCHARD,IMO9528029,9V7782,70,0,179,28,10.2,70,A
563394000,2021-05-03T06:53:43,37.87759,-123.47037,4.8,342.4,329.0,IVS ORCHARD,IMO9528029,9V7782,70,0,179,28,10.2,70,A
563394000,2021-05-03T06:54:52,37.87914,-123.47114,5.3,336.2,328.0,IVS ORCHARD,IMO9528029,9V7782,70,0,179,28,10.2,70,A
563394000,2021-05-03T06:55:53,37.88027,-123.47172,4.0,339.8,328.0,IVS ORCHARD,IMO9528029,9V7782,70,0,179,28,10.2,70,A
563394000,2021-05-03T06:57:01,37.88156,-123.47237,4.4,338.8,329.0,IVS ORCHARD,IMO9528029,9V7782,70,0,179,28,10.2,70,A
367133160,2021-09-01T18:37:36,37.86286,-123.47207,6.9,345.1,346.0,TECUMSEH,IMO7511503,WTW9257,31,0,37,10,4.2,31,A
367133160,2021-09-01T18:38:46,37.86500,-123.47274,6.6,349.4,348.0,TECUMSEH,IMO7511503,WTW9257,31,0,37,10,4.2,31,A
373004000,2021-03-06T03:15:00,37.89579,-123.45719,11.3,136.5,140.0,MSC FLAVIA,IMO9467433,3FBD7,70,0,365,48,,32,A
373004000,2021-03-06T03:16:10,37.89314,-123.45407,11.2,137.0,140.0,MSC FLAVIA,IMO9467433,3FBD7,70,0,365,48,,32,A
373004000,2021-03-06T03:17:20,37.89045,-123.45094,11.1,138.6,140.0,MSC FLAVIA,IMO9467433,3FBD7,70,0,365,48,,32,A
373004000,2021-03-06T03:18:29,37.88779,-123.44783,11.2,136.9,140.0,MSC FLAVIA,IMO9467433,3FBD7,70,0,365,48,,32,A
373004000,2021-03-06T03:19:40,37.88503,-123.44466,11.4,136.9,140.0,MSC FLAVIA,IMO9467433,3FBD7,70,0,365,48,,32,A
373004000,2021-03-06T03:20:48,37.88234,-123.44157,11.2,137.2,140.0,MSC FLAVIA,IMO9467433,3FBD7,70,0,365,48,,32,A
373004000,2021-03-06T03:21:49,37.87998,-123.43890,11.2,139.3,140.0,MSC FLAVIA,IMO9467433,3FBD7,70,0,365,48,,32,A
373004000,2021-03-06T03:22:50,37.87759,-123.43618,11.3,137.8,140.0,MSC FLAVIA,IMO9467433,3FBD7,70,0,365,48,,32,A
373004000,2021-03-06T03:24:00,37.87481,-123.43305,11.3,139.3,140.0,MSC FLAVIA,IMO9467433,3FBD7,70,0,365,48,,32,A
373004000,2021-03-06T03:25:10,37.87210,-123.42999,11.2,137.9,139.0,MSC FLAVIA,IMO9467433,3FBD7,70,0,365,48,,32,A
351954000,2021-04-20T17:55:56,37.89774,-123.46920,14.9,156.8,158.0,OCEAN SEAGULL,IMO9542855,3FSU4,70,0,119,21,8.4,77,A
351954000,2021-04-20T17:57:02,37.89349,-123.46710,14.7,158.4,158.0,OCEAN SEAGULL,IMO9542855,3FSU4,70,0,119,21,8.4,77,A
351954000,2021-04-20T17:58:08,37.88929,-123.46503,14.8,158.5,158.0,OCEAN SEAGULL,IMO9542855,3FSU4,70,0,119,21,8.4,77,A
351954000,2021-04-20T17:59:14,37.88509,-123.46298,14.7,157.1,159.0,OCEAN SEAGULL,IMO9542855,3FSU4,70,0,119,21,8.4,77,A
351954000,2021-04-20T18:00:02,37.88205,-123.46147,14.6,156.0,160.0,OCEAN SEAGULL,IMO9542855,3FSU4,70,0,119,21,8.4,77,A
351954000,2021-04-20T18:01:08,37.87790,-123.45942,14.6,158.5,158.0,OCEAN SEAGULL,IMO9542855,3FSU4,70,0,119,21,8.4,77,A
351954000,2021-04-20T18:02:14,37.87375,-123.45738,14.6,158.9,159.0,OCEAN SEAGULL,IMO9542855,3FSU4,70,0,119,21,8.4,77,A
351954000,2021-04-20T18:03:19,37.86965,-123.45542,14.5,160.1,158.0,OCEAN SEAGULL,IMO9542855,3FSU4,70,0,119,21,8.4,77,A
351954000,2021-04-20T18:04:20,37.86589,-123.45361,14.6,160.3,159.0,OCEAN SEAGULL,IMO9542855,3FSU4,70,0,119,21,8.4,77,A
351954000,2021-02-24T00:04:32,37.89585,-123.46749,13.2,159.5,158.0,OCEAN SEAGULL,IMO9542855,3FSU4,70,0,119,21,3.1,52,A
351954000,2021-02-24T00:05:42,37.89182,-123.46557,12.6,161.1,156.0,OCEAN SEAGULL,IMO9542855,3FSU4,70,0,119,21,3.1,52,A
351954000,2021-02-24T00:06:51,37.88798,-123.46374,12.7,158.9,156.0,OCEAN SEAGULL,IMO9542855,3FSU4,70,0,119,21,3.1,52,A
351954000,2021-02-24T00:08:01,37.88403,-123.46192,12.9,161.2,157.0,OCEAN SEAGULL,IMO9542855,3FSU4,70,0,119,21,3.1,52,A
351954000,2021-02-24T00:09:11,37.88007,-123.46007,13.0,158.5,157.0,OCEAN SEAGULL,IMO9542855,3FSU4,70,0,119,21,3.1,52,A
351954000,2021-02-24T00:10:21,37.87617,-123.45824,12.6,159.5,156.0,OCEAN SEAGULL,IMO9542855,3FSU4,70,0,119,21,3.1,52,A
351954000,2021-02-24T00:11:30,37.87240,-123.45647,12.2,160.1,157.0,OCEAN SEAGULL,IMO9542855,3FSU4,70,0,119,21,3.1,52,A
351954000,2021-02-24T00:12:31,37.86918,-123.45487,11.8,159.8,157.0,OCEAN SEAGULL,IMO9542855,3FSU4,70,0,119,21,3.1,52,A
351954000,2021-02-24T00:13:41,37.86545,-123.45307,12.2,158.7,157.0,OCEAN SEAGULL,IMO9542855,3FSU4,70,0,119,21,3.1,52,A
368009410,2021-08-31T14:07:27,37.89642,-123.43881,11.9,141.3,511.0,KICKBACK,,WDJ7714,37,,,,,,B
368009410,2021-08-31T14:08:28,37.89344,-123.43626,9.1,162.8,511.0,KICKBACK,,WDJ7714,37,,,,,,B
368009410,2021-08-31T14:10:27,37.88734,-123.43173,13.1,146.8,511.0,KICKBACK,,WDJ7714,37,,,,,,B
368009410,2021-08-31T14:11:57,37.88295,-123.42824,12.8,139.7,511.0,KICKBACK,,WDJ7714,37,,,,,,B
374700000,2021-05-19T06:42:56,37.89144,-123.47101,14.0,154.2,156.0,BELISLAND,IMO9698197,H3SM,70,0,199,,,70,A
374700000,2021-05-19T06:44:02,37.88761,-123.46865,14.0,154.0,156.0,BELISLAND,IMO9698197,H3SM,70,0,199,,,70,A
374700000,2021-05-19T06:45:07,37.88378,-123.46634,13.8,154.9,156.0,BELISLAND,IMO9698197,H3SM,70,0,199,,,70,A
374700000,2021-05-19T06:46:13,37.87995,-123.46410,13.8,155.1,156.0,BELISLAND,IMO9698197,H3SM,70,0,199,,,70,A
374700000,2021-05-19T06:47:17,37.87630,-123.46196,13.8,155.7,155.0,BELISLAND,IMO9698197,H3SM,70,0,199,,,70,A
374700000,2021-05-19T06:48:28,37.87216,-123.45952,13.8,154.4,155.0,BELISLAND,IMO9698197,H3SM,70,0,199,,,70,A
374700000,2021-05-19T06:49:37,37.86811,-123.45707,13.9,154.5,156.0,BELISLAND,IMO9698197,H3SM,70,0,199,,,70,A
374700000,2021-05-19T06:50:39,37.86451,-123.45496,14.0,155.4,156.0,BELISLAND,IMO9698197,H3SM,70,0,199,,,70,A
367133160,2021-03-08T15:28:25,37.86288,-123.45812,8.1,335.2,335.0,TECUMSEH,IMO7511503,WTW9257,31,0,37,10,,65,A
367133160,2021-03-08T15:29:44,37.86562,-123.45935,7.1,343.7,337.0,TECUMSEH,IMO7511503,WTW9257,31,0,37,10,,65,A
367133160,2021-03-08T15:30:54,37.86802,-123.46051,8.1,338.1,334.0,TECUMSEH,IMO7511503,WTW9257,31,0,37,10,,65,A
367133160,2021-03-08T15:32:04,37.87043,-123.46164,7.6,336.3,336.0,TECUMSEH,IMO7511503,WTW9257,31,0,37,10,,65,A
367133160,2021-03-08T15:33:15,37.87285,-123.46271,7.7,339.3,336.0,TECUMSEH,IMO7511503,WTW9257,31,0,37,10,,65,A
367133160,2021-03-08T15:34:34,37.87554,-123.46396,7.8,336.4,335.0,TECUMSEH,IMO7511503,WTW9257,31,0,37,10,,65,A
367133160,2021-03-08T15:35:45,37.87803,-123.46509,8.1,331.8,336.0,TECUMSEH,IMO7511503,WTW9257,31,0,37,10,,65,A
367133160,2021-03-08T15:36:54,37.88036,-123.46609,7.7,335.3,337.0,TECUMSEH,IMO7511503,WTW9257,31,0,37,10,,65,A
367133160,2021-03-08T15:38:14,37.88306,-123.46735,8.1,335.8,335.0,TECUMSEH,IMO7511503,WTW9257,31,0,37,10,,65,A
367133160,2021-03-08T15:39:35,37.88586,-123.46864,8.3,333.4,335.0,TECUMSEH,IMO7511503,WTW9257,31,0,37,10,,65,A
367133160,2021-03-08T15:40:54,37.88855,-123.46985,7.6,335.0,335.0,TECUMSEH,IMO7511503,WTW9257,31,0,37,10,,65,A
367133160,2021-03-08T15:42:04,37.89100,-123.47093,7.8,339.2,336.0,TECUMSEH,IMO7511503,WTW9257,31,0,37,10,,65,A
367133160,2021-03-08T15:43:15,37.89338,-123.47192,8.1,334.5,336.0,TECUMSEH,IMO7511503,WTW9257,31,0,37,10,,65,A
319630000,2021-07-19T10:26:41,37.86533,-123.46917,10.8,338.5,337.0,ATTESSA IV,IMO9179830,ZCTB7,37,0,92,12,4.2,37,A
319630000,2021-07-19T10:27:51,37.86850,-123.47084,10.5,339.4,337.0,ATTESSA IV,IMO9179830,ZCTB7,37,0,92,12,4.2,37,A
319630000,2021-07-19T10:29:01,37.87167,-123.47233,10.3,338.6,338.0,ATTESSA IV,IMO9179830,ZCTB7,37,0,92,12,4.2,37,A
477257100,2021-01-28T01:19:29,37.86317,-123.47067,16.0,152.2,158.0,CSCL SPRING,IMO9645853,VRMT6,70,0,335,48,,22,A
211327410,2021-03-24T22:02:23,37.89181,-123.47268,2.3,155.9,241.0,TOKYO EXPRESS,IMO9193290,DGTX,70,0,294,32,,57,A
211327410,2021-03-24T22:03:35,37.89109,-123.47227,2.5,154.5,240.0,TOKYO EXPRESS,IMO9193290,DGTX,70,0,294,32,,57,A
211327410,2021-03-24T22:04:43,37.89040,-123.47183,2.4,154.7,240.0,TOKYO EXPRESS,IMO9193290,DGTX,70,0,294,32,,57,A
211327410,2021-03-24T22:05:55,37.88971,-123.47139,2.4,155.7,240.0,TOKYO EXPRESS,IMO9193290,DGTX,70,0,294,32,,57,A
477293900,2021-09-17T19:25:10,37.86235,-123.46540,17.6,158.9,157.0,CSCL SUMMER,IMO9645865,VRMZ7,70,0,335,48,15.0,71,A
477293900,2021-09-17T19:22:57,37.87214,-123.47052,17.6,157.1,157.0,CSCL SUMMER,IMO9645865,VRMZ7,70,0,335,48,15.0,71,A
477293900,2021-09-17T19:24:04,37.86725,-123.46798,17.7,157.5,157.0,CSCL SUMMER,IMO9645865,VRMZ7,70,0,335,48,15.0,71,A
538008920,2021-05-20T06:07:51,37.86412,-123.45702,8.1,336.6,330.0,SERVETTE,IMO9875616,V7A2909,70,0,200,32,7.3,70,A
538008920,2021-05-20T06:09:01,37.86652,-123.45842,8.1,334.7,329.0,SERVETTE,IMO9875616,V7A2909,70,0,200,32,7.3,70,A
538008920,2021-05-20T06:10:11,37.86893,-123.45989,8.3,333.3,329.0,SERVETTE,IMO9875616,V7A2909,70,0,200,32,7.3,70,A
538008920,2021-05-20T06:11:12,37.87108,-123.46123,8.7,332.7,329.0,SERVETTE,IMO9875616,V7A2909,70,0,200,32,7.3,70,A
538008920,2021-05-20T06:12:22,37.87367,-123.46280,8.6,333.9,329.0,SERVETTE,IMO9875616,V7A2909,70,0,200,32,7.3,70,A
538008920,2021-05-20T06:13:32,37.87616,-123.46428,8.8,334.5,330.0,SERVETTE,IMO9875616,V7A2909,70,0,200,32,7.3,70,A
538008920,2021-05-20T06:14:41,37.87870,-123.46583,8.6,334.8,330.0,SERVETTE,IMO9875616,V7A2909,70,0,200,32,7.3,70,A
538008920,2021-05-20T06:15:43,37.88101,-123.46717,8.7,335.6,329.0,SERVETTE,IMO9875616,V7A2909,70,0,200,32,7.3,70,A
538008920,2021-05-20T06:16:51,37.88339,-123.46868,8.4,332.4,330.0,SERVETTE,IMO9875616,V7A2909,70,0,200,32,7.3,70,A
538008920,2021-05-20T06:18:01,37.88596,-123.47028,8.7,332.5,330.0,SERVETTE,IMO9875616,V7A2909,70,0,200,32,7.3,70,A
538008920,2021-05-20T06:19:11,37.88848,-123.47184,8.5,335.1,330.0,SERVETTE,IMO9875616,V7A2909,70,0,200,32,7.3,70,A
367133160,2021-04-14T14:12:56,37.86499,-123.47215,7.7,166.2,165.0,TECUMSEH,IMO7511503,WTW9257,31,0,37,10,4.2,32,A
367133160,2021-04-14T14:14:07,37.86251,-123.47147,7.9,162.6,164.0,TECUMSEH,IMO7511503,WTW9257,31,0,37,10,4.2,32,A
477293900,2021-05-25T21:29:29,37.88068,-123.47233,18.0,155.6,158.0,CSCL SUMMER,IMO9645865,VRMZ7,70,0,335,48,15.0,71,A
477293900,2021-05-25T21:30:30,37.87609,-123.46976,18.1,155.0,158.0,CSCL SUMMER,IMO9645865,VRMZ7,70,0,335,48,15.0,71,A
477293900,2021-05-25T21:31:35,37.87097,-123.46698,18.1,157.3,158.0,CSCL SUMMER,IMO9645865,VRMZ7,70,0,335,48,15.0,71,A
477293900,2021-05-25T21:32:42,37.86582,-123.46424,18.1,157.0,158.0,CSCL SUMMER,IMO9645865,VRMZ7,70,0,335,48,15.0,71,A
367133160,2021-07-27T18:45:43,37.87587,-123.47212,7.4,159.9,157.0,TECUMSEH,IMO7511503,WTW9257,31,0,37,10,4.2,32,A
367133160,2021-07-27T18:46:46,37.87385,-123.47116,7.3,159.0,155.0,TECUMSEH,IMO7511503,WTW9257,31,0,37,10,4.2,32,A
367133160,2021-07-27T18:47:47,37.87186,-123.47021,7.3,159.7,154.0,TECUMSEH,IMO7511503,WTW9257,31,0,37,10,4.2,32,A
367133160,2021-07-27T18:48:51,37.86983,-123.46926,7.3,159.5,156.0,TECUMSEH,IMO7511503,WTW9257,31,0,37,10,4.2,32,A
367133160,2021-07-27T18:49:55,37.86775,-123.46827,7.4,158.6,156.0,TECUMSEH,IMO7511503,WTW9257,31,0,37,10,4.2,32,A
367133160,2021-07-27T18:50:56,37.86580,-123.46731,7.3,159.1,156.0,TECUMSEH,IMO7511503,WTW9257,31,0,37,10,4.2,32,A
367133160,2021-07-27T18:51:58,37.86383,-123.46629,7.3,157.2,155.0,TECUMSEH,IMO7511503,WTW9257,31,0,37,10,4.2,32,A
538008920,2021-05-28T21:53:00,37.89641,-123.46283,13.7,158.7,157.0,SERVETTE,IMO9875616,V7A2909,70,0,200,32,12.6,70,A
538008920,2021-05-28T21:54:10,37.89221,-123.46076,13.7,158.8,157.0,SERVETTE,IMO9875616,V7A2909,70,0,200,32,12.6,70,A
538008920,2021-05-28T21:55:11,37.88864,-123.45902,13.7,158.1,158.0,SERVETTE,IMO9875616,V7A2909,70,0,200,32,12.6,70,A
538008920,2021-05-28T21:56:19,37.88458,-123.45708,13.7,158.7,158.0,SERVETTE,IMO9875616,V7A2909,70,0,200,32,12.6,70,A
538008920,2021-05-28T21:57:30,37.88033,-123.45508,13.8,160.3,158.0,SERVETTE,IMO9875616,V7A2909,70,0,200,32,12.6,70,A
538008920,2021-05-28T21:58:39,37.87619,-123.45313,13.8,160.1,158.0,SERVETTE,IMO9875616,V7A2909,70,0,200,32,12.6,70,A
538008920,2021-05-28T21:59:49,37.87197,-123.45120,14.0,159.5,158.0,SERVETTE,IMO9875616,V7A2909,70,0,200,32,12.6,70,A
538008920,2021-05-28T22:00:10,37.87069,-123.45064,14.0,160.3,158.0,SERVETTE,IMO9875616,V7A2909,70,0,200,32,12.6,70,A
538008920,2021-05-28T22:01:19,37.86652,-123.44874,13.9,160.3,158.0,SERVETTE,IMO9875616,V7A2909,70,0,200,32,12.6,70,A
538008920,2021-05-28T22:02:30,37.86216,-123.44678,13.9,160.3,157.0,SERVETTE,IMO9875616,V7A2909,70,0,200,32,12.6,70,A
351954000,2021-02-28T23:59:45,37.89239,-123.42726,11.2,345.3,343.0,OCEAN SEAGULL,IMO9542855,3FSU4,70,0,119,21,,69,A
351954000,2021-03-01T00:00:05,37.89339,-123.42761,11.2,344.1,343.0,OCEAN SEAGULL,IMO9542855,3FSU4,70,0,119,21,,90,A
351954000,2021-03-01T00:01:15,37.89684,-123.42879,10.9,344.3,344.0,OCEAN SEAGULL,IMO9542855,3FSU4,70,0,119,21,,90,A
351954000,2021-08-23T08:47:03,37.88499,-123.46546,12.4,159.4,159.0,OCEAN SEAGULL,IMO9542855,3FSU4,70,0,119,21,8.4,77,A
351954000,2021-08-23T08:48:14,37.88111,-123.46370,12.5,160.6,158.0,OCEAN SEAGULL,IMO9542855,3FSU4,70,0,119,21,8.4,77,A
351954000,2021-08-23T08:49:24,37.87726,-123.46195,12.6,160.1,158.0,OCEAN SEAGULL,IMO9542855,3FSU4,70,0,119,21,8.4,77,A
351954000,2021-08-23T08:50:34,37.87343,-123.46020,12.5,160.1,158.0,OCEAN SEAGULL,IMO9542855,3FSU4,70,0,119,21,8.4,77,A
351954000,2021-08-23T08:51:35,37.87017,-123.45869,12.4,160.3,158.0,OCEAN SEAGULL,IMO9542855,3FSU4,70,0,119,21,8.4,77,A
351954000,2021-08-23T08:52:44,37.86637,-123.45697,12.4,161.1,158.0,OCEAN SEAGULL,IMO9542855,3FSU4,70,0,119,21,8.4,77,A
351954000,2021-08-23T08:53:55,37.86254,-123.45528,12.4,161.2,158.0,OCEAN SEAGULL,IMO9542855,3FSU4,70,0,119,21,8.4,77,A
351954000,2021-08-23T08:43:35,37.89635,-123.47069,12.5,160.1,159.0,OCEAN SEAGULL,IMO9542855,3FSU4,70,0,119,21,8.4,77,A
351954000,2021-08-23T08:44:45,37.89253,-123.46894,12.4,159.9,158.0,OCEAN SEAGULL,IMO9542855,3FSU4,70,0,119,21,8.4,77,A
351954000,2021-08-23T08:45:55,37.88876,-123.46720,12.5,159.9,159.0,OCEAN SEAGULL,IMO9542855,3FSU4,70,0,119,21,8.4,77,A
369228000,2019-10-31T17:53:31,37.87542,-123.42876,11.0,339.8,339.0,OCEAN TITAN,IMO8835231,WDJ3639,90,0,68,13,4.6,38,A
369228000,2019-10-31T17:54:40,37.87873,-123.43030,11.1,338.8,339.0,OCEAN TITAN,IMO8835231,WDJ3639,90,0,68,13,4.6,38,A
369228000,2019-10-31T17:55:41,37.88154,-123.43161,10.7,339.7,340.0,OCEAN TITAN,IMO8835231,WDJ3639,90,0,68,13,4.6,38,A
369228000,2019-10-31T17:56:51,37.88485,-123.43314,10.6,339.6,340.0,OCEAN TITAN,IMO8835231,WDJ3639,90,0,68,13,4.6,38,A
369228000,2019-10-31T17:58:01,37.88805,-123.43460,10.7,339.6,340.0,OCEAN TITAN,IMO8835231,WDJ3639,90,0,68,13,4.6,38,A
369228000,2019-10-31T17:59:12,37.89139,-123.43612,10.6,339.1,339.0,OCEAN TITAN,IMO8835231,WDJ3639,90,0,68,13,4.6,38,A
369228000,2019-10-31T18:00:01,37.89364,-123.43714,10.7,340.5,339.0,OCEAN TITAN,IMO8835231,WDJ3639,90,0,68,13,4.6,38,A
369228000,2019-10-31T18:01:12,37.89701,-123.43869,10.7,339.5,339.0,OCEAN TITAN,IMO8835231,WDJ3639,90,0,68,13,4.6,38,A
338570000,2019-11-25T05:09:23,37.89062,-123.47127,9.4,155.8,154.0,BAYPORT,IMO8993784,WCZ4240,90,0,90,16,,33,A
338570000,2019-11-25T05:10:33,37.88787,-123.46972,9.2,155.1,154.0,BAYPORT,IMO8993784,WCZ4240,90,0,90,16,,33,A
338570000,2019-11-25T05:11:44,37.88514,-123.46807,9.2,154.6,156.0,BAYPORT,IMO8993784,WCZ4240,90,0,90,16,,33,A
338570000,2019-11-25T05:12:54,37.88234,-123.46651,9.3,155.1,153.0,BAYPORT,IMO8993784,WCZ4240,90,0,90,16,,33,A
338570000,2019-11-25T05:14:04,37.87967,-123.46495,9.2,155.1,153.0,BAYPORT,IMO8993784,WCZ4240,90,0,90,16,,33,A
338570000,2019-11-25T05:15:13,37.87691,-123.46330,9.5,154.4,155.0,BAYPORT,IMO8993784,WCZ4240,90,0,90,16,,33,A
338570000,2019-11-25T05:16:14,37.87459,-123.46191,9.3,154.8,151.0,BAYPORT,IMO8993784,WCZ4240,90,0,90,16,,33,A
338570000,2019-11-25T05:17:24,37.87177,-123.46020,9.6,154.7,153.0,BAYPORT,IMO8993784,WCZ4240,90,0,90,16,,33,A
338570000,2019-11-25T05:18:32,37.86912,-123.45860,9.2,153.7,151.0,BAYPORT,IMO8993784,WCZ4240,90,0,90,16,,33,A
338570000,2019-11-25T05:19:33,37.86680,-123.45716,9.1,155.6,153.0,BAYPORT,IMO8993784,WCZ4240,90,0,90,16,,33,A
338570000,2019-11-25T05:20:43,37.86407,-123.45545,9.3,156.2,153.0,BAYPORT,IMO8993784,WCZ4240,90,0,90,16,,33,A
338328724,2019-12-02T09:07:41,37.87126,-123.42911,8.9,316.7,511.0,UPTOWN VOODOO QUEEN,,,36,,16,4,,,B
338328724,2019-12-02T09:09:09,37.87331,-123.43145,6.7,325.3,511.0,UPTOWN VOODOO QUEEN,,,36,,16,4,,,B
338328724,2019-12-02T09:10:39,37.87528,-123.43374,4.9,326.8,511.0,UPTOWN VOODOO QUEEN,,,36,,16,4,,,B
338328724,2019-12-02T09:12:09,37.87731,-123.43627,5.4,325.9,511.0,UPTOWN VOODOO QUEEN,,,36,,16,4,,,B
338328724,2019-12-02T09:13:39,37.87888,-123.43910,7.2,316.5,511.0,UPTOWN VOODOO QUEEN,,,36,,16,4,,,B
338328724,2019-12-02T09:15:09,37.88072,-123.44184,6.5,318.6,511.0,UPTOWN VOODOO QUEEN,,,36,,16,4,,,B
338328724,2019-12-02T09:16:39,37.88281,-123.44417,6.6,325.8,511.0,UPTOWN VOODOO QUEEN,,,36,,16,4,,,B
338328724,2019-12-02T09:18:09,37.88497,-123.44651,9.0,324.1,511.0,UPTOWN VOODOO QUEEN,,,36,,16,4,,,B
338328724,2019-12-02T09:19:39,37.88711,-123.44923,7.6,307.3,511.0,UPTOWN VOODOO QUEEN,,,36,,16,4,,,B
338328724,2019-12-02T09:21:08,37.88935,-123.45158,7.3,311.9,511.0,UPTOWN VOODOO QUEEN,,,36,,16,4,,,B
338328724,2019-12-02T09:22:09,37.89080,-123.45327,10.5,323.5,511.0,UPTOWN VOODOO QUEEN,,,36,,16,4,,,B
338328724,2019-12-02T09:23:40,37.89298,-123.45586,7.1,316.7,511.0,UPTOWN VOODOO QUEEN,,,36,,16,4,,,B
338328724,2019-12-02T09:25:09,37.89493,-123.45852,7.5,320.2,511.0,UPTOWN VOODOO QUEEN,,,36,,16,4,,,B
338328724,2019-12-02T09:27:09,37.89760,-123.46175,7.6,310.9,511.0,UPTOWN VOODOO QUEEN,,,36,,16,4,,,B
367139040,2019-10-24T17:54:28,37.88293,-123.42732,0.4,184.5,238.0,FULMAR,,WDD3992,90,0,,,,10,A
367139040,2019-10-24T17:55:37,37.88278,-123.42739,0.9,225.5,245.0,FULMAR,,WDD3992,90,0,,,,10,A
367139040,2019-10-24T17:56:41,37.88307,-123.42825,3.5,311.9,313.0,FULMAR,,WDD3992,90,0,,,,10,A
367139040,2019-10-24T17:58:21,37.88344,-123.42878,1.5,338.5,341.0,FULMAR,,WDD3992,90,0,,,,10,A
367139040,2019-10-24T17:59:27,37.88381,-123.42899,1.4,321.1,322.0,FULMAR,,WDD3992,90,0,,,,10,A
367139040,2019-10-24T18:00:08,37.88408,-123.42924,2.0,325.2,324.0,FULMAR,,WDD3992,90,0,,,,10,A
367139040,2019-10-24T18:01:17,37.88460,-123.42975,2.0,319.8,320.0,FULMAR,,WDD3992,90,0,,,,10,A
367139040,2019-10-24T18:02:27,37.88515,-123.43026,2.1,327.5,324.0,FULMAR,,WDD3992,90,0,,,,10,A
367139040,2019-10-24T18:03:29,37.88569,-123.43067,2.2,333.3,336.0,FULMAR,,WDD3992,90,0,,,,10,A
367139040,2019-10-24T18:04:31,37.88633,-123.43066,2.3,14.6,15.0,FULMAR,,WDD3992,90,0,,,,10,A
367139040,2019-10-24T18:05:39,37.88689,-123.43038,1.1,11.1,13.0,FULMAR,,WDD3992,90,0,,,,10,A
367139040,2019-10-24T18:06:41,37.88696,-123.43034,0.1,161.6,352.0,FULMAR,,WDD3992,90,0,,,,10,A
367139040,2019-10-24T18:07:58,37.88700,-123.43038,1.2,334.1,333.0,FULMAR,,WDD3992,90,0,,,,10,A
367139040,2019-10-24T18:09:07,37.88762,-123.43068,2.2,339.5,339.0,FULMAR,,WDD3992,90,0,,,,10,A
367139040,2019-10-24T18:10:28,37.88836,-123.43109,2.1,331.0,331.0,FULMAR,,WDD3992,90,0,,,,10,A
367139040,2019-10-24T18:11:38,37.88898,-123.43146,2.1,334.1,333.0,FULMAR,,WDD3992,90,0,,,,10,A
367139040,2019-10-24T18:12:58,37.88930,-123.43167,0.6,336.4,331.0,FULMAR,,WDD3992,90,0,,,,10,A
367139040,2019-10-24T18:14:28,37.88939,-123.43171,0.1,156.4,336.0,FULMAR,,WDD3992,90,0,,,,10,A
367139040,2019-10-24T18:15:38,37.88932,-123.43167,0.2,156.0,335.0,FULMAR,,WDD3992,90,0,,,,10,A
367139040,2019-10-24T18:16:57,37.88920,-123.43160,0.4,145.3,319.0,FULMAR,,WDD3992,90,0,,,,10,A
367139040,2019-10-24T18:18:07,37.88909,-123.43151,0.4,143.0,302.0,FULMAR,,WDD3992,90,0,,,,10,A
367139040,2019-10-24T18:19:18,37.88899,-123.43138,0.4,141.7,274.0,FULMAR,,WDD3992,90,0,,,,10,A
367139040,2019-10-24T18:21:07,37.88883,-123.43128,0.4,169.0,250.0,FULMAR,,WDD3992,90,0,,,,10,A
367139040,2019-10-24T18:22:28,37.88868,-123.43124,0.4,159.6,246.0,FULMAR,,WDD3992,90,0,,,,10,A
367139040,2019-10-24T18:23:57,37.88854,-123.43123,0.3,174.5,248.0,FULMAR,,WDD3992,90,0,,,,10,A
367139040,2019-10-24T18:25:58,37.88838,-123.43115,0.3,146.7,243.0,FULMAR,,WDD3992,90,0,,,,10,A
367139040,2019-10-24T18:27:21,37.88853,-123.43184,1.7,316.8,320.0,FULMAR,,WDD3992,90,0,,,,10,A
367139040,2019-10-24T18:29:08,37.88884,-123.43213,0.2,322.6,322.0,FULMAR,,WDD3992,90,0,,,,10,A
367139040,2019-10-24T18:31:18,37.88878,-123.43208,0.1,146.8,303.0,FULMAR,,WDD3992,90,0,,,,10,A
367139040,2019-10-24T18:33:05,37.88865,-123.43193,0.6,129.0,266.0,FULMAR,,WDD3992,90,0,,,,10,A
367139040,2019-10-24T18:35:38,37.88846,-123.43172,0.3,131.5,297.0,FULMAR,,WDD3992,90,0,,,,10,A
367139040,2019-10-24T18:37:18,37.88831,-123.43166,0.5,152.0,307.0,FULMAR,,WDD3992,90,0,,,,10,A
367139040,2019-10-24T18:38:34,37.88818,-123.43154,0.5,144.0,277.0,FULMAR,,WDD3992,90,0,,,,10,A
367139040,2019-10-24T18:39:38,37.88809,-123.43151,0.4,167.7,316.0,FULMAR,,WDD3992,90,0,,,,10,A
367139040,2019-10-24T18:42:24,37.88782,-123.43126,0.1,99.8,296.0,FULMAR,,WDD3992,90,0,,,,10,A
367139040,2019-10-24T18:43:58,37.88769,-123.43119,0.4,140.6,309.0,FULMAR,,WDD3992,90,0,,,,10,A
367139040,2019-10-24T18:45:09,37.88756,-123.43109,0.5,145.3,300.0,FULMAR,,WDD3992,90,0,,,,10,A
367139040,2019-10-24T18:48:40,37.88751,-123.43136,0.9,306.9,315.0,FULMAR,,WDD3992,90,0,,,,10,A
367139040,2019-10-24T18:50:07,37.88753,-123.43152,0.4,287.2,311.0,FULMAR,,WDD3992,90,0,,,,10,A
367139040,2019-10-24T18:51:27,37.88752,-123.43164,0.3,270.4,305.0,FULMAR,,WDD3992,90,0,,,,10,A
367139040,2019-10-24T18:53:35,37.88743,-123.43174,0.3,169.6,281.0,FULMAR,,WDD3992,90,0,,,,10,A
367139040,2019-10-24T18:54:54,37.88733,-123.43168,0.3,193.5,292.0,FULMAR,,WDD3992,90,0,,,,10,A
367139040,2019-10-24T18:56:05,37.88748,-123.43189,2.5,324.0,330.0,FULMAR,,WDD3992,90,0,,,,10,A
367139040,2019-10-24T18:57:37,37.88825,-123.43237,1.6,326.8,330.0,FULMAR,,WDD3992,90,0,,,,10,A
367139040,2019-10-24T18:59:37,37.88835,-123.43253,0.4,155.2,312.0,FULMAR,,WDD3992,90,0,,,,10,A
367139040,2019-10-24T19:00:01,37.88830,-123.43252,0.4,205.3,303.0,FULMAR,,WDD3992,90,0,,,,10,A
367139040,2019-10-24T19:01:07,37.88819,-123.43256,0.4,201.2,288.0,FULMAR,,WDD3992,90,0,,,,10,A
367139040,2019-10-24T19:02:21,37.88808,-123.43256,0.3,302.1,330.0,FULMAR,,WDD3992,90,0,,,,10,A
367139040,2019-10-24T19:03:27,37.88811,-123.43253,0.3,140.8,30.0,FULMAR,,WDD3992,90,0,,,,10,A
367139040,2019-10-24T19:04:38,37.88801,-123.43246,0.4,163.6,52.0,FULMAR,,WDD3992,90,0,,,,10,A
367139040,2019-10-24T19:05:47,37.88785,-123.43231,0.6,137.2,74.0,FULMAR,,WDD3992,90,0,,,,10,A
367139040,2019-10-24T19:06:59,37.88775,-123.43218,0.6,132.5,78.0,FULMAR,,WDD3992,90,0,,,,10,A
367139040,2019-10-24T19:08:07,37.88765,-123.43201,0.6,128.9,71.0,FULMAR,,WDD3992,90,0,,,,10,A
367139040,2019-10-24T19:09:38,37.88751,-123.43186,0.5,145.7,75.0,FULMAR,,WDD3992,90,0,,,,10,A
367139040,2019-10-24T19:10:49,37.88737,-123.43173,0.7,142.2,71.0,FULMAR,,WDD3992,90,0,,,,10,A
367139040,2019-10-24T19:11:58,37.88724,-123.43162,0.4,138.6,53.0,FULMAR,,WDD3992,90,0,,,,10,A
367139040,2019-10-24T19:13:38,37.88708,-123.43148,0.5,138.1,44.0,FULMAR,,WDD3992,90,0,,,,10,A
367139040,2019-10-24T19:14:44,37.88697,-123.43133,0.5,72.0,32.0,FULMAR,,WDD3992,90,0,,,,10,A
367139040,2019-10-24T19:16:38,37.88704,-123.43129,0.1,154.8,336.0,FULMAR,,WDD3992,90,0,,,,10,A
367139040,2019-10-24T19:17:51,37.88721,-123.43154,3.0,321.7,326.0,FULMAR,,WDD3992,90,0,,,,10,A
367139040,2019-10-24T19:18:58,37.88756,-123.43193,0.6,293.5,322.0,FULMAR,,WDD3992,90,0,,,,10,A
367139040,2019-10-24T19:20:07,37.88750,-123.43195,0.3,193.0,313.0,FULMAR,,WDD3992,90,0,,,,10,A
367139040,2019-10-24T19:22:18,37.88847,-123.43380,3.2,308.0,311.0,FULMAR,,WDD3992,90,0,,,,10,A
367139040,2019-10-24T19:24:25,37.88989,-123.43545,3.7,326.8,329.0,FULMAR,,WDD3992,90,0,,,,10,A
367139040,2019-10-24T19:25:48,37.89049,-123.43615,1.2,302.2,315.0,FULMAR,,WDD3992,90,0,,,,10,A
367139040,2019-10-24T19:27:24,37.89052,-123.43644,1.3,304.1,315.0,FULMAR,,WDD3992,90,0,,,,10,A
367139040,2019-10-24T19:29:18,37.89044,-123.43655,0.5,175.1,311.0,FULMAR,,WDD3992,90,0,,,,10,A
367139040,2019-10-24T19:30:27,37.89026,-123.43648,0.5,163.9,307.0,FULMAR,,WDD3992,90,0,,,,10,A
367139040,2019-10-24T19:33:34,37.88941,-123.43569,0.3,139.0,345.0,FULMAR,,WDD3992,90,0,,,,10,A
367139040,2019-10-24T19:35:21,37.88911,-123.43546,0.7,132.1,88.0,FULMAR,,WDD3992,90,0,,,,10,A
367139040,2019-10-24T19:38:15,37.88855,-123.43495,0.7,160.6,134.0,FULMAR,,WDD3992,90,0,,,,10,A
367139040,2019-10-24T19:39:25,37.88838,-123.43485,0.5,161.7,121.0,FULMAR,,WDD3992,90,0,,,,10,A
367139040,2019-10-24T19:40:55,37.88811,-123.43472,0.6,176.0,126.0,FULMAR,,WDD3992,90,0,,,,10,A
367139040,2019-10-24T19:44:22,37.88786,-123.43501,0.5,251.9,116.0,FULMAR,,WDD3992,90,0,,,,10,A
367139040,2019-10-24T19:46:08,37.88754,-123.43485,0.9,149.5,127.0,FULMAR,,WDD3992,90,0,,,,10,A
367139040,2019-10-24T19:47:17,37.88725,-123.43463,1.2,148.8,128.0,FULMAR,,WDD3992,90,0,,,,10,A
367139040,2019-10-24T19:48:47,37.88684,-123.43417,1.4,136.9,119.0,FULMAR,,WDD3992,90,0,,,,10,A
367139040,2019-10-24T19:49:58,37.88656,-123.43386,1.2,140.5,121.0,FULMAR,,WDD3992,90,0,,,,10,A
367139040,2019-10-24T19:52:08,37.88609,-123.43350,1.0,153.5,125.0,FULMAR,,WDD3992,90,0,,,,10,A
367139040,2019-10-24T19:54:08,37.88567,-123.43321,0.8,150.8,128.0,FULMAR,,WDD3992,90,0,,,,10,A
367139040,2019-10-24T19:55:38,37.88528,-123.43291,1.4,142.8,127.0,FULMAR,,WDD3992,90,0,,,,10,A
367139040,2019-10-24T19:57:08,37.88491,-123.43262,0.8,155.5,124.0,FULMAR,,WDD3992,90,0,,,,10,A
367139040,2019-10-24T19:58:28,37.88469,-123.43248,0.7,157.2,123.0,FULMAR,,WDD3992,90,0,,,,10,A
367139040,2019-10-24T19:59:38,37.88450,-123.43240,0.6,164.8,121.0,FULMAR,,WDD3992,90,0,,,,10,A
367139040,2019-10-24T20:00:07,37.88440,-123.43234,0.8,149.9,125.0,FULMAR,,WDD3992,90,0,,,,10,A
367139040,2019-10-24T20:01:18,37.88420,-123.43226,0.5,163.2,134.0,FULMAR,,WDD3992,90,0,,,,10,A
367139040,2019-10-24T20:02:28,37.88399,-123.43219,0.6,168.8,145.0,FULMAR,,WDD3992,90,0,,,,10,A
367139040,2019-10-24T20:03:38,37.88375,-123.43214,0.9,161.2,153.0,FULMAR,,WDD3992,90,0,,,,10,A
367139040,2019-10-24T20:04:48,37.88344,-123.43203,1.1,159.2,151.0,FULMAR,,WDD3992,90,0,,,,10,A
367139040,2019-10-24T20:05:57,37.88314,-123.43192,1.1,158.4,146.0,FULMAR,,WDD3992,90,0,,,,10,A
367139040,2019-10-24T20:06:58,37.88291,-123.43187,0.7,178.4,149.0,FULMAR,,WDD3992,90,0,,,,10,A
367139040,2019-10-24T20:08:38,37.88248,-123.43173,1.0,166.0,152.0,FULMAR,,WDD3992,90,0,,,,10,A
367139040,2019-10-24T20:09:48,37.88216,-123.43163,0.9,173.4,155.0,FULMAR,,WDD3992,90,0,,,,10,A
367139040,2019-10-24T20:10:57,37.88186,-123.43156,1.0,170.6,158.0,FULMAR,,WDD3992,90,0,,,,10,A
367139040,2019-10-24T20:12:57,37.88138,-123.43150,1.1,174.6,164.0,FULMAR,,WDD3992,90,0,,,,10,A
367139040,2019-10-24T20:14:08,37.88108,-123.43146,0.9,176.8,162.0,FULMAR,,WDD3992,90,0,,,,10,A
367139040,2019-10-24T20:15:09,37.88081,-123.43145,1.0,171.9,165.0,FULMAR,,WDD3992,90,0,,,,10,A
367139040,2019-10-24T20:16:37,37.88040,-123.43139,0.8,179.9,164.0,FULMAR,,WDD3992,90,0,,,,10,A
367139040,2019-10-24T20:18:57,37.87977,-123.43136,1.1,180.9,169.0,FULMAR,,WDD3992,90,0,,,,10,A
367139040,2019-10-24T20:20:47,37.87924,-123.43139,1.2,178.1,172.0,FULMAR,,WDD3992,90,0,,,,10,A
367139040,2019-10-24T20:23:32,37.87847,-123.43149,1.7,176.8,172.0,FULMAR,,WDD3992,90,0,,,,10,A
367139040,2019-10-24T20:25:08,37.87793,-123.43143,0.8,181.3,164.0,FULMAR,,WDD3992,90,0,,,,10,A
367139040,2019-10-24T20:27:08,37.87737,-123.43134,1.1,159.1,137.0,FULMAR,,WDD3992,90,0,,,,10,A
367139040,2019-10-24T20:28:39,37.87702,-123.43115,0.8,157.5,124.0,FULMAR,,WDD3992,90,0,,,,10,A
367139040,2019-10-24T20:29:47,37.87680,-123.43106,0.8,157.3,124.0,FULMAR,,WDD3992,90,0,,,,10,A
367139040,2019-10-24T20:31:27,37.87644,-123.43080,1.0,140.1,116.0,FULMAR,,WDD3992,90,0,,,,10,A
367139040,2019-10-24T20:33:27,37.87606,-123.43068,0.7,189.4,138.0,FULMAR,,WDD3992,90,0,,,,10,A
367139040,2019-10-24T20:35:48,37.87548,-123.43046,1.0,159.7,135.0,FULMAR,,WDD3992,90,0,,,,10,A
367139040,2019-10-24T20:37:18,37.87516,-123.43036,0.8,181.4,143.0,FULMAR,,WDD3992,90,0,,,,10,A
367139040,2019-10-24T20:38:27,37.87487,-123.43032,0.8,196.0,153.0,FULMAR,,WDD3992,90,0,,,,10,A
367139040,2019-10-24T20:42:07,37.87379,-123.43020,0.9,181.1,155.0,FULMAR,,WDD3992,90,0,,,,10,A
367139040,2019-10-24T20:43:28,37.87349,-123.43022,0.7,189.4,158.0,FULMAR,,WDD3992,90,0,,,,10,A
367139040,2019-10-24T20:45:18,37.87317,-123.43041,0.6,205.7,188.0,FULMAR,,WDD3992,90,0,,,,10,A
367139040,2019-10-24T20:46:22,37.87301,-123.43052,0.6,220.1,217.0,FULMAR,,WDD3992,90,0,,,,10,A
367139040,2019-10-24T20:48:28,37.87236,-123.43085,0.9,208.2,212.0,FULMAR,,WDD3992,90,0,,,,10,A
367139040,2019-10-24T20:49:34,37.87204,-123.43127,2.3,241.3,258.0,FULMAR,,WDD3992,90,0,,,,10,A
367139040,2019-10-24T20:50:58,37.87202,-123.43227,2.3,302.6,321.0,FULMAR,,WDD3992,90,0,,,,10,A
367139040,2019-10-24T20:52:58,37.87328,-123.43259,2.6,3.1,8.0,FULMAR,,WDD3992,90,0,,,,10,A
367139040,2019-10-24T20:55:44,37.87524,-123.43240,2.6,2.9,11.0,FULMAR,,WDD3992,90,0,,,,10,A
367139040,2019-10-24T20:56:48,37.87607,-123.43233,3.0,4.2,6.0,FULMAR,,WDD3992,90,0,,,,10,A
367139040,2019-10-24T20:59:57,37.87857,-123.43190,3.0,12.9,15.0,FULMAR,,WDD3992,90,0,,,,10,A
367139040,2019-10-24T21:00:08,37.87872,-123.43186,3.2,9.6,11.0,FULMAR,,WDD3992,90,0,,,,10,A
367139040,2019-10-24T21:01:29,37.87967,-123.43165,3.4,6.5,10.0,FULMAR,,WDD3992,90,0,,,,10,A
367139040,2019-10-24T21:02:48,37.88068,-123.43147,3.0,9.7,11.0,FULMAR,,WDD3992,90,0,,,,10,A
367139040,2019-10-24T21:03:57,37.88168,-123.43119,2.9,7.7,7.0,FULMAR,,WDD3992,90,0,,,,10,A
367139040,2019-10-24T21:05:08,37.88253,-123.43100,2.6,8.3,12.0,FULMAR,,WDD3992,90,0,,,,10,A
367139040,2019-10-24T21:06:18,37.88331,-123.43079,1.0,15.9,15.0,FULMAR,,WDD3992,90,0,,,,10,A
367139040,2019-10-24T21:07:27,37.88363,-123.43071,0.8,9.3,17.0,FULMAR,,WDD3992,90,0,,,,10,A
367139040,2019-10-24T21:08:37,37.88388,-123.43063,0.6,7.4,22.0,FULMAR,,WDD3992,90,0,,,,10,A
367139040,2019-10-24T21:09:38,37.88408,-123.43051,0.7,5.0,16.0,FULMAR,,WDD3992,90,0,,,,10,A
367139040,2019-10-24T21:10:58,37.88424,-123.43052,0.1,3.8,19.0,FULMAR,,WDD3992,90,0,,,,10,A
367139040,2019-10-24T21:11:59,37.88422,-123.43054,0.3,217.8,23.0,FULMAR,,WDD3992,90,0,,,,10,A
367139040,2019-10-24T21:13:04,37.88419,-123.43056,1.1,0.4,8.0,FULMAR,,WDD3992,90,0,,,,10,A
367139040,2019-10-24T21:14:34,37.88353,-123.43242,7.4,229.3,242.0,FULMAR,,WDD3992,90,0,,,,10,A
367139040,2019-10-24T21:15:38,37.88302,-123.43536,6.4,261.8,266.0,FULMAR,,WDD3992,90,0,,,,10,A
367139040,2019-10-24T21:17:07,37.88284,-123.43584,0.6,182.2,272.0,FULMAR,,WDD3992,90,0,,,,10,A
367139040,2019-10-24T21:18:17,37.88265,-123.43589,0.7,187.2,253.0,FULMAR,,WDD3992,90,0,,,,10,A
367139040,2019-10-24T21:19:27,37.88246,-123.43596,0.7,194.3,244.0,FULMAR,,WDD3992,90,0,,,,10,A
367139040,2019-10-24T21:20:39,37.88226,-123.43606,0.7,202.8,238.0,FULMAR,,WDD3992,90,0,,,,10,A
367139040,2019-10-24T21:21:58,37.88203,-123.43614,0.7,191.0,227.0,FULMAR,,WDD3992,90,0,,,,10,A
367139040,2019-10-24T21:23:37,37.88180,-123.43625,0.5,207.7,237.0,FULMAR,,WDD3992,90,0,,,,10,A
367139040,2019-10-24T21:25:34,37.88147,-123.43635,0.7,187.1,222.0,FULMAR,,WDD3992,90,0,,,,10,A
367139040,2019-10-24T21:26:37,37.88129,-123.43641,0.7,187.8,209.0,FULMAR,,WDD3992,90,0,,,,10,A
367139040,2019-10-24T21:27:38,37.88113,-123.43643,0.5,183.9,201.0,FULMAR,,WDD3992,90,0,,,,10,A
367139040,2019-10-24T21:30:44,37.88064,-123.43659,0.6,215.3,225.0,FULMAR,,WDD3992,90,0,,,,10,A
367139040,2019-10-24T21:31:45,37.88048,-123.43663,0.4,194.4,207.0,FULMAR,,WDD3992,90,0,,,,10,A
367139040,2019-10-24T21:32:48,37.88033,-123.43667,0.6,196.4,192.0,FULMAR,,WDD3992,90,0,,,,10,A
367139040,2019-10-24T21:35:08,37.88002,-123.43682,0.6,195.5,211.0,FULMAR,,WDD3992,90,0,,,,10,A
367139040,2019-10-24T21:36:25,37.87982,-123.43695,0.6,208.8,224.0,FULMAR,,WDD3992,90,0,,,,10,A
367139040,2019-10-24T21:39:17,37.87940,-123.43719,0.5,197.9,215.0,FULMAR,,WDD3992,90,0,,,,10,A
367139040,2019-10-24T21:42:35,37.87978,-123.43675,2.1,43.8,225.0,FULMAR,,WDD3992,90,0,,,,10,A
367139040,2019-10-24T21:43:44,37.88031,-123.43614,1.5,48.7,246.0,FULMAR,,WDD3992,90,0,,,,10,A
367139040,2019-10-24T21:45:38,37.88072,-123.43572,0.3,281.3,146.0,FULMAR,,WDD3992,90,0,,,,10,A
367139040,2019-10-24T21:47:27,37.88057,-123.43586,0.6,197.8,164.0,FULMAR,,WDD3992,90,0,,,,10,A
367139040,2019-10-24T21:48:37,37.88040,-123.43593,0.6,198.8,171.0,FULMAR,,WDD3992,90,0,,,,10,A
367139040,2019-10-24T21:49:48,37.88027,-123.43603,0.4,209.8,189.0,FULMAR,,WDD3992,90,0,,,,10,A
367139040,2019-10-24T21:52:18,37.87992,-123.43618,0.7,193.5,186.0,FULMAR,,WDD3992,90,0,,,,10,A
367139040,2019-10-24T21:56:24,37.87928,-123.43658,0.8,204.3,186.0,FULMAR,,WDD3992,90,0,,,,10,A
367139040,2019-10-24T21:58:15,37.87889,-123.43675,1.3,178.5,162.0,FULMAR,,WDD3992,90,0,,,,10,A
367139040,2019-10-24T21:59:19,37.87865,-123.43676,0.9,181.3,148.0,FULMAR,,WDD3992,90,0,,,,10,A
367139040,2019-10-24T22:00:01,37.87847,-123.43673,0.9,169.1,137.0,FULMAR,,WDD3992,90,0,,,,10,A
367139040,2019-10-24T22:01:02,37.87826,-123.43666,0.6,162.1,119.0,FULMAR,,WDD3992,90,0,,,,10,A
367139040,2019-10-24T22:02:05,37.87811,-123.43671,0.6,188.4,143.0,FULMAR,,WDD3992,90,0,,,,10,A
367139040,2019-10-24T22:03:09,37.87791,-123.43666,0.9,169.5,137.0,FULMAR,,WDD3992,90,0,,,,10,A
367139040,2019-10-24T22:04:18,37.87765,-123.43660,0.7,166.2,132.0,FULMAR,,WDD3992,90,0,,,,10,A
367139040,2019-10-24T22:05:21,37.87744,-123.43661,0.5,199.1,149.0,FULMAR,,WDD3992,90,0,,,,10,A
367139040,2019-10-24T22:06:24,37.87731,-123.43667,1.1,177.3,169.0,FULMAR,,WDD3992,90,0,,,,10,A
367139040,2019-10-24T22:07:25,37.87709,-123.43679,0.8,197.5,171.0,FULMAR,,WDD3992,90,0,,,,10,A
367139040,2019-10-24T22:08:38,37.87687,-123.43692,0.8,204.0,182.0,FULMAR,,WDD3992,90,0,,,,10,A
367139040,2019-10-24T22:09:41,37.87660,-123.43699,0.9,188.5,156.0,FULMAR,,WDD3992,90,0,,,,10,A
367139040,2019-10-24T22:10:47,37.87636,-123.43703,1.1,179.2,152.0,FULMAR,,WDD3992,90,0,,,,10,A
367139040,2019-10-24T22:11:58,37.87608,-123.43701,0.9,175.4,147.0,FULMAR,,WDD3992,90,0,,,,10,A
367139040,2019-10-24T22:13:01,37.87587,-123.43704,0.8,174.6,148.0,FULMAR,,WDD3992,90,0,,,,10,A
367139040,2019-10-24T22:14:04,37.87576,-123.43716,0.5,235.0,169.0,FULMAR,,WDD3992,90,0,,,,10,A
367139040,2019-10-24T22:15:14,37.87558,-123.43729,1.1,192.0,171.0,FULMAR,,WDD3992,90,0,,,,10,A
367139040,2019-10-24T22:16:18,37.87533,-123.43737,0.8,196.3,168.0,FULMAR,,WDD3992,90,0,,,,10,A
367139040,2019-10-24T22:17:20,37.87501,-123.43737,1.5,167.6,153.0,FULMAR,,WDD3992,90,0,,,,10,A
367139040,2019-10-24T22:18:57,37.87469,-123.43742,0.8,189.5,148.0,FULMAR,,WDD3992,90,0,,,,10,A
367139040,2019-10-24T22:20:41,37.87440,-123.43748,0.6,191.0,139.0,FULMAR,,WDD3992,90,0,,,,10,A
367139040,2019-10-24T22:22:07,37.87420,-123.43756,0.7,192.6,148.0,FULMAR,,WDD3992,90,0,,,,10,A
367139040,2019-10-24T22:23:45,37.87385,-123.43755,0.6,195.8,146.0,FULMAR,,WDD3992,90,0,,,,10,A
367139040,2019-10-24T22:24:55,37.87360,-123.43752,0.8,170.7,128.0,FULMAR,,WDD3992,90,0,,,,10,A
367139040,2019-10-24T22:25:57,37.87343,-123.43755,0.6,198.8,144.0,FULMAR,,WDD3992,90,0,,,,10,A
367139040,2019-10-24T22:28:27,37.87296,-123.43763,0.5,197.2,165.0,FULMAR,,WDD3992,90,0,,,,10,A
367139040,2019-10-24T22:29:55,37.87261,-123.43758,0.6,168.1,134.0,FULMAR,,WDD3992,90,0,,,,10,A
367139040,2019-10-24T22:31:18,37.87240,-123.43750,0.4,182.5,120.0,FULMAR,,WDD3992,90,0,,,,10,A
367139040,2019-10-24T22:32:37,37.87227,-123.43757,0.4,222.4,123.0,FULMAR,,WDD3992,90,0,,,,10,A
367139040,2019-10-24T22:34:08,37.87211,-123.43763,0.5,196.2,144.0,FULMAR,,WDD3992,90,0,,,,10,A
367139040,2019-10-24T22:35:27,37.87190,-123.43759,0.6,177.7,135.0,FULMAR,,WDD3992,90,0,,,,10,A
367139040,2019-10-24T22:36:28,37.87172,-123.43758,0.7,184.1,137.0,FULMAR,,WDD3992,90,0,,,,10,A
367139040,2019-10-24T22:39:18,37.87130,-123.43757,0.5,194.7,128.0,FULMAR,,WDD3992,90,0,,,,10,A
367139040,2019-10-24T22:40:27,37.87112,-123.43756,0.4,197.3,122.0,FULMAR,,WDD3992,90,0,,,,10,A
367139040,2019-10-24T22:41:37,37.87097,-123.43764,0.4,195.8,132.0,FULMAR,,WDD3992,90,0,,,,10,A
367139040,2019-10-24T22:42:47,37.87082,-123.43768,0.5,211.4,142.0,FULMAR,,WDD3992,90,0,,,,10,A
367139040,2019-10-24T22:43:58,37.87063,-123.43771,0.7,178.9,139.0,FULMAR,,WDD3992,90,0,,,,10,A
367139040,2019-10-24T22:45:17,37.87043,-123.43777,0.5,207.2,142.0,FULMAR,,WDD3992,90,0,,,,10,A
367139040,2019-10-24T22:48:58,37.86971,-123.43755,1.5,134.0,116.0,FULMAR,,WDD3992,90,0,,,,10,A
367139040,2019-10-24T22:51:38,37.86843,-123.43412,1.1,123.4,109.0,FULMAR,,WDD3992,90,0,,,,10,A
367139040,2019-10-24T22:52:47,37.86830,-123.43405,0.3,183.1,111.0,FULMAR,,WDD3992,90,0,,,,10,A
367139040,2019-10-24T22:54:38,37.86811,-123.43408,0.5,176.8,132.0,FULMAR,,WDD3992,90,0,,,,10,A
367139040,2019-10-24T22:57:00,37.86782,-123.43428,0.6,217.9,184.0,FULMAR,,WDD3992,90,0,,,,10,A
367139040,2019-10-24T22:58:08,37.86768,-123.43441,0.5,222.6,208.0,FULMAR,,WDD3992,90,0,,,,10,A
367139040,2019-10-24T22:59:18,37.86756,-123.43459,0.6,224.4,218.0,FULMAR,,WDD3992,90,0,,,,10,A
367139040,2019-10-24T23:00:01,37.86684,-123.43385,7.4,111.4,103.0,FULMAR,,WDD3992,90,0,,,,10,A
367139040,2019-10-24T23:01:08,37.86623,-123.42999,12.0,99.2,95.0,FULMAR,,WDD3992,90,0,,,,10,A
367515670,2019-10-28T17:23:01,37.86290,-123.46877,8.7,334.5,331.0,BLACK HAWK,IMO7021962,WDG2439,31,0,37,10,4.6,,A
367515670,2019-10-28T17:24:11,37.86545,-123.47030,8.7,335.0,332.0,BLACK HAWK,IMO7021962,WDG2439,31,0,37,10,4.6,,A
367515670,2019-10-28T17:25:30,37.86833,-123.47197,8.7,335.6,331.0,BLACK HAWK,IMO7021962,WDG2439,31,0,37,10,4.6,,A
316051000,2019-11-24T02:03:06,37.86351,-123.47196,14.6,336.3,338.0,SIR WILFRED GRENFELL,IMO8415495,CGJY,90,0,68,15,5.5,,A
354425000,2019-12-22T00:47:45,37.89592,-123.46462,10.5,142.0,156.0,CHRONOS,IMO9237163,3FVV6,80,0,73,16,6.0,70,A
354425000,2019-12-22T00:49:25,37.89182,-123.46185,9.9,150.4,155.0,CHRONOS,IMO9237163,3FVV6,80,0,73,16,6.0,70,A
354425000,2019-12-22T00:50:34,37.88892,-123.45985,10.2,149.6,156.0,CHRONOS,IMO9237163,3FVV6,80,0,73,16,6.0,70,A
354425000,2019-12-22T00:51:44,37.88601,-123.45798,10.4,155.8,158.0,CHRONOS,IMO9237163,3FVV6,80,0,73,16,6.0,70,A
354425000,2019-12-22T00:53:24,37.88168,-123.45548,10.3,159.5,157.0,CHRONOS,IMO9237163,3FVV6,80,0,73,16,6.0,70,A
354425000,2019-12-22T00:55:24,37.87652,-123.45234,10.3,152.2,158.0,CHRONOS,IMO9237163,3FVV6,80,0,73,16,6.0,70,A
354425000,2019-12-22T00:56:46,37.87308,-123.45032,10.1,154.2,158.0,CHRONOS,IMO9237163,3FVV6,80,0,73,16,6.0,70,A
354425000,2019-12-22T00:57:55,37.87009,-123.44851,10.1,155.6,158.0,CHRONOS,IMO9237163,3FVV6,80,0,73,16,6.0,70,A
354425000,2019-12-22T00:59:25,37.86623,-123.44633,10.3,157.1,158.0,CHRONOS,IMO9237163,3FVV6,80,0,73,16,6.0,70,A
354425000,2019-12-22T01:00:05,37.86450,-123.44533,10.3,146.9,157.0,CHRONOS,IMO9237163,3FVV6,80,0,73,16,6.0,70,A
338189586,2019-12-03T22:46:38,37.87207,-123.42726,1.9,309.2,511.0,SD-1025,,NOCOMM,0,,0,0,,,B
338189586,2019-12-03T22:55:37,37.87407,-123.43125,1.7,310.2,511.0,SD-1025,,NOCOMM,0,,0,0,,,B
338189586,2019-12-03T23:04:38,37.87527,-123.43472,1.1,279.3,511.0,SD-1025,,NOCOMM,0,,0,0,,,B
338189586,2019-12-03T23:16:09,37.87657,-123.43901,1.6,317.9,511.0,SD-1025,,NOCOMM,0,,0,0,,,B
338189586,2019-12-03T23:34:38,37.87917,-123.44465,1.1,269.9,511.0,SD-1025,,NOCOMM,0,,0,0,,,B
338189586,2019-12-03T23:46:39,37.88086,-123.44922,2.1,301.4,511.0,SD-1025,,NOCOMM,0,,0,0,,,B
338189586,2019-12-03T23:54:40,37.88201,-123.45192,2.1,306.8,511.0,SD-1025,,NOCOMM,0,,0,0,,,B
338189586,2019-12-04T00:04:39,37.88296,-123.45511,1.5,280.0,511.0,SD-1025,,NOCOMM,0,,0,0,,,B
338189586,2019-12-04T00:26:08,37.88461,-123.46348,1.2,243.1,511.0,SD-1025,,NOCOMM,0,,0,0,,,B
338189586,2019-12-04T00:34:10,37.88537,-123.46600,0.9,267.4,511.0,SD-1025,,NOCOMM,0,,0,0,,,B
338189586,2019-12-04T00:46:38,37.88713,-123.47044,1.4,300.5,511.0,SD-1025,,NOCOMM,0,,0,0,,,B
338189586,2019-12-05T16:37:06,37.88143,-123.42803,3.5,291.9,511.0,SD-1025,,NOCOMM,0,,0,0,,,B
338189586,2019-12-05T16:38:36,37.88181,-123.42956,2.6,275.7,511.0,SD-1025,,NOCOMM,0,,0,0,,,B
338189586,2019-12-05T16:42:06,37.88270,-123.43301,2.1,279.8,511.0,SD-1025,,NOCOMM,0,,0,0,,,B
338189586,2019-12-05T16:47:08,37.88403,-123.43794,3.0,296.0,511.0,SD-1025,,NOCOMM,0,,0,0,,,B
338189586,2019-12-05T16:48:36,37.88446,-123.43929,3.1,286.5,511.0,SD-1025,,NOCOMM,0,,0,0,,,B
338189586,2019-12-05T16:50:06,37.88492,-123.44058,2.9,313.9,511.0,SD-1025,,NOCOMM,0,,0,0,,,B
338189586,2019-12-05T16:51:36,37.88539,-123.44168,2.5,304.5,511.0,SD-1025,,NOCOMM,0,,0,0,,,B
338189586,2019-12-05T16:56:36,37.88679,-123.44567,1.8,282.6,511.0,SD-1025,,NOCOMM,0,,0,0,,,B
338189586,2019-12-05T16:58:36,37.88729,-123.44741,3.1,301.4,511.0,SD-1025,,NOCOMM,0,,0,0,,,B
338189586,2019-12-05T16:59:39,37.88756,-123.44834,2.6,281.5,511.0,SD-1025,,NOCOMM,0,,0,0,,,B
338189586,2019-12-05T17:00:07,37.88767,-123.44867,3.2,308.3,511.0,SD-1025,,NOCOMM,0,,0,0,,,B
338189586,2019-12-05T17:01:35,37.88801,-123.44985,3.0,283.3,511.0,SD-1025,,NOCOMM,0,,0,0,,,B
338189586,2019-12-05T17:02:37,37.88825,-123.45080,2.8,281.9,511.0,SD-1025,,NOCOMM,0,,0,0,,,B
338189586,2019-12-05T17:04:06,37.88862,-123.45215,2.5,251.9,511.0,SD-1025,,NOCOMM,0,,0,0,,,B
338189586,2019-12-05T17:06:08,37.88917,-123.45428,2.9,280.1,511.0,SD-1025,,NOCOMM,0,,0,0,,,B
338189586,2019-12-05T17:07:38,37.88959,-123.45578,3.6,281.1,511.0,SD-1025,,NOCOMM,0,,0,0,,,B
338189586,2019-12-05T17:09:05,37.89002,-123.45728,2.7,288.3,511.0,SD-1025,,NOCOMM,0,,0,0,,,B
338189586,2019-12-05T17:10:07,37.89034,-123.45830,3.2,289.6,511.0,SD-1025,,NOCOMM,0,,0,0,,,B
338189586,2019-12-05T17:11:37,37.89082,-123.45969,3.0,298.2,511.0,SD-1025,,NOCOMM,0,,0,0,,,B
338189586,2019-12-05T17:13:06,37.89127,-123.46086,4.2,286.6,511.0,SD-1025,,NOCOMM,0,,0,0,,,B
338189586,2019-12-05T17:14:36,37.89167,-123.46203,2.3,306.5,511.0,SD-1025,,NOCOMM,0,,0,0,,,B
338189586,2019-12-05T17:18:06,37.89252,-123.46454,1.7,316.7,511.0,SD-1025,,NOCOMM,0,,0,0,,,B
338189586,2019-12-05T17:21:06,37.89318,-123.46665,2.0,291.0,511.0,SD-1025,,NOCOMM,0,,0,0,,,B
338189586,2019-12-05T17:22:36,37.89352,-123.46758,1.3,240.9,511.0,SD-1025,,NOCOMM,0,,0,0,,,B
338189586,2019-12-05T17:25:36,37.89408,-123.46960,1.9,292.4,511.0,SD-1025,,NOCOMM,0,,0,0,,,B
338189586,2019-12-05T17:27:06,37.89433,-123.47056,2.1,293.0,511.0,SD-1025,,NOCOMM,0,,0,0,,,B
338189586,2019-12-05T17:28:08,37.89450,-123.47122,1.7,254.7,511.0,SD-1025,,NOCOMM,0,,0,0,,,B
369970573,2019-10-25T10:52:32,37.89646,-123.43631,3.3,127.0,122.0,REUBEN LASKER,IMO9664988,WTEG,90,0,63,15,5.9,,A
369970573,2019-10-25T10:54:32,37.89529,-123.43445,3.4,129.0,125.0,REUBEN LASKER,IMO9664988,WTEG,90,0,63,15,5.9,,A
369970573,2019-10-25T10:56:02,37.89435,-123.43308,3.5,134.0,129.0,REUBEN LASKER,IMO9664988,WTEG,90,0,63,15,5.9,,A
369970573,2019-10-25T10:57:32,37.89339,-123.43175,3.3,130.0,128.0,REUBEN LASKER,IMO9664988,WTEG,90,0,63,15,5.9,,A
369970573,2019-10-25T10:59:13,37.89237,-123.43026,3.4,130.0,128.0,REUBEN LASKER,IMO9664988,WTEG,90,0,63,15,5.9,,A
369970573,2019-10-25T11:00:02,37.89189,-123.42954,3.3,130.0,128.0,REUBEN LASKER,IMO9664988,WTEG,90,0,63,15,5.9,,A
369970573,2019-10-25T11:01:12,37.89121,-123.42852,3.3,130.0,128.0,REUBEN LASKER,IMO9664988,WTEG,90,0,63,15,5.9,,A
369970573,2019-10-25T11:02:22,37.89054,-123.42748,3.3,129.0,128.0,REUBEN LASKER,IMO9664988,WTEG,90,0,63,15,5.9,,A
367027570,2019-12-04T19:47:55,37.86892,-123.47190,5.2,162.3,160.0,CHINOOK,IMO7129817,WCY2791,31,0,40,10,4.8,32,A
367027570,2019-12-04T19:50:25,37.86563,-123.47073,4.7,165.4,161.0,CHINOOK,IMO7129817,WCY2791,31,0,40,10,4.8,32,A
367027570,2019-12-04T19:51:45,37.86394,-123.47015,4.9,169.0,161.0,CHINOOK,IMO7129817,WCY2791,31,0,40,10,4.8,32,A
367027570,2019-12-04T19:52:55,37.86238,-123.46960,4.2,167.0,161.0,CHINOOK,IMO7129817,WCY2791,31,0,40,10,4.8,32,A
367488370,2019-10-30T16:04:58,37.89155,-123.42831,6.7,322.0,320.0,RACHEL,IMO7600378,WDF7809,31,0,31,9,4.0,52,A
367488370,2019-10-30T16:06:09,37.89333,-123.43013,6.6,321.9,322.0,RACHEL,IMO7600378,WDF7809,31,0,31,9,4.0,52,A
367488370,2019-10-30T16:07:18,37.89506,-123.43193,7.0,319.0,320.0,RACHEL,IMO7600378,WDF7809,31,0,31,9,4.0,52,A
367488370,2019-10-30T16:08:39,37.89712,-123.43405,7.2,319.6,320.0,RACHEL,IMO7600378,WDF7809,31,0,31,9,4.0,52,A
357353000,2019-12-15T12:10:19,37.86477,-123.43830,9.8,357.3,359.0,ASIAN NAGA,IMO9561631,3FOV4,70,0,124,20,9.0,,A
357353000,2019-12-15T12:11:50,37.86901,-123.43858,10.2,356.6,359.0,ASIAN NAGA,IMO9561631,3FOV4,70,0,124,20,9.0,,A
357353000,2019-12-15T12:13:31,37.87378,-123.43889,10.0,358.3,359.0,ASIAN NAGA,IMO9561631,3FOV4,70,0,124,20,9.0,,A
357353000,2019-12-15T12:15:31,37.87931,-123.43936,9.7,359.4,356.0,ASIAN NAGA,IMO9561631,3FOV4,70,0,124,20,9.0,,A
357353000,2019-12-15T12:17:01,37.88329,-123.43981,9.6,353.3,359.0,ASIAN NAGA,IMO9561631,3FOV4,70,0,124,20,9.0,,A
357353000,2019-12-15T12:18:49,37.88824,-123.44016,9.9,353.5,359.0,ASIAN NAGA,IMO9561631,3FOV4,70,0,124,20,9.0,,A
357353000,2019-12-15T12:20:01,37.89156,-123.44046,10.0,355.3,0.0,ASIAN NAGA,IMO9561631,3FOV4,70,0,124,20,9.0,,A
357353000,2019-12-15T12:21:19,37.89518,-123.44070,9.8,354.8,359.0,ASIAN NAGA,IMO9561631,3FOV4,70,0,124,20,9.0,,A
