MMSI,BaseDateTime,LAT,LON,SOG,COG,Heading,VesselName,IMO,CallSign,VesselType,Status,Length,Width,Draft,Cargo,TransceiverClass
249557000,2021-01-01T23:14:00,42.42023,-70.10619,12.1,160.3,158.0,,,,,0,,,,,A
249557000,2021-01-01T23:15:10,42.41660,-70.10445,12.1,160.9,158.0,,,,,0,,,,,A
249557000,2021-01-01T23:16:20,42.41291,-70.10268,12.1,159.4,158.0,,,,,0,,,,,A
351421000,2021-01-20T23:26:00,42.39390,-70.10378,10.9,220.9,225.0,,,,,0,,,,,A
351421000,2021-01-20T23:28:49,42.38727,-70.11105,11.0,218.1,221.0,,,,,0,,,,,A
367110160,2021-03-28T08:05:10,42.40836,-70.11722,8.9,294.7,511.0,F/V SEA FARMER,,WDD2039,30,,23,7,,,B
367110160,2021-03-28T08:08:09,42.41074,-70.12540,8.3,292.2,511.0,F/V SEA FARMER,,WDD2039,30,,23,7,,,B
367110160,2021-04-21T02:48:00,42.41004,-70.12166,8.5,293.9,511.0,F/V SEA FARMER,,WDD2039,30,,23,7,,,B
367110160,2021-04-21T02:50:30,42.41220,-70.12855,8.4,292.3,511.0,F/V SEA FARMER,,WDD2039,30,,23,7,,,B
367110160,2021-04-21T02:51:59,42.41353,-70.13273,8.2,292.8,511.0,F/V SEA FARMER,,WDD2039,30,,23,7,,,B
367110160,2021-04-21T02:54:59,42.41617,-70.14114,8.2,295.0,511.0,F/V SEA FARMER,,WDD2039,30,,23,7,,,B
338331166,2021-06-02T11:11:37,42.41573,-70.14756,5.8,119.3,112.0,RICHARD J,,,30,,0,0,,,B
338331166,2021-06-02T11:13:06,42.41473,-70.14464,5.5,110.7,128.0,RICHARD J,,,30,,0,0,,,B
338331166,2021-06-02T11:14:07,42.41380,-70.14296,5.7,126.9,129.0,RICHARD J,,,30,,0,0,,,B
338331166,2021-06-02T11:15:38,42.41239,-70.14066,3.5,137.6,140.0,RICHARD J,,,30,,0,0,,,B
338331166,2021-06-02T11:17:38,42.41070,-70.13774,5.2,127.0,127.0,RICHARD J,,,30,,0,0,,,B
338331166,2021-06-02T11:19:07,42.40959,-70.13548,4.8,119.0,128.0,RICHARD J,,,30,,0,0,,,B
338331166,2021-06-02T11:23:08,42.41030,-70.12930,4.2,29.3,25.0,RICHARD J,,,30,,0,0,,,B
338331166,2021-06-02T11:24:38,42.41202,-70.12841,4.5,8.1,8.0,RICHARD J,,,30,,0,0,,,B
338331166,2021-06-02T11:26:07,42.41373,-70.12788,3.8,12.8,8.0,RICHARD J,,,30,,0,0,,,B
338331166,2021-06-02T11:27:37,42.41546,-70.12735,3.8,13.9,10.0,RICHARD J,,,30,,0,0,,,B
338331166,2021-06-02T11:30:08,42.41830,-70.12673,3.6,353.9,352.0,RICHARD J,,,30,,0,0,,,B
338331166,2021-06-02T11:31:37,42.41999,-70.12685,4.2,3.5,353.0,RICHARD J,,,30,,0,0,,,B
338331166,2021-06-02T11:33:06,42.42168,-70.12655,4.2,23.1,18.0,RICHARD J,,,30,,0,0,,,B
338395807,2021-06-03T00:45:36,42.38635,-70.13681,6.6,38.4,511.0,INNISFREE,,,36,,14,4,,,B
338395807,2021-06-03T00:46:37,42.38780,-70.13531,6.3,41.4,511.0,INNISFREE,,,36,,14,4,,,B
338395807,2021-06-03T00:48:05,42.39006,-70.13297,6.9,42.2,511.0,INNISFREE,,,36,,14,4,,,B
338395807,2021-06-03T00:49:37,42.39233,-70.13047,7.2,40.3,511.0,INNISFREE,,,36,,14,4,,,B
338395807,2021-06-03T00:51:05,42.39450,-70.12795,7.1,38.5,511.0,INNISFREE,,,36,,14,4,,,B
338395807,2021-06-03T00:52:06,42.39598,-70.12628,6.6,42.4,511.0,INNISFREE,,,36,,14,4,,,B
338395807,2021-06-03T00:53:36,42.39824,-70.12360,6.7,38.8,511.0,INNISFREE,,,36,,14,4,,,B
338395807,2021-06-03T00:55:08,42.40049,-70.12101,6.5,39.6,511.0,INNISFREE,,,36,,14,4,,,B
338395807,2021-06-03T00:57:06,42.40331,-70.11767,7.3,45.5,511.0,INNISFREE,,,36,,14,4,,,B
338395807,2021-06-03T00:58:36,42.40552,-70.11520,6.9,40.6,511.0,INNISFREE,,,36,,14,4,,,B
338395807,2021-06-03T01:00:36,42.40844,-70.11214,7.0,29.0,511.0,INNISFREE,,,36,,14,4,,,B
338395807,2021-06-03T01:02:07,42.41074,-70.11046,5.8,26.4,511.0,INNISFREE,,,36,,14,4,,,B
338395807,2021-06-03T01:03:37,42.41315,-70.10898,7.2,24.4,511.0,INNISFREE,,,36,,14,4,,,B
338395807,2021-06-03T01:05:08,42.41555,-70.10776,5.8,16.4,511.0,INNISFREE,,,36,,14,4,,,B
338395807,2021-06-03T01:06:38,42.41799,-70.10675,5.8,17.7,511.0,INNISFREE,,,36,,14,4,,,B
338395807,2021-06-03T01:08:06,42.42026,-70.10583,5.6,13.1,511.0,INNISFREE,,,36,,14,4,,,B
368178750,2021-06-16T12:11:25,42.42066,-70.13089,10.2,206.0,209.0,FREYJA,,FREYJA,36,,16,4,,,B
368178750,2021-06-16T12:12:54,42.41706,-70.13291,8.8,188.1,194.0,FREYJA,,FREYJA,36,,16,4,,,B
368178750,2021-06-16T12:13:55,42.41476,-70.13384,8.3,195.9,201.0,FREYJA,,FREYJA,36,,16,4,,,B
368178750,2021-06-16T12:15:27,42.41092,-70.13541,8.5,192.8,191.0,FREYJA,,FREYJA,36,,16,4,,,B
368178750,2021-06-16T12:16:55,42.40745,-70.13681,8.6,202.7,206.0,FREYJA,,FREYJA,36,,16,4,,,B
368178750,2021-06-16T12:18:25,42.40393,-70.13847,7.8,207.6,210.0,FREYJA,,FREYJA,36,,16,4,,,B
368178750,2021-06-16T12:21:27,42.39704,-70.14160,9.2,200.8,207.0,FREYJA,,FREYJA,36,,16,4,,,B
368178750,2021-06-16T12:23:24,42.39260,-70.14388,8.9,196.5,201.0,FREYJA,,FREYJA,36,,16,4,,,B
368178750,2021-06-16T12:24:26,42.39017,-70.14480,7.4,193.8,209.0,FREYJA,,FREYJA,36,,16,4,,,B
319117100,2021-06-20T01:31:31,42.38895,-70.11491,8.4,21.0,511.0,FESTINA LENTE,,ZGGP2,36,,17,5,,,B
319117100,2021-06-20T01:33:00,42.39208,-70.11305,8.6,24.8,511.0,FESTINA LENTE,,ZGGP2,36,,17,5,,,B
319117100,2021-06-20T01:34:31,42.39517,-70.11115,7.6,22.9,511.0,FESTINA LENTE,,ZGGP2,36,,17,5,,,B
319117100,2021-06-20T01:36:01,42.39821,-70.10940,7.9,24.7,511.0,FESTINA LENTE,,ZGGP2,36,,17,5,,,B
319117100,2021-06-20T01:37:31,42.40131,-70.10757,8.2,18.7,511.0,FESTINA LENTE,,ZGGP2,36,,17,5,,,B
319117100,2021-06-20T01:39:00,42.40432,-70.10580,8.5,21.2,511.0,FESTINA LENTE,,ZGGP2,36,,17,5,,,B
319117100,2021-06-20T01:41:01,42.40842,-70.10332,7.7,24.9,511.0,FESTINA LENTE,,ZGGP2,36,,17,5,,,B
319117100,2021-06-20T01:42:30,42.41139,-70.10157,7.5,24.1,511.0,FESTINA LENTE,,ZGGP2,36,,17,5,,,B
368077130,2021-07-15T21:30:40,42.41945,-70.14521,6.1,20.0,511.0,PAVANE,,WDK6696,37,,17,5,,,B
368077130,2021-07-15T21:27:40,42.41476,-70.14834,6.3,10.4,511.0,PAVANE,,WDK6696,37,,17,5,,,B
368077130,2021-07-15T21:29:13,42.41700,-70.14645,6.7,21.3,511.0,PAVANE,,WDK6696,37,,17,5,,,B
338419433,2021-08-04T15:18:56,42.38817,-70.10991,23.0,208.5,236.0,STORMALONG II,,,37,,0,0,,,B
338312653,2021-08-12T18:44:33,42.42126,-70.12582,4.6,237.1,511.0,ESPRIT,,,36,,10,2,,,B
338312653,2021-08-12T18:46:03,42.42016,-70.12818,4.8,237.2,511.0,ESPRIT,,,36,,10,2,,,B
338312653,2021-08-12T18:49:33,42.41699,-70.13162,3.9,217.1,511.0,ESPRIT,,,36,,10,2,,,B
338312653,2021-08-12T18:51:33,42.41513,-70.13330,3.9,212.4,511.0,ESPRIT,,,36,,10,2,,,B
368086170,2021-08-06T20:13:07,42.40971,-70.14392,7.4,24.8,511.0,ALLURA,,WDK7624,37,,14,4,,,B
368086170,2021-08-06T20:14:08,42.41163,-70.14295,7.5,21.9,511.0,ALLURA,,WDK7624,37,,14,4,,,B
368086170,2021-08-06T20:15:37,42.41440,-70.14149,7.1,21.9,511.0,ALLURA,,WDK7624,37,,14,4,,,B
368086170,2021-08-06T20:17:07,42.41718,-70.13996,6.3,28.2,511.0,ALLURA,,WDK7624,37,,14,4,,,B
368086170,2021-08-06T20:18:38,42.41987,-70.13854,6.9,20.6,511.0,ALLURA,,WDK7624,37,,14,4,,,B
368086170,2021-08-06T20:07:06,42.39843,-70.14966,6.7,21.3,511.0,ALLURA,,WDK7624,37,,14,4,,,B
368086170,2021-08-06T20:08:08,42.40033,-70.14870,7.5,9.8,511.0,ALLURA,,WDK7624,37,,14,4,,,B
368086170,2021-08-06T20:09:36,42.40305,-70.14731,6.9,23.1,511.0,ALLURA,,WDK7624,37,,14,4,,,B
368086170,2021-08-06T20:10:37,42.40493,-70.14633,7.3,12.6,511.0,ALLURA,,WDK7624,37,,14,4,,,B
368086170,2021-08-06T20:12:06,42.40776,-70.14492,7.1,21.3,511.0,ALLURA,,WDK7624,37,,14,4,,,B
338419433,2021-08-30T11:45:33,42.39638,-70.10364,22.6,25.0,5.0,STORMALONG II,,,37,,0,0,,,B
211277140,2021-08-28T13:41:35,42.39357,-70.12675,5.5,193.3,511.0,VALENTIN,,DD5993,36,,12,7,,,B
211277140,2021-08-28T13:44:37,42.38899,-70.12868,6.1,200.4,511.0,VALENTIN,,DD5993,36,,12,7,,,B
366520000,2021-08-29T05:53:07,42.41114,-70.14728,11.5,201.3,511.0,SALLY JO II,,WDK9158,37,,29,10,,,B
338317162,2021-09-21T01:42:19,42.38846,-70.10233,7.9,31.0,511.0,INO,,NA,36,,12,3,,,B
319290000,2021-09-17T13:06:07,42.38867,-70.12943,9.4,11.5,511.0,ANGEL,,ZCTY4,37,0,,,,36,A
319290000,2021-09-17T13:07:15,42.39167,-70.12841,9.0,13.3,511.0,ANGEL,,ZCTY4,37,0,,,,36,A
319290000,2021-09-17T13:08:27,42.39474,-70.12735,10.4,13.2,511.0,ANGEL,,ZCTY4,37,0,,,,36,A
319290000,2021-09-17T13:09:35,42.39768,-70.12634,10.2,15.4,511.0,ANGEL,,ZCTY4,37,0,,,,36,A
319290000,2021-09-17T13:10:45,42.40067,-70.12535,9.2,8.9,511.0,ANGEL,,ZCTY4,37,0,,,,36,A
319290000,2021-09-17T13:11:46,42.40321,-70.12446,9.3,8.4,511.0,ANGEL,,ZCTY4,37,0,,,,36,A
319290000,2021-09-17T13:12:56,42.40617,-70.12340,7.5,8.4,511.0,ANGEL,,ZCTY4,37,0,,,,36,A
319290000,2021-09-17T13:14:06,42.40910,-70.12238,10.4,15.6,511.0,ANGEL,,ZCTY4,37,0,,,,36,A
319290000,2021-09-17T13:15:16,42.41205,-70.12132,9.7,9.8,511.0,ANGEL,,ZCTY4,37,0,,,,36,A
319290000,2021-09-17T13:16:26,42.41502,-70.12031,9.9,18.4,511.0,ANGEL,,ZCTY4,37,0,,,,36,A
319290000,2021-09-17T13:17:36,42.41809,-70.11925,10.0,12.1,511.0,ANGEL,,ZCTY4,37,0,,,,36,A
319290000,2021-09-17T13:18:46,42.42101,-70.11816,9.3,9.4,511.0,ANGEL,,ZCTY4,37,0,,,,36,A
338234236,2021-09-28T12:56:18,42.38748,-70.14549,27.4,20.1,511.0,GOOSE,,GOOSE,30,,14,4,,,B
338234236,2021-09-28T12:57:23,42.39530,-70.14113,28.8,23.7,511.0,GOOSE,,GOOSE,30,,14,4,,,B
338234236,2021-09-28T12:58:33,42.40349,-70.13640,28.8,22.2,511.0,GOOSE,,GOOSE,30,,14,4,,,B
338234236,2021-09-28T12:59:38,42.41116,-70.13209,26.8,18.6,511.0,GOOSE,,GOOSE,30,,14,4,,,B
338234236,2021-09-28T13:00:18,42.41580,-70.12949,26.9,20.3,511.0,GOOSE,,GOOSE,30,,14,4,,,B
368117260,2021-10-06T05:56:47,42.40777,-70.10173,6.3,197.5,213.0,ANNELI,,,36,,14,4,,,B
368117260,2021-10-06T05:58:49,42.40445,-70.10362,7.1,194.5,216.0,ANNELI,,,36,,14,4,,,B
368117260,2021-10-06T06:00:53,42.40115,-70.10563,7.1,209.4,210.0,ANNELI,,,36,,14,4,,,B
368117260,2021-10-06T06:01:54,42.39952,-70.10658,5.5,208.0,224.0,ANNELI,,,36,,14,4,,,B
368117260,2021-10-06T06:03:25,42.39705,-70.10808,7.1,199.5,218.0,ANNELI,,,36,,14,4,,,B
368117260,2021-10-06T06:05:25,42.39385,-70.10998,6.3,209.5,214.0,ANNELI,,,36,,14,4,,,B
368117260,2021-10-06T06:06:58,42.39142,-70.11142,6.3,202.0,215.0,ANNELI,,,36,,14,4,,,B
368117260,2021-10-06T06:08:28,42.38910,-70.11285,6.3,210.9,212.0,ANNELI,,,36,,14,4,,,B
368117260,2021-10-06T06:09:31,42.38745,-70.11380,7.1,205.5,208.0,ANNELI,,,36,,14,4,,,B
319290000,2021-08-27T10:13:37,42.39757,-70.11583,8.7,204.0,204.0,ANGEL,,ZCTY4,37,,,,,36,B
319290000,2021-08-27T10:14:38,42.39536,-70.11702,8.2,202.4,511.0,ANGEL,,ZCTY4,37,8,,,,36,A
319290000,2021-08-27T10:15:40,42.39305,-70.11820,8.7,203.0,205.0,ANGEL,,ZCTY4,37,,,,,36,B
319290000,2021-08-27T10:16:49,42.39047,-70.11970,9.7,203.8,511.0,ANGEL,,ZCTY4,37,8,,,,36,A
319290000,2021-08-27T10:17:59,42.38772,-70.12115,8.8,204.4,511.0,ANGEL,,ZCTY4,37,8,,,,36,A
319290000,2021-08-27T10:02:28,42.42177,-70.10189,8.0,204.0,511.0,ANGEL,,ZCTY4,37,8,,,,36,A
319290000,2021-08-27T10:03:31,42.41947,-70.10318,8.7,202.6,204.0,ANGEL,,ZCTY4,37,,,,,36,B
319290000,2021-08-27T10:04:38,42.41710,-70.10451,8.3,200.5,511.0,ANGEL,,ZCTY4,37,8,,,,36,A
319290000,2021-08-27T10:05:48,42.41461,-70.10597,8.3,202.4,511.0,ANGEL,,ZCTY4,37,8,,,,36,A
319290000,2021-08-27T10:06:59,42.41214,-70.10747,8.7,206.7,511.0,ANGEL,,ZCTY4,37,8,,,,36,A
319290000,2021-08-27T10:08:03,42.40972,-70.10893,9.5,202.2,204.0,ANGEL,,ZCTY4,37,,,,,36,B
319290000,2021-08-27T10:09:07,42.40735,-70.11018,8.7,202.7,205.0,ANGEL,,ZCTY4,37,,,,,36,B
319290000,2021-08-27T10:10:09,42.40515,-70.11146,8.7,200.0,511.0,ANGEL,,ZCTY4,37,8,,,,36,A
319290000,2021-08-27T10:11:19,42.40265,-70.11287,8.5,204.4,511.0,ANGEL,,ZCTY4,37,8,,,,36,A
319290000,2021-08-27T10:12:29,42.40017,-70.11437,9.3,205.5,511.0,ANGEL,,ZCTY4,37,8,,,,36,A
367719780,2021-05-02T05:47:59,42.41539,-70.10187,8.0,260.3,511.0,HERCULES,IMO8886448,WDI6546,30,,24,7,,,B
367719780,2021-05-02T05:49:29,42.41483,-70.10627,8.0,260.6,511.0,HERCULES,IMO8886448,WDI6546,30,,24,7,,,B
316031773,2021-05-27T12:43:45,42.39383,-70.10163,12.2,225.0,222.0,DAMIA DESGAGNES,IMO9766437,CFAV,80,0,,,,89,A
316031773,2021-05-27T12:44:56,42.39097,-70.10540,12.2,225.0,223.0,DAMIA DESGAGNES,IMO9766437,CFAV,80,0,,,,89,A
316031773,2021-05-27T12:46:06,42.38820,-70.10916,12.3,224.7,223.0,DAMIA DESGAGNES,IMO9766437,CFAV,80,0,,,,89,A
367517840,2021-08-08T07:37:16,42.42146,-70.13624,7.3,208.3,511.0,QUARTET,,WDG2653,30,,15,,,,B
367517840,2021-08-08T07:40:16,42.41598,-70.13967,7.0,205.9,511.0,QUARTET,,WDG2653,30,,15,,,,B
367517840,2021-08-08T07:42:46,42.41151,-70.14254,7.2,205.7,511.0,QUARTET,,WDG2653,30,,15,,,,B
367517840,2021-08-08T07:44:17,42.40878,-70.14417,6.7,209.1,511.0,QUARTET,,WDG2653,30,,15,,,,B
367517840,2021-08-08T07:46:17,42.40523,-70.14650,7.1,205.5,511.0,QUARTET,,WDG2653,30,,15,,,,B
367517840,2021-08-08T07:48:15,42.40173,-70.14878,7.0,206.6,511.0,QUARTET,,WDG2653,30,,15,,,,B
367300850,2021-05-17T17:17:49,42.39412,-70.14962,8.3,111.4,511.0,GRACE MARIE,IMO7908366,WCX7766,30,15,22,6,3.4,0,A
367300850,2021-05-17T17:19:00,42.39302,-70.14605,8.7,112.1,511.0,GRACE MARIE,IMO7908366,WCX7766,30,15,22,6,3.4,0,A
367300850,2021-05-17T17:20:09,42.39191,-70.14254,8.6,113.7,511.0,GRACE MARIE,IMO7908366,WCX7766,30,15,22,6,3.4,0,A
367300850,2021-05-17T17:21:17,42.39089,-70.13908,8.8,116.5,511.0,GRACE MARIE,IMO7908366,WCX7766,30,15,22,6,3.4,0,A
367300850,2021-05-17T17:22:28,42.38977,-70.13548,8.9,114.5,511.0,GRACE MARIE,IMO7908366,WCX7766,30,15,22,6,3.4,0,A
367300850,2021-05-17T17:23:39,42.38864,-70.13182,8.9,113.0,511.0,GRACE MARIE,IMO7908366,WCX7766,30,15,22,6,3.4,0,A
367300850,2021-05-17T17:24:48,42.38754,-70.12826,8.9,110.3,511.0,GRACE MARIE,IMO7908366,WCX7766,30,15,22,6,3.4,0,A
367300850,2021-05-17T17:25:59,42.38645,-70.12463,8.9,115.4,511.0,GRACE MARIE,IMO7908366,WCX7766,30,15,22,6,3.4,0,A
367393670,2021-06-03T03:11:22,42.40263,-70.13863,8.9,83.7,511.0,GUARDIAN,IMO8719499,WDE7469,30,,24,7,,,B
367393670,2021-06-03T03:14:22,42.40379,-70.12856,9.3,79.6,511.0,GUARDIAN,IMO8719499,WDE7469,30,,24,7,,,B
367393670,2021-06-03T03:18:22,42.40525,-70.11517,9.1,83.5,511.0,GUARDIAN,IMO8719499,WDE7469,30,,24,7,,,B
367393670,2021-10-07T03:25:29,42.38880,-70.10892,8.6,86.2,511.0,GUARDIAN,IMO8719499,WDE7469,30,,24,7,,,B
367393670,2021-10-07T03:27:29,42.38894,-70.10233,9.2,89.1,511.0,GUARDIAN,IMO8719499,WDE7469,30,,24,7,,,B
367393670,2021-10-07T03:13:30,42.38730,-70.14853,9.4,87.9,511.0,GUARDIAN,IMO8719499,WDE7469,30,,24,7,,,B
367393670,2021-10-07T03:14:31,42.38750,-70.14520,8.5,82.8,511.0,GUARDIAN,IMO8719499,WDE7469,30,,24,7,,,B
367393670,2021-10-07T03:15:59,42.38767,-70.14037,8.8,86.8,511.0,GUARDIAN,IMO8719499,WDE7469,30,,24,7,,,B
367393670,2021-10-07T03:17:00,42.38787,-70.13701,9.0,88.9,511.0,GUARDIAN,IMO8719499,WDE7469,30,,24,7,,,B
367393670,2021-10-07T03:18:29,42.38799,-70.13216,8.7,85.7,511.0,GUARDIAN,IMO8719499,WDE7469,30,,24,7,,,B
367393670,2021-10-07T03:19:30,42.38816,-70.12889,8.7,85.5,511.0,GUARDIAN,IMO8719499,WDE7469,30,,24,7,,,B
367393670,2021-10-07T03:20:59,42.38836,-70.12393,9.5,87.2,511.0,GUARDIAN,IMO8719499,WDE7469,30,,24,7,,,B
367393670,2021-10-07T03:22:29,42.38852,-70.11893,8.7,88.2,511.0,GUARDIAN,IMO8719499,WDE7469,30,,24,7,,,B
367393670,2021-10-07T03:24:00,42.38860,-70.11384,8.5,88.6,511.0,GUARDIAN,IMO8719499,WDE7469,30,,24,7,,,B
367425680,2021-04-15T03:40:54,42.40076,-70.14574,8.1,77.2,511.0,BLACK BEAUTY,IMO8037724,WDF2175,30,,19,6,,,B
367425680,2021-04-15T03:42:25,42.40136,-70.14130,7.9,75.9,511.0,BLACK BEAUTY,IMO8037724,WDF2175,30,,19,6,,,B
367425680,2021-04-15T03:43:54,42.40195,-70.13704,8.5,80.2,511.0,BLACK BEAUTY,IMO8037724,WDF2175,30,,19,6,,,B
367425680,2021-04-15T03:45:25,42.40254,-70.13265,7.1,76.6,511.0,BLACK BEAUTY,IMO8037724,WDF2175,30,,19,6,,,B
367425680,2021-04-15T03:46:54,42.40311,-70.12845,7.2,83.2,511.0,BLACK BEAUTY,IMO8037724,WDF2175,30,,19,6,,,B
367425680,2021-04-15T03:48:25,42.40370,-70.12417,7.9,81.7,511.0,BLACK BEAUTY,IMO8037724,WDF2175,30,,19,6,,,B
367425680,2021-04-15T03:49:56,42.40428,-70.11978,8.3,76.3,511.0,BLACK BEAUTY,IMO8037724,WDF2175,30,,19,6,,,B
367425680,2021-04-15T03:51:26,42.40487,-70.11553,6.6,76.8,511.0,BLACK BEAUTY,IMO8037724,WDF2175,30,,19,6,,,B
367425680,2021-04-15T03:52:56,42.40547,-70.11125,7.7,79.9,511.0,BLACK BEAUTY,IMO8037724,WDF2175,30,,19,6,,,B
367425680,2021-04-15T03:54:26,42.40609,-70.10704,7.7,78.3,511.0,BLACK BEAUTY,IMO8037724,WDF2175,30,,19,6,,,B
367425680,2021-04-15T03:55:53,42.40667,-70.10307,7.3,76.5,511.0,BLACK BEAUTY,IMO8037724,WDF2175,30,,19,6,,,B
366803380,2021-07-11T17:51:50,42.38848,-70.10662,7.9,37.4,511.0,GRACE,,WDA3887,37,,17,5,,,B
366803380,2021-07-11T17:52:52,42.39022,-70.10478,7.5,40.2,511.0,GRACE,,WDA3887,37,,17,5,,,B
538071415,2021-08-10T09:40:26,42.41932,-70.11719,9.5,194.7,193.0,NOMAD,IMO9794551,V7A2459,37,11,54,9,3.4,37,A
538071415,2021-08-10T09:42:36,42.41377,-70.11920,9.7,194.8,511.0,NOMAD,IMO9794551,V7A2459,37,11,54,9,3.4,37,A
538071415,2021-08-10T09:44:15,42.41007,-70.12179,8.8,218.5,223.0,NOMAD,IMO9794551,V7A2459,37,11,54,9,3.4,37,A
538071415,2021-08-10T09:45:46,42.40787,-70.12571,8.8,240.1,511.0,NOMAD,IMO9794551,V7A2459,37,11,54,9,3.4,37,A
538071415,2021-08-10T09:47:55,42.40546,-70.13196,8.6,243.6,246.0,NOMAD,IMO9794551,V7A2459,37,11,54,9,3.4,37,A
538071415,2021-08-10T09:49:06,42.40434,-70.13547,8.6,247.8,511.0,NOMAD,IMO9794551,V7A2459,37,11,54,9,3.4,37,A
538071415,2021-08-10T09:50:15,42.40334,-70.13891,8.6,249.0,249.0,NOMAD,IMO9794551,V7A2459,37,11,54,9,3.4,37,A
538071415,2021-08-10T09:51:36,42.40214,-70.14298,8.8,248.4,511.0,NOMAD,IMO9794551,V7A2459,37,11,54,9,3.4,37,A
538071415,2021-08-10T09:52:46,42.40102,-70.14648,8.4,246.8,511.0,NOMAD,IMO9794551,V7A2459,37,11,54,9,3.4,37,A
316031773,2021-05-15T10:26:51,42.38688,-70.13088,12.1,22.0,20.0,DAMIA DESGAGNES,IMO9766437,CFAV,80,0,,,,89,A
316031773,2021-05-15T10:28:02,42.39058,-70.12884,12.1,22.3,19.0,DAMIA DESGAGNES,IMO9766437,CFAV,80,0,,,,89,A
316031773,2021-05-15T10:29:11,42.39413,-70.12685,12.1,21.8,19.0,DAMIA DESGAGNES,IMO9766437,CFAV,80,0,,,,89,A
316031773,2021-05-15T10:30:21,42.39781,-70.12481,12.1,24.0,23.0,DAMIA DESGAGNES,IMO9766437,CFAV,80,0,,,,89,A
316031773,2021-05-15T10:31:30,42.40119,-70.12239,12.0,30.3,28.0,DAMIA DESGAGNES,IMO9766437,CFAV,80,0,,,,89,A
316031773,2021-05-15T10:32:32,42.40411,-70.11998,12.0,31.7,29.0,DAMIA DESGAGNES,IMO9766437,CFAV,80,0,,,,89,A
316031773,2021-05-15T10:33:40,42.40732,-70.11718,12.1,32.8,29.0,DAMIA DESGAGNES,IMO9766437,CFAV,80,0,,,,89,A
316031773,2021-05-15T10:34:50,42.41051,-70.11412,12.1,37.1,35.0,DAMIA DESGAGNES,IMO9766437,CFAV,80,0,,,,89,A
316031773,2021-05-15T10:35:52,42.41317,-70.11122,12.2,39.2,36.0,DAMIA DESGAGNES,IMO9766437,CFAV,80,0,,,,89,A
316031773,2021-05-15T10:37:00,42.41619,-70.10788,12.3,39.5,36.0,DAMIA DESGAGNES,IMO9766437,CFAV,80,0,,,,89,A
316031773,2021-05-15T10:38:11,42.41931,-70.10441,12.4,39.7,36.0,DAMIA DESGAGNES,IMO9766437,CFAV,80,0,,,,89,A
319984000,2021-10-22T02:36:14,42.39633,-70.14067,13.2,204.0,204.0,BLUE MOON,IMO1008360,ZCOG4,37,0,60,11,3.4,37,A
319984000,2021-10-22T02:38:42,42.38800,-70.14583,13.3,204.0,204.0,BLUE MOON,IMO1008360,ZCOG4,37,0,60,11,3.4,37,A
319984000,2021-10-22T02:28:54,42.42083,-70.12583,13.1,204.0,204.0,BLUE MOON,IMO1008360,ZCOG4,37,0,60,11,3.4,37,A
319984000,2021-10-22T02:30:04,42.41700,-70.12817,13.1,204.0,203.0,BLUE MOON,IMO1008360,ZCOG4,37,0,60,11,3.4,37,A
319984000,2021-10-22T02:31:14,42.41317,-70.13050,13.1,204.0,204.0,BLUE MOON,IMO1008360,ZCOG4,37,0,60,11,3.4,37,A
319984000,2021-10-22T02:32:23,42.40917,-70.13283,13.2,204.0,204.0,BLUE MOON,IMO1008360,ZCOG4,37,0,60,11,3.4,37,A
319984000,2021-10-22T02:33:32,42.40533,-70.13517,13.2,204.0,204.0,BLUE MOON,IMO1008360,ZCOG4,37,0,60,11,3.4,37,A
319984000,2021-10-22T02:35:03,42.40033,-70.13833,13.2,204.0,204.0,BLUE MOON,IMO1008360,ZCOG4,37,0,60,11,3.4,37,A
319984000,2021-10-22T02:37:33,42.39200,-70.14333,13.3,204.0,204.0,BLUE MOON,IMO1008360,ZCOG4,37,0,60,11,3.4,37,A
339127000,2021-06-18T12:38:30,42.41045,-70.14911,10.2,14.1,8.0,NADAN,,6YUW3,37,0,44,8,2.0,37,A
339127000,2021-06-18T12:39:31,42.41319,-70.14822,10.1,13.3,9.0,NADAN,,6YUW3,37,0,44,8,2.0,37,A
339127000,2021-06-18T12:40:41,42.41642,-70.14713,10.0,14.4,8.0,NADAN,,6YUW3,37,0,44,8,2.0,37,A
339127000,2021-06-18T12:41:50,42.41951,-70.14611,9.9,13.3,7.0,NADAN,,6YUW3,37,0,44,8,2.0,37,A
367300850,2021-07-29T22:37:19,42.39017,-70.13175,7.1,289.3,511.0,GRACE MARIE,IMO7908366,WCX7766,30,15,22,6,3.4,0,A
367300850,2021-07-29T22:40:50,42.39310,-70.14043,7.0,287.8,511.0,GRACE MARIE,IMO7908366,WCX7766,30,15,22,6,3.4,0,A
367300850,2021-07-29T22:42:10,42.39408,-70.14377,6.9,289.3,511.0,GRACE MARIE,IMO7908366,WCX7766,30,15,22,6,3.4,0,A
367925000,2021-07-08T10:52:30,42.41543,-70.10222,10.5,296.1,301.0,CG KEY LARGO,,NGEI,90,0,33,6,,55,A
367925000,2021-07-08T10:55:04,42.42193,-70.10386,11.2,346.6,343.0,CG KEY LARGO,,NGEI,90,0,33,6,,55,A
368197450,2021-08-02T07:06:23,42.39951,-70.10253,9.8,203.0,204.0,NEREUS,,WDM3462,37,0,32,8,2.0,37,A
368197450,2021-08-02T07:07:26,42.39682,-70.10411,9.8,203.3,203.0,NEREUS,,WDM3462,37,0,32,8,2.0,37,A
368197450,2021-08-02T07:08:33,42.39400,-70.10573,9.8,200.3,203.0,NEREUS,,WDM3462,37,0,32,8,2.0,37,A
368197450,2021-08-02T07:09:36,42.39129,-70.10731,9.8,203.3,203.0,NEREUS,,WDM3462,37,0,32,8,2.0,37,A
368197450,2021-08-02T07:10:39,42.38861,-70.10891,10.0,202.0,203.0,NEREUS,,WDM3462,37,0,32,8,2.0,37,A
368197450,2021-08-02T07:11:40,42.38605,-70.11043,9.8,203.8,203.0,NEREUS,,WDM3462,37,0,32,8,2.0,37,A
367370780,2021-05-17T09:28:50,42.39846,-70.14800,10.6,54.6,52.0,COHO,IMO9536662,WDG9737,31,0,35,11,4.7,57,A
367370780,2021-05-17T09:30:00,42.40049,-70.14416,10.5,54.2,53.0,COHO,IMO9536662,WDG9737,31,0,35,11,4.7,57,A
367370780,2021-05-17T09:31:10,42.40250,-70.14037,10.6,53.6,53.0,COHO,IMO9536662,WDG9737,31,0,35,11,4.7,57,A
367370780,2021-05-17T09:32:30,42.40483,-70.13605,10.6,53.6,53.0,COHO,IMO9536662,WDG9737,31,0,35,11,4.7,57,A
367370780,2021-05-17T09:33:40,42.40684,-70.13225,10.6,54.4,53.0,COHO,IMO9536662,WDG9737,31,0,35,11,4.7,57,A
367370780,2021-05-17T09:34:50,42.40884,-70.12844,10.6,54.3,53.0,COHO,IMO9536662,WDG9737,31,0,35,11,4.7,57,A
367370780,2021-05-17T09:35:59,42.41082,-70.12467,10.6,55.1,52.0,COHO,IMO9536662,WDG9737,31,0,35,11,4.7,57,A
367370780,2021-05-17T09:37:09,42.41279,-70.12088,10.7,55.0,52.0,COHO,IMO9536662,WDG9737,31,0,35,11,4.7,57,A
367370780,2021-05-17T09:38:20,42.41487,-70.11693,10.8,55.1,52.0,COHO,IMO9536662,WDG9737,31,0,35,11,4.7,57,A
367370780,2021-05-17T09:39:30,42.41688,-70.11306,10.7,55.1,52.0,COHO,IMO9536662,WDG9737,31,0,35,11,4.7,57,A
367370780,2021-05-17T09:40:40,42.41890,-70.10921,10.7,54.7,53.0,COHO,IMO9536662,WDG9737,31,0,35,11,4.7,57,A
367370780,2021-05-17T09:41:49,42.42085,-70.10545,10.7,55.1,52.0,COHO,IMO9536662,WDG9737,31,0,35,11,4.7,57,A
319290000,2021-11-26T00:53:59,42.40474,-70.13586,10.4,201.2,511.0,ANGEL,,ZCTY4,37,8,,,,36,A
319290000,2021-11-26T00:56:10,42.39884,-70.13882,10.3,201.1,511.0,ANGEL,,ZCTY4,37,8,,,,36,A
319290000,2021-11-26T00:57:20,42.39570,-70.14047,10.4,202.1,511.0,ANGEL,,ZCTY4,37,8,,,,36,A
319290000,2021-11-26T00:58:29,42.39257,-70.14211,10.2,201.7,511.0,ANGEL,,ZCTY4,37,8,,,,36,A
319290000,2021-11-26T00:59:30,42.38979,-70.14359,10.4,201.4,511.0,ANGEL,,ZCTY4,37,8,,,,36,A
319290000,2021-11-26T01:00:10,42.38806,-70.14451,10.2,200.8,511.0,ANGEL,,ZCTY4,37,8,,,,36,A
319290000,2021-11-26T00:46:50,42.42170,-70.13082,10.6,204.2,511.0,ANGEL,,ZCTY4,37,8,,,,36,A
319290000,2021-11-26T00:48:19,42.41768,-70.13311,10.5,198.4,511.0,ANGEL,,ZCTY4,37,8,,,,36,A
319290000,2021-11-26T00:49:30,42.41693,-70.13076,9.1,126.0,511.0,ANGEL,,ZCTY4,37,8,,,,36,A
319290000,2021-11-26T00:50:59,42.41291,-70.13213,10.3,184.3,511.0,ANGEL,,ZCTY4,37,8,,,,36,A
319290000,2021-11-26T00:52:30,42.40873,-70.13353,10.3,208.3,511.0,ANGEL,,ZCTY4,37,8,,,,36,A
538002221,2021-04-08T22:01:28,42.40667,-70.14934,9.6,49.0,53.0,GREAT EASTERN,IMO9298739,V7HF4,80,8,182,27,11.2,89,A
538002221,2021-04-08T22:02:49,42.40900,-70.14569,9.7,48.5,54.0,GREAT EASTERN,IMO9298739,V7HF4,80,8,182,27,11.2,89,A
538002221,2021-04-08T22:05:08,42.41301,-70.13906,9.9,50.3,53.0,GREAT EASTERN,IMO9298739,V7HF4,80,8,182,27,11.2,89,A
538002221,2021-04-08T22:06:18,42.41509,-70.13573,9.7,50.0,53.0,GREAT EASTERN,IMO9298739,V7HF4,80,8,182,27,11.2,89,A
538002221,2021-04-08T22:07:29,42.41715,-70.13247,9.6,50.8,53.0,GREAT EASTERN,IMO9298739,V7HF4,80,8,182,27,11.2,89,A
538002221,2021-04-08T22:08:39,42.41915,-70.12929,9.6,50.0,53.0,GREAT EASTERN,IMO9298739,V7HF4,80,8,182,27,11.2,89,A
538002221,2021-04-08T22:09:49,42.42115,-70.12605,9.5,50.1,53.0,GREAT EASTERN,IMO9298739,V7HF4,80,8,182,27,11.2,89,A
367546220,2021-07-05T14:07:41,42.41311,-70.10381,8.8,21.3,14.0,NORTHSTAR COMMANDER,IMO8940581,WDG5396,30,0,25,7,,39,A
367546220,2021-07-05T14:08:51,42.41575,-70.10242,8.8,21.9,15.0,NORTHSTAR COMMANDER,IMO8940581,WDG5396,30,0,25,7,,39,A
367546220,2021-07-05T14:05:30,42.40816,-70.10643,8.8,21.0,15.0,NORTHSTAR COMMANDER,IMO8940581,WDG5396,30,0,25,7,,39,A
367546220,2021-07-05T14:06:40,42.41084,-70.10502,8.7,22.7,15.0,NORTHSTAR COMMANDER,IMO8940581,WDG5396,30,0,25,7,,39,A
367546220,2021-07-05T13:59:06,42.39630,-70.11287,6.4,17.2,16.0,NORTHSTAR COMMANDER,IMO8940581,WDG5396,30,0,25,7,,39,A
367546220,2021-07-05T14:00:31,42.39863,-70.11133,6.6,21.4,13.0,NORTHSTAR COMMANDER,IMO8940581,WDG5396,30,0,25,7,,39,A
367546220,2021-07-05T14:01:40,42.40056,-70.11046,6.5,24.0,17.0,NORTHSTAR COMMANDER,IMO8940581,WDG5396,30,0,25,7,,39,A
367546220,2021-07-05T14:02:59,42.40275,-70.10927,6.2,17.0,10.0,NORTHSTAR COMMANDER,IMO8940581,WDG5396,30,0,25,7,,39,A
367546220,2021-07-05T14:04:00,42.40474,-70.10831,8.5,20.9,16.0,NORTHSTAR COMMANDER,IMO8940581,WDG5396,30,0,25,7,,39,A
368076650,2021-04-15T14:22:45,42.41043,-70.10132,9.0,209.4,204.0,GO LIBERTY,IMO9555761,WDK6648,70,0,46,12,3.3,70,A
368076650,2021-04-15T14:27:06,42.40093,-70.10810,8.8,207.3,202.0,GO LIBERTY,IMO9555761,WDK6648,70,0,46,12,3.3,70,A
368076650,2021-04-15T14:28:47,42.39728,-70.11073,8.9,208.3,203.0,GO LIBERTY,IMO9555761,WDK6648,70,0,46,12,3.3,70,A
368076650,2021-04-15T14:30:55,42.39265,-70.11406,8.8,208.0,203.0,GO LIBERTY,IMO9555761,WDK6648,70,0,46,12,3.3,70,A
368076650,2021-04-15T14:32:55,42.38831,-70.11717,8.8,207.9,203.0,GO LIBERTY,IMO9555761,WDK6648,70,0,46,12,3.3,70,A
367300850,2021-09-11T17:30:14,42.39667,-70.14637,8.6,117.3,511.0,GRACE MARIE,IMO7908366,WCX7766,30,15,22,6,3.4,0,A
367300850,2021-09-11T17:31:33,42.39534,-70.14233,8.7,119.1,511.0,GRACE MARIE,IMO7908366,WCX7766,30,15,22,6,3.4,0,A
367300850,2021-09-11T17:32:34,42.39431,-70.13930,9.3,111.6,511.0,GRACE MARIE,IMO7908366,WCX7766,30,15,22,6,3.4,0,A
367300850,2021-09-11T17:33:43,42.39307,-70.13582,8.7,111.6,511.0,GRACE MARIE,IMO7908366,WCX7766,30,15,22,6,3.4,0,A
367300850,2021-09-11T17:34:53,42.39188,-70.13227,9.3,111.8,511.0,GRACE MARIE,IMO7908366,WCX7766,30,15,22,6,3.4,0,A
367300850,2021-09-11T17:36:14,42.39053,-70.12809,9.1,117.5,511.0,GRACE MARIE,IMO7908366,WCX7766,30,15,22,6,3.4,0,A
367300850,2021-09-11T17:37:23,42.38929,-70.12454,8.9,109.0,511.0,GRACE MARIE,IMO7908366,WCX7766,30,15,22,6,3.4,0,A
367300850,2021-09-11T17:38:33,42.38810,-70.12095,8.7,110.5,511.0,GRACE MARIE,IMO7908366,WCX7766,30,15,22,6,3.4,0,A
367300850,2021-09-11T17:39:43,42.38688,-70.11728,9.5,114.4,511.0,GRACE MARIE,IMO7908366,WCX7766,30,15,22,6,3.4,0,A
367517860,2021-05-22T02:49:09,42.42135,-70.11067,9.8,120.0,511.0,WILLIAM LYNN,IMO8886383,WDG2655,30,,23,7,,,B
367517860,2021-05-22T02:50:39,42.41965,-70.10598,9.6,117.0,511.0,WILLIAM LYNN,IMO8886383,WDG2655,30,,23,7,,,B
367517860,2021-05-22T02:52:09,42.41799,-70.10144,8.9,120.3,511.0,WILLIAM LYNN,IMO8886383,WDG2655,30,,23,7,,,B
338238121,2021-08-17T08:11:23,42.42144,-70.11678,6.4,202.0,204.0,MANDARIN,,,36,,13,4,,,B
338238121,2021-08-17T08:12:53,42.41903,-70.11849,6.7,210.4,209.0,MANDARIN,,,36,,13,4,,,B
338238121,2021-08-17T08:14:23,42.41648,-70.11983,6.6,201.7,202.0,MANDARIN,,,36,,13,4,,,B
338238121,2021-08-17T08:15:52,42.41400,-70.12125,6.4,208.0,206.0,MANDARIN,,,36,,13,4,,,B
338238121,2021-08-17T08:17:22,42.41143,-70.12264,6.8,200.9,201.0,MANDARIN,,,36,,13,4,,,B
338238121,2021-08-17T08:18:23,42.40977,-70.12376,6.6,216.5,215.0,MANDARIN,,,36,,13,4,,,B
338238121,2021-08-17T08:20:23,42.40643,-70.12596,6.5,206.7,207.0,MANDARIN,,,36,,13,4,,,B
338238121,2021-08-17T08:21:56,42.40381,-70.12744,6.5,202.4,207.0,MANDARIN,,,36,,13,4,,,B
338238121,2021-08-17T08:23:23,42.40137,-70.12894,6.6,203.8,203.0,MANDARIN,,,36,,13,4,,,B
338238121,2021-08-17T08:25:52,42.39736,-70.13166,6.5,207.4,208.0,MANDARIN,,,36,,13,4,,,B
338238121,2021-08-17T08:26:53,42.39574,-70.13285,6.3,201.3,201.0,MANDARIN,,,36,,13,4,,,B
338238121,2021-08-17T08:27:54,42.39410,-70.13396,6.3,207.1,208.0,MANDARIN,,,36,,13,4,,,B
338238121,2021-08-17T08:30:52,42.38913,-70.13673,6.5,209.4,210.0,MANDARIN,,,36,,13,4,,,B
338238121,2021-08-17T08:32:22,42.38671,-70.13833,6.6,216.2,216.0,MANDARIN,,,36,,13,4,,,B
368111520,2021-08-14T14:03:45,42.39353,-70.14366,2.7,236.8,511.0,FLYING FISH,,WDL2377,36,,9,3,,,B
368111520,2021-08-14T14:05:45,42.39278,-70.14576,3.0,244.1,511.0,FLYING FISH,,WDL2377,36,,9,3,,,B
368111520,2021-08-14T14:07:16,42.39218,-70.14727,3.0,243.8,511.0,FLYING FISH,,WDL2377,36,,9,3,,,B
368111520,2021-08-14T14:08:45,42.39163,-70.14883,2.8,244.4,511.0,FLYING FISH,,WDL2377,36,,9,3,,,B
368121150,2021-08-14T00:41:37,42.38642,-70.12864,6.6,21.6,511.0,SUNDOG,,WDL3389,36,,11,4,,,B
368121150,2021-08-14T00:44:07,42.39074,-70.12622,6.8,26.9,511.0,SUNDOG,,WDL3389,36,,11,4,,,B
368121150,2021-08-14T00:46:07,42.39422,-70.12422,6.8,23.8,511.0,SUNDOG,,WDL3389,36,,11,4,,,B
368121150,2021-08-14T00:47:39,42.39684,-70.12275,6.5,25.2,511.0,SUNDOG,,WDL3389,36,,11,4,,,B
368121150,2021-08-14T00:49:09,42.39936,-70.12134,6.7,22.9,511.0,SUNDOG,,WDL3389,36,,11,4,,,B
368121150,2021-08-14T00:50:39,42.40194,-70.11989,7.0,20.6,511.0,SUNDOG,,WDL3389,36,,11,4,,,B
368121150,2021-08-14T00:52:09,42.40462,-70.11837,7.1,24.0,511.0,SUNDOG,,WDL3389,36,,11,4,,,B
368121150,2021-08-14T00:53:39,42.40739,-70.11684,6.7,24.2,511.0,SUNDOG,,WDL3389,36,,11,4,,,B
368121150,2021-08-14T00:54:40,42.40918,-70.11577,7.6,20.5,511.0,SUNDOG,,WDL3389,36,,11,4,,,B
368121150,2021-08-14T00:56:08,42.41189,-70.11427,7.0,22.9,511.0,SUNDOG,,WDL3389,36,,11,4,,,B
368121150,2021-08-14T00:57:40,42.41465,-70.11268,7.4,20.9,511.0,SUNDOG,,WDL3389,36,,11,4,,,B
368121150,2021-08-14T00:59:09,42.41730,-70.11122,7.0,21.0,511.0,SUNDOG,,WDL3389,36,,11,4,,,B
368121150,2021-08-14T01:00:09,42.41905,-70.11021,7.2,18.9,511.0,SUNDOG,,WDL3389,36,,11,4,,,B
368121150,2021-08-14T01:01:39,42.42167,-70.10873,6.9,25.6,511.0,SUNDOG,,WDL3389,36,,11,4,,,B
368111520,2021-08-14T13:15:44,42.41825,-70.13677,2.6,161.7,511.0,FLYING FISH,,WDL2377,36,,9,3,,,B
368111520,2021-08-14T13:16:45,42.41747,-70.13625,3.2,144.8,511.0,FLYING FISH,,WDL2377,36,,9,3,,,B
368111520,2021-08-14T13:17:46,42.41681,-70.13556,2.9,140.1,511.0,FLYING FISH,,WDL2377,36,,9,3,,,B
368111520,2021-08-14T13:19:16,42.41604,-70.13469,2.5,138.0,511.0,FLYING FISH,,WDL2377,36,,9,3,,,B
368111520,2021-08-14T13:20:46,42.41523,-70.13381,2.8,140.8,511.0,FLYING FISH,,WDL2377,36,,9,3,,,B
368111520,2021-08-14T13:22:45,42.41421,-70.13262,2.4,139.9,511.0,FLYING FISH,,WDL2377,36,,9,3,,,B
368111520,2021-08-14T13:24:14,42.41335,-70.13169,1.7,147.2,511.0,FLYING FISH,,WDL2377,36,,9,3,,,B
368111520,2021-08-14T13:25:44,42.41243,-70.13080,3.2,149.9,511.0,FLYING FISH,,WDL2377,36,,9,3,,,B
368111520,2021-08-14T13:27:16,42.41133,-70.13037,2.8,165.8,511.0,FLYING FISH,,WDL2377,36,,9,3,,,B
368111520,2021-08-14T13:28:44,42.41034,-70.12973,3.0,147.9,511.0,FLYING FISH,,WDL2377,36,,9,3,,,B
368111520,2021-08-14T13:29:46,42.40960,-70.12930,2.0,154.0,511.0,FLYING FISH,,WDL2377,36,,9,3,,,B
368111520,2021-08-14T13:31:45,42.40823,-70.12835,3.3,151.0,511.0,FLYING FISH,,WDL2377,36,,9,3,,,B
368111520,2021-08-14T13:32:47,42.40753,-70.12785,2.5,152.6,511.0,FLYING FISH,,WDL2377,36,,9,3,,,B
368111520,2021-08-14T13:34:16,42.40654,-70.12718,2.8,150.5,511.0,FLYING FISH,,WDL2377,36,,9,3,,,B
368111520,2021-08-14T13:35:44,42.40553,-70.12640,1.8,150.2,511.0,FLYING FISH,,WDL2377,36,,9,3,,,B
368111520,2021-08-14T13:36:45,42.40497,-70.12574,3.4,148.2,511.0,FLYING FISH,,WDL2377,36,,9,3,,,B
368111520,2021-08-14T13:38:16,42.40411,-70.12494,2.7,142.0,511.0,FLYING FISH,,WDL2377,36,,9,3,,,B
368111520,2021-08-14T13:39:46,42.40332,-70.12418,1.9,140.9,511.0,FLYING FISH,,WDL2377,36,,9,3,,,B
368111520,2021-08-14T13:41:44,42.40271,-70.12401,2.1,247.6,511.0,FLYING FISH,,WDL2377,36,,9,3,,,B
368111520,2021-08-14T13:43:16,42.40216,-70.12520,1.8,224.4,511.0,FLYING FISH,,WDL2377,36,,9,3,,,B
368111520,2021-08-14T13:45:44,42.40144,-70.12778,2.6,233.7,511.0,FLYING FISH,,WDL2377,36,,9,3,,,B
368111520,2021-08-14T13:47:46,42.40054,-70.12960,2.7,229.2,511.0,FLYING FISH,,WDL2377,36,,9,3,,,B
368111520,2021-08-14T13:48:47,42.40012,-70.13037,2.6,235.3,511.0,FLYING FISH,,WDL2377,36,,9,3,,,B
368111520,2021-08-14T13:49:48,42.39969,-70.13122,3.0,237.6,511.0,FLYING FISH,,WDL2377,36,,9,3,,,B
368111520,2021-08-14T13:51:16,42.39902,-70.13253,2.4,232.9,511.0,FLYING FISH,,WDL2377,36,,9,3,,,B
368111520,2021-08-14T13:53:45,42.39805,-70.13478,2.3,230.8,511.0,FLYING FISH,,WDL2377,36,,9,3,,,B
368111520,2021-08-14T13:54:46,42.39766,-70.13538,1.7,226.4,511.0,FLYING FISH,,WDL2377,36,,9,3,,,B
368111520,2021-08-14T13:57:14,42.39654,-70.13748,3.1,230.1,511.0,FLYING FISH,,WDL2377,36,,9,3,,,B
368111520,2021-08-14T13:58:16,42.39600,-70.13843,3.2,237.5,511.0,FLYING FISH,,WDL2377,36,,9,3,,,B
368111520,2021-08-14T13:59:44,42.39529,-70.13979,3.2,233.6,511.0,FLYING FISH,,WDL2377,36,,9,3,,,B
368111520,2021-08-14T14:00:16,42.39502,-70.14029,3.0,233.2,511.0,FLYING FISH,,WDL2377,36,,9,3,,,B
368111520,2021-08-14T14:01:45,42.39438,-70.14184,3.6,250.7,511.0,FLYING FISH,,WDL2377,36,,9,3,,,B
319176500,2021-09-20T04:17:33,42.42164,-70.13045,9.5,202.8,511.0,M/Y SEA FOX,,ZGKH,37,,27,7,,,B
319176500,2021-09-20T04:20:04,42.41533,-70.13396,9.1,203.1,511.0,M/Y SEA FOX,,ZGKH,37,,27,7,,,B
319176500,2021-09-20T04:27:32,42.39668,-70.14447,9.7,202.0,511.0,M/Y SEA FOX,,ZGKH,37,,27,7,,,B
319176500,2021-09-20T04:29:33,42.39167,-70.14726,9.8,208.2,511.0,M/Y SEA FOX,,ZGKH,37,,27,7,,,B
368219070,2021-09-21T03:25:02,42.38757,-70.14430,8.7,21.0,13.0,HOPGRASSER,,WDM5771,37,,0,0,,,B
368219070,2021-09-21T03:26:03,42.38967,-70.14328,8.7,19.7,14.0,HOPGRASSER,,WDM5771,37,,0,0,,,B
368219070,2021-09-21T03:28:36,42.39478,-70.14073,7.9,14.3,11.0,HOPGRASSER,,WDM5771,37,,0,0,,,B
368219070,2021-09-21T03:30:38,42.39877,-70.13887,7.1,22.6,8.0,HOPGRASSER,,WDM5771,37,,0,0,,,B
368219070,2021-09-21T03:31:42,42.40088,-70.13785,7.9,22.3,14.0,HOPGRASSER,,WDM5771,37,,0,0,,,B
368219070,2021-09-21T03:33:12,42.40387,-70.13625,7.9,22.8,42.0,HOPGRASSER,,WDM5771,37,,0,0,,,B
368219070,2021-09-21T03:34:43,42.40677,-70.13478,7.9,23.1,15.0,HOPGRASSER,,WDM5771,37,,0,0,,,B
368219070,2021-09-21T03:37:16,42.41167,-70.13212,7.1,14.7,9.0,HOPGRASSER,,WDM5771,37,,0,0,,,B
368219070,2021-09-21T03:38:17,42.41368,-70.13100,8.7,18.2,10.0,HOPGRASSER,,WDM5771,37,,0,0,,,B
368219070,2021-09-21T03:40:18,42.41763,-70.12883,7.9,19.4,10.0,HOPGRASSER,,WDM5771,37,,0,0,,,B
368219070,2021-09-21T03:41:19,42.41963,-70.12762,8.7,28.4,14.0,HOPGRASSER,,WDM5771,37,,0,0,,,B
367212000,2021-07-28T14:31:46,42.41553,-70.10155,8.1,321.3,326.0,ZEUS,IMO7932408,NVTM,90,0,137,22,,38,A
367212000,2021-07-28T14:32:56,42.41758,-70.10377,8.1,320.1,323.0,ZEUS,IMO7932408,NVTM,90,0,137,22,,38,A
367212000,2021-07-28T14:34:04,42.41951,-70.10604,8.1,319.0,324.0,ZEUS,IMO7932408,NVTM,90,0,137,22,,38,A
367212000,2021-07-28T14:35:14,42.42150,-70.10838,8.1,320.2,326.0,ZEUS,IMO7932408,NVTM,90,0,137,22,,38,A
367601930,2021-07-27T19:25:48,42.40939,-70.14236,8.6,196.2,511.0,CHOISI,,WDH2858,37,,16,,,,B
366669040,2021-05-28T06:34:12,42.40191,-70.12566,6.6,205.3,511.0,BELVEDERE,,WU3941,37,,15,4,,,B
366669040,2021-05-28T06:38:41,42.39418,-70.13019,6.8,203.2,511.0,BELVEDERE,,WU3941,37,,15,4,,,B
319060900,2021-08-02T23:43:37,42.39934,-70.12606,10.4,24.1,22.0,BACCHUS,IMO8990677,ZGDS9,37,5,43,8,2.0,37,A
319060900,2021-08-02T23:44:47,42.40245,-70.12429,10.5,23.2,23.0,BACCHUS,IMO8990677,ZGDS9,37,5,43,8,2.0,37,A
319060900,2021-08-02T23:45:56,42.40546,-70.12252,10.4,23.5,23.0,BACCHUS,IMO8990677,ZGDS9,37,5,43,8,2.0,37,A
319060900,2021-08-02T23:47:07,42.40864,-70.12071,10.4,21.5,20.0,BACCHUS,IMO8990677,ZGDS9,37,5,43,8,2.0,37,A
319060900,2021-08-02T23:48:17,42.41177,-70.11905,10.3,21.1,19.0,BACCHUS,IMO8990677,ZGDS9,37,5,43,8,2.0,37,A
319060900,2021-08-02T23:49:26,42.41488,-70.11742,10.3,21.5,21.0,BACCHUS,IMO8990677,ZGDS9,37,5,43,8,2.0,37,A
319060900,2021-08-02T23:50:37,42.41802,-70.11577,10.3,21.8,20.0,BACCHUS,IMO8990677,ZGDS9,37,5,43,8,2.0,37,A
319060900,2021-08-02T23:51:46,42.42099,-70.11414,10.2,22.0,21.0,BACCHUS,IMO8990677,ZGDS9,37,5,43,8,2.0,37,A
319060900,2021-08-02T23:38:45,42.38633,-70.13353,10.5,21.9,22.0,BACCHUS,IMO8990677,ZGDS9,37,5,43,8,2.0,37,A
319060900,2021-08-02T23:40:05,42.38992,-70.13150,10.5,23.1,23.0,BACCHUS,IMO8990677,ZGDS9,37,5,43,8,2.0,37,A
319060900,2021-08-02T23:41:17,42.39313,-70.12970,10.5,23.0,23.0,BACCHUS,IMO8990677,ZGDS9,37,5,43,8,2.0,37,A
319060900,2021-08-02T23:42:26,42.39616,-70.12794,10.4,22.8,23.0,BACCHUS,IMO8990677,ZGDS9,37,5,43,8,2.0,37,A
368025320,2021-06-23T23:35:54,42.38834,-70.13045,12.7,33.0,36.0,MARIE,,WDJ9361,37,0,39,7,3.0,37,A
368025320,2021-06-23T23:37:04,42.39176,-70.12738,12.6,32.6,36.0,MARIE,,WDJ9361,37,0,39,7,3.0,37,A
368025320,2021-06-23T23:38:15,42.39527,-70.12423,12.6,33.3,35.0,MARIE,,WDJ9361,37,0,39,7,3.0,37,A
368025320,2021-06-23T23:39:25,42.39859,-70.12120,12.6,34.3,35.0,MARIE,,WDJ9361,37,0,39,7,3.0,37,A
368025320,2021-06-23T23:40:34,42.40201,-70.11814,12.7,33.0,36.0,MARIE,,WDJ9361,37,0,39,7,3.0,37,A
368025320,2021-06-23T23:41:44,42.40548,-70.11506,12.8,33.6,38.0,MARIE,,WDJ9361,37,0,39,7,3.0,37,A
368025320,2021-06-23T23:42:55,42.40899,-70.11193,13.0,31.6,37.0,MARIE,,WDJ9361,37,0,39,7,3.0,37,A
368025320,2021-06-23T23:44:05,42.41241,-70.10883,12.8,30.6,35.0,MARIE,,WDJ9361,37,0,39,7,3.0,37,A
368025320,2021-06-23T23:45:15,42.41583,-70.10584,12.3,35.2,39.0,MARIE,,WDJ9361,37,0,39,7,3.0,37,A
368025320,2021-06-23T23:46:24,42.41907,-70.10271,12.5,36.9,41.0,MARIE,,WDJ9361,37,0,39,7,3.0,37,A
316012693,2021-08-12T16:17:29,42.39807,-70.11447,6.9,23.8,511.0,DIVONA SEA,,VG6781,37,,15,4,1.3,,B
316012693,2021-08-12T16:20:29,42.40325,-70.11121,6.9,23.2,511.0,DIVONA SEA,,VG6781,37,,15,4,1.3,,B
367371810,2021-08-12T18:02:21,42.38612,-70.14158,8.2,22.1,19.0,MAGOTHY,IMO9544205,WDE5803,31,12,30,10,3.9,31,A
367371810,2021-08-12T18:03:31,42.38852,-70.14021,8.2,22.6,18.0,MAGOTHY,IMO9544205,WDE5803,31,12,30,10,3.9,31,A
367371810,2021-08-12T18:05:31,42.39267,-70.13784,8.2,23.0,16.0,MAGOTHY,IMO9544205,WDE5803,31,12,30,10,3.9,31,A
367371810,2021-08-12T18:06:32,42.39487,-70.13669,8.2,21.8,17.0,MAGOTHY,IMO9544205,WDE5803,31,12,30,10,3.9,31,A
367371810,2021-08-12T18:08:02,42.39804,-70.13497,8.2,21.3,17.0,MAGOTHY,IMO9544205,WDE5803,31,12,30,10,3.9,31,A
367371810,2021-08-12T18:09:11,42.40044,-70.13369,8.1,22.2,17.0,MAGOTHY,IMO9544205,WDE5803,31,12,30,10,3.9,31,A
367371810,2021-08-12T18:10:22,42.40292,-70.13233,8.0,22.0,16.0,MAGOTHY,IMO9544205,WDE5803,31,12,30,10,3.9,31,A
367371810,2021-08-12T18:12:12,42.40675,-70.13031,8.1,20.0,16.0,MAGOTHY,IMO9544205,WDE5803,31,12,30,10,3.9,31,A
367371810,2021-08-12T18:13:32,42.40954,-70.12883,8.0,22.3,16.0,MAGOTHY,IMO9544205,WDE5803,31,12,30,10,3.9,31,A
367371810,2021-08-12T18:15:22,42.41330,-70.12671,8.1,22.7,16.0,MAGOTHY,IMO9544205,WDE5803,31,12,30,10,3.9,31,A
367371810,2021-08-12T18:16:42,42.41603,-70.12516,8.1,23.0,16.0,MAGOTHY,IMO9544205,WDE5803,31,12,30,10,3.9,31,A
367371810,2021-08-12T18:18:12,42.41916,-70.12339,8.1,22.6,16.0,MAGOTHY,IMO9544205,WDE5803,31,12,30,10,3.9,31,A
367371810,2021-08-12T18:19:22,42.42157,-70.12203,8.0,22.2,16.0,MAGOTHY,IMO9544205,WDE5803,31,12,30,10,3.9,31,A
367588340,2021-08-29T01:32:59,42.39736,-70.10241,8.0,206.5,511.0,SOUTHERN YANKEE,,WDG9492,37,,13,,,,B
538004293,2021-10-26T17:18:47,42.38680,-70.12129,15.0,243.6,246.0,NORTHERN LIGHT,IMO9318022,V7WG4,80,0,183,32,13.3,89,A
538004293,2021-10-26T17:15:11,42.39331,-70.10302,15.1,244.0,245.0,NORTHERN LIGHT,IMO9318022,V7WG4,80,0,183,32,13.3,89,A
538004293,2021-10-26T17:16:22,42.39114,-70.10911,15.0,244.3,245.0,NORTHERN LIGHT,IMO9318022,V7WG4,80,0,183,32,13.3,89,A
219028015,2021-05-11T05:11:38,42.42109,-70.12977,9.5,153.9,156.0,NORD AMAZON,IMO9826457,OZKJ2,70,0,200,32,6.9,70,A
219028015,2021-05-11T05:12:49,42.41828,-70.12790,9.5,154.3,156.0,NORD AMAZON,IMO9826457,OZKJ2,70,0,200,32,6.9,70,A
219028015,2021-05-11T05:13:58,42.41555,-70.12612,9.6,154.4,156.0,NORD AMAZON,IMO9826457,OZKJ2,70,0,200,32,6.9,70,A
219028015,2021-05-11T05:14:59,42.41313,-70.12454,9.6,154.3,156.0,NORD AMAZON,IMO9826457,OZKJ2,70,0,200,32,6.9,70,A
219028015,2021-05-11T05:16:08,42.41039,-70.12278,9.5,154.3,156.0,NORD AMAZON,IMO9826457,OZKJ2,70,0,200,32,6.9,70,A
219028015,2021-05-11T05:17:19,42.40752,-70.12091,9.5,154.1,156.0,NORD AMAZON,IMO9826457,OZKJ2,70,0,200,32,6.9,70,A
219028015,2021-05-11T05:18:29,42.40473,-70.11907,9.6,154.0,156.0,NORD AMAZON,IMO9826457,OZKJ2,70,0,200,32,6.9,70,A
219028015,2021-05-11T05:19:50,42.40145,-70.11689,9.6,153.8,156.0,NORD AMAZON,IMO9826457,OZKJ2,70,0,200,32,6.9,70,A
219028015,2021-05-11T05:20:58,42.39875,-70.11510,9.6,153.6,156.0,NORD AMAZON,IMO9826457,OZKJ2,70,0,200,32,6.9,70,A
219028015,2021-05-11T05:22:09,42.39585,-70.11317,9.6,153.9,156.0,NORD AMAZON,IMO9826457,OZKJ2,70,0,200,32,6.9,70,A
219028015,2021-05-11T05:23:19,42.39302,-70.11131,9.6,154.0,156.0,NORD AMAZON,IMO9826457,OZKJ2,70,0,200,32,6.9,70,A
219028015,2021-05-11T05:24:30,42.39022,-70.10945,9.6,153.8,156.0,NORD AMAZON,IMO9826457,OZKJ2,70,0,200,32,6.9,70,A
219028015,2021-05-11T05:25:39,42.38742,-70.10760,9.7,153.6,156.0,NORD AMAZON,IMO9826457,OZKJ2,70,0,200,32,6.9,70,A
248307000,2021-12-14T19:39:29,42.42143,-70.14918,10.0,145.1,144.0,SEASPEED,IMO9763045,9HA4602,80,0,180,28,9.0,80,A
248307000,2021-12-14T19:41:50,42.41607,-70.14416,9.9,145.5,144.0,SEASPEED,IMO9763045,9HA4602,80,0,180,28,9.0,80,A
248307000,2021-12-14T19:43:21,42.41262,-70.14094,9.9,145.3,144.0,SEASPEED,IMO9763045,9HA4602,80,0,180,28,9.0,80,A
248307000,2021-12-14T19:44:30,42.41005,-70.13853,9.9,145.7,144.0,SEASPEED,IMO9763045,9HA4602,80,0,180,28,9.0,80,A
248307000,2021-12-14T19:45:50,42.40702,-70.13567,9.9,144.9,145.0,SEASPEED,IMO9763045,9HA4602,80,0,180,28,9.0,80,A
248307000,2021-12-14T19:47:00,42.40440,-70.13328,9.9,145.7,144.0,SEASPEED,IMO9763045,9HA4602,80,0,180,28,9.0,80,A
248307000,2021-12-14T19:48:10,42.40169,-70.13079,9.9,146.1,144.0,SEASPEED,IMO9763045,9HA4602,80,0,180,28,9.0,80,A
248307000,2021-12-14T19:49:30,42.39866,-70.12798,9.9,145.6,144.0,SEASPEED,IMO9763045,9HA4602,80,0,180,28,9.0,80,A
248307000,2021-12-14T19:50:40,42.39597,-70.12553,9.9,145.5,144.0,SEASPEED,IMO9763045,9HA4602,80,0,180,28,9.0,80,A
248307000,2021-12-14T19:51:51,42.39326,-70.12307,9.9,146.2,145.0,SEASPEED,IMO9763045,9HA4602,80,0,180,28,9.0,80,A
248307000,2021-12-14T19:53:00,42.39062,-70.12068,9.9,146.6,144.0,SEASPEED,IMO9763045,9HA4602,80,0,180,28,9.0,80,A
248307000,2021-12-14T19:54:11,42.38795,-70.11826,9.9,146.5,144.0,SEASPEED,IMO9763045,9HA4602,80,0,180,28,9.0,80,A
367668270,2021-09-14T02:37:08,42.40032,-70.10786,6.5,203.4,511.0,ARTEMIS,,WDH9458,37,,11,,,,B
367668270,2021-09-14T02:40:37,42.39458,-70.11126,6.5,203.0,511.0,ARTEMIS,,WDH9458,37,,11,,,,B
367668270,2021-09-14T02:42:07,42.39214,-70.11273,6.4,204.3,511.0,ARTEMIS,,WDH9458,37,,11,,,,B
367668270,2021-09-14T02:44:07,42.38885,-70.11482,6.4,205.3,511.0,ARTEMIS,,WDH9458,37,,11,,,,B
338091000,2021-08-10T05:35:23,42.40355,-70.10159,6.9,200.1,511.0,JUNO,,WDB5701,36,,,,,,B
338091000,2021-08-10T05:37:54,42.39868,-70.10396,7.9,196.5,511.0,JUNO,,WDB5701,36,,,,,,B
338091000,2021-08-10T05:39:24,42.39566,-70.10515,8.8,202.6,511.0,JUNO,,WDB5701,36,,,,,,B
338091000,2021-08-10T05:42:53,42.38859,-70.10786,8.4,190.5,511.0,JUNO,,WDB5701,36,,,,,,B
338091000,2021-08-10T05:43:54,42.38662,-70.10881,8.7,188.4,511.0,JUNO,,WDB5701,36,,,,,,B
367594499,2021-10-06T20:44:51,42.42149,-70.12496,9.4,193.7,193.0,TRIXIE,IMO9876543,WDH2112,37,0,24,7,2.4,37,A
367594499,2021-10-06T20:46:11,42.41813,-70.12615,9.3,195.6,194.0,TRIXIE,IMO9876543,WDH2112,37,0,24,7,2.4,37,A
367594499,2021-10-06T20:47:20,42.41525,-70.12717,9.3,193.9,193.0,TRIXIE,IMO9876543,WDH2112,37,0,24,7,2.4,37,A
367594499,2021-10-06T20:48:30,42.41227,-70.12821,9.3,193.9,193.0,TRIXIE,IMO9876543,WDH2112,37,0,24,7,2.4,37,A
367594499,2021-10-06T20:49:31,42.40977,-70.12907,9.3,195.1,194.0,TRIXIE,IMO9876543,WDH2112,37,0,24,7,2.4,37,A
367594499,2021-10-06T20:50:40,42.40681,-70.13021,9.3,194.8,192.0,TRIXIE,IMO9876543,WDH2112,37,0,24,7,2.4,37,A
367594499,2021-10-06T20:51:41,42.40426,-70.13107,9.4,195.1,194.0,TRIXIE,IMO9876543,WDH2112,37,0,24,7,2.4,37,A
367594499,2021-10-06T20:52:50,42.40137,-70.13209,9.3,196.9,197.0,TRIXIE,IMO9876543,WDH2112,37,0,24,7,2.4,37,A
367594499,2021-10-06T20:54:00,42.39838,-70.13318,9.4,194.7,192.0,TRIXIE,IMO9876543,WDH2112,37,0,24,7,2.4,37,A
367594499,2021-10-06T20:55:01,42.39582,-70.13400,9.4,194.6,195.0,TRIXIE,IMO9876543,WDH2112,37,0,24,7,2.4,37,A
367594499,2021-10-06T20:56:09,42.39294,-70.13505,9.3,194.5,193.0,TRIXIE,IMO9876543,WDH2112,37,0,24,7,2.4,37,A
367594499,2021-10-06T20:57:11,42.39044,-70.13595,9.3,197.3,195.0,TRIXIE,IMO9876543,WDH2112,37,0,24,7,2.4,37,A
367594499,2021-10-06T20:58:31,42.38701,-70.13714,9.3,193.8,192.0,TRIXIE,IMO9876543,WDH2112,37,0,24,7,2.4,37,A
563015400,2021-06-29T20:28:57,42.41598,-70.14784,13.0,143.7,146.0,MEDI ASTORIA,IMO9806770,9V3075,70,0,,,,70,A
563015400,2021-06-29T20:30:07,42.41264,-70.14452,13.0,143.5,146.0,MEDI ASTORIA,IMO9806770,9V3075,70,0,,,,70,A
563015400,2021-06-29T20:31:16,42.40928,-70.14124,13.0,144.4,146.0,MEDI ASTORIA,IMO9806770,9V3075,70,0,,,,70,A
563015400,2021-06-29T20:32:26,42.40588,-70.13788,13.0,144.0,147.0,MEDI ASTORIA,IMO9806770,9V3075,70,0,,,,70,A
563015400,2021-06-29T20:33:27,42.40289,-70.13496,13.0,143.9,146.0,MEDI ASTORIA,IMO9806770,9V3075,70,0,,,,70,A
563015400,2021-06-29T20:34:37,42.39948,-70.13160,13.0,143.8,146.0,MEDI ASTORIA,IMO9806770,9V3075,70,0,,,,70,A
563015400,2021-06-29T20:35:47,42.39607,-70.12824,13.0,143.9,148.0,MEDI ASTORIA,IMO9806770,9V3075,70,0,,,,70,A
563015400,2021-06-29T20:36:57,42.39267,-70.12500,13.0,144.3,148.0,MEDI ASTORIA,IMO9806770,9V3075,70,0,,,,70,A
563015400,2021-06-29T20:38:06,42.38921,-70.12171,13.0,145.1,148.0,MEDI ASTORIA,IMO9806770,9V3075,70,0,,,,70,A
563015400,2021-06-29T20:39:07,42.38613,-70.11880,13.0,144.6,148.0,MEDI ASTORIA,IMO9806770,9V3075,70,0,,,,70,A
366839940,2021-09-17T05:34:58,42.41434,-70.10482,9.4,262.5,511.0,AMERICA,IMO8990574,WDA7127,30,,23,7,,,B
366839940,2021-09-17T05:35:59,42.41404,-70.10844,9.8,263.5,511.0,AMERICA,IMO8990574,WDA7127,30,,23,7,,,B
366839940,2021-09-17T05:46:29,42.41114,-70.14612,9.7,266.0,511.0,AMERICA,IMO8990574,WDA7127,30,,23,7,,,B
366839940,2021-09-20T03:38:25,42.41447,-70.14684,8.4,85.8,511.0,AMERICA,IMO8990574,WDA7127,30,,23,7,,,B
366839940,2021-09-20T03:40:25,42.41476,-70.14056,8.3,99.2,511.0,AMERICA,IMO8990574,WDA7127,30,,23,7,,,B
366839940,2021-09-20T03:42:24,42.41431,-70.13421,9.1,90.1,511.0,AMERICA,IMO8990574,WDA7127,30,,23,7,,,B
366839940,2021-09-20T03:43:25,42.41432,-70.13086,7.9,87.8,511.0,AMERICA,IMO8990574,WDA7127,30,,23,7,,,B
366839940,2021-09-20T03:45:54,42.41463,-70.12293,8.1,87.7,511.0,AMERICA,IMO8990574,WDA7127,30,,23,7,,,B
366839940,2021-09-20T03:47:24,42.41488,-70.11806,8.7,86.8,511.0,AMERICA,IMO8990574,WDA7127,30,,23,7,,,B
366839940,2021-09-20T03:49:24,42.41520,-70.11157,9.0,85.1,511.0,AMERICA,IMO8990574,WDA7127,30,,23,7,,,B
366839940,2021-09-20T03:50:55,42.41545,-70.10676,8.6,82.2,511.0,AMERICA,IMO8990574,WDA7127,30,,23,7,,,B
338179747,2021-06-02T11:28:11,42.39174,-70.12296,22.0,23.6,511.0,SLAINTE,,,37,,14,,,,B
338179747,2021-06-02T11:29:39,42.40002,-70.11805,21.8,22.3,511.0,SLAINTE,,,37,,14,,,,B
338179747,2021-06-02T11:30:40,42.40565,-70.11467,21.9,24.3,511.0,SLAINTE,,,37,,14,,,,B
338179747,2021-06-02T11:31:41,42.41129,-70.11131,22.7,21.5,511.0,SLAINTE,,,37,,14,,,,B
338179747,2021-06-02T11:33:09,42.41946,-70.10642,21.9,22.7,511.0,SLAINTE,,,37,,14,,,,B
368014000,2021-04-06T00:15:36,42.40456,-70.11876,10.2,37.7,36.0,CG SYCAMORE,IMO9259939,NTGG,90,0,68,14,4.0,90,A
368000730,2021-08-08T12:56:45,42.38885,-70.12334,10.7,15.0,13.0,BUCKPASSER,,WDJ6840,37,0,34,7,,37,A
368000730,2021-08-08T12:58:00,42.39248,-70.12210,10.7,14.0,13.0,BUCKPASSER,,WDJ6840,37,0,34,7,,37,A
368000730,2021-08-08T12:59:03,42.39549,-70.12103,10.8,15.2,12.0,BUCKPASSER,,WDJ6840,37,0,34,7,,37,A
368000730,2021-08-08T13:00:08,42.39865,-70.11993,10.7,15.7,13.0,BUCKPASSER,,WDJ6840,37,0,34,7,,37,A
368000730,2021-08-08T13:01:16,42.40178,-70.11881,10.6,15.2,13.0,BUCKPASSER,,WDJ6840,37,0,34,7,,37,A
368000730,2021-08-08T13:02:18,42.40485,-70.11769,10.7,15.0,13.0,BUCKPASSER,,WDJ6840,37,0,34,7,,37,A
368000730,2021-08-08T13:03:28,42.40834,-70.11653,10.8,14.9,13.0,BUCKPASSER,,WDJ6840,37,0,34,7,,37,A
368000730,2021-08-08T13:04:30,42.41130,-70.11541,10.8,14.4,13.0,BUCKPASSER,,WDJ6840,37,0,34,7,,37,A
368000730,2021-08-08T13:05:47,42.41506,-70.11423,10.9,15.1,12.0,BUCKPASSER,,WDJ6840,37,0,34,7,,37,A
368000730,2021-08-08T13:07:05,42.41884,-70.11271,10.9,14.6,12.0,BUCKPASSER,,WDJ6840,37,0,34,7,,37,A
368000730,2021-08-08T13:08:07,42.42189,-70.11162,10.8,14.6,11.0,BUCKPASSER,,WDJ6840,37,0,34,7,,37,A
367594499,2021-07-20T13:08:22,42.39487,-70.13494,8.2,18.2,16.0,TRIXIE,IMO9876543,WDH2112,37,0,24,7,2.4,37,A
367594499,2021-07-20T13:09:31,42.39723,-70.13349,8.3,22.7,18.0,TRIXIE,IMO9876543,WDH2112,37,0,24,7,2.4,37,A
367594499,2021-07-20T13:10:41,42.39985,-70.13231,8.1,15.9,14.0,TRIXIE,IMO9876543,WDH2112,37,0,24,7,2.4,37,A
367594499,2021-07-20T13:11:42,42.40205,-70.13150,8.1,14.4,9.0,TRIXIE,IMO9876543,WDH2112,37,0,24,7,2.4,37,A
367594499,2021-07-20T13:12:52,42.40462,-70.13085,8.0,11.4,7.0,TRIXIE,IMO9876543,WDH2112,37,0,24,7,2.4,37,A
367594499,2021-07-20T13:14:02,42.40717,-70.12984,8.2,13.3,9.0,TRIXIE,IMO9876543,WDH2112,37,0,24,7,2.4,37,A
367594499,2021-07-20T13:15:21,42.41011,-70.12915,8.2,7.7,7.0,TRIXIE,IMO9876543,WDH2112,37,0,24,7,2.4,37,A
367594499,2021-07-20T13:16:31,42.41271,-70.12854,8.4,8.8,9.0,TRIXIE,IMO9876543,WDH2112,37,0,24,7,2.4,37,A
367594499,2021-07-20T13:17:41,42.41525,-70.12751,7.9,15.8,12.0,TRIXIE,IMO9876543,WDH2112,37,0,24,7,2.4,37,A
367594499,2021-07-20T13:18:42,42.41744,-70.12683,8.0,13.1,10.0,TRIXIE,IMO9876543,WDH2112,37,0,24,7,2.4,37,A
367594499,2021-07-20T13:19:52,42.42004,-70.12605,8.3,15.4,17.0,TRIXIE,IMO9876543,WDH2112,37,0,24,7,2.4,37,A
367594499,2021-07-20T13:04:50,42.38699,-70.13768,8.3,16.1,12.0,TRIXIE,IMO9876543,WDH2112,37,0,24,7,2.4,37,A
367594499,2021-07-20T13:06:01,42.38961,-70.13676,8.3,12.3,8.0,TRIXIE,IMO9876543,WDH2112,37,0,24,7,2.4,37,A
367594499,2021-07-20T13:07:12,42.39228,-70.13585,8.3,13.8,10.0,TRIXIE,IMO9876543,WDH2112,37,0,24,7,2.4,37,A
366790260,2021-07-29T22:13:38,42.39389,-70.14384,7.6,23.2,511.0,WILD THING,,WDA2580,37,,21,5,,,B
366790260,2021-07-29T22:16:08,42.39795,-70.14132,7.0,38.7,511.0,WILD THING,,WDA2580,37,,21,5,,,B
366790260,2021-07-29T22:18:38,42.40213,-70.13862,7.3,10.0,511.0,WILD THING,,WDA2580,37,,21,5,,,B
366790260,2021-07-29T22:19:39,42.40396,-70.13748,6.9,25.4,511.0,WILD THING,,WDA2580,37,,21,5,,,B
366790260,2021-07-29T22:22:40,42.40888,-70.13429,7.3,30.0,511.0,WILD THING,,WDA2580,37,,21,5,,,B
366790260,2021-07-29T22:26:39,42.41492,-70.13015,6.6,5.9,511.0,WILD THING,,WDA2580,37,,21,5,,,B
366790260,2021-07-29T22:30:41,42.42110,-70.12629,6.8,36.7,511.0,WILD THING,,WDA2580,37,,21,5,,,B
367754280,2021-08-25T10:12:44,42.41940,-70.14888,7.3,203.2,511.0,ALORA,,WDJ2003,37,,,,,,B
368014000,2021-04-11T21:41:36,42.42131,-70.14419,14.7,190.8,192.0,CG SYCAMORE,IMO9259939,NTGG,90,0,68,14,4.0,90,A
368014000,2021-04-11T21:42:48,42.41673,-70.14544,13.8,187.7,191.0,CG SYCAMORE,IMO9259939,NTGG,90,0,68,14,4.0,90,A
368014000,2021-04-11T21:43:49,42.41285,-70.14650,14.1,192.2,191.0,CG SYCAMORE,IMO9259939,NTGG,90,0,68,14,4.0,90,A
368014000,2021-04-11T21:44:53,42.40880,-70.14761,13.6,191.6,192.0,CG SYCAMORE,IMO9259939,NTGG,90,0,68,14,4.0,90,A
368014000,2021-04-11T21:45:59,42.40459,-70.14876,14.1,189.3,193.0,CG SYCAMORE,IMO9259939,NTGG,90,0,68,14,4.0,90,A
368000730,2021-08-26T19:35:58,42.42141,-70.11599,10.6,195.3,198.0,BUCKPASSER,,WDJ6840,37,0,34,7,,37,A
368000730,2021-08-26T19:37:18,42.41757,-70.11726,10.7,192.8,196.0,BUCKPASSER,,WDJ6840,37,0,34,7,,37,A
368000730,2021-08-26T19:39:07,42.41227,-70.11861,10.7,190.4,194.0,BUCKPASSER,,WDJ6840,37,0,34,7,,37,A
368000730,2021-08-26T19:40:18,42.40883,-70.11948,10.7,191.3,196.0,BUCKPASSER,,WDJ6840,37,0,34,7,,37,A
368000730,2021-08-26T19:41:28,42.40547,-70.12048,10.5,194.2,199.0,BUCKPASSER,,WDJ6840,37,0,34,7,,37,A
368000730,2021-08-26T19:42:39,42.40212,-70.12163,10.6,193.9,198.0,BUCKPASSER,,WDJ6840,37,0,34,7,,37,A
368000730,2021-08-26T19:43:47,42.39887,-70.12273,10.7,194.4,198.0,BUCKPASSER,,WDJ6840,37,0,34,7,,37,A
368000730,2021-08-26T19:44:53,42.39573,-70.12387,10.6,195.1,198.0,BUCKPASSER,,WDJ6840,37,0,34,7,,37,A
368000730,2021-08-26T19:46:07,42.39216,-70.12496,10.7,191.6,195.0,BUCKPASSER,,WDJ6840,37,0,34,7,,37,A
368000730,2021-08-26T19:47:17,42.38876,-70.12582,10.7,190.8,195.0,BUCKPASSER,,WDJ6840,37,0,34,7,,37,A
367371810,2021-08-14T19:01:32,42.38925,-70.14284,8.1,202.1,201.0,MAGOTHY,IMO9544205,WDE5803,31,11,30,10,3.9,31,A
367371810,2021-08-14T18:47:30,42.41820,-70.12621,8.2,205.7,206.0,MAGOTHY,IMO9544205,WDE5803,31,11,30,10,3.9,31,A
367371810,2021-08-14T18:48:41,42.41580,-70.12776,8.0,206.0,205.0,MAGOTHY,IMO9544205,WDE5803,31,11,30,10,3.9,31,A
367371810,2021-08-14T18:49:51,42.41341,-70.12924,8.1,204.2,203.0,MAGOTHY,IMO9544205,WDE5803,31,11,30,10,3.9,31,A
367371810,2021-08-14T18:52:51,42.40716,-70.13275,8.1,202.3,202.0,MAGOTHY,IMO9544205,WDE5803,31,11,30,10,3.9,31,A
367371810,2021-08-14T18:54:11,42.40443,-70.13429,8.1,201.8,203.0,MAGOTHY,IMO9544205,WDE5803,31,11,30,10,3.9,31,A
367371810,2021-08-14T18:55:22,42.40197,-70.13577,8.2,204.8,204.0,MAGOTHY,IMO9544205,WDE5803,31,11,30,10,3.9,31,A
367371810,2021-08-14T18:56:31,42.39958,-70.13715,8.1,203.3,203.0,MAGOTHY,IMO9544205,WDE5803,31,11,30,10,3.9,31,A
367371810,2021-08-14T18:57:41,42.39721,-70.13849,8.1,202.0,202.0,MAGOTHY,IMO9544205,WDE5803,31,11,30,10,3.9,31,A
367371810,2021-08-14T18:59:02,42.39439,-70.14003,8.0,201.2,202.0,MAGOTHY,IMO9544205,WDE5803,31,11,30,10,3.9,31,A
367371810,2021-08-14T19:00:21,42.39168,-70.14150,8.0,202.2,201.0,MAGOTHY,IMO9544205,WDE5803,31,11,30,10,3.9,31,A
367769430,2021-05-28T01:32:27,42.42052,-70.14504,5.5,227.9,511.0,AILEEN,,WDJ3590,37,,20,5,,,B
367769430,2021-05-28T01:33:28,42.41925,-70.14594,4.9,208.7,511.0,AILEEN,,WDJ3590,37,,20,5,,,B
367769430,2021-05-28T01:34:57,42.41734,-70.14718,4.4,221.5,511.0,AILEEN,,WDJ3590,37,,20,5,,,B
367769430,2021-05-28T01:36:57,42.41479,-70.14889,5.4,217.4,511.0,AILEEN,,WDJ3590,37,,20,5,,,B
367017980,2021-07-05T18:52:49,42.38816,-70.14283,6.5,5.5,511.0,LOVER OF THE LIGHT,,WDL4684,36,,17,3,,,B
367017980,2021-07-05T18:54:19,42.39030,-70.14207,5.5,9.9,511.0,LOVER OF THE LIGHT,,WDL4684,36,,17,3,,,B
367017980,2021-07-05T18:55:49,42.39253,-70.14149,5.1,9.8,511.0,LOVER OF THE LIGHT,,WDL4684,36,,17,3,,,B
367017980,2021-07-05T18:56:50,42.39396,-70.14120,5.4,6.0,511.0,LOVER OF THE LIGHT,,WDL4684,36,,17,3,,,B
367017980,2021-07-05T18:58:21,42.39618,-70.14071,5.1,7.5,511.0,LOVER OF THE LIGHT,,WDL4684,36,,17,3,,,B
367017980,2021-07-05T18:59:50,42.39842,-70.14023,5.2,11.4,511.0,LOVER OF THE LIGHT,,WDL4684,36,,17,3,,,B
367017980,2021-07-05T19:00:21,42.39921,-70.14010,5.2,6.2,511.0,LOVER OF THE LIGHT,,WDL4684,36,,17,3,,,B
367017980,2021-07-05T19:01:49,42.40143,-70.13955,4.4,15.7,511.0,LOVER OF THE LIGHT,,WDL4684,36,,17,3,,,B
367017980,2021-07-05T19:02:50,42.40294,-70.13914,6.5,19.2,511.0,LOVER OF THE LIGHT,,WDL4684,36,,17,3,,,B
367017980,2021-07-05T19:04:20,42.40517,-70.13859,6.2,9.0,511.0,LOVER OF THE LIGHT,,WDL4684,36,,17,3,,,B
367017980,2021-07-05T19:05:49,42.40731,-70.13789,5.5,11.2,511.0,LOVER OF THE LIGHT,,WDL4684,36,,17,3,,,B
367017980,2021-07-05T19:07:20,42.40955,-70.13747,6.0,4.3,511.0,LOVER OF THE LIGHT,,WDL4684,36,,17,3,,,B
367017980,2021-07-05T19:08:51,42.41187,-70.13701,5.3,3.1,511.0,LOVER OF THE LIGHT,,WDL4684,36,,17,3,,,B
367017980,2021-07-05T19:10:19,42.41408,-70.13648,4.7,11.3,511.0,LOVER OF THE LIGHT,,WDL4684,36,,17,3,,,B
367017980,2021-07-05T19:11:51,42.41636,-70.13604,5.0,9.3,511.0,LOVER OF THE LIGHT,,WDL4684,36,,17,3,,,B
367017980,2021-07-05T19:13:19,42.41846,-70.13542,5.8,18.1,511.0,LOVER OF THE LIGHT,,WDL4684,36,,17,3,,,B
367017980,2021-07-05T19:14:51,42.42079,-70.13477,5.5,7.0,511.0,LOVER OF THE LIGHT,,WDL4684,36,,17,3,,,B
368102530,2021-07-15T13:53:44,42.42098,-70.11716,10.0,198.5,511.0,FRANCIS DAWN,,WDK9319,30,,28,10,,,B
368102530,2021-07-15T14:05:45,42.39106,-70.13272,9.8,199.4,511.0,FRANCIS DAWN,,WDK9319,30,,28,10,,,B
368102530,2021-07-15T14:04:16,42.39469,-70.13082,9.3,203.7,511.0,FRANCIS DAWN,,WDK9319,30,,28,10,,,B
367530120,2021-07-11T00:12:19,42.41725,-70.14893,8.4,43.8,511.0,TERA LYNN II,,WDG5016,30,,17,6,,,B
368102530,2021-07-15T13:56:44,42.41348,-70.12104,9.4,202.8,511.0,FRANCIS DAWN,,WDK9319,30,,28,10,,,B
368102530,2021-07-15T13:58:13,42.40978,-70.12294,9.5,200.0,511.0,FRANCIS DAWN,,WDK9319,30,,28,10,,,B
368102530,2021-07-15T13:59:15,42.40719,-70.12429,9.4,201.7,511.0,FRANCIS DAWN,,WDK9319,30,,28,10,,,B
368102530,2021-07-15T14:00:14,42.40474,-70.12556,9.3,201.6,511.0,FRANCIS DAWN,,WDK9319,30,,28,10,,,B
368102530,2021-07-15T14:07:13,42.38735,-70.13463,9.6,204.8,511.0,FRANCIS DAWN,,WDK9319,30,,28,10,,,B
368102530,2021-07-15T14:03:13,42.39729,-70.12947,9.6,201.3,511.0,FRANCIS DAWN,,WDK9319,30,,28,10,,,B
338232851,2021-07-23T05:02:26,42.39600,-70.13653,7.2,27.8,511.0,VARUNA,,WDI4502,36,,12,4,,,B
338232851,2021-07-23T05:03:56,42.39861,-70.13529,7.2,15.6,511.0,VARUNA,,WDI4502,36,,12,4,,,B
338379011,2021-07-31T21:49:35,42.38709,-70.10353,6.2,32.1,511.0,ATLANTIS,,,36,,11,4,,,B
338379011,2021-07-31T21:51:05,42.38924,-70.10178,6.1,32.2,511.0,ATLANTIS,,,36,,11,4,,,B
338239935,2021-08-06T10:22:30,42.40443,-70.12551,6.4,202.8,511.0,KINGFISH,,WDL6961,36,,14,4,,,B
338239935,2021-08-06T10:25:29,42.39954,-70.12880,6.8,206.1,511.0,KINGFISH,,WDL6961,36,,14,4,,,B
338379011,2021-08-13T10:52:30,42.41969,-70.10402,5.8,207.2,511.0,ATLANTIS,,,36,,11,4,,,B
338379011,2021-08-13T10:53:59,42.41753,-70.10534,5.8,204.7,511.0,ATLANTIS,,,36,,11,4,,,B
338379011,2021-08-13T10:55:30,42.41521,-70.10678,5.7,202.7,511.0,ATLANTIS,,,36,,11,4,,,B
338379011,2021-08-13T10:56:59,42.41293,-70.10804,5.9,200.1,511.0,ATLANTIS,,,36,,11,4,,,B
338379011,2021-08-13T10:58:31,42.41057,-70.10932,6.0,201.9,511.0,ATLANTIS,,,36,,11,4,,,B
338379011,2021-08-13T11:00:00,42.40833,-70.11048,5.6,204.0,511.0,ATLANTIS,,,36,,11,4,,,B
338379011,2021-08-13T11:00:31,42.40756,-70.11091,6.0,199.4,511.0,ATLANTIS,,,36,,11,4,,,B
338379011,2021-08-13T11:02:31,42.40462,-70.11260,5.8,200.5,511.0,ATLANTIS,,,36,,11,4,,,B
338379011,2021-08-13T11:04:00,42.40246,-70.11381,5.8,204.8,511.0,ATLANTIS,,,36,,11,4,,,B
338379011,2021-08-13T11:05:31,42.40027,-70.11506,5.9,199.7,511.0,ATLANTIS,,,36,,11,4,,,B
338379011,2021-08-13T11:07:00,42.39816,-70.11638,5.9,206.7,511.0,ATLANTIS,,,36,,11,4,,,B
338379011,2021-08-13T11:08:29,42.39604,-70.11763,5.4,202.9,511.0,ATLANTIS,,,36,,11,4,,,B
338379011,2021-08-13T11:10:00,42.39392,-70.11891,5.6,202.3,511.0,ATLANTIS,,,36,,11,4,,,B
338379011,2021-08-13T11:11:29,42.39179,-70.12027,5.9,204.1,511.0,ATLANTIS,,,36,,11,4,,,B
338379011,2021-08-13T11:13:00,42.38964,-70.12161,5.7,205.8,511.0,ATLANTIS,,,36,,11,4,,,B
338379011,2021-08-13T11:14:33,42.38744,-70.12296,5.5,207.1,511.0,ATLANTIS,,,36,,11,4,,,B
368071830,2021-09-11T09:36:44,42.41927,-70.12149,8.2,198.7,204.0,EPIQUE,,WDK6161,36,,16,6,,,B
368071830,2021-09-11T09:38:14,42.41576,-70.12311,9.0,205.4,212.0,EPIQUE,,WDK6161,36,,16,6,,,B
368071830,2021-09-11T09:39:43,42.41233,-70.12476,9.0,201.0,202.0,EPIQUE,,WDK6161,36,,16,6,,,B
368071830,2021-09-11T09:42:15,42.40663,-70.12747,9.2,206.0,209.0,EPIQUE,,WDK6161,36,,16,6,,,B
368071830,2021-09-11T09:43:43,42.40325,-70.12916,8.3,196.5,203.0,EPIQUE,,WDK6161,36,,16,6,,,B
368071830,2021-09-11T09:45:14,42.39974,-70.13089,8.5,195.9,201.0,EPIQUE,,WDK6161,36,,16,6,,,B
368071830,2021-09-11T09:47:14,42.39508,-70.13312,8.4,193.5,204.0,EPIQUE,,WDK6161,36,,16,6,,,B
368071830,2021-09-11T09:48:44,42.39168,-70.13466,8.5,201.5,208.0,EPIQUE,,WDK6161,36,,16,6,,,B
368071830,2021-09-11T09:50:14,42.38822,-70.13635,8.7,195.8,204.0,EPIQUE,,WDK6161,36,,16,6,,,B
367796650,2021-09-14T13:32:24,42.42017,-70.10688,6.3,200.1,202.0,CARA,,WDJ6324,37,,16,6,,,B
367796650,2021-09-14T13:34:27,42.41715,-70.10820,6.3,193.8,200.0,CARA,,WDJ6324,37,,16,6,,,B
367796650,2021-09-14T13:35:59,42.41485,-70.10920,6.3,203.7,201.0,CARA,,WDJ6324,37,,16,6,,,B
367796650,2021-09-14T13:37:59,42.41183,-70.11065,5.5,192.4,201.0,CARA,,WDJ6324,37,,16,6,,,B
367796650,2021-09-14T13:39:06,42.41013,-70.11150,6.3,199.8,201.0,CARA,,WDJ6324,37,,16,6,,,B
367796650,2021-09-14T13:40:33,42.40802,-70.11253,6.3,196.3,201.0,CARA,,WDJ6324,37,,16,6,,,B
367796650,2021-09-14T13:41:34,42.40647,-70.11332,6.3,207.0,201.0,CARA,,WDJ6324,37,,16,6,,,B
367796650,2021-09-14T13:43:35,42.40343,-70.11488,6.3,201.2,201.0,CARA,,WDJ6324,37,,16,6,,,B
367796650,2021-09-14T13:45:06,42.40115,-70.11603,6.3,203.6,200.0,CARA,,WDJ6324,37,,16,6,,,B
367796650,2021-09-14T13:46:09,42.39947,-70.11692,6.3,201.7,201.0,CARA,,WDJ6324,37,,16,6,,,B
367796650,2021-09-14T13:48:41,42.39557,-70.11873,5.5,199.0,201.0,CARA,,WDJ6324,37,,16,6,,,B
367796650,2021-09-14T13:51:47,42.39103,-70.12082,5.5,201.1,200.0,CARA,,WDJ6324,37,,16,6,,,B
367796650,2021-09-14T13:52:48,42.38958,-70.12148,5.5,198.1,199.0,CARA,,WDJ6324,37,,16,6,,,B
367796650,2021-09-14T13:53:50,42.38812,-70.12215,6.3,186.4,202.0,CARA,,WDJ6324,37,,16,6,,,B
367796650,2021-09-14T13:54:52,42.38663,-70.12280,6.3,201.8,201.0,CARA,,WDJ6324,37,,16,6,,,B
368124750,2021-09-20T08:14:58,42.42119,-70.12961,6.1,199.9,511.0,DREAMWALKER,,WDL3762,36,,14,4,,,B
368124750,2021-09-20T08:16:27,42.41877,-70.13077,5.9,194.7,511.0,DREAMWALKER,,WDL3762,36,,14,4,,,B
368124750,2021-09-20T08:17:57,42.41638,-70.13207,6.2,198.8,511.0,DREAMWALKER,,WDL3762,36,,14,4,,,B
368124750,2021-09-20T08:19:27,42.41401,-70.13337,6.5,204.5,511.0,DREAMWALKER,,WDL3762,36,,14,4,,,B
368124750,2021-09-20T08:20:57,42.41164,-70.13467,6.3,197.7,511.0,DREAMWALKER,,WDL3762,36,,14,4,,,B
368124750,2021-09-20T08:22:27,42.40924,-70.13592,6.0,201.7,511.0,DREAMWALKER,,WDL3762,36,,14,4,,,B
368124750,2021-09-20T08:23:28,42.40768,-70.13684,5.8,202.2,511.0,DREAMWALKER,,WDL3762,36,,14,4,,,B
368124750,2021-09-20T08:24:59,42.40540,-70.13819,5.8,204.6,511.0,DREAMWALKER,,WDL3762,36,,14,4,,,B
368124750,2021-09-20T08:26:28,42.40304,-70.13961,6.1,200.4,511.0,DREAMWALKER,,WDL3762,36,,14,4,,,B
368124750,2021-09-20T08:28:57,42.39912,-70.14160,5.9,198.9,511.0,DREAMWALKER,,WDL3762,36,,14,4,,,B
368124750,2021-09-20T08:29:58,42.39757,-70.14245,6.0,202.4,511.0,DREAMWALKER,,WDL3762,36,,14,4,,,B
368124750,2021-09-20T08:31:28,42.39521,-70.14374,6.0,199.8,511.0,DREAMWALKER,,WDL3762,36,,14,4,,,B
368124750,2021-09-20T08:33:58,42.39134,-70.14583,6.1,201.4,511.0,DREAMWALKER,,WDL3762,36,,14,4,,,B
368124750,2021-09-20T08:35:27,42.38899,-70.14702,5.7,200.4,511.0,DREAMWALKER,,WDL3762,36,,14,4,,,B
368124750,2021-09-20T08:36:57,42.38660,-70.14819,6.4,202.0,511.0,DREAMWALKER,,WDL3762,36,,14,4,,,B
367615960,2021-08-09T09:21:09,42.42176,-70.11759,6.1,196.6,204.0,EASTERLY,,WDH4269,37,,11,,,,B
367707610,2021-07-13T19:49:18,42.42088,-70.14332,5.9,25.3,511.0,TENACIOUS,,WDI5343,37,,16,4,,,B
367707610,2021-07-13T19:43:49,42.41238,-70.14853,6.2,22.9,511.0,TENACIOUS,,WDI5343,37,,16,4,,,B
367707610,2021-07-13T19:45:49,42.41545,-70.14652,6.6,19.1,511.0,TENACIOUS,,WDI5343,37,,16,4,,,B
367707610,2021-07-13T19:47:18,42.41778,-70.14516,5.8,25.0,511.0,TENACIOUS,,WDI5343,37,,16,4,,,B
538006907,2021-11-20T15:23:03,42.40870,-70.14970,13.6,48.1,48.0,PALANCA RIO,IMO9747998,V7QS4,80,0,133,,,89,A
538006907,2021-11-20T15:24:13,42.41167,-70.14528,13.6,48.9,48.0,PALANCA RIO,IMO9747998,V7QS4,80,0,133,,,89,A
538006907,2021-11-20T15:25:23,42.41467,-70.14090,13.6,46.7,48.0,PALANCA RIO,IMO9747998,V7QS4,80,0,133,,,89,A
538006907,2021-11-20T15:26:33,42.41767,-70.13652,13.7,46.9,48.0,PALANCA RIO,IMO9747998,V7QS4,80,0,133,,,89,A
338134064,2021-09-05T09:40:04,42.39626,-70.10614,25.0,89.9,511.0,KNOT 2 GUILTY,,,37,,10,,,,B
338134064,2021-09-05T09:36:36,42.39625,-70.13572,24.5,93.6,511.0,KNOT 2 GUILTY,,,37,,10,,,,B
338134064,2021-09-05T09:38:05,42.39620,-70.12329,25.8,91.2,511.0,KNOT 2 GUILTY,,,37,,10,,,,B
538006907,2021-10-13T05:25:00,42.41070,-70.14862,14.5,50.7,50.0,PALANCA RIO,IMO9747998,V7QS4,80,0,133,,,89,A
538006907,2021-10-13T05:26:06,42.41353,-70.14405,14.4,48.6,50.0,PALANCA RIO,IMO9747998,V7QS4,80,0,133,,,89,A
538006907,2021-10-13T05:27:12,42.41638,-70.13950,14.4,48.2,50.0,PALANCA RIO,IMO9747998,V7QS4,80,0,133,,,89,A
538006907,2021-10-13T05:28:18,42.41928,-70.13497,14.6,51.7,50.0,PALANCA RIO,IMO9747998,V7QS4,80,0,133,,,89,A
366920990,2021-08-07T19:08:09,42.38681,-70.14185,5.1,15.3,511.0,VIVALDI,,WDB6262,37,,15,4,,,B
366920990,2021-08-07T19:10:38,42.39036,-70.14052,5.0,19.7,511.0,VIVALDI,,WDB6262,37,,15,4,,,B
366920990,2021-08-07T19:12:09,42.39248,-70.13967,5.5,10.7,511.0,VIVALDI,,WDB6262,37,,15,4,,,B
366920990,2021-08-07T19:13:38,42.39450,-70.13882,5.7,10.0,511.0,VIVALDI,,WDB6262,37,,15,4,,,B
366920990,2021-08-07T19:15:08,42.39654,-70.13789,5.0,20.0,511.0,VIVALDI,,WDB6262,37,,15,4,,,B
366920990,2021-08-07T19:16:38,42.39856,-70.13705,5.2,17.7,511.0,VIVALDI,,WDB6262,37,,15,4,,,B
366920990,2021-08-07T19:18:08,42.40062,-70.13624,5.6,16.1,511.0,VIVALDI,,WDB6262,37,,15,4,,,B
366920990,2021-08-07T19:20:07,42.40338,-70.13511,5.3,13.7,511.0,VIVALDI,,WDB6262,37,,15,4,,,B
366920990,2021-08-07T19:21:37,42.40546,-70.13424,5.2,21.8,511.0,VIVALDI,,WDB6262,37,,15,4,,,B
366920990,2021-08-07T19:22:40,42.40691,-70.13366,5.1,24.6,511.0,VIVALDI,,WDB6262,37,,15,4,,,B
366920990,2021-08-07T19:24:07,42.40898,-70.13282,5.7,11.6,511.0,VIVALDI,,WDB6262,37,,15,4,,,B
366920990,2021-08-07T19:25:38,42.41121,-70.13194,5.7,14.1,511.0,VIVALDI,,WDB6262,37,,15,4,,,B
366920990,2021-08-07T19:27:07,42.41340,-70.13105,5.7,11.2,511.0,VIVALDI,,WDB6262,37,,15,4,,,B
366920990,2021-08-07T19:28:37,42.41567,-70.13017,5.6,17.5,511.0,VIVALDI,,WDB6262,37,,15,4,,,B
366920990,2021-08-07T19:30:37,42.41869,-70.12904,5.7,18.7,511.0,VIVALDI,,WDB6262,37,,15,4,,,B
366920990,2021-08-07T19:32:40,42.42181,-70.12771,5.9,16.0,511.0,VIVALDI,,WDB6262,37,,15,4,,,B
563002600,2021-04-04T04:37:08,42.41227,-70.14758,11.1,92.0,92.0,MAERSK MAYA,IMO9367750,9V5110,80,0,182,32,12.6,89,A
563002600,2021-04-04T04:38:19,42.41203,-70.14287,10.4,93.0,92.0,MAERSK MAYA,IMO9367750,9V5110,80,0,182,32,12.6,89,A
563002600,2021-04-04T04:39:29,42.41183,-70.13852,9.7,93.0,92.0,MAERSK MAYA,IMO9367750,9V5110,80,0,182,32,12.6,89,A
563002600,2021-04-04T04:40:38,42.41168,-70.13452,9.3,93.0,92.0,MAERSK MAYA,IMO9367750,9V5110,80,0,182,32,12.6,89,A
563002600,2021-04-04T04:41:50,42.41150,-70.13043,9.0,93.0,91.0,MAERSK MAYA,IMO9367750,9V5110,80,0,182,32,12.6,89,A
563002600,2021-04-04T04:42:59,42.41133,-70.12653,8.9,92.0,92.0,MAERSK MAYA,IMO9367750,9V5110,80,0,182,32,12.6,89,A
563002600,2021-04-04T04:44:09,42.41115,-70.12260,8.9,93.0,93.0,MAERSK MAYA,IMO9367750,9V5110,80,0,182,32,12.6,89,A
563002600,2021-04-04T04:45:18,42.41095,-70.11878,8.8,93.0,92.0,MAERSK MAYA,IMO9367750,9V5110,80,0,182,32,12.6,89,A
563002600,2021-04-04T04:46:29,42.41077,-70.11490,8.7,93.0,92.0,MAERSK MAYA,IMO9367750,9V5110,80,0,182,32,12.6,89,A
563002600,2021-04-04T04:47:30,42.41063,-70.11163,8.7,93.0,92.0,MAERSK MAYA,IMO9367750,9V5110,80,0,182,32,12.6,89,A
563002600,2021-04-04T04:48:39,42.41047,-70.10787,8.7,93.0,92.0,MAERSK MAYA,IMO9367750,9V5110,80,0,182,32,12.6,89,A
563002600,2021-04-04T04:49:49,42.41027,-70.10402,8.7,93.0,92.0,MAERSK MAYA,IMO9367750,9V5110,80,0,182,32,12.6,89,A
338087842,2021-07-18T02:43:29,42.39549,-70.12527,4.7,27.0,511.0,PIECES OF EIGHT,,,,,,,,,B
338087842,2021-07-18T02:44:59,42.39724,-70.12412,4.5,26.8,511.0,PIECES OF EIGHT,,,,,,,,,B
338087842,2021-07-18T02:46:29,42.39896,-70.12293,4.8,26.6,511.0,PIECES OF EIGHT,,,,,,,,,B
338087842,2021-07-18T02:48:30,42.40122,-70.12110,4.9,31.1,511.0,PIECES OF EIGHT,,,,,,,,,B
338087842,2021-07-18T02:49:59,42.40288,-70.11978,4.6,25.8,511.0,PIECES OF EIGHT,,,,,,,,,B
338087842,2021-07-18T02:51:31,42.40481,-70.11865,5.3,20.8,511.0,PIECES OF EIGHT,,,,,,,,,B
338087842,2021-07-18T02:52:59,42.40669,-70.11760,5.1,24.7,511.0,PIECES OF EIGHT,,,,,,,,,B
338087842,2021-07-18T02:55:29,42.40985,-70.11591,5.1,19.7,511.0,PIECES OF EIGHT,,,,,,,,,B
338087842,2021-07-18T02:57:29,42.41234,-70.11465,4.8,21.0,511.0,PIECES OF EIGHT,,,,,,,,,B
338087842,2021-07-18T02:58:59,42.41426,-70.11382,4.9,12.8,511.0,PIECES OF EIGHT,,,,,,,,,B
338087842,2021-07-18T03:00:29,42.41621,-70.11310,4.9,15.7,511.0,PIECES OF EIGHT,,,,,,,,,B
338087842,2021-07-18T03:01:30,42.41753,-70.11258,4.6,16.3,511.0,PIECES OF EIGHT,,,,,,,,,B
338087842,2021-07-18T03:03:30,42.42007,-70.11154,4.9,14.2,511.0,PIECES OF EIGHT,,,,,,,,,B
338087842,2021-07-18T02:36:31,42.38726,-70.13092,4.9,25.9,511.0,PIECES OF EIGHT,,,,,,,,,B
338087842,2021-07-18T02:38:29,42.38964,-70.12934,4.7,26.0,511.0,PIECES OF EIGHT,,,,,,,,,B
338087842,2021-07-18T02:39:59,42.39142,-70.12808,4.7,30.9,511.0,PIECES OF EIGHT,,,,,,,,,B
338087842,2021-07-18T02:41:00,42.39262,-70.12723,4.6,28.4,511.0,PIECES OF EIGHT,,,,,,,,,B
367138530,2021-10-02T18:47:03,42.40373,-70.10523,8.5,113.6,511.0,MICHAEL & KRISTEN,IMO8855059,WBA4573,30,9,23,6,,30,A
367138530,2021-10-02T18:32:02,42.41693,-70.14951,8.4,108.4,511.0,MICHAEL & KRISTEN,IMO8855059,WBA4573,30,9,23,6,,30,A
367138530,2021-10-02T18:33:03,42.41605,-70.14657,8.5,113.4,511.0,MICHAEL & KRISTEN,IMO8855059,WBA4573,30,9,23,6,,30,A
367138530,2021-10-02T18:34:11,42.41497,-70.14318,8.5,114.8,511.0,MICHAEL & KRISTEN,IMO8855059,WBA4573,30,9,23,6,,30,A
367138530,2021-10-02T18:35:33,42.41369,-70.13921,8.4,107.3,511.0,MICHAEL & KRISTEN,IMO8855059,WBA4573,30,9,23,6,,30,A
367138530,2021-10-02T18:36:42,42.41281,-70.13575,8.5,111.6,511.0,MICHAEL & KRISTEN,IMO8855059,WBA4573,30,9,23,6,,30,A
367138530,2021-10-02T18:38:02,42.41160,-70.13185,8.5,113.9,511.0,MICHAEL & KRISTEN,IMO8855059,WBA4573,30,9,23,6,,30,A
367138530,2021-10-02T18:39:32,42.41037,-70.12738,8.4,108.4,511.0,MICHAEL & KRISTEN,IMO8855059,WBA4573,30,9,23,6,,30,A
367138530,2021-10-02T18:40:43,42.40928,-70.12393,8.4,114.7,511.0,MICHAEL & KRISTEN,IMO8855059,WBA4573,30,9,23,6,,30,A
367138530,2021-10-02T18:42:23,42.40779,-70.11904,8.4,110.4,511.0,MICHAEL & KRISTEN,IMO8855059,WBA4573,30,9,23,6,,30,A
367138530,2021-10-02T18:44:11,42.40626,-70.11367,8.5,109.7,511.0,MICHAEL & KRISTEN,IMO8855059,WBA4573,30,9,23,6,,30,A
367138530,2021-10-02T18:45:23,42.40514,-70.11017,8.3,115.8,511.0,MICHAEL & KRISTEN,IMO8855059,WBA4573,30,9,23,6,,30,A
538006907,2021-12-08T16:18:39,42.41368,-70.14558,13.3,49.9,51.0,PALANCA RIO,IMO9747998,V7QS4,80,0,133,,,89,A
538006907,2021-12-08T16:19:48,42.41643,-70.14130,13.3,49.6,51.0,PALANCA RIO,IMO9747998,V7QS4,80,0,133,,,89,A
538006907,2021-12-08T16:21:19,42.42013,-70.13560,13.3,43.4,51.0,PALANCA RIO,IMO9747998,V7QS4,80,0,133,,,89,A
366724450,2021-08-08T04:18:06,42.38616,-70.11508,6.6,38.2,30.0,CORWITH CRAMER,IMO8617445,WTF3319,90,0,41,7,3.0,36,A
366724450,2021-08-08T04:19:16,42.38790,-70.11343,6.7,35.7,26.0,CORWITH CRAMER,IMO8617445,WTF3319,90,0,41,7,3.0,36,A
366724450,2021-08-08T04:20:26,42.38966,-70.11182,6.6,33.5,27.0,CORWITH CRAMER,IMO8617445,WTF3319,90,0,41,7,3.0,36,A
366724450,2021-08-08T04:21:36,42.39135,-70.11017,6.7,35.7,24.0,CORWITH CRAMER,IMO8617445,WTF3319,90,0,41,7,3.0,36,A
366724450,2021-08-08T04:22:45,42.39309,-70.10848,6.6,35.9,27.0,CORWITH CRAMER,IMO8617445,WTF3319,90,0,41,7,3.0,36,A
366724450,2021-08-08T04:23:53,42.39482,-70.10693,6.5,42.1,32.0,CORWITH CRAMER,IMO8617445,WTF3319,90,0,41,7,3.0,36,A
366724450,2021-08-08T04:24:56,42.39632,-70.10540,6.5,36.2,24.0,CORWITH CRAMER,IMO8617445,WTF3319,90,0,41,7,3.0,36,A
366724450,2021-08-08T04:26:05,42.39807,-70.10366,6.5,36.6,26.0,CORWITH CRAMER,IMO8617445,WTF3319,90,0,41,7,3.0,36,A
366724450,2021-08-08T04:27:26,42.40007,-70.10164,7.3,38.6,32.0,CORWITH CRAMER,IMO8617445,WTF3319,90,0,41,7,3.0,36,A
367138530,2021-09-13T15:59:59,42.40704,-70.10244,9.0,292.9,511.0,MICHAEL & KRISTEN,IMO8855059,WBA4573,30,9,23,6,,30,A
367138530,2021-09-13T16:00:08,42.40720,-70.10291,9.1,293.6,511.0,MICHAEL & KRISTEN,IMO8855059,WBA4573,30,9,23,6,,30,A
367138530,2021-09-13T16:01:09,42.40808,-70.10610,9.0,288.6,511.0,MICHAEL & KRISTEN,IMO8855059,WBA4573,30,9,23,6,,30,A
367138530,2021-09-13T16:02:18,42.40919,-70.10981,9.1,292.3,511.0,MICHAEL & KRISTEN,IMO8855059,WBA4573,30,9,23,6,,30,A
367138530,2021-09-13T16:03:39,42.41044,-70.11413,9.1,292.6,511.0,MICHAEL & KRISTEN,IMO8855059,WBA4573,30,9,23,6,,30,A
367138530,2021-09-13T16:04:49,42.41155,-70.11777,9.0,292.9,511.0,MICHAEL & KRISTEN,IMO8855059,WBA4573,30,9,23,6,,30,A
367138530,2021-09-13T16:05:58,42.41259,-70.12138,9.2,290.6,511.0,MICHAEL & KRISTEN,IMO8855059,WBA4573,30,9,23,6,,30,A
367138530,2021-09-13T16:06:59,42.41361,-70.12462,9.0,290.6,511.0,MICHAEL & KRISTEN,IMO8855059,WBA4573,30,9,23,6,,30,A
367138530,2021-09-13T16:08:09,42.41455,-70.12840,9.0,290.0,511.0,MICHAEL & KRISTEN,IMO8855059,WBA4573,30,9,23,6,,30,A
367138530,2021-09-13T16:09:19,42.41578,-70.13199,9.1,296.3,511.0,MICHAEL & KRISTEN,IMO8855059,WBA4573,30,9,23,6,,30,A
367138530,2021-09-13T16:10:28,42.41679,-70.13556,9.0,287.9,511.0,MICHAEL & KRISTEN,IMO8855059,WBA4573,30,9,23,6,,30,A
367138530,2021-09-13T16:11:48,42.41801,-70.13976,9.0,291.4,511.0,MICHAEL & KRISTEN,IMO8855059,WBA4573,30,9,23,6,,30,A
367138530,2021-09-13T16:12:59,42.41915,-70.14358,9.2,292.7,511.0,MICHAEL & KRISTEN,IMO8855059,WBA4573,30,9,23,6,,30,A
367138530,2021-09-13T16:14:08,42.42013,-70.14728,9.0,290.2,511.0,MICHAEL & KRISTEN,IMO8855059,WBA4573,30,9,23,6,,30,A
538006907,2021-12-25T00:28:05,42.40162,-70.14930,14.1,45.8,45.0,PALANCA RIO,IMO9747998,V7QS4,80,0,133,,,89,A
538006907,2021-12-25T00:29:30,42.40548,-70.14393,14.1,47.1,45.0,PALANCA RIO,IMO9747998,V7QS4,80,0,133,,,89,A
538006907,2021-12-25T00:31:00,42.40958,-70.13825,14.1,45.1,45.0,PALANCA RIO,IMO9747998,V7QS4,80,0,133,,,89,A
538006907,2021-12-25T00:32:17,42.41308,-70.13340,14.1,45.7,45.0,PALANCA RIO,IMO9747998,V7QS4,80,0,133,,,89,A
538006907,2021-12-25T00:33:29,42.41633,-70.12885,14.0,45.7,45.0,PALANCA RIO,IMO9747998,V7QS4,80,0,133,,,89,A
538006907,2021-12-25T00:34:42,42.41965,-70.12427,14.0,44.5,45.0,PALANCA RIO,IMO9747998,V7QS4,80,0,133,,,89,A
367138530,2021-10-15T18:07:14,42.40917,-70.10716,8.3,113.1,511.0,MICHAEL & KRISTEN,IMO8855059,WBA4573,30,9,23,6,,30,A
367138530,2021-10-15T18:08:16,42.40837,-70.10417,8.2,108.8,511.0,MICHAEL & KRISTEN,IMO8855059,WBA4573,30,9,23,6,,30,A
367138530,2021-10-15T17:53:00,42.42130,-70.14848,8.2,109.7,511.0,MICHAEL & KRISTEN,IMO8855059,WBA4573,30,9,23,6,,30,A
367138530,2021-10-15T17:54:02,42.42046,-70.14538,8.3,107.7,511.0,MICHAEL & KRISTEN,IMO8855059,WBA4573,30,9,23,6,,30,A
367138530,2021-10-15T17:55:04,42.41964,-70.14241,8.3,115.3,511.0,MICHAEL & KRISTEN,IMO8855059,WBA4573,30,9,23,6,,30,A
367138530,2021-10-15T17:56:06,42.41874,-70.13936,8.3,109.9,511.0,MICHAEL & KRISTEN,IMO8855059,WBA4573,30,9,23,6,,30,A
367138530,2021-10-15T17:57:08,42.41782,-70.13647,8.2,111.8,511.0,MICHAEL & KRISTEN,IMO8855059,WBA4573,30,9,23,6,,30,A
367138530,2021-10-15T17:58:10,42.41700,-70.13339,8.4,115.3,511.0,MICHAEL & KRISTEN,IMO8855059,WBA4573,30,9,23,6,,30,A
367138530,2021-10-15T17:59:12,42.41602,-70.13047,8.4,109.8,511.0,MICHAEL & KRISTEN,IMO8855059,WBA4573,30,9,23,6,,30,A
367138530,2021-10-15T18:00:00,42.41538,-70.12804,8.3,111.2,511.0,MICHAEL & KRISTEN,IMO8855059,WBA4573,30,9,23,6,,30,A
367138530,2021-10-15T18:01:02,42.41445,-70.12507,8.2,106.9,511.0,MICHAEL & KRISTEN,IMO8855059,WBA4573,30,9,23,6,,30,A
367138530,2021-10-15T18:02:04,42.41361,-70.12206,8.3,112.8,511.0,MICHAEL & KRISTEN,IMO8855059,WBA4573,30,9,23,6,,30,A
367138530,2021-10-15T18:03:06,42.41280,-70.11901,8.4,111.6,511.0,MICHAEL & KRISTEN,IMO8855059,WBA4573,30,9,23,6,,30,A
367138530,2021-10-15T18:04:08,42.41191,-70.11600,8.3,108.6,511.0,MICHAEL & KRISTEN,IMO8855059,WBA4573,30,9,23,6,,30,A
367138530,2021-10-15T18:05:10,42.41103,-70.11302,8.2,108.2,511.0,MICHAEL & KRISTEN,IMO8855059,WBA4573,30,9,23,6,,30,A
367138530,2021-10-15T18:06:12,42.41007,-70.11011,8.2,112.7,511.0,MICHAEL & KRISTEN,IMO8855059,WBA4573,30,9,23,6,,30,A
319058900,2021-07-06T05:04:51,42.38933,-70.12233,13.5,114.0,115.0,SCOUT,IMO1011238,ZGDP4,37,0,44,9,3.0,37,A
319058900,2021-07-06T05:06:04,42.38738,-70.11695,12.8,115.0,115.0,SCOUT,IMO1011238,ZGDP4,37,0,44,9,3.0,37,A
319058900,2021-07-06T05:00:13,42.39617,-70.14317,13.1,113.0,114.0,SCOUT,IMO1011238,ZGDP4,37,0,44,9,3.0,37,A
319058900,2021-07-06T05:01:27,42.39433,-70.13767,13.2,115.0,115.0,SCOUT,IMO1011238,ZGDP4,37,0,44,9,3.0,37,A
319058900,2021-07-06T05:02:31,42.39283,-70.13283,13.2,114.0,115.0,SCOUT,IMO1011238,ZGDP4,37,0,44,9,3.0,37,A
319058900,2021-07-06T05:03:37,42.39117,-70.12783,13.1,115.0,114.0,SCOUT,IMO1011238,ZGDP4,37,0,44,9,3.0,37,A
367042520,2021-08-08T06:18:15,42.38826,-70.11745,6.5,24.1,511.0,SKANDIA,,WDC5532,37,,15,,,,B
367042520,2021-08-08T06:20:16,42.39087,-70.11805,7.2,49.5,511.0,SKANDIA,,WDC5532,37,,15,,,,B
367042520,2021-08-08T06:21:48,42.39321,-70.11705,6.4,18.8,511.0,SKANDIA,,WDC5532,37,,15,,,,B
367042520,2021-08-08T06:23:46,42.39666,-70.11609,6.3,6.8,511.0,SKANDIA,,WDC5532,37,,15,,,,B
367042520,2021-08-08T06:25:18,42.39930,-70.11533,6.6,31.1,511.0,SKANDIA,,WDC5532,37,,15,,,,B
367042520,2021-08-08T06:27:46,42.40356,-70.11291,6.3,21.0,511.0,SKANDIA,,WDC5532,37,,15,,,,B
367042520,2021-08-08T06:29:18,42.40614,-70.11148,6.6,11.8,511.0,SKANDIA,,WDC5532,37,,15,,,,B
367042520,2021-08-08T06:31:18,42.40943,-70.10960,6.4,29.0,511.0,SKANDIA,,WDC5532,37,,15,,,,B
367042520,2021-08-08T06:32:46,42.41185,-70.10821,6.4,13.9,511.0,SKANDIA,,WDC5532,37,,15,,,,B
367042520,2021-08-08T06:34:16,42.41429,-70.10678,6.5,19.8,511.0,SKANDIA,,WDC5532,37,,15,,,,B
367042520,2021-08-08T06:35:46,42.41673,-70.10550,6.3,24.6,511.0,SKANDIA,,WDC5532,37,,15,,,,B
367042520,2021-08-08T06:37:15,42.41916,-70.10437,6.1,19.3,511.0,SKANDIA,,WDC5532,37,,15,,,,B
367042520,2021-08-08T06:38:18,42.42088,-70.10359,6.6,20.0,511.0,SKANDIA,,WDC5532,37,,15,,,,B
319102800,2021-08-27T13:39:54,42.42093,-70.10752,19.9,162.6,511.0,KNOT AGAIN,,ZGFZ,37,,,,,,B
319102800,2021-08-27T13:41:26,42.41282,-70.10445,20.0,162.5,511.0,KNOT AGAIN,,ZGFZ,37,,,,,,B
319102800,2021-08-27T13:42:56,42.40478,-70.10137,20.2,164.3,511.0,KNOT AGAIN,,ZGFZ,37,,,,,,B
319844000,2021-09-14T01:24:39,42.41864,-70.13246,12.7,163.5,166.0,PATIENCE,IMO9669225,ZGCQ3,37,0,40,7,,37,A
319844000,2021-09-14T01:25:48,42.41467,-70.13093,12.6,164.7,167.0,PATIENCE,IMO9669225,ZGCQ3,37,0,40,7,,37,A
319844000,2021-09-14T01:26:58,42.41072,-70.12943,12.6,164.5,168.0,PATIENCE,IMO9669225,ZGCQ3,37,0,40,7,,37,A
319844000,2021-09-14T01:28:18,42.40617,-70.12770,12.5,163.7,168.0,PATIENCE,IMO9669225,ZGCQ3,37,0,40,7,,37,A
319844000,2021-09-14T01:29:39,42.40161,-70.12604,12.6,165.9,168.0,PATIENCE,IMO9669225,ZGCQ3,37,0,40,7,,37,A
319844000,2021-09-14T01:30:48,42.39758,-70.12468,12.7,166.5,168.0,PATIENCE,IMO9669225,ZGCQ3,37,0,40,7,,37,A
319844000,2021-09-14T01:32:08,42.39303,-70.12302,12.6,164.0,167.0,PATIENCE,IMO9669225,ZGCQ3,37,0,40,7,,37,A
319844000,2021-09-14T01:33:19,42.38908,-70.12149,12.8,163.0,165.0,PATIENCE,IMO9669225,ZGCQ3,37,0,40,7,,37,A
538001648,2021-02-01T14:31:50,42.41336,-70.10278,10.3,324.5,327.0,DURABLE,IMO9242376,V7DI8,90,0,140,21,2.0,99,A
538001648,2021-02-01T14:33:50,42.41789,-70.10746,10.2,322.8,328.0,DURABLE,IMO9242376,V7DI8,90,0,140,21,2.0,99,A
538001648,2021-02-01T14:35:00,42.42058,-70.11015,10.2,325.2,329.0,DURABLE,IMO9242376,V7DI8,90,0,140,21,2.0,99,A
538001648,2021-02-13T23:45:19,42.39362,-70.14604,10.8,145.8,143.0,DURABLE,IMO9242376,V7DI8,90,0,140,21,2.0,99,A
538001648,2021-02-13T23:46:29,42.39077,-70.14340,10.8,145.7,143.0,DURABLE,IMO9242376,V7DI8,90,0,140,21,2.0,99,A
538001648,2021-02-13T23:47:39,42.38787,-70.14074,10.8,145.3,143.0,DURABLE,IMO9242376,V7DI8,90,0,140,21,2.0,99,A
538001582,2021-04-05T03:15:11,42.41752,-70.10203,7.7,320.1,321.0,RESPONDER,IMO9236509,V7CY9,90,0,139,21,8.4,90,A
538001582,2021-04-05T03:16:31,42.41972,-70.10448,7.6,320.3,322.0,RESPONDER,IMO9236509,V7CY9,90,0,139,21,8.4,90,A
538001582,2021-04-05T03:17:41,42.42157,-70.10663,7.5,318.7,322.0,RESPONDER,IMO9236509,V7CY9,90,0,139,21,8.4,90,A
538006907,2021-09-02T01:55:23,42.41853,-70.14622,13.4,52.1,48.0,PALANCA RIO,IMO9747998,V7QS4,80,0,133,,,89,A
538006907,2021-09-02T01:56:32,42.42113,-70.14167,13.3,52.3,48.0,PALANCA RIO,IMO9747998,V7QS4,80,0,133,,,89,A
538006907,2021-09-24T11:14:15,42.41000,-70.14605,14.0,49.4,49.0,PALANCA RIO,IMO9747998,V7QS4,80,0,133,,,89,A
538006907,2021-09-24T11:15:27,42.41305,-70.14143,14.0,48.5,49.0,PALANCA RIO,IMO9747998,V7QS4,80,0,133,,,89,A
538006907,2021-09-24T11:16:32,42.41587,-70.13722,13.9,48.6,49.0,PALANCA RIO,IMO9747998,V7QS4,80,0,133,,,89,A
538006907,2021-09-24T11:17:33,42.41850,-70.13325,14.0,45.7,49.0,PALANCA RIO,IMO9747998,V7QS4,80,0,133,,,89,A
538006907,2021-09-24T11:18:38,42.42135,-70.12895,14.0,48.2,49.0,PALANCA RIO,IMO9747998,V7QS4,80,0,133,,,89,A
338926427,2021-07-26T23:00:10,42.41605,-70.14847,18.6,93.4,95.0,CG RICHARD SNYDER,,NRIS,55,0,46,7,3.0,55,A
338926427,2021-07-26T23:01:21,42.41560,-70.14035,18.3,93.8,93.0,CG RICHARD SNYDER,,NRIS,55,0,46,7,3.0,55,A
338926427,2021-07-26T23:02:28,42.41536,-70.13291,17.7,92.5,92.0,CG RICHARD SNYDER,,NRIS,55,0,46,7,3.0,55,A
338926427,2021-07-26T23:03:33,42.41513,-70.12558,17.7,92.1,91.0,CG RICHARD SNYDER,,NRIS,55,0,46,7,3.0,55,A
338926427,2021-07-26T23:05:16,42.41471,-70.11401,18.3,91.9,92.0,CG RICHARD SNYDER,,NRIS,55,0,46,7,3.0,55,A
338926427,2021-07-26T23:06:39,42.41430,-70.10446,18.2,92.3,92.0,CG RICHARD SNYDER,,NRIS,55,0,46,7,3.0,55,A
538006907,2021-03-24T00:21:49,42.41267,-70.14747,9.7,145.5,146.0,PALANCA RIO,IMO9747998,V7QS4,80,0,133,,8.6,69,A
538006907,2021-03-24T00:22:50,42.41043,-70.14540,9.7,146.3,146.0,PALANCA RIO,IMO9747998,V7QS4,80,0,133,,8.6,69,A
538006907,2021-03-24T00:24:00,42.40783,-70.14300,9.7,145.4,146.0,PALANCA RIO,IMO9747998,V7QS4,80,0,133,,8.6,69,A
538006907,2021-03-24T00:25:01,42.40557,-70.14088,9.8,145.3,146.0,PALANCA RIO,IMO9747998,V7QS4,80,0,133,,8.6,69,A
538006907,2021-03-24T00:26:09,42.40300,-70.13850,9.7,145.2,146.0,PALANCA RIO,IMO9747998,V7QS4,80,0,133,,8.6,69,A
538006907,2021-03-24T00:27:21,42.40035,-70.13605,9.8,145.4,146.0,PALANCA RIO,IMO9747998,V7QS4,80,0,133,,8.6,69,A
538006907,2021-03-24T00:28:30,42.39777,-70.13365,9.9,146.1,146.0,PALANCA RIO,IMO9747998,V7QS4,80,0,133,,8.6,69,A
538006907,2021-03-24T00:29:40,42.39515,-70.13117,9.9,144.1,146.0,PALANCA RIO,IMO9747998,V7QS4,80,0,133,,8.6,69,A
538006907,2021-03-24T00:30:51,42.39248,-70.12863,9.9,146.1,146.0,PALANCA RIO,IMO9747998,V7QS4,80,0,133,,8.6,69,A
538006907,2021-03-24T00:32:01,42.38987,-70.12618,9.8,145.8,146.0,PALANCA RIO,IMO9747998,V7QS4,80,0,133,,8.6,69,A
538006907,2021-03-24T00:33:10,42.38725,-70.12372,9.9,144.5,146.0,PALANCA RIO,IMO9747998,V7QS4,80,0,133,,8.6,69,A
369134000,2021-11-14T00:07:33,42.42129,-70.14489,12.0,149.1,148.0,GLOBAL SENTINEL,IMO8900866,KGSU,90,0,145,21,8.1,99,A
369134000,2021-11-14T00:08:43,42.41802,-70.14212,12.2,146.9,146.0,GLOBAL SENTINEL,IMO8900866,KGSU,90,0,145,21,8.1,99,A
369134000,2021-11-14T00:09:52,42.41474,-70.13936,12.1,149.7,148.0,GLOBAL SENTINEL,IMO8900866,KGSU,90,0,145,21,8.1,99,A
369134000,2021-11-14T00:11:03,42.41132,-70.13654,11.8,148.3,147.0,GLOBAL SENTINEL,IMO8900866,KGSU,90,0,145,21,8.1,99,A
369134000,2021-11-14T00:13:06,42.40559,-70.13186,12.0,147.6,146.0,GLOBAL SENTINEL,IMO8900866,KGSU,90,0,145,21,8.1,99,A
369134000,2021-11-14T00:14:32,42.40146,-70.12845,12.0,149.4,148.0,GLOBAL SENTINEL,IMO8900866,KGSU,90,0,145,21,8.1,99,A
369134000,2021-11-14T00:15:50,42.39774,-70.12539,12.0,148.6,147.0,GLOBAL SENTINEL,IMO8900866,KGSU,90,0,145,21,8.1,99,A
369134000,2021-11-14T00:16:52,42.39484,-70.12303,12.2,148.6,147.0,GLOBAL SENTINEL,IMO8900866,KGSU,90,0,145,21,8.1,99,A
369134000,2021-11-14T00:18:12,42.39088,-70.11982,12.2,149.6,148.0,GLOBAL SENTINEL,IMO8900866,KGSU,90,0,145,21,8.1,99,A
369134000,2021-11-14T00:19:22,42.38752,-70.11711,12.3,148.4,146.0,GLOBAL SENTINEL,IMO8900866,KGSU,90,0,145,21,8.1,99,A
538001648,2021-06-06T01:19:32,42.41560,-70.14739,11.8,146.0,149.0,DURABLE,IMO9242376,V7DI8,90,0,140,21,7.8,90,A
538001648,2021-06-06T01:20:42,42.41240,-70.14446,11.8,146.1,149.0,DURABLE,IMO9242376,V7DI8,90,0,140,21,7.8,90,A
538001648,2021-06-06T01:21:52,42.40923,-70.14158,11.9,145.6,148.0,DURABLE,IMO9242376,V7DI8,90,0,140,21,7.8,90,A
538001648,2021-06-06T01:22:53,42.40651,-70.13905,11.9,145.9,149.0,DURABLE,IMO9242376,V7DI8,90,0,140,21,7.8,90,A
538001648,2021-06-06T01:24:01,42.40339,-70.13611,11.8,145.0,149.0,DURABLE,IMO9242376,V7DI8,90,0,140,21,7.8,90,A
538001648,2021-06-06T01:25:12,42.40016,-70.13325,11.8,148.2,151.0,DURABLE,IMO9242376,V7DI8,90,0,140,21,7.8,90,A
538001648,2021-06-06T01:26:21,42.39699,-70.13048,11.9,145.8,148.0,DURABLE,IMO9242376,V7DI8,90,0,140,21,7.8,90,A
538001648,2021-06-06T01:27:32,42.39375,-70.12749,11.9,145.4,148.0,DURABLE,IMO9242376,V7DI8,90,0,140,21,7.8,90,A
538001648,2021-06-06T01:28:42,42.39062,-70.12452,11.8,145.1,148.0,DURABLE,IMO9242376,V7DI8,90,0,140,21,7.8,90,A
538001648,2021-06-06T01:29:53,42.38742,-70.12160,11.8,146.8,150.0,DURABLE,IMO9242376,V7DI8,90,0,140,21,7.8,90,A
538006907,2021-04-03T10:36:18,42.41713,-70.14930,9.8,52.6,49.0,PALANCA RIO,IMO9747998,V7QS4,80,0,133,,,89,A
538006907,2021-04-03T10:37:28,42.41902,-70.14573,9.9,55.7,49.0,PALANCA RIO,IMO9747998,V7QS4,80,0,133,,,89,A
538006907,2021-04-03T10:38:29,42.42060,-70.14270,9.9,54.8,49.0,PALANCA RIO,IMO9747998,V7QS4,80,0,133,,,89,A
538006907,2021-10-29T14:29:17,42.38933,-70.14893,12.3,45.8,48.0,PALANCA RIO,IMO9747998,V7QS4,80,0,133,,,89,A
538006907,2021-10-29T14:30:27,42.39188,-70.14465,12.7,50.8,48.0,PALANCA RIO,IMO9747998,V7QS4,80,0,133,,,89,A
538006907,2021-10-29T14:31:36,42.39442,-70.14038,12.9,51.3,49.0,PALANCA RIO,IMO9747998,V7QS4,80,0,133,,,89,A
538006907,2021-10-29T14:32:38,42.39670,-70.13657,12.8,44.2,48.0,PALANCA RIO,IMO9747998,V7QS4,80,0,133,,,89,A
538006907,2021-10-29T14:33:48,42.39938,-70.13227,12.7,50.8,48.0,PALANCA RIO,IMO9747998,V7QS4,80,0,133,,,89,A
538006907,2021-10-29T14:34:56,42.40198,-70.12800,12.9,47.9,48.0,PALANCA RIO,IMO9747998,V7QS4,80,0,133,,,89,A
538006907,2021-10-29T14:35:57,42.40425,-70.12442,12.6,52.3,48.0,PALANCA RIO,IMO9747998,V7QS4,80,0,133,,,89,A
538006907,2021-10-29T14:37:08,42.40700,-70.12002,12.9,49.2,48.0,PALANCA RIO,IMO9747998,V7QS4,80,0,133,,,89,A
538006907,2021-10-29T14:38:16,42.40963,-70.11572,13.2,51.6,48.0,PALANCA RIO,IMO9747998,V7QS4,80,0,133,,,89,A
538006907,2021-10-29T14:39:26,42.41235,-70.11153,12.5,47.0,48.0,PALANCA RIO,IMO9747998,V7QS4,80,0,133,,,89,A
538006907,2021-10-29T14:40:36,42.41498,-70.10728,12.7,51.2,49.0,PALANCA RIO,IMO9747998,V7QS4,80,0,133,,,89,A
538006907,2021-10-29T14:41:47,42.41768,-70.10290,12.9,47.7,48.0,PALANCA RIO,IMO9747998,V7QS4,80,0,133,,,89,A
366724450,2021-07-08T19:49:59,42.38643,-70.14074,5.9,355.5,357.0,CORWITH CRAMER,IMO8617445,WTF3319,90,0,41,7,3.0,36,A
366724450,2021-07-08T19:51:09,42.38822,-70.14103,5.6,345.3,353.0,CORWITH CRAMER,IMO8617445,WTF3319,90,0,41,7,3.0,36,A
366724450,2021-07-08T19:52:19,42.38995,-70.14118,3.6,1.9,354.0,CORWITH CRAMER,IMO8617445,WTF3319,90,0,41,7,3.0,36,A
366724450,2021-07-08T19:53:30,42.39162,-70.14140,6.1,358.9,353.0,CORWITH CRAMER,IMO8617445,WTF3319,90,0,41,7,3.0,36,A
366724450,2021-07-08T19:54:38,42.39323,-70.14155,5.4,354.4,357.0,CORWITH CRAMER,IMO8617445,WTF3319,90,0,41,7,3.0,36,A
366724450,2021-07-08T19:55:58,42.39521,-70.14183,6.4,350.0,352.0,CORWITH CRAMER,IMO8617445,WTF3319,90,0,41,7,3.0,36,A
366724450,2021-07-08T19:56:59,42.39670,-70.14198,6.5,356.6,351.0,CORWITH CRAMER,IMO8617445,WTF3319,90,0,41,7,3.0,36,A
366724450,2021-07-08T19:58:09,42.39845,-70.14233,4.9,353.1,353.0,CORWITH CRAMER,IMO8617445,WTF3319,90,0,41,7,3.0,36,A
366724450,2021-07-08T19:59:19,42.40027,-70.14256,6.9,351.8,354.0,CORWITH CRAMER,IMO8617445,WTF3319,90,0,41,7,3.0,36,A
366724450,2021-07-08T20:00:19,42.40173,-70.14283,4.9,357.4,353.0,CORWITH CRAMER,IMO8617445,WTF3319,90,0,41,7,3.0,36,A
366724450,2021-07-08T20:01:28,42.40359,-70.14305,7.2,353.6,352.0,CORWITH CRAMER,IMO8617445,WTF3319,90,0,41,7,3.0,36,A
366724450,2021-07-08T20:02:32,42.40524,-70.14322,6.4,354.0,350.0,CORWITH CRAMER,IMO8617445,WTF3319,90,0,41,7,3.0,36,A
366724450,2021-07-08T20:03:50,42.40728,-70.14350,6.6,349.0,352.0,CORWITH CRAMER,IMO8617445,WTF3319,90,0,41,7,3.0,36,A
366724450,2021-07-08T20:04:59,42.40913,-70.14380,5.9,354.4,355.0,CORWITH CRAMER,IMO8617445,WTF3319,90,0,41,7,3.0,36,A
366724450,2021-07-08T20:06:09,42.41097,-70.14415,7.3,359.3,352.0,CORWITH CRAMER,IMO8617445,WTF3319,90,0,41,7,3.0,36,A
366724450,2021-07-08T20:07:19,42.41261,-70.14448,4.4,354.7,355.0,CORWITH CRAMER,IMO8617445,WTF3319,90,0,41,7,3.0,36,A
366724450,2021-07-08T20:08:30,42.41443,-70.14482,7.0,353.1,355.0,CORWITH CRAMER,IMO8617445,WTF3319,90,0,41,7,3.0,36,A
366724450,2021-07-08T20:09:36,42.41603,-70.14523,4.0,351.0,359.0,CORWITH CRAMER,IMO8617445,WTF3319,90,0,41,7,3.0,36,A
366724450,2021-07-08T20:10:37,42.41758,-70.14565,6.8,333.7,341.0,CORWITH CRAMER,IMO8617445,WTF3319,90,0,41,7,3.0,36,A
366724450,2021-07-08T20:11:39,42.41930,-70.14653,7.5,346.2,348.0,CORWITH CRAMER,IMO8617445,WTF3319,90,0,41,7,3.0,36,A
538001648,2021-10-07T00:44:47,42.40116,-70.14784,9.9,134.3,133.0,DURABLE,IMO9242376,V7DI8,90,0,140,21,7.8,90,A
538001648,2021-10-07T00:45:59,42.39893,-70.14462,10.0,130.9,130.0,DURABLE,IMO9242376,V7DI8,90,0,140,21,7.8,90,A
538001648,2021-10-07T00:47:07,42.39689,-70.14135,10.0,131.0,132.0,DURABLE,IMO9242376,V7DI8,90,0,140,21,7.8,90,A
538001648,2021-10-07T00:48:08,42.39505,-70.13857,10.0,132.7,133.0,DURABLE,IMO9242376,V7DI8,90,0,140,21,7.8,90,A
538001648,2021-10-07T00:49:18,42.39287,-70.13519,10.0,130.3,131.0,DURABLE,IMO9242376,V7DI8,90,0,140,21,7.8,90,A
538001648,2021-10-07T00:50:28,42.39076,-70.13190,10.0,130.1,131.0,DURABLE,IMO9242376,V7DI8,90,0,140,21,7.8,90,A
538001648,2021-10-07T00:51:29,42.38894,-70.12904,10.0,131.3,132.0,DURABLE,IMO9242376,V7DI8,90,0,140,21,7.8,90,A
538001648,2021-10-07T00:52:38,42.38678,-70.12586,10.1,133.1,133.0,DURABLE,IMO9242376,V7DI8,90,0,140,21,7.8,90,A
368161410,2021-03-26T05:45:33,42.38646,-70.14613,7.2,299.7,511.0,WESTERN EDGE,,WDL7570,30,,19,7,,,B
368161410,2021-03-26T05:47:02,42.38768,-70.14945,6.8,295.7,511.0,WESTERN EDGE,,WDL7570,30,,19,7,,,B
368091190,2021-06-17T12:17:25,42.39975,-70.13634,33.7,84.2,511.0,MAGURO,,,37,,0,0,,,B
368091190,2021-06-17T12:18:39,42.40099,-70.12053,34.5,84.0,511.0,MAGURO,,,37,,0,0,,,B
368091190,2021-06-17T12:19:50,42.40193,-70.10898,8.4,83.0,511.0,MAGURO,,,37,,0,0,,,B
367288000,2021-06-17T14:31:21,42.40263,-70.10387,10.5,323.1,511.0,CG TAHOMA,,NCBE,90,0,82,11,,55,A
367288000,2021-06-17T14:32:41,42.40569,-70.10699,10.2,322.3,511.0,CG TAHOMA,,NCBE,90,0,82,11,,55,A
367288000,2021-06-17T14:34:41,42.41032,-70.11169,10.4,324.0,511.0,CG TAHOMA,,NCBE,90,0,82,11,,55,A
367288000,2021-06-17T14:38:22,42.41883,-70.12025,10.4,324.3,511.0,CG TAHOMA,,NCBE,90,0,82,11,,55,A
367288000,2021-06-17T14:39:41,42.42190,-70.12341,10.5,322.3,511.0,CG TAHOMA,,NCBE,90,0,82,11,,55,A
368143230,2021-07-15T23:52:41,42.42019,-70.14621,7.4,32.4,511.0,GO LONG,,WDL5665,36,,11,8,,,B
368143230,2021-07-15T23:51:11,42.41758,-70.14838,7.1,31.5,511.0,GO LONG,,WDL5665,36,,11,8,,,B
338321801,2021-07-27T09:05:12,42.41862,-70.11605,5.1,158.6,511.0,CYCLOOCTATETRAENE,,CYCLO,36,,10,4,,,B
338321801,2021-07-27T09:07:09,42.41583,-70.11492,5.6,163.1,511.0,CYCLOOCTATETRAENE,,CYCLO,36,,10,4,,,B
338321801,2021-07-27T09:09:09,42.41278,-70.11361,6.0,164.8,511.0,CYCLOOCTATETRAENE,,CYCLO,36,,10,4,,,B
338321801,2021-07-27T09:11:09,42.40967,-70.11235,6.0,162.3,511.0,CYCLOOCTATETRAENE,,CYCLO,36,,10,4,,,B
338321801,2021-07-27T09:12:41,42.40735,-70.11133,5.8,163.8,511.0,CYCLOOCTATETRAENE,,CYCLO,36,,10,4,,,B
338321801,2021-07-27T09:14:41,42.40423,-70.10991,5.9,158.3,511.0,CYCLOOCTATETRAENE,,CYCLO,36,,10,4,,,B
338321801,2021-07-27T09:16:12,42.40197,-70.10880,5.9,160.5,511.0,CYCLOOCTATETRAENE,,CYCLO,36,,10,4,,,B
338321801,2021-07-27T09:17:42,42.39964,-70.10764,5.8,159.1,511.0,CYCLOOCTATETRAENE,,CYCLO,36,,10,4,,,B
338321801,2021-07-27T09:19:09,42.39743,-70.10652,6.0,158.0,511.0,CYCLOOCTATETRAENE,,CYCLO,36,,10,4,,,B
338321801,2021-07-27T09:20:42,42.39505,-70.10530,5.8,158.8,511.0,CYCLOOCTATETRAENE,,CYCLO,36,,10,4,,,B
338321801,2021-07-27T09:23:08,42.39116,-70.10347,6.2,161.7,511.0,CYCLOOCTATETRAENE,,CYCLO,36,,10,4,,,B
338321801,2021-07-27T09:25:08,42.38783,-70.10210,6.1,163.1,511.0,CYCLOOCTATETRAENE,,CYCLO,36,,10,4,,,B
338321801,2021-07-27T09:26:11,42.38611,-70.10161,6.2,170.2,511.0,CYCLOOCTATETRAENE,,CYCLO,36,,10,4,,,B
338159358,2021-07-28T19:19:43,42.41548,-70.10641,5.4,12.1,511.0,CHRISTINA,,,36,,13,4,,,B
338408298,2021-07-31T22:58:19,42.41700,-70.10709,6.0,28.9,511.0,TRUE LOVE,,,36,,11,8,,,B
338408298,2021-07-31T22:59:45,42.41929,-70.10600,6.0,31.3,511.0,TRUE LOVE,,,36,,11,8,,,B
338408298,2021-07-31T23:01:17,42.42178,-70.10470,6.1,30.3,511.0,TRUE LOVE,,,36,,11,8,,,B
338408298,2021-07-31T22:45:56,42.39817,-70.12022,6.7,42.3,511.0,TRUE LOVE,,,36,,11,8,,,B
338408298,2021-07-31T22:48:16,42.40164,-70.11707,6.4,38.1,511.0,TRUE LOVE,,,36,,11,8,,,B
338408298,2021-07-31T22:50:37,42.40502,-70.11397,6.4,29.6,511.0,TRUE LOVE,,,36,,11,8,,,B
338408298,2021-07-31T22:53:20,42.40921,-70.11140,5.7,22.5,511.0,TRUE LOVE,,,36,,11,8,,,B
338408298,2021-07-31T22:55:20,42.41236,-70.10968,6.7,20.2,511.0,TRUE LOVE,,,36,,11,8,,,B
338408298,2021-07-31T22:56:49,42.41466,-70.10829,5.9,15.9,511.0,TRUE LOVE,,,36,,11,8,,,B
338408298,2021-07-31T22:30:24,42.38660,-70.12932,2.9,24.6,511.0,TRUE LOVE,,,36,,11,8,,,B
338408298,2021-07-31T22:33:40,42.38885,-70.12810,2.5,26.6,511.0,TRUE LOVE,,,36,,11,8,,,B
338408298,2021-07-31T22:35:40,42.39023,-70.12743,2.4,22.8,511.0,TRUE LOVE,,,36,,11,8,,,B
338408298,2021-07-31T22:38:14,42.39193,-70.12665,2.3,10.8,511.0,TRUE LOVE,,,36,,11,8,,,B
338408298,2021-07-31T22:42:24,42.39449,-70.12539,2.4,31.9,511.0,TRUE LOVE,,,36,,11,8,,,B
338408298,2021-07-31T22:43:56,42.39559,-70.12344,5.1,33.3,511.0,TRUE LOVE,,,36,,11,8,,,B
338335415,2021-08-07T16:12:23,42.41264,-70.10558,29.2,283.6,511.0,SUPER FLY,,,37,,10,6,,,B
338335415,2021-08-07T16:13:28,42.41580,-70.11595,28.4,288.6,511.0,SUPER FLY,,,37,,10,6,,,B
338335415,2021-08-07T16:14:33,42.41860,-70.12639,31.4,296.6,511.0,SUPER FLY,,,37,,10,6,,,B
338335415,2021-08-07T16:15:38,42.42078,-70.13659,20.2,242.0,511.0,SUPER FLY,,,37,,10,6,,,B
338335415,2021-08-07T16:16:53,42.41960,-70.14274,8.3,265.1,511.0,SUPER FLY,,,37,,10,6,,,B
338335415,2021-08-07T13:31:21,42.41032,-70.13425,23.5,100.6,511.0,SUPER FLY,,,37,,10,6,,,B
338335415,2021-08-07T13:32:22,42.40939,-70.12568,23.3,100.7,511.0,SUPER FLY,,,37,,10,6,,,B
338335415,2021-08-07T13:30:16,42.41180,-70.14360,24.4,105.4,511.0,SUPER FLY,,,37,,10,6,,,B
338335415,2021-08-07T13:33:35,42.40796,-70.11484,24.5,101.1,511.0,SUPER FLY,,,37,,10,6,,,B
338335415,2021-08-07T13:34:40,42.40682,-70.10553,24.0,99.1,511.0,SUPER FLY,,,37,,10,6,,,B
338408298,2021-08-14T07:56:15,42.41680,-70.14292,5.3,267.3,511.0,TRUE LOVE,,,36,,11,8,,,B
338408298,2021-08-14T07:57:45,42.41664,-70.14595,5.6,264.0,511.0,TRUE LOVE,,,36,,11,8,,,B
338408298,2021-08-14T07:59:12,42.41649,-70.14894,5.3,263.8,511.0,TRUE LOVE,,,36,,11,8,,,B
338408298,2021-08-14T07:35:43,42.42082,-70.10264,5.1,253.2,511.0,TRUE LOVE,,,36,,11,8,,,B
338408298,2021-08-14T07:36:44,42.42047,-70.10466,5.5,257.3,511.0,TRUE LOVE,,,36,,11,8,,,B
338408298,2021-08-14T07:38:44,42.41977,-70.10856,5.2,255.3,511.0,TRUE LOVE,,,36,,11,8,,,B
338408298,2021-08-14T07:40:43,42.41917,-70.11251,5.4,260.2,511.0,TRUE LOVE,,,36,,11,8,,,B
338408298,2021-08-14T07:41:44,42.41895,-70.11454,5.3,265.0,511.0,TRUE LOVE,,,36,,11,8,,,B
338408298,2021-08-14T07:43:17,42.41856,-70.11767,5.3,263.7,511.0,TRUE LOVE,,,36,,11,8,,,B
338408298,2021-08-14T07:45:17,42.41814,-70.12157,5.1,262.0,511.0,TRUE LOVE,,,36,,11,8,,,B
338408298,2021-08-14T07:47:13,42.41775,-70.12524,4.5,265.8,511.0,TRUE LOVE,,,36,,11,8,,,B
338408298,2021-08-14T07:49:13,42.41751,-70.12914,5.5,264.2,511.0,TRUE LOVE,,,36,,11,8,,,B
338408298,2021-08-14T07:50:42,42.41732,-70.13198,5.2,268.0,511.0,TRUE LOVE,,,36,,11,8,,,B
338408298,2021-08-14T07:52:13,42.41715,-70.13495,5.2,267.1,511.0,TRUE LOVE,,,36,,11,8,,,B
338408298,2021-08-14T07:53:15,42.41709,-70.13705,5.5,266.8,511.0,TRUE LOVE,,,36,,11,8,,,B
338408298,2021-08-14T07:54:45,42.41698,-70.13999,4.8,264.8,511.0,TRUE LOVE,,,36,,11,8,,,B
367551860,2021-08-30T02:48:53,42.38871,-70.10326,3.1,274.6,511.0,JOCKA,IMO8885573,WDG5937,30,4,18,5,,99,A
367551860,2021-08-30T02:51:53,42.38883,-70.10648,2.8,274.1,511.0,JOCKA,IMO8885573,WDG5937,30,4,18,5,,99,A
367551860,2021-08-30T02:55:04,42.38885,-70.10932,3.5,266.7,511.0,JOCKA,IMO8885573,WDG5937,30,4,18,5,,99,A
367551860,2021-08-30T03:02:54,42.38904,-70.11946,3.3,275.1,511.0,JOCKA,IMO8885573,WDG5937,30,4,18,5,,99,A
367551860,2021-08-30T03:06:24,42.38931,-70.12396,3.4,275.6,511.0,JOCKA,IMO8885573,WDG5937,30,4,18,5,,99,A
367551860,2021-08-30T03:07:35,42.38940,-70.12545,3.3,274.3,511.0,JOCKA,IMO8885573,WDG5937,30,4,18,5,,99,A
367551860,2021-08-30T03:08:44,42.38953,-70.12655,1.5,284.4,511.0,JOCKA,IMO8885573,WDG5937,30,4,18,5,,99,A
367551860,2021-08-30T03:09:54,42.38972,-70.12710,1.1,301.1,511.0,JOCKA,IMO8885573,WDG5937,30,4,18,5,,99,A
367551860,2021-08-30T03:11:44,42.39069,-70.12902,6.3,293.1,511.0,JOCKA,IMO8885573,WDG5937,30,4,18,5,,99,A
367551860,2021-08-30T03:13:35,42.39061,-70.13386,6.8,269.2,511.0,JOCKA,IMO8885573,WDG5937,30,4,18,5,,99,A
367551860,2021-08-30T03:14:44,42.39064,-70.13692,7.0,274.9,511.0,JOCKA,IMO8885573,WDG5937,30,4,18,5,,99,A
367551860,2021-08-30T03:16:34,42.39068,-70.14190,6.9,265.1,511.0,JOCKA,IMO8885573,WDG5937,30,4,18,5,,99,A
367551860,2021-08-30T03:17:44,42.39048,-70.14499,7.2,266.8,511.0,JOCKA,IMO8885573,WDG5937,30,4,18,5,,99,A
367551860,2021-08-30T03:18:53,42.39038,-70.14819,7.1,268.8,511.0,JOCKA,IMO8885573,WDG5937,30,4,18,5,,99,A
338370781,2021-10-21T04:06:34,42.40210,-70.14860,7.1,29.6,30.0,DAME,,,37,,12,3,,,B
338370781,2021-10-21T04:10:08,42.40807,-70.14445,7.9,28.8,28.0,DAME,,,37,,12,3,,,B
338370781,2021-10-21T04:17:14,42.41983,-70.13642,6.3,20.4,23.0,DAME,,,37,,12,3,,,B
368076870,2021-10-15T16:02:16,42.39227,-70.10870,24.5,331.3,511.0,KEEPER,,,37,,9,4,,,B
368076870,2021-10-15T16:03:21,42.39943,-70.11174,25.7,337.4,511.0,KEEPER,,,37,,9,4,,,B
368076870,2021-10-15T16:04:25,42.40690,-70.11466,25.9,350.3,511.0,KEEPER,,,37,,9,4,,,B
368076870,2021-10-15T16:05:35,42.41387,-70.12051,26.2,303.6,511.0,KEEPER,,,37,,9,4,,,B
368076870,2021-10-15T16:06:41,42.41875,-70.12874,25.9,313.9,511.0,KEEPER,,,37,,9,4,,,B
367604000,2021-07-07T03:14:52,42.42102,-70.13645,5.7,221.5,229.0,GENERAL RUDDER,IMO8835463,WTAU,90,0,68,13,4.6,79,A
367604000,2021-07-07T03:16:24,42.41930,-70.13858,5.6,223.3,230.0,GENERAL RUDDER,IMO8835463,WTAU,90,0,68,13,4.6,79,A
367604000,2021-07-07T03:19:52,42.41527,-70.14368,5.6,222.9,229.0,GENERAL RUDDER,IMO8835463,WTAU,90,0,68,13,4.6,79,A
367604000,2021-07-07T03:21:33,42.41329,-70.14604,5.7,222.0,230.0,GENERAL RUDDER,IMO8835463,WTAU,90,0,68,13,4.6,79,A
367604000,2021-07-07T03:23:52,42.41061,-70.14934,5.6,221.6,229.0,GENERAL RUDDER,IMO8835463,WTAU,90,0,68,13,4.6,79,A
367437980,2021-08-27T09:59:07,42.42112,-70.13803,8.9,201.7,511.0,NORTHERN STAR,,WDH7487,37,,23,5,,,B
367437980,2021-08-27T10:00:06,42.41893,-70.13925,8.7,202.4,511.0,NORTHERN STAR,,WDH7487,37,,23,5,,,B
367437980,2021-08-27T10:01:34,42.41582,-70.14093,8.1,201.8,511.0,NORTHERN STAR,,WDH7487,37,,23,5,,,B
367437980,2021-08-27T10:02:35,42.41366,-70.14212,8.9,203.4,511.0,NORTHERN STAR,,WDH7487,37,,23,5,,,B
367437980,2021-08-27T10:04:07,42.41004,-70.14425,9.1,202.2,511.0,NORTHERN STAR,,WDH7487,37,,23,5,,,B
367437980,2021-08-27T10:05:35,42.40660,-70.14626,9.1,204.4,511.0,NORTHERN STAR,,WDH7487,37,,23,5,,,B
367437980,2021-08-27T10:07:04,42.40307,-70.14830,9.4,204.2,511.0,NORTHERN STAR,,WDH7487,37,,23,5,,,B
367437980,2021-08-27T10:08:05,42.40070,-70.14969,8.4,203.6,511.0,NORTHERN STAR,,WDH7487,37,,23,5,,,B
538071309,2021-08-11T03:15:25,42.38784,-70.13669,8.4,13.6,511.0,TANGO,,V7KT8,37,0,25,6,2.2,37,A
538071309,2021-08-11T03:16:44,42.39087,-70.13566,8.7,14.1,511.0,TANGO,,V7KT8,37,0,25,6,2.2,37,A
538071309,2021-08-11T03:17:55,42.39360,-70.13470,8.6,14.0,511.0,TANGO,,V7KT8,37,0,25,6,2.2,37,A
538071309,2021-08-11T03:19:04,42.39632,-70.13376,8.8,12.7,511.0,TANGO,,V7KT8,37,0,25,6,2.2,37,A
538071309,2021-08-11T03:20:13,42.39901,-70.13282,8.4,15.9,511.0,TANGO,,V7KT8,37,0,25,6,2.2,37,A
538071309,2021-08-11T03:22:03,42.40334,-70.13128,8.9,15.8,511.0,TANGO,,V7KT8,37,0,25,6,2.2,37,A
538071309,2021-08-11T03:23:25,42.40657,-70.13015,8.6,14.4,511.0,TANGO,,V7KT8,37,0,25,6,2.2,37,A
538071309,2021-08-11T03:24:33,42.40931,-70.12917,8.8,14.4,511.0,TANGO,,V7KT8,37,0,25,6,2.2,37,A
538071309,2021-08-11T03:25:44,42.41212,-70.12819,8.6,16.9,511.0,TANGO,,V7KT8,37,0,25,6,2.2,37,A
538071309,2021-08-11T03:26:54,42.41488,-70.12721,8.9,14.6,511.0,TANGO,,V7KT8,37,0,25,6,2.2,37,A
538071309,2021-08-11T03:28:24,42.41844,-70.12594,8.9,15.7,511.0,TANGO,,V7KT8,37,0,25,6,2.2,37,A
538071309,2021-08-11T03:29:44,42.42163,-70.12482,8.8,14.3,511.0,TANGO,,V7KT8,37,0,25,6,2.2,37,A
369871000,2021-09-21T14:23:47,42.39687,-70.14520,15.0,62.2,59.0,AUK,,,90,0,,,,15,A
369871000,2021-09-21T14:26:54,42.40250,-70.12961,14.7,59.2,58.0,AUK,,,90,0,,,,15,A
369871000,2021-09-21T14:28:04,42.40370,-70.12629,4.6,70.7,64.0,AUK,,,90,0,,,,15,A
369871000,2021-09-21T14:29:54,42.40459,-70.12439,2.6,349.7,341.0,AUK,,,90,0,,,,15,A
369871000,2021-09-21T15:15:50,42.40608,-70.12999,0.8,285.0,278.0,AUK,,,90,0,,,,15,A
369871000,2021-09-21T15:31:58,42.40723,-70.13425,0.5,293.7,246.0,AUK,,,90,0,,,,15,A
369871000,2021-09-21T15:38:58,42.40785,-70.13535,0.5,304.8,254.0,AUK,,,90,0,,,,15,A
369871000,2021-09-21T15:41:53,42.40803,-70.13563,0.4,328.0,87.0,AUK,,,90,0,,,,15,A
369871000,2021-09-21T15:43:11,42.40818,-70.13569,0.4,10.7,93.0,AUK,,,90,0,,,,15,A
369871000,2021-09-21T15:44:20,42.40832,-70.13573,0.4,333.4,94.0,AUK,,,90,0,,,,15,A
369871000,2021-09-21T15:45:27,42.40842,-70.13557,0.3,10.9,87.0,AUK,,,90,0,,,,15,A
369871000,2021-09-21T15:46:38,42.40853,-70.13547,0.7,72.2,94.0,AUK,,,90,0,,,,15,A
369871000,2021-09-21T15:47:41,42.40862,-70.13552,0.4,320.6,34.0,AUK,,,90,0,,,,15,A
369871000,2021-09-21T15:48:48,42.40870,-70.13565,0.4,311.4,32.0,AUK,,,90,0,,,,15,A
369871000,2021-09-21T15:50:28,42.40880,-70.13592,0.5,296.1,33.0,AUK,,,90,0,,,,15,A
369871000,2021-09-21T15:51:48,42.40888,-70.13615,0.5,293.2,37.0,AUK,,,90,0,,,,15,A
369871000,2021-09-21T15:53:53,42.40904,-70.13671,1.1,299.5,330.0,AUK,,,90,0,,,,15,A
369871000,2021-09-21T15:57:01,42.40952,-70.13756,1.2,312.0,341.0,AUK,,,90,0,,,,15,A
369871000,2021-09-21T16:00:31,42.40987,-70.13863,0.6,267.8,289.0,AUK,,,90,0,,,,15,A
369871000,2021-09-21T16:01:41,42.40987,-70.13884,0.3,271.1,250.0,AUK,,,90,0,,,,15,A
369871000,2021-09-21T16:02:46,42.40988,-70.13895,0.3,270.4,240.0,AUK,,,90,0,,,,15,A
369871000,2021-09-21T16:10:58,42.41018,-70.13994,0.1,8.0,248.0,AUK,,,90,0,,,,15,A
369871000,2021-09-21T16:12:58,42.41021,-70.14000,0.1,355.5,248.0,AUK,,,90,0,,,,15,A
369871000,2021-09-21T16:16:46,42.41040,-70.14007,0.5,23.4,16.0,AUK,,,90,0,,,,15,A
369871000,2021-09-21T16:28:57,42.41121,-70.14068,0.1,231.8,248.0,AUK,,,90,0,,,,15,A
369871000,2021-09-21T16:30:38,42.41118,-70.14075,0.1,256.3,245.0,AUK,,,90,0,,,,15,A
369871000,2021-09-21T16:31:47,42.41121,-70.14081,0.3,291.5,268.0,AUK,,,90,0,,,,15,A
369871000,2021-09-21T16:38:58,42.41125,-70.14123,0.1,282.8,248.0,AUK,,,90,0,,,,15,A
369871000,2021-09-21T16:40:07,42.41122,-70.14122,0.2,127.7,240.0,AUK,,,90,0,,,,15,A
369871000,2021-09-21T16:42:27,42.41117,-70.14114,0.1,90.9,247.0,AUK,,,90,0,,,,15,A
369871000,2021-09-21T16:47:38,42.41095,-70.14093,0.3,150.2,243.0,AUK,,,90,0,,,,15,A
369871000,2021-09-21T16:51:28,42.41076,-70.14097,0.3,223.6,248.0,AUK,,,90,0,,,,15,A
369871000,2021-09-21T16:57:58,42.41051,-70.14155,0.3,208.3,251.0,AUK,,,90,0,,,,15,A
369871000,2021-09-21T17:05:58,42.40992,-70.14139,0.3,148.7,240.0,AUK,,,90,0,,,,15,A
369871000,2021-09-21T17:07:27,42.40986,-70.14136,0.1,156.1,249.0,AUK,,,90,0,,,,15,A
369871000,2021-09-21T17:13:37,42.40936,-70.14158,2.1,188.6,206.0,AUK,,,90,0,,,,15,A
369871000,2021-09-21T17:41:18,42.40145,-70.12651,7.3,252.3,283.0,AUK,,,90,0,,,,15,A
369871000,2021-09-21T17:42:55,42.39949,-70.13341,13.4,250.1,275.0,AUK,,,90,0,,,,15,A
369871000,2021-09-21T17:45:18,42.39553,-70.14489,13.0,251.5,287.0,AUK,,,90,0,,,,15,A
367485980,2021-06-05T12:41:43,42.40540,-70.10312,8.0,290.8,511.0,CAPT JOE,IMO7731153,WDF7584,30,7,24,7,,30,A
367485980,2021-06-05T12:43:02,42.40646,-70.10707,8.4,290.2,511.0,CAPT JOE,IMO7731153,WDF7584,30,7,24,7,,30,A
367485980,2021-06-05T12:44:12,42.40736,-70.11042,7.9,290.5,511.0,CAPT JOE,IMO7731153,WDF7584,30,7,24,7,,30,A
367485980,2021-06-05T12:45:33,42.40839,-70.11428,7.8,291.1,511.0,CAPT JOE,IMO7731153,WDF7584,30,7,24,7,,30,A
367485980,2021-06-05T12:46:43,42.40929,-70.11760,7.9,290.8,511.0,CAPT JOE,IMO7731153,WDF7584,30,7,24,7,,30,A
367485980,2021-06-05T12:47:54,42.41022,-70.12099,7.6,290.2,511.0,CAPT JOE,IMO7731153,WDF7584,30,7,24,7,,30,A
367485980,2021-06-05T12:49:03,42.41117,-70.12433,7.4,289.1,511.0,CAPT JOE,IMO7731153,WDF7584,30,7,24,7,,30,A
367485980,2021-06-05T12:50:14,42.41206,-70.12758,7.8,290.4,511.0,CAPT JOE,IMO7731153,WDF7584,30,7,24,7,,30,A
367485980,2021-06-05T12:51:24,42.41297,-70.13088,7.9,289.2,511.0,CAPT JOE,IMO7731153,WDF7584,30,7,24,7,,30,A
367485980,2021-06-05T12:52:34,42.41388,-70.13404,7.7,290.0,511.0,CAPT JOE,IMO7731153,WDF7584,30,7,24,7,,30,A
367485980,2021-06-05T12:53:52,42.41490,-70.13774,8.1,291.2,511.0,CAPT JOE,IMO7731153,WDF7584,30,7,24,7,,30,A
367485980,2021-06-05T12:54:54,42.41566,-70.14062,8.0,290.2,511.0,CAPT JOE,IMO7731153,WDF7584,30,7,24,7,,30,A
367485980,2021-06-05T12:56:03,42.41657,-70.14389,8.1,288.1,511.0,CAPT JOE,IMO7731153,WDF7584,30,7,24,7,,30,A
367485980,2021-06-05T12:57:14,42.41748,-70.14719,8.0,288.9,511.0,CAPT JOE,IMO7731153,WDF7584,30,7,24,7,,30,A
538002220,2021-09-17T19:04:28,42.40095,-70.10457,14.0,92.9,90.0,NEW ENGLAND,IMO9298727,V7HF3,80,0,182,27,11.2,89,A
538002220,2021-09-17T18:56:41,42.40293,-70.14510,14.2,93.5,91.0,NEW ENGLAND,IMO9298727,V7HF3,80,0,182,27,11.2,89,A
538002220,2021-09-17T18:57:52,42.40262,-70.13885,14.0,94.0,91.0,NEW ENGLAND,IMO9298727,V7HF3,80,0,182,27,11.2,89,A
538002220,2021-09-17T18:58:58,42.40232,-70.13311,13.8,93.4,91.0,NEW ENGLAND,IMO9298727,V7HF3,80,0,182,27,11.2,89,A
538002220,2021-09-17T19:00:05,42.40203,-70.12732,13.8,94.0,91.0,NEW ENGLAND,IMO9298727,V7HF3,80,0,182,27,11.2,89,A
538002220,2021-09-17T19:01:11,42.40175,-70.12162,13.7,94.6,92.0,NEW ENGLAND,IMO9298727,V7HF3,80,0,182,27,11.2,89,A
538002220,2021-09-17T19:02:18,42.40145,-70.11587,13.8,93.6,91.0,NEW ENGLAND,IMO9298727,V7HF3,80,0,182,27,11.2,89,A
538002220,2021-09-17T19:03:27,42.40118,-70.10989,13.9,93.3,91.0,NEW ENGLAND,IMO9298727,V7HF3,80,0,182,27,11.2,89,A
538003850,2021-12-01T19:47:41,42.40215,-70.12830,12.8,87.7,90.0,UACC MANSOURIA,IMO9489089,V7TP2,80,0,183,32,12.2,89,A
538003850,2021-12-01T19:50:02,42.40242,-70.11705,12.8,88.2,90.0,UACC MANSOURIA,IMO9489089,V7TP2,80,0,183,32,12.2,89,A
538003850,2021-12-01T19:51:11,42.40255,-70.11157,12.7,88.6,90.0,UACC MANSOURIA,IMO9489089,V7TP2,80,0,183,32,12.2,89,A
538003850,2021-12-01T19:44:22,42.40178,-70.14422,12.7,87.7,90.0,UACC MANSOURIA,IMO9489089,V7TP2,80,0,183,32,12.2,89,A
538003850,2021-12-01T19:45:52,42.40195,-70.13702,12.8,89.1,90.0,UACC MANSOURIA,IMO9489089,V7TP2,80,0,183,32,12.2,89,A
367762840,2021-07-15T22:47:54,42.40028,-70.12993,6.4,22.6,25.0,WANDERER,,WDJ2906,37,,15,,,,B
367762840,2021-07-15T22:49:23,42.40280,-70.12858,6.4,17.1,23.0,WANDERER,,WDJ2906,37,,15,,,,B
367762840,2021-07-15T22:51:26,42.40629,-70.12674,6.5,19.8,27.0,WANDERER,,WDJ2906,37,,15,,,,B
367762840,2021-07-15T22:53:55,42.41027,-70.12463,5.7,22.4,26.0,WANDERER,,WDJ2906,37,,15,,,,B
367762840,2021-07-15T22:58:24,42.41747,-70.12087,5.7,18.9,28.0,WANDERER,,WDJ2906,37,,15,,,,B
367762840,2021-07-15T22:46:23,42.39777,-70.13129,6.5,17.8,27.0,WANDERER,,WDJ2906,37,,15,,,,B
367485980,2021-04-14T17:03:01,42.40184,-70.14070,8.8,114.7,511.0,CAPT JOE,IMO7731153,WDF7584,30,7,24,7,,30,A
367485980,2021-04-14T17:05:42,42.39929,-70.13265,8.9,114.1,511.0,CAPT JOE,IMO7731153,WDF7584,30,7,24,7,,30,A
367485980,2021-04-14T17:07:21,42.39780,-70.12781,8.9,108.2,511.0,CAPT JOE,IMO7731153,WDF7584,30,7,24,7,,30,A
367485980,2021-04-14T17:09:21,42.39609,-70.12201,8.5,113.5,511.0,CAPT JOE,IMO7731153,WDF7584,30,7,24,7,,30,A
367485980,2021-04-14T17:12:32,42.39351,-70.11267,8.7,107.8,511.0,CAPT JOE,IMO7731153,WDF7584,30,7,24,7,,30,A
367485980,2021-04-14T17:13:51,42.39244,-70.10891,7.7,109.5,511.0,CAPT JOE,IMO7731153,WDF7584,30,7,24,7,,30,A
367485980,2021-04-14T17:16:22,42.39023,-70.10167,7.6,116.5,511.0,CAPT JOE,IMO7731153,WDF7584,30,7,24,7,,30,A
538004791,2021-08-24T16:30:52,42.41910,-70.10252,11.3,322.9,324.0,PALANCA LUANDA,IMO9492309,V7ZC7,80,0,133,23,8.5,80,A
538004791,2021-08-24T16:32:01,42.42196,-70.10553,11.5,321.1,324.0,PALANCA LUANDA,IMO9492309,V7ZC7,80,0,133,23,8.5,80,A
367564180,2021-09-11T22:41:23,42.42134,-70.14105,5.4,207.2,511.0,MOMENTUM,,WDG7132,37,,15,4,,,B
367564180,2021-09-11T22:42:54,42.41945,-70.14234,3.6,209.4,511.0,MOMENTUM,,WDG7132,37,,15,4,,,B
367564180,2021-09-11T22:44:23,42.41761,-70.14351,5.7,209.4,511.0,MOMENTUM,,WDG7132,37,,15,4,,,B
367564180,2021-09-11T22:45:54,42.41569,-70.14477,3.5,204.8,511.0,MOMENTUM,,WDG7132,37,,15,4,,,B
367564180,2021-09-11T22:47:25,42.41388,-70.14595,4.8,207.8,511.0,MOMENTUM,,WDG7132,37,,15,4,,,B
367564180,2021-09-11T22:48:54,42.41196,-70.14742,4.5,210.4,511.0,MOMENTUM,,WDG7132,37,,15,4,,,B
367564180,2021-09-11T22:50:25,42.41022,-70.14868,4.5,206.7,511.0,MOMENTUM,,WDG7132,37,,15,4,,,B
367602610,2021-04-12T01:40:21,42.38633,-70.11906,7.3,282.7,511.0,TYLER,IMO8036287,WDH2928,30,7,19,6,,99,A
367602610,2021-04-12T01:41:31,42.38683,-70.12207,6.7,283.3,511.0,TYLER,IMO8036287,WDH2928,30,7,19,6,,99,A
367602610,2021-04-12T01:42:42,42.38732,-70.12518,6.9,283.2,511.0,TYLER,IMO8036287,WDH2928,30,7,19,6,,99,A
367602610,2021-04-12T01:44:02,42.38790,-70.12857,7.2,282.1,511.0,TYLER,IMO8036287,WDH2928,30,7,19,6,,99,A
367602610,2021-04-12T01:45:11,42.38834,-70.13152,6.4,281.3,511.0,TYLER,IMO8036287,WDH2928,30,7,19,6,,99,A
367602610,2021-04-12T01:46:31,42.38886,-70.13499,7.1,279.6,511.0,TYLER,IMO8036287,WDH2928,30,7,19,6,,99,A
367602610,2021-04-12T01:47:42,42.38936,-70.13802,6.1,281.6,511.0,TYLER,IMO8036287,WDH2928,30,7,19,6,,99,A
367602610,2021-04-12T01:49:11,42.38987,-70.14178,7.4,279.2,511.0,TYLER,IMO8036287,WDH2928,30,7,19,6,,99,A
367602610,2021-04-12T01:50:22,42.39040,-70.14480,7.2,289.3,511.0,TYLER,IMO8036287,WDH2928,30,7,19,6,,99,A
367602610,2021-04-12T01:51:51,42.39134,-70.14845,6.8,288.0,511.0,TYLER,IMO8036287,WDH2928,30,7,19,6,,99,A
367588360,2021-06-24T19:59:58,42.38639,-70.11925,4.7,30.0,511.0,MANDALA,,WDG9494,37,,14,,,,B
367588360,2021-06-24T20:00:26,42.38688,-70.11891,4.3,22.6,511.0,MANDALA,,WDG9494,37,,14,,,,B
367588360,2021-06-24T20:01:56,42.38847,-70.11783,3.8,28.1,511.0,MANDALA,,WDG9494,37,,14,,,,B
367588360,2021-06-24T20:03:26,42.38998,-70.11674,4.3,32.6,511.0,MANDALA,,WDG9494,37,,14,,,,B
367588360,2021-06-24T20:04:55,42.39154,-70.11558,4.2,31.6,511.0,MANDALA,,WDG9494,37,,14,,,,B
367588360,2021-06-24T20:06:26,42.39312,-70.11441,4.2,30.4,511.0,MANDALA,,WDG9494,37,,14,,,,B
367588360,2021-06-24T20:07:30,42.39426,-70.11371,4.2,27.2,511.0,MANDALA,,WDG9494,37,,14,,,,B
367588360,2021-06-24T20:08:55,42.39581,-70.11285,4.4,16.8,511.0,MANDALA,,WDG9494,37,,14,,,,B
367588360,2021-06-24T20:10:27,42.39755,-70.11201,4.2,14.8,511.0,MANDALA,,WDG9494,37,,14,,,,B
367588360,2021-06-24T20:11:57,42.39919,-70.11136,3.8,16.1,511.0,MANDALA,,WDG9494,37,,14,,,,B
367588360,2021-06-24T20:13:26,42.40078,-70.11063,4.2,18.4,511.0,MANDALA,,WDG9494,37,,14,,,,B
367588360,2021-06-24T20:14:55,42.40238,-70.10992,4.1,15.1,511.0,MANDALA,,WDG9494,37,,14,,,,B
367588360,2021-06-24T20:15:56,42.40351,-70.10942,4.2,15.7,511.0,MANDALA,,WDG9494,37,,14,,,,B
367588360,2021-06-24T20:16:57,42.40464,-70.10895,4.2,24.1,511.0,MANDALA,,WDG9494,37,,14,,,,B
367588360,2021-06-24T20:18:26,42.40632,-70.10822,4.4,16.1,511.0,MANDALA,,WDG9494,37,,14,,,,B
367588360,2021-06-24T20:19:56,42.40804,-70.10752,4.3,16.2,511.0,MANDALA,,WDG9494,37,,14,,,,B
367588360,2021-06-24T20:21:26,42.40978,-70.10681,4.5,21.9,511.0,MANDALA,,WDG9494,37,,14,,,,B
367588360,2021-06-24T20:22:27,42.41096,-70.10627,4.1,13.1,511.0,MANDALA,,WDG9494,37,,14,,,,B
367588360,2021-06-24T20:23:56,42.41262,-70.10559,4.4,24.9,511.0,MANDALA,,WDG9494,37,,14,,,,B
367588360,2021-06-24T20:25:25,42.41438,-70.10484,4.3,9.1,511.0,MANDALA,,WDG9494,37,,14,,,,B
367588360,2021-06-24T20:26:56,42.41608,-70.10413,4.1,23.5,511.0,MANDALA,,WDG9494,37,,14,,,,B
367588360,2021-06-24T20:28:27,42.41775,-70.10351,3.7,17.2,511.0,MANDALA,,WDG9494,37,,14,,,,B
319103100,2021-02-04T09:23:36,42.42117,-70.12292,12.3,154.7,156.0,CAJUN SUN,IMO9724025,ZGFY4,80,0,186,,5.9,95,A
319103100,2021-02-04T09:24:45,42.41751,-70.12073,12.4,155.6,156.0,CAJUN SUN,IMO9724025,ZGFY4,80,0,186,,5.9,95,A
319103100,2021-02-04T09:25:47,42.41432,-70.11884,12.3,156.8,156.0,CAJUN SUN,IMO9724025,ZGFY4,80,0,186,,5.9,95,A
319103100,2021-02-04T09:26:57,42.41072,-70.11668,12.2,155.3,155.0,CAJUN SUN,IMO9724025,ZGFY4,80,0,186,,5.9,95,A
319103100,2021-02-04T09:28:06,42.40727,-70.11447,12.1,155.2,156.0,CAJUN SUN,IMO9724025,ZGFY4,80,0,186,,5.9,95,A
319103100,2021-02-04T09:29:15,42.40374,-70.11225,11.9,155.2,156.0,CAJUN SUN,IMO9724025,ZGFY4,80,0,186,,5.9,95,A
319103100,2021-02-04T09:30:26,42.40019,-70.11013,11.7,156.6,157.0,CAJUN SUN,IMO9724025,ZGFY4,80,0,186,,5.9,95,A
319103100,2021-02-04T09:31:36,42.39663,-70.10795,12.2,155.5,156.0,CAJUN SUN,IMO9724025,ZGFY4,80,0,186,,5.9,95,A
319103100,2021-02-04T09:32:46,42.39305,-70.10567,11.9,155.3,157.0,CAJUN SUN,IMO9724025,ZGFY4,80,0,186,,5.9,95,A
319103100,2021-02-04T09:33:57,42.38941,-70.10339,12.3,154.4,156.0,CAJUN SUN,IMO9724025,ZGFY4,80,0,186,,5.9,95,A
366744010,2021-07-18T16:49:14,42.40935,-70.12145,9.0,209.4,209.0,ATLANTIC SALVOR,IMO7719624,WCX9569,31,0,46,12,6.3,31,A
366744010,2021-07-18T16:52:53,42.40123,-70.12748,9.2,208.5,209.0,ATLANTIC SALVOR,IMO7719624,WCX9569,31,0,46,12,6.3,31,A
366744010,2021-07-18T16:54:34,42.39751,-70.13024,9.2,209.1,209.0,ATLANTIC SALVOR,IMO7719624,WCX9569,31,0,46,12,6.3,31,A
367551860,2021-04-24T00:49:05,42.42039,-70.14759,7.2,88.5,511.0,JOCKA,IMO8885573,WDG5937,30,4,18,5,,99,A
367551860,2021-04-24T00:55:17,42.42120,-70.13048,7.4,82.9,511.0,JOCKA,IMO8885573,WDG5937,30,4,18,5,,99,A
538071128,2021-08-31T05:28:53,42.38664,-70.10390,8.9,18.4,17.0,MACGUFFIN,,V7NO2,,11,,,,37,A
538071128,2021-08-31T05:30:04,42.38932,-70.10243,8.9,22.6,19.0,MACGUFFIN,,V7NO2,,11,,,,37,A
368258040,2022-07-08T22:14:16,42.41551,-70.14838,5.7,26.3,511.0,WILD OATS,,,36,,17,4,,,B
368258040,2022-07-08T22:15:18,42.41695,-70.14738,6.3,26.1,511.0,WILD OATS,,,36,,17,4,,,B
368258040,2022-07-08T22:16:49,42.41881,-70.14471,6.9,53.7,511.0,WILD OATS,,,36,,17,4,,,B
368258040,2022-07-08T22:18:18,42.42067,-70.14244,6.2,358.7,511.0,WILD OATS,,,36,,17,4,,,B
338408298,2022-08-16T01:22:08,42.42019,-70.10829,6.3,206.9,511.0,TRUE LOVE,,,36,,11,8,,,B
338408298,2022-08-16T01:23:38,42.41784,-70.10991,6.2,206.6,511.0,TRUE LOVE,,,36,,11,8,,,B
338408298,2022-08-16T01:24:40,42.41616,-70.11095,6.3,204.2,511.0,TRUE LOVE,,,36,,11,8,,,B
338408298,2022-08-16T01:26:11,42.41372,-70.11252,6.2,206.1,511.0,TRUE LOVE,,,36,,11,8,,,B
338408298,2022-08-16T01:27:39,42.41142,-70.11409,6.3,206.6,511.0,TRUE LOVE,,,36,,11,8,,,B
338408298,2022-08-16T01:28:40,42.40981,-70.11517,6.3,205.5,511.0,TRUE LOVE,,,36,,11,8,,,B
338408298,2022-08-16T01:30:11,42.40736,-70.11671,6.3,206.8,511.0,TRUE LOVE,,,36,,11,8,,,B
338408298,2022-08-16T01:31:40,42.40500,-70.11810,6.3,204.0,511.0,TRUE LOVE,,,36,,11,8,,,B
338408298,2022-08-16T01:33:12,42.40245,-70.11958,6.7,204.2,511.0,TRUE LOVE,,,36,,11,8,,,B
338408298,2022-08-16T01:34:38,42.40010,-70.12098,6.7,205.1,511.0,TRUE LOVE,,,36,,11,8,,,B
338408298,2022-08-16T01:36:12,42.39751,-70.12251,6.4,205.5,511.0,TRUE LOVE,,,36,,11,8,,,B
338408298,2022-08-16T01:37:38,42.39515,-70.12396,6.5,201.5,511.0,TRUE LOVE,,,36,,11,8,,,B
338408298,2022-08-16T01:39:07,42.39271,-70.12536,6.3,203.1,511.0,TRUE LOVE,,,36,,11,8,,,B
338408298,2022-08-16T01:40:36,42.39031,-70.12680,6.7,205.8,511.0,TRUE LOVE,,,36,,11,8,,,B
338408298,2022-08-16T01:41:37,42.38869,-70.12779,6.4,204.2,511.0,TRUE LOVE,,,36,,11,8,,,B
368101110,2022-08-20T04:42:59,42.42106,-70.12517,7.1,196.1,511.0,FLOOD TIDE,,WDK9173,36,,14,2,,,B
368101110,2022-08-20T04:44:28,42.41838,-70.12631,7.1,197.8,511.0,FLOOD TIDE,,WDK9173,36,,14,2,,,B
368101110,2022-08-20T04:45:59,42.41565,-70.12717,6.8,186.0,511.0,FLOOD TIDE,,WDK9173,36,,14,2,,,B
368101110,2022-08-20T04:47:27,42.41297,-70.12822,6.8,195.3,511.0,FLOOD TIDE,,WDK9173,36,,14,2,,,B
368101110,2022-08-20T04:49:00,42.41021,-70.12938,6.6,199.8,511.0,FLOOD TIDE,,WDK9173,36,,14,2,,,B
368101110,2022-08-20T04:50:27,42.40766,-70.13050,6.2,199.3,511.0,FLOOD TIDE,,WDK9173,36,,14,2,,,B
368101110,2022-08-20T04:51:28,42.40605,-70.13116,5.6,194.5,511.0,FLOOD TIDE,,WDK9173,36,,14,2,,,B
368101110,2022-08-20T04:53:00,42.40354,-70.13213,5.8,196.1,511.0,FLOOD TIDE,,WDK9173,36,,14,2,,,B
368101110,2022-08-20T04:54:27,42.40118,-70.13303,6.3,197.0,511.0,FLOOD TIDE,,WDK9173,36,,14,2,,,B
368101110,2022-08-20T04:56:00,42.39903,-70.13453,6.6,195.4,511.0,FLOOD TIDE,,WDK9173,36,,14,2,,,B
368101110,2022-08-20T04:57:27,42.39661,-70.13546,6.2,195.5,511.0,FLOOD TIDE,,WDK9173,36,,14,2,,,B
368101110,2022-08-20T04:59:00,42.39406,-70.13663,6.1,206.2,511.0,FLOOD TIDE,,WDK9173,36,,14,2,,,B
368101110,2022-08-20T05:00:28,42.39179,-70.13810,5.9,203.8,511.0,FLOOD TIDE,,WDK9173,36,,14,2,,,B
368101110,2022-08-20T05:02:58,42.38777,-70.14001,6.3,198.8,511.0,FLOOD TIDE,,WDK9173,36,,14,2,,,B
366978410,2022-08-30T19:27:07,42.38867,-70.13262,5.7,32.6,354.0,ALYAN,,WCO8621,36,,14,4,,,B
366978410,2022-08-30T19:28:34,42.39127,-70.13085,6.8,36.5,342.0,ALYAN,,WCO8621,36,,14,4,,,B
366978410,2022-08-30T19:30:07,42.39410,-70.12871,6.4,25.5,347.0,ALYAN,,WCO8621,36,,14,4,,,B
366978410,2022-08-30T19:31:34,42.39672,-70.12675,6.6,28.7,6.0,ALYAN,,WCO8621,36,,14,4,,,B
366978410,2022-08-30T19:32:38,42.39867,-70.12516,7.4,21.8,348.0,ALYAN,,WCO8621,36,,14,4,,,B
366978410,2022-08-30T19:34:07,42.40125,-70.12297,7.5,31.0,4.0,ALYAN,,WCO8621,36,,14,4,,,B
366978410,2022-08-30T19:35:39,42.40392,-70.12058,7.3,37.2,0.0,ALYAN,,WCO8621,36,,14,4,,,B
366978410,2022-08-30T19:37:38,42.40729,-70.11752,6.6,41.9,334.0,ALYAN,,WCO8621,36,,14,4,,,B
366978410,2022-08-30T19:39:38,42.41066,-70.11440,7.4,35.3,353.0,ALYAN,,WCO8621,36,,14,4,,,B
366978410,2022-08-30T19:41:38,42.41411,-70.11135,7.5,47.4,7.0,ALYAN,,WCO8621,36,,14,4,,,B
366978410,2022-08-30T19:43:07,42.41654,-70.10928,6.9,37.5,344.0,ALYAN,,WCO8621,36,,14,4,,,B
366978410,2022-08-30T19:44:38,42.41907,-70.10703,7.7,31.6,3.0,ALYAN,,WCO8621,36,,14,4,,,B
338331972,2022-09-13T08:16:40,42.40463,-70.10159,6.3,200.1,511.0,NOMASTE,,,37,,13,5,,,B
338331972,2022-09-13T08:19:07,42.40038,-70.10381,6.6,205.5,511.0,NOMASTE,,,37,,13,5,,,B
338331972,2022-09-13T08:20:10,42.39851,-70.10471,7.2,199.0,511.0,NOMASTE,,,37,,13,5,,,B
338331972,2022-09-13T08:21:40,42.39583,-70.10587,6.6,198.7,511.0,NOMASTE,,,37,,13,5,,,B
338331972,2022-09-13T08:24:06,42.39154,-70.10775,6.5,193.9,511.0,NOMASTE,,,37,,13,5,,,B
338331972,2022-09-13T08:25:36,42.38890,-70.10890,6.4,199.1,511.0,NOMASTE,,,37,,13,5,,,B
338331972,2022-09-13T08:27:07,42.38621,-70.11005,6.9,196.6,511.0,NOMASTE,,,37,,13,5,,,B
338370781,2022-10-07T05:42:55,42.38877,-70.10973,7.1,36.2,34.0,DAME,,,37,,12,3,,,B
338370781,2022-10-07T05:43:57,42.39047,-70.10868,7.1,35.4,32.0,DAME,,,37,,12,3,,,B
338370781,2022-10-07T05:44:58,42.39225,-70.10743,7.1,24.7,24.0,DAME,,,37,,12,3,,,B
338370781,2022-10-07T05:47:00,42.39562,-70.10523,7.9,30.5,31.0,DAME,,,37,,12,3,,,B
338370781,2022-10-07T05:48:01,42.39733,-70.10413,6.3,25.2,28.0,DAME,,,37,,12,3,,,B
338370781,2022-10-07T05:49:32,42.39997,-70.10243,7.1,35.5,36.0,DAME,,,37,,12,3,,,B
338370781,2022-10-07T05:50:34,42.40167,-70.10135,7.1,24.4,24.0,DAME,,,37,,12,3,,,B
311050300,2022-10-25T00:29:02,42.38690,-70.12191,12.1,6.6,11.0,SEA DISCOVERER,IMO9213131,C6YZ8,60,0,91,15,3.8,60,A
311050300,2022-10-25T00:30:12,42.39073,-70.12139,12.0,6.8,11.0,SEA DISCOVERER,IMO9213131,C6YZ8,60,0,91,15,3.8,60,A
311050300,2022-10-25T00:31:23,42.39473,-70.12085,12.0,6.1,10.0,SEA DISCOVERER,IMO9213131,C6YZ8,60,0,91,15,3.8,60,A
311050300,2022-10-25T00:32:33,42.39862,-70.12032,12.1,5.1,10.0,SEA DISCOVERER,IMO9213131,C6YZ8,60,0,91,15,3.8,60,A
311050300,2022-10-25T00:33:42,42.40242,-70.11978,11.9,5.3,10.0,SEA DISCOVERER,IMO9213131,C6YZ8,60,0,91,15,3.8,60,A
311050300,2022-10-25T00:34:53,42.40634,-70.11920,12.0,4.7,9.0,SEA DISCOVERER,IMO9213131,C6YZ8,60,0,91,15,3.8,60,A
311050300,2022-10-25T00:36:02,42.41010,-70.11867,12.0,6.8,10.0,SEA DISCOVERER,IMO9213131,C6YZ8,60,0,91,15,3.8,60,A
311050300,2022-10-25T00:37:13,42.41405,-70.11807,12.0,5.7,10.0,SEA DISCOVERER,IMO9213131,C6YZ8,60,0,91,15,3.8,60,A
311050300,2022-10-25T00:38:23,42.41784,-70.11748,11.9,7.8,10.0,SEA DISCOVERER,IMO9213131,C6YZ8,60,0,91,15,3.8,60,A
311050300,2022-10-25T00:39:33,42.42160,-70.11653,11.8,11.1,18.0,SEA DISCOVERER,IMO9213131,C6YZ8,60,0,91,15,3.8,60,A
366839940,2022-11-03T01:17:31,42.38649,-70.10322,7.0,270.0,511.0,AMERICA,IMO8990574,WDA7127,30,,23,7,,,B
366839940,2022-11-03T01:19:02,42.38659,-70.10717,7.3,270.9,511.0,AMERICA,IMO8990574,WDA7127,30,,23,7,,,B
366839940,2022-11-03T01:20:03,42.38664,-70.10992,7.2,272.4,511.0,AMERICA,IMO8990574,WDA7127,30,,23,7,,,B
366839940,2022-11-03T01:21:30,42.38674,-70.11385,7.4,272.3,511.0,AMERICA,IMO8990574,WDA7127,30,,23,7,,,B
366839940,2022-11-03T01:22:33,42.38680,-70.11664,7.1,271.0,511.0,AMERICA,IMO8990574,WDA7127,30,,23,7,,,B
366839940,2022-11-03T01:25:02,42.38694,-70.12334,7.1,269.2,511.0,AMERICA,IMO8990574,WDA7127,30,,23,7,,,B
366839940,2022-11-03T01:26:31,42.38699,-70.12729,7.3,271.7,511.0,AMERICA,IMO8990574,WDA7127,30,,23,7,,,B
366839940,2022-11-03T01:28:03,42.38708,-70.13135,7.0,270.7,511.0,AMERICA,IMO8990574,WDA7127,30,,23,7,,,B
366839940,2022-11-03T01:29:30,42.38718,-70.13515,6.9,274.0,511.0,AMERICA,IMO8990574,WDA7127,30,,23,7,,,B
366839940,2022-11-03T01:30:31,42.38725,-70.13775,7.3,275.2,511.0,AMERICA,IMO8990574,WDA7127,30,,23,7,,,B
366839940,2022-11-03T01:32:30,42.38737,-70.14291,6.6,273.6,511.0,AMERICA,IMO8990574,WDA7127,30,,23,7,,,B
366839940,2022-11-03T01:34:02,42.38743,-70.14685,6.7,269.4,511.0,AMERICA,IMO8990574,WDA7127,30,,23,7,,,B
368001660,2022-06-03T05:29:28,42.38834,-70.13539,8.0,19.7,511.0,CONSULTING TIME III,,WDJ6934,37,0,17,,,37,A
368001660,2022-06-03T05:30:38,42.39075,-70.13407,8.0,21.0,511.0,CONSULTING TIME III,,WDJ6934,37,0,17,,,37,A
368001660,2022-06-03T05:39:07,42.40799,-70.12390,7.9,23.4,511.0,CONSULTING TIME III,,WDJ6934,37,0,17,,,37,A
368001660,2022-06-03T05:43:48,42.41753,-70.11847,8.2,23.1,511.0,CONSULTING TIME III,,WDJ6934,37,0,17,,,37,A
368001660,2022-06-03T05:44:57,42.41987,-70.11703,8.0,27.5,511.0,CONSULTING TIME III,,WDJ6934,37,0,17,,,37,A
367391240,2022-05-13T02:13:39,42.41793,-70.14766,5.2,145.2,511.0,JUSTICE,IMO7947714,WCY9045,30,,25,7,,,B
367391240,2022-05-13T02:15:07,42.41640,-70.14606,5.0,140.6,511.0,JUSTICE,IMO7947714,WCY9045,30,,25,7,,,B
367391240,2022-05-13T02:17:37,42.41368,-70.14325,5.3,142.2,511.0,JUSTICE,IMO7947714,WCY9045,30,,25,7,,,B
367391240,2022-05-13T02:19:08,42.41207,-70.14151,4.9,141.2,511.0,JUSTICE,IMO7947714,WCY9045,30,,25,7,,,B
367391240,2022-05-13T02:24:37,42.40608,-70.13504,5.5,141.8,511.0,JUSTICE,IMO7947714,WCY9045,30,,25,7,,,B
367391240,2022-05-13T02:30:39,42.39954,-70.12810,5.1,144.3,511.0,JUSTICE,IMO7947714,WCY9045,30,,25,7,,,B
367391240,2022-05-13T02:33:07,42.39680,-70.12531,4.7,142.5,511.0,JUSTICE,IMO7947714,WCY9045,30,,25,7,,,B
367391240,2022-05-13T02:34:08,42.39572,-70.12424,4.8,141.4,511.0,JUSTICE,IMO7947714,WCY9045,30,,25,7,,,B
367391240,2022-05-13T02:35:39,42.39404,-70.12261,5.1,142.2,511.0,JUSTICE,IMO7947714,WCY9045,30,,25,7,,,B
367391240,2022-05-13T02:37:38,42.39190,-70.12045,5.3,142.5,511.0,JUSTICE,IMO7947714,WCY9045,30,,25,7,,,B
367391240,2022-05-13T02:40:07,42.38916,-70.11762,4.6,145.2,511.0,JUSTICE,IMO7947714,WCY9045,30,,25,7,,,B
367391240,2022-05-13T02:42:07,42.38696,-70.11537,5.0,146.4,511.0,JUSTICE,IMO7947714,WCY9045,30,,25,7,,,B
366953940,2022-09-19T21:39:56,42.40355,-70.11900,10.0,24.8,511.0,STARLIGHT,IMO7731256,WDB8157,30,0,23,7,,30,A
366953940,2022-09-19T21:41:06,42.40637,-70.11731,9.7,25.2,511.0,STARLIGHT,IMO7731256,WDB8157,30,0,23,7,,30,A
366953940,2022-09-19T21:43:06,42.41128,-70.11438,9.8,23.0,511.0,STARLIGHT,IMO7731256,WDB8157,30,0,23,7,,30,A
366953940,2022-09-19T21:44:16,42.41408,-70.11274,9.6,26.0,511.0,STARLIGHT,IMO7731256,WDB8157,30,0,23,7,,30,A
366953940,2022-09-19T21:47:16,42.42142,-70.10848,9.8,26.1,511.0,STARLIGHT,IMO7731256,WDB8157,30,0,23,7,,30,A
367551860,2022-05-12T09:54:40,42.42049,-70.10414,7.3,287.0,511.0,JOCKA,IMO8885573,WDG5937,30,4,18,5,,99,A
367551860,2022-05-13T08:33:10,42.38623,-70.10265,8.5,297.4,511.0,JOCKA,IMO8885573,WDG5937,30,4,18,5,,99,A
367551860,2022-05-13T08:34:19,42.38739,-70.10600,8.9,295.2,511.0,JOCKA,IMO8885573,WDG5937,30,4,18,5,,99,A
367551860,2022-05-13T08:36:19,42.38941,-70.11173,8.0,291.0,511.0,JOCKA,IMO8885573,WDG5937,30,4,18,5,,99,A
367551860,2022-05-13T08:37:40,42.39075,-70.11558,8.5,301.2,511.0,JOCKA,IMO8885573,WDG5937,30,4,18,5,,99,A
367551860,2022-05-13T08:38:49,42.39192,-70.11891,8.4,293.0,511.0,JOCKA,IMO8885573,WDG5937,30,4,18,5,,99,A
367551860,2022-05-13T08:39:59,42.39309,-70.12225,8.1,292.6,511.0,JOCKA,IMO8885573,WDG5937,30,4,18,5,,99,A
367551860,2022-05-13T08:41:09,42.39434,-70.12570,9.0,296.0,511.0,JOCKA,IMO8885573,WDG5937,30,4,18,5,,99,A
367551860,2022-05-13T08:42:20,42.39560,-70.12911,7.7,293.1,511.0,JOCKA,IMO8885573,WDG5937,30,4,18,5,,99,A
367551860,2022-05-13T08:43:30,42.39674,-70.13244,8.1,297.6,511.0,JOCKA,IMO8885573,WDG5937,30,4,18,5,,99,A
367551860,2022-05-13T08:45:09,42.39845,-70.13723,8.4,295.4,511.0,JOCKA,IMO8885573,WDG5937,30,4,18,5,,99,A
367551860,2022-05-13T08:46:19,42.39962,-70.14057,8.6,295.2,511.0,JOCKA,IMO8885573,WDG5937,30,4,18,5,,99,A
367593250,2022-08-14T07:02:04,42.41764,-70.11096,7.5,208.8,207.0,SONNY,,WDG9988,37,,21,,,,B
367593250,2022-08-14T07:06:05,42.41043,-70.11640,7.4,210.3,207.0,SONNY,,WDG9988,37,,21,,,,B
367593250,2022-08-14T07:07:36,42.40762,-70.11828,7.4,205.5,205.0,SONNY,,WDG9988,37,,21,,,,B
367593250,2022-08-14T07:09:03,42.40501,-70.12017,7.3,209.7,203.0,SONNY,,WDG9988,37,,21,,,,B
367593250,2022-08-14T07:10:33,42.40225,-70.12195,7.3,204.7,206.0,SONNY,,WDG9988,37,,21,,,,B
367593250,2022-08-14T07:12:04,42.39945,-70.12373,7.4,206.5,205.0,SONNY,,WDG9988,37,,21,,,,B
367593250,2022-08-14T07:13:05,42.39756,-70.12487,7.3,204.5,204.0,SONNY,,WDG9988,37,,21,,,,B
367593250,2022-08-14T07:14:33,42.39481,-70.12661,7.8,207.3,204.0,SONNY,,WDG9988,37,,21,,,,B
367593250,2022-08-14T07:16:03,42.39202,-70.12841,7.7,202.9,205.0,SONNY,,WDG9988,37,,21,,,,B
367593250,2022-08-14T07:17:33,42.38923,-70.13016,7.5,202.3,204.0,SONNY,,WDG9988,37,,21,,,,B
367593250,2022-08-14T07:19:03,42.38640,-70.13176,7.5,203.3,205.0,SONNY,,WDG9988,37,,21,,,,B
367138530,2022-10-07T17:01:30,42.41903,-70.14755,9.3,109.2,511.0,MICHAEL & KRISTEN,IMO8855059,WBA4573,30,9,23,6,,30,A
367138530,2022-10-07T17:02:38,42.41797,-70.14380,9.3,109.5,511.0,MICHAEL & KRISTEN,IMO8855059,WBA4573,30,9,23,6,,30,A
367138530,2022-10-07T17:03:48,42.41686,-70.14004,9.2,109.0,511.0,MICHAEL & KRISTEN,IMO8855059,WBA4573,30,9,23,6,,30,A
367138530,2022-10-07T17:04:59,42.41575,-70.13620,9.3,108.0,511.0,MICHAEL & KRISTEN,IMO8855059,WBA4573,30,9,23,6,,30,A
367138530,2022-10-07T17:06:09,42.41460,-70.13251,9.2,114.7,511.0,MICHAEL & KRISTEN,IMO8855059,WBA4573,30,9,23,6,,30,A
367138530,2022-10-07T17:07:19,42.41345,-70.12871,9.2,111.5,511.0,MICHAEL & KRISTEN,IMO8855059,WBA4573,30,9,23,6,,30,A
367138530,2022-10-07T17:08:38,42.41221,-70.12446,9.3,109.1,511.0,MICHAEL & KRISTEN,IMO8855059,WBA4573,30,9,23,6,,30,A
367138530,2022-10-07T17:09:48,42.41110,-70.12077,9.2,109.6,511.0,MICHAEL & KRISTEN,IMO8855059,WBA4573,30,9,23,6,,30,A
367138530,2022-10-07T17:10:59,42.40993,-70.11695,9.1,114.2,511.0,MICHAEL & KRISTEN,IMO8855059,WBA4573,30,9,23,6,,30,A
367138530,2022-10-07T17:12:28,42.40854,-70.11225,9.0,114.3,511.0,MICHAEL & KRISTEN,IMO8855059,WBA4573,30,9,23,6,,30,A
367138530,2022-10-07T17:13:49,42.40739,-70.10791,9.0,107.5,511.0,MICHAEL & KRISTEN,IMO8855059,WBA4573,30,9,23,6,,30,A
367138530,2022-10-07T17:14:58,42.40634,-70.10428,9.1,116.3,511.0,MICHAEL & KRISTEN,IMO8855059,WBA4573,30,9,23,6,,30,A
368174370,2022-09-01T14:04:47,42.38847,-70.13083,10.3,329.5,511.0,S/Y SMITH,,WDL8939,36,8,35,8,4.0,36,A
368174370,2022-09-01T14:05:56,42.39122,-70.13310,10.7,325.0,511.0,S/Y SMITH,,WDL8939,36,8,35,8,4.0,36,A
368174370,2022-09-01T14:07:06,42.39400,-70.13542,9.9,322.3,511.0,S/Y SMITH,,WDL8939,36,8,35,8,4.0,36,A
368174370,2022-09-01T14:08:17,42.39682,-70.13772,10.0,329.7,511.0,S/Y SMITH,,WDL8939,36,8,35,8,4.0,36,A
368174370,2022-09-01T14:09:26,42.39942,-70.13988,9.3,324.9,511.0,S/Y SMITH,,WDL8939,36,8,35,8,4.0,36,A
368174370,2022-09-01T14:10:46,42.40249,-70.14233,9.9,332.5,511.0,S/Y SMITH,,WDL8939,36,8,35,8,4.0,36,A
368174370,2022-09-01T14:11:56,42.40520,-70.14436,9.8,331.0,511.0,S/Y SMITH,,WDL8939,36,8,35,8,4.0,36,A
368174370,2022-09-01T14:13:05,42.40791,-70.14639,9.2,330.1,511.0,S/Y SMITH,,WDL8939,36,8,35,8,4.0,36,A
368174370,2022-09-01T14:14:15,42.41053,-70.14833,9.5,332.3,511.0,S/Y SMITH,,WDL8939,36,8,35,8,4.0,36,A
367138530,2022-10-19T17:54:07,42.42089,-70.14225,8.9,109.6,511.0,MICHAEL & KRISTEN,IMO8855059,WBA4573,30,9,23,6,,30,A
367138530,2022-10-19T17:55:17,42.41970,-70.13872,8.9,115.1,511.0,MICHAEL & KRISTEN,IMO8855059,WBA4573,30,9,23,6,,30,A
367138530,2022-10-19T17:56:27,42.41873,-70.13497,8.9,109.2,511.0,MICHAEL & KRISTEN,IMO8855059,WBA4573,30,9,23,6,,30,A
367138530,2022-10-19T17:59:07,42.41644,-70.12679,9.0,112.7,511.0,MICHAEL & KRISTEN,IMO8855059,WBA4573,30,9,23,6,,30,A
367138530,2022-10-19T18:00:07,42.41537,-70.12379,9.0,118.9,511.0,MICHAEL & KRISTEN,IMO8855059,WBA4573,30,9,23,6,,30,A
367138530,2022-10-19T18:02:48,42.41308,-70.11551,8.8,115.6,511.0,MICHAEL & KRISTEN,IMO8855059,WBA4573,30,9,23,6,,30,A
367138530,2022-10-19T18:04:57,42.41105,-70.10899,8.7,106.4,511.0,MICHAEL & KRISTEN,IMO8855059,WBA4573,30,9,23,6,,30,A
368174370,2022-09-06T03:52:36,42.39994,-70.10134,8.4,202.0,511.0,S/Y SMITH,,WDL8939,36,8,35,8,4.0,36,A
368174370,2022-09-06T03:53:46,42.39740,-70.10246,8.4,199.5,511.0,S/Y SMITH,,WDL8939,36,8,35,8,4.0,36,A
368174370,2022-09-06T03:54:56,42.39488,-70.10358,8.3,198.5,511.0,S/Y SMITH,,WDL8939,36,8,35,8,4.0,36,A
368174370,2022-09-06T03:56:07,42.39232,-70.10466,8.4,202.5,511.0,S/Y SMITH,,WDL8939,36,8,35,8,4.0,36,A
368174370,2022-09-06T03:57:17,42.38980,-70.10577,8.3,199.5,511.0,S/Y SMITH,,WDL8939,36,8,35,8,4.0,36,A
368174370,2022-09-06T03:58:25,42.38734,-70.10685,8.3,199.4,511.0,S/Y SMITH,,WDL8939,36,8,35,8,4.0,36,A
366669040,2022-05-26T09:14:30,42.41636,-70.10204,6.5,204.3,511.0,BELVEDERE,,WU3941,37,,15,4,,,B
366669040,2022-05-26T09:15:31,42.41475,-70.10307,6.3,206.8,511.0,BELVEDERE,,WU3941,37,,15,4,,,B
366669040,2022-05-26T09:17:30,42.41149,-70.10502,6.8,197.2,511.0,BELVEDERE,,WU3941,37,,15,4,,,B
366669040,2022-05-26T09:19:02,42.40902,-70.10655,6.4,212.3,511.0,BELVEDERE,,WU3941,37,,15,4,,,B
366669040,2022-05-26T09:20:31,42.40660,-70.10803,6.8,204.7,511.0,BELVEDERE,,WU3941,37,,15,4,,,B
366669040,2022-05-26T09:22:00,42.40414,-70.10952,6.3,197.7,511.0,BELVEDERE,,WU3941,37,,15,4,,,B
366669040,2022-05-26T09:23:30,42.40163,-70.11102,6.7,208.5,511.0,BELVEDERE,,WU3941,37,,15,4,,,B
366669040,2022-05-26T09:25:30,42.39830,-70.11302,6.2,202.5,511.0,BELVEDERE,,WU3941,37,,15,4,,,B
366669040,2022-05-26T09:26:31,42.39664,-70.11402,7.0,201.7,511.0,BELVEDERE,,WU3941,37,,15,4,,,B
366669040,2022-05-26T09:28:01,42.39406,-70.11551,6.9,211.3,511.0,BELVEDERE,,WU3941,37,,15,4,,,B
366669040,2022-05-26T09:29:30,42.39155,-70.11709,6.6,202.8,511.0,BELVEDERE,,WU3941,37,,15,4,,,B
366669040,2022-05-26T09:30:31,42.38985,-70.11814,6.9,213.3,511.0,BELVEDERE,,WU3941,37,,15,4,,,B
366669040,2022-05-26T09:32:32,42.38646,-70.12023,6.9,207.3,511.0,BELVEDERE,,WU3941,37,,15,4,,,B
367530980,2022-10-17T00:43:49,42.38686,-70.11884,6.4,22.2,511.0,PASSING FANCY,,WDG3914,37,,15,4,,,B
367530980,2022-10-17T00:46:49,42.39181,-70.11605,6.4,26.4,511.0,PASSING FANCY,,WDG3914,37,,15,4,,,B
367530980,2022-10-17T00:48:18,42.39424,-70.11463,6.4,24.3,511.0,PASSING FANCY,,WDG3914,37,,15,4,,,B
367530980,2022-10-17T00:49:48,42.39669,-70.11305,6.5,20.8,511.0,PASSING FANCY,,WDG3914,37,,15,4,,,B
367530980,2022-10-17T00:51:18,42.39916,-70.11162,6.3,22.7,511.0,PASSING FANCY,,WDG3914,37,,15,4,,,B
367530980,2022-10-17T00:52:19,42.40084,-70.11064,6.4,27.8,511.0,PASSING FANCY,,WDG3914,37,,15,4,,,B
367530980,2022-10-17T00:54:48,42.40483,-70.10813,6.5,24.7,511.0,PASSING FANCY,,WDG3914,37,,15,4,,,B
367530980,2022-10-17T00:58:18,42.41043,-70.10461,6.0,18.3,511.0,PASSING FANCY,,WDG3914,37,,15,4,,,B
367309390,2022-03-16T17:26:00,42.40825,-70.14849,8.4,141.9,511.0,PACIFIC FREEDOM,IMO7047708,WDD9283,31,5,34,9,3.8,32,A
367309390,2022-03-16T17:27:09,42.40602,-70.14642,8.7,147.7,511.0,PACIFIC FREEDOM,IMO7047708,WDD9283,31,5,34,9,3.8,32,A
367309390,2022-03-16T17:28:49,42.40284,-70.14353,8.7,150.2,511.0,PACIFIC FREEDOM,IMO7047708,WDD9283,31,5,34,9,3.8,32,A
367309390,2022-03-16T17:31:09,42.39833,-70.13943,8.4,146.8,511.0,PACIFIC FREEDOM,IMO7047708,WDD9283,31,5,34,9,3.8,32,A
367309390,2022-03-16T17:32:39,42.39545,-70.13677,8.7,140.2,511.0,PACIFIC FREEDOM,IMO7047708,WDD9283,31,5,34,9,3.8,32,A
367309390,2022-03-16T17:34:19,42.39223,-70.13376,8.3,142.9,511.0,PACIFIC FREEDOM,IMO7047708,WDD9283,31,5,34,9,3.8,32,A
367309390,2022-03-16T17:35:29,42.38996,-70.13161,8.5,142.0,511.0,PACIFIC FREEDOM,IMO7047708,WDD9283,31,5,34,9,3.8,32,A
367309390,2022-03-16T17:36:39,42.38775,-70.12955,8.4,146.6,511.0,PACIFIC FREEDOM,IMO7047708,WDD9283,31,5,34,9,3.8,32,A
366953940,2022-04-13T02:04:38,42.38800,-70.13723,10.0,24.6,511.0,STARLIGHT,IMO7731256,WDB8157,30,0,23,7,,30,A
366953940,2022-04-13T02:05:49,42.39100,-70.13537,10.1,23.9,511.0,STARLIGHT,IMO7731256,WDB8157,30,0,23,7,,30,A
366953940,2022-04-13T02:06:57,42.39394,-70.13361,10.1,23.1,511.0,STARLIGHT,IMO7731256,WDB8157,30,0,23,7,,30,A
366953940,2022-04-13T02:08:08,42.39694,-70.13191,10.0,21.4,511.0,STARLIGHT,IMO7731256,WDB8157,30,0,23,7,,30,A
366953940,2022-04-13T02:09:19,42.40001,-70.13029,10.1,21.5,511.0,STARLIGHT,IMO7731256,WDB8157,30,0,23,7,,30,A
366953940,2022-04-13T02:10:29,42.40303,-70.12867,10.0,21.4,511.0,STARLIGHT,IMO7731256,WDB8157,30,0,23,7,,30,A
366953940,2022-04-13T02:11:38,42.40605,-70.12705,10.1,22.5,511.0,STARLIGHT,IMO7731256,WDB8157,30,0,23,7,,30,A
366953940,2022-04-13T02:12:39,42.40865,-70.12569,10.1,21.3,511.0,STARLIGHT,IMO7731256,WDB8157,30,0,23,7,,30,A
366953940,2022-04-13T02:13:47,42.41165,-70.12411,10.2,21.2,511.0,STARLIGHT,IMO7731256,WDB8157,30,0,23,7,,30,A
366953940,2022-04-13T02:14:48,42.41424,-70.12274,10.0,21.1,511.0,STARLIGHT,IMO7731256,WDB8157,30,0,23,7,,30,A
366953940,2022-04-13T02:15:58,42.41727,-70.12115,10.0,21.5,511.0,STARLIGHT,IMO7731256,WDB8157,30,0,23,7,,30,A
366953940,2022-04-13T02:17:09,42.42033,-70.11949,10.0,23.4,511.0,STARLIGHT,IMO7731256,WDB8157,30,0,23,7,,30,A
367539090,2022-01-12T07:41:41,42.41897,-70.14130,9.9,200.0,202.0,B FRANKLIN REINAUER,IMO9653238,WDG4684,31,0,33,10,4.6,52,A
367539090,2022-01-12T07:42:52,42.41591,-70.14287,9.9,200.5,202.0,B FRANKLIN REINAUER,IMO9653238,WDG4684,31,0,33,10,4.6,52,A
367539090,2022-01-12T07:44:22,42.41212,-70.14485,9.8,201.6,201.0,B FRANKLIN REINAUER,IMO9653238,WDG4684,31,0,33,10,4.6,52,A
367539090,2022-01-12T07:45:31,42.40920,-70.14636,9.7,201.3,201.0,B FRANKLIN REINAUER,IMO9653238,WDG4684,31,0,33,10,4.6,52,A
367539090,2022-01-12T07:46:41,42.40626,-70.14790,9.7,201.8,202.0,B FRANKLIN REINAUER,IMO9653238,WDG4684,31,0,33,10,4.6,52,A
367539090,2022-01-12T07:47:52,42.40327,-70.14948,9.8,201.7,202.0,B FRANKLIN REINAUER,IMO9653238,WDG4684,31,0,33,10,4.6,52,A
367306890,2022-04-03T12:07:19,42.38662,-70.14087,10.2,21.6,26.0,HMS JIM MORGAN,IMO9097147,WDH3291,90,0,45,10,,76,A
367306890,2022-04-03T12:08:24,42.38941,-70.13936,10.2,21.0,26.0,HMS JIM MORGAN,IMO9097147,WDH3291,90,0,45,10,,76,A
367306890,2022-04-03T12:09:28,42.39228,-70.13786,10.3,21.1,27.0,HMS JIM MORGAN,IMO9097147,WDH3291,90,0,45,10,,76,A
367306890,2022-04-03T12:10:37,42.39531,-70.13619,10.3,22.0,26.0,HMS JIM MORGAN,IMO9097147,WDH3291,90,0,45,10,,76,A
367306890,2022-04-03T12:11:39,42.39806,-70.13473,10.3,21.0,27.0,HMS JIM MORGAN,IMO9097147,WDH3291,90,0,45,10,,76,A
367306890,2022-04-03T12:12:40,42.40071,-70.13333,10.3,21.1,26.0,HMS JIM MORGAN,IMO9097147,WDH3291,90,0,45,10,,76,A
367306890,2022-04-03T12:13:42,42.40350,-70.13184,10.3,21.1,25.0,HMS JIM MORGAN,IMO9097147,WDH3291,90,0,45,10,,76,A
367306890,2022-04-03T12:14:43,42.40620,-70.13040,10.3,21.0,26.0,HMS JIM MORGAN,IMO9097147,WDH3291,90,0,45,10,,76,A
367306890,2022-04-03T12:15:58,42.40951,-70.12862,10.3,21.2,25.0,HMS JIM MORGAN,IMO9097147,WDH3291,90,0,45,10,,76,A
367306890,2022-04-03T12:16:59,42.41217,-70.12719,10.3,22.2,28.0,HMS JIM MORGAN,IMO9097147,WDH3291,90,0,45,10,,76,A
367306890,2022-04-03T12:18:01,42.41493,-70.12565,10.2,23.1,27.0,HMS JIM MORGAN,IMO9097147,WDH3291,90,0,45,10,,76,A
367306890,2022-04-03T12:19:03,42.41766,-70.12415,10.3,22.8,27.0,HMS JIM MORGAN,IMO9097147,WDH3291,90,0,45,10,,76,A
367306890,2022-04-03T12:20:12,42.42062,-70.12249,10.2,21.8,27.0,HMS JIM MORGAN,IMO9097147,WDH3291,90,0,45,10,,76,A
367678870,2022-08-19T00:52:51,42.39593,-70.11306,7.6,33.0,511.0,BALLYHOO,,WDI2506,37,,13,4,,,B
367678870,2022-08-19T00:55:20,42.40052,-70.10962,7.6,24.3,511.0,BALLYHOO,,WDI2506,37,,13,4,,,B
367678870,2022-08-19T00:57:52,42.40515,-70.10638,7.2,28.9,511.0,BALLYHOO,,WDI2506,37,,13,4,,,B
367138530,2022-09-24T17:40:09,42.41875,-70.14644,9.0,116.5,511.0,MICHAEL & KRISTEN,IMO8855059,WBA4573,30,9,23,6,,30,A
367138530,2022-09-24T17:41:21,42.41780,-70.14257,8.9,109.5,511.0,MICHAEL & KRISTEN,IMO8855059,WBA4573,30,9,23,6,,30,A
367138530,2022-09-24T17:42:30,42.41660,-70.13898,9.0,111.4,511.0,MICHAEL & KRISTEN,IMO8855059,WBA4573,30,9,23,6,,30,A
367138530,2022-09-24T17:43:40,42.41552,-70.13527,9.0,112.3,511.0,MICHAEL & KRISTEN,IMO8855059,WBA4573,30,9,23,6,,30,A
367138530,2022-09-24T17:44:50,42.41445,-70.13154,9.0,115.6,511.0,MICHAEL & KRISTEN,IMO8855059,WBA4573,30,9,23,6,,30,A
367138530,2022-09-24T17:46:01,42.41329,-70.12785,9.0,108.4,511.0,MICHAEL & KRISTEN,IMO8855059,WBA4573,30,9,23,6,,30,A
367138530,2022-09-24T17:47:09,42.41235,-70.12417,9.0,112.3,511.0,MICHAEL & KRISTEN,IMO8855059,WBA4573,30,9,23,6,,30,A
367138530,2022-09-24T17:48:20,42.41109,-70.12059,8.5,112.4,511.0,MICHAEL & KRISTEN,IMO8855059,WBA4573,30,9,23,6,,30,A
367138530,2022-09-24T17:49:21,42.41027,-70.11746,8.9,110.4,511.0,MICHAEL & KRISTEN,IMO8855059,WBA4573,30,9,23,6,,30,A
367138530,2022-09-24T17:50:30,42.40919,-70.11382,9.1,112.4,511.0,MICHAEL & KRISTEN,IMO8855059,WBA4573,30,9,23,6,,30,A
367138530,2022-09-24T17:51:40,42.40813,-70.11020,9.0,114.7,511.0,MICHAEL & KRISTEN,IMO8855059,WBA4573,30,9,23,6,,30,A
367138530,2022-09-24T17:52:49,42.40698,-70.10661,8.7,110.9,511.0,MICHAEL & KRISTEN,IMO8855059,WBA4573,30,9,23,6,,30,A
367138530,2022-09-24T17:54:09,42.40582,-70.10247,9.1,113.7,511.0,MICHAEL & KRISTEN,IMO8855059,WBA4573,30,9,23,6,,30,A
367099670,2022-08-15T08:48:38,42.39000,-70.10379,7.0,216.1,215.0,BLACK WATCH,,WDI7930,37,,16,4,,,B
367099670,2022-08-15T08:49:40,42.38812,-70.10475,6.9,211.5,218.0,BLACK WATCH,,WDI7930,37,,16,4,,,B
369134000,2022-12-20T01:04:41,42.40472,-70.14642,13.2,145.3,141.0,GLOBAL SENTINEL,IMO8900866,KGSU,90,0,145,21,8.1,99,A
369134000,2022-12-20T01:05:52,42.40133,-70.14306,13.2,144.3,141.0,GLOBAL SENTINEL,IMO8900866,KGSU,90,0,145,21,8.1,99,A
369134000,2022-12-20T01:07:00,42.39783,-70.13961,13.2,142.7,142.0,GLOBAL SENTINEL,IMO8900866,KGSU,90,0,145,21,8.1,99,A
369134000,2022-12-20T01:08:01,42.39485,-70.13661,13.2,142.6,139.0,GLOBAL SENTINEL,IMO8900866,KGSU,90,0,145,21,8.1,99,A
369134000,2022-12-20T01:09:11,42.39153,-70.13327,13.1,143.9,142.0,GLOBAL SENTINEL,IMO8900866,KGSU,90,0,145,21,8.1,99,A
369134000,2022-12-20T01:10:22,42.38799,-70.12974,13.3,143.1,140.0,GLOBAL SENTINEL,IMO8900866,KGSU,90,0,145,21,8.1,99,A
319005000,2022-04-22T16:14:57,42.38784,-70.11808,9.2,20.9,17.0,FIRST LIGHT,IMO1009596,ZCTX3,37,0,,,,90,A
319005000,2022-04-22T16:16:08,42.39064,-70.11664,9.3,19.9,16.0,FIRST LIGHT,IMO1009596,ZCTX3,37,0,,,,90,A
319005000,2022-04-22T16:17:17,42.39338,-70.11517,9.5,21.2,18.0,FIRST LIGHT,IMO1009596,ZCTX3,37,0,,,,90,A
319005000,2022-04-22T16:18:27,42.39624,-70.11367,9.3,20.3,17.0,FIRST LIGHT,IMO1009596,ZCTX3,37,0,,,,90,A
319005000,2022-04-22T16:19:39,42.39915,-70.11206,9.9,23.5,19.0,FIRST LIGHT,IMO1009596,ZCTX3,37,0,,,,90,A
319005000,2022-04-22T16:20:48,42.40201,-70.11048,9.7,25.1,20.0,FIRST LIGHT,IMO1009596,ZCTX3,37,0,,,,90,A
319005000,2022-04-22T16:21:54,42.40465,-70.10902,9.5,21.0,18.0,FIRST LIGHT,IMO1009596,ZCTX3,37,0,,,,90,A
319005000,2022-04-22T16:22:57,42.40725,-70.10758,9.6,23.7,16.0,FIRST LIGHT,IMO1009596,ZCTX3,37,0,,,,90,A
319005000,2022-04-22T16:24:18,42.41046,-70.10570,9.5,22.8,20.0,FIRST LIGHT,IMO1009596,ZCTX3,37,0,,,,90,A
319005000,2022-04-22T16:25:29,42.41328,-70.10409,9.7,20.9,18.0,FIRST LIGHT,IMO1009596,ZCTX3,37,0,,,,90,A
319005000,2022-04-22T16:26:37,42.41602,-70.10265,9.8,25.9,18.0,FIRST LIGHT,IMO1009596,ZCTX3,37,0,,,,90,A
311000898,2022-12-21T01:51:07,42.41850,-70.10310,14.1,156.6,156.0,CSL KOASEK,IMO9710567,C6EH7,70,0,230,32,8.1,70,A
368068540,2022-04-23T08:12:09,42.42037,-70.14556,7.1,85.1,511.0,OLYMPIA,,,30,,23,7,,,B
368068540,2022-04-23T08:15:10,42.42104,-70.13718,7.7,82.1,511.0,OLYMPIA,,,30,,23,7,,,B
368068540,2022-04-23T08:16:14,42.42127,-70.13413,7.1,86.1,511.0,OLYMPIA,,,30,,23,7,,,B
368068540,2022-04-23T08:18:11,42.42170,-70.12867,7.3,79.6,511.0,OLYMPIA,,,30,,23,7,,,B
367110160,2022-04-27T18:33:04,42.39036,-70.12292,6.4,296.6,511.0,F/V SEA FARMER,,WDD2039,30,,23,7,,,B
367110160,2022-04-27T18:34:34,42.39154,-70.12638,6.7,293.0,511.0,F/V SEA FARMER,,WDD2039,30,,23,7,,,B
367110160,2022-04-27T18:36:33,42.39303,-70.13091,7.6,291.4,511.0,F/V SEA FARMER,,WDD2039,30,,23,7,,,B
367110160,2022-04-27T18:39:03,42.39495,-70.13673,6.9,295.1,511.0,F/V SEA FARMER,,WDD2039,30,,23,7,,,B
367110160,2022-04-27T18:40:04,42.39570,-70.13907,7.6,293.2,511.0,F/V SEA FARMER,,WDD2039,30,,23,7,,,B
367110160,2022-04-27T18:42:03,42.39720,-70.14370,6.7,291.1,511.0,F/V SEA FARMER,,WDD2039,30,,23,7,,,B
367110160,2022-04-27T18:43:33,42.39835,-70.14718,7.3,290.6,511.0,F/V SEA FARMER,,WDD2039,30,,23,7,,,B
367110160,2022-05-18T18:38:32,42.40787,-70.11917,7.5,290.9,511.0,F/V SEA FARMER,,WDD2039,30,,23,7,,,B
367110160,2022-05-18T18:40:02,42.40904,-70.12306,7.7,292.2,511.0,F/V SEA FARMER,,WDD2039,30,,23,7,,,B
367110160,2022-05-18T18:41:31,42.41031,-70.12698,7.3,294.3,511.0,F/V SEA FARMER,,WDD2039,30,,23,7,,,B
367110160,2022-05-18T18:43:03,42.41151,-70.13095,7.5,289.9,511.0,F/V SEA FARMER,,WDD2039,30,,23,7,,,B
367110160,2022-05-18T18:45:02,42.41311,-70.13614,7.1,292.5,511.0,F/V SEA FARMER,,WDD2039,30,,23,7,,,B
367110160,2022-05-18T18:46:03,42.41391,-70.13869,7.3,294.4,511.0,F/V SEA FARMER,,WDD2039,30,,23,7,,,B
367110160,2022-05-18T18:48:01,42.41547,-70.14368,7.4,293.7,511.0,F/V SEA FARMER,,WDD2039,30,,23,7,,,B
338238246,2022-05-20T11:03:06,42.41804,-70.11418,7.4,194.8,511.0,BELLA,,,36,,15,6,,,B
338238246,2022-05-20T11:08:06,42.40818,-70.11859,7.6,199.1,511.0,BELLA,,,36,,15,6,,,B
338238246,2022-05-20T11:11:07,42.40224,-70.12121,7.8,201.4,511.0,BELLA,,,36,,15,6,,,B
338238246,2022-05-20T11:13:07,42.39840,-70.12315,7.5,198.8,511.0,BELLA,,,36,,15,6,,,B
338238246,2022-05-20T11:14:39,42.39541,-70.12445,7.4,199.1,511.0,BELLA,,,36,,15,6,,,B
338238246,2022-05-20T11:16:39,42.39149,-70.12619,7.3,198.6,511.0,BELLA,,,36,,15,6,,,B
338238246,2022-05-20T11:18:39,42.38760,-70.12816,7.4,199.5,511.0,BELLA,,,36,,15,6,,,B
367406260,2022-06-11T03:53:01,42.38756,-70.10738,3.5,19.6,511.0,SOUTHERN JOURNEY,,WDE8502,36,,8,,,,B
367406260,2022-06-11T03:54:04,42.38844,-70.10683,3.5,14.5,511.0,SOUTHERN JOURNEY,,WDE8502,36,,8,,,,B
367406260,2022-06-11T03:56:31,42.39054,-70.10575,3.2,18.0,511.0,SOUTHERN JOURNEY,,WDE8502,36,,8,,,,B
367406260,2022-06-11T03:58:32,42.39224,-70.10493,4.0,17.2,511.0,SOUTHERN JOURNEY,,WDE8502,36,,8,,,,B
367406260,2022-06-11T04:00:01,42.39353,-70.10427,3.6,17.5,511.0,SOUTHERN JOURNEY,,WDE8502,36,,8,,,,B
367406260,2022-06-11T04:01:02,42.39440,-70.10384,3.5,19.5,511.0,SOUTHERN JOURNEY,,WDE8502,36,,8,,,,B
367406260,2022-06-11T04:02:32,42.39570,-70.10325,3.7,14.3,511.0,SOUTHERN JOURNEY,,WDE8502,36,,8,,,,B
367406260,2022-06-11T04:03:33,42.39661,-70.10281,2.9,26.0,511.0,SOUTHERN JOURNEY,,WDE8502,36,,8,,,,B
367406260,2022-06-11T04:06:31,42.39929,-70.10165,2.9,16.5,511.0,SOUTHERN JOURNEY,,WDE8502,36,,8,,,,B
367110160,2022-06-14T22:34:40,42.39211,-70.10182,9.5,293.3,511.0,F/V SEA FARMER,,WDD2039,30,,23,7,,,B
367110160,2022-06-14T22:36:40,42.39432,-70.10831,9.2,293.7,511.0,F/V SEA FARMER,,WDD2039,30,,23,7,,,B
367110160,2022-06-14T22:38:39,42.39635,-70.11470,9.3,295.7,511.0,F/V SEA FARMER,,WDD2039,30,,23,7,,,B
367110160,2022-06-14T22:40:09,42.39790,-70.11955,9.6,294.9,511.0,F/V SEA FARMER,,WDD2039,30,,23,7,,,B
367110160,2022-06-14T22:41:41,42.39961,-70.12458,9.8,296.8,511.0,F/V SEA FARMER,,WDD2039,30,,23,7,,,B
367110160,2022-06-14T22:43:09,42.40122,-70.12925,9.4,294.1,511.0,F/V SEA FARMER,,WDD2039,30,,23,7,,,B
367110160,2022-06-14T22:44:12,42.40242,-70.13267,9.9,293.6,511.0,F/V SEA FARMER,,WDD2039,30,,23,7,,,B
367110160,2022-06-14T22:45:41,42.40407,-70.13743,9.6,294.2,511.0,F/V SEA FARMER,,WDD2039,30,,23,7,,,B
367110160,2022-06-14T22:47:09,42.40568,-70.14227,9.8,295.1,511.0,F/V SEA FARMER,,WDD2039,30,,23,7,,,B
367110160,2022-06-14T22:48:10,42.40682,-70.14565,9.5,294.3,511.0,F/V SEA FARMER,,WDD2039,30,,23,7,,,B
368239870,2022-06-24T00:51:55,42.39777,-70.14868,9.5,21.2,511.0,JULIANNE,,WDM8064,37,,27,7,,,B
368239870,2022-06-24T00:52:56,42.40032,-70.14726,10.4,22.3,511.0,JULIANNE,,WDM8064,37,,27,7,,,B
368239870,2022-06-24T00:54:55,42.40543,-70.14447,9.8,21.8,511.0,JULIANNE,,WDM8064,37,,27,7,,,B
368239870,2022-06-24T00:56:21,42.40907,-70.14246,9.7,21.7,511.0,JULIANNE,,WDM8064,37,,27,7,,,B
368239870,2022-06-24T00:57:52,42.41296,-70.14035,9.5,22.2,511.0,JULIANNE,,WDM8064,37,,27,7,,,B
368239870,2022-06-24T00:59:52,42.41808,-70.13756,10.2,23.1,511.0,JULIANNE,,WDM8064,37,,27,7,,,B
368239870,2022-06-24T01:00:22,42.41933,-70.13684,10.0,24.5,511.0,JULIANNE,,WDM8064,37,,27,7,,,B
367110160,2022-06-27T15:33:32,42.38906,-70.10977,4.6,302.1,511.0,F/V SEA FARMER,,WDD2039,30,,23,7,,,B
367110160,2022-06-29T05:17:22,42.41949,-70.14611,8.6,111.1,511.0,F/V SEA FARMER,,WDD2039,30,,23,7,,,B
367110160,2022-06-29T05:18:51,42.41825,-70.14173,8.4,111.5,511.0,F/V SEA FARMER,,WDD2039,30,,23,7,,,B
367110160,2022-06-29T05:20:50,42.41664,-70.13587,8.2,111.0,511.0,F/V SEA FARMER,,WDD2039,30,,23,7,,,B
367110160,2022-06-29T05:22:19,42.41541,-70.13150,8.4,111.1,511.0,F/V SEA FARMER,,WDD2039,30,,23,7,,,B
367110160,2022-06-29T05:23:22,42.41453,-70.12839,8.5,112.7,511.0,F/V SEA FARMER,,WDD2039,30,,23,7,,,B
367110160,2022-06-29T05:24:50,42.41333,-70.12415,8.6,112.2,511.0,F/V SEA FARMER,,WDD2039,30,,23,7,,,B
367110160,2022-06-29T05:25:51,42.41245,-70.12113,8.2,111.1,511.0,F/V SEA FARMER,,WDD2039,30,,23,7,,,B
367110160,2022-06-29T05:27:21,42.41118,-70.11675,8.2,111.0,511.0,F/V SEA FARMER,,WDD2039,30,,23,7,,,B
367110160,2022-06-29T05:28:50,42.40992,-70.11244,8.5,112.3,511.0,F/V SEA FARMER,,WDD2039,30,,23,7,,,B
367110160,2022-06-29T05:30:21,42.40861,-70.10795,8.2,112.2,511.0,F/V SEA FARMER,,WDD2039,30,,23,7,,,B
367110160,2022-06-29T05:31:51,42.40734,-70.10358,8.2,109.3,511.0,F/V SEA FARMER,,WDD2039,30,,23,7,,,B
367751150,2022-07-09T18:44:59,42.38809,-70.11479,7.4,14.7,511.0,OUTLIER 2,,WDI9684,36,,13,4,,,B
367751150,2022-07-09T18:46:32,42.39046,-70.11303,6.4,24.9,511.0,OUTLIER 2,,WDI9684,36,,13,4,,,B
367751150,2022-07-09T18:48:32,42.39364,-70.11057,6.3,31.5,511.0,OUTLIER 2,,WDI9684,36,,13,4,,,B
367751150,2022-07-09T18:49:59,42.39580,-70.10870,5.9,31.4,511.0,OUTLIER 2,,WDI9684,36,,13,4,,,B
367751150,2022-07-09T18:51:29,42.39793,-70.10675,5.8,34.2,511.0,OUTLIER 2,,WDI9684,36,,13,4,,,B
338330468,2022-07-09T23:57:39,42.38606,-70.11507,6.4,30.0,511.0,INSPIRATION,,,37,,12,4,,,B
338330468,2022-07-09T23:59:11,42.38858,-70.11358,7.1,26.0,511.0,INSPIRATION,,,37,,12,4,,,B
338330468,2022-07-10T00:00:09,42.39021,-70.11254,6.9,29.7,511.0,INSPIRATION,,,37,,12,4,,,B
338330468,2022-07-10T00:01:10,42.39190,-70.11150,6.6,25.2,511.0,INSPIRATION,,,37,,12,4,,,B
338330468,2022-07-10T00:02:41,42.39443,-70.10996,6.9,23.8,511.0,INSPIRATION,,,37,,12,4,,,B
338330468,2022-07-10T00:04:10,42.39695,-70.10843,6.8,21.6,511.0,INSPIRATION,,,37,,12,4,,,B
338330468,2022-07-10T00:05:42,42.39950,-70.10683,6.7,25.1,511.0,INSPIRATION,,,37,,12,4,,,B
338330468,2022-07-10T00:07:10,42.40198,-70.10532,6.8,22.5,511.0,INSPIRATION,,,37,,12,4,,,B
338330468,2022-07-10T00:08:11,42.40367,-70.10427,6.9,24.9,511.0,INSPIRATION,,,37,,12,4,,,B
368187370,2022-07-10T00:09:29,42.38832,-70.11741,7.0,44.1,511.0,GYPSY SOL,,WDM2360,36,,13,4,,,B
338330468,2022-07-10T00:10:13,42.40703,-70.10216,6.2,27.2,511.0,INSPIRATION,,,37,,12,4,,,B
368187370,2022-07-10T00:12:29,42.39258,-70.11183,7.4,44.8,511.0,GYPSY SOL,,WDM2360,36,,13,4,,,B
368187370,2022-07-10T00:14:02,42.39469,-70.10869,7.4,46.0,511.0,GYPSY SOL,,WDM2360,36,,13,4,,,B
368187370,2022-07-10T00:15:28,42.39673,-70.10589,7.4,46.2,511.0,GYPSY SOL,,WDM2360,36,,13,4,,,B
368068540,2022-07-18T23:02:01,42.41476,-70.10666,6.1,266.1,511.0,OLYMPIA,,,30,,23,7,,,B
368068540,2022-07-18T23:19:32,42.41264,-70.14726,6.3,268.5,511.0,OLYMPIA,,,30,,23,7,,,B
338238246,2022-07-31T19:26:35,42.38756,-70.14563,7.8,25.4,511.0,BELLA,,,36,,15,6,,,B
338238246,2022-07-31T19:28:06,42.39051,-70.14365,7.9,24.8,511.0,BELLA,,,36,,15,6,,,B
338238246,2022-07-31T19:29:35,42.39338,-70.14170,7.9,25.9,511.0,BELLA,,,36,,15,6,,,B
338238246,2022-07-31T19:31:03,42.39627,-70.13978,7.8,25.2,511.0,BELLA,,,36,,15,6,,,B
338238246,2022-07-31T19:32:35,42.39922,-70.13774,7.7,28.3,511.0,BELLA,,,36,,15,6,,,B
338238246,2022-07-31T19:34:03,42.40206,-70.13582,7.8,26.7,511.0,BELLA,,,36,,15,6,,,B
338238246,2022-07-31T19:35:05,42.40409,-70.13448,7.7,27.4,511.0,BELLA,,,36,,15,6,,,B
338238246,2022-07-31T19:37:05,42.40655,-70.13288,8.0,26.5,511.0,BELLA,,,36,,15,6,,,B
338238246,2022-07-31T19:38:36,42.41082,-70.13009,7.8,26.2,511.0,BELLA,,,36,,15,6,,,B
338238246,2022-07-31T19:40:05,42.41365,-70.12826,7.7,23.2,511.0,BELLA,,,36,,15,6,,,B
338238246,2022-07-31T19:41:36,42.41655,-70.12654,7.7,25.5,511.0,BELLA,,,36,,15,6,,,B
338238246,2022-07-31T19:43:06,42.41955,-70.12465,8.0,25.0,511.0,BELLA,,,36,,15,6,,,B
338427919,2022-08-14T03:58:08,42.41003,-70.14049,12.0,203.6,511.0,DESTINATION,,,37,,20,6,,,B
338427919,2022-08-14T04:00:09,42.40392,-70.14391,11.7,200.3,511.0,DESTINATION,,,37,,20,6,,,B
338427919,2022-08-14T04:03:08,42.39472,-70.14914,12.5,204.3,511.0,DESTINATION,,,37,,20,6,,,B
368121150,2022-08-19T21:24:27,42.38730,-70.10449,7.3,21.2,511.0,SUNDOG,,WDL3389,36,,11,4,,,B
368121150,2022-08-19T21:25:57,42.39021,-70.10289,7.4,21.4,511.0,SUNDOG,,WDL3389,36,,11,4,,,B
367406260,2022-09-08T10:18:07,42.41939,-70.11575,5.1,198.6,511.0,SOUTHERN JOURNEY,,WDE8502,36,,8,,,,B
367406260,2022-09-08T10:39:06,42.39486,-70.12910,5.6,204.6,511.0,SOUTHERN JOURNEY,,WDE8502,36,,8,,,,B
368068540,2022-09-25T02:36:20,42.40214,-70.14854,8.2,83.4,511.0,OLYMPIA,,,30,,23,7,,,B
368068540,2022-09-25T02:37:51,42.40229,-70.14412,7.9,83.9,511.0,OLYMPIA,,,30,,23,7,,,B
368068540,2022-09-25T02:39:20,42.40247,-70.13973,7.9,86.6,511.0,OLYMPIA,,,30,,23,7,,,B
368068540,2022-09-25T02:42:20,42.40257,-70.13085,7.8,88.4,511.0,OLYMPIA,,,30,,23,7,,,B
368068540,2022-09-25T02:49:19,42.40282,-70.11048,7.9,82.8,511.0,OLYMPIA,,,30,,23,7,,,B
368068540,2022-09-25T02:51:21,42.40298,-70.10475,7.4,89.4,511.0,OLYMPIA,,,30,,23,7,,,B
368161410,2022-12-31T14:27:11,42.38741,-70.14435,5.5,297.9,511.0,WESTERN EDGE,,WDL7570,30,,19,7,,,B
338098839,2022-08-14T06:17:56,42.42065,-70.10995,8.1,201.3,511.0,NORTHERN CROSS,,,37,,,,,,B
338098839,2022-08-14T06:19:59,42.41641,-70.11216,7.9,200.5,511.0,NORTHERN CROSS,,,37,,,,,,B
338098839,2022-08-14T06:21:57,42.41235,-70.11428,7.7,202.7,511.0,NORTHERN CROSS,,,37,,,,,,B
338098839,2022-08-14T06:23:27,42.40933,-70.11608,8.0,202.8,511.0,NORTHERN CROSS,,,37,,,,,,B
338098839,2022-08-14T06:25:26,42.40533,-70.11832,8.0,203.5,511.0,NORTHERN CROSS,,,37,,,,,,B
338098839,2022-08-14T06:26:59,42.40228,-70.12011,7.9,202.4,511.0,NORTHERN CROSS,,,37,,,,,,B
338098839,2022-08-14T06:28:27,42.39924,-70.12169,8.1,204.4,511.0,NORTHERN CROSS,,,37,,,,,,B
338098839,2022-08-14T06:29:58,42.39622,-70.12335,8.0,203.2,511.0,NORTHERN CROSS,,,37,,,,,,B
338098839,2022-08-14T06:31:29,42.39325,-70.12508,7.6,202.3,511.0,NORTHERN CROSS,,,37,,,,,,B
338098839,2022-08-14T06:32:56,42.39034,-70.12664,7.7,200.9,511.0,NORTHERN CROSS,,,37,,,,,,B
338098839,2022-08-14T06:33:58,42.38826,-70.12762,7.4,200.3,511.0,NORTHERN CROSS,,,37,,,,,,B
367788090,2022-04-16T11:27:49,42.40145,-70.10212,8.3,290.8,511.0,MISS TRISH II,IMO7934200,WDJ5481,30,,25,7,,,B
367788090,2022-04-16T11:30:18,42.40363,-70.10954,7.9,293.8,511.0,MISS TRISH II,IMO7934200,WDJ5481,30,,25,7,,,B
367788090,2022-04-16T11:31:49,42.40500,-70.11402,7.9,289.0,511.0,MISS TRISH II,IMO7934200,WDJ5481,30,,25,7,,,B
367788090,2022-04-16T11:33:19,42.40638,-70.11853,9.3,305.5,511.0,MISS TRISH II,IMO7934200,WDJ5481,30,,25,7,,,B
367788090,2022-04-16T11:34:49,42.40780,-70.12302,8.9,293.2,511.0,MISS TRISH II,IMO7934200,WDJ5481,30,,25,7,,,B
367788090,2022-04-16T11:36:19,42.40920,-70.12757,8.9,291.4,511.0,MISS TRISH II,IMO7934200,WDJ5481,30,,25,7,,,B
367788090,2022-04-16T11:37:50,42.41059,-70.13211,9.0,298.1,511.0,MISS TRISH II,IMO7934200,WDJ5481,30,,25,7,,,B
367788090,2022-04-16T11:40:18,42.41286,-70.13950,8.3,289.0,511.0,MISS TRISH II,IMO7934200,WDJ5481,30,,25,7,,,B
367788090,2022-04-16T11:41:48,42.41426,-70.14406,8.6,290.6,511.0,MISS TRISH II,IMO7934200,WDJ5481,30,,25,7,,,B
367788090,2022-05-22T06:48:29,42.38621,-70.11632,7.3,295.9,511.0,MISS TRISH II,IMO7934200,WDJ5481,30,,25,7,,,B
367788090,2022-05-22T06:51:01,42.38852,-70.12271,7.5,296.7,511.0,MISS TRISH II,IMO7934200,WDJ5481,30,,25,7,,,B
367788090,2022-05-22T06:52:59,42.39030,-70.12767,7.7,297.4,511.0,MISS TRISH II,IMO7934200,WDJ5481,30,,25,7,,,B
367788090,2022-05-22T06:55:29,42.39251,-70.13412,7.6,292.1,511.0,MISS TRISH II,IMO7934200,WDJ5481,30,,25,7,,,B
367788090,2022-05-22T06:57:29,42.39435,-70.13931,6.9,296.4,511.0,MISS TRISH II,IMO7934200,WDJ5481,30,,25,7,,,B
367788090,2022-05-22T06:58:59,42.39570,-70.14314,7.2,293.8,511.0,MISS TRISH II,IMO7934200,WDJ5481,30,,25,7,,,B
367788090,2022-05-22T07:00:31,42.39706,-70.14720,7.4,298.6,511.0,MISS TRISH II,IMO7934200,WDJ5481,30,,25,7,,,B
367788090,2022-12-07T06:59:23,42.41519,-70.13541,7.8,101.8,511.0,MISS TRISH II,IMO7934200,WDJ5481,30,,25,7,,,B
367517860,2022-10-02T00:32:28,42.38721,-70.14349,6.9,302.3,511.0,WILLIAM LYNN,IMO8886383,WDG2655,30,,23,7,,,B
367517860,2022-10-02T00:33:29,42.38821,-70.14581,7.0,301.0,511.0,WILLIAM LYNN,IMO8886383,WDG2655,30,,23,7,,,B
367517860,2022-10-02T00:34:30,42.38911,-70.14825,7.3,298.0,511.0,WILLIAM LYNN,IMO8886383,WDG2655,30,,23,7,,,B
367594490,2022-07-15T12:57:15,42.38808,-70.13500,8.5,16.0,18.0,TRIXIE,,WDH2112,37,0,23,6,,37,A
367594490,2022-07-15T12:58:24,42.39071,-70.13413,8.6,15.0,18.0,TRIXIE,,WDH2112,37,0,23,6,,37,A
367594490,2022-07-15T12:59:33,42.39339,-70.13326,8.4,13.3,20.0,TRIXIE,,WDH2112,37,0,23,6,,37,A
367594490,2022-07-15T13:00:04,42.39459,-70.13286,8.7,13.3,20.0,TRIXIE,,WDH2112,37,0,23,6,,37,A
367594490,2022-07-15T13:01:15,42.39733,-70.13188,8.6,15.3,22.0,TRIXIE,,WDH2112,37,0,23,6,,37,A
367594490,2022-07-15T13:02:24,42.39992,-70.13095,8.5,13.8,20.0,TRIXIE,,WDH2112,37,0,23,6,,37,A
367594490,2022-07-15T13:03:25,42.40222,-70.13010,8.4,16.1,22.0,TRIXIE,,WDH2112,37,0,23,6,,37,A
367594490,2022-07-15T13:04:44,42.40519,-70.12902,8.3,14.4,19.0,TRIXIE,,WDH2112,37,0,23,6,,37,A
367594490,2022-07-15T13:05:54,42.40781,-70.12816,8.5,13.7,21.0,TRIXIE,,WDH2112,37,0,23,6,,37,A
367594490,2022-07-15T13:07:14,42.41086,-70.12702,8.4,14.3,20.0,TRIXIE,,WDH2112,37,0,23,6,,37,A
367594490,2022-07-15T13:08:25,42.41348,-70.12612,8.3,15.7,21.0,TRIXIE,,WDH2112,37,0,23,6,,37,A
367594490,2022-07-15T13:09:34,42.41614,-70.12524,8.4,13.3,20.0,TRIXIE,,WDH2112,37,0,23,6,,37,A
367594490,2022-07-15T13:10:44,42.41874,-70.12420,8.2,14.8,19.0,TRIXIE,,WDH2112,37,0,23,6,,37,A
367594490,2022-07-15T13:11:54,42.42136,-70.12338,8.3,12.5,20.0,TRIXIE,,WDH2112,37,0,23,6,,37,A
367611000,2022-09-27T19:49:59,42.42007,-70.13098,15.1,194.4,197.0,NEVER ENOUGH,,WDL9318,37,5,40,10,2.5,37,A
367611000,2022-09-27T19:51:09,42.41541,-70.13265,14.8,195.1,198.0,NEVER ENOUGH,,WDL9318,37,5,40,10,2.5,37,A
367611000,2022-09-27T19:52:29,42.41012,-70.13464,14.8,195.2,198.0,NEVER ENOUGH,,WDL9318,37,5,40,10,2.5,37,A
367611000,2022-09-27T19:53:39,42.40546,-70.13632,14.9,196.8,198.0,NEVER ENOUGH,,WDL9318,37,5,40,10,2.5,37,A
367611000,2022-09-27T19:54:49,42.40083,-70.13804,15.0,194.7,198.0,NEVER ENOUGH,,WDL9318,37,5,40,10,2.5,37,A
367611000,2022-09-27T19:55:59,42.39618,-70.13973,15.1,195.0,198.0,NEVER ENOUGH,,WDL9318,37,5,40,10,2.5,37,A
367611000,2022-09-27T19:57:08,42.39164,-70.14141,14.7,194.9,199.0,NEVER ENOUGH,,WDL9318,37,5,40,10,2.5,37,A
367611000,2022-09-27T19:58:19,42.38695,-70.14317,14.6,197.8,199.0,NEVER ENOUGH,,WDL9318,37,5,40,10,2.5,37,A
368025880,2022-08-19T06:49:10,42.38763,-70.13295,8.1,357.5,352.0,WARBIRD,,WDJ9422,37,0,24,8,3.0,37,A
368025880,2022-08-19T06:50:20,42.39032,-70.13301,8.5,0.6,354.0,WARBIRD,,WDJ9422,37,0,24,8,3.0,37,A
368025880,2022-08-19T06:51:30,42.39303,-70.13310,8.5,2.0,357.0,WARBIRD,,WDJ9422,37,0,24,8,3.0,37,A
368025880,2022-08-19T06:52:50,42.39612,-70.13316,8.3,0.6,357.0,WARBIRD,,WDJ9422,37,0,24,8,3.0,37,A
368025880,2022-08-19T06:54:01,42.39886,-70.13331,8.4,358.5,352.0,WARBIRD,,WDJ9422,37,0,24,8,3.0,37,A
368025880,2022-08-19T06:55:10,42.40149,-70.13330,8.5,357.4,356.0,WARBIRD,,WDJ9422,37,0,24,8,3.0,37,A
368025880,2022-08-19T06:56:21,42.40424,-70.13338,8.3,359.6,354.0,WARBIRD,,WDJ9422,37,0,24,8,3.0,37,A
368025880,2022-08-19T06:57:30,42.40686,-70.13351,8.3,1.0,357.0,WARBIRD,,WDJ9422,37,0,24,8,3.0,37,A
368025880,2022-08-19T06:58:39,42.40955,-70.13355,8.0,358.5,511.0,WARBIRD,,WDJ9422,37,0,24,8,3.0,37,A
368025880,2022-08-19T06:59:51,42.41226,-70.13361,8.1,0.6,511.0,WARBIRD,,WDJ9422,37,0,24,8,3.0,37,A
368025880,2022-08-19T07:00:10,42.41298,-70.13365,8.2,355.8,511.0,WARBIRD,,WDJ9422,37,0,24,8,3.0,37,A
368025880,2022-08-19T07:01:21,42.41570,-70.13374,8.2,358.5,355.0,WARBIRD,,WDJ9422,37,0,24,8,3.0,37,A
368025880,2022-08-19T07:02:30,42.41830,-70.13385,8.2,1.7,351.0,WARBIRD,,WDJ9422,37,0,24,8,3.0,37,A
368025880,2022-08-19T07:03:39,42.42093,-70.13392,8.1,0.9,351.0,WARBIRD,,WDJ9422,37,0,24,8,3.0,37,A
367289000,2022-01-13T13:21:46,42.40717,-70.14639,13.9,75.7,511.0,CG CAMPBELL,,NRDC,90,0,82,11,,55,A
367289000,2022-01-13T13:22:55,42.40815,-70.14055,13.9,75.7,511.0,CG CAMPBELL,,NRDC,90,0,82,11,,55,A
367289000,2022-01-13T13:24:07,42.40920,-70.13448,13.9,76.5,511.0,CG CAMPBELL,,NRDC,90,0,82,11,,55,A
367289000,2022-01-13T13:25:16,42.41026,-70.12868,13.9,74.7,511.0,CG CAMPBELL,,NRDC,90,0,82,11,,55,A
367289000,2022-01-13T13:26:26,42.41133,-70.12280,13.9,74.3,511.0,CG CAMPBELL,,NRDC,90,0,82,11,,55,A
367289000,2022-01-13T13:27:35,42.41241,-70.11703,13.8,75.0,511.0,CG CAMPBELL,,NRDC,90,0,82,11,,55,A
367289000,2022-01-13T13:28:47,42.41351,-70.11096,13.9,75.0,511.0,CG CAMPBELL,,NRDC,90,0,82,11,,55,A
367289000,2022-01-13T13:29:56,42.41457,-70.10514,13.9,74.8,511.0,CG CAMPBELL,,NRDC,90,0,82,11,,55,A
367289000,2022-01-14T10:13:56,42.41766,-70.10179,10.1,261.6,511.0,CG CAMPBELL,,NRDC,90,0,82,11,,55,A
367289000,2022-01-14T10:15:05,42.41713,-70.10613,10.0,261.4,511.0,CG CAMPBELL,,NRDC,90,0,82,11,,55,A
367289000,2022-01-14T10:16:16,42.41658,-70.11050,10.1,261.7,511.0,CG CAMPBELL,,NRDC,90,0,82,11,,55,A
367289000,2022-01-14T10:17:26,42.41596,-70.11493,10.2,259.2,511.0,CG CAMPBELL,,NRDC,90,0,82,11,,55,A
367289000,2022-01-14T10:18:45,42.41529,-70.11990,10.2,259.6,511.0,CG CAMPBELL,,NRDC,90,0,82,11,,55,A
367289000,2022-01-14T10:19:55,42.41467,-70.12429,10.2,259.8,511.0,CG CAMPBELL,,NRDC,90,0,82,11,,55,A
367289000,2022-01-14T10:21:05,42.41409,-70.12860,10.2,259.6,511.0,CG CAMPBELL,,NRDC,90,0,82,11,,55,A
367289000,2022-01-14T10:22:16,42.41348,-70.13306,10.2,260.1,511.0,CG CAMPBELL,,NRDC,90,0,82,11,,55,A
367289000,2022-01-14T10:23:26,42.41288,-70.13747,10.1,259.5,511.0,CG CAMPBELL,,NRDC,90,0,82,11,,55,A
367289000,2022-01-14T10:24:27,42.41237,-70.14120,10.1,259.2,511.0,CG CAMPBELL,,NRDC,90,0,82,11,,55,A
367289000,2022-01-14T10:25:36,42.41180,-70.14549,10.1,259.8,511.0,CG CAMPBELL,,NRDC,90,0,82,11,,55,A
368006340,2022-08-16T10:54:43,42.41438,-70.14393,6.0,194.8,511.0,MAH JONG CALLUNA,,WDJ7398,,,,,,,B
368006340,2022-08-16T10:59:13,42.40686,-70.14615,6.3,192.8,511.0,MAH JONG CALLUNA,,WDJ7398,,,,,,,B
368006340,2022-08-16T11:00:16,42.40512,-70.14671,6.3,193.4,511.0,MAH JONG CALLUNA,,WDJ7398,,,,,,,B
368006340,2022-08-16T11:01:43,42.40263,-70.14750,6.4,192.8,511.0,MAH JONG CALLUNA,,WDJ7398,,,,,,,B
367286000,2022-09-07T03:48:51,42.38638,-70.14072,4.4,339.0,511.0,CG BEAR,,NRKN,90,0,82,11,,55,A
367286000,2022-09-07T03:50:01,42.38777,-70.14133,4.6,340.4,511.0,CG BEAR,,NRKN,90,0,82,11,,55,A
367286000,2022-09-07T03:51:11,42.38914,-70.14195,4.6,340.8,511.0,CG BEAR,,NRKN,90,0,82,11,,55,A
367286000,2022-09-07T03:52:20,42.39053,-70.14256,4.5,339.7,511.0,CG BEAR,,NRKN,90,0,82,11,,55,A
367286000,2022-09-07T03:54:30,42.39318,-70.14315,4.5,354.3,511.0,CG BEAR,,NRKN,90,0,82,11,,55,A
367286000,2022-09-07T03:55:40,42.39456,-70.14329,4.0,355.2,511.0,CG BEAR,,NRKN,90,0,82,11,,55,A
367286000,2022-09-07T03:57:00,42.39613,-70.14341,5.0,356.4,511.0,CG BEAR,,NRKN,90,0,82,11,,55,A
367286000,2022-09-07T03:58:20,42.39817,-70.14355,5.7,355.8,511.0,CG BEAR,,NRKN,90,0,82,11,,55,A
367286000,2022-09-07T03:59:30,42.40007,-70.14369,5.9,355.3,511.0,CG BEAR,,NRKN,90,0,82,11,,55,A
367286000,2022-09-07T04:00:10,42.40118,-70.14380,6.0,355.5,511.0,CG BEAR,,NRKN,90,0,82,11,,55,A
367286000,2022-09-07T04:01:19,42.40310,-70.14392,6.0,356.3,511.0,CG BEAR,,NRKN,90,0,82,11,,55,A
367286000,2022-09-07T04:02:40,42.40533,-70.14405,6.0,357.2,511.0,CG BEAR,,NRKN,90,0,82,11,,55,A
367286000,2022-09-07T04:03:51,42.40726,-70.14413,6.0,357.5,511.0,CG BEAR,,NRKN,90,0,82,11,,55,A
367286000,2022-09-07T04:05:00,42.40918,-70.14427,6.0,355.3,511.0,CG BEAR,,NRKN,90,0,82,11,,55,A
367286000,2022-09-07T04:06:10,42.41115,-70.14440,6.1,356.3,511.0,CG BEAR,,NRKN,90,0,82,11,,55,A
367286000,2022-09-07T04:07:19,42.41310,-70.14453,6.1,356.3,511.0,CG BEAR,,NRKN,90,0,82,11,,55,A
367286000,2022-09-07T04:08:51,42.41566,-70.14469,6.1,355.3,511.0,CG BEAR,,NRKN,90,0,82,11,,55,A
367286000,2022-09-07T04:10:10,42.41788,-70.14486,6.0,355.9,511.0,CG BEAR,,NRKN,90,0,82,11,,55,A
367286000,2022-09-07T04:11:19,42.41981,-70.14522,6.0,339.6,511.0,CG BEAR,,NRKN,90,0,82,11,,55,A
367286000,2022-09-07T04:12:29,42.42144,-70.14654,6.0,315.3,511.0,CG BEAR,,NRKN,90,0,82,11,,55,A
367390130,2022-10-28T14:53:17,42.41705,-70.13070,9.7,202.4,195.0,RUTH M REINAUER,IMO9559779,WDE7186,31,0,36,10,5.4,57,A
367390130,2022-10-28T14:54:26,42.41417,-70.13228,9.7,203.2,195.0,RUTH M REINAUER,IMO9559779,WDE7186,31,0,36,10,5.4,57,A
367390130,2022-10-28T14:55:45,42.41083,-70.13414,9.7,203.9,196.0,RUTH M REINAUER,IMO9559779,WDE7186,31,0,36,10,5.4,57,A
367390130,2022-10-28T14:57:06,42.40753,-70.13606,9.9,200.1,195.0,RUTH M REINAUER,IMO9559779,WDE7186,31,0,36,10,5.4,57,A
367390130,2022-10-28T14:58:26,42.40417,-70.13783,9.8,202.3,195.0,RUTH M REINAUER,IMO9559779,WDE7186,31,0,36,10,5.4,57,A
367390130,2022-10-28T14:59:35,42.40123,-70.13943,9.9,203.4,196.0,RUTH M REINAUER,IMO9559779,WDE7186,31,0,36,10,5.4,57,A
367390130,2022-10-28T15:00:17,42.39950,-70.14040,9.8,200.9,195.0,RUTH M REINAUER,IMO9559779,WDE7186,31,0,36,10,5.4,57,A
367390130,2022-10-28T15:01:26,42.39662,-70.14194,9.6,202.4,195.0,RUTH M REINAUER,IMO9559779,WDE7186,31,0,36,10,5.4,57,A
367390130,2022-10-28T15:02:35,42.39370,-70.14351,9.6,201.7,195.0,RUTH M REINAUER,IMO9559779,WDE7186,31,0,36,10,5.4,57,A
367390130,2022-10-28T15:03:45,42.39080,-70.14510,9.7,202.7,195.0,RUTH M REINAUER,IMO9559779,WDE7186,31,0,36,10,5.4,57,A
367390130,2022-10-28T15:04:56,42.38787,-70.14670,10.0,202.7,196.0,RUTH M REINAUER,IMO9559779,WDE7186,31,0,36,10,5.4,57,A
367611000,2022-09-16T14:04:47,42.39029,-70.12686,17.4,19.7,19.0,NEVER ENOUGH,,WDL9318,37,0,40,10,2.5,37,A
367611000,2022-09-16T14:06:47,42.39928,-70.12252,17.2,19.2,22.0,NEVER ENOUGH,,WDL9318,37,0,40,10,2.5,37,A
367611000,2022-09-16T14:08:05,42.40510,-70.11965,17.3,18.8,21.0,NEVER ENOUGH,,WDL9318,37,0,40,10,2.5,37,A
367611000,2022-09-16T14:09:24,42.41092,-70.11680,17.8,19.4,20.0,NEVER ENOUGH,,WDL9318,37,0,40,10,2.5,37,A
367596670,2022-07-09T23:26:23,42.38950,-70.11156,7.3,24.7,511.0,SAPPHIRE,,WDH2345,37,,14,,,,B
367596670,2022-07-09T23:27:53,42.39245,-70.10980,7.4,26.7,511.0,SAPPHIRE,,WDH2345,37,,14,,,,B
367596670,2022-07-09T23:28:54,42.39446,-70.10863,7.4,23.7,511.0,SAPPHIRE,,WDH2345,37,,14,,,,B
367596670,2022-07-09T23:30:24,42.39740,-70.10687,8.0,25.2,511.0,SAPPHIRE,,WDH2345,37,,14,,,,B
367596670,2022-07-09T23:31:52,42.40032,-70.10514,7.6,24.5,511.0,SAPPHIRE,,WDH2345,37,,14,,,,B
367596670,2022-07-09T23:32:53,42.40231,-70.10391,6.7,24.2,511.0,SAPPHIRE,,WDH2345,37,,14,,,,B
367596670,2022-07-09T23:33:55,42.40426,-70.10280,7.5,23.6,511.0,SAPPHIRE,,WDH2345,37,,14,,,,B
367286000,2022-07-19T13:36:34,42.41882,-70.14949,2.2,76.9,511.0,CG BEAR,,NRKN,90,0,82,11,,55,A
367286000,2022-07-19T13:37:53,42.41894,-70.14857,1.6,73.0,511.0,CG BEAR,,NRKN,90,0,82,11,,55,A
367286000,2022-07-19T13:39:14,42.41927,-70.14770,2.5,56.8,511.0,CG BEAR,,NRKN,90,0,82,11,,55,A
367286000,2022-07-19T13:40:24,42.41990,-70.14655,3.5,49.4,511.0,CG BEAR,,NRKN,90,0,82,11,,55,A
367286000,2022-07-19T13:41:33,42.42066,-70.14529,3.9,49.7,511.0,CG BEAR,,NRKN,90,0,82,11,,55,A
367286000,2022-07-19T13:42:44,42.42152,-70.14398,3.9,50.3,511.0,CG BEAR,,NRKN,90,0,82,11,,55,A
367286000,2022-07-19T14:18:24,42.42159,-70.12717,2.4,230.3,511.0,CG BEAR,,NRKN,90,0,82,11,,55,A
367286000,2022-07-19T14:19:33,42.42112,-70.12797,2.4,229.6,511.0,CG BEAR,,NRKN,90,0,82,11,,55,A
367286000,2022-07-19T14:20:45,42.42064,-70.12895,2.9,238.2,511.0,CG BEAR,,NRKN,90,0,82,11,,55,A
367286000,2022-07-19T14:21:54,42.42011,-70.13016,3.3,236.2,511.0,CG BEAR,,NRKN,90,0,82,11,,55,A
367286000,2022-07-19T14:23:05,42.41945,-70.13170,4.2,242.3,511.0,CG BEAR,,NRKN,90,0,82,11,,55,A
367286000,2022-07-19T14:24:14,42.41878,-70.13338,4.4,241.9,511.0,CG BEAR,,NRKN,90,0,82,11,,55,A
367286000,2022-07-19T14:25:24,42.41811,-70.13511,4.5,239.0,511.0,CG BEAR,,NRKN,90,0,82,11,,55,A
367286000,2022-07-19T14:26:33,42.41744,-70.13683,4.5,242.1,511.0,CG BEAR,,NRKN,90,0,82,11,,55,A
367286000,2022-07-19T14:27:43,42.41677,-70.13857,4.5,242.7,511.0,CG BEAR,,NRKN,90,0,82,11,,55,A
367286000,2022-07-19T14:29:04,42.41605,-70.14056,4.4,243.7,511.0,CG BEAR,,NRKN,90,0,82,11,,55,A
367286000,2022-07-19T14:30:14,42.41556,-70.14200,3.0,245.4,511.0,CG BEAR,,NRKN,90,0,82,11,,55,A
367286000,2022-07-19T14:31:24,42.41522,-70.14299,2.3,240.2,511.0,CG BEAR,,NRKN,90,0,82,11,,55,A
367286000,2022-07-19T14:32:33,42.41483,-70.14383,2.2,236.6,511.0,CG BEAR,,NRKN,90,0,82,11,,55,A
367286000,2022-07-19T14:33:44,42.41430,-70.14535,4.5,243.5,511.0,CG BEAR,,NRKN,90,0,82,11,,55,A
367286000,2022-07-19T14:34:54,42.41359,-70.14732,5.1,244.5,511.0,CG BEAR,,NRKN,90,0,82,11,,55,A
367286000,2022-07-19T14:36:04,42.41288,-70.14941,5.3,245.0,511.0,CG BEAR,,NRKN,90,0,82,11,,55,A
1193046,2022-09-30T05:44:39,42.38961,-70.10388,8.6,206.0,201.0,NAUTICAST,IMO3031741,D11233,50,2,220,43,24.8,50,A
367294000,2022-06-03T16:47:46,42.39960,-70.10235,7.6,237.5,511.0,CG DEPENDABLE,,NOWK,90,0,64,10,,55,A
367294000,2022-06-03T16:48:47,42.39844,-70.10476,7.7,235.3,511.0,CG DEPENDABLE,,NOWK,90,0,64,10,,55,A
367294000,2022-06-03T16:49:56,42.39711,-70.10751,7.7,239.5,511.0,CG DEPENDABLE,,NOWK,90,0,64,10,,55,A
367294000,2022-06-03T16:52:56,42.39405,-70.11513,7.8,241.1,511.0,CG DEPENDABLE,,NOWK,90,0,64,10,,55,A
367294000,2022-06-03T16:54:07,42.39286,-70.11817,7.7,243.7,511.0,CG DEPENDABLE,,NOWK,90,0,64,10,,55,A
367294000,2022-06-03T16:55:16,42.39152,-70.12097,7.5,213.3,511.0,CG DEPENDABLE,,NOWK,90,0,64,10,,55,A
367294000,2022-06-03T16:56:26,42.38946,-70.12254,7.3,211.2,511.0,CG DEPENDABLE,,NOWK,90,0,64,10,,55,A
367294000,2022-06-03T16:57:37,42.38740,-70.12417,7.4,210.3,511.0,CG DEPENDABLE,,NOWK,90,0,64,10,,55,A
367390130,2022-12-28T16:15:29,42.38675,-70.14719,9.0,23.4,23.0,RUTH M REINAUER,IMO9559779,WDE7186,31,0,36,10,5.4,57,A
367390130,2022-12-28T16:16:39,42.38947,-70.14561,8.9,23.4,23.0,RUTH M REINAUER,IMO9559779,WDE7186,31,0,36,10,5.4,57,A
367390130,2022-12-28T16:17:48,42.39213,-70.14415,9.0,21.9,23.0,RUTH M REINAUER,IMO9559779,WDE7186,31,0,36,10,5.4,57,A
367390130,2022-12-28T16:18:59,42.39490,-70.14266,9.0,22.1,23.0,RUTH M REINAUER,IMO9559779,WDE7186,31,0,36,10,5.4,57,A
367390130,2022-12-28T16:20:08,42.39759,-70.14122,9.1,22.0,23.0,RUTH M REINAUER,IMO9559779,WDE7186,31,0,36,10,5.4,57,A
367390130,2022-12-28T16:21:19,42.40037,-70.13974,9.1,21.8,23.0,RUTH M REINAUER,IMO9559779,WDE7186,31,0,36,10,5.4,57,A
367390130,2022-12-28T16:22:28,42.40303,-70.13833,9.0,21.8,23.0,RUTH M REINAUER,IMO9559779,WDE7186,31,0,36,10,5.4,57,A
367390130,2022-12-28T16:23:38,42.40578,-70.13688,9.1,21.8,23.0,RUTH M REINAUER,IMO9559779,WDE7186,31,0,36,10,5.4,57,A
367390130,2022-12-28T16:24:48,42.40853,-70.13545,9.0,21.5,23.0,RUTH M REINAUER,IMO9559779,WDE7186,31,0,36,10,5.4,57,A
367390130,2022-12-28T16:25:59,42.41137,-70.13398,9.1,21.5,23.0,RUTH M REINAUER,IMO9559779,WDE7186,31,0,36,10,5.4,57,A
367390130,2022-12-28T16:27:09,42.41413,-70.13255,9.1,21.1,23.0,RUTH M REINAUER,IMO9559779,WDE7186,31,0,36,10,5.4,57,A
367390130,2022-12-28T16:28:19,42.41685,-70.13114,9.0,20.0,23.0,RUTH M REINAUER,IMO9559779,WDE7186,31,0,36,10,5.4,57,A
367390130,2022-12-28T16:29:29,42.41966,-70.12968,9.1,20.9,23.0,RUTH M REINAUER,IMO9559779,WDE7186,31,0,36,10,5.4,57,A
367754730,2022-07-10T00:33:18,42.38625,-70.11451,5.8,37.6,511.0,FEZYWIG,,WDJ2045,37,,11,,,,B
367754730,2022-07-10T00:34:51,42.38827,-70.11248,6.0,35.6,511.0,FEZYWIG,,WDJ2045,37,,11,,,,B
367754730,2022-07-10T00:36:13,42.39006,-70.11066,6.3,37.5,511.0,FEZYWIG,,WDJ2045,37,,11,,,,B
367754730,2022-07-10T00:37:15,42.39140,-70.10921,5.8,40.6,511.0,FEZYWIG,,WDJ2045,37,,11,,,,B
367754730,2022-07-10T00:38:44,42.39333,-70.10715,6.0,36.7,511.0,FEZYWIG,,WDJ2045,37,,11,,,,B
367754730,2022-07-10T00:40:45,42.39602,-70.10452,5.8,36.5,511.0,FEZYWIG,,WDJ2045,37,,11,,,,B
367754730,2022-07-10T00:42:43,42.39868,-70.10197,6.2,35.3,511.0,FEZYWIG,,WDJ2045,37,,11,,,,B
368996000,2022-08-07T10:38:26,42.38710,-70.11863,6.9,48.1,41.0,RONALD H BROWN,IMO9105786,WTEC,90,0,83,16,5.2,90,A
368996000,2022-08-07T10:39:31,42.38851,-70.11653,6.8,48.0,40.0,RONALD H BROWN,IMO9105786,WTEC,90,0,83,16,5.2,90,A
368996000,2022-08-07T10:41:12,42.39061,-70.11329,6.8,48.2,40.0,RONALD H BROWN,IMO9105786,WTEC,90,0,83,16,5.2,90,A
368996000,2022-08-07T10:42:20,42.39205,-70.11108,6.8,48.6,40.0,RONALD H BROWN,IMO9105786,WTEC,90,0,83,16,5.2,90,A
368996000,2022-08-07T10:43:31,42.39353,-70.10882,6.8,47.7,40.0,RONALD H BROWN,IMO9105786,WTEC,90,0,83,16,5.2,90,A
368996000,2022-08-07T10:44:37,42.39485,-70.10682,6.3,49.2,42.0,RONALD H BROWN,IMO9105786,WTEC,90,0,83,16,5.2,90,A
368996000,2022-08-07T10:45:39,42.39603,-70.10500,6.1,51.3,44.0,RONALD H BROWN,IMO9105786,WTEC,90,0,83,16,5.2,90,A
368996000,2022-08-07T10:46:40,42.39702,-70.10322,5.3,52.2,41.0,RONALD H BROWN,IMO9105786,WTEC,90,0,83,16,5.2,90,A
368996000,2022-08-07T10:47:47,42.39799,-70.10162,4.6,50.7,42.0,RONALD H BROWN,IMO9105786,WTEC,90,0,83,16,5.2,90,A
368996000,2022-08-07T14:43:11,42.40063,-70.10148,1.2,307.9,312.0,RONALD H BROWN,IMO9105786,WTEC,90,3,83,16,5.2,90,A
368996000,2022-08-07T14:45:11,42.40104,-70.10230,1.4,305.4,312.0,RONALD H BROWN,IMO9105786,WTEC,90,3,83,16,5.2,90,A
368996000,2022-08-07T14:46:21,42.40132,-70.10282,1.4,304.7,312.0,RONALD H BROWN,IMO9105786,WTEC,90,3,83,16,5.2,90,A
368996000,2022-08-07T14:47:31,42.40159,-70.10338,1.5,301.8,312.0,RONALD H BROWN,IMO9105786,WTEC,90,3,83,16,5.2,90,A
368996000,2022-08-07T14:48:51,42.40187,-70.10404,1.5,300.4,313.0,RONALD H BROWN,IMO9105786,WTEC,90,3,83,16,5.2,90,A
368996000,2022-08-07T14:50:00,42.40211,-70.10460,1.4,302.2,315.0,RONALD H BROWN,IMO9105786,WTEC,90,3,83,16,5.2,90,A
368996000,2022-08-07T14:51:11,42.40236,-70.10510,1.2,301.5,316.0,RONALD H BROWN,IMO9105786,WTEC,90,3,83,16,5.2,90,A
368996000,2022-08-07T14:53:30,42.40276,-70.10605,1.1,299.9,316.0,RONALD H BROWN,IMO9105786,WTEC,90,3,83,16,5.2,90,A
368996000,2022-08-07T14:54:50,42.40297,-70.10657,1.1,303.8,319.0,RONALD H BROWN,IMO9105786,WTEC,90,3,83,16,5.2,90,A
368996000,2022-08-07T14:56:11,42.40325,-70.10703,1.0,314.1,320.0,RONALD H BROWN,IMO9105786,WTEC,90,3,83,16,5.2,90,A
368996000,2022-08-07T14:57:50,42.40358,-70.10747,1.0,315.4,320.0,RONALD H BROWN,IMO9105786,WTEC,90,3,83,16,5.2,90,A
368996000,2022-08-07T14:59:00,42.40383,-70.10778,0.9,313.5,320.0,RONALD H BROWN,IMO9105786,WTEC,90,3,83,16,5.2,90,A
368996000,2022-08-07T15:00:00,42.40404,-70.10805,1.0,311.2,320.0,RONALD H BROWN,IMO9105786,WTEC,90,3,83,16,5.2,90,A
368996000,2022-08-07T15:01:11,42.40425,-70.10841,1.0,310.0,320.0,RONALD H BROWN,IMO9105786,WTEC,90,3,83,16,5.2,90,A
368996000,2022-08-07T15:02:12,42.40444,-70.10871,1.0,311.8,320.0,RONALD H BROWN,IMO9105786,WTEC,90,3,83,16,5.2,90,A
368996000,2022-08-07T15:03:41,42.40456,-70.10899,0.2,264.6,322.0,RONALD H BROWN,IMO9105786,WTEC,90,3,83,16,5.2,90,A
368996000,2022-08-07T15:05:32,42.40448,-70.10908,0.2,227.4,319.0,RONALD H BROWN,IMO9105786,WTEC,90,0,83,16,5.2,90,A
368996000,2022-08-07T15:06:41,42.40442,-70.10918,0.3,235.2,319.0,RONALD H BROWN,IMO9105786,WTEC,90,0,83,16,5.2,90,A
368996000,2022-08-07T15:07:51,42.40433,-70.10929,0.3,233.8,319.0,RONALD H BROWN,IMO9105786,WTEC,90,0,83,16,5.2,90,A
368996000,2022-08-07T15:09:01,42.40425,-70.10944,0.3,229.9,320.0,RONALD H BROWN,IMO9105786,WTEC,90,0,83,16,5.2,90,A
368996000,2022-08-07T15:11:08,42.40413,-70.10972,0.3,245.9,314.0,RONALD H BROWN,IMO9105786,WTEC,90,0,83,16,5.2,90,A
368996000,2022-08-07T15:12:25,42.40421,-70.11017,1.8,295.6,308.0,RONALD H BROWN,IMO9105786,WTEC,90,0,83,16,5.2,90,A
368996000,2022-08-07T15:14:57,42.40679,-70.11272,5.7,341.6,351.0,RONALD H BROWN,IMO9105786,WTEC,90,0,83,16,5.2,90,A
368996000,2022-08-07T15:16:07,42.40860,-70.11261,5.9,13.7,15.0,RONALD H BROWN,IMO9105786,WTEC,90,0,83,16,5.2,90,A
368996000,2022-08-07T15:17:11,42.41037,-70.11184,6.3,19.6,21.0,RONALD H BROWN,IMO9105786,WTEC,90,0,83,16,5.2,90,A
368996000,2022-08-07T15:18:21,42.41230,-70.11073,6.5,24.9,23.0,RONALD H BROWN,IMO9105786,WTEC,90,0,83,16,5.2,90,A
368996000,2022-08-07T15:19:31,42.41426,-70.10952,6.5,25.1,24.0,RONALD H BROWN,IMO9105786,WTEC,90,0,83,16,5.2,90,A
368996000,2022-08-07T15:20:51,42.41664,-70.10809,7.3,23.0,23.0,RONALD H BROWN,IMO9105786,WTEC,90,0,83,16,5.2,90,A
368996000,2022-08-07T15:22:01,42.41888,-70.10661,8.0,26.6,24.0,RONALD H BROWN,IMO9105786,WTEC,90,0,83,16,5.2,90,A
368996000,2022-08-07T15:23:03,42.42099,-70.10513,8.1,28.7,30.0,RONALD H BROWN,IMO9105786,WTEC,90,0,83,16,5.2,90,A
367594490,2022-10-11T01:08:27,42.41703,-70.14124,8.5,193.3,189.0,TRIXIE,,WDH2112,37,0,23,6,,37,A
367594490,2022-10-11T01:09:41,42.41414,-70.14219,8.6,193.6,188.0,TRIXIE,,WDH2112,37,0,23,6,,37,A
367594490,2022-10-11T01:10:57,42.41121,-70.14319,8.5,194.5,187.0,TRIXIE,,WDH2112,37,0,23,6,,37,A
367594490,2022-10-11T01:12:12,42.40833,-70.14406,8.7,192.9,185.0,TRIXIE,,WDH2112,37,0,23,6,,37,A
367594490,2022-10-11T01:13:21,42.40564,-70.14494,8.6,193.6,186.0,TRIXIE,,WDH2112,37,0,23,6,,37,A
367594490,2022-10-11T01:14:31,42.40292,-70.14582,8.5,192.4,186.0,TRIXIE,,WDH2112,37,0,23,6,,37,A
367594490,2022-10-11T01:15:41,42.40022,-70.14655,8.5,191.7,182.0,TRIXIE,,WDH2112,37,0,23,6,,37,A
367594490,2022-10-11T01:17:02,42.39710,-70.14733,8.4,192.0,186.0,TRIXIE,,WDH2112,37,0,23,6,,37,A
367594490,2022-10-11T01:18:41,42.39328,-70.14833,8.5,192.1,185.0,TRIXIE,,WDH2112,37,0,23,6,,37,A
367594490,2022-10-11T01:19:59,42.39029,-70.14912,8.4,195.9,194.0,TRIXIE,,WDH2112,37,0,23,6,,37,A
339127000,2022-08-11T05:59:04,42.40234,-70.12176,12.4,195.0,197.0,NADAN,,6YUW3,37,0,44,8,2.0,37,A
339127000,2022-08-11T06:00:16,42.39841,-70.12313,12.4,194.6,197.0,NADAN,,6YUW3,37,0,44,8,2.0,37,A
339127000,2022-08-11T06:01:54,42.39300,-70.12501,12.5,194.9,196.0,NADAN,,6YUW3,37,0,44,8,2.0,37,A
339127000,2022-08-11T06:03:26,42.38782,-70.12686,12.3,195.5,197.0,NADAN,,6YUW3,37,0,44,8,2.0,37,A
339127000,2022-09-08T06:31:08,42.38843,-70.14366,11.2,13.6,11.0,NADAN,,6YUW3,37,0,44,8,2.0,37,A
339127000,2022-09-08T06:32:12,42.39166,-70.14265,11.2,12.7,13.0,NADAN,,6YUW3,37,0,44,8,2.0,37,A
339127000,2022-09-08T06:33:14,42.39478,-70.14170,11.1,13.1,12.0,NADAN,,6YUW3,37,0,44,8,2.0,37,A
339127000,2022-09-08T06:34:16,42.39792,-70.14074,11.1,13.4,12.0,NADAN,,6YUW3,37,0,44,8,2.0,37,A
339127000,2022-09-08T06:35:18,42.40106,-70.13977,11.1,13.2,11.0,NADAN,,6YUW3,37,0,44,8,2.0,37,A
339127000,2022-09-08T06:36:20,42.40419,-70.13876,11.1,15.1,15.0,NADAN,,6YUW3,37,0,44,8,2.0,37,A
339127000,2022-09-08T06:37:22,42.40732,-70.13772,11.1,13.5,15.0,NADAN,,6YUW3,37,0,44,8,2.0,37,A
339127000,2022-09-08T06:38:24,42.41048,-70.13663,11.3,14.3,14.0,NADAN,,6YUW3,37,0,44,8,2.0,37,A
339127000,2022-09-08T06:39:26,42.41364,-70.13559,11.3,12.7,14.0,NADAN,,6YUW3,37,0,44,8,2.0,37,A
339127000,2022-09-08T06:40:28,42.41679,-70.13455,11.3,13.5,15.0,NADAN,,6YUW3,37,0,44,8,2.0,37,A
339127000,2022-09-08T06:41:32,42.42004,-70.13341,11.3,15.6,17.0,NADAN,,6YUW3,37,0,44,8,2.0,37,A
578001200,2022-11-03T09:39:31,42.39563,-70.10241,9.3,223.7,220.0,LE DUMONT D'URVILLE,IMO9814052,FLDS,60,0,131,18,4.7,60,A
578001200,2022-11-03T09:40:40,42.39347,-70.10511,9.2,223.4,221.0,LE DUMONT D'URVILLE,IMO9814052,FLDS,60,0,131,18,4.7,60,A
578001200,2022-11-03T09:41:51,42.39125,-70.10790,9.2,224.1,221.0,LE DUMONT D'URVILLE,IMO9814052,FLDS,60,0,131,18,4.7,60,A
578001200,2022-11-03T09:43:01,42.38907,-70.11065,9.2,222.7,221.0,LE DUMONT D'URVILLE,IMO9814052,FLDS,60,0,131,18,4.7,60,A
578001200,2022-11-03T09:44:11,42.38690,-70.11340,9.2,222.6,221.0,LE DUMONT D'URVILLE,IMO9814052,FLDS,60,0,131,18,4.7,60,A
338337567,2022-06-08T21:01:37,42.38837,-70.11741,8.0,38.3,511.0,REMEDY,,REMEDY,36,,18,5,,,B
338337567,2022-06-08T21:03:06,42.39136,-70.11535,8.4,21.6,511.0,REMEDY,,REMEDY,36,,18,5,,,B
338337567,2022-06-08T21:04:37,42.39427,-70.11329,8.4,25.7,511.0,REMEDY,,REMEDY,36,,18,5,,,B
338337567,2022-06-08T21:06:06,42.39719,-70.11118,8.1,28.1,511.0,REMEDY,,REMEDY,36,,18,5,,,B
338337567,2022-06-08T21:07:36,42.40014,-70.10912,8.3,28.1,511.0,REMEDY,,REMEDY,36,,18,5,,,B
338337567,2022-06-08T21:09:07,42.40311,-70.10703,7.9,28.8,511.0,REMEDY,,REMEDY,36,,18,5,,,B
338337567,2022-06-08T21:10:36,42.40606,-70.10504,7.0,25.8,511.0,REMEDY,,REMEDY,36,,18,5,,,B
338337567,2022-06-08T21:12:37,42.41002,-70.10228,7.4,25.0,511.0,REMEDY,,REMEDY,36,,18,5,,,B
368113790,2022-06-11T02:50:06,42.38697,-70.11858,4.3,30.0,511.0,ZEPHYR,,WDL2617,36,,10,3,,,B
368113790,2022-06-11T02:51:37,42.38862,-70.11725,4.5,32.0,511.0,ZEPHYR,,WDL2617,36,,10,3,,,B
368113790,2022-06-11T02:53:07,42.39027,-70.11594,4.6,34.1,511.0,ZEPHYR,,WDL2617,36,,10,3,,,B
368113790,2022-06-11T02:55:07,42.39243,-70.11416,4.3,26.4,511.0,ZEPHYR,,WDL2617,36,,10,3,,,B
368113790,2022-06-11T02:56:38,42.39404,-70.11279,4.4,35.7,511.0,ZEPHYR,,WDL2617,36,,10,3,,,B
368113790,2022-06-11T02:57:39,42.39518,-70.11195,4.5,23.3,511.0,ZEPHYR,,WDL2617,36,,10,3,,,B
368113790,2022-06-11T02:59:08,42.39681,-70.11081,4.6,29.7,511.0,ZEPHYR,,WDL2617,36,,10,3,,,B
368113790,2022-06-11T03:01:07,42.39895,-70.10915,4.4,29.7,511.0,ZEPHYR,,WDL2617,36,,10,3,,,B
368113790,2022-06-11T03:02:38,42.40060,-70.10800,3.7,30.9,511.0,ZEPHYR,,WDL2617,36,,10,3,,,B
368113790,2022-06-11T03:06:36,42.40487,-70.10461,4.4,31.7,511.0,ZEPHYR,,WDL2617,36,,10,3,,,B
368113790,2022-06-11T03:07:37,42.40600,-70.10373,4.4,26.8,511.0,ZEPHYR,,WDL2617,36,,10,3,,,B
368113790,2022-06-11T03:09:36,42.40821,-70.10225,4.7,29.0,511.0,ZEPHYR,,WDL2617,36,,10,3,,,B
368071830,2022-07-01T05:01:37,42.38704,-70.13143,7.3,24.4,29.0,EPIQUE,,WDK6161,36,,16,6,,,B
368071830,2022-07-01T05:03:05,42.38983,-70.12986,7.4,20.1,23.0,EPIQUE,,WDK6161,36,,16,6,,,B
368071830,2022-07-01T05:04:06,42.39180,-70.12876,7.8,22.7,27.0,EPIQUE,,WDK6161,36,,16,6,,,B
368071830,2022-07-01T05:05:35,42.39469,-70.12710,7.6,20.1,21.0,EPIQUE,,WDK6161,36,,16,6,,,B
368071830,2022-07-01T05:07:05,42.39762,-70.12550,7.4,19.8,23.0,EPIQUE,,WDK6161,36,,16,6,,,B
368071830,2022-07-01T05:08:07,42.39964,-70.12438,7.0,21.1,27.0,EPIQUE,,WDK6161,36,,16,6,,,B
368071830,2022-07-01T05:09:36,42.40252,-70.12276,7.4,27.1,27.0,EPIQUE,,WDK6161,36,,16,6,,,B
368071830,2022-07-01T05:11:05,42.40544,-70.12115,7.6,19.7,22.0,EPIQUE,,WDK6161,36,,16,6,,,B
368071830,2022-07-01T05:12:34,42.40835,-70.11950,8.0,20.6,21.0,EPIQUE,,WDK6161,36,,16,6,,,B
368071830,2022-07-01T05:13:35,42.41036,-70.11839,7.5,22.9,23.0,EPIQUE,,WDK6161,36,,16,6,,,B
368071830,2022-07-01T05:15:07,42.41334,-70.11673,7.3,23.8,23.0,EPIQUE,,WDK6161,36,,16,6,,,B
368071830,2022-07-01T05:16:36,42.41621,-70.11511,7.3,25.5,24.0,EPIQUE,,WDK6161,36,,16,6,,,B
368071830,2022-07-01T05:18:05,42.41907,-70.11354,7.5,18.0,24.0,EPIQUE,,WDK6161,36,,16,6,,,B
368071830,2022-07-01T05:19:34,42.42194,-70.11191,7.7,29.3,21.0,EPIQUE,,WDK6161,36,,16,6,,,B
368149510,2022-07-10T00:03:28,42.38916,-70.10234,6.7,27.0,511.0,SEA BISCUIT,,WDL6310,36,,13,5,,,B
338098618,2022-07-17T15:00:02,42.38923,-70.13973,16.8,16.9,21.0,M/Y MARIE,,,37,,18,5,,,B
338098618,2022-07-17T15:01:45,42.39692,-70.13675,16.9,15.6,21.0,M/Y MARIE,,,37,,18,5,,,B
338098618,2022-07-17T15:03:17,42.40390,-70.13424,17.2,16.6,21.0,M/Y MARIE,,,37,,18,5,,,B
338098618,2022-07-17T15:05:31,42.41398,-70.13047,16.9,15.1,21.0,M/Y MARIE,,,37,,18,5,,,B
338098618,2022-07-17T15:07:03,42.42101,-70.12797,17.0,14.0,20.0,M/Y MARIE,,,37,,18,5,,,B
338421211,2022-07-21T03:57:48,42.38656,-70.13666,8.8,13.9,511.0,NARWHAL,,,37,,19,5,,,B
338421211,2022-07-21T03:59:17,42.38977,-70.13565,7.7,13.7,511.0,NARWHAL,,,37,,19,5,,,B
338421211,2022-07-21T04:00:18,42.39192,-70.13498,7.5,13.6,511.0,NARWHAL,,,37,,19,5,,,B
338421211,2022-07-21T04:01:46,42.39512,-70.13398,7.9,10.8,511.0,NARWHAL,,,37,,19,5,,,B
338421211,2022-07-21T04:02:47,42.39737,-70.13326,7.8,21.5,511.0,NARWHAL,,,37,,19,5,,,B
338421211,2022-07-21T04:04:16,42.40058,-70.13223,8.5,14.0,511.0,NARWHAL,,,37,,19,5,,,B
338421211,2022-07-21T04:06:17,42.40502,-70.13091,8.0,10.9,511.0,NARWHAL,,,37,,19,5,,,B
338421211,2022-07-21T04:08:16,42.40939,-70.12952,8.0,15.3,511.0,NARWHAL,,,37,,19,5,,,B
338421211,2022-07-21T04:09:46,42.41266,-70.12851,7.8,14.7,511.0,NARWHAL,,,37,,19,5,,,B
338421211,2022-07-21T04:11:16,42.41602,-70.12746,8.3,12.3,511.0,NARWHAL,,,37,,19,5,,,B
338421211,2022-07-21T04:12:47,42.41940,-70.12642,8.1,12.6,511.0,NARWHAL,,,37,,19,5,,,B
368034610,2022-08-03T15:37:45,42.41386,-70.10369,4.0,231.6,226.0,ARIEL,,,36,,13,4,,,B
368034610,2022-08-03T15:39:15,42.41278,-70.10545,4.2,231.0,231.0,ARIEL,,,36,,13,4,,,B
368034610,2022-08-03T15:40:45,42.41171,-70.10728,4.5,242.0,233.0,ARIEL,,,36,,13,4,,,B
368034610,2022-08-03T15:42:16,42.41066,-70.10911,4.0,238.1,234.0,ARIEL,,,36,,13,4,,,B
368034610,2022-08-03T15:44:44,42.40894,-70.11183,3.6,226.9,223.0,ARIEL,,,36,,13,4,,,B
368034610,2022-08-03T15:49:14,42.40635,-70.11692,3.3,235.8,233.0,ARIEL,,,36,,13,4,,,B
368034610,2022-08-03T15:50:15,42.40579,-70.11812,3.5,236.6,232.0,ARIEL,,,36,,13,4,,,B
368034610,2022-08-03T15:52:14,42.40470,-70.12018,2.9,229.8,232.0,ARIEL,,,36,,13,4,,,B
368034610,2022-08-03T15:53:45,42.40428,-70.12108,1.3,242.4,231.0,ARIEL,,,36,,13,4,,,B
368034610,2022-08-03T15:55:14,42.40401,-70.12176,1.1,235.8,231.0,ARIEL,,,36,,13,4,,,B
368034610,2022-08-03T15:58:41,42.40209,-70.12362,5.0,203.9,201.0,ARIEL,,,36,,13,4,,,B
368034610,2022-08-03T16:01:09,42.39890,-70.12530,5.6,203.3,199.0,ARIEL,,,36,,13,4,,,B
368034610,2022-08-03T16:03:39,42.39512,-70.12717,6.1,202.9,202.0,ARIEL,,,36,,13,4,,,B
368034610,2022-08-03T16:06:09,42.39137,-70.12906,5.9,195.9,191.0,ARIEL,,,36,,13,4,,,B
368034610,2022-08-03T16:07:39,42.38891,-70.12970,6.0,192.7,191.0,ARIEL,,,36,,13,4,,,B
368034610,2022-08-03T16:08:41,42.38723,-70.13015,6.1,189.4,191.0,ARIEL,,,36,,13,4,,,B
368204830,2022-08-15T01:55:42,42.39363,-70.11866,6.8,204.5,207.0,ENTROPY,,,36,,13,4,,,B
368204830,2022-08-15T01:58:12,42.38904,-70.12140,7.1,204.4,208.0,ENTROPY,,,36,,13,4,,,B
338377888,2022-08-20T15:59:09,42.41257,-70.10490,23.7,243.8,511.0,SALT THERAPY,,,37,,14,4,,,B
338377888,2022-08-20T16:00:04,42.40987,-70.11218,24.5,242.7,511.0,SALT THERAPY,,,37,,14,4,,,B
338377888,2022-08-20T16:01:09,42.40655,-70.12111,24.3,243.3,511.0,SALT THERAPY,,,37,,14,4,,,B
338377888,2022-08-20T16:02:19,42.40309,-70.13061,22.7,243.6,511.0,SALT THERAPY,,,37,,14,4,,,B
338377888,2022-08-20T16:03:34,42.40089,-70.13705,9.1,245.9,511.0,SALT THERAPY,,,37,,14,4,,,B
338377888,2022-08-20T16:04:49,42.39986,-70.14001,3.8,249.5,511.0,SALT THERAPY,,,37,,14,4,,,B
338377888,2022-08-20T16:06:02,42.39908,-70.14222,6.3,241.9,511.0,SALT THERAPY,,,37,,14,4,,,B
338377888,2022-08-20T16:07:19,42.39803,-70.14511,7.6,244.2,511.0,SALT THERAPY,,,37,,14,4,,,B
338377888,2022-08-20T16:08:48,42.39662,-70.14901,8.6,242.4,511.0,SALT THERAPY,,,37,,14,4,,,B
368028480,2022-08-26T03:44:31,42.38658,-70.14207,6.0,19.7,511.0,ZEPHYR,,WDJ9694,36,,18,4,,,B
368028480,2022-08-26T03:46:33,42.38972,-70.13985,6.2,25.4,511.0,ZEPHYR,,WDJ9694,36,,18,4,,,B
368028480,2022-08-26T03:49:02,42.39352,-70.13707,6.2,26.6,511.0,ZEPHYR,,WDJ9694,36,,18,4,,,B
368028480,2022-08-26T03:50:33,42.39583,-70.13549,6.0,25.4,511.0,ZEPHYR,,WDJ9694,36,,18,4,,,B
368028480,2022-08-26T03:52:01,42.39814,-70.13393,6.0,25.9,511.0,ZEPHYR,,WDJ9694,36,,18,4,,,B
368028480,2022-08-26T03:53:31,42.40043,-70.13237,6.0,32.0,511.0,ZEPHYR,,WDJ9694,36,,18,4,,,B
368028480,2022-08-26T03:55:01,42.40270,-70.13086,6.1,18.8,511.0,ZEPHYR,,WDJ9694,36,,18,4,,,B
368028480,2022-08-26T03:57:01,42.40572,-70.12885,6.0,19.6,511.0,ZEPHYR,,WDJ9694,36,,18,4,,,B
368028480,2022-08-26T03:58:02,42.40728,-70.12783,6.2,30.8,511.0,ZEPHYR,,WDJ9694,36,,18,4,,,B
368028480,2022-08-26T03:59:31,42.40956,-70.12635,6.2,34.8,511.0,ZEPHYR,,WDJ9694,36,,18,4,,,B
368028480,2022-08-26T04:00:00,42.41028,-70.12586,6.1,24.5,511.0,ZEPHYR,,WDJ9694,36,,18,4,,,B
368028480,2022-08-26T04:01:01,42.41180,-70.12485,6.4,32.2,511.0,ZEPHYR,,WDJ9694,36,,18,4,,,B
368028480,2022-08-26T04:02:30,42.41410,-70.12340,6.0,24.3,511.0,ZEPHYR,,WDJ9694,36,,18,4,,,B
368028480,2022-08-26T04:04:01,42.41639,-70.12197,5.9,19.0,511.0,ZEPHYR,,WDJ9694,36,,18,4,,,B
368028480,2022-08-26T04:05:30,42.41866,-70.12051,5.8,24.5,511.0,ZEPHYR,,WDJ9694,36,,18,4,,,B
368028480,2022-08-26T04:07:00,42.42098,-70.11911,6.0,20.2,511.0,ZEPHYR,,WDJ9694,36,,18,4,,,B
366752720,2022-11-19T20:22:17,42.39645,-70.10945,15.1,274.0,511.0,AMERICAN_CLASSIC,,WCY5466,0,15,31,8,0.0,0,A
366752720,2022-11-19T20:23:23,42.39657,-70.11564,15.0,271.0,511.0,AMERICAN_CLASSIC,,WCY5466,0,15,31,8,0.0,0,A
366752720,2022-11-19T20:24:35,42.39682,-70.12234,14.9,271.0,511.0,AMERICAN_CLASSIC,,WCY5466,0,15,31,8,0.0,0,A
366752720,2022-11-19T20:25:41,42.39675,-70.12837,14.8,268.0,511.0,AMERICAN_CLASSIC,,WCY5466,0,15,31,8,0.0,0,A
366752720,2022-11-19T20:27:05,42.39682,-70.13627,14.9,269.0,511.0,AMERICAN_CLASSIC,,WCY5466,0,15,31,8,0.0,0,A
366752720,2022-11-19T20:28:23,42.39692,-70.14349,14.7,272.0,511.0,AMERICAN_CLASSIC,,WCY5466,0,15,31,8,0.0,0,A
366752720,2022-11-19T20:29:29,42.39663,-70.14957,14.8,266.0,511.0,AMERICAN_CLASSIC,,WCY5466,0,15,31,8,0.0,0,A
538006907,2022-07-03T19:00:05,42.40307,-70.14698,13.4,145.1,147.0,PALANCA RIO,IMO9747998,V7QS4,80,0,133,,,89,A
538006907,2022-07-03T19:01:14,42.39957,-70.14372,13.3,145.0,147.0,PALANCA RIO,IMO9747998,V7QS4,80,0,133,,,89,A
538006907,2022-07-03T19:02:24,42.39603,-70.14040,13.3,145.4,147.0,PALANCA RIO,IMO9747998,V7QS4,80,0,133,,,89,A
538006907,2022-07-03T19:03:34,42.39242,-70.13703,13.3,145.0,147.0,PALANCA RIO,IMO9747998,V7QS4,80,0,133,,,89,A
538006907,2022-07-03T19:04:44,42.38885,-70.13373,13.3,146.0,147.0,PALANCA RIO,IMO9747998,V7QS4,80,0,133,,,89,A
538006907,2022-03-18T23:12:56,42.40375,-70.14918,10.1,38.2,46.0,PALANCA RIO,IMO9747998,V7QS4,80,0,133,,,89,A
538006907,2022-03-18T23:14:07,42.40620,-70.14618,10.1,34.9,46.0,PALANCA RIO,IMO9747998,V7QS4,80,0,133,,,89,A
538006907,2022-03-18T23:15:16,42.40857,-70.14325,10.0,42.1,46.0,PALANCA RIO,IMO9747998,V7QS4,80,0,133,,,89,A
538006907,2022-03-18T23:16:27,42.41098,-70.14020,10.0,46.0,46.0,PALANCA RIO,IMO9747998,V7QS4,80,0,133,,,89,A
538006907,2022-03-18T23:17:36,42.41338,-70.13722,10.0,44.8,46.0,PALANCA RIO,IMO9747998,V7QS4,80,0,133,,,89,A
538006907,2022-03-18T23:18:48,42.41580,-70.13417,10.1,44.6,46.0,PALANCA RIO,IMO9747998,V7QS4,80,0,133,,,89,A
538006907,2022-03-18T23:19:56,42.41817,-70.13120,10.2,41.8,46.0,PALANCA RIO,IMO9747998,V7QS4,80,0,133,,,89,A
538006907,2022-03-18T23:20:57,42.42023,-70.12860,10.2,45.2,46.0,PALANCA RIO,IMO9747998,V7QS4,80,0,133,,,89,A
368941000,2022-04-24T05:23:51,42.42029,-70.13853,11.1,208.5,208.0,CG ABBIE BURGESS,IMO9155602,NVAF,90,0,53,10,2.4,55,A
368941000,2022-04-24T05:25:00,42.41722,-70.14077,10.7,207.5,207.0,CG ABBIE BURGESS,IMO9155602,NVAF,90,0,53,10,2.4,55,A
368941000,2022-04-24T05:26:04,42.41452,-70.14304,10.6,211.2,208.0,CG ABBIE BURGESS,IMO9155602,NVAF,90,0,53,10,2.4,55,A
368941000,2022-04-24T05:27:07,42.41181,-70.14514,10.8,210.7,208.0,CG ABBIE BURGESS,IMO9155602,NVAF,90,0,53,10,2.4,55,A
368941000,2022-04-24T05:28:09,42.40918,-70.14727,10.9,212.5,212.0,CG ABBIE BURGESS,IMO9155602,NVAF,90,0,53,10,2.4,55,A
368941000,2022-04-24T05:29:13,42.40649,-70.14944,11.0,211.0,212.0,CG ABBIE BURGESS,IMO9155602,NVAF,90,0,53,10,2.4,55,A
367461370,2022-09-15T16:36:06,42.38724,-70.14615,6.6,19.1,511.0,CROSBY TROJAN,IMO8213017,WDF5278,31,11,36,9,4.3,52,A
367461370,2022-09-15T16:37:16,42.38915,-70.14529,5.8,18.1,511.0,CROSBY TROJAN,IMO8213017,WDF5278,31,11,36,9,4.3,52,A
367461370,2022-09-15T16:38:37,42.39129,-70.14425,6.2,20.6,511.0,CROSBY TROJAN,IMO8213017,WDF5278,31,11,36,9,4.3,52,A
367461370,2022-09-15T16:39:46,42.39309,-70.14333,5.6,20.5,511.0,CROSBY TROJAN,IMO8213017,WDF5278,31,11,36,9,4.3,52,A
367461370,2022-09-15T16:40:57,42.39494,-70.14246,6.3,22.7,511.0,CROSBY TROJAN,IMO8213017,WDF5278,31,11,36,9,4.3,52,A
367461370,2022-09-15T16:42:06,42.39678,-70.14160,5.4,16.7,511.0,CROSBY TROJAN,IMO8213017,WDF5278,31,11,36,9,4.3,52,A
367461370,2022-09-15T16:43:26,42.39886,-70.14059,6.7,19.3,511.0,CROSBY TROJAN,IMO8213017,WDF5278,31,11,36,9,4.3,52,A
367461370,2022-09-15T16:44:36,42.40069,-70.13974,6.2,16.8,511.0,CROSBY TROJAN,IMO8213017,WDF5278,31,11,36,9,4.3,52,A
367461370,2022-09-15T16:45:47,42.40252,-70.13880,5.8,27.2,511.0,CROSBY TROJAN,IMO8213017,WDF5278,31,11,36,9,4.3,52,A
367461370,2022-09-15T16:46:57,42.40440,-70.13793,6.0,13.6,511.0,CROSBY TROJAN,IMO8213017,WDF5278,31,11,36,9,4.3,52,A
367461370,2022-09-15T16:48:06,42.40625,-70.13710,6.5,15.0,511.0,CROSBY TROJAN,IMO8213017,WDF5278,31,11,36,9,4.3,52,A
367461370,2022-09-15T16:49:17,42.40814,-70.13622,6.2,15.7,511.0,CROSBY TROJAN,IMO8213017,WDF5278,31,11,36,9,4.3,52,A
367461370,2022-09-15T16:50:27,42.41002,-70.13533,6.0,21.8,511.0,CROSBY TROJAN,IMO8213017,WDF5278,31,11,36,9,4.3,52,A
367461370,2022-09-15T16:52:06,42.41266,-70.13414,5.9,25.2,511.0,CROSBY TROJAN,IMO8213017,WDF5278,31,11,36,9,4.3,52,A
367461370,2022-09-15T16:53:17,42.41459,-70.13322,6.2,15.5,511.0,CROSBY TROJAN,IMO8213017,WDF5278,31,11,36,9,4.3,52,A
367461370,2022-09-15T16:54:37,42.41672,-70.13236,6.2,17.4,511.0,CROSBY TROJAN,IMO8213017,WDF5278,31,11,36,9,4.3,52,A
367461370,2022-09-15T16:55:47,42.41865,-70.13175,5.8,14.9,511.0,CROSBY TROJAN,IMO8213017,WDF5278,31,11,36,9,4.3,52,A
367461370,2022-09-15T16:57:06,42.42073,-70.13086,5.2,19.3,511.0,CROSBY TROJAN,IMO8213017,WDF5278,31,11,36,9,4.3,52,A
564970000,2022-08-16T06:15:03,42.41213,-70.10353,11.8,249.8,250.0,BW BOBCAT,IMO9694476,9V2551,80,0,183,32,13.3,80,A
564970000,2022-08-16T06:16:04,42.41109,-70.10770,11.8,251.1,249.0,BW BOBCAT,IMO9694476,9V2551,80,0,183,32,13.3,80,A
564970000,2022-08-16T06:17:14,42.40979,-70.11252,11.7,250.8,250.0,BW BOBCAT,IMO9694476,9V2551,80,0,183,32,13.3,80,A
564970000,2022-08-16T06:18:23,42.40863,-70.11726,11.6,250.5,249.0,BW BOBCAT,IMO9694476,9V2551,80,0,183,32,13.3,80,A
564970000,2022-08-16T06:19:44,42.40720,-70.12276,11.5,250.6,250.0,BW BOBCAT,IMO9694476,9V2551,80,0,183,32,13.3,80,A
564970000,2022-08-16T06:20:54,42.40598,-70.12755,11.4,251.2,249.0,BW BOBCAT,IMO9694476,9V2551,80,0,183,32,13.3,80,A
564970000,2022-08-16T06:22:04,42.40480,-70.13216,11.4,249.9,249.0,BW BOBCAT,IMO9694476,9V2551,80,0,183,32,13.3,80,A
564970000,2022-08-16T06:23:15,42.40352,-70.13688,11.3,250.2,249.0,BW BOBCAT,IMO9694476,9V2551,80,0,183,32,13.3,80,A
564970000,2022-08-16T06:24:23,42.40234,-70.14138,11.3,250.7,250.0,BW BOBCAT,IMO9694476,9V2551,80,0,183,32,13.3,80,A
564970000,2022-08-16T06:25:33,42.40118,-70.14602,11.2,250.6,249.0,BW BOBCAT,IMO9694476,9V2551,80,0,183,32,13.3,80,A
538006907,2022-03-07T07:51:30,42.41697,-70.14827,9.8,145.7,148.0,PALANCA RIO,IMO9747998,V7QS4,80,0,133,,,89,A
538006907,2022-03-07T07:52:40,42.41435,-70.14580,9.8,145.3,148.0,PALANCA RIO,IMO9747998,V7QS4,80,0,133,,,89,A
538006907,2022-03-07T07:53:49,42.41177,-70.14337,9.9,145.6,148.0,PALANCA RIO,IMO9747998,V7QS4,80,0,133,,,89,A
538006907,2022-03-07T07:55:00,42.40907,-70.14087,9.8,144.9,148.0,PALANCA RIO,IMO9747998,V7QS4,80,0,133,,,89,A
538006907,2022-03-07T07:56:10,42.40650,-70.13845,9.8,145.1,148.0,PALANCA RIO,IMO9747998,V7QS4,80,0,133,,,89,A
538006907,2022-03-07T07:57:19,42.40393,-70.13602,9.8,145.0,148.0,PALANCA RIO,IMO9747998,V7QS4,80,0,133,,,89,A
538006907,2022-03-07T07:58:30,42.40123,-70.13352,9.8,145.2,148.0,PALANCA RIO,IMO9747998,V7QS4,80,0,133,,,89,A
538006907,2022-03-07T07:59:39,42.39877,-70.13117,9.8,145.5,148.0,PALANCA RIO,IMO9747998,V7QS4,80,0,133,,,89,A
538006907,2022-03-07T08:00:10,42.39758,-70.13007,9.8,146.5,148.0,PALANCA RIO,IMO9747998,V7QS4,80,0,133,,,89,A
538006907,2022-03-07T08:01:20,42.39502,-70.12762,9.8,144.9,148.0,PALANCA RIO,IMO9747998,V7QS4,80,0,133,,,89,A
538006907,2022-03-07T08:02:30,42.39235,-70.12507,9.9,144.9,148.0,PALANCA RIO,IMO9747998,V7QS4,80,0,133,,,89,A
538006907,2022-03-07T08:03:39,42.38978,-70.12262,9.8,145.0,148.0,PALANCA RIO,IMO9747998,V7QS4,80,0,133,,,89,A
538006907,2022-03-07T08:04:49,42.38717,-70.12012,9.8,144.2,148.0,PALANCA RIO,IMO9747998,V7QS4,80,0,133,,,89,A
538006907,2022-11-19T06:52:39,42.41450,-70.14697,14.0,54.4,54.0,PALANCA RIO,IMO9747998,V7QS4,80,0,133,,,89,A
538006907,2022-11-19T06:53:44,42.41695,-70.14235,14.0,54.9,54.0,PALANCA RIO,IMO9747998,V7QS4,80,0,133,,,89,A
538006907,2022-11-19T06:54:50,42.41942,-70.13763,14.0,54.8,54.0,PALANCA RIO,IMO9747998,V7QS4,80,0,133,,,89,A
538006907,2022-11-19T06:55:51,42.42172,-70.13327,14.0,54.3,54.0,PALANCA RIO,IMO9747998,V7QS4,80,0,133,,,89,A
235003242,2022-08-05T01:21:37,42.38796,-70.14327,7.1,357.2,511.0,KENAI,,MWOW6,36,,,,,,B
235003242,2022-08-05T01:23:06,42.39091,-70.14330,7.1,360.0,511.0,KENAI,,MWOW6,36,,,,,,B
235003242,2022-08-05T01:24:37,42.39396,-70.14328,9.4,354.0,511.0,KENAI,,MWOW6,36,,,,,,B
235003242,2022-08-05T01:25:39,42.39613,-70.14333,7.1,353.3,511.0,KENAI,,MWOW6,36,,,,,,B
235003242,2022-08-05T01:27:06,42.39912,-70.14333,6.7,5.2,511.0,KENAI,,MWOW6,36,,,,,,B
235003242,2022-08-05T01:28:07,42.40129,-70.14334,6.2,8.5,511.0,KENAI,,MWOW6,36,,,,,,B
235003242,2022-08-05T01:29:37,42.40445,-70.14337,7.5,346.8,511.0,KENAI,,MWOW6,36,,,,,,B
235003242,2022-08-05T01:31:05,42.40755,-70.14348,7.4,7.4,511.0,KENAI,,MWOW6,36,,,,,,B
235003242,2022-08-05T01:32:06,42.40964,-70.14359,7.9,5.3,511.0,KENAI,,MWOW6,36,,,,,,B
235003242,2022-08-05T01:33:09,42.41185,-70.14377,8.0,353.2,511.0,KENAI,,MWOW6,36,,,,,,B
235003242,2022-08-05T01:34:37,42.41486,-70.14395,6.9,0.9,511.0,KENAI,,MWOW6,36,,,,,,B
235003242,2022-08-05T01:36:05,42.41789,-70.14413,7.5,345.8,511.0,KENAI,,MWOW6,36,,,,,,B
235003242,2022-08-05T01:37:07,42.42005,-70.14429,6.2,0.6,511.0,KENAI,,MWOW6,36,,,,,,B
538007108,2022-12-24T22:57:18,42.41897,-70.14972,9.5,143.2,145.0,PALANCA CADIZ,IMO9748007,V7RI4,80,0,,,,84,A
538007108,2022-12-24T22:58:39,42.41620,-70.14670,9.4,143.8,147.0,PALANCA CADIZ,IMO9748007,V7RI4,80,0,,,,84,A
538007108,2022-12-24T22:59:59,42.41345,-70.14387,9.2,143.5,149.0,PALANCA CADIZ,IMO9748007,V7RI4,80,0,,,,84,A
538007108,2022-12-24T23:00:08,42.41313,-70.14357,9.2,148.4,149.0,PALANCA CADIZ,IMO9748007,V7RI4,80,0,,,,84,A
538007108,2022-12-24T23:01:18,42.41068,-70.14123,9.3,146.4,148.0,PALANCA CADIZ,IMO9748007,V7RI4,80,0,,,,84,A
538007108,2022-12-24T23:02:39,42.40782,-70.13850,9.4,142.7,149.0,PALANCA CADIZ,IMO9748007,V7RI4,80,0,,,,84,A
538007108,2022-12-24T23:03:49,42.40530,-70.13620,9.4,146.6,150.0,PALANCA CADIZ,IMO9748007,V7RI4,80,0,,,,84,A
538007108,2022-12-24T23:04:59,42.40280,-70.13398,9.4,150.0,150.0,PALANCA CADIZ,IMO9748007,V7RI4,80,0,,,,84,A
538007108,2022-12-24T23:06:08,42.40028,-70.13172,9.3,145.5,151.0,PALANCA CADIZ,IMO9748007,V7RI4,80,0,,,,84,A
538007108,2022-12-24T23:07:19,42.39775,-70.12945,9.2,147.3,151.0,PALANCA CADIZ,IMO9748007,V7RI4,80,0,,,,84,A
538007108,2022-12-24T23:08:28,42.39527,-70.12727,9.2,147.1,150.0,PALANCA CADIZ,IMO9748007,V7RI4,80,0,,,,84,A
538007108,2022-12-24T23:09:39,42.39272,-70.12498,9.2,146.8,150.0,PALANCA CADIZ,IMO9748007,V7RI4,80,0,,,,84,A
538007108,2022-12-24T23:10:59,42.38988,-70.12240,9.2,147.6,151.0,PALANCA CADIZ,IMO9748007,V7RI4,80,0,,,,84,A
538007108,2022-12-24T23:12:09,42.38737,-70.12020,9.3,146.4,150.0,PALANCA CADIZ,IMO9748007,V7RI4,80,0,,,,84,A
538006907,2022-02-26T06:10:46,42.40462,-70.14870,7.4,47.8,50.0,PALANCA RIO,IMO9747998,V7QS4,80,0,133,,,89,A
538006907,2022-02-26T06:11:57,42.40615,-70.14598,8.2,56.6,50.0,PALANCA RIO,IMO9747998,V7QS4,80,0,133,,,89,A
538006907,2022-02-26T06:13:07,42.40802,-70.14297,9.5,57.0,49.0,PALANCA RIO,IMO9747998,V7QS4,80,0,133,,,89,A
538006907,2022-02-26T06:14:17,42.41005,-70.13988,9.4,48.1,49.0,PALANCA RIO,IMO9747998,V7QS4,80,0,133,,,89,A
538006907,2022-02-26T06:15:27,42.41198,-70.13692,8.5,47.2,48.0,PALANCA RIO,IMO9747998,V7QS4,80,0,133,,,89,A
538006907,2022-02-26T06:16:38,42.41385,-70.13418,8.7,54.8,49.0,PALANCA RIO,IMO9747998,V7QS4,80,0,133,,,89,A
538006907,2022-02-26T06:17:46,42.41578,-70.13108,9.8,48.4,48.0,PALANCA RIO,IMO9747998,V7QS4,80,0,133,,,89,A
538006907,2022-02-26T06:18:58,42.41798,-70.12773,10.4,47.6,49.0,PALANCA RIO,IMO9747998,V7QS4,80,0,133,,,89,A
538006907,2022-02-26T06:20:17,42.42062,-70.12377,10.7,48.4,48.0,PALANCA RIO,IMO9747998,V7QS4,80,0,133,,,89,A
366832930,2022-06-17T15:02:54,42.39265,-70.11527,6.5,10.8,511.0,PANTA RHEI,,WDA6488,37,,15,4,,,B
366832930,2022-06-17T15:04:24,42.39547,-70.11469,6.5,8.8,511.0,PANTA RHEI,,WDA6488,37,,15,4,,,B
366832930,2022-06-17T15:05:56,42.39838,-70.11419,6.0,16.4,511.0,PANTA RHEI,,WDA6488,37,,15,4,,,B
366832930,2022-06-17T15:07:54,42.40210,-70.11350,6.9,9.6,511.0,PANTA RHEI,,WDA6488,37,,15,4,,,B
366832930,2022-06-17T15:10:54,42.40787,-70.11250,6.9,4.7,511.0,PANTA RHEI,,WDA6488,37,,15,4,,,B
366832930,2022-06-17T15:12:54,42.41158,-70.11188,5.4,8.5,511.0,PANTA RHEI,,WDA6488,37,,15,4,,,B
366832930,2022-06-17T15:14:53,42.41521,-70.11128,7.0,357.8,511.0,PANTA RHEI,,WDA6488,37,,15,4,,,B
366832930,2022-06-17T15:15:54,42.41710,-70.11100,6.1,2.3,511.0,PANTA RHEI,,WDA6488,37,,15,4,,,B
369991000,2022-05-11T20:11:12,42.40750,-70.10883,10.0,230.0,230.0,HENRY B BIGELOW,IMO9349057,WTDF,90,0,63,15,5.9,99,A
369991000,2022-05-11T20:12:31,42.40533,-70.11267,10.0,232.0,231.0,HENRY B BIGELOW,IMO9349057,WTDF,90,0,63,15,5.9,99,A
369991000,2022-05-11T20:15:51,42.39950,-70.12233,9.9,232.0,231.0,HENRY B BIGELOW,IMO9349057,WTDF,90,0,63,15,5.9,99,A
367531130,2022-07-09T23:23:43,42.38620,-70.10126,7.6,30.5,511.0,ALEBRIJE,,WDG3930,37,,,,,,B
538006907,2022-06-10T07:07:54,42.41215,-70.10263,10.0,322.2,326.0,PALANCA RIO,IMO9747998,V7QS4,80,0,133,,,89,A
538006907,2022-06-10T07:09:04,42.41477,-70.10538,10.1,324.8,326.0,PALANCA RIO,IMO9747998,V7QS4,80,0,133,,,89,A
538006907,2022-06-10T07:10:05,42.41693,-70.10767,10.1,320.3,326.0,PALANCA RIO,IMO9747998,V7QS4,80,0,133,,,89,A
538006907,2022-06-10T07:11:14,42.41953,-70.11035,10.1,322.9,326.0,PALANCA RIO,IMO9747998,V7QS4,80,0,133,,,89,A
367514630,2022-02-03T09:07:25,42.39944,-70.14702,8.5,300.1,511.0,ENDEAVOUR,IMO8852605,WDG2339,30,,29,8,,,B
367501780,2022-07-24T02:26:14,42.38758,-70.11394,5.0,46.9,511.0,ROSA DOS VENTOS,,WDF9101,37,,13,4,,,B
367501780,2022-07-24T02:27:16,42.38867,-70.11262,5.0,42.1,511.0,ROSA DOS VENTOS,,WDF9101,37,,13,4,,,B
367501780,2022-07-24T02:28:45,42.39017,-70.11082,5.1,53.3,511.0,ROSA DOS VENTOS,,WDF9101,37,,13,4,,,B
367501780,2022-07-24T02:30:17,42.39179,-70.10901,5.1,37.8,511.0,ROSA DOS VENTOS,,WDF9101,37,,13,4,,,B
367501780,2022-07-24T02:32:44,42.39427,-70.10616,4.8,39.5,511.0,ROSA DOS VENTOS,,WDF9101,37,,13,4,,,B
367501780,2022-07-24T02:35:15,42.39731,-70.10435,5.0,22.8,511.0,ROSA DOS VENTOS,,WDF9101,37,,13,4,,,B
367501780,2022-07-24T02:36:44,42.39917,-70.10350,4.8,19.4,511.0,ROSA DOS VENTOS,,WDF9101,37,,13,4,,,B
367501780,2022-07-24T02:38:43,42.40174,-70.10238,4.6,10.2,511.0,ROSA DOS VENTOS,,WDF9101,37,,13,4,,,B
367501780,2022-07-24T02:40:45,42.40432,-70.10123,4.9,14.0,511.0,ROSA DOS VENTOS,,WDF9101,37,,13,4,,,B
205685000,2022-11-28T19:49:52,42.41963,-70.13160,12.6,153.9,154.0,KNOKKE,IMO9687497,ONIL,80,0,181,,,89,A
205685000,2022-11-28T19:52:21,42.41192,-70.12633,12.6,153.0,155.0,KNOKKE,IMO9687497,ONIL,80,0,181,,,89,A
205685000,2022-11-28T19:56:11,42.39998,-70.11812,12.7,152.2,155.0,KNOKKE,IMO9687497,ONIL,80,0,181,,,89,A
538006907,2022-01-26T03:34:02,42.40533,-70.14595,13.7,48.6,48.0,PALANCA RIO,IMO9747998,V7QS4,80,0,133,,,89,A
538006907,2022-01-26T03:35:12,42.40822,-70.14140,13.7,49.8,48.0,PALANCA RIO,IMO9747998,V7QS4,80,0,133,,,89,A
538006907,2022-01-26T03:36:31,42.41147,-70.13627,13.7,51.2,48.0,PALANCA RIO,IMO9747998,V7QS4,80,0,133,,,89,A
538006907,2022-01-26T03:37:51,42.41480,-70.13107,13.7,50.1,48.0,PALANCA RIO,IMO9747998,V7QS4,80,0,133,,,89,A
538006907,2022-01-26T03:39:02,42.41772,-70.12643,13.7,51.9,48.0,PALANCA RIO,IMO9747998,V7QS4,80,0,133,,,89,A
538006907,2022-01-26T03:40:11,42.42058,-70.12188,13.6,49.2,48.0,PALANCA RIO,IMO9747998,V7QS4,80,0,133,,,89,A
311050400,2022-10-18T01:11:34,42.38825,-70.14577,9.8,10.3,6.0,VICTORY I,IMO9213129,C6YZ9,60,0,91,15,3.8,60,A
311050400,2022-10-18T01:12:43,42.39127,-70.14491,9.9,8.7,5.0,VICTORY I,IMO9213129,C6YZ9,60,0,91,15,3.8,60,A
311050400,2022-10-18T01:13:53,42.39442,-70.14395,9.8,13.4,9.0,VICTORY I,IMO9213129,C6YZ9,60,0,91,15,3.8,60,A
311050400,2022-10-18T01:15:04,42.39756,-70.14292,9.8,14.6,8.0,VICTORY I,IMO9213129,C6YZ9,60,0,91,15,3.8,60,A
311050400,2022-10-18T01:16:14,42.40061,-70.14189,9.8,14.1,8.0,VICTORY I,IMO9213129,C6YZ9,60,0,91,15,3.8,60,A
311050400,2022-10-18T01:17:22,42.40366,-70.14090,9.8,13.3,8.0,VICTORY I,IMO9213129,C6YZ9,60,0,91,15,3.8,60,A
311050400,2022-10-18T01:18:33,42.40680,-70.13984,9.8,14.2,8.0,VICTORY I,IMO9213129,C6YZ9,60,0,91,15,3.8,60,A
311050400,2022-10-18T01:19:34,42.40945,-70.13899,9.7,14.3,8.0,VICTORY I,IMO9213129,C6YZ9,60,0,91,15,3.8,60,A
311050400,2022-10-18T01:20:44,42.41255,-70.13804,9.8,13.7,8.0,VICTORY I,IMO9213129,C6YZ9,60,0,91,15,3.8,60,A
311050400,2022-10-18T01:21:53,42.41564,-70.13706,9.8,10.9,8.0,VICTORY I,IMO9213129,C6YZ9,60,0,91,15,3.8,60,A
311050400,2022-10-18T01:23:04,42.41873,-70.13614,9.8,8.9,7.0,VICTORY I,IMO9213129,C6YZ9,60,0,91,15,3.8,60,A
311050400,2022-10-18T01:24:14,42.42185,-70.13519,9.7,14.7,9.0,VICTORY I,IMO9213129,C6YZ9,60,0,91,15,3.8,60,A
367614330,2022-11-04T02:34:13,42.38902,-70.12031,8.9,41.5,511.0,TEMPTRESS,,WDH4114,37,,12,,,,B
367614330,2022-11-04T02:36:43,42.39356,-70.11700,8.2,36.0,511.0,TEMPTRESS,,WDH4114,37,,12,,,,B
367614330,2022-11-04T02:38:43,42.39741,-70.11491,6.4,22.7,511.0,TEMPTRESS,,WDH4114,37,,12,,,,B
367614330,2022-11-04T02:40:45,42.40126,-70.11267,8.6,17.7,511.0,TEMPTRESS,,WDH4114,37,,12,,,,B
367614330,2022-11-04T02:41:46,42.40323,-70.11133,7.7,37.1,511.0,TEMPTRESS,,WDH4114,37,,12,,,,B
366920990,2022-07-30T22:00:00,42.38727,-70.11759,6.7,15.7,511.0,VIVALDI,,WDB6262,37,,15,4,,,B
366920990,2022-07-30T22:02:02,42.39076,-70.11607,6.7,13.6,511.0,VIVALDI,,WDB6262,37,,15,4,,,B
366920990,2022-07-30T22:03:31,42.39334,-70.11511,6.5,14.2,511.0,VIVALDI,,WDB6262,37,,15,4,,,B
366920990,2022-07-30T22:04:32,42.39515,-70.11437,6.7,19.5,511.0,VIVALDI,,WDB6262,37,,15,4,,,B
366920990,2022-07-30T22:06:01,42.39758,-70.11337,5.9,19.7,511.0,VIVALDI,,WDB6262,37,,15,4,,,B
366920990,2022-07-30T22:09:29,42.40287,-70.11040,5.4,25.5,511.0,VIVALDI,,WDB6262,37,,15,4,,,B
366920990,2022-07-30T22:10:30,42.40434,-70.10963,5.6,23.1,511.0,VIVALDI,,WDB6262,37,,15,4,,,B
366920990,2022-07-30T22:13:31,42.40865,-70.10802,4.6,6.5,511.0,VIVALDI,,WDB6262,37,,15,4,,,B
366920990,2022-07-30T22:15:33,42.41106,-70.10804,4.1,359.0,511.0,VIVALDI,,WDB6262,37,,15,4,,,B
366920990,2022-07-30T22:17:30,42.41344,-70.10770,4.9,14.5,511.0,VIVALDI,,WDB6262,37,,15,4,,,B
366920990,2022-07-30T22:18:59,42.41561,-70.10677,6.0,21.2,511.0,VIVALDI,,WDB6262,37,,15,4,,,B
366920990,2022-07-30T22:20:59,42.41898,-70.10500,6.7,19.7,511.0,VIVALDI,,WDB6262,37,,15,4,,,B
366920990,2022-07-30T22:22:30,42.42155,-70.10344,6.4,22.6,511.0,VIVALDI,,WDB6262,37,,15,4,,,B
219027836,2022-12-17T01:49:58,42.41732,-70.14916,4.9,94.4,85.0,DEE4 FIG,IMO9433810,OZBB2,80,0,183,32,10.7,80,A
219027836,2022-12-17T01:51:07,42.41722,-70.14712,4.6,92.4,84.0,DEE4 FIG,IMO9433810,OZBB2,80,0,183,32,10.7,80,A
219027836,2022-12-17T01:52:17,42.41717,-70.14502,4.9,90.9,84.0,DEE4 FIG,IMO9433810,OZBB2,80,0,183,32,10.7,80,A
219027836,2022-12-17T01:53:27,42.41712,-70.14275,5.2,91.8,85.0,DEE4 FIG,IMO9433810,OZBB2,80,0,183,32,10.7,80,A
219027836,2022-12-17T01:54:38,42.41705,-70.14040,5.4,90.7,84.0,DEE4 FIG,IMO9433810,OZBB2,80,0,183,32,10.7,80,A
219027836,2022-12-17T01:55:48,42.41703,-70.13799,5.5,91.9,84.0,DEE4 FIG,IMO9433810,OZBB2,80,0,183,32,10.7,80,A
219027836,2022-12-17T01:56:56,42.41694,-70.13569,5.0,93.0,86.0,DEE4 FIG,IMO9433810,OZBB2,80,0,183,32,10.7,80,A
219027836,2022-12-17T01:58:17,42.41677,-70.13301,4.8,94.5,85.0,DEE4 FIG,IMO9433810,OZBB2,80,0,183,32,10.7,80,A
219027836,2022-12-17T01:59:26,42.41664,-70.13121,3.9,95.5,83.0,DEE4 FIG,IMO9433810,OZBB2,80,0,183,32,10.7,80,A
219027836,2022-12-17T02:00:07,42.41661,-70.13016,4.2,93.3,83.0,DEE4 FIG,IMO9433810,OZBB2,80,0,183,32,10.7,80,A
219027836,2022-12-17T02:01:17,42.41648,-70.12824,4.1,100.9,82.0,DEE4 FIG,IMO9433810,OZBB2,80,0,183,32,10.7,80,A
219027836,2022-12-17T02:02:20,42.41633,-70.12646,4.3,87.4,58.0,DEE4 FIG,IMO9433810,OZBB2,80,0,183,32,10.7,80,A
219027836,2022-12-17T02:03:27,42.41678,-70.12473,4.7,66.0,40.0,DEE4 FIG,IMO9433810,OZBB2,80,0,183,32,10.7,80,A
219027836,2022-12-17T02:04:31,42.41773,-70.12325,5.0,37.1,4.0,DEE4 FIG,IMO9433810,OZBB2,80,0,183,32,10.7,80,A
219027836,2022-12-17T02:05:33,42.41916,-70.12292,5.0,352.2,324.0,DEE4 FIG,IMO9433810,OZBB2,80,0,183,32,10.7,80,A
219027836,2022-12-17T02:06:34,42.42027,-70.12407,5.1,300.6,290.0,DEE4 FIG,IMO9433810,OZBB2,80,0,183,32,10.7,80,A
219027836,2022-12-17T02:07:37,42.42082,-70.12628,6.1,282.4,276.0,DEE4 FIG,IMO9433810,OZBB2,80,0,183,32,10.7,80,A
219027836,2022-12-17T02:08:46,42.42088,-70.12915,6.8,267.1,275.0,DEE4 FIG,IMO9433810,OZBB2,80,0,183,32,10.7,80,A
219027836,2022-12-17T02:09:58,42.42092,-70.13225,7.0,273.1,278.0,DEE4 FIG,IMO9433810,OZBB2,80,0,183,32,10.7,80,A
219027836,2022-12-17T02:11:07,42.42099,-70.13534,7.1,268.7,278.0,DEE4 FIG,IMO9433810,OZBB2,80,0,183,32,10.7,80,A
219027836,2022-12-17T02:12:17,42.42115,-70.13838,7.0,275.5,282.0,DEE4 FIG,IMO9433810,OZBB2,80,0,183,32,10.7,80,A
219027836,2022-12-17T02:13:27,42.42139,-70.14150,7.1,273.5,283.0,DEE4 FIG,IMO9433810,OZBB2,80,0,183,32,10.7,80,A
219027836,2022-12-17T02:14:38,42.42160,-70.14457,6.7,276.6,281.0,DEE4 FIG,IMO9433810,OZBB2,80,0,183,32,10.7,80,A
219027836,2022-12-17T02:15:46,42.42181,-70.14747,6.7,270.2,274.0,DEE4 FIG,IMO9433810,OZBB2,80,0,183,32,10.7,80,A
219027836,2022-12-17T09:51:58,42.41929,-70.14965,2.3,106.6,78.0,DEE4 FIG,IMO9433810,OZBB2,80,0,183,32,10.7,80,A
219027836,2022-12-17T09:53:06,42.41906,-70.14865,2.5,107.0,77.0,DEE4 FIG,IMO9433810,OZBB2,80,0,183,32,10.7,80,A
219027836,2022-12-17T09:54:28,42.41884,-70.14739,2.4,102.2,78.0,DEE4 FIG,IMO9433810,OZBB2,80,0,183,32,10.7,80,A
219027836,2022-12-17T09:55:36,42.41867,-70.14627,2.7,100.7,78.0,DEE4 FIG,IMO9433810,OZBB2,80,0,183,32,10.7,80,A
219027836,2022-12-17T09:56:46,42.41847,-70.14506,3.0,100.7,76.0,DEE4 FIG,IMO9433810,OZBB2,80,0,183,32,10.7,80,A
219027836,2022-12-17T09:57:56,42.41833,-70.14375,2.9,99.3,77.0,DEE4 FIG,IMO9433810,OZBB2,80,0,183,32,10.7,80,A
219027836,2022-12-17T09:59:17,42.41816,-70.14221,2.8,103.8,77.0,DEE4 FIG,IMO9433810,OZBB2,80,0,183,32,10.7,80,A
219027836,2022-12-17T10:00:08,42.41802,-70.14139,2.6,99.4,78.0,DEE4 FIG,IMO9433810,OZBB2,80,0,183,32,10.7,80,A
219027836,2022-12-17T10:01:17,42.41779,-70.14028,2.5,103.1,76.0,DEE4 FIG,IMO9433810,OZBB2,80,0,183,32,10.7,80,A
219027836,2022-12-17T10:02:28,42.41761,-70.13917,2.8,106.9,78.0,DEE4 FIG,IMO9433810,OZBB2,80,0,183,32,10.7,80,A
219027836,2022-12-17T10:03:37,42.41737,-70.13795,2.9,103.6,78.0,DEE4 FIG,IMO9433810,OZBB2,80,0,183,32,10.7,80,A
219027836,2022-12-17T10:04:46,42.41714,-70.13672,2.8,102.6,75.0,DEE4 FIG,IMO9433810,OZBB2,80,0,183,32,10.7,80,A
219027836,2022-12-17T10:05:57,42.41696,-70.13538,3.1,97.9,76.0,DEE4 FIG,IMO9433810,OZBB2,80,0,183,32,10.7,80,A
219027836,2022-12-17T10:07:16,42.41677,-70.13387,2.6,106.5,78.0,DEE4 FIG,IMO9433810,OZBB2,80,0,183,32,10.7,80,A
219027836,2022-12-17T10:08:37,42.41648,-70.13251,2.6,106.2,77.0,DEE4 FIG,IMO9433810,OZBB2,80,0,183,32,10.7,80,A
219027836,2022-12-17T10:10:06,42.41619,-70.13100,2.6,108.4,79.0,DEE4 FIG,IMO9433810,OZBB2,80,0,183,32,10.7,80,A
219027836,2022-12-17T10:11:26,42.41586,-70.12970,2.9,109.3,79.0,DEE4 FIG,IMO9433810,OZBB2,80,0,183,32,10.7,80,A
219027836,2022-12-17T10:12:56,42.41551,-70.12814,2.7,104.0,78.0,DEE4 FIG,IMO9433810,OZBB2,80,0,183,32,10.7,80,A
219027836,2022-12-17T10:14:17,42.41522,-70.12666,2.7,101.2,76.0,DEE4 FIG,IMO9433810,OZBB2,80,0,183,32,10.7,80,A
219027836,2022-12-17T10:16:17,42.41496,-70.12445,2.9,97.4,76.0,DEE4 FIG,IMO9433810,OZBB2,80,0,183,32,10.7,80,A
219027836,2022-12-17T10:17:28,42.41481,-70.12308,3.3,99.7,78.0,DEE4 FIG,IMO9433810,OZBB2,80,0,183,32,10.7,80,A
219027836,2022-12-17T10:18:46,42.41455,-70.12169,2.8,105.5,77.0,DEE4 FIG,IMO9433810,OZBB2,80,0,183,32,10.7,80,A
219027836,2022-12-17T10:19:56,42.41434,-70.12049,2.9,105.3,77.0,DEE4 FIG,IMO9433810,OZBB2,80,0,183,32,10.7,80,A
219027836,2022-12-17T10:20:57,42.41417,-70.11933,3.0,103.1,76.0,DEE4 FIG,IMO9433810,OZBB2,80,0,183,32,10.7,80,A
219027836,2022-12-17T10:22:07,42.41401,-70.11801,3.1,99.5,76.0,DEE4 FIG,IMO9433810,OZBB2,80,0,183,32,10.7,80,A
219027836,2022-12-17T10:23:17,42.41377,-70.11670,3.1,102.4,71.0,DEE4 FIG,IMO9433810,OZBB2,80,0,183,32,10.7,80,A
219027836,2022-12-17T10:24:27,42.41352,-70.11534,2.9,97.1,55.0,DEE4 FIG,IMO9433810,OZBB2,80,0,183,32,10.7,80,A
219027836,2022-12-17T10:25:37,42.41370,-70.11419,2.8,71.5,61.0,DEE4 FIG,IMO9433810,OZBB2,80,0,183,32,10.7,80,A
219027836,2022-12-17T10:26:47,42.41389,-70.11267,3.7,77.1,56.0,DEE4 FIG,IMO9433810,OZBB2,80,0,183,32,10.7,80,A
219027836,2022-12-17T10:27:56,42.41431,-70.11103,4.2,74.3,59.0,DEE4 FIG,IMO9433810,OZBB2,80,0,183,32,10.7,80,A
219027836,2022-12-17T10:29:08,42.41477,-70.10922,3.8,58.7,50.0,DEE4 FIG,IMO9433810,OZBB2,80,0,183,32,10.7,80,A
219027836,2022-12-17T10:30:16,42.41537,-70.10770,4.2,71.5,60.0,DEE4 FIG,IMO9433810,OZBB2,80,0,183,32,10.7,80,A
219027836,2022-12-17T10:31:26,42.41583,-70.10589,4.5,71.4,61.0,DEE4 FIG,IMO9433810,OZBB2,80,0,183,32,10.7,80,A
219027836,2022-12-17T10:32:37,42.41629,-70.10397,4.5,64.1,59.0,DEE4 FIG,IMO9433810,OZBB2,80,0,183,32,10.7,80,A
219027836,2022-12-17T10:33:47,42.41676,-70.10189,5.0,72.4,59.0,DEE4 FIG,IMO9433810,OZBB2,80,0,183,32,10.7,80,A
219027836,2022-12-17T10:52:06,42.42197,-70.10202,5.6,268.5,284.0,DEE4 FIG,IMO9433810,OZBB2,80,0,183,32,10.7,80,A
319081400,2022-08-28T09:18:45,42.42092,-70.14236,6.8,201.3,214.0,JAZZ,IMO9099494,ZGEW7,37,0,30,7,1.8,37,A
319081400,2022-08-28T09:20:34,42.41776,-70.14418,6.8,203.0,214.0,JAZZ,IMO9099494,ZGEW7,37,0,30,7,1.8,37,A
319081400,2022-08-28T09:21:55,42.41544,-70.14549,6.8,204.2,216.0,JAZZ,IMO9099494,ZGEW7,37,0,30,7,1.8,37,A
319081400,2022-08-28T09:23:04,42.41348,-70.14665,6.7,202.2,213.0,JAZZ,IMO9099494,ZGEW7,37,0,30,7,1.8,37,A
319081400,2022-08-28T09:24:14,42.41147,-70.14769,6.7,200.9,212.0,JAZZ,IMO9099494,ZGEW7,37,0,30,7,1.8,37,A
319081400,2022-08-28T09:25:15,42.40969,-70.14859,6.7,200.7,212.0,JAZZ,IMO9099494,ZGEW7,37,0,30,7,1.8,37,A
369871000,2022-09-27T14:37:24,42.40026,-70.14620,16.4,72.6,75.0,AUK,,,90,15,,,,15,A
369871000,2022-09-27T14:38:26,42.40157,-70.14040,15.4,74.1,76.0,AUK,,,90,15,,,,15,A
369871000,2022-09-27T14:39:33,42.40267,-70.13436,13.8,79.3,80.0,AUK,,,90,15,,,,15,A
369871000,2022-09-27T14:40:38,42.40335,-70.12979,10.5,79.7,83.0,AUK,,,90,15,,,,15,A
369871000,2022-09-27T14:41:44,42.40388,-70.12620,7.5,77.7,82.0,AUK,,,90,15,,,,15,A
369871000,2022-09-27T14:42:50,42.40442,-70.12346,6.1,88.4,115.0,AUK,,,90,15,,,,15,A
369871000,2022-09-27T14:43:53,42.40335,-70.12342,5.8,225.0,210.0,AUK,,,90,15,,,,15,A
369871000,2022-09-27T14:44:56,42.40268,-70.12431,1.1,268.7,236.0,AUK,,,90,15,,,,15,A
369871000,2022-09-27T14:46:03,42.40289,-70.12455,1.0,305.8,223.0,AUK,,,90,15,,,,15,A
369871000,2022-09-27T14:47:07,42.40216,-70.12395,5.1,137.2,143.0,AUK,,,90,15,,,,15,A
369871000,2022-09-27T14:48:10,42.40148,-70.12313,0.7,252.8,265.0,AUK,,,90,15,,,,15,A
369871000,2022-09-27T14:49:12,42.40199,-70.12334,1.7,0.4,327.0,AUK,,,90,15,,,,15,A
369871000,2022-09-27T14:50:13,42.40242,-70.12334,1.6,356.2,313.0,AUK,,,90,15,,,,15,A
369871000,2022-09-27T14:51:15,42.40288,-70.12337,1.7,354.3,314.0,AUK,,,90,15,,,,15,A
369871000,2022-09-27T14:52:20,42.40333,-70.12339,1.5,359.9,308.0,AUK,,,90,15,,,,15,A
369871000,2022-09-27T14:53:22,42.40379,-70.12339,1.5,358.4,311.0,AUK,,,90,15,,,,15,A
369871000,2022-09-27T14:54:24,42.40386,-70.12323,2.2,181.8,30.0,AUK,,,90,15,,,,15,A
369871000,2022-09-27T14:55:30,42.40326,-70.12393,1.6,201.4,15.0,AUK,,,90,15,,,,15,A
369871000,2022-09-27T14:56:32,42.40309,-70.12403,0.3,250.3,23.0,AUK,,,90,15,,,,15,A
369871000,2022-09-27T14:57:33,42.40314,-70.12404,0.3,354.6,10.0,AUK,,,90,15,,,,15,A
369871000,2022-09-27T14:58:36,42.40312,-70.12401,0.1,288.8,2.0,AUK,,,90,15,,,,15,A
369871000,2022-09-27T14:59:43,42.40317,-70.12396,0.1,78.6,5.0,AUK,,,90,15,,,,15,A
369871000,2022-09-27T15:00:03,42.40317,-70.12395,0.2,82.2,15.0,AUK,,,90,15,,,,15,A
369871000,2022-09-27T15:01:13,42.40321,-70.12390,0.2,50.8,5.0,AUK,,,90,15,,,,15,A
369871000,2022-09-27T15:02:16,42.40333,-70.12383,0.3,57.5,11.0,AUK,,,90,15,,,,15,A
369871000,2022-09-27T15:03:26,42.40346,-70.12380,0.4,11.9,23.0,AUK,,,90,15,,,,15,A
369871000,2022-09-27T15:04:28,42.40360,-70.12374,0.5,4.1,24.0,AUK,,,90,15,,,,15,A
369871000,2022-09-27T15:05:29,42.40375,-70.12372,0.3,328.2,29.0,AUK,,,90,15,,,,15,A
369871000,2022-09-27T15:06:31,42.40384,-70.12376,0.3,329.8,33.0,AUK,,,90,15,,,,15,A
369871000,2022-09-27T15:07:33,42.40395,-70.12379,0.4,358.1,26.0,AUK,,,90,15,,,,15,A
369871000,2022-09-27T15:08:37,42.40406,-70.12380,0.2,343.1,31.0,AUK,,,90,15,,,,15,A
369871000,2022-09-27T15:09:38,42.40410,-70.12380,0.3,314.5,30.0,AUK,,,90,15,,,,15,A
369871000,2022-09-27T15:10:49,42.40417,-70.12381,0.3,17.5,30.0,AUK,,,90,15,,,,15,A
369871000,2022-09-27T15:11:50,42.40418,-70.12381,0.1,12.1,47.0,AUK,,,90,15,,,,15,A
369871000,2022-09-27T15:12:53,42.40421,-70.12384,0.2,341.7,51.0,AUK,,,90,15,,,,15,A
369871000,2022-09-27T15:13:54,42.40422,-70.12393,0.4,250.6,46.0,AUK,,,90,15,,,,15,A
369871000,2022-09-27T15:15:02,42.40411,-70.12439,1.2,261.5,60.0,AUK,,,90,15,,,,15,A
369871000,2022-09-27T15:16:04,42.40417,-70.12465,1.0,28.7,44.0,AUK,,,90,15,,,,15,A
369871000,2022-09-27T15:17:05,42.40433,-70.12453,0.6,27.5,42.0,AUK,,,90,15,,,,15,A
369871000,2022-09-27T15:18:07,42.40462,-70.12431,1.5,41.8,13.0,AUK,,,90,15,,,,15,A
369871000,2022-09-27T15:19:09,42.40492,-70.12391,1.2,47.7,326.0,AUK,,,90,15,,,,15,A
369871000,2022-09-27T15:20:17,42.40519,-70.12355,1.3,47.5,339.0,AUK,,,90,15,,,,15,A
369871000,2022-09-27T15:21:18,42.40546,-70.12322,1.3,39.4,343.0,AUK,,,90,15,,,,15,A
369871000,2022-09-27T15:22:20,42.40575,-70.12294,1.3,39.3,341.0,AUK,,,90,15,,,,15,A
369871000,2022-09-27T15:23:29,42.40606,-70.12257,1.2,39.5,341.0,AUK,,,90,15,,,,15,A
369871000,2022-09-27T15:24:31,42.40635,-70.12226,1.3,35.3,339.0,AUK,,,90,15,,,,15,A
369871000,2022-09-27T15:25:32,42.40663,-70.12197,1.2,40.4,332.0,AUK,,,90,15,,,,15,A
369871000,2022-09-27T15:26:40,42.40691,-70.12167,1.2,38.1,329.0,AUK,,,90,15,,,,15,A
369871000,2022-09-27T15:27:43,42.40719,-70.12136,1.3,37.5,333.0,AUK,,,90,15,,,,15,A
369871000,2022-09-27T15:28:49,42.40750,-70.12104,1.2,39.4,331.0,AUK,,,90,15,,,,15,A
369871000,2022-09-27T15:29:50,42.40779,-70.12074,1.2,39.4,326.0,AUK,,,90,15,,,,15,A
369871000,2022-09-27T15:30:55,42.40807,-70.12040,1.2,41.9,329.0,AUK,,,90,15,,,,15,A
369871000,2022-09-27T15:31:59,42.40835,-70.12006,1.2,44.6,333.0,AUK,,,90,15,,,,15,A
369871000,2022-09-27T15:33:00,42.40860,-70.11970,1.3,40.8,329.0,AUK,,,90,15,,,,15,A
369871000,2022-09-27T15:34:03,42.40887,-70.11939,1.2,39.0,331.0,AUK,,,90,15,,,,15,A
369871000,2022-09-27T15:35:04,42.40915,-70.11905,1.3,39.2,326.0,AUK,,,90,15,,,,15,A
369871000,2022-09-27T15:36:06,42.40941,-70.11873,1.3,38.9,322.0,AUK,,,90,15,,,,15,A
369871000,2022-09-27T15:38:06,42.41000,-70.11814,1.3,35.4,317.0,AUK,,,90,15,,,,15,A
369871000,2022-09-27T15:39:37,42.41039,-70.11768,1.3,44.0,315.0,AUK,,,90,15,,,,15,A
369871000,2022-09-27T15:41:10,42.41082,-70.11717,1.2,37.0,309.0,AUK,,,90,15,,,,15,A
369871000,2022-09-27T15:43:26,42.41146,-70.11651,1.3,35.8,300.0,AUK,,,90,15,,,,15,A
369871000,2022-09-27T15:44:30,42.41176,-70.11620,1.1,40.3,296.0,AUK,,,90,15,,,,15,A
369871000,2022-09-27T15:45:35,42.41202,-70.11591,1.3,35.7,290.0,AUK,,,90,15,,,,15,A
369871000,2022-09-27T15:46:40,42.41231,-70.11561,1.2,37.1,288.0,AUK,,,90,15,,,,15,A
369871000,2022-09-27T15:47:41,42.41256,-70.11531,1.2,43.6,286.0,AUK,,,90,15,,,,15,A
369871000,2022-09-27T15:48:43,42.41284,-70.11501,1.2,40.2,282.0,AUK,,,90,15,,,,15,A
369871000,2022-09-27T15:49:47,42.41310,-70.11470,1.1,40.6,286.0,AUK,,,90,15,,,,15,A
369871000,2022-09-27T15:50:53,42.41338,-70.11437,1.2,42.4,284.0,AUK,,,90,15,,,,15,A
369871000,2022-09-27T15:51:54,42.41362,-70.11405,1.2,44.6,282.0,AUK,,,90,15,,,,15,A
369871000,2022-09-27T15:52:58,42.41389,-70.11374,1.1,47.6,280.0,AUK,,,90,15,,,,15,A
369871000,2022-09-27T15:54:01,42.41413,-70.11343,1.2,44.3,281.0,AUK,,,90,15,,,,15,A
369871000,2022-09-27T15:55:20,42.41442,-70.11303,1.1,42.3,279.0,AUK,,,90,15,,,,15,A
369871000,2022-09-27T15:56:37,42.41470,-70.11268,1.0,46.5,267.0,AUK,,,90,15,,,,15,A
369871000,2022-09-27T15:57:44,42.41494,-70.11235,1.0,44.9,260.0,AUK,,,90,15,,,,15,A
369871000,2022-09-27T15:58:46,42.41516,-70.11206,1.1,46.4,258.0,AUK,,,90,15,,,,15,A
369871000,2022-09-27T15:59:47,42.41539,-70.11175,1.1,43.8,252.0,AUK,,,90,15,,,,15,A
369871000,2022-09-27T16:00:06,42.41546,-70.11165,1.1,38.3,254.0,AUK,,,90,15,,,,15,A
369871000,2022-09-27T16:01:10,42.41570,-70.11135,1.2,42.8,256.0,AUK,,,90,15,,,,15,A
369871000,2022-09-27T16:02:15,42.41598,-70.11103,1.3,43.2,267.0,AUK,,,90,15,,,,15,A
369871000,2022-09-27T16:03:16,42.41620,-70.11070,1.2,44.4,283.0,AUK,,,90,15,,,,15,A
369871000,2022-09-27T16:04:17,42.41647,-70.11042,1.1,46.0,290.0,AUK,,,90,15,,,,15,A
369871000,2022-09-27T16:05:22,42.41672,-70.11009,1.1,43.2,287.0,AUK,,,90,15,,,,15,A
369871000,2022-09-27T16:06:37,42.41699,-70.10972,1.1,44.4,278.0,AUK,,,90,15,,,,15,A
369871000,2022-09-27T16:07:42,42.41723,-70.10941,1.1,47.3,269.0,AUK,,,90,15,,,,15,A
369871000,2022-09-27T16:08:50,42.41745,-70.10907,1.1,44.6,272.0,AUK,,,90,15,,,,15,A
369871000,2022-09-27T16:10:20,42.41776,-70.10866,1.1,45.1,265.0,AUK,,,90,15,,,,15,A
369871000,2022-09-27T16:11:23,42.41798,-70.10833,1.1,52.2,270.0,AUK,,,90,15,,,,15,A
369871000,2022-09-27T16:12:32,42.41823,-70.10792,1.2,45.0,285.0,AUK,,,90,15,,,,15,A
369871000,2022-09-27T16:13:39,42.41849,-70.10756,1.2,49.3,287.0,AUK,,,90,15,,,,15,A
369871000,2022-09-27T16:14:54,42.41879,-70.10718,1.1,47.9,285.0,AUK,,,90,15,,,,15,A
369871000,2022-09-27T16:16:56,42.41921,-70.10652,1.2,53.1,307.0,AUK,,,90,15,,,,15,A
369871000,2022-09-27T16:19:59,42.41982,-70.10545,1.1,49.8,347.0,AUK,,,90,15,,,,15,A
369871000,2022-09-27T16:22:12,42.42022,-70.10465,1.2,54.6,11.0,AUK,,,90,15,,,,15,A
369871000,2022-09-27T16:23:45,42.42052,-70.10407,1.2,54.3,24.0,AUK,,,90,15,,,,15,A
369871000,2022-09-27T16:24:49,42.42072,-70.10366,1.2,54.3,22.0,AUK,,,90,15,,,,15,A
369871000,2022-09-27T16:44:09,42.42089,-70.10172,3.5,218.1,223.0,AUK,,,90,15,,,,15,A
369871000,2022-09-27T16:45:17,42.42004,-70.10265,3.5,219.1,225.0,AUK,,,90,15,,,,15,A
369871000,2022-09-27T16:47:35,42.41846,-70.10477,3.5,215.2,222.0,AUK,,,90,15,,,,15,A
369871000,2022-09-27T16:49:35,42.41719,-70.10662,3.3,227.7,232.0,AUK,,,90,15,,,,15,A
369871000,2022-09-27T16:50:40,42.41650,-70.10759,3.4,223.4,227.0,AUK,,,90,15,,,,15,A
369871000,2022-09-27T16:52:00,42.41557,-70.10871,3.4,221.0,223.0,AUK,,,90,15,,,,15,A
369871000,2022-09-27T16:53:04,42.41475,-70.10955,3.4,218.0,224.0,AUK,,,90,15,,,,15,A
369871000,2022-09-27T16:54:06,42.41396,-70.11034,3.4,215.3,223.0,AUK,,,90,15,,,,15,A
369871000,2022-09-27T16:55:13,42.41315,-70.11125,3.4,217.4,223.0,AUK,,,90,15,,,,15,A
369871000,2022-09-27T17:03:55,42.40849,-70.11612,1.3,61.7,289.0,AUK,,,90,15,,,,15,A
369871000,2022-09-27T17:05:10,42.40872,-70.11557,1.2,61.4,291.0,AUK,,,90,15,,,,15,A
369871000,2022-09-27T17:08:38,42.40926,-70.11419,1.2,60.7,291.0,AUK,,,90,15,,,,15,A
369871000,2022-09-27T17:10:40,42.40957,-70.11334,1.2,69.2,297.0,AUK,,,90,15,,,,15,A
369871000,2022-09-27T17:20:34,42.40768,-70.11638,3.3,236.7,244.0,AUK,,,90,15,,,,15,A
369871000,2022-09-27T17:30:48,42.40514,-70.12038,1.3,65.0,272.0,AUK,,,90,15,,,,15,A
369871000,2022-09-27T17:41:13,42.40295,-70.12289,0.2,114.0,263.0,AUK,,,90,15,,,,15,A
369871000,2022-09-27T17:42:39,42.40307,-70.12282,0.8,324.0,286.0,AUK,,,90,15,,,,15,A
369871000,2022-09-27T17:44:20,42.40349,-70.12059,6.6,131.7,111.0,AUK,,,90,15,,,,15,A
369871000,2022-09-27T17:46:20,42.40304,-70.12055,0.2,161.5,68.0,AUK,,,90,15,,,,15,A
369871000,2022-09-27T17:47:50,42.40300,-70.12052,0.2,186.8,68.0,AUK,,,90,15,,,,15,A
636020400,2022-02-20T03:01:10,42.41700,-70.10217,10.8,321.0,321.0,CHEM JUPITER,IMO9508158,D5ZA8,80,0,141,24,7.0,80,A
636020400,2022-02-20T03:02:18,42.41967,-70.10483,10.8,321.0,318.0,CHEM JUPITER,IMO9508158,D5ZA8,80,0,141,24,7.0,80,A
235011190,2022-05-20T22:10:26,42.38694,-70.10285,6.5,32.3,511.0,FAR,,MMVH3,,,,,,,B
338342889,2022-06-22T16:19:38,42.40763,-70.10330,15.7,204.2,194.0,PERSERVERANCE,,,37,,16,5,,,B
338342889,2022-06-22T16:20:39,42.40344,-70.10552,15.7,201.4,197.0,PERSERVERANCE,,,37,,16,5,,,B
338342889,2022-06-22T16:22:06,42.39769,-70.10854,15.6,205.6,201.0,PERSERVERANCE,,,37,,16,5,,,B
338342889,2022-06-22T16:23:36,42.39164,-70.11166,15.7,209.2,201.0,PERSERVERANCE,,,37,,16,5,,,B
338342889,2022-06-22T16:24:37,42.38766,-70.11388,14.6,207.0,204.0,PERSERVERANCE,,,37,,16,5,,,B
367180970,2022-06-28T21:22:24,42.42105,-70.14876,5.0,24.2,511.0,SOUTHERN CROSS,,WCX5777,37,,12,3,,,B
368102530,2022-06-29T01:18:12,42.39994,-70.13649,9.1,272.0,511.0,FRANCIS DAWN,,WDK9319,30,,28,10,,,B
368102530,2022-06-29T01:19:43,42.39993,-70.14182,9.2,268.7,511.0,FRANCIS DAWN,,WDK9319,30,,28,10,,,B
368102530,2022-06-29T01:21:13,42.39991,-70.14707,9.3,268.9,511.0,FRANCIS DAWN,,WDK9319,30,,28,10,,,B
368199920,2022-06-30T09:05:18,42.39209,-70.12342,5.1,346.5,511.0,MAYFLOWER 400,,WDM3729,37,,15,6,,,B
368199920,2022-06-30T09:11:16,42.39899,-70.12590,3.8,344.0,511.0,MAYFLOWER 400,,WDM3729,37,,15,6,,,B
368199920,2022-06-30T09:12:48,42.40050,-70.12645,3.9,346.6,511.0,MAYFLOWER 400,,WDM3729,37,,15,6,,,B
368199920,2022-06-30T09:14:19,42.40205,-70.12702,3.7,339.4,511.0,MAYFLOWER 400,,WDM3729,37,,15,6,,,B
368199920,2022-06-30T09:28:18,42.41647,-70.13153,4.2,296.9,511.0,MAYFLOWER 400,,WDM3729,37,,15,6,,,B
368199920,2022-06-30T09:31:16,42.41540,-70.13807,5.6,261.1,511.0,MAYFLOWER 400,,WDM3729,37,,15,6,,,B
368199920,2022-06-30T09:33:48,42.41463,-70.14375,6.1,260.4,511.0,MAYFLOWER 400,,WDM3729,37,,15,6,,,B
368199920,2022-06-30T09:35:16,42.41417,-70.14712,5.4,261.8,511.0,MAYFLOWER 400,,WDM3729,37,,15,6,,,B
338401466,2022-07-08T11:58:17,42.41999,-70.13171,5.7,191.0,511.0,ELIXIR,,,53,,0,0,,,B
338401466,2022-07-08T11:59:47,42.41764,-70.13231,5.9,189.3,511.0,ELIXIR,,,53,,0,0,,,B
338401466,2022-07-08T12:00:17,42.41688,-70.13250,5.8,190.0,511.0,ELIXIR,,,53,,0,0,,,B
338401466,2022-07-08T12:01:18,42.41528,-70.13291,5.4,190.8,511.0,ELIXIR,,,53,,0,0,,,B
338401466,2022-07-08T12:02:48,42.41291,-70.13355,5.5,191.2,511.0,ELIXIR,,,53,,0,0,,,B
338401466,2022-07-08T12:04:17,42.41057,-70.13417,5.6,191.1,511.0,ELIXIR,,,53,,0,0,,,B
338401466,2022-07-08T12:05:47,42.40820,-70.13481,5.8,191.9,511.0,ELIXIR,,,53,,0,0,,,B
338401466,2022-07-08T12:07:17,42.40590,-70.13547,5.5,194.2,511.0,ELIXIR,,,53,,0,0,,,B
338401466,2022-07-08T12:09:17,42.40279,-70.13627,6.1,187.9,511.0,ELIXIR,,,53,,0,0,,,B
338401466,2022-07-08T12:10:48,42.40045,-70.13685,5.6,187.8,511.0,ELIXIR,,,53,,0,0,,,B
338401466,2022-07-08T12:12:17,42.39808,-70.13744,5.7,191.7,511.0,ELIXIR,,,53,,0,0,,,B
338401466,2022-07-08T12:13:47,42.39577,-70.13803,5.5,193.7,511.0,ELIXIR,,,53,,0,0,,,B
338401466,2022-07-08T12:14:48,42.39422,-70.13843,5.5,189.3,511.0,ELIXIR,,,53,,0,0,,,B
338401466,2022-07-08T12:16:17,42.39185,-70.13905,6.1,187.9,511.0,ELIXIR,,,53,,0,0,,,B
338401466,2022-07-08T12:17:47,42.38949,-70.13967,5.9,186.6,511.0,ELIXIR,,,53,,0,0,,,B
338401466,2022-07-08T12:18:48,42.38793,-70.14008,5.3,195.0,511.0,ELIXIR,,,53,,0,0,,,B
338190404,2022-07-09T23:47:32,42.38715,-70.13427,3.5,30.1,34.0,LUFFIN LIFE,,,36,,0,0,,,B
338190404,2022-07-09T23:48:33,42.38804,-70.13363,3.7,27.2,34.0,LUFFIN LIFE,,,36,,0,0,,,B
338190404,2022-07-09T23:50:03,42.38936,-70.13257,3.8,30.5,36.0,LUFFIN LIFE,,,36,,0,0,,,B
338190404,2022-07-09T23:52:03,42.39118,-70.13127,3.7,25.0,32.0,LUFFIN LIFE,,,36,,0,0,,,B
338190404,2022-07-09T23:53:04,42.39239,-70.13045,7.0,26.5,31.0,LUFFIN LIFE,,,36,,0,0,,,B
368077620,2022-07-09T23:54:22,42.38769,-70.12549,7.1,25.5,511.0,OTRA DAMA,,WDK6743,36,,13,4,,,B
338190404,2022-07-09T23:54:32,42.39490,-70.12863,6.5,29.3,32.0,LUFFIN LIFE,,,36,,0,0,,,B
338190404,2022-07-09T23:55:33,42.39665,-70.12737,6.6,30.6,32.0,LUFFIN LIFE,,,36,,0,0,,,B
368077620,2022-07-09T23:55:49,42.39068,-70.12335,6.8,26.2,511.0,OTRA DAMA,,WDK6743,36,,13,4,,,B
338190404,2022-07-09T23:57:02,42.39920,-70.12555,6.9,27.3,29.0,LUFFIN LIFE,,,36,,0,0,,,B
368077620,2022-07-09T23:57:50,42.39417,-70.12089,7.2,26.4,511.0,OTRA DAMA,,WDK6743,36,,13,4,,,B
338190404,2022-07-09T23:58:03,42.40094,-70.12427,7.0,30.5,31.0,LUFFIN LIFE,,,36,,0,0,,,B
368077620,2022-07-09T23:59:22,42.39681,-70.11912,7.2,27.2,511.0,OTRA DAMA,,WDK6743,36,,13,4,,,B
338190404,2022-07-09T23:59:35,42.40359,-70.12230,6.8,26.2,31.0,LUFFIN LIFE,,,36,,0,0,,,B
338190404,2022-07-10T00:00:03,42.40437,-70.12170,7.1,29.2,30.0,LUFFIN LIFE,,,36,,0,0,,,B
368077620,2022-07-10T00:00:22,42.39853,-70.11800,7.0,23.6,511.0,OTRA DAMA,,WDK6743,36,,13,4,,,B
338190404,2022-07-10T00:01:34,42.40690,-70.11964,7.0,26.2,30.0,LUFFIN LIFE,,,36,,0,0,,,B
368077620,2022-07-10T00:01:50,42.40107,-70.11628,6.9,29.9,511.0,OTRA DAMA,,WDK6743,36,,13,4,,,B
338190404,2022-07-10T00:03:03,42.40954,-70.11775,7.4,27.9,29.0,LUFFIN LIFE,,,36,,0,0,,,B
368077620,2022-07-10T00:03:20,42.40369,-70.11450,7.2,26.5,511.0,OTRA DAMA,,WDK6743,36,,13,4,,,B
338190404,2022-07-10T00:04:04,42.41137,-70.11648,7.2,25.5,27.0,LUFFIN LIFE,,,36,,0,0,,,B
368077620,2022-07-10T00:04:51,42.40634,-70.11270,7.4,25.6,511.0,OTRA DAMA,,WDK6743,36,,13,4,,,B
338190404,2022-07-10T00:05:32,42.41398,-70.11471,7.3,27.5,27.0,LUFFIN LIFE,,,36,,0,0,,,B
368077620,2022-07-10T00:06:20,42.40893,-70.11096,7.2,26.7,511.0,OTRA DAMA,,WDK6743,36,,13,4,,,B
368077620,2022-07-10T00:07:21,42.41069,-70.10976,7.0,25.2,511.0,OTRA DAMA,,WDK6743,36,,13,4,,,B
338190404,2022-07-10T00:07:37,42.41769,-70.11224,7.1,22.8,27.0,LUFFIN LIFE,,,36,,0,0,,,B
368077620,2022-07-10T00:08:51,42.41327,-70.10799,6.8,26.9,511.0,OTRA DAMA,,WDK6743,36,,13,4,,,B
338190404,2022-07-10T00:09:06,42.42035,-70.11054,7.4,27.3,27.0,LUFFIN LIFE,,,36,,0,0,,,B
368077620,2022-07-10T00:10:21,42.41588,-70.10615,7.2,27.0,511.0,OTRA DAMA,,WDK6743,36,,13,4,,,B
368077620,2022-07-10T00:11:51,42.41848,-70.10434,6.9,27.9,511.0,OTRA DAMA,,WDK6743,36,,13,4,,,B
368077620,2022-07-10T00:13:21,42.42106,-70.10253,6.9,27.5,511.0,OTRA DAMA,,WDK6743,36,,13,4,,,B
338436558,2022-07-10T16:46:00,42.41709,-70.10462,27.2,201.8,511.0,PATRIARCH,,,30,,15,12,,,B
338436558,2022-07-10T16:47:04,42.40947,-70.10918,28.9,202.1,511.0,PATRIARCH,,,30,,15,12,,,B
338436558,2022-07-10T16:48:09,42.40161,-70.11381,28.2,206.8,511.0,PATRIARCH,,,30,,15,12,,,B
338436558,2022-07-10T16:49:35,42.39136,-70.11953,28.0,204.3,511.0,PATRIARCH,,,30,,15,12,,,B
338403117,2022-07-20T10:57:30,42.38747,-70.12000,3.3,24.3,5.0,ISLA,,ISLA,37,,12,4,,,B
338403117,2022-07-20T11:00:30,42.38989,-70.11862,3.1,25.9,3.0,ISLA,,ISLA,37,,12,4,,,B
338403117,2022-07-20T11:03:59,42.39264,-70.11716,3.1,25.9,5.0,ISLA,,ISLA,37,,12,4,,,B
338403117,2022-07-20T11:07:33,42.39503,-70.11571,2.7,19.1,4.0,ISLA,,ISLA,37,,12,4,,,B
338403117,2022-07-20T11:09:33,42.39644,-70.11491,2.7,22.0,4.0,ISLA,,ISLA,37,,12,4,,,B
338403117,2022-07-20T11:12:30,42.39837,-70.11374,2.5,19.6,2.0,ISLA,,ISLA,37,,12,4,,,B
338403117,2022-07-20T11:16:59,42.40115,-70.11210,2.3,25.2,3.0,ISLA,,ISLA,37,,12,4,,,B
338403117,2022-07-20T11:28:33,42.41116,-70.10627,5.1,21.7,3.0,ISLA,,ISLA,37,,12,4,,,B
367072920,2022-07-27T02:15:17,42.38884,-70.12080,7.0,25.8,24.0,HOUND,,WCV2238,36,,17,2,,,B
367072920,2022-07-27T02:16:49,42.39176,-70.11883,7.6,32.4,23.0,HOUND,,WCV2238,36,,17,2,,,B
367072920,2022-07-27T02:17:51,42.39372,-70.11746,7.6,24.8,22.0,HOUND,,WCV2238,36,,17,2,,,B
367072920,2022-07-27T02:19:22,42.39660,-70.11568,7.4,23.4,22.0,HOUND,,WCV2238,36,,17,2,,,B
367072920,2022-07-27T02:20:51,42.39945,-70.11402,7.3,20.1,21.0,HOUND,,WCV2238,36,,17,2,,,B
367072920,2022-07-27T02:22:20,42.40232,-70.11232,7.8,31.0,20.0,HOUND,,WCV2238,36,,17,2,,,B
367072920,2022-07-27T02:23:49,42.40516,-70.11068,7.8,18.7,19.0,HOUND,,WCV2238,36,,17,2,,,B
367072920,2022-07-27T02:25:20,42.40813,-70.10902,7.3,21.2,19.0,HOUND,,WCV2238,36,,17,2,,,B
367072920,2022-07-27T02:26:52,42.41121,-70.10735,7.8,19.4,19.0,HOUND,,WCV2238,36,,17,2,,,B
367072920,2022-07-27T02:28:23,42.41415,-70.10573,7.8,21.5,20.0,HOUND,,WCV2238,36,,17,2,,,B
367072920,2022-07-27T02:29:52,42.41711,-70.10405,7.7,22.4,20.0,HOUND,,WCV2238,36,,17,2,,,B
367072920,2022-07-27T02:31:23,42.42007,-70.10236,7.8,21.1,19.0,HOUND,,WCV2238,36,,17,2,,,B
367569170,2022-07-31T22:15:58,42.40587,-70.10782,3.9,31.4,511.0,HOTSPUR II,,WDG7627,36,,16,3,,,B
367569170,2022-07-31T22:17:59,42.40790,-70.10670,3.6,18.3,511.0,HOTSPUR II,,WDG7627,36,,16,3,,,B
367569170,2022-07-31T22:20:57,42.41093,-70.10499,3.6,22.2,511.0,HOTSPUR II,,WDG7627,36,,16,3,,,B
367569170,2022-07-31T22:22:28,42.41242,-70.10428,3.9,22.0,511.0,HOTSPUR II,,WDG7627,36,,16,3,,,B
367569170,2022-07-31T22:24:57,42.41487,-70.10342,3.5,19.8,511.0,HOTSPUR II,,WDG7627,36,,16,3,,,B
367569170,2022-07-31T22:26:27,42.41634,-70.10272,3.8,19.8,511.0,HOTSPUR II,,WDG7627,36,,16,3,,,B
367569170,2022-07-31T22:28:28,42.41844,-70.10122,4.0,30.2,511.0,HOTSPUR II,,WDG7627,36,,16,3,,,B
368157120,2022-08-04T15:00:28,42.39113,-70.14218,8.3,26.2,18.0,DISCO LEMONADE,,WDL7101,37,,21,5,,,B
368157120,2022-08-04T15:04:58,42.40070,-70.13634,8.2,25.8,20.0,DISCO LEMONADE,,WDL7101,37,,21,5,,,B
339151000,2022-08-10T00:45:24,42.41814,-70.13249,10.0,194.1,511.0,ISLAND COWBOY,,6YUY9,37,,36,7,,,B
339151000,2022-08-10T00:46:51,42.41413,-70.13398,10.0,194.9,511.0,ISLAND COWBOY,,6YUY9,37,,36,7,,,B
339151000,2022-08-10T00:48:24,42.40991,-70.13542,9.8,193.0,511.0,ISLAND COWBOY,,6YUY9,37,,36,7,,,B
339151000,2022-08-10T00:50:23,42.40457,-70.13727,9.7,192.5,511.0,ISLAND COWBOY,,6YUY9,37,,36,7,,,B
339151000,2022-08-10T00:54:52,42.39239,-70.14144,10.0,196.8,511.0,ISLAND COWBOY,,6YUY9,37,,36,7,,,B
338049554,2022-08-15T13:30:46,42.39206,-70.10176,8.2,209.9,511.0,S/Y BOLERO,,WDA4148,36,,22,4,,,B
338049554,2022-08-15T13:31:47,42.39039,-70.10303,7.1,209.9,511.0,S/Y BOLERO,,WDA4148,36,,22,4,,,B
338049554,2022-08-15T13:33:16,42.38796,-70.10478,9.2,204.3,511.0,S/Y BOLERO,,WDA4148,36,,22,4,,,B
368106790,2022-08-16T09:28:17,42.41558,-70.10469,7.0,205.2,210.0,AURORA,,WDK9809,37,,18,6,,,B
368106790,2022-08-16T09:30:48,42.41117,-70.10763,7.0,206.8,212.0,AURORA,,WDK9809,37,,18,6,,,B
368106790,2022-08-16T09:32:16,42.40858,-70.10942,7.0,206.6,211.0,AURORA,,WDK9809,37,,18,6,,,B
368106790,2022-08-16T09:34:46,42.40419,-70.11244,7.0,203.9,81.0,AURORA,,WDK9809,37,,18,6,,,B
368144550,2022-08-28T13:19:04,42.38689,-70.10839,19.0,26.3,511.0,ROONEY,,,37,,17,4,,,B
368159330,2022-08-31T14:41:38,42.39162,-70.10580,21.8,340.6,511.0,BARBATVIA,,WDL7340,37,,21,6,,,B
368159330,2022-08-31T14:44:07,42.40588,-70.11249,21.6,342.4,511.0,BARBATVIA,,WDL7340,37,,21,6,,,B
368159330,2022-08-31T14:45:21,42.41285,-70.11574,21.6,339.0,511.0,BARBATVIA,,WDL7340,37,,21,6,,,B
368159330,2022-08-31T14:46:52,42.42157,-70.11978,22.2,340.9,511.0,BARBATVIA,,WDL7340,37,,21,6,,,B
368144550,2022-09-02T17:27:57,42.41938,-70.14522,18.5,197.7,511.0,ROONEY,,,37,,17,4,,,B
338415171,2022-09-03T21:24:22,42.38722,-70.11959,7.4,35.0,45.0,CYGNUS,,,36,,0,0,,,B
338415171,2022-09-03T21:26:19,42.39073,-70.11624,7.2,35.7,41.0,CYGNUS,,,36,,0,0,,,B
338415171,2022-09-03T21:27:50,42.39318,-70.11370,7.3,30.6,40.0,CYGNUS,,,36,,0,0,,,B
338415171,2022-09-03T21:29:20,42.39565,-70.11142,6.8,29.5,39.0,CYGNUS,,,36,,0,0,,,B
338415171,2022-09-03T21:30:22,42.39735,-70.10975,7.3,42.9,43.0,CYGNUS,,,36,,0,0,,,B
338415171,2022-09-03T21:31:49,42.39978,-70.10751,7.6,41.5,48.0,CYGNUS,,,36,,0,0,,,B
338415171,2022-09-03T21:32:51,42.40143,-70.10586,7.2,27.5,35.0,CYGNUS,,,36,,0,0,,,B
338415171,2022-09-03T21:34:19,42.40387,-70.10361,7.3,36.0,40.0,CYGNUS,,,36,,0,0,,,B
338415171,2022-09-03T21:35:49,42.40630,-70.10124,6.9,34.7,37.0,CYGNUS,,,36,,0,0,,,B
316044717,2022-09-07T14:04:00,42.40585,-70.10209,6.2,202.7,511.0,SUNSET DREAM'N 2,,,36,,12,6,,,B
316044717,2022-09-07T14:07:29,42.40011,-70.10464,6.4,204.8,511.0,SUNSET DREAM'N 2,,,36,,12,6,,,B
316044717,2022-09-07T14:09:01,42.39763,-70.10576,4.8,201.6,511.0,SUNSET DREAM'N 2,,,36,,12,6,,,B
316044717,2022-09-07T14:10:59,42.39446,-70.10728,5.9,198.1,511.0,SUNSET DREAM'N 2,,,36,,12,6,,,B
316044717,2022-09-07T14:13:00,42.39119,-70.10888,5.3,195.0,511.0,SUNSET DREAM'N 2,,,36,,12,6,,,B
338429022,2022-10-17T17:11:40,42.39135,-70.10232,29.8,205.4,511.0,URCHIN,,,37,,16,4,,,B
249338000,2022-01-29T10:09:21,42.39895,-70.10151,3.4,315.0,10.0,HAFNIA LISE,IMO9726621,9HA4202,80,0,,,,80,A
249338000,2022-01-29T10:10:32,42.39973,-70.10231,2.7,328.9,26.0,HAFNIA LISE,IMO9726621,9HA4202,80,0,,,,80,A
249338000,2022-01-29T10:11:41,42.40032,-70.10268,1.7,339.2,37.0,HAFNIA LISE,IMO9726621,9HA4202,80,0,,,,80,A
249338000,2022-01-29T10:12:52,42.40071,-70.10288,1.0,333.1,41.0,HAFNIA LISE,IMO9726621,9HA4202,80,0,,,,80,A
249338000,2022-01-29T10:14:03,42.40085,-70.10308,0.4,242.2,50.0,HAFNIA LISE,IMO9726621,9HA4202,80,0,,,,80,A
249338000,2022-01-29T10:15:12,42.40069,-70.10317,0.7,202.2,53.0,HAFNIA LISE,IMO9726621,9HA4202,80,0,,,,80,A
249338000,2022-01-29T10:16:21,42.40039,-70.10327,1.0,193.9,56.0,HAFNIA LISE,IMO9726621,9HA4202,80,0,,,,80,A
249338000,2022-01-29T10:17:32,42.40002,-70.10339,1.1,197.0,53.0,HAFNIA LISE,IMO9726621,9HA4202,80,0,,,,80,A
249338000,2022-01-29T10:18:42,42.39970,-70.10358,1.3,197.9,58.0,HAFNIA LISE,IMO9726621,9HA4202,80,0,,,,80,A
249338000,2022-01-29T10:19:53,42.39926,-70.10380,1.6,200.6,59.0,HAFNIA LISE,IMO9726621,9HA4202,80,0,,,,80,A
249338000,2022-01-29T10:21:12,42.39877,-70.10410,1.6,205.9,67.0,HAFNIA LISE,IMO9726621,9HA4202,80,0,,,,80,A
249338000,2022-01-29T10:22:22,42.39834,-70.10437,1.5,194.6,81.0,HAFNIA LISE,IMO9726621,9HA4202,80,0,,,,80,A
249338000,2022-01-29T10:23:31,42.39769,-70.10428,2.1,172.0,75.0,HAFNIA LISE,IMO9726621,9HA4202,80,0,,,,80,A
249338000,2022-01-29T10:24:52,42.39700,-70.10411,1.8,168.2,69.0,HAFNIA LISE,IMO9726621,9HA4202,80,0,,,,80,A
249338000,2022-01-29T10:26:01,42.39643,-70.10384,2.0,146.7,65.0,HAFNIA LISE,IMO9726621,9HA4202,80,0,,,,80,A
249338000,2022-01-29T10:27:21,42.39585,-70.10344,1.8,146.4,61.0,HAFNIA LISE,IMO9726621,9HA4202,80,0,,,,80,A
249338000,2022-01-29T10:28:33,42.39551,-70.10306,1.2,139.0,58.0,HAFNIA LISE,IMO9726621,9HA4202,80,0,,,,80,A
249338000,2022-01-29T10:29:42,42.39532,-70.10262,1.2,112.5,51.0,HAFNIA LISE,IMO9726621,9HA4202,80,0,,,,80,A
249338000,2022-01-29T10:30:51,42.39531,-70.10208,1.3,80.8,46.0,HAFNIA LISE,IMO9726621,9HA4202,80,0,,,,80,A
249338000,2022-01-29T10:32:02,42.39554,-70.10142,1.7,55.1,41.0,HAFNIA LISE,IMO9726621,9HA4202,80,0,,,,80,A
338101297,2022-08-05T13:06:23,42.41805,-70.14982,21.9,25.7,511.0,ALACRITY,,,37,,,,,,B
367797120,2022-10-16T03:44:27,42.42085,-70.12342,7.0,196.8,511.0,BALANCE,,WDJ6373,36,,,,,,B
367797120,2022-10-16T03:45:56,42.41820,-70.12491,6.9,206.5,511.0,BALANCE,,WDJ6373,36,,,,,,B
367797120,2022-10-16T03:47:27,42.41545,-70.12649,6.4,199.6,511.0,BALANCE,,WDJ6373,36,,,,,,B
367797120,2022-10-16T03:48:59,42.41274,-70.12806,6.5,195.3,511.0,BALANCE,,WDJ6373,36,,,,,,B
367797120,2022-10-16T03:50:27,42.41009,-70.12957,6.5,207.8,511.0,BALANCE,,WDJ6373,36,,,,,,B
367797120,2022-10-16T03:51:56,42.40749,-70.13104,6.7,201.3,511.0,BALANCE,,WDJ6373,36,,,,,,B
367797120,2022-10-16T03:52:57,42.40566,-70.13206,6.8,204.0,511.0,BALANCE,,WDJ6373,36,,,,,,B
367797120,2022-10-16T03:54:29,42.40293,-70.13362,6.6,202.0,511.0,BALANCE,,WDJ6373,36,,,,,,B
367797120,2022-10-16T03:55:57,42.40032,-70.13512,7.0,203.0,511.0,BALANCE,,WDJ6373,36,,,,,,B
367797120,2022-10-16T03:57:26,42.39767,-70.13661,7.1,199.2,511.0,BALANCE,,WDJ6373,36,,,,,,B
367797120,2022-10-16T03:58:56,42.39499,-70.13813,6.7,203.2,511.0,BALANCE,,WDJ6373,36,,,,,,B
367797120,2022-10-16T03:59:58,42.39310,-70.13918,7.7,206.4,511.0,BALANCE,,WDJ6373,36,,,,,,B
367797120,2022-10-16T04:00:27,42.39225,-70.13964,7.0,201.7,511.0,BALANCE,,WDJ6373,36,,,,,,B
367797120,2022-10-16T04:01:30,42.39033,-70.14073,7.3,204.5,511.0,BALANCE,,WDJ6373,36,,,,,,B
367797120,2022-10-16T04:02:57,42.38773,-70.14221,6.9,202.8,511.0,BALANCE,,WDJ6373,36,,,,,,B
538001582,2022-11-07T20:53:59,42.41957,-70.13792,12.5,150.7,151.0,RESPONDER,IMO9236509,V7CY9,90,0,139,21,8.4,90,A
538001582,2022-11-07T20:55:07,42.41613,-70.13522,12.4,149.9,150.0,RESPONDER,IMO9236509,V7CY9,90,0,139,21,8.4,90,A
538001582,2022-11-07T20:56:08,42.41318,-70.13290,12.4,149.8,150.0,RESPONDER,IMO9236509,V7CY9,90,0,139,21,8.4,90,A
538001582,2022-11-07T20:57:13,42.40987,-70.13038,12.2,152.2,152.0,RESPONDER,IMO9236509,V7CY9,90,0,139,21,8.4,90,A
538001582,2022-11-07T20:58:19,42.40663,-70.12793,12.3,150.5,150.0,RESPONDER,IMO9236509,V7CY9,90,0,139,21,8.4,90,A
538001582,2022-11-07T20:59:28,42.40320,-70.12532,12.2,150.8,150.0,RESPONDER,IMO9236509,V7CY9,90,0,139,21,8.4,90,A
538001582,2022-11-07T21:00:02,42.40157,-70.12407,12.1,151.0,150.0,RESPONDER,IMO9236509,V7CY9,90,0,139,21,8.4,90,A
538001582,2022-11-07T21:01:06,42.39840,-70.12163,12.1,150.7,150.0,RESPONDER,IMO9236509,V7CY9,90,0,139,21,8.4,90,A
538001582,2022-11-07T21:02:09,42.39525,-70.11927,12.0,152.0,151.0,RESPONDER,IMO9236509,V7CY9,90,0,139,21,8.4,90,A
538001582,2022-11-07T21:03:19,42.39183,-70.11682,12.2,152.1,151.0,RESPONDER,IMO9236509,V7CY9,90,0,139,21,8.4,90,A
538001582,2022-11-07T21:04:28,42.38830,-70.11423,12.2,150.9,150.0,RESPONDER,IMO9236509,V7CY9,90,0,139,21,8.4,90,A
367499390,2022-08-03T21:40:01,42.38701,-70.10980,5.3,14.8,511.0,DORADE,,WDF8865,37,,16,,,,B
367499390,2022-08-03T21:41:28,42.38923,-70.10881,5.5,29.2,511.0,DORADE,,WDF8865,37,,16,,,,B
367499390,2022-08-03T21:42:29,42.39105,-70.10751,5.4,23.9,511.0,DORADE,,WDF8865,37,,16,,,,B
367499390,2022-08-03T21:45:29,42.39508,-70.10495,5.5,22.9,511.0,DORADE,,WDF8865,37,,16,,,,B
367499390,2022-08-03T21:47:28,42.39783,-70.10351,5.4,18.6,511.0,DORADE,,WDF8865,37,,16,,,,B
367499390,2022-08-03T21:49:28,42.40016,-70.10185,5.5,11.9,511.0,DORADE,,WDF8865,37,,16,,,,B
367499390,2022-08-14T11:47:07,42.42118,-70.10963,7.3,215.7,511.0,DORADE,,WDF8865,37,,16,,,,B
367499390,2022-08-14T11:49:08,42.41768,-70.11223,7.1,209.7,511.0,DORADE,,WDF8865,37,,16,,,,B
367499390,2022-08-14T11:50:38,42.41499,-70.11404,7.1,206.4,511.0,DORADE,,WDF8865,37,,16,,,,B
367499390,2022-08-14T11:51:39,42.41323,-70.11526,7.0,205.3,511.0,DORADE,,WDF8865,37,,16,,,,B
367499390,2022-08-14T11:53:08,42.41063,-70.11684,7.4,207.6,511.0,DORADE,,WDF8865,37,,16,,,,B
367499390,2022-08-14T11:54:37,42.40807,-70.11846,6.8,209.4,511.0,DORADE,,WDF8865,37,,16,,,,B
367499390,2022-08-14T11:56:08,42.40555,-70.12022,6.7,209.6,511.0,DORADE,,WDF8865,37,,16,,,,B
367499390,2022-08-14T11:57:37,42.40311,-70.12202,6.6,208.3,511.0,DORADE,,WDF8865,37,,16,,,,B
367499390,2022-08-14T12:01:39,42.39663,-70.12658,6.8,207.0,511.0,DORADE,,WDF8865,37,,16,,,,B
367499390,2022-08-14T12:03:06,42.39430,-70.12799,6.3,203.2,252.0,DORADE,,WDF8865,37,,16,,,,B
367499390,2022-08-14T12:04:39,42.39177,-70.12947,6.0,203.8,511.0,DORADE,,WDF8865,37,,16,,,,B
367499390,2022-08-14T12:06:06,42.38947,-70.13108,6.6,204.8,511.0,DORADE,,WDF8865,37,,16,,,,B
367499390,2022-08-14T12:07:39,42.38688,-70.13271,6.9,204.9,511.0,DORADE,,WDF8865,37,,16,,,,B
538001648,2022-12-12T01:14:57,42.39923,-70.14802,8.7,145.1,141.0,DURABLE,IMO9242376,V7DI8,90,0,140,21,7.8,90,A
538001648,2022-12-12T01:16:16,42.39661,-70.14552,8.8,145.4,142.0,DURABLE,IMO9242376,V7DI8,90,0,140,21,7.8,90,A
538001648,2022-12-12T01:17:57,42.39319,-70.14247,8.5,145.8,144.0,DURABLE,IMO9242376,V7DI8,90,0,140,21,7.8,90,A
248513000,2022-09-27T06:30:02,42.42075,-70.14632,12.7,93.1,93.0,MEIN SCHIFF 1,IMO9783564,9HA4683,60,0,316,40,8.1,60,A
248513000,2022-09-27T06:31:14,42.42057,-70.14063,12.6,92.5,92.0,MEIN SCHIFF 1,IMO9783564,9HA4683,60,0,316,40,8.1,60,A
248513000,2022-09-27T06:32:23,42.42042,-70.13523,12.6,91.5,92.0,MEIN SCHIFF 1,IMO9783564,9HA4683,60,0,316,40,8.1,60,A
248513000,2022-09-27T06:33:32,42.42027,-70.12983,12.5,92.5,93.0,MEIN SCHIFF 1,IMO9783564,9HA4683,60,0,316,40,8.1,60,A
248513000,2022-09-27T06:34:43,42.42008,-70.12432,12.4,92.5,93.0,MEIN SCHIFF 1,IMO9783564,9HA4683,60,0,316,40,8.1,60,A
248513000,2022-09-27T06:35:53,42.41987,-70.11892,12.3,93.3,93.0,MEIN SCHIFF 1,IMO9783564,9HA4683,60,0,316,40,8.1,60,A
248513000,2022-09-27T06:37:02,42.41962,-70.11363,12.3,93.7,94.0,MEIN SCHIFF 1,IMO9783564,9HA4683,60,0,316,40,8.1,60,A
248513000,2022-09-27T06:38:12,42.41938,-70.10827,12.3,93.6,94.0,MEIN SCHIFF 1,IMO9783564,9HA4683,60,0,316,40,8.1,60,A
248513000,2022-09-27T06:39:23,42.41913,-70.10272,12.3,93.5,93.0,MEIN SCHIFF 1,IMO9783564,9HA4683,60,0,316,40,8.1,60,A
338091000,2022-08-03T20:03:34,42.38725,-70.11244,5.2,15.1,511.0,JUNO,,WDB5701,,,,,,,B
338091000,2022-08-03T20:05:33,42.39042,-70.11113,7.0,15.8,511.0,JUNO,,WDB5701,,,,,,,B
338091000,2022-08-03T20:07:04,42.39277,-70.11017,6.7,22.5,511.0,JUNO,,WDB5701,,,,,,,B
338091000,2022-08-03T20:08:33,42.39507,-70.10907,5.7,7.8,511.0,JUNO,,WDB5701,,,,,,,B
338091000,2022-08-03T20:10:04,42.39739,-70.10802,5.5,20.9,511.0,JUNO,,WDB5701,,,,,,,B
338091000,2022-08-03T20:11:33,42.39965,-70.10715,5.6,11.7,511.0,JUNO,,WDB5701,,,,,,,B
338091000,2022-08-03T20:13:03,42.40207,-70.10652,5.8,8.2,511.0,JUNO,,WDB5701,,,,,,,B
338091000,2022-08-03T20:14:33,42.40449,-70.10650,5.1,2.1,511.0,JUNO,,WDB5701,,,,,,,B
338091000,2022-08-03T20:16:03,42.40688,-70.10700,5.6,345.0,511.0,JUNO,,WDB5701,,,,,,,B
338091000,2022-08-03T20:17:32,42.40919,-70.10674,6.4,11.9,511.0,JUNO,,WDB5701,,,,,,,B
338091000,2022-08-03T20:19:01,42.41151,-70.10618,5.0,13.1,511.0,JUNO,,WDB5701,,,,,,,B
338091000,2022-08-03T20:20:32,42.41381,-70.10497,5.4,14.1,511.0,JUNO,,WDB5701,,,,,,,B
338091000,2022-08-03T20:22:01,42.41617,-70.10397,4.7,17.0,511.0,JUNO,,WDB5701,,,,,,,B
338091000,2022-08-03T20:23:04,42.41770,-70.10299,6.3,33.0,511.0,JUNO,,WDB5701,,,,,,,B
338091000,2022-08-03T20:24:33,42.41994,-70.10200,6.1,2.1,511.0,JUNO,,WDB5701,,,,,,,B
338231536,2022-09-05T18:06:24,42.42044,-70.14172,11.4,193.3,511.0,CHRISTINE,,,37,,,,,,B
338231536,2022-09-05T18:07:54,42.41580,-70.14315,11.7,193.3,511.0,CHRISTINE,,,37,,,,,,B
338231536,2022-09-05T18:09:23,42.41124,-70.14454,10.7,192.9,511.0,CHRISTINE,,,37,,,,,,B
338231536,2022-09-05T18:10:53,42.40524,-70.14632,18.3,192.1,511.0,CHRISTINE,,,37,,,,,,B
338231536,2022-09-05T18:12:23,42.39791,-70.14848,18.0,192.1,511.0,CHRISTINE,,,37,,,,,,B
636021122,2022-10-02T10:57:47,42.41843,-70.14593,9.3,92.3,75.0,MSC RAYSHMI,IMO9785457,5LCK2,71,0,328,48,11.5,71,A
636021122,2022-10-02T10:58:57,42.41835,-70.14191,9.3,90.5,75.0,MSC RAYSHMI,IMO9785457,5LCK2,71,0,328,48,11.5,71,A
636021122,2022-10-02T11:00:05,42.41830,-70.13788,9.2,90.2,74.0,MSC RAYSHMI,IMO9785457,5LCK2,71,0,328,48,11.5,71,A
636021122,2022-10-02T11:01:06,42.41835,-70.13442,9.2,87.7,74.0,MSC RAYSHMI,IMO9785457,5LCK2,71,0,328,48,11.5,71,A
636021122,2022-10-02T11:02:17,42.41841,-70.13036,9.2,89.9,75.0,MSC RAYSHMI,IMO9785457,5LCK2,71,0,328,48,11.5,71,A
636021122,2022-10-02T11:03:26,42.41841,-70.12637,9.2,89.7,75.0,MSC RAYSHMI,IMO9785457,5LCK2,71,0,328,48,11.5,71,A
636021122,2022-10-02T11:04:36,42.41838,-70.12228,9.1,90.7,76.0,MSC RAYSHMI,IMO9785457,5LCK2,71,0,328,48,11.5,71,A
636021122,2022-10-02T11:05:47,42.41836,-70.11825,9.2,88.5,75.0,MSC RAYSHMI,IMO9785457,5LCK2,71,0,328,48,11.5,71,A
636021122,2022-10-02T11:06:57,42.41837,-70.11416,9.2,90.8,76.0,MSC RAYSHMI,IMO9785457,5LCK2,71,0,328,48,11.5,71,A
636021122,2022-10-02T11:08:06,42.41828,-70.11019,9.1,92.2,77.0,MSC RAYSHMI,IMO9785457,5LCK2,71,0,328,48,11.5,71,A
636021122,2022-10-02T11:09:16,42.41816,-70.10620,9.0,91.8,76.0,MSC RAYSHMI,IMO9785457,5LCK2,71,0,328,48,11.5,71,A
636021122,2022-10-02T11:10:26,42.41807,-70.10223,9.1,90.4,76.0,MSC RAYSHMI,IMO9785457,5LCK2,71,0,328,48,11.5,71,A
366900670,2022-04-13T02:08:09,42.38629,-70.14287,10.0,23.0,511.0,SUNLIGHT,IMO8960098,WDB4636,30,15,33,9,,0,A
366900670,2022-04-13T02:09:18,42.38923,-70.14104,10.0,26.3,511.0,SUNLIGHT,IMO8960098,WDB4636,30,15,33,9,,0,A
366900670,2022-04-13T02:10:28,42.39213,-70.13932,9.9,22.5,511.0,SUNLIGHT,IMO8960098,WDB4636,30,15,33,9,,0,A
366900670,2022-04-13T02:11:47,42.39544,-70.13729,10.0,24.9,511.0,SUNLIGHT,IMO8960098,WDB4636,30,15,33,9,,0,A
366900670,2022-04-13T02:12:58,42.39846,-70.13545,9.8,23.0,511.0,SUNLIGHT,IMO8960098,WDB4636,30,15,33,9,,0,A
366900670,2022-04-13T02:14:07,42.40139,-70.13363,9.9,24.6,511.0,SUNLIGHT,IMO8960098,WDB4636,30,15,33,9,,0,A
366900670,2022-04-13T02:15:17,42.40433,-70.13184,10.0,24.2,511.0,SUNLIGHT,IMO8960098,WDB4636,30,15,33,9,,0,A
366900670,2022-04-13T02:16:28,42.40728,-70.13005,10.0,22.0,511.0,SUNLIGHT,IMO8960098,WDB4636,30,15,33,9,,0,A
366900670,2022-04-13T02:17:38,42.41025,-70.12827,10.0,24.0,511.0,SUNLIGHT,IMO8960098,WDB4636,30,15,33,9,,0,A
366900670,2022-04-13T02:18:49,42.41324,-70.12641,9.9,23.9,511.0,SUNLIGHT,IMO8960098,WDB4636,30,15,33,9,,0,A
366900670,2022-04-13T02:20:08,42.41654,-70.12441,10.0,24.0,511.0,SUNLIGHT,IMO8960098,WDB4636,30,15,33,9,,0,A
366900670,2022-04-13T02:21:17,42.41942,-70.12265,10.0,24.2,511.0,SUNLIGHT,IMO8960098,WDB4636,30,15,33,9,,0,A
371951000,2022-03-30T20:42:42,42.41998,-70.13141,10.0,143.9,145.0,AMIS POWER,IMO9780990,3FAI,70,0,200,32,10.7,70,A
371951000,2022-03-30T20:43:50,42.41740,-70.12894,10.0,144.3,144.0,AMIS POWER,IMO9780990,3FAI,70,0,200,32,10.7,70,A
371951000,2022-03-30T20:45:02,42.41471,-70.12633,10.0,144.5,144.0,AMIS POWER,IMO9780990,3FAI,70,0,200,32,10.7,70,A
371951000,2022-03-30T20:46:10,42.41212,-70.12380,10.0,144.4,145.0,AMIS POWER,IMO9780990,3FAI,70,0,200,32,10.7,70,A
371951000,2022-03-30T20:47:21,42.40940,-70.12114,10.0,144.0,145.0,AMIS POWER,IMO9780990,3FAI,70,0,200,32,10.7,70,A
371951000,2022-03-30T20:48:31,42.40684,-70.11861,10.0,143.8,144.0,AMIS POWER,IMO9780990,3FAI,70,0,200,32,10.7,70,A
371951000,2022-03-30T20:49:40,42.40416,-70.11606,9.9,144.2,144.0,AMIS POWER,IMO9780990,3FAI,70,0,200,32,10.7,70,A
371951000,2022-03-30T20:50:51,42.40154,-70.11354,9.9,144.3,144.0,AMIS POWER,IMO9780990,3FAI,70,0,200,32,10.7,70,A
371951000,2022-03-30T20:52:01,42.39890,-70.11096,9.9,144.5,144.0,AMIS POWER,IMO9780990,3FAI,70,0,200,32,10.7,70,A
371951000,2022-03-30T20:53:10,42.39632,-70.10846,9.9,144.5,144.0,AMIS POWER,IMO9780990,3FAI,70,0,200,32,10.7,70,A
371951000,2022-03-30T20:54:21,42.39364,-70.10586,9.9,144.1,144.0,AMIS POWER,IMO9780990,3FAI,70,0,200,32,10.7,70,A
371951000,2022-03-30T20:55:30,42.39105,-70.10335,9.9,144.6,144.0,AMIS POWER,IMO9780990,3FAI,70,0,200,32,10.7,70,A
367197380,2022-06-23T04:18:20,42.39279,-70.11889,5.5,26.7,511.0,OSPREY,,WDJ5419,37,,12,3,,,B
367197380,2022-06-23T04:20:50,42.39636,-70.11674,5.9,18.8,511.0,OSPREY,,WDJ5419,37,,12,3,,,B
367197380,2022-06-23T04:22:49,42.39914,-70.11501,5.1,19.5,511.0,OSPREY,,WDJ5419,37,,12,3,,,B
538001648,2022-04-20T20:09:19,42.41622,-70.14979,9.8,145.3,143.0,DURABLE,IMO9242376,V7DI8,90,0,140,21,7.8,90,A
538001648,2022-04-20T20:10:20,42.41395,-70.14771,9.8,145.6,143.0,DURABLE,IMO9242376,V7DI8,90,0,140,21,7.8,90,A
538001648,2022-04-20T20:11:24,42.41153,-70.14550,9.8,145.6,143.0,DURABLE,IMO9242376,V7DI8,90,0,140,21,7.8,90,A
538001648,2022-04-20T20:12:28,42.40918,-70.14327,9.6,144.6,142.0,DURABLE,IMO9242376,V7DI8,90,0,140,21,7.8,90,A
538001648,2022-04-20T20:13:31,42.40688,-70.14101,9.7,143.8,142.0,DURABLE,IMO9242376,V7DI8,90,0,140,21,7.8,90,A
538001648,2022-04-20T20:14:33,42.40454,-70.13878,10.0,145.4,143.0,DURABLE,IMO9242376,V7DI8,90,0,140,21,7.8,90,A
538001648,2022-04-20T20:15:42,42.40194,-70.13639,9.9,145.9,143.0,DURABLE,IMO9242376,V7DI8,90,0,140,21,7.8,90,A
538001648,2022-04-20T20:16:53,42.39926,-70.13391,9.7,145.0,142.0,DURABLE,IMO9242376,V7DI8,90,0,140,21,7.8,90,A
538001648,2022-04-20T20:18:02,42.39672,-70.13151,9.8,145.8,143.0,DURABLE,IMO9242376,V7DI8,90,0,140,21,7.8,90,A
538001648,2022-04-20T20:19:13,42.39407,-70.12907,9.9,146.0,143.0,DURABLE,IMO9242376,V7DI8,90,0,140,21,7.8,90,A
538001648,2022-04-20T20:20:21,42.39148,-70.12677,9.8,145.9,143.0,DURABLE,IMO9242376,V7DI8,90,0,140,21,7.8,90,A
538001648,2022-04-20T20:21:22,42.38919,-70.12464,9.8,145.7,143.0,DURABLE,IMO9242376,V7DI8,90,0,140,21,7.8,90,A
538001648,2022-04-20T20:22:36,42.38642,-70.12201,10.0,144.8,142.0,DURABLE,IMO9242376,V7DI8,90,0,140,21,7.8,90,A
367705110,2022-07-27T04:04:53,42.39033,-70.13217,6.7,27.9,511.0,NORTHERN LIGHTS,,WDI5094,37,,13,,,,B
367705110,2022-07-27T04:19:24,42.41379,-70.11504,7.1,29.0,511.0,NORTHERN LIGHTS,,WDI5094,37,,13,,,,B
367705110,2022-07-27T04:23:22,42.42031,-70.11051,6.7,26.7,511.0,NORTHERN LIGHTS,,WDI5094,37,,13,,,,B
338886000,2022-07-09T22:58:07,42.38736,-70.11020,8.4,21.4,511.0,CORSAIR,,WDG5588,37,,17,,,,B
338886000,2022-07-09T22:59:35,42.39050,-70.10840,7.9,25.6,511.0,CORSAIR,,WDG5588,37,,17,,,,B
338886000,2022-07-09T23:00:05,42.39155,-70.10772,8.0,29.9,511.0,CORSAIR,,WDG5588,37,,17,,,,B
338886000,2022-07-09T23:01:35,42.39471,-70.10561,8.1,24.0,511.0,CORSAIR,,WDG5588,37,,17,,,,B
338886000,2022-07-09T23:03:05,42.39789,-70.10358,8.2,26.4,511.0,CORSAIR,,WDG5588,37,,17,,,,B
338886000,2022-07-09T23:04:35,42.40104,-70.10155,8.4,26.9,511.0,CORSAIR,,WDG5588,37,,17,,,,B
367752340,2022-08-03T17:08:23,42.40810,-70.10931,17.1,197.3,511.0,SCOUT,,WDI9808,37,,,,,,B
367752340,2022-08-03T17:09:25,42.40365,-70.11186,16.8,207.7,511.0,SCOUT,,WDI9808,37,,,,,,B
367752340,2022-08-03T17:11:53,42.39370,-70.11915,16.6,197.0,511.0,SCOUT,,WDI9808,37,,,,,,B
368000730,2022-08-28T19:38:44,42.41991,-70.11135,10.9,198.4,197.0,BUCKPASSER,,WDJ6840,37,0,34,7,,37,A
368000730,2022-08-28T19:39:47,42.41689,-70.11282,11.3,201.9,195.0,BUCKPASSER,,WDJ6840,37,0,34,7,,37,A
368000730,2022-08-28T19:40:51,42.41371,-70.11421,11.0,196.2,196.0,BUCKPASSER,,WDJ6840,37,0,34,7,,37,A
368000730,2022-08-28T19:42:01,42.41032,-70.11557,10.9,196.3,195.0,BUCKPASSER,,WDJ6840,37,0,34,7,,37,A
368000730,2022-08-28T19:43:07,42.40703,-70.11675,11.1,195.5,195.0,BUCKPASSER,,WDJ6840,37,0,34,7,,37,A
368000730,2022-08-28T19:44:13,42.40382,-70.11799,11.0,195.6,196.0,BUCKPASSER,,WDJ6840,37,0,34,7,,37,A
368000730,2022-08-28T19:45:18,42.40061,-70.11926,11.1,196.8,196.0,BUCKPASSER,,WDJ6840,37,0,34,7,,37,A
368000730,2022-08-28T19:46:21,42.39749,-70.12050,11.1,196.6,196.0,BUCKPASSER,,WDJ6840,37,0,34,7,,37,A
368000730,2022-08-28T19:47:35,42.39385,-70.12200,11.1,196.7,195.0,BUCKPASSER,,WDJ6840,37,0,34,7,,37,A
368000730,2022-08-28T19:48:43,42.39050,-70.12326,11.0,196.5,196.0,BUCKPASSER,,WDJ6840,37,0,34,7,,37,A
368000730,2022-08-28T19:49:45,42.38745,-70.12448,11.1,195.9,196.0,BUCKPASSER,,WDJ6840,37,0,34,7,,37,A
367663660,2022-06-07T11:14:42,42.42097,-70.12862,8.6,202.6,511.0,ADVENTURE III,,WDH8997,37,,14,,,,B
367663660,2022-06-07T11:23:11,42.40177,-70.13908,8.8,202.8,511.0,ADVENTURE III,,WDH8997,37,,14,,,,B
367663660,2022-06-07T11:28:41,42.38933,-70.14581,8.6,206.9,511.0,ADVENTURE III,,WDH8997,37,,14,,,,B
538009032,2022-02-23T21:31:30,42.40871,-70.14374,10.6,145.0,146.0,ENDEAVOUR,IMO9203306,V7A4221,95,0,130,22,5.9,95,A
248307000,2020-01-30T00:11:16,42.41284,-70.14911,15.8,146.3,143.0,,,,,0,,,,,A
248307000,2020-01-30T00:12:22,42.40870,-70.14545,15.9,146.9,143.0,,,,,0,,,,,A
248307000,2020-01-30T00:13:27,42.40474,-70.14185,15.8,145.8,143.0,,,,,0,,,,,A
248307000,2020-01-30T00:14:33,42.40073,-70.13808,15.7,145.0,143.0,,,,,0,,,,,A
248307000,2020-01-30T00:16:09,42.39502,-70.13257,15.8,144.0,143.0,,,,,0,,,,,A
248307000,2020-01-30T00:17:15,42.39103,-70.12879,15.9,145.0,143.0,,,,,0,,,,,A
636019203,2020-02-04T05:25:49,42.41831,-70.12903,13.9,156.1,156.0,,,,,0,,,,,A
636019203,2020-02-04T05:26:58,42.41427,-70.12659,13.9,156.1,156.0,,,,,0,,,,,A
636019203,2020-02-04T05:28:10,42.41013,-70.12404,13.9,154.5,155.0,,,,,0,,,,,A
636019203,2020-02-04T05:29:18,42.40615,-70.12148,13.8,154.6,155.0,,,,,0,,,,,A
636019203,2020-02-04T05:30:28,42.40217,-70.11893,13.8,154.9,155.0,,,,,0,,,,,A
636019203,2020-02-04T05:31:29,42.39859,-70.11666,13.8,154.9,155.0,,,,,0,,,,,A
636019203,2020-02-04T05:32:40,42.39453,-70.11414,13.7,154.6,154.0,,,,,0,,,,,A
636019203,2020-02-04T05:33:49,42.39059,-70.11153,13.8,153.8,153.0,,,,,0,,,,,A
636019203,2020-02-04T05:34:58,42.38659,-70.10886,13.7,153.1,154.0,,,,,0,,,,,A
205789000,2020-04-16T04:36:21,42.42049,-70.13611,9.9,153.7,153.0,,,,,0,,,,,A
205789000,2020-04-16T04:37:32,42.41756,-70.13419,9.9,153.7,153.0,,,,,0,,,,,A
205789000,2020-04-16T04:39:13,42.41341,-70.13138,9.9,152.9,152.0,,,,,0,,,,,A
205789000,2020-04-16T04:41:13,42.40848,-70.12796,10.0,152.3,152.0,,,,,0,,,,,A
205789000,2020-04-16T04:42:22,42.40569,-70.12597,10.0,152.1,152.0,,,,,0,,,,,A
205789000,2020-04-16T04:45:01,42.39918,-70.12140,9.9,152.2,152.0,,,,,0,,,,,A
205789000,2020-04-16T04:46:11,42.39635,-70.11942,10.0,152.8,152.0,,,,,0,,,,,A
205789000,2020-04-16T04:48:31,42.39059,-70.11551,10.0,153.7,152.0,,,,,0,,,,,A
253690000,2020-06-08T23:01:14,42.42065,-70.10135,6.0,313.9,313.0,,,,,0,,,,,A
351148000,2020-07-15T04:54:59,42.41972,-70.11862,12.9,152.2,148.0,,,,,0,,,,,A
351148000,2020-07-15T04:56:49,42.41390,-70.11449,12.8,152.2,149.0,,,,,0,,,,,A
351148000,2020-07-15T04:57:59,42.41028,-70.11210,12.7,154.4,148.0,,,,,0,,,,,A
351148000,2020-07-15T04:59:49,42.40450,-70.10815,12.6,152.0,147.0,,,,,0,,,,,A
351148000,2020-07-15T05:00:08,42.40350,-70.10749,12.7,153.5,147.0,,,,,0,,,,,A
351148000,2020-07-15T05:01:19,42.39987,-70.10492,12.7,152.1,147.0,,,,,0,,,,,A
351148000,2020-07-15T05:02:28,42.39628,-70.10238,12.7,152.7,147.0,,,,,0,,,,,A
368070360,2020-07-21T22:49:06,42.42013,-70.10852,8.4,209.2,200.0,,,,,0,,,,,A
368070360,2020-07-21T22:50:08,42.41801,-70.11012,8.5,209.4,199.0,,,,,0,,,,,A
368070360,2020-07-21T22:51:27,42.41527,-70.11207,8.4,205.9,198.0,,,,,0,,,,,A
368070360,2020-07-21T22:52:37,42.41285,-70.11380,8.5,208.2,198.0,,,,,0,,,,,A
368070360,2020-07-21T22:53:42,42.41056,-70.11541,8.7,208.1,197.0,,,,,0,,,,,A
368070360,2020-07-21T22:54:47,42.40828,-70.11709,8.6,209.5,197.0,,,,,0,,,,,A
368070360,2020-07-21T22:56:01,42.40573,-70.11886,8.1,206.8,200.0,,,,,0,,,,,A
368070360,2020-07-21T22:57:06,42.40354,-70.12029,8.1,206.2,196.0,,,,,0,,,,,A
368070360,2020-07-21T22:58:14,42.40120,-70.12176,8.1,206.4,194.0,,,,,0,,,,,A
368070360,2020-07-21T22:59:19,42.39903,-70.12304,8.1,202.4,195.0,,,,,0,,,,,A
368070360,2020-07-21T23:00:11,42.39722,-70.12404,8.2,202.2,196.0,,,,,0,,,,,A
368070360,2020-07-21T23:01:13,42.39504,-70.12526,8.2,203.9,195.0,,,,,0,,,,,A
368070360,2020-07-21T23:02:17,42.39282,-70.12658,8.2,202.9,195.0,,,,,0,,,,,A
368070360,2020-07-21T23:03:27,42.39035,-70.12793,8.3,203.7,193.0,,,,,0,,,,,A
368070360,2020-07-21T23:04:30,42.38811,-70.12917,8.3,201.4,195.0,,,,,0,,,,,A
368017080,2020-08-01T22:27:59,42.38683,-70.11777,6.2,20.8,511.0,ROCK STEADY,,WDJ8502,36,,13,8,,,B
368017080,2020-08-01T22:29:29,42.38922,-70.11663,6.3,16.6,511.0,ROCK STEADY,,WDJ8502,36,,13,8,,,B
368017080,2020-08-01T22:30:58,42.39165,-70.11544,6.1,21.1,511.0,ROCK STEADY,,WDJ8502,36,,13,8,,,B
368017080,2020-08-01T22:32:02,42.39331,-70.11463,6.3,19.7,511.0,ROCK STEADY,,WDJ8502,36,,13,8,,,B
368017080,2020-08-01T22:33:29,42.39567,-70.11344,6.3,19.6,511.0,ROCK STEADY,,WDJ8502,36,,13,8,,,B
368017080,2020-08-01T22:34:59,42.39812,-70.11223,6.1,21.0,511.0,ROCK STEADY,,WDJ8502,36,,13,8,,,B
368017080,2020-08-01T22:37:28,42.40214,-70.11028,6.3,18.5,511.0,ROCK STEADY,,WDJ8502,36,,13,8,,,B
368017080,2020-08-01T22:38:30,42.40382,-70.10952,6.3,19.9,511.0,ROCK STEADY,,WDJ8502,36,,13,8,,,B
368017080,2020-08-01T22:39:58,42.40607,-70.10846,6.2,19.7,511.0,ROCK STEADY,,WDJ8502,36,,13,8,,,B
368017080,2020-08-01T22:40:59,42.40783,-70.10757,6.0,20.7,511.0,ROCK STEADY,,WDJ8502,36,,13,8,,,B
368017080,2020-08-01T22:42:28,42.41017,-70.10644,6.1,22.5,511.0,ROCK STEADY,,WDJ8502,36,,13,8,,,B
368017080,2020-08-01T22:43:29,42.41177,-70.10562,6.1,20.9,511.0,ROCK STEADY,,WDJ8502,36,,13,8,,,B
368017080,2020-08-01T22:44:30,42.41339,-70.10483,6.1,19.3,511.0,ROCK STEADY,,WDJ8502,36,,13,8,,,B
368017080,2020-08-01T22:45:58,42.41570,-70.10369,6.1,20.3,511.0,ROCK STEADY,,WDJ8502,36,,13,8,,,B
368017080,2020-08-01T22:46:59,42.41733,-70.10289,6.2,19.4,511.0,ROCK STEADY,,WDJ8502,36,,13,8,,,B
368017080,2020-08-01T22:48:29,42.41975,-70.10171,6.1,22.2,511.0,ROCK STEADY,,WDJ8502,36,,13,8,,,B
311000808,2020-08-07T19:40:17,42.41900,-70.12583,10.1,158.0,156.0,,,,,0,,,,,A
311000808,2020-08-07T19:42:17,42.41400,-70.12283,9.8,156.0,155.0,,,,,0,,,,,A
311000808,2020-08-07T19:44:08,42.40933,-70.12006,9.9,157.0,156.0,,,,,0,,,,,A
311000808,2020-08-07T19:45:17,42.40650,-70.11833,10.0,156.0,156.0,,,,,0,,,,,A
311000808,2020-08-07T19:46:57,42.40217,-70.11583,10.0,158.0,157.0,,,,,0,,,,,A
311000808,2020-08-07T19:49:06,42.39668,-70.11269,10.0,157.0,156.0,,,,,0,,,,,A
311000808,2020-08-07T19:50:16,42.39367,-70.11100,9.9,156.0,156.0,,,,,0,,,,,A
311000808,2020-08-07T19:51:37,42.39033,-70.10900,9.9,158.0,157.0,,,,,0,,,,,A
311000808,2020-08-07T19:52:47,42.38733,-70.10717,10.1,156.0,156.0,,,,,0,,,,,A
367357240,2020-08-07T21:49:44,42.41742,-70.14896,6.4,20.7,511.0,SPELLBOUND,,WDE4741,37,,14,4,,,B
367357240,2020-08-07T21:51:14,42.41996,-70.14742,6.9,16.4,511.0,SPELLBOUND,,WDE4741,37,,14,4,,,B
338238246,2020-08-12T22:03:22,42.38690,-70.11421,4.1,29.5,511.0,BELLA,,,36,,15,4,,,B
338238246,2020-08-12T22:04:54,42.38836,-70.11296,4.0,32.4,511.0,BELLA,,,36,,15,4,,,B
338238246,2020-08-12T22:06:53,42.39024,-70.11136,3.9,32.1,511.0,BELLA,,,36,,15,4,,,B
338238246,2020-08-12T22:07:55,42.39116,-70.11055,3.9,33.8,511.0,BELLA,,,36,,15,4,,,B
338238246,2020-08-12T22:09:22,42.39252,-70.10939,4.0,34.5,511.0,BELLA,,,36,,15,4,,,B
338238246,2020-08-12T22:11:22,42.39446,-70.10775,4.3,30.1,511.0,BELLA,,,36,,15,4,,,B
338238246,2020-08-12T22:12:25,42.39552,-70.10686,4.4,35.9,511.0,BELLA,,,36,,15,4,,,B
338238246,2020-08-12T22:13:53,42.39710,-70.10555,4.6,31.9,511.0,BELLA,,,36,,15,4,,,B
338238246,2020-08-12T22:15:24,42.39864,-70.10414,4.3,33.9,511.0,BELLA,,,36,,15,4,,,B
338238246,2020-08-12T22:16:53,42.39998,-70.10280,4.4,50.9,511.0,BELLA,,,36,,15,4,,,B
311000808,2020-08-17T15:44:07,42.41330,-70.12225,9.7,160.0,157.0,,,,,0,,,,,A
311000808,2020-08-17T15:46:04,42.40849,-70.12002,8.9,162.0,157.0,,,,,0,,,,,A
311000808,2020-08-17T15:48:58,42.40133,-70.11683,9.4,164.0,157.0,,,,,0,,,,,A
311000808,2020-08-17T15:50:17,42.39817,-70.11533,9.6,164.0,157.0,,,,,0,,,,,A
311000808,2020-08-17T15:52:08,42.39339,-70.11302,9.7,161.0,157.0,,,,,0,,,,,A
319134600,2020-08-20T06:10:44,42.42137,-70.14743,12.4,193.2,191.0,,,,,0,,,,,A
319134600,2020-08-20T06:11:54,42.41745,-70.14868,12.3,194.2,193.0,,,,,0,,,,,A
338080075,2020-09-25T21:09:08,42.41876,-70.13228,9.2,188.7,197.0,AGILITY,,,36,,18,8,,,B
338080075,2020-09-25T21:11:39,42.41171,-70.13322,11.1,186.1,511.0,AGILITY,,,36,,18,8,,,B
338080075,2020-09-25T21:13:39,42.40612,-70.13453,10.4,192.4,511.0,AGILITY,,,36,,18,8,,,B
338080075,2020-09-25T21:14:40,42.40332,-70.13552,9.4,194.8,511.0,AGILITY,,,36,,18,8,,,B
338080075,2020-09-25T21:16:40,42.39788,-70.13795,10.5,195.8,511.0,AGILITY,,,36,,18,8,,,B
338080075,2020-09-25T21:18:10,42.39390,-70.13975,9.9,196.1,511.0,AGILITY,,,36,,18,8,,,B
338080075,2020-09-25T21:20:10,42.38867,-70.14208,9.3,196.6,511.0,AGILITY,,,36,,18,8,,,B
368161410,2020-11-07T00:02:01,42.40690,-70.14732,7.3,117.4,511.0,WESTERN EDGE,,WDL7570,30,,19,7,,,B
368161410,2020-11-07T00:05:01,42.40428,-70.13957,7.8,107.8,511.0,WESTERN EDGE,,WDL7570,30,,19,7,,,B
368161410,2020-11-07T00:06:02,42.40344,-70.13685,8.1,108.0,511.0,WESTERN EDGE,,WDL7570,30,,19,7,,,B
368161410,2020-11-07T00:10:32,42.39989,-70.12483,7.7,109.5,511.0,WESTERN EDGE,,WDL7570,30,,19,7,,,B
368161410,2020-11-07T00:16:03,42.39535,-70.11044,7.7,112.6,511.0,WESTERN EDGE,,WDL7570,30,,19,7,,,B
368161410,2020-11-07T00:18:01,42.39376,-70.10533,7.9,115.2,511.0,WESTERN EDGE,,WDL7570,30,,19,7,,,B
368161410,2020-11-07T00:19:32,42.39259,-70.10131,7.9,119.5,511.0,WESTERN EDGE,,WDL7570,30,,19,7,,,B
367110160,2020-11-15T04:03:49,42.41133,-70.13676,3.9,298.9,511.0,F/V SEA FARMER,,WDD2039,30,,23,7,,,B
367110160,2020-11-22T21:36:33,42.38947,-70.10147,7.3,296.2,511.0,F/V SEA FARMER,,WDD2039,30,,23,7,,,B
367110160,2020-11-22T21:46:03,42.39727,-70.12585,7.4,290.4,511.0,F/V SEA FARMER,,WDD2039,30,,23,7,,,B
367517840,2020-08-15T04:16:07,42.42022,-70.13122,6.8,193.1,511.0,QUARTET,,WDG2653,30,,15,,,,B
367517840,2020-08-15T04:17:34,42.41767,-70.13258,7.1,206.5,511.0,QUARTET,,WDG2653,30,,15,,,,B
367517840,2020-08-15T04:18:35,42.41585,-70.13354,7.0,201.8,511.0,QUARTET,,WDG2653,30,,15,,,,B
367517840,2020-08-15T04:19:36,42.41402,-70.13451,7.2,193.7,511.0,QUARTET,,WDG2653,30,,15,,,,B
367517840,2020-08-15T04:21:06,42.41132,-70.13590,7.3,196.8,511.0,QUARTET,,WDG2653,30,,15,,,,B
367517840,2020-08-15T04:22:34,42.40866,-70.13730,7.0,205.0,511.0,QUARTET,,WDG2653,30,,15,,,,B
367517840,2020-08-15T04:23:35,42.40688,-70.13829,7.2,206.1,511.0,QUARTET,,WDG2653,30,,15,,,,B
367517840,2020-08-15T04:24:36,42.40504,-70.13929,7.4,206.7,511.0,QUARTET,,WDG2653,30,,15,,,,B
367517840,2020-08-15T04:26:05,42.40240,-70.14067,7.0,200.2,511.0,QUARTET,,WDG2653,30,,15,,,,B
367517840,2020-08-15T04:27:08,42.40053,-70.14165,6.2,200.0,511.0,QUARTET,,WDG2653,30,,15,,,,B
367517840,2020-08-15T04:28:35,42.39793,-70.14286,6.9,200.7,511.0,QUARTET,,WDG2653,30,,15,,,,B
367517840,2020-08-15T04:30:34,42.39436,-70.14475,7.3,197.6,511.0,QUARTET,,WDG2653,30,,15,,,,B
367517840,2020-08-15T04:31:35,42.39259,-70.14570,6.6,202.2,511.0,QUARTET,,WDG2653,30,,15,,,,B
367517840,2020-08-15T04:33:04,42.38996,-70.14712,6.9,201.9,511.0,QUARTET,,WDG2653,30,,15,,,,B
367517840,2020-08-15T04:34:05,42.38822,-70.14812,6.6,205.5,511.0,QUARTET,,WDG2653,30,,15,,,,B
367517840,2020-08-15T04:35:07,42.38638,-70.14914,7.1,207.1,511.0,QUARTET,,WDG2653,30,,15,,,,B
366841360,2020-07-22T07:03:20,42.42062,-70.11635,7.4,199.8,511.0,TREE OF LIFE,,WDG4696,37,0,21,5,,,A
366841360,2020-07-22T07:04:50,42.41779,-70.11782,7.7,194.0,511.0,TREE OF LIFE,,WDG4696,37,0,21,5,,,A
366841360,2020-07-22T07:06:10,42.41512,-70.11903,7.5,202.1,511.0,TREE OF LIFE,,WDG4696,37,0,21,5,,,A
366841360,2020-07-22T07:07:20,42.41294,-70.12031,7.6,201.0,511.0,TREE OF LIFE,,WDG4696,37,0,21,5,,,A
366841360,2020-07-22T07:08:21,42.41093,-70.12117,7.4,200.4,511.0,TREE OF LIFE,,WDG4696,37,0,21,5,,,A
366841360,2020-07-22T07:09:51,42.40807,-70.12268,7.4,198.3,511.0,TREE OF LIFE,,WDG4696,37,0,21,5,,,A
366841360,2020-07-22T07:11:02,42.40578,-70.12376,7.4,200.1,511.0,TREE OF LIFE,,WDG4696,37,0,21,5,,,A
366841360,2020-07-22T07:12:21,42.40323,-70.12493,7.1,199.3,511.0,TREE OF LIFE,,WDG4696,37,0,21,5,,,A
366841360,2020-07-22T07:13:30,42.40110,-70.12601,7.2,198.7,511.0,TREE OF LIFE,,WDG4696,37,0,21,5,,,A
366841360,2020-07-22T07:14:41,42.39883,-70.12695,7.3,200.2,511.0,TREE OF LIFE,,WDG4696,37,0,21,5,,,A
366841360,2020-07-22T07:15:52,42.39664,-70.12816,7.3,203.5,511.0,TREE OF LIFE,,WDG4696,37,0,21,5,,,A
366841360,2020-07-22T07:17:10,42.39411,-70.12926,7.2,199.9,511.0,TREE OF LIFE,,WDG4696,37,0,21,5,,,A
366841360,2020-07-22T07:18:21,42.39197,-70.13044,7.0,198.9,511.0,TREE OF LIFE,,WDG4696,37,0,21,5,,,A
366841360,2020-07-22T07:19:30,42.38971,-70.13133,7.3,195.5,511.0,TREE OF LIFE,,WDG4696,37,0,21,5,,,A
367393670,2020-11-10T03:09:29,42.40502,-70.14733,8.9,83.3,511.0,GUARDIAN,IMO8719499,WDE7469,30,,24,7,,,B
367393670,2020-11-10T03:11:29,42.40557,-70.14051,9.0,79.8,511.0,GUARDIAN,IMO8719499,WDE7469,30,,24,7,,,B
367393670,2020-11-10T03:13:30,42.40657,-70.13387,8.8,80.0,511.0,GUARDIAN,IMO8719499,WDE7469,30,,24,7,,,B
367393670,2020-11-10T03:14:31,42.40705,-70.13053,8.9,79.4,511.0,GUARDIAN,IMO8719499,WDE7469,30,,24,7,,,B
367393670,2020-11-10T03:15:59,42.40774,-70.12567,9.3,78.5,511.0,GUARDIAN,IMO8719499,WDE7469,30,,24,7,,,B
367393670,2020-11-10T03:17:00,42.40824,-70.12237,8.6,77.4,511.0,GUARDIAN,IMO8719499,WDE7469,30,,24,7,,,B
367393670,2020-11-10T03:18:30,42.40891,-70.11756,9.0,79.9,511.0,GUARDIAN,IMO8719499,WDE7469,30,,24,7,,,B
367393670,2020-11-10T03:19:59,42.40951,-70.11268,8.9,80.7,511.0,GUARDIAN,IMO8719499,WDE7469,30,,24,7,,,B
367393670,2020-11-10T03:21:29,42.41016,-70.10787,9.1,80.1,511.0,GUARDIAN,IMO8719499,WDE7469,30,,24,7,,,B
367393670,2020-11-10T03:22:58,42.41083,-70.10303,8.8,78.8,511.0,GUARDIAN,IMO8719499,WDE7469,30,,24,7,,,B
367602610,2020-05-01T04:30:56,42.38684,-70.14856,6.6,296.8,511.0,TYLER,IMO8036287,WDH2928,30,7,19,6,,,A
367602610,2020-05-11T08:46:26,42.42081,-70.14612,8.4,100.7,511.0,TYLER,IMO8036287,WDH2928,30,7,19,6,,,A
367602610,2020-05-11T08:48:26,42.42001,-70.13993,8.5,99.5,511.0,TYLER,IMO8036287,WDH2928,30,7,19,6,,,A
367602610,2020-05-11T08:49:36,42.41950,-70.13632,8.4,100.2,511.0,TYLER,IMO8036287,WDH2928,30,7,19,6,,,A
367602610,2020-05-11T08:50:47,42.41899,-70.13272,8.3,100.5,511.0,TYLER,IMO8036287,WDH2928,30,7,19,6,,,A
367602610,2020-05-11T08:53:37,42.41792,-70.12392,7.7,98.6,511.0,TYLER,IMO8036287,WDH2928,30,7,19,6,,,A
367602610,2020-05-11T08:56:37,42.41664,-70.11480,8.3,100.0,511.0,TYLER,IMO8036287,WDH2928,30,7,19,6,,,A
367602610,2020-05-11T08:57:46,42.41613,-70.11140,8.2,100.6,511.0,TYLER,IMO8036287,WDH2928,30,7,19,6,,,A
367602610,2020-05-11T08:58:57,42.41562,-70.10777,8.2,99.0,511.0,TYLER,IMO8036287,WDH2928,30,7,19,6,,,A
367602610,2020-05-11T09:00:26,42.41498,-70.10329,7.8,98.5,511.0,TYLER,IMO8036287,WDH2928,30,7,19,6,,,A
249208000,2020-08-27T22:40:53,42.42140,-70.13135,17.2,156.5,157.0,JS INEOS INSPIRATION,IMO9685451,9HA4150,80,0,180,,,,A
249208000,2020-08-27T22:41:59,42.41660,-70.12847,17.1,155.5,156.0,JS INEOS INSPIRATION,IMO9685451,9HA4150,80,0,180,,,,A
249208000,2020-08-27T22:43:05,42.41185,-70.12555,17.1,156.0,157.0,JS INEOS INSPIRATION,IMO9685451,9HA4150,80,0,180,,,,A
249208000,2020-08-27T22:44:11,42.40706,-70.12262,17.1,155.9,157.0,JS INEOS INSPIRATION,IMO9685451,9HA4150,80,0,180,,,,A
249208000,2020-08-27T22:45:17,42.40224,-70.11973,17.1,155.3,157.0,JS INEOS INSPIRATION,IMO9685451,9HA4150,80,0,180,,,,A
249208000,2020-08-27T22:46:24,42.39755,-70.11689,17.1,156.5,157.0,JS INEOS INSPIRATION,IMO9685451,9HA4150,80,0,180,,,,A
249208000,2020-08-27T22:47:30,42.39273,-70.11391,17.0,155.1,157.0,JS INEOS INSPIRATION,IMO9685451,9HA4150,80,0,180,,,,A
249208000,2020-08-27T22:48:35,42.38807,-70.11102,17.1,155.3,157.0,JS INEOS INSPIRATION,IMO9685451,9HA4150,80,0,180,,,,A
367300850,2020-01-15T15:26:23,42.38850,-70.13784,7.6,294.2,511.0,GRACE MARIE,IMO7908366,WCX7766,30,15,22,6,3.4,,A
249338000,2020-03-27T11:10:38,42.40344,-70.10493,8.8,270.7,274.0,HAFNIA LISE,IMO9726621,9HA4202,80,0,,,,,A
249338000,2020-03-27T11:12:17,42.40350,-70.11040,8.8,270.0,274.0,HAFNIA LISE,IMO9726621,9HA4202,80,0,,,,,A
249338000,2020-03-27T11:13:28,42.40355,-70.11432,8.9,270.3,274.0,HAFNIA LISE,IMO9726621,9HA4202,80,0,,,,,A
249338000,2020-03-27T11:14:47,42.40357,-70.11869,8.8,269.1,274.0,HAFNIA LISE,IMO9726621,9HA4202,80,0,,,,,A
249338000,2020-03-27T11:16:08,42.40355,-70.12323,8.9,269.5,274.0,HAFNIA LISE,IMO9726621,9HA4202,80,0,,,,,A
249338000,2020-03-27T11:17:17,42.40358,-70.12701,8.9,270.6,275.0,HAFNIA LISE,IMO9726621,9HA4202,80,0,,,,,A
249338000,2020-03-27T11:18:27,42.40363,-70.13091,8.9,270.6,275.0,HAFNIA LISE,IMO9726621,9HA4202,80,0,,,,,A
249338000,2020-03-27T11:19:47,42.40367,-70.13542,8.9,270.5,275.0,HAFNIA LISE,IMO9726621,9HA4202,80,0,,,,,A
249338000,2020-03-27T11:20:57,42.40369,-70.13933,8.9,270.1,274.0,HAFNIA LISE,IMO9726621,9HA4202,80,0,,,,,A
249338000,2020-03-27T11:23:17,42.40373,-70.14715,8.9,270.8,274.0,HAFNIA LISE,IMO9726621,9HA4202,80,0,,,,,A
367485980,2020-04-25T01:09:49,42.40351,-70.14942,6.1,92.2,511.0,CAPT JOE,IMO7731153,WDF7584,30,8,24,7,,,A
367485980,2020-04-25T01:10:58,42.40354,-70.14669,7.8,88.0,511.0,CAPT JOE,IMO7731153,WDF7584,30,8,24,7,,,A
367485980,2020-04-25T01:12:28,42.40339,-70.14307,5.2,95.0,511.0,CAPT JOE,IMO7731153,WDF7584,30,8,24,7,,,A
367485980,2020-04-25T01:13:49,42.40335,-70.13981,7.5,92.8,511.0,CAPT JOE,IMO7731153,WDF7584,30,8,24,7,,,A
367485980,2020-04-25T01:15:49,42.40325,-70.13479,6.2,94.5,511.0,CAPT JOE,IMO7731153,WDF7584,30,8,24,7,,,A
367485980,2020-04-25T01:16:59,42.40316,-70.13196,6.5,92.7,511.0,CAPT JOE,IMO7731153,WDF7584,30,8,24,7,,,A
367485980,2020-04-25T01:18:09,42.40317,-70.12909,5.9,90.0,511.0,CAPT JOE,IMO7731153,WDF7584,30,8,24,7,,,A
367485980,2020-04-25T01:19:28,42.40298,-70.12584,7.0,95.5,511.0,CAPT JOE,IMO7731153,WDF7584,30,8,24,7,,,A
367485980,2020-04-25T01:20:29,42.40285,-70.12339,7.1,91.6,511.0,CAPT JOE,IMO7731153,WDF7584,30,8,24,7,,,A
367485980,2020-04-25T01:21:59,42.40285,-70.11970,7.2,94.2,511.0,CAPT JOE,IMO7731153,WDF7584,30,8,24,7,,,A
367485980,2020-04-25T01:23:09,42.40270,-70.11682,6.9,87.9,511.0,CAPT JOE,IMO7731153,WDF7584,30,8,24,7,,,A
367485980,2020-04-25T01:24:18,42.40268,-70.11421,6.6,94.7,511.0,CAPT JOE,IMO7731153,WDF7584,30,8,24,7,,,A
367485980,2020-04-25T01:25:29,42.40252,-70.11120,6.4,93.6,511.0,CAPT JOE,IMO7731153,WDF7584,30,8,24,7,,,A
367485980,2020-04-25T01:26:48,42.40253,-70.10794,6.5,90.7,511.0,CAPT JOE,IMO7731153,WDF7584,30,8,24,7,,,A
367485980,2020-04-25T01:28:18,42.40239,-70.10429,4.8,93.7,511.0,CAPT JOE,IMO7731153,WDF7584,30,8,24,7,,,A
367485980,2020-04-25T01:29:39,42.40193,-70.10125,6.3,114.0,511.0,CAPT JOE,IMO7731153,WDF7584,30,8,24,7,,,A
368007670,2020-08-15T01:34:07,42.38691,-70.11504,6.4,24.5,511.0,OUTNUMBERED,,WDJ7534,36,,,,,,B
368007670,2020-08-15T01:35:38,42.38937,-70.11371,6.3,22.3,511.0,OUTNUMBERED,,WDJ7534,36,,,,,,B
368007670,2020-08-15T01:37:08,42.39189,-70.11239,6.4,23.1,511.0,OUTNUMBERED,,WDJ7534,36,,,,,,B
368007670,2020-08-15T01:38:38,42.39429,-70.11088,6.3,25.7,511.0,OUTNUMBERED,,WDJ7534,36,,,,,,B
368007670,2020-08-15T01:39:39,42.39590,-70.10977,6.4,26.0,511.0,OUTNUMBERED,,WDJ7534,36,,,,,,B
368007670,2020-08-15T01:41:09,42.39828,-70.10820,6.6,25.1,511.0,OUTNUMBERED,,WDJ7534,36,,,,,,B
368007670,2020-08-15T01:42:10,42.39993,-70.10713,6.8,22.2,511.0,OUTNUMBERED,,WDJ7534,36,,,,,,B
368007670,2020-08-15T01:43:38,42.40232,-70.10570,6.5,24.3,511.0,OUTNUMBERED,,WDJ7534,36,,,,,,B
368007670,2020-08-15T01:44:40,42.40394,-70.10476,6.6,24.1,511.0,OUTNUMBERED,,WDJ7534,36,,,,,,B
368007670,2020-08-15T01:46:08,42.40629,-70.10336,5.9,23.5,511.0,OUTNUMBERED,,WDJ7534,36,,,,,,B
368007670,2020-08-15T01:47:39,42.40872,-70.10183,6.6,27.6,511.0,OUTNUMBERED,,WDJ7534,36,,,,,,B
366900670,2020-04-06T19:53:33,42.39388,-70.12080,10.1,21.4,22.0,SUNLIGHT,IMO8960098,WDB4636,30,15,33,9,,,A
366900670,2020-04-06T19:54:43,42.39686,-70.11905,10.0,25.2,25.0,SUNLIGHT,IMO8960098,WDB4636,30,15,33,9,,,A
366900670,2020-04-06T19:55:52,42.39980,-70.11736,10.0,23.6,24.0,SUNLIGHT,IMO8960098,WDB4636,30,15,33,9,,,A
366900670,2020-04-06T19:59:22,42.40869,-70.11212,10.0,25.4,25.0,SUNLIGHT,IMO8960098,WDB4636,30,15,33,9,,,A
366900670,2020-04-06T20:00:23,42.41130,-70.11062,10.0,23.5,25.0,SUNLIGHT,IMO8960098,WDB4636,30,15,33,9,,,A
366900670,2020-04-06T20:01:33,42.41426,-70.10888,9.9,23.6,27.0,SUNLIGHT,IMO8960098,WDB4636,30,15,33,9,,,A
366900670,2020-04-06T20:02:42,42.41713,-70.10709,9.9,25.2,25.0,SUNLIGHT,IMO8960098,WDB4636,30,15,33,9,,,A
366900670,2020-04-06T20:03:54,42.42012,-70.10512,9.9,27.5,26.0,SUNLIGHT,IMO8960098,WDB4636,30,15,33,9,,,A
366900670,2020-05-29T03:33:53,42.38848,-70.12597,9.9,22.3,25.0,SUNLIGHT,IMO8960098,WDB4636,30,15,33,9,,,A
366900670,2020-05-29T03:35:04,42.39141,-70.12419,9.9,24.7,26.0,SUNLIGHT,IMO8960098,WDB4636,30,15,33,9,,,A
366900670,2020-05-29T03:36:12,42.39431,-70.12253,9.9,22.7,27.0,SUNLIGHT,IMO8960098,WDB4636,30,15,33,9,,,A
366900670,2020-05-29T03:37:23,42.39721,-70.12073,9.7,24.8,28.0,SUNLIGHT,IMO8960098,WDB4636,30,15,33,9,,,A
366900670,2020-05-29T03:38:33,42.40010,-70.11895,9.8,23.9,28.0,SUNLIGHT,IMO8960098,WDB4636,30,15,33,9,,,A
366900670,2020-05-29T03:39:43,42.40303,-70.11716,9.8,24.2,26.0,SUNLIGHT,IMO8960098,WDB4636,30,15,33,9,,,A
366900670,2020-05-29T03:41:04,42.40634,-70.11510,9.8,25.1,28.0,SUNLIGHT,IMO8960098,WDB4636,30,15,33,9,,,A
366900670,2020-05-29T03:42:13,42.40923,-70.11328,9.8,24.7,27.0,SUNLIGHT,IMO8960098,WDB4636,30,15,33,9,,,A
366900670,2020-05-29T03:43:23,42.41212,-70.11147,9.8,26.2,28.0,SUNLIGHT,IMO8960098,WDB4636,30,15,33,9,,,A
366900670,2020-05-29T03:45:04,42.41625,-70.10880,9.8,24.8,26.0,SUNLIGHT,IMO8960098,WDB4636,30,15,33,9,,,A
366900670,2020-05-29T03:46:44,42.42037,-70.10618,9.9,23.7,27.0,SUNLIGHT,IMO8960098,WDB4636,30,15,33,9,,,A
366900670,2020-06-03T08:24:26,42.38888,-70.13229,10.0,22.0,25.0,SUNLIGHT,IMO8960098,WDB4636,30,15,33,9,,,A
366900670,2020-06-03T08:25:37,42.39191,-70.13048,10.0,22.5,22.0,SUNLIGHT,IMO8960098,WDB4636,30,15,33,9,,,A
366900670,2020-06-03T08:26:46,42.39483,-70.12878,9.9,24.6,26.0,SUNLIGHT,IMO8960098,WDB4636,30,15,33,9,,,A
366900670,2020-06-03T08:27:47,42.39733,-70.12727,9.9,24.1,25.0,SUNLIGHT,IMO8960098,WDB4636,30,15,33,9,,,A
366900670,2020-06-03T08:28:57,42.40031,-70.12553,9.9,23.7,25.0,SUNLIGHT,IMO8960098,WDB4636,30,15,33,9,,,A
366900670,2020-06-03T08:30:06,42.40320,-70.12388,10.0,23.2,25.0,SUNLIGHT,IMO8960098,WDB4636,30,15,33,9,,,A
366900670,2020-06-03T08:31:17,42.40624,-70.12214,10.1,24.4,27.0,SUNLIGHT,IMO8960098,WDB4636,30,15,33,9,,,A
366900670,2020-06-03T08:32:27,42.40920,-70.12048,10.0,22.2,25.0,SUNLIGHT,IMO8960098,WDB4636,30,15,33,9,,,A
366900670,2020-06-03T08:33:47,42.41265,-70.11844,10.2,24.9,27.0,SUNLIGHT,IMO8960098,WDB4636,30,15,33,9,,,A
366900670,2020-06-03T08:34:57,42.41558,-70.11666,10.0,23.8,25.0,SUNLIGHT,IMO8960098,WDB4636,30,15,33,9,,,A
366900670,2020-06-03T08:36:06,42.41856,-70.11494,10.0,21.5,24.0,SUNLIGHT,IMO8960098,WDB4636,30,15,33,9,,,A
366900670,2020-06-03T08:37:18,42.42161,-70.11319,9.9,23.8,25.0,SUNLIGHT,IMO8960098,WDB4636,30,15,33,9,,,A
338206595,2020-06-09T14:54:27,42.42129,-70.11413,6.1,203.0,511.0,ISABELLA,,,37,,,,,,B
338206595,2020-06-09T14:55:57,42.41893,-70.11534,5.7,199.8,511.0,ISABELLA,,,37,,,,,,B
338206595,2020-06-09T14:57:27,42.41657,-70.11643,5.9,205.1,511.0,ISABELLA,,,37,,,,,,B
338206595,2020-06-09T14:58:56,42.41434,-70.11786,5.9,203.1,511.0,ISABELLA,,,37,,,,,,B
338206595,2020-06-09T15:00:28,42.41208,-70.11928,5.6,202.8,511.0,ISABELLA,,,37,,,,,,B
338206595,2020-06-09T15:00:28,42.41208,-70.11928,5.6,202.8,511.0,ISABELLA,,,37,,,,,,B
338206595,2020-06-09T15:01:57,42.40987,-70.12054,5.9,187.9,511.0,ISABELLA,,,37,,,,,,B
338206595,2020-06-09T15:03:28,42.40769,-70.12230,5.9,205.2,511.0,ISABELLA,,,37,,,,,,B
338206595,2020-06-09T15:04:57,42.40563,-70.12390,5.8,209.9,511.0,ISABELLA,,,37,,,,,,B
338206595,2020-06-09T15:06:26,42.40338,-70.12508,5.9,211.1,511.0,ISABELLA,,,37,,,,,,B
338206595,2020-06-09T15:07:56,42.40112,-70.12655,6.0,203.2,511.0,ISABELLA,,,37,,,,,,B
338206595,2020-06-09T15:08:58,42.39957,-70.12750,6.0,208.1,511.0,ISABELLA,,,37,,,,,,B
338206595,2020-06-09T15:10:26,42.39724,-70.12886,5.9,200.8,511.0,ISABELLA,,,37,,,,,,B
338206595,2020-06-09T15:11:28,42.39569,-70.12982,6.1,209.3,511.0,ISABELLA,,,37,,,,,,B
338206595,2020-06-09T15:12:30,42.39409,-70.13101,6.4,211.3,511.0,ISABELLA,,,37,,,,,,B
338206595,2020-06-09T15:13:56,42.39190,-70.13248,6.0,203.6,511.0,ISABELLA,,,37,,,,,,B
338206595,2020-06-09T15:15:28,42.38957,-70.13390,6.0,199.4,511.0,ISABELLA,,,37,,,,,,B
338206595,2020-06-09T15:16:57,42.38746,-70.13573,6.2,200.3,511.0,ISABELLA,,,37,,,,,,B
367503980,2020-06-22T03:09:49,42.42181,-70.13623,5.2,244.3,234.0,OCEAN FREEDOM,IMO9506722,WDF9323,70,0,153,23,8.5,,A
367503980,2020-06-22T03:10:58,42.42109,-70.13825,5.1,243.8,234.0,OCEAN FREEDOM,IMO9506722,WDF9323,70,0,153,23,8.5,,A
367503980,2020-06-22T03:11:59,42.42046,-70.14000,5.1,243.3,233.0,OCEAN FREEDOM,IMO9506722,WDF9323,70,0,153,23,8.5,,A
367503980,2020-06-22T03:13:09,42.41970,-70.14207,5.2,243.4,233.0,OCEAN FREEDOM,IMO9506722,WDF9323,70,0,153,23,8.5,,A
367503980,2020-06-22T03:14:20,42.41897,-70.14412,5.2,243.2,233.0,OCEAN FREEDOM,IMO9506722,WDF9323,70,0,153,23,8.5,,A
367503980,2020-06-22T03:15:28,42.41824,-70.14615,5.2,245.8,234.0,OCEAN FREEDOM,IMO9506722,WDF9323,70,0,153,23,8.5,,A
367503980,2020-06-22T03:16:29,42.41760,-70.14791,5.2,243.4,233.0,OCEAN FREEDOM,IMO9506722,WDF9323,70,0,153,23,8.5,,A
538006287,2020-08-22T00:30:44,42.42036,-70.14632,12.4,96.8,97.0,FIORA TOPIC,IMO9728461,V7LK8,70,0,179,30,9.8,,A
538006287,2020-08-22T00:32:04,42.41986,-70.14025,12.4,96.2,97.0,FIORA TOPIC,IMO9728461,V7LK8,70,0,179,30,9.8,,A
538006287,2020-08-22T00:34:04,42.41910,-70.13092,12.4,96.2,97.0,FIORA TOPIC,IMO9728461,V7LK8,70,0,179,30,9.8,,A
538006287,2020-08-22T00:35:15,42.41871,-70.12553,12.4,95.5,96.0,FIORA TOPIC,IMO9728461,V7LK8,70,0,179,30,9.8,,A
538006287,2020-08-22T00:37:04,42.41809,-70.11715,12.4,96.6,97.0,FIORA TOPIC,IMO9728461,V7LK8,70,0,179,30,9.8,,A
538006287,2020-08-22T00:38:24,42.41760,-70.11093,12.4,96.7,97.0,FIORA TOPIC,IMO9728461,V7LK8,70,0,179,30,9.8,,A
538006287,2020-08-22T00:39:35,42.41721,-70.10550,12.3,95.2,97.0,FIORA TOPIC,IMO9728461,V7LK8,70,0,179,30,9.8,,A
338213515,2020-08-23T01:22:49,42.38978,-70.13927,6.2,230.6,511.0,ALTA MAREA,,,37,,,,,,B
319713000,2020-08-26T23:09:13,42.38718,-70.11162,11.0,37.0,32.0,LUCKY LADY,IMO1007328,ZCGQ7,37,0,62,10,3.6,,A
319713000,2020-08-26T23:10:24,42.39019,-70.10873,11.2,34.0,30.0,LUCKY LADY,IMO1007328,ZCGQ7,37,0,62,10,3.6,,A
319713000,2020-08-26T23:11:43,42.39355,-70.10558,11.3,36.0,32.0,LUCKY LADY,IMO1007328,ZCGQ7,37,0,62,10,3.6,,A
319713000,2020-08-26T23:12:53,42.39656,-70.10272,11.0,37.0,33.0,LUCKY LADY,IMO1007328,ZCGQ7,37,0,62,10,3.6,,A
249208000,2020-12-09T23:27:29,42.41886,-70.12727,12.4,155.3,158.0,JS INEOS INSPIRATION,IMO9685451,9HA4150,80,0,180,,,,A
249208000,2020-12-09T23:28:39,42.41517,-70.12498,12.4,154.9,157.0,JS INEOS INSPIRATION,IMO9685451,9HA4150,80,0,180,,,,A
249208000,2020-12-09T23:29:49,42.41160,-70.12268,12.3,154.0,157.0,JS INEOS INSPIRATION,IMO9685451,9HA4150,80,0,180,,,,A
249208000,2020-12-09T23:30:59,42.40797,-70.12034,12.4,154.9,158.0,JS INEOS INSPIRATION,IMO9685451,9HA4150,80,0,180,,,,A
249208000,2020-12-09T23:32:08,42.40434,-70.11808,12.1,154.3,158.0,JS INEOS INSPIRATION,IMO9685451,9HA4150,80,0,180,,,,A
249208000,2020-12-09T23:33:20,42.40066,-70.11580,12.4,153.9,157.0,JS INEOS INSPIRATION,IMO9685451,9HA4150,80,0,180,,,,A
249208000,2020-12-09T23:34:29,42.39712,-70.11349,12.4,155.1,157.0,JS INEOS INSPIRATION,IMO9685451,9HA4150,80,0,180,,,,A
249208000,2020-12-09T23:35:49,42.39301,-70.11088,12.2,154.6,157.0,JS INEOS INSPIRATION,IMO9685451,9HA4150,80,0,180,,,,A
249208000,2020-12-09T23:37:29,42.38789,-70.10748,12.4,153.3,157.0,JS INEOS INSPIRATION,IMO9685451,9HA4150,80,0,180,,,,A
367393670,2020-05-04T04:46:21,42.39169,-70.10127,8.5,261.3,511.0,GUARDIAN,IMO8719499,WDE7469,30,,24,7,,,B
367393670,2020-05-04T04:47:51,42.39120,-70.10606,8.7,261.5,511.0,GUARDIAN,IMO8719499,WDE7469,30,,24,7,,,B
367393670,2020-05-04T04:49:21,42.39056,-70.11083,8.7,257.0,511.0,GUARDIAN,IMO8719499,WDE7469,30,,24,7,,,B
367393670,2020-05-04T04:50:51,42.39001,-70.11565,8.4,260.9,511.0,GUARDIAN,IMO8719499,WDE7469,30,,24,7,,,B
367393670,2020-05-04T04:52:21,42.38948,-70.12032,8.4,263.3,511.0,GUARDIAN,IMO8719499,WDE7469,30,,24,7,,,B
367393670,2020-05-04T04:53:51,42.38887,-70.12512,8.6,256.1,511.0,GUARDIAN,IMO8719499,WDE7469,30,,24,7,,,B
367393670,2020-05-04T04:55:21,42.38830,-70.12975,8.5,260.4,511.0,GUARDIAN,IMO8719499,WDE7469,30,,24,7,,,B
367393670,2020-05-04T04:56:51,42.38775,-70.13447,8.9,261.1,511.0,GUARDIAN,IMO8719499,WDE7469,30,,24,7,,,B
367393670,2020-05-04T04:57:52,42.38733,-70.13764,8.5,259.9,511.0,GUARDIAN,IMO8719499,WDE7469,30,,24,7,,,B
367393670,2020-05-04T04:59:22,42.38676,-70.14228,8.9,259.4,511.0,GUARDIAN,IMO8719499,WDE7469,30,,24,7,,,B
367393670,2020-05-04T05:00:20,42.38644,-70.14539,8.2,261.7,511.0,GUARDIAN,IMO8719499,WDE7469,30,,24,7,,,B
367393670,2020-05-04T05:01:21,42.38610,-70.14861,8.6,260.9,511.0,GUARDIAN,IMO8719499,WDE7469,30,,24,7,,,B
338400000,2020-08-09T18:53:53,42.38776,-70.11896,7.3,30.1,511.0,MOONLIGHT SERENADE,,WDC4667,37,,14,4,,,B
338400000,2020-08-09T18:58:54,42.39636,-70.11227,7.1,27.1,511.0,MOONLIGHT SERENADE,,WDC4667,37,,14,4,,,B
338400000,2020-08-09T19:00:53,42.39975,-70.10965,6.3,32.0,511.0,MOONLIGHT SERENADE,,WDC4667,37,,14,4,,,B
338400000,2020-08-09T19:04:23,42.40570,-70.10501,7.0,34.3,511.0,MOONLIGHT SERENADE,,WDC4667,37,,14,4,,,B
367367910,2020-05-18T23:29:09,42.40950,-70.10303,5.6,290.6,511.0,F/V TITAN,,,30,,20,6,,,B
367367910,2020-05-18T23:30:37,42.41034,-70.10595,5.4,291.2,511.0,F/V TITAN,,,30,,20,6,,,B
367367910,2020-05-18T23:32:08,42.41122,-70.10897,5.8,288.2,511.0,F/V TITAN,,,30,,20,6,,,B
367367910,2020-05-18T23:33:38,42.41205,-70.11192,5.8,292.6,511.0,F/V TITAN,,,30,,20,6,,,B
367367910,2020-05-18T23:35:09,42.41297,-70.11494,5.7,294.7,511.0,F/V TITAN,,,30,,20,6,,,B
367367910,2020-05-18T23:36:38,42.41387,-70.11789,5.7,292.7,511.0,F/V TITAN,,,30,,20,6,,,B
367367910,2020-05-18T23:37:39,42.41451,-70.11995,5.6,293.7,511.0,F/V TITAN,,,30,,20,6,,,B
367367910,2020-05-18T23:39:11,42.41553,-70.12298,6.0,292.8,511.0,F/V TITAN,,,30,,20,6,,,B
367367910,2020-05-18T23:40:39,42.41641,-70.12591,5.5,294.5,511.0,F/V TITAN,,,30,,20,6,,,B
367367910,2020-05-18T23:42:09,42.41737,-70.12892,5.6,293.2,511.0,F/V TITAN,,,30,,20,6,,,B
367367910,2020-05-18T23:43:37,42.41829,-70.13193,5.8,291.6,511.0,F/V TITAN,,,30,,20,6,,,B
367367910,2020-05-18T23:45:07,42.41928,-70.13497,5.7,293.4,511.0,F/V TITAN,,,30,,20,6,,,B
367367910,2020-05-18T23:46:38,42.42029,-70.13801,6.0,294.5,511.0,F/V TITAN,,,30,,20,6,,,B
367367910,2020-05-18T23:48:08,42.42131,-70.14109,6.0,290.5,511.0,F/V TITAN,,,30,,20,6,,,B
367367910,2020-05-21T08:17:08,42.41755,-70.14833,6.1,118.5,511.0,F/V TITAN,,,30,,20,6,,,B
367367910,2020-05-21T08:18:09,42.41677,-70.14615,6.0,115.3,511.0,F/V TITAN,,,30,,20,6,,,B
367367910,2020-05-21T08:21:08,42.41460,-70.14000,6.7,116.4,511.0,F/V TITAN,,,30,,20,6,,,B
367367910,2020-05-21T08:24:08,42.41237,-70.13377,5.9,115.6,511.0,F/V TITAN,,,30,,20,6,,,B
367367910,2020-05-21T08:27:08,42.41028,-70.12746,6.3,110.3,511.0,F/V TITAN,,,30,,20,6,,,B
367367910,2020-05-21T08:28:39,42.40920,-70.12425,6.2,111.3,511.0,F/V TITAN,,,30,,20,6,,,B
367367910,2020-05-21T08:33:39,42.40566,-70.11381,6.1,115.7,511.0,F/V TITAN,,,30,,20,6,,,B
367367910,2020-05-21T08:37:39,42.40296,-70.10523,5.6,110.2,511.0,F/V TITAN,,,30,,20,6,,,B
367530120,2020-06-02T09:33:27,42.41825,-70.13762,7.0,97.5,511.0,TERA LYNN II,,WDG5016,30,,17,6,,,B
367530120,2020-06-02T09:34:56,42.41730,-70.13394,7.0,120.9,511.0,TERA LYNN II,,WDG5016,30,,17,6,,,B
367530120,2020-06-02T09:38:26,42.41519,-70.12558,6.6,114.2,511.0,TERA LYNN II,,WDG5016,30,,17,6,,,B
367530120,2020-06-02T09:42:26,42.41282,-70.11608,7.1,98.4,511.0,TERA LYNN II,,WDG5016,30,,17,6,,,B
368068290,2020-07-02T11:44:00,42.41632,-70.14896,8.9,12.3,511.0,LATITUDE,,WDK5787,36,,19,6,,,B
368068290,2020-07-02T11:45:30,42.41984,-70.14773,8.6,15.4,511.0,LATITUDE,,WDK5787,36,,19,6,,,B
265636510,2020-07-08T08:10:11,42.38679,-70.11216,5.1,29.6,511.0,SVEA,,SD6172,36,,12,4,,,B
265636510,2020-07-08T08:11:40,42.38849,-70.11081,4.8,22.0,511.0,SVEA,,SD6172,36,,12,4,,,B
265636510,2020-07-08T08:13:40,42.39068,-70.10922,4.2,31.9,511.0,SVEA,,SD6172,36,,12,4,,,B
265636510,2020-07-08T08:14:41,42.39174,-70.10842,4.6,35.8,511.0,SVEA,,SD6172,36,,12,4,,,B
265636510,2020-07-08T08:16:41,42.39383,-70.10684,5.2,29.4,511.0,SVEA,,SD6172,36,,12,4,,,B
265636510,2020-07-08T08:18:41,42.39594,-70.10519,4.1,35.1,511.0,SVEA,,SD6172,36,,12,4,,,B
265636510,2020-07-08T08:20:10,42.39757,-70.10394,4.4,25.9,511.0,SVEA,,SD6172,36,,12,4,,,B
265636510,2020-07-08T08:22:11,42.39991,-70.10221,4.8,27.0,511.0,SVEA,,SD6172,36,,12,4,,,B
367367910,2020-07-13T13:56:26,42.40654,-70.14351,5.4,109.2,511.0,F/V TITAN,,,30,,20,6,,,B
367367910,2020-07-13T13:57:57,42.40552,-70.14027,6.5,113.0,511.0,F/V TITAN,,,30,,20,6,,,B
367367910,2020-07-13T13:59:26,42.40448,-70.13715,6.6,116.7,511.0,F/V TITAN,,,30,,20,6,,,B
367367910,2020-07-13T14:00:25,42.40382,-70.13503,5.8,114.0,511.0,F/V TITAN,,,30,,20,6,,,B
367367910,2020-07-13T14:01:29,42.40307,-70.13277,5.9,110.2,511.0,F/V TITAN,,,30,,20,6,,,B
367367910,2020-07-13T14:02:57,42.40208,-70.12976,5.8,114.7,511.0,F/V TITAN,,,30,,20,6,,,B
367367910,2020-07-13T14:04:25,42.40107,-70.12667,5.8,112.0,511.0,F/V TITAN,,,30,,20,6,,,B
367367910,2020-07-13T14:05:56,42.40000,-70.12359,6.6,118.1,511.0,F/V TITAN,,,30,,20,6,,,B
367367910,2020-07-13T14:07:27,42.39887,-70.12037,6.5,116.6,511.0,F/V TITAN,,,30,,20,6,,,B
367367910,2020-07-13T14:09:25,42.39738,-70.11625,5.6,118.7,511.0,F/V TITAN,,,30,,20,6,,,B
367367910,2020-07-13T14:11:27,42.39588,-70.11203,6.3,122.3,511.0,F/V TITAN,,,30,,20,6,,,B
367367910,2020-07-13T14:12:56,42.39479,-70.10901,5.6,111.9,511.0,F/V TITAN,,,30,,20,6,,,B
367367910,2020-07-13T14:14:58,42.39328,-70.10486,6.0,117.6,511.0,F/V TITAN,,,30,,20,6,,,B
232019039,2020-07-21T09:40:09,42.38764,-70.14576,4.6,335.6,511.0,KER MARIE,,MEF18,37,,0,0,,,B
232019039,2020-07-21T09:41:36,42.38932,-70.14680,4.3,335.3,511.0,KER MARIE,,MEF18,37,,0,0,,,B
232019039,2020-07-21T09:43:07,42.39108,-70.14787,4.5,335.2,511.0,KER MARIE,,MEF18,37,,0,0,,,B
232019039,2020-07-21T09:44:39,42.39291,-70.14897,4.7,338.1,511.0,KER MARIE,,MEF18,37,,0,0,,,B
367367910,2020-08-07T12:08:58,42.39591,-70.14409,5.5,122.0,511.0,F/V TITAN,,,30,,20,6,,,B
367367910,2020-08-07T12:11:28,42.39391,-70.13949,5.5,123.6,511.0,F/V TITAN,,,30,,20,6,,,B
367367910,2020-08-07T12:12:58,42.39272,-70.13691,5.6,122.4,511.0,F/V TITAN,,,30,,20,6,,,B
367367910,2020-08-07T12:16:58,42.38988,-70.13001,5.4,121.1,511.0,F/V TITAN,,,30,,20,6,,,B
338249113,2020-08-07T14:45:24,42.39098,-70.11064,15.5,326.7,511.0,R/V WARFISH,,,34,,12,5,,,B
338249113,2020-08-07T14:47:09,42.39735,-70.11603,15.0,326.0,511.0,R/V WARFISH,,,34,,12,5,,,B
338249113,2020-08-07T14:49:24,42.40558,-70.12275,15.4,328.6,511.0,R/V WARFISH,,,34,,12,5,,,B
338249113,2020-08-07T14:50:25,42.40589,-70.12453,2.9,122.3,511.0,R/V WARFISH,,,34,,12,5,,,B
338249113,2020-08-07T14:51:53,42.40613,-70.12456,1.1,304.8,511.0,R/V WARFISH,,,34,,12,5,,,B
338249113,2020-08-07T14:53:21,42.40633,-70.12513,1.3,294.4,511.0,R/V WARFISH,,,34,,12,5,,,B
338249113,2020-08-07T15:02:09,42.40616,-70.12707,0.9,268.3,511.0,R/V WARFISH,,,34,,12,5,,,B
338249113,2020-08-07T15:05:09,42.40947,-70.13135,15.7,322.8,511.0,R/V WARFISH,,,34,,12,5,,,B
338249113,2020-08-07T15:07:24,42.41772,-70.13809,15.4,327.5,511.0,R/V WARFISH,,,34,,12,5,,,B
338238729,2020-08-21T08:34:58,42.38683,-70.12494,7.6,19.1,355.0,TEHIYA,,ZCYC2,36,,19,10,,,B
338238729,2020-08-21T08:36:28,42.38995,-70.12370,8.0,17.4,353.0,TEHIYA,,ZCYC2,36,,19,10,,,B
338238729,2020-08-21T08:39:58,42.39738,-70.12079,7.4,22.6,357.0,TEHIYA,,ZCYC2,36,,19,10,,,B
338238729,2020-08-21T08:42:28,42.40262,-70.11865,7.7,12.1,347.0,TEHIYA,,ZCYC2,36,,19,10,,,B
338238729,2020-08-21T08:46:29,42.41097,-70.11532,8.3,18.0,349.0,TEHIYA,,ZCYC2,36,,19,10,,,B
338238729,2020-08-21T08:47:30,42.41305,-70.11450,8.0,19.5,354.0,TEHIYA,,ZCYC2,36,,19,10,,,B
338238729,2020-08-21T08:49:28,42.41712,-70.11288,7.3,15.6,13.0,TEHIYA,,ZCYC2,36,,19,10,,,B
338238729,2020-08-21T08:50:29,42.41920,-70.11206,7.1,14.3,353.0,TEHIYA,,ZCYC2,36,,19,10,,,B
368068540,2020-08-22T10:21:51,42.40431,-70.10349,7.4,269.5,511.0,OLYMPIA,,,30,,23,7,,,B
368068540,2020-08-22T10:24:52,42.40417,-70.11178,7.6,269.0,511.0,OLYMPIA,,,30,,23,7,,,B
368068540,2020-08-22T10:25:53,42.40412,-70.11464,7.8,270.0,511.0,OLYMPIA,,,30,,23,7,,,B
368068540,2020-08-22T10:27:52,42.40404,-70.12025,7.4,268.6,511.0,OLYMPIA,,,30,,23,7,,,B
368097840,2020-09-01T07:37:19,42.42008,-70.11923,7.0,207.6,511.0,NEW RULE,,WDK8830,36,,12,5,,,B
368097840,2020-09-01T07:38:48,42.41758,-70.12068,6.7,202.8,511.0,NEW RULE,,WDK8830,36,,12,5,,,B
368097840,2020-09-01T07:39:49,42.41587,-70.12168,7.0,206.3,511.0,NEW RULE,,WDK8830,36,,12,5,,,B
368097840,2020-09-01T07:40:50,42.41419,-70.12265,6.6,202.6,511.0,NEW RULE,,WDK8830,36,,12,5,,,B
368097840,2020-09-01T07:43:19,42.40999,-70.12504,6.2,201.7,511.0,NEW RULE,,WDK8830,36,,12,5,,,B
368097840,2020-09-01T07:44:20,42.40831,-70.12598,6.2,203.8,511.0,NEW RULE,,WDK8830,36,,12,5,,,B
368097840,2020-09-01T07:45:49,42.40585,-70.12742,6.7,206.2,511.0,NEW RULE,,WDK8830,36,,12,5,,,B
368097840,2020-09-01T07:49:19,42.40003,-70.13070,6.0,202.0,511.0,NEW RULE,,WDK8830,36,,12,5,,,B
368097840,2020-09-01T07:50:20,42.39840,-70.13156,6.3,202.2,511.0,NEW RULE,,WDK8830,36,,12,5,,,B
368097840,2020-09-01T07:51:21,42.39670,-70.13243,6.5,203.0,511.0,NEW RULE,,WDK8830,36,,12,5,,,B
368097840,2020-09-01T07:52:49,42.39424,-70.13373,6.7,206.5,511.0,NEW RULE,,WDK8830,36,,12,5,,,B
368097840,2020-09-01T07:53:50,42.39249,-70.13465,6.4,200.5,511.0,NEW RULE,,WDK8830,36,,12,5,,,B
368097840,2020-09-01T07:55:19,42.39002,-70.13598,6.5,198.9,511.0,NEW RULE,,WDK8830,36,,12,5,,,B
367038090,2020-09-26T21:37:33,42.39262,-70.14556,7.8,26.9,511.0,SEA CLOUD,,WDK2832,36,,17,4,,,B
367038090,2020-09-26T21:42:34,42.40276,-70.13818,8.6,23.1,511.0,SEA CLOUD,,WDK2832,36,,17,4,,,B
367038090,2020-09-26T21:44:33,42.40684,-70.13516,8.9,28.1,511.0,SEA CLOUD,,WDK2832,36,,17,4,,,B
367038090,2020-09-26T21:46:03,42.40992,-70.13284,8.5,27.8,511.0,SEA CLOUD,,WDK2832,36,,17,4,,,B
367769430,2020-10-05T20:45:28,42.42092,-70.13429,8.5,14.4,511.0,AILEEN,,WDJ3590,37,,20,5,,,B
316038048,2020-10-19T14:35:13,42.39683,-70.13465,20.5,23.4,26.0,SARAH B,,,37,,15,5,,,B
316038048,2020-10-19T14:39:12,42.41763,-70.12278,20.8,24.1,27.0,SARAH B,,,37,,15,5,,,B
367727940,2020-08-04T07:12:49,42.38688,-70.10618,6.4,289.1,511.0,MORNING STAR,IMO7940118,WDI7359,30,,23,6,,,B
367727940,2020-08-04T07:13:50,42.38752,-70.10849,6.4,291.5,511.0,MORNING STAR,IMO7940118,WDI7359,30,,23,6,,,B
367727940,2020-08-04T07:15:51,42.38885,-70.11290,6.2,290.8,511.0,MORNING STAR,IMO7940118,WDI7359,30,,23,6,,,B
367727940,2020-08-04T07:17:49,42.39017,-70.11735,6.7,294.5,511.0,MORNING STAR,IMO7940118,WDI7359,30,,23,6,,,B
367727940,2020-08-04T07:19:49,42.39146,-70.12178,6.5,292.4,511.0,MORNING STAR,IMO7940118,WDI7359,30,,23,6,,,B
367727940,2020-08-04T07:21:20,42.39243,-70.12509,6.6,292.6,511.0,MORNING STAR,IMO7940118,WDI7359,30,,23,6,,,B
367727940,2020-08-04T07:22:49,42.39347,-70.12842,6.6,294.9,511.0,MORNING STAR,IMO7940118,WDI7359,30,,23,6,,,B
367727940,2020-08-04T07:23:51,42.39422,-70.13074,6.6,293.0,511.0,MORNING STAR,IMO7940118,WDI7359,30,,23,6,,,B
367727940,2020-08-04T07:25:19,42.39516,-70.13406,7.0,292.2,511.0,MORNING STAR,IMO7940118,WDI7359,30,,23,6,,,B
367727940,2020-08-04T07:27:18,42.39654,-70.13846,6.3,292.1,511.0,MORNING STAR,IMO7940118,WDI7359,30,,23,6,,,B
367727940,2020-08-04T07:28:52,42.39764,-70.14183,6.4,293.0,511.0,MORNING STAR,IMO7940118,WDI7359,30,,23,6,,,B
367727940,2020-08-04T07:30:19,42.39863,-70.14496,6.3,293.2,511.0,MORNING STAR,IMO7940118,WDI7359,30,,23,6,,,B
367727940,2020-08-04T07:31:50,42.39971,-70.14832,6.3,293.2,511.0,MORNING STAR,IMO7940118,WDI7359,30,,23,6,,,B
538001646,2020-11-27T02:28:58,42.40962,-70.14965,10.8,143.7,145.0,DEPENDABLE,IMO9242352,V7DI6,90,0,140,21,7.8,,A
538001646,2020-11-27T02:30:18,42.40635,-70.14648,10.8,144.4,146.0,DEPENDABLE,IMO9242352,V7DI6,90,0,140,21,7.8,,A
538001646,2020-11-27T02:35:44,42.39298,-70.13405,10.7,148.2,151.0,DEPENDABLE,IMO9242352,V7DI6,90,0,140,21,7.8,,A
538004193,2020-03-25T22:40:56,42.39515,-70.14759,12.4,143.3,137.0,NIGHTHAWK,IMO9441362,V7VR4,70,0,189,32,12.9,,A
538004193,2020-03-25T22:42:05,42.39195,-70.14445,12.4,143.4,137.0,NIGHTHAWK,IMO9441362,V7VR4,70,0,189,32,12.9,,A
538004193,2020-03-25T22:43:15,42.38860,-70.14106,12.5,143.1,137.0,NIGHTHAWK,IMO9441362,V7VR4,70,0,189,32,12.9,,A
565285000,2020-04-01T03:21:06,42.42041,-70.12782,9.4,156.7,148.0,STRATEGIC HARMONY,IMO9689897,9V2289,70,0,179,30,10.5,,A
565285000,2020-04-01T03:22:17,42.41763,-70.12595,9.3,151.6,148.0,STRATEGIC HARMONY,IMO9689897,9V2289,70,0,179,30,10.5,,A
565285000,2020-04-01T03:23:26,42.41489,-70.12422,9.6,154.1,149.0,STRATEGIC HARMONY,IMO9689897,9V2289,70,0,179,30,10.5,,A
565285000,2020-04-01T03:24:37,42.41213,-70.12243,9.2,152.6,149.0,STRATEGIC HARMONY,IMO9689897,9V2289,70,0,179,30,10.5,,A
565285000,2020-04-01T03:25:47,42.40936,-70.12065,9.3,155.0,149.0,STRATEGIC HARMONY,IMO9689897,9V2289,70,0,179,30,10.5,,A
565285000,2020-04-01T03:26:56,42.40666,-70.11894,9.4,156.9,149.0,STRATEGIC HARMONY,IMO9689897,9V2289,70,0,179,30,10.5,,A
565285000,2020-04-01T03:28:07,42.40376,-70.11717,9.4,157.1,149.0,STRATEGIC HARMONY,IMO9689897,9V2289,70,0,179,30,10.5,,A
565285000,2020-04-01T03:29:16,42.40105,-70.11535,9.7,152.8,148.0,STRATEGIC HARMONY,IMO9689897,9V2289,70,0,179,30,10.5,,A
565285000,2020-04-01T03:30:27,42.39814,-70.11337,9.8,155.5,149.0,STRATEGIC HARMONY,IMO9689897,9V2289,70,0,179,30,10.5,,A
565285000,2020-04-01T03:31:36,42.39538,-70.11158,9.7,157.2,149.0,STRATEGIC HARMONY,IMO9689897,9V2289,70,0,179,30,10.5,,A
565285000,2020-04-01T03:32:46,42.39253,-70.10974,9.4,158.0,149.0,STRATEGIC HARMONY,IMO9689897,9V2289,70,0,179,30,10.5,,A
565285000,2020-04-01T03:33:57,42.38979,-70.10794,9.7,154.3,147.0,STRATEGIC HARMONY,IMO9689897,9V2289,70,0,179,30,10.5,,A
565285000,2020-04-01T03:35:07,42.38699,-70.10608,9.5,151.5,149.0,STRATEGIC HARMONY,IMO9689897,9V2289,70,0,179,30,10.5,,A
368189000,2020-07-26T10:51:55,42.41964,-70.11050,5.5,170.5,511.0,HARVEY GAMAGE,,WDE6354,60,,28,7,,,B
368189000,2020-07-26T10:53:53,42.41669,-70.10966,5.6,166.9,511.0,HARVEY GAMAGE,,WDE6354,60,,28,7,,,B
368189000,2020-07-26T10:55:53,42.41367,-70.10873,5.5,169.5,511.0,HARVEY GAMAGE,,WDE6354,60,,28,7,,,B
368189000,2020-07-26T10:57:23,42.41141,-70.10814,5.6,170.3,511.0,HARVEY GAMAGE,,WDE6354,60,,28,7,,,B
368189000,2020-07-26T10:58:57,42.40896,-70.10755,5.8,168.9,511.0,HARVEY GAMAGE,,WDE6354,60,,28,7,,,B
368189000,2020-07-26T11:00:24,42.40672,-70.10700,5.8,169.1,511.0,HARVEY GAMAGE,,WDE6354,60,,28,7,,,B
368189000,2020-07-26T11:01:53,42.40434,-70.10648,6.3,169.6,511.0,HARVEY GAMAGE,,WDE6354,60,,28,7,,,B
368189000,2020-07-26T11:03:25,42.40178,-70.10603,5.8,176.9,511.0,HARVEY GAMAGE,,WDE6354,60,,28,7,,,B
368189000,2020-07-26T11:04:53,42.39926,-70.10572,6.0,175.6,511.0,HARVEY GAMAGE,,WDE6354,60,,28,7,,,B
368189000,2020-07-26T11:05:54,42.39753,-70.10549,6.0,175.8,511.0,HARVEY GAMAGE,,WDE6354,60,,28,7,,,B
368189000,2020-07-26T11:06:55,42.39586,-70.10521,6.0,172.9,511.0,HARVEY GAMAGE,,WDE6354,60,,28,7,,,B
368189000,2020-07-26T11:08:25,42.39350,-70.10479,5.6,172.7,511.0,HARVEY GAMAGE,,WDE6354,60,,28,7,,,B
368189000,2020-07-26T11:09:53,42.39123,-70.10432,5.6,172.4,511.0,HARVEY GAMAGE,,WDE6354,60,,28,7,,,B
368189000,2020-07-26T11:11:23,42.38898,-70.10387,5.4,171.8,511.0,HARVEY GAMAGE,,WDE6354,60,,28,7,,,B
368189000,2020-07-26T11:12:25,42.38744,-70.10353,5.6,170.5,511.0,HARVEY GAMAGE,,WDE6354,60,,28,7,,,B
367517140,2020-02-24T06:17:46,42.41432,-70.10123,4.2,263.9,511.0,ATLANTIC PRINCE,,WDG2585,30,,19,5,,,B
367517140,2020-02-24T06:19:47,42.41340,-70.10502,6.5,250.3,511.0,ATLANTIC PRINCE,,WDG2585,30,,19,5,,,B
367517140,2020-02-24T06:21:17,42.41271,-70.10776,3.9,253.7,511.0,ATLANTIC PRINCE,,WDG2585,30,,19,5,,,B
367517140,2020-02-24T06:22:47,42.41206,-70.11052,4.9,249.3,511.0,ATLANTIC PRINCE,,WDG2585,30,,19,5,,,B
367517140,2020-02-24T06:24:16,42.41132,-70.11330,4.5,249.8,511.0,ATLANTIC PRINCE,,WDG2585,30,,19,5,,,B
367517140,2020-02-24T06:25:46,42.41061,-70.11606,5.7,253.4,511.0,ATLANTIC PRINCE,,WDG2585,30,,19,5,,,B
367517140,2020-02-24T06:27:46,42.40961,-70.11973,3.4,243.3,511.0,ATLANTIC PRINCE,,WDG2585,30,,19,5,,,B
367517140,2020-02-24T06:28:47,42.40912,-70.12154,4.4,251.9,511.0,ATLANTIC PRINCE,,WDG2585,30,,19,5,,,B
367517140,2020-02-24T06:30:16,42.40840,-70.12426,5.6,246.9,511.0,ATLANTIC PRINCE,,WDG2585,30,,19,5,,,B
367517140,2020-02-24T06:31:46,42.40768,-70.12702,5.0,244.1,511.0,ATLANTIC PRINCE,,WDG2585,30,,19,5,,,B
367517140,2020-02-24T06:32:47,42.40722,-70.12886,4.5,255.2,511.0,ATLANTIC PRINCE,,WDG2585,30,,19,5,,,B
367517140,2020-02-24T06:33:48,42.40672,-70.13071,5.7,244.2,511.0,ATLANTIC PRINCE,,WDG2585,30,,19,5,,,B
367517140,2020-02-24T06:34:49,42.40625,-70.13249,5.9,247.5,511.0,ATLANTIC PRINCE,,WDG2585,30,,19,5,,,B
367517140,2020-02-24T06:36:48,42.40525,-70.13614,5.4,248.0,511.0,ATLANTIC PRINCE,,WDG2585,30,,19,5,,,B
367517140,2020-02-24T06:38:46,42.40434,-70.13963,4.0,255.9,511.0,ATLANTIC PRINCE,,WDG2585,30,,19,5,,,B
367517140,2020-02-24T06:40:17,42.40361,-70.14243,5.6,250.0,511.0,ATLANTIC PRINCE,,WDG2585,30,,19,5,,,B
367517140,2020-02-24T06:41:47,42.40293,-70.14520,3.3,253.2,511.0,ATLANTIC PRINCE,,WDG2585,30,,19,5,,,B
367517140,2020-02-24T06:42:48,42.40239,-70.14705,6.4,243.9,511.0,ATLANTIC PRINCE,,WDG2585,30,,19,5,,,B
367517140,2020-02-24T06:44:16,42.40175,-70.14978,5.1,252.6,511.0,ATLANTIC PRINCE,,WDG2585,30,,19,5,,,B
367262000,2020-08-06T04:50:09,42.41099,-70.14601,10.9,88.8,511.0,CG ESCANABA,,NNAS,90,3,82,11,,,A
367262000,2020-08-06T04:51:19,42.41102,-70.14123,10.9,89.7,511.0,CG ESCANABA,,NNAS,90,3,82,11,,,A
367262000,2020-08-06T04:52:39,42.41111,-70.13585,10.8,89.5,511.0,CG ESCANABA,,NNAS,90,3,82,11,,,A
367262000,2020-08-06T04:53:58,42.41110,-70.13052,10.8,88.5,511.0,CG ESCANABA,,NNAS,90,3,82,11,,,A
367262000,2020-08-06T04:55:08,42.41114,-70.12574,10.9,89.4,511.0,CG ESCANABA,,NNAS,90,3,82,11,,,A
367262000,2020-08-06T04:57:08,42.41117,-70.11759,10.8,90.3,511.0,CG ESCANABA,,NNAS,90,3,82,11,,,A
367262000,2020-08-06T04:58:19,42.41120,-70.11271,10.9,89.5,511.0,CG ESCANABA,,NNAS,90,3,82,11,,,A
367262000,2020-08-06T04:59:39,42.41125,-70.10733,10.9,89.1,511.0,CG ESCANABA,,NNAS,90,3,82,11,,,A
367262000,2020-08-06T05:00:08,42.41127,-70.10535,10.9,89.5,511.0,CG ESCANABA,,NNAS,90,3,82,11,,,A
368006340,2020-07-26T21:58:39,42.41170,-70.10406,7.4,32.7,511.0,MAH JONG CALLUNA,,WDJ7398,36,,,,,,B
367340870,2020-08-19T18:36:24,42.39555,-70.10223,12.6,199.5,511.0,ANNABELLE,,WDE3558,37,,23,5,,,B
367340870,2020-08-19T18:37:26,42.39210,-70.10387,12.7,204.6,511.0,ANNABELLE,,WDE3558,37,,23,5,,,B
367340870,2020-08-19T18:38:56,42.38719,-70.10650,13.1,198.1,511.0,ANNABELLE,,WDE3558,37,,23,5,,,B
366953940,2020-04-06T19:49:41,42.38755,-70.12865,9.9,21.2,511.0,STARLIGHT,IMO7731256,WDB8157,30,0,23,7,,,A
366953940,2020-04-06T19:50:51,42.39050,-70.12682,9.9,22.8,511.0,STARLIGHT,IMO7731256,WDB8157,30,0,23,7,,,A
366953940,2020-04-06T19:52:02,42.39352,-70.12496,10.0,24.2,511.0,STARLIGHT,IMO7731256,WDB8157,30,0,23,7,,,A
366953940,2020-04-06T19:53:32,42.39728,-70.12267,10.2,24.8,511.0,STARLIGHT,IMO7731256,WDB8157,30,0,23,7,,,A
366953940,2020-04-06T19:55:01,42.40106,-70.12040,10.1,24.2,511.0,STARLIGHT,IMO7731256,WDB8157,30,0,23,7,,,A
366953940,2020-04-06T19:56:21,42.40442,-70.11835,9.9,25.5,511.0,STARLIGHT,IMO7731256,WDB8157,30,0,23,7,,,A
366953940,2020-04-06T19:57:32,42.40740,-70.11651,10.0,23.6,511.0,STARLIGHT,IMO7731256,WDB8157,30,0,23,7,,,A
366953940,2020-04-06T19:58:51,42.41078,-70.11451,10.0,23.8,511.0,STARLIGHT,IMO7731256,WDB8157,30,0,23,7,,,A
366953940,2020-04-06T20:00:11,42.41413,-70.11257,10.2,24.6,511.0,STARLIGHT,IMO7731256,WDB8157,30,0,23,7,,,A
366953940,2020-04-06T20:01:21,42.41709,-70.11088,9.9,21.7,511.0,STARLIGHT,IMO7731256,WDB8157,30,0,23,7,,,A
366953940,2020-04-06T20:02:41,42.42039,-70.10867,9.9,28.0,511.0,STARLIGHT,IMO7731256,WDB8157,30,0,23,7,,,A
366953940,2020-05-29T03:37:42,42.39309,-70.12374,9.6,27.9,511.0,STARLIGHT,IMO7731256,WDB8157,30,0,23,7,,,A
366953940,2020-05-29T03:40:32,42.39986,-70.11917,9.8,22.5,511.0,STARLIGHT,IMO7731256,WDB8157,30,0,23,7,,,A
366953940,2020-05-29T03:43:42,42.40763,-70.11424,9.9,24.9,511.0,STARLIGHT,IMO7731256,WDB8157,30,0,23,7,,,A
367212000,2020-07-16T08:20:27,42.42057,-70.10360,10.2,320.6,325.0,ZEUS,IMO7932408,NVTM,90,0,137,22,,,A
367371820,2020-06-01T20:40:01,42.40684,-70.14867,8.7,21.6,25.0,ANACOSTIA,IMO9544217,WDE5804,31,0,30,10,,32,A
367371820,2020-06-01T20:41:10,42.40941,-70.14726,8.7,22.2,26.0,ANACOSTIA,IMO9544217,WDE5804,31,0,30,10,,32,A
367371820,2020-06-01T20:42:21,42.41207,-70.14581,8.7,21.8,26.0,ANACOSTIA,IMO9544217,WDE5804,31,0,30,10,,32,A
367371820,2020-06-01T20:43:30,42.41467,-70.14439,8.7,22.5,25.0,ANACOSTIA,IMO9544217,WDE5804,31,0,30,10,,32,A
367371820,2020-06-01T20:44:51,42.41772,-70.14274,8.7,22.0,25.0,ANACOSTIA,IMO9544217,WDE5804,31,0,30,10,,32,A
367371820,2020-06-01T20:46:01,42.42033,-70.14129,8.8,22.2,25.0,ANACOSTIA,IMO9544217,WDE5804,31,0,30,10,,32,A
367771530,2020-10-04T06:22:30,42.42096,-70.12747,6.4,202.7,511.0,URSA,,WDJ3800,37,,,,,,B
367771530,2020-10-04T06:23:59,42.41860,-70.12884,6.0,203.1,511.0,URSA,,WDJ3800,37,,,,,,B
367771530,2020-10-04T06:25:30,42.41624,-70.13031,6.1,207.6,511.0,URSA,,WDJ3800,37,,,,,,B
367771530,2020-10-04T06:27:32,42.41314,-70.13227,6.3,206.2,511.0,URSA,,WDJ3800,37,,,,,,B
367771530,2020-10-04T06:29:29,42.41014,-70.13415,6.2,204.3,511.0,URSA,,WDJ3800,37,,,,,,B
367771530,2020-10-04T06:30:30,42.40858,-70.13515,6.2,205.9,511.0,URSA,,WDJ3800,37,,,,,,B
367771530,2020-10-04T06:33:29,42.40392,-70.13815,6.2,205.2,511.0,URSA,,WDJ3800,37,,,,,,B
367771530,2020-10-04T06:35:00,42.40159,-70.13971,6.2,205.5,511.0,URSA,,WDJ3800,37,,,,,,B
367771530,2020-10-04T06:37:00,42.39854,-70.14183,6.1,207.6,511.0,URSA,,WDJ3800,37,,,,,,B
367771530,2020-10-04T06:38:29,42.39627,-70.14344,6.1,206.5,511.0,URSA,,WDJ3800,37,,,,,,B
367771530,2020-10-04T06:39:59,42.39401,-70.14511,6.0,211.4,511.0,URSA,,WDJ3800,37,,,,,,B
367771530,2020-10-04T06:41:30,42.39174,-70.14679,5.9,210.5,511.0,URSA,,WDJ3800,37,,,,,,B
367771530,2020-10-04T06:44:00,42.38802,-70.14939,5.9,206.7,511.0,URSA,,WDJ3800,37,,,,,,B
538001646,2020-07-13T16:32:41,42.40833,-70.14563,9.7,146.3,145.0,DEPENDABLE,IMO9242352,V7DI6,90,0,140,21,7.8,90,A
538001646,2020-07-13T16:34:12,42.40495,-70.14265,9.7,145.0,143.0,DEPENDABLE,IMO9242352,V7DI6,90,0,140,21,7.8,90,A
538001646,2020-07-13T16:35:21,42.40243,-70.14020,9.6,144.4,143.0,DEPENDABLE,IMO9242352,V7DI6,90,0,140,21,7.8,90,A
538001646,2020-07-13T16:37:02,42.39872,-70.13668,9.7,144.5,143.0,DEPENDABLE,IMO9242352,V7DI6,90,0,140,21,7.8,90,A
538001646,2020-07-13T16:38:21,42.39590,-70.13397,9.7,146.2,146.0,DEPENDABLE,IMO9242352,V7DI6,90,0,140,21,7.8,90,A
538001646,2020-07-13T16:40:02,42.39208,-70.13090,9.3,147.7,144.0,DEPENDABLE,IMO9242352,V7DI6,90,0,140,21,7.8,90,A
538001646,2020-07-13T16:41:42,42.38863,-70.12760,9.2,144.3,144.0,DEPENDABLE,IMO9242352,V7DI6,90,0,140,21,7.8,90,A
316294000,2020-02-15T10:35:24,42.39704,-70.11013,10.6,261.2,259.0,HMCS MONCTON,,CGJC,90,0,,,,35,A
316294000,2020-02-15T10:37:32,42.39583,-70.11850,10.3,263.3,264.0,HMCS MONCTON,,CGJC,90,0,,,,35,A
316294000,2020-02-15T10:40:14,42.39427,-70.12908,10.9,253.9,257.0,HMCS MONCTON,,CGJC,90,0,,,,35,A
316294000,2020-02-15T10:41:32,42.39367,-70.13417,10.3,259.3,263.0,HMCS MONCTON,,CGJC,90,0,,,,35,A
316294000,2020-02-15T10:44:57,42.39217,-70.14767,10.3,260.6,265.0,HMCS MONCTON,,CGJC,90,0,,,,35,A
367787780,2020-06-08T16:25:49,42.39830,-70.14874,7.8,23.8,25.0,OLAF,,WDJ5450,37,0,,,,,A
367787780,2020-06-08T16:26:51,42.40039,-70.14764,7.6,21.3,25.0,OLAF,,WDJ5450,37,0,,,,,A
367787780,2020-06-08T16:27:54,42.40245,-70.14634,7.9,24.8,26.0,OLAF,,WDJ5450,37,0,,,,,A
367787780,2020-06-08T16:28:55,42.40446,-70.14506,7.8,22.4,23.0,OLAF,,WDJ5450,37,0,,,,,A
367787780,2020-06-08T16:29:56,42.40646,-70.14382,8.0,26.0,26.0,OLAF,,WDJ5450,37,0,,,,,A
367787780,2020-06-08T16:30:57,42.40849,-70.14250,7.7,28.2,25.0,OLAF,,WDJ5450,37,0,,,,,A
367787780,2020-06-08T16:31:58,42.41047,-70.14117,7.9,28.2,26.0,OLAF,,WDJ5450,37,0,,,,,A
367787780,2020-06-08T16:33:03,42.41255,-70.13975,7.9,26.2,22.0,OLAF,,WDJ5450,37,0,,,,,A
367787780,2020-06-08T16:34:04,42.41453,-70.13840,7.8,27.2,22.0,OLAF,,WDJ5450,37,0,,,,,A
367787780,2020-06-08T16:35:08,42.41667,-70.13698,7.9,26.9,25.0,OLAF,,WDJ5450,37,0,,,,,A
367787780,2020-06-08T16:36:09,42.41868,-70.13565,8.1,26.2,28.0,OLAF,,WDJ5450,37,0,,,,,A
367787780,2020-06-08T16:37:12,42.42075,-70.13435,8.0,23.9,27.0,OLAF,,WDJ5450,37,0,,,,,A
367594499,2020-06-21T12:03:34,42.38655,-70.13924,9.1,15.1,16.0,TRIXIE,IMO9876543,WDH2112,37,0,24,7,2.4,37,A
367594499,2020-06-21T12:04:44,42.38939,-70.13818,9.3,15.4,14.0,TRIXIE,IMO9876543,WDH2112,37,0,24,7,2.4,37,A
367594499,2020-06-21T12:05:54,42.39229,-70.13720,9.2,18.6,17.0,TRIXIE,IMO9876543,WDH2112,37,0,24,7,2.4,37,A
367594499,2020-06-21T12:07:04,42.39525,-70.13626,9.3,12.5,15.0,TRIXIE,IMO9876543,WDH2112,37,0,24,7,2.4,37,A
367594499,2020-06-21T12:08:14,42.39810,-70.13513,9.3,14.7,14.0,TRIXIE,IMO9876543,WDH2112,37,0,24,7,2.4,37,A
367594499,2020-06-21T12:09:23,42.40100,-70.13416,9.4,13.3,15.0,TRIXIE,IMO9876543,WDH2112,37,0,24,7,2.4,37,A
367594499,2020-06-21T12:10:43,42.40439,-70.13292,9.3,14.8,17.0,TRIXIE,IMO9876543,WDH2112,37,0,24,7,2.4,37,A
367594499,2020-06-21T12:11:55,42.40738,-70.13186,9.4,13.6,14.0,TRIXIE,IMO9876543,WDH2112,37,0,24,7,2.4,37,A
367594499,2020-06-21T12:13:05,42.41034,-70.13091,9.3,13.7,17.0,TRIXIE,IMO9876543,WDH2112,37,0,24,7,2.4,37,A
367594499,2020-06-21T12:14:14,42.41331,-70.12989,9.4,14.9,18.0,TRIXIE,IMO9876543,WDH2112,37,0,24,7,2.4,37,A
367594499,2020-06-21T12:15:55,42.41756,-70.12829,9.6,10.7,12.0,TRIXIE,IMO9876543,WDH2112,37,0,24,7,2.4,37,A
367594499,2020-06-21T12:17:03,42.42053,-70.12736,9.5,13.7,16.0,TRIXIE,IMO9876543,WDH2112,37,0,24,7,2.4,37,A
265758540,2020-07-07T18:23:25,42.40378,-70.14963,7.1,17.2,511.0,HILMA,,SFGR,36,,12,4,,,B
265758540,2020-07-07T18:24:50,42.40633,-70.14900,6.6,18.9,511.0,HILMA,,SFGR,36,,12,4,,,B
265758540,2020-07-07T18:25:51,42.40799,-70.14843,6.7,14.5,511.0,HILMA,,SFGR,36,,12,4,,,B
265758540,2020-07-07T18:27:20,42.41056,-70.14732,7.1,19.1,511.0,HILMA,,SFGR,36,,12,4,,,B
265758540,2020-07-07T18:28:52,42.41309,-70.14597,6.7,26.1,511.0,HILMA,,SFGR,36,,12,4,,,B
265758540,2020-07-07T18:30:26,42.41580,-70.14450,6.9,21.0,511.0,HILMA,,SFGR,36,,12,4,,,B
265758540,2020-07-07T18:31:50,42.41824,-70.14312,6.6,23.0,511.0,HILMA,,SFGR,36,,12,4,,,B
265758540,2020-07-07T18:33:20,42.42074,-70.14181,6.4,20.9,511.0,HILMA,,SFGR,36,,12,4,,,B
338224715,2020-08-08T14:24:39,42.41357,-70.14613,7.5,21.9,511.0,HAVEN,,KB1HCQ,37,,16,4,,,B
232019171,2020-08-23T01:01:27,42.39200,-70.13653,4.1,201.1,191.0,II TENDER,,MEGQ7,36,,12,3,,,B
232019171,2020-08-23T01:03:58,42.38928,-70.13791,4.0,202.3,208.0,II TENDER,,MEGQ7,36,,12,3,,,B
232019171,2020-08-23T01:05:26,42.38774,-70.13870,4.0,200.5,191.0,II TENDER,,MEGQ7,36,,12,3,,,B
232019171,2020-08-23T01:06:56,42.38603,-70.13961,4.7,202.9,190.0,II TENDER,,MEGQ7,36,,12,3,,,B
319290000,2020-10-06T20:50:51,42.38811,-70.13065,9.8,37.6,511.0,ANGEL,,ZCTY4,37,0,,,,36,A
319290000,2020-10-06T20:52:01,42.39089,-70.12909,10.4,46.2,511.0,ANGEL,,ZCTY4,37,0,,,,36,A
319290000,2020-10-06T20:54:40,42.39740,-70.12562,10.5,44.7,511.0,ANGEL,,ZCTY4,37,0,,,,36,A
319290000,2020-10-06T20:55:59,42.40061,-70.12380,10.6,35.7,511.0,ANGEL,,ZCTY4,37,0,,,,36,A
319290000,2020-10-06T20:57:59,42.40545,-70.12129,9.7,25.4,511.0,ANGEL,,ZCTY4,37,0,,,,36,A
319290000,2020-10-06T20:59:01,42.40793,-70.11996,9.6,14.7,511.0,ANGEL,,ZCTY4,37,0,,,,36,A
319290000,2020-10-06T21:00:01,42.41033,-70.11864,9.7,19.6,511.0,ANGEL,,ZCTY4,37,0,,,,36,A
319290000,2020-10-06T21:01:10,42.41315,-70.11711,10.3,41.6,511.0,ANGEL,,ZCTY4,37,0,,,,36,A
319290000,2020-10-06T21:02:14,42.41567,-70.11567,9.5,22.1,23.0,ANGEL,,ZCTY4,37,,,,,36,B
319290000,2020-10-06T21:03:21,42.41837,-70.11427,10.2,39.6,511.0,ANGEL,,ZCTY4,37,0,,,,36,A
319290000,2020-10-06T21:04:31,42.42117,-70.11277,11.4,18.5,511.0,ANGEL,,ZCTY4,37,0,,,,36,A
1193046,2020-09-24T07:13:12,42.39467,-70.10251,7.1,209.0,209.0,NAUTICAST,IMO3031741,D11233,50,8,220,43,3.0,36,A
1193046,2020-09-24T07:17:12,42.38730,-70.10833,7.9,216.0,206.0,NAUTICAST,IMO3031741,D11233,50,8,220,43,3.0,36,A
538002220,2020-07-31T18:53:49,42.41972,-70.14518,14.2,234.5,235.0,NEW ENGLAND,IMO9298727,V7HF3,80,0,182,27,11.2,,A
636017557,2020-03-16T23:04:42,42.42130,-70.13265,9.4,150.0,151.0,ARALIA,IMO9263253,D5LN6,70,0,189,30,11.7,,A
636017557,2020-03-16T23:05:52,42.41862,-70.13072,9.5,151.0,151.0,ARALIA,IMO9263253,D5LN6,70,0,189,30,11.7,,A
636017557,2020-03-16T23:07:04,42.41580,-70.12867,9.4,151.0,151.0,ARALIA,IMO9263253,D5LN6,70,0,189,30,11.7,,A
636017557,2020-03-16T23:08:13,42.41315,-70.12678,9.5,152.0,152.0,ARALIA,IMO9263253,D5LN6,70,0,189,30,11.7,,A
636017557,2020-03-16T23:09:23,42.41042,-70.12488,9.5,152.0,152.0,ARALIA,IMO9263253,D5LN6,70,0,189,30,11.7,,A
636017557,2020-03-16T23:10:34,42.40758,-70.12295,9.4,153.0,152.0,ARALIA,IMO9263253,D5LN6,70,0,189,30,11.7,,A
636017557,2020-03-16T23:11:53,42.40450,-70.12085,9.4,152.0,151.0,ARALIA,IMO9263253,D5LN6,70,0,189,30,11.7,,A
636017557,2020-03-16T23:13:03,42.40175,-70.11892,9.4,152.0,151.0,ARALIA,IMO9263253,D5LN6,70,0,189,30,11.7,,A
636017557,2020-03-16T23:14:12,42.39907,-70.11703,9.4,152.0,151.0,ARALIA,IMO9263253,D5LN6,70,0,189,30,11.7,,A
636017557,2020-03-16T23:15:13,42.39672,-70.11542,9.5,152.0,151.0,ARALIA,IMO9263253,D5LN6,70,0,189,30,11.7,,A
636017557,2020-03-16T23:16:22,42.39397,-70.11347,9.5,152.0,151.0,ARALIA,IMO9263253,D5LN6,70,0,189,30,11.7,,A
636017557,2020-03-16T23:17:42,42.39087,-70.11127,9.6,152.0,151.0,ARALIA,IMO9263253,D5LN6,70,0,189,30,11.7,,A
636017557,2020-03-16T23:18:52,42.38808,-70.10932,9.6,152.0,152.0,ARALIA,IMO9263253,D5LN6,70,0,189,30,11.7,,A
367329820,2020-07-09T08:11:01,42.38691,-70.13855,5.5,24.5,24.0,VESPERS,,WDF8467,37,,12,3,,,B
367329820,2020-07-09T08:12:02,42.38831,-70.13778,5.0,27.7,33.0,VESPERS,,WDF8467,37,,12,3,,,B
367329820,2020-07-09T08:22:03,42.40153,-70.12966,4.8,23.7,26.0,VESPERS,,WDF8467,37,,12,3,,,B
367329820,2020-07-09T08:24:03,42.40414,-70.12800,5.2,28.2,23.0,VESPERS,,WDF8467,37,,12,3,,,B
367329820,2020-07-09T08:26:40,42.40754,-70.12585,5.1,21.3,23.0,VESPERS,,WDF8467,37,,12,3,,,B
367329820,2020-07-09T08:28:35,42.41010,-70.12434,5.0,22.6,39.0,VESPERS,,WDF8467,37,,12,3,,,B
367329820,2020-07-09T08:30:02,42.41201,-70.12318,5.3,29.0,28.0,VESPERS,,WDF8467,37,,12,3,,,B
367329820,2020-07-09T08:31:36,42.41396,-70.12197,5.1,22.9,38.0,VESPERS,,WDF8467,37,,12,3,,,B
367329820,2020-07-09T08:33:03,42.41575,-70.12085,4.9,23.6,23.0,VESPERS,,WDF8467,37,,12,3,,,B
367329820,2020-07-09T08:34:32,42.41759,-70.11970,5.3,28.2,38.0,VESPERS,,WDF8467,37,,12,3,,,B
367329820,2020-07-09T08:36:02,42.41936,-70.11855,4.6,27.7,24.0,VESPERS,,WDF8467,37,,12,3,,,B
367329820,2020-07-09T08:37:32,42.42123,-70.11743,5.0,26.6,28.0,VESPERS,,WDF8467,37,,12,3,,,B
319290000,2020-08-03T01:11:47,42.38757,-70.12579,8.9,28.3,511.0,ANGEL,,ZCTY4,37,8,,,,36,A
319290000,2020-08-03T01:12:58,42.39026,-70.12423,9.0,21.6,511.0,ANGEL,,ZCTY4,37,8,,,,36,A
319290000,2020-08-03T01:14:07,42.39287,-70.12272,8.7,26.2,511.0,ANGEL,,ZCTY4,37,8,,,,36,A
319290000,2020-08-03T01:15:18,42.39547,-70.12112,8.8,21.2,511.0,ANGEL,,ZCTY4,37,8,,,,36,A
319290000,2020-08-03T01:16:28,42.39817,-70.11953,9.1,21.4,511.0,ANGEL,,ZCTY4,37,8,,,,36,A
319290000,2020-08-03T01:17:47,42.40113,-70.11781,9.0,22.5,511.0,ANGEL,,ZCTY4,37,8,,,,36,A
319290000,2020-08-03T01:18:58,42.40379,-70.11615,9.1,27.3,511.0,ANGEL,,ZCTY4,37,8,,,,36,A
319290000,2020-08-03T01:20:08,42.40645,-70.11463,9.0,23.5,511.0,ANGEL,,ZCTY4,37,8,,,,36,A
319290000,2020-08-03T01:21:18,42.40909,-70.11305,8.8,26.7,511.0,ANGEL,,ZCTY4,37,8,,,,36,A
319290000,2020-08-03T01:22:28,42.41174,-70.11154,8.8,21.1,511.0,ANGEL,,ZCTY4,37,8,,,,36,A
319290000,2020-08-03T01:23:37,42.41437,-70.11000,8.8,20.4,511.0,ANGEL,,ZCTY4,37,8,,,,36,A
319290000,2020-08-03T01:24:48,42.41704,-70.10836,8.6,22.2,511.0,ANGEL,,ZCTY4,37,8,,,,36,A
319290000,2020-08-03T01:25:57,42.41962,-70.10686,8.6,24.9,511.0,ANGEL,,ZCTY4,37,8,,,,36,A
367710210,2020-08-13T18:43:19,42.41173,-70.10545,9.3,287.8,511.0,SEA RAMBLER,IMO8851560,WDI5595,30,,22,6,,,B
367710210,2020-08-13T18:45:47,42.41381,-70.11375,9.6,288.2,511.0,SEA RAMBLER,IMO8851560,WDI5595,30,,22,6,,,B
367710210,2020-08-13T18:48:48,42.41624,-70.12379,9.5,287.6,511.0,SEA RAMBLER,IMO8851560,WDI5595,30,,22,6,,,B
367710210,2020-08-13T18:49:49,42.41708,-70.12716,9.4,288.2,511.0,SEA RAMBLER,IMO8851560,WDI5595,30,,22,6,,,B
367608380,2020-01-24T02:17:38,42.39334,-70.10153,6.4,260.5,511.0,PADRE PIO,,WDH3543,30,,19,5,,,B
367608380,2020-01-24T02:19:09,42.39283,-70.10532,7.0,261.5,511.0,PADRE PIO,,WDH3543,30,,19,5,,,B
367608380,2020-01-24T02:21:11,42.39209,-70.11047,6.7,264.3,511.0,PADRE PIO,,WDH3543,30,,19,5,,,B
367608380,2020-01-24T02:23:39,42.39137,-70.11636,6.0,259.5,511.0,PADRE PIO,,WDH3543,30,,19,5,,,B
367608380,2020-01-24T02:25:10,42.39094,-70.11992,6.5,259.4,511.0,PADRE PIO,,WDH3543,30,,19,5,,,B
367608380,2020-01-24T02:26:38,42.39053,-70.12338,6.9,257.5,511.0,PADRE PIO,,WDH3543,30,,19,5,,,B
367608380,2020-01-24T02:27:39,42.39020,-70.12584,6.3,262.1,511.0,PADRE PIO,,WDH3543,30,,19,5,,,B
367608380,2020-01-24T02:29:38,42.38966,-70.13049,6.4,262.1,511.0,PADRE PIO,,WDH3543,30,,19,5,,,B
367608380,2020-01-24T02:31:09,42.38927,-70.13399,6.1,257.6,511.0,PADRE PIO,,WDH3543,30,,19,5,,,B
367608380,2020-01-24T02:32:38,42.38885,-70.13743,6.1,258.5,511.0,PADRE PIO,,WDH3543,30,,19,5,,,B
367608380,2020-01-24T02:33:39,42.38857,-70.13983,6.2,264.1,511.0,PADRE PIO,,WDH3543,30,,19,5,,,B
367608380,2020-01-24T02:35:08,42.38816,-70.14325,6.3,261.7,511.0,PADRE PIO,,WDH3543,30,,19,5,,,B
367608380,2020-01-24T02:36:38,42.38771,-70.14676,6.2,261.2,511.0,PADRE PIO,,WDH3543,30,,19,5,,,B
338152603,2020-10-04T19:07:09,42.38685,-70.11455,21.7,73.4,511.0,VERONICA,,,37,,,,,,B
338152603,2020-10-04T19:08:12,42.38909,-70.10683,25.2,62.8,511.0,VERONICA,,,37,,,,,,B
338152603,2020-10-04T19:09:38,42.38976,-70.10358,0.8,134.3,511.0,VERONICA,,,37,,,,,,B
338152603,2020-10-04T19:10:39,42.38957,-70.10339,0.7,143.0,511.0,VERONICA,,,37,,,,,,B
338152603,2020-10-04T19:14:37,42.38896,-70.10286,1.0,132.6,511.0,VERONICA,,,37,,,,,,B
338152603,2020-10-04T19:18:06,42.38851,-70.10226,0.9,142.7,511.0,VERONICA,,,37,,,,,,B
319018500,2020-08-18T20:55:36,42.40403,-70.10460,14.8,216.0,217.0,ASPEN ALTERNATIVE,IMO9583251,ZGAM9,37,0,50,8,2.4,37,A
319018500,2020-08-18T20:57:18,42.39860,-70.11002,14.8,216.0,216.0,ASPEN ALTERNATIVE,IMO9583251,ZGAM9,37,0,50,8,2.4,37,A
319018500,2020-08-18T20:59:18,42.39215,-70.11660,14.4,218.0,215.0,ASPEN ALTERNATIVE,IMO9583251,ZGAM9,37,0,50,8,2.4,37,A
319018500,2020-08-18T21:00:01,42.38978,-70.11903,14.6,217.0,216.0,ASPEN ALTERNATIVE,IMO9583251,ZGAM9,37,0,50,8,2.4,37,A
319018500,2020-08-18T21:01:06,42.38620,-70.12258,14.3,214.0,215.0,ASPEN ALTERNATIVE,IMO9583251,ZGAM9,37,0,50,8,2.4,37,A
316200000,2020-02-15T09:15:42,42.39618,-70.11727,6.7,269.8,264.0,HMCS GOOSE BAY,,CGBV,90,0,,,,,A
316200000,2020-02-15T09:17:11,42.39570,-70.12116,7.1,261.3,263.0,HMCS GOOSE BAY,,CGBV,90,0,,,,,A
316200000,2020-02-15T09:21:11,42.39438,-70.13159,6.7,264.3,264.0,HMCS GOOSE BAY,,CGBV,90,0,,,,,A
319290000,2020-08-23T07:03:38,42.40411,-70.10255,9.2,196.0,511.0,ANGEL,,ZCTY4,37,0,,,,36,A
319290000,2020-08-23T07:04:48,42.40150,-70.10409,9.9,203.8,511.0,ANGEL,,ZCTY4,37,0,,,,36,A
319290000,2020-08-23T07:05:57,42.39885,-70.10564,9.1,205.7,511.0,ANGEL,,ZCTY4,37,0,,,,36,A
319290000,2020-08-23T07:07:05,42.39625,-70.10718,9.5,203.7,203.0,ANGEL,,ZCTY4,37,,,,,36,B
319290000,2020-08-23T07:08:07,42.39393,-70.10853,9.5,203.0,204.0,ANGEL,,ZCTY4,37,,,,,36,B
319290000,2020-08-23T07:09:29,42.39082,-70.11039,8.7,211.6,511.0,ANGEL,,ZCTY4,37,0,,,,36,A
319290000,2020-08-23T07:10:37,42.38826,-70.11195,9.2,206.8,511.0,ANGEL,,ZCTY4,37,0,,,,36,A
367678870,2020-08-14T02:14:14,42.38806,-70.11234,7.2,22.9,511.0,BALLYHOO,,WDI2506,37,,13,4,,,B
367678870,2020-08-14T02:15:45,42.39088,-70.11081,7.3,22.1,511.0,BALLYHOO,,WDI2506,37,,13,4,,,B
367678870,2020-08-14T02:17:15,42.39370,-70.10929,7.3,23.4,511.0,BALLYHOO,,WDI2506,37,,13,4,,,B
367678870,2020-08-14T02:18:44,42.39653,-70.10773,7.4,22.4,511.0,BALLYHOO,,WDI2506,37,,13,4,,,B
367678870,2020-08-14T02:20:15,42.39940,-70.10616,7.3,19.8,511.0,BALLYHOO,,WDI2506,37,,13,4,,,B
367678870,2020-08-14T02:21:44,42.40220,-70.10460,7.2,23.9,511.0,BALLYHOO,,WDI2506,37,,13,4,,,B
367678870,2020-08-14T02:23:15,42.40505,-70.10298,7.4,21.8,511.0,BALLYHOO,,WDI2506,37,,13,4,,,B
367678870,2020-08-14T02:24:44,42.40781,-70.10139,7.2,24.8,511.0,BALLYHOO,,WDI2506,37,,13,4,,,B
338152603,2020-07-25T16:52:48,42.38624,-70.11212,0.6,55.4,511.0,VERONICA,,,37,,,,,,B
338152603,2020-07-25T16:59:19,42.38667,-70.11105,0.4,55.6,511.0,VERONICA,,,37,,,,,,B
338152603,2020-07-25T17:02:17,42.38684,-70.11069,0.3,36.6,511.0,VERONICA,,,37,,,,,,B
338152603,2020-07-25T17:05:17,42.38720,-70.11029,0.4,46.2,511.0,VERONICA,,,37,,,,,,B
338152603,2020-07-25T17:08:17,42.38730,-70.10983,0.2,39.8,511.0,VERONICA,,,37,,,,,,B
338152603,2020-07-25T17:11:17,42.38739,-70.10946,0.5,86.9,511.0,VERONICA,,,37,,,,,,B
338152603,2020-07-25T17:14:18,42.38745,-70.10890,0.6,76.7,511.0,VERONICA,,,37,,,,,,B
338152603,2020-07-25T17:17:48,42.38814,-70.10765,5.4,58.2,511.0,VERONICA,,,37,,,,,,B
338152603,2020-07-25T17:19:17,42.38887,-70.10288,11.3,77.6,511.0,VERONICA,,,37,,,,,,B
338152603,2020-09-26T18:26:03,42.38702,-70.12037,23.2,82.6,511.0,VERONICA,,,37,,,,,,B
338152603,2020-09-26T18:28:03,42.38956,-70.10655,3.9,60.1,511.0,VERONICA,,,37,,,,,,B
338152603,2020-09-26T18:29:05,42.38974,-70.10628,1.5,343.0,511.0,VERONICA,,,37,,,,,,B
338152603,2020-09-26T18:31:03,42.39021,-70.10655,0.2,337.4,511.0,VERONICA,,,37,,,,,,B
338152603,2020-09-26T18:32:34,42.39059,-70.10684,0.2,328.4,511.0,VERONICA,,,37,,,,,,B
338152603,2020-09-26T18:42:34,42.39335,-70.10881,1.3,328.4,511.0,VERONICA,,,37,,,,,,B
338152603,2020-09-26T18:48:33,42.39513,-70.11008,2.6,343.0,511.0,VERONICA,,,37,,,,,,B
338152603,2020-09-26T18:54:33,42.39688,-70.11137,0.9,335.8,511.0,VERONICA,,,37,,,,,,B
338152603,2020-09-26T18:56:33,42.39748,-70.11180,0.8,325.9,511.0,VERONICA,,,37,,,,,,B
338152603,2020-09-26T18:58:34,42.39808,-70.11224,1.1,332.9,511.0,VERONICA,,,37,,,,,,B
338152603,2020-09-26T19:00:04,42.39850,-70.11256,1.6,314.9,511.0,VERONICA,,,37,,,,,,B
338152603,2020-09-26T19:01:34,42.39898,-70.11285,1.4,338.7,511.0,VERONICA,,,37,,,,,,B
338152603,2020-09-26T19:04:33,42.39987,-70.11350,1.3,325.7,511.0,VERONICA,,,37,,,,,,B
338152603,2020-09-26T19:05:34,42.40017,-70.11372,0.7,329.1,511.0,VERONICA,,,37,,,,,,B
338152603,2020-09-26T19:07:07,42.40061,-70.11407,1.4,340.8,511.0,VERONICA,,,37,,,,,,B
338152603,2020-09-26T19:10:05,42.40146,-70.11472,1.8,332.2,511.0,VERONICA,,,37,,,,,,B
338152603,2020-09-26T19:13:33,42.40247,-70.11545,2.1,334.8,511.0,VERONICA,,,37,,,,,,B
338152603,2020-09-26T19:14:34,42.40276,-70.11567,0.4,341.1,511.0,VERONICA,,,37,,,,,,B
338152603,2020-09-26T19:16:34,42.40335,-70.11606,1.1,341.8,511.0,VERONICA,,,37,,,,,,B
338152603,2020-09-26T19:17:35,42.40362,-70.11625,0.8,331.6,511.0,VERONICA,,,37,,,,,,B
338152603,2020-09-26T19:19:33,42.40414,-70.11672,0.9,322.0,511.0,VERONICA,,,37,,,,,,B
338152603,2020-09-26T19:20:34,42.40443,-70.11692,0.8,338.9,511.0,VERONICA,,,37,,,,,,B
338152603,2020-09-26T19:26:03,42.40601,-70.11832,0.8,322.9,511.0,VERONICA,,,37,,,,,,B
338152603,2020-09-26T19:32:33,42.40796,-70.11992,2.3,331.0,511.0,VERONICA,,,37,,,,,,B
338152603,2020-09-26T19:41:33,42.40856,-70.11992,19.6,141.9,511.0,VERONICA,,,37,,,,,,B
338152603,2020-09-26T19:54:05,42.39030,-70.10786,1.2,327.8,511.0,VERONICA,,,37,,,,,,B
338152603,2020-09-26T19:55:35,42.39072,-70.10831,2.6,317.5,511.0,VERONICA,,,37,,,,,,B
338152603,2020-09-26T19:57:35,42.39129,-70.10895,2.3,313.8,511.0,VERONICA,,,37,,,,,,B
338152603,2020-09-26T19:59:04,42.39169,-70.10940,0.4,334.4,511.0,VERONICA,,,37,,,,,,B
338152603,2020-09-26T20:00:03,42.39199,-70.10968,1.6,329.2,511.0,VERONICA,,,37,,,,,,B
338152603,2020-09-26T20:01:33,42.39243,-70.11012,1.4,316.5,511.0,VERONICA,,,37,,,,,,B
338152603,2020-09-26T20:02:34,42.39274,-70.11041,1.7,338.2,511.0,VERONICA,,,37,,,,,,B
338152603,2020-09-26T20:04:03,42.39327,-70.11124,12.2,255.6,511.0,VERONICA,,,37,,,,,,B
338152603,2020-09-26T20:05:34,42.39259,-70.11492,23.7,264.5,511.0,VERONICA,,,37,,,,,,B
338152603,2020-09-26T20:07:03,42.39278,-70.12771,24.1,269.4,511.0,VERONICA,,,37,,,,,,B
338152603,2020-09-26T20:08:04,42.39222,-70.13669,24.3,267.6,511.0,VERONICA,,,37,,,,,,B
338140783,2020-10-23T02:07:17,42.41950,-70.10199,5.2,206.2,511.0,CALICO SKIES,,,37,,10,,,,B
338140783,2020-10-23T02:08:46,42.41755,-70.10314,6.0,207.6,511.0,CALICO SKIES,,,37,,10,,,,B
338140783,2020-10-23T02:10:16,42.41563,-70.10432,5.0,204.4,511.0,CALICO SKIES,,,37,,10,,,,B
338140783,2020-10-23T02:11:46,42.41407,-70.10532,4.5,210.4,511.0,CALICO SKIES,,,37,,10,,,,B
338140783,2020-10-23T02:13:15,42.41237,-70.10629,4.8,204.4,511.0,CALICO SKIES,,,37,,10,,,,B
338140783,2020-10-23T02:14:16,42.41106,-70.10704,5.4,201.9,511.0,CALICO SKIES,,,37,,10,,,,B
338140783,2020-10-23T02:15:45,42.40905,-70.10816,4.9,202.8,511.0,CALICO SKIES,,,37,,10,,,,B
338140783,2020-10-23T02:19:46,42.40347,-70.11151,5.4,204.8,511.0,CALICO SKIES,,,37,,10,,,,B
338140783,2020-10-23T02:21:46,42.40064,-70.11317,5.2,202.4,511.0,CALICO SKIES,,,37,,10,,,,B
338140783,2020-10-23T02:24:47,42.39698,-70.11537,4.1,207.7,511.0,CALICO SKIES,,,37,,10,,,,B
338140783,2020-10-23T02:34:17,42.39030,-70.11971,2.8,207.8,511.0,CALICO SKIES,,,37,,10,,,,B
338140783,2020-10-23T02:36:17,42.38865,-70.12078,3.3,208.3,511.0,CALICO SKIES,,,37,,10,,,,B
338140783,2020-10-23T02:37:45,42.38735,-70.12160,3.8,205.7,511.0,CALICO SKIES,,,37,,10,,,,B
338140783,2020-10-23T02:38:46,42.38646,-70.12218,4.0,203.8,511.0,CALICO SKIES,,,37,,10,,,,B
367608380,2020-07-17T00:55:42,42.39482,-70.10350,6.8,257.7,511.0,PADRE PIO,,WDH3543,30,,19,5,,,B
367608380,2020-07-17T00:57:42,42.39398,-70.10849,6.7,257.9,511.0,PADRE PIO,,WDH3543,30,,19,5,,,B
367608380,2020-07-17T00:59:12,42.39357,-70.11218,6.8,260.4,511.0,PADRE PIO,,WDH3543,30,,19,5,,,B
367608380,2020-07-17T01:00:12,42.39332,-70.11464,6.2,261.9,511.0,PADRE PIO,,WDH3543,30,,19,5,,,B
367608380,2020-07-17T01:01:42,42.39291,-70.11829,6.4,261.5,511.0,PADRE PIO,,WDH3543,30,,19,5,,,B
367608380,2020-07-17T01:04:12,42.39220,-70.12450,6.2,261.5,511.0,PADRE PIO,,WDH3543,30,,19,5,,,B
367608380,2020-07-17T01:05:41,42.39179,-70.12824,7.0,261.6,511.0,PADRE PIO,,WDH3543,30,,19,5,,,B
367608380,2020-07-17T01:07:11,42.39132,-70.13192,6.5,257.7,511.0,PADRE PIO,,WDH3543,30,,19,5,,,B
367608380,2020-07-17T01:08:12,42.39101,-70.13439,6.9,260.4,511.0,PADRE PIO,,WDH3543,30,,19,5,,,B
367608380,2020-07-17T01:09:13,42.39071,-70.13691,7.0,262.2,511.0,PADRE PIO,,WDH3543,30,,19,5,,,B
367608380,2020-07-17T01:10:42,42.39025,-70.14061,6.9,260.7,511.0,PADRE PIO,,WDH3543,30,,19,5,,,B
367608380,2020-07-17T01:12:14,42.38984,-70.14438,6.5,261.7,511.0,PADRE PIO,,WDH3543,30,,19,5,,,B
367608380,2020-07-17T01:13:43,42.38947,-70.14799,6.4,260.6,511.0,PADRE PIO,,WDH3543,30,,19,5,,,B
367608380,2020-07-28T00:09:33,42.40169,-70.10129,5.8,263.0,511.0,PADRE PIO,,WDH3543,30,,19,5,,,B
367608380,2020-07-28T00:11:32,42.40109,-70.10564,6.2,257.2,511.0,PADRE PIO,,WDH3543,30,,19,5,,,B
367608380,2020-07-28T00:13:01,42.40062,-70.10880,6.0,253.2,511.0,PADRE PIO,,WDH3543,30,,19,5,,,B
367608380,2020-07-28T00:14:31,42.40012,-70.11200,6.2,257.6,511.0,PADRE PIO,,WDH3543,30,,19,5,,,B
367608380,2020-07-28T00:15:32,42.39977,-70.11419,5.4,259.7,511.0,PADRE PIO,,WDH3543,30,,19,5,,,B
367608380,2020-07-28T00:17:00,42.39929,-70.11741,6.6,255.6,511.0,PADRE PIO,,WDH3543,30,,19,5,,,B
367608380,2020-07-28T00:18:01,42.39897,-70.11958,5.6,257.3,511.0,PADRE PIO,,WDH3543,30,,19,5,,,B
367608380,2020-07-28T00:19:31,42.39846,-70.12273,6.1,260.2,511.0,PADRE PIO,,WDH3543,30,,19,5,,,B
367608380,2020-07-28T00:21:01,42.39800,-70.12584,6.0,260.7,511.0,PADRE PIO,,WDH3543,30,,19,5,,,B
367608380,2020-07-28T00:22:04,42.39766,-70.12801,5.8,257.9,511.0,PADRE PIO,,WDH3543,30,,19,5,,,B
367608380,2020-07-28T00:23:30,42.39718,-70.13108,5.7,255.2,511.0,PADRE PIO,,WDH3543,30,,19,5,,,B
367608380,2020-07-28T00:24:31,42.39683,-70.13324,5.5,259.4,511.0,PADRE PIO,,WDH3543,30,,19,5,,,B
367608380,2020-07-28T00:26:03,42.39631,-70.13647,6.2,257.0,511.0,PADRE PIO,,WDH3543,30,,19,5,,,B
367608380,2020-07-28T00:27:31,42.39587,-70.13948,5.4,263.1,511.0,PADRE PIO,,WDH3543,30,,19,5,,,B
367608380,2020-07-28T00:29:33,42.39530,-70.14365,5.3,262.6,511.0,PADRE PIO,,WDH3543,30,,19,5,,,B
367608380,2020-07-28T00:31:00,42.39487,-70.14669,5.8,255.6,511.0,PADRE PIO,,WDH3543,30,,19,5,,,B
367608380,2020-07-28T00:32:32,42.39445,-70.14975,5.5,258.6,511.0,PADRE PIO,,WDH3543,30,,19,5,,,B
338531000,2020-08-06T03:49:33,42.42105,-70.12256,6.9,163.7,159.0,GENESIS VIGILANT,IMO8973928,WDG9352,31,0,30,10,5.0,31,A
338531000,2020-08-06T03:50:44,42.41887,-70.12179,6.8,165.6,160.0,GENESIS VIGILANT,IMO8973928,WDG9352,31,0,30,10,5.0,31,A
338531000,2020-08-06T03:52:33,42.41552,-70.12058,7.0,164.5,159.0,GENESIS VIGILANT,IMO8973928,WDG9352,31,0,30,10,5.0,31,A
338531000,2020-08-06T03:53:44,42.41334,-70.11976,6.8,164.5,160.0,GENESIS VIGILANT,IMO8973928,WDG9352,31,0,30,10,5.0,31,A
338531000,2020-08-06T03:54:54,42.41116,-70.11898,7.0,166.2,160.0,GENESIS VIGILANT,IMO8973928,WDG9352,31,0,30,10,5.0,31,A
338531000,2020-08-06T03:56:44,42.40777,-70.11766,6.9,163.8,160.0,GENESIS VIGILANT,IMO8973928,WDG9352,31,0,30,10,5.0,31,A
338531000,2020-08-06T03:57:54,42.40559,-70.11692,6.8,165.3,160.0,GENESIS VIGILANT,IMO8973928,WDG9352,31,0,30,10,5.0,31,A
338531000,2020-08-06T03:59:04,42.40346,-70.11604,6.9,161.8,157.0,GENESIS VIGILANT,IMO8973928,WDG9352,31,0,30,10,5.0,31,A
338531000,2020-08-06T04:00:03,42.40168,-70.11525,6.8,161.3,156.0,GENESIS VIGILANT,IMO8973928,WDG9352,31,0,30,10,5.0,31,A
338531000,2020-08-06T04:01:14,42.39954,-70.11431,6.9,162.9,157.0,GENESIS VIGILANT,IMO8973928,WDG9352,31,0,30,10,5.0,31,A
338531000,2020-08-06T04:02:24,42.39743,-70.11337,7.0,161.3,157.0,GENESIS VIGILANT,IMO8973928,WDG9352,31,0,30,10,5.0,31,A
338531000,2020-08-06T04:03:34,42.39530,-70.11250,6.8,162.1,155.0,GENESIS VIGILANT,IMO8973928,WDG9352,31,0,30,10,5.0,31,A
338531000,2020-08-06T04:04:44,42.39321,-70.11150,6.9,161.0,155.0,GENESIS VIGILANT,IMO8973928,WDG9352,31,0,30,10,5.0,31,A
338531000,2020-08-06T04:05:53,42.39115,-70.11050,6.9,160.4,154.0,GENESIS VIGILANT,IMO8973928,WDG9352,31,0,30,10,5.0,31,A
338531000,2020-08-06T04:07:03,42.38902,-70.10949,7.0,160.6,154.0,GENESIS VIGILANT,IMO8973928,WDG9352,31,0,30,10,5.0,31,A
338531000,2020-08-06T04:08:13,42.38688,-70.10848,7.1,161.2,154.0,GENESIS VIGILANT,IMO8973928,WDG9352,31,0,30,10,5.0,31,A
369134000,2020-01-07T19:37:51,42.39525,-70.14826,12.8,147.5,145.0,GLOBAL SENTINEL,IMO8900866,KGSU,90,0,145,21,8.1,,A
369134000,2020-01-07T19:39:20,42.39082,-70.14439,12.9,147.2,145.0,GLOBAL SENTINEL,IMO8900866,KGSU,90,0,145,21,8.1,,A
369134000,2020-01-07T19:40:30,42.38722,-70.14133,12.9,147.0,144.0,GLOBAL SENTINEL,IMO8900866,KGSU,90,0,145,21,8.1,,A
235066909,2020-06-25T23:45:27,42.38739,-70.10634,5.3,17.4,511.0,WILD IRIS,,2BKM2,36,,11,4,,,B
235066909,2020-06-25T23:46:58,42.38965,-70.10556,5.9,7.3,511.0,WILD IRIS,,2BKM2,36,,11,4,,,B
235066909,2020-06-25T23:49:57,42.39418,-70.10395,5.5,15.0,511.0,WILD IRIS,,2BKM2,36,,11,4,,,B
235066909,2020-06-25T23:50:59,42.39557,-70.10346,5.0,11.4,511.0,WILD IRIS,,2BKM2,36,,11,4,,,B
235066909,2020-06-25T23:52:28,42.39774,-70.10274,5.6,6.7,511.0,WILD IRIS,,2BKM2,36,,11,4,,,B
235066909,2020-06-25T23:55:28,42.40232,-70.10121,5.7,10.5,511.0,WILD IRIS,,2BKM2,36,,11,4,,,B
368144950,2020-07-18T20:51:11,42.42070,-70.14935,5.5,20.1,25.0,AD ASTRA,,WDL5842,37,,16,6,,,B
368014990,2020-07-19T19:50:32,42.38975,-70.10540,7.5,13.8,511.0,MRS CHIPPY,,WDJ8295,36,,15,5,,,B
368014990,2020-07-19T19:53:01,42.39476,-70.10326,8.6,18.7,511.0,MRS CHIPPY,,WDJ8295,36,,15,5,,,B
338371371,2020-08-13T13:16:51,42.41636,-70.11914,33.2,22.8,511.0,RHUMBLINE,,,37,,10,4,,,B
367138530,2020-09-23T12:36:17,42.41655,-70.10896,9.3,109.5,511.0,MICHAEL & KRISTEN,IMO8855059,WBA4573,30,9,23,6,,,A
367138530,2020-09-23T12:37:27,42.41557,-70.10517,9.1,110.0,511.0,MICHAEL & KRISTEN,IMO8855059,WBA4573,30,9,23,6,,,A
367138530,2020-09-30T20:19:59,42.40232,-70.10399,7.9,294.3,511.0,MICHAEL & KRISTEN,IMO8855059,WBA4573,30,9,23,6,,,A
367138530,2020-09-30T20:22:45,42.40449,-70.11138,7.3,293.8,511.0,MICHAEL & KRISTEN,IMO8855059,WBA4573,30,9,23,6,,,A
367138530,2020-09-30T20:23:59,42.40545,-70.11465,7.7,288.4,511.0,MICHAEL & KRISTEN,IMO8855059,WBA4573,30,9,23,6,,,A
367138530,2020-09-30T20:25:51,42.40688,-70.11961,7.7,293.3,511.0,MICHAEL & KRISTEN,IMO8855059,WBA4573,30,9,23,6,,,A
367138530,2020-09-30T20:31:45,42.41149,-70.13538,7.3,291.7,511.0,MICHAEL & KRISTEN,IMO8855059,WBA4573,30,9,23,6,,,A
367138530,2020-09-30T20:33:55,42.41325,-70.14113,7.9,291.4,511.0,MICHAEL & KRISTEN,IMO8855059,WBA4573,30,9,23,6,,,A
367138530,2020-09-30T20:35:57,42.41482,-70.14645,7.8,293.7,511.0,MICHAEL & KRISTEN,IMO8855059,WBA4573,30,9,23,6,,,A
368060310,2020-10-24T05:30:55,42.41920,-70.10491,6.7,191.1,511.0,SAFIR,,WDK4964,36,,14,4,,,B
368060310,2020-10-24T05:35:25,42.41237,-70.11002,6.2,205.1,511.0,SAFIR,,WDK4964,36,,14,4,,,B
368060310,2020-10-24T05:39:57,42.40551,-70.11456,6.4,200.3,511.0,SAFIR,,WDK4964,36,,14,4,,,B
368060310,2020-10-24T05:47:56,42.39361,-70.12327,7.4,213.4,511.0,SAFIR,,WDK4964,36,,14,4,,,B
368060310,2020-10-24T05:49:26,42.39134,-70.12489,5.6,205.4,511.0,SAFIR,,WDK4964,36,,14,4,,,B
366910470,2020-10-23T01:00:27,42.41971,-70.11645,8.1,204.5,511.0,AVALON,,WDB5514,37,,16,,,,B
366910470,2020-10-23T01:02:06,42.41618,-70.11866,8.1,202.7,511.0,AVALON,,WDB5514,37,,16,,,,B
366910470,2020-10-23T01:03:30,42.41333,-70.12028,7.0,203.8,511.0,AVALON,,WDB5514,37,,16,,,,B
366910470,2020-10-23T01:04:57,42.41063,-70.12189,6.7,201.0,511.0,AVALON,,WDB5514,37,,16,,,,B
366910470,2020-10-23T01:06:28,42.40780,-70.12359,7.6,205.2,511.0,AVALON,,WDB5514,37,,16,,,,B
366910470,2020-10-23T01:07:30,42.40575,-70.12478,7.9,205.6,511.0,AVALON,,WDB5514,37,,16,,,,B
366910470,2020-10-23T01:08:59,42.40300,-70.12649,7.5,203.7,511.0,AVALON,,WDB5514,37,,16,,,,B
366910470,2020-10-23T01:10:28,42.40021,-70.12816,7.1,201.8,511.0,AVALON,,WDB5514,37,,16,,,,B
366910470,2020-10-23T01:14:29,42.39227,-70.13294,8.3,208.8,511.0,AVALON,,WDB5514,37,,16,,,,B
366910470,2020-10-23T01:16:30,42.38798,-70.13561,8.7,203.8,511.0,AVALON,,WDB5514,37,,16,,,,B
367551860,2020-04-28T22:07:13,42.39471,-70.14968,3.7,114.1,511.0,JOCKA,IMO8885573,WDG5937,30,4,18,5,,,A
367551860,2020-04-28T22:08:41,42.39387,-70.14559,8.1,103.6,511.0,JOCKA,IMO8885573,WDG5937,30,4,18,5,,,A
367551860,2020-04-28T22:10:12,42.39340,-70.14129,6.8,92.3,511.0,JOCKA,IMO8885573,WDG5937,30,4,18,5,,,A
367551860,2020-04-28T22:12:12,42.39330,-70.13565,6.3,97.2,511.0,JOCKA,IMO8885573,WDG5937,30,4,18,5,,,A
367551860,2020-04-28T22:13:42,42.39319,-70.13143,8.2,102.2,511.0,JOCKA,IMO8885573,WDG5937,30,4,18,5,,,A
367517860,2020-10-06T14:50:06,42.38638,-70.14277,8.4,296.8,511.0,WILLIAM LYNN,IMO8886383,WDG2655,30,,23,7,,,B
367517860,2020-10-22T18:02:15,42.38945,-70.13748,7.4,298.4,511.0,WILLIAM LYNN,IMO8886383,WDG2655,30,,23,7,,,B
367517860,2020-10-22T18:03:16,42.39048,-70.14009,8.0,297.5,511.0,WILLIAM LYNN,IMO8886383,WDG2655,30,,23,7,,,B
367517860,2020-10-22T18:04:46,42.39201,-70.14394,7.7,299.4,511.0,WILLIAM LYNN,IMO8886383,WDG2655,30,,23,7,,,B
367517860,2020-10-22T18:06:46,42.39409,-70.14901,7.6,298.7,511.0,WILLIAM LYNN,IMO8886383,WDG2655,30,,23,7,,,B
538007158,2020-01-24T09:25:17,42.41899,-70.13483,13.1,153.2,152.0,ST PAUL,IMO9425863,V7XO8,70,0,189,32,12.8,,A
538007158,2020-01-24T09:26:26,42.41524,-70.13238,13.0,155.3,153.0,ST PAUL,IMO9425863,V7XO8,70,0,189,32,12.8,,A
538007158,2020-01-24T09:28:27,42.40869,-70.12811,13.0,153.6,152.0,ST PAUL,IMO9425863,V7XO8,70,0,189,32,12.8,,A
538007158,2020-01-24T09:29:47,42.40438,-70.12529,12.9,154.0,153.0,ST PAUL,IMO9425863,V7XO8,70,0,189,32,12.8,,A
538007158,2020-01-24T09:31:57,42.39734,-70.12068,13.1,154.3,152.0,ST PAUL,IMO9425863,V7XO8,70,0,189,32,12.8,,A
538007158,2020-01-24T09:33:27,42.39244,-70.11749,13.0,154.6,153.0,ST PAUL,IMO9425863,V7XO8,70,0,189,32,12.8,,A
538007158,2020-01-24T09:34:36,42.38865,-70.11514,13.1,155.6,153.0,ST PAUL,IMO9425863,V7XO8,70,0,189,32,12.8,,A
311000584,2020-08-02T03:14:49,42.42110,-70.12974,8.4,152.9,157.0,HOLLAND PEARL,IMO9742455,C6CV4,70,0,,,,,A
311000584,2020-08-02T03:16:01,42.41847,-70.12794,9.3,153.8,156.0,HOLLAND PEARL,IMO9742455,C6CV4,70,0,,,,,A
311000584,2020-08-02T03:17:10,42.41569,-70.12609,9.9,153.9,156.0,HOLLAND PEARL,IMO9742455,C6CV4,70,0,,,,,A
311000584,2020-08-02T03:18:20,42.41275,-70.12414,9.9,154.0,156.0,HOLLAND PEARL,IMO9742455,C6CV4,70,0,,,,,A
311000584,2020-08-02T03:19:31,42.40994,-70.12227,9.5,153.5,156.0,HOLLAND PEARL,IMO9742455,C6CV4,70,0,,,,,A
311000584,2020-08-02T03:20:39,42.40727,-70.12048,9.1,153.4,157.0,HOLLAND PEARL,IMO9742455,C6CV4,70,0,,,,,A
311000584,2020-08-02T03:21:49,42.40468,-70.11880,8.8,154.3,157.0,HOLLAND PEARL,IMO9742455,C6CV4,70,0,,,,,A
311000584,2020-08-02T03:22:59,42.40217,-70.11710,8.6,152.8,156.0,HOLLAND PEARL,IMO9742455,C6CV4,70,0,,,,,A
311000584,2020-08-02T03:24:10,42.39967,-70.11550,8.4,154.0,157.0,HOLLAND PEARL,IMO9742455,C6CV4,70,0,,,,,A
311000584,2020-08-02T03:25:20,42.39723,-70.11385,8.2,154.6,156.0,HOLLAND PEARL,IMO9742455,C6CV4,70,0,,,,,A
311000584,2020-08-02T03:26:31,42.39482,-70.11222,8.1,153.7,156.0,HOLLAND PEARL,IMO9742455,C6CV4,70,0,,,,,A
311000584,2020-08-02T03:27:40,42.39251,-70.11072,8.0,153.3,157.0,HOLLAND PEARL,IMO9742455,C6CV4,70,0,,,,,A
311000584,2020-08-02T03:28:49,42.39017,-70.10916,8.0,153.7,156.0,HOLLAND PEARL,IMO9742455,C6CV4,70,0,,,,,A
311000584,2020-08-02T03:30:01,42.38779,-70.10751,8.0,153.4,157.0,HOLLAND PEARL,IMO9742455,C6CV4,70,0,,,,,A
367099670,2020-07-25T20:28:51,42.38636,-70.14159,6.5,19.3,511.0,BLACK WATCH,,WDI7930,37,,16,4,,,B
367099670,2020-07-25T20:29:52,42.38811,-70.14070,6.8,22.1,511.0,BLACK WATCH,,WDI7930,37,,16,4,,,B
367099670,2020-07-25T20:30:53,42.38983,-70.13986,6.6,20.6,511.0,BLACK WATCH,,WDI7930,37,,16,4,,,B
367099670,2020-07-25T20:31:54,42.39163,-70.13895,6.8,19.2,511.0,BLACK WATCH,,WDI7930,37,,16,4,,,B
367099670,2020-07-25T20:33:22,42.39414,-70.13737,6.7,19.5,511.0,BLACK WATCH,,WDI7930,37,,16,4,,,B
367099670,2020-07-25T20:34:51,42.39674,-70.13601,7.0,19.1,511.0,BLACK WATCH,,WDI7930,37,,16,4,,,B
367099670,2020-07-25T20:35:53,42.39849,-70.13490,7.0,24.2,511.0,BLACK WATCH,,WDI7930,37,,16,4,,,B
367099670,2020-07-25T20:37:52,42.40200,-70.13311,7.1,29.0,511.0,BLACK WATCH,,WDI7930,37,,16,4,,,B
367099670,2020-07-25T20:39:22,42.40457,-70.13161,6.8,24.1,511.0,BLACK WATCH,,WDI7930,37,,16,4,,,B
367099670,2020-07-25T20:40:51,42.40714,-70.13040,6.3,5.8,511.0,BLACK WATCH,,WDI7930,37,,16,4,,,B
367099670,2020-07-25T20:41:53,42.40880,-70.12917,6.4,21.5,511.0,BLACK WATCH,,WDI7930,37,,16,4,,,B
367099670,2020-07-25T20:42:54,42.41051,-70.12826,6.7,24.1,511.0,BLACK WATCH,,WDI7930,37,,16,4,,,B
367099670,2020-07-25T20:44:53,42.41399,-70.12654,6.6,17.2,511.0,BLACK WATCH,,WDI7930,37,,16,4,,,B
367099670,2020-07-25T20:46:22,42.41648,-70.12493,6.8,22.7,511.0,BLACK WATCH,,WDI7930,37,,16,4,,,B
367099670,2020-07-25T20:47:23,42.41823,-70.12407,6.6,18.3,511.0,BLACK WATCH,,WDI7930,37,,16,4,,,B
367099670,2020-07-25T20:48:52,42.42077,-70.12266,6.7,22.7,511.0,BLACK WATCH,,WDI7930,37,,16,4,,,B
538001647,2020-03-19T00:59:27,42.40419,-70.14971,10.6,145.9,146.0,DECISIVE,IMO9242364,V7DI7,90,0,138,21,7.8,,A
538001647,2020-03-19T01:00:02,42.40280,-70.14840,10.5,145.5,146.0,DECISIVE,IMO9242364,V7DI7,90,0,138,21,7.8,,A
538001647,2020-03-19T01:01:04,42.40040,-70.14612,10.4,145.0,146.0,DECISIVE,IMO9242364,V7DI7,90,0,138,21,7.8,,A
538001647,2020-03-19T01:02:06,42.39792,-70.14379,10.4,144.7,146.0,DECISIVE,IMO9242364,V7DI7,90,0,138,21,7.8,,A
538001647,2020-03-19T01:03:13,42.39526,-70.14129,10.3,146.3,148.0,DECISIVE,IMO9242364,V7DI7,90,0,138,21,7.8,,A
538001647,2020-03-19T01:04:23,42.39259,-70.13886,10.3,145.3,147.0,DECISIVE,IMO9242364,V7DI7,90,0,138,21,7.8,,A
538001647,2020-03-19T01:05:29,42.39000,-70.13640,10.2,145.4,147.0,DECISIVE,IMO9242364,V7DI7,90,0,138,21,7.8,,A
538001647,2020-03-19T01:06:30,42.38757,-70.13418,10.3,144.9,147.0,DECISIVE,IMO9242364,V7DI7,90,0,138,21,7.8,,A
538001647,2020-06-07T22:54:38,42.41935,-70.13458,11.9,151.9,151.0,DECISIVE,IMO9242364,V7DI7,90,0,138,21,7.8,,A
538001647,2020-06-07T22:55:45,42.41605,-70.13218,11.9,151.9,150.0,DECISIVE,IMO9242364,V7DI7,90,0,138,21,7.8,,A
538001647,2020-06-07T22:56:46,42.41317,-70.13006,11.9,151.4,150.0,DECISIVE,IMO9242364,V7DI7,90,0,138,21,7.8,,A
538001647,2020-06-07T22:57:51,42.41002,-70.12780,11.8,151.4,150.0,DECISIVE,IMO9242364,V7DI7,90,0,138,21,7.8,,A
538001647,2020-06-07T22:58:53,42.40706,-70.12562,11.8,151.8,151.0,DECISIVE,IMO9242364,V7DI7,90,0,138,21,7.8,,A
538001647,2020-06-07T22:59:56,42.40401,-70.12344,11.8,151.8,151.0,DECISIVE,IMO9242364,V7DI7,90,0,138,21,7.8,,A
538001647,2020-06-07T23:00:30,42.40237,-70.12227,11.8,152.1,151.0,DECISIVE,IMO9242364,V7DI7,90,0,138,21,7.8,,A
538001647,2020-06-07T23:01:31,42.39945,-70.12014,11.9,151.6,151.0,DECISIVE,IMO9242364,V7DI7,90,0,138,21,7.8,,A
538001647,2020-06-07T23:02:34,42.39650,-70.11799,11.8,151.7,150.0,DECISIVE,IMO9242364,V7DI7,90,0,138,21,7.8,,A
538001647,2020-06-07T23:03:35,42.39348,-70.11581,11.9,152.3,151.0,DECISIVE,IMO9242364,V7DI7,90,0,138,21,7.8,,A
538001647,2020-06-07T23:04:37,42.39047,-70.11366,12.0,152.2,151.0,DECISIVE,IMO9242364,V7DI7,90,0,138,21,7.8,,A
538001647,2020-06-07T23:05:39,42.38752,-70.11147,11.9,151.3,150.0,DECISIVE,IMO9242364,V7DI7,90,0,138,21,7.8,,A
367551860,2020-03-06T20:22:52,42.38940,-70.11119,7.7,272.6,511.0,JOCKA,IMO8885573,WDG5937,30,4,18,5,,,A
367551860,2020-03-06T20:24:32,42.38963,-70.11603,8.0,274.7,511.0,JOCKA,IMO8885573,WDG5937,30,4,18,5,,,A
367551860,2020-03-06T20:29:01,42.38987,-70.12904,8.6,271.7,511.0,JOCKA,IMO8885573,WDG5937,30,4,18,5,,,A
367551860,2020-03-06T20:35:21,42.38995,-70.14750,7.9,268.8,511.0,JOCKA,IMO8885573,WDG5937,30,4,18,5,,,A
367288000,2020-01-02T21:15:49,42.39504,-70.14937,17.0,144.6,511.0,CG TAHOMA,,NCBE,90,0,82,11,,,A
367288000,2020-01-02T21:16:54,42.39093,-70.14540,17.0,144.0,511.0,CG TAHOMA,,NCBE,90,0,82,11,,,A
538006798,2020-02-01T22:06:08,42.41814,-70.14856,9.2,144.1,142.0,STH TOKYO,IMO9749257,V7RH6,70,0,198,,,,A
538006798,2020-02-01T22:07:17,42.41577,-70.14623,9.2,144.2,142.0,STH TOKYO,IMO9749257,V7RH6,70,0,198,,,,A
538006798,2020-02-01T22:08:27,42.41337,-70.14386,9.2,143.7,142.0,STH TOKYO,IMO9749257,V7RH6,70,0,198,,,,A
538006798,2020-02-01T22:09:38,42.41093,-70.14148,9.2,144.5,142.0,STH TOKYO,IMO9749257,V7RH6,70,0,198,,,,A
538006798,2020-02-01T22:11:16,42.40757,-70.13820,9.2,143.8,142.0,STH TOKYO,IMO9749257,V7RH6,70,0,198,,,,A
538006798,2020-02-01T22:12:28,42.40507,-70.13569,9.2,143.2,142.0,STH TOKYO,IMO9749257,V7RH6,70,0,198,,,,A
538006798,2020-02-01T22:14:17,42.40130,-70.13199,9.2,144.3,143.0,STH TOKYO,IMO9749257,V7RH6,70,0,198,,,,A
538006798,2020-02-01T22:15:28,42.39890,-70.12965,9.2,144.0,142.0,STH TOKYO,IMO9749257,V7RH6,70,0,198,,,,A
538006798,2020-02-01T22:17:07,42.39548,-70.12624,9.2,143.6,142.0,STH TOKYO,IMO9749257,V7RH6,70,0,198,,,,A
538006798,2020-02-01T22:18:17,42.39307,-70.12384,9.2,143.7,142.0,STH TOKYO,IMO9749257,V7RH6,70,0,198,,,,A
538006798,2020-02-01T22:19:46,42.38997,-70.12083,9.3,144.7,142.0,STH TOKYO,IMO9749257,V7RH6,70,0,198,,,,A
538006798,2020-02-01T22:20:58,42.38742,-70.11838,9.3,144.3,142.0,STH TOKYO,IMO9749257,V7RH6,70,0,198,,,,A
367288000,2020-03-12T07:20:41,42.41111,-70.10168,6.9,322.3,511.0,CG TAHOMA,,NCBE,90,0,82,11,,,A
367288000,2020-03-12T07:21:50,42.41278,-70.10352,6.8,320.5,511.0,CG TAHOMA,,NCBE,90,0,82,11,,,A
367288000,2020-03-12T07:23:01,42.41457,-70.10541,6.9,321.8,511.0,CG TAHOMA,,NCBE,90,0,82,11,,,A
367288000,2020-03-12T07:24:11,42.41628,-70.10731,6.9,317.5,511.0,CG TAHOMA,,NCBE,90,0,82,11,,,A
367288000,2020-03-12T07:25:41,42.41847,-70.10982,7.0,319.1,511.0,CG TAHOMA,,NCBE,90,0,82,11,,,A
367288000,2020-03-12T07:27:11,42.42068,-70.11231,6.9,320.4,511.0,CG TAHOMA,,NCBE,90,0,82,11,,,A
354267000,2020-01-28T15:51:48,42.40907,-70.10280,10.2,320.7,323.0,AFRICAN SUNBIRD,IMO9397884,3FBY,70,0,189,32,12.6,,A
354267000,2020-01-28T15:56:38,42.41977,-70.11449,10.2,321.4,323.0,AFRICAN SUNBIRD,IMO9397884,3FBY,70,0,189,32,12.6,,A
354267000,2020-02-06T02:08:16,42.42102,-70.12757,11.3,155.5,155.0,AFRICAN SUNBIRD,IMO9397884,3FBY,70,0,189,32,12.6,,A
354267000,2020-02-06T02:09:27,42.41783,-70.12561,10.6,155.6,155.0,AFRICAN SUNBIRD,IMO9397884,3FBY,70,0,189,32,12.6,,A
354267000,2020-02-06T02:10:36,42.41491,-70.12379,10.0,154.9,155.0,AFRICAN SUNBIRD,IMO9397884,3FBY,70,0,189,32,12.6,,A
354267000,2020-02-06T02:11:37,42.41241,-70.12221,9.6,154.8,155.0,AFRICAN SUNBIRD,IMO9397884,3FBY,70,0,189,32,12.6,,A
354267000,2020-02-06T02:12:46,42.40976,-70.12053,9.3,154.4,155.0,AFRICAN SUNBIRD,IMO9397884,3FBY,70,0,189,32,12.6,,A
354267000,2020-02-06T02:13:56,42.40710,-70.11884,9.1,154.7,155.0,AFRICAN SUNBIRD,IMO9397884,3FBY,70,0,189,32,12.6,,A
354267000,2020-02-06T02:15:07,42.40442,-70.11714,8.9,154.1,154.0,AFRICAN SUNBIRD,IMO9397884,3FBY,70,0,189,32,12.6,,A
354267000,2020-02-06T02:16:16,42.40195,-70.11551,8.8,153.5,154.0,AFRICAN SUNBIRD,IMO9397884,3FBY,70,0,189,32,12.6,,A
354267000,2020-02-06T02:17:36,42.39905,-70.11360,8.7,154.0,154.0,AFRICAN SUNBIRD,IMO9397884,3FBY,70,0,189,32,12.6,,A
354267000,2020-02-06T02:18:47,42.39651,-70.11193,8.6,153.6,154.0,AFRICAN SUNBIRD,IMO9397884,3FBY,70,0,189,32,12.6,,A
354267000,2020-02-06T02:20:06,42.39366,-70.11005,8.6,154.0,154.0,AFRICAN SUNBIRD,IMO9397884,3FBY,70,0,189,32,12.6,,A
354267000,2020-02-06T02:21:16,42.39121,-70.10845,8.6,153.5,154.0,AFRICAN SUNBIRD,IMO9397884,3FBY,70,0,189,32,12.6,,A
354267000,2020-02-06T02:23:06,42.38735,-70.10587,8.5,153.6,154.0,AFRICAN SUNBIRD,IMO9397884,3FBY,70,0,189,32,12.6,,A
367517860,2020-04-08T05:10:12,42.39082,-70.10730,7.2,294.8,511.0,WILLIAM LYNN,IMO8886383,WDG2655,30,,23,7,,,B
367517860,2020-04-08T05:12:12,42.39236,-70.11220,7.4,292.8,511.0,WILLIAM LYNN,IMO8886383,WDG2655,30,,23,7,,,B
367517860,2020-04-08T05:13:42,42.39349,-70.11592,7.2,293.2,511.0,WILLIAM LYNN,IMO8886383,WDG2655,30,,23,7,,,B
367517860,2020-04-08T05:15:11,42.39461,-70.11962,7.2,294.2,511.0,WILLIAM LYNN,IMO8886383,WDG2655,30,,23,7,,,B
367517860,2020-04-08T05:16:12,42.39540,-70.12202,7.0,295.1,511.0,WILLIAM LYNN,IMO8886383,WDG2655,30,,23,7,,,B
367517860,2020-04-08T05:18:11,42.39707,-70.12680,6.8,295.3,511.0,WILLIAM LYNN,IMO8886383,WDG2655,30,,23,7,,,B
367517860,2020-04-08T05:19:13,42.39791,-70.12924,7.1,296.0,511.0,WILLIAM LYNN,IMO8886383,WDG2655,30,,23,7,,,B
367517860,2020-04-08T05:20:42,42.39911,-70.13283,7.2,295.6,511.0,WILLIAM LYNN,IMO8886383,WDG2655,30,,23,7,,,B
367517860,2020-04-08T05:22:41,42.40066,-70.13758,7.0,294.4,511.0,WILLIAM LYNN,IMO8886383,WDG2655,30,,23,7,,,B
367517860,2020-04-08T05:23:44,42.40147,-70.14011,6.7,292.4,511.0,WILLIAM LYNN,IMO8886383,WDG2655,30,,23,7,,,B
367517860,2020-04-08T05:25:12,42.40265,-70.14365,6.9,294.1,511.0,WILLIAM LYNN,IMO8886383,WDG2655,30,,23,7,,,B
367517860,2020-04-08T05:26:41,42.40378,-70.14714,6.7,295.3,511.0,WILLIAM LYNN,IMO8886383,WDG2655,30,,23,7,,,B
367517860,2020-04-08T05:27:42,42.40453,-70.14946,6.9,292.9,511.0,WILLIAM LYNN,IMO8886383,WDG2655,30,,23,7,,,B
319887000,2020-08-13T08:41:33,42.42161,-70.12917,10.2,193.5,193.0,ANGIAMO,IMO1007419,ZCIG8,37,0,38,8,2.9,,A
319887000,2020-08-13T08:42:43,42.41836,-70.13029,10.2,194.7,193.0,ANGIAMO,IMO1007419,ZCIG8,37,0,38,8,2.9,,A
319887000,2020-08-13T08:43:52,42.41510,-70.13140,10.2,194.0,192.0,ANGIAMO,IMO1007419,ZCIG8,37,0,38,8,2.9,,A
319887000,2020-08-13T08:45:02,42.41212,-70.13241,10.1,194.8,193.0,ANGIAMO,IMO1007419,ZCIG8,37,0,38,8,2.9,,A
319887000,2020-08-13T08:46:13,42.40871,-70.13364,10.2,193.7,192.0,ANGIAMO,IMO1007419,ZCIG8,37,0,38,8,2.9,,A
319887000,2020-08-13T08:47:23,42.40561,-70.13476,10.1,194.5,193.0,ANGIAMO,IMO1007419,ZCIG8,37,0,38,8,2.9,,A
319887000,2020-08-13T08:48:33,42.40243,-70.13590,10.1,195.4,193.0,ANGIAMO,IMO1007419,ZCIG8,37,0,38,8,2.9,,A
319887000,2020-08-13T08:49:43,42.39930,-70.13700,10.1,194.0,192.0,ANGIAMO,IMO1007419,ZCIG8,37,0,38,8,2.9,,A
319887000,2020-08-13T08:50:53,42.39605,-70.13812,10.2,195.1,193.0,ANGIAMO,IMO1007419,ZCIG8,37,0,38,8,2.9,,A
319887000,2020-08-13T08:52:02,42.39310,-70.13916,10.2,194.8,192.0,ANGIAMO,IMO1007419,ZCIG8,37,0,38,8,2.9,,A
319887000,2020-08-13T08:53:03,42.39015,-70.14023,10.2,195.1,193.0,ANGIAMO,IMO1007419,ZCIG8,37,0,38,8,2.9,,A
319887000,2020-08-13T08:54:12,42.38703,-70.14141,10.4,195.6,192.0,ANGIAMO,IMO1007419,ZCIG8,37,0,38,8,2.9,,A
319005000,2020-09-24T22:43:24,42.39326,-70.10131,9.0,199.9,201.0,FIRST LIGHT,IMO1009596,ZCTX3,37,0,,,,90,A
319005000,2020-09-24T22:44:54,42.38982,-70.10304,9.3,204.3,200.0,FIRST LIGHT,IMO1009596,ZCTX3,37,0,,,,90,A
368014000,2020-10-27T00:53:03,42.39115,-70.12992,9.1,29.1,31.0,CG SYCAMORE,IMO9259939,NTGG,90,0,68,14,4.0,,A
368014000,2020-10-27T00:54:40,42.39448,-70.12744,8.8,33.0,33.0,CG SYCAMORE,IMO9259939,NTGG,90,0,68,14,4.0,,A
368014000,2020-10-27T00:55:48,42.39668,-70.12544,8.6,38.3,37.0,CG SYCAMORE,IMO9259939,NTGG,90,0,68,14,4.0,,A
368014000,2020-10-27T00:57:08,42.39922,-70.12295,8.4,35.3,38.0,CG SYCAMORE,IMO9259939,NTGG,90,0,68,14,4.0,,A
368014000,2020-10-27T00:58:17,42.40136,-70.12076,9.3,36.8,38.0,CG SYCAMORE,IMO9259939,NTGG,90,0,68,14,4.0,,A
368014000,2020-10-27T00:59:38,42.40381,-70.11823,8.6,34.7,38.0,CG SYCAMORE,IMO9259939,NTGG,90,0,68,14,4.0,,A
368014000,2020-10-27T01:00:08,42.40470,-70.11722,7.9,42.2,40.0,CG SYCAMORE,IMO9259939,NTGG,90,0,68,14,4.0,,A
368014000,2020-10-27T01:01:17,42.40680,-70.11503,8.2,35.5,39.0,CG SYCAMORE,IMO9259939,NTGG,90,0,68,14,4.0,,A
368014000,2020-10-27T01:02:27,42.40886,-70.11269,8.3,37.2,42.0,CG SYCAMORE,IMO9259939,NTGG,90,0,68,14,4.0,,A
368014000,2020-10-27T01:03:36,42.41090,-70.11032,8.4,42.7,42.0,CG SYCAMORE,IMO9259939,NTGG,90,0,68,14,4.0,,A
368014000,2020-10-27T01:04:48,42.41299,-70.10789,7.5,41.2,42.0,CG SYCAMORE,IMO9259939,NTGG,90,0,68,14,4.0,,A
368014000,2020-10-27T01:05:58,42.41504,-70.10548,8.4,40.0,40.0,CG SYCAMORE,IMO9259939,NTGG,90,0,68,14,4.0,,A
368014000,2020-10-27T01:07:07,42.41714,-70.10312,8.7,40.3,41.0,CG SYCAMORE,IMO9259939,NTGG,90,0,68,14,4.0,,A
368014000,2020-10-28T08:58:14,42.41937,-70.14750,5.7,190.0,183.0,CG SYCAMORE,IMO9259939,NTGG,90,0,68,14,4.0,,A
368014000,2020-10-28T08:59:23,42.41751,-70.14801,6.2,191.5,184.0,CG SYCAMORE,IMO9259939,NTGG,90,0,68,14,4.0,,A
368014000,2020-10-28T09:00:03,42.41643,-70.14833,5.9,195.7,184.0,CG SYCAMORE,IMO9259939,NTGG,90,0,68,14,4.0,,A
368014000,2020-10-28T09:01:14,42.41453,-70.14885,5.7,191.0,184.0,CG SYCAMORE,IMO9259939,NTGG,90,0,68,14,4.0,,A
368014000,2020-10-28T09:02:33,42.41242,-70.14944,5.6,189.1,183.0,CG SYCAMORE,IMO9259939,NTGG,90,0,68,14,4.0,,A
368001660,2020-06-04T11:45:05,42.38815,-70.14379,9.3,19.5,511.0,CONSULTING TIME III,,WDJ6934,37,0,17,,,,A
368001660,2020-06-04T11:46:16,42.39109,-70.14242,9.7,20.2,511.0,CONSULTING TIME III,,WDJ6934,37,0,17,,,,A
368001660,2020-06-04T11:47:26,42.39405,-70.14100,9.5,21.8,511.0,CONSULTING TIME III,,WDJ6934,37,0,17,,,,A
368001660,2020-06-04T11:48:35,42.39690,-70.13949,9.9,20.7,511.0,CONSULTING TIME III,,WDJ6934,37,0,17,,,,A
368001660,2020-06-04T11:49:56,42.40025,-70.13776,9.8,19.8,511.0,CONSULTING TIME III,,WDJ6934,37,0,17,,,,A
368001660,2020-06-04T11:51:16,42.40349,-70.13584,9.6,22.3,511.0,CONSULTING TIME III,,WDJ6934,37,0,17,,,,A
368001660,2020-06-04T11:52:25,42.40619,-70.13421,9.5,22.8,511.0,CONSULTING TIME III,,WDJ6934,37,0,17,,,,A
368001660,2020-06-04T11:53:35,42.40905,-70.13255,9.5,22.2,511.0,CONSULTING TIME III,,WDJ6934,37,0,17,,,,A
368001660,2020-06-04T11:54:37,42.41150,-70.13116,9.2,24.6,511.0,CONSULTING TIME III,,WDJ6934,37,0,17,,,,A
368001660,2020-06-04T11:55:55,42.41459,-70.12929,9.5,22.0,511.0,CONSULTING TIME III,,WDJ6934,37,0,17,,,,A
368001660,2020-06-04T11:57:05,42.41745,-70.12758,9.8,22.8,511.0,CONSULTING TIME III,,WDJ6934,37,0,17,,,,A
368001660,2020-06-04T11:58:16,42.42026,-70.12586,9.4,24.6,511.0,CONSULTING TIME III,,WDJ6934,37,0,17,,,,A
366910470,2020-08-11T19:35:13,42.39448,-70.14422,7.1,25.2,511.0,AVALON,,WDB5514,37,,16,,,,B
369583000,2020-09-03T23:52:17,42.39177,-70.13433,25.1,357.5,511.0,CEDAR ISLAND,,WDI9035,37,,32,7,,,B
369583000,2020-09-03T23:53:48,42.40162,-70.13651,22.7,345.2,511.0,CEDAR ISLAND,,WDI9035,37,,32,7,,,B
369583000,2020-09-03T23:54:50,42.40727,-70.13998,21.7,332.1,511.0,CEDAR ISLAND,,WDI9035,37,,32,7,,,B
369583000,2020-09-03T23:56:17,42.41421,-70.14747,21.9,316.7,511.0,CEDAR ISLAND,,WDI9035,37,,32,7,,,B
367551860,2020-10-10T00:14:57,42.39372,-70.10525,7.3,265.3,511.0,JOCKA,IMO8885573,WDG5937,30,4,18,5,,,A
367551860,2020-10-10T00:16:57,42.39347,-70.11064,7.2,264.4,511.0,JOCKA,IMO8885573,WDG5937,30,4,18,5,,,A
367551860,2020-10-10T00:18:38,42.39324,-70.11521,7.1,269.3,511.0,JOCKA,IMO8885573,WDG5937,30,4,18,5,,,A
367551860,2020-10-10T00:19:57,42.39306,-70.11874,7.1,264.1,511.0,JOCKA,IMO8885573,WDG5937,30,4,18,5,,,A
367551860,2020-10-10T00:21:57,42.39280,-70.12411,6.9,267.2,511.0,JOCKA,IMO8885573,WDG5937,30,4,18,5,,,A
367551860,2020-10-10T00:23:57,42.39254,-70.12942,7.2,265.3,511.0,JOCKA,IMO8885573,WDG5937,30,4,18,5,,,A
367551860,2020-10-10T00:27:47,42.39201,-70.13967,7.4,265.9,511.0,JOCKA,IMO8885573,WDG5937,30,4,18,5,,,A
367551860,2020-10-10T00:28:58,42.39190,-70.14283,7.2,268.6,511.0,JOCKA,IMO8885573,WDG5937,30,4,18,5,,,A
367551860,2020-10-10T00:30:27,42.39170,-70.14678,6.8,268.9,511.0,JOCKA,IMO8885573,WDG5937,30,4,18,5,,,A
636016434,2020-08-20T12:48:54,42.38604,-70.14459,4.7,1.7,335.0,MSC ANISHA R,IMO9227297,D5GE3,70,0,281,32,12.5,,A
636016434,2020-08-20T12:49:58,42.38743,-70.14497,4.9,339.3,311.0,MSC ANISHA R,IMO9227297,D5GE3,70,0,281,32,12.5,,A
636016434,2020-08-20T12:51:31,42.38912,-70.14670,5.0,309.3,277.0,MSC ANISHA R,IMO9227297,D5GE3,70,0,281,32,12.5,,A
369134000,2020-09-26T23:54:37,42.41156,-70.14407,12.7,143.9,142.0,GLOBAL SENTINEL,IMO8900866,KGSU,90,0,145,21,8.1,,A
369134000,2020-09-26T23:56:26,42.40628,-70.13899,12.7,144.5,143.0,GLOBAL SENTINEL,IMO8900866,KGSU,90,0,145,21,8.1,,A
369134000,2020-09-26T23:58:26,42.40055,-70.13338,12.8,143.8,143.0,GLOBAL SENTINEL,IMO8900866,KGSU,90,0,145,21,8.1,,A
369134000,2020-09-26T23:59:36,42.39727,-70.13018,12.7,144.2,143.0,GLOBAL SENTINEL,IMO8900866,KGSU,90,0,145,21,8.1,,A
369134000,2020-09-27T00:00:06,42.39585,-70.12886,12.6,144.5,143.0,GLOBAL SENTINEL,IMO8900866,KGSU,90,0,145,21,8.1,,A
369134000,2020-09-27T00:01:15,42.39258,-70.12573,12.6,143.8,142.0,GLOBAL SENTINEL,IMO8900866,KGSU,90,0,145,21,8.1,,A
369134000,2020-09-27T00:02:36,42.38875,-70.12201,12.6,145.0,143.0,GLOBAL SENTINEL,IMO8900866,KGSU,90,0,145,21,8.1,,A
367138530,2020-10-05T19:09:39,42.41884,-70.13121,9.4,110.4,511.0,MICHAEL & KRISTEN,IMO8855059,WBA4573,30,9,23,6,,,A
367138530,2020-10-05T19:10:51,42.41765,-70.12733,9.2,111.4,511.0,MICHAEL & KRISTEN,IMO8855059,WBA4573,30,9,23,6,,,A
367138530,2020-10-05T19:13:43,42.41485,-70.11813,9.3,112.3,511.0,MICHAEL & KRISTEN,IMO8855059,WBA4573,30,9,23,6,,,A
367138530,2020-10-05T19:16:25,42.41248,-70.10948,9.1,108.7,511.0,MICHAEL & KRISTEN,IMO8855059,WBA4573,30,9,23,6,,,A
367138530,2020-10-05T19:17:33,42.41139,-70.10595,8.9,113.5,511.0,MICHAEL & KRISTEN,IMO8855059,WBA4573,30,9,23,6,,,A
367138530,2020-10-05T19:18:35,42.41051,-70.10271,9.2,111.2,511.0,MICHAEL & KRISTEN,IMO8855059,WBA4573,30,9,23,6,,,A
338393396,2023-07-11T23:45:07,42.41206,-70.10916,5.8,25.5,511.0,MISS ADVENTURE,,,36,,12,4,,,B
368309010,2023-07-13T00:13:14,42.41535,-70.10414,6.4,25.3,511.0,AFTERGLOW,,WDN7498,36,,7,4,,,B
338393396,2023-07-11T23:29:06,42.38833,-70.12043,6.0,2.2,511.0,MISS ADVENTURE,,,36,,12,4,,,B
338393396,2023-07-11T23:31:07,42.39140,-70.12006,6.2,23.5,511.0,MISS ADVENTURE,,,36,,12,4,,,B
368309010,2023-07-12T23:54:44,42.38610,-70.11939,6.0,18.0,511.0,AFTERGLOW,,WDN7498,36,,7,4,,,B
368309010,2023-07-12T23:57:14,42.39006,-70.11732,6.0,21.0,511.0,AFTERGLOW,,WDN7498,36,,7,4,,,B
368309010,2023-07-12T23:58:44,42.39237,-70.11612,6.0,22.8,511.0,AFTERGLOW,,WDN7498,36,,7,4,,,B
367760560,2023-07-18T17:32:30,42.38663,-70.10348,6.8,19.9,511.0,ABLE SLAVE,,WDJ2669,37,,12,4,,,B
367760560,2023-07-18T17:34:30,42.38976,-70.10163,5.9,25.7,511.0,ABLE SLAVE,,WDJ2669,37,,12,4,,,B
368314450,2023-07-23T20:56:06,42.39694,-70.13464,8.0,25.6,511.0,BELLA,,WDN8109,36,,15,6,,,B
368314450,2023-07-23T20:57:34,42.39982,-70.13258,7.9,27.9,511.0,BELLA,,WDN8109,36,,15,6,,,B
368314450,2023-07-23T20:58:36,42.40179,-70.13118,7.9,25.4,511.0,BELLA,,WDN8109,36,,15,6,,,B
368314450,2023-07-23T21:00:08,42.40476,-70.12909,8.2,24.6,511.0,BELLA,,WDN8109,36,,15,6,,,B
368314450,2023-07-23T21:01:36,42.40759,-70.12703,7.9,26.7,511.0,BELLA,,WDN8109,36,,15,6,,,B
368314450,2023-07-23T21:03:08,42.41056,-70.12488,8.1,27.8,511.0,BELLA,,WDN8109,36,,15,6,,,B
368314450,2023-07-23T21:04:36,42.41339,-70.12274,7.8,28.6,511.0,BELLA,,WDN8109,36,,15,6,,,B
368314450,2023-07-23T21:06:08,42.41635,-70.12053,8.0,26.9,511.0,BELLA,,WDN8109,36,,15,6,,,B
368314450,2023-07-23T21:07:34,42.41912,-70.11851,7.8,29.6,511.0,BELLA,,WDN8109,36,,15,6,,,B
368314450,2023-07-23T20:51:34,42.38805,-70.14101,7.9,27.3,511.0,BELLA,,WDN8109,36,,15,6,,,B
368314450,2023-07-23T20:53:05,42.39108,-70.13884,8.1,27.6,511.0,BELLA,,WDN8109,36,,15,6,,,B
368314450,2023-07-23T20:54:34,42.39398,-70.13674,8.0,29.5,511.0,BELLA,,WDN8109,36,,15,6,,,B
367460670,2023-07-23T06:49:17,42.40477,-70.14944,6.7,15.9,12.0,NORTH CAPE,IMO0950038,WDF5218,30,0,36,9,0.0,30,A
367460670,2023-07-23T06:50:38,42.40714,-70.14843,6.6,17.3,11.0,NORTH CAPE,IMO0950038,WDF5218,30,0,36,9,0.0,30,A
367460670,2023-07-23T06:51:46,42.40908,-70.14761,6.5,16.9,11.0,NORTH CAPE,IMO0950038,WDF5218,30,0,36,9,0.0,30,A
367460670,2023-07-23T06:52:57,42.41113,-70.14678,6.4,16.2,11.0,NORTH CAPE,IMO0950038,WDF5218,30,0,36,9,0.0,30,A
367460670,2023-07-23T06:54:07,42.41311,-70.14592,6.4,18.0,11.0,NORTH CAPE,IMO0950038,WDF5218,30,0,36,9,0.0,30,A
367460670,2023-07-23T06:55:18,42.41513,-70.14509,6.5,16.9,12.0,NORTH CAPE,IMO0950038,WDF5218,30,0,36,9,0.0,30,A
367460670,2023-07-23T06:56:36,42.41740,-70.14411,6.5,19.0,11.0,NORTH CAPE,IMO0950038,WDF5218,30,0,36,9,0.0,30,A
367460670,2023-07-23T06:57:47,42.41940,-70.14322,6.4,20.2,11.0,NORTH CAPE,IMO0950038,WDF5218,30,0,36,9,0.0,30,A
367460670,2023-07-23T06:58:56,42.42137,-70.14235,6.4,17.5,11.0,NORTH CAPE,IMO0950038,WDF5218,30,0,36,9,0.0,30,A
538004785,2023-06-16T10:41:38,42.39480,-70.10358,8.6,225.6,225.0,ARUNA ECE,IMO9635406,V7ZB8,70,0,187,32,12.8,79,A
538004785,2023-06-16T10:42:46,42.39297,-70.10627,8.6,227.8,223.0,ARUNA ECE,IMO9635406,V7ZB8,70,0,187,32,12.8,79,A
538004785,2023-06-16T10:43:57,42.39099,-70.10896,8.5,221.1,215.0,ARUNA ECE,IMO9635406,V7ZB8,70,0,187,32,12.8,79,A
538004785,2023-06-16T10:45:07,42.38885,-70.11122,8.3,214.8,215.0,ARUNA ECE,IMO9635406,V7ZB8,70,0,187,32,12.8,79,A
538004785,2023-06-16T10:46:17,42.38670,-70.11340,8.3,218.4,215.0,ARUNA ECE,IMO9635406,V7ZB8,70,0,187,32,12.8,79,A
367551860,2023-03-02T05:16:22,42.40096,-70.11275,7.3,275.4,511.0,JOCKA,IMO8885573,WDG5937,30,4,18,5,,99,A
367551860,2023-03-02T05:18:41,42.40076,-70.11933,7.6,268.8,511.0,JOCKA,IMO8885573,WDG5937,30,4,18,5,,99,A
367551860,2023-03-02T05:20:12,42.40064,-70.12352,7.9,266.8,511.0,JOCKA,IMO8885573,WDG5937,30,4,18,5,,99,A
367551860,2023-03-02T05:27:32,42.39999,-70.14405,6.6,259.7,511.0,JOCKA,IMO8885573,WDG5937,30,4,18,5,,99,A
367551860,2023-03-02T05:29:22,42.39982,-70.14914,7.8,275.1,511.0,JOCKA,IMO8885573,WDG5937,30,4,18,5,,99,A
367551860,2023-02-08T00:51:23,42.38943,-70.12915,6.9,87.5,511.0,JOCKA,IMO8885573,WDG5937,30,4,18,5,,99,A
367551860,2023-02-08T00:52:33,42.38945,-70.12603,7.2,91.7,511.0,JOCKA,IMO8885573,WDG5937,30,4,18,5,,99,A
367551860,2023-02-08T00:53:53,42.38947,-70.12242,6.9,93.3,511.0,JOCKA,IMO8885573,WDG5937,30,4,18,5,,99,A
367551860,2023-02-08T00:55:03,42.38953,-70.11928,6.5,85.5,511.0,JOCKA,IMO8885573,WDG5937,30,4,18,5,,99,A
367551860,2023-02-08T00:56:12,42.38956,-70.11624,7.6,87.0,511.0,JOCKA,IMO8885573,WDG5937,30,4,18,5,,99,A
367551860,2023-02-08T00:57:23,42.38956,-70.11316,7.1,89.6,511.0,JOCKA,IMO8885573,WDG5937,30,4,18,5,,99,A
367551860,2023-02-08T00:58:32,42.38955,-70.11011,6.8,83.9,511.0,JOCKA,IMO8885573,WDG5937,30,4,18,5,,99,A
367551860,2023-02-08T00:59:43,42.38963,-70.10702,6.4,88.2,511.0,JOCKA,IMO8885573,WDG5937,30,4,18,5,,99,A
367551860,2023-02-08T01:00:02,42.38962,-70.10617,6.9,89.0,511.0,JOCKA,IMO8885573,WDG5937,30,4,18,5,,99,A
367551860,2023-02-08T01:01:13,42.38961,-70.10310,7.1,86.2,511.0,JOCKA,IMO8885573,WDG5937,30,4,18,5,,99,A
367551860,2023-03-16T22:49:31,42.40467,-70.14668,7.3,87.2,511.0,JOCKA,IMO8885573,WDG5937,30,4,18,5,,99,A
367551860,2023-03-16T22:50:41,42.40480,-70.14345,6.9,85.0,511.0,JOCKA,IMO8885573,WDG5937,30,4,18,5,,99,A
367551860,2023-03-16T22:53:32,42.40505,-70.13549,7.6,91.7,511.0,JOCKA,IMO8885573,WDG5937,30,4,18,5,,99,A
367551860,2023-03-16T22:55:53,42.40525,-70.12895,7.5,85.0,511.0,JOCKA,IMO8885573,WDG5937,30,4,18,5,,99,A
367551860,2023-03-16T22:57:41,42.40534,-70.12382,7.5,94.4,511.0,JOCKA,IMO8885573,WDG5937,30,4,18,5,,99,A
367614080,2023-05-22T06:47:46,42.38703,-70.10551,6.5,26.2,511.0,BRAVO,,WDH4091,37,,14,,,,B
367614080,2023-05-22T06:50:46,42.39202,-70.10280,6.4,32.4,511.0,BRAVO,,WDH4091,37,,14,,,,B
538009716,2023-05-09T00:04:16,42.42097,-70.13102,10.6,154.0,152.0,THORCO LIVA,IMO9643623,V7A5078,70,0,132,23,7.7,70,A
538009716,2023-05-09T00:05:24,42.41792,-70.12907,10.7,154.0,153.0,THORCO LIVA,IMO9643623,V7A5078,70,0,132,23,7.7,70,A
538009716,2023-05-09T00:06:34,42.41463,-70.12710,10.7,156.0,154.0,THORCO LIVA,IMO9643623,V7A5078,70,0,132,23,7.7,70,A
538009716,2023-05-09T00:07:45,42.41150,-70.12530,10.7,156.0,153.0,THORCO LIVA,IMO9643623,V7A5078,70,0,132,23,7.7,70,A
538009716,2023-05-09T00:08:46,42.40860,-70.12353,10.7,155.0,152.0,THORCO LIVA,IMO9643623,V7A5078,70,0,132,23,7.7,70,A
538009716,2023-05-09T00:09:56,42.40550,-70.12167,10.8,155.0,153.0,THORCO LIVA,IMO9643623,V7A5078,70,0,132,23,7.7,70,A
538009716,2023-05-09T00:11:06,42.40233,-70.11977,10.8,156.0,153.0,THORCO LIVA,IMO9643623,V7A5078,70,0,132,23,7.7,70,A
538009716,2023-05-09T00:12:15,42.39900,-70.11777,10.8,155.0,152.0,THORCO LIVA,IMO9643623,V7A5078,70,0,132,23,7.7,70,A
538009716,2023-05-09T00:13:24,42.39588,-70.11588,10.8,156.0,152.0,THORCO LIVA,IMO9643623,V7A5078,70,0,132,23,7.7,70,A
538009716,2023-05-09T00:14:34,42.39277,-70.11398,10.8,155.0,152.0,THORCO LIVA,IMO9643623,V7A5078,70,0,132,23,7.7,70,A
538009716,2023-05-09T00:15:46,42.38925,-70.11183,10.8,155.0,153.0,THORCO LIVA,IMO9643623,V7A5078,70,0,132,23,7.7,70,A
538009716,2023-05-09T00:16:55,42.38617,-70.11002,10.8,155.0,152.0,THORCO LIVA,IMO9643623,V7A5078,70,0,132,23,7.7,70,A
338300701,2023-07-25T14:16:45,42.41668,-70.10225,8.0,21.5,511.0,PRIMA,,,,,,,,,B
338300701,2023-07-25T14:03:15,42.38833,-70.11595,8.3,22.4,511.0,PRIMA,,,,,,,,,B
338300701,2023-07-25T14:07:15,42.39663,-70.11175,7.6,19.2,511.0,PRIMA,,,,,,,,,B
338300701,2023-07-25T14:08:44,42.39978,-70.11040,7.8,17.2,511.0,PRIMA,,,,,,,,,B
338300701,2023-07-25T14:10:44,42.40400,-70.10839,8.4,18.7,511.0,PRIMA,,,,,,,,,B
338300701,2023-07-25T14:13:44,42.41032,-70.10546,8.0,20.4,511.0,PRIMA,,,,,,,,,B
368096750,2023-08-13T01:01:11,42.41254,-70.14935,6.7,116.0,511.0,PRINCESS LAURA,IMO7728663,WDK8719,99,15,0,0,0.0,99,A
368096750,2023-08-13T01:02:21,42.41161,-70.14657,6.8,116.1,511.0,PRINCESS LAURA,IMO7728663,WDK8719,99,15,0,0,0.0,99,A
368096750,2023-08-13T01:03:32,42.41064,-70.14385,6.6,112.9,511.0,PRINCESS LAURA,IMO7728663,WDK8719,99,15,0,0,0.0,99,A
368096750,2023-08-13T01:04:41,42.40977,-70.14109,7.0,116.1,511.0,PRINCESS LAURA,IMO7728663,WDK8719,99,15,0,0,0.0,99,A
368096750,2023-08-13T01:06:00,42.40867,-70.13804,6.9,115.7,511.0,PRINCESS LAURA,IMO7728663,WDK8719,99,15,0,0,0.0,99,A
368096750,2023-08-13T01:07:11,42.40767,-70.13529,6.9,116.7,511.0,PRINCESS LAURA,IMO7728663,WDK8719,99,15,0,0,0.0,99,A
368096750,2023-08-13T01:08:20,42.40673,-70.13266,6.7,115.5,511.0,PRINCESS LAURA,IMO7728663,WDK8719,99,15,0,0,0.0,99,A
368096750,2023-08-13T01:09:21,42.40592,-70.13032,6.5,116.7,511.0,PRINCESS LAURA,IMO7728663,WDK8719,99,15,0,0,0.0,99,A
368096750,2023-08-13T01:10:31,42.40499,-70.12757,6.8,118.6,511.0,PRINCESS LAURA,IMO7728663,WDK8719,99,15,0,0,0.0,99,A
368096750,2023-08-13T01:11:41,42.40404,-70.12481,7.1,117.2,511.0,PRINCESS LAURA,IMO7728663,WDK8719,99,15,0,0,0.0,99,A
368096750,2023-08-13T01:12:51,42.40312,-70.12218,6.5,112.4,511.0,PRINCESS LAURA,IMO7728663,WDK8719,99,15,0,0,0.0,99,A
368096750,2023-08-13T01:14:01,42.40220,-70.11943,6.9,115.6,511.0,PRINCESS LAURA,IMO7728663,WDK8719,99,15,0,0,0.0,99,A
368096750,2023-08-13T01:15:11,42.40124,-70.11679,6.6,113.9,511.0,PRINCESS LAURA,IMO7728663,WDK8719,99,15,0,0,0.0,99,A
368096750,2023-08-13T01:16:12,42.40050,-70.11448,6.7,116.7,511.0,PRINCESS LAURA,IMO7728663,WDK8719,99,15,0,0,0.0,99,A
368096750,2023-08-13T01:17:21,42.39959,-70.11185,7.0,115.2,511.0,PRINCESS LAURA,IMO7728663,WDK8719,99,15,0,0,0.0,99,A
368096750,2023-08-13T01:18:31,42.39863,-70.10925,6.5,114.1,511.0,PRINCESS LAURA,IMO7728663,WDK8719,99,15,0,0,0.0,99,A
368096750,2023-08-13T01:19:42,42.39777,-70.10655,6.5,116.0,511.0,PRINCESS LAURA,IMO7728663,WDK8719,99,15,0,0,0.0,99,A
368096750,2023-08-13T01:20:52,42.39684,-70.10393,6.8,116.2,511.0,PRINCESS LAURA,IMO7728663,WDK8719,99,15,0,0,0.0,99,A
368096750,2023-08-13T01:22:00,42.39595,-70.10132,6.6,115.3,511.0,PRINCESS LAURA,IMO7728663,WDK8719,99,15,0,0,0.0,99,A
368187760,2023-07-20T01:49:17,42.38870,-70.11451,6.8,202.2,190.0,ZEN LATITUDE,,WDM2404,36,,0,0,,,B
368187760,2023-07-20T01:45:16,42.39602,-70.11104,7.0,195.6,185.0,ZEN LATITUDE,,WDM2404,36,,0,0,,,B
368187760,2023-07-20T01:38:17,42.40855,-70.10498,6.6,203.9,187.0,ZEN LATITUDE,,WDM2404,36,,0,0,,,B
368187760,2023-07-20T01:48:16,42.39057,-70.11366,6.7,198.0,184.0,ZEN LATITUDE,,WDM2404,36,,0,0,,,B
538005879,2023-01-10T18:40:15,42.41358,-70.14841,13.1,142.1,141.0,BALTIC HORNET,IMO9721932,V7GU8,70,0,199,32,13.3,70,A
538005879,2023-01-10T18:41:24,42.41027,-70.14492,13.2,141.6,141.0,BALTIC HORNET,IMO9721932,V7GU8,70,0,199,32,13.3,70,A
538005879,2023-01-10T18:42:34,42.40691,-70.14139,13.2,142.2,141.0,BALTIC HORNET,IMO9721932,V7GU8,70,0,199,32,13.3,70,A
538005879,2023-01-10T18:43:45,42.40354,-70.13788,13.2,142.8,141.0,BALTIC HORNET,IMO9721932,V7GU8,70,0,199,32,13.3,70,A
538005879,2023-01-10T18:44:54,42.40013,-70.13433,13.3,142.4,141.0,BALTIC HORNET,IMO9721932,V7GU8,70,0,199,32,13.3,70,A
538005879,2023-01-10T18:46:05,42.39666,-70.13072,13.3,142.1,141.0,BALTIC HORNET,IMO9721932,V7GU8,70,0,199,32,13.3,70,A
538005879,2023-01-10T18:47:14,42.39334,-70.12722,13.2,142.1,141.0,BALTIC HORNET,IMO9721932,V7GU8,70,0,199,32,13.3,70,A
538005879,2023-01-10T18:48:24,42.38999,-70.12366,13.1,142.0,141.0,BALTIC HORNET,IMO9721932,V7GU8,70,0,199,32,13.3,70,A
538005879,2023-01-10T18:49:25,42.38709,-70.12055,13.1,141.8,141.0,BALTIC HORNET,IMO9721932,V7GU8,70,0,199,32,13.3,70,A
367261000,2023-07-21T07:24:18,42.38625,-70.12321,8.8,111.6,511.0,CG FORWARD,,NICB,90,0,82,11,,55,A
367261000,2023-07-21T07:20:49,42.38942,-70.13384,8.8,110.0,511.0,CG FORWARD,,NICB,90,0,82,11,,55,A
367261000,2023-07-21T07:21:58,42.38836,-70.13028,8.8,110.0,511.0,CG FORWARD,,NICB,90,0,82,11,,55,A
367261000,2023-07-21T07:23:08,42.38730,-70.12673,8.8,110.7,511.0,CG FORWARD,,NICB,90,0,82,11,,55,A
367261000,2023-07-21T04:24:28,42.39827,-70.13088,5.4,282.9,511.0,CG FORWARD,,NICB,90,0,82,11,,55,A
367261000,2023-07-21T04:25:38,42.39881,-70.13356,6.5,282.0,511.0,CG FORWARD,,NICB,90,0,82,11,,55,A
367261000,2023-07-21T04:26:47,42.39938,-70.13631,6.7,283.7,511.0,CG FORWARD,,NICB,90,0,82,11,,55,A
367261000,2023-07-21T04:27:57,42.39989,-70.13916,6.7,281.4,511.0,CG FORWARD,,NICB,90,0,82,11,,55,A
367261000,2023-07-21T04:29:08,42.40045,-70.14204,6.8,280.4,511.0,CG FORWARD,,NICB,90,0,82,11,,55,A
367261000,2023-07-21T04:30:18,42.40092,-70.14497,6.8,281.4,511.0,CG FORWARD,,NICB,90,0,82,11,,55,A
367261000,2023-07-21T04:31:27,42.40140,-70.14788,6.9,280.0,511.0,CG FORWARD,,NICB,90,0,82,11,,55,A
367261000,2023-07-21T04:12:47,42.39124,-70.10122,7.9,286.5,511.0,CG FORWARD,,NICB,90,0,82,11,,55,A
367261000,2023-07-21T04:13:58,42.39203,-70.10454,7.8,286.9,511.0,CG FORWARD,,NICB,90,0,82,11,,55,A
367261000,2023-07-21T04:15:08,42.39284,-70.10782,7.9,286.6,511.0,CG FORWARD,,NICB,90,0,82,11,,55,A
367261000,2023-07-21T04:16:17,42.39363,-70.11102,7.9,287.2,511.0,CG FORWARD,,NICB,90,0,82,11,,55,A
367261000,2023-07-21T04:17:27,42.39451,-70.11428,7.7,287.5,511.0,CG FORWARD,,NICB,90,0,82,11,,55,A
367261000,2023-07-21T04:18:38,42.39516,-70.11752,7.7,284.5,511.0,CG FORWARD,,NICB,90,0,82,11,,55,A
367261000,2023-07-21T04:19:47,42.39592,-70.12072,7.6,286.7,511.0,CG FORWARD,,NICB,90,0,82,11,,55,A
367261000,2023-07-21T04:20:58,42.39670,-70.12395,7.6,287.0,511.0,CG FORWARD,,NICB,90,0,82,11,,55,A
367261000,2023-07-21T04:22:07,42.39742,-70.12648,5.6,291.4,511.0,CG FORWARD,,NICB,90,0,82,11,,55,A
367261000,2023-07-21T04:23:18,42.39795,-70.12860,4.9,282.4,511.0,CG FORWARD,,NICB,90,0,82,11,,55,A
367261000,2023-07-21T07:16:18,42.39342,-70.14762,8.6,109.1,511.0,CG FORWARD,,NICB,90,0,82,11,,55,A
367261000,2023-07-21T07:17:28,42.39242,-70.14408,8.7,110.0,511.0,CG FORWARD,,NICB,90,0,82,11,,55,A
367261000,2023-07-21T07:18:38,42.39137,-70.14053,8.8,110.2,511.0,CG FORWARD,,NICB,90,0,82,11,,55,A
367261000,2023-07-21T07:19:48,42.39032,-70.13694,8.8,109.8,511.0,CG FORWARD,,NICB,90,0,82,11,,55,A
367261000,2023-07-17T20:13:25,42.38704,-70.13582,5.2,187.2,511.0,CG FORWARD,,NICB,90,0,82,11,,55,A
367261000,2023-07-17T20:14:26,42.38613,-70.13720,4.6,265.6,511.0,CG FORWARD,,NICB,90,0,82,11,,55,A
367261000,2023-07-17T20:15:36,42.38622,-70.13941,5.4,282.3,511.0,CG FORWARD,,NICB,90,0,82,11,,55,A
367261000,2023-07-17T20:16:46,42.38640,-70.14179,5.6,265.0,511.0,CG FORWARD,,NICB,90,0,82,11,,55,A
367261000,2023-07-17T20:17:55,42.38658,-70.14413,5.4,278.1,511.0,CG FORWARD,,NICB,90,0,82,11,,55,A
367261000,2023-07-17T20:19:05,42.38676,-70.14653,5.5,272.6,511.0,CG FORWARD,,NICB,90,0,82,11,,55,A
367261000,2023-07-17T20:20:06,42.38693,-70.14865,5.6,274.6,511.0,CG FORWARD,,NICB,90,0,82,11,,55,A
367261000,2023-07-17T15:57:55,42.38964,-70.13180,7.7,259.3,511.0,CG FORWARD,,NICB,90,0,82,11,,55,A
367261000,2023-07-17T15:59:06,42.38877,-70.13497,7.7,247.8,511.0,CG FORWARD,,NICB,90,0,82,11,,55,A
367261000,2023-07-17T16:00:25,42.38773,-70.13864,7.6,255.0,511.0,CG FORWARD,,NICB,90,0,82,11,,55,A
367261000,2023-07-17T16:01:36,42.38681,-70.14186,7.9,249.3,511.0,CG FORWARD,,NICB,90,0,82,11,,55,A
367261000,2023-07-17T17:33:16,42.38654,-70.14681,7.3,293.0,511.0,CG FORWARD,,NICB,90,0,82,11,,55,A
367261000,2023-07-17T17:34:25,42.38733,-70.14966,7.1,283.7,511.0,CG FORWARD,,NICB,90,0,82,11,,55,A
367261000,2023-07-17T18:03:55,42.38986,-70.12370,5.3,91.4,511.0,CG FORWARD,,NICB,90,0,82,11,,55,A
367261000,2023-07-17T18:05:05,42.38971,-70.12136,5.0,97.3,511.0,CG FORWARD,,NICB,90,0,82,11,,55,A
367261000,2023-07-17T18:06:06,42.38962,-70.11951,4.7,101.5,511.0,CG FORWARD,,NICB,90,0,82,11,,55,A
367261000,2023-07-17T18:07:16,42.38945,-70.11732,5.2,81.1,511.0,CG FORWARD,,NICB,90,0,82,11,,55,A
367261000,2023-07-17T18:08:26,42.38925,-70.11525,4.7,101.8,511.0,CG FORWARD,,NICB,90,0,82,11,,55,A
367261000,2023-07-17T18:09:36,42.38905,-70.11307,4.7,85.6,511.0,CG FORWARD,,NICB,90,0,82,11,,55,A
367261000,2023-07-17T18:10:46,42.38888,-70.11096,5.1,98.4,511.0,CG FORWARD,,NICB,90,0,82,11,,55,A
367261000,2023-07-17T18:11:55,42.38874,-70.10892,4.6,96.8,511.0,CG FORWARD,,NICB,90,0,82,11,,55,A
367261000,2023-07-17T18:13:06,42.38850,-70.10674,5.2,96.9,511.0,CG FORWARD,,NICB,90,0,82,11,,55,A
367261000,2023-07-17T18:14:16,42.38827,-70.10455,5.1,89.8,511.0,CG FORWARD,,NICB,90,0,82,11,,55,A
367261000,2023-07-17T18:15:25,42.38806,-70.10236,5.3,98.2,511.0,CG FORWARD,,NICB,90,0,82,11,,55,A
367261000,2023-07-17T18:45:25,42.38648,-70.10212,8.1,273.5,511.0,CG FORWARD,,NICB,90,0,82,11,,55,A
367261000,2023-07-17T18:46:37,42.38682,-70.10583,8.6,273.3,511.0,CG FORWARD,,NICB,90,0,82,11,,55,A
367261000,2023-07-17T18:47:47,42.38720,-70.10946,8.3,280.8,511.0,CG FORWARD,,NICB,90,0,82,11,,55,A
367261000,2023-07-17T18:48:56,42.38754,-70.11298,8.6,270.6,511.0,CG FORWARD,,NICB,90,0,82,11,,55,A
367261000,2023-07-17T18:50:05,42.38791,-70.11656,8.3,272.4,511.0,CG FORWARD,,NICB,90,0,82,11,,55,A
367261000,2023-07-17T18:51:15,42.38826,-70.12018,8.4,272.8,511.0,CG FORWARD,,NICB,90,0,82,11,,55,A
367261000,2023-07-17T18:52:25,42.38860,-70.12379,8.2,276.0,511.0,CG FORWARD,,NICB,90,0,82,11,,55,A
367261000,2023-07-17T18:53:26,42.38893,-70.12687,8.1,287.7,511.0,CG FORWARD,,NICB,90,0,82,11,,55,A
367261000,2023-07-17T18:54:35,42.38930,-70.13044,8.4,277.5,511.0,CG FORWARD,,NICB,90,0,82,11,,55,A
367261000,2023-07-17T18:55:46,42.38971,-70.13412,8.2,268.7,511.0,CG FORWARD,,NICB,90,0,82,11,,55,A
367261000,2023-07-17T19:25:36,42.38956,-70.14444,5.0,98.1,511.0,CG FORWARD,,NICB,90,0,82,11,,55,A
367261000,2023-07-17T19:26:45,42.38901,-70.14219,6.5,107.0,511.0,CG FORWARD,,NICB,90,0,82,11,,55,A
367261000,2023-07-17T19:27:56,42.38946,-70.13970,5.1,25.1,511.0,CG FORWARD,,NICB,90,0,82,11,,55,A
367261000,2023-07-17T20:11:06,42.38938,-70.13797,4.8,133.0,511.0,CG FORWARD,,NICB,90,0,82,11,,55,A
367261000,2023-07-17T20:12:16,42.38850,-70.13638,4.6,137.3,511.0,CG FORWARD,,NICB,90,0,82,11,,55,A
367261000,2023-07-17T15:45:06,42.40382,-70.10242,7.9,239.5,511.0,CG FORWARD,,NICB,90,0,82,11,,55,A
367261000,2023-07-17T15:46:15,42.40271,-70.10531,7.8,238.0,511.0,CG FORWARD,,NICB,90,0,82,11,,55,A
367261000,2023-07-17T15:47:26,42.40155,-70.10840,8.0,235.5,511.0,CG FORWARD,,NICB,90,0,82,11,,55,A
367261000,2023-07-17T15:48:36,42.40037,-70.11139,7.3,234.4,511.0,CG FORWARD,,NICB,90,0,82,11,,55,A
367261000,2023-07-17T15:49:46,42.39836,-70.11304,8.0,203.7,511.0,CG FORWARD,,NICB,90,0,82,11,,55,A
367261000,2023-07-17T15:50:56,42.39598,-70.11465,8.3,205.3,511.0,CG FORWARD,,NICB,90,0,82,11,,55,A
367261000,2023-07-17T15:52:06,42.39378,-70.11632,7.3,228.4,511.0,CG FORWARD,,NICB,90,0,82,11,,55,A
367261000,2023-07-17T15:53:16,42.39311,-70.11917,7.5,259.5,511.0,CG FORWARD,,NICB,90,0,82,11,,55,A
367261000,2023-07-17T15:54:26,42.39230,-70.12231,7.5,245.2,511.0,CG FORWARD,,NICB,90,0,82,11,,55,A
367261000,2023-07-17T15:55:35,42.39141,-70.12547,7.5,245.2,511.0,CG FORWARD,,NICB,90,0,82,11,,55,A
367261000,2023-07-17T15:56:46,42.39049,-70.12873,7.6,246.7,511.0,CG FORWARD,,NICB,90,0,82,11,,55,A
367261000,2023-07-17T17:53:57,42.39359,-70.14800,7.2,111.2,511.0,CG FORWARD,,NICB,90,0,82,11,,55,A
367261000,2023-07-17T17:55:05,42.39301,-70.14518,6.6,102.6,511.0,CG FORWARD,,NICB,90,0,82,11,,55,A
367261000,2023-07-17T17:56:17,42.39238,-70.14216,7.0,105.8,511.0,CG FORWARD,,NICB,90,0,82,11,,55,A
367261000,2023-07-17T17:57:26,42.39177,-70.13928,6.6,107.1,511.0,CG FORWARD,,NICB,90,0,82,11,,55,A
367261000,2023-07-17T17:58:36,42.39106,-70.13624,6.7,103.0,511.0,CG FORWARD,,NICB,90,0,82,11,,55,A
367261000,2023-07-17T17:59:46,42.39072,-70.13346,6.7,101.7,511.0,CG FORWARD,,NICB,90,0,82,11,,55,A
367261000,2023-07-17T18:00:05,42.39060,-70.13266,6.5,91.5,511.0,CG FORWARD,,NICB,90,0,82,11,,55,A
367261000,2023-07-17T18:01:36,42.39031,-70.12878,6.9,98.9,511.0,CG FORWARD,,NICB,90,0,82,11,,55,A
367261000,2023-07-17T18:02:45,42.39007,-70.12611,5.4,88.3,511.0,CG FORWARD,,NICB,90,0,82,11,,55,A
367261000,2023-07-17T18:56:56,42.38998,-70.13762,8.3,275.5,511.0,CG FORWARD,,NICB,90,0,82,11,,55,A
367261000,2023-07-17T18:58:06,42.39031,-70.14122,8.2,278.1,511.0,CG FORWARD,,NICB,90,0,82,11,,55,A
367261000,2023-07-17T18:59:15,42.39071,-70.14482,8.6,269.1,511.0,CG FORWARD,,NICB,90,0,82,11,,55,A
367261000,2023-07-17T19:00:05,42.39099,-70.14738,8.1,281.1,511.0,CG FORWARD,,NICB,90,0,82,11,,55,A
367261000,2023-07-17T19:23:15,42.39061,-70.14869,5.2,112.8,511.0,CG FORWARD,,NICB,90,0,82,11,,55,A
367261000,2023-07-17T19:24:25,42.39009,-70.14655,4.8,115.1,511.0,CG FORWARD,,NICB,90,0,82,11,,55,A
367261000,2023-07-17T19:29:06,42.39088,-70.14042,5.9,315.4,511.0,CG FORWARD,,NICB,90,0,82,11,,55,A
367261000,2023-07-17T19:30:16,42.39174,-70.14286,7.1,278.6,511.0,CG FORWARD,,NICB,90,0,82,11,,55,A
367261000,2023-07-17T19:31:26,42.39280,-70.14564,7.0,297.9,511.0,CG FORWARD,,NICB,90,0,82,11,,55,A
367261000,2023-07-17T19:32:36,42.39363,-70.14807,5.6,300.3,511.0,CG FORWARD,,NICB,90,0,82,11,,55,A
367261000,2023-07-17T20:04:06,42.39419,-70.14822,4.2,100.2,511.0,CG FORWARD,,NICB,90,0,82,11,,55,A
367261000,2023-07-17T20:05:16,42.39338,-70.14654,3.9,114.1,511.0,CG FORWARD,,NICB,90,0,82,11,,55,A
367261000,2023-07-17T20:06:26,42.39261,-70.14488,5.0,116.6,511.0,CG FORWARD,,NICB,90,0,82,11,,55,A
367261000,2023-07-17T20:07:35,42.39185,-70.14324,4.7,127.1,511.0,CG FORWARD,,NICB,90,0,82,11,,55,A
367261000,2023-07-17T20:08:45,42.39105,-70.14151,4.7,121.5,511.0,CG FORWARD,,NICB,90,0,82,11,,55,A
367261000,2023-07-17T20:09:56,42.39021,-70.13973,4.6,129.4,511.0,CG FORWARD,,NICB,90,0,82,11,,55,A
338001472,2023-07-13T15:24:47,42.39875,-70.11505,6.7,26.8,511.0,VIRTUAL REALITY,,,36,,10,4,,,B
338001472,2023-07-13T15:26:18,42.40121,-70.11359,6.3,28.0,511.0,VIRTUAL REALITY,,,36,,10,4,,,B
338001472,2023-07-13T15:27:46,42.40360,-70.11213,6.4,28.9,511.0,VIRTUAL REALITY,,,36,,10,4,,,B
338001472,2023-07-13T15:29:18,42.40601,-70.11067,6.3,27.6,511.0,VIRTUAL REALITY,,,36,,10,4,,,B
338001472,2023-07-13T15:31:18,42.40918,-70.10871,6.4,19.3,511.0,VIRTUAL REALITY,,,36,,10,4,,,B
338001472,2023-07-13T15:33:19,42.41236,-70.10680,6.4,23.7,511.0,VIRTUAL REALITY,,,36,,10,4,,,B
338001472,2023-07-13T15:35:19,42.41550,-70.10490,5.7,26.2,511.0,VIRTUAL REALITY,,,36,,10,4,,,B
338001472,2023-07-13T15:37:19,42.41861,-70.10297,6.2,25.4,511.0,VIRTUAL REALITY,,,36,,10,4,,,B
338001472,2023-07-13T15:38:47,42.42089,-70.10161,5.8,23.3,511.0,VIRTUAL REALITY,,,36,,10,4,,,B
338105923,2023-07-15T14:59:23,42.40719,-70.14607,5.1,1.1,511.0,LUCY D,,,36,,11,3,,,B
338105923,2023-07-15T15:00:56,42.40930,-70.14583,4.8,6.9,511.0,LUCY D,,,36,,11,3,,,B
338105923,2023-07-15T15:04:54,42.41451,-70.14647,5.1,352.0,511.0,LUCY D,,,36,,11,3,,,B
338105923,2023-07-15T15:05:55,42.41579,-70.14687,4.3,350.4,511.0,LUCY D,,,36,,11,3,,,B
338001472,2023-07-13T15:17:48,42.38747,-70.12194,6.3,26.1,511.0,VIRTUAL REALITY,,,36,,10,4,,,B
338001472,2023-07-13T15:19:47,42.39066,-70.12001,6.3,30.9,511.0,VIRTUAL REALITY,,,36,,10,4,,,B
338001472,2023-07-13T15:21:47,42.39391,-70.11803,6.1,22.2,511.0,VIRTUAL REALITY,,,36,,10,4,,,B
338475113,2023-08-03T19:12:17,42.38662,-70.10402,8.7,34.3,25.0,ARROW,,,36,,16,4,,,B
367353670,2023-08-15T08:22:57,42.41585,-70.14423,6.6,198.3,511.0,ABACUS,,WDN2012,36,,14,4,,,B
367353670,2023-08-15T08:24:27,42.41318,-70.14547,6.9,195.1,511.0,ABACUS,,WDN2012,36,,14,4,,,B
367353670,2023-08-15T08:27:57,42.40684,-70.14811,6.9,194.8,511.0,ABACUS,,WDN2012,36,,14,4,,,B
538006907,2023-08-16T16:45:40,42.41508,-70.13787,13.1,43.6,44.0,PALANCA RIO,IMO9747998,V7QS4,80,0,133,,,89,A
538006907,2023-08-16T16:46:51,42.41813,-70.13387,13.1,42.3,44.0,PALANCA RIO,IMO9747998,V7QS4,80,0,133,,,89,A
538006907,2023-08-16T16:48:10,42.42157,-70.12938,13.1,46.1,44.0,PALANCA RIO,IMO9747998,V7QS4,80,0,133,,,89,A
538006907,2023-08-16T16:43:21,42.40902,-70.14580,13.1,45.5,44.0,PALANCA RIO,IMO9747998,V7QS4,80,0,133,,,89,A
538006907,2023-08-16T16:44:31,42.41207,-70.14182,13.1,42.5,44.0,PALANCA RIO,IMO9747998,V7QS4,80,0,133,,,89,A
367711570,2023-05-27T16:11:07,42.39976,-70.10188,7.8,208.5,511.0,BLOODHOUND,,WDI5734,37,,,,,,B
367711570,2023-05-27T16:12:10,42.39785,-70.10345,7.8,209.3,511.0,BLOODHOUND,,WDI5734,37,,,,,,B
367711570,2023-05-27T16:13:37,42.39514,-70.10566,7.8,209.8,511.0,BLOODHOUND,,WDI5734,37,,,,,,B
367711570,2023-05-27T16:15:07,42.39241,-70.10789,7.9,209.3,511.0,BLOODHOUND,,WDI5734,37,,,,,,B
367711570,2023-05-27T16:16:37,42.38960,-70.11011,7.9,211.7,511.0,BLOODHOUND,,WDI5734,37,,,,,,B
368025320,2023-07-14T02:57:36,42.39824,-70.11992,12.2,35.9,33.0,MARIE,,WDJ9361,37,0,39,7,3.0,37,A
368025320,2023-07-14T02:58:45,42.40130,-70.11674,12.2,38.7,37.0,MARIE,,WDJ9361,37,0,39,7,3.0,37,A
368025320,2023-07-14T02:59:55,42.40448,-70.11352,12.2,37.1,511.0,MARIE,,WDJ9361,37,0,39,7,3.0,37,A
368025320,2023-07-14T03:00:05,42.40493,-70.11306,12.2,36.6,34.0,MARIE,,WDJ9361,37,0,39,7,3.0,37,A
368025320,2023-07-14T03:01:15,42.40824,-70.10983,12.3,37.1,37.0,MARIE,,WDJ9361,37,0,39,7,3.0,37,A
368025320,2023-07-14T03:02:26,42.41139,-70.10660,12.0,36.8,34.0,MARIE,,WDJ9361,37,0,39,7,3.0,37,A
368025320,2023-07-14T03:03:35,42.41454,-70.10341,12.1,35.7,37.0,MARIE,,WDJ9361,37,0,39,7,3.0,37,A
368025320,2023-07-14T02:53:55,42.38813,-70.13000,12.6,37.8,34.0,MARIE,,WDJ9361,37,0,39,7,3.0,37,A
368025320,2023-07-14T02:55:04,42.39127,-70.12689,12.4,37.0,511.0,MARIE,,WDJ9361,37,0,39,7,3.0,37,A
368025320,2023-07-14T02:56:15,42.39457,-70.12360,12.3,35.4,33.0,MARIE,,WDJ9361,37,0,39,7,3.0,37,A
636016407,2023-01-08T08:06:38,42.38780,-70.14794,15.0,98.1,94.0,ATROTOS,IMO9328285,D5GA5,80,0,183,32,12.5,80,A
636016407,2023-01-08T08:07:43,42.38721,-70.14177,14.9,97.2,93.0,ATROTOS,IMO9328285,D5GA5,80,0,183,32,12.5,80,A
636016407,2023-01-08T08:08:50,42.38660,-70.13568,14.9,97.1,94.0,ATROTOS,IMO9328285,D5GA5,80,0,183,32,12.5,80,A
538006907,2023-02-03T06:24:59,42.41467,-70.14727,13.0,55.9,52.0,PALANCA RIO,IMO9747998,V7QS4,80,0,133,,,89,A
538006907,2023-02-03T06:26:09,42.41707,-70.14240,13.0,53.9,52.0,PALANCA RIO,IMO9747998,V7QS4,80,0,133,,,89,A
538006907,2023-02-03T06:27:30,42.41968,-70.13702,13.0,60.1,52.0,PALANCA RIO,IMO9747998,V7QS4,80,0,133,,,89,A
538006907,2023-01-15T04:52:24,42.41767,-70.14407,6.0,57.0,50.0,PALANCA RIO,IMO9747998,V7QS4,80,0,133,,,89,A
538006907,2023-01-15T04:53:34,42.41847,-70.14227,5.1,55.8,49.0,PALANCA RIO,IMO9747998,V7QS4,80,0,133,,,89,A
538006907,2023-01-15T04:54:43,42.41955,-70.14007,6.4,55.8,49.0,PALANCA RIO,IMO9747998,V7QS4,80,0,133,,,89,A
538006907,2023-01-15T04:55:53,42.42073,-70.13787,6.2,51.6,49.0,PALANCA RIO,IMO9747998,V7QS4,80,0,133,,,89,A
538006907,2023-01-15T04:50:03,42.41567,-70.14808,5.3,60.7,49.0,PALANCA RIO,IMO9747998,V7QS4,80,0,133,,,89,A
538006907,2023-01-15T04:51:13,42.41658,-70.14620,5.5,57.0,49.0,PALANCA RIO,IMO9747998,V7QS4,80,0,133,,,89,A
368292550,2023-07-14T01:19:10,42.40771,-70.14978,6.2,34.3,511.0,EEMIAN,,,36,,12,4,,,B
368292550,2023-07-14T01:20:42,42.41016,-70.14784,5.6,41.5,511.0,EEMIAN,,,36,,12,4,,,B
368292550,2023-07-14T01:22:11,42.41256,-70.14607,6.4,35.9,511.0,EEMIAN,,,36,,12,4,,,B
368292550,2023-07-14T01:23:41,42.41491,-70.14408,7.3,39.7,511.0,EEMIAN,,,36,,12,4,,,B
368292550,2023-07-14T01:25:11,42.41732,-70.14193,6.7,40.1,511.0,EEMIAN,,,36,,12,4,,,B
368292550,2023-07-14T01:26:40,42.41973,-70.13988,6.8,33.3,511.0,EEMIAN,,,36,,12,4,,,B
368101110,2023-08-16T18:54:02,42.38819,-70.13772,6.0,24.2,511.0,FLOOD TIDE,,WDK9173,36,,14,2,,,B
368101110,2023-08-16T18:59:02,42.39576,-70.13294,6.2,29.4,511.0,FLOOD TIDE,,WDK9173,36,,14,2,,,B
368101110,2023-08-16T19:00:02,42.39728,-70.13202,6.1,23.2,511.0,FLOOD TIDE,,WDK9173,36,,14,2,,,B
368101110,2023-08-16T19:02:01,42.40034,-70.13021,6.1,22.2,511.0,FLOOD TIDE,,WDK9173,36,,14,2,,,B
368101110,2023-08-16T19:03:30,42.40259,-70.12885,6.2,20.7,511.0,FLOOD TIDE,,WDK9173,36,,14,2,,,B
368101110,2023-08-16T19:05:01,42.40489,-70.12742,6.2,24.8,511.0,FLOOD TIDE,,WDK9173,36,,14,2,,,B
538007108,2023-02-08T22:23:58,42.40802,-70.10188,9.4,324.7,330.0,PALANCA CADIZ,IMO9748007,V7RI4,80,0,,,,84,A
538007108,2023-02-08T22:24:59,42.41025,-70.10372,9.5,334.4,330.0,PALANCA CADIZ,IMO9748007,V7RI4,80,0,,,,84,A
538007108,2023-02-08T22:26:09,42.41288,-70.10588,9.5,325.8,330.0,PALANCA CADIZ,IMO9748007,V7RI4,80,0,,,,84,A
538007108,2023-02-08T22:27:19,42.41555,-70.10808,9.7,323.8,330.0,PALANCA CADIZ,IMO9748007,V7RI4,80,0,,,,84,A
538007108,2023-02-08T22:28:29,42.41823,-70.11030,9.8,327.9,330.0,PALANCA CADIZ,IMO9748007,V7RI4,80,0,,,,84,A
538007108,2023-02-08T22:29:39,42.42093,-70.11252,9.8,326.6,330.0,PALANCA CADIZ,IMO9748007,V7RI4,80,0,,,,84,A
339603000,2023-08-03T00:18:20,42.38606,-70.11253,10.8,33.4,38.0,BRIO,,6YSE3,37,0,,,,37,A
339603000,2023-08-03T00:19:30,42.38894,-70.10992,10.7,34.9,39.0,BRIO,,6YSE3,37,0,,,,37,A
339603000,2023-08-03T00:20:39,42.39174,-70.10725,10.8,34.9,39.0,BRIO,,6YSE3,37,0,,,,37,A
339603000,2023-08-03T00:21:50,42.39466,-70.10457,10.8,33.5,39.0,BRIO,,6YSE3,37,0,,,,37,A
339603000,2023-08-03T00:23:00,42.39749,-70.10187,10.7,33.2,38.0,BRIO,,6YSE3,37,0,,,,37,A
367408120,2023-08-09T23:01:47,42.38899,-70.13786,7.5,22.8,20.0,DRAGON,,WDE8667,37,,14,4,,,B
367408120,2023-08-09T23:03:18,42.39203,-70.13598,7.6,21.5,22.0,DRAGON,,WDE8667,37,,14,4,,,B
367408120,2023-08-09T23:04:48,42.39513,-70.13410,7.2,24.1,20.0,DRAGON,,WDE8667,37,,14,4,,,B
367408120,2023-08-09T23:06:18,42.39817,-70.13228,7.4,22.9,20.0,DRAGON,,WDE8667,37,,14,4,,,B
367408120,2023-08-09T23:07:48,42.40113,-70.13045,7.8,26.1,19.0,DRAGON,,WDE8667,37,,14,4,,,B
367408120,2023-08-09T23:09:48,42.40521,-70.12810,8.2,24.1,20.0,DRAGON,,WDE8667,37,,14,4,,,B
367408120,2023-08-09T23:11:19,42.40824,-70.12628,8.1,24.8,22.0,DRAGON,,WDE8667,37,,14,4,,,B
367408120,2023-08-09T23:12:48,42.41122,-70.12451,7.7,24.5,19.0,DRAGON,,WDE8667,37,,14,4,,,B
367408120,2023-08-09T23:14:16,42.41416,-70.12283,7.7,20.6,13.0,DRAGON,,WDE8667,37,,14,4,,,B
367408120,2023-08-09T23:15:47,42.41717,-70.12101,7.7,23.7,19.0,DRAGON,,WDE8667,37,,14,4,,,B
367408120,2023-08-09T23:17:47,42.42123,-70.11865,7.5,25.5,19.0,DRAGON,,WDE8667,37,,14,4,,,B
538007108,2023-08-02T16:45:48,42.40935,-70.13927,13.6,146.8,148.0,PALANCA CADIZ,IMO9748007,V7RI4,80,0,,,,84,A
538007108,2023-08-02T16:46:58,42.40570,-70.13608,13.7,145.8,148.0,PALANCA CADIZ,IMO9748007,V7RI4,80,0,,,,84,A
538007108,2023-08-02T16:48:02,42.40240,-70.13283,13.4,136.7,138.0,PALANCA CADIZ,IMO9748007,V7RI4,80,0,,,,84,A
538007108,2023-08-02T16:49:29,42.39820,-70.12825,13.4,143.1,145.0,PALANCA CADIZ,IMO9748007,V7RI4,80,0,,,,84,A
538007108,2023-08-02T16:50:58,42.39370,-70.12385,13.5,145.1,146.0,PALANCA CADIZ,IMO9748007,V7RI4,80,0,,,,84,A
538007108,2023-08-02T16:52:09,42.39007,-70.12042,13.5,144.5,145.0,PALANCA CADIZ,IMO9748007,V7RI4,80,0,,,,84,A
538007108,2023-08-02T16:53:19,42.38652,-70.11693,13.6,143.3,145.0,PALANCA CADIZ,IMO9748007,V7RI4,80,0,,,,84,A
538007108,2023-08-02T16:42:19,42.42045,-70.14885,13.6,147.4,148.0,PALANCA CADIZ,IMO9748007,V7RI4,80,0,,,,84,A
538007108,2023-08-02T16:43:29,42.41672,-70.14565,13.7,146.6,148.0,PALANCA CADIZ,IMO9748007,V7RI4,80,0,,,,84,A
538007108,2023-08-02T16:44:38,42.41307,-70.14248,13.6,146.6,148.0,PALANCA CADIZ,IMO9748007,V7RI4,80,0,,,,84,A
366982190,2023-08-16T17:02:24,42.38739,-70.14643,8.4,149.2,511.0,CTRACTOR-8,IMO8875437,WCO3208,96,8,27,11,6.0,96,A
366724450,2023-07-28T07:54:40,42.38680,-70.10834,4.2,310.8,311.0,CORWITH CRAMER,IMO8617445,WTF3319,90,8,41,7,3.0,36,A
366724450,2023-07-28T07:55:49,42.38776,-70.10974,4.4,312.6,315.0,CORWITH CRAMER,IMO8617445,WTF3319,90,8,41,7,3.0,36,A
366724450,2023-07-28T07:56:59,42.38875,-70.11113,4.5,311.3,312.0,CORWITH CRAMER,IMO8617445,WTF3319,90,8,41,7,3.0,36,A
366724450,2023-07-28T07:58:10,42.38971,-70.11255,4.0,310.0,311.0,CORWITH CRAMER,IMO8617445,WTF3319,90,8,41,7,3.0,36,A
366724450,2023-07-28T07:59:19,42.39055,-70.11391,3.9,316.5,317.0,CORWITH CRAMER,IMO8617445,WTF3319,90,8,41,7,3.0,36,A
366724450,2023-07-28T07:59:59,42.39113,-70.11466,4.1,316.2,314.0,CORWITH CRAMER,IMO8617445,WTF3319,90,8,41,7,3.0,36,A
366724450,2023-07-28T08:01:09,42.39205,-70.11595,3.9,314.7,311.0,CORWITH CRAMER,IMO8617445,WTF3319,90,8,41,7,3.0,36,A
366724450,2023-07-28T08:02:19,42.39285,-70.11726,4.0,308.0,310.0,CORWITH CRAMER,IMO8617445,WTF3319,90,8,41,7,3.0,36,A
366724450,2023-07-28T08:03:30,42.39369,-70.11852,3.8,310.7,310.0,CORWITH CRAMER,IMO8617445,WTF3319,90,8,41,7,3.0,36,A
366724450,2023-07-28T08:04:39,42.39450,-70.11977,3.8,310.2,313.0,CORWITH CRAMER,IMO8617445,WTF3319,90,8,41,7,3.0,36,A
366724450,2023-07-28T08:06:00,42.39548,-70.12117,3.8,310.1,314.0,CORWITH CRAMER,IMO8617445,WTF3319,90,8,41,7,3.0,36,A
366724450,2023-07-28T08:07:10,42.39630,-70.12232,3.7,310.9,313.0,CORWITH CRAMER,IMO8617445,WTF3319,90,8,41,7,3.0,36,A
366724450,2023-07-28T08:08:20,42.39707,-70.12343,3.4,315.0,313.0,CORWITH CRAMER,IMO8617445,WTF3319,90,8,41,7,3.0,36,A
366724450,2023-07-28T08:09:29,42.39782,-70.12459,3.9,310.1,313.0,CORWITH CRAMER,IMO8617445,WTF3319,90,8,41,7,3.0,36,A
366724450,2023-07-28T08:10:39,42.39852,-70.12573,3.1,309.4,312.0,CORWITH CRAMER,IMO8617445,WTF3319,90,8,41,7,3.0,36,A
366724450,2023-07-28T08:11:49,42.39926,-70.12685,3.3,316.9,314.0,CORWITH CRAMER,IMO8617445,WTF3319,90,8,41,7,3.0,36,A
366724450,2023-07-28T08:12:59,42.40002,-70.12796,3.1,313.2,314.0,CORWITH CRAMER,IMO8617445,WTF3319,90,8,41,7,3.0,36,A
366724450,2023-07-28T08:14:09,42.40080,-70.12905,3.4,310.2,310.0,CORWITH CRAMER,IMO8617445,WTF3319,90,8,41,7,3.0,36,A
366724450,2023-07-28T08:15:30,42.40167,-70.13030,3.6,314.4,314.0,CORWITH CRAMER,IMO8617445,WTF3319,90,8,41,7,3.0,36,A
366724450,2023-07-28T08:16:59,42.40258,-70.13178,3.7,305.2,314.0,CORWITH CRAMER,IMO8617445,WTF3319,90,8,41,7,3.0,36,A
366724450,2023-07-28T08:18:10,42.40329,-70.13300,3.8,309.2,315.0,CORWITH CRAMER,IMO8617445,WTF3319,90,8,41,7,3.0,36,A
366724450,2023-07-28T08:19:19,42.40404,-70.13419,3.3,312.2,311.0,CORWITH CRAMER,IMO8617445,WTF3319,90,8,41,7,3.0,36,A
366724450,2023-07-28T08:20:29,42.40468,-70.13536,2.8,308.8,312.0,CORWITH CRAMER,IMO8617445,WTF3319,90,8,41,7,3.0,36,A
366724450,2023-07-28T08:21:39,42.40538,-70.13653,3.7,309.0,310.0,CORWITH CRAMER,IMO8617445,WTF3319,90,8,41,7,3.0,36,A
366724450,2023-07-28T08:22:49,42.40605,-70.13775,3.9,309.5,314.0,CORWITH CRAMER,IMO8617445,WTF3319,90,8,41,7,3.0,36,A
366724450,2023-07-28T08:23:59,42.40679,-70.13894,3.7,309.1,313.0,CORWITH CRAMER,IMO8617445,WTF3319,90,8,41,7,3.0,36,A
366724450,2023-07-28T08:25:09,42.40759,-70.14008,3.5,313.2,312.0,CORWITH CRAMER,IMO8617445,WTF3319,90,8,41,7,3.0,36,A
366724450,2023-07-28T08:26:29,42.40840,-70.14134,3.0,311.4,311.0,CORWITH CRAMER,IMO8617445,WTF3319,90,8,41,7,3.0,36,A
366724450,2023-07-28T08:27:40,42.40915,-70.14234,3.2,315.4,313.0,CORWITH CRAMER,IMO8617445,WTF3319,90,8,41,7,3.0,36,A
366724450,2023-07-28T08:28:49,42.40982,-70.14344,3.0,306.1,315.0,CORWITH CRAMER,IMO8617445,WTF3319,90,8,41,7,3.0,36,A
366724450,2023-07-28T08:29:59,42.41046,-70.14452,3.5,311.5,315.0,CORWITH CRAMER,IMO8617445,WTF3319,90,8,41,7,3.0,36,A
366724450,2023-07-28T08:31:20,42.41121,-70.14563,3.1,308.8,312.0,CORWITH CRAMER,IMO8617445,WTF3319,90,8,41,7,3.0,36,A
366724450,2023-07-28T08:32:29,42.41185,-70.14651,2.8,311.4,309.0,CORWITH CRAMER,IMO8617445,WTF3319,90,8,41,7,3.0,36,A
366724450,2023-07-28T08:33:30,42.41236,-70.14725,3.0,315.2,315.0,CORWITH CRAMER,IMO8617445,WTF3319,90,8,41,7,3.0,36,A
366724450,2023-07-28T08:34:40,42.41293,-70.14811,2.8,310.9,313.0,CORWITH CRAMER,IMO8617445,WTF3319,90,8,41,7,3.0,36,A
366724450,2023-07-28T08:35:49,42.41351,-70.14900,3.2,311.1,314.0,CORWITH CRAMER,IMO8617445,WTF3319,90,8,41,7,3.0,36,A
366724450,2023-07-28T08:36:50,42.41404,-70.14977,3.2,312.5,314.0,CORWITH CRAMER,IMO8617445,WTF3319,90,8,41,7,3.0,36,A
367390130,2023-03-18T22:16:01,42.40924,-70.13307,8.9,21.4,23.0,RUTH M REINAUER,IMO9559779,WDE7186,31,0,36,10,5.4,57,A
367390130,2023-03-18T22:06:11,42.38663,-70.14500,8.8,21.4,22.0,RUTH M REINAUER,IMO9559779,WDE7186,31,0,36,10,5.4,57,A
367390130,2023-03-18T22:07:30,42.38968,-70.14337,8.8,21.4,22.0,RUTH M REINAUER,IMO9559779,WDE7186,31,0,36,10,5.4,57,A
367390130,2023-03-18T22:11:20,42.39851,-70.13882,8.9,19.8,24.0,RUTH M REINAUER,IMO9559779,WDE7186,31,0,36,10,5.4,57,A
367390130,2023-03-18T22:12:30,42.40118,-70.13738,8.9,21.6,23.0,RUTH M REINAUER,IMO9559779,WDE7186,31,0,36,10,5.4,57,A
367390130,2023-03-18T22:13:40,42.40386,-70.13595,8.9,21.8,24.0,RUTH M REINAUER,IMO9559779,WDE7186,31,0,36,10,5.4,57,A
367390130,2023-03-18T22:14:51,42.40652,-70.13453,8.9,21.3,23.0,RUTH M REINAUER,IMO9559779,WDE7186,31,0,36,10,5.4,57,A
367390130,2023-03-18T22:08:40,42.39234,-70.14197,8.9,21.3,22.0,RUTH M REINAUER,IMO9559779,WDE7186,31,0,36,10,5.4,57,A
367390130,2023-03-18T22:10:11,42.39585,-70.14017,8.9,21.0,23.0,RUTH M REINAUER,IMO9559779,WDE7186,31,0,36,10,5.4,57,A
367390130,2023-03-18T22:17:11,42.41191,-70.13164,8.9,21.8,23.0,RUTH M REINAUER,IMO9559779,WDE7186,31,0,36,10,5.4,57,A
367390130,2023-03-18T22:18:21,42.41458,-70.13020,8.9,21.7,23.0,RUTH M REINAUER,IMO9559779,WDE7186,31,0,36,10,5.4,57,A
367390130,2023-03-18T22:19:31,42.41725,-70.12874,8.8,21.2,23.0,RUTH M REINAUER,IMO9559779,WDE7186,31,0,36,10,5.4,57,A
367390130,2023-03-18T22:20:40,42.41989,-70.12729,8.9,22.0,23.0,RUTH M REINAUER,IMO9559779,WDE7186,31,0,36,10,5.4,57,A
338926452,2023-08-06T17:39:57,42.38955,-70.14900,26.3,16.5,18.0,CGC MAURICE JESTER,,NMEJ,55,0,46,7,0.0,55,A
338926452,2023-08-06T17:40:59,42.39680,-70.14590,26.6,16.8,18.0,CGC MAURICE JESTER,,NMEJ,55,0,46,7,0.0,55,A
338926452,2023-08-06T17:42:03,42.40415,-70.14278,26.4,16.4,15.0,CGC MAURICE JESTER,,NMEJ,55,0,46,7,0.0,55,A
338926452,2023-08-06T17:43:05,42.41150,-70.13969,26.4,16.6,17.0,CGC MAURICE JESTER,,NMEJ,55,0,46,7,0.0,55,A
338926452,2023-08-06T17:44:21,42.42026,-70.13589,26.6,17.8,16.0,CGC MAURICE JESTER,,NMEJ,55,0,46,7,0.0,55,A
538007108,2023-02-27T10:50:03,42.41822,-70.10283,10.0,322.4,324.0,PALANCA CADIZ,IMO9748007,V7RI4,80,0,,,,84,A
538007108,2023-02-27T10:51:14,42.42085,-70.10552,10.0,322.9,324.0,PALANCA CADIZ,IMO9748007,V7RI4,80,0,,,,84,A
338926452,2023-08-03T06:37:49,42.39368,-70.13689,26.5,113.3,112.0,CGC MAURICE JESTER,,NMEJ,55,0,46,7,0.0,55,A
338926452,2023-08-03T06:38:51,42.39080,-70.12754,26.3,112.7,112.0,CGC MAURICE JESTER,,NMEJ,55,0,46,7,0.0,55,A
338926452,2023-08-03T06:39:53,42.38791,-70.11812,26.3,111.8,111.0,CGC MAURICE JESTER,,NMEJ,55,0,46,7,0.0,55,A
338926452,2023-08-03T06:36:47,42.39661,-70.14632,26.2,111.8,112.0,CGC MAURICE JESTER,,NMEJ,55,0,46,7,0.0,55,A
338395297,2023-07-01T14:50:42,42.41409,-70.12239,30.5,202.8,511.0,ZADA MAC,,,37,,19,6,,,B
338309386,2023-07-23T22:35:54,42.40989,-70.13527,9.0,22.1,511.0,DEFENDER,,,30,,12,5,,,B
338309386,2023-07-23T22:37:24,42.41360,-70.13341,9.6,22.4,511.0,DEFENDER,,,30,,12,5,,,B
338309386,2023-07-23T22:38:25,42.41611,-70.13219,9.2,23.2,511.0,DEFENDER,,,30,,12,5,,,B
338309386,2023-07-23T22:39:57,42.41991,-70.13031,9.3,20.9,511.0,DEFENDER,,,30,,12,5,,,B
338309386,2023-07-23T22:26:23,42.38647,-70.14683,9.3,19.5,511.0,DEFENDER,,,30,,12,5,,,B
338309386,2023-07-23T22:27:25,42.38899,-70.14564,9.3,23.0,511.0,DEFENDER,,,30,,12,5,,,B
338309386,2023-07-23T22:28:27,42.39154,-70.14431,9.4,22.5,511.0,DEFENDER,,,30,,12,5,,,B
338309386,2023-07-23T22:29:53,42.39509,-70.14255,9.3,22.5,511.0,DEFENDER,,,30,,12,5,,,B
338309386,2023-07-23T22:31:24,42.39880,-70.14067,9.4,16.4,511.0,DEFENDER,,,30,,12,5,,,B
338309386,2023-07-23T22:32:53,42.40244,-70.13889,9.5,21.7,511.0,DEFENDER,,,30,,12,5,,,B
338309386,2023-07-23T22:33:54,42.40492,-70.13767,9.5,19.3,511.0,DEFENDER,,,30,,12,5,,,B
338346091,2023-08-20T06:29:10,42.38664,-70.11416,6.3,41.8,511.0,FIREFLY,,,36,,13,3,,,B
338346091,2023-08-20T06:31:10,42.38978,-70.11169,6.4,357.3,511.0,FIREFLY,,,36,,13,3,,,B
338346091,2023-08-20T06:32:39,42.39230,-70.11055,7.0,18.4,511.0,FIREFLY,,,36,,13,3,,,B
338346091,2023-08-20T06:34:07,42.39439,-70.10834,6.1,26.8,511.0,FIREFLY,,,36,,13,3,,,B
338346091,2023-08-20T06:35:39,42.39633,-70.10587,7.0,72.4,511.0,FIREFLY,,,36,,13,3,,,B
338346091,2023-08-20T06:36:41,42.39775,-70.10441,6.4,30.4,511.0,FIREFLY,,,36,,13,3,,,B
338346091,2023-08-20T06:38:07,42.40017,-70.10299,6.5,20.3,511.0,FIREFLY,,,36,,13,3,,,B
338346091,2023-08-20T06:40:07,42.40299,-70.10187,6.7,74.1,511.0,FIREFLY,,,36,,13,3,,,B
367777690,2023-06-14T03:27:31,42.39317,-70.14607,6.1,12.0,511.0,HIGH COTTON,,WDJ4436,37,,15,4,,,B
367777690,2023-06-14T03:41:31,42.41492,-70.13761,6.0,17.8,511.0,HIGH COTTON,,WDJ4436,37,,15,4,,,B
367777690,2023-06-14T03:44:32,42.41944,-70.13569,5.8,13.4,511.0,HIGH COTTON,,WDJ4436,37,,15,4,,,B
538005694,2023-01-16T05:58:49,42.40551,-70.14097,8.2,194.9,195.0,INTERLINK VERACITY,IMO9709269,V7GD4,70,0,179,,,70,A
538005694,2023-01-16T07:45:14,42.40548,-70.13819,1.9,17.2,21.0,INTERLINK VERACITY,IMO9709269,V7GD4,70,0,179,,,70,A
538005694,2023-01-16T07:46:16,42.40602,-70.13799,2.0,9.1,22.0,INTERLINK VERACITY,IMO9709269,V7GD4,70,0,179,,,70,A
538005694,2023-01-16T07:47:18,42.40656,-70.13777,2.2,21.9,22.0,INTERLINK VERACITY,IMO9709269,V7GD4,70,0,179,,,70,A
538005694,2023-01-16T06:01:38,42.39946,-70.14354,8.2,191.4,193.0,INTERLINK VERACITY,IMO9709269,V7GD4,70,0,179,,,70,A
538005694,2023-01-16T07:32:46,42.39930,-70.13945,1.9,21.3,20.0,INTERLINK VERACITY,IMO9709269,V7GD4,70,0,179,,,70,A
538005694,2023-01-16T07:33:48,42.39981,-70.13932,2.1,357.4,17.0,INTERLINK VERACITY,IMO9709269,V7GD4,70,0,179,,,70,A
538005694,2023-01-16T07:34:50,42.40033,-70.13928,1.9,11.7,20.0,INTERLINK VERACITY,IMO9709269,V7GD4,70,0,179,,,70,A
538005694,2023-01-16T07:35:56,42.40084,-70.13929,1.8,359.3,21.0,INTERLINK VERACITY,IMO9709269,V7GD4,70,0,179,,,70,A
538005694,2023-01-16T07:36:58,42.40129,-70.13927,1.4,3.3,20.0,INTERLINK VERACITY,IMO9709269,V7GD4,70,0,179,,,70,A
538005694,2023-01-16T07:38:00,42.40178,-70.13923,1.7,2.7,19.0,INTERLINK VERACITY,IMO9709269,V7GD4,70,0,179,,,70,A
538005694,2023-01-16T07:39:02,42.40230,-70.13931,1.9,347.9,21.0,INTERLINK VERACITY,IMO9709269,V7GD4,70,0,179,,,70,A
538005694,2023-01-16T07:40:04,42.40281,-70.13931,1.8,11.0,24.0,INTERLINK VERACITY,IMO9709269,V7GD4,70,0,179,,,70,A
538005694,2023-01-16T07:41:06,42.40334,-70.13911,2.0,11.6,22.0,INTERLINK VERACITY,IMO9709269,V7GD4,70,0,179,,,70,A
538005694,2023-01-16T07:42:08,42.40386,-70.13890,2.2,1.6,23.0,INTERLINK VERACITY,IMO9709269,V7GD4,70,0,179,,,70,A
538005694,2023-01-16T07:43:10,42.40440,-70.13873,2.0,6.8,23.0,INTERLINK VERACITY,IMO9709269,V7GD4,70,0,179,,,70,A
538005694,2023-01-16T07:44:12,42.40494,-70.13846,1.9,27.3,24.0,INTERLINK VERACITY,IMO9709269,V7GD4,70,0,179,,,70,A
538005694,2023-01-16T16:07:16,42.40461,-70.10753,6.1,214.3,223.0,INTERLINK VERACITY,IMO9709269,V7GD4,70,0,179,,,70,A
538005694,2023-01-16T16:08:26,42.40296,-70.10903,6.2,213.4,219.0,INTERLINK VERACITY,IMO9709269,V7GD4,70,0,179,,,70,A
538005694,2023-01-16T16:10:36,42.39980,-70.11156,6.0,217.2,229.0,INTERLINK VERACITY,IMO9709269,V7GD4,70,0,179,,,70,A
538005694,2023-01-16T17:04:06,42.40137,-70.13240,6.5,10.4,5.0,INTERLINK VERACITY,IMO9709269,V7GD4,70,0,179,,,70,A
538005694,2023-01-16T17:06:17,42.40536,-70.13180,6.9,10.1,5.0,INTERLINK VERACITY,IMO9709269,V7GD4,70,0,179,,,70,A
538005694,2023-01-17T06:29:21,42.40473,-70.10443,6.7,196.8,194.0,INTERLINK VERACITY,IMO9709269,V7GD4,70,0,179,,,70,A
538005694,2023-01-17T06:31:30,42.40085,-70.10576,6.7,196.0,194.0,INTERLINK VERACITY,IMO9709269,V7GD4,70,0,179,,,70,A
538005694,2023-01-16T05:52:18,42.41980,-70.13505,8.1,197.5,197.0,INTERLINK VERACITY,IMO9709269,V7GD4,70,0,179,,,70,A
538005694,2023-01-16T05:53:29,42.41726,-70.13622,8.3,200.7,196.0,INTERLINK VERACITY,IMO9709269,V7GD4,70,0,179,,,70,A
538005694,2023-01-16T05:54:47,42.41442,-70.13737,8.2,194.5,195.0,INTERLINK VERACITY,IMO9709269,V7GD4,70,0,179,,,70,A
538005694,2023-01-16T05:55:49,42.41214,-70.13829,8.3,194.6,197.0,INTERLINK VERACITY,IMO9709269,V7GD4,70,0,179,,,70,A
538005694,2023-01-16T07:48:20,42.40706,-70.13759,1.8,19.3,22.0,INTERLINK VERACITY,IMO9709269,V7GD4,70,0,179,,,70,A
538005694,2023-01-16T07:49:26,42.40762,-70.13733,2.0,6.9,23.0,INTERLINK VERACITY,IMO9709269,V7GD4,70,0,179,,,70,A
538005694,2023-01-16T07:50:36,42.40820,-70.13698,2.0,20.4,24.0,INTERLINK VERACITY,IMO9709269,V7GD4,70,0,179,,,70,A
538005694,2023-01-16T07:51:46,42.40881,-70.13658,2.3,23.9,22.0,INTERLINK VERACITY,IMO9709269,V7GD4,70,0,179,,,70,A
538005694,2023-01-16T07:52:56,42.40941,-70.13624,1.8,20.3,19.0,INTERLINK VERACITY,IMO9709269,V7GD4,70,0,179,,,70,A
538005694,2023-01-16T07:54:16,42.41000,-70.13633,2.6,322.4,16.0,INTERLINK VERACITY,IMO9709269,V7GD4,70,0,179,,,70,A
538005694,2023-01-16T07:55:17,42.41051,-70.13646,1.6,354.8,23.0,INTERLINK VERACITY,IMO9709269,V7GD4,70,0,179,,,70,A
538005694,2023-01-16T07:56:18,42.41093,-70.13641,2.0,6.3,23.0,INTERLINK VERACITY,IMO9709269,V7GD4,70,0,179,,,70,A
538005694,2023-01-16T07:57:20,42.41140,-70.13636,1.8,6.1,23.0,INTERLINK VERACITY,IMO9709269,V7GD4,70,0,179,,,70,A
538005694,2023-01-16T07:58:22,42.41187,-70.13631,1.8,16.3,26.0,INTERLINK VERACITY,IMO9709269,V7GD4,70,0,179,,,70,A
538005694,2023-01-16T07:59:32,42.41235,-70.13606,2.0,13.8,25.0,INTERLINK VERACITY,IMO9709269,V7GD4,70,0,179,,,70,A
538005694,2023-01-16T08:00:02,42.41256,-70.13593,2.3,5.8,26.0,INTERLINK VERACITY,IMO9709269,V7GD4,70,0,179,,,70,A
538005694,2023-01-16T08:01:13,42.41300,-70.13554,1.9,28.4,22.0,INTERLINK VERACITY,IMO9709269,V7GD4,70,0,179,,,70,A
538005694,2023-01-16T08:02:14,42.41337,-70.13531,1.7,26.6,20.0,INTERLINK VERACITY,IMO9709269,V7GD4,70,0,179,,,70,A
538005694,2023-01-16T08:03:16,42.41377,-70.13527,1.6,356.2,21.0,INTERLINK VERACITY,IMO9709269,V7GD4,70,0,179,,,70,A
538005694,2023-01-16T08:04:18,42.41416,-70.13524,1.6,14.4,22.0,INTERLINK VERACITY,IMO9709269,V7GD4,70,0,179,,,70,A
538005694,2023-01-16T08:05:20,42.41457,-70.13506,1.6,28.2,21.0,INTERLINK VERACITY,IMO9709269,V7GD4,70,0,179,,,70,A
538005694,2023-01-16T08:06:22,42.41501,-70.13495,1.9,5.7,23.0,INTERLINK VERACITY,IMO9709269,V7GD4,70,0,179,,,70,A
538005694,2023-01-16T08:07:24,42.41546,-70.13473,1.8,29.0,28.0,INTERLINK VERACITY,IMO9709269,V7GD4,70,0,179,,,70,A
538005694,2023-01-16T08:08:26,42.41591,-70.13439,2.0,27.0,26.0,INTERLINK VERACITY,IMO9709269,V7GD4,70,0,179,,,70,A
538005694,2023-01-16T08:09:27,42.41632,-70.13403,1.7,47.7,25.0,INTERLINK VERACITY,IMO9709269,V7GD4,70,0,179,,,70,A
538005694,2023-01-16T08:10:28,42.41666,-70.13377,1.4,19.4,22.0,INTERLINK VERACITY,IMO9709269,V7GD4,70,0,179,,,70,A
538005694,2023-01-16T08:11:30,42.41704,-70.13351,1.4,20.4,20.0,INTERLINK VERACITY,IMO9709269,V7GD4,70,0,179,,,70,A
538005694,2023-01-16T08:12:32,42.41741,-70.13342,1.5,18.5,20.0,INTERLINK VERACITY,IMO9709269,V7GD4,70,0,179,,,70,A
538005694,2023-01-16T08:13:33,42.41776,-70.13331,1.1,5.7,18.0,INTERLINK VERACITY,IMO9709269,V7GD4,70,0,179,,,70,A
538005694,2023-01-16T08:14:34,42.41808,-70.13330,1.1,348.5,13.0,INTERLINK VERACITY,IMO9709269,V7GD4,70,0,179,,,70,A
538005694,2023-01-16T08:15:38,42.41849,-70.13350,1.4,341.5,19.0,INTERLINK VERACITY,IMO9709269,V7GD4,70,0,179,,,70,A
538005694,2023-01-16T08:16:40,42.41889,-70.13358,1.5,348.0,19.0,INTERLINK VERACITY,IMO9709269,V7GD4,70,0,179,,,70,A
538005694,2023-01-16T08:17:42,42.41931,-70.13350,1.6,17.3,20.0,INTERLINK VERACITY,IMO9709269,V7GD4,70,0,179,,,70,A
538005694,2023-01-16T08:18:44,42.41973,-70.13336,1.9,11.7,15.0,INTERLINK VERACITY,IMO9709269,V7GD4,70,0,179,,,70,A
538005694,2023-01-16T08:19:46,42.42016,-70.13343,1.6,346.7,16.0,INTERLINK VERACITY,IMO9709269,V7GD4,70,0,179,,,70,A
538005694,2023-01-16T08:20:48,42.42068,-70.13360,2.5,331.9,24.0,INTERLINK VERACITY,IMO9709269,V7GD4,70,0,179,,,70,A
538005694,2023-01-16T08:21:50,42.42116,-70.13356,1.5,12.1,26.0,INTERLINK VERACITY,IMO9709269,V7GD4,70,0,179,,,70,A
538005694,2023-01-16T08:22:52,42.42160,-70.13331,1.9,23.2,25.0,INTERLINK VERACITY,IMO9709269,V7GD4,70,0,179,,,70,A
538005694,2023-01-16T16:03:37,42.40966,-70.10297,6.0,211.7,223.0,INTERLINK VERACITY,IMO9709269,V7GD4,70,0,179,,,70,A
538005694,2023-01-16T16:05:06,42.40763,-70.10478,6.0,213.7,224.0,INTERLINK VERACITY,IMO9709269,V7GD4,70,0,179,,,70,A
538005694,2023-01-16T17:07:27,42.40765,-70.13135,7.1,6.9,3.0,INTERLINK VERACITY,IMO9709269,V7GD4,70,0,179,,,70,A
538005694,2023-01-16T17:08:47,42.41022,-70.13101,6.9,11.8,6.0,INTERLINK VERACITY,IMO9709269,V7GD4,70,0,179,,,70,A
538005694,2023-01-16T17:09:51,42.41210,-70.13090,6.4,1.7,17.0,INTERLINK VERACITY,IMO9709269,V7GD4,70,0,179,,,70,A
538005694,2023-01-16T17:10:56,42.41382,-70.13010,6.1,27.8,22.0,INTERLINK VERACITY,IMO9709269,V7GD4,70,0,179,,,70,A
538005694,2023-01-16T17:12:06,42.41550,-70.12899,5.8,19.3,19.0,INTERLINK VERACITY,IMO9709269,V7GD4,70,0,179,,,70,A
538005694,2023-01-16T17:13:16,42.41709,-70.12810,102.3,360.0,19.0,INTERLINK VERACITY,IMO9709269,V7GD4,70,0,179,,,70,A
538005694,2023-01-16T17:14:27,42.41886,-70.12714,5.5,23.3,22.0,INTERLINK VERACITY,IMO9709269,V7GD4,70,0,179,,,70,A
538005694,2023-01-16T17:15:36,42.42044,-70.12606,5.5,27.1,20.0,INTERLINK VERACITY,IMO9709269,V7GD4,70,0,179,,,70,A
538005694,2023-01-17T06:25:21,42.41192,-70.10188,6.7,193.6,194.0,INTERLINK VERACITY,IMO9709269,V7GD4,70,0,179,,,70,A
538005694,2023-01-17T06:26:31,42.40983,-70.10256,6.7,193.0,195.0,INTERLINK VERACITY,IMO9709269,V7GD4,70,0,179,,,70,A
538005694,2023-01-17T06:28:10,42.40686,-70.10361,6.6,196.5,195.0,INTERLINK VERACITY,IMO9709269,V7GD4,70,0,179,,,70,A
538005694,2023-01-16T06:02:39,42.39724,-70.14435,8.0,193.3,194.0,INTERLINK VERACITY,IMO9709269,V7GD4,70,0,179,,,70,A
538005694,2023-01-16T06:04:08,42.39403,-70.14563,8.1,197.2,194.0,INTERLINK VERACITY,IMO9709269,V7GD4,70,0,179,,,70,A
538005694,2023-01-16T07:03:10,42.38623,-70.14285,1.8,0.8,18.0,INTERLINK VERACITY,IMO9709269,V7GD4,70,0,179,,,70,A
538005694,2023-01-16T07:04:12,42.38673,-70.14282,1.9,3.2,20.0,INTERLINK VERACITY,IMO9709269,V7GD4,70,0,179,,,70,A
538005694,2023-01-16T07:05:14,42.38727,-70.14275,1.8,11.4,22.0,INTERLINK VERACITY,IMO9709269,V7GD4,70,0,179,,,70,A
538005694,2023-01-16T07:06:16,42.38780,-70.14261,1.6,23.8,21.0,INTERLINK VERACITY,IMO9709269,V7GD4,70,0,179,,,70,A
538005694,2023-01-16T07:07:18,42.38825,-70.14258,1.9,348.0,24.0,INTERLINK VERACITY,IMO9709269,V7GD4,70,0,179,,,70,A
538005694,2023-01-16T07:08:20,42.38871,-70.14243,1.6,15.2,22.0,INTERLINK VERACITY,IMO9709269,V7GD4,70,0,179,,,70,A
538005694,2023-01-16T07:09:22,42.38915,-70.14222,1.6,31.8,22.0,INTERLINK VERACITY,IMO9709269,V7GD4,70,0,179,,,70,A
538005694,2023-01-16T07:10:24,42.38963,-70.14206,1.8,15.8,21.0,INTERLINK VERACITY,IMO9709269,V7GD4,70,0,179,,,70,A
538005694,2023-01-16T07:11:26,42.39015,-70.14191,1.8,8.0,20.0,INTERLINK VERACITY,IMO9709269,V7GD4,70,0,179,,,70,A
538005694,2023-01-16T07:12:27,42.39066,-70.14182,2.0,357.3,21.0,INTERLINK VERACITY,IMO9709269,V7GD4,70,0,179,,,70,A
538005694,2023-01-16T07:13:30,42.39116,-70.14173,1.9,359.5,20.0,INTERLINK VERACITY,IMO9709269,V7GD4,70,0,179,,,70,A
538005694,2023-01-16T07:14:32,42.39163,-70.14169,1.7,20.3,24.0,INTERLINK VERACITY,IMO9709269,V7GD4,70,0,179,,,70,A
538005694,2023-01-16T07:15:34,42.39209,-70.14143,1.8,43.1,22.0,INTERLINK VERACITY,IMO9709269,V7GD4,70,0,179,,,70,A
538005694,2023-01-16T07:16:36,42.39257,-70.14124,2.0,3.1,20.0,INTERLINK VERACITY,IMO9709269,V7GD4,70,0,179,,,70,A
538005694,2023-01-16T07:17:38,42.39300,-70.14111,1.6,359.5,17.0,INTERLINK VERACITY,IMO9709269,V7GD4,70,0,179,,,70,A
538005694,2023-01-16T07:18:40,42.39340,-70.14114,1.7,344.3,15.0,INTERLINK VERACITY,IMO9709269,V7GD4,70,0,179,,,70,A
538005694,2023-01-16T07:19:42,42.39382,-70.14131,1.4,344.3,22.0,INTERLINK VERACITY,IMO9709269,V7GD4,70,0,179,,,70,A
538005694,2023-01-16T07:20:44,42.39423,-70.14130,1.6,13.0,28.0,INTERLINK VERACITY,IMO9709269,V7GD4,70,0,179,,,70,A
538005694,2023-01-16T07:21:46,42.39465,-70.14104,1.7,29.9,27.0,INTERLINK VERACITY,IMO9709269,V7GD4,70,0,179,,,70,A
538005694,2023-01-16T07:22:48,42.39506,-70.14068,1.8,39.8,23.0,INTERLINK VERACITY,IMO9709269,V7GD4,70,0,179,,,70,A
538005694,2023-01-16T07:23:50,42.39552,-70.14033,1.8,43.1,22.0,INTERLINK VERACITY,IMO9709269,V7GD4,70,0,179,,,70,A
538005694,2023-01-16T07:25:11,42.39605,-70.14012,1.4,16.7,20.0,INTERLINK VERACITY,IMO9709269,V7GD4,70,0,179,,,70,A
538005694,2023-01-16T07:26:12,42.39644,-70.14005,1.5,2.2,19.0,INTERLINK VERACITY,IMO9709269,V7GD4,70,0,179,,,70,A
538005694,2023-01-16T07:27:14,42.39684,-70.14002,1.2,13.6,21.0,INTERLINK VERACITY,IMO9709269,V7GD4,70,0,179,,,70,A
538005694,2023-01-16T07:28:16,42.39719,-70.14001,1.5,351.6,19.0,INTERLINK VERACITY,IMO9709269,V7GD4,70,0,179,,,70,A
538005694,2023-01-16T07:29:18,42.39758,-70.13999,1.4,6.5,20.0,INTERLINK VERACITY,IMO9709269,V7GD4,70,0,179,,,70,A
538005694,2023-01-16T07:30:26,42.39808,-70.13988,1.7,0.9,20.0,INTERLINK VERACITY,IMO9709269,V7GD4,70,0,179,,,70,A
538005694,2023-01-16T07:31:36,42.39865,-70.13967,1.9,28.2,21.0,INTERLINK VERACITY,IMO9709269,V7GD4,70,0,179,,,70,A
538005694,2023-01-16T16:56:07,42.38743,-70.13424,5.7,3.4,5.0,INTERLINK VERACITY,IMO9709269,V7GD4,70,0,179,,,70,A
538005694,2023-01-16T16:57:16,42.38926,-70.13403,5.9,9.4,5.0,INTERLINK VERACITY,IMO9709269,V7GD4,70,0,179,,,70,A
538005694,2023-01-16T16:58:27,42.39125,-70.13369,6.4,3.3,3.0,INTERLINK VERACITY,IMO9709269,V7GD4,70,0,179,,,70,A
538005694,2023-01-16T16:59:46,42.39356,-70.13346,6.3,358.0,2.0,INTERLINK VERACITY,IMO9709269,V7GD4,70,0,179,,,70,A
538005694,2023-01-16T17:00:16,42.39442,-70.13346,6.2,356.1,3.0,INTERLINK VERACITY,IMO9709269,V7GD4,70,0,179,,,70,A
538005694,2023-01-16T17:01:27,42.39653,-70.13319,6.7,6.2,6.0,INTERLINK VERACITY,IMO9709269,V7GD4,70,0,179,,,70,A
538005694,2023-01-16T17:02:36,42.39863,-70.13290,6.6,3.7,7.0,INTERLINK VERACITY,IMO9709269,V7GD4,70,0,179,,,70,A
538005694,2023-01-16T16:11:46,42.39828,-70.11307,6.0,214.7,232.0,INTERLINK VERACITY,IMO9709269,V7GD4,70,0,179,,,70,A
538005694,2023-01-16T16:12:57,42.39682,-70.11467,5.8,218.8,230.0,INTERLINK VERACITY,IMO9709269,V7GD4,70,0,179,,,70,A
538005694,2023-01-16T16:14:57,42.39417,-70.11721,6.0,209.8,218.0,INTERLINK VERACITY,IMO9709269,V7GD4,70,0,179,,,70,A
538005694,2023-01-16T16:16:07,42.39242,-70.11840,6.0,211.2,228.0,INTERLINK VERACITY,IMO9709269,V7GD4,70,0,179,,,70,A
538005694,2023-01-16T16:17:57,42.39003,-70.12073,5.8,215.7,224.0,INTERLINK VERACITY,IMO9709269,V7GD4,70,0,179,,,70,A
538005694,2023-01-16T16:19:07,42.38850,-70.12215,5.8,212.9,220.0,INTERLINK VERACITY,IMO9709269,V7GD4,70,0,179,,,70,A
538005694,2023-01-16T16:20:26,42.38662,-70.12364,5.9,212.6,227.0,INTERLINK VERACITY,IMO9709269,V7GD4,70,0,179,,,70,A
538005694,2023-01-17T06:33:30,42.39725,-70.10698,6.7,192.6,195.0,INTERLINK VERACITY,IMO9709269,V7GD4,70,0,179,,,70,A
538005694,2023-01-17T06:34:41,42.39515,-70.10768,6.7,194.5,195.0,INTERLINK VERACITY,IMO9709269,V7GD4,70,0,179,,,70,A
538005694,2023-01-17T06:36:01,42.39273,-70.10855,6.7,196.1,195.0,INTERLINK VERACITY,IMO9709269,V7GD4,70,0,179,,,70,A
538005694,2023-01-17T06:37:21,42.39033,-70.10939,6.6,192.5,198.0,INTERLINK VERACITY,IMO9709269,V7GD4,70,0,179,,,70,A
538005694,2023-01-17T06:38:40,42.38797,-70.11019,6.6,199.1,228.0,INTERLINK VERACITY,IMO9709269,V7GD4,70,0,179,,,70,A
538005694,2023-01-17T06:39:50,42.38645,-70.11163,5.5,226.4,248.0,INTERLINK VERACITY,IMO9709269,V7GD4,70,0,179,,,70,A
366983070,2023-04-03T23:05:46,42.41957,-70.14016,7.8,112.6,511.0,CHALLENGER,IMO8938564,WDB9802,30,,29,8,,,B
366983070,2023-04-03T23:09:45,42.41667,-70.12899,7.8,110.2,511.0,CHALLENGER,IMO8938564,WDB9802,30,,29,8,,,B
366983070,2023-04-03T23:12:46,42.41442,-70.12048,8.2,108.1,511.0,CHALLENGER,IMO8938564,WDB9802,30,,29,8,,,B
367705110,2023-08-05T21:35:15,42.39356,-70.11277,5.8,21.9,511.0,NORTHERN LIGHTS,,WDI5094,37,,13,,,,B
367705110,2023-08-05T21:36:43,42.39585,-70.11161,5.9,16.6,511.0,NORTHERN LIGHTS,,WDI5094,37,,13,,,,B
367705110,2023-08-05T21:38:13,42.39820,-70.11036,5.9,20.6,511.0,NORTHERN LIGHTS,,WDI5094,37,,13,,,,B
367705110,2023-08-05T21:39:43,42.40048,-70.10910,5.9,20.9,511.0,NORTHERN LIGHTS,,WDI5094,37,,13,,,,B
367705110,2023-08-05T21:41:13,42.40279,-70.10788,5.8,26.0,511.0,NORTHERN LIGHTS,,WDI5094,37,,13,,,,B
368095360,2023-06-12T05:30:34,42.42031,-70.12252,8.9,200.8,202.0,FOURNIER BOYS,,WDK8564,52,0,28,16,5.0,52,A
368095360,2023-06-12T05:31:43,42.41770,-70.12398,8.8,203.4,204.0,FOURNIER BOYS,,WDK8564,52,0,28,16,5.0,52,A
368095360,2023-06-12T05:32:53,42.41501,-70.12547,9.0,200.7,199.0,FOURNIER BOYS,,WDK8564,52,0,28,16,5.0,52,A
368095360,2023-06-12T05:34:03,42.41232,-70.12692,9.0,203.2,203.0,FOURNIER BOYS,,WDK8564,52,0,28,16,5.0,52,A
368095360,2023-06-12T05:35:13,42.40960,-70.12832,9.0,200.0,204.0,FOURNIER BOYS,,WDK8564,52,0,28,16,5.0,52,A
368095360,2023-06-12T05:36:24,42.40690,-70.12985,9.0,203.8,205.0,FOURNIER BOYS,,WDK8564,52,0,28,16,5.0,52,A
368095360,2023-06-12T05:37:32,42.40422,-70.13127,9.1,200.8,203.0,FOURNIER BOYS,,WDK8564,52,0,28,16,5.0,52,A
368095360,2023-06-12T05:38:44,42.40146,-70.13283,8.9,203.8,206.0,FOURNIER BOYS,,WDK8564,52,0,28,16,5.0,52,A
368095360,2023-06-12T05:39:53,42.39877,-70.13434,9.1,200.0,201.0,FOURNIER BOYS,,WDK8564,52,0,28,16,5.0,52,A
368095360,2023-06-12T05:41:03,42.39612,-70.13575,8.9,205.2,206.0,FOURNIER BOYS,,WDK8564,52,0,28,16,5.0,52,A
368095360,2023-06-12T05:42:13,42.39343,-70.13725,9.0,201.3,203.0,FOURNIER BOYS,,WDK8564,52,0,28,16,5.0,52,A
368095360,2023-06-12T05:43:23,42.39074,-70.13873,9.0,205.0,206.0,FOURNIER BOYS,,WDK8564,52,0,28,16,5.0,52,A
368095360,2023-06-12T05:44:44,42.38761,-70.14042,9.0,202.5,203.0,FOURNIER BOYS,,WDK8564,52,0,28,16,5.0,52,A
368186280,2023-07-26T18:17:47,42.41314,-70.10371,20.9,203.6,511.0,REIMAGINE,,WDM2237,37,0,28,8,2.1,37,A
368186280,2023-07-26T18:18:53,42.40732,-70.10718,20.9,204.8,511.0,REIMAGINE,,WDM2237,37,0,28,8,2.1,37,A
368186280,2023-07-26T18:20:05,42.40110,-70.11104,20.6,203.6,511.0,REIMAGINE,,WDM2237,37,0,28,8,2.1,37,A
368186280,2023-07-26T18:21:11,42.39518,-70.11461,20.6,202.1,511.0,REIMAGINE,,WDM2237,37,0,28,8,2.1,37,A
368186280,2023-07-26T18:22:17,42.38936,-70.11809,20.9,203.1,511.0,REIMAGINE,,WDM2237,37,0,28,8,2.1,37,A
367196150,2023-07-17T19:53:10,42.38647,-70.10961,5.4,25.6,13.0,NORTH STAR,,WDD8183,37,,13,,,,B
367196150,2023-07-17T19:54:54,42.38880,-70.10808,5.0,21.0,511.0,NORTH STAR,,WDD8183,37,,13,,,,B
367196150,2023-07-17T19:57:39,42.39261,-70.10599,4.9,21.4,13.0,NORTH STAR,,WDD8183,37,,13,,,,B
367196150,2023-07-17T19:59:10,42.39471,-70.10489,4.4,30.2,13.0,NORTH STAR,,WDD8183,37,,13,,,,B
538009503,2023-07-30T19:22:14,42.41942,-70.12169,13.9,155.1,156.0,PYXIS KARTERIA,IMO9596260,V7A4822,80,0,183,32,10.3,80,A
538009503,2023-07-30T19:23:23,42.41536,-70.11926,13.6,158.5,157.0,PYXIS KARTERIA,IMO9596260,V7A4822,80,0,183,32,10.3,80,A
538009503,2023-07-30T19:24:33,42.41124,-70.11676,13.6,152.7,154.0,PYXIS KARTERIA,IMO9596260,V7A4822,80,0,183,32,10.3,80,A
538009503,2023-07-30T19:25:53,42.40671,-70.11386,13.6,155.5,156.0,PYXIS KARTERIA,IMO9596260,V7A4822,80,0,183,32,10.3,80,A
538009503,2023-07-30T19:27:03,42.40264,-70.11138,13.6,155.4,155.0,PYXIS KARTERIA,IMO9596260,V7A4822,80,0,183,32,10.3,80,A
538009503,2023-07-30T19:28:14,42.39850,-70.10877,13.7,155.7,155.0,PYXIS KARTERIA,IMO9596260,V7A4822,80,0,183,32,10.3,80,A
538009503,2023-07-30T19:29:23,42.39450,-70.10629,13.7,156.3,155.0,PYXIS KARTERIA,IMO9596260,V7A4822,80,0,183,32,10.3,80,A
538009503,2023-07-30T19:30:33,42.39051,-70.10376,13.7,155.3,155.0,PYXIS KARTERIA,IMO9596260,V7A4822,80,0,183,32,10.3,80,A
367530120,2023-05-24T06:26:19,42.41651,-70.14881,8.7,95.0,511.0,TERA LYNN II,,WDG5016,30,,17,6,,,B
367530120,2023-05-24T06:27:49,42.41647,-70.14439,7.8,89.3,511.0,TERA LYNN II,,WDG5016,30,,17,6,,,B
367530120,2023-05-24T06:28:51,42.41644,-70.14135,7.1,95.3,511.0,TERA LYNN II,,WDG5016,30,,17,6,,,B
367530120,2023-05-24T06:30:22,42.41638,-70.13695,7.3,90.2,511.0,TERA LYNN II,,WDG5016,30,,17,6,,,B
367530120,2023-05-24T06:31:49,42.41633,-70.13269,8.4,89.6,511.0,TERA LYNN II,,WDG5016,30,,17,6,,,B
367530120,2023-05-24T06:32:52,42.41640,-70.12949,8.0,90.5,511.0,TERA LYNN II,,WDG5016,30,,17,6,,,B
367530120,2023-05-24T06:34:18,42.41639,-70.12528,7.5,86.0,511.0,TERA LYNN II,,WDG5016,30,,17,6,,,B
367530120,2023-05-24T06:35:49,42.41632,-70.12080,7.0,93.2,511.0,TERA LYNN II,,WDG5016,30,,17,6,,,B
367530120,2023-05-24T06:37:18,42.41637,-70.11641,7.7,91.7,511.0,TERA LYNN II,,WDG5016,30,,17,6,,,B
367530120,2023-05-24T06:38:19,42.41639,-70.11338,8.0,90.6,511.0,TERA LYNN II,,WDG5016,30,,17,6,,,B
367530120,2023-05-24T06:39:48,42.41639,-70.10892,8.8,89.5,511.0,TERA LYNN II,,WDG5016,30,,17,6,,,B
367530120,2023-05-24T06:40:49,42.41640,-70.10595,8.3,91.6,511.0,TERA LYNN II,,WDG5016,30,,17,6,,,B
367530120,2023-05-24T06:42:20,42.41639,-70.10139,7.9,89.2,511.0,TERA LYNN II,,WDG5016,30,,17,6,,,B
368227630,2023-06-08T23:36:36,42.41954,-70.13940,7.1,204.7,511.0,JUBILEE,,WDM6714,37,,13,5,,,B
368227630,2023-06-08T23:43:33,42.40670,-70.14640,7.2,199.4,511.0,JUBILEE,,WDM6714,37,,13,5,,,B
368227630,2023-06-08T23:46:01,42.40217,-70.14886,7.3,201.3,511.0,JUBILEE,,WDM6714,37,,13,5,,,B
368141320,2023-07-07T02:10:37,42.38863,-70.12149,8.5,23.7,12.0,NIGHT HAWK,,WDL5463,36,,16,5,,,B
368141320,2023-07-07T02:12:08,42.39171,-70.11966,8.1,26.7,15.0,NIGHT HAWK,,WDL5463,36,,16,5,,,B
368141320,2023-07-07T02:14:07,42.39570,-70.11750,8.0,19.5,12.0,NIGHT HAWK,,WDL5463,36,,16,5,,,B
368141320,2023-07-07T02:15:39,42.39887,-70.11575,8.5,20.6,12.0,NIGHT HAWK,,WDL5463,36,,16,5,,,B
368141320,2023-07-07T02:17:37,42.40299,-70.11371,8.3,21.1,12.0,NIGHT HAWK,,WDL5463,36,,16,5,,,B
368141320,2023-07-07T02:19:06,42.40614,-70.11227,7.3,26.5,16.0,NIGHT HAWK,,WDL5463,36,,16,5,,,B
368141320,2023-07-07T02:20:37,42.40931,-70.11061,8.1,23.1,15.0,NIGHT HAWK,,WDL5463,36,,16,5,,,B
368141320,2023-07-07T02:22:07,42.41249,-70.10887,7.4,22.1,13.0,NIGHT HAWK,,WDL5463,36,,16,5,,,B
368141320,2023-07-07T02:23:38,42.41571,-70.10741,8.7,17.9,15.0,NIGHT HAWK,,WDL5463,36,,16,5,,,B
368141320,2023-07-07T02:25:37,42.42000,-70.10533,8.1,18.7,12.0,NIGHT HAWK,,WDL5463,36,,16,5,,,B
367530120,2023-08-10T11:22:49,42.38730,-70.10639,6.2,298.0,511.0,TERA LYNN II,,WDG5016,30,,17,6,,,B
367530120,2023-08-10T11:24:17,42.38877,-70.10939,6.1,302.3,511.0,TERA LYNN II,,WDG5016,30,,17,6,,,B
367530120,2023-08-10T11:27:17,42.39183,-70.11557,6.8,302.0,511.0,TERA LYNN II,,WDG5016,30,,17,6,,,B
367530120,2023-08-10T11:28:51,42.39346,-70.11868,6.7,302.7,511.0,TERA LYNN II,,WDG5016,30,,17,6,,,B
367530120,2023-08-10T11:30:16,42.39514,-70.12180,7.5,307.1,511.0,TERA LYNN II,,WDG5016,30,,17,6,,,B
367530120,2023-08-10T11:31:18,42.39633,-70.12414,7.9,301.1,511.0,TERA LYNN II,,WDG5016,30,,17,6,,,B
367530120,2023-08-10T11:32:46,42.39809,-70.12750,6.9,306.7,511.0,TERA LYNN II,,WDG5016,30,,17,6,,,B
367530120,2023-08-10T11:33:47,42.39927,-70.12976,7.3,306.2,511.0,TERA LYNN II,,WDG5016,30,,17,6,,,B
367530120,2023-08-10T11:34:48,42.40043,-70.13207,7.5,305.6,511.0,TERA LYNN II,,WDG5016,30,,17,6,,,B
367530120,2023-08-10T11:36:17,42.40219,-70.13549,7.1,300.3,511.0,TERA LYNN II,,WDG5016,30,,17,6,,,B
367530120,2023-08-10T11:37:48,42.40394,-70.13887,7.6,304.4,511.0,TERA LYNN II,,WDG5016,30,,17,6,,,B
367530120,2023-08-10T11:39:18,42.40572,-70.14238,7.2,312.2,511.0,TERA LYNN II,,WDG5016,30,,17,6,,,B
367530120,2023-08-10T11:40:46,42.40739,-70.14572,7.1,306.3,511.0,TERA LYNN II,,WDG5016,30,,17,6,,,B
367530120,2023-08-10T11:42:17,42.40909,-70.14912,7.5,301.7,511.0,TERA LYNN II,,WDG5016,30,,17,6,,,B
368121150,2023-08-14T04:36:47,42.38794,-70.14592,6.0,21.6,511.0,SUNDOG,,WDL3389,36,,11,4,,,B
368121150,2023-08-14T04:38:15,42.39015,-70.14466,6.4,27.7,511.0,SUNDOG,,WDL3389,36,,11,4,,,B
368121150,2023-08-14T04:42:46,42.39681,-70.14087,5.4,19.5,511.0,SUNDOG,,WDL3389,36,,11,4,,,B
368121150,2023-08-14T04:44:13,42.39894,-70.13965,5.4,22.4,511.0,SUNDOG,,WDL3389,36,,11,4,,,B
368121150,2023-08-14T04:45:46,42.40112,-70.13842,4.5,18.5,511.0,SUNDOG,,WDL3389,36,,11,4,,,B
368121150,2023-08-14T04:47:13,42.40319,-70.13728,5.8,21.1,511.0,SUNDOG,,WDL3389,36,,11,4,,,B
368121150,2023-08-14T04:48:46,42.40539,-70.13602,5.2,21.3,511.0,SUNDOG,,WDL3389,36,,11,4,,,B
368121150,2023-08-14T04:50:13,42.40743,-70.13484,5.0,23.0,511.0,SUNDOG,,WDL3389,36,,11,4,,,B
368121150,2023-08-14T04:51:45,42.40958,-70.13360,5.6,20.3,511.0,SUNDOG,,WDL3389,36,,11,4,,,B
368121150,2023-08-14T04:53:16,42.41164,-70.13243,5.4,26.1,511.0,SUNDOG,,WDL3389,36,,11,4,,,B
368121150,2023-08-14T04:54:45,42.41353,-70.13135,4.5,20.8,511.0,SUNDOG,,WDL3389,36,,11,4,,,B
368121150,2023-08-14T04:56:13,42.41540,-70.13029,4.8,14.2,511.0,SUNDOG,,WDL3389,36,,11,4,,,B
368121150,2023-08-14T04:57:46,42.41748,-70.12911,5.4,15.4,511.0,SUNDOG,,WDL3389,36,,11,4,,,B
368121150,2023-08-14T04:59:13,42.41956,-70.12794,5.8,20.3,511.0,SUNDOG,,WDL3389,36,,11,4,,,B
368121150,2023-08-14T05:00:13,42.42113,-70.12701,6.9,27.2,511.0,SUNDOG,,WDL3389,36,,11,4,,,B
368121150,2023-08-14T04:41:15,42.39459,-70.14211,5.7,24.7,511.0,SUNDOG,,WDL3389,36,,11,4,,,B
368121150,2023-08-14T04:39:47,42.39245,-70.14335,5.7,22.6,511.0,SUNDOG,,WDL3389,36,,11,4,,,B
351356000,2023-01-07T16:50:44,42.41439,-70.14855,1.3,179.5,29.0,MSC SARISKA V,IMO8715857,3FIF9,70,0,294,32,11.6,70,A
351356000,2023-01-07T16:52:04,42.41391,-70.14851,1.3,176.9,29.0,MSC SARISKA V,IMO8715857,3FIF9,70,0,294,32,11.6,70,A
351356000,2023-01-07T16:53:13,42.41346,-70.14850,1.3,177.6,29.0,MSC SARISKA V,IMO8715857,3FIF9,70,0,294,32,11.6,70,A
351356000,2023-01-07T16:54:23,42.41302,-70.14845,1.3,177.4,30.0,MSC SARISKA V,IMO8715857,3FIF9,70,0,294,32,11.6,70,A
351356000,2023-01-07T16:55:33,42.41259,-70.14843,1.3,176.7,30.0,MSC SARISKA V,IMO8715857,3FIF9,70,0,294,32,11.6,70,A
351356000,2023-01-07T16:56:43,42.41216,-70.14841,1.3,178.0,30.0,MSC SARISKA V,IMO8715857,3FIF9,70,0,294,32,11.6,70,A
351356000,2023-01-07T16:58:34,42.41146,-70.14836,1.3,178.0,30.0,MSC SARISKA V,IMO8715857,3FIF9,70,0,294,32,11.6,70,A
351356000,2023-01-07T17:01:24,42.41042,-70.14832,1.3,176.7,31.0,MSC SARISKA V,IMO8715857,3FIF9,70,0,294,32,11.6,70,A
351356000,2023-01-07T17:02:33,42.41003,-70.14826,1.3,177.0,31.0,MSC SARISKA V,IMO8715857,3FIF9,70,0,294,32,11.6,70,A
351356000,2023-01-07T17:03:44,42.40957,-70.14823,1.3,177.1,32.0,MSC SARISKA V,IMO8715857,3FIF9,70,0,294,32,11.6,70,A
351356000,2023-01-07T17:04:54,42.40909,-70.14823,1.3,176.3,31.0,MSC SARISKA V,IMO8715857,3FIF9,70,0,294,32,11.6,70,A
351356000,2023-01-07T17:06:24,42.40851,-70.14821,1.3,176.7,31.0,MSC SARISKA V,IMO8715857,3FIF9,70,0,294,32,11.6,70,A
351356000,2023-01-07T17:07:33,42.40808,-70.14815,1.3,176.5,31.0,MSC SARISKA V,IMO8715857,3FIF9,70,0,294,32,11.6,70,A
351356000,2023-01-07T17:08:54,42.40753,-70.14812,1.3,175.6,31.0,MSC SARISKA V,IMO8715857,3FIF9,70,0,294,32,11.6,70,A
351356000,2023-01-07T17:10:04,42.40709,-70.14808,1.3,176.2,32.0,MSC SARISKA V,IMO8715857,3FIF9,70,0,294,32,11.6,70,A
351356000,2023-01-07T17:13:04,42.40595,-70.14799,1.3,176.2,32.0,MSC SARISKA V,IMO8715857,3FIF9,70,0,294,32,11.6,70,A
351356000,2023-01-07T17:14:23,42.40546,-70.14794,1.4,175.7,32.0,MSC SARISKA V,IMO8715857,3FIF9,70,0,294,32,11.6,70,A
351356000,2023-01-07T17:15:44,42.40493,-70.14787,1.3,175.7,33.0,MSC SARISKA V,IMO8715857,3FIF9,70,0,294,32,11.6,70,A
351356000,2023-01-07T17:16:54,42.40447,-70.14782,1.3,178.2,33.0,MSC SARISKA V,IMO8715857,3FIF9,70,0,294,32,11.6,70,A
351356000,2023-01-07T17:18:02,42.40404,-70.14778,1.3,178.8,33.0,MSC SARISKA V,IMO8715857,3FIF9,70,0,294,32,11.6,70,A
351356000,2023-01-07T17:19:13,42.40360,-70.14774,1.3,177.3,33.0,MSC SARISKA V,IMO8715857,3FIF9,70,0,294,32,11.6,70,A
351356000,2023-01-07T17:20:44,42.40301,-70.14768,1.4,175.5,34.0,MSC SARISKA V,IMO8715857,3FIF9,70,0,294,32,11.6,70,A
351356000,2023-01-07T17:21:53,42.40256,-70.14763,1.4,175.8,35.0,MSC SARISKA V,IMO8715857,3FIF9,70,0,294,32,11.6,70,A
351356000,2023-01-07T17:23:04,42.40208,-70.14760,1.4,175.5,36.0,MSC SARISKA V,IMO8715857,3FIF9,70,0,294,32,11.6,70,A
351356000,2023-01-07T17:24:23,42.40157,-70.14755,1.4,176.5,37.0,MSC SARISKA V,IMO8715857,3FIF9,70,0,294,32,11.6,70,A
351356000,2023-01-07T17:25:33,42.40112,-70.14749,1.4,176.2,38.0,MSC SARISKA V,IMO8715857,3FIF9,70,0,294,32,11.6,70,A
351356000,2023-01-07T17:26:43,42.40065,-70.14746,1.4,176.1,38.0,MSC SARISKA V,IMO8715857,3FIF9,70,0,294,32,11.6,70,A
351356000,2023-01-07T17:27:53,42.40021,-70.14742,1.4,175.9,38.0,MSC SARISKA V,IMO8715857,3FIF9,70,0,294,32,11.6,70,A
351356000,2023-01-07T17:29:04,42.39977,-70.14736,1.4,175.4,38.0,MSC SARISKA V,IMO8715857,3FIF9,70,0,294,32,11.6,70,A
351356000,2023-01-07T17:30:13,42.39931,-70.14733,1.4,175.8,38.0,MSC SARISKA V,IMO8715857,3FIF9,70,0,294,32,11.6,70,A
351356000,2023-01-07T17:31:23,42.39883,-70.14730,1.3,174.8,39.0,MSC SARISKA V,IMO8715857,3FIF9,70,0,294,32,11.6,70,A
351356000,2023-01-07T17:32:33,42.39839,-70.14724,1.3,174.7,39.0,MSC SARISKA V,IMO8715857,3FIF9,70,0,294,32,11.6,70,A
351356000,2023-01-07T17:33:43,42.39795,-70.14715,1.4,173.9,39.0,MSC SARISKA V,IMO8715857,3FIF9,70,0,294,32,11.6,70,A
351356000,2023-01-07T17:34:54,42.39751,-70.14705,1.4,174.1,39.0,MSC SARISKA V,IMO8715857,3FIF9,70,0,294,32,11.6,70,A
351356000,2023-01-07T17:36:04,42.39706,-70.14699,1.3,174.4,40.0,MSC SARISKA V,IMO8715857,3FIF9,70,0,294,32,11.6,70,A
351356000,2023-01-07T17:37:14,42.39662,-70.14695,1.4,173.9,40.0,MSC SARISKA V,IMO8715857,3FIF9,70,0,294,32,11.6,70,A
351356000,2023-01-07T17:38:23,42.39617,-70.14690,1.3,174.4,40.0,MSC SARISKA V,IMO8715857,3FIF9,70,0,294,32,11.6,70,A
351356000,2023-01-07T17:39:33,42.39574,-70.14681,1.3,173.6,41.0,MSC SARISKA V,IMO8715857,3FIF9,70,0,294,32,11.6,70,A
351356000,2023-01-07T17:40:43,42.39529,-70.14677,1.3,173.4,41.0,MSC SARISKA V,IMO8715857,3FIF9,70,0,294,32,11.6,70,A
351356000,2023-01-07T17:41:54,42.39488,-70.14669,1.3,171.9,42.0,MSC SARISKA V,IMO8715857,3FIF9,70,0,294,32,11.6,70,A
351356000,2023-01-07T17:43:04,42.39445,-70.14661,1.3,171.3,42.0,MSC SARISKA V,IMO8715857,3FIF9,70,0,294,32,11.6,70,A
351356000,2023-01-07T17:44:23,42.39394,-70.14652,1.2,172.4,42.0,MSC SARISKA V,IMO8715857,3FIF9,70,0,294,32,11.6,70,A
351356000,2023-01-07T17:45:34,42.39352,-70.14646,1.2,171.2,42.0,MSC SARISKA V,IMO8715857,3FIF9,70,0,294,32,11.6,70,A
351356000,2023-01-07T17:46:43,42.39311,-70.14635,1.3,170.3,42.0,MSC SARISKA V,IMO8715857,3FIF9,70,0,294,32,11.6,70,A
351356000,2023-01-07T17:47:54,42.39268,-70.14626,1.3,169.8,42.0,MSC SARISKA V,IMO8715857,3FIF9,70,0,294,32,11.6,70,A
351356000,2023-01-07T17:49:04,42.39225,-70.14615,1.3,168.9,42.0,MSC SARISKA V,IMO8715857,3FIF9,70,0,294,32,11.6,70,A
351356000,2023-01-07T17:50:13,42.39183,-70.14601,1.3,168.5,41.0,MSC SARISKA V,IMO8715857,3FIF9,70,0,294,32,11.6,70,A
351356000,2023-01-07T17:51:24,42.39139,-70.14591,1.3,167.9,41.0,MSC SARISKA V,IMO8715857,3FIF9,70,0,294,32,11.6,70,A
351356000,2023-01-07T17:52:33,42.39098,-70.14578,1.3,167.6,41.0,MSC SARISKA V,IMO8715857,3FIF9,70,0,294,32,11.6,70,A
351356000,2023-01-07T17:53:44,42.39056,-70.14567,1.3,167.3,41.0,MSC SARISKA V,IMO8715857,3FIF9,70,0,294,32,11.6,70,A
351356000,2023-01-07T17:54:54,42.39014,-70.14556,1.3,167.4,41.0,MSC SARISKA V,IMO8715857,3FIF9,70,0,294,32,11.6,70,A
351356000,2023-01-07T17:56:13,42.38966,-70.14542,1.2,169.0,42.0,MSC SARISKA V,IMO8715857,3FIF9,70,0,294,32,11.6,70,A
351356000,2023-01-07T17:57:14,42.38930,-70.14531,1.3,168.1,42.0,MSC SARISKA V,IMO8715857,3FIF9,70,0,294,32,11.6,70,A
351356000,2023-01-07T17:58:24,42.38886,-70.14516,1.3,166.7,41.0,MSC SARISKA V,IMO8715857,3FIF9,70,0,294,32,11.6,70,A
351356000,2023-01-07T17:59:34,42.38845,-70.14503,1.3,167.6,41.0,MSC SARISKA V,IMO8715857,3FIF9,70,0,294,32,11.6,70,A
351356000,2023-01-07T18:00:14,42.38821,-70.14498,1.3,168.2,41.0,MSC SARISKA V,IMO8715857,3FIF9,70,0,294,32,11.6,70,A
351356000,2023-01-07T18:01:24,42.38779,-70.14484,1.3,167.3,41.0,MSC SARISKA V,IMO8715857,3FIF9,70,0,294,32,11.6,70,A
351356000,2023-01-07T18:02:44,42.38728,-70.14466,1.3,167.6,41.0,MSC SARISKA V,IMO8715857,3FIF9,70,0,294,32,11.6,70,A
351356000,2023-01-07T18:04:04,42.38678,-70.14454,1.3,167.5,40.0,MSC SARISKA V,IMO8715857,3FIF9,70,0,294,32,11.6,70,A
351356000,2023-01-07T18:05:13,42.38636,-70.14441,1.3,165.7,40.0,MSC SARISKA V,IMO8715857,3FIF9,70,0,294,32,11.6,70,A
351356000,2023-01-07T18:34:03,42.41172,-70.12951,11.4,13.1,8.0,MSC SARISKA V,IMO8715857,3FIF9,70,0,294,32,11.6,70,A
351356000,2023-01-07T16:31:44,42.42159,-70.14921,1.3,174.6,21.0,MSC SARISKA V,IMO8715857,3FIF9,70,0,294,32,11.6,70,A
351356000,2023-01-07T16:32:54,42.42115,-70.14915,1.3,173.8,21.0,MSC SARISKA V,IMO8715857,3FIF9,70,0,294,32,11.6,70,A
351356000,2023-01-07T16:34:03,42.42072,-70.14907,1.3,175.2,22.0,MSC SARISKA V,IMO8715857,3FIF9,70,0,294,32,11.6,70,A
351356000,2023-01-07T16:35:13,42.42028,-70.14903,1.3,175.2,22.0,MSC SARISKA V,IMO8715857,3FIF9,70,0,294,32,11.6,70,A
351356000,2023-01-07T16:36:24,42.41985,-70.14897,1.3,174.0,23.0,MSC SARISKA V,IMO8715857,3FIF9,70,0,294,32,11.6,70,A
351356000,2023-01-07T16:37:44,42.41933,-70.14888,1.4,172.9,23.0,MSC SARISKA V,IMO8715857,3FIF9,70,0,294,32,11.6,70,A
351356000,2023-01-07T16:39:14,42.41875,-70.14880,1.3,175.2,24.0,MSC SARISKA V,IMO8715857,3FIF9,70,0,294,32,11.6,70,A
351356000,2023-01-07T16:41:14,42.41800,-70.14876,1.3,179.1,25.0,MSC SARISKA V,IMO8715857,3FIF9,70,0,294,32,11.6,70,A
351356000,2023-01-07T16:42:24,42.41757,-70.14874,1.3,178.8,26.0,MSC SARISKA V,IMO8715857,3FIF9,70,0,294,32,11.6,70,A
351356000,2023-01-07T16:43:34,42.41710,-70.14873,1.3,177.7,27.0,MSC SARISKA V,IMO8715857,3FIF9,70,0,294,32,11.6,70,A
351356000,2023-01-07T16:45:14,42.41646,-70.14866,1.3,176.2,28.0,MSC SARISKA V,IMO8715857,3FIF9,70,0,294,32,11.6,70,A
351356000,2023-01-07T16:47:04,42.41577,-70.14862,1.3,176.7,28.0,MSC SARISKA V,IMO8715857,3FIF9,70,0,294,32,11.6,70,A
351356000,2023-01-07T16:48:23,42.41526,-70.14858,1.3,177.7,29.0,MSC SARISKA V,IMO8715857,3FIF9,70,0,294,32,11.6,70,A
351356000,2023-01-08T05:45:24,42.41588,-70.10558,2.0,168.7,60.0,MSC SARISKA V,IMO8715857,3FIF9,70,0,294,32,11.6,70,A
319540000,2023-06-22T07:30:18,42.39375,-70.10510,9.3,253.9,255.0,VIVE LA VIE,IMO1009754,ZCXN3,37,0,59,11,3.4,37,A
319540000,2023-06-22T07:31:28,42.39293,-70.10908,9.4,254.2,255.0,VIVE LA VIE,IMO1009754,ZCXN3,37,0,59,11,3.4,37,A
319540000,2023-06-22T07:32:38,42.39215,-70.11288,9.3,255.5,257.0,VIVE LA VIE,IMO1009754,ZCXN3,37,0,59,11,3.4,37,A
319540000,2023-06-22T07:33:47,42.39135,-70.11682,9.3,254.2,255.0,VIVE LA VIE,IMO1009754,ZCXN3,37,0,59,11,3.4,37,A
319540000,2023-06-22T07:34:58,42.39052,-70.12087,9.4,254.9,256.0,VIVE LA VIE,IMO1009754,ZCXN3,37,0,59,11,3.4,37,A
319540000,2023-06-22T07:36:08,42.38968,-70.12480,9.3,254.2,255.0,VIVE LA VIE,IMO1009754,ZCXN3,37,0,59,11,3.4,37,A
319540000,2023-06-22T07:37:17,42.38892,-70.12855,9.3,254.5,256.0,VIVE LA VIE,IMO1009754,ZCXN3,37,0,59,11,3.4,37,A
319540000,2023-06-22T07:38:28,42.38810,-70.13258,9.3,253.8,255.0,VIVE LA VIE,IMO1009754,ZCXN3,37,0,59,11,3.4,37,A
319540000,2023-06-22T07:39:37,42.38728,-70.13652,9.3,254.7,256.0,VIVE LA VIE,IMO1009754,ZCXN3,37,0,59,11,3.4,37,A
319540000,2023-06-22T07:40:47,42.38648,-70.14035,9.2,254.6,255.0,VIVE LA VIE,IMO1009754,ZCXN3,37,0,59,11,3.4,37,A
367517860,2023-02-16T04:50:07,42.40803,-70.11017,5.9,266.2,511.0,WILLIAM LYNN,IMO8886383,WDG2655,30,,23,7,,,B
367517860,2023-07-23T21:25:57,42.39009,-70.10235,8.4,272.7,511.0,WILLIAM LYNN,IMO8886383,WDG2655,30,,23,7,,,B
367517860,2023-07-23T21:26:59,42.39029,-70.10561,8.8,274.2,511.0,WILLIAM LYNN,IMO8886383,WDG2655,30,,23,7,,,B
367517860,2023-07-23T21:28:26,42.39053,-70.11027,8.3,270.0,511.0,WILLIAM LYNN,IMO8886383,WDG2655,30,,23,7,,,B
367517860,2023-07-23T21:29:56,42.39057,-70.11515,8.3,269.8,511.0,WILLIAM LYNN,IMO8886383,WDG2655,30,,23,7,,,B
367517860,2023-07-23T21:31:55,42.39060,-70.12148,9.1,271.8,511.0,WILLIAM LYNN,IMO8886383,WDG2655,30,,23,7,,,B
367517860,2023-07-23T21:32:56,42.39052,-70.12471,8.4,269.4,511.0,WILLIAM LYNN,IMO8886383,WDG2655,30,,23,7,,,B
367517860,2023-07-23T21:34:27,42.39040,-70.12964,8.5,265.7,511.0,WILLIAM LYNN,IMO8886383,WDG2655,30,,23,7,,,B
367517860,2023-07-23T21:35:28,42.39030,-70.13290,8.3,265.4,511.0,WILLIAM LYNN,IMO8886383,WDG2655,30,,23,7,,,B
367517860,2023-07-23T21:36:56,42.39015,-70.13760,8.8,266.9,511.0,WILLIAM LYNN,IMO8886383,WDG2655,30,,23,7,,,B
367517860,2023-07-23T21:38:57,42.38999,-70.14399,8.5,272.9,511.0,WILLIAM LYNN,IMO8886383,WDG2655,30,,23,7,,,B
367517840,2023-07-09T21:11:29,42.39229,-70.13029,6.2,22.7,511.0,QUARTET,,WDG2653,30,,15,,,,B
367517840,2023-07-09T21:17:32,42.40191,-70.12491,6.5,21.3,511.0,QUARTET,,WDG2653,30,,15,,,,B
367517840,2023-08-12T10:10:17,42.39520,-70.10124,7.0,199.7,511.0,QUARTET,,WDG2653,30,,15,,,,B
367517840,2023-08-12T10:11:50,42.39244,-70.10269,6.9,201.6,511.0,QUARTET,,WDG2653,30,,15,,,,B
367517840,2023-08-12T10:13:17,42.38990,-70.10404,6.8,203.8,511.0,QUARTET,,WDG2653,30,,15,,,,B
367517840,2023-08-12T10:14:50,42.38721,-70.10542,6.9,201.7,511.0,QUARTET,,WDG2653,30,,15,,,,B
338484668,2023-07-29T04:49:31,42.41895,-70.10619,4.9,16.8,17.0,SCOUT,,,36,,0,0,,,B
368213250,2023-08-06T15:57:35,42.41562,-70.13580,17.5,194.7,511.0,JOURNEY,,WDM5170,37,,25,6,,,B
368213250,2023-08-06T15:59:35,42.40614,-70.13915,17.5,195.4,511.0,JOURNEY,,WDM5170,37,,25,6,,,B
368213250,2023-08-06T16:00:07,42.40371,-70.14002,17.2,194.5,511.0,JOURNEY,,WDM5170,37,,25,6,,,B
368213250,2023-08-06T16:01:19,42.39800,-70.14200,17.5,194.8,511.0,JOURNEY,,WDM5170,37,,25,6,,,B
368213250,2023-08-06T16:02:51,42.39090,-70.14450,17.4,193.7,511.0,JOURNEY,,WDM5170,37,,25,6,,,B
366669040,2023-06-08T04:12:41,42.40721,-70.13087,7.2,195.0,511.0,BELVEDERE,,WU3941,37,,15,4,,,B
366953940,2023-06-13T04:08:15,42.42079,-70.10506,8.5,202.7,511.0,STARLIGHT,IMO7731256,WDB8157,30,0,23,7,,30,A
366953940,2023-06-13T04:09:25,42.41828,-70.10644,8.3,202.3,511.0,STARLIGHT,IMO7731256,WDB8157,30,0,23,7,,30,A
366953940,2023-06-13T04:11:25,42.41401,-70.10889,8.2,203.7,511.0,STARLIGHT,IMO7731256,WDB8157,30,0,23,7,,30,A
366953940,2023-06-13T04:12:35,42.41157,-70.11037,8.2,205.5,511.0,STARLIGHT,IMO7731256,WDB8157,30,0,23,7,,30,A
366953940,2023-06-13T04:13:45,42.40916,-70.11176,8.2,203.9,511.0,STARLIGHT,IMO7731256,WDB8157,30,0,23,7,,30,A
366953940,2023-06-13T04:15:06,42.40630,-70.11331,8.3,201.0,511.0,STARLIGHT,IMO7731256,WDB8157,30,0,23,7,,30,A
366953940,2023-06-13T04:16:16,42.40375,-70.11450,8.0,197.5,511.0,STARLIGHT,IMO7731256,WDB8157,30,0,23,7,,30,A
366953940,2023-06-13T04:17:26,42.40129,-70.11560,8.2,195.1,511.0,STARLIGHT,IMO7731256,WDB8157,30,0,23,7,,30,A
366953940,2023-06-13T04:18:35,42.39889,-70.11672,7.8,200.3,511.0,STARLIGHT,IMO7731256,WDB8157,30,0,23,7,,30,A
366953940,2023-06-13T04:19:45,42.39647,-70.11791,7.7,201.6,511.0,STARLIGHT,IMO7731256,WDB8157,30,0,23,7,,30,A
366953940,2023-06-13T04:20:55,42.39407,-70.11898,7.9,197.8,511.0,STARLIGHT,IMO7731256,WDB8157,30,0,23,7,,30,A
366953940,2023-06-13T04:22:05,42.39163,-70.11999,7.8,192.6,511.0,STARLIGHT,IMO7731256,WDB8157,30,0,23,7,,30,A
366953940,2023-06-13T04:23:16,42.38916,-70.12107,7.8,196.2,511.0,STARLIGHT,IMO7731256,WDB8157,30,0,23,7,,30,A
366953940,2023-06-13T04:24:25,42.38667,-70.12211,7.7,196.2,511.0,STARLIGHT,IMO7731256,WDB8157,30,0,23,7,,30,A
339127000,2023-06-30T02:32:43,42.38695,-70.14405,9.9,15.1,10.0,NADAN,,6YUW3,37,0,44,8,2.0,37,A
339127000,2023-06-30T02:33:54,42.39014,-70.14293,10.0,15.9,11.0,NADAN,,6YUW3,37,0,44,8,2.0,37,A
339127000,2023-06-30T02:35:03,42.39324,-70.14179,10.0,14.9,9.0,NADAN,,6YUW3,37,0,44,8,2.0,37,A
339127000,2023-06-30T02:36:13,42.39639,-70.14065,9.9,15.8,9.0,NADAN,,6YUW3,37,0,44,8,2.0,37,A
339127000,2023-06-30T02:37:23,42.39956,-70.13950,10.1,15.3,10.0,NADAN,,6YUW3,37,0,44,8,2.0,37,A
339127000,2023-06-30T02:38:32,42.40269,-70.13833,10.0,15.6,9.0,NADAN,,6YUW3,37,0,44,8,2.0,37,A
339127000,2023-06-30T02:39:43,42.40585,-70.13715,10.1,14.1,9.0,NADAN,,6YUW3,37,0,44,8,2.0,37,A
339127000,2023-06-30T02:40:53,42.40901,-70.13598,9.9,14.3,8.0,NADAN,,6YUW3,37,0,44,8,2.0,37,A
339127000,2023-06-30T02:42:02,42.41210,-70.13485,10.1,14.1,9.0,NADAN,,6YUW3,37,0,44,8,2.0,37,A
339127000,2023-06-30T02:43:13,42.41526,-70.13369,9.9,15.4,8.0,NADAN,,6YUW3,37,0,44,8,2.0,37,A
339127000,2023-06-30T02:44:22,42.41839,-70.13257,10.0,15.8,8.0,NADAN,,6YUW3,37,0,44,8,2.0,37,A
339127000,2023-06-30T02:45:34,42.42164,-70.13139,10.1,16.5,10.0,NADAN,,6YUW3,37,0,44,8,2.0,37,A
367581320,2023-08-02T05:02:57,42.41767,-70.14191,5.0,67.7,511.0,ENCORE,,WDG8810,37,,11,,,,B
367581320,2023-08-02T05:05:57,42.41921,-70.13691,4.3,60.1,511.0,ENCORE,,WDG8810,37,,11,,,,B
367581320,2023-08-02T05:08:57,42.42065,-70.13171,5.3,69.4,511.0,ENCORE,,WDG8810,37,,11,,,,B
367581320,2023-08-02T05:11:29,42.42163,-70.12778,4.3,77.9,511.0,ENCORE,,WDG8810,37,,11,,,,B
367581320,2023-08-02T04:59:57,42.41625,-70.14690,4.9,71.9,511.0,ENCORE,,WDG8810,37,,11,,,,B
367581320,2023-08-02T05:00:57,42.41669,-70.14526,4.6,69.4,511.0,ENCORE,,WDG8810,37,,11,,,,B
311000897,2023-06-16T14:40:03,42.40764,-70.14773,13.9,144.6,143.0,CSL KAJIKA,IMO9710579,C6EH6,70,0,229,32,10.7,70,A
311000897,2023-06-16T14:41:09,42.40419,-70.14435,13.9,143.7,142.0,CSL KAJIKA,IMO9710579,C6EH6,70,0,229,32,10.7,70,A
311000897,2023-06-16T14:42:15,42.40080,-70.14101,13.8,144.1,143.0,CSL KAJIKA,IMO9710579,C6EH6,70,0,229,32,10.7,70,A
311000897,2023-06-16T14:43:18,42.39747,-70.13779,13.7,144.3,143.0,CSL KAJIKA,IMO9710579,C6EH6,70,0,229,32,10.7,70,A
311000897,2023-06-16T14:44:28,42.39389,-70.13434,13.7,144.2,143.0,CSL KAJIKA,IMO9710579,C6EH6,70,0,229,32,10.7,70,A
311000897,2023-06-16T14:45:39,42.39017,-70.13074,13.6,144.4,143.0,CSL KAJIKA,IMO9710579,C6EH6,70,0,229,32,10.7,70,A
311000897,2023-06-16T14:46:49,42.38657,-70.12725,13.6,144.2,143.0,CSL KAJIKA,IMO9710579,C6EH6,70,0,229,32,10.7,70,A
538002221,2023-08-20T05:29:22,42.38639,-70.10574,14.0,50.6,51.0,GREAT EASTERN,IMO9298739,V7HF4,80,0,182,27,11.2,89,A
338926451,2023-07-09T07:44:43,42.38900,-70.13723,5.3,279.6,272.0,CGC WARREN DEYAMPERT,,NWMD,55,0,46,7,0.0,55,A
338926451,2023-07-09T07:46:15,42.38913,-70.14037,5.5,272.0,267.0,CGC WARREN DEYAMPERT,,NWMD,55,0,46,7,0.0,55,A
366953940,2023-08-18T20:10:26,42.39543,-70.12830,9.3,27.3,511.0,STARLIGHT,IMO7731256,WDB8157,30,0,23,7,,30,A
366953940,2023-08-18T20:09:15,42.39258,-70.13003,9.5,22.7,511.0,STARLIGHT,IMO7731256,WDB8157,30,0,23,7,,30,A
339127000,2023-08-15T05:29:25,42.38898,-70.14203,10.9,12.7,8.0,NADAN,,6YUW3,37,0,44,8,2.0,37,A
339127000,2023-08-15T05:32:55,42.39935,-70.13895,10.7,12.4,10.0,NADAN,,6YUW3,37,0,44,8,2.0,37,A
339127000,2023-08-15T05:34:06,42.40285,-70.13789,10.9,13.8,8.0,NADAN,,6YUW3,37,0,44,8,2.0,37,A
339127000,2023-08-15T05:35:26,42.40684,-70.13671,10.9,12.0,9.0,NADAN,,6YUW3,37,0,44,8,2.0,37,A
339127000,2023-08-15T05:36:36,42.41033,-70.13562,11.0,14.0,9.0,NADAN,,6YUW3,37,0,44,8,2.0,37,A
339127000,2023-08-15T05:37:46,42.41381,-70.13455,11.0,13.0,9.0,NADAN,,6YUW3,37,0,44,8,2.0,37,A
339127000,2023-08-15T05:38:47,42.41679,-70.13360,11.0,12.3,10.0,NADAN,,6YUW3,37,0,44,8,2.0,37,A
339127000,2023-08-15T05:39:56,42.42026,-70.13250,10.9,13.6,7.0,NADAN,,6YUW3,37,0,44,8,2.0,37,A
339127000,2023-08-15T05:31:46,42.39596,-70.13996,10.9,12.2,10.0,NADAN,,6YUW3,37,0,44,8,2.0,37,A
339127000,2023-08-15T05:30:36,42.39249,-70.14099,10.9,12.2,10.0,NADAN,,6YUW3,37,0,44,8,2.0,37,A
215000154,2023-05-23T17:20:31,42.38748,-70.10484,7.6,34.6,511.0,MALAIKA,,9HB4789,36,,,,,,B
215000154,2023-05-23T17:21:58,42.38985,-70.10289,7.2,33.8,511.0,MALAIKA,,9HB4789,36,,,,,,B
215000154,2023-05-23T17:23:01,42.39158,-70.10145,7.2,34.8,511.0,MALAIKA,,9HB4789,36,,,,,,B
636015872,2023-08-13T09:24:27,42.38878,-70.12346,1.5,351.1,267.0,KEA,IMO9677026,D5DG4,70,0,270,42,14.5,71,A
636015872,2023-08-13T09:25:38,42.38928,-70.12355,1.5,353.5,267.0,KEA,IMO9677026,D5DG4,70,0,270,42,14.5,71,A
636015872,2023-08-13T09:22:08,42.38784,-70.12322,1.5,344.3,263.0,KEA,IMO9677026,D5DG4,70,0,270,42,14.5,71,A
636015872,2023-08-13T09:23:17,42.38831,-70.12338,1.4,347.4,265.0,KEA,IMO9677026,D5DG4,70,0,270,42,14.5,71,A
636015872,2023-08-13T09:26:48,42.38979,-70.12360,1.5,356.1,268.0,KEA,IMO9677026,D5DG4,70,0,270,42,14.5,71,A
636015872,2023-08-13T09:27:57,42.39029,-70.12362,1.5,358.0,269.0,KEA,IMO9677026,D5DG4,70,0,270,42,14.5,71,A
636015872,2023-08-13T09:29:07,42.39082,-70.12362,1.6,358.5,270.0,KEA,IMO9677026,D5DG4,70,0,270,42,14.5,71,A
636015872,2023-08-13T09:30:18,42.39136,-70.12362,1.6,0.6,271.0,KEA,IMO9677026,D5DG4,70,0,270,42,14.5,71,A
636015872,2023-08-13T09:31:28,42.39189,-70.12362,1.5,1.5,273.0,KEA,IMO9677026,D5DG4,70,0,270,42,14.5,71,A
636015872,2023-08-13T09:38:27,42.39506,-70.12339,1.5,3.1,280.0,KEA,IMO9677026,D5DG4,70,0,270,42,14.5,71,A
636015872,2023-08-13T09:39:28,42.39547,-70.12330,1.5,14.4,281.0,KEA,IMO9677026,D5DG4,70,0,270,42,14.5,71,A
636015872,2023-08-13T09:40:38,42.39595,-70.12322,1.5,353.3,283.0,KEA,IMO9677026,D5DG4,70,0,270,42,14.5,71,A
636015872,2023-08-13T09:41:47,42.39653,-70.12354,2.2,331.5,283.0,KEA,IMO9677026,D5DG4,70,0,270,42,14.5,71,A
636015872,2023-08-13T09:42:57,42.39721,-70.12422,2.9,321.0,276.0,KEA,IMO9677026,D5DG4,70,0,270,42,14.5,71,A
636015872,2023-08-13T09:43:58,42.39792,-70.12517,3.6,309.0,262.0,KEA,IMO9677026,D5DG4,70,0,270,42,14.5,71,A
636015872,2023-08-13T09:45:07,42.39841,-70.12662,3.8,284.2,251.0,KEA,IMO9677026,D5DG4,70,0,270,42,14.5,71,A
636015872,2023-08-13T09:46:17,42.39850,-70.12853,4.6,268.5,249.0,KEA,IMO9677026,D5DG4,70,0,270,42,14.5,71,A
636015872,2023-08-13T09:47:28,42.39836,-70.13089,5.6,264.0,249.0,KEA,IMO9677026,D5DG4,70,0,270,42,14.5,71,A
636015872,2023-08-13T09:48:37,42.39807,-70.13355,6.3,262.1,249.0,KEA,IMO9677026,D5DG4,70,0,270,42,14.5,71,A
636015872,2023-08-13T09:49:47,42.39771,-70.13640,6.9,258.7,250.0,KEA,IMO9677026,D5DG4,70,0,270,42,14.5,71,A
636015872,2023-08-13T09:50:58,42.39734,-70.13961,7.4,259.4,244.0,KEA,IMO9677026,D5DG4,70,0,270,42,14.5,71,A
636015872,2023-08-13T09:52:07,42.39667,-70.14264,7.4,251.5,240.0,KEA,IMO9677026,D5DG4,70,0,270,42,14.5,71,A
636015872,2023-08-13T09:53:17,42.39585,-70.14578,7.7,250.7,238.0,KEA,IMO9677026,D5DG4,70,0,270,42,14.5,71,A
636015872,2023-08-13T09:54:28,42.39488,-70.14904,7.8,245.9,236.0,KEA,IMO9677026,D5DG4,70,0,270,42,14.5,71,A
636015872,2023-08-13T09:17:38,42.38615,-70.12228,1.5,329.9,250.0,KEA,IMO9677026,D5DG4,70,0,270,42,14.5,71,A
636015872,2023-08-13T09:18:47,42.38659,-70.12257,1.5,333.0,254.0,KEA,IMO9677026,D5DG4,70,0,270,42,14.5,71,A
636015872,2023-08-13T09:19:48,42.38697,-70.12279,1.4,336.4,257.0,KEA,IMO9677026,D5DG4,70,0,270,42,14.5,71,A
636015872,2023-08-13T09:20:58,42.38740,-70.12303,1.4,340.0,260.0,KEA,IMO9677026,D5DG4,70,0,270,42,14.5,71,A
636015872,2023-08-13T09:34:57,42.39345,-70.12350,1.6,2.6,276.0,KEA,IMO9677026,D5DG4,70,0,270,42,14.5,71,A
636015872,2023-08-13T09:36:08,42.39399,-70.12344,1.6,2.6,277.0,KEA,IMO9677026,D5DG4,70,0,270,42,14.5,71,A
636015872,2023-08-13T09:37:17,42.39451,-70.12342,1.6,2.6,278.0,KEA,IMO9677026,D5DG4,70,0,270,42,14.5,71,A
636015872,2023-08-13T09:32:38,42.39241,-70.12357,1.6,3.0,274.0,KEA,IMO9677026,D5DG4,70,0,270,42,14.5,71,A
636015872,2023-08-13T09:33:48,42.39293,-70.12353,1.5,3.7,275.0,KEA,IMO9677026,D5DG4,70,0,270,42,14.5,71,A
538002221,2023-01-07T14:28:11,42.40941,-70.11957,13.6,22.9,21.0,GREAT EASTERN,IMO9298739,V7HF4,80,0,182,27,11.2,89,A
538002221,2023-01-07T14:30:23,42.41711,-70.11535,13.7,22.1,20.0,GREAT EASTERN,IMO9298739,V7HF4,80,0,182,27,11.2,89,A
205685000,2023-03-09T17:45:28,42.42108,-70.13537,10.1,148.8,148.0,KNOKKE,IMO9687497,ONIL,80,0,181,,,89,A
205685000,2023-03-09T17:46:57,42.41752,-70.13265,10.0,150.6,150.0,KNOKKE,IMO9687497,ONIL,80,0,181,,,89,A
205685000,2023-03-09T17:48:28,42.41385,-70.12990,9.4,148.0,149.0,KNOKKE,IMO9687497,ONIL,80,0,181,,,89,A
205685000,2023-03-09T17:50:26,42.40913,-70.12628,9.7,150.3,150.0,KNOKKE,IMO9687497,ONIL,80,0,181,,,89,A
205685000,2023-03-09T17:52:16,42.40473,-70.12297,9.7,146.1,150.0,KNOKKE,IMO9687497,ONIL,80,0,181,,,89,A
205685000,2023-03-09T17:53:58,42.40067,-70.11988,10.1,152.5,150.0,KNOKKE,IMO9687497,ONIL,80,0,181,,,89,A
205685000,2023-03-09T17:57:17,42.39260,-70.11385,9.8,150.3,149.0,KNOKKE,IMO9687497,ONIL,80,0,181,,,89,A
338178000,2023-07-25T00:50:41,42.41458,-70.10305,8.6,52.1,511.0,VERISSIMO,,WDH4235,37,,19,5,,,B
338178000,2023-07-25T00:37:43,42.39760,-70.13517,8.0,52.4,511.0,VERISSIMO,,WDH4235,37,,19,5,,,B
338178000,2023-07-25T00:39:11,42.39950,-70.13140,8.4,56.3,511.0,VERISSIMO,,WDH4235,37,,19,5,,,B
338178000,2023-07-25T00:40:41,42.40144,-70.12755,7.9,54.8,511.0,VERISSIMO,,WDH4235,37,,19,5,,,B
338178000,2023-07-25T00:42:10,42.40332,-70.12379,8.3,56.7,511.0,VERISSIMO,,WDH4235,37,,19,5,,,B
338178000,2023-07-25T00:43:42,42.40529,-70.12000,7.9,50.8,511.0,VERISSIMO,,WDH4235,37,,19,5,,,B
338178000,2023-07-25T00:45:10,42.40719,-70.11641,7.6,51.7,511.0,VERISSIMO,,WDH4235,37,,19,5,,,B
338178000,2023-07-25T00:46:41,42.40922,-70.11269,8.1,51.4,511.0,VERISSIMO,,WDH4235,37,,19,5,,,B
338178000,2023-07-25T00:48:11,42.41123,-70.10905,8.5,61.4,511.0,VERISSIMO,,WDH4235,37,,19,5,,,B
338178000,2023-07-25T00:49:40,42.41325,-70.10547,8.1,57.6,511.0,VERISSIMO,,WDH4235,37,,19,5,,,B
338178000,2023-07-25T00:32:43,42.39126,-70.14815,8.4,61.8,511.0,VERISSIMO,,WDH4235,37,,19,5,,,B
338178000,2023-07-25T00:34:12,42.39319,-70.14428,8.7,62.3,511.0,VERISSIMO,,WDH4235,37,,19,5,,,B
338178000,2023-07-25T00:35:14,42.39447,-70.14162,8.4,49.0,511.0,VERISSIMO,,WDH4235,37,,19,5,,,B
338178000,2023-07-25T00:36:40,42.39629,-70.13786,8.9,62.5,511.0,VERISSIMO,,WDH4235,37,,19,5,,,B
367428410,2023-08-16T16:59:48,42.38878,-70.14628,8.3,148.5,511.0,C TRACTOR 14,IMO9213038,WDF2466,31,0,32,12,5.6,31,A
367428410,2023-08-16T17:00:19,42.38775,-70.14537,8.2,146.0,511.0,C TRACTOR 14,IMO9213038,WDF2466,31,0,32,12,5.6,31,A
367428410,2023-08-16T16:57:58,42.39236,-70.14895,8.1,148.0,511.0,C TRACTOR 14,IMO9213038,WDF2466,31,0,32,12,5.6,31,A
368014790,2023-05-09T06:17:35,42.39417,-70.11158,7.4,45.1,511.0,ATHENA,,WDJ8299,37,,18,5,,,B
368014790,2023-05-09T06:20:06,42.39814,-70.10658,7.7,44.2,511.0,ATHENA,,WDJ8299,37,,18,5,,,B
368014790,2023-05-09T06:21:07,42.39970,-70.10463,7.8,43.1,511.0,ATHENA,,WDJ8299,37,,18,5,,,B
368014790,2023-05-09T06:22:35,42.40199,-70.10172,7.9,46.0,511.0,ATHENA,,WDJ8299,37,,18,5,,,B
338365214,2023-06-12T23:05:35,42.38619,-70.12996,6.3,28.0,20.0,TANSY BITTERS,,,36,,12,3,,,B
338365214,2023-06-12T23:07:36,42.38945,-70.12749,7.0,37.6,28.0,TANSY BITTERS,,,36,,12,3,,,B
338365214,2023-06-12T23:09:34,42.39276,-70.12511,6.9,29.0,24.0,TANSY BITTERS,,,36,,12,3,,,B
338365214,2023-06-12T23:11:06,42.39528,-70.12334,7.0,21.2,21.0,TANSY BITTERS,,,36,,12,3,,,B
338365214,2023-06-12T23:13:03,42.39847,-70.12125,6.9,24.4,30.0,TANSY BITTERS,,,36,,12,3,,,B
338365214,2023-06-12T23:14:05,42.40014,-70.12018,6.3,19.6,19.0,TANSY BITTERS,,,36,,12,3,,,B
338365214,2023-06-12T23:15:34,42.40246,-70.11865,6.3,30.5,23.0,TANSY BITTERS,,,36,,12,3,,,B
338365214,2023-06-12T23:16:36,42.40408,-70.11760,6.2,23.4,21.0,TANSY BITTERS,,,36,,12,3,,,B
338365214,2023-06-12T23:18:35,42.40716,-70.11562,6.2,28.4,21.0,TANSY BITTERS,,,36,,12,3,,,B
338365214,2023-06-12T23:20:03,42.40945,-70.11416,6.0,20.1,21.0,TANSY BITTERS,,,36,,12,3,,,B
338365214,2023-06-12T23:22:03,42.41253,-70.11234,6.0,23.2,24.0,TANSY BITTERS,,,36,,12,3,,,B
338365214,2023-06-12T23:23:34,42.41481,-70.11104,6.1,20.3,24.0,TANSY BITTERS,,,36,,12,3,,,B
338365214,2023-06-12T23:25:03,42.41703,-70.10968,5.5,22.4,22.0,TANSY BITTERS,,,36,,12,3,,,B
338365214,2023-06-12T23:26:34,42.41913,-70.10840,5.3,23.0,23.0,TANSY BITTERS,,,36,,12,3,,,B
338365214,2023-06-12T23:27:36,42.42054,-70.10750,5.8,22.7,25.0,TANSY BITTERS,,,36,,12,3,,,B
338104662,2023-07-02T13:46:32,42.39086,-70.10489,15.8,21.6,511.0,AUDREY LOUISA,,ALOU,37,,0,0,,,B
338104662,2023-07-02T13:47:35,42.39492,-70.10268,15.5,23.2,511.0,AUDREY LOUISA,,ALOU,37,,0,0,,,B
338101291,2023-07-31T16:23:49,42.38859,-70.10385,6.4,25.3,511.0,GRACE,,,36,,13,4,,,B
338101291,2023-07-31T16:25:18,42.39103,-70.10229,6.3,27.4,511.0,GRACE,,,36,,13,4,,,B
338101291,2023-07-31T16:26:19,42.39269,-70.10130,6.3,23.2,511.0,GRACE,,,36,,13,4,,,B
368314180,2023-08-18T04:13:50,42.39652,-70.13265,7.4,26.3,22.0,ANTELOPE,,WDN8079,36,,13,4,,,B
368314180,2023-08-18T04:19:49,42.40711,-70.12529,7.3,26.0,511.0,ANTELOPE,,WDN8079,36,,13,4,,,B
368314180,2023-08-18T04:22:49,42.41229,-70.12147,6.9,29.6,511.0,ANTELOPE,,WDN8079,36,,13,4,,,B
368314180,2023-08-18T04:24:49,42.41564,-70.11920,6.7,24.7,511.0,ANTELOPE,,WDN8079,36,,13,4,,,B
367391240,2023-05-15T14:49:20,42.38740,-70.10253,3.8,11.3,511.0,JUSTICE,IMO7947714,WCY9045,30,,25,7,,,B
367391240,2023-05-15T14:51:50,42.38976,-70.10177,3.3,14.7,511.0,JUSTICE,IMO7947714,WCY9045,30,,25,7,,,B
636019265,2023-04-10T19:46:50,42.41359,-70.14871,10.1,141.9,143.0,PORT OSAKA,IMO9838541,D5TS2,70,0,200,32,7.0,70,A
636019265,2023-04-10T19:48:01,42.41088,-70.14594,10.1,143.4,143.0,PORT OSAKA,IMO9838541,D5TS2,70,0,200,32,7.0,70,A
636019265,2023-04-10T19:49:11,42.40828,-70.14331,10.1,142.8,142.0,PORT OSAKA,IMO9838541,D5TS2,70,0,200,32,7.0,70,A
636019265,2023-04-10T19:50:21,42.40569,-70.14061,10.0,141.9,144.0,PORT OSAKA,IMO9838541,D5TS2,70,0,200,32,7.0,70,A
636019265,2023-04-10T19:51:30,42.40315,-70.13812,10.0,146.3,147.0,PORT OSAKA,IMO9838541,D5TS2,70,0,200,32,7.0,70,A
636019265,2023-04-10T19:52:41,42.40034,-70.13565,10.0,148.1,148.0,PORT OSAKA,IMO9838541,D5TS2,70,0,200,32,7.0,70,A
636019265,2023-04-10T19:53:51,42.39762,-70.13337,10.0,147.6,147.0,PORT OSAKA,IMO9838541,D5TS2,70,0,200,32,7.0,70,A
636019265,2023-04-10T19:55:01,42.39490,-70.13103,10.0,147.7,148.0,PORT OSAKA,IMO9838541,D5TS2,70,0,200,32,7.0,70,A
636019265,2023-04-10T19:56:10,42.39220,-70.12876,10.0,148.1,148.0,PORT OSAKA,IMO9838541,D5TS2,70,0,200,32,7.0,70,A
636019265,2023-04-10T19:57:20,42.38940,-70.12637,10.0,147.4,148.0,PORT OSAKA,IMO9838541,D5TS2,70,0,200,32,7.0,70,A
636019265,2023-04-10T19:58:30,42.38667,-70.12400,10.1,146.6,147.0,PORT OSAKA,IMO9838541,D5TS2,70,0,200,32,7.0,70,A
366752720,2023-03-17T14:02:23,42.39121,-70.11670,10.3,102.0,511.0,AMERICAN CLASSIC,IMO1068050,WCY5466,0,15,31,10,0.0,0,A
366752720,2023-03-17T14:05:52,42.39093,-70.10347,10.2,101.0,511.0,AMERICAN CLASSIC,IMO1068050,WCY5466,0,15,31,10,0.0,0,A
366752720,2023-03-17T13:54:33,42.39251,-70.14714,10.9,100.0,511.0,AMERICAN CLASSIC,IMO1068050,WCY5466,0,15,31,10,0.0,0,A
366752720,2023-03-17T13:55:42,42.39275,-70.14248,10.8,89.0,511.0,AMERICAN CLASSIC,IMO1068050,WCY5466,0,15,31,10,0.0,0,A
366752720,2023-03-17T13:56:51,42.39285,-70.13790,10.3,93.0,511.0,AMERICAN CLASSIC,IMO1068050,WCY5466,0,15,31,10,0.0,0,A
366752720,2023-03-17T13:58:03,42.39244,-70.13325,10.4,93.0,511.0,AMERICAN CLASSIC,IMO1068050,WCY5466,0,15,31,10,0.0,0,A
366752720,2023-03-17T13:59:13,42.39233,-70.12875,10.3,90.0,511.0,AMERICAN CLASSIC,IMO1068050,WCY5466,0,15,31,10,0.0,0,A
366752720,2023-03-17T14:00:03,42.39240,-70.12554,10.3,92.0,511.0,AMERICAN CLASSIC,IMO1068050,WCY5466,0,15,31,10,0.0,0,A
366752720,2023-03-17T14:01:13,42.39211,-70.12105,10.3,99.0,511.0,AMERICAN CLASSIC,IMO1068050,WCY5466,0,15,31,10,0.0,0,A
366752720,2023-03-17T14:03:32,42.39138,-70.11239,10.2,79.0,511.0,AMERICAN CLASSIC,IMO1068050,WCY5466,0,15,31,10,0.0,0,A
366752720,2023-03-17T14:04:42,42.39151,-70.10789,10.2,93.0,511.0,AMERICAN CLASSIC,IMO1068050,WCY5466,0,15,31,10,0.0,0,A
366752720,2023-01-11T20:10:42,42.40033,-70.12332,15.7,279.0,511.0,AMERICAN CLASSIC,IMO1068050,WCY5466,0,15,31,10,0.0,0,A
366752720,2023-01-11T20:11:54,42.40075,-70.12979,14.8,278.0,511.0,AMERICAN CLASSIC,IMO1068050,WCY5466,0,15,31,10,0.0,0,A
366752720,2023-01-11T20:13:53,42.40099,-70.14062,13.7,259.0,511.0,AMERICAN CLASSIC,IMO1068050,WCY5466,0,15,31,10,0.0,0,A
366752720,2023-01-11T20:15:05,42.40110,-70.14711,14.7,277.0,511.0,AMERICAN CLASSIC,IMO1068050,WCY5466,0,15,31,10,0.0,0,A
366752720,2023-01-11T20:07:17,42.39842,-70.10470,14.2,270.0,511.0,AMERICAN CLASSIC,IMO1068050,WCY5466,0,15,31,10,0.0,0,A
366752720,2023-01-02T21:06:46,42.40319,-70.10754,15.3,273.0,511.0,AMERICAN CLASSIC,IMO1068050,WCY5466,0,15,31,10,0.0,0,A
366752720,2023-01-02T21:08:04,42.40426,-70.11495,15.4,275.0,511.0,AMERICAN CLASSIC,IMO1068050,WCY5466,0,15,31,10,0.0,0,A
366752720,2023-01-02T21:09:10,42.40341,-70.12107,15.6,271.0,511.0,AMERICAN CLASSIC,IMO1068050,WCY5466,0,15,31,10,0.0,0,A
366752720,2023-01-02T21:10:22,42.40381,-70.12810,15.6,277.0,511.0,AMERICAN CLASSIC,IMO1068050,WCY5466,0,15,31,10,0.0,0,A
366752720,2023-01-02T21:11:58,42.40596,-70.13685,15.6,289.0,511.0,AMERICAN CLASSIC,IMO1068050,WCY5466,0,15,31,10,0.0,0,A
366752720,2023-01-02T21:13:04,42.40594,-70.14320,15.4,272.0,511.0,AMERICAN CLASSIC,IMO1068050,WCY5466,0,15,31,10,0.0,0,A
366752720,2023-01-02T21:14:10,42.40629,-70.14955,15.5,268.0,511.0,AMERICAN CLASSIC,IMO1068050,WCY5466,0,15,31,10,0.0,0,A
367310050,2023-07-27T00:10:24,42.40339,-70.10698,6.6,286.9,511.0,DRAKE,IMO8034655,WDD9341,30,,23,7,,,B
367310050,2023-07-27T00:11:56,42.40433,-70.11037,6.3,292.5,511.0,DRAKE,IMO8034655,WDD9341,30,,23,7,,,B
367310050,2023-07-27T00:15:55,42.40701,-70.11922,6.6,289.0,511.0,DRAKE,IMO8034655,WDD9341,30,,23,7,,,B
367310050,2023-07-27T00:18:27,42.40865,-70.12489,6.4,295.5,511.0,DRAKE,IMO8034655,WDD9341,30,,23,7,,,B
367310050,2023-07-27T00:22:24,42.41179,-70.13344,6.5,295.9,511.0,DRAKE,IMO8034655,WDD9341,30,,23,7,,,B
367310050,2023-07-27T00:24:54,42.41383,-70.13880,6.4,298.4,511.0,DRAKE,IMO8034655,WDD9341,30,,23,7,,,B
367310050,2023-07-27T00:26:25,42.41501,-70.14206,6.3,292.2,511.0,DRAKE,IMO8034655,WDD9341,30,,23,7,,,B
636019265,2023-04-05T06:54:42,42.42095,-70.10188,10.1,320.3,322.0,PORT OSAKA,IMO9838541,D5TS2,70,0,200,32,10.7,70,A
367594490,2023-07-20T12:42:56,42.38652,-70.14119,8.5,10.7,13.0,TRIXIE,,WDH2112,37,0,23,6,,37,A
367594490,2023-07-20T12:44:07,42.38923,-70.14016,8.6,14.5,13.0,TRIXIE,,WDH2112,37,0,23,6,,37,A
367594490,2023-07-20T12:53:17,42.41033,-70.13264,8.5,15.3,10.0,TRIXIE,,WDH2112,37,0,23,6,,37,A
367594490,2023-07-20T12:54:27,42.41301,-70.13170,8.5,14.1,14.0,TRIXIE,,WDH2112,37,0,23,6,,37,A
367594490,2023-07-20T12:45:17,42.39194,-70.13937,8.5,8.9,12.0,TRIXIE,,WDH2112,37,0,23,6,,37,A
367594490,2023-07-20T12:46:21,42.39429,-70.13835,8.5,15.8,13.0,TRIXIE,,WDH2112,37,0,23,6,,37,A
367594490,2023-07-20T12:47:28,42.39689,-70.13741,8.5,15.0,14.0,TRIXIE,,WDH2112,37,0,23,6,,37,A
367594490,2023-07-20T12:48:38,42.39961,-70.13647,8.6,15.6,14.0,TRIXIE,,WDH2112,37,0,23,6,,37,A
367594490,2023-07-20T12:49:48,42.40231,-70.13553,8.5,12.5,14.0,TRIXIE,,WDH2112,37,0,23,6,,37,A
367594490,2023-07-20T12:50:56,42.40493,-70.13457,8.6,17.4,16.0,TRIXIE,,WDH2112,37,0,23,6,,37,A
367594490,2023-07-20T12:52:06,42.40762,-70.13368,8.5,11.4,12.0,TRIXIE,,WDH2112,37,0,23,6,,37,A
367594490,2023-07-20T12:55:37,42.41563,-70.13089,8.3,14.9,23.0,TRIXIE,,WDH2112,37,0,23,6,,37,A
367594490,2023-07-20T12:56:47,42.41833,-70.12979,8.7,14.2,11.0,TRIXIE,,WDH2112,37,0,23,6,,37,A
367594490,2023-07-20T12:57:57,42.42108,-70.12890,8.7,11.5,13.0,TRIXIE,,WDH2112,37,0,23,6,,37,A
255806231,2023-03-16T15:15:40,42.42154,-70.10285,9.3,324.0,324.0,GTM GERMANY,IMO9405320,CQAO5,89,0,130,20,6.0,89,A
563047700,2019-12-03T12:27:49,42.40915,-70.10539,10.2,203.9,217.0,,,,,0,,,,,A
563047700,2019-12-03T12:28:58,42.40639,-70.10762,10.4,214.7,214.0,,,,,0,,,,,A
563047700,2019-12-03T12:30:09,42.40346,-70.10979,10.0,206.9,216.0,,,,,0,,,,,A
563047700,2019-12-03T12:31:20,42.40068,-70.11212,9.9,216.2,214.0,,,,,0,,,,,A
563047700,2019-12-03T12:32:28,42.39787,-70.11419,9.9,213.9,222.0,,,,,0,,,,,A
563047700,2019-12-03T12:34:39,42.39290,-70.11875,10.2,209.6,222.0,,,,,0,,,,,A
563047700,2019-12-03T12:37:08,42.38730,-70.12409,9.8,218.2,219.0,,,,,0,,,,,A
367485980,2019-12-16T19:30:48,42.41695,-70.13297,8.7,97.2,511.0,CAPT JOE,IMO7731153,WDF7584,30,7,24,7,,,A
367788090,2019-12-27T03:58:12,42.40520,-70.11284,8.8,109.7,511.0,MISS TRISH II,IMO7934200,WDJ5481,30,,25,7,,,B
367288000,2019-11-29T22:38:59,42.39309,-70.14877,17.1,150.5,511.0,CG TAHOMA,,NCBE,90,0,82,11,,,A
367288000,2019-12-22T05:51:32,42.41562,-70.10859,12.7,319.5,511.0,CG TAHOMA,,NCBE,90,0,82,11,,,A
367288000,2019-12-22T05:53:52,42.42187,-70.11563,12.6,318.9,511.0,CG TAHOMA,,NCBE,90,0,82,11,,,A
367602610,2019-12-24T02:06:03,42.38637,-70.13113,3.1,290.4,511.0,TYLER,IMO8036287,WDH2928,30,4,19,6,,,A
367602610,2019-12-24T02:07:32,42.38694,-70.13319,3.8,294.2,511.0,TYLER,IMO8036287,WDH2928,30,4,19,6,,,A
367602610,2019-12-24T02:10:53,42.38849,-70.13768,3.5,292.9,511.0,TYLER,IMO8036287,WDH2928,30,4,19,6,,,A
367602610,2019-12-24T02:12:02,42.38901,-70.13917,4.2,295.0,511.0,TYLER,IMO8036287,WDH2928,30,4,19,6,,,A
367602610,2019-12-24T02:13:32,42.38971,-70.14123,3.3,293.6,511.0,TYLER,IMO8036287,WDH2928,30,4,19,6,,,A
367602610,2019-12-24T02:14:52,42.39032,-70.14307,3.8,293.3,511.0,TYLER,IMO8036287,WDH2928,30,4,19,6,,,A
367602610,2019-12-24T02:16:22,42.39097,-70.14513,4.5,294.0,511.0,TYLER,IMO8036287,WDH2928,30,4,19,6,,,A
367602610,2019-12-24T02:18:03,42.39179,-70.14740,4.3,295.3,511.0,TYLER,IMO8036287,WDH2928,30,4,19,6,,,A
367602610,2019-12-24T02:19:22,42.39239,-70.14927,4.2,292.6,511.0,TYLER,IMO8036287,WDH2928,30,4,19,6,,,A
564054000,2019-11-19T15:00:02,42.41440,-70.10251,8.5,318.6,323.0,BRO ALMA,IMO9356610,9V3604,80,0,144,23,8.4,,A
564054000,2019-11-19T15:01:23,42.41687,-70.10518,8.4,319.3,321.0,BRO ALMA,IMO9356610,9V3604,80,0,144,23,8.4,,A
564054000,2019-11-19T15:02:32,42.41890,-70.10735,8.2,322.1,323.0,BRO ALMA,IMO9356610,9V3604,80,0,144,23,8.4,,A
564054000,2019-11-19T15:03:43,42.42100,-70.10964,8.2,321.0,323.0,BRO ALMA,IMO9356610,9V3604,80,0,144,23,8.4,,A
564054000,2019-11-21T12:37:14,42.42116,-70.12856,9.8,155.4,153.0,BRO ALMA,IMO9356610,9V3604,80,0,144,23,8.4,,A
564054000,2019-11-21T12:38:35,42.41784,-70.12644,9.8,155.1,153.0,BRO ALMA,IMO9356610,9V3604,80,0,144,23,8.4,,A
564054000,2019-11-21T12:39:45,42.41499,-70.12461,9.7,154.9,153.0,BRO ALMA,IMO9356610,9V3604,80,0,144,23,8.4,,A
564054000,2019-11-21T12:41:05,42.41174,-70.12256,9.6,154.9,154.0,BRO ALMA,IMO9356610,9V3604,80,0,144,23,8.4,,A
564054000,2019-11-21T12:42:14,42.40894,-70.12086,9.6,154.7,153.0,BRO ALMA,IMO9356610,9V3604,80,0,144,23,8.4,,A
564054000,2019-11-21T12:43:25,42.40608,-70.11906,9.7,155.6,152.0,BRO ALMA,IMO9356610,9V3604,80,0,144,23,8.4,,A
564054000,2019-11-21T12:44:45,42.40286,-70.11701,9.7,156.2,153.0,BRO ALMA,IMO9356610,9V3604,80,0,144,23,8.4,,A
564054000,2019-11-21T12:46:25,42.39881,-70.11441,9.7,154.9,152.0,BRO ALMA,IMO9356610,9V3604,80,0,144,23,8.4,,A
564054000,2019-11-21T12:47:35,42.39599,-70.11249,9.7,152.6,153.0,BRO ALMA,IMO9356610,9V3604,80,0,144,23,8.4,,A
564054000,2019-11-21T12:48:45,42.39320,-70.11065,9.5,153.7,152.0,BRO ALMA,IMO9356610,9V3604,80,0,144,23,8.4,,A
564054000,2019-11-21T12:50:04,42.39006,-70.10857,9.6,153.6,152.0,BRO ALMA,IMO9356610,9V3604,80,0,144,23,8.4,,A
564054000,2019-11-21T12:51:35,42.38646,-70.10616,9.5,153.2,152.0,BRO ALMA,IMO9356610,9V3604,80,0,144,23,8.4,,A
316022888,2019-12-08T14:56:55,42.39378,-70.10795,8.0,233.1,240.0,OCEAN TRAVERSE NORD,IMO9666534,CFN6217,90,0,71,12,4.5,33,A
316022888,2019-12-08T14:57:56,42.39245,-70.11038,8.0,234.1,241.0,OCEAN TRAVERSE NORD,IMO9666534,CFN6217,90,0,71,12,4.5,33,A
316022888,2019-12-08T14:59:27,42.39049,-70.11400,7.9,234.9,241.0,OCEAN TRAVERSE NORD,IMO9666534,CFN6217,90,0,71,12,4.5,33,A
316022888,2019-12-08T15:00:06,42.38963,-70.11560,7.8,234.1,241.0,OCEAN TRAVERSE NORD,IMO9666534,CFN6217,90,0,71,12,4.5,33,A
316022888,2019-12-08T15:01:17,42.38816,-70.11842,7.9,235.2,240.0,OCEAN TRAVERSE NORD,IMO9666534,CFN6217,90,0,71,12,4.5,33,A
316022888,2019-12-08T15:02:26,42.38665,-70.12134,8.0,235.3,240.0,OCEAN TRAVERSE NORD,IMO9666534,CFN6217,90,0,71,12,4.5,33,A
367645060,2019-11-14T05:38:28,42.41563,-70.13360,8.1,204.2,210.0,ZENYATTA,,WDH7127,37,,18,8,,,B
367645060,2019-11-14T05:40:58,42.41033,-70.13636,7.6,202.1,205.0,ZENYATTA,,WDH7127,37,,18,8,,,B
367645060,2019-11-14T05:41:59,42.40815,-70.13746,7.0,198.7,202.0,ZENYATTA,,WDH7127,37,,18,8,,,B
367645060,2019-11-14T05:48:30,42.39424,-70.14440,8.2,197.8,205.0,ZENYATTA,,WDH7127,37,,18,8,,,B
367645060,2019-11-14T05:50:29,42.38991,-70.14638,7.5,198.4,201.0,ZENYATTA,,WDH7127,37,,18,8,,,B
367645060,2019-11-14T05:51:59,42.38670,-70.14790,7.6,194.6,201.0,ZENYATTA,,WDH7127,37,,18,8,,,B
367588580,2019-11-12T14:08:04,42.39059,-70.12542,10.3,22.4,511.0,ROLAND A FALGOUT,IMO7509392,WDG9520,31,3,38,10,4.8,52,A
367588580,2019-11-12T14:10:53,42.39797,-70.12129,10.1,21.5,511.0,ROLAND A FALGOUT,IMO7509392,WDG9520,31,3,38,10,4.8,52,A
367588580,2019-11-12T14:12:34,42.40237,-70.11875,10.0,27.3,511.0,ROLAND A FALGOUT,IMO7509392,WDG9520,31,3,38,10,4.8,52,A
367588580,2019-11-12T14:13:53,42.40580,-70.11672,10.4,27.0,511.0,ROLAND A FALGOUT,IMO7509392,WDG9520,31,3,38,10,4.8,52,A
367588580,2019-11-12T14:15:23,42.40958,-70.11445,9.3,20.3,511.0,ROLAND A FALGOUT,IMO7509392,WDG9520,31,3,38,10,4.8,52,A
367588580,2019-11-12T14:17:44,42.41565,-70.11082,10.8,24.1,511.0,ROLAND A FALGOUT,IMO7509392,WDG9520,31,3,38,10,4.8,52,A
367588580,2019-11-12T14:19:23,42.42002,-70.10816,11.5,27.8,511.0,ROLAND A FALGOUT,IMO7509392,WDG9520,31,3,38,10,4.8,52,A
367551860,2019-11-22T01:04:12,42.41292,-70.10558,6.8,271.0,511.0,JOCKA,IMO8885573,WDG5937,30,4,18,5,,,A
367551860,2019-11-22T01:05:22,42.41283,-70.10869,7.5,266.7,511.0,JOCKA,IMO8885573,WDG5937,30,4,18,5,,,A
367551860,2019-11-22T01:06:32,42.41273,-70.11175,7.0,267.3,511.0,JOCKA,IMO8885573,WDG5937,30,4,18,5,,,A
367551860,2019-11-22T01:08:12,42.41262,-70.11623,5.9,269.5,511.0,JOCKA,IMO8885573,WDG5937,30,4,18,5,,,A
367551860,2019-11-22T01:09:22,42.41260,-70.11931,7.4,265.1,511.0,JOCKA,IMO8885573,WDG5937,30,4,18,5,,,A
367551860,2019-11-22T01:10:23,42.41247,-70.12202,7.2,267.0,511.0,JOCKA,IMO8885573,WDG5937,30,4,18,5,,,A
367551860,2019-11-22T01:11:33,42.41243,-70.12512,6.4,270.1,511.0,JOCKA,IMO8885573,WDG5937,30,4,18,5,,,A
367551860,2019-11-22T01:13:23,42.41227,-70.12999,7.1,268.6,511.0,JOCKA,IMO8885573,WDG5937,30,4,18,5,,,A
367551860,2019-11-22T01:16:23,42.41210,-70.13788,6.8,266.6,511.0,JOCKA,IMO8885573,WDG5937,30,4,18,5,,,A
367551860,2019-11-22T01:18:03,42.41202,-70.14224,6.8,269.3,511.0,JOCKA,IMO8885573,WDG5937,30,4,18,5,,,A
367551860,2019-11-22T01:19:12,42.41194,-70.14521,6.9,267.3,511.0,JOCKA,IMO8885573,WDG5937,30,4,18,5,,,A
367551860,2019-11-22T01:20:23,42.41183,-70.14829,7.2,268.5,511.0,JOCKA,IMO8885573,WDG5937,30,4,18,5,,,A
367175740,2019-12-08T06:34:45,42.39995,-70.12648,8.4,204.1,206.0,WILKIN A FALGOUT,IMO7114161,WDD6648,31,0,32,9,3.8,31,A
367175740,2019-12-08T06:37:14,42.39471,-70.12963,8.3,203.1,205.0,WILKIN A FALGOUT,IMO7114161,WDD6648,31,0,32,9,3.8,31,A
367175740,2019-12-08T06:39:56,42.38911,-70.13293,8.3,203.4,204.0,WILKIN A FALGOUT,IMO7114161,WDD6648,31,0,32,9,3.8,31,A
367175740,2019-11-23T23:23:39,42.41549,-70.11959,8.9,21.3,20.0,WILKIN A FALGOUT,IMO7114161,WDD6648,31,0,32,9,3.8,31,A
369871000,2019-11-26T14:16:37,42.39365,-70.14894,14.0,60.1,44.0,AUK,,,90,0,,,,15,A
369871000,2019-11-26T14:17:48,42.39560,-70.14375,12.9,61.3,47.0,AUK,,,90,0,,,,15,A
369871000,2019-11-26T14:18:55,42.39728,-70.13942,11.8,58.2,44.0,AUK,,,90,0,,,,15,A
369871000,2019-11-26T14:20:00,42.39886,-70.13524,10.7,55.9,42.0,AUK,,,90,0,,,,15,A
369871000,2019-11-26T14:21:58,42.40073,-70.13058,3.7,59.0,50.0,AUK,,,90,0,,,,15,A
369871000,2019-11-26T14:24:32,42.40129,-70.12846,2.2,55.6,51.0,AUK,,,90,0,,,,15,A
369871000,2019-11-26T14:26:58,42.40178,-70.12812,1.2,44.7,51.0,AUK,,,90,0,,,,15,A
369871000,2019-11-26T14:28:15,42.40209,-70.12764,1.4,40.2,37.0,AUK,,,90,0,,,,15,A
369871000,2019-11-26T14:29:18,42.40233,-70.12733,1.4,48.9,48.0,AUK,,,90,0,,,,15,A
369871000,2019-11-26T14:30:22,42.40252,-70.12687,1.3,76.8,67.0,AUK,,,90,0,,,,15,A
369871000,2019-11-26T14:32:58,42.40254,-70.12480,1.9,91.7,72.0,AUK,,,90,0,,,,15,A
369871000,2019-11-26T14:35:58,42.40268,-70.12465,0.8,32.4,11.0,AUK,,,90,0,,,,15,A
369871000,2019-11-26T14:37:02,42.40294,-70.12447,0.8,26.3,11.0,AUK,,,90,0,,,,15,A
369871000,2019-11-26T14:38:44,42.40285,-70.12461,0.7,223.2,22.0,AUK,,,90,0,,,,15,A
369871000,2019-11-26T14:40:18,42.40297,-70.12459,0.5,28.7,29.0,AUK,,,90,0,,,,15,A
369871000,2019-11-26T14:41:27,42.40305,-70.12459,0.4,313.1,40.0,AUK,,,90,0,,,,15,A
369871000,2019-11-26T14:42:38,42.40313,-70.12482,0.9,284.6,46.0,AUK,,,90,0,,,,15,A
369871000,2019-11-26T14:46:59,42.40332,-70.12513,0.3,357.9,23.0,AUK,,,90,0,,,,15,A
369871000,2019-11-26T14:48:59,42.40335,-70.12520,0.2,283.8,24.0,AUK,,,90,0,,,,15,A
369871000,2019-11-26T14:57:38,42.40297,-70.12637,0.8,255.6,35.0,AUK,,,90,0,,,,15,A
369871000,2019-11-26T14:58:47,42.40322,-70.12620,0.9,32.6,22.0,AUK,,,90,0,,,,15,A
369871000,2019-11-26T15:00:09,42.40359,-70.12584,1.1,34.7,32.0,AUK,,,90,0,,,,15,A
369871000,2019-11-26T15:01:19,42.40385,-70.12555,1.3,46.8,40.0,AUK,,,90,0,,,,15,A
369871000,2019-11-26T15:02:52,42.40416,-70.12490,1.5,67.7,52.0,AUK,,,90,0,,,,15,A
369871000,2019-11-26T15:03:56,42.40459,-70.12431,2.1,31.9,20.0,AUK,,,90,0,,,,15,A
369871000,2019-11-26T15:04:58,42.40502,-70.12399,1.7,23.2,3.0,AUK,,,90,0,,,,15,A
369871000,2019-11-26T15:06:19,42.40548,-70.12345,1.6,47.4,37.0,AUK,,,90,0,,,,15,A
369871000,2019-11-26T15:07:37,42.40591,-70.12275,1.8,60.5,61.0,AUK,,,90,0,,,,15,A
369871000,2019-11-26T15:08:42,42.40619,-70.12210,1.9,55.4,43.0,AUK,,,90,0,,,,15,A
369871000,2019-11-26T15:09:45,42.40648,-70.12148,1.9,54.3,42.0,AUK,,,90,0,,,,15,A
369871000,2019-11-26T15:11:19,42.40689,-70.12062,1.5,53.1,44.0,AUK,,,90,0,,,,15,A
369871000,2019-11-26T15:12:25,42.40714,-70.12014,2.1,54.6,43.0,AUK,,,90,0,,,,15,A
369871000,2019-11-26T15:13:34,42.40753,-70.11946,1.9,52.2,39.0,AUK,,,90,0,,,,15,A
369871000,2019-11-26T15:15:11,42.40793,-70.11843,2.0,70.7,62.0,AUK,,,90,0,,,,15,A
369871000,2019-11-26T15:16:14,42.40819,-70.11775,1.9,61.2,51.0,AUK,,,90,0,,,,15,A
369871000,2019-11-26T15:17:51,42.40878,-70.11666,2.0,38.5,20.0,AUK,,,90,0,,,,15,A
369871000,2019-11-26T15:19:59,42.40959,-70.11562,1.8,52.1,39.0,AUK,,,90,0,,,,15,A
369871000,2019-11-26T15:21:35,42.41010,-70.11460,2.3,54.7,41.0,AUK,,,90,0,,,,15,A
369871000,2019-11-26T15:22:59,42.41048,-70.11377,1.7,56.1,50.0,AUK,,,90,0,,,,15,A
369871000,2019-11-26T15:25:15,42.41101,-70.11290,1.6,53.4,46.0,AUK,,,90,0,,,,15,A
369871000,2019-11-26T15:27:14,42.41145,-70.11206,0.8,41.3,43.0,AUK,,,90,0,,,,15,A
369871000,2019-11-26T15:28:59,42.41183,-70.11143,1.0,51.3,50.0,AUK,,,90,0,,,,15,A
369871000,2019-11-26T15:30:05,42.41202,-70.11113,1.1,49.3,35.0,AUK,,,90,0,,,,15,A
369871000,2019-11-26T15:31:38,42.41232,-70.11059,1.7,53.1,40.0,AUK,,,90,0,,,,15,A
369871000,2019-11-26T15:33:09,42.41272,-70.10985,1.5,55.7,43.0,AUK,,,90,0,,,,15,A
369871000,2019-11-26T15:35:18,42.41332,-70.10888,1.6,49.0,35.0,AUK,,,90,0,,,,15,A
369871000,2019-11-26T15:36:31,42.41363,-70.10829,1.6,51.1,37.0,AUK,,,90,0,,,,15,A
369871000,2019-11-26T15:37:47,42.41400,-70.10769,1.7,43.9,29.0,AUK,,,90,0,,,,15,A
369871000,2019-11-26T15:39:09,42.41438,-70.10707,1.6,48.0,27.0,AUK,,,90,0,,,,15,A
369871000,2019-11-26T15:42:18,42.41526,-70.10567,1.6,44.8,10.0,AUK,,,90,0,,,,15,A
369871000,2019-11-26T15:43:22,42.41536,-70.10582,0.5,247.8,251.0,AUK,,,90,0,,,,15,A
369871000,2019-11-26T15:44:28,42.41522,-70.10602,0.5,220.7,245.0,AUK,,,90,0,,,,15,A
369871000,2019-11-26T15:45:45,42.41483,-70.10677,2.5,239.8,253.0,AUK,,,90,0,,,,15,A
369871000,2019-11-26T15:46:48,42.41440,-70.10758,1.4,234.0,251.0,AUK,,,90,0,,,,15,A
369871000,2019-11-26T15:47:59,42.41386,-70.10869,3.5,236.4,248.0,AUK,,,90,0,,,,15,A
369871000,2019-11-26T15:49:18,42.41345,-70.10960,2.9,238.0,249.0,AUK,,,90,0,,,,15,A
369871000,2019-11-26T15:53:41,42.41263,-70.11118,0.6,228.1,242.0,AUK,,,90,0,,,,15,A
369871000,2019-11-26T15:56:38,42.41286,-70.11112,0.7,32.3,245.0,AUK,,,90,0,,,,15,A
369871000,2019-11-26T15:58:28,42.41265,-70.11151,0.7,230.9,235.0,AUK,,,90,0,,,,15,A
369871000,2019-11-26T15:59:45,42.41252,-70.11160,0.1,198.1,239.0,AUK,,,90,0,,,,15,A
369871000,2019-11-26T16:00:02,42.41250,-70.11159,0.2,216.9,233.0,AUK,,,90,0,,,,15,A
369871000,2019-11-26T16:01:11,42.41267,-70.11142,0.7,41.9,239.0,AUK,,,90,0,,,,15,A
369871000,2019-11-26T16:02:19,42.41266,-70.11137,0.2,173.5,236.0,AUK,,,90,0,,,,15,A
369871000,2019-11-26T16:03:47,42.41268,-70.11139,0.2,324.6,248.0,AUK,,,90,0,,,,15,A
369871000,2019-11-26T16:05:08,42.41262,-70.11143,0.4,191.0,227.0,AUK,,,90,0,,,,15,A
369871000,2019-11-26T16:06:12,42.41251,-70.11142,0.2,108.7,218.0,AUK,,,90,0,,,,15,A
369871000,2019-11-26T16:07:22,42.41264,-70.11116,1.1,49.7,245.0,AUK,,,90,0,,,,15,A
369871000,2019-11-26T16:09:02,42.41295,-70.11075,0.9,45.4,247.0,AUK,,,90,0,,,,15,A
369871000,2019-11-26T16:10:08,42.41298,-70.11067,1.2,216.5,234.0,AUK,,,90,0,,,,15,A
369871000,2019-11-26T16:15:47,42.41241,-70.11152,0.2,40.6,242.0,AUK,,,90,0,,,,15,A
369871000,2019-11-26T16:17:58,42.41261,-70.11135,0.7,34.2,264.0,AUK,,,90,0,,,,15,A
369871000,2019-11-26T16:19:04,42.41273,-70.11110,0.7,56.7,235.0,AUK,,,90,0,,,,15,A
369871000,2019-11-26T16:20:15,42.41289,-70.11082,0.5,206.5,237.0,AUK,,,90,0,,,,15,A
369871000,2019-11-26T16:21:59,42.41247,-70.11138,0.7,242.3,248.0,AUK,,,90,0,,,,15,A
369871000,2019-11-26T16:34:11,42.41237,-70.11170,0.9,53.0,269.0,AUK,,,90,0,,,,15,A
369871000,2019-11-26T16:35:39,42.41251,-70.11127,0.7,188.1,233.0,AUK,,,90,0,,,,15,A
369871000,2019-11-26T16:36:45,42.41213,-70.11160,3.3,227.8,256.0,AUK,,,90,0,,,,15,A
369871000,2019-11-26T16:38:58,42.41095,-70.11396,3.6,236.3,258.0,AUK,,,90,0,,,,15,A
369871000,2019-11-26T16:42:05,42.40883,-70.11709,3.6,226.2,257.0,AUK,,,90,0,,,,15,A
369871000,2019-11-26T16:44:22,42.40745,-70.11921,1.8,238.2,255.0,AUK,,,90,0,,,,15,A
369871000,2019-11-26T16:46:37,42.40661,-70.12124,2.4,240.3,255.0,AUK,,,90,0,,,,15,A
369871000,2019-11-26T16:48:29,42.40580,-70.12224,2.1,216.0,245.0,AUK,,,90,0,,,,15,A
369871000,2019-11-26T16:51:48,42.40450,-70.12424,2.1,230.7,251.0,AUK,,,90,0,,,,15,A
369871000,2019-11-26T16:53:44,42.40372,-70.12537,2.1,220.2,245.0,AUK,,,90,0,,,,15,A
369871000,2019-11-26T16:54:52,42.40335,-70.12615,2.2,232.9,255.0,AUK,,,90,0,,,,15,A
369871000,2019-11-26T16:58:15,42.40338,-70.12622,0.7,57.9,306.0,AUK,,,90,0,,,,15,A
369871000,2019-11-26T16:59:52,42.40365,-70.12580,1.1,26.6,348.0,AUK,,,90,0,,,,15,A
369871000,2019-11-26T17:00:01,42.40369,-70.12579,1.0,38.0,345.0,AUK,,,90,0,,,,15,A
369871000,2019-11-26T17:01:04,42.40370,-70.12530,2.1,111.6,306.0,AUK,,,90,0,,,,15,A
369871000,2019-11-26T17:02:16,42.40365,-70.12406,2.4,116.4,4.0,AUK,,,90,0,,,,15,A
369871000,2019-11-26T17:03:28,42.40323,-70.12411,0.1,227.1,36.0,AUK,,,90,0,,,,15,A
369871000,2019-11-26T17:05:02,42.40342,-70.12361,1.1,69.9,91.0,AUK,,,90,0,,,,15,A
369871000,2019-11-26T17:06:08,42.40351,-70.12302,3.4,105.8,103.0,AUK,,,90,0,,,,15,A
369871000,2019-11-26T17:07:11,42.40244,-70.12270,4.9,220.7,240.0,AUK,,,90,0,,,,15,A
369871000,2019-11-26T17:09:28,42.40006,-70.12828,9.6,240.6,257.0,AUK,,,90,0,,,,15,A
369871000,2019-11-26T17:11:09,42.39726,-70.13427,13.4,239.2,260.0,AUK,,,90,0,,,,15,A
369871000,2019-11-26T17:12:18,42.39534,-70.13937,13.5,245.1,262.0,AUK,,,90,0,,,,15,A
369871000,2019-11-26T17:13:36,42.39315,-70.14558,14.6,242.0,259.0,AUK,,,90,0,,,,15,A
636016437,2019-11-20T14:53:44,42.41482,-70.10347,8.1,305.8,310.0,MSC VIDISHA R,IMO9227326,A8IY4,70,0,281,32,12.5,,A
636016437,2019-11-20T14:54:53,42.41624,-70.10632,8.0,304.1,310.0,MSC VIDISHA R,IMO9227326,A8IY4,70,0,281,32,12.5,,A
636016437,2019-11-20T14:58:44,42.42100,-70.11570,7.8,304.5,310.0,MSC VIDISHA R,IMO9227326,A8IY4,70,0,281,32,12.5,,A
636016437,2019-11-21T03:52:15,42.42176,-70.14832,2.2,198.7,91.0,MSC VIDISHA R,IMO9227326,A8IY4,70,0,281,32,12.5,,A
636016437,2019-11-21T03:55:15,42.42005,-70.14917,2.1,202.2,91.0,MSC VIDISHA R,IMO9227326,A8IY4,70,0,281,32,12.5,,A
