MMSI,BaseDateTime,LAT,LON,SOG,COG,Heading,VesselName,IMO,CallSign,VesselType,Status,Length,Width,Draft,Cargo,TransceiverClass
368062920,2023-06-06T06:43:13,42.42036,-70.54042,5.0,348.5,511.0,PENROSE,,WDK5230,37,,16,5,,,B
368062920,2023-06-06T06:45:43,42.42381,-70.54112,4.9,348.0,511.0,PENROSE,,WDK5230,37,,16,5,,,B
368062920,2023-06-06T06:48:12,42.42721,-70.54196,4.6,348.0,511.0,PENROSE,,WDK5230,37,,16,5,,,B
368062920,2023-06-06T06:49:13,42.42857,-70.54233,5.0,351.7,511.0,PENROSE,,WDK5230,37,,16,5,,,B
368062920,2023-06-06T06:50:42,42.43056,-70.54281,4.7,352.4,511.0,PENROSE,,WDK5230,37,,16,5,,,B
368062920,2023-06-06T06:52:43,42.43317,-70.54350,5.0,348.5,511.0,PENROSE,,WDK5230,37,,16,5,,,B
368062920,2023-06-06T06:54:13,42.43513,-70.54391,4.5,345.9,511.0,PENROSE,,WDK5230,37,,16,5,,,B
368062920,2023-06-06T06:55:42,42.43710,-70.54437,4.7,347.5,511.0,PENROSE,,WDK5230,37,,16,5,,,B
368062920,2023-06-06T06:57:13,42.43910,-70.54481,4.9,344.3,511.0,PENROSE,,WDK5230,37,,16,5,,,B
368062920,2023-06-06T06:58:43,42.44118,-70.54515,4.9,358.4,511.0,PENROSE,,WDK5230,37,,16,5,,,B
368062920,2023-06-06T07:00:12,42.44319,-70.54551,4.9,355.5,511.0,PENROSE,,WDK5230,37,,16,5,,,B
368062920,2023-06-06T07:01:13,42.44457,-70.54571,4.8,349.2,511.0,PENROSE,,WDK5230,37,,16,5,,,B
368062920,2023-06-06T07:02:43,42.44662,-70.54608,5.0,350.1,511.0,PENROSE,,WDK5230,37,,16,5,,,B
368062920,2023-06-06T07:03:44,42.44802,-70.54633,5.1,352.6,511.0,PENROSE,,WDK5230,37,,16,5,,,B
368062920,2023-06-06T07:05:12,42.45006,-70.54664,4.8,352.8,511.0,PENROSE,,WDK5230,37,,16,5,,,B
368062920,2023-06-06T07:06:44,42.45218,-70.54694,5.1,352.6,511.0,PENROSE,,WDK5230,37,,16,5,,,B
368062920,2023-06-06T07:07:46,42.45362,-70.54719,5.1,354.9,511.0,PENROSE,,WDK5230,37,,16,5,,,B
368062920,2023-06-06T07:09:12,42.45565,-70.54748,5.0,357.6,511.0,PENROSE,,WDK5230,37,,16,5,,,B
235017956,2023-06-28T15:45:11,42.42236,-70.52147,6.0,357.8,511.0,SWARAJ,,MCCQ4,36,,13,4,,,B
235017956,2023-06-28T15:46:40,42.42510,-70.52179,6.7,0.4,511.0,SWARAJ,,MCCQ4,36,,13,4,,,B
235017956,2023-06-28T15:48:09,42.42779,-70.52201,6.7,4.1,511.0,SWARAJ,,MCCQ4,36,,13,4,,,B
235017956,2023-06-28T15:50:09,42.43149,-70.52246,6.3,358.0,511.0,SWARAJ,,MCCQ4,36,,13,4,,,B
235017956,2023-06-28T15:51:39,42.43428,-70.52276,6.5,352.7,511.0,SWARAJ,,MCCQ4,36,,13,4,,,B
235017956,2023-06-28T15:52:40,42.43613,-70.52294,6.9,353.0,511.0,SWARAJ,,MCCQ4,36,,13,4,,,B
235017956,2023-06-28T15:54:38,42.43969,-70.52335,7.1,350.3,511.0,SWARAJ,,MCCQ4,36,,13,4,,,B
235017956,2023-06-28T15:56:38,42.44341,-70.52363,6.7,350.2,511.0,SWARAJ,,MCCQ4,36,,13,4,,,B
235017956,2023-06-28T15:58:38,42.44705,-70.52392,6.9,345.5,511.0,SWARAJ,,MCCQ4,36,,13,4,,,B
235017956,2023-06-28T16:00:40,42.45080,-70.52425,7.0,347.6,511.0,SWARAJ,,MCCQ4,36,,13,4,,,B
338335981,2023-07-01T10:19:25,42.44257,-70.56100,28.0,111.3,511.0,ELIXIR,,ELIXIR,37,,9,4,,,B
338335981,2023-07-01T10:20:31,42.43948,-70.55059,28.0,113.4,511.0,ELIXIR,,ELIXIR,37,,9,4,,,B
338335981,2023-07-01T10:22:21,42.43436,-70.53306,28.3,112.3,511.0,ELIXIR,,ELIXIR,37,,9,4,,,B
338335981,2023-07-01T16:37:55,42.42955,-70.53066,26.5,294.2,511.0,ELIXIR,,ELIXIR,37,,9,4,,,B
338335981,2023-07-01T16:39:00,42.43275,-70.54088,27.9,295.0,511.0,ELIXIR,,ELIXIR,37,,9,4,,,B
338335981,2023-07-01T16:40:15,42.43647,-70.55264,27.4,292.1,511.0,ELIXIR,,ELIXIR,37,,9,4,,,B
338335981,2023-07-01T16:41:30,42.44017,-70.56433,26.9,293.9,511.0,ELIXIR,,ELIXIR,37,,9,4,,,B
338342846,2023-07-02T14:41:50,42.43710,-70.56272,34.2,191.6,511.0,YKNOT,,,37,,15,4,,,B
338342846,2023-07-02T14:42:54,42.42711,-70.56556,21.9,192.4,511.0,YKNOT,,,37,,15,4,,,B
338342846,2023-07-02T14:44:10,42.42333,-70.56684,10.4,193.1,511.0,YKNOT,,,37,,15,4,,,B
338342846,2023-07-02T14:40:45,42.44741,-70.55988,35.3,191.5,511.0,YKNOT,,,37,,15,4,,,B
368310490,2023-07-17T07:05:53,42.44900,-70.56290,7.7,252.1,511.0,SOUTHERN CROSS,,,36,,16,4,,,B
367657240,2023-07-28T19:49:09,42.44474,-70.54612,7.5,290.7,511.0,SOWWANIN II,,WDH8367,36,,14,4,,,B
367657240,2023-07-28T19:53:41,42.44852,-70.55794,8.1,292.1,511.0,SOWWANIN II,,WDH8367,36,,14,4,,,B
367657240,2023-07-28T19:55:37,42.45009,-70.56296,7.5,289.8,511.0,SOWWANIN II,,WDH8367,36,,14,4,,,B
367657240,2023-07-28T19:51:08,42.44639,-70.55126,7.7,294.1,511.0,SOWWANIN II,,WDH8367,36,,14,4,,,B
367657240,2023-07-28T19:41:08,42.43795,-70.52516,7.9,293.9,511.0,SOWWANIN II,,WDH8367,36,,14,4,,,B
367657240,2023-07-28T19:44:09,42.44049,-70.53299,7.5,291.3,511.0,SOWWANIN II,,WDH8367,36,,14,4,,,B
367657240,2023-07-28T19:46:08,42.44220,-70.53812,7.5,293.0,511.0,SOWWANIN II,,WDH8367,36,,14,4,,,B
367677670,2023-07-22T17:38:35,42.42768,-70.55287,28.5,275.8,277.0,SANCTUARY,IMO8994104,WDI2390,60,0,34,9,1.3,40,A
367677670,2023-07-22T17:39:37,42.42825,-70.56407,28.3,274.7,274.0,SANCTUARY,IMO8994104,WDI2390,60,0,34,9,1.3,40,A
338375213,2023-06-10T13:12:54,42.45308,-70.53457,11.0,176.3,181.0,R/V DOLPHIN,,,33,0,15,5,5.0,90,A
338375213,2023-06-10T13:14:14,42.44908,-70.53429,10.9,177.5,180.0,R/V DOLPHIN,,,33,0,15,5,5.0,90,A
338375213,2023-06-10T13:15:25,42.44554,-70.53404,11.0,176.7,180.0,R/V DOLPHIN,,,33,0,15,5,5.0,90,A
338375213,2023-06-10T13:16:26,42.44256,-70.53382,10.8,175.7,180.0,R/V DOLPHIN,,,33,0,15,5,5.0,90,A
338375213,2023-06-10T13:17:34,42.43913,-70.53357,11.0,175.7,180.0,R/V DOLPHIN,,,33,0,15,5,5.0,90,A
338375213,2023-06-10T13:18:54,42.43514,-70.53326,10.8,178.6,180.0,R/V DOLPHIN,,,33,0,15,5,5.0,90,A
338375213,2023-06-10T13:20:25,42.43061,-70.53297,10.8,179.7,179.0,R/V DOLPHIN,,,33,0,15,5,5.0,90,A
338375213,2023-06-10T13:21:34,42.42720,-70.53271,10.4,177.4,179.0,R/V DOLPHIN,,,33,0,15,5,5.0,90,A
338375213,2023-06-10T13:22:54,42.42322,-70.53242,10.6,177.5,178.0,R/V DOLPHIN,,,33,0,15,5,5.0,90,A
368119660,2023-07-29T06:43:14,42.42700,-70.53115,10.4,181.0,177.0,CHARLESTON,IMO1292926,WDL3238,57,12,30,10,4.6,57,A
368119660,2023-07-29T06:44:23,42.42363,-70.53139,10.5,184.0,177.0,CHARLESTON,IMO1292926,WDL3238,57,12,30,10,4.6,57,A
368119660,2023-07-29T06:45:34,42.42025,-70.53162,10.4,182.7,178.0,CHARLESTON,IMO1292926,WDL3238,57,12,30,10,4.6,57,A
368119660,2023-07-29T06:33:54,42.45411,-70.52900,10.7,182.3,177.0,CHARLESTON,IMO1292926,WDL3238,57,12,30,10,4.6,57,A
308976000,2023-07-25T13:36:51,42.44978,-70.52235,12.0,248.8,249.0,CSL METIS,IMO7926162,C6WK6,70,0,222,32,12.8,70,A
308976000,2023-07-25T13:38:01,42.44835,-70.52734,12.0,248.8,249.0,CSL METIS,IMO7926162,C6WK6,70,0,222,32,12.8,70,A
308976000,2023-07-25T13:39:02,42.44715,-70.53155,12.0,249.2,249.0,CSL METIS,IMO7926162,C6WK6,70,0,222,32,12.8,70,A
308976000,2023-07-25T13:40:10,42.44576,-70.53639,12.0,248.7,249.0,CSL METIS,IMO7926162,C6WK6,70,0,222,32,12.8,70,A
308976000,2023-07-25T13:41:21,42.44434,-70.54134,12.0,249.7,250.0,CSL METIS,IMO7926162,C6WK6,70,0,222,32,12.8,70,A
308976000,2023-07-25T13:42:31,42.44296,-70.54634,11.9,249.1,250.0,CSL METIS,IMO7926162,C6WK6,70,0,222,32,12.8,70,A
308976000,2023-07-25T13:43:40,42.44165,-70.55119,11.9,249.7,250.0,CSL METIS,IMO7926162,C6WK6,70,0,222,32,12.8,70,A
308976000,2023-07-25T13:44:51,42.44029,-70.55613,11.8,249.6,249.0,CSL METIS,IMO7926162,C6WK6,70,0,222,32,12.8,70,A
308976000,2023-07-25T13:46:02,42.43895,-70.56096,11.7,249.0,249.0,CSL METIS,IMO7926162,C6WK6,70,0,222,32,12.8,70,A
308976000,2023-07-25T13:47:12,42.43756,-70.56576,11.7,249.3,250.0,CSL METIS,IMO7926162,C6WK6,70,0,222,32,12.8,70,A
368119660,2023-07-29T06:35:04,42.45070,-70.52922,10.2,183.2,177.0,CHARLESTON,IMO1292926,WDL3238,57,12,30,10,4.6,57,A
368119660,2023-07-29T06:36:13,42.44735,-70.52953,10.3,182.9,177.0,CHARLESTON,IMO1292926,WDL3238,57,12,30,10,4.6,57,A
368119660,2023-07-29T06:37:23,42.44390,-70.52980,10.6,182.8,177.0,CHARLESTON,IMO1292926,WDL3238,57,12,30,10,4.6,57,A
368119660,2023-07-29T06:38:32,42.44057,-70.53007,10.3,183.4,177.0,CHARLESTON,IMO1292926,WDL3238,57,12,30,10,4.6,57,A
368119660,2023-07-29T06:39:44,42.43715,-70.53042,10.4,181.9,177.0,CHARLESTON,IMO1292926,WDL3238,57,12,30,10,4.6,57,A
368119660,2023-07-29T06:40:53,42.43377,-70.53069,10.5,182.6,177.0,CHARLESTON,IMO1292926,WDL3238,57,12,30,10,4.6,57,A
368119660,2023-07-29T06:42:04,42.43038,-70.53092,10.4,182.4,177.0,CHARLESTON,IMO1292926,WDL3238,57,12,30,10,4.6,57,A
367677670,2023-07-24T15:03:06,42.42672,-70.56195,27.5,102.1,102.0,SANCTUARY,IMO8994104,WDI2390,60,0,34,9,1.3,40,A
367677670,2023-07-24T15:04:08,42.42546,-70.55115,27.7,97.5,99.0,SANCTUARY,IMO8994104,WDI2390,60,0,34,9,1.3,40,A
367677670,2023-07-24T15:05:10,42.42439,-70.54030,28.1,93.8,94.0,SANCTUARY,IMO8994104,WDI2390,60,0,34,9,1.3,40,A
367677670,2023-07-24T15:06:12,42.42420,-70.52933,27.6,91.7,95.0,SANCTUARY,IMO8994104,WDI2390,60,0,34,9,1.3,40,A
367677670,2023-07-22T17:36:31,42.42382,-70.53171,28.2,285.1,285.0,SANCTUARY,IMO8994104,WDI2390,60,0,34,9,1.3,40,A
367677670,2023-07-22T17:37:33,42.42551,-70.54262,28.1,286.7,288.0,SANCTUARY,IMO8994104,WDI2390,60,0,34,9,1.3,40,A
368282150,2023-06-27T06:24:13,42.42257,-70.52793,10.1,6.3,511.0,JACKIE F MCALLISTER,IMO8980866,WDN4565,52,0,35,10,4.5,52,A
368282150,2023-06-27T06:25:23,42.42573,-70.52724,9.9,5.1,511.0,JACKIE F MCALLISTER,IMO8980866,WDN4565,52,0,35,10,4.5,52,A
368282150,2023-06-27T06:26:52,42.42977,-70.52769,10.0,359.1,511.0,JACKIE F MCALLISTER,IMO8980866,WDN4565,52,0,35,10,4.5,52,A
368282150,2023-06-27T06:28:52,42.43503,-70.52834,9.8,356.1,511.0,JACKIE F MCALLISTER,IMO8980866,WDN4565,52,0,35,10,4.5,52,A
368282150,2023-06-27T06:30:13,42.43860,-70.52932,9.6,358.0,511.0,JACKIE F MCALLISTER,IMO8980866,WDN4565,52,0,35,10,4.5,52,A
368282150,2023-06-27T06:31:33,42.44221,-70.52909,9.7,356.6,511.0,JACKIE F MCALLISTER,IMO8980866,WDN4565,52,0,35,10,4.5,52,A
368282150,2023-06-27T06:32:43,42.44528,-70.52945,9.9,8.6,511.0,JACKIE F MCALLISTER,IMO8980866,WDN4565,52,0,35,10,4.5,52,A
368282150,2023-06-27T06:35:02,42.45145,-70.53082,9.4,354.9,511.0,JACKIE F MCALLISTER,IMO8980866,WDN4565,52,0,35,10,4.5,52,A
338209892,2023-07-22T15:11:18,42.45146,-70.54391,24.8,299.2,511.0,CALLIOPE,,,37,,,,,,B
366950780,2023-06-20T17:29:39,42.42046,-70.54318,8.3,356.2,511.0,VISIONS OF JOHANNA,,WDB7973,37,,18,4,,,B
366950780,2023-06-20T17:31:10,42.42382,-70.54329,8.4,358.0,511.0,VISIONS OF JOHANNA,,WDB7973,37,,18,4,,,B
366950780,2023-06-20T17:32:39,42.42723,-70.54340,8.3,358.9,511.0,VISIONS OF JOHANNA,,WDB7973,37,,18,4,,,B
366950780,2023-06-20T17:34:10,42.43084,-70.54345,9.2,359.5,511.0,VISIONS OF JOHANNA,,WDB7973,37,,18,4,,,B
366950780,2023-06-20T17:35:39,42.43427,-70.54368,8.4,356.9,511.0,VISIONS OF JOHANNA,,WDB7973,37,,18,4,,,B
366950780,2023-06-20T17:37:09,42.43774,-70.54388,8.4,358.0,511.0,VISIONS OF JOHANNA,,WDB7973,37,,18,4,,,B
366950780,2023-06-20T17:38:39,42.44122,-70.54412,8.4,359.0,511.0,VISIONS OF JOHANNA,,WDB7973,37,,18,4,,,B
366950780,2023-06-20T17:40:09,42.44466,-70.54438,8.2,357.8,511.0,VISIONS OF JOHANNA,,WDB7973,37,,18,4,,,B
366950780,2023-06-20T17:43:39,42.45222,-70.54473,7.3,356.7,511.0,VISIONS OF JOHANNA,,WDB7973,37,,18,4,,,B
366950780,2023-06-20T17:45:07,42.45543,-70.54485,8.3,358.3,511.0,VISIONS OF JOHANNA,,WDB7973,37,,18,4,,,B
338481941,2023-07-13T15:20:48,42.44810,-70.56756,6.6,355.4,511.0,BELLA,,,36,,11,3,,,B
338481941,2023-07-13T15:22:19,42.45085,-70.56788,6.5,352.9,511.0,BELLA,,,36,,11,3,,,B
338481941,2023-07-13T15:23:48,42.45352,-70.56822,6.6,353.1,511.0,BELLA,,,36,,11,3,,,B
338481941,2023-07-13T15:06:18,42.42224,-70.56356,6.5,355.6,511.0,BELLA,,,36,,11,3,,,B
338481941,2023-07-13T15:07:47,42.42493,-70.56400,6.7,351.0,511.0,BELLA,,,36,,11,3,,,B
338481941,2023-07-13T15:08:48,42.42671,-70.56434,6.3,357.2,511.0,BELLA,,,36,,11,3,,,B
338481941,2023-07-13T15:10:18,42.42945,-70.56476,6.5,355.7,511.0,BELLA,,,36,,11,3,,,B
338481941,2023-07-13T15:11:49,42.43200,-70.56516,6.2,353.6,511.0,BELLA,,,36,,11,3,,,B
338481941,2023-07-13T15:13:18,42.43465,-70.56564,6.4,354.4,511.0,BELLA,,,36,,11,3,,,B
338481941,2023-07-13T15:14:49,42.43734,-70.56608,6.5,355.1,511.0,BELLA,,,36,,11,3,,,B
338481941,2023-07-13T15:16:48,42.44085,-70.56666,6.6,354.8,511.0,BELLA,,,36,,11,3,,,B
338481941,2023-07-13T15:18:48,42.44448,-70.56715,6.3,352.9,511.0,BELLA,,,36,,11,3,,,B
338239318,2023-07-26T06:25:44,42.44507,-70.52484,21.7,138.5,511.0,GYPSEA,,,37,,17,5,,,B
338239318,2023-07-23T19:34:42,42.43081,-70.55400,31.6,329.5,511.0,GYPSEA,,,37,,17,5,,,B
338239318,2023-07-23T19:36:40,42.44542,-70.56547,31.3,331.6,511.0,GYPSEA,,,37,,17,5,,,B
338239318,2023-07-27T16:59:23,42.44551,-70.52588,29.1,313.5,511.0,GYPSEA,,,37,,17,5,,,B
338239318,2023-07-27T17:00:24,42.45112,-70.53374,28.8,312.5,511.0,GYPSEA,,,37,,17,5,,,B
338239318,2023-07-26T06:24:15,42.45203,-70.53297,21.9,139.1,511.0,GYPSEA,,,37,,17,5,,,B
367641460,2023-07-26T14:48:06,42.45530,-70.53864,6.0,357.7,511.0,REALIST,IMO8841814,WDH6772,31,0,26,7,3.0,31,A
367641460,2023-07-26T14:27:27,42.42033,-70.53477,6.1,355.8,511.0,REALIST,IMO8841814,WDH6772,31,0,26,7,3.0,31,A
367641460,2023-07-26T14:28:36,42.42230,-70.53496,6.1,356.2,511.0,REALIST,IMO8841814,WDH6772,31,0,26,7,3.0,31,A
367641460,2023-07-26T14:29:45,42.42429,-70.53516,6.2,355.8,511.0,REALIST,IMO8841814,WDH6772,31,0,26,7,3.0,31,A
367641460,2023-07-26T14:30:57,42.42632,-70.53537,6.1,357.3,511.0,REALIST,IMO8841814,WDH6772,31,0,26,7,3.0,31,A
367641460,2023-07-26T14:46:56,42.45333,-70.53847,6.2,356.0,511.0,REALIST,IMO8841814,WDH6772,31,0,26,7,3.0,31,A
367641460,2023-07-26T14:32:06,42.42831,-70.53558,6.2,354.4,511.0,REALIST,IMO8841814,WDH6772,31,0,26,7,3.0,31,A
367641460,2023-07-26T14:33:26,42.43054,-70.53580,6.2,357.2,511.0,REALIST,IMO8841814,WDH6772,31,0,26,7,3.0,31,A
367641460,2023-07-26T14:34:36,42.43248,-70.53598,6.0,357.2,511.0,REALIST,IMO8841814,WDH6772,31,0,26,7,3.0,31,A
367641460,2023-07-26T14:35:56,42.43474,-70.53623,6.1,355.2,511.0,REALIST,IMO8841814,WDH6772,31,0,26,7,3.0,31,A
367641460,2023-07-26T14:37:06,42.43671,-70.53650,6.3,353.5,511.0,REALIST,IMO8841814,WDH6772,31,0,26,7,3.0,31,A
367641460,2023-07-26T14:38:16,42.43867,-70.53682,5.9,355.1,511.0,REALIST,IMO8841814,WDH6772,31,0,26,7,3.0,31,A
367641460,2023-07-26T14:39:26,42.44060,-70.53701,5.9,353.4,511.0,REALIST,IMO8841814,WDH6772,31,0,26,7,3.0,31,A
367641460,2023-07-26T14:40:47,42.44288,-70.53731,5.9,353.5,511.0,REALIST,IMO8841814,WDH6772,31,0,26,7,3.0,31,A
367641460,2023-07-26T14:41:56,42.44485,-70.53751,6.0,354.1,511.0,REALIST,IMO8841814,WDH6772,31,0,26,7,3.0,31,A
367641460,2023-07-26T14:43:06,42.44678,-70.53771,6.1,355.9,511.0,REALIST,IMO8841814,WDH6772,31,0,26,7,3.0,31,A
367641460,2023-07-26T14:44:16,42.44879,-70.53798,5.9,354.3,511.0,REALIST,IMO8841814,WDH6772,31,0,26,7,3.0,31,A
367641460,2023-07-26T14:45:27,42.45079,-70.53818,6.2,354.4,511.0,REALIST,IMO8841814,WDH6772,31,0,26,7,3.0,31,A
369991000,2023-06-22T20:14:58,42.45517,-70.54533,11.8,233.0,233.0,HENRY B BIGELOW,IMO9349057,WTDF,90,0,63,15,5.9,90,A
369991000,2023-06-22T20:16:01,42.45317,-70.54900,11.8,233.0,232.0,HENRY B BIGELOW,IMO9349057,WTDF,90,0,63,15,5.9,90,A
369991000,2023-06-22T20:17:02,42.45117,-70.55267,11.9,233.0,232.0,HENRY B BIGELOW,IMO9349057,WTDF,90,0,63,15,5.9,90,A
369991000,2023-06-22T20:18:06,42.44900,-70.55650,12.0,233.0,233.0,HENRY B BIGELOW,IMO9349057,WTDF,90,0,63,15,5.9,90,A
369991000,2023-06-22T20:19:07,42.44700,-70.56000,11.9,233.0,232.0,HENRY B BIGELOW,IMO9349057,WTDF,90,0,63,15,5.9,90,A
369991000,2023-06-22T20:20:10,42.44483,-70.56383,11.8,233.0,232.0,HENRY B BIGELOW,IMO9349057,WTDF,90,0,63,15,5.9,90,A
369991000,2023-06-22T20:21:11,42.44267,-70.56750,11.9,233.0,231.0,HENRY B BIGELOW,IMO9349057,WTDF,90,0,63,15,5.9,90,A
367261000,2023-07-14T17:49:38,42.45035,-70.56998,9.5,19.4,511.0,CG FORWARD,,NICB,90,0,82,11,,55,A
367261000,2023-07-14T17:50:48,42.45320,-70.56882,8.5,13.9,511.0,CG FORWARD,,NICB,90,0,82,11,,55,A
367261000,2023-07-14T17:51:57,42.45571,-70.56796,7.8,14.6,511.0,CG FORWARD,,NICB,90,0,82,11,,55,A
367641460,2023-06-22T20:15:22,42.42090,-70.52322,7.2,357.7,511.0,REALIST,IMO8841814,WDH6772,31,0,26,7,3.0,31,A
367641460,2023-06-22T20:16:30,42.42313,-70.52336,7.2,357.4,511.0,REALIST,IMO8841814,WDH6772,31,0,26,7,3.0,31,A
367641460,2023-06-22T20:17:51,42.42579,-70.52357,7.0,357.5,511.0,REALIST,IMO8841814,WDH6772,31,0,26,7,3.0,31,A
367641460,2023-06-22T20:18:52,42.42779,-70.52377,7.1,354.9,511.0,REALIST,IMO8841814,WDH6772,31,0,26,7,3.0,31,A
367641460,2023-06-22T20:20:00,42.43002,-70.52394,7.1,0.0,511.0,REALIST,IMO8841814,WDH6772,31,0,26,7,3.0,31,A
367641460,2023-06-22T20:21:11,42.43236,-70.52410,7.1,356.6,511.0,REALIST,IMO8841814,WDH6772,31,0,26,7,3.0,31,A
367641460,2023-06-22T20:22:12,42.43434,-70.52423,7.0,359.1,511.0,REALIST,IMO8841814,WDH6772,31,0,26,7,3.0,31,A
367641460,2023-06-22T20:23:40,42.43724,-70.52447,6.8,357.0,511.0,REALIST,IMO8841814,WDH6772,31,0,26,7,3.0,31,A
367641460,2023-06-22T20:24:52,42.43958,-70.52473,7.4,0.0,511.0,REALIST,IMO8841814,WDH6772,31,0,26,7,3.0,31,A
367641460,2023-06-22T20:26:12,42.44215,-70.52500,6.8,358.5,511.0,REALIST,IMO8841814,WDH6772,31,0,26,7,3.0,31,A
367641460,2023-06-22T20:27:30,42.44467,-70.52520,6.8,356.8,511.0,REALIST,IMO8841814,WDH6772,31,0,26,7,3.0,31,A
367641460,2023-06-22T20:28:41,42.44699,-70.52540,7.2,358.2,511.0,REALIST,IMO8841814,WDH6772,31,0,26,7,3.0,31,A
367641460,2023-06-22T20:29:50,42.44928,-70.52558,7.2,358.1,511.0,REALIST,IMO8841814,WDH6772,31,0,26,7,3.0,31,A
367641460,2023-06-22T20:31:01,42.45162,-70.52580,7.2,354.3,511.0,REALIST,IMO8841814,WDH6772,31,0,26,7,3.0,31,A
367641460,2023-06-22T20:32:12,42.45399,-70.52602,6.9,358.9,511.0,REALIST,IMO8841814,WDH6772,31,0,26,7,3.0,31,A
367641460,2023-06-23T12:36:52,42.45420,-70.52474,8.5,177.3,511.0,REALIST,IMO8841814,WDH6772,31,0,26,7,3.0,31,A
367641460,2023-06-23T12:38:12,42.45094,-70.52459,8.5,177.4,511.0,REALIST,IMO8841814,WDH6772,31,0,26,7,3.0,31,A
367641460,2023-06-23T12:39:22,42.44816,-70.52448,9.2,180.5,511.0,REALIST,IMO8841814,WDH6772,31,0,26,7,3.0,31,A
367641460,2023-06-23T12:40:42,42.44493,-70.52427,8.6,175.0,511.0,REALIST,IMO8841814,WDH6772,31,0,26,7,3.0,31,A
367641460,2023-06-23T12:41:51,42.44214,-70.52407,8.8,181.4,511.0,REALIST,IMO8841814,WDH6772,31,0,26,7,3.0,31,A
367641460,2023-06-23T12:43:02,42.43929,-70.52385,8.4,174.2,511.0,REALIST,IMO8841814,WDH6772,31,0,26,7,3.0,31,A
367641460,2023-06-23T12:44:11,42.43649,-70.52374,9.4,177.4,511.0,REALIST,IMO8841814,WDH6772,31,0,26,7,3.0,31,A
367641460,2023-06-23T12:45:21,42.43369,-70.52354,8.3,172.8,511.0,REALIST,IMO8841814,WDH6772,31,0,26,7,3.0,31,A
367641460,2023-06-23T12:46:32,42.43085,-70.52335,9.0,171.5,511.0,REALIST,IMO8841814,WDH6772,31,0,26,7,3.0,31,A
367641460,2023-06-23T12:47:40,42.42809,-70.52316,9.1,178.6,511.0,REALIST,IMO8841814,WDH6772,31,0,26,7,3.0,31,A
367641460,2023-06-23T12:49:21,42.42408,-70.52290,8.6,180.0,511.0,REALIST,IMO8841814,WDH6772,31,0,26,7,3.0,31,A
367641460,2023-06-23T12:50:22,42.42164,-70.52272,8.0,176.3,511.0,REALIST,IMO8841814,WDH6772,31,0,26,7,3.0,31,A
303615000,2023-07-05T17:09:50,42.42582,-70.53409,7.5,330.9,330.0,PRIDE OF BALTIMORE 2,,WUW2120,60,0,29,7,,36,A
303615000,2023-07-05T17:10:53,42.42780,-70.53533,7.5,336.2,337.0,PRIDE OF BALTIMORE 2,,WUW2120,60,0,29,7,,36,A
303615000,2023-07-05T17:11:56,42.42976,-70.53681,7.5,330.0,328.0,PRIDE OF BALTIMORE 2,,WUW2120,60,0,29,7,,36,A
303615000,2023-07-05T17:12:59,42.43165,-70.53827,7.5,330.5,334.0,PRIDE OF BALTIMORE 2,,WUW2120,60,0,29,7,,36,A
303615000,2023-07-05T17:14:00,42.43355,-70.53972,7.7,330.1,333.0,PRIDE OF BALTIMORE 2,,WUW2120,60,0,29,7,,36,A
303615000,2023-07-05T17:15:03,42.43555,-70.54113,7.7,332.3,336.0,PRIDE OF BALTIMORE 2,,WUW2120,60,0,29,7,,36,A
303615000,2023-07-05T17:16:06,42.43758,-70.54254,7.8,332.9,330.0,PRIDE OF BALTIMORE 2,,WUW2120,60,0,29,7,,36,A
303615000,2023-07-05T17:17:10,42.43953,-70.54429,7.8,326.1,326.0,PRIDE OF BALTIMORE 2,,WUW2120,60,0,29,7,,36,A
303615000,2023-07-05T17:18:15,42.44155,-70.54595,7.7,329.4,335.0,PRIDE OF BALTIMORE 2,,WUW2120,60,0,29,7,,36,A
303615000,2023-07-05T17:19:16,42.44346,-70.54720,7.6,334.1,333.0,PRIDE OF BALTIMORE 2,,WUW2120,60,0,29,7,,36,A
303615000,2023-07-05T17:20:20,42.44541,-70.54883,7.7,327.7,332.0,PRIDE OF BALTIMORE 2,,WUW2120,60,0,29,7,,36,A
303615000,2023-07-05T17:21:22,42.44731,-70.55032,7.6,330.0,329.0,PRIDE OF BALTIMORE 2,,WUW2120,60,0,29,7,,36,A
303615000,2023-07-05T17:22:24,42.44919,-70.55188,7.6,328.7,339.0,PRIDE OF BALTIMORE 2,,WUW2120,60,0,29,7,,36,A
303615000,2023-07-05T17:23:26,42.45107,-70.55338,7.5,327.5,323.0,PRIDE OF BALTIMORE 2,,WUW2120,60,0,29,7,,36,A
303615000,2023-07-05T17:24:34,42.45311,-70.55513,7.6,329.1,330.0,PRIDE OF BALTIMORE 2,,WUW2120,60,0,29,7,,36,A
303615000,2023-07-05T17:25:41,42.45518,-70.55682,7.6,328.9,326.0,PRIDE OF BALTIMORE 2,,WUW2120,60,0,29,7,,36,A
303615000,2023-07-05T17:07:36,42.42161,-70.53131,7.5,337.9,339.0,PRIDE OF BALTIMORE 2,,WUW2120,60,0,29,7,,36,A
303615000,2023-07-05T17:08:47,42.42388,-70.53264,7.5,335.9,332.0,PRIDE OF BALTIMORE 2,,WUW2120,60,0,29,7,,36,A
339644000,2023-07-29T16:00:04,42.42011,-70.54377,8.1,4.6,2.0,EDISON,,6YTI2,37,0,28,7,2.0,37,A
339644000,2023-07-29T16:01:15,42.42282,-70.54343,8.1,5.6,2.0,EDISON,,6YTI2,37,0,28,7,2.0,37,A
339644000,2023-07-29T16:02:25,42.42542,-70.54309,8.1,7.4,3.0,EDISON,,6YTI2,37,0,28,7,2.0,37,A
339644000,2023-07-29T16:15:05,42.45420,-70.53983,8.4,1.2,359.0,EDISON,,6YTI2,37,0,28,7,2.0,37,A
339644000,2023-07-29T16:03:33,42.42800,-70.54280,8.4,3.7,1.0,EDISON,,6YTI2,37,0,28,7,2.0,37,A
339644000,2023-07-29T16:04:44,42.43068,-70.54248,8.2,3.2,1.0,EDISON,,6YTI2,37,0,28,7,2.0,37,A
339644000,2023-07-29T16:05:53,42.43331,-70.54217,8.2,4.4,2.0,EDISON,,6YTI2,37,0,28,7,2.0,37,A
339644000,2023-07-29T16:07:04,42.43602,-70.54190,8.2,5.6,3.0,EDISON,,6YTI2,37,0,28,7,2.0,37,A
339644000,2023-07-29T16:08:14,42.43868,-70.54153,8.2,5.5,1.0,EDISON,,6YTI2,37,0,28,7,2.0,37,A
339644000,2023-07-29T16:09:24,42.44133,-70.54121,8.2,6.6,2.0,EDISON,,6YTI2,37,0,28,7,2.0,37,A
339644000,2023-07-29T16:10:35,42.44398,-70.54088,8.2,6.4,1.0,EDISON,,6YTI2,37,0,28,7,2.0,37,A
339644000,2023-07-29T16:11:43,42.44655,-70.54060,8.0,4.3,2.0,EDISON,,6YTI2,37,0,28,7,2.0,37,A
339644000,2023-07-29T16:12:44,42.44878,-70.54035,8.2,6.1,4.0,EDISON,,6YTI2,37,0,28,7,2.0,37,A
339644000,2023-07-29T16:13:54,42.45150,-70.54000,8.2,3.6,1.0,EDISON,,6YTI2,37,0,28,7,2.0,37,A
367641460,2023-07-27T03:47:06,42.45560,-70.53236,6.5,175.9,511.0,REALIST,IMO8841814,WDH6772,31,0,26,7,3.0,31,A
367641460,2023-07-27T04:03:36,42.42691,-70.53129,6.2,177.7,511.0,REALIST,IMO8841814,WDH6772,31,0,26,7,3.0,31,A
367641460,2023-07-27T04:04:46,42.42492,-70.53125,6.3,179.9,511.0,REALIST,IMO8841814,WDH6772,31,0,26,7,3.0,31,A
367641460,2023-07-27T04:05:56,42.42292,-70.53124,6.3,178.8,511.0,REALIST,IMO8841814,WDH6772,31,0,26,7,3.0,31,A
367641460,2023-07-27T04:07:06,42.42092,-70.53121,6.1,178.3,511.0,REALIST,IMO8841814,WDH6772,31,0,26,7,3.0,31,A
367641460,2023-07-27T03:48:15,42.45357,-70.53219,6.5,172.8,511.0,REALIST,IMO8841814,WDH6772,31,0,26,7,3.0,31,A
367641460,2023-07-27T03:49:25,42.45147,-70.53208,6.3,177.6,511.0,REALIST,IMO8841814,WDH6772,31,0,26,7,3.0,31,A
367641460,2023-07-27T03:50:36,42.44942,-70.53196,6.4,174.0,511.0,REALIST,IMO8841814,WDH6772,31,0,26,7,3.0,31,A
367641460,2023-07-27T03:51:47,42.44735,-70.53189,6.2,180.3,511.0,REALIST,IMO8841814,WDH6772,31,0,26,7,3.0,31,A
367641460,2023-07-27T03:52:55,42.44535,-70.53181,6.2,178.8,511.0,REALIST,IMO8841814,WDH6772,31,0,26,7,3.0,31,A
367641460,2023-07-27T03:54:06,42.44334,-70.53178,6.3,178.8,511.0,REALIST,IMO8841814,WDH6772,31,0,26,7,3.0,31,A
367641460,2023-07-27T03:55:26,42.44101,-70.53171,6.4,178.4,511.0,REALIST,IMO8841814,WDH6772,31,0,26,7,3.0,31,A
367641460,2023-07-27T03:56:35,42.43905,-70.53169,6.2,180.0,511.0,REALIST,IMO8841814,WDH6772,31,0,26,7,3.0,31,A
367641460,2023-07-27T03:57:47,42.43699,-70.53168,6.2,178.0,511.0,REALIST,IMO8841814,WDH6772,31,0,26,7,3.0,31,A
367641460,2023-07-27T03:58:56,42.43501,-70.53163,6.2,178.1,511.0,REALIST,IMO8841814,WDH6772,31,0,26,7,3.0,31,A
367641460,2023-07-27T04:00:06,42.43296,-70.53157,6.2,178.4,511.0,REALIST,IMO8841814,WDH6772,31,0,26,7,3.0,31,A
367641460,2023-07-27T04:01:16,42.43092,-70.53146,6.2,176.4,511.0,REALIST,IMO8841814,WDH6772,31,0,26,7,3.0,31,A
367641460,2023-07-27T04:02:26,42.42894,-70.53133,6.2,176.3,511.0,REALIST,IMO8841814,WDH6772,31,0,26,7,3.0,31,A
367641460,2023-07-13T20:24:33,42.43573,-70.52610,5.6,176.3,511.0,REALIST,IMO8841814,WDH6772,31,0,26,7,3.0,31,A
367641460,2023-07-13T20:25:44,42.43387,-70.52600,5.8,175.5,511.0,REALIST,IMO8841814,WDH6772,31,0,26,7,3.0,31,A
367641460,2023-07-13T20:26:54,42.43198,-70.52592,5.8,174.0,511.0,REALIST,IMO8841814,WDH6772,31,0,26,7,3.0,31,A
367641460,2023-07-13T20:28:03,42.43015,-70.52570,5.5,177.7,511.0,REALIST,IMO8841814,WDH6772,31,0,26,7,3.0,31,A
367641460,2023-07-13T20:29:14,42.42831,-70.52549,5.7,177.9,511.0,REALIST,IMO8841814,WDH6772,31,0,26,7,3.0,31,A
367641460,2023-07-13T04:56:13,42.44626,-70.54191,5.8,353.1,511.0,REALIST,IMO8841814,WDH6772,31,0,26,7,3.0,31,A
367641460,2023-07-13T04:57:23,42.44811,-70.54211,5.8,352.2,511.0,REALIST,IMO8841814,WDH6772,31,0,26,7,3.0,31,A
367641460,2023-07-13T04:58:33,42.44986,-70.54246,5.7,356.8,511.0,REALIST,IMO8841814,WDH6772,31,0,26,7,3.0,31,A
367641460,2023-07-13T04:59:43,42.45165,-70.54255,5.4,352.0,511.0,REALIST,IMO8841814,WDH6772,31,0,26,7,3.0,31,A
367641460,2023-07-13T05:00:04,42.45222,-70.54260,5.7,3.6,511.0,REALIST,IMO8841814,WDH6772,31,0,26,7,3.0,31,A
367641460,2023-07-13T05:01:23,42.45425,-70.54263,5.6,357.5,511.0,REALIST,IMO8841814,WDH6772,31,0,26,7,3.0,31,A
367641460,2023-07-13T20:11:54,42.45593,-70.52840,5.8,175.7,511.0,REALIST,IMO8841814,WDH6772,31,0,26,7,3.0,31,A
367641460,2023-07-13T20:13:04,42.45409,-70.52814,5.8,172.9,511.0,REALIST,IMO8841814,WDH6772,31,0,26,7,3.0,31,A
367641460,2023-07-13T20:14:14,42.45222,-70.52786,5.6,172.6,511.0,REALIST,IMO8841814,WDH6772,31,0,26,7,3.0,31,A
367641460,2023-07-13T20:15:23,42.45036,-70.52758,5.8,172.8,511.0,REALIST,IMO8841814,WDH6772,31,0,26,7,3.0,31,A
367641460,2023-07-13T20:16:34,42.44846,-70.52730,5.7,176.6,511.0,REALIST,IMO8841814,WDH6772,31,0,26,7,3.0,31,A
367641460,2023-07-13T20:17:43,42.44666,-70.52711,5.8,173.7,511.0,REALIST,IMO8841814,WDH6772,31,0,26,7,3.0,31,A
367641460,2023-07-13T04:39:44,42.42076,-70.53966,5.7,354.9,511.0,REALIST,IMO8841814,WDH6772,31,0,26,7,3.0,31,A
367641460,2023-07-13T04:40:53,42.42253,-70.53986,5.6,357.1,511.0,REALIST,IMO8841814,WDH6772,31,0,26,7,3.0,31,A
367641460,2023-07-13T04:42:04,42.42437,-70.54012,5.6,356.7,511.0,REALIST,IMO8841814,WDH6772,31,0,26,7,3.0,31,A
367641460,2023-07-13T04:43:23,42.42643,-70.54034,5.6,358.5,511.0,REALIST,IMO8841814,WDH6772,31,0,26,7,3.0,31,A
367641460,2023-07-13T04:44:34,42.42824,-70.54048,5.7,357.9,511.0,REALIST,IMO8841814,WDH6772,31,0,26,7,3.0,31,A
367641460,2023-07-13T04:45:43,42.43006,-70.54062,5.5,358.5,511.0,REALIST,IMO8841814,WDH6772,31,0,26,7,3.0,31,A
367641460,2023-07-13T20:32:53,42.42245,-70.52462,5.4,179.9,511.0,REALIST,IMO8841814,WDH6772,31,0,26,7,3.0,31,A
367641460,2023-07-13T20:34:03,42.42064,-70.52437,5.6,168.1,511.0,REALIST,IMO8841814,WDH6772,31,0,26,7,3.0,31,A
367641460,2023-07-13T04:46:55,42.43190,-70.54076,5.4,356.7,511.0,REALIST,IMO8841814,WDH6772,31,0,26,7,3.0,31,A
367641460,2023-07-13T04:48:04,42.43370,-70.54089,5.6,355.3,511.0,REALIST,IMO8841814,WDH6772,31,0,26,7,3.0,31,A
367641460,2023-07-13T04:49:14,42.43548,-70.54107,5.3,354.2,511.0,REALIST,IMO8841814,WDH6772,31,0,26,7,3.0,31,A
367641460,2023-07-13T04:50:23,42.43723,-70.54124,5.4,355.5,511.0,REALIST,IMO8841814,WDH6772,31,0,26,7,3.0,31,A
367641460,2023-07-13T04:51:34,42.43904,-70.54138,5.3,0.0,511.0,REALIST,IMO8841814,WDH6772,31,0,26,7,3.0,31,A
367641460,2023-07-13T04:52:43,42.44080,-70.54150,5.7,358.3,511.0,REALIST,IMO8841814,WDH6772,31,0,26,7,3.0,31,A
367641460,2023-07-13T04:53:54,42.44266,-70.54169,5.7,355.8,511.0,REALIST,IMO8841814,WDH6772,31,0,26,7,3.0,31,A
367641460,2023-07-13T04:55:04,42.44445,-70.54177,5.5,356.9,511.0,REALIST,IMO8841814,WDH6772,31,0,26,7,3.0,31,A
367641460,2023-07-13T20:18:54,42.44476,-70.52689,6.0,174.2,511.0,REALIST,IMO8841814,WDH6772,31,0,26,7,3.0,31,A
367641460,2023-07-13T20:20:04,42.44285,-70.52668,5.9,172.8,511.0,REALIST,IMO8841814,WDH6772,31,0,26,7,3.0,31,A
367641460,2023-07-13T20:21:14,42.44099,-70.52650,5.7,176.9,511.0,REALIST,IMO8841814,WDH6772,31,0,26,7,3.0,31,A
367641460,2023-07-13T20:22:23,42.43916,-70.52639,5.6,180.5,511.0,REALIST,IMO8841814,WDH6772,31,0,26,7,3.0,31,A
367641460,2023-07-13T20:23:24,42.43757,-70.52626,5.8,175.4,511.0,REALIST,IMO8841814,WDH6772,31,0,26,7,3.0,31,A
367641460,2023-07-13T20:30:33,42.42619,-70.52516,5.7,174.8,511.0,REALIST,IMO8841814,WDH6772,31,0,26,7,3.0,31,A
367641460,2023-07-13T20:31:44,42.42430,-70.52487,5.7,171.0,511.0,REALIST,IMO8841814,WDH6772,31,0,26,7,3.0,31,A
367360880,2023-06-10T23:22:31,42.45423,-70.53407,6.0,175.9,511.0,WIND CHIME,,WDE5015,37,,10,3,,,B
367360880,2023-06-10T23:23:59,42.45184,-70.53390,5.8,177.8,511.0,WIND CHIME,,WDE5015,37,,10,3,,,B
367360880,2023-06-10T23:25:00,42.45019,-70.53380,5.9,177.0,511.0,WIND CHIME,,WDE5015,37,,10,3,,,B
367360880,2023-06-10T23:26:30,42.44775,-70.53365,6.1,176.7,511.0,WIND CHIME,,WDE5015,37,,10,3,,,B
367360880,2023-06-10T23:27:59,42.44535,-70.53348,5.5,174.9,511.0,WIND CHIME,,WDE5015,37,,10,3,,,B
367360880,2023-06-10T23:29:01,42.44366,-70.53336,5.7,176.9,511.0,WIND CHIME,,WDE5015,37,,10,3,,,B
367360880,2023-06-10T23:30:30,42.44122,-70.53321,5.7,176.4,511.0,WIND CHIME,,WDE5015,37,,10,3,,,B
367360880,2023-06-10T23:31:59,42.43875,-70.53305,5.6,177.5,511.0,WIND CHIME,,WDE5015,37,,10,3,,,B
367360880,2023-06-10T23:33:30,42.43627,-70.53290,5.7,175.4,511.0,WIND CHIME,,WDE5015,37,,10,3,,,B
367360880,2023-06-10T23:35:32,42.43291,-70.53268,5.8,177.7,511.0,WIND CHIME,,WDE5015,37,,10,3,,,B
367360880,2023-06-10T23:37:29,42.42969,-70.53247,5.7,175.6,511.0,WIND CHIME,,WDE5015,37,,10,3,,,B
367360880,2023-06-10T23:38:59,42.42722,-70.53231,5.6,175.7,511.0,WIND CHIME,,WDE5015,37,,10,3,,,B
367360880,2023-06-10T23:40:00,42.42553,-70.53223,6.1,178.4,511.0,WIND CHIME,,WDE5015,37,,10,3,,,B
367360880,2023-06-10T23:41:01,42.42381,-70.53214,5.8,176.7,511.0,WIND CHIME,,WDE5015,37,,10,3,,,B
367360880,2023-06-10T23:43:00,42.42059,-70.53190,5.6,176.0,511.0,WIND CHIME,,WDE5015,37,,10,3,,,B
367641460,2023-07-20T23:18:31,42.45560,-70.53278,5.9,176.5,511.0,REALIST,IMO8841814,WDH6772,31,0,26,7,3.0,31,A
367641460,2023-07-20T23:19:41,42.45372,-70.53269,6.0,180.8,511.0,REALIST,IMO8841814,WDH6772,31,0,26,7,3.0,31,A
367641460,2023-07-20T23:20:51,42.45178,-70.53263,6.0,176.6,511.0,REALIST,IMO8841814,WDH6772,31,0,26,7,3.0,31,A
367641460,2023-07-20T23:24:22,42.44599,-70.53235,6.2,173.6,511.0,REALIST,IMO8841814,WDH6772,31,0,26,7,3.0,31,A
367641460,2023-07-20T23:25:31,42.44407,-70.53231,6.0,174.3,511.0,REALIST,IMO8841814,WDH6772,31,0,26,7,3.0,31,A
367641460,2023-07-20T23:26:32,42.44237,-70.53228,5.9,180.6,511.0,REALIST,IMO8841814,WDH6772,31,0,26,7,3.0,31,A
367641460,2023-07-20T23:27:41,42.44045,-70.53221,5.9,178.8,511.0,REALIST,IMO8841814,WDH6772,31,0,26,7,3.0,31,A
367641460,2023-07-20T23:28:53,42.43847,-70.53213,6.0,176.0,511.0,REALIST,IMO8841814,WDH6772,31,0,26,7,3.0,31,A
367641460,2023-07-20T23:30:02,42.43654,-70.53205,6.2,175.4,511.0,REALIST,IMO8841814,WDH6772,31,0,26,7,3.0,31,A
367641460,2023-07-20T23:31:12,42.43457,-70.53198,6.0,182.0,511.0,REALIST,IMO8841814,WDH6772,31,0,26,7,3.0,31,A
367641460,2023-07-20T23:32:22,42.43262,-70.53187,6.1,178.6,511.0,REALIST,IMO8841814,WDH6772,31,0,26,7,3.0,31,A
367641460,2023-07-20T23:33:31,42.43067,-70.53177,6.1,177.2,511.0,REALIST,IMO8841814,WDH6772,31,0,26,7,3.0,31,A
367641460,2023-07-20T23:34:42,42.42864,-70.53166,6.2,176.3,511.0,REALIST,IMO8841814,WDH6772,31,0,26,7,3.0,31,A
367641460,2023-07-20T23:35:43,42.42695,-70.53160,6.1,176.5,511.0,REALIST,IMO8841814,WDH6772,31,0,26,7,3.0,31,A
367641460,2023-07-20T23:36:51,42.42501,-70.53151,6.2,178.4,511.0,REALIST,IMO8841814,WDH6772,31,0,26,7,3.0,31,A
367641460,2023-07-20T23:38:02,42.42298,-70.53140,6.2,176.1,511.0,REALIST,IMO8841814,WDH6772,31,0,26,7,3.0,31,A
367641460,2023-07-20T23:39:12,42.42098,-70.53129,6.3,182.0,511.0,REALIST,IMO8841814,WDH6772,31,0,26,7,3.0,31,A
367641460,2023-07-20T23:22:02,42.44986,-70.53251,5.8,184.1,511.0,REALIST,IMO8841814,WDH6772,31,0,26,7,3.0,31,A
367641460,2023-07-20T23:23:12,42.44792,-70.53244,6.0,175.8,511.0,REALIST,IMO8841814,WDH6772,31,0,26,7,3.0,31,A
319856000,2023-06-22T16:04:58,42.42032,-70.54062,11.8,355.8,511.0,BLACK KNIGHT,IMO7737286,ZGCV7,37,,23,6,,,B
319856000,2023-06-22T16:06:26,42.42514,-70.54085,11.7,357.6,511.0,BLACK KNIGHT,IMO7737286,ZGCV7,37,,23,6,,,B
319856000,2023-06-22T16:07:58,42.43012,-70.54103,11.8,358.4,511.0,BLACK KNIGHT,IMO7737286,ZGCV7,37,,23,6,,,B
319856000,2023-06-22T16:08:59,42.43343,-70.54142,11.6,356.0,511.0,BLACK KNIGHT,IMO7737286,ZGCV7,37,,23,6,,,B
319856000,2023-06-22T16:12:26,42.44460,-70.54181,11.6,357.6,511.0,BLACK KNIGHT,IMO7737286,ZGCV7,37,,23,6,,,B
319856000,2023-06-22T16:13:56,42.44945,-70.54230,11.0,1.5,511.0,BLACK KNIGHT,IMO7737286,ZGCV7,37,,23,6,,,B
319856000,2023-06-22T16:15:27,42.45425,-70.54277,11.3,3.7,511.0,BLACK KNIGHT,IMO7737286,ZGCV7,37,,23,6,,,B
367464090,2023-07-28T14:36:20,42.45474,-70.52179,8.4,139.7,511.0,TOWLINE,,WDF5513,31,0,19,5,,31,A
367464090,2023-07-30T15:18:55,42.44651,-70.52384,7.5,274.1,511.0,TOWLINE,,WDF5513,31,0,19,5,,31,A
367464090,2023-07-30T15:20:04,42.44679,-70.52701,7.3,273.0,511.0,TOWLINE,,WDF5513,31,0,19,5,,31,A
367464090,2023-07-30T15:21:15,42.44714,-70.53026,7.6,276.8,511.0,TOWLINE,,WDF5513,31,0,19,5,,31,A
367464090,2023-07-30T15:22:24,42.44746,-70.53353,8.0,280.4,511.0,TOWLINE,,WDF5513,31,0,19,5,,31,A
367464090,2023-07-30T15:23:25,42.44786,-70.53644,7.7,278.9,511.0,TOWLINE,,WDF5513,31,0,19,5,,31,A
367464090,2023-07-30T15:24:33,42.44864,-70.53940,7.5,329.2,511.0,TOWLINE,,WDF5513,31,0,19,5,,31,A
367464090,2023-07-30T15:25:44,42.45090,-70.54053,7.4,352.3,511.0,TOWLINE,,WDF5513,31,0,19,5,,31,A
367464090,2023-07-30T15:27:04,42.45370,-70.54132,7.7,343.2,511.0,TOWLINE,,WDF5513,31,0,19,5,,31,A
367687720,2023-07-11T15:59:12,42.44636,-70.56275,22.7,182.0,511.0,FREESTYLE,,WDI3379,37,,,,,,B
367687720,2023-07-11T16:00:41,42.43691,-70.56307,22.5,182.7,511.0,FREESTYLE,,WDI3379,37,,,,,,B
367687720,2023-07-11T16:02:42,42.42437,-70.56360,22.5,181.9,511.0,FREESTYLE,,WDI3379,37,,,,,,B
367687720,2023-07-11T15:58:11,42.45265,-70.56243,22.6,182.3,511.0,FREESTYLE,,WDI3379,37,,,,,,B
367641460,2023-07-20T07:08:12,42.45095,-70.52910,5.5,356.3,511.0,REALIST,IMO8841814,WDH6772,31,0,26,7,3.0,31,A
367641460,2023-07-20T07:09:21,42.45270,-70.52917,5.3,356.0,511.0,REALIST,IMO8841814,WDH6772,31,0,26,7,3.0,31,A
367641460,2023-07-20T07:10:31,42.45449,-70.52923,5.8,359.3,511.0,REALIST,IMO8841814,WDH6772,31,0,26,7,3.0,31,A
367641460,2023-07-20T07:02:32,42.44217,-70.52855,5.4,351.9,511.0,REALIST,IMO8841814,WDH6772,31,0,26,7,3.0,31,A
367641460,2023-07-20T07:03:41,42.44394,-70.52869,5.4,357.9,511.0,REALIST,IMO8841814,WDH6772,31,0,26,7,3.0,31,A
367641460,2023-07-20T07:04:42,42.44554,-70.52876,5.4,359.3,511.0,REALIST,IMO8841814,WDH6772,31,0,26,7,3.0,31,A
367641460,2023-07-20T07:05:52,42.44732,-70.52886,5.7,356.6,511.0,REALIST,IMO8841814,WDH6772,31,0,26,7,3.0,31,A
367641460,2023-07-20T07:07:01,42.44908,-70.52901,5.6,359.1,511.0,REALIST,IMO8841814,WDH6772,31,0,26,7,3.0,31,A
367641460,2023-07-20T06:49:12,42.42167,-70.52657,5.5,355.4,511.0,REALIST,IMO8841814,WDH6772,31,0,26,7,3.0,31,A
367641460,2023-07-20T06:50:22,42.42348,-70.52683,5.8,355.3,511.0,REALIST,IMO8841814,WDH6772,31,0,26,7,3.0,31,A
367641460,2023-07-20T06:51:23,42.42503,-70.52700,5.6,355.9,511.0,REALIST,IMO8841814,WDH6772,31,0,26,7,3.0,31,A
367641460,2023-07-20T06:52:31,42.42678,-70.52722,5.5,355.9,511.0,REALIST,IMO8841814,WDH6772,31,0,26,7,3.0,31,A
367641460,2023-07-20T06:53:42,42.42856,-70.52742,5.8,355.0,511.0,REALIST,IMO8841814,WDH6772,31,0,26,7,3.0,31,A
367641460,2023-07-20T06:54:53,42.43041,-70.52760,5.7,355.7,511.0,REALIST,IMO8841814,WDH6772,31,0,26,7,3.0,31,A
367641460,2023-07-20T06:56:01,42.43218,-70.52776,5.7,355.4,511.0,REALIST,IMO8841814,WDH6772,31,0,26,7,3.0,31,A
367641460,2023-07-20T06:57:12,42.43396,-70.52788,5.7,355.6,511.0,REALIST,IMO8841814,WDH6772,31,0,26,7,3.0,31,A
367641460,2023-07-20T06:58:22,42.43578,-70.52800,5.5,357.7,511.0,REALIST,IMO8841814,WDH6772,31,0,26,7,3.0,31,A
367641460,2023-07-20T06:59:32,42.43758,-70.52815,5.6,354.6,511.0,REALIST,IMO8841814,WDH6772,31,0,26,7,3.0,31,A
367641460,2023-07-20T07:00:02,42.43835,-70.52821,5.6,356.1,511.0,REALIST,IMO8841814,WDH6772,31,0,26,7,3.0,31,A
367641460,2023-07-20T07:01:11,42.44012,-70.52834,5.5,358.1,511.0,REALIST,IMO8841814,WDH6772,31,0,26,7,3.0,31,A
338356862,2023-06-02T15:31:59,42.44723,-70.54609,23.4,184.2,511.0,AVOCETTE,,,37,,15,4,,,B
338356862,2023-06-02T15:34:09,42.43307,-70.54579,23.9,176.0,511.0,AVOCETTE,,,37,,15,4,,,B
338356862,2023-06-02T15:35:34,42.42389,-70.54505,23.6,175.7,511.0,AVOCETTE,,,37,,15,4,,,B
368306050,2023-06-09T17:19:37,42.43433,-70.56320,39.9,109.1,511.0,MAGURO,,WDN7176,37,,0,0,,,B
368306050,2023-06-09T17:20:42,42.43040,-70.54806,39.0,109.6,511.0,MAGURO,,WDN7176,37,,0,0,,,B
368306050,2023-06-09T17:21:47,42.42643,-70.53277,39.9,108.7,511.0,MAGURO,,WDN7176,37,,0,0,,,B
368306050,2023-06-09T19:33:35,42.42083,-70.54003,42.8,289.0,511.0,MAGURO,,WDN7176,37,,0,0,,,B
368306050,2023-06-09T19:34:40,42.42498,-70.55617,43.2,288.4,511.0,MAGURO,,WDN7176,37,,0,0,,,B
367085210,2023-06-10T16:40:21,42.42081,-70.53049,16.6,355.6,511.0,UNCLE RAY,,WDC8325,37,,10,4,,,B
367085210,2023-06-10T16:41:37,42.42654,-70.53090,16.0,357.1,511.0,UNCLE RAY,,WDC8325,37,,10,4,,,B
367085210,2023-06-10T16:42:51,42.43209,-70.53130,16.1,357.2,511.0,UNCLE RAY,,WDC8325,37,,10,4,,,B
367085210,2023-06-10T16:44:07,42.43779,-70.53171,15.9,357.0,511.0,UNCLE RAY,,WDC8325,37,,10,4,,,B
367085210,2023-06-10T16:45:37,42.44466,-70.53218,16.8,354.7,511.0,UNCLE RAY,,WDC8325,37,,10,4,,,B
367085210,2023-06-10T16:47:37,42.45378,-70.53283,16.5,357.0,511.0,UNCLE RAY,,WDC8325,37,,10,4,,,B
232014742,2023-06-12T17:15:47,42.42524,-70.56999,4.2,10.0,511.0,ELICE,,MCWA7,36,,14,4,,,B
232014742,2023-06-12T17:16:48,42.42641,-70.56973,4.4,8.8,511.0,ELICE,,MCWA7,36,,14,4,,,B
232014742,2023-06-12T17:18:17,42.42814,-70.56938,4.2,8.9,511.0,ELICE,,MCWA7,36,,14,4,,,B
232014742,2023-06-12T17:19:49,42.42986,-70.56904,3.7,7.8,511.0,ELICE,,MCWA7,36,,14,4,,,B
232014742,2023-06-12T17:21:48,42.43189,-70.56904,4.1,357.0,511.0,ELICE,,MCWA7,36,,14,4,,,B
232014742,2023-06-12T17:22:49,42.43311,-70.56911,4.5,0.5,511.0,ELICE,,MCWA7,36,,14,4,,,B
232014742,2023-06-12T17:24:17,42.43503,-70.56907,4.7,3.4,511.0,ELICE,,MCWA7,36,,14,4,,,B
232014742,2023-06-12T17:25:49,42.43707,-70.56896,4.7,358.8,511.0,ELICE,,MCWA7,36,,14,4,,,B
232014742,2023-06-12T17:27:16,42.43899,-70.56891,4.8,2.9,511.0,ELICE,,MCWA7,36,,14,4,,,B
232014742,2023-06-12T17:28:47,42.44098,-70.56879,4.8,1.0,511.0,ELICE,,MCWA7,36,,14,4,,,B
232014742,2023-06-12T17:30:19,42.44299,-70.56872,4.6,1.4,511.0,ELICE,,MCWA7,36,,14,4,,,B
232014742,2023-06-12T17:32:19,42.44559,-70.56863,4.8,1.4,511.0,ELICE,,MCWA7,36,,14,4,,,B
232014742,2023-06-12T17:33:47,42.44752,-70.56859,4.7,1.2,511.0,ELICE,,MCWA7,36,,14,4,,,B
232014742,2023-06-12T17:35:18,42.44955,-70.56850,4.8,5.6,511.0,ELICE,,MCWA7,36,,14,4,,,B
232014742,2023-06-12T17:36:19,42.45039,-70.56847,4.8,3.4,511.0,ELICE,,MCWA7,36,,14,4,,,B
232014742,2023-06-12T17:37:48,42.45287,-70.56831,4.7,0.5,511.0,ELICE,,MCWA7,36,,14,4,,,B
232014742,2023-06-12T17:39:46,42.45555,-70.56830,5.2,358.9,511.0,ELICE,,MCWA7,36,,14,4,,,B
368007530,2023-07-01T09:01:18,42.45499,-70.56951,6.6,147.8,511.0,ANGELA & ROSE,,WDJ7520,30,,17,6,,,B
368007530,2023-07-01T09:03:18,42.45175,-70.56686,6.7,151.3,511.0,ANGELA & ROSE,,WDJ7520,30,,17,6,,,B
368007530,2023-07-01T09:04:50,42.44930,-70.56487,7.5,145.4,511.0,ANGELA & ROSE,,WDJ7520,30,,17,6,,,B
368007530,2023-07-01T09:06:18,42.44689,-70.56296,7.0,148.2,511.0,ANGELA & ROSE,,WDJ7520,30,,17,6,,,B
368007530,2023-07-01T09:07:50,42.44441,-70.56098,7.0,151.0,511.0,ANGELA & ROSE,,WDJ7520,30,,17,6,,,B
368007530,2023-07-01T09:09:17,42.44203,-70.55912,6.8,149.8,511.0,ANGELA & ROSE,,WDJ7520,30,,17,6,,,B
368007530,2023-07-01T09:10:48,42.43951,-70.55712,7.1,149.3,511.0,ANGELA & ROSE,,WDJ7520,30,,17,6,,,B
368007530,2023-07-01T09:12:49,42.43625,-70.55457,6.6,151.1,511.0,ANGELA & ROSE,,WDJ7520,30,,17,6,,,B
368007530,2023-07-01T09:14:48,42.43294,-70.55203,6.3,151.2,511.0,ANGELA & ROSE,,WDJ7520,30,,17,6,,,B
368007530,2023-07-01T09:16:48,42.42962,-70.54948,6.8,147.3,511.0,ANGELA & ROSE,,WDJ7520,30,,17,6,,,B
368007530,2023-07-01T09:20:19,42.42382,-70.54506,5.9,159.5,511.0,ANGELA & ROSE,,WDJ7520,30,,17,6,,,B
368007530,2023-07-01T09:22:16,42.42155,-70.54426,3.8,166.2,511.0,ANGELA & ROSE,,WDJ7520,30,,17,6,,,B
338065851,2023-07-01T19:44:39,42.45234,-70.52280,4.5,321.5,511.0,WAYPOINTS,,,36,,11,4,,,B
338065851,2023-07-01T19:46:38,42.45441,-70.52511,6.1,319.9,511.0,WAYPOINTS,,,36,,11,4,,,B
368240210,2023-07-08T17:57:07,42.42085,-70.53628,5.0,29.9,511.0,ARDENNA,,WDM8102,37,,15,3,,,B
368240210,2023-07-08T17:58:36,42.42273,-70.53474,5.5,32.0,511.0,ARDENNA,,WDM8102,37,,15,3,,,B
368007530,2023-07-02T08:52:45,42.44059,-70.55755,7.3,148.1,511.0,ANGELA & ROSE,,WDJ7520,30,,17,6,,,B
368007530,2023-07-02T08:54:13,42.43813,-70.55542,6.9,146.3,511.0,ANGELA & ROSE,,WDJ7520,30,,17,6,,,B
368007530,2023-07-02T08:55:43,42.43560,-70.55322,7.4,145.3,511.0,ANGELA & ROSE,,WDJ7520,30,,17,6,,,B
368007530,2023-07-02T08:57:13,42.43310,-70.55103,7.0,144.2,511.0,ANGELA & ROSE,,WDJ7520,30,,17,6,,,B
368007530,2023-07-02T08:59:13,42.42968,-70.54802,7.6,148.5,511.0,ANGELA & ROSE,,WDJ7520,30,,17,6,,,B
368007530,2023-07-02T09:01:12,42.42615,-70.54553,7.6,159.5,511.0,ANGELA & ROSE,,WDJ7520,30,,17,6,,,B
368007530,2023-07-02T09:02:46,42.42324,-70.54399,5.7,158.5,511.0,ANGELA & ROSE,,WDJ7520,30,,17,6,,,B
368007530,2023-07-05T08:50:47,42.43753,-70.55840,7.5,143.2,511.0,ANGELA & ROSE,,WDJ7520,30,,17,6,,,B
368007530,2023-07-05T08:52:15,42.43517,-70.55599,7.2,143.7,511.0,ANGELA & ROSE,,WDJ7520,30,,17,6,,,B
368007530,2023-07-05T08:53:47,42.43267,-70.55355,7.3,144.9,511.0,ANGELA & ROSE,,WDJ7520,30,,17,6,,,B
368007530,2023-07-05T08:55:15,42.43027,-70.55119,7.4,143.3,511.0,ANGELA & ROSE,,WDJ7520,30,,17,6,,,B
368007530,2023-07-05T08:56:18,42.42848,-70.54962,7.3,153.1,511.0,ANGELA & ROSE,,WDJ7520,30,,17,6,,,B
368007530,2023-07-05T08:57:47,42.42581,-70.54771,7.3,153.3,511.0,ANGELA & ROSE,,WDJ7520,30,,17,6,,,B
368007530,2023-07-05T08:59:18,42.42306,-70.54590,6.2,156.2,511.0,ANGELA & ROSE,,WDJ7520,30,,17,6,,,B
368007530,2023-07-05T09:00:18,42.42177,-70.54511,4.9,153.7,511.0,ANGELA & ROSE,,WDJ7520,30,,17,6,,,B
368007530,2023-07-02T08:47:15,42.44980,-70.56557,6.7,145.6,511.0,ANGELA & ROSE,,WDJ7520,30,,17,6,,,B
368007530,2023-07-02T08:48:45,42.44730,-70.56340,7.4,143.9,511.0,ANGELA & ROSE,,WDJ7520,30,,17,6,,,B
368007530,2023-07-05T08:43:46,42.44935,-70.56990,7.8,146.0,511.0,ANGELA & ROSE,,WDJ7520,30,,17,6,,,B
368007530,2023-07-05T08:46:17,42.44492,-70.56588,7.5,143.7,511.0,ANGELA & ROSE,,WDJ7520,30,,17,6,,,B
368240210,2023-07-08T18:12:09,42.44042,-70.52209,5.1,34.0,511.0,ARDENNA,,WDM8102,37,,15,3,,,B
368007530,2023-07-02T09:05:12,42.42054,-70.54264,3.8,153.9,511.0,ANGELA & ROSE,,WDJ7520,30,,17,6,,,B
368007530,2023-07-05T08:48:47,42.44078,-70.56169,7.4,142.2,511.0,ANGELA & ROSE,,WDJ7520,30,,17,6,,,B
368007530,2023-07-02T08:51:13,42.44319,-70.55981,7.0,145.4,511.0,ANGELA & ROSE,,WDJ7520,30,,17,6,,,B
368306050,2023-07-03T16:48:11,42.45077,-70.54100,10.4,193.0,511.0,MAGURO,,WDN7176,37,,0,0,,,B
368007530,2023-07-02T08:44:15,42.45486,-70.56994,6.9,148.9,511.0,ANGELA & ROSE,,WDJ7520,30,,17,6,,,B
368007530,2023-07-02T08:45:42,42.45242,-70.56782,7.2,147.5,511.0,ANGELA & ROSE,,WDJ7520,30,,17,6,,,B
368306050,2023-07-03T16:51:11,42.43975,-70.53141,22.0,141.1,511.0,MAGURO,,WDN7176,37,,0,0,,,B
368306050,2023-07-03T16:52:12,42.43600,-70.52543,14.4,129.9,511.0,MAGURO,,WDN7176,37,,0,0,,,B
368240210,2023-07-08T18:00:36,42.42538,-70.53280,5.2,25.1,511.0,ARDENNA,,WDM8102,37,,15,3,,,B
368240210,2023-07-08T18:02:05,42.42719,-70.53141,5.3,33.4,511.0,ARDENNA,,WDM8102,37,,15,3,,,B
368240210,2023-07-08T18:03:06,42.42840,-70.53055,4.5,29.6,511.0,ARDENNA,,WDM8102,37,,15,3,,,B
368240210,2023-07-08T18:04:36,42.43032,-70.52908,5.3,26.0,511.0,ARDENNA,,WDM8102,37,,15,3,,,B
368240210,2023-07-08T18:06:05,42.43221,-70.52771,5.7,32.1,511.0,ARDENNA,,WDM8102,37,,15,3,,,B
368240210,2023-07-08T18:07:35,42.43427,-70.52626,5.7,26.1,511.0,ARDENNA,,WDM8102,37,,15,3,,,B
368240210,2023-07-08T18:08:36,42.43565,-70.52538,5.7,24.5,511.0,ARDENNA,,WDM8102,37,,15,3,,,B
368240210,2023-07-08T18:10:06,42.43773,-70.52406,5.7,24.3,511.0,ARDENNA,,WDM8102,37,,15,3,,,B
368306050,2023-07-12T21:26:52,42.43168,-70.52621,37.5,289.5,511.0,MAGURO,,WDN7176,37,,0,0,,,B
338347388,2023-07-14T17:30:19,42.44628,-70.55798,6.1,2.2,511.0,KESTREL,,,36,,11,4,,,B
338347388,2023-07-14T17:31:49,42.44883,-70.55792,6.1,359.7,511.0,KESTREL,,,36,,11,4,,,B
338347388,2023-07-14T17:33:19,42.45131,-70.55783,5.9,6.9,511.0,KESTREL,,,36,,11,4,,,B
338347388,2023-07-14T17:34:20,42.45301,-70.55775,5.9,359.7,511.0,KESTREL,,,36,,11,4,,,B
338347388,2023-07-14T17:35:49,42.45548,-70.55769,6.1,357.7,511.0,KESTREL,,,36,,11,4,,,B
368306050,2023-07-12T08:46:43,42.43242,-70.55580,38.9,109.9,511.0,MAGURO,,WDN7176,37,,0,0,,,B
368306050,2023-07-12T08:47:52,42.42820,-70.54051,38.3,108.8,511.0,MAGURO,,WDN7176,37,,0,0,,,B
368306050,2023-07-12T08:48:57,42.42420,-70.52579,39.7,110.0,511.0,MAGURO,,WDN7176,37,,0,0,,,B
368306050,2023-07-12T21:27:53,42.43517,-70.53959,38.0,289.1,511.0,MAGURO,,WDN7176,37,,0,0,,,B
368306050,2023-07-12T21:29:02,42.43920,-70.55522,37.6,289.7,511.0,MAGURO,,WDN7176,37,,0,0,,,B
338347388,2023-07-14T17:15:22,42.42069,-70.55759,6.5,0.3,511.0,KESTREL,,,36,,11,4,,,B
338347388,2023-07-14T17:16:50,42.42327,-70.55768,6.2,0.0,511.0,KESTREL,,,36,,11,4,,,B
338347388,2023-07-14T17:18:50,42.42679,-70.55779,6.4,358.3,511.0,KESTREL,,,36,,11,4,,,B
338347388,2023-07-14T17:20:21,42.42942,-70.55790,6.0,358.8,511.0,KESTREL,,,36,,11,4,,,B
338347388,2023-07-14T17:22:20,42.43288,-70.55802,6.3,356.5,511.0,KESTREL,,,36,,11,4,,,B
338347388,2023-07-14T17:24:51,42.43713,-70.55813,6.2,359.5,511.0,KESTREL,,,36,,11,4,,,B
338347388,2023-07-14T17:26:22,42.43967,-70.55809,5.9,357.6,511.0,KESTREL,,,36,,11,4,,,B
338347388,2023-07-14T17:28:49,42.44377,-70.55803,6.0,2.7,511.0,KESTREL,,,36,,11,4,,,B
232041028,2023-07-09T21:47:04,42.42322,-70.53979,8.4,356.3,511.0,VISION,,MLCT3,37,,17,5,,,B
232041028,2023-07-09T21:48:32,42.42666,-70.53992,8.4,356.1,511.0,VISION,,MLCT3,37,,17,5,,,B
232041028,2023-07-09T21:49:33,42.42896,-70.54003,8.0,359.4,511.0,VISION,,MLCT3,37,,17,5,,,B
232041028,2023-07-09T21:51:04,42.43237,-70.54020,7.8,357.0,511.0,VISION,,MLCT3,37,,17,5,,,B
232041028,2023-07-09T21:52:32,42.43546,-70.54037,7.8,356.0,511.0,VISION,,MLCT3,37,,17,5,,,B
232041028,2023-07-09T21:54:32,42.43953,-70.54056,7.0,355.2,511.0,VISION,,MLCT3,37,,17,5,,,B
232041028,2023-07-09T21:56:04,42.44252,-70.54068,6.8,357.2,511.0,VISION,,MLCT3,37,,17,5,,,B
232041028,2023-07-09T21:57:32,42.44542,-70.54076,7.0,359.9,511.0,VISION,,MLCT3,37,,17,5,,,B
232041028,2023-07-09T21:59:02,42.44837,-70.54085,7.1,0.0,511.0,VISION,,MLCT3,37,,17,5,,,B
232041028,2023-07-09T22:00:02,42.45034,-70.54091,6.8,359.3,511.0,VISION,,MLCT3,37,,17,5,,,B
232041028,2023-07-09T22:01:33,42.45331,-70.54099,6.9,1.3,511.0,VISION,,MLCT3,37,,17,5,,,B
368306050,2023-07-10T09:02:10,42.43231,-70.56046,33.1,111.9,511.0,MAGURO,,WDN7176,37,,0,0,,,B
368306050,2023-07-10T09:03:15,42.42867,-70.54850,28.9,113.2,511.0,MAGURO,,WDN7176,37,,0,0,,,B
368306050,2023-07-10T09:04:20,42.42525,-70.53755,29.6,112.9,511.0,MAGURO,,WDN7176,37,,0,0,,,B
368306050,2023-07-10T09:05:30,42.42164,-70.52612,28.7,112.7,511.0,MAGURO,,WDN7176,37,,0,0,,,B
368306050,2023-07-10T15:10:28,42.44583,-70.52449,31.5,313.2,511.0,MAGURO,,WDN7176,37,,0,0,,,B
368306050,2023-07-10T15:11:32,42.45227,-70.53417,32.0,310.6,511.0,MAGURO,,WDN7176,37,,0,0,,,B
368306050,2023-07-20T10:02:18,42.43037,-70.56696,41.8,110.7,511.0,MAGURO,,WDN7176,37,,0,0,,,B
368306050,2023-07-20T20:31:25,42.43368,-70.56910,12.0,293.5,511.0,MAGURO,,WDN7176,37,,0,0,,,B
368306050,2023-07-20T10:03:22,42.42610,-70.55104,41.6,108.7,511.0,MAGURO,,WDN7176,37,,0,0,,,B
368306050,2023-07-20T10:04:32,42.42168,-70.53369,41.7,112.1,511.0,MAGURO,,WDN7176,37,,0,0,,,B
368306050,2023-07-20T20:28:10,42.42132,-70.52511,38.8,291.3,511.0,MAGURO,,WDN7176,37,,0,0,,,B
368306050,2023-07-20T20:29:15,42.42559,-70.54026,40.6,290.6,511.0,MAGURO,,WDN7176,37,,0,0,,,B
368306050,2023-07-20T20:30:20,42.42986,-70.55560,40.7,292.5,511.0,MAGURO,,WDN7176,37,,0,0,,,B
338363016,2023-07-29T11:24:55,42.42471,-70.55432,19.1,25.8,511.0,WAKELY,,,37,,14,4,,,B
338385595,2023-07-25T15:45:04,42.42062,-70.52378,8.9,176.8,511.0,LIBERTY,,,37,,8,4,,,B
338385595,2023-07-25T15:31:07,42.45482,-70.52817,8.6,174.2,511.0,LIBERTY,,,37,,8,4,,,B
338412463,2023-07-26T12:35:47,42.45456,-70.52797,22.6,170.6,511.0,PORTUGAL,,,37,,13,4,,,B
338363016,2023-07-29T11:31:09,42.45457,-70.53350,19.3,28.3,511.0,WAKELY,,,37,,14,4,,,B
338385595,2023-07-25T15:32:34,42.45134,-70.52774,8.8,175.2,511.0,LIBERTY,,,37,,8,4,,,B
338385595,2023-07-25T15:34:34,42.44645,-70.52710,9.1,174.5,511.0,LIBERTY,,,37,,8,4,,,B
338363016,2023-07-29T11:26:11,42.43084,-70.55005,19.5,29.7,511.0,WAKELY,,,37,,14,4,,,B
338385595,2023-07-25T15:36:34,42.44154,-70.52648,8.9,175.4,511.0,LIBERTY,,,37,,8,4,,,B
338385595,2023-07-25T15:38:08,42.43763,-70.52597,9.1,173.3,511.0,LIBERTY,,,37,,8,4,,,B
338385595,2023-07-25T15:40:08,42.43269,-70.52532,9.1,175.0,511.0,LIBERTY,,,37,,8,4,,,B
338385595,2023-07-25T15:42:08,42.42777,-70.52471,8.8,173.2,511.0,LIBERTY,,,37,,8,4,,,B
338412463,2023-07-26T12:37:46,42.44224,-70.52652,22.2,174.0,511.0,PORTUGAL,,,37,,13,4,,,B
338412463,2023-07-26T12:39:18,42.43269,-70.52571,22.0,172.2,511.0,PORTUGAL,,,37,,13,4,,,B
338363016,2023-07-29T11:27:25,42.43666,-70.54605,19.1,26.2,511.0,WAKELY,,,37,,14,4,,,B
338363016,2023-07-29T11:28:39,42.44268,-70.54196,19.4,30.6,511.0,WAKELY,,,37,,14,4,,,B
338363016,2023-07-29T11:29:55,42.44873,-70.53771,19.2,25.2,511.0,WAKELY,,,37,,14,4,,,B
338392164,2023-07-30T13:22:04,42.43557,-70.57001,7.2,154.4,511.0,TIKI TOO,,,36,,14,5,,,B
338392164,2023-07-30T13:23:34,42.43311,-70.56803,7.4,144.4,511.0,TIKI TOO,,,36,,14,5,,,B
338392164,2023-07-30T13:24:35,42.43139,-70.56670,7.1,153.3,511.0,TIKI TOO,,,36,,14,5,,,B
338392164,2023-07-30T13:26:05,42.42888,-70.56478,6.4,143.7,511.0,TIKI TOO,,,36,,14,5,,,B
338392164,2023-07-30T13:27:34,42.42638,-70.56288,7.7,145.7,511.0,TIKI TOO,,,36,,14,5,,,B
338392164,2023-07-30T13:29:36,42.42302,-70.56016,7.3,152.7,511.0,TIKI TOO,,,36,,14,5,,,B
338392164,2023-07-30T13:31:05,42.42062,-70.55810,7.3,146.8,511.0,TIKI TOO,,,36,,14,5,,,B
316012950,2023-06-10T23:10:27,42.44618,-70.52160,12.3,257.4,259.0,ACADIAN,IMO9298715,CFH8964,80,0,182,27,11.2,89,A
316012950,2023-06-10T23:11:28,42.44542,-70.52617,12.3,257.6,259.0,ACADIAN,IMO9298715,CFH8964,80,0,182,27,11.2,89,A
316012950,2023-06-10T23:12:38,42.44456,-70.53142,12.3,257.9,259.0,ACADIAN,IMO9298715,CFH8964,80,0,182,27,11.2,89,A
316012950,2023-06-10T23:13:47,42.44373,-70.53661,12.3,257.9,259.0,ACADIAN,IMO9298715,CFH8964,80,0,182,27,11.2,89,A
316012950,2023-06-10T23:14:58,42.44286,-70.54197,12.3,258.1,259.0,ACADIAN,IMO9298715,CFH8964,80,0,182,27,11.2,89,A
316012950,2023-06-10T23:16:06,42.44203,-70.54710,12.3,258.2,259.0,ACADIAN,IMO9298715,CFH8964,80,0,182,27,11.2,89,A
316012950,2023-06-10T23:17:18,42.44116,-70.55255,12.3,258.0,259.0,ACADIAN,IMO9298715,CFH8964,80,0,182,27,11.2,89,A
316012950,2023-06-10T23:18:28,42.44033,-70.55785,12.3,258.4,259.0,ACADIAN,IMO9298715,CFH8964,80,0,182,27,11.2,89,A
316012950,2023-06-10T23:19:38,42.43951,-70.56314,12.3,256.1,253.0,ACADIAN,IMO9298715,CFH8964,80,0,182,27,11.2,89,A
316012950,2023-06-10T23:20:47,42.43835,-70.56819,12.2,253.3,256.0,ACADIAN,IMO9298715,CFH8964,80,0,182,27,11.2,89,A
367371810,2023-06-06T21:27:39,42.43703,-70.52155,7.0,354.7,356.0,MAGOTHY,IMO9544205,WDE5803,31,0,30,10,3.9,32,A
367371810,2023-06-06T21:28:48,42.43928,-70.52188,7.1,353.7,356.0,MAGOTHY,IMO9544205,WDE5803,31,0,30,10,3.9,32,A
367371810,2023-06-06T21:29:59,42.44158,-70.52223,7.1,353.8,357.0,MAGOTHY,IMO9544205,WDE5803,31,0,30,10,3.9,32,A
367371810,2023-06-06T21:31:10,42.44387,-70.52257,7.1,354.5,357.0,MAGOTHY,IMO9544205,WDE5803,31,0,30,10,3.9,32,A
367371810,2023-06-06T21:32:19,42.44614,-70.52284,7.1,356.1,358.0,MAGOTHY,IMO9544205,WDE5803,31,0,30,10,3.9,32,A
367371810,2023-06-06T21:33:28,42.44837,-70.52308,7.0,355.8,359.0,MAGOTHY,IMO9544205,WDE5803,31,0,30,10,3.9,32,A
367371810,2023-06-06T21:34:38,42.45063,-70.52326,7.0,355.5,359.0,MAGOTHY,IMO9544205,WDE5803,31,0,30,10,3.9,32,A
367371810,2023-06-06T21:35:39,42.45259,-70.52339,7.0,357.0,359.0,MAGOTHY,IMO9544205,WDE5803,31,0,30,10,3.9,32,A
367371810,2023-06-06T21:36:49,42.45486,-70.52358,7.0,356.5,359.0,MAGOTHY,IMO9544205,WDE5803,31,0,30,10,3.9,32,A
368303690,2023-06-02T17:41:38,42.42397,-70.54927,6.4,326.6,511.0,JILLIAN AND PERI,,WDD8641,30,,26,6,,,B
368303690,2023-06-02T17:43:09,42.42615,-70.55152,6.7,331.4,511.0,JILLIAN AND PERI,,WDD8641,30,,26,6,,,B
368303690,2023-06-02T17:45:09,42.42954,-70.55335,6.5,327.4,511.0,JILLIAN AND PERI,,WDD8641,30,,26,6,,,B
368303690,2023-06-02T17:46:38,42.43166,-70.55562,6.4,323.3,511.0,JILLIAN AND PERI,,WDD8641,30,,26,6,,,B
368303690,2023-06-02T17:48:08,42.43404,-70.55745,6.5,320.2,511.0,JILLIAN AND PERI,,WDD8641,30,,26,6,,,B
368303690,2023-06-02T17:49:39,42.43605,-70.55989,6.5,325.9,511.0,JILLIAN AND PERI,,WDD8641,30,,26,6,,,B
368303690,2023-06-02T17:51:38,42.43910,-70.56263,6.4,320.9,511.0,JILLIAN AND PERI,,WDD8641,30,,26,6,,,B
368303690,2023-06-02T17:52:39,42.44060,-70.56402,6.6,336.7,511.0,JILLIAN AND PERI,,WDD8641,30,,26,6,,,B
368303690,2023-06-02T17:54:08,42.44308,-70.56556,6.5,320.2,511.0,JILLIAN AND PERI,,WDD8641,30,,26,6,,,B
368303690,2023-06-02T17:55:09,42.44445,-70.56716,6.6,328.3,511.0,JILLIAN AND PERI,,WDD8641,30,,26,6,,,B
368303690,2023-06-02T17:56:39,42.44679,-70.56905,6.5,322.0,511.0,JILLIAN AND PERI,,WDD8641,30,,26,6,,,B
368182410,2023-06-09T10:10:27,42.42023,-70.53770,4.7,358.2,358.0,FAYAWAY,,WDL9807,36,,12,4,,,B
368182410,2023-06-09T10:12:27,42.42281,-70.53790,4.6,356.7,358.0,FAYAWAY,,WDL9807,36,,12,4,,,B
368182410,2023-06-09T10:14:27,42.42536,-70.53811,4.7,356.7,357.0,FAYAWAY,,WDL9807,36,,12,4,,,B
368182410,2023-06-09T10:15:58,42.42733,-70.53827,4.7,354.7,511.0,FAYAWAY,,WDL9807,36,,12,4,,,B
368182410,2023-06-09T10:17:27,42.42921,-70.53842,4.5,357.8,358.0,FAYAWAY,,WDL9807,36,,12,4,,,B
368182410,2023-06-09T10:18:56,42.43109,-70.53857,4.7,354.3,357.0,FAYAWAY,,WDL9807,36,,12,4,,,B
368182410,2023-06-09T10:20:27,42.43299,-70.53873,4.5,359.8,357.0,FAYAWAY,,WDL9807,36,,12,4,,,B
368182410,2023-06-09T10:21:56,42.43485,-70.53887,4.6,357.6,357.0,FAYAWAY,,WDL9807,36,,12,4,,,B
368182410,2023-06-09T10:23:27,42.43674,-70.53904,4.6,352.9,359.0,FAYAWAY,,WDL9807,36,,12,4,,,B
368182410,2023-06-09T10:24:57,42.43861,-70.53918,4.3,354.2,358.0,FAYAWAY,,WDL9807,36,,12,4,,,B
368182410,2023-06-09T10:26:25,42.44045,-70.53933,4.5,356.7,358.0,FAYAWAY,,WDL9807,36,,12,4,,,B
368182410,2023-06-09T10:27:56,42.44234,-70.53950,4.4,357.3,357.0,FAYAWAY,,WDL9807,36,,12,4,,,B
368182410,2023-06-09T10:28:57,42.44358,-70.53960,4.4,354.9,358.0,FAYAWAY,,WDL9807,36,,12,4,,,B
368182410,2023-06-09T10:30:25,42.44539,-70.53974,4.5,356.9,358.0,FAYAWAY,,WDL9807,36,,12,4,,,B
368182410,2023-06-09T10:32:25,42.44786,-70.53993,4.3,358.2,358.0,FAYAWAY,,WDL9807,36,,12,4,,,B
368182410,2023-06-09T10:34:26,42.45034,-70.54012,4.5,357.4,357.0,FAYAWAY,,WDL9807,36,,12,4,,,B
368182410,2023-06-09T10:36:26,42.45280,-70.54034,4.5,357.4,357.0,FAYAWAY,,WDL9807,36,,12,4,,,B
368182410,2023-06-09T10:38:26,42.45525,-70.54053,4.6,355.6,357.0,FAYAWAY,,WDL9807,36,,12,4,,,B
368303690,2023-06-14T15:13:35,42.42044,-70.56064,7.4,332.3,511.0,JILLIAN AND PERI,,WDD8641,30,,26,6,,,B
368303690,2023-06-14T15:15:05,42.42325,-70.56258,7.4,333.7,511.0,JILLIAN AND PERI,,WDD8641,30,,26,6,,,B
368303690,2023-06-14T15:16:35,42.42603,-70.56454,7.6,331.4,511.0,JILLIAN AND PERI,,WDD8641,30,,26,6,,,B
338335415,2023-06-24T12:00:13,42.43983,-70.56542,28.5,112.5,511.0,SUPER FLY,,,37,,10,6,,,B
338335415,2023-06-24T12:01:22,42.43644,-70.55401,28.5,111.2,511.0,SUPER FLY,,,37,,10,6,,,B
338335415,2023-06-24T12:02:33,42.43306,-70.54286,27.8,114.7,511.0,SUPER FLY,,,37,,10,6,,,B
338335415,2023-06-24T12:03:37,42.42959,-70.53226,26.8,112.7,511.0,SUPER FLY,,,37,,10,6,,,B
368110970,2023-06-29T18:07:46,42.42104,-70.54193,6.7,329.2,511.0,AZTEC,,WDL2316,36,,15,4,,,B
368110970,2023-06-29T18:09:18,42.42337,-70.54384,6.2,333.9,511.0,AZTEC,,WDL2316,36,,15,4,,,B
368110970,2023-06-29T18:10:46,42.42559,-70.54565,6.4,325.9,511.0,AZTEC,,WDL2316,36,,15,4,,,B
368110970,2023-06-29T18:12:18,42.42790,-70.54756,7.0,328.7,511.0,AZTEC,,WDL2316,36,,15,4,,,B
368110970,2023-06-29T18:13:47,42.43008,-70.54934,6.4,323.6,511.0,AZTEC,,WDL2316,36,,15,4,,,B
368110970,2023-06-29T18:15:15,42.43228,-70.55114,6.1,326.8,511.0,AZTEC,,WDL2316,36,,15,4,,,B
368110970,2023-06-29T18:16:47,42.43459,-70.55304,5.7,331.2,511.0,AZTEC,,WDL2316,36,,15,4,,,B
368110970,2023-06-29T18:17:48,42.43612,-70.55432,6.1,325.5,511.0,AZTEC,,WDL2316,36,,15,4,,,B
368110970,2023-06-29T18:19:15,42.43828,-70.55608,6.2,327.4,511.0,AZTEC,,WDL2316,36,,15,4,,,B
368110970,2023-06-29T18:20:18,42.43987,-70.55738,5.7,337.8,511.0,AZTEC,,WDL2316,36,,15,4,,,B
368110970,2023-06-29T18:21:48,42.44213,-70.55924,6.0,332.9,511.0,AZTEC,,WDL2316,36,,15,4,,,B
368110970,2023-06-29T18:23:18,42.44439,-70.56112,6.5,322.5,511.0,AZTEC,,WDL2316,36,,15,4,,,B
368110970,2023-06-29T18:24:45,42.44660,-70.56292,5.8,329.6,511.0,AZTEC,,WDL2316,36,,15,4,,,B
368110970,2023-06-29T18:26:18,42.44892,-70.56481,5.3,334.9,511.0,AZTEC,,WDL2316,36,,15,4,,,B
368110970,2023-06-29T18:27:45,42.45110,-70.56662,6.3,327.7,511.0,AZTEC,,WDL2316,36,,15,4,,,B
368110970,2023-06-29T18:29:45,42.45409,-70.56906,7.0,330.1,511.0,AZTEC,,WDL2316,36,,15,4,,,B
316019334,2023-07-06T14:50:28,42.42740,-70.53921,5.3,76.4,511.0,SOSA,,,36,,10,3,,,B
316019334,2023-07-06T14:51:58,42.42787,-70.53646,5.0,77.8,511.0,SOSA,,,36,,10,3,,,B
316019334,2023-07-06T14:52:59,42.42819,-70.53466,5.1,77.4,511.0,SOSA,,,36,,10,3,,,B
368218530,2023-07-03T16:21:09,42.42273,-70.55712,5.6,2.3,511.0,LA CHARRETTE,,WDM5716,36,,14,4,,,B
368218530,2023-07-03T16:23:09,42.42591,-70.55688,5.8,358.7,511.0,LA CHARRETTE,,WDM5716,36,,14,4,,,B
368218530,2023-07-03T16:24:40,42.42836,-70.55668,5.7,7.6,511.0,LA CHARRETTE,,WDM5716,36,,14,4,,,B
368218530,2023-07-03T16:26:11,42.43085,-70.55649,6.0,3.4,511.0,LA CHARRETTE,,WDM5716,36,,14,4,,,B
368218530,2023-07-03T16:28:39,42.43474,-70.55618,5.6,4.7,511.0,LA CHARRETTE,,WDM5716,36,,14,4,,,B
368218530,2023-07-03T16:30:10,42.43717,-70.55604,5.5,2.8,511.0,LA CHARRETTE,,WDM5716,36,,14,4,,,B
368218530,2023-07-03T16:31:41,42.43954,-70.55596,6.0,358.9,511.0,LA CHARRETTE,,WDM5716,36,,14,4,,,B
316019334,2023-07-06T14:40:30,42.42409,-70.55757,4.9,76.7,511.0,SOSA,,,36,,10,3,,,B
316019334,2023-07-06T14:41:58,42.42456,-70.55491,4.9,75.1,511.0,SOSA,,,36,,10,3,,,B
316019334,2023-07-06T14:42:59,42.42490,-70.55304,4.7,73.4,511.0,SOSA,,,36,,10,3,,,B
316019334,2023-07-06T14:44:28,42.42538,-70.55031,5.1,76.5,511.0,SOSA,,,36,,10,3,,,B
316019334,2023-07-06T14:45:29,42.42571,-70.54845,5.1,74.8,511.0,SOSA,,,36,,10,3,,,B
316019334,2023-07-06T14:46:58,42.42623,-70.54568,5.2,76.7,511.0,SOSA,,,36,,10,3,,,B
316019334,2023-07-06T14:47:59,42.42656,-70.54383,5.0,74.1,511.0,SOSA,,,36,,10,3,,,B
316019334,2023-07-06T14:49:01,42.42690,-70.54193,5.2,76.0,511.0,SOSA,,,36,,10,3,,,B
316019334,2023-07-06T14:59:58,42.43040,-70.52230,5.0,76.1,511.0,SOSA,,,36,,10,3,,,B
316019334,2023-07-06T15:00:29,42.43057,-70.52136,5.2,76.5,511.0,SOSA,,,36,,10,3,,,B
316019334,2023-07-06T14:32:29,42.42212,-70.56953,5.1,85.6,511.0,SOSA,,,36,,10,3,,,B
316019334,2023-07-06T14:34:28,42.42263,-70.56578,4.7,79.2,511.0,SOSA,,,36,,10,3,,,B
316019334,2023-07-06T14:35:58,42.42297,-70.56385,3.0,80.2,511.0,SOSA,,,36,,10,3,,,B
316019334,2023-07-06T14:37:29,42.42322,-70.56243,2.6,80.2,511.0,SOSA,,,36,,10,3,,,B
316019334,2023-07-06T14:38:33,42.42345,-70.56106,4.7,75.8,511.0,SOSA,,,36,,10,3,,,B
368218530,2023-07-03T16:33:12,42.44196,-70.55591,6.0,4.2,511.0,LA CHARRETTE,,WDM5716,36,,14,4,,,B
368218530,2023-07-03T16:34:41,42.44425,-70.55569,5.8,0.3,511.0,LA CHARRETTE,,WDM5716,36,,14,4,,,B
368218530,2023-07-03T16:36:12,42.44672,-70.55554,5.9,5.0,511.0,LA CHARRETTE,,WDM5716,36,,14,4,,,B
368218530,2023-07-03T16:37:39,42.44903,-70.55536,5.5,3.2,511.0,LA CHARRETTE,,WDM5716,36,,14,4,,,B
368218530,2023-07-03T16:39:39,42.45219,-70.55511,5.7,5.8,511.0,LA CHARRETTE,,WDM5716,36,,14,4,,,B
368218530,2023-07-03T16:41:09,42.45462,-70.55495,5.7,3.0,511.0,LA CHARRETTE,,WDM5716,36,,14,4,,,B
368218530,2023-07-03T16:19:40,42.42031,-70.55715,5.8,359.6,511.0,LA CHARRETTE,,WDM5716,36,,14,4,,,B
316019334,2023-07-06T14:54:28,42.42867,-70.53206,4.7,76.2,511.0,SOSA,,,36,,10,3,,,B
316019334,2023-07-06T14:55:58,42.42913,-70.52942,4.6,79.6,511.0,SOSA,,,36,,10,3,,,B
316019334,2023-07-06T14:57:28,42.42961,-70.52675,4.8,76.0,511.0,SOSA,,,36,,10,3,,,B
316019334,2023-07-06T14:58:29,42.42993,-70.52499,5.0,75.9,511.0,SOSA,,,36,,10,3,,,B
338316938,2023-07-18T14:33:52,42.43235,-70.53583,21.1,290.1,511.0,VIM,,,37,,13,4,,,B
338316938,2023-07-18T14:35:23,42.43534,-70.54738,21.5,289.7,511.0,VIM,,,37,,13,4,,,B
338316938,2023-07-18T14:36:53,42.43799,-70.55870,21.7,287.9,511.0,VIM,,,37,,13,4,,,B
338316938,2023-07-18T14:37:55,42.43933,-70.56674,20.9,280.8,511.0,VIM,,,37,,13,4,,,B
338450116,2023-07-28T19:58:50,42.45353,-70.53564,34.3,290.4,511.0,FLYING HORSE,,,37,,8,4,,,B
338335415,2023-07-25T13:06:26,42.44429,-70.56072,8.6,113.6,511.0,SUPER FLY,,,37,,10,6,,,B
338450116,2023-07-28T19:57:45,42.45015,-70.52272,34.0,284.7,511.0,FLYING HORSE,,,37,,8,4,,,B
338335415,2023-07-25T13:11:07,42.43329,-70.52226,26.7,112.7,511.0,SUPER FLY,,,37,,10,6,,,B
338335415,2023-07-25T13:05:10,42.44552,-70.56649,20.8,107.4,511.0,SUPER FLY,,,37,,10,6,,,B
338335415,2023-07-25T13:07:41,42.44273,-70.55436,26.6,109.2,511.0,SUPER FLY,,,37,,10,6,,,B
338335415,2023-07-25T13:08:46,42.43975,-70.54426,27.3,109.7,511.0,SUPER FLY,,,37,,10,6,,,B
338335415,2023-07-25T13:10:02,42.43628,-70.53232,27.3,109.4,511.0,SUPER FLY,,,37,,10,6,,,B
367379320,2023-06-16T18:22:19,42.42615,-70.52535,31.3,272.1,269.0,AURORA,IMO8994128,WDE6368,60,0,37,9,1.9,40,A
367379320,2023-06-16T18:23:23,42.42519,-70.53782,31.5,261.4,259.0,AURORA,IMO8994128,WDE6368,60,0,37,9,1.9,40,A
367379320,2023-06-16T18:24:25,42.42458,-70.54990,31.3,266.3,264.0,AURORA,IMO8994128,WDE6368,60,0,37,9,1.9,40,A
367379320,2023-06-16T18:25:26,42.42434,-70.56235,31.9,272.9,271.0,AURORA,IMO8994128,WDE6368,60,0,37,9,1.9,40,A
310627000,2023-07-04T01:01:09,42.43696,-70.53396,16.4,258.4,257.0,QUEEN MARY 2,IMO9241061,ZCEF6,60,0,345,48,10.3,60,A
310627000,2023-07-04T01:02:16,42.43592,-70.54060,16.5,258.1,257.0,QUEEN MARY 2,IMO9241061,ZCEF6,60,0,345,48,10.3,60,A
310627000,2023-07-04T01:03:22,42.43484,-70.54737,16.5,257.6,257.0,QUEEN MARY 2,IMO9241061,ZCEF6,60,0,345,48,10.3,60,A
310627000,2023-07-04T01:04:28,42.43380,-70.55394,16.6,258.4,258.0,QUEEN MARY 2,IMO9241061,ZCEF6,60,0,345,48,10.3,60,A
310627000,2023-07-04T01:05:34,42.43282,-70.56068,16.6,259.0,258.0,QUEEN MARY 2,IMO9241061,ZCEF6,60,0,345,48,10.3,60,A
310627000,2023-07-04T01:06:41,42.43186,-70.56751,16.6,259.7,259.0,QUEEN MARY 2,IMO9241061,ZCEF6,60,0,345,48,10.3,60,A
310627000,2023-07-04T00:59:59,42.43805,-70.52680,16.4,258.5,258.0,QUEEN MARY 2,IMO9241061,ZCEF6,60,0,345,48,10.3,60,A
310627000,2023-07-04T01:00:04,42.43796,-70.52740,16.4,258.5,258.0,QUEEN MARY 2,IMO9241061,ZCEF6,60,0,345,48,10.3,60,A
367689330,2023-07-06T18:54:06,42.44361,-70.56529,5.9,0.7,511.0,NOMAD,,WDI3534,37,,11,,,,B
367689330,2023-07-06T18:55:35,42.44619,-70.56545,6.5,1.0,511.0,NOMAD,,WDI3534,37,,11,,,,B
367689330,2023-07-06T18:56:38,42.44801,-70.56561,6.3,3.0,511.0,NOMAD,,WDI3534,37,,11,,,,B
367689330,2023-07-06T18:40:37,42.42179,-70.56245,5.5,358.1,511.0,NOMAD,,WDI3534,37,,11,,,,B
367689330,2023-07-06T18:42:06,42.42401,-70.56288,5.5,348.6,511.0,NOMAD,,WDI3534,37,,11,,,,B
367689330,2023-07-06T18:43:37,42.42640,-70.56327,5.8,358.4,511.0,NOMAD,,WDI3534,37,,11,,,,B
367689330,2023-07-06T18:45:05,42.42877,-70.56359,6.2,354.8,511.0,NOMAD,,WDI3534,37,,11,,,,B
367689330,2023-07-06T18:46:35,42.43128,-70.56394,6.1,355.1,511.0,NOMAD,,WDI3534,37,,11,,,,B
367689330,2023-07-06T18:48:05,42.43363,-70.56433,5.9,0.2,511.0,NOMAD,,WDI3534,37,,11,,,,B
367689330,2023-07-06T18:49:37,42.43610,-70.56461,5.5,351.0,511.0,NOMAD,,WDI3534,37,,11,,,,B
367689330,2023-07-06T18:51:05,42.43847,-70.56494,6.1,355.4,511.0,NOMAD,,WDI3534,37,,11,,,,B
367689330,2023-07-06T18:52:06,42.44017,-70.56505,6.2,352.8,511.0,NOMAD,,WDI3534,37,,11,,,,B
367689330,2023-07-06T18:58:08,42.45070,-70.56580,6.2,4.8,511.0,NOMAD,,WDI3534,37,,11,,,,B
367689330,2023-07-06T18:59:36,42.45321,-70.56606,6.5,354.4,511.0,NOMAD,,WDI3534,37,,11,,,,B
367689330,2023-07-06T19:00:06,42.45412,-70.56609,6.4,352.0,511.0,NOMAD,,WDI3534,37,,11,,,,B
367599280,2023-06-09T00:12:45,42.45508,-70.52146,6.8,123.8,511.0,CAPT WINNIE,,WDH2601,30,15,20,,,30,A
338065556,2023-06-02T17:06:08,42.45537,-70.54852,24.1,120.0,134.0,EASTERN POINT,,,50,0,9,3,,50,A
338065556,2023-06-02T17:08:30,42.44758,-70.52957,24.3,121.3,140.0,EASTERN POINT,,,50,0,9,3,,50,A
338065556,2023-06-02T18:20:36,42.44211,-70.55717,23.2,288.0,306.0,EASTERN POINT,,,50,0,9,3,,50,A
366999983,2023-07-08T23:56:39,42.43088,-70.52137,14.0,333.1,333.0,CG THUNDER BAY,IMO8635203,NNTB,90,0,42,11,3.7,90,A
366999983,2023-07-08T23:59:57,42.44261,-70.52849,14.2,335.9,335.0,CG THUNDER BAY,IMO8635203,NNTB,90,0,42,11,3.7,90,A
366999983,2023-07-08T23:57:45,42.43477,-70.52374,13.8,336.3,334.0,CG THUNDER BAY,IMO8635203,NNTB,90,0,42,11,3.7,90,A
366999983,2023-07-08T23:58:50,42.43863,-70.52608,13.9,335.7,334.0,CG THUNDER BAY,IMO8635203,NNTB,90,0,42,11,3.7,90,A
366999983,2023-07-09T00:02:27,42.45151,-70.53387,14.2,335.5,333.0,CG THUNDER BAY,IMO8635203,NNTB,90,0,42,11,3.7,90,A
366999983,2023-07-09T00:03:33,42.45541,-70.53624,13.9,335.1,334.0,CG THUNDER BAY,IMO8635203,NNTB,90,0,42,11,3.7,90,A
366999983,2023-07-09T00:00:03,42.44297,-70.52871,14.0,335.7,334.0,CG THUNDER BAY,IMO8635203,NNTB,90,0,42,11,3.7,90,A
366999983,2023-07-09T00:01:20,42.44755,-70.53146,14.3,335.5,335.0,CG THUNDER BAY,IMO8635203,NNTB,90,0,42,11,3.7,90,A
367101670,2023-06-26T14:21:15,42.45188,-70.54974,7.1,175.1,511.0,WASSAIL,,WDC9395,37,,13,4,,,B
367101670,2023-06-26T14:24:16,42.44588,-70.54908,7.2,177.1,511.0,WASSAIL,,WDC9395,37,,13,4,,,B
367101670,2023-06-26T14:28:15,42.43807,-70.54828,6.9,176.3,511.0,WASSAIL,,WDC9395,37,,13,4,,,B
367101670,2023-06-26T14:29:48,42.43501,-70.54801,7.1,174.9,511.0,WASSAIL,,WDC9395,37,,13,4,,,B
367101670,2023-06-26T14:31:15,42.43220,-70.54779,7.3,176.1,511.0,WASSAIL,,WDC9395,37,,13,4,,,B
367101670,2023-06-26T14:33:16,42.42825,-70.54738,7.1,175.5,511.0,WASSAIL,,WDC9395,37,,13,4,,,B
367101670,2023-06-26T14:35:15,42.42436,-70.54695,7.0,173.8,511.0,WASSAIL,,WDC9395,37,,13,4,,,B
368086399,2023-07-29T17:15:30,42.45514,-70.54813,8.3,332.3,332.0,JOY,,WDK7646,37,0,18,6,0.0,37,A
368086399,2023-07-29T17:00:02,42.42469,-70.52603,8.2,329.8,332.0,JOY,,WDK7646,37,0,18,6,0.0,37,A
368086399,2023-07-29T17:01:22,42.42732,-70.52804,8.1,326.3,332.0,JOY,,WDK7646,37,0,18,6,0.0,37,A
368086399,2023-07-29T16:58:32,42.42177,-70.52382,8.0,332.2,332.0,JOY,,WDK7646,37,0,18,6,0.0,37,A
368086399,2023-07-29T17:14:22,42.45289,-70.54659,7.8,332.2,333.0,JOY,,WDK7646,37,0,18,6,0.0,37,A
368086399,2023-07-29T17:02:41,42.42996,-70.52983,8.2,332.2,334.0,JOY,,WDK7646,37,0,18,6,0.0,37,A
368086399,2023-07-29T17:03:52,42.43234,-70.53153,8.2,332.9,334.0,JOY,,WDK7646,37,0,18,6,0.0,37,A
368086399,2023-07-29T17:05:11,42.43498,-70.53333,8.0,330.6,332.0,JOY,,WDK7646,37,0,18,6,0.0,37,A
368086399,2023-07-29T17:06:21,42.43727,-70.53499,8.1,333.6,333.0,JOY,,WDK7646,37,0,18,6,0.0,37,A
368086399,2023-07-29T17:07:32,42.43964,-70.53650,8.0,330.8,329.0,JOY,,WDK7646,37,0,18,6,0.0,37,A
368086399,2023-07-29T17:08:40,42.44188,-70.53810,7.8,332.1,329.0,JOY,,WDK7646,37,0,18,6,0.0,37,A
368086399,2023-07-29T17:09:50,42.44414,-70.53977,8.2,332.6,329.0,JOY,,WDK7646,37,0,18,6,0.0,37,A
368086399,2023-07-29T17:11:02,42.44642,-70.54155,8.2,327.8,328.0,JOY,,WDK7646,37,0,18,6,0.0,37,A
368086399,2023-07-29T17:12:10,42.44865,-70.54325,8.1,329.7,331.0,JOY,,WDK7646,37,0,18,6,0.0,37,A
368086399,2023-07-29T17:13:11,42.45062,-70.54482,8.0,332.2,333.0,JOY,,WDK7646,37,0,18,6,0.0,37,A
367313060,2023-07-19T17:37:34,42.44523,-70.56468,6.8,329.5,511.0,ABIGAIL,,WDD9556,37,,15,4,,,B
367313060,2023-07-19T17:39:01,42.44765,-70.56670,7.1,328.6,511.0,ABIGAIL,,WDD9556,37,,15,4,,,B
367313060,2023-07-19T17:40:02,42.44934,-70.56811,6.8,328.9,511.0,ABIGAIL,,WDD9556,37,,15,4,,,B
367313060,2023-07-19T17:25:04,42.42406,-70.54738,7.5,327.1,511.0,ABIGAIL,,WDD9556,37,,15,4,,,B
367313060,2023-07-19T17:27:33,42.42828,-70.55086,7.1,328.1,511.0,ABIGAIL,,WDD9556,37,,15,4,,,B
367313060,2023-07-19T17:31:32,42.43502,-70.55640,7.2,328.1,511.0,ABIGAIL,,WDD9556,37,,15,4,,,B
367313060,2023-07-19T17:32:33,42.43674,-70.55781,6.8,329.6,511.0,ABIGAIL,,WDD9556,37,,15,4,,,B
367313060,2023-07-19T17:34:32,42.44008,-70.56051,7.1,327.7,511.0,ABIGAIL,,WDD9556,37,,15,4,,,B
367313060,2023-07-19T17:36:31,42.44343,-70.56323,7.3,330.4,511.0,ABIGAIL,,WDD9556,37,,15,4,,,B
366999710,2023-06-23T17:16:31,42.45223,-70.56920,14.6,111.0,109.0,CG STURGEON,,NTGT,90,0,26,5,,55,A
366999710,2023-06-23T17:17:36,42.45064,-70.56371,14.8,110.8,110.0,CG STURGEON,,NTGT,90,0,26,5,,55,A
366999710,2023-06-23T17:18:42,42.44904,-70.55825,14.7,111.2,110.0,CG STURGEON,,NTGT,90,0,26,5,,55,A
366999710,2023-06-23T17:19:48,42.44742,-70.55272,14.5,111.2,110.0,CG STURGEON,,NTGT,90,0,26,5,,55,A
366999710,2023-06-23T17:20:50,42.44592,-70.54754,14.5,107.7,101.0,CG STURGEON,,NTGT,90,0,26,5,,55,A
366999710,2023-06-23T17:21:52,42.44552,-70.54207,14.5,93.6,92.0,CG STURGEON,,NTGT,90,0,26,5,,55,A
366999710,2023-06-23T17:22:55,42.44519,-70.53642,15.1,92.9,91.0,CG STURGEON,,NTGT,90,0,26,5,,55,A
366999710,2023-06-23T17:23:56,42.44613,-70.53112,15.1,73.8,73.0,CG STURGEON,,NTGT,90,0,26,5,,55,A
366999710,2023-06-23T17:24:59,42.44683,-70.52577,13.3,83.9,83.0,CG STURGEON,,NTGT,90,0,26,5,,55,A
338053903,2023-05-31T15:45:44,42.45408,-70.52871,8.6,179.1,511.0,WHITE CAPS,,,37,,14,,,,B
338053903,2023-05-31T15:47:44,42.44928,-70.52843,8.7,178.9,511.0,WHITE CAPS,,,37,,14,,,,B
338053903,2023-05-31T15:48:45,42.44681,-70.52827,8.9,177.4,511.0,WHITE CAPS,,,37,,14,,,,B
338053903,2023-05-31T15:50:43,42.44202,-70.52800,8.7,177.4,511.0,WHITE CAPS,,,37,,14,,,,B
338053903,2023-05-31T15:52:13,42.43839,-70.52780,8.9,176.3,511.0,WHITE CAPS,,,37,,14,,,,B
338053903,2023-05-31T15:53:44,42.43472,-70.52759,9.0,176.2,511.0,WHITE CAPS,,,37,,14,,,,B
338053903,2023-05-31T15:55:14,42.43114,-70.52742,8.6,179.6,511.0,WHITE CAPS,,,37,,14,,,,B
338053903,2023-05-31T15:56:46,42.42739,-70.52714,8.8,173.0,511.0,WHITE CAPS,,,37,,14,,,,B
338053903,2023-05-31T15:58:13,42.42389,-70.52693,8.6,175.5,511.0,WHITE CAPS,,,37,,14,,,,B
338053903,2023-05-31T15:59:43,42.42026,-70.52669,8.4,176.1,511.0,WHITE CAPS,,,37,,14,,,,B
338166954,2023-06-25T16:00:07,42.43174,-70.56990,11.1,3.4,511.0,IRISH ROVER,,,37,,17,,,,B
338166954,2023-06-25T16:02:08,42.43784,-70.56958,11.0,2.3,511.0,IRISH ROVER,,,37,,17,,,,B
338166954,2023-06-25T16:08:07,42.45577,-70.56867,10.8,3.0,511.0,IRISH ROVER,,,37,,17,,,,B
367793890,2023-07-01T21:49:39,42.45453,-70.52186,7.0,176.1,511.0,MATILDA,,WDJ6053,37,,,,,,B
367793890,2023-07-01T21:51:09,42.45157,-70.52159,6.0,164.2,511.0,MATILDA,,WDJ6053,37,,,,,,B
367793890,2023-07-01T21:52:10,42.44960,-70.52145,6.4,173.8,511.0,MATILDA,,WDJ6053,37,,,,,,B
319365000,2023-07-21T19:21:00,42.42120,-70.54625,9.8,327.0,326.0,AVENTURA,,ZCOC4,37,1,,,,36,A
319365000,2023-07-21T19:22:10,42.42395,-70.54866,10.3,326.8,327.0,AVENTURA,,ZCOC4,37,1,,,,36,A
319365000,2023-07-21T19:23:21,42.42671,-70.55105,9.8,326.0,324.0,AVENTURA,,ZCOC4,37,1,,,,36,A
319365000,2023-07-21T19:24:30,42.42935,-70.55345,9.9,324.6,327.0,AVENTURA,,ZCOC4,37,1,,,,36,A
319365000,2023-07-21T19:25:31,42.43164,-70.55544,9.9,327.5,327.0,AVENTURA,,ZCOC4,37,1,,,,36,A
319365000,2023-07-21T19:26:41,42.43438,-70.55767,9.9,327.8,326.0,AVENTURA,,ZCOC4,37,1,,,,36,A
319365000,2023-07-21T19:27:49,42.43697,-70.56006,10.0,324.8,326.0,AVENTURA,,ZCOC4,37,1,,,,36,A
319365000,2023-07-21T19:28:50,42.43918,-70.56222,9.9,323.3,323.0,AVENTURA,,ZCOC4,37,1,,,,36,A
319365000,2023-07-21T19:29:59,42.44176,-70.56473,9.9,325.2,324.0,AVENTURA,,ZCOC4,37,1,,,,36,A
319365000,2023-07-21T19:31:10,42.44445,-70.56727,9.9,324.9,326.0,AVENTURA,,ZCOC4,37,1,,,,36,A
319365000,2023-07-21T19:32:20,42.44709,-70.56966,9.9,326.6,329.0,AVENTURA,,ZCOC4,37,1,,,,36,A
366999710,2023-06-26T19:15:44,42.44178,-70.56965,5.8,76.1,83.0,CG STURGEON,,NTGT,90,0,26,5,,55,A
366999710,2023-06-26T19:16:54,42.44225,-70.56710,6.0,74.3,81.0,CG STURGEON,,NTGT,90,0,26,5,,55,A
366999710,2023-06-26T19:18:04,42.44272,-70.56456,6.0,78.3,84.0,CG STURGEON,,NTGT,90,0,26,5,,55,A
366999710,2023-06-26T19:19:14,42.44319,-70.56204,6.1,74.4,80.0,CG STURGEON,,NTGT,90,0,26,5,,55,A
366999710,2023-06-26T19:20:24,42.44362,-70.55949,6.0,78.2,82.0,CG STURGEON,,NTGT,90,0,26,5,,55,A
366999710,2023-06-26T19:21:34,42.44409,-70.55700,6.0,75.2,80.0,CG STURGEON,,NTGT,90,0,26,5,,55,A
366999710,2023-06-26T19:22:45,42.44455,-70.55441,5.9,75.2,81.0,CG STURGEON,,NTGT,90,0,26,5,,55,A
366999710,2023-06-26T19:23:55,42.44501,-70.55190,6.0,77.3,83.0,CG STURGEON,,NTGT,90,0,26,5,,55,A
366999710,2023-06-26T19:25:04,42.44543,-70.54940,5.6,74.9,79.0,CG STURGEON,,NTGT,90,0,26,5,,55,A
366999710,2023-06-26T19:26:08,42.44587,-70.54580,15.9,83.7,83.0,CG STURGEON,,NTGT,90,0,26,5,,55,A
366999710,2023-06-26T19:27:09,42.44684,-70.53910,18.7,75.9,75.0,CG STURGEON,,NTGT,90,0,26,5,,55,A
366999710,2023-06-26T19:28:15,42.44828,-70.53174,17.9,73.6,73.0,CG STURGEON,,NTGT,90,0,26,5,,55,A
366999710,2023-06-26T19:29:20,42.44971,-70.52451,17.7,75.0,75.0,CG STURGEON,,NTGT,90,0,26,5,,55,A
366999710,2023-07-17T19:52:37,42.42048,-70.54993,14.4,81.4,81.0,CG STURGEON,,NTGT,90,0,26,5,,55,A
366999710,2023-07-17T19:53:43,42.42096,-70.54401,14.4,85.2,82.0,CG STURGEON,,NTGT,90,0,26,5,,55,A
366999710,2023-07-17T19:54:48,42.42143,-70.53816,14.5,85.0,83.0,CG STURGEON,,NTGT,90,0,26,5,,55,A
366999710,2023-07-17T19:55:54,42.42196,-70.53228,14.8,84.5,83.0,CG STURGEON,,NTGT,90,0,26,5,,55,A
366999710,2023-07-17T19:57:00,42.42245,-70.52640,14.5,84.0,82.0,CG STURGEON,,NTGT,90,0,26,5,,55,A
338354262,2023-06-06T12:54:44,42.43682,-70.52532,4.1,315.7,322.0,MERIDIAN VOYAGER,,,36,,15,4,,,B
338354262,2023-06-06T12:56:44,42.43853,-70.52792,4.5,315.7,321.0,MERIDIAN VOYAGER,,,36,,15,4,,,B
338354262,2023-06-06T13:00:12,42.44150,-70.53231,4.7,319.9,322.0,MERIDIAN VOYAGER,,,36,,15,4,,,B
338354262,2023-06-06T13:02:42,42.44362,-70.53543,4.3,315.6,321.0,MERIDIAN VOYAGER,,,36,,15,4,,,B
338354262,2023-06-06T13:08:42,42.44871,-70.54287,4.2,308.8,323.0,MERIDIAN VOYAGER,,,36,,15,4,,,B
338354262,2023-06-06T13:10:42,42.45048,-70.54540,4.9,312.8,323.0,MERIDIAN VOYAGER,,,36,,15,4,,,B
338354262,2023-06-06T13:12:43,42.45217,-70.54776,4.8,309.3,323.0,MERIDIAN VOYAGER,,,36,,15,4,,,B
319259200,2023-06-10T16:19:52,42.44754,-70.52411,20.5,356.5,36.0,TENACIOUS,,ZGPO4,37,,27,6,,,B
367737030,2023-06-16T12:31:06,42.45582,-70.56611,4.5,175.8,511.0,MERCURY,,,36,,14,4,,,B
367737030,2023-06-16T12:32:07,42.45455,-70.56600,4.5,178.0,511.0,MERCURY,,,36,,14,4,,,B
367737030,2023-06-16T12:33:37,42.45270,-70.56581,4.4,178.2,511.0,MERCURY,,,36,,14,4,,,B
367737030,2023-06-16T12:36:06,42.44975,-70.56553,4.2,177.9,511.0,MERCURY,,,36,,14,4,,,B
367737030,2023-06-16T12:38:06,42.44756,-70.56529,4.1,176.8,511.0,MERCURY,,,36,,14,4,,,B
367737030,2023-06-16T12:39:36,42.44596,-70.56513,4.0,175.0,511.0,MERCURY,,,36,,14,4,,,B
367737030,2023-06-16T12:40:37,42.44490,-70.56502,3.9,176.3,511.0,MERCURY,,,36,,14,4,,,B
367737030,2023-06-16T12:42:36,42.44274,-70.56479,4.0,175.6,511.0,MERCURY,,,36,,14,4,,,B
367737030,2023-06-16T12:43:37,42.44164,-70.56468,4.1,174.8,511.0,MERCURY,,,36,,14,4,,,B
367737030,2023-06-16T12:45:38,42.43933,-70.56451,4.3,179.1,511.0,MERCURY,,,36,,14,4,,,B
367737030,2023-06-16T12:50:06,42.43437,-70.56413,3.6,175.7,511.0,MERCURY,,,36,,14,4,,,B
367737030,2023-06-16T12:52:07,42.43235,-70.56394,3.7,177.9,511.0,MERCURY,,,36,,14,4,,,B
367737030,2023-06-16T12:53:36,42.43084,-70.56380,3.9,175.5,511.0,MERCURY,,,36,,14,4,,,B
367737030,2023-06-16T12:55:36,42.42863,-70.56358,4.2,175.7,511.0,MERCURY,,,36,,14,4,,,B
367737030,2023-06-16T12:57:36,42.42619,-70.56332,4.3,174.1,511.0,MERCURY,,,36,,14,4,,,B
368076870,2023-06-22T10:49:34,42.45495,-70.54525,23.7,103.7,511.0,KEEPER,,,37,,9,4,,,B
368076870,2023-06-22T10:50:48,42.45275,-70.53468,23.8,108.4,511.0,KEEPER,,,37,,9,4,,,B
368076870,2023-06-22T10:51:50,42.45063,-70.52614,23.5,108.0,511.0,KEEPER,,,37,,9,4,,,B
368076870,2023-06-22T20:59:53,42.44838,-70.53138,21.8,287.1,511.0,KEEPER,,,37,,9,4,,,B
368076870,2023-06-22T21:01:28,42.45135,-70.54419,23.3,284.5,511.0,KEEPER,,,37,,9,4,,,B
368076870,2023-06-22T21:02:32,42.45348,-70.55335,24.1,287.7,511.0,KEEPER,,,37,,9,4,,,B
368076870,2023-06-22T21:03:48,42.45586,-70.56331,23.3,286.8,511.0,KEEPER,,,37,,9,4,,,B
338336533,2023-06-24T16:23:01,42.42370,-70.53115,15.0,5.9,511.0,CHRISTOPHER P,,,37,,13,4,,,B
368076870,2023-06-29T09:17:18,42.44546,-70.56908,20.5,113.9,511.0,KEEPER,,,37,,9,4,,,B
368076870,2023-06-29T09:18:32,42.44291,-70.55999,20.7,112.5,511.0,KEEPER,,,37,,9,4,,,B
368076870,2023-06-29T09:19:45,42.44064,-70.55098,20.1,105.4,511.0,KEEPER,,,37,,9,4,,,B
368076870,2023-06-29T09:21:02,42.43825,-70.54172,20.4,109.0,511.0,KEEPER,,,37,,9,4,,,B
368076870,2023-06-29T09:22:45,42.43502,-70.53077,4.3,110.2,511.0,KEEPER,,,37,,9,4,,,B
368076870,2023-06-29T09:24:01,42.43509,-70.53022,0.6,22.2,511.0,KEEPER,,,37,,9,4,,,B
368076870,2023-06-29T09:25:32,42.43335,-70.52564,18.4,122.2,511.0,KEEPER,,,37,,9,4,,,B
367529770,2023-06-30T18:11:11,42.45529,-70.54612,18.3,142.3,511.0,PRIVATEER IV,,WDG3800,60,0,27,7,,69,A
367529770,2023-06-30T18:12:16,42.45092,-70.54144,17.9,137.6,511.0,PRIVATEER IV,,WDG3800,60,0,27,7,,69,A
367529770,2023-06-30T18:13:23,42.44714,-70.53595,18.5,128.9,511.0,PRIVATEER IV,,WDG3800,60,0,27,7,,69,A
367529770,2023-06-30T18:14:29,42.44337,-70.53046,17.7,134.7,511.0,PRIVATEER IV,,WDG3800,60,0,27,7,,69,A
367529770,2023-06-30T18:15:35,42.43957,-70.52505,18.3,134.0,511.0,PRIVATEER IV,,WDG3800,60,0,27,7,,69,A
367529770,2023-06-30T21:01:10,42.44161,-70.52189,18.9,321.0,511.0,PRIVATEER IV,,WDG3800,60,0,27,7,,69,A
367529770,2023-06-30T21:02:16,42.44581,-70.52700,19.2,319.0,511.0,PRIVATEER IV,,WDG3800,60,0,27,7,,69,A
367529770,2023-06-30T21:03:22,42.45010,-70.53207,17.9,322.1,511.0,PRIVATEER IV,,WDG3800,60,0,27,7,,69,A
367529770,2023-06-30T21:04:34,42.45520,-70.53711,19.2,330.0,511.0,PRIVATEER IV,,WDG3800,60,0,27,7,,69,A
319259200,2023-07-01T17:54:33,42.42396,-70.52347,21.2,354.5,317.0,TENACIOUS,,ZGPO4,37,,27,6,,,B
319259200,2023-07-01T17:55:43,42.43105,-70.52457,21.3,350.9,316.0,TENACIOUS,,ZGPO4,37,,27,6,,,B
319259200,2023-07-01T17:56:48,42.43754,-70.52563,22.7,353.4,30.0,TENACIOUS,,ZGPO4,37,,27,6,,,B
319259200,2023-07-01T17:57:53,42.44424,-70.52601,21.6,358.6,36.0,TENACIOUS,,ZGPO4,37,,27,6,,,B
319259200,2023-07-01T17:59:03,42.45127,-70.52609,21.6,2.3,37.0,TENACIOUS,,ZGPO4,37,,27,6,,,B
338348877,2023-07-08T17:24:35,42.42686,-70.56822,9.5,325.5,511.0,LOON,,,37,,19,6,,,B
338413258,2023-07-02T09:38:50,42.45006,-70.52751,33.2,142.6,511.0,GUNSMOKE,,,37,,11,4,,,B
368076870,2023-07-06T11:50:13,42.45125,-70.55095,24.3,117.7,511.0,KEEPER,,,37,,9,4,,,B
368076870,2023-07-06T11:51:23,42.44809,-70.54163,24.2,102.2,511.0,KEEPER,,,37,,9,4,,,B
368076870,2023-07-06T11:52:24,42.44640,-70.53294,23.3,105.0,511.0,KEEPER,,,37,,9,4,,,B
368076870,2023-07-06T11:53:43,42.44439,-70.52142,23.2,102.9,511.0,KEEPER,,,37,,9,4,,,B
368076870,2023-07-06T11:48:58,42.45388,-70.56159,24.4,109.6,511.0,KEEPER,,,37,,9,4,,,B
368076870,2023-07-12T09:57:21,42.45503,-70.53786,24.1,101.1,511.0,KEEPER,,,37,,9,4,,,B
368076870,2023-07-12T09:58:25,42.45351,-70.52829,24.0,104.6,511.0,KEEPER,,,37,,9,4,,,B
368295920,2023-07-12T22:27:27,42.44763,-70.53960,7.0,353.4,357.0,SWEET CAROLINE,,WDN6095,36,,15,8,,,B
368295920,2023-07-12T22:29:27,42.45151,-70.54008,6.8,354.4,356.0,SWEET CAROLINE,,WDN6095,36,,15,8,,,B
368295920,2023-07-12T22:30:52,42.45423,-70.54037,6.8,355.5,356.0,SWEET CAROLINE,,WDN6095,36,,15,8,,,B
338440544,2023-07-13T13:50:02,42.44792,-70.56369,7.6,357.0,357.0,SUMMER BIRD,,,36,,12,8,,,B
338440544,2023-07-13T13:51:03,42.45006,-70.56377,6.6,355.9,359.0,SUMMER BIRD,,,36,,12,8,,,B
338440544,2023-07-13T13:52:34,42.45317,-70.56380,7.2,359.0,358.0,SUMMER BIRD,,,36,,12,8,,,B
338440544,2023-07-13T13:53:35,42.45524,-70.56385,7.6,359.4,1.0,SUMMER BIRD,,,36,,12,8,,,B
368123870,2023-07-14T16:31:12,42.44709,-70.56753,9.7,326.2,511.0,MERO,,WDL3668,37,,24,6,,,B
368295920,2023-07-12T22:13:26,42.42186,-70.53841,6.9,355.0,354.0,SWEET CAROLINE,,WDN6095,36,,15,8,,,B
368295920,2023-07-12T22:14:54,42.42468,-70.53866,6.7,353.7,354.0,SWEET CAROLINE,,WDN6095,36,,15,8,,,B
368295920,2023-07-12T22:16:26,42.42746,-70.53959,6.8,345.5,345.0,SWEET CAROLINE,,WDN6095,36,,15,8,,,B
368295920,2023-07-12T22:18:26,42.43121,-70.54020,6.9,357.0,359.0,SWEET CAROLINE,,WDN6095,36,,15,8,,,B
368295920,2023-07-12T22:19:27,42.43303,-70.53957,7.0,52.3,57.0,SWEET CAROLINE,,WDN6095,36,,15,8,,,B
368295920,2023-07-12T22:20:52,42.43501,-70.53799,6.7,351.5,351.0,SWEET CAROLINE,,WDN6095,36,,15,8,,,B
368295920,2023-07-12T22:22:52,42.43878,-70.53853,6.8,357.0,357.0,SWEET CAROLINE,,WDN6095,36,,15,8,,,B
368295920,2023-07-12T22:24:27,42.44181,-70.53890,6.8,355.7,355.0,SWEET CAROLINE,,WDN6095,36,,15,8,,,B
338440544,2023-07-13T13:37:02,42.42123,-70.56281,7.0,359.2,358.0,SUMMER BIRD,,,36,,12,8,,,B
338440544,2023-07-13T13:38:04,42.42336,-70.56286,6.9,0.2,358.0,SUMMER BIRD,,,36,,12,8,,,B
338440544,2023-07-13T13:39:33,42.42633,-70.56297,7.2,0.2,0.0,SUMMER BIRD,,,36,,12,8,,,B
338440544,2023-07-13T13:41:04,42.42946,-70.56302,7.3,358.8,0.0,SUMMER BIRD,,,36,,12,8,,,B
338440544,2023-07-13T13:42:33,42.43244,-70.56317,7.2,357.9,358.0,SUMMER BIRD,,,36,,12,8,,,B
338440544,2023-07-13T13:44:02,42.43554,-70.56330,7.5,358.6,1.0,SUMMER BIRD,,,36,,12,8,,,B
338440544,2023-07-13T13:45:34,42.43868,-70.56340,7.9,358.5,358.0,SUMMER BIRD,,,36,,12,8,,,B
338440544,2023-07-13T13:47:02,42.44172,-70.56350,7.5,359.3,0.0,SUMMER BIRD,,,36,,12,8,,,B
338440544,2023-07-13T13:48:33,42.44485,-70.56359,7.5,358.8,359.0,SUMMER BIRD,,,36,,12,8,,,B
368123870,2023-07-14T16:21:41,42.42575,-70.55001,9.6,327.5,511.0,MERO,,WDL3668,37,,24,6,,,B
368123870,2023-07-14T16:25:09,42.43348,-70.55632,9.4,328.1,511.0,MERO,,WDL3668,37,,24,6,,,B
368123870,2023-07-14T16:27:09,42.43799,-70.55994,9.4,330.4,511.0,MERO,,WDL3668,37,,24,6,,,B
368123870,2023-07-14T16:29:39,42.44360,-70.56456,9.5,328.5,511.0,MERO,,WDL3668,37,,24,6,,,B
368267410,2023-07-19T16:00:40,42.44501,-70.56827,5.1,115.2,511.0,LIMONATA,,WDN3000,36,,14,4,,,B
368267410,2023-07-19T16:02:40,42.44386,-70.56487,5.4,114.2,511.0,LIMONATA,,WDN3000,36,,14,4,,,B
368076870,2023-07-19T21:03:49,42.45586,-70.56730,26.1,284.8,511.0,KEEPER,,,37,,9,4,,,B
368267410,2023-07-19T16:28:10,42.43526,-70.52174,4.6,96.7,511.0,LIMONATA,,WDN3000,36,,14,4,,,B
368076870,2023-07-19T10:28:03,42.45322,-70.52695,23.2,101.6,511.0,KEEPER,,,37,,9,4,,,B
368267410,2023-07-19T17:46:41,42.45421,-70.52481,0.8,294.6,511.0,LIMONATA,,WDN3000,36,,14,4,,,B
368076870,2023-07-19T20:59:20,42.44787,-70.52838,25.6,289.4,511.0,KEEPER,,,37,,9,4,,,B
338451065,2023-07-17T20:18:17,42.42273,-70.52377,7.9,289.8,511.0,AT LAST,,,37,,15,6,,,B
338451065,2023-07-17T20:20:17,42.42426,-70.52959,8.3,290.4,511.0,AT LAST,,,37,,15,6,,,B
338451065,2023-07-17T20:21:46,42.42530,-70.53389,8.8,288.2,511.0,AT LAST,,,37,,15,6,,,B
338451065,2023-07-17T20:23:17,42.42643,-70.53832,7.8,288.4,511.0,AT LAST,,,37,,15,6,,,B
338451065,2023-07-17T20:24:46,42.42754,-70.54263,8.0,286.8,511.0,AT LAST,,,37,,15,6,,,B
338451065,2023-07-17T20:27:17,42.42945,-70.54987,8.0,288.5,511.0,AT LAST,,,37,,15,6,,,B
338451065,2023-07-17T20:28:47,42.43060,-70.55426,8.0,290.7,511.0,AT LAST,,,37,,15,6,,,B
338451065,2023-07-17T20:30:17,42.43178,-70.55866,8.4,288.8,511.0,AT LAST,,,37,,15,6,,,B
338451065,2023-07-17T20:31:47,42.43293,-70.56293,8.5,289.9,511.0,AT LAST,,,37,,15,6,,,B
338451065,2023-07-17T20:33:17,42.43408,-70.56731,8.0,290.3,511.0,AT LAST,,,37,,15,6,,,B
368076870,2023-07-19T10:26:47,42.45488,-70.53793,23.1,102.2,511.0,KEEPER,,,37,,9,4,,,B
368267410,2023-07-19T16:04:40,42.44268,-70.56132,5.3,114.3,511.0,LIMONATA,,WDN3000,36,,14,4,,,B
368267410,2023-07-19T16:07:40,42.44087,-70.55578,5.5,111.8,511.0,LIMONATA,,WDN3000,36,,14,4,,,B
368267410,2023-07-19T16:08:42,42.44026,-70.55383,5.4,114.3,511.0,LIMONATA,,WDN3000,36,,14,4,,,B
368267410,2023-07-19T16:10:10,42.43935,-70.55100,5.5,113.7,511.0,LIMONATA,,WDN3000,36,,14,4,,,B
368267410,2023-07-19T16:12:42,42.43778,-70.54620,5.5,115.5,511.0,LIMONATA,,WDN3000,36,,14,4,,,B
368267410,2023-07-19T16:14:39,42.43690,-70.54266,4.5,99.4,511.0,LIMONATA,,WDN3000,36,,14,4,,,B
368267410,2023-07-19T16:16:09,42.43668,-70.54045,3.8,98.9,511.0,LIMONATA,,WDN3000,36,,14,4,,,B
368267410,2023-07-19T16:17:40,42.43651,-70.53840,3.7,96.4,511.0,LIMONATA,,WDN3000,36,,14,4,,,B
368267410,2023-07-19T16:19:09,42.43633,-70.53640,3.8,95.8,511.0,LIMONATA,,WDN3000,36,,14,4,,,B
368267410,2023-07-19T16:20:40,42.43614,-70.53419,3.8,98.1,511.0,LIMONATA,,WDN3000,36,,14,4,,,B
368267410,2023-07-19T16:22:39,42.43586,-70.53107,4.5,95.8,511.0,LIMONATA,,WDN3000,36,,14,4,,,B
368267410,2023-07-19T16:24:39,42.43565,-70.52781,4.3,94.4,511.0,LIMONATA,,WDN3000,36,,14,4,,,B
368076870,2023-07-19T21:00:15,42.44964,-70.53652,24.5,285.4,511.0,KEEPER,,,37,,9,4,,,B
368076870,2023-07-19T21:02:10,42.45263,-70.55349,22.5,282.7,511.0,KEEPER,,,37,,9,4,,,B
368202170,2023-07-29T15:55:47,42.45270,-70.55563,25.1,355.8,511.0,RESURGENT,,,37,,15,5,,,B
368076870,2023-07-26T09:43:20,42.45571,-70.56481,23.0,104.5,511.0,KEEPER,,,37,,9,4,,,B
368202170,2023-07-29T15:51:49,42.42653,-70.55361,23.6,358.2,511.0,RESURGENT,,,37,,15,5,,,B
368076870,2023-07-26T09:44:25,42.45391,-70.55547,23.1,104.1,511.0,KEEPER,,,37,,9,4,,,B
368076870,2023-07-26T23:35:51,42.45380,-70.54291,23.9,291.0,511.0,KEEPER,,,37,,9,4,,,B
368076870,2023-07-26T09:46:49,42.45011,-70.53467,24.3,102.5,511.0,KEEPER,,,37,,9,4,,,B
368076870,2023-07-26T09:47:50,42.44806,-70.52599,24.0,107.2,511.0,KEEPER,,,37,,9,4,,,B
368202170,2023-07-29T15:53:18,42.43618,-70.55441,23.5,356.2,511.0,RESURGENT,,,37,,15,5,,,B
368202170,2023-07-29T15:54:19,42.44280,-70.55485,23.9,354.9,511.0,RESURGENT,,,37,,15,5,,,B
368076870,2023-07-26T23:34:36,42.45072,-70.53246,24.3,292.2,511.0,KEEPER,,,37,,9,4,,,B
368076870,2023-07-26T09:45:35,42.45214,-70.54544,23.1,104.5,511.0,KEEPER,,,37,,9,4,,,B
338420672,2023-07-30T17:21:03,42.44710,-70.56734,25.2,180.8,511.0,ELCEE,,,37,,16,5,,,B
338420672,2023-07-30T17:22:08,42.43942,-70.56779,25.8,181.6,511.0,ELCEE,,,37,,16,5,,,B
338420672,2023-07-30T17:23:12,42.43183,-70.56824,25.2,181.3,511.0,ELCEE,,,37,,16,5,,,B
338420672,2023-07-30T17:24:23,42.42362,-70.56874,25.8,182.2,511.0,ELCEE,,,37,,16,5,,,B
338420672,2023-07-30T17:19:53,42.45509,-70.56685,24.6,183.5,511.0,ELCEE,,,37,,16,5,,,B
367529770,2023-07-23T13:26:32,42.45385,-70.52508,17.8,133.9,511.0,PRIVATEER IV,,WDG3800,60,0,27,7,,69,A
367529770,2023-06-11T16:02:48,42.43825,-70.52286,18.6,322.9,511.0,PRIVATEER IV,,WDG3800,60,0,27,7,,69,A
367529770,2023-06-11T16:03:49,42.44251,-70.52728,19.3,323.7,511.0,PRIVATEER IV,,WDG3800,60,0,27,7,,69,A
367529770,2023-06-11T16:04:54,42.44705,-70.53186,18.6,324.3,511.0,PRIVATEER IV,,WDG3800,60,0,27,7,,69,A
367529770,2023-06-11T16:06:00,42.45175,-70.53643,18.8,323.2,511.0,PRIVATEER IV,,WDG3800,60,0,27,7,,69,A
367529770,2023-06-11T20:53:24,42.43129,-70.52235,18.4,322.5,511.0,PRIVATEER IV,,WDG3800,60,0,27,7,,69,A
367529770,2023-06-11T20:54:29,42.43575,-70.52687,19.0,323.8,511.0,PRIVATEER IV,,WDG3800,60,0,27,7,,69,A
367529770,2023-06-11T20:55:36,42.44030,-70.53145,18.0,320.1,511.0,PRIVATEER IV,,WDG3800,60,0,27,7,,69,A
367529770,2023-06-11T20:56:41,42.44475,-70.53604,18.7,324.4,511.0,PRIVATEER IV,,WDG3800,60,0,27,7,,69,A
367529770,2023-06-11T20:57:42,42.44907,-70.54025,18.4,326.5,511.0,PRIVATEER IV,,WDG3800,60,0,27,7,,69,A
367529770,2023-06-11T20:58:47,42.45366,-70.54478,18.3,318.1,511.0,PRIVATEER IV,,WDG3800,60,0,27,7,,69,A
367529770,2023-06-12T18:32:24,42.45534,-70.52589,19.2,322.5,511.0,PRIVATEER IV,,WDG3800,60,0,27,7,,69,A
367529770,2023-06-14T15:44:00,42.45578,-70.52710,18.3,146.2,511.0,PRIVATEER IV,,WDG3800,60,0,27,7,,69,A
367529770,2023-06-14T15:45:06,42.45135,-70.52269,18.3,145.5,511.0,PRIVATEER IV,,WDG3800,60,0,27,7,,69,A
367529770,2023-06-14T18:36:40,42.44430,-70.52267,19.1,323.7,511.0,PRIVATEER IV,,WDG3800,60,0,27,7,,69,A
367529770,2023-06-14T18:37:46,42.44836,-70.52807,18.7,312.2,511.0,PRIVATEER IV,,WDG3800,60,0,27,7,,69,A
367529770,2023-06-14T18:38:51,42.45248,-70.53322,19.2,323.5,511.0,PRIVATEER IV,,WDG3800,60,0,27,7,,69,A
367529770,2023-06-15T13:32:39,42.45569,-70.53567,19.8,143.6,511.0,PRIVATEER IV,,WDG3800,60,0,27,7,,69,A
367529770,2023-06-15T13:33:45,42.45084,-70.53087,20.4,144.6,511.0,PRIVATEER IV,,WDG3800,60,0,27,7,,69,A
367529770,2023-06-15T13:34:51,42.44574,-70.52604,20.0,141.8,511.0,PRIVATEER IV,,WDG3800,60,0,27,7,,69,A
367529770,2023-06-15T16:27:30,42.45399,-70.52420,19.5,324.1,511.0,PRIVATEER IV,,WDG3800,60,0,27,7,,69,A
367529770,2023-06-15T20:51:41,42.42395,-70.55450,18.3,335.4,511.0,PRIVATEER IV,,WDG3800,60,0,27,7,,69,A
367529770,2023-06-15T20:52:47,42.42865,-70.55790,17.8,332.1,511.0,PRIVATEER IV,,WDG3800,60,0,27,7,,69,A
367529770,2023-06-15T20:53:53,42.43357,-70.56117,17.8,333.9,511.0,PRIVATEER IV,,WDG3800,60,0,27,7,,69,A
367529770,2023-06-15T20:54:59,42.43825,-70.56480,17.7,332.5,511.0,PRIVATEER IV,,WDG3800,60,0,27,7,,69,A
367529770,2023-06-15T20:56:05,42.44294,-70.56832,18.5,329.6,511.0,PRIVATEER IV,,WDG3800,60,0,27,7,,69,A
366859760,2023-06-11T15:54:31,42.43669,-70.52307,18.7,312.4,511.0,HURRICANE II,,WDA8944,60,15,33,7,,99,A
366859760,2023-06-11T15:55:43,42.44204,-70.52713,18.6,329.3,511.0,HURRICANE II,,WDA8944,60,15,33,7,,99,A
366859760,2023-06-11T15:56:49,42.44680,-70.53142,18.1,328.1,511.0,HURRICANE II,,WDA8944,60,15,33,7,,99,A
366859760,2023-06-11T15:57:55,42.45151,-70.53575,18.4,329.8,511.0,HURRICANE II,,WDA8944,60,15,33,7,,99,A
366859760,2023-06-11T18:20:30,42.45037,-70.53965,18.7,150.1,511.0,HURRICANE II,,WDA8944,60,15,33,7,,99,A
366859760,2023-06-11T18:21:41,42.44539,-70.53474,18.9,142.8,511.0,HURRICANE II,,WDA8944,60,15,33,7,,99,A
366859760,2023-06-11T18:22:47,42.44081,-70.52982,19.0,143.1,511.0,HURRICANE II,,WDA8944,60,15,33,7,,99,A
366859760,2023-06-11T18:23:53,42.43643,-70.52473,19.1,139.2,511.0,HURRICANE II,,WDA8944,60,15,33,7,,99,A
366859760,2023-06-11T21:00:13,42.45070,-70.52156,17.9,327.1,511.0,HURRICANE II,,WDA8944,60,15,33,7,,99,A
366859760,2023-06-11T21:01:19,42.45502,-70.52596,18.0,330.2,511.0,HURRICANE II,,WDA8944,60,15,33,7,,99,A
366859760,2023-06-12T20:42:36,42.44208,-70.52529,18.1,322.3,511.0,HURRICANE II,,WDA8944,60,15,33,7,,99,A
366859760,2023-06-12T20:43:48,42.44683,-70.53026,18.1,320.6,511.0,HURRICANE II,,WDA8944,60,15,33,7,,99,A
366859760,2023-06-12T20:44:54,42.45116,-70.53503,18.3,320.9,511.0,HURRICANE II,,WDA8944,60,15,33,7,,99,A
366859760,2023-06-12T20:45:59,42.45545,-70.53958,18.0,324.8,511.0,HURRICANE II,,WDA8944,60,15,33,7,,99,A
366859760,2023-06-14T17:42:01,42.43419,-70.52421,18.2,310.2,511.0,HURRICANE II,,WDA8944,60,15,33,7,,99,A
366859760,2023-06-14T17:43:13,42.43825,-70.53055,18.0,319.5,511.0,HURRICANE II,,WDA8944,60,15,33,7,,99,A
366859760,2023-06-14T17:44:19,42.44287,-70.53508,19.1,319.5,511.0,HURRICANE II,,WDA8944,60,15,33,7,,99,A
366859760,2023-06-14T17:45:31,42.44779,-70.54042,18.6,319.2,511.0,HURRICANE II,,WDA8944,60,15,33,7,,99,A
366859760,2023-06-14T17:46:37,42.45235,-70.54532,18.8,324.8,511.0,HURRICANE II,,WDA8944,60,15,33,7,,99,A
366859760,2023-06-15T16:52:57,42.44223,-70.52215,20.2,324.4,511.0,HURRICANE II,,WDA8944,60,15,33,7,,99,A
366859760,2023-06-15T16:54:21,42.44836,-70.52812,19.5,326.8,511.0,HURRICANE II,,WDA8944,60,15,33,7,,99,A
366859760,2023-06-15T16:55:27,42.45324,-70.53287,19.6,324.0,511.0,HURRICANE II,,WDA8944,60,15,33,7,,99,A
366859760,2023-06-15T18:51:18,42.45412,-70.53165,18.6,128.9,511.0,HURRICANE II,,WDA8944,60,15,33,7,,99,A
366859760,2023-06-15T18:52:24,42.45073,-70.52543,18.6,127.9,511.0,HURRICANE II,,WDA8944,60,15,33,7,,99,A
366859760,2023-06-15T21:03:57,42.42306,-70.54405,18.5,329.2,511.0,HURRICANE II,,WDA8944,60,15,33,7,,99,A
366859760,2023-06-15T21:05:27,42.42965,-70.54926,17.2,328.6,511.0,HURRICANE II,,WDA8944,60,15,33,7,,99,A
366859760,2023-06-15T21:07:09,42.43726,-70.55506,18.6,330.6,511.0,HURRICANE II,,WDA8944,60,15,33,7,,99,A
366859760,2023-06-15T21:08:15,42.44204,-70.55921,18.6,327.5,511.0,HURRICANE II,,WDA8944,60,15,33,7,,99,A
366859760,2023-06-15T21:09:21,42.44684,-70.56335,18.5,326.6,511.0,HURRICANE II,,WDA8944,60,15,33,7,,99,A
366859760,2023-06-15T21:10:26,42.45152,-70.56735,17.6,328.5,511.0,HURRICANE II,,WDA8944,60,15,33,7,,99,A
367428538,2023-07-06T17:47:41,42.42204,-70.53651,7.9,353.8,511.0,NOR'EASTER,,WDF2474,0,0,19,6,0.0,0,A
367428538,2023-07-06T17:48:49,42.42456,-70.53692,7.8,353.0,511.0,NOR'EASTER,,WDF2474,0,0,19,6,0.0,0,A
367428538,2023-07-06T17:50:00,42.42708,-70.53737,7.8,350.2,511.0,NOR'EASTER,,WDF2474,0,0,19,6,0.0,0,A
367428538,2023-07-06T17:51:11,42.42967,-70.53781,8.1,353.9,511.0,NOR'EASTER,,WDF2474,0,0,19,6,0.0,0,A
367428538,2023-07-06T17:52:20,42.43225,-70.53823,8.0,352.6,511.0,NOR'EASTER,,WDF2474,0,0,19,6,0.0,0,A
367428538,2023-07-06T17:53:41,42.43525,-70.53871,8.1,353.1,511.0,NOR'EASTER,,WDF2474,0,0,19,6,0.0,0,A
367428538,2023-07-06T17:54:51,42.43785,-70.53915,8.0,355.1,511.0,NOR'EASTER,,WDF2474,0,0,19,6,0.0,0,A
367428538,2023-07-06T17:56:01,42.44046,-70.53955,8.1,354.4,511.0,NOR'EASTER,,WDF2474,0,0,19,6,0.0,0,A
367428538,2023-07-06T17:57:11,42.44310,-70.53997,8.2,352.1,511.0,NOR'EASTER,,WDF2474,0,0,19,6,0.0,0,A
367428538,2023-07-06T17:58:20,42.44573,-70.54021,8.2,356.2,511.0,NOR'EASTER,,WDF2474,0,0,19,6,0.0,0,A
367428538,2023-07-06T17:59:30,42.44847,-70.54044,8.4,355.7,511.0,NOR'EASTER,,WDF2474,0,0,19,6,0.0,0,A
367428538,2023-07-06T18:00:01,42.44965,-70.54054,8.5,354.8,511.0,NOR'EASTER,,WDF2474,0,0,19,6,0.0,0,A
367428538,2023-07-06T18:01:21,42.45275,-70.54084,8.3,356.2,511.0,NOR'EASTER,,WDF2474,0,0,19,6,0.0,0,A
367428538,2023-07-06T18:02:30,42.45542,-70.54109,8.4,356.1,511.0,NOR'EASTER,,WDF2474,0,0,19,6,0.0,0,A
367529770,2023-07-26T18:13:10,42.45462,-70.52430,19.2,134.0,511.0,PRIVATEER IV,,WDG3800,60,0,27,7,,69,A
367529770,2023-07-27T13:12:10,42.45394,-70.52938,19.4,135.5,511.0,PRIVATEER IV,,WDG3800,60,0,27,7,,69,A
367529770,2023-07-27T13:13:16,42.44975,-70.52371,19.3,134.0,511.0,PRIVATEER IV,,WDG3800,60,0,27,7,,69,A
367529770,2023-07-06T16:08:58,42.43716,-70.53468,18.3,338.1,511.0,PRIVATEER IV,,WDG3800,60,0,27,7,,69,A
367529770,2023-07-07T16:13:32,42.42472,-70.53599,18.7,324.8,511.0,PRIVATEER IV,,WDG3800,60,0,27,7,,69,A
367529770,2023-07-07T16:14:38,42.42980,-70.54007,19.0,329.9,511.0,PRIVATEER IV,,WDG3800,60,0,27,7,,69,A
367529770,2023-07-07T16:15:44,42.43453,-70.54448,19.1,320.4,511.0,PRIVATEER IV,,WDG3800,60,0,27,7,,69,A
367529770,2023-07-07T16:16:50,42.43856,-70.55012,19.3,327.7,511.0,PRIVATEER IV,,WDG3800,60,0,27,7,,69,A
367529770,2023-07-08T21:13:00,42.42064,-70.54529,18.7,326.3,511.0,PRIVATEER IV,,WDG3800,60,0,27,7,,69,A
367529770,2023-07-08T21:14:06,42.42574,-70.54901,18.5,330.1,511.0,PRIVATEER IV,,WDG3800,60,0,27,7,,69,A
367529770,2023-07-08T21:15:12,42.43056,-70.55306,18.7,328.0,511.0,PRIVATEER IV,,WDG3800,60,0,27,7,,69,A
367529770,2023-07-08T21:16:18,42.43574,-70.55638,18.7,331.5,511.0,PRIVATEER IV,,WDG3800,60,0,27,7,,69,A
367529770,2023-07-08T21:18:30,42.44495,-70.56506,18.0,329.3,511.0,PRIVATEER IV,,WDG3800,60,0,27,7,,69,A
367529770,2023-07-08T21:19:37,42.44980,-70.56892,18.4,329.3,511.0,PRIVATEER IV,,WDG3800,60,0,27,7,,69,A
367529770,2023-07-06T16:05:35,42.42269,-70.52154,19.1,335.8,511.0,PRIVATEER IV,,WDG3800,60,0,27,7,,69,A
367529770,2023-07-08T18:16:42,42.42003,-70.56933,18.7,152.5,511.0,PRIVATEER IV,,WDG3800,60,0,27,7,,69,A
367529770,2023-07-08T21:17:25,42.43983,-70.56179,19.2,323.5,511.0,PRIVATEER IV,,WDG3800,60,0,27,7,,69,A
367529770,2023-07-06T16:10:05,42.44189,-70.53892,18.6,325.7,511.0,PRIVATEER IV,,WDG3800,60,0,27,7,,69,A
367529770,2023-07-06T16:11:10,42.44662,-70.54272,18.9,332.1,511.0,PRIVATEER IV,,WDG3800,60,0,27,7,,69,A
367529770,2023-07-06T16:12:17,42.45162,-70.54662,18.5,325.4,511.0,PRIVATEER IV,,WDG3800,60,0,27,7,,69,A
367529770,2023-07-07T13:13:36,42.45209,-70.52493,18.7,141.2,511.0,PRIVATEER IV,,WDG3800,60,0,27,7,,69,A
367529770,2023-07-07T16:17:56,42.44334,-70.55455,18.5,325.8,511.0,PRIVATEER IV,,WDG3800,60,0,27,7,,69,A
367529770,2023-07-07T16:19:02,42.44781,-70.55940,19.2,322.0,511.0,PRIVATEER IV,,WDG3800,60,0,27,7,,69,A
367529770,2023-07-07T16:20:08,42.45276,-70.56360,19.1,329.0,511.0,PRIVATEER IV,,WDG3800,60,0,27,7,,69,A
367529770,2023-07-06T16:06:41,42.42755,-70.52575,17.9,324.8,511.0,PRIVATEER IV,,WDG3800,60,0,27,7,,69,A
367529770,2023-07-06T16:07:46,42.43177,-70.53059,18.8,324.5,511.0,PRIVATEER IV,,WDG3800,60,0,27,7,,69,A
367529770,2023-07-09T13:09:49,42.44835,-70.56290,18.6,154.7,511.0,PRIVATEER IV,,WDG3800,60,0,27,7,,69,A
367529770,2023-07-09T18:10:10,42.45014,-70.56277,18.6,156.9,511.0,PRIVATEER IV,,WDG3800,60,0,27,7,,69,A
367529770,2023-07-09T13:08:44,42.45333,-70.56651,18.5,147.0,511.0,PRIVATEER IV,,WDG3800,60,0,27,7,,69,A
367529770,2023-07-09T13:10:56,42.44284,-70.56059,18.5,159.0,511.0,PRIVATEER IV,,WDG3800,60,0,27,7,,69,A
367529770,2023-07-09T13:12:02,42.43782,-70.55738,18.8,153.4,511.0,PRIVATEER IV,,WDG3800,60,0,27,7,,69,A
367529770,2023-07-09T13:13:08,42.43279,-70.55375,18.6,149.3,511.0,PRIVATEER IV,,WDG3800,60,0,27,7,,69,A
367529770,2023-07-09T13:14:14,42.42784,-70.54976,18.5,148.4,511.0,PRIVATEER IV,,WDG3800,60,0,27,7,,69,A
367529770,2023-07-09T13:15:25,42.42254,-70.54556,18.5,150.3,511.0,PRIVATEER IV,,WDG3800,60,0,27,7,,69,A
367529770,2023-07-09T16:08:02,42.42116,-70.54777,19.3,321.3,511.0,PRIVATEER IV,,WDG3800,60,0,27,7,,69,A
367529770,2023-07-09T16:09:07,42.42620,-70.55174,19.1,337.2,511.0,PRIVATEER IV,,WDG3800,60,0,27,7,,69,A
367529770,2023-07-09T16:10:13,42.43078,-70.55650,19.1,316.1,511.0,PRIVATEER IV,,WDG3800,60,0,27,7,,69,A
367529770,2023-07-09T16:11:20,42.43584,-70.56046,19.2,324.2,511.0,PRIVATEER IV,,WDG3800,60,0,27,7,,69,A
367529770,2023-07-09T16:12:25,42.44055,-70.56484,18.4,324.8,511.0,PRIVATEER IV,,WDG3800,60,0,27,7,,69,A
367529770,2023-07-09T16:13:43,42.44662,-70.56956,19.0,323.5,511.0,PRIVATEER IV,,WDG3800,60,0,27,7,,69,A
367529770,2023-07-09T18:11:33,42.44351,-70.55871,18.4,157.6,511.0,PRIVATEER IV,,WDG3800,60,0,27,7,,69,A
367529770,2023-07-09T18:12:39,42.43854,-70.55492,18.4,149.3,511.0,PRIVATEER IV,,WDG3800,60,0,27,7,,69,A
367529770,2023-07-09T18:13:45,42.43378,-70.55098,18.5,145.4,511.0,PRIVATEER IV,,WDG3800,60,0,27,7,,69,A
367529770,2023-07-09T18:14:51,42.42909,-70.54644,18.5,154.7,511.0,PRIVATEER IV,,WDG3800,60,0,27,7,,69,A
367529770,2023-07-09T18:16:04,42.42311,-70.54384,19.1,154.0,511.0,PRIVATEER IV,,WDG3800,60,0,27,7,,69,A
367529770,2023-07-09T21:03:47,42.42363,-70.54380,19.1,330.3,511.0,PRIVATEER IV,,WDG3800,60,0,27,7,,69,A
367529770,2023-07-09T21:04:53,42.42854,-70.54789,18.6,327.7,511.0,PRIVATEER IV,,WDG3800,60,0,27,7,,69,A
367529770,2023-07-09T21:06:17,42.43484,-70.55301,18.8,329.4,511.0,PRIVATEER IV,,WDG3800,60,0,27,7,,69,A
367529770,2023-07-09T21:07:41,42.44099,-70.55845,18.7,323.2,511.0,PRIVATEER IV,,WDG3800,60,0,27,7,,69,A
367529770,2023-07-09T21:08:53,42.44650,-70.56309,19.1,330.1,511.0,PRIVATEER IV,,WDG3800,60,0,27,7,,69,A
367529770,2023-07-10T18:06:47,42.45192,-70.56679,19.1,146.2,511.0,PRIVATEER IV,,WDG3800,60,0,27,7,,69,A
367529770,2023-07-10T18:07:54,42.44712,-70.56220,18.6,141.6,511.0,PRIVATEER IV,,WDG3800,60,0,27,7,,69,A
367529770,2023-07-10T18:08:59,42.44245,-70.55765,19.4,147.9,511.0,PRIVATEER IV,,WDG3800,60,0,27,7,,69,A
367529770,2023-07-10T18:10:06,42.43769,-70.55332,18.9,145.3,511.0,PRIVATEER IV,,WDG3800,60,0,27,7,,69,A
367529770,2023-07-10T18:11:11,42.43289,-70.54910,19.1,148.2,511.0,PRIVATEER IV,,WDG3800,60,0,27,7,,69,A
367529770,2023-07-10T18:12:17,42.42822,-70.54455,18.4,146.8,511.0,PRIVATEER IV,,WDG3800,60,0,27,7,,69,A
367529770,2023-07-10T18:13:18,42.42365,-70.54101,19.0,149.2,511.0,PRIVATEER IV,,WDG3800,60,0,27,7,,69,A
367529770,2023-07-10T21:00:09,42.42017,-70.52994,20.0,328.8,511.0,PRIVATEER IV,,WDG3800,60,0,27,7,,69,A
367529770,2023-07-10T21:01:15,42.42486,-70.53452,19.0,314.0,511.0,PRIVATEER IV,,WDG3800,60,0,27,7,,69,A
367529770,2023-07-10T21:02:16,42.42916,-70.53842,18.5,334.8,511.0,PRIVATEER IV,,WDG3800,60,0,27,7,,69,A
367529770,2023-07-10T21:03:27,42.43438,-70.54310,18.0,320.0,511.0,PRIVATEER IV,,WDG3800,60,0,27,7,,69,A
367529770,2023-07-10T21:04:33,42.43915,-70.54746,18.3,326.3,511.0,PRIVATEER IV,,WDG3800,60,0,27,7,,69,A
367529770,2023-07-10T21:05:40,42.44386,-70.55211,17.5,317.2,511.0,PRIVATEER IV,,WDG3800,60,0,27,7,,69,A
367529770,2023-07-10T21:06:45,42.44873,-70.55642,19.4,329.7,511.0,PRIVATEER IV,,WDG3800,60,0,27,7,,69,A
367529770,2023-07-10T21:07:51,42.45337,-70.56100,18.4,332.1,511.0,PRIVATEER IV,,WDG3800,60,0,27,7,,69,A
367529770,2023-07-09T18:08:57,42.45567,-70.56666,18.5,150.6,511.0,PRIVATEER IV,,WDG3800,60,0,27,7,,69,A
367529770,2023-07-09T21:10:34,42.45399,-70.56931,18.7,329.7,511.0,PRIVATEER IV,,WDG3800,60,0,27,7,,69,A
366859760,2023-06-30T14:51:13,42.45437,-70.52699,18.7,144.2,511.0,HURRICANE II,,WDA8944,60,15,33,7,,99,A
366859760,2023-06-30T14:52:20,42.45012,-70.52178,19.0,138.1,511.0,HURRICANE II,,WDA8944,60,15,33,7,,99,A
366859760,2023-06-30T17:43:01,42.44251,-70.52537,18.6,321.5,511.0,HURRICANE II,,WDA8944,60,15,33,7,,99,A
366859760,2023-06-30T17:44:14,42.44766,-70.53054,18.7,326.4,511.0,HURRICANE II,,WDA8944,60,15,33,7,,99,A
366859760,2023-06-30T17:45:19,42.45274,-70.53416,18.8,334.8,511.0,HURRICANE II,,WDA8944,60,15,33,7,,99,A
367373450,2023-06-12T14:05:01,42.42083,-70.56996,7.4,342.4,511.0,MIDNIGHT SUN,IMO8941418,WDE5929,30,,24,7,,,B
367612040,2023-07-30T21:47:55,42.45566,-70.54275,8.3,181.1,511.0,OCEAN VENTURE,IMO9759587,WDH3896,30,,21,9,,,B
367612040,2023-07-30T21:49:27,42.45211,-70.54280,8.7,177.4,511.0,OCEAN VENTURE,IMO9759587,WDH3896,30,,21,9,,,B
367612040,2023-07-30T21:50:56,42.44857,-70.54290,8.8,184.9,511.0,OCEAN VENTURE,IMO9759587,WDH3896,30,,21,9,,,B
367612040,2023-07-30T21:52:57,42.44383,-70.54310,8.7,187.0,511.0,OCEAN VENTURE,IMO9759587,WDH3896,30,,21,9,,,B
367612040,2023-07-30T21:54:57,42.43916,-70.54330,8.6,181.4,511.0,OCEAN VENTURE,IMO9759587,WDH3896,30,,21,9,,,B
367612040,2023-07-30T21:56:26,42.43567,-70.54343,8.7,180.8,511.0,OCEAN VENTURE,IMO9759587,WDH3896,30,,21,9,,,B
367612040,2023-07-30T21:57:57,42.43204,-70.54357,8.8,182.6,511.0,OCEAN VENTURE,IMO9759587,WDH3896,30,,21,9,,,B
367612040,2023-07-30T21:59:26,42.42858,-70.54370,8.6,182.1,511.0,OCEAN VENTURE,IMO9759587,WDH3896,30,,21,9,,,B
367612040,2023-07-30T22:01:57,42.42257,-70.54388,8.4,182.2,511.0,OCEAN VENTURE,IMO9759587,WDH3896,30,,21,9,,,B
367529770,2023-07-01T13:13:33,42.45391,-70.54060,18.0,139.6,511.0,PRIVATEER IV,,WDG3800,60,0,27,7,,69,A
367529770,2023-07-01T13:14:39,42.44925,-70.53618,18.3,152.2,511.0,PRIVATEER IV,,WDG3800,60,0,27,7,,69,A
367529770,2023-07-01T13:15:45,42.44436,-70.53235,18.6,143.0,511.0,PRIVATEER IV,,WDG3800,60,0,27,7,,69,A
367529770,2023-07-01T13:16:50,42.43969,-70.52828,18.4,150.4,511.0,PRIVATEER IV,,WDG3800,60,0,27,7,,69,A
367529770,2023-07-01T13:17:57,42.43493,-70.52428,18.7,150.4,511.0,PRIVATEER IV,,WDG3800,60,0,27,7,,69,A
367529770,2023-07-01T16:11:00,42.43724,-70.52524,17.0,317.9,511.0,PRIVATEER IV,,WDG3800,60,0,27,7,,69,A
367529770,2023-07-01T16:12:06,42.44212,-70.52870,18.6,326.2,511.0,PRIVATEER IV,,WDG3800,60,0,27,7,,69,A
367529770,2023-07-01T16:13:12,42.44604,-70.53395,19.6,324.5,511.0,PRIVATEER IV,,WDG3800,60,0,27,7,,69,A
367529770,2023-07-01T16:14:18,42.45048,-70.53829,16.2,316.5,511.0,PRIVATEER IV,,WDG3800,60,0,27,7,,69,A
367529770,2023-07-01T16:15:23,42.45454,-70.54311,17.7,316.4,511.0,PRIVATEER IV,,WDG3800,60,0,27,7,,69,A
367529770,2023-07-01T21:01:10,42.42492,-70.52373,18.1,316.1,511.0,PRIVATEER IV,,WDG3800,60,0,27,7,,69,A
367529770,2023-07-01T21:02:16,42.42913,-70.52899,19.0,315.0,511.0,PRIVATEER IV,,WDG3800,60,0,27,7,,69,A
367529770,2023-07-01T21:03:22,42.43379,-70.53388,18.7,318.8,511.0,PRIVATEER IV,,WDG3800,60,0,27,7,,69,A
367529770,2023-07-01T21:04:35,42.43839,-70.53967,19.4,325.1,511.0,PRIVATEER IV,,WDG3800,60,0,27,7,,69,A
367529770,2023-07-01T21:05:41,42.44277,-70.54453,18.4,323.7,511.0,PRIVATEER IV,,WDG3800,60,0,27,7,,69,A
367529770,2023-07-01T21:06:53,42.44749,-70.54996,19.6,326.3,511.0,PRIVATEER IV,,WDG3800,60,0,27,7,,69,A
367529770,2023-07-01T21:07:58,42.45221,-70.55457,18.4,323.7,511.0,PRIVATEER IV,,WDG3800,60,0,27,7,,69,A
367529770,2023-07-03T16:02:22,42.42279,-70.53492,18.3,326.7,511.0,PRIVATEER IV,,WDG3800,60,0,27,7,,69,A
367529770,2023-07-03T16:03:29,42.42748,-70.53923,18.2,323.6,511.0,PRIVATEER IV,,WDG3800,60,0,27,7,,69,A
367529770,2023-07-03T18:15:24,42.43179,-70.53848,18.8,148.2,511.0,PRIVATEER IV,,WDG3800,60,0,27,7,,69,A
367529770,2023-07-03T18:16:31,42.42691,-70.53397,19.3,143.5,511.0,PRIVATEER IV,,WDG3800,60,0,27,7,,69,A
367529770,2023-07-03T21:03:24,42.42158,-70.53832,18.7,327.8,511.0,PRIVATEER IV,,WDG3800,60,0,27,7,,69,A
367529770,2023-07-04T18:15:50,42.42422,-70.53805,19.2,145.6,511.0,PRIVATEER IV,,WDG3800,60,0,27,7,,69,A
367529770,2023-07-05T16:16:07,42.43334,-70.53523,18.5,325.4,511.0,PRIVATEER IV,,WDG3800,60,0,27,7,,69,A
367529770,2023-07-05T16:17:12,42.43819,-70.53947,18.9,325.6,511.0,PRIVATEER IV,,WDG3800,60,0,27,7,,69,A
367529770,2023-07-05T18:16:26,42.42226,-70.53851,18.7,151.7,511.0,PRIVATEER IV,,WDG3800,60,0,27,7,,69,A
367529770,2023-07-05T21:07:51,42.42497,-70.53608,18.6,327.8,511.0,PRIVATEER IV,,WDG3800,60,0,27,7,,69,A
367529770,2023-07-05T21:08:57,42.42984,-70.54032,19.2,327.4,511.0,PRIVATEER IV,,WDG3800,60,0,27,7,,69,A
367529770,2023-07-02T16:08:43,42.42068,-70.54365,17.7,329.3,511.0,PRIVATEER IV,,WDG3800,60,0,27,7,,69,A
367529770,2023-07-02T16:09:49,42.42560,-70.54740,17.3,324.7,511.0,PRIVATEER IV,,WDG3800,60,0,27,7,,69,A
367529770,2023-07-02T16:10:55,42.43022,-70.55159,18.2,327.6,511.0,PRIVATEER IV,,WDG3800,60,0,27,7,,69,A
367529770,2023-07-02T16:12:01,42.43517,-70.55511,18.0,337.5,511.0,PRIVATEER IV,,WDG3800,60,0,27,7,,69,A
367529770,2023-07-02T16:13:07,42.44006,-70.55880,19.0,334.1,511.0,PRIVATEER IV,,WDG3800,60,0,27,7,,69,A
367529770,2023-07-02T18:13:56,42.43869,-70.55611,17.8,148.3,511.0,PRIVATEER IV,,WDG3800,60,0,27,7,,69,A
367529770,2023-07-02T18:15:01,42.43429,-70.55170,17.7,139.8,511.0,PRIVATEER IV,,WDG3800,60,0,27,7,,69,A
367529770,2023-07-02T18:16:07,42.42968,-70.54757,18.7,153.0,511.0,PRIVATEER IV,,WDG3800,60,0,27,7,,69,A
367529770,2023-07-02T18:17:13,42.42497,-70.54354,18.3,142.0,511.0,PRIVATEER IV,,WDG3800,60,0,27,7,,69,A
367529770,2023-07-02T21:11:32,42.42449,-70.54619,18.0,325.1,511.0,PRIVATEER IV,,WDG3800,60,0,27,7,,69,A
367529770,2023-07-02T21:12:39,42.42950,-70.55022,18.9,331.4,511.0,PRIVATEER IV,,WDG3800,60,0,27,7,,69,A
367529770,2023-07-02T21:13:44,42.43433,-70.55417,18.0,329.0,511.0,PRIVATEER IV,,WDG3800,60,0,27,7,,69,A
367529770,2023-07-02T21:14:50,42.43931,-70.55781,19.4,329.8,511.0,PRIVATEER IV,,WDG3800,60,0,27,7,,69,A
367529770,2023-07-03T16:04:34,42.43206,-70.54348,18.3,324.8,511.0,PRIVATEER IV,,WDG3800,60,0,27,7,,69,A
367529770,2023-07-03T16:05:40,42.43645,-70.54764,16.3,324.0,511.0,PRIVATEER IV,,WDG3800,60,0,27,7,,69,A
367529770,2023-07-03T16:06:46,42.44076,-70.55201,17.4,322.3,511.0,PRIVATEER IV,,WDG3800,60,0,27,7,,69,A
367529770,2023-07-03T18:14:19,42.43704,-70.54218,19.2,150.7,511.0,PRIVATEER IV,,WDG3800,60,0,27,7,,69,A
367529770,2023-07-03T21:04:31,42.42629,-70.54314,18.5,320.8,511.0,PRIVATEER IV,,WDG3800,60,0,27,7,,69,A
367529770,2023-07-03T21:05:42,42.43110,-70.54804,18.5,322.4,511.0,PRIVATEER IV,,WDG3800,60,0,27,7,,69,A
367529770,2023-07-03T21:06:48,42.43581,-70.55254,18.4,326.0,511.0,PRIVATEER IV,,WDG3800,60,0,27,7,,69,A
367529770,2023-07-03T21:07:54,42.44032,-70.55714,18.5,323.7,511.0,PRIVATEER IV,,WDG3800,60,0,27,7,,69,A
367529770,2023-07-04T18:12:26,42.43989,-70.55044,19.0,151.6,511.0,PRIVATEER IV,,WDG3800,60,0,27,7,,69,A
367529770,2023-07-04T18:13:33,42.43483,-70.54627,18.8,148.9,511.0,PRIVATEER IV,,WDG3800,60,0,27,7,,69,A
367529770,2023-07-04T18:14:38,42.42978,-70.54255,19.1,154.8,511.0,PRIVATEER IV,,WDG3800,60,0,27,7,,69,A
367529770,2023-07-04T21:03:19,42.42135,-70.54837,19.2,333.4,511.0,PRIVATEER IV,,WDG3800,60,0,27,7,,69,A
367529770,2023-07-04T21:04:30,42.42682,-70.55284,19.1,327.9,511.0,PRIVATEER IV,,WDG3800,60,0,27,7,,69,A
367529770,2023-07-04T21:05:36,42.43191,-70.55682,18.5,325.2,511.0,PRIVATEER IV,,WDG3800,60,0,27,7,,69,A
367529770,2023-07-05T18:13:08,42.43677,-70.55031,18.5,144.5,511.0,PRIVATEER IV,,WDG3800,60,0,27,7,,69,A
367529770,2023-07-05T18:14:13,42.43209,-70.54604,18.5,145.1,511.0,PRIVATEER IV,,WDG3800,60,0,27,7,,69,A
367529770,2023-07-05T18:15:20,42.42731,-70.54206,18.5,152.9,511.0,PRIVATEER IV,,WDG3800,60,0,27,7,,69,A
367529770,2023-07-05T21:09:58,42.43417,-70.54427,18.8,327.6,511.0,PRIVATEER IV,,WDG3800,60,0,27,7,,69,A
367529770,2023-07-05T21:11:03,42.43895,-70.54856,18.6,328.2,511.0,PRIVATEER IV,,WDG3800,60,0,27,7,,69,A
367529770,2023-07-02T16:14:08,42.44452,-70.56229,18.0,330.2,511.0,PRIVATEER IV,,WDG3800,60,0,27,7,,69,A
367529770,2023-07-02T16:15:13,42.44921,-70.56609,18.1,326.1,511.0,PRIVATEER IV,,WDG3800,60,0,27,7,,69,A
367529770,2023-07-02T18:11:38,42.44905,-70.56343,18.5,143.2,511.0,PRIVATEER IV,,WDG3800,60,0,27,7,,69,A
367529770,2023-07-02T21:15:56,42.44434,-70.56155,18.2,331.8,511.0,PRIVATEER IV,,WDG3800,60,0,27,7,,69,A
367529770,2023-07-02T21:17:02,42.44921,-70.56564,17.9,324.2,511.0,PRIVATEER IV,,WDG3800,60,0,27,7,,69,A
367529770,2023-07-03T16:08:58,42.44950,-70.56111,17.9,321.1,511.0,PRIVATEER IV,,WDG3800,60,0,27,7,,69,A
367529770,2023-07-03T21:09:00,42.44493,-70.56158,19.0,322.7,511.0,PRIVATEER IV,,WDG3800,60,0,27,7,,69,A
367529770,2023-07-03T21:10:06,42.44940,-70.56611,18.7,320.9,511.0,PRIVATEER IV,,WDG3800,60,0,27,7,,69,A
367529770,2023-07-04T21:08:49,42.44676,-70.56885,20.1,327.8,511.0,PRIVATEER IV,,WDG3800,60,0,27,7,,69,A
367529770,2023-07-02T18:18:19,42.42055,-70.53889,18.3,142.9,511.0,PRIVATEER IV,,WDG3800,60,0,27,7,,69,A
367529770,2023-07-05T21:06:46,42.42013,-70.53179,18.7,325.7,511.0,PRIVATEER IV,,WDG3800,60,0,27,7,,69,A
367529770,2023-07-04T21:06:42,42.43696,-70.56107,19.5,322.4,511.0,PRIVATEER IV,,WDG3800,60,0,27,7,,69,A
367529770,2023-07-04T21:07:43,42.44154,-70.56497,19.3,331.2,511.0,PRIVATEER IV,,WDG3800,60,0,27,7,,69,A
367529770,2023-07-02T13:14:26,42.45357,-70.53363,18.1,133.9,511.0,PRIVATEER IV,,WDG3800,60,0,27,7,,69,A
367529770,2023-07-02T13:15:32,42.44954,-70.52841,18.1,140.2,511.0,PRIVATEER IV,,WDG3800,60,0,27,7,,69,A
367529770,2023-07-02T13:16:37,42.44533,-70.52346,17.8,139.6,511.0,PRIVATEER IV,,WDG3800,60,0,27,7,,69,A
367529770,2023-07-02T18:12:50,42.44354,-70.55971,17.5,156.2,511.0,PRIVATEER IV,,WDG3800,60,0,27,7,,69,A
367529770,2023-07-03T13:11:46,42.45324,-70.53916,17.3,146.1,511.0,PRIVATEER IV,,WDG3800,60,0,27,7,,69,A
367529770,2023-07-03T13:13:10,42.44771,-70.53348,17.9,137.8,511.0,PRIVATEER IV,,WDG3800,60,0,27,7,,69,A
367529770,2023-07-03T13:15:03,42.44125,-70.52447,17.8,136.4,511.0,PRIVATEER IV,,WDG3800,60,0,27,7,,69,A
367529770,2023-07-03T16:07:53,42.44524,-70.55649,17.9,324.4,511.0,PRIVATEER IV,,WDG3800,60,0,27,7,,69,A
367529770,2023-07-03T18:11:00,42.45245,-70.55410,19.4,146.5,511.0,PRIVATEER IV,,WDG3800,60,0,27,7,,69,A
367529770,2023-07-03T18:12:07,42.44750,-70.54970,18.6,142.2,511.0,PRIVATEER IV,,WDG3800,60,0,27,7,,69,A
367529770,2023-07-03T18:13:13,42.44226,-70.54589,18.9,155.1,511.0,PRIVATEER IV,,WDG3800,60,0,27,7,,69,A
367529770,2023-07-04T18:10:08,42.45022,-70.55884,18.9,152.7,511.0,PRIVATEER IV,,WDG3800,60,0,27,7,,69,A
367529770,2023-07-04T18:11:14,42.44527,-70.55475,19.1,150.2,511.0,PRIVATEER IV,,WDG3800,60,0,27,7,,69,A
367529770,2023-07-05T13:13:21,42.45185,-70.53560,18.4,146.9,511.0,PRIVATEER IV,,WDG3800,60,0,27,7,,69,A
367529770,2023-07-05T13:14:27,42.44706,-70.53165,17.8,149.6,511.0,PRIVATEER IV,,WDG3800,60,0,27,7,,69,A
367529770,2023-07-05T13:15:33,42.44219,-70.52783,18.6,148.4,511.0,PRIVATEER IV,,WDG3800,60,0,27,7,,69,A
367529770,2023-07-05T16:18:17,42.44295,-70.54362,18.4,326.5,511.0,PRIVATEER IV,,WDG3800,60,0,27,7,,69,A
367529770,2023-07-05T16:19:18,42.44729,-70.54744,19.0,329.3,511.0,PRIVATEER IV,,WDG3800,60,0,27,7,,69,A
367529770,2023-07-05T16:20:30,42.45276,-70.55185,17.9,327.6,511.0,PRIVATEER IV,,WDG3800,60,0,27,7,,69,A
367529770,2023-07-05T18:10:55,42.44628,-70.55863,18.8,147.1,511.0,PRIVATEER IV,,WDG3800,60,0,27,7,,69,A
367529770,2023-07-05T18:12:02,42.44148,-70.55453,18.1,147.8,511.0,PRIVATEER IV,,WDG3800,60,0,27,7,,69,A
367529770,2023-07-05T21:12:16,42.44439,-70.55307,19.1,326.2,511.0,PRIVATEER IV,,WDG3800,60,0,27,7,,69,A
367529770,2023-07-05T21:13:22,42.44924,-70.55738,19.3,326.7,511.0,PRIVATEER IV,,WDG3800,60,0,27,7,,69,A
367529770,2023-07-02T18:10:20,42.45418,-70.56901,18.5,144.4,511.0,PRIVATEER IV,,WDG3800,60,0,27,7,,69,A
367529770,2023-07-02T21:18:08,42.45393,-70.56986,18.5,332.8,511.0,PRIVATEER IV,,WDG3800,60,0,27,7,,69,A
367529770,2023-07-03T16:10:04,42.45385,-70.56563,17.8,320.9,511.0,PRIVATEER IV,,WDG3800,60,0,27,7,,69,A
367529770,2023-07-05T18:09:50,42.45119,-70.56236,18.6,152.4,511.0,PRIVATEER IV,,WDG3800,60,0,27,7,,69,A
367529770,2023-07-05T21:14:28,42.45403,-70.56156,19.0,327.9,511.0,PRIVATEER IV,,WDG3800,60,0,27,7,,69,A
367529770,2023-07-03T18:17:37,42.42220,-70.52931,19.4,146.8,511.0,PRIVATEER IV,,WDG3800,60,0,27,7,,69,A
367529770,2023-07-05T13:16:39,42.43741,-70.52381,18.3,145.2,511.0,PRIVATEER IV,,WDG3800,60,0,27,7,,69,A
367529770,2023-07-05T16:13:42,42.42264,-70.52629,19.4,331.7,511.0,PRIVATEER IV,,WDG3800,60,0,27,7,,69,A
367529770,2023-07-05T16:14:54,42.42805,-70.53050,18.7,328.4,511.0,PRIVATEER IV,,WDG3800,60,0,27,7,,69,A
366859760,2023-06-10T13:16:06,42.45257,-70.52942,18.9,138.3,511.0,HURRICANE II,,WDA8944,60,15,33,7,,99,A
366859760,2023-06-10T13:17:12,42.44831,-70.52411,19.0,137.8,511.0,HURRICANE II,,WDA8944,60,15,33,7,,99,A
366859760,2023-06-26T18:03:29,42.45223,-70.52524,19.7,315.0,511.0,HURRICANE II,,WDA8944,60,15,33,7,,99,A
366859760,2023-06-28T18:19:55,42.45330,-70.52361,18.8,319.4,511.0,HURRICANE II,,WDA8944,60,15,33,7,,99,A
366859760,2023-06-29T17:36:46,42.45101,-70.52477,17.0,319.2,511.0,HURRICANE II,,WDA8944,60,15,33,7,,99,A
366859760,2023-06-29T17:37:52,42.45546,-70.52975,19.5,319.6,511.0,HURRICANE II,,WDA8944,60,15,33,7,,99,A
366859760,2023-07-01T13:17:07,42.45499,-70.55232,18.6,151.4,511.0,HURRICANE II,,WDA8944,60,15,33,7,,99,A
366859760,2023-07-01T13:18:14,42.45011,-70.54862,18.2,150.7,511.0,HURRICANE II,,WDA8944,60,15,33,7,,99,A
366859760,2023-07-01T13:19:20,42.44603,-70.54347,18.1,128.9,511.0,HURRICANE II,,WDA8944,60,15,33,7,,99,A
366859760,2023-07-01T13:20:25,42.44186,-70.53838,18.2,140.8,511.0,HURRICANE II,,WDA8944,60,15,33,7,,99,A
366859760,2023-07-01T13:21:31,42.43674,-70.53537,18.2,156.0,511.0,HURRICANE II,,WDA8944,60,15,33,7,,99,A
366859760,2023-07-01T13:22:38,42.43274,-70.53006,18.3,136.5,511.0,HURRICANE II,,WDA8944,60,15,33,7,,99,A
366859760,2023-07-01T13:23:43,42.42806,-70.52563,18.5,144.2,511.0,HURRICANE II,,WDA8944,60,15,33,7,,99,A
366859760,2023-07-01T15:57:40,42.42453,-70.52502,19.2,322.0,511.0,HURRICANE II,,WDA8944,60,15,33,7,,99,A
366859760,2023-07-01T15:58:45,42.42868,-70.52993,18.5,314.3,511.0,HURRICANE II,,WDA8944,60,15,33,7,,99,A
366859760,2023-07-01T15:59:52,42.43254,-70.53541,18.6,316.8,511.0,HURRICANE II,,WDA8944,60,15,33,7,,99,A
366859760,2023-07-01T16:00:04,42.43340,-70.53636,18.1,319.8,511.0,HURRICANE II,,WDA8944,60,15,33,7,,99,A
366859760,2023-07-01T16:01:10,42.43769,-70.54096,17.2,318.3,511.0,HURRICANE II,,WDA8944,60,15,33,7,,99,A
366859760,2023-07-01T16:02:15,42.44179,-70.54577,17.4,328.7,511.0,HURRICANE II,,WDA8944,60,15,33,7,,99,A
366859760,2023-07-01T16:03:21,42.44622,-70.55028,18.6,316.5,511.0,HURRICANE II,,WDA8944,60,15,33,7,,99,A
366859760,2023-07-01T16:04:27,42.45076,-70.55482,19.3,314.9,511.0,HURRICANE II,,WDA8944,60,15,33,7,,99,A
366859760,2023-07-01T16:05:40,42.45491,-70.56084,17.6,308.7,511.0,HURRICANE II,,WDA8944,60,15,33,7,,99,A
366859760,2023-07-01T18:13:25,42.45335,-70.54469,19.1,151.0,511.0,HURRICANE II,,WDA8944,60,15,33,7,,99,A
366859760,2023-07-01T18:14:31,42.44892,-70.53986,18.8,139.7,511.0,HURRICANE II,,WDA8944,60,15,33,7,,99,A
366859760,2023-07-01T18:15:37,42.44396,-70.53580,18.8,149.7,511.0,HURRICANE II,,WDA8944,60,15,33,7,,99,A
366859760,2023-07-01T18:16:43,42.43938,-70.53146,18.8,154.7,511.0,HURRICANE II,,WDA8944,60,15,33,7,,99,A
366859760,2023-07-01T18:17:48,42.43470,-70.52722,18.2,135.0,511.0,HURRICANE II,,WDA8944,60,15,33,7,,99,A
366859760,2023-07-01T18:18:49,42.43089,-70.52253,18.6,125.1,511.0,HURRICANE II,,WDA8944,60,15,33,7,,99,A
366859760,2023-07-01T20:54:37,42.43019,-70.52524,19.2,335.2,511.0,HURRICANE II,,WDA8944,60,15,33,7,,99,A
366859760,2023-07-01T20:55:44,42.43450,-70.53026,18.3,313.4,511.0,HURRICANE II,,WDA8944,60,15,33,7,,99,A
366859760,2023-07-01T20:56:50,42.43874,-70.53550,19.5,325.0,511.0,HURRICANE II,,WDA8944,60,15,33,7,,99,A
366859760,2023-07-01T20:57:56,42.44317,-70.54037,17.7,310.9,511.0,HURRICANE II,,WDA8944,60,15,33,7,,99,A
366859760,2023-07-01T20:59:08,42.44823,-70.54545,20.0,320.4,511.0,HURRICANE II,,WDA8944,60,15,33,7,,99,A
366859760,2023-07-01T21:00:08,42.45225,-70.55002,18.8,331.9,511.0,HURRICANE II,,WDA8944,60,15,33,7,,99,A
366859760,2023-07-02T18:20:14,42.42839,-70.54019,17.8,147.3,511.0,HURRICANE II,,WDA8944,60,15,33,7,,99,A
366859760,2023-07-02T18:21:20,42.42379,-70.53597,18.1,143.8,511.0,HURRICANE II,,WDA8944,60,15,33,7,,99,A
366859760,2023-07-03T13:22:17,42.42282,-70.53967,17.2,135.8,511.0,HURRICANE II,,WDA8944,60,15,33,7,,99,A
366859760,2023-07-03T15:56:16,42.42252,-70.53510,18.0,323.1,511.0,HURRICANE II,,WDA8944,60,15,33,7,,99,A
366859760,2023-07-03T15:57:22,42.42718,-70.53956,17.8,326.3,511.0,HURRICANE II,,WDA8944,60,15,33,7,,99,A
366859760,2023-07-03T18:14:30,42.42881,-70.53843,19.3,144.5,511.0,HURRICANE II,,WDA8944,60,15,33,7,,99,A
366859760,2023-07-03T18:15:36,42.42371,-70.53434,19.2,148.8,511.0,HURRICANE II,,WDA8944,60,15,33,7,,99,A
366859760,2023-07-03T20:58:50,42.42316,-70.53986,19.1,322.6,511.0,HURRICANE II,,WDA8944,60,15,33,7,,99,A
366859760,2023-07-05T18:19:47,42.42222,-70.53979,18.5,149.8,511.0,HURRICANE II,,WDA8944,60,15,33,7,,99,A
366859760,2023-07-05T21:11:08,42.42316,-70.53461,17.9,324.5,511.0,HURRICANE II,,WDA8944,60,15,33,7,,99,A
366859760,2023-07-05T21:12:14,42.42797,-70.53882,18.4,328.9,511.0,HURRICANE II,,WDA8944,60,15,33,7,,99,A
366859760,2023-07-02T16:08:43,42.42287,-70.55281,18.0,328.1,511.0,HURRICANE II,,WDA8944,60,15,33,7,,99,A
366859760,2023-07-02T16:09:49,42.42750,-70.55693,17.9,329.2,511.0,HURRICANE II,,WDA8944,60,15,33,7,,99,A
366859760,2023-07-02T18:18:02,42.43767,-70.54730,18.1,166.8,511.0,HURRICANE II,,WDA8944,60,15,33,7,,99,A
366859760,2023-07-02T18:19:09,42.43269,-70.54437,17.7,146.9,511.0,HURRICANE II,,WDA8944,60,15,33,7,,99,A
366859760,2023-07-02T21:07:27,42.42167,-70.54817,17.4,329.0,511.0,HURRICANE II,,WDA8944,60,15,33,7,,99,A
366859760,2023-07-02T21:08:34,42.42646,-70.55255,18.6,323.1,511.0,HURRICANE II,,WDA8944,60,15,33,7,,99,A
366859760,2023-07-02T21:09:40,42.43100,-70.55678,17.5,323.6,511.0,HURRICANE II,,WDA8944,60,15,33,7,,99,A
366859760,2023-07-03T13:18:53,42.43731,-70.55064,18.8,150.9,511.0,HURRICANE II,,WDA8944,60,15,33,7,,99,A
366859760,2023-07-03T13:19:59,42.43216,-70.54800,18.1,155.5,511.0,HURRICANE II,,WDA8944,60,15,33,7,,99,A
366859760,2023-07-03T13:21:11,42.42712,-70.54414,17.9,151.6,511.0,HURRICANE II,,WDA8944,60,15,33,7,,99,A
366859760,2023-07-03T15:58:28,42.43158,-70.54382,18.3,325.0,511.0,HURRICANE II,,WDA8944,60,15,33,7,,99,A
366859760,2023-07-03T15:59:34,42.43627,-70.54824,19.2,325.4,511.0,HURRICANE II,,WDA8944,60,15,33,7,,99,A
366859760,2023-07-03T16:00:04,42.43833,-70.55014,18.7,325.3,511.0,HURRICANE II,,WDA8944,60,15,33,7,,99,A
366859760,2023-07-03T18:12:13,42.43948,-70.54705,19.9,151.8,511.0,HURRICANE II,,WDA8944,60,15,33,7,,99,A
366859760,2023-07-03T18:13:18,42.43423,-70.54332,19.4,151.5,511.0,HURRICANE II,,WDA8944,60,15,33,7,,99,A
366859760,2023-07-03T20:59:56,42.42765,-70.54443,18.5,324.4,511.0,HURRICANE II,,WDA8944,60,15,33,7,,99,A
366859760,2023-07-03T21:00:02,42.42811,-70.54491,17.6,322.8,511.0,HURRICANE II,,WDA8944,60,15,33,7,,99,A
366859760,2023-07-03T21:01:08,42.43267,-70.54941,18.1,323.1,511.0,HURRICANE II,,WDA8944,60,15,33,7,,99,A
366859760,2023-07-03T21:02:14,42.43719,-70.55379,18.2,326.5,511.0,HURRICANE II,,WDA8944,60,15,33,7,,99,A
366859760,2023-07-05T18:16:34,42.43643,-70.55107,18.6,155.1,511.0,HURRICANE II,,WDA8944,60,15,33,7,,99,A
366859760,2023-07-05T18:17:41,42.43161,-70.54713,18.6,149.8,511.0,HURRICANE II,,WDA8944,60,15,33,7,,99,A
366859760,2023-07-05T18:18:46,42.42669,-70.54332,18.5,150.0,511.0,HURRICANE II,,WDA8944,60,15,33,7,,99,A
366859760,2023-07-05T21:13:20,42.43267,-70.54318,17.9,324.6,511.0,HURRICANE II,,WDA8944,60,15,33,7,,99,A
366859760,2023-07-05T21:14:26,42.43757,-70.54730,18.3,324.5,511.0,HURRICANE II,,WDA8944,60,15,33,7,,99,A
366859760,2023-07-02T21:12:57,42.44577,-70.56801,17.2,331.6,511.0,HURRICANE II,,WDA8944,60,15,33,7,,99,A
366859760,2023-07-03T21:04:32,42.44692,-70.56296,19.0,326.3,511.0,HURRICANE II,,WDA8944,60,15,33,7,,99,A
366859760,2023-07-02T16:10:55,42.43232,-70.56070,17.3,326.2,511.0,HURRICANE II,,WDA8944,60,15,33,7,,99,A
366859760,2023-07-02T16:12:01,42.43707,-70.56458,18.9,329.7,511.0,HURRICANE II,,WDA8944,60,15,33,7,,99,A
366859760,2023-07-02T16:13:07,42.44180,-70.56845,18.3,328.2,511.0,HURRICANE II,,WDA8944,60,15,33,7,,99,A
366859760,2023-07-02T21:10:46,42.43576,-70.56108,19.0,331.4,511.0,HURRICANE II,,WDA8944,60,15,33,7,,99,A
366859760,2023-07-02T21:11:51,42.44077,-70.56447,18.1,330.7,511.0,HURRICANE II,,WDA8944,60,15,33,7,,99,A
366859760,2023-07-02T18:14:44,42.45218,-70.55673,17.6,149.6,511.0,HURRICANE II,,WDA8944,60,15,33,7,,99,A
366859760,2023-07-02T18:15:50,42.44773,-70.55259,17.5,144.2,511.0,HURRICANE II,,WDA8944,60,15,33,7,,99,A
366859760,2023-07-02T18:16:57,42.44278,-70.54933,17.9,162.6,511.0,HURRICANE II,,WDA8944,60,15,33,7,,99,A
366859760,2023-07-03T13:16:46,42.44638,-70.55747,17.5,149.7,511.0,HURRICANE II,,WDA8944,60,15,33,7,,99,A
366859760,2023-07-03T13:17:47,42.44216,-70.55399,17.8,151.2,511.0,HURRICANE II,,WDA8944,60,15,33,7,,99,A
366859760,2023-07-03T16:01:10,42.44296,-70.55460,18.3,323.0,511.0,HURRICANE II,,WDA8944,60,15,33,7,,99,A
366859760,2023-07-03T16:02:16,42.44744,-70.55923,17.7,319.7,511.0,HURRICANE II,,WDA8944,60,15,33,7,,99,A
366859760,2023-07-03T18:10:00,42.44937,-70.55587,20.0,138.2,511.0,HURRICANE II,,WDA8944,60,15,33,7,,99,A
366859760,2023-07-03T18:11:12,42.44404,-70.55086,19.1,144.7,511.0,HURRICANE II,,WDA8944,60,15,33,7,,99,A
366859760,2023-07-03T21:03:19,42.44188,-70.55818,18.5,321.8,511.0,HURRICANE II,,WDA8944,60,15,33,7,,99,A
366859760,2023-07-05T18:14:22,42.44617,-70.55903,18.6,145.0,511.0,HURRICANE II,,WDA8944,60,15,33,7,,99,A
366859760,2023-07-05T18:15:28,42.44132,-70.55493,18.3,151.4,511.0,HURRICANE II,,WDA8944,60,15,33,7,,99,A
366859760,2023-07-05T21:15:31,42.44237,-70.55146,19.1,324.1,511.0,HURRICANE II,,WDA8944,60,15,33,7,,99,A
366859760,2023-07-05T21:16:38,42.44706,-70.55607,19.3,327.3,511.0,HURRICANE II,,WDA8944,60,15,33,7,,99,A
366859760,2023-07-03T13:15:22,42.45266,-70.56139,17.8,155.8,511.0,HURRICANE II,,WDA8944,60,15,33,7,,99,A
366859760,2023-07-03T16:03:21,42.45190,-70.56354,18.1,323.3,511.0,HURRICANE II,,WDA8944,60,15,33,7,,99,A
366859760,2023-07-03T18:08:54,42.45423,-70.56044,19.5,143.3,511.0,HURRICANE II,,WDA8944,60,15,33,7,,99,A
366859760,2023-07-03T21:05:37,42.45160,-70.56716,18.9,323.0,511.0,HURRICANE II,,WDA8944,60,15,33,7,,99,A
366859760,2023-07-05T18:12:10,42.45567,-70.56769,18.7,148.0,511.0,HURRICANE II,,WDA8944,60,15,33,7,,99,A
366859760,2023-07-05T18:13:17,42.45086,-70.56349,18.6,144.3,511.0,HURRICANE II,,WDA8944,60,15,33,7,,99,A
366859760,2023-07-05T21:17:44,42.45210,-70.56033,18.7,327.2,511.0,HURRICANE II,,WDA8944,60,15,33,7,,99,A
367529770,2023-07-12T16:12:09,42.44989,-70.55200,19.3,329.7,511.0,PRIVATEER IV,,WDG3800,60,0,27,7,,69,A
367529770,2023-07-12T16:13:14,42.45478,-70.55624,19.0,321.6,511.0,PRIVATEER IV,,WDG3800,60,0,27,7,,69,A
367529770,2023-07-12T16:05:32,42.42044,-70.52631,19.0,331.6,511.0,PRIVATEER IV,,WDG3800,60,0,27,7,,69,A
367529770,2023-07-12T16:06:39,42.42549,-70.53034,18.7,327.0,511.0,PRIVATEER IV,,WDG3800,60,0,27,7,,69,A
367529770,2023-07-12T16:07:44,42.43033,-70.53466,19.5,325.4,511.0,PRIVATEER IV,,WDG3800,60,0,27,7,,69,A
367529770,2023-07-12T16:08:51,42.43512,-70.53908,19.0,323.3,511.0,PRIVATEER IV,,WDG3800,60,0,27,7,,69,A
367529770,2023-07-12T16:09:56,42.43986,-70.54382,19.1,325.9,511.0,PRIVATEER IV,,WDG3800,60,0,27,7,,69,A
367529770,2023-07-12T16:11:02,42.44484,-70.54799,19.4,328.9,511.0,PRIVATEER IV,,WDG3800,60,0,27,7,,69,A
367529770,2023-07-11T18:08:57,42.44779,-70.54734,18.4,142.2,511.0,PRIVATEER IV,,WDG3800,60,0,27,7,,69,A
367529770,2023-07-11T18:09:58,42.44364,-70.54333,18.6,145.5,511.0,PRIVATEER IV,,WDG3800,60,0,27,7,,69,A
367529770,2023-07-11T18:11:04,42.43884,-70.53920,18.4,140.3,511.0,PRIVATEER IV,,WDG3800,60,0,27,7,,69,A
367529770,2023-07-11T18:12:10,42.43420,-70.53514,18.1,147.8,511.0,PRIVATEER IV,,WDG3800,60,0,27,7,,69,A
367529770,2023-07-11T18:13:22,42.42877,-70.53112,18.4,154.1,511.0,PRIVATEER IV,,WDG3800,60,0,27,7,,69,A
367529770,2023-07-11T18:14:28,42.42375,-70.52796,18.2,155.3,511.0,PRIVATEER IV,,WDG3800,60,0,27,7,,69,A
367529770,2023-07-11T21:00:00,42.42297,-70.53921,18.5,329.0,511.0,PRIVATEER IV,,WDG3800,60,0,27,7,,69,A
367529770,2023-07-11T21:01:05,42.42782,-70.54317,18.0,327.4,511.0,PRIVATEER IV,,WDG3800,60,0,27,7,,69,A
367529770,2023-07-11T21:02:12,42.43285,-70.54712,19.3,330.1,511.0,PRIVATEER IV,,WDG3800,60,0,27,7,,69,A
367529770,2023-07-11T21:03:18,42.43785,-70.55105,18.3,324.6,511.0,PRIVATEER IV,,WDG3800,60,0,27,7,,69,A
367529770,2023-07-11T21:04:24,42.44266,-70.55528,18.9,330.0,511.0,PRIVATEER IV,,WDG3800,60,0,27,7,,69,A
367529770,2023-07-11T21:05:36,42.44776,-70.55974,18.5,325.0,511.0,PRIVATEER IV,,WDG3800,60,0,27,7,,69,A
367529770,2023-07-11T18:07:51,42.45222,-70.55197,18.2,143.8,511.0,PRIVATEER IV,,WDG3800,60,0,27,7,,69,A
367529770,2023-07-11T21:06:42,42.45273,-70.56367,18.4,327.8,511.0,PRIVATEER IV,,WDG3800,60,0,27,7,,69,A
338025772,2023-07-20T17:53:06,42.44340,-70.56518,12.2,326.7,511.0,WHOLE LIFE,,,37,,16,,,,B
338025772,2023-07-20T17:54:36,42.44746,-70.56898,12.1,323.2,511.0,WHOLE LIFE,,,37,,16,,,,B
338025772,2023-07-20T17:46:37,42.42545,-70.54899,12.8,327.8,511.0,WHOLE LIFE,,,37,,16,,,,B
338025772,2023-07-20T17:48:08,42.42960,-70.55276,12.2,326.6,511.0,WHOLE LIFE,,,37,,16,,,,B
338025772,2023-07-20T17:49:36,42.43370,-70.55643,11.7,323.5,511.0,WHOLE LIFE,,,37,,16,,,,B
338025772,2023-07-20T17:51:06,42.43784,-70.56009,11.8,327.3,511.0,WHOLE LIFE,,,37,,16,,,,B
338025772,2023-07-17T16:38:13,42.42531,-70.55847,11.9,151.2,511.0,WHOLE LIFE,,,37,,16,,,,B
367529770,2023-06-26T18:13:08,42.45569,-70.53062,19.1,141.7,511.0,PRIVATEER IV,,WDG3800,60,0,27,7,,69,A
367529770,2023-06-26T18:14:20,42.45089,-70.52547,18.1,143.3,511.0,PRIVATEER IV,,WDG3800,60,0,27,7,,69,A
367529770,2023-06-26T21:00:02,42.45194,-70.52622,19.1,317.6,511.0,PRIVATEER IV,,WDG3800,60,0,27,7,,69,A
367529770,2023-06-28T18:13:12,42.45564,-70.53406,18.0,138.2,511.0,PRIVATEER IV,,WDG3800,60,0,27,7,,69,A
367529770,2023-06-28T18:14:18,42.45156,-70.52905,18.7,139.2,511.0,PRIVATEER IV,,WDG3800,60,0,27,7,,69,A
367529770,2023-06-28T18:15:24,42.44739,-70.52416,17.8,139.8,511.0,PRIVATEER IV,,WDG3800,60,0,27,7,,69,A
367529770,2023-06-29T13:12:20,42.45258,-70.52247,18.9,144.1,511.0,PRIVATEER IV,,WDG3800,60,0,27,7,,69,A
367529770,2023-06-29T15:59:44,42.44713,-70.52297,19.5,321.5,511.0,PRIVATEER IV,,WDG3800,60,0,27,7,,69,A
367529770,2023-06-29T16:00:03,42.44838,-70.52438,19.1,318.6,511.0,PRIVATEER IV,,WDG3800,60,0,27,7,,69,A
367529770,2023-06-29T16:01:08,42.45272,-70.52919,16.8,316.4,511.0,PRIVATEER IV,,WDG3800,60,0,27,7,,69,A
366859760,2023-07-08T21:10:01,42.42089,-70.54391,19.0,331.6,511.0,HURRICANE II,,WDA8944,60,15,33,7,,99,A
366859760,2023-07-08T21:11:06,42.42600,-70.54736,19.1,324.4,511.0,HURRICANE II,,WDA8944,60,15,33,7,,99,A
366859760,2023-07-08T21:12:12,42.43065,-70.55211,19.1,325.3,511.0,HURRICANE II,,WDA8944,60,15,33,7,,99,A
366859760,2023-07-08T21:13:18,42.43547,-70.55618,19.3,325.5,511.0,HURRICANE II,,WDA8944,60,15,33,7,,99,A
366859760,2023-07-08T21:15:30,42.44434,-70.56635,18.9,321.7,511.0,HURRICANE II,,WDA8944,60,15,33,7,,99,A
366859760,2023-07-08T21:14:24,42.44015,-70.56108,18.6,320.5,511.0,HURRICANE II,,WDA8944,60,15,33,7,,99,A
366859760,2023-07-09T13:12:26,42.44921,-70.56419,18.7,153.9,511.0,HURRICANE II,,WDA8944,60,15,33,7,,99,A
366859760,2023-07-09T18:14:13,42.44878,-70.55800,18.4,148.4,511.0,HURRICANE II,,WDA8944,60,15,33,7,,99,A
366859760,2023-07-09T13:13:32,42.44412,-70.56078,18.6,152.3,511.0,HURRICANE II,,WDA8944,60,15,33,7,,99,A
366859760,2023-07-09T13:14:39,42.43910,-70.55732,18.5,150.2,511.0,HURRICANE II,,WDA8944,60,15,33,7,,99,A
366859760,2023-07-09T13:15:44,42.43409,-70.55374,18.4,153.1,511.0,HURRICANE II,,WDA8944,60,15,33,7,,99,A
366859760,2023-07-09T13:16:50,42.42913,-70.55010,18.5,149.6,511.0,HURRICANE II,,WDA8944,60,15,33,7,,99,A
366859760,2023-07-09T13:17:56,42.42437,-70.54599,18.6,146.7,511.0,HURRICANE II,,WDA8944,60,15,33,7,,99,A
366859760,2023-07-09T16:04:47,42.42295,-70.54782,19.1,324.9,511.0,HURRICANE II,,WDA8944,60,15,33,7,,99,A
366859760,2023-07-09T16:05:52,42.42814,-70.55160,19.9,330.1,511.0,HURRICANE II,,WDA8944,60,15,33,7,,99,A
366859760,2023-07-09T16:06:59,42.43301,-70.55596,19.6,327.8,511.0,HURRICANE II,,WDA8944,60,15,33,7,,99,A
366859760,2023-07-09T16:08:05,42.43797,-70.56016,18.9,330.2,511.0,HURRICANE II,,WDA8944,60,15,33,7,,99,A
366859760,2023-07-09T16:09:11,42.44303,-70.56401,19.3,329.3,511.0,HURRICANE II,,WDA8944,60,15,33,7,,99,A
366859760,2023-07-09T16:10:17,42.44792,-70.56864,19.3,322.3,511.0,HURRICANE II,,WDA8944,60,15,33,7,,99,A
366859760,2023-07-09T18:15:19,42.44414,-70.55351,18.7,140.5,511.0,HURRICANE II,,WDA8944,60,15,33,7,,99,A
366859760,2023-07-09T18:16:24,42.43958,-70.54914,18.5,152.0,511.0,HURRICANE II,,WDA8944,60,15,33,7,,99,A
366859760,2023-07-09T18:17:31,42.43469,-70.54541,18.2,155.9,511.0,HURRICANE II,,WDA8944,60,15,33,7,,99,A
366859760,2023-07-09T18:18:37,42.42987,-70.54152,17.7,145.0,511.0,HURRICANE II,,WDA8944,60,15,33,7,,99,A
366859760,2023-07-09T18:19:42,42.42535,-70.53701,18.3,143.4,511.0,HURRICANE II,,WDA8944,60,15,33,7,,99,A
366859760,2023-07-09T18:20:48,42.42115,-70.53179,18.8,137.1,511.0,HURRICANE II,,WDA8944,60,15,33,7,,99,A
366859760,2023-07-09T21:03:19,42.42385,-70.55102,19.2,328.0,511.0,HURRICANE II,,WDA8944,60,15,33,7,,99,A
366859760,2023-07-09T21:04:25,42.42878,-70.55559,19.5,321.6,511.0,HURRICANE II,,WDA8944,60,15,33,7,,99,A
366859760,2023-07-09T21:05:31,42.43356,-70.56036,20.1,326.3,511.0,HURRICANE II,,WDA8944,60,15,33,7,,99,A
366859760,2023-07-09T21:06:37,42.43819,-70.56522,19.0,314.2,511.0,HURRICANE II,,WDA8944,60,15,33,7,,99,A
366859760,2023-07-09T18:13:12,42.45319,-70.56187,18.6,149.4,511.0,HURRICANE II,,WDA8944,60,15,33,7,,99,A
366859760,2023-07-09T13:11:21,42.45429,-70.56778,19.0,146.2,511.0,HURRICANE II,,WDA8944,60,15,33,7,,99,A
338217706,2023-06-10T18:39:19,42.45557,-70.52624,13.4,300.2,511.0,ANNIE M,,,37,,,,,,B
338217706,2023-07-01T10:20:00,42.45544,-70.52145,12.5,137.5,511.0,ANNIE M,,,37,,,,,,B
338217706,2023-07-01T16:40:35,42.45375,-70.52399,12.0,314.8,511.0,ANNIE M,,,37,,,,,,B
338217706,2023-07-06T10:11:35,42.45580,-70.52374,13.3,133.7,511.0,ANNIE M,,,37,,,,,,B
338217706,2023-07-06T19:00:19,42.44452,-70.52157,13.6,322.5,511.0,ANNIE M,,,37,,,,,,B
338217706,2023-07-06T19:02:17,42.45041,-70.52764,13.5,321.5,511.0,ANNIE M,,,37,,,,,,B
338217706,2023-07-06T19:03:18,42.45357,-70.53055,14.0,314.5,511.0,ANNIE M,,,37,,,,,,B
338217706,2023-07-09T20:12:07,42.45363,-70.52744,15.5,321.9,511.0,ANNIE M,,,37,,,,,,B
366859760,2023-06-23T18:01:11,42.42083,-70.54792,18.8,320.0,511.0,HURRICANE II,,WDA8944,60,15,33,7,,99,A
366859760,2023-06-23T18:02:17,42.42559,-70.55264,20.1,327.9,511.0,HURRICANE II,,WDA8944,60,15,33,7,,99,A
366859760,2023-06-23T18:03:24,42.43051,-70.55726,18.7,323.2,511.0,HURRICANE II,,WDA8944,60,15,33,7,,99,A
366859760,2023-06-23T18:04:35,42.43538,-70.56245,19.0,323.0,511.0,HURRICANE II,,WDA8944,60,15,33,7,,99,A
366859760,2023-06-23T18:05:47,42.44029,-70.56772,18.4,321.6,511.0,HURRICANE II,,WDA8944,60,15,33,7,,99,A
366859760,2023-06-25T18:18:35,42.45298,-70.53633,17.7,145.4,511.0,HURRICANE II,,WDA8944,60,15,33,7,,99,A
366859760,2023-06-25T18:19:40,42.44845,-70.53224,17.7,143.7,511.0,HURRICANE II,,WDA8944,60,15,33,7,,99,A
366859760,2023-06-25T18:20:46,42.44400,-70.52819,17.7,146.4,511.0,HURRICANE II,,WDA8944,60,15,33,7,,99,A
366859760,2023-06-25T18:21:53,42.43951,-70.52405,17.2,142.1,511.0,HURRICANE II,,WDA8944,60,15,33,7,,99,A
366859760,2023-06-25T21:16:32,42.42348,-70.53917,17.2,323.8,511.0,HURRICANE II,,WDA8944,60,15,33,7,,99,A
366859760,2023-06-25T21:17:44,42.42852,-70.54330,17.6,328.8,511.0,HURRICANE II,,WDA8944,60,15,33,7,,99,A
366859760,2023-06-25T21:19:02,42.43389,-70.54787,17.4,330.0,511.0,HURRICANE II,,WDA8944,60,15,33,7,,99,A
366859760,2023-06-25T21:20:08,42.43846,-70.55150,17.1,328.7,511.0,HURRICANE II,,WDA8944,60,15,33,7,,99,A
366859760,2023-06-25T21:21:14,42.44309,-70.55529,17.5,330.5,511.0,HURRICANE II,,WDA8944,60,15,33,7,,99,A
366859760,2023-06-25T21:22:20,42.44772,-70.55900,18.0,330.1,511.0,HURRICANE II,,WDA8944,60,15,33,7,,99,A
366859760,2023-06-25T21:23:26,42.45241,-70.56247,18.3,333.1,511.0,HURRICANE II,,WDA8944,60,15,33,7,,99,A
367529770,2023-06-21T13:13:24,42.45458,-70.52609,18.2,125.9,511.0,PRIVATEER IV,,WDG3800,60,0,27,7,,69,A
367529770,2023-06-23T18:12:35,42.45417,-70.54176,18.5,130.8,511.0,PRIVATEER IV,,WDG3800,60,0,27,7,,69,A
367529770,2023-06-23T18:13:53,42.44954,-70.53524,18.4,138.0,511.0,PRIVATEER IV,,WDG3800,60,0,27,7,,69,A
367529770,2023-06-23T18:14:58,42.44524,-70.53039,18.6,141.1,511.0,PRIVATEER IV,,WDG3800,60,0,27,7,,69,A
367529770,2023-06-23T18:15:59,42.44129,-70.52593,18.8,137.2,511.0,PRIVATEER IV,,WDG3800,60,0,27,7,,69,A
367529770,2023-06-23T21:19:58,42.42109,-70.53668,18.6,322.2,511.0,PRIVATEER IV,,WDG3800,60,0,27,7,,69,A
367529770,2023-06-23T21:21:04,42.42580,-70.54129,19.6,320.9,511.0,PRIVATEER IV,,WDG3800,60,0,27,7,,69,A
367529770,2023-06-23T21:22:11,42.43075,-70.54586,19.5,322.3,511.0,PRIVATEER IV,,WDG3800,60,0,27,7,,69,A
367529770,2023-06-23T21:23:17,42.43542,-70.55059,19.3,329.0,511.0,PRIVATEER IV,,WDG3800,60,0,27,7,,69,A
367529770,2023-06-23T21:24:23,42.44045,-70.55467,19.2,326.6,511.0,PRIVATEER IV,,WDG3800,60,0,27,7,,69,A
367529770,2023-06-23T21:25:29,42.44535,-70.55897,18.4,323.6,511.0,PRIVATEER IV,,WDG3800,60,0,27,7,,69,A
367529770,2023-06-23T21:26:34,42.45010,-70.56328,18.4,326.5,511.0,PRIVATEER IV,,WDG3800,60,0,27,7,,69,A
367529770,2023-06-23T21:27:41,42.45495,-70.56785,19.6,321.9,511.0,PRIVATEER IV,,WDG3800,60,0,27,7,,69,A
367529770,2023-07-18T16:20:15,42.44891,-70.56479,20.6,336.1,511.0,PRIVATEER IV,,WDG3800,60,0,27,7,,69,A
367529770,2023-07-18T16:21:22,42.45425,-70.56871,19.6,324.8,511.0,PRIVATEER IV,,WDG3800,60,0,27,7,,69,A
367529770,2023-07-20T13:11:34,42.45175,-70.52647,19.0,139.2,511.0,PRIVATEER IV,,WDG3800,60,0,27,7,,69,A
367529770,2023-07-18T16:14:34,42.42278,-70.54334,19.5,334.2,511.0,PRIVATEER IV,,WDG3800,60,0,27,7,,69,A
367529770,2023-07-18T16:15:46,42.42835,-70.54770,19.6,331.7,511.0,PRIVATEER IV,,WDG3800,60,0,27,7,,69,A
367529770,2023-07-18T16:16:51,42.43340,-70.55202,18.8,325.4,511.0,PRIVATEER IV,,WDG3800,60,0,27,7,,69,A
367529770,2023-07-18T16:18:03,42.43878,-70.55680,19.3,319.0,511.0,PRIVATEER IV,,WDG3800,60,0,27,7,,69,A
367529770,2023-07-18T16:19:09,42.44335,-70.56127,19.0,345.9,511.0,PRIVATEER IV,,WDG3800,60,0,27,7,,69,A
368139990,2023-05-31T03:04:49,42.45384,-70.52946,6.4,132.2,511.0,BEAST OF BURDEN,,WDL5318,30,,14,12,,,B
368139990,2023-05-31T03:05:50,42.45267,-70.52793,5.1,136.2,511.0,BEAST OF BURDEN,,WDL5318,30,,14,12,,,B
368139990,2023-05-31T03:07:50,42.45043,-70.52488,4.3,141.3,511.0,BEAST OF BURDEN,,WDL5318,30,,14,12,,,B
368139990,2023-05-31T03:09:19,42.44879,-70.52271,4.5,139.0,511.0,BEAST OF BURDEN,,WDL5318,30,,14,12,,,B
368140980,2023-06-21T08:38:30,42.44188,-70.52706,8.6,256.1,511.0,THREE GIRLS,,WDL5430,30,,24,7,,,B
368140980,2023-06-21T08:39:59,42.44105,-70.53168,8.7,257.1,511.0,THREE GIRLS,,WDL5430,30,,24,7,,,B
368140980,2023-06-21T08:41:00,42.44050,-70.53485,8.5,257.1,511.0,THREE GIRLS,,WDL5430,30,,24,7,,,B
368140980,2023-06-21T08:43:03,42.43941,-70.54112,8.4,255.9,511.0,THREE GIRLS,,WDL5430,30,,24,7,,,B
368140980,2023-06-21T08:45:00,42.43829,-70.54714,8.3,254.9,511.0,THREE GIRLS,,WDL5430,30,,24,7,,,B
368140980,2023-06-21T08:47:02,42.43716,-70.55334,8.4,256.7,511.0,THREE GIRLS,,WDL5430,30,,24,7,,,B
368140980,2023-06-21T08:48:03,42.43661,-70.55638,8.6,255.9,511.0,THREE GIRLS,,WDL5430,30,,24,7,,,B
368140980,2023-06-21T08:49:59,42.43556,-70.56230,8.3,257.1,511.0,THREE GIRLS,,WDL5430,30,,24,7,,,B
368140980,2023-06-21T08:51:59,42.43444,-70.56840,8.4,255.3,511.0,THREE GIRLS,,WDL5430,30,,24,7,,,B
367547360,2023-06-25T20:19:08,42.43282,-70.56659,18.4,112.5,117.0,HOOKED UP,,WDG5507,30,,12,4,,,B
367547360,2023-06-25T20:20:24,42.43055,-70.55856,18.1,111.8,116.0,HOOKED UP,,WDG5507,30,,12,4,,,B
367547360,2023-06-25T20:21:53,42.42781,-70.54919,17.5,112.2,116.0,HOOKED UP,,WDG5507,30,,12,4,,,B
367547360,2023-06-25T20:24:24,42.42317,-70.53323,17.9,112.6,117.0,HOOKED UP,,WDG5507,30,,12,4,,,B
367547360,2023-06-26T19:26:29,42.42212,-70.52172,18.8,288.2,284.0,HOOKED UP,,WDG5507,30,,12,4,,,B
367547360,2023-06-26T19:28:14,42.42519,-70.53287,18.8,290.5,284.0,HOOKED UP,,WDG5507,30,,12,4,,,B
367547360,2023-06-26T19:30:14,42.42867,-70.54573,18.7,290.6,284.0,HOOKED UP,,WDG5507,30,,12,4,,,B
367547360,2023-06-26T19:31:27,42.43081,-70.55344,18.3,291.6,284.0,HOOKED UP,,WDG5507,30,,12,4,,,B
367547360,2023-06-26T19:33:12,42.43388,-70.56461,18.0,289.6,288.0,HOOKED UP,,WDG5507,30,,12,4,,,B
368194470,2023-07-08T19:53:47,42.42429,-70.54822,17.9,353.8,511.0,INDIGO,,WDM3134,37,,31,14,,,B
368194470,2023-07-08T19:54:49,42.42940,-70.54879,17.7,353.7,511.0,INDIGO,,WDM3134,37,,31,14,,,B
316034746,2023-07-06T05:12:37,42.44671,-70.56249,6.9,274.1,511.0,CHAOS V,,CFA3449,36,,11,4,,,B
316034746,2023-07-06T05:14:37,42.44705,-70.56789,7.3,279.2,511.0,CHAOS V,,CFA3449,36,,11,4,,,B
338366785,2023-07-03T18:32:27,42.44871,-70.52439,10.3,307.5,317.0,HIT LIST,,HITLIST,37,,16,4,,,B
338366785,2023-07-03T18:34:56,42.45349,-70.53244,10.7,310.4,321.0,HIT LIST,,HITLIST,37,,16,4,,,B
316034746,2023-07-06T05:08:08,42.44519,-70.55107,6.1,294.2,511.0,CHAOS V,,CFA3449,36,,11,4,,,B
316034746,2023-07-06T05:09:37,42.44627,-70.55450,7.1,279.0,511.0,CHAOS V,,CFA3449,36,,11,4,,,B
316034746,2023-07-06T05:11:08,42.44651,-70.55850,7.2,274.1,511.0,CHAOS V,,CFA3449,36,,11,4,,,B
368194470,2023-07-08T19:59:17,42.45152,-70.55127,18.1,354.9,511.0,INDIGO,,WDM3134,37,,31,14,,,B
316034746,2023-07-06T04:57:07,42.43956,-70.52459,7.1,275.2,511.0,CHAOS V,,CFA3449,36,,11,4,,,B
316034746,2023-07-06T04:58:37,42.44010,-70.52834,6.5,281.0,511.0,CHAOS V,,CFA3449,36,,11,4,,,B
316034746,2023-07-06T05:00:07,42.44081,-70.53191,6.0,284.3,511.0,CHAOS V,,CFA3449,36,,11,4,,,B
338383214,2023-07-14T15:45:08,42.42363,-70.55324,15.8,329.9,511.0,OURTOWN,,,37,,16,6,,,B
338383214,2023-07-14T15:47:24,42.43269,-70.56007,16.6,329.9,511.0,OURTOWN,,,37,,16,6,,,B
338383214,2023-07-14T15:49:24,42.44058,-70.56600,16.2,330.0,511.0,OURTOWN,,,37,,16,6,,,B
368029520,2023-07-09T15:15:44,42.42169,-70.54355,6.2,0.5,511.0,STELLA MARIS,,WDJ9799,36,,14,7,,,B
368029520,2023-07-09T15:18:17,42.42612,-70.54361,6.1,358.4,511.0,STELLA MARIS,,WDJ9799,36,,14,7,,,B
368029520,2023-07-09T15:20:47,42.43041,-70.54369,6.2,358.8,511.0,STELLA MARIS,,WDJ9799,36,,14,7,,,B
368029520,2023-07-09T15:26:17,42.44003,-70.54391,6.0,0.0,511.0,STELLA MARIS,,WDJ9799,36,,14,7,,,B
368029520,2023-07-09T15:29:17,42.44530,-70.54409,6.3,358.9,511.0,STELLA MARIS,,WDJ9799,36,,14,7,,,B
368029520,2023-07-09T15:33:18,42.45232,-70.54429,6.3,358.7,511.0,STELLA MARIS,,WDJ9799,36,,14,7,,,B
338476828,2023-07-18T20:03:49,42.45091,-70.53731,4.8,323.9,511.0,SEICHE,,,36,,14,3,,,B
368110820,2023-07-19T19:10:32,42.43085,-70.56405,7.4,328.8,0.0,LIVIN'IT,,WDL2299,36,,15,5,,,B
368110820,2023-07-19T19:12:02,42.43343,-70.56622,7.3,328.9,0.0,LIVIN'IT,,WDL2299,36,,15,5,,,B
368110820,2023-07-19T19:14:05,42.43702,-70.56929,7.2,328.5,0.0,LIVIN'IT,,WDL2299,36,,15,5,,,B
338476828,2023-07-18T20:06:19,42.45390,-70.54024,5.3,322.3,511.0,SEICHE,,,36,,14,3,,,B
338476828,2023-07-18T19:49:20,42.43378,-70.52138,4.7,327.3,511.0,SEICHE,,,36,,14,3,,,B
338476828,2023-07-18T19:55:21,42.44079,-70.52776,4.5,324.9,511.0,SEICHE,,,36,,14,3,,,B
338476828,2023-07-18T19:56:22,42.44194,-70.52882,4.9,326.6,511.0,SEICHE,,,36,,14,3,,,B
338476828,2023-07-18T19:50:49,42.43546,-70.52293,5.1,325.3,511.0,SEICHE,,,36,,14,3,,,B
338476828,2023-07-18T19:51:51,42.43667,-70.52401,5.1,325.1,511.0,SEICHE,,,36,,14,3,,,B
338476828,2023-07-18T19:53:51,42.43900,-70.52612,5.0,324.0,511.0,SEICHE,,,36,,14,3,,,B
338476828,2023-07-18T19:57:51,42.44378,-70.53052,4.9,329.1,511.0,SEICHE,,,36,,14,3,,,B
338476828,2023-07-18T19:59:49,42.44617,-70.53275,5.5,323.6,511.0,SEICHE,,,36,,14,3,,,B
338476828,2023-07-18T20:01:49,42.44855,-70.53500,5.2,326.7,511.0,SEICHE,,,36,,14,3,,,B
338476828,2023-07-18T20:04:50,42.45209,-70.53846,5.5,324.2,511.0,SEICHE,,,36,,14,3,,,B
368110820,2023-07-19T19:05:06,42.42157,-70.55618,7.2,324.0,0.0,LIVIN'IT,,WDL2299,36,,15,5,,,B
368110820,2023-07-19T19:07:05,42.42484,-70.55907,7.2,325.8,0.0,LIVIN'IT,,WDL2299,36,,15,5,,,B
368110820,2023-07-19T19:08:32,42.42735,-70.56119,7.0,327.7,0.0,LIVIN'IT,,WDL2299,36,,15,5,,,B
368170290,2023-07-23T15:41:46,42.42275,-70.56810,19.4,195.0,511.0,GOLDEN EYE,,WDL8523,37,,11,4,,,B
368170290,2023-07-23T15:46:10,42.42090,-70.56993,8.0,250.3,511.0,GOLDEN EYE,,WDL8523,37,,11,4,,,B
338121721,2023-07-24T15:59:14,42.42487,-70.53671,18.2,358.0,511.0,FREEDOM,,,37,,15,5,,,B
338121721,2023-07-24T16:05:14,42.45572,-70.53982,18.8,355.0,511.0,FREEDOM,,,37,,15,5,,,B
338121721,2023-07-24T16:03:57,42.44910,-70.53921,18.9,357.5,511.0,FREEDOM,,,37,,15,5,,,B
338121721,2023-07-24T16:00:14,42.42992,-70.53719,18.4,354.7,511.0,FREEDOM,,,37,,15,5,,,B
338121721,2023-07-24T16:01:57,42.43886,-70.53806,18.8,354.8,511.0,FREEDOM,,,37,,15,5,,,B
338478485,2023-05-31T18:43:22,42.42290,-70.53301,10.8,337.5,511.0,PRONTO,,,99,0,0,0,2.0,99,A
338478485,2023-05-31T18:44:33,42.42601,-70.53461,10.0,340.1,511.0,PRONTO,,,99,0,0,0,2.0,99,A
338478485,2023-05-31T18:45:43,42.42917,-70.53617,10.2,337.6,511.0,PRONTO,,,99,0,0,0,2.0,99,A
338478485,2023-05-31T18:46:53,42.43224,-70.53777,10.1,340.0,511.0,PRONTO,,,99,0,0,0,2.0,99,A
338478485,2023-05-31T18:48:02,42.43533,-70.53941,10.6,340.7,511.0,PRONTO,,,99,0,0,0,2.0,99,A
338478485,2023-05-31T18:49:13,42.43844,-70.54109,10.1,339.2,511.0,PRONTO,,,99,0,0,0,2.0,99,A
338478485,2023-05-31T18:50:22,42.44156,-70.54266,10.2,337.5,511.0,PRONTO,,,99,0,0,0,2.0,99,A
338478485,2023-05-31T18:51:32,42.44466,-70.54417,10.0,340.7,511.0,PRONTO,,,99,0,0,0,2.0,99,A
338478485,2023-05-31T18:52:53,42.44831,-70.54605,10.5,340.3,511.0,PRONTO,,,99,0,0,0,2.0,99,A
338478485,2023-05-31T18:54:02,42.45139,-70.54761,10.4,337.4,511.0,PRONTO,,,99,0,0,0,2.0,99,A
338478485,2023-05-31T18:55:11,42.45446,-70.54924,10.5,341.0,511.0,PRONTO,,,99,0,0,0,2.0,99,A
367135510,2023-07-29T13:34:51,42.45511,-70.55748,6.3,181.5,511.0,ESTELLE,,WBB5241,37,,15,5,,,B
367135510,2023-07-29T13:50:21,42.42690,-70.55878,6.5,180.1,511.0,ESTELLE,,WBB5241,37,,15,5,,,B
367135510,2023-07-29T13:51:53,42.42411,-70.55871,6.7,177.3,511.0,ESTELLE,,WBB5241,37,,15,5,,,B
367135510,2023-07-29T13:53:22,42.42140,-70.55867,6.7,181.5,511.0,ESTELLE,,WBB5241,37,,15,5,,,B
367135510,2023-07-29T13:35:52,42.45336,-70.55773,6.3,184.9,511.0,ESTELLE,,WBB5241,37,,15,5,,,B
367135510,2023-07-29T13:37:51,42.44981,-70.55802,6.5,183.5,511.0,ESTELLE,,WBB5241,37,,15,5,,,B
367135510,2023-07-29T13:39:22,42.44709,-70.55811,6.7,179.2,511.0,ESTELLE,,WBB5241,37,,15,5,,,B
367135510,2023-07-29T13:40:51,42.44445,-70.55822,6.6,180.4,511.0,ESTELLE,,WBB5241,37,,15,5,,,B
367135510,2023-07-29T13:42:22,42.44173,-70.55834,6.8,181.1,511.0,ESTELLE,,WBB5241,37,,15,5,,,B
367135510,2023-07-29T13:43:24,42.43975,-70.55846,7.1,180.6,511.0,ESTELLE,,WBB5241,37,,15,5,,,B
367135510,2023-07-29T13:44:52,42.43699,-70.55868,6.7,180.0,511.0,ESTELLE,,WBB5241,37,,15,5,,,B
367135510,2023-07-29T13:46:24,42.43416,-70.55877,6.6,178.9,511.0,ESTELLE,,WBB5241,37,,15,5,,,B
367135510,2023-07-29T13:47:51,42.43148,-70.55877,6.7,178.7,511.0,ESTELLE,,WBB5241,37,,15,5,,,B
367135510,2023-07-29T13:48:52,42.42963,-70.55880,6.7,179.8,511.0,ESTELLE,,WBB5241,37,,15,5,,,B
338161505,2023-06-01T11:28:25,42.43800,-70.56499,12.9,111.7,511.0,ARCADIA,,,30,,9,,,,B
338161505,2023-06-01T11:29:56,42.43593,-70.55820,13.0,111.5,511.0,ARCADIA,,,30,,9,,,,B
338161505,2023-06-01T11:31:25,42.43392,-70.55159,12.7,113.6,511.0,ARCADIA,,,30,,9,,,,B
338161505,2023-06-01T11:32:55,42.43185,-70.54485,13.0,113.7,511.0,ARCADIA,,,30,,9,,,,B
338161505,2023-06-01T11:34:25,42.42978,-70.53805,12.9,111.3,511.0,ARCADIA,,,30,,9,,,,B
338161505,2023-06-01T11:35:27,42.42836,-70.53336,13.1,110.5,511.0,ARCADIA,,,30,,9,,,,B
338161505,2023-06-01T11:36:57,42.42622,-70.52647,12.8,110.6,511.0,ARCADIA,,,30,,9,,,,B
338161505,2023-06-01T20:26:07,42.43682,-70.52331,6.4,294.8,511.0,ARCADIA,,,30,,9,,,,B
338161505,2023-06-01T20:27:36,42.43803,-70.52705,8.5,293.1,511.0,ARCADIA,,,30,,9,,,,B
338161505,2023-06-01T20:28:37,42.43908,-70.53027,10.6,292.7,511.0,ARCADIA,,,30,,9,,,,B
338161505,2023-06-01T20:30:36,42.44121,-70.53722,10.4,290.4,511.0,ARCADIA,,,30,,9,,,,B
338161505,2023-06-01T20:31:37,42.44229,-70.54075,9.8,290.5,511.0,ARCADIA,,,30,,9,,,,B
338161505,2023-06-01T20:33:07,42.44392,-70.54591,10.0,287.4,511.0,ARCADIA,,,30,,9,,,,B
338161505,2023-06-01T20:34:08,42.44502,-70.54948,10.3,293.7,511.0,ARCADIA,,,30,,9,,,,B
338161505,2023-06-01T20:35:36,42.44663,-70.55467,10.1,292.4,511.0,ARCADIA,,,30,,9,,,,B
338161505,2023-06-01T20:37:36,42.44886,-70.56158,10.4,292.7,511.0,ARCADIA,,,30,,9,,,,B
338161505,2023-06-01T20:39:08,42.45059,-70.56685,9.9,297.3,511.0,ARCADIA,,,30,,9,,,,B
338161505,2023-06-11T10:22:18,42.44158,-70.56882,15.3,117.5,511.0,ARCADIA,,,30,,9,,,,B
338161505,2023-06-11T10:23:49,42.43868,-70.56103,15.5,115.0,511.0,ARCADIA,,,30,,9,,,,B
338161505,2023-06-11T10:25:48,42.43470,-70.55069,15.7,119.2,511.0,ARCADIA,,,30,,9,,,,B
338161505,2023-06-11T10:27:19,42.43201,-70.54274,15.7,115.2,511.0,ARCADIA,,,30,,9,,,,B
338161505,2023-06-11T10:28:49,42.42957,-70.53453,15.5,110.4,511.0,ARCADIA,,,30,,9,,,,B
338161505,2023-06-11T10:30:18,42.42721,-70.52648,15.4,109.8,511.0,ARCADIA,,,30,,9,,,,B
338161505,2023-06-23T10:48:57,42.45140,-70.52664,13.8,130.9,511.0,ARCADIA,,,30,,9,,,,B
338161505,2023-06-23T22:35:00,42.45520,-70.56887,10.7,298.0,511.0,ARCADIA,,,30,,9,,,,B
338161505,2023-07-06T13:29:32,42.43311,-70.53745,12.4,111.4,511.0,ARCADIA,,,30,,9,,,,B
338161505,2023-07-06T20:57:22,42.43613,-70.53392,8.8,289.3,511.0,ARCADIA,,,30,,9,,,,B
338161505,2023-07-06T20:58:55,42.43738,-70.53880,9.0,287.3,511.0,ARCADIA,,,30,,9,,,,B
338161505,2023-07-06T13:25:04,42.43858,-70.55705,12.7,112.3,511.0,ARCADIA,,,30,,9,,,,B
338161505,2023-07-06T13:26:31,42.43681,-70.55073,12.5,110.2,511.0,ARCADIA,,,30,,9,,,,B
338161505,2023-07-06T13:28:00,42.43497,-70.54413,12.4,112.4,511.0,ARCADIA,,,30,,9,,,,B
338161505,2023-07-06T21:00:22,42.43856,-70.54323,9.2,291.0,511.0,ARCADIA,,,30,,9,,,,B
338161505,2023-07-06T21:02:21,42.44022,-70.54947,9.2,288.6,511.0,ARCADIA,,,30,,9,,,,B
338161505,2023-07-06T21:06:22,42.44365,-70.56184,8.2,291.3,511.0,ARCADIA,,,30,,9,,,,B
338161505,2023-07-06T21:07:52,42.44493,-70.56638,8.1,289.1,511.0,ARCADIA,,,30,,9,,,,B
338161505,2023-07-06T20:53:22,42.43285,-70.52136,9.1,292.7,511.0,ARCADIA,,,30,,9,,,,B
338161505,2023-07-06T13:23:00,42.44138,-70.56643,13.1,112.9,511.0,ARCADIA,,,30,,9,,,,B
338161505,2023-07-06T21:03:24,42.44111,-70.55268,9.1,292.6,511.0,ARCADIA,,,30,,9,,,,B
338161505,2023-07-06T21:04:53,42.44239,-70.55732,9.4,285.6,511.0,ARCADIA,,,30,,9,,,,B
338161505,2023-07-06T13:31:01,42.43127,-70.53097,12.6,112.4,511.0,ARCADIA,,,30,,9,,,,B
338161505,2023-07-06T13:32:30,42.42938,-70.52455,12.4,113.2,511.0,ARCADIA,,,30,,9,,,,B
338161505,2023-07-06T20:54:52,42.43414,-70.52603,9.0,289.8,511.0,ARCADIA,,,30,,9,,,,B
338161505,2023-07-06T20:56:21,42.43535,-70.53070,9.0,285.4,511.0,ARCADIA,,,30,,9,,,,B
367615560,2023-06-23T14:47:39,42.42292,-70.56862,3.5,83.6,511.0,WARREN JR,,WDH4232,90,0,45,,,0,A
367615560,2023-06-23T14:48:49,42.42298,-70.56703,3.9,82.5,511.0,WARREN JR,,WDH4232,90,0,45,,,0,A
367615560,2023-06-23T14:49:59,42.42302,-70.56539,3.9,88.5,511.0,WARREN JR,,WDH4232,90,0,45,,,0,A
367615560,2023-06-23T14:51:10,42.42309,-70.56368,4.0,82.8,511.0,WARREN JR,,WDH4232,90,0,45,,,0,A
367615560,2023-06-23T14:52:20,42.42316,-70.56253,1.4,61.1,511.0,WARREN JR,,WDH4232,90,0,45,,,0,A
367615560,2023-06-23T14:53:28,42.42339,-70.56256,1.3,313.9,511.0,WARREN JR,,WDH4232,90,0,45,,,0,A
367615560,2023-06-23T14:54:39,42.42353,-70.56303,1.2,282.8,511.0,WARREN JR,,WDH4232,90,0,45,,,0,A
367615560,2023-06-23T14:55:49,42.42360,-70.56350,1.2,276.4,511.0,WARREN JR,,WDH4232,90,0,45,,,0,A
367615560,2023-06-23T14:56:59,42.42357,-70.56390,0.7,248.3,511.0,WARREN JR,,WDH4232,90,0,45,,,0,A
367615560,2023-06-23T14:58:00,42.42353,-70.56407,0.3,228.2,511.0,WARREN JR,,WDH4232,90,0,45,,,0,A
367615560,2023-06-23T14:59:09,42.42352,-70.56413,0.2,318.8,511.0,WARREN JR,,WDH4232,90,0,45,,,0,A
367615560,2023-06-23T15:00:09,42.42337,-70.56413,0.7,194.6,511.0,WARREN JR,,WDH4232,90,0,45,,,0,A
367615560,2023-06-23T15:01:20,42.42329,-70.56387,2.6,98.5,511.0,WARREN JR,,WDH4232,90,0,45,,,0,A
367615560,2023-06-23T15:02:29,42.42299,-70.56212,4.2,95.2,511.0,WARREN JR,,WDH4232,90,0,45,,,0,A
367615560,2023-06-23T15:03:38,42.42285,-70.56033,3.9,84.6,511.0,WARREN JR,,WDH4232,90,0,45,,,0,A
367615560,2023-06-23T15:04:49,42.42276,-70.55852,4.2,83.1,511.0,WARREN JR,,WDH4232,90,0,45,,,0,A
367615560,2023-06-23T15:06:00,42.42272,-70.55661,4.3,91.7,511.0,WARREN JR,,WDH4232,90,0,45,,,0,A
367615560,2023-06-23T15:07:09,42.42266,-70.55468,4.0,91.6,511.0,WARREN JR,,WDH4232,90,0,45,,,0,A
367615560,2023-06-23T15:08:19,42.42264,-70.55296,3.5,97.4,511.0,WARREN JR,,WDH4232,90,0,45,,,0,A
367615560,2023-06-23T15:09:38,42.42256,-70.55127,3.6,91.9,511.0,WARREN JR,,WDH4232,90,0,45,,,0,A
367615560,2023-06-23T15:10:50,42.42250,-70.54945,4.4,89.8,511.0,WARREN JR,,WDH4232,90,0,45,,,0,A
367615560,2023-06-23T15:11:58,42.42247,-70.54761,4.2,94.2,511.0,WARREN JR,,WDH4232,90,0,45,,,0,A
367615560,2023-06-23T15:13:08,42.42246,-70.54599,3.7,93.1,511.0,WARREN JR,,WDH4232,90,0,45,,,0,A
367615560,2023-06-23T15:14:18,42.42245,-70.54445,3.5,92.3,511.0,WARREN JR,,WDH4232,90,0,45,,,0,A
367615560,2023-06-23T15:15:29,42.42241,-70.54319,2.6,96.4,511.0,WARREN JR,,WDH4232,90,0,45,,,0,A
367615560,2023-06-23T15:16:40,42.42290,-70.54231,3.0,359.6,511.0,WARREN JR,,WDH4232,90,0,45,,,0,A
367615560,2023-06-23T15:18:00,42.42351,-70.54312,1.7,276.8,511.0,WARREN JR,,WDH4232,90,0,45,,,0,A
367615560,2023-06-23T15:19:09,42.42354,-70.54378,1.2,271.6,511.0,WARREN JR,,WDH4232,90,0,45,,,0,A
367615560,2023-06-23T15:20:20,42.42348,-70.54382,0.6,130.5,511.0,WARREN JR,,WDH4232,90,0,45,,,0,A
367615560,2023-06-23T15:21:29,42.42310,-70.54382,1.9,193.0,511.0,WARREN JR,,WDH4232,90,0,45,,,0,A
367615560,2023-06-23T15:22:30,42.42283,-70.54385,1.5,124.7,511.0,WARREN JR,,WDH4232,90,0,45,,,0,A
367615560,2023-06-23T15:23:40,42.42240,-70.54234,4.4,97.9,511.0,WARREN JR,,WDH4232,90,0,45,,,0,A
367615560,2023-06-23T15:24:50,42.42236,-70.54058,4.3,96.2,511.0,WARREN JR,,WDH4232,90,0,45,,,0,A
367615560,2023-06-23T15:26:00,42.42232,-70.53871,4.6,89.5,511.0,WARREN JR,,WDH4232,90,0,45,,,0,A
367615560,2023-06-23T15:27:09,42.42228,-70.53681,4.4,88.3,511.0,WARREN JR,,WDH4232,90,0,45,,,0,A
367615560,2023-06-23T15:28:30,42.42226,-70.53489,3.9,88.5,511.0,WARREN JR,,WDH4232,90,0,45,,,0,A
367615560,2023-06-23T15:29:40,42.42226,-70.53350,3.1,100.7,511.0,WARREN JR,,WDH4232,90,0,45,,,0,A
367615560,2023-06-23T15:30:50,42.42222,-70.53210,3.6,82.4,511.0,WARREN JR,,WDH4232,90,0,45,,,0,A
367615560,2023-06-23T15:32:00,42.42212,-70.53069,3.4,92.0,511.0,WARREN JR,,WDH4232,90,0,45,,,0,A
367615560,2023-06-23T15:33:09,42.42201,-70.52935,2.1,99.5,511.0,WARREN JR,,WDH4232,90,0,45,,,0,A
367615560,2023-06-23T15:34:18,42.42217,-70.52915,1.3,334.0,511.0,WARREN JR,,WDH4232,90,0,45,,,0,A
367615560,2023-06-23T15:35:19,42.42223,-70.52938,0.6,270.7,511.0,WARREN JR,,WDH4232,90,0,45,,,0,A
367615560,2023-06-23T15:36:30,42.42221,-70.52959,0.8,273.3,511.0,WARREN JR,,WDH4232,90,0,45,,,0,A
367615560,2023-06-23T15:37:39,42.42222,-70.52986,0.7,260.6,511.0,WARREN JR,,WDH4232,90,0,45,,,0,A
367615560,2023-06-23T15:38:50,42.42217,-70.53019,0.8,257.3,511.0,WARREN JR,,WDH4232,90,0,45,,,0,A
367615560,2023-06-23T15:39:58,42.42211,-70.53049,0.8,253.0,511.0,WARREN JR,,WDH4232,90,0,45,,,0,A
367615560,2023-06-23T15:40:59,42.42211,-70.53067,0.5,295.7,511.0,WARREN JR,,WDH4232,90,0,45,,,0,A
367615560,2023-06-23T15:42:20,42.42201,-70.53068,1.3,206.9,511.0,WARREN JR,,WDH4232,90,0,45,,,0,A
367615560,2023-06-23T15:43:29,42.42264,-70.53039,2.8,24.9,511.0,WARREN JR,,WDH4232,90,0,45,,,0,A
367615560,2023-06-23T15:44:40,42.42337,-70.52976,2.2,28.1,511.0,WARREN JR,,WDH4232,90,0,45,,,0,A
367615560,2023-06-23T15:45:50,42.42379,-70.52993,1.5,290.5,511.0,WARREN JR,,WDH4232,90,0,45,,,0,A
367615560,2023-06-23T15:46:59,42.42391,-70.53049,1.5,278.8,511.0,WARREN JR,,WDH4232,90,0,45,,,0,A
367615560,2023-06-23T15:48:09,42.42402,-70.53183,4.4,273.8,511.0,WARREN JR,,WDH4232,90,0,45,,,0,A
367615560,2023-06-23T15:49:19,42.42416,-70.53354,4.0,282.0,511.0,WARREN JR,,WDH4232,90,0,45,,,0,A
367615560,2023-06-23T15:50:40,42.42436,-70.53540,3.8,276.1,511.0,WARREN JR,,WDH4232,90,0,45,,,0,A
367615560,2023-06-23T15:51:49,42.42450,-70.53717,4.2,266.5,511.0,WARREN JR,,WDH4232,90,0,45,,,0,A
367615560,2023-06-23T15:52:51,42.42448,-70.53878,4.1,275.3,511.0,WARREN JR,,WDH4232,90,0,45,,,0,A
367615560,2023-06-23T15:53:53,42.42457,-70.54039,4.1,276.6,511.0,WARREN JR,,WDH4232,90,0,45,,,0,A
367615560,2023-06-23T15:54:55,42.42466,-70.54201,4.2,272.8,511.0,WARREN JR,,WDH4232,90,0,45,,,0,A
367615560,2023-06-23T15:55:57,42.42468,-70.54363,4.1,271.7,511.0,WARREN JR,,WDH4232,90,0,45,,,0,A
367615560,2023-06-23T15:56:59,42.42472,-70.54521,4.1,267.9,511.0,WARREN JR,,WDH4232,90,0,45,,,0,A
367615560,2023-06-23T15:58:01,42.42467,-70.54686,4.2,268.3,511.0,WARREN JR,,WDH4232,90,0,45,,,0,A
367615560,2023-06-23T15:59:03,42.42466,-70.54849,4.2,269.3,511.0,WARREN JR,,WDH4232,90,0,45,,,0,A
367615560,2023-06-23T16:00:07,42.42461,-70.55012,3.5,260.6,511.0,WARREN JR,,WDH4232,90,0,45,,,0,A
367615560,2023-06-23T16:01:16,42.42467,-70.55180,3.7,270.7,511.0,WARREN JR,,WDH4232,90,0,45,,,0,A
367615560,2023-06-23T16:02:27,42.42455,-70.55264,1.7,227.9,511.0,WARREN JR,,WDH4232,90,0,45,,,0,A
367615560,2023-06-23T16:03:38,42.42396,-70.55259,3.0,149.2,511.0,WARREN JR,,WDH4232,90,0,45,,,0,A
367615560,2023-06-23T16:04:47,42.42329,-70.55187,1.3,142.8,511.0,WARREN JR,,WDH4232,90,0,45,,,0,A
367615560,2023-06-23T16:05:57,42.42329,-70.55202,1.2,285.9,511.0,WARREN JR,,WDH4232,90,0,45,,,0,A
367615560,2023-06-23T16:07:07,42.42339,-70.55233,1.0,292.2,511.0,WARREN JR,,WDH4232,90,0,45,,,0,A
367615560,2023-06-23T16:08:17,42.42348,-70.55256,0.2,325.2,511.0,WARREN JR,,WDH4232,90,0,45,,,0,A
367615560,2023-06-23T16:09:37,42.42364,-70.55164,2.6,83.7,511.0,WARREN JR,,WDH4232,90,0,45,,,0,A
367615560,2023-06-23T16:10:47,42.42360,-70.55054,1.7,111.8,511.0,WARREN JR,,WDH4232,90,0,45,,,0,A
367615560,2023-06-23T16:11:57,42.42373,-70.55057,3.3,316.9,511.0,WARREN JR,,WDH4232,90,0,45,,,0,A
367615560,2023-06-23T16:13:08,42.42402,-70.55253,5.6,272.0,511.0,WARREN JR,,WDH4232,90,0,45,,,0,A
367615560,2023-06-23T16:14:27,42.42434,-70.55507,5.1,294.9,511.0,WARREN JR,,WDH4232,90,0,45,,,0,A
367615560,2023-06-23T16:15:29,42.42493,-70.55691,4.9,290.0,511.0,WARREN JR,,WDH4232,90,0,45,,,0,A
367615560,2023-06-23T16:16:31,42.42522,-70.55870,4.5,275.6,511.0,WARREN JR,,WDH4232,90,0,45,,,0,A
367615560,2023-06-23T16:17:33,42.42520,-70.56049,4.7,270.4,511.0,WARREN JR,,WDH4232,90,0,45,,,0,A
367615560,2023-06-23T16:18:35,42.42515,-70.56222,4.4,269.8,511.0,WARREN JR,,WDH4232,90,0,45,,,0,A
367615560,2023-06-23T16:19:37,42.42511,-70.56378,3.6,266.5,511.0,WARREN JR,,WDH4232,90,0,45,,,0,A
367615560,2023-06-23T16:20:57,42.42512,-70.56560,3.9,272.6,511.0,WARREN JR,,WDH4232,90,0,45,,,0,A
367615560,2023-06-23T16:22:07,42.42514,-70.56740,4.2,268.0,511.0,WARREN JR,,WDH4232,90,0,45,,,0,A
367615560,2023-06-23T16:23:18,42.42518,-70.56929,4.3,273.5,511.0,WARREN JR,,WDH4232,90,0,45,,,0,A
367615560,2023-06-23T17:51:27,42.42235,-70.56849,4.3,95.6,511.0,WARREN JR,,WDH4232,90,0,45,,,0,A
367615560,2023-06-23T17:52:48,42.42231,-70.56622,4.2,92.4,511.0,WARREN JR,,WDH4232,90,0,45,,,0,A
367615560,2023-06-23T17:53:57,42.42234,-70.56428,4.2,92.2,511.0,WARREN JR,,WDH4232,90,0,45,,,0,A
367615560,2023-06-23T17:55:18,42.42253,-70.56232,3.9,74.9,511.0,WARREN JR,,WDH4232,90,0,45,,,0,A
367615560,2023-06-23T17:56:26,42.42279,-70.56055,3.9,87.3,511.0,WARREN JR,,WDH4232,90,0,45,,,0,A
367615560,2023-06-23T17:57:37,42.42287,-70.55920,0.7,87.1,511.0,WARREN JR,,WDH4232,90,0,45,,,0,A
367615560,2023-06-23T17:58:47,42.42286,-70.55945,1.3,267.3,511.0,WARREN JR,,WDH4232,90,0,45,,,0,A
367615560,2023-06-23T17:59:57,42.42282,-70.56008,2.5,269.0,511.0,WARREN JR,,WDH4232,90,0,45,,,0,A
367615560,2023-06-23T18:00:06,42.42280,-70.56015,1.4,240.4,511.0,WARREN JR,,WDH4232,90,0,45,,,0,A
367615560,2023-06-23T18:01:17,42.42324,-70.56007,2.5,6.0,511.0,WARREN JR,,WDH4232,90,0,45,,,0,A
367615560,2023-06-23T18:02:28,42.42340,-70.55995,1.1,296.9,511.0,WARREN JR,,WDH4232,90,0,45,,,0,A
367615560,2023-06-23T18:03:38,42.42332,-70.56089,2.2,259.3,511.0,WARREN JR,,WDH4232,90,0,45,,,0,A
367615560,2023-06-23T18:05:17,42.42318,-70.56137,2.4,95.3,511.0,WARREN JR,,WDH4232,90,0,45,,,0,A
367615560,2023-06-23T18:06:28,42.42302,-70.55967,5.0,100.8,511.0,WARREN JR,,WDH4232,90,0,45,,,0,A
367615560,2023-06-23T18:07:36,42.42259,-70.55761,5.0,105.0,511.0,WARREN JR,,WDH4232,90,0,45,,,0,A
367615560,2023-06-23T18:08:47,42.42245,-70.55560,4.2,86.6,511.0,WARREN JR,,WDH4232,90,0,45,,,0,A
367615560,2023-06-23T18:09:57,42.42251,-70.55365,4.1,88.2,511.0,WARREN JR,,WDH4232,90,0,45,,,0,A
367615560,2023-06-23T18:11:07,42.42255,-70.55167,4.8,94.7,511.0,WARREN JR,,WDH4232,90,0,45,,,0,A
367615560,2023-06-23T18:12:17,42.42258,-70.54973,4.9,89.5,511.0,WARREN JR,,WDH4232,90,0,45,,,0,A
367615560,2023-06-23T18:13:27,42.42264,-70.54774,4.7,89.1,511.0,WARREN JR,,WDH4232,90,0,45,,,0,A
367615560,2023-06-23T18:14:37,42.42265,-70.54610,3.2,83.6,511.0,WARREN JR,,WDH4232,90,0,45,,,0,A
367615560,2023-06-23T18:15:58,42.42269,-70.54447,3.1,82.3,511.0,WARREN JR,,WDH4232,90,0,45,,,0,A
367615560,2023-06-23T18:17:07,42.42283,-70.54310,3.5,72.1,511.0,WARREN JR,,WDH4232,90,0,45,,,0,A
367615560,2023-06-23T18:18:27,42.42298,-70.54146,3.6,94.4,511.0,WARREN JR,,WDH4232,90,0,45,,,0,A
367615560,2023-06-23T18:19:37,42.42303,-70.54004,3.2,82.6,511.0,WARREN JR,,WDH4232,90,0,45,,,0,A
367615560,2023-06-23T18:20:58,42.42300,-70.53881,0.5,104.7,511.0,WARREN JR,,WDH4232,90,0,45,,,0,A
367615560,2023-06-23T18:22:07,42.42288,-70.53935,1.8,255.4,511.0,WARREN JR,,WDH4232,90,0,45,,,0,A
367615560,2023-06-23T18:23:27,42.42280,-70.53983,0.5,253.5,511.0,WARREN JR,,WDH4232,90,0,45,,,0,A
367615560,2023-06-23T18:24:47,42.42290,-70.53994,0.5,341.5,511.0,WARREN JR,,WDH4232,90,0,45,,,0,A
367615560,2023-06-23T18:26:07,42.42278,-70.54012,1.4,222.4,511.0,WARREN JR,,WDH4232,90,0,45,,,0,A
367615560,2023-06-23T18:27:18,42.42262,-70.54057,1.1,246.5,511.0,WARREN JR,,WDH4232,90,0,45,,,0,A
367615560,2023-06-23T18:28:28,42.42265,-70.54111,1.0,283.1,511.0,WARREN JR,,WDH4232,90,0,45,,,0,A
367615560,2023-06-23T18:29:38,42.42279,-70.54102,1.1,33.5,511.0,WARREN JR,,WDH4232,90,0,45,,,0,A
367615560,2023-06-23T18:30:47,42.42274,-70.54096,1.3,92.1,511.0,WARREN JR,,WDH4232,90,0,45,,,0,A
367615560,2023-06-23T18:31:58,42.42268,-70.53979,3.9,90.5,511.0,WARREN JR,,WDH4232,90,0,45,,,0,A
367615560,2023-06-23T18:33:16,42.42239,-70.53774,4.5,98.0,511.0,WARREN JR,,WDH4232,90,0,45,,,0,A
367615560,2023-06-23T18:34:36,42.42216,-70.53548,4.6,101.4,511.0,WARREN JR,,WDH4232,90,0,45,,,0,A
367615560,2023-06-23T18:35:37,42.42214,-70.53377,4.4,88.4,511.0,WARREN JR,,WDH4232,90,0,45,,,0,A
367615560,2023-06-23T18:36:48,42.42216,-70.53172,5.0,82.1,511.0,WARREN JR,,WDH4232,90,0,45,,,0,A
367615560,2023-06-23T18:37:57,42.42214,-70.52980,4.1,82.9,511.0,WARREN JR,,WDH4232,90,0,45,,,0,A
367615560,2023-06-23T18:39:08,42.42212,-70.52823,3.4,87.6,511.0,WARREN JR,,WDH4232,90,0,45,,,0,A
367615560,2023-06-23T18:40:27,42.42210,-70.52666,3.1,88.3,511.0,WARREN JR,,WDH4232,90,0,45,,,0,A
367615560,2023-06-23T18:41:37,42.42205,-70.52523,3.2,93.7,511.0,WARREN JR,,WDH4232,90,0,45,,,0,A
367615560,2023-06-23T18:42:48,42.42201,-70.52377,3.8,93.8,511.0,WARREN JR,,WDH4232,90,0,45,,,0,A
367615560,2023-06-23T18:43:58,42.42199,-70.52279,0.1,101.2,511.0,WARREN JR,,WDH4232,90,0,45,,,0,A
367615560,2023-06-23T18:45:07,42.42178,-70.52346,2.7,247.0,511.0,WARREN JR,,WDH4232,90,0,45,,,0,A
367615560,2023-06-23T18:46:18,42.42153,-70.52443,1.9,251.7,511.0,WARREN JR,,WDH4232,90,0,45,,,0,A
367615560,2023-06-23T18:47:27,42.42129,-70.52509,1.5,240.2,511.0,WARREN JR,,WDH4232,90,0,45,,,0,A
367615560,2023-06-23T18:48:46,42.42157,-70.52336,5.9,80.5,511.0,WARREN JR,,WDH4232,90,0,45,,,0,A
367615560,2023-06-23T18:52:07,42.42195,-70.52139,2.2,296.5,511.0,WARREN JR,,WDH4232,90,0,45,,,0,A
367615560,2023-06-23T18:53:17,42.42255,-70.52274,4.5,299.7,511.0,WARREN JR,,WDH4232,90,0,45,,,0,A
367615560,2023-06-23T18:54:26,42.42326,-70.52440,4.3,300.7,511.0,WARREN JR,,WDH4232,90,0,45,,,0,A
367615560,2023-06-23T18:55:37,42.42368,-70.52609,4.0,276.3,511.0,WARREN JR,,WDH4232,90,0,45,,,0,A
367615560,2023-06-23T18:56:46,42.42391,-70.52792,4.6,276.6,511.0,WARREN JR,,WDH4232,90,0,45,,,0,A
367615560,2023-06-23T18:57:57,42.42406,-70.53002,4.9,274.7,511.0,WARREN JR,,WDH4232,90,0,45,,,0,A
367615560,2023-06-23T18:58:58,42.42414,-70.53190,4.8,269.7,511.0,WARREN JR,,WDH4232,90,0,45,,,0,A
367615560,2023-06-23T19:00:07,42.42419,-70.53392,4.5,270.6,511.0,WARREN JR,,WDH4232,90,0,45,,,0,A
367615560,2023-06-23T19:01:18,42.42421,-70.53583,4.3,268.4,511.0,WARREN JR,,WDH4232,90,0,45,,,0,A
367615560,2023-06-23T19:02:37,42.42421,-70.53765,3.5,267.5,511.0,WARREN JR,,WDH4232,90,0,45,,,0,A
367615560,2023-06-23T19:03:48,42.42420,-70.53914,3.2,268.9,511.0,WARREN JR,,WDH4232,90,0,45,,,0,A
367615560,2023-06-23T19:04:57,42.42419,-70.54054,3.5,268.0,511.0,WARREN JR,,WDH4232,90,0,45,,,0,A
367615560,2023-06-23T19:06:07,42.42418,-70.54201,2.4,269.4,511.0,WARREN JR,,WDH4232,90,0,45,,,0,A
367615560,2023-06-23T19:07:18,42.42414,-70.54229,0.3,239.6,511.0,WARREN JR,,WDH4232,90,0,45,,,0,A
367615560,2023-06-23T19:08:26,42.42410,-70.54245,0.0,229.9,511.0,WARREN JR,,WDH4232,90,0,45,,,0,A
367615560,2023-06-23T19:09:37,42.42390,-70.54214,1.5,140.9,511.0,WARREN JR,,WDH4232,90,0,45,,,0,A
367615560,2023-06-23T19:10:47,42.42348,-70.54154,2.6,125.4,511.0,WARREN JR,,WDH4232,90,0,45,,,0,A
367615560,2023-06-23T19:11:56,42.42350,-70.54162,3.1,315.5,511.0,WARREN JR,,WDH4232,90,0,45,,,0,A
367615560,2023-06-23T19:13:18,42.42431,-70.54355,5.0,281.4,511.0,WARREN JR,,WDH4232,90,0,45,,,0,A
367615560,2023-06-23T19:14:27,42.42419,-70.54570,4.7,263.9,511.0,WARREN JR,,WDH4232,90,0,45,,,0,A
367615560,2023-06-23T19:15:47,42.42417,-70.54816,4.8,268.0,511.0,WARREN JR,,WDH4232,90,0,45,,,0,A
367615560,2023-06-23T19:16:57,42.42413,-70.55018,4.4,266.2,511.0,WARREN JR,,WDH4232,90,0,45,,,0,A
367615560,2023-06-23T19:18:08,42.42409,-70.55208,4.3,271.7,511.0,WARREN JR,,WDH4232,90,0,45,,,0,A
367615560,2023-06-23T19:19:16,42.42407,-70.55386,3.5,268.7,511.0,WARREN JR,,WDH4232,90,0,45,,,0,A
367615560,2023-06-23T19:20:26,42.42400,-70.55545,3.9,262.3,511.0,WARREN JR,,WDH4232,90,0,45,,,0,A
367615560,2023-06-23T19:21:37,42.42390,-70.55721,3.6,263.7,511.0,WARREN JR,,WDH4232,90,0,45,,,0,A
367615560,2023-06-23T19:22:47,42.42387,-70.55843,0.9,264.1,511.0,WARREN JR,,WDH4232,90,0,45,,,0,A
367615560,2023-06-23T19:24:07,42.42385,-70.55823,0.6,99.4,511.0,WARREN JR,,WDH4232,90,0,45,,,0,A
367615560,2023-06-23T19:25:17,42.42371,-70.55781,1.4,138.3,511.0,WARREN JR,,WDH4232,90,0,45,,,0,A
367615560,2023-06-23T19:26:26,42.42313,-70.55735,2.9,142.8,511.0,WARREN JR,,WDH4232,90,0,45,,,0,A
367615560,2023-06-23T19:27:27,42.42241,-70.55658,1.4,144.2,511.0,WARREN JR,,WDH4232,90,0,45,,,0,A
367615560,2023-06-23T19:28:36,42.42278,-70.55698,3.4,317.1,511.0,WARREN JR,,WDH4232,90,0,45,,,0,A
367615560,2023-06-23T19:29:47,42.42370,-70.55876,5.6,294.8,511.0,WARREN JR,,WDH4232,90,0,45,,,0,A
367615560,2023-06-23T19:31:08,42.42403,-70.56139,5.5,271.9,511.0,WARREN JR,,WDH4232,90,0,45,,,0,A
367615560,2023-06-23T19:32:17,42.42404,-70.56374,5.4,267.5,511.0,WARREN JR,,WDH4232,90,0,45,,,0,A
367615560,2023-06-23T19:33:36,42.42386,-70.56633,5.2,263.3,511.0,WARREN JR,,WDH4232,90,0,45,,,0,A
367615560,2023-06-23T19:34:48,42.42365,-70.56863,5.3,265.8,511.0,WARREN JR,,WDH4232,90,0,45,,,0,A
338131000,2023-06-16T09:16:34,42.45080,-70.56988,9.7,62.8,60.0,GENESIS EAGLE,IMO9117260,WDG9347,31,0,37,11,4.9,57,A
338131000,2023-06-16T09:17:43,42.45223,-70.56622,9.7,62.2,59.0,GENESIS EAGLE,IMO9117260,WDG9347,31,0,37,11,4.9,57,A
338131000,2023-06-16T09:18:54,42.45376,-70.56242,9.6,61.3,59.0,GENESIS EAGLE,IMO9117260,WDG9347,31,0,37,11,4.9,57,A
338131000,2023-06-16T09:20:04,42.45526,-70.55867,9.7,62.0,59.0,GENESIS EAGLE,IMO9117260,WDG9347,31,0,37,11,4.9,57,A
367149890,2023-07-11T07:17:12,42.45433,-70.53713,9.3,359.6,357.0,IONA MCALISTER,IMO8023618,WDD4840,31,0,35,10,4.2,52,A
367149890,2023-07-11T07:04:23,42.42187,-70.53671,9.1,358.4,358.0,IONA MCALISTER,IMO8023618,WDD4840,31,0,35,10,4.2,52,A
367149890,2023-07-11T07:05:31,42.42475,-70.53681,9.1,358.4,358.0,IONA MCALISTER,IMO8023618,WDD4840,31,0,35,10,4.2,52,A
367149890,2023-07-11T07:06:33,42.42738,-70.53691,9.2,358.1,358.0,IONA MCALISTER,IMO8023618,WDD4840,31,0,35,10,4.2,52,A
367149890,2023-07-11T07:07:42,42.43031,-70.53700,9.2,358.5,357.0,IONA MCALISTER,IMO8023618,WDD4840,31,0,35,10,4.2,52,A
367149890,2023-07-11T07:08:46,42.43301,-70.53706,9.1,359.4,358.0,IONA MCALISTER,IMO8023618,WDD4840,31,0,35,10,4.2,52,A
367149890,2023-07-11T07:09:50,42.43570,-70.53709,9.0,359.0,357.0,IONA MCALISTER,IMO8023618,WDD4840,31,0,35,10,4.2,52,A
367149890,2023-07-11T07:10:51,42.43828,-70.53713,9.1,0.0,359.0,IONA MCALISTER,IMO8023618,WDD4840,31,0,35,10,4.2,52,A
367149890,2023-07-11T07:12:02,42.44129,-70.53716,9.1,359.4,358.0,IONA MCALISTER,IMO8023618,WDD4840,31,0,35,10,4.2,52,A
367149890,2023-07-11T07:13:03,42.44382,-70.53718,9.1,0.3,358.0,IONA MCALISTER,IMO8023618,WDD4840,31,0,35,10,4.2,52,A
367149890,2023-07-11T07:14:04,42.44638,-70.53717,9.1,0.9,357.0,IONA MCALISTER,IMO8023618,WDD4840,31,0,35,10,4.2,52,A
367149890,2023-07-11T07:15:08,42.44906,-70.53716,9.1,359.5,358.0,IONA MCALISTER,IMO8023618,WDD4840,31,0,35,10,4.2,52,A
367149890,2023-07-11T07:16:11,42.45172,-70.53714,9.1,359.5,358.0,IONA MCALISTER,IMO8023618,WDD4840,31,0,35,10,4.2,52,A
338132853,2023-07-23T21:07:07,42.45493,-70.52651,23.5,312.7,511.0,MOTLEY CREW,,,37,,9,,,,B
338132853,2023-07-23T09:12:07,42.44738,-70.52630,22.4,139.0,511.0,MOTLEY CREW,,,37,,9,,,,B
368310390,2023-06-07T07:36:47,42.42450,-70.53710,4.9,5.3,511.0,NAUTI INTENTIONS,,WDN7653,37,,0,0,,,B
368310390,2023-06-07T07:40:17,42.42924,-70.53663,4.8,357.4,511.0,NAUTI INTENTIONS,,WDN7653,37,,0,0,,,B
368310390,2023-06-07T07:41:47,42.43133,-70.53681,4.8,0.9,511.0,NAUTI INTENTIONS,,WDN7653,37,,0,0,,,B
368310390,2023-06-07T07:50:16,42.44311,-70.53718,5.0,4.4,511.0,NAUTI INTENTIONS,,WDN7653,37,,0,0,,,B
368310390,2023-06-07T07:55:20,42.44985,-70.53681,4.7,0.9,511.0,NAUTI INTENTIONS,,WDN7653,37,,0,0,,,B
368310390,2023-06-07T07:57:48,42.45309,-70.53746,4.6,355.3,511.0,NAUTI INTENTIONS,,WDN7653,37,,0,0,,,B
368310390,2023-06-07T07:59:19,42.45505,-70.53781,4.8,356.6,511.0,NAUTI INTENTIONS,,WDN7653,37,,0,0,,,B
368310390,2023-06-24T13:03:40,42.45351,-70.55687,7.9,175.3,511.0,NAUTI INTENTIONS,,WDN7653,37,,0,0,,,B
368310390,2023-06-24T13:05:11,42.45018,-70.55649,7.9,174.8,511.0,NAUTI INTENTIONS,,WDN7653,37,,0,0,,,B
368310390,2023-06-24T13:06:40,42.44696,-70.55609,7.8,174.9,511.0,NAUTI INTENTIONS,,WDN7653,37,,0,0,,,B
368310390,2023-06-24T13:08:10,42.44372,-70.55574,7.8,174.1,511.0,NAUTI INTENTIONS,,WDN7653,37,,0,0,,,B
368310390,2023-06-24T13:10:10,42.43941,-70.55523,7.8,175.1,511.0,NAUTI INTENTIONS,,WDN7653,37,,0,0,,,B
368310390,2023-06-24T13:11:40,42.43619,-70.55487,7.8,174.8,511.0,NAUTI INTENTIONS,,WDN7653,37,,0,0,,,B
368310390,2023-06-24T13:12:42,42.43397,-70.55461,7.8,174.0,511.0,NAUTI INTENTIONS,,WDN7653,37,,0,0,,,B
368310390,2023-06-24T13:14:12,42.43075,-70.55424,7.7,175.1,511.0,NAUTI INTENTIONS,,WDN7653,37,,0,0,,,B
368310390,2023-06-24T13:15:42,42.42754,-70.55387,7.9,174.8,511.0,NAUTI INTENTIONS,,WDN7653,37,,0,0,,,B
368310390,2023-06-24T13:17:12,42.42431,-70.55352,7.9,175.2,511.0,NAUTI INTENTIONS,,WDN7653,37,,0,0,,,B
367416030,2023-06-26T14:24:33,42.44685,-70.53360,12.1,357.6,511.0,DIAMOND DAYS,,WDE9322,37,,23,5,,,B
235114668,2023-06-27T20:52:09,42.44244,-70.53243,8.5,357.8,352.0,EARENDEL,,2JCC6,37,,18,6,,,B
235114668,2023-06-27T20:54:10,42.44712,-70.53268,8.7,18.4,20.0,EARENDEL,,2JCC6,37,,18,6,,,B
338377767,2023-07-01T12:38:18,42.44590,-70.56979,6.7,130.6,511.0,FINN,,FINN,37,,13,4,,,B
338377767,2023-07-01T12:39:49,42.44412,-70.56708,6.5,130.9,511.0,FINN,,FINN,37,,13,4,,,B
338377767,2023-07-01T12:41:17,42.44195,-70.56497,6.5,145.8,511.0,FINN,,FINN,37,,13,4,,,B
338377767,2023-07-01T12:42:49,42.43984,-70.56253,6.2,139.5,511.0,FINN,,FINN,37,,13,4,,,B
338377767,2023-07-01T12:43:50,42.43839,-70.56101,6.7,148.5,511.0,FINN,,FINN,37,,13,4,,,B
338377767,2023-07-01T12:45:17,42.43604,-70.55908,6.8,152.4,511.0,FINN,,FINN,37,,13,4,,,B
338377767,2023-07-01T12:47:17,42.43291,-70.55638,6.6,145.4,511.0,FINN,,FINN,37,,13,4,,,B
338377767,2023-07-01T12:48:51,42.43049,-70.55429,7.0,146.1,511.0,FINN,,FINN,37,,13,4,,,B
338377767,2023-07-01T12:50:17,42.42814,-70.55240,7.0,147.9,511.0,FINN,,FINN,37,,13,4,,,B
338377767,2023-07-01T12:51:50,42.42555,-70.55038,6.6,153.7,511.0,FINN,,FINN,37,,13,4,,,B
338377767,2023-07-01T12:53:51,42.42226,-70.54777,6.8,150.7,511.0,FINN,,FINN,37,,13,4,,,B
338408936,2023-07-01T18:21:45,42.45536,-70.56378,18.9,119.9,511.0,DEFIANT NICOLE,,,37,,7,2,,,B
338408936,2023-07-01T18:23:01,42.45207,-70.55617,18.2,125.1,511.0,DEFIANT NICOLE,,,37,,7,2,,,B
338408936,2023-07-01T18:24:14,42.44888,-70.54892,21.0,115.7,511.0,DEFIANT NICOLE,,,37,,7,2,,,B
338408936,2023-07-01T18:25:30,42.44592,-70.54093,17.7,114.8,511.0,DEFIANT NICOLE,,,37,,7,2,,,B
338408936,2023-07-01T18:26:44,42.44280,-70.53403,16.7,123.4,511.0,DEFIANT NICOLE,,,37,,7,2,,,B
338408936,2023-07-01T18:28:00,42.43958,-70.52683,17.3,123.9,511.0,DEFIANT NICOLE,,,37,,7,2,,,B
338408936,2023-07-01T21:57:55,42.43490,-70.52822,20.6,301.3,511.0,DEFIANT NICOLE,,,37,,7,2,,,B
338408936,2023-07-01T21:59:00,42.43816,-70.53566,22.2,303.1,511.0,DEFIANT NICOLE,,,37,,7,2,,,B
338408936,2023-07-01T22:00:04,42.44133,-70.54297,23.1,300.7,511.0,DEFIANT NICOLE,,,37,,7,2,,,B
338408936,2023-07-01T22:01:20,42.44503,-70.55137,19.5,303.8,511.0,DEFIANT NICOLE,,,37,,7,2,,,B
338408936,2023-07-01T22:02:34,42.44850,-70.55995,23.7,297.7,511.0,DEFIANT NICOLE,,,37,,7,2,,,B
338408936,2023-07-01T22:03:44,42.45182,-70.56829,22.0,299.8,511.0,DEFIANT NICOLE,,,37,,7,2,,,B
338369132,2023-07-04T09:39:23,42.43741,-70.53552,21.8,111.4,112.0,MAINE LINE,,,37,,0,0,,,B
338369132,2023-07-04T19:40:18,42.43983,-70.53468,24.3,297.1,297.0,MAINE LINE,,,37,,0,0,,,B
338369132,2023-07-04T09:38:02,42.44061,-70.54598,22.1,116.0,115.0,MAINE LINE,,,37,,0,0,,,B
338369132,2023-07-04T09:35:42,42.44637,-70.56391,21.7,111.4,111.0,MAINE LINE,,,37,,0,0,,,B
338369132,2023-07-04T09:36:52,42.44345,-70.55483,22.8,116.3,116.0,MAINE LINE,,,37,,0,0,,,B
338369132,2023-07-04T19:41:38,42.44394,-70.54536,23.7,295.0,298.0,MAINE LINE,,,37,,0,0,,,B
338369132,2023-07-04T19:43:47,42.45096,-70.56328,24.9,296.6,300.0,MAINE LINE,,,37,,0,0,,,B
338369132,2023-07-04T09:40:27,42.43487,-70.52732,22.5,113.6,114.0,MAINE LINE,,,37,,0,0,,,B
338433837,2023-07-09T17:42:53,42.44758,-70.52658,18.4,356.8,511.0,KELLERIN,,,37,,12,4,,,B
338343396,2023-07-11T13:38:52,42.45127,-70.54683,19.8,173.5,511.0,UP NORTH,,,37,,15,5,,,B
338343396,2023-07-11T13:40:23,42.44294,-70.54609,20.1,158.9,511.0,UP NORTH,,,37,,15,5,,,B
338343396,2023-07-11T13:41:37,42.43605,-70.54514,19.9,181.4,511.0,UP NORTH,,,37,,15,5,,,B
338343396,2023-07-11T13:42:52,42.42926,-70.54431,19.3,181.7,511.0,UP NORTH,,,37,,15,5,,,B
338343396,2023-07-11T13:43:53,42.42372,-70.54338,19.6,167.9,511.0,UP NORTH,,,37,,15,5,,,B
338480653,2023-07-21T15:01:39,42.44937,-70.53098,13.7,175.2,511.0,LILLIAN RAY,,,37,,15,6,,,B
338480653,2023-07-21T15:03:09,42.44380,-70.53037,13.2,176.3,511.0,LILLIAN RAY,,,37,,15,6,,,B
338480653,2023-07-21T15:04:39,42.43827,-70.52980,13.1,175.5,511.0,LILLIAN RAY,,,37,,15,6,,,B
338480653,2023-07-21T15:06:39,42.43073,-70.52898,13.7,174.5,511.0,LILLIAN RAY,,,37,,15,6,,,B
338480653,2023-07-21T15:07:40,42.42680,-70.52859,13.5,176.3,511.0,LILLIAN RAY,,,37,,15,6,,,B
338480653,2023-07-21T15:09:09,42.42118,-70.52799,13.5,177.6,511.0,LILLIAN RAY,,,37,,15,6,,,B
338480653,2023-07-21T15:00:09,42.45498,-70.53153,13.5,173.5,511.0,LILLIAN RAY,,,37,,15,6,,,B
368316040,2023-07-25T22:43:29,42.45571,-70.55574,6.3,328.8,310.0,NARWHAL,,WDN8278,36,,14,4,,,B
338480653,2023-07-28T18:36:09,42.45552,-70.53160,13.7,353.9,511.0,LILLIAN RAY,,,37,,15,6,,,B
368316040,2023-07-25T22:21:29,42.42290,-70.53541,5.7,354.7,346.0,NARWHAL,,WDN8278,36,,14,4,,,B
368316040,2023-07-25T22:23:31,42.42603,-70.53615,5.7,349.8,348.0,NARWHAL,,WDN8278,36,,14,4,,,B
368316040,2023-07-25T22:41:29,42.45283,-70.55324,6.1,330.1,312.0,NARWHAL,,WDN8278,36,,14,4,,,B
368316040,2023-07-25T22:35:31,42.44427,-70.54609,6.4,338.5,326.0,NARWHAL,,WDN8278,36,,14,4,,,B
368316040,2023-07-25T22:36:58,42.44648,-70.54755,6.2,323.9,313.0,NARWHAL,,WDN8278,36,,14,4,,,B
368316040,2023-07-25T22:38:28,42.44861,-70.54943,5.7,322.1,307.0,NARWHAL,,WDN8278,36,,14,4,,,B
368316040,2023-07-25T22:39:58,42.45070,-70.55127,6.2,324.7,308.0,NARWHAL,,WDN8278,36,,14,4,,,B
368316040,2023-07-25T22:24:58,42.42819,-70.53675,5.6,346.6,348.0,NARWHAL,,WDN8278,36,,14,4,,,B
368316040,2023-07-25T22:26:31,42.43053,-70.53754,5.9,332.8,327.0,NARWHAL,,WDN8278,36,,14,4,,,B
368316040,2023-07-25T22:27:56,42.43271,-70.53860,6.2,333.9,327.0,NARWHAL,,WDN8278,36,,14,4,,,B
368316040,2023-07-25T22:29:31,42.43515,-70.53996,5.6,338.7,320.0,NARWHAL,,WDN8278,36,,14,4,,,B
368316040,2023-07-25T22:31:31,42.43815,-70.54195,6.2,335.0,323.0,NARWHAL,,WDN8278,36,,14,4,,,B
368316040,2023-07-25T22:32:56,42.44030,-70.54341,6.2,335.9,320.0,NARWHAL,,WDN8278,36,,14,4,,,B
368316040,2023-07-25T22:33:58,42.44189,-70.54446,6.2,330.8,317.0,NARWHAL,,WDN8278,36,,14,4,,,B
338480653,2023-07-28T18:29:38,42.43036,-70.52898,13.9,356.6,511.0,LILLIAN RAY,,,37,,15,6,,,B
338480653,2023-07-28T18:31:38,42.43808,-70.52979,13.8,357.3,511.0,LILLIAN RAY,,,37,,15,6,,,B
338480653,2023-07-28T18:34:07,42.44762,-70.53078,13.9,353.1,511.0,LILLIAN RAY,,,37,,15,6,,,B
367440240,2023-06-09T20:24:38,42.44793,-70.56745,7.4,62.2,511.0,MARIA/JO-ANN,IMO8886228,WCZ7939,30,,23,7,,,B
367440240,2023-06-09T20:27:36,42.45021,-70.55985,7.5,71.5,511.0,MARIA/JO-ANN,IMO8886228,WCZ7939,30,,23,7,,,B
367440240,2023-06-09T20:31:37,42.45329,-70.54943,7.4,64.7,511.0,MARIA/JO-ANN,IMO8886228,WCZ7939,30,,23,7,,,B
367440240,2023-06-09T20:34:36,42.45556,-70.54156,7.5,70.2,511.0,MARIA/JO-ANN,IMO8886228,WCZ7939,30,,23,7,,,B
367440240,2023-07-18T06:46:10,42.42149,-70.52292,6.9,265.9,511.0,MARIA/JO-ANN,IMO8886228,WCZ7939,30,,23,7,,,B
367440240,2023-07-18T06:47:40,42.42137,-70.52673,6.6,270.2,511.0,MARIA/JO-ANN,IMO8886228,WCZ7939,30,,23,7,,,B
367440240,2023-07-18T06:48:42,42.42120,-70.52939,6.9,259.2,511.0,MARIA/JO-ANN,IMO8886228,WCZ7939,30,,23,7,,,B
367440240,2023-07-18T06:50:09,42.42089,-70.53306,6.5,268.7,511.0,MARIA/JO-ANN,IMO8886228,WCZ7939,30,,23,7,,,B
367440240,2023-07-18T06:51:10,42.42070,-70.53556,6.6,266.2,511.0,MARIA/JO-ANN,IMO8886228,WCZ7939,30,,23,7,,,B
367440240,2023-07-18T06:52:42,42.42035,-70.53942,6.6,265.3,511.0,MARIA/JO-ANN,IMO8886228,WCZ7939,30,,23,7,,,B
367359940,2023-06-07T05:30:52,42.42968,-70.52166,8.9,353.8,511.0,CONNECTICUT,,WCY4995,60,0,20,7,,90,A
367359940,2023-06-07T05:31:54,42.43219,-70.52205,8.4,350.4,511.0,CONNECTICUT,,WCY4995,60,0,20,7,,90,A
367359940,2023-06-07T05:32:59,42.43478,-70.52235,8.7,357.2,511.0,CONNECTICUT,,WCY4995,60,0,20,7,,90,A
367359940,2023-06-07T05:34:59,42.43966,-70.52273,8.8,357.0,511.0,CONNECTICUT,,WCY4995,60,0,20,7,,90,A
367359940,2023-06-07T05:36:18,42.44293,-70.52291,8.8,357.4,511.0,CONNECTICUT,,WCY4995,60,0,20,7,,90,A
367359940,2023-06-07T05:37:49,42.44662,-70.52309,8.6,358.5,511.0,CONNECTICUT,,WCY4995,60,0,20,7,,90,A
367359940,2023-06-07T05:38:58,42.44935,-70.52318,8.9,359.7,511.0,CONNECTICUT,,WCY4995,60,0,20,7,,90,A
367359940,2023-06-07T05:40:39,42.45344,-70.52334,8.9,0.1,511.0,CONNECTICUT,,WCY4995,60,0,20,7,,90,A
367359940,2023-06-13T20:20:04,42.45549,-70.52166,9.7,176.2,511.0,CONNECTICUT,,WCY4995,60,0,20,7,,90,A
367359940,2023-06-13T20:21:08,42.45264,-70.52138,9.5,173.8,511.0,CONNECTICUT,,WCY4995,60,0,20,7,,90,A
367612210,2023-07-16T16:08:40,42.42490,-70.52215,8.3,358.7,511.0,NIGHT HERON,,WDH3911,37,,16,,,,B
367605910,2023-06-07T19:54:36,42.44113,-70.56980,6.6,158.7,106.0,AMERICAN PROMISE,,WDH3259,60,,18,,,,B
367605910,2023-06-07T19:58:07,42.43478,-70.56697,6.9,161.4,105.0,AMERICAN PROMISE,,WDH3259,60,,18,,,,B
367467970,2023-06-10T09:45:17,42.42385,-70.56118,8.5,260.3,511.0,CAPT'N JAKE,IMO8305755,WDF5859,30,,23,6,3.3,,B
367467970,2023-06-10T09:47:17,42.42308,-70.56726,8.2,260.5,511.0,CAPT'N JAKE,IMO8305755,WDF5859,30,,23,6,3.3,,B
366927240,2023-07-08T17:15:33,42.42167,-70.55821,7.2,324.4,511.0,DEER DANCER,,WDB6598,37,,20,4,,,B
366927240,2023-07-08T17:17:04,42.42422,-70.56028,7.1,328.4,511.0,DEER DANCER,,WDB6598,37,,20,4,,,B
366927240,2023-07-08T17:18:06,42.42598,-70.56173,7.1,324.7,511.0,DEER DANCER,,WDB6598,37,,20,4,,,B
366927240,2023-07-08T17:19:32,42.42835,-70.56374,7.2,325.4,511.0,DEER DANCER,,WDB6598,37,,20,4,,,B
366927240,2023-07-08T17:20:34,42.42999,-70.56535,7.1,314.4,511.0,DEER DANCER,,WDB6598,37,,20,4,,,B
366927240,2023-07-08T17:21:38,42.43156,-70.56718,7.1,319.7,511.0,DEER DANCER,,WDB6598,37,,20,4,,,B
338322031,2023-07-06T18:32:06,42.42107,-70.53521,21.5,330.3,511.0,CACHALOT,,,37,,10,4,,,B
338322031,2023-07-06T18:33:22,42.42739,-70.54117,22.0,319.6,511.0,CACHALOT,,,37,,10,4,,,B
338322031,2023-07-06T18:34:23,42.43198,-70.54637,21.6,322.2,511.0,CACHALOT,,,37,,10,4,,,B
338322031,2023-07-06T18:35:38,42.43834,-70.55200,20.8,347.6,511.0,CACHALOT,,,37,,10,4,,,B
338322031,2023-07-06T18:36:51,42.44481,-70.55529,22.3,327.1,511.0,CACHALOT,,,37,,10,4,,,B
338322031,2023-07-06T18:38:06,42.45126,-70.56079,21.4,328.0,511.0,CACHALOT,,,37,,10,4,,,B
319233900,2023-07-24T16:51:42,42.42574,-70.52949,20.2,355.1,511.0,REGINA,,ZGQM6,37,,27,8,,,B
368263040,2023-07-26T15:53:05,42.42177,-70.53759,22.3,0.1,511.0,FINAL DRAW,,WDN2533,37,,30,5,,,B
319233900,2023-07-24T16:56:41,42.45377,-70.53264,20.2,354.9,511.0,REGINA,,ZGQM6,37,,27,8,,,B
368263040,2023-07-26T15:58:20,42.45420,-70.53751,22.6,359.8,511.0,FINAL DRAW,,WDN2533,37,,30,5,,,B
319233900,2023-07-24T16:55:28,42.44695,-70.53189,19.9,356.1,511.0,REGINA,,ZGQM6,37,,27,8,,,B
319233900,2023-07-24T16:52:57,42.43278,-70.53029,20.3,354.0,511.0,REGINA,,ZGQM6,37,,27,8,,,B
319233900,2023-07-24T16:54:12,42.43983,-70.53109,20.3,355.3,511.0,REGINA,,ZGQM6,37,,27,8,,,B
338445236,2023-07-26T13:52:37,42.45169,-70.53217,23.5,175.0,511.0,JUST PERFECT,,,37,,26,6,,,B
338445236,2023-07-26T13:55:41,42.43150,-70.53013,23.9,176.1,511.0,JUST PERFECT,,,37,,26,6,,,B
368263040,2023-07-26T15:54:19,42.42943,-70.53757,21.9,0.2,511.0,FINAL DRAW,,WDN2533,37,,30,5,,,B
368263040,2023-07-26T15:55:51,42.43885,-70.53755,22.2,0.6,511.0,FINAL DRAW,,WDN2533,37,,30,5,,,B
368263040,2023-07-26T15:57:05,42.44645,-70.53752,22.2,359.3,511.0,FINAL DRAW,,WDN2533,37,,30,5,,,B
366752720,2023-07-16T17:45:41,42.42769,-70.52187,11.0,275.3,511.0,AMERICAN CLASSIC,IMO1068050,WCY5466,0,15,31,10,2.0,0,A
366752720,2023-07-16T12:45:29,42.44132,-70.52956,14.5,89.6,511.0,AMERICAN CLASSIC,IMO1068050,WCY5466,0,15,31,10,2.0,0,A
366752720,2023-07-16T12:46:40,42.44189,-70.52290,14.6,85.5,511.0,AMERICAN CLASSIC,IMO1068050,WCY5466,0,15,31,10,2.0,0,A
366752720,2023-07-16T17:46:51,42.42786,-70.52663,12.1,272.1,511.0,AMERICAN CLASSIC,IMO1068050,WCY5466,0,15,31,10,2.0,0,A
366752720,2023-07-16T17:47:55,42.42826,-70.53122,13.1,279.7,511.0,AMERICAN CLASSIC,IMO1068050,WCY5466,0,15,31,10,2.0,0,A
366752720,2023-07-16T12:38:28,42.44022,-70.56826,14.3,105.5,511.0,AMERICAN CLASSIC,IMO1068050,WCY5466,0,15,31,10,2.0,0,A
366752720,2023-07-16T12:39:34,42.43966,-70.56229,14.6,92.5,511.0,AMERICAN CLASSIC,IMO1068050,WCY5466,0,15,31,10,2.0,0,A
366752720,2023-07-16T12:40:41,42.43966,-70.55611,14.8,88.7,511.0,AMERICAN CLASSIC,IMO1068050,WCY5466,0,15,31,10,2.0,0,A
366752720,2023-07-16T12:41:59,42.43979,-70.54893,14.8,87.6,511.0,AMERICAN CLASSIC,IMO1068050,WCY5466,0,15,31,10,2.0,0,A
366752720,2023-07-16T12:43:04,42.43994,-70.54290,14.8,82.6,511.0,AMERICAN CLASSIC,IMO1068050,WCY5466,0,15,31,10,2.0,0,A
366752720,2023-07-16T12:44:22,42.44081,-70.53573,14.9,83.6,511.0,AMERICAN CLASSIC,IMO1068050,WCY5466,0,15,31,10,2.0,0,A
366752720,2023-07-16T17:49:00,42.42860,-70.53650,12.2,268.4,511.0,AMERICAN CLASSIC,IMO1068050,WCY5466,0,15,31,10,2.0,0,A
366752720,2023-07-16T17:50:06,42.42960,-70.54090,10.3,301.9,511.0,AMERICAN CLASSIC,IMO1068050,WCY5466,0,15,31,10,2.0,0,A
366752720,2023-07-16T17:51:13,42.43000,-70.54522,10.8,266.3,511.0,AMERICAN CLASSIC,IMO1068050,WCY5466,0,15,31,10,2.0,0,A
366752720,2023-07-16T17:52:35,42.43019,-70.55044,10.6,272.5,511.0,AMERICAN CLASSIC,IMO1068050,WCY5466,0,15,31,10,2.0,0,A
366752720,2023-07-16T17:53:45,42.43008,-70.55487,11.6,264.9,511.0,AMERICAN CLASSIC,IMO1068050,WCY5466,0,15,31,10,2.0,0,A
366752720,2023-07-16T17:54:55,42.43024,-70.55930,10.0,277.4,511.0,AMERICAN CLASSIC,IMO1068050,WCY5466,0,15,31,10,2.0,0,A
366752720,2023-07-16T17:56:05,42.43057,-70.56371,11.0,273.8,511.0,AMERICAN CLASSIC,IMO1068050,WCY5466,0,15,31,10,2.0,0,A
366752720,2023-07-16T17:57:13,42.43105,-70.56800,9.9,281.3,511.0,AMERICAN CLASSIC,IMO1068050,WCY5466,0,15,31,10,2.0,0,A
338145209,2023-06-11T16:23:58,42.45277,-70.56308,8.6,181.5,202.0,SUMMER STAR,,WDE9430,37,0,20,5,2.0,37,A
338145209,2023-06-11T16:25:17,42.44959,-70.56338,8.7,184.9,201.0,SUMMER STAR,,WDE9430,37,0,20,5,2.0,37,A
338145209,2023-06-11T16:26:27,42.44682,-70.56354,8.5,184.1,202.0,SUMMER STAR,,WDE9430,37,0,20,5,2.0,37,A
338145209,2023-06-11T16:27:28,42.44431,-70.56378,8.8,183.4,199.0,SUMMER STAR,,WDE9430,37,0,20,5,2.0,37,A
338145209,2023-06-11T16:28:38,42.44155,-70.56393,8.7,185.8,203.0,SUMMER STAR,,WDE9430,37,0,20,5,2.0,37,A
338145209,2023-06-11T16:29:55,42.43846,-70.56369,8.5,186.0,208.0,SUMMER STAR,,WDE9430,37,0,20,5,2.0,37,A
338145209,2023-06-11T16:31:28,42.43478,-70.56435,8.6,183.7,200.0,SUMMER STAR,,WDE9430,37,0,20,5,2.0,37,A
338145209,2023-06-11T16:32:48,42.43159,-70.56450,8.7,180.4,196.0,SUMMER STAR,,WDE9430,37,0,20,5,2.0,37,A
338145209,2023-06-11T16:34:48,42.42682,-70.56496,8.6,181.3,199.0,SUMMER STAR,,WDE9430,37,0,20,5,2.0,37,A
338145209,2023-06-11T16:36:07,42.42369,-70.56519,8.7,185.6,203.0,SUMMER STAR,,WDE9430,37,0,20,5,2.0,37,A
338145209,2023-06-11T16:37:28,42.42050,-70.56546,8.6,182.0,200.0,SUMMER STAR,,WDE9430,37,0,20,5,2.0,37,A
366752720,2023-06-14T17:13:08,42.45541,-70.52336,12.4,131.0,511.0,AMERICAN CLASSIC,IMO1068050,WCY5466,0,15,31,10,2.0,0,A
309653000,2023-06-16T08:57:50,42.45367,-70.52595,15.6,232.2,233.0,NORWEGIAN PEARL,IMO9342281,C6VG7,60,0,294,37,8.6,60,A
309653000,2023-06-16T08:58:51,42.45099,-70.53058,15.6,231.6,233.0,NORWEGIAN PEARL,IMO9342281,C6VG7,60,0,294,37,8.6,60,A
309653000,2023-06-16T08:59:57,42.44807,-70.53565,15.5,232.4,234.0,NORWEGIAN PEARL,IMO9342281,C6VG7,60,0,294,37,8.6,60,A
309653000,2023-06-16T09:00:03,42.44781,-70.53611,15.6,231.7,234.0,NORWEGIAN PEARL,IMO9342281,C6VG7,60,0,294,37,8.6,60,A
309653000,2023-06-16T09:01:08,42.44494,-70.54124,15.5,234.8,236.0,NORWEGIAN PEARL,IMO9342281,C6VG7,60,0,294,37,8.6,60,A
309653000,2023-06-16T09:02:09,42.44256,-70.54599,15.1,237.7,239.0,NORWEGIAN PEARL,IMO9342281,C6VG7,60,0,294,37,8.6,60,A
309653000,2023-06-16T09:03:15,42.44026,-70.55128,14.6,240.4,242.0,NORWEGIAN PEARL,IMO9342281,C6VG7,60,0,294,37,8.6,60,A
309653000,2023-06-16T09:04:21,42.43809,-70.55645,14.2,240.1,242.0,NORWEGIAN PEARL,IMO9342281,C6VG7,60,0,294,37,8.6,60,A
309653000,2023-06-16T09:05:26,42.43593,-70.56151,14.1,240.6,242.0,NORWEGIAN PEARL,IMO9342281,C6VG7,60,0,294,37,8.6,60,A
309653000,2023-06-16T09:06:33,42.43391,-70.56662,13.9,243.6,246.0,NORWEGIAN PEARL,IMO9342281,C6VG7,60,0,294,37,8.6,60,A
366752720,2023-07-02T18:22:21,42.43088,-70.53542,11.6,266.9,511.0,AMERICAN CLASSIC,IMO1068050,WCY5466,0,15,31,10,2.0,0,A
366752720,2023-07-02T18:24:21,42.43105,-70.54384,10.8,269.1,511.0,AMERICAN CLASSIC,IMO1068050,WCY5466,0,15,31,10,2.0,0,A
366752720,2023-07-02T18:25:31,42.43089,-70.54878,11.3,268.2,511.0,AMERICAN CLASSIC,IMO1068050,WCY5466,0,15,31,10,2.0,0,A
366752720,2023-07-02T18:26:41,42.43092,-70.55369,11.7,262.7,511.0,AMERICAN CLASSIC,IMO1068050,WCY5466,0,15,31,10,2.0,0,A
366752720,2023-07-02T18:27:59,42.43030,-70.55917,11.8,259.0,511.0,AMERICAN CLASSIC,IMO1068050,WCY5466,0,15,31,10,2.0,0,A
366752720,2023-07-02T18:29:10,42.43007,-70.56411,11.7,260.8,511.0,AMERICAN CLASSIC,IMO1068050,WCY5466,0,15,31,10,2.0,0,A
366752720,2023-07-02T18:19:51,42.43092,-70.52492,10.8,275.9,511.0,AMERICAN CLASSIC,IMO1068050,WCY5466,0,15,31,10,2.0,0,A
366752720,2023-07-02T18:20:59,42.43095,-70.52977,11.5,271.3,511.0,AMERICAN CLASSIC,IMO1068050,WCY5466,0,15,31,10,2.0,0,A
369871000,2023-06-01T17:01:04,42.42995,-70.52543,15.4,301.2,298.0,AUK,,,90,15,,,,15,A
369871000,2023-06-01T17:02:13,42.43233,-70.53087,14.9,299.8,299.0,AUK,,,90,15,,,,15,A
369871000,2023-06-01T17:03:15,42.43447,-70.53593,14.7,296.7,293.0,AUK,,,90,15,,,,15,A
369871000,2023-06-01T17:04:16,42.43599,-70.54007,8.8,297.2,293.0,AUK,,,90,15,,,,15,A
369871000,2023-06-01T17:05:21,42.43696,-70.54239,5.7,300.5,293.0,AUK,,,90,15,,,,15,A
369871000,2023-06-01T17:06:24,42.43768,-70.54406,5.3,302.6,296.0,AUK,,,90,15,,,,15,A
369871000,2023-06-01T17:07:32,42.43809,-70.54498,0.7,291.5,267.0,AUK,,,90,15,,,,15,A
369871000,2023-06-01T17:09:58,42.43868,-70.54569,1.4,7.2,356.0,AUK,,,90,15,,,,15,A
369871000,2023-06-01T17:11:18,42.43903,-70.54553,0.6,36.3,13.0,AUK,,,90,15,,,,15,A
369871000,2023-06-01T17:12:25,42.43912,-70.54541,0.2,41.1,359.0,AUK,,,90,15,,,,15,A
369871000,2023-06-01T17:14:25,42.43935,-70.54531,0.4,28.5,2.0,AUK,,,90,15,,,,15,A
369871000,2023-06-01T17:17:31,42.43850,-70.54536,0.1,156.4,1.0,AUK,,,90,15,,,,15,A
369871000,2023-06-01T17:22:55,42.43916,-70.54506,1.1,38.1,33.0,AUK,,,90,15,,,,15,A
369871000,2023-06-01T17:23:59,42.43931,-70.54482,0.8,43.4,58.0,AUK,,,90,15,,,,15,A
369871000,2023-06-01T17:25:06,42.43945,-70.54466,0.6,30.8,80.0,AUK,,,90,15,,,,15,A
369871000,2023-06-01T17:26:09,42.43957,-70.54453,0.6,30.6,66.0,AUK,,,90,15,,,,15,A
369871000,2023-06-01T17:27:11,42.43973,-70.54449,0.5,24.0,61.0,AUK,,,90,15,,,,15,A
369871000,2023-06-01T17:28:23,42.43989,-70.54441,0.5,12.5,55.0,AUK,,,90,15,,,,15,A
369871000,2023-06-01T17:29:31,42.44004,-70.54435,0.5,15.4,56.0,AUK,,,90,15,,,,15,A
369871000,2023-06-01T17:30:36,42.44050,-70.54427,2.8,335.5,303.0,AUK,,,90,15,,,,15,A
369871000,2023-06-01T17:31:38,42.43999,-70.54546,5.4,190.9,187.0,AUK,,,90,15,,,,15,A
369871000,2023-06-01T17:32:46,42.43823,-70.54563,5.7,178.4,175.0,AUK,,,90,15,,,,15,A
369871000,2023-06-01T17:33:55,42.43737,-70.54546,0.6,181.5,188.0,AUK,,,90,15,,,,15,A
369871000,2023-06-01T17:34:58,42.43730,-70.54549,0.1,209.2,212.0,AUK,,,90,15,,,,15,A
369871000,2023-06-01T17:36:09,42.43761,-70.54579,3.3,8.7,7.0,AUK,,,90,15,,,,15,A
369871000,2023-06-01T17:37:28,42.43860,-70.54586,4.6,316.1,288.0,AUK,,,90,15,,,,15,A
369871000,2023-06-01T17:38:42,42.43751,-70.54776,8.8,197.0,192.0,AUK,,,90,15,,,,15,A
369871000,2023-06-01T17:39:56,42.43388,-70.54925,13.3,198.8,197.0,AUK,,,90,15,,,,15,A
369871000,2023-06-01T17:41:12,42.42934,-70.55141,14.1,199.7,198.0,AUK,,,90,15,,,,15,A
369871000,2023-06-01T17:43:32,42.42083,-70.55550,14.0,200.5,197.0,AUK,,,90,15,,,,15,A
369871000,2023-06-01T17:48:20,42.42006,-70.55659,5.0,28.9,29.0,AUK,,,90,15,,,,15,A
369871000,2023-06-01T17:51:36,42.42301,-70.55456,0.9,29.2,42.0,AUK,,,90,15,,,,15,A
369871000,2023-06-01T17:53:23,42.42321,-70.55433,0.5,32.8,74.0,AUK,,,90,15,,,,15,A
369871000,2023-06-01T17:54:43,42.42230,-70.55335,5.9,198.0,201.0,AUK,,,90,15,,,,15,A
367505490,2023-07-16T07:40:37,42.42032,-70.54997,6.4,333.6,511.0,POLARIS,,WDF9472,37,,16,,,,B
367505490,2023-07-16T07:42:37,42.42339,-70.55205,6.0,332.8,511.0,POLARIS,,WDF9472,37,,16,,,,B
367505490,2023-07-16T07:44:37,42.42646,-70.55417,6.3,337.3,511.0,POLARIS,,WDF9472,37,,16,,,,B
367505490,2023-07-16T07:45:39,42.42806,-70.55521,6.2,326.6,511.0,POLARIS,,WDF9472,37,,16,,,,B
367505490,2023-07-16T07:47:08,42.43034,-70.55673,6.1,334.4,511.0,POLARIS,,WDF9472,37,,16,,,,B
367505490,2023-07-16T07:49:39,42.43428,-70.55937,6.1,334.6,511.0,POLARIS,,WDF9472,37,,16,,,,B
367505490,2023-07-16T07:51:37,42.43736,-70.56147,6.6,333.3,511.0,POLARIS,,WDF9472,37,,16,,,,B
367505490,2023-07-16T07:54:37,42.44202,-70.56460,6.0,332.5,511.0,POLARIS,,WDF9472,37,,16,,,,B
367505490,2023-07-16T07:55:39,42.44363,-70.56569,6.4,332.2,511.0,POLARIS,,WDF9472,37,,16,,,,B
367505490,2023-07-16T07:57:07,42.44590,-70.56720,5.7,337.7,511.0,POLARIS,,WDF9472,37,,16,,,,B
367505490,2023-07-16T07:58:38,42.44823,-70.56876,6.3,333.4,511.0,POLARIS,,WDF9472,37,,16,,,,B
367371830,2023-06-14T07:06:26,42.45430,-70.53638,9.9,182.1,193.0,PATUXENT,IMO9544229,WDE5805,31,0,30,10,,32,A
367371830,2023-06-14T07:07:36,42.45121,-70.53698,9.9,183.3,192.0,PATUXENT,IMO9544229,WDE5805,31,0,30,10,,32,A
367371830,2023-06-14T07:08:45,42.44816,-70.53759,10.1,181.8,193.0,PATUXENT,IMO9544229,WDE5805,31,0,30,10,,32,A
367371830,2023-06-14T07:09:57,42.44502,-70.53820,9.6,190.2,193.0,PATUXENT,IMO9544229,WDE5805,31,0,30,10,,32,A
367371830,2023-06-14T07:11:06,42.44192,-70.53880,9.5,186.5,193.0,PATUXENT,IMO9544229,WDE5805,31,0,30,10,,32,A
367371830,2023-06-14T07:13:27,42.43569,-70.53998,9.4,193.7,192.0,PATUXENT,IMO9544229,WDE5805,31,0,30,10,,32,A
367371830,2023-06-14T07:14:46,42.43216,-70.54065,9.5,183.7,193.0,PATUXENT,IMO9544229,WDE5805,31,0,30,10,,32,A
367371830,2023-06-14T07:16:06,42.42857,-70.54130,9.6,189.8,192.0,PATUXENT,IMO9544229,WDE5805,31,0,30,10,,32,A
367371830,2023-06-14T07:17:27,42.42498,-70.54193,10.0,178.0,193.0,PATUXENT,IMO9544229,WDE5805,31,0,30,10,,32,A
367371830,2023-06-14T07:18:37,42.42184,-70.54247,10.2,184.1,192.0,PATUXENT,IMO9544229,WDE5805,31,0,30,10,,32,A
309653000,2023-06-23T09:00:00,42.45439,-70.53063,14.1,230.4,231.0,NORWEGIAN PEARL,IMO9342281,C6VG7,60,0,294,37,8.6,60,A
309653000,2023-06-23T09:01:06,42.45161,-70.53512,14.1,230.3,231.0,NORWEGIAN PEARL,IMO9342281,C6VG7,60,0,294,37,8.6,60,A
309653000,2023-06-23T09:02:12,42.44885,-70.53956,14.0,229.8,230.0,NORWEGIAN PEARL,IMO9342281,C6VG7,60,0,294,37,8.6,60,A
309653000,2023-06-23T09:03:18,42.44606,-70.54399,14.1,229.4,230.0,NORWEGIAN PEARL,IMO9342281,C6VG7,60,0,294,37,8.6,60,A
309653000,2023-06-23T09:04:24,42.44329,-70.54842,14.1,229.7,231.0,NORWEGIAN PEARL,IMO9342281,C6VG7,60,0,294,37,8.6,60,A
309653000,2023-06-23T09:05:31,42.44059,-70.55292,14.0,232.6,233.0,NORWEGIAN PEARL,IMO9342281,C6VG7,60,0,294,37,8.6,60,A
309653000,2023-06-23T09:06:37,42.43808,-70.55763,14.0,236.7,237.0,NORWEGIAN PEARL,IMO9342281,C6VG7,60,0,294,37,8.6,60,A
309653000,2023-06-23T09:07:42,42.43588,-70.56258,14.0,241.2,242.0,NORWEGIAN PEARL,IMO9342281,C6VG7,60,0,294,37,8.6,60,A
309653000,2023-06-23T09:08:48,42.43400,-70.56776,13.9,246.5,248.0,NORWEGIAN PEARL,IMO9342281,C6VG7,60,0,294,37,8.6,60,A
309653000,2023-07-07T09:03:55,42.44003,-70.55114,14.4,234.3,235.0,NORWEGIAN PEARL,IMO9342281,C6VG7,60,0,294,37,8.6,60,A
309653000,2023-07-07T09:05:01,42.43763,-70.55612,14.5,239.5,241.0,NORWEGIAN PEARL,IMO9342281,C6VG7,60,0,294,37,8.6,60,A
309653000,2023-07-07T08:57:36,42.45495,-70.52434,14.1,232.4,234.0,NORWEGIAN PEARL,IMO9342281,C6VG7,60,0,294,37,8.6,60,A
309653000,2023-07-07T09:06:06,42.43563,-70.56141,14.4,245.7,247.0,NORWEGIAN PEARL,IMO9342281,C6VG7,60,0,294,37,8.6,60,A
309653000,2023-07-07T09:07:07,42.43416,-70.56647,14.4,250.7,252.0,NORWEGIAN PEARL,IMO9342281,C6VG7,60,0,294,37,8.6,60,A
309653000,2023-07-07T08:58:43,42.45237,-70.52897,14.1,232.7,234.0,NORWEGIAN PEARL,IMO9342281,C6VG7,60,0,294,37,8.6,60,A
309653000,2023-07-07T08:59:49,42.44978,-70.53362,14.1,233.2,234.0,NORWEGIAN PEARL,IMO9342281,C6VG7,60,0,294,37,8.6,60,A
309653000,2023-07-07T09:00:01,42.44931,-70.53447,14.0,233.1,234.0,NORWEGIAN PEARL,IMO9342281,C6VG7,60,0,294,37,8.6,60,A
309653000,2023-07-07T09:01:07,42.44673,-70.53911,14.1,232.7,234.0,NORWEGIAN PEARL,IMO9342281,C6VG7,60,0,294,37,8.6,60,A
309653000,2023-07-07T09:02:49,42.44267,-70.54637,14.3,232.7,234.0,NORWEGIAN PEARL,IMO9342281,C6VG7,60,0,294,37,8.6,60,A
309653000,2023-07-28T08:50:00,42.45381,-70.52153,16.9,239.0,241.0,NORWEGIAN PEARL,IMO9342281,C6VG7,60,0,294,37,8.6,60,A
309653000,2023-07-28T08:55:36,42.44078,-70.55074,14.9,238.7,241.0,NORWEGIAN PEARL,IMO9342281,C6VG7,60,0,294,37,8.6,60,A
309653000,2023-07-28T08:56:41,42.43852,-70.55580,14.3,239.3,242.0,NORWEGIAN PEARL,IMO9342281,C6VG7,60,0,294,37,8.6,60,A
309653000,2023-07-28T08:57:48,42.43637,-70.56100,14.0,242.3,245.0,NORWEGIAN PEARL,IMO9342281,C6VG7,60,0,294,37,8.6,60,A
309653000,2023-07-28T08:58:53,42.43456,-70.56608,13.8,246.0,249.0,NORWEGIAN PEARL,IMO9342281,C6VG7,60,0,294,37,8.6,60,A
309653000,2023-07-28T08:51:06,42.45110,-70.52760,17.0,238.9,240.0,NORWEGIAN PEARL,IMO9342281,C6VG7,60,0,294,37,8.6,60,A
309653000,2023-07-28T08:52:12,42.44847,-70.53347,16.7,238.7,241.0,NORWEGIAN PEARL,IMO9342281,C6VG7,60,0,294,37,8.6,60,A
309653000,2023-07-28T08:53:18,42.44588,-70.53928,16.2,238.9,241.0,NORWEGIAN PEARL,IMO9342281,C6VG7,60,0,294,37,8.6,60,A
309653000,2023-07-28T08:54:30,42.44316,-70.54539,15.4,239.0,241.0,NORWEGIAN PEARL,IMO9342281,C6VG7,60,0,294,37,8.6,60,A
309653000,2023-06-09T08:56:45,42.45564,-70.54744,14.1,232.7,234.0,NORWEGIAN PEARL,IMO9342281,C6VG7,60,0,294,37,8.6,60,A
309653000,2023-06-09T08:57:50,42.45311,-70.55197,13.9,232.6,234.0,NORWEGIAN PEARL,IMO9342281,C6VG7,60,0,294,37,8.6,60,A
309653000,2023-06-09T08:58:56,42.45057,-70.55651,13.8,232.5,234.0,NORWEGIAN PEARL,IMO9342281,C6VG7,60,0,294,37,8.6,60,A
309653000,2023-06-09T09:00:03,42.44800,-70.56111,13.7,233.4,234.0,NORWEGIAN PEARL,IMO9342281,C6VG7,60,0,294,37,8.6,60,A
309653000,2023-06-09T09:01:07,42.44557,-70.56547,13.6,232.8,234.0,NORWEGIAN PEARL,IMO9342281,C6VG7,60,0,294,37,8.6,60,A
367367150,2023-07-06T17:44:26,42.42581,-70.53389,5.7,331.4,511.0,GRAYCE,,WDH4129,37,,12,3,,,B
367367150,2023-07-06T17:45:55,42.42786,-70.53562,5.8,329.7,511.0,GRAYCE,,WDH4129,37,,12,3,,,B
367367150,2023-07-06T17:47:25,42.43005,-70.53725,6.1,331.0,511.0,GRAYCE,,WDH4129,37,,12,3,,,B
367367150,2023-07-06T17:48:55,42.43228,-70.53893,6.1,328.9,511.0,GRAYCE,,WDH4129,37,,12,3,,,B
367367150,2023-07-06T17:50:25,42.43453,-70.54055,6.0,328.8,511.0,GRAYCE,,WDH4129,37,,12,3,,,B
367367150,2023-07-06T17:51:55,42.43674,-70.54228,5.9,328.4,511.0,GRAYCE,,WDH4129,37,,12,3,,,B
367367150,2023-07-06T17:52:56,42.43820,-70.54355,6.3,330.2,511.0,GRAYCE,,WDH4129,37,,12,3,,,B
367367150,2023-07-06T17:54:26,42.44042,-70.54521,5.9,331.5,511.0,GRAYCE,,WDH4129,37,,12,3,,,B
367367150,2023-07-06T17:40:27,42.42033,-70.52936,5.9,330.7,511.0,GRAYCE,,WDH4129,37,,12,3,,,B
367367150,2023-07-06T17:55:55,42.44263,-70.54697,6.2,329.6,511.0,GRAYCE,,WDH4129,37,,12,3,,,B
367367150,2023-07-06T17:57:25,42.44493,-70.54871,6.5,333.9,511.0,GRAYCE,,WDH4129,37,,12,3,,,B
367367150,2023-07-06T17:58:56,42.44725,-70.55041,6.3,333.5,511.0,GRAYCE,,WDH4129,37,,12,3,,,B
367367150,2023-07-06T18:00:25,42.44959,-70.55209,6.1,331.8,511.0,GRAYCE,,WDH4129,37,,12,3,,,B
367367150,2023-07-06T18:01:27,42.45116,-70.55323,6.4,331.7,511.0,GRAYCE,,WDH4129,37,,12,3,,,B
367367150,2023-07-06T18:02:55,42.45342,-70.55501,6.3,328.8,511.0,GRAYCE,,WDH4129,37,,12,3,,,B
367367150,2023-07-06T18:04:25,42.45573,-70.55675,6.4,330.2,511.0,GRAYCE,,WDH4129,37,,12,3,,,B
367367150,2023-07-06T17:41:56,42.42241,-70.53104,6.0,327.6,511.0,GRAYCE,,WDH4129,37,,12,3,,,B
367785960,2023-07-06T18:50:35,42.42194,-70.53498,6.4,348.9,511.0,MILLER TIME,,WDJ5264,37,,17,5,,,B
367785960,2023-07-06T18:52:04,42.42450,-70.53549,6.3,348.6,511.0,MILLER TIME,,WDJ5264,37,,17,5,,,B
367785960,2023-07-06T18:53:32,42.42707,-70.53600,6.6,352.2,511.0,MILLER TIME,,WDJ5264,37,,17,5,,,B
367785960,2023-07-06T18:55:02,42.42967,-70.53659,6.3,350.8,511.0,MILLER TIME,,WDJ5264,37,,17,5,,,B
367785960,2023-07-06T18:56:03,42.43145,-70.53695,6.5,350.2,511.0,MILLER TIME,,WDJ5264,37,,17,5,,,B
367785960,2023-07-06T18:57:35,42.43419,-70.53750,6.7,351.0,511.0,MILLER TIME,,WDJ5264,37,,17,5,,,B
367785960,2023-07-06T18:59:03,42.43675,-70.53805,6.5,350.7,511.0,MILLER TIME,,WDJ5264,37,,17,5,,,B
367785960,2023-07-06T19:00:05,42.43860,-70.53841,6.4,350.9,511.0,MILLER TIME,,WDJ5264,37,,17,5,,,B
367785960,2023-07-06T18:49:32,42.42011,-70.53456,6.0,349.1,511.0,MILLER TIME,,WDJ5264,37,,17,5,,,B
367785960,2023-07-06T19:02:32,42.44290,-70.53906,6.4,351.6,511.0,MILLER TIME,,WDJ5264,37,,17,5,,,B
367785960,2023-07-06T19:03:33,42.44469,-70.53937,6.3,353.8,511.0,MILLER TIME,,WDJ5264,37,,17,5,,,B
367785960,2023-07-06T19:05:02,42.44729,-70.53979,6.3,353.7,511.0,MILLER TIME,,WDJ5264,37,,17,5,,,B
367785960,2023-07-06T19:06:33,42.44998,-70.54019,6.4,353.0,511.0,MILLER TIME,,WDJ5264,37,,17,5,,,B
367785960,2023-07-06T19:08:02,42.45268,-70.54056,6.6,352.7,511.0,MILLER TIME,,WDJ5264,37,,17,5,,,B
367785960,2023-07-06T19:09:03,42.45451,-70.54087,6.5,354.7,511.0,MILLER TIME,,WDJ5264,37,,17,5,,,B
309653000,2023-06-30T09:22:00,42.45535,-70.53841,18.4,241.2,241.0,NORWEGIAN PEARL,IMO9342281,C6VG7,60,0,294,37,8.6,60,A
309653000,2023-06-30T09:23:06,42.45264,-70.54510,18.5,242.7,242.0,NORWEGIAN PEARL,IMO9342281,C6VG7,60,0,294,37,8.6,60,A
309653000,2023-06-30T09:24:12,42.45007,-70.55188,18.4,243.2,243.0,NORWEGIAN PEARL,IMO9342281,C6VG7,60,0,294,37,8.6,60,A
309653000,2023-06-30T09:25:18,42.44751,-70.55871,18.5,244.8,243.0,NORWEGIAN PEARL,IMO9342281,C6VG7,60,0,294,37,8.6,60,A
309653000,2023-06-30T09:26:24,42.44514,-70.56561,18.4,246.0,247.0,NORWEGIAN PEARL,IMO9342281,C6VG7,60,0,294,37,8.6,60,A
309653000,2023-07-21T08:52:46,42.45032,-70.53273,13.4,232.6,233.0,NORWEGIAN PEARL,IMO9342281,C6VG7,60,0,294,37,8.6,60,A
309653000,2023-07-21T08:53:47,42.44801,-70.53681,13.5,232.9,233.0,NORWEGIAN PEARL,IMO9342281,C6VG7,60,0,294,37,8.6,60,A
309653000,2023-07-21T08:54:56,42.44543,-70.54142,13.4,232.7,233.0,NORWEGIAN PEARL,IMO9342281,C6VG7,60,0,294,37,8.6,60,A
309653000,2023-07-21T08:56:07,42.44278,-70.54615,13.3,233.8,234.0,NORWEGIAN PEARL,IMO9342281,C6VG7,60,0,294,37,8.6,60,A
309653000,2023-07-21T08:57:17,42.44033,-70.55089,13.1,236.9,237.0,NORWEGIAN PEARL,IMO9342281,C6VG7,60,0,294,37,8.6,60,A
309653000,2023-07-21T08:58:27,42.43814,-70.55574,12.9,241.0,241.0,NORWEGIAN PEARL,IMO9342281,C6VG7,60,0,294,37,8.6,60,A
309653000,2023-07-21T08:59:36,42.43621,-70.56067,12.9,243.7,244.0,NORWEGIAN PEARL,IMO9342281,C6VG7,60,0,294,37,8.6,60,A
309653000,2023-07-21T09:00:07,42.43543,-70.56290,12.8,245.1,245.0,NORWEGIAN PEARL,IMO9342281,C6VG7,60,0,294,37,8.6,60,A
309653000,2023-07-21T09:01:17,42.43378,-70.56805,12.8,248.0,248.0,NORWEGIAN PEARL,IMO9342281,C6VG7,60,0,294,37,8.6,60,A
309653000,2023-07-21T08:50:27,42.45555,-70.52346,13.4,232.5,233.0,NORWEGIAN PEARL,IMO9342281,C6VG7,60,0,294,37,8.6,60,A
309653000,2023-07-21T08:51:36,42.45295,-70.52807,13.4,232.1,233.0,NORWEGIAN PEARL,IMO9342281,C6VG7,60,0,294,37,8.6,60,A
309653000,2023-06-02T08:58:46,42.45472,-70.55334,12.9,221.8,222.0,NORWEGIAN PEARL,IMO9342281,C6VG7,60,0,294,37,8.6,60,A
309653000,2023-06-02T08:59:57,42.45154,-70.55720,13.0,221.5,222.0,NORWEGIAN PEARL,IMO9342281,C6VG7,60,0,294,37,8.6,60,A
309653000,2023-06-02T09:00:07,42.45111,-70.55773,12.9,222.4,222.0,NORWEGIAN PEARL,IMO9342281,C6VG7,60,0,294,37,8.6,60,A
309653000,2023-06-02T09:01:17,42.44797,-70.56153,13.0,222.1,222.0,NORWEGIAN PEARL,IMO9342281,C6VG7,60,0,294,37,8.6,60,A
309653000,2023-06-02T09:02:28,42.44484,-70.56543,13.0,223.4,224.0,NORWEGIAN PEARL,IMO9342281,C6VG7,60,0,294,37,8.6,60,A
309653000,2023-06-02T09:03:36,42.44197,-70.56938,13.0,226.6,227.0,NORWEGIAN PEARL,IMO9342281,C6VG7,60,0,294,37,8.6,60,A
367368820,2023-07-27T09:45:36,42.42460,-70.52283,11.1,174.0,180.0,ANDREW MCALLISTER,IMO9424950,WDE5582,31,0,29,10,3.7,52,A
367368820,2023-07-27T09:46:47,42.42097,-70.52230,11.1,174.2,176.0,ANDREW MCALLISTER,IMO9424950,WDE5582,31,0,29,10,3.7,52,A
367368820,2023-07-27T09:36:17,42.45288,-70.52674,10.9,173.6,178.0,ANDREW MCALLISTER,IMO9424950,WDE5582,31,0,29,10,3.7,52,A
367368820,2023-07-27T09:37:26,42.44940,-70.52625,10.8,175.7,176.0,ANDREW MCALLISTER,IMO9424950,WDE5582,31,0,29,10,3.7,52,A
367368820,2023-07-27T09:38:36,42.44588,-70.52578,10.9,173.4,177.0,ANDREW MCALLISTER,IMO9424950,WDE5582,31,0,29,10,3.7,52,A
367368820,2023-07-27T09:39:46,42.44235,-70.52531,10.9,174.9,179.0,ANDREW MCALLISTER,IMO9424950,WDE5582,31,0,29,10,3.7,52,A
367368820,2023-07-27T09:40:57,42.43876,-70.52483,11.0,174.5,177.0,ANDREW MCALLISTER,IMO9424950,WDE5582,31,0,29,10,3.7,52,A
367368820,2023-07-27T09:42:06,42.43528,-70.52431,11.0,173.2,180.0,ANDREW MCALLISTER,IMO9424950,WDE5582,31,0,29,10,3.7,52,A
367368820,2023-07-27T09:43:16,42.43174,-70.52383,11.0,175.4,177.0,ANDREW MCALLISTER,IMO9424950,WDE5582,31,0,29,10,3.7,52,A
367368820,2023-07-27T09:44:26,42.42818,-70.52333,11.1,173.0,179.0,ANDREW MCALLISTER,IMO9424950,WDE5582,31,0,29,10,3.7,52,A
367368820,2023-06-01T23:31:28,42.42357,-70.54022,11.8,1.4,358.0,ANDREW MCALLISTER,IMO9424950,WDE5582,31,0,29,10,3.7,52,A
367368820,2023-06-01T23:32:38,42.42738,-70.54001,11.7,3.2,2.0,ANDREW MCALLISTER,IMO9424950,WDE5582,31,0,29,10,3.7,52,A
367368820,2023-06-01T23:33:47,42.43112,-70.53977,11.8,2.0,359.0,ANDREW MCALLISTER,IMO9424950,WDE5582,31,0,29,10,3.7,52,A
367368820,2023-06-01T23:34:56,42.43487,-70.53952,11.8,3.0,359.0,ANDREW MCALLISTER,IMO9424950,WDE5582,31,0,29,10,3.7,52,A
367368820,2023-06-01T23:36:07,42.43874,-70.53930,11.7,2.1,3.0,ANDREW MCALLISTER,IMO9424950,WDE5582,31,0,29,10,3.7,52,A
367368820,2023-06-01T23:37:08,42.44208,-70.53912,11.7,1.9,4.0,ANDREW MCALLISTER,IMO9424950,WDE5582,31,0,29,10,3.7,52,A
367368820,2023-06-01T23:38:16,42.44574,-70.53889,11.7,1.6,357.0,ANDREW MCALLISTER,IMO9424950,WDE5582,31,0,29,10,3.7,52,A
367368820,2023-06-01T23:39:26,42.44953,-70.53873,11.8,1.3,1.0,ANDREW MCALLISTER,IMO9424950,WDE5582,31,0,29,10,3.7,52,A
367368820,2023-06-01T23:40:28,42.45289,-70.53866,11.7,1.2,0.0,ANDREW MCALLISTER,IMO9424950,WDE5582,31,0,29,10,3.7,52,A
309653000,2023-07-14T08:08:52,42.45392,-70.52600,18.1,233.9,233.0,NORWEGIAN PEARL,IMO9342281,C6VG7,60,0,294,37,8.6,60,A
309653000,2023-07-14T08:09:59,42.45065,-70.53198,18.1,234.1,233.0,NORWEGIAN PEARL,IMO9342281,C6VG7,60,0,294,37,8.6,60,A
309653000,2023-07-14T08:11:05,42.44738,-70.53794,18.0,233.0,232.0,NORWEGIAN PEARL,IMO9342281,C6VG7,60,0,294,37,8.6,60,A
309653000,2023-07-14T08:12:11,42.44402,-70.54396,17.9,232.5,232.0,NORWEGIAN PEARL,IMO9342281,C6VG7,60,0,294,37,8.6,60,A
309653000,2023-07-14T08:13:17,42.44080,-70.54979,17.9,234.9,234.0,NORWEGIAN PEARL,IMO9342281,C6VG7,60,0,294,37,8.6,60,A
309653000,2023-07-14T08:14:23,42.43782,-70.55598,17.9,239.4,239.0,NORWEGIAN PEARL,IMO9342281,C6VG7,60,0,294,37,8.6,60,A
309653000,2023-07-14T08:15:29,42.43526,-70.56254,17.9,244.4,244.0,NORWEGIAN PEARL,IMO9342281,C6VG7,60,0,294,37,8.6,60,A
309653000,2023-07-14T08:16:35,42.43311,-70.56933,17.9,249.2,249.0,NORWEGIAN PEARL,IMO9342281,C6VG7,60,0,294,37,8.6,60,A
