MMSI,BaseDateTime,LAT,LON,SOG,COG,Heading,VesselName,IMO,CallSign,VesselType,Status,Length,Width,Draft,Cargo,TransceiverClass
338089000,2021-02-22T17:01:16,33.88247,-119.55977,8.8,29.5,26.0,M/Y MB3,,,37,0,30,7,,,A
338361677,2021-04-04T05:43:55,33.91758,-119.59338,5.0,255.8,511.0,RUMBYLOWE,,,36,,13,4,,,B
338361677,2021-04-04T05:44:56,33.91730,-119.59479,4.3,257.3,511.0,RUMBYLOWE,,,36,,13,4,,,B
338361677,2021-04-04T05:46:26,33.91682,-119.59706,4.5,251.5,511.0,RUMBYLOWE,,,36,,13,4,,,B
338361677,2021-04-04T05:47:57,33.91624,-119.59951,5.4,252.7,511.0,RUMBYLOWE,,,36,,13,4,,,B
369970279,2021-03-04T16:00:02,33.89514,-119.59206,15.2,280.3,511.0,HOSTILE METHOD-08,,,90,0,,,,80,A
369970279,2021-03-04T16:01:08,33.89573,-119.59764,14.7,277.4,511.0,HOSTILE METHOD-08,,,90,0,,,,80,A
369970279,2021-03-04T16:17:50,33.89179,-119.60070,6.6,138.0,511.0,HOSTILE METHOD-08,,,90,0,,,,80,A
369970279,2021-03-04T16:19:31,33.88919,-119.59786,8.2,154.0,511.0,HOSTILE METHOD-08,,,90,0,,,,80,A
369970279,2021-03-04T16:21:01,33.88705,-119.59461,8.3,123.9,511.0,HOSTILE METHOD-08,,,90,0,,,,80,A
369970279,2021-03-04T16:22:41,33.88479,-119.59085,8.1,124.3,511.0,HOSTILE METHOD-08,,,90,0,,,,80,A
369970279,2021-03-04T16:23:50,33.88309,-119.58830,8.0,128.8,511.0,HOSTILE METHOD-08,,,90,0,,,,80,A
367199960,2021-06-19T13:57:49,33.89120,-119.55955,7.4,212.8,511.0,DANNY C,,WBE8593,70,0,22,7,,7,A
367199960,2021-06-19T13:58:59,33.88924,-119.56124,7.3,216.7,511.0,DANNY C,,WBE8593,70,0,22,7,,7,A
367199960,2021-06-19T14:00:09,33.88759,-119.56259,4.3,202.2,511.0,DANNY C,,WBE8593,70,0,22,7,,7,A
367199960,2021-06-19T14:01:19,33.88636,-119.56335,4.2,209.5,511.0,DANNY C,,WBE8593,70,0,22,7,,7,A
367199960,2021-06-19T14:02:29,33.88544,-119.56422,3.2,240.7,511.0,DANNY C,,WBE8593,70,0,22,7,,7,A
367199960,2021-06-19T14:03:38,33.88508,-119.56546,3.9,244.9,511.0,DANNY C,,WBE8593,70,0,22,7,,7,A
367199960,2021-06-19T14:04:48,33.88466,-119.56702,4.4,249.6,511.0,DANNY C,,WBE8593,70,0,22,7,,7,A
367199960,2021-06-19T14:05:59,33.88430,-119.56872,4.6,265.0,511.0,DANNY C,,WBE8593,70,0,22,7,,7,A
367199960,2021-06-19T14:07:09,33.88417,-119.57041,4.4,264.8,511.0,DANNY C,,WBE8593,70,0,22,7,,7,A
367199960,2021-06-19T14:08:19,33.88408,-119.57213,4.4,263.5,511.0,DANNY C,,WBE8593,70,0,22,7,,7,A
367199960,2021-06-19T14:09:28,33.88400,-119.57377,4.5,265.8,511.0,DANNY C,,WBE8593,70,0,22,7,,7,A
367199960,2021-06-19T14:10:39,33.88396,-119.57555,4.4,266.2,511.0,DANNY C,,WBE8593,70,0,22,7,,7,A
367199960,2021-06-19T14:11:48,33.88410,-119.57698,2.7,311.7,511.0,DANNY C,,WBE8593,70,0,22,7,,7,A
367199960,2021-06-19T14:12:58,33.88479,-119.57729,2.2,16.8,511.0,DANNY C,,WBE8593,70,0,22,7,,7,A
367199960,2021-06-19T14:14:09,33.88524,-119.57667,2.2,48.9,511.0,DANNY C,,WBE8593,70,0,22,7,,7,A
367199960,2021-06-19T14:15:19,33.88578,-119.57596,2.5,44.6,511.0,DANNY C,,WBE8593,70,0,22,7,,7,A
367199960,2021-06-19T14:16:28,33.88646,-119.57506,3.2,51.2,511.0,DANNY C,,WBE8593,70,0,22,7,,7,A
367199960,2021-06-19T14:17:39,33.88721,-119.57402,3.6,47.8,511.0,DANNY C,,WBE8593,70,0,22,7,,7,A
367199960,2021-06-19T14:18:48,33.88760,-119.57285,3.5,79.0,511.0,DANNY C,,WBE8593,70,0,22,7,,7,A
367199960,2021-06-19T14:19:59,33.88784,-119.57153,3.4,80.5,511.0,DANNY C,,WBE8593,70,0,22,7,,7,A
367199960,2021-06-19T14:21:19,33.88819,-119.57005,3.5,73.0,511.0,DANNY C,,WBE8593,70,0,22,7,,7,A
367199960,2021-06-19T14:22:28,33.88863,-119.56907,1.9,46.4,511.0,DANNY C,,WBE8593,70,0,22,7,,7,A
367199960,2021-06-19T14:23:39,33.88899,-119.56873,1.0,23.9,511.0,DANNY C,,WBE8593,70,0,22,7,,7,A
367199960,2021-06-19T14:24:49,33.88927,-119.56877,1.0,349.8,511.0,DANNY C,,WBE8593,70,0,22,7,,7,A
367199960,2021-06-19T14:26:09,33.88949,-119.56892,0.5,325.6,511.0,DANNY C,,WBE8593,70,0,22,7,,7,A
367199960,2021-06-19T14:27:18,33.88963,-119.56909,0.8,317.3,511.0,DANNY C,,WBE8593,70,0,22,7,,7,A
367199960,2021-06-19T14:28:29,33.88975,-119.56930,0.7,306.2,511.0,DANNY C,,WBE8593,70,0,22,7,,7,A
367199960,2021-06-19T14:29:49,33.88986,-119.56955,0.5,301.4,511.0,DANNY C,,WBE8593,70,0,22,7,,7,A
367199960,2021-06-19T14:31:08,33.88994,-119.56982,0.7,295.4,511.0,DANNY C,,WBE8593,70,0,22,7,,7,A
367199960,2021-06-19T14:32:09,33.89000,-119.57001,0.6,292.1,511.0,DANNY C,,WBE8593,70,0,22,7,,7,A
367199960,2021-06-19T14:33:18,33.89005,-119.57024,0.3,294.5,511.0,DANNY C,,WBE8593,70,0,22,7,,7,A
367199960,2021-06-19T14:34:19,33.89008,-119.57044,0.6,286.9,511.0,DANNY C,,WBE8593,70,0,22,7,,7,A
367199960,2021-06-19T14:35:39,33.89011,-119.57070,0.2,290.6,511.0,DANNY C,,WBE8593,70,0,22,7,,7,A
367199960,2021-06-19T14:36:49,33.89014,-119.57093,0.4,296.2,511.0,DANNY C,,WBE8593,70,0,22,7,,7,A
367199960,2021-06-19T14:37:58,33.89017,-119.57115,0.3,296.7,511.0,DANNY C,,WBE8593,70,0,22,7,,7,A
367199960,2021-06-19T14:39:08,33.89020,-119.57136,0.8,289.1,511.0,DANNY C,,WBE8593,70,0,22,7,,7,A
367199960,2021-06-19T14:40:19,33.89024,-119.57159,0.6,287.6,511.0,DANNY C,,WBE8593,70,0,22,7,,7,A
367199960,2021-06-19T15:00:09,33.89077,-119.57490,0.2,293.8,511.0,DANNY C,,WBE8593,70,0,22,7,,7,A
367199960,2021-06-19T15:01:18,33.89079,-119.57510,0.2,287.1,511.0,DANNY C,,WBE8593,70,0,22,7,,7,A
367199960,2021-06-19T15:02:28,33.89082,-119.57528,0.3,303.7,511.0,DANNY C,,WBE8593,70,0,22,7,,7,A
367199960,2021-06-19T15:03:39,33.89086,-119.57547,0.4,288.3,511.0,DANNY C,,WBE8593,70,0,22,7,,7,A
367199960,2021-06-19T15:04:48,33.89089,-119.57567,0.8,291.3,511.0,DANNY C,,WBE8593,70,0,22,7,,7,A
367199960,2021-06-19T15:05:59,33.89092,-119.57585,0.2,292.8,511.0,DANNY C,,WBE8593,70,0,22,7,,7,A
367199960,2021-06-19T15:07:08,33.89095,-119.57606,0.5,287.0,511.0,DANNY C,,WBE8593,70,0,22,7,,7,A
367199960,2021-06-19T15:08:39,33.89100,-119.57630,0.9,294.3,511.0,DANNY C,,WBE8593,70,0,22,7,,7,A
367199960,2021-06-19T15:09:49,33.89102,-119.57647,0.6,288.4,511.0,DANNY C,,WBE8593,70,0,22,7,,7,A
367199960,2021-06-19T15:11:08,33.89105,-119.57667,0.3,292.5,511.0,DANNY C,,WBE8593,70,0,22,7,,7,A
367199960,2021-06-19T15:12:18,33.89108,-119.57684,0.8,293.8,511.0,DANNY C,,WBE8593,70,0,22,7,,7,A
367199960,2021-06-19T15:13:28,33.89110,-119.57701,0.4,291.0,511.0,DANNY C,,WBE8593,70,0,22,7,,7,A
367199960,2021-06-19T15:14:39,33.89112,-119.57719,0.8,287.0,511.0,DANNY C,,WBE8593,70,0,22,7,,7,A
367199960,2021-06-19T15:15:48,33.89114,-119.57736,0.6,282.1,511.0,DANNY C,,WBE8593,70,0,22,7,,7,A
367199960,2021-06-19T15:16:58,33.89117,-119.57751,0.8,287.6,511.0,DANNY C,,WBE8593,70,0,22,7,,7,A
367199960,2021-06-19T15:18:08,33.89119,-119.57766,0.3,297.1,511.0,DANNY C,,WBE8593,70,0,22,7,,7,A
367199960,2021-06-19T15:19:09,33.89120,-119.57781,0.5,284.0,511.0,DANNY C,,WBE8593,70,0,22,7,,7,A
367199960,2021-06-19T15:20:18,33.89122,-119.57797,0.2,291.7,511.0,DANNY C,,WBE8593,70,0,22,7,,7,A
367199960,2021-06-19T16:00:09,33.88964,-119.58056,1.1,182.1,511.0,DANNY C,,WBE8593,70,0,22,7,,7,A
367199960,2021-06-19T16:01:18,33.88944,-119.58063,1.4,151.8,511.0,DANNY C,,WBE8593,70,0,22,7,,7,A
367199960,2021-06-19T17:00:09,33.88564,-119.56999,0.3,317.8,511.0,DANNY C,,WBE8593,70,0,22,7,,7,A
367199960,2021-06-19T17:01:28,33.88574,-119.57016,0.7,317.2,511.0,DANNY C,,WBE8593,70,0,22,7,,7,A
367199960,2021-06-19T17:02:39,33.88583,-119.57030,0.6,310.0,511.0,DANNY C,,WBE8593,70,0,22,7,,7,A
367199960,2021-06-19T17:03:49,33.88592,-119.57044,0.1,310.5,511.0,DANNY C,,WBE8593,70,0,22,7,,7,A
367199960,2021-06-19T17:04:59,33.88603,-119.57060,0.9,312.2,511.0,DANNY C,,WBE8593,70,0,22,7,,7,A
367199960,2021-06-19T17:06:08,33.88614,-119.57071,1.1,348.1,511.0,DANNY C,,WBE8593,70,0,22,7,,7,A
367199960,2021-06-19T17:07:18,33.88614,-119.57068,1.1,245.2,511.0,DANNY C,,WBE8593,70,0,22,7,,7,A
367199960,2021-06-19T17:08:28,33.88574,-119.56997,2.3,117.4,511.0,DANNY C,,WBE8593,70,0,22,7,,7,A
367199960,2021-06-19T17:09:38,33.88541,-119.56910,2.5,110.1,511.0,DANNY C,,WBE8593,70,0,22,7,,7,A
367199960,2021-06-19T17:10:58,33.88496,-119.56815,2.6,114.8,511.0,DANNY C,,WBE8593,70,0,22,7,,7,A
367199960,2021-06-19T17:12:08,33.88451,-119.56735,2.4,125.5,511.0,DANNY C,,WBE8593,70,0,22,7,,7,A
367199960,2021-06-19T17:13:18,33.88402,-119.56661,2.6,126.3,511.0,DANNY C,,WBE8593,70,0,22,7,,7,A
367199960,2021-06-19T17:14:29,33.88346,-119.56591,2.4,146.2,511.0,DANNY C,,WBE8593,70,0,22,7,,7,A
367199960,2021-06-19T17:15:38,33.88293,-119.56518,2.6,144.3,511.0,DANNY C,,WBE8593,70,0,22,7,,7,A
367199960,2021-06-19T17:16:48,33.88242,-119.56442,2.6,132.0,511.0,DANNY C,,WBE8593,70,0,22,7,,7,A
367199960,2021-06-19T18:00:09,33.88512,-119.56305,0.7,323.7,511.0,DANNY C,,WBE8593,70,0,22,7,,7,A
367199960,2021-06-19T18:01:18,33.88523,-119.56318,0.9,320.9,511.0,DANNY C,,WBE8593,70,0,22,7,,7,A
367199960,2021-06-19T18:02:29,33.88535,-119.56329,0.7,322.7,511.0,DANNY C,,WBE8593,70,0,22,7,,7,A
367199960,2021-06-19T18:03:38,33.88544,-119.56339,0.7,322.5,511.0,DANNY C,,WBE8593,70,0,22,7,,7,A
367199960,2021-06-19T18:04:48,33.88551,-119.56350,0.5,322.5,511.0,DANNY C,,WBE8593,70,0,22,7,,7,A
367199960,2021-06-19T18:05:49,33.88558,-119.56356,0.3,325.8,511.0,DANNY C,,WBE8593,70,0,22,7,,7,A
367199960,2021-06-19T18:06:58,33.88565,-119.56364,0.3,319.2,511.0,DANNY C,,WBE8593,70,0,22,7,,7,A
367199960,2021-06-19T18:08:09,33.88570,-119.56370,0.5,329.9,511.0,DANNY C,,WBE8593,70,0,22,7,,7,A
367199960,2021-06-19T18:09:19,33.88574,-119.56377,0.2,319.8,511.0,DANNY C,,WBE8593,70,0,22,7,,7,A
367199960,2021-06-19T18:10:29,33.88578,-119.56381,0.7,322.6,511.0,DANNY C,,WBE8593,70,0,22,7,,7,A
367199960,2021-06-19T18:11:39,33.88582,-119.56388,0.3,329.0,511.0,DANNY C,,WBE8593,70,0,22,7,,7,A
367199960,2021-06-19T18:12:59,33.88586,-119.56395,0.3,319.4,511.0,DANNY C,,WBE8593,70,0,22,7,,7,A
367199960,2021-06-19T18:14:09,33.88555,-119.56400,1.7,184.8,511.0,DANNY C,,WBE8593,70,0,22,7,,7,A
367199960,2021-06-19T18:15:20,33.88510,-119.56389,0.8,160.1,511.0,DANNY C,,WBE8593,70,0,22,7,,7,A
367199960,2021-06-19T18:16:29,33.88494,-119.56381,0.3,151.3,511.0,DANNY C,,WBE8593,70,0,22,7,,7,A
367199960,2021-06-19T18:17:38,33.88487,-119.56381,0.0,187.1,511.0,DANNY C,,WBE8593,70,0,22,7,,7,A
367199960,2021-06-19T18:18:39,33.88486,-119.56386,0.4,212.5,511.0,DANNY C,,WBE8593,70,0,22,7,,7,A
367199960,2021-06-19T18:19:48,33.88488,-119.56395,0.1,291.9,511.0,DANNY C,,WBE8593,70,0,22,7,,7,A
367199960,2021-06-19T18:21:08,33.88493,-119.56404,0.5,336.8,511.0,DANNY C,,WBE8593,70,0,22,7,,7,A
367199960,2021-06-19T18:22:18,33.88499,-119.56410,0.7,340.1,511.0,DANNY C,,WBE8593,70,0,22,7,,7,A
367199960,2021-06-19T18:23:28,33.88504,-119.56416,0.3,327.9,511.0,DANNY C,,WBE8593,70,0,22,7,,7,A
367199960,2021-06-19T18:24:29,33.88509,-119.56420,0.1,323.4,511.0,DANNY C,,WBE8593,70,0,22,7,,7,A
367199960,2021-06-19T18:25:39,33.88514,-119.56426,0.2,341.3,511.0,DANNY C,,WBE8593,70,0,22,7,,7,A
367199960,2021-06-19T18:26:48,33.88519,-119.56432,1.1,325.6,511.0,DANNY C,,WBE8593,70,0,22,7,,7,A
367199960,2021-06-19T18:27:49,33.88523,-119.56435,0.5,335.2,511.0,DANNY C,,WBE8593,70,0,22,7,,7,A
367199960,2021-06-19T18:28:59,33.88527,-119.56439,0.3,333.8,511.0,DANNY C,,WBE8593,70,0,22,7,,7,A
367199960,2021-06-19T18:30:09,33.88531,-119.56443,0.4,334.8,511.0,DANNY C,,WBE8593,70,0,22,7,,7,A
367199960,2021-06-19T18:31:19,33.88537,-119.56449,0.3,340.6,511.0,DANNY C,,WBE8593,70,0,22,7,,7,A
367199960,2021-06-19T18:32:28,33.88543,-119.56455,0.3,344.8,511.0,DANNY C,,WBE8593,70,0,22,7,,7,A
367199960,2021-06-19T18:33:38,33.88548,-119.56460,0.6,345.1,511.0,DANNY C,,WBE8593,70,0,22,7,,7,A
367199960,2021-06-19T18:34:48,33.88554,-119.56465,0.3,342.4,511.0,DANNY C,,WBE8593,70,0,22,7,,7,A
367199960,2021-06-19T18:35:58,33.88558,-119.56467,0.3,4.7,511.0,DANNY C,,WBE8593,70,0,22,7,,7,A
367199960,2021-06-19T18:37:19,33.88566,-119.56468,0.7,9.8,511.0,DANNY C,,WBE8593,70,0,22,7,,7,A
367199960,2021-06-19T18:38:29,33.88563,-119.56465,0.4,143.2,511.0,DANNY C,,WBE8593,70,0,22,7,,7,A
367199960,2021-06-19T18:39:48,33.88517,-119.56440,1.8,153.3,511.0,DANNY C,,WBE8593,70,0,22,7,,7,A
367199960,2021-06-19T18:40:49,33.88486,-119.56417,0.7,147.6,511.0,DANNY C,,WBE8593,70,0,22,7,,7,A
367199960,2021-06-19T18:42:18,33.88463,-119.56399,0.8,146.8,511.0,DANNY C,,WBE8593,70,0,22,7,,7,A
367199960,2021-06-19T18:43:39,33.88451,-119.56394,0.4,166.5,511.0,DANNY C,,WBE8593,70,0,22,7,,7,A
367199960,2021-06-19T18:44:49,33.88444,-119.56395,0.2,175.1,511.0,DANNY C,,WBE8593,70,0,22,7,,7,A
367199960,2021-06-19T18:45:58,33.88438,-119.56398,0.6,187.8,511.0,DANNY C,,WBE8593,70,0,22,7,,7,A
367199960,2021-06-19T18:47:09,33.88397,-119.56387,3.7,151.9,511.0,DANNY C,,WBE8593,70,0,22,7,,7,A
367199960,2021-06-19T18:48:19,33.88253,-119.56223,6.4,115.6,511.0,DANNY C,,WBE8593,70,0,22,7,,7,A
367199960,2021-06-19T20:21:29,33.89024,-119.57163,0.4,294.7,511.0,DANNY C,,WBE8593,70,0,22,7,,7,A
367199960,2021-06-19T21:02:09,33.89123,-119.57808,0.3,297.5,511.0,DANNY C,,WBE8593,70,0,22,7,,7,A
367199960,2021-06-19T21:09:39,33.89140,-119.57906,0.8,279.9,511.0,DANNY C,,WBE8593,70,0,22,7,,7,A
367199960,2021-06-19T21:35:59,33.89134,-119.58229,1.6,148.0,511.0,DANNY C,,WBE8593,70,0,22,7,,7,A
367199960,2021-06-19T21:43:28,33.88915,-119.57987,2.4,110.2,511.0,DANNY C,,WBE8593,70,0,22,7,,7,A
367199960,2021-06-19T22:05:28,33.88565,-119.56766,0.7,337.3,511.0,DANNY C,,WBE8593,70,0,22,7,,7,A
367199960,2021-06-19T22:40:28,33.88561,-119.56630,1.1,257.8,511.0,DANNY C,,WBE8593,70,0,22,7,,7,A
367199960,2021-06-19T23:41:58,33.88510,-119.56304,1.0,331.6,511.0,DANNY C,,WBE8593,70,0,22,7,,7,A
369970279,2021-04-09T16:18:50,33.88297,-119.55908,0.5,289.2,511.0,HOSTILE METHOD-08,,,90,0,,,,35,A
369970279,2021-04-09T16:19:51,33.88314,-119.55924,0.7,338.7,511.0,HOSTILE METHOD-08,,,90,0,,,,35,A
369970279,2021-04-09T16:21:02,33.88321,-119.55981,1.5,296.4,511.0,HOSTILE METHOD-08,,,90,0,,,,35,A
369970279,2021-04-09T16:22:10,33.88337,-119.56001,2.0,280.8,511.0,HOSTILE METHOD-08,,,90,0,,,,35,A
369970279,2021-04-09T16:23:21,33.88371,-119.56002,4.4,51.3,511.0,HOSTILE METHOD-08,,,90,0,,,,35,A
369970279,2021-04-09T16:25:00,33.88405,-119.55962,1.7,36.7,511.0,HOSTILE METHOD-08,,,90,0,,,,35,A
369970279,2021-04-09T16:27:00,33.88508,-119.55859,4.5,52.0,511.0,HOSTILE METHOD-08,,,90,0,,,,35,A
369970279,2021-08-04T13:38:03,33.91570,-119.58872,13.6,232.9,511.0,HOSTILE METHOD-08,,,90,0,,,,35,A
369970279,2021-08-04T13:39:08,33.91329,-119.59269,12.5,229.1,511.0,HOSTILE METHOD-08,,,90,0,,,,35,A
369970279,2021-08-04T13:40:15,33.91080,-119.59656,12.7,227.7,511.0,HOSTILE METHOD-08,,,90,0,,,,35,A
369970279,2021-08-04T15:18:38,33.89367,-119.59847,13.3,51.5,511.0,HOSTILE METHOD-08,,,90,0,,,,35,A
369970279,2021-08-04T15:19:45,33.89609,-119.59475,12.7,54.5,511.0,HOSTILE METHOD-08,,,90,0,,,,35,A
369970279,2021-08-04T15:20:51,33.89788,-119.59156,7.0,55.1,511.0,HOSTILE METHOD-08,,,90,0,,,,35,A
369970279,2021-08-04T15:22:58,33.89953,-119.58894,2.0,42.8,511.0,HOSTILE METHOD-08,,,90,0,,,,35,A
369970279,2021-08-04T15:24:08,33.89976,-119.58872,0.9,50.6,511.0,HOSTILE METHOD-08,,,90,0,,,,35,A
369970279,2021-08-04T15:25:18,33.89987,-119.58878,0.8,300.3,511.0,HOSTILE METHOD-08,,,90,0,,,,35,A
369970279,2021-08-04T15:26:19,33.90004,-119.58866,0.2,44.7,511.0,HOSTILE METHOD-08,,,90,0,,,,35,A
369970279,2021-08-04T15:27:28,33.90010,-119.58829,2.0,88.1,511.0,HOSTILE METHOD-08,,,90,0,,,,35,A
369970279,2021-08-04T15:28:39,33.90017,-119.58796,0.4,74.8,511.0,HOSTILE METHOD-08,,,90,0,,,,35,A
369970279,2021-08-04T15:29:48,33.90023,-119.58732,3.8,67.1,511.0,HOSTILE METHOD-08,,,90,0,,,,35,A
369970279,2021-08-04T15:30:58,33.90129,-119.58628,3.9,46.4,511.0,HOSTILE METHOD-08,,,90,0,,,,35,A
369970279,2021-08-04T15:32:08,33.90190,-119.58481,4.4,60.7,511.0,HOSTILE METHOD-08,,,90,0,,,,35,A
369970279,2021-08-04T15:33:18,33.90286,-119.58360,4.8,35.7,511.0,HOSTILE METHOD-08,,,90,0,,,,35,A
369970279,2021-08-04T15:34:37,33.90416,-119.58242,4.4,58.6,511.0,HOSTILE METHOD-08,,,90,0,,,,35,A
369970279,2021-08-04T15:35:48,33.90472,-119.58092,4.3,51.0,511.0,HOSTILE METHOD-08,,,90,0,,,,35,A
369970279,2021-08-04T15:36:49,33.90572,-119.57988,4.6,34.3,511.0,HOSTILE METHOD-08,,,90,0,,,,35,A
369970279,2021-08-04T21:20:49,33.90670,-119.57890,4.1,61.3,511.0,HOSTILE METHOD-08,,,90,0,,,,35,A
369970279,2021-08-04T15:21:57,33.89886,-119.58993,4.8,52.7,511.0,HOSTILE METHOD-08,,,90,0,,,,35,A
369970279,2021-08-04T13:41:21,33.90816,-119.60023,12.9,231.1,511.0,HOSTILE METHOD-08,,,90,0,,,,35,A
369970279,2021-08-10T14:43:16,33.90514,-119.56005,13.7,204.8,511.0,HOSTILE METHOD-08,,,90,0,,,,35,A
369970279,2021-08-10T14:44:22,33.90134,-119.56205,13.4,207.7,511.0,HOSTILE METHOD-08,,,90,0,,,,35,A
369970279,2021-08-10T14:45:28,33.89771,-119.56444,13.4,214.6,511.0,HOSTILE METHOD-08,,,90,0,,,,35,A
369970279,2021-08-10T14:46:34,33.89425,-119.56702,14.0,221.3,511.0,HOSTILE METHOD-08,,,90,0,,,,35,A
369970279,2021-08-10T14:47:40,33.89134,-119.57061,13.7,229.0,511.0,HOSTILE METHOD-08,,,90,0,,,,35,A
369970279,2021-08-10T22:28:29,33.89890,-119.57038,13.7,61.2,511.0,HOSTILE METHOD-08,,,90,0,,,,35,A
369970279,2021-08-10T22:29:35,33.90093,-119.56570,13.8,60.2,511.0,HOSTILE METHOD-08,,,90,0,,,,35,A
369970279,2021-08-10T22:30:40,33.90317,-119.56134,14.6,56.9,511.0,HOSTILE METHOD-08,,,90,0,,,,35,A
369970279,2021-08-10T14:48:46,33.88855,-119.57429,13.2,229.9,511.0,HOSTILE METHOD-08,,,90,0,,,,35,A
369970279,2021-08-10T14:49:53,33.88576,-119.57799,13.9,225.6,511.0,HOSTILE METHOD-08,,,90,0,,,,35,A
369970279,2021-08-10T22:20:23,33.89142,-119.57786,1.5,27.9,511.0,HOSTILE METHOD-08,,,90,0,,,,35,A
369970279,2021-08-10T22:21:32,33.89175,-119.57762,1.0,39.0,511.0,HOSTILE METHOD-08,,,90,0,,,,35,A
369970279,2021-08-10T22:22:43,33.89204,-119.57737,0.8,30.9,511.0,HOSTILE METHOD-08,,,90,0,,,,35,A
369970279,2021-08-10T22:23:52,33.89229,-119.57715,0.9,31.0,511.0,HOSTILE METHOD-08,,,90,0,,,,35,A
369970279,2021-08-10T22:25:02,33.89271,-119.57688,3.2,9.3,511.0,HOSTILE METHOD-08,,,90,0,,,,35,A
369970279,2021-08-10T22:26:13,33.89400,-119.57703,5.4,354.2,511.0,HOSTILE METHOD-08,,,90,0,,,,35,A
369970279,2021-08-10T22:27:22,33.89661,-119.57489,13.8,50.2,511.0,HOSTILE METHOD-08,,,90,0,,,,35,A
369970279,2021-08-10T14:50:58,33.88279,-119.58139,13.9,225.2,511.0,HOSTILE METHOD-08,,,90,0,,,,35,A
369970279,2021-08-10T16:19:01,33.88210,-119.59120,1.2,355.9,511.0,HOSTILE METHOD-08,,,90,0,,,,35,A
369970279,2021-08-10T16:20:10,33.88223,-119.59122,0.5,9.9,511.0,HOSTILE METHOD-08,,,90,0,,,,35,A
369970279,2021-08-10T16:21:11,33.88232,-119.59123,0.8,346.1,511.0,HOSTILE METHOD-08,,,90,0,,,,35,A
369970279,2021-08-10T16:22:20,33.88247,-119.59125,1.6,358.4,511.0,HOSTILE METHOD-08,,,90,0,,,,35,A
369970279,2021-08-10T16:23:21,33.88257,-119.59128,1.2,328.8,511.0,HOSTILE METHOD-08,,,90,0,,,,35,A
369970279,2021-08-10T16:24:41,33.88271,-119.59135,0.4,327.3,511.0,HOSTILE METHOD-08,,,90,0,,,,35,A
369970279,2021-08-10T16:25:52,33.88284,-119.59143,0.3,334.3,511.0,HOSTILE METHOD-08,,,90,0,,,,35,A
369970279,2021-08-10T16:27:00,33.88298,-119.59153,1.4,343.8,511.0,HOSTILE METHOD-08,,,90,0,,,,35,A
369970279,2021-08-10T16:28:11,33.88312,-119.59157,1.0,343.8,511.0,HOSTILE METHOD-08,,,90,0,,,,35,A
369970279,2021-08-10T16:29:20,33.88325,-119.59168,0.8,322.4,511.0,HOSTILE METHOD-08,,,90,0,,,,35,A
369970279,2021-08-10T16:31:00,33.88333,-119.59173,0.7,336.1,511.0,HOSTILE METHOD-08,,,90,0,,,,35,A
369970279,2021-08-10T16:32:11,33.88354,-119.59189,0.8,318.9,511.0,HOSTILE METHOD-08,,,90,0,,,,35,A
369970279,2021-08-10T16:33:20,33.88367,-119.59197,0.5,330.3,511.0,HOSTILE METHOD-08,,,90,0,,,,35,A
369970279,2021-08-10T16:34:21,33.88376,-119.59204,0.5,327.3,511.0,HOSTILE METHOD-08,,,90,0,,,,35,A
369970279,2021-08-10T16:35:30,33.88387,-119.59212,0.4,331.7,511.0,HOSTILE METHOD-08,,,90,0,,,,35,A
369970279,2021-08-10T16:36:51,33.88399,-119.59220,0.6,333.5,511.0,HOSTILE METHOD-08,,,90,0,,,,35,A
369970279,2021-08-10T16:38:00,33.88409,-119.59226,0.9,346.9,511.0,HOSTILE METHOD-08,,,90,0,,,,35,A
369970279,2021-08-10T16:40:00,33.88421,-119.59232,0.7,330.3,511.0,HOSTILE METHOD-08,,,90,0,,,,35,A
369970279,2021-08-10T16:41:22,33.88447,-119.59253,0.4,325.3,511.0,HOSTILE METHOD-08,,,90,0,,,,35,A
369970279,2021-08-10T16:42:41,33.88463,-119.59265,0.5,333.5,511.0,HOSTILE METHOD-08,,,90,0,,,,35,A
369970279,2021-08-10T16:43:51,33.88477,-119.59274,0.5,324.0,511.0,HOSTILE METHOD-08,,,90,0,,,,35,A
369970279,2021-08-10T16:45:00,33.88491,-119.59284,0.6,324.6,511.0,HOSTILE METHOD-08,,,90,0,,,,35,A
369970279,2021-08-10T16:46:10,33.88505,-119.59296,0.8,325.2,511.0,HOSTILE METHOD-08,,,90,0,,,,35,A
369970279,2021-08-10T16:47:11,33.88515,-119.59307,0.6,316.2,511.0,HOSTILE METHOD-08,,,90,0,,,,35,A
369970279,2021-08-10T16:48:21,33.88529,-119.59319,0.7,332.8,511.0,HOSTILE METHOD-08,,,90,0,,,,35,A
369970279,2021-08-10T16:49:51,33.88548,-119.59335,0.4,319.0,511.0,HOSTILE METHOD-08,,,90,0,,,,35,A
369970279,2021-08-10T16:51:01,33.88566,-119.59346,1.3,323.0,511.0,HOSTILE METHOD-08,,,90,0,,,,35,A
369970279,2021-08-10T16:52:11,33.88583,-119.59354,1.1,331.4,511.0,HOSTILE METHOD-08,,,90,0,,,,35,A
369970279,2021-08-10T16:53:20,33.88597,-119.59362,0.6,334.5,511.0,HOSTILE METHOD-08,,,90,0,,,,35,A
369970279,2021-08-10T16:54:30,33.88608,-119.59370,0.5,332.4,511.0,HOSTILE METHOD-08,,,90,0,,,,35,A
369970279,2021-08-10T16:55:31,33.88617,-119.59378,0.8,338.0,511.0,HOSTILE METHOD-08,,,90,0,,,,35,A
369970279,2021-08-10T16:56:41,33.88627,-119.59385,0.4,331.1,511.0,HOSTILE METHOD-08,,,90,0,,,,35,A
369970279,2021-08-10T16:57:50,33.88638,-119.59394,0.3,323.9,511.0,HOSTILE METHOD-08,,,90,0,,,,35,A
369970279,2021-08-10T16:59:00,33.88650,-119.59399,0.3,336.3,511.0,HOSTILE METHOD-08,,,90,0,,,,35,A
369970279,2021-08-10T17:00:01,33.88660,-119.59405,0.6,329.4,511.0,HOSTILE METHOD-08,,,90,0,,,,35,A
369970279,2021-08-10T17:01:11,33.88672,-119.59410,0.6,331.9,511.0,HOSTILE METHOD-08,,,90,0,,,,35,A
369970279,2021-08-10T17:02:12,33.88681,-119.59416,0.7,327.6,511.0,HOSTILE METHOD-08,,,90,0,,,,35,A
369970279,2021-08-10T17:03:30,33.88694,-119.59424,0.5,328.0,511.0,HOSTILE METHOD-08,,,90,0,,,,35,A
369970279,2021-08-10T17:04:40,33.88706,-119.59431,0.4,329.0,511.0,HOSTILE METHOD-08,,,90,0,,,,35,A
369970279,2021-08-10T17:05:51,33.88717,-119.59438,1.1,334.1,511.0,HOSTILE METHOD-08,,,90,0,,,,35,A
369970279,2021-08-10T17:07:01,33.88731,-119.59442,0.5,344.0,511.0,HOSTILE METHOD-08,,,90,0,,,,35,A
369970279,2021-08-10T17:08:11,33.88741,-119.59445,0.3,346.7,511.0,HOSTILE METHOD-08,,,90,0,,,,35,A
369970279,2021-08-10T17:09:22,33.88751,-119.59445,0.5,340.5,511.0,HOSTILE METHOD-08,,,90,0,,,,35,A
369970279,2021-08-10T17:10:31,33.88758,-119.59448,0.9,339.5,511.0,HOSTILE METHOD-08,,,90,0,,,,35,A
369970279,2021-08-10T17:11:41,33.88769,-119.59455,0.2,326.9,511.0,HOSTILE METHOD-08,,,90,0,,,,35,A
369970279,2021-08-10T17:12:50,33.88777,-119.59462,0.5,334.6,511.0,HOSTILE METHOD-08,,,90,0,,,,35,A
369970279,2021-08-10T17:13:51,33.88784,-119.59468,1.2,345.5,511.0,HOSTILE METHOD-08,,,90,0,,,,35,A
369970279,2021-08-10T17:15:01,33.88794,-119.59470,0.6,341.5,511.0,HOSTILE METHOD-08,,,90,0,,,,35,A
369970279,2021-08-10T17:16:11,33.88803,-119.59474,0.5,342.2,511.0,HOSTILE METHOD-08,,,90,0,,,,35,A
369970279,2021-08-10T17:17:20,33.88815,-119.59475,0.7,356.6,511.0,HOSTILE METHOD-08,,,90,0,,,,35,A
369970279,2021-08-10T17:18:41,33.88829,-119.59478,0.3,344.8,511.0,HOSTILE METHOD-08,,,90,0,,,,35,A
369970279,2021-08-10T17:19:51,33.88839,-119.59481,1.2,352.0,511.0,HOSTILE METHOD-08,,,90,0,,,,35,A
369970279,2021-08-10T17:21:00,33.88849,-119.59485,0.4,341.2,511.0,HOSTILE METHOD-08,,,90,0,,,,35,A
369970279,2021-08-10T17:22:10,33.88861,-119.59491,0.8,326.3,511.0,HOSTILE METHOD-08,,,90,0,,,,35,A
369970279,2021-08-10T17:23:20,33.88872,-119.59498,0.8,326.5,511.0,HOSTILE METHOD-08,,,90,0,,,,35,A
369970279,2021-08-10T17:25:00,33.88877,-119.59503,0.5,327.7,511.0,HOSTILE METHOD-08,,,90,0,,,,35,A
369970279,2021-08-10T17:26:10,33.88894,-119.59522,0.5,328.9,511.0,HOSTILE METHOD-08,,,90,0,,,,35,A
369970279,2021-08-10T17:27:11,33.88903,-119.59527,0.7,334.0,511.0,HOSTILE METHOD-08,,,90,0,,,,35,A
369970279,2021-08-10T17:28:21,33.88913,-119.59535,1.1,339.9,511.0,HOSTILE METHOD-08,,,90,0,,,,35,A
369970279,2021-08-10T17:29:22,33.88924,-119.59540,0.4,341.1,511.0,HOSTILE METHOD-08,,,90,0,,,,35,A
369970279,2021-08-10T17:30:31,33.88934,-119.59543,0.7,342.0,511.0,HOSTILE METHOD-08,,,90,0,,,,35,A
369970279,2021-08-10T17:31:41,33.88948,-119.59548,0.8,334.6,511.0,HOSTILE METHOD-08,,,90,0,,,,35,A
369970279,2021-08-10T17:32:50,33.88961,-119.59555,0.5,335.8,511.0,HOSTILE METHOD-08,,,90,0,,,,35,A
369970279,2021-08-10T17:34:21,33.88977,-119.59563,0.8,339.7,511.0,HOSTILE METHOD-08,,,90,0,,,,35,A
369970279,2021-08-10T17:35:32,33.88988,-119.59569,0.7,330.1,511.0,HOSTILE METHOD-08,,,90,0,,,,35,A
369970279,2021-08-10T17:36:50,33.88999,-119.59576,0.4,327.7,511.0,HOSTILE METHOD-08,,,90,0,,,,35,A
369970279,2021-08-10T17:38:01,33.89010,-119.59582,0.6,324.5,511.0,HOSTILE METHOD-08,,,90,0,,,,35,A
369970279,2021-08-10T17:39:10,33.89020,-119.59588,0.7,330.9,511.0,HOSTILE METHOD-08,,,90,0,,,,35,A
369970279,2021-08-10T18:00:01,33.89216,-119.59738,0.8,332.7,511.0,HOSTILE METHOD-08,,,90,0,,,,35,A
369970279,2021-08-10T18:01:11,33.89228,-119.59746,0.5,330.6,511.0,HOSTILE METHOD-08,,,90,0,,,,35,A
369970279,2021-08-10T18:02:12,33.89237,-119.59753,0.4,330.8,511.0,HOSTILE METHOD-08,,,90,0,,,,35,A
369970279,2021-08-10T18:03:21,33.89245,-119.59761,0.3,338.2,511.0,HOSTILE METHOD-08,,,90,0,,,,35,A
369970279,2021-08-10T18:04:30,33.89254,-119.59765,1.1,344.0,511.0,HOSTILE METHOD-08,,,90,0,,,,35,A
369970279,2021-08-10T18:05:31,33.89261,-119.59770,0.2,331.7,511.0,HOSTILE METHOD-08,,,90,0,,,,35,A
369970279,2021-08-10T18:06:41,33.89268,-119.59776,0.7,326.5,511.0,HOSTILE METHOD-08,,,90,0,,,,35,A
369970279,2021-08-10T18:07:52,33.89277,-119.59784,0.3,328.9,511.0,HOSTILE METHOD-08,,,90,0,,,,35,A
369970279,2021-08-10T18:09:00,33.89287,-119.59790,0.5,331.2,511.0,HOSTILE METHOD-08,,,90,0,,,,35,A
369970279,2021-08-10T18:10:11,33.89297,-119.59797,0.3,328.1,511.0,HOSTILE METHOD-08,,,90,0,,,,35,A
369970279,2021-08-10T18:11:21,33.89305,-119.59802,0.2,327.7,511.0,HOSTILE METHOD-08,,,90,0,,,,35,A
369970279,2021-08-10T18:12:30,33.89313,-119.59806,0.3,330.4,511.0,HOSTILE METHOD-08,,,90,0,,,,35,A
369970279,2021-08-10T18:13:40,33.89321,-119.59811,0.4,322.2,511.0,HOSTILE METHOD-08,,,90,0,,,,35,A
369970279,2021-08-10T18:14:50,33.89330,-119.59819,0.6,316.4,511.0,HOSTILE METHOD-08,,,90,0,,,,35,A
369970279,2021-08-10T18:16:01,33.89340,-119.59829,0.6,314.1,511.0,HOSTILE METHOD-08,,,90,0,,,,35,A
369970279,2021-08-10T18:17:11,33.89346,-119.59838,0.4,317.6,511.0,HOSTILE METHOD-08,,,90,0,,,,35,A
369970279,2021-08-10T18:18:21,33.89354,-119.59847,0.3,317.0,511.0,HOSTILE METHOD-08,,,90,0,,,,35,A
369970279,2021-08-10T18:19:22,33.89357,-119.59849,0.5,312.1,511.0,HOSTILE METHOD-08,,,90,0,,,,35,A
369970279,2021-08-10T18:20:30,33.89364,-119.59851,0.2,324.7,511.0,HOSTILE METHOD-08,,,90,0,,,,35,A
369970279,2021-08-10T18:21:31,33.89368,-119.59853,0.5,318.7,511.0,HOSTILE METHOD-08,,,90,0,,,,35,A
369970279,2021-08-10T18:22:41,33.89375,-119.59858,0.7,326.9,511.0,HOSTILE METHOD-08,,,90,0,,,,35,A
369970279,2021-08-10T18:23:51,33.89384,-119.59863,0.6,314.3,511.0,HOSTILE METHOD-08,,,90,0,,,,35,A
369970279,2021-08-10T18:25:00,33.89391,-119.59871,0.8,310.8,511.0,HOSTILE METHOD-08,,,90,0,,,,35,A
369970279,2021-08-10T18:26:10,33.89399,-119.59877,0.3,315.6,511.0,HOSTILE METHOD-08,,,90,0,,,,35,A
369970279,2021-08-10T18:27:11,33.89403,-119.59882,0.5,316.5,511.0,HOSTILE METHOD-08,,,90,0,,,,35,A
369970279,2021-08-10T18:28:20,33.89450,-119.59956,5.2,302.1,511.0,HOSTILE METHOD-08,,,90,0,,,,35,A
369970279,2021-08-10T18:29:40,33.89382,-119.60129,5.7,200.1,511.0,HOSTILE METHOD-08,,,90,0,,,,35,A
369970279,2021-08-10T18:30:41,33.89236,-119.60103,5.4,163.7,511.0,HOSTILE METHOD-08,,,90,0,,,,35,A
369970279,2021-08-10T18:31:51,33.89073,-119.60031,5.4,169.7,511.0,HOSTILE METHOD-08,,,90,0,,,,35,A
369970279,2021-08-10T18:33:00,33.88912,-119.59950,5.3,162.9,511.0,HOSTILE METHOD-08,,,90,0,,,,35,A
369970279,2021-08-10T18:34:11,33.88739,-119.59896,5.6,151.9,511.0,HOSTILE METHOD-08,,,90,0,,,,35,A
369970279,2021-08-10T18:35:31,33.88563,-119.59803,5.3,162.9,511.0,HOSTILE METHOD-08,,,90,0,,,,35,A
369970279,2021-08-10T18:36:40,33.88405,-119.59712,5.1,159.3,511.0,HOSTILE METHOD-08,,,90,0,,,,35,A
369970279,2021-08-10T18:37:51,33.88243,-119.59647,5.4,148.4,511.0,HOSTILE METHOD-08,,,90,0,,,,35,A
369970279,2021-08-10T19:34:12,33.88212,-119.59307,1.3,346.9,511.0,HOSTILE METHOD-08,,,90,0,,,,35,A
369970279,2021-08-10T19:35:21,33.88228,-119.59305,0.6,8.0,511.0,HOSTILE METHOD-08,,,90,0,,,,35,A
369970279,2021-08-10T19:36:31,33.88244,-119.59302,1.2,9.3,511.0,HOSTILE METHOD-08,,,90,0,,,,35,A
369970279,2021-08-10T19:37:32,33.88257,-119.59298,0.5,8.6,511.0,HOSTILE METHOD-08,,,90,0,,,,35,A
369970279,2021-08-10T19:38:40,33.88272,-119.59293,0.3,25.1,511.0,HOSTILE METHOD-08,,,90,0,,,,35,A
369970279,2021-08-10T19:39:51,33.88286,-119.59290,0.6,11.3,511.0,HOSTILE METHOD-08,,,90,0,,,,35,A
369970279,2021-08-10T19:41:00,33.88301,-119.59287,0.3,14.5,511.0,HOSTILE METHOD-08,,,90,0,,,,35,A
369970279,2021-08-10T19:42:11,33.88319,-119.59282,0.7,15.0,511.0,HOSTILE METHOD-08,,,90,0,,,,35,A
369970279,2021-08-10T19:43:20,33.88334,-119.59279,0.3,13.5,511.0,HOSTILE METHOD-08,,,90,0,,,,35,A
369970279,2021-08-10T19:44:31,33.88350,-119.59275,0.9,13.8,511.0,HOSTILE METHOD-08,,,90,0,,,,35,A
369970279,2021-08-10T19:45:40,33.88367,-119.59269,0.7,16.4,511.0,HOSTILE METHOD-08,,,90,0,,,,35,A
369970279,2021-08-10T19:46:50,33.88383,-119.59262,0.6,21.3,511.0,HOSTILE METHOD-08,,,90,0,,,,35,A
369970279,2021-08-10T19:48:01,33.88400,-119.59256,0.5,21.4,511.0,HOSTILE METHOD-08,,,90,0,,,,35,A
369970279,2021-08-10T19:49:11,33.88414,-119.59246,0.2,28.7,511.0,HOSTILE METHOD-08,,,90,0,,,,35,A
369970279,2021-08-10T19:50:20,33.88429,-119.59240,0.7,24.8,511.0,HOSTILE METHOD-08,,,90,0,,,,35,A
369970279,2021-08-10T19:51:21,33.88442,-119.59233,0.5,29.3,511.0,HOSTILE METHOD-08,,,90,0,,,,35,A
369970279,2021-08-10T19:52:41,33.88458,-119.59224,0.7,23.0,511.0,HOSTILE METHOD-08,,,90,0,,,,35,A
369970279,2021-08-10T19:53:50,33.88471,-119.59214,0.5,32.4,511.0,HOSTILE METHOD-08,,,90,0,,,,35,A
369970279,2021-08-10T19:55:01,33.88486,-119.59207,0.4,23.3,511.0,HOSTILE METHOD-08,,,90,0,,,,35,A
369970279,2021-08-10T19:56:02,33.88499,-119.59200,0.5,26.6,511.0,HOSTILE METHOD-08,,,90,0,,,,35,A
369970279,2021-08-10T19:57:11,33.88515,-119.59195,0.7,22.5,511.0,HOSTILE METHOD-08,,,90,0,,,,35,A
369970279,2021-08-10T19:58:12,33.88528,-119.59188,0.1,22.4,511.0,HOSTILE METHOD-08,,,90,0,,,,35,A
369970279,2021-08-10T19:59:31,33.88543,-119.59180,0.0,15.2,511.0,HOSTILE METHOD-08,,,90,0,,,,35,A
369970279,2021-08-10T20:00:01,33.88551,-119.59178,0.6,14.5,511.0,HOSTILE METHOD-08,,,90,0,,,,35,A
369970279,2021-08-10T20:01:10,33.88565,-119.59174,0.3,32.8,511.0,HOSTILE METHOD-08,,,90,0,,,,35,A
369970279,2021-08-10T20:02:20,33.88579,-119.59169,0.4,16.0,511.0,HOSTILE METHOD-08,,,90,0,,,,35,A
369970279,2021-08-10T20:03:21,33.88590,-119.59163,0.5,17.5,511.0,HOSTILE METHOD-08,,,90,0,,,,35,A
369970279,2021-08-10T20:04:30,33.88602,-119.59157,0.7,18.1,511.0,HOSTILE METHOD-08,,,90,0,,,,35,A
369970279,2021-08-10T20:05:31,33.88613,-119.59152,0.6,4.2,511.0,HOSTILE METHOD-08,,,90,0,,,,35,A
369970279,2021-08-10T20:06:40,33.88626,-119.59147,0.5,1.2,511.0,HOSTILE METHOD-08,,,90,0,,,,35,A
369970279,2021-08-10T20:07:41,33.88635,-119.59145,0.4,3.6,511.0,HOSTILE METHOD-08,,,90,0,,,,35,A
369970279,2021-08-10T20:09:00,33.88647,-119.59139,0.1,8.6,511.0,HOSTILE METHOD-08,,,90,0,,,,35,A
369970279,2021-08-10T20:10:01,33.88657,-119.59136,0.3,352.7,511.0,HOSTILE METHOD-08,,,90,0,,,,35,A
369970279,2021-08-10T20:11:11,33.88671,-119.59134,1.1,3.9,511.0,HOSTILE METHOD-08,,,90,0,,,,35,A
369970279,2021-08-10T20:12:20,33.88685,-119.59130,0.5,2.9,511.0,HOSTILE METHOD-08,,,90,0,,,,35,A
369970279,2021-08-10T20:13:21,33.88695,-119.59128,0.9,1.1,511.0,HOSTILE METHOD-08,,,90,0,,,,35,A
369970279,2021-08-10T20:14:30,33.88711,-119.59127,0.4,359.7,511.0,HOSTILE METHOD-08,,,90,0,,,,35,A
369970279,2021-08-10T20:15:50,33.88729,-119.59124,1.1,2.1,511.0,HOSTILE METHOD-08,,,90,0,,,,35,A
369970279,2021-08-10T20:17:02,33.88747,-119.59121,0.9,7.2,511.0,HOSTILE METHOD-08,,,90,0,,,,35,A
369970279,2021-08-10T20:18:10,33.88762,-119.59120,0.5,4.2,511.0,HOSTILE METHOD-08,,,90,0,,,,35,A
369970279,2021-08-10T20:19:21,33.88777,-119.59116,0.5,5.1,511.0,HOSTILE METHOD-08,,,90,0,,,,35,A
369970279,2021-08-10T20:20:30,33.88792,-119.59112,0.6,11.2,511.0,HOSTILE METHOD-08,,,90,0,,,,35,A
369970279,2021-08-10T20:21:41,33.88807,-119.59106,1.0,6.9,511.0,HOSTILE METHOD-08,,,90,0,,,,35,A
369970279,2021-08-10T20:22:51,33.88822,-119.59099,0.5,11.2,511.0,HOSTILE METHOD-08,,,90,0,,,,35,A
369970279,2021-08-10T20:24:01,33.88838,-119.59091,1.1,18.8,511.0,HOSTILE METHOD-08,,,90,0,,,,35,A
369970279,2021-08-10T20:25:11,33.88853,-119.59088,0.6,15.9,511.0,HOSTILE METHOD-08,,,90,0,,,,35,A
369970279,2021-08-10T20:26:21,33.88868,-119.59085,0.4,10.1,511.0,HOSTILE METHOD-08,,,90,0,,,,35,A
369970279,2021-08-10T20:27:30,33.88882,-119.59079,0.7,12.6,511.0,HOSTILE METHOD-08,,,90,0,,,,35,A
369970279,2021-08-10T20:28:40,33.88897,-119.59073,0.4,6.2,511.0,HOSTILE METHOD-08,,,90,0,,,,35,A
369970279,2021-08-10T20:29:50,33.88914,-119.59068,0.9,6.7,511.0,HOSTILE METHOD-08,,,90,0,,,,35,A
369970279,2021-08-10T20:31:12,33.88931,-119.59063,0.8,14.0,511.0,HOSTILE METHOD-08,,,90,0,,,,35,A
369970279,2021-08-10T20:32:20,33.88948,-119.59057,0.5,18.0,511.0,HOSTILE METHOD-08,,,90,0,,,,35,A
369970279,2021-08-10T20:33:21,33.88961,-119.59051,1.6,15.3,511.0,HOSTILE METHOD-08,,,90,0,,,,35,A
369970279,2021-08-10T20:34:30,33.88978,-119.59042,0.2,16.7,511.0,HOSTILE METHOD-08,,,90,0,,,,35,A
369970279,2021-08-10T20:35:40,33.88993,-119.59034,0.5,16.5,511.0,HOSTILE METHOD-08,,,90,0,,,,35,A
369970279,2021-08-10T20:36:51,33.89012,-119.59026,0.4,16.0,511.0,HOSTILE METHOD-08,,,90,0,,,,35,A
369970279,2021-08-10T20:38:01,33.89029,-119.59017,0.5,22.1,511.0,HOSTILE METHOD-08,,,90,0,,,,35,A
369970279,2021-08-10T20:39:10,33.89046,-119.59008,1.2,25.8,511.0,HOSTILE METHOD-08,,,90,0,,,,35,A
369970279,2021-08-10T20:40:20,33.89062,-119.58997,0.3,26.8,511.0,HOSTILE METHOD-08,,,90,0,,,,35,A
369970279,2021-08-10T20:41:31,33.89080,-119.58987,0.7,25.4,511.0,HOSTILE METHOD-08,,,90,0,,,,35,A
369970279,2021-08-10T20:42:41,33.89097,-119.58979,0.5,19.7,511.0,HOSTILE METHOD-08,,,90,0,,,,35,A
369970279,2021-08-10T20:43:51,33.89111,-119.58971,0.5,28.3,511.0,HOSTILE METHOD-08,,,90,0,,,,35,A
369970279,2021-08-10T20:45:01,33.89127,-119.58963,0.5,17.5,511.0,HOSTILE METHOD-08,,,90,0,,,,35,A
369970279,2021-08-10T20:46:11,33.89142,-119.58955,0.6,21.9,511.0,HOSTILE METHOD-08,,,90,0,,,,35,A
369970279,2021-08-10T20:47:31,33.89157,-119.58947,0.6,15.9,511.0,HOSTILE METHOD-08,,,90,0,,,,35,A
369970279,2021-08-10T20:48:51,33.89174,-119.58940,0.6,17.4,511.0,HOSTILE METHOD-08,,,90,0,,,,35,A
369970279,2021-08-10T20:50:00,33.89190,-119.58932,0.3,19.8,511.0,HOSTILE METHOD-08,,,90,0,,,,35,A
369970279,2021-08-10T20:51:11,33.89208,-119.58925,0.5,17.9,511.0,HOSTILE METHOD-08,,,90,0,,,,35,A
369970279,2021-08-10T20:52:30,33.89226,-119.58918,0.6,22.2,511.0,HOSTILE METHOD-08,,,90,0,,,,35,A
369970279,2021-08-10T20:53:40,33.89242,-119.58909,0.6,19.0,511.0,HOSTILE METHOD-08,,,90,0,,,,35,A
369970279,2021-08-10T20:54:50,33.89258,-119.58902,0.4,20.5,511.0,HOSTILE METHOD-08,,,90,0,,,,35,A
369970279,2021-08-10T20:55:51,33.89272,-119.58897,0.5,16.2,511.0,HOSTILE METHOD-08,,,90,0,,,,35,A
369970279,2021-08-10T20:56:52,33.89286,-119.58893,0.7,9.3,511.0,HOSTILE METHOD-08,,,90,0,,,,35,A
369970279,2021-08-10T20:58:01,33.89302,-119.58887,0.6,14.0,511.0,HOSTILE METHOD-08,,,90,0,,,,35,A
369970279,2021-08-10T20:59:21,33.89323,-119.58879,0.3,17.0,511.0,HOSTILE METHOD-08,,,90,0,,,,35,A
369970279,2021-08-10T21:00:01,33.89332,-119.58875,0.5,15.5,511.0,HOSTILE METHOD-08,,,90,0,,,,35,A
369970279,2021-08-10T21:01:02,33.89349,-119.58868,0.5,24.2,511.0,HOSTILE METHOD-08,,,90,0,,,,35,A
369970279,2021-08-10T21:02:10,33.89366,-119.58863,0.5,15.6,511.0,HOSTILE METHOD-08,,,90,0,,,,35,A
369970279,2021-08-10T21:03:11,33.89382,-119.58859,0.6,13.4,511.0,HOSTILE METHOD-08,,,90,0,,,,35,A
369970279,2021-08-10T21:04:20,33.89398,-119.58854,0.7,1.3,511.0,HOSTILE METHOD-08,,,90,0,,,,35,A
369970279,2021-08-10T21:05:31,33.89414,-119.58846,0.5,21.1,511.0,HOSTILE METHOD-08,,,90,0,,,,35,A
369970279,2021-08-10T21:06:42,33.89431,-119.58841,0.6,14.5,511.0,HOSTILE METHOD-08,,,90,0,,,,35,A
369970279,2021-08-10T21:07:51,33.89449,-119.58835,0.6,10.4,511.0,HOSTILE METHOD-08,,,90,0,,,,35,A
369970279,2021-08-10T21:09:00,33.89451,-119.58834,0.6,13.6,511.0,HOSTILE METHOD-08,,,90,0,,,,35,A
369970279,2021-08-10T21:10:11,33.89486,-119.58819,0.8,14.2,511.0,HOSTILE METHOD-08,,,90,0,,,,35,A
369970279,2021-08-10T21:11:21,33.89507,-119.58815,0.7,11.1,511.0,HOSTILE METHOD-08,,,90,0,,,,35,A
369970279,2021-08-10T21:12:30,33.89526,-119.58810,1.0,15.4,511.0,HOSTILE METHOD-08,,,90,0,,,,35,A
369970279,2021-08-10T21:13:42,33.89544,-119.58803,0.3,17.4,511.0,HOSTILE METHOD-08,,,90,0,,,,35,A
369970279,2021-08-10T21:14:52,33.89566,-119.58794,0.9,18.8,511.0,HOSTILE METHOD-08,,,90,0,,,,35,A
369970279,2021-08-10T21:16:10,33.89590,-119.58787,0.8,20.6,511.0,HOSTILE METHOD-08,,,90,0,,,,35,A
369970279,2021-08-10T21:17:21,33.89608,-119.58777,0.6,17.4,511.0,HOSTILE METHOD-08,,,90,0,,,,35,A
369970279,2021-08-10T21:18:31,33.89628,-119.58767,0.9,25.7,511.0,HOSTILE METHOD-08,,,90,0,,,,35,A
369970279,2021-08-10T21:19:41,33.89648,-119.58756,0.5,20.6,511.0,HOSTILE METHOD-08,,,90,0,,,,35,A
369970279,2021-08-10T21:21:01,33.89672,-119.58746,0.7,18.8,511.0,HOSTILE METHOD-08,,,90,0,,,,35,A
369970279,2021-08-10T21:22:10,33.89693,-119.58737,0.8,25.2,511.0,HOSTILE METHOD-08,,,90,0,,,,35,A
369970279,2021-08-10T21:23:11,33.89707,-119.58728,0.4,22.4,511.0,HOSTILE METHOD-08,,,90,0,,,,35,A
369970279,2021-08-10T21:24:21,33.89727,-119.58717,0.8,27.5,511.0,HOSTILE METHOD-08,,,90,0,,,,35,A
369970279,2021-08-10T21:25:30,33.89745,-119.58706,0.6,23.7,511.0,HOSTILE METHOD-08,,,90,0,,,,35,A
369970279,2021-08-10T21:26:41,33.89764,-119.58694,0.7,30.8,511.0,HOSTILE METHOD-08,,,90,0,,,,35,A
369970279,2021-08-10T21:28:01,33.89784,-119.58678,0.5,24.7,511.0,HOSTILE METHOD-08,,,90,0,,,,35,A
369970279,2021-08-10T21:29:02,33.89805,-119.58668,1.1,25.2,511.0,HOSTILE METHOD-08,,,90,0,,,,35,A
369970279,2021-08-10T21:31:00,33.89821,-119.58660,0.5,23.6,511.0,HOSTILE METHOD-08,,,90,0,,,,35,A
369970279,2021-08-10T21:32:11,33.89856,-119.58638,1.3,26.3,511.0,HOSTILE METHOD-08,,,90,0,,,,35,A
369970279,2021-08-10T21:33:12,33.89872,-119.58630,0.6,25.0,511.0,HOSTILE METHOD-08,,,90,0,,,,35,A
369970279,2021-08-10T21:35:00,33.89888,-119.58620,1.1,27.6,511.0,HOSTILE METHOD-08,,,90,0,,,,35,A
369970279,2021-08-10T21:36:12,33.89924,-119.58598,0.4,25.9,511.0,HOSTILE METHOD-08,,,90,0,,,,35,A
369970279,2021-08-10T21:37:31,33.89945,-119.58586,0.7,30.8,511.0,HOSTILE METHOD-08,,,90,0,,,,35,A
369970279,2021-08-10T21:38:42,33.89965,-119.58574,0.8,22.8,511.0,HOSTILE METHOD-08,,,90,0,,,,35,A
369970279,2021-08-10T21:39:51,33.89986,-119.58565,0.8,24.9,511.0,HOSTILE METHOD-08,,,90,0,,,,35,A
369970279,2021-08-10T21:41:01,33.90008,-119.58554,0.7,22.9,511.0,HOSTILE METHOD-08,,,90,0,,,,35,A
369970279,2021-08-10T21:42:02,33.90024,-119.58544,0.6,19.5,511.0,HOSTILE METHOD-08,,,90,0,,,,35,A
369970279,2021-08-10T21:43:11,33.90046,-119.58533,1.1,26.1,511.0,HOSTILE METHOD-08,,,90,0,,,,35,A
369970279,2021-08-10T21:44:21,33.90066,-119.58519,0.6,26.5,511.0,HOSTILE METHOD-08,,,90,0,,,,35,A
369970279,2021-08-10T21:45:31,33.90088,-119.58505,0.7,28.9,511.0,HOSTILE METHOD-08,,,90,0,,,,35,A
369970279,2021-08-10T21:47:01,33.90096,-119.58500,0.6,24.4,511.0,HOSTILE METHOD-08,,,90,0,,,,35,A
369970279,2021-08-10T21:48:11,33.90130,-119.58477,1.1,27.5,511.0,HOSTILE METHOD-08,,,90,0,,,,35,A
369970279,2021-08-10T21:49:21,33.90152,-119.58465,0.5,23.6,511.0,HOSTILE METHOD-08,,,90,0,,,,35,A
369970279,2021-08-10T21:51:00,33.90164,-119.58461,0.9,20.5,511.0,HOSTILE METHOD-08,,,90,0,,,,35,A
369970279,2021-08-10T21:52:10,33.90207,-119.58439,1.0,22.6,511.0,HOSTILE METHOD-08,,,90,0,,,,35,A
369970279,2021-08-10T21:54:00,33.90224,-119.58430,0.9,28.1,511.0,HOSTILE METHOD-08,,,90,0,,,,35,A
369970279,2021-08-10T21:55:10,33.90154,-119.58300,4.7,170.2,511.0,HOSTILE METHOD-08,,,90,0,,,,35,A
369970279,2021-08-10T21:56:21,33.90073,-119.58360,1.5,248.6,511.0,HOSTILE METHOD-08,,,90,0,,,,35,A
369970279,2021-08-10T21:57:30,33.90050,-119.58429,3.2,251.1,511.0,HOSTILE METHOD-08,,,90,0,,,,35,A
369970279,2021-08-10T21:58:42,33.89733,-119.58609,13.0,200.9,511.0,HOSTILE METHOD-08,,,90,0,,,,35,A
369970279,2021-08-10T21:59:02,33.89257,-119.58582,12.9,168.4,511.0,HOSTILE METHOD-08,,,90,0,,,,35,A
369970279,2021-08-10T21:59:44,33.89368,-119.58606,13.9,166.4,511.0,HOSTILE METHOD-08,,,90,0,,,,35,A
369970279,2021-08-10T22:00:07,33.89225,-119.58573,11.1,166.6,511.0,HOSTILE METHOD-08,,,90,0,,,,35,A
369970279,2021-08-10T22:01:12,33.89131,-119.58564,0.2,216.3,511.0,HOSTILE METHOD-08,,,90,0,,,,35,A
369970279,2021-08-10T22:02:19,33.89112,-119.58561,5.3,176.5,511.0,HOSTILE METHOD-08,,,90,0,,,,35,A
369970279,2021-08-10T22:03:23,33.88923,-119.58488,6.4,134.1,511.0,HOSTILE METHOD-08,,,90,0,,,,35,A
369970279,2021-08-10T22:04:24,33.88775,-119.58346,8.6,188.8,511.0,HOSTILE METHOD-08,,,90,0,,,,35,A
369970279,2021-08-10T22:05:33,33.88650,-119.58238,4.3,109.4,511.0,HOSTILE METHOD-08,,,90,0,,,,35,A
369970279,2021-08-10T22:06:43,33.88659,-119.58097,4.1,46.3,511.0,HOSTILE METHOD-08,,,90,0,,,,35,A
369970279,2021-08-10T22:07:53,33.88721,-119.58075,0.9,52.6,511.0,HOSTILE METHOD-08,,,90,0,,,,35,A
369970279,2021-08-10T22:09:02,33.88735,-119.58110,0.4,278.4,511.0,HOSTILE METHOD-08,,,90,0,,,,35,A
369970279,2021-08-10T22:10:03,33.88737,-119.58116,0.9,359.9,511.0,HOSTILE METHOD-08,,,90,0,,,,35,A
369970279,2021-08-10T22:11:13,33.88730,-119.58089,1.6,92.6,511.0,HOSTILE METHOD-08,,,90,0,,,,35,A
369970279,2021-08-10T22:12:23,33.88742,-119.58051,0.8,59.8,511.0,HOSTILE METHOD-08,,,90,0,,,,35,A
369970279,2021-08-10T22:13:34,33.88759,-119.58022,0.9,54.4,511.0,HOSTILE METHOD-08,,,90,0,,,,35,A
369970279,2021-08-10T22:14:43,33.88798,-119.57949,4.1,58.6,511.0,HOSTILE METHOD-08,,,90,0,,,,35,A
369970279,2021-08-10T22:15:44,33.88910,-119.57841,6.0,12.1,511.0,HOSTILE METHOD-08,,,90,0,,,,35,A
369970279,2021-08-10T22:16:54,33.89018,-119.57834,2.4,12.0,511.0,HOSTILE METHOD-08,,,90,0,,,,35,A
369970279,2021-08-10T22:18:02,33.89067,-119.57820,1.3,11.7,511.0,HOSTILE METHOD-08,,,90,0,,,,35,A
369970279,2021-08-10T22:19:13,33.89104,-119.57807,1.4,20.5,511.0,HOSTILE METHOD-08,,,90,0,,,,35,A
369970279,2021-08-10T23:43:10,33.89026,-119.59594,0.9,335.8,511.0,HOSTILE METHOD-08,,,90,0,,,,35,A
338041439,2021-07-10T13:47:39,33.90980,-119.59626,8.6,225.5,226.0,BIG KAHUNA,,,37,,15,,,,B
338041439,2021-07-10T13:49:09,33.90744,-119.59952,8.3,230.1,226.0,BIG KAHUNA,,,37,,15,,,,B
338041439,2021-07-10T13:43:37,33.91644,-119.58744,8.6,227.5,227.0,BIG KAHUNA,,,37,,15,,,,B
338041439,2021-07-10T13:44:38,33.91475,-119.58965,8.6,226.4,226.0,BIG KAHUNA,,,37,,15,,,,B
338041439,2021-07-10T13:46:38,33.91143,-119.59409,8.2,228.2,225.0,BIG KAHUNA,,,37,,15,,,,B
503000127,2021-04-29T22:20:28,33.88233,-119.58957,11.1,39.2,40.0,AUSTRALIAN WARSHIP,IMO4444444,SYDNEY-,35,0,148,18,7.5,35,A
503000127,2021-04-29T22:21:39,33.88513,-119.58682,10.9,39.6,40.0,AUSTRALIAN WARSHIP,IMO4444444,SYDNEY-,35,0,148,18,7.5,35,A
503000127,2021-04-29T22:22:48,33.88788,-119.58412,10.9,39.1,40.0,AUSTRALIAN WARSHIP,IMO4444444,SYDNEY-,35,0,148,18,7.5,35,A
503000127,2021-04-29T22:23:49,33.89027,-119.58183,11.2,37.9,40.0,AUSTRALIAN WARSHIP,IMO4444444,SYDNEY-,35,0,148,18,7.5,35,A
503000127,2021-04-29T22:24:59,33.89307,-119.57910,10.9,39.4,40.0,AUSTRALIAN WARSHIP,IMO4444444,SYDNEY-,35,0,148,18,7.5,35,A
503000127,2021-04-29T22:26:03,33.89552,-119.57665,10.6,40.9,42.0,AUSTRALIAN WARSHIP,IMO4444444,SYDNEY-,35,0,148,18,7.5,35,A
503000127,2021-04-29T22:27:05,33.89802,-119.57433,11.0,38.9,41.0,AUSTRALIAN WARSHIP,IMO4444444,SYDNEY-,35,0,148,18,7.5,35,A
503000127,2021-04-29T22:28:06,33.90045,-119.57202,11.3,40.1,43.0,AUSTRALIAN WARSHIP,IMO4444444,SYDNEY-,35,0,148,18,7.5,35,A
503000127,2021-04-29T22:29:08,33.90297,-119.56962,11.2,37.4,41.0,AUSTRALIAN WARSHIP,IMO4444444,SYDNEY-,35,0,148,18,7.5,35,A
503000127,2021-04-29T22:31:01,33.90505,-119.56753,10.8,40.0,46.0,AUSTRALIAN WARSHIP,IMO4444444,SYDNEY-,35,0,148,18,7.5,35,A
503000127,2021-04-29T22:32:06,33.90652,-119.56118,10.2,89.9,92.0,AUSTRALIAN WARSHIP,IMO4444444,SYDNEY-,35,0,148,18,7.5,35,A
503000127,2021-04-30T02:46:19,33.90322,-119.55880,13.0,222.4,222.0,AUSTRALIAN WARSHIP,IMO4444444,SYDNEY-,35,0,148,18,7.5,35,A
503000127,2021-04-30T02:47:29,33.90008,-119.56222,13.0,223.2,221.0,AUSTRALIAN WARSHIP,IMO4444444,SYDNEY-,35,0,148,18,7.5,35,A
503000127,2021-04-30T02:48:38,33.89693,-119.56563,13.0,222.3,222.0,AUSTRALIAN WARSHIP,IMO4444444,SYDNEY-,35,0,148,18,7.5,35,A
503000127,2021-04-30T02:49:49,33.89373,-119.56905,12.9,222.4,222.0,AUSTRALIAN WARSHIP,IMO4444444,SYDNEY-,35,0,148,18,7.5,35,A
503000127,2021-04-30T02:50:59,33.89058,-119.57240,12.8,220.9,222.0,AUSTRALIAN WARSHIP,IMO4444444,SYDNEY-,35,0,148,18,7.5,35,A
503000127,2021-04-30T02:52:09,33.88745,-119.57567,13.0,221.1,221.0,AUSTRALIAN WARSHIP,IMO4444444,SYDNEY-,35,0,148,18,7.5,35,A
503000127,2021-04-30T02:53:11,33.88467,-119.57872,13.0,222.7,224.0,AUSTRALIAN WARSHIP,IMO4444444,SYDNEY-,35,0,148,18,7.5,35,A
338188519,2021-11-23T15:33:34,33.90325,-119.56041,9.2,242.0,243.0,SHARON G,,,30,,18,,,,B
338188519,2021-11-23T15:34:35,33.90205,-119.56318,9.4,242.3,243.0,SHARON G,,,30,,18,,,,B
338188519,2021-11-23T15:36:04,33.90037,-119.56728,9.2,248.1,249.0,SHARON G,,,30,,18,,,,B
338188519,2021-11-23T15:37:34,33.89894,-119.57158,9.4,248.3,249.0,SHARON G,,,30,,18,,,,B
338188519,2021-11-23T15:41:03,33.89562,-119.58171,9.2,247.9,248.0,SHARON G,,,30,,18,,,,B
338188519,2021-11-23T15:43:03,33.89368,-119.58750,9.6,246.9,248.0,SHARON G,,,30,,18,,,,B
338188519,2021-11-23T15:44:10,33.89261,-119.59071,9.4,247.3,249.0,SHARON G,,,30,,18,,,,B
338188519,2021-11-23T15:47:04,33.88919,-119.59883,9.6,243.8,244.0,SHARON G,,,30,,18,,,,B
369970279,2021-02-24T15:55:44,33.89210,-119.56195,15.0,269.7,511.0,HOSTILE METHOD-08,,,90,0,,,14.5,71,A
369970279,2021-02-24T15:56:55,33.89209,-119.56297,15.3,269.2,511.0,HOSTILE METHOD-08,,,90,0,,,14.5,71,A
369970279,2021-02-24T15:58:00,33.89206,-119.56860,15.2,272.3,511.0,HOSTILE METHOD-08,,,90,0,,,14.5,71,A
369970279,2021-02-24T15:59:06,33.89348,-119.57901,15.4,288.7,511.0,HOSTILE METHOD-08,,,90,0,,,14.5,71,A
369970279,2021-02-24T16:00:00,33.89486,-119.58342,15.2,293.2,511.0,HOSTILE METHOD-08,,,90,0,,,14.5,71,A
369970279,2021-02-24T16:01:06,33.89652,-119.58863,15.7,286.4,511.0,HOSTILE METHOD-08,,,90,0,,,14.5,71,A
369970279,2021-02-24T16:02:12,33.89427,-119.59220,14.5,175.1,511.0,HOSTILE METHOD-08,,,90,0,,,14.5,71,A
369970279,2021-02-24T21:41:00,33.89166,-119.58982,15.1,128.0,511.0,HOSTILE METHOD-08,,,90,0,,,14.5,71,A
369970279,2021-01-07T22:04:07,33.88451,-119.59564,14.7,2.6,511.0,HOSTILE METHOD-08,,,90,0,,,14.1,70,A
369970279,2021-01-07T22:05:14,33.88723,-119.59515,5.1,46.5,511.0,HOSTILE METHOD-08,,,90,0,,,14.1,70,A
369970279,2021-01-07T22:06:25,33.88751,-119.59409,1.6,91.6,511.0,HOSTILE METHOD-08,,,90,0,,,14.1,70,A
369970279,2021-01-07T22:07:30,33.88744,-119.59364,0.9,106.1,511.0,HOSTILE METHOD-08,,,90,0,,,14.1,70,A
369970279,2021-01-07T22:09:00,33.88739,-119.59348,1.8,121.8,511.0,HOSTILE METHOD-08,,,90,0,,,14.1,70,A
369970279,2021-01-07T22:10:08,33.88718,-119.59249,1.5,103.1,511.0,HOSTILE METHOD-08,,,90,0,,,14.1,70,A
369970279,2021-01-07T22:12:00,33.88709,-119.59213,1.1,106.3,511.0,HOSTILE METHOD-08,,,90,0,,,14.1,70,A
369970279,2021-01-07T22:13:10,33.88698,-119.59157,0.3,104.4,511.0,HOSTILE METHOD-08,,,90,0,,,14.1,70,A
369970279,2021-01-07T22:14:29,33.88697,-119.59129,1.1,85.5,511.0,HOSTILE METHOD-08,,,90,0,,,14.1,70,A
369970279,2021-01-07T22:15:40,33.88700,-119.59108,1.2,89.4,511.0,HOSTILE METHOD-08,,,90,0,,,14.1,70,A
369970279,2021-01-07T22:16:41,33.88705,-119.59086,1.2,92.7,511.0,HOSTILE METHOD-08,,,90,0,,,14.1,70,A
369970279,2021-01-07T22:17:49,33.88695,-119.59067,0.6,142.0,511.0,HOSTILE METHOD-08,,,90,0,,,14.1,70,A
369970279,2021-01-07T22:18:59,33.88684,-119.59042,0.8,128.0,511.0,HOSTILE METHOD-08,,,90,0,,,14.1,70,A
369970279,2021-01-07T22:20:10,33.88673,-119.59015,1.2,110.3,511.0,HOSTILE METHOD-08,,,90,0,,,14.1,70,A
369970279,2021-01-07T22:21:18,33.88673,-119.58989,0.2,87.8,511.0,HOSTILE METHOD-08,,,90,0,,,14.1,70,A
369970279,2021-01-07T22:22:28,33.88677,-119.58962,1.2,92.4,511.0,HOSTILE METHOD-08,,,90,0,,,14.1,70,A
369970279,2021-01-07T22:23:38,33.88661,-119.58936,0.3,122.5,511.0,HOSTILE METHOD-08,,,90,0,,,14.1,70,A
369970279,2021-01-07T22:24:58,33.88658,-119.58928,0.6,116.3,511.0,HOSTILE METHOD-08,,,90,0,,,14.1,70,A
369970279,2021-01-07T22:26:00,33.88651,-119.58881,0.7,83.4,511.0,HOSTILE METHOD-08,,,90,0,,,14.1,70,A
369970279,2021-01-07T22:27:10,33.88642,-119.58854,0.8,121.8,511.0,HOSTILE METHOD-08,,,90,0,,,14.1,70,A
369970279,2021-01-07T22:28:20,33.88640,-119.58828,0.5,89.8,511.0,HOSTILE METHOD-08,,,90,0,,,14.1,70,A
369970279,2021-01-07T22:29:28,33.88644,-119.58804,0.3,78.8,511.0,HOSTILE METHOD-08,,,90,0,,,14.1,70,A
369970279,2021-01-07T22:30:29,33.88637,-119.58779,0.6,132.1,511.0,HOSTILE METHOD-08,,,90,0,,,14.1,70,A
369970279,2021-01-07T22:31:40,33.88628,-119.58753,1.3,103.7,511.0,HOSTILE METHOD-08,,,90,0,,,14.1,70,A
369970279,2021-01-07T22:32:41,33.88624,-119.58730,0.7,92.3,511.0,HOSTILE METHOD-08,,,90,0,,,14.1,70,A
369970279,2021-01-07T22:33:49,33.88628,-119.58706,0.3,75.0,511.0,HOSTILE METHOD-08,,,90,0,,,14.1,70,A
369970279,2021-01-07T22:34:59,33.88623,-119.58679,0.9,112.0,511.0,HOSTILE METHOD-08,,,90,0,,,14.1,70,A
369970279,2021-01-07T22:36:10,33.88620,-119.58651,0.2,82.9,511.0,HOSTILE METHOD-08,,,90,0,,,14.1,70,A
369970279,2021-01-07T22:37:19,33.88619,-119.58621,0.8,91.2,511.0,HOSTILE METHOD-08,,,90,0,,,14.1,70,A
369970279,2021-01-07T22:38:20,33.88622,-119.58599,1.0,83.9,511.0,HOSTILE METHOD-08,,,90,0,,,14.1,70,A
369970279,2021-01-07T22:39:29,33.88628,-119.58576,0.1,87.0,511.0,HOSTILE METHOD-08,,,90,0,,,14.1,70,A
369970279,2021-01-07T22:40:41,33.88635,-119.58552,0.7,80.4,511.0,HOSTILE METHOD-08,,,90,0,,,14.1,70,A
369970279,2021-01-07T22:41:49,33.88636,-119.58525,2.3,143.6,511.0,HOSTILE METHOD-08,,,90,0,,,14.1,70,A
369970279,2021-01-07T22:42:58,33.88400,-119.58572,12.6,189.6,511.0,HOSTILE METHOD-08,,,90,0,,,14.1,70,A
367199960,2021-06-12T15:00:07,33.88570,-119.56050,4.8,234.4,511.0,DANNY C,,WBE8593,70,0,22,7,,7,A
367199960,2021-06-12T15:01:19,33.88495,-119.56199,3.9,237.0,511.0,DANNY C,,WBE8593,70,0,22,7,,7,A
367199960,2021-06-12T15:02:28,33.88427,-119.56338,4.3,241.9,511.0,DANNY C,,WBE8593,70,0,22,7,,7,A
367199960,2021-06-12T15:03:38,33.88360,-119.56477,4.2,240.4,511.0,DANNY C,,WBE8593,70,0,22,7,,7,A
367199960,2021-06-12T15:04:47,33.88291,-119.56617,3.8,238.2,511.0,DANNY C,,WBE8593,70,0,22,7,,7,A
367199960,2021-06-12T15:05:57,33.88226,-119.56759,4.3,246.3,511.0,DANNY C,,WBE8593,70,0,22,7,,7,A
367199960,2021-06-12T16:00:18,33.88830,-119.57312,3.3,31.2,511.0,DANNY C,,WBE8593,70,0,22,7,,7,A
367199960,2021-06-12T16:01:29,33.88929,-119.57253,3.4,25.6,511.0,DANNY C,,WBE8593,70,0,22,7,,7,A
367199960,2021-06-12T17:00:29,33.89129,-119.55890,2.4,141.6,511.0,DANNY C,,WBE8593,70,0,22,7,,7,A
367199960,2021-06-12T17:09:59,33.88493,-119.55858,3.4,208.5,511.0,DANNY C,,WBE8593,70,0,22,7,,7,A
367199960,2021-06-12T17:11:08,33.88401,-119.55931,3.5,225.3,511.0,DANNY C,,WBE8593,70,0,22,7,,7,A
367199960,2021-06-12T17:12:18,33.88329,-119.56026,3.3,259.0,511.0,DANNY C,,WBE8593,70,0,22,7,,7,A
367199960,2021-06-12T17:13:28,33.88316,-119.56164,3.7,263.3,511.0,DANNY C,,WBE8593,70,0,22,7,,7,A
367199960,2021-06-12T17:14:38,33.88306,-119.56310,3.5,269.3,511.0,DANNY C,,WBE8593,70,0,22,7,,7,A
367199960,2021-06-12T17:15:49,33.88297,-119.56455,3.3,263.9,511.0,DANNY C,,WBE8593,70,0,22,7,,7,A
367199960,2021-06-12T17:16:57,33.88289,-119.56599,3.7,266.2,511.0,DANNY C,,WBE8593,70,0,22,7,,7,A
367199960,2021-06-12T17:18:08,33.88280,-119.56746,4.0,260.6,511.0,DANNY C,,WBE8593,70,0,22,7,,7,A
367199960,2021-06-12T17:19:09,33.88272,-119.56876,3.9,269.6,511.0,DANNY C,,WBE8593,70,0,22,7,,7,A
367199960,2021-06-12T17:20:27,33.88264,-119.57040,3.7,261.0,511.0,DANNY C,,WBE8593,70,0,22,7,,7,A
367199960,2021-06-12T17:21:38,33.88252,-119.57193,3.9,272.0,511.0,DANNY C,,WBE8593,70,0,22,7,,7,A
367199960,2021-06-12T17:22:59,33.88242,-119.57363,3.3,272.5,511.0,DANNY C,,WBE8593,70,0,22,7,,7,A
367199960,2021-06-12T17:24:08,33.88260,-119.57486,2.8,288.9,511.0,DANNY C,,WBE8593,70,0,22,7,,7,A
367199960,2021-06-12T17:25:29,33.88304,-119.57614,3.0,293.0,511.0,DANNY C,,WBE8593,70,0,22,7,,7,A
367199960,2021-06-12T17:26:38,33.88360,-119.57718,3.2,306.2,511.0,DANNY C,,WBE8593,70,0,22,7,,7,A
367199960,2021-06-12T17:27:49,33.88439,-119.57801,3.0,341.5,511.0,DANNY C,,WBE8593,70,0,22,7,,7,A
367199960,2021-06-12T17:28:59,33.88531,-119.57863,3.2,336.4,511.0,DANNY C,,WBE8593,70,0,22,7,,7,A
367199960,2021-06-12T17:30:08,33.88626,-119.57918,3.0,341.5,511.0,DANNY C,,WBE8593,70,0,22,7,,7,A
367199960,2021-06-12T17:31:18,33.88729,-119.57963,3.3,343.1,511.0,DANNY C,,WBE8593,70,0,22,7,,7,A
367199960,2021-06-12T17:32:28,33.88837,-119.57992,3.3,339.6,511.0,DANNY C,,WBE8593,70,0,22,7,,7,A
367199960,2021-06-12T17:33:38,33.88946,-119.58013,3.5,0.7,511.0,DANNY C,,WBE8593,70,0,22,7,,7,A
367199960,2021-06-12T17:34:48,33.89056,-119.58021,3.2,355.7,511.0,DANNY C,,WBE8593,70,0,22,7,,7,A
367199960,2021-06-12T17:35:59,33.89166,-119.58001,3.3,11.7,511.0,DANNY C,,WBE8593,70,0,22,7,,7,A
367199960,2021-06-12T17:37:07,33.89263,-119.57948,3.0,31.7,511.0,DANNY C,,WBE8593,70,0,22,7,,7,A
367199960,2021-06-12T17:38:19,33.89333,-119.57857,2.8,60.8,511.0,DANNY C,,WBE8593,70,0,22,7,,7,A
367199960,2021-06-12T17:39:37,33.89359,-119.57739,2.6,99.9,511.0,DANNY C,,WBE8593,70,0,22,7,,7,A
367199960,2021-06-12T17:40:38,33.89345,-119.57653,2.4,113.6,511.0,DANNY C,,WBE8593,70,0,22,7,,7,A
367199960,2021-06-12T17:41:48,33.89292,-119.57578,2.7,124.0,511.0,DANNY C,,WBE8593,70,0,22,7,,7,A
367199960,2021-06-12T17:42:59,33.89231,-119.57516,2.5,123.1,511.0,DANNY C,,WBE8593,70,0,22,7,,7,A
367199960,2021-06-12T17:44:08,33.89172,-119.57446,2.4,134.9,511.0,DANNY C,,WBE8593,70,0,22,7,,7,A
367199960,2021-06-12T17:45:18,33.89114,-119.57377,2.6,120.3,511.0,DANNY C,,WBE8593,70,0,22,7,,7,A
367199960,2021-06-12T17:46:27,33.89059,-119.57307,2.4,134.1,511.0,DANNY C,,WBE8593,70,0,22,7,,7,A
367199960,2021-06-12T17:47:39,33.89000,-119.57234,2.5,140.4,511.0,DANNY C,,WBE8593,70,0,22,7,,7,A
367199960,2021-06-12T17:48:47,33.88944,-119.57167,2.5,139.3,511.0,DANNY C,,WBE8593,70,0,22,7,,7,A
367199960,2021-06-12T17:50:57,33.88793,-119.57018,3.2,146.7,511.0,DANNY C,,WBE8593,70,0,22,7,,7,A
367199960,2021-06-12T18:00:07,33.88373,-119.56452,2.5,107.2,511.0,DANNY C,,WBE8593,70,0,22,7,,7,A
367199960,2021-06-12T18:01:18,33.88341,-119.56362,2.4,111.6,511.0,DANNY C,,WBE8593,70,0,22,7,,7,A
367199960,2021-06-12T18:02:28,33.88270,-119.56291,3.2,151.0,511.0,DANNY C,,WBE8593,70,0,22,7,,7,A
367199960,2021-06-12T19:00:08,33.89914,-119.57156,4.3,295.7,511.0,DANNY C,,WBE8593,70,0,22,7,,7,A
367199960,2021-06-12T19:01:17,33.89966,-119.57305,3.8,286.1,511.0,DANNY C,,WBE8593,70,0,22,7,,7,A
367199960,2021-06-12T19:02:27,33.89964,-119.57466,4.3,257.5,511.0,DANNY C,,WBE8593,70,0,22,7,,7,A
367199960,2021-06-12T19:03:36,33.89917,-119.57616,4.4,247.1,511.0,DANNY C,,WBE8593,70,0,22,7,,7,A
367199960,2021-06-12T19:04:46,33.89868,-119.57769,4.0,252.9,511.0,DANNY C,,WBE8593,70,0,22,7,,7,A
367199960,2021-06-12T19:05:58,33.89822,-119.57921,4.1,248.0,511.0,DANNY C,,WBE8593,70,0,22,7,,7,A
367199960,2021-06-12T19:07:16,33.89774,-119.58091,4.1,250.5,511.0,DANNY C,,WBE8593,70,0,22,7,,7,A
367199960,2021-06-12T19:08:27,33.89728,-119.58244,4.1,254.4,511.0,DANNY C,,WBE8593,70,0,22,7,,7,A
367199960,2021-06-12T20:13:57,33.88318,-119.55839,2.3,221.3,511.0,DANNY C,,WBE8593,70,0,22,7,,7,A
367199960,2021-06-12T20:15:08,33.88223,-119.55863,5.8,214.3,511.0,DANNY C,,WBE8593,70,0,22,7,,7,A
367199960,2021-06-12T22:04:18,33.89002,-119.57215,3.3,23.2,511.0,DANNY C,,WBE8593,70,0,22,7,,7,A
367199960,2021-06-12T22:09:19,33.89443,-119.57001,3.2,19.5,511.0,DANNY C,,WBE8593,70,0,22,7,,7,A
367199960,2021-06-12T22:33:38,33.90443,-119.57349,2.2,142.4,511.0,DANNY C,,WBE8593,70,0,22,7,,7,A
367199960,2021-06-12T22:59:58,33.89291,-119.56072,2.3,139.6,511.0,DANNY C,,WBE8593,70,0,22,7,,7,A
367199960,2021-06-12T23:06:07,33.88403,-119.56618,2.6,118.7,511.0,DANNY C,,WBE8593,70,0,22,7,,7,A
367199960,2021-06-12T23:32:57,33.88793,-119.57018,3.2,146.7,511.0,DANNY C,,WBE8593,70,0,22,7,,7,A
367199960,2021-06-12T23:49:36,33.89677,-119.58384,4.0,234.3,511.0,DANNY C,,WBE8593,70,0,22,7,,7,A
367199960,2021-06-12T23:55:17,33.89257,-119.58509,3.2,110.7,511.0,DANNY C,,WBE8593,70,0,22,7,,7,A
367199960,2021-06-12T23:56:57,33.88637,-119.56840,2.6,143.5,511.0,DANNY C,,WBE8593,70,0,22,7,,7,A
367199960,2021-06-14T15:37:29,33.88802,-119.55968,2.8,273.5,511.0,DANNY C,,WBE8593,70,0,22,7,,7,A
367199960,2021-06-14T15:38:38,33.88804,-119.56098,3.1,279.3,511.0,DANNY C,,WBE8593,70,0,22,7,,7,A
367199960,2021-06-14T15:39:47,33.88804,-119.56231,2.8,276.8,511.0,DANNY C,,WBE8593,70,0,22,7,,7,A
367199960,2021-06-14T15:40:48,33.88807,-119.56345,3.7,264.9,511.0,DANNY C,,WBE8593,70,0,22,7,,7,A
367199960,2021-06-14T15:41:57,33.88806,-119.56476,2.9,268.3,511.0,DANNY C,,WBE8593,70,0,22,7,,7,A
367199960,2021-06-14T15:43:08,33.88808,-119.56617,3.4,270.8,511.0,DANNY C,,WBE8593,70,0,22,7,,7,A
367199960,2021-06-14T15:44:18,33.88808,-119.56747,4.2,269.4,511.0,DANNY C,,WBE8593,70,0,22,7,,7,A
367199960,2021-06-14T15:45:27,33.88812,-119.56879,3.0,268.7,511.0,DANNY C,,WBE8593,70,0,22,7,,7,A
367199960,2021-06-14T15:46:37,33.88819,-119.56996,3.0,274.7,511.0,DANNY C,,WBE8593,70,0,22,7,,7,A
367199960,2021-06-14T15:47:58,33.88823,-119.57148,3.3,274.9,511.0,DANNY C,,WBE8593,70,0,22,7,,7,A
367199960,2021-06-14T15:49:08,33.88824,-119.57287,3.8,265.6,511.0,DANNY C,,WBE8593,70,0,22,7,,7,A
367199960,2021-06-14T15:50:18,33.88825,-119.57420,3.2,275.4,511.0,DANNY C,,WBE8593,70,0,22,7,,7,A
367199960,2021-06-14T15:51:37,33.88826,-119.57564,3.3,270.7,511.0,DANNY C,,WBE8593,70,0,22,7,,7,A
367199960,2021-06-14T15:52:48,33.88834,-119.57688,3.9,272.6,511.0,DANNY C,,WBE8593,70,0,22,7,,7,A
367199960,2021-06-14T15:53:58,33.88839,-119.57823,3.0,275.1,511.0,DANNY C,,WBE8593,70,0,22,7,,7,A
367199960,2021-06-14T15:55:07,33.88842,-119.57953,3.8,267.9,511.0,DANNY C,,WBE8593,70,0,22,7,,7,A
367199960,2021-06-14T15:56:17,33.88844,-119.58080,2.8,257.2,511.0,DANNY C,,WBE8593,70,0,22,7,,7,A
367199960,2021-06-14T15:57:37,33.88742,-119.58022,5.6,107.2,511.0,DANNY C,,WBE8593,70,0,22,7,,7,A
367199960,2021-06-14T15:58:47,33.88660,-119.57828,5.3,128.0,511.0,DANNY C,,WBE8593,70,0,22,7,,7,A
367199960,2021-06-14T15:59:58,33.88557,-119.57642,5.8,120.3,511.0,DANNY C,,WBE8593,70,0,22,7,,7,A
367199960,2021-06-14T16:00:08,33.88544,-119.57618,5.6,121.0,511.0,DANNY C,,WBE8593,70,0,22,7,,7,A
367199960,2021-06-14T16:01:18,33.88455,-119.57424,5.5,118.7,511.0,DANNY C,,WBE8593,70,0,22,7,,7,A
367199960,2021-06-14T16:02:27,33.88373,-119.57223,5.7,116.1,511.0,DANNY C,,WBE8593,70,0,22,7,,7,A
367199960,2021-06-14T16:03:37,33.88357,-119.57006,6.0,86.0,511.0,DANNY C,,WBE8593,70,0,22,7,,7,A
367199960,2021-06-14T16:04:49,33.88374,-119.56778,5.5,84.9,511.0,DANNY C,,WBE8593,70,0,22,7,,7,A
367199960,2021-06-14T16:05:58,33.88392,-119.56549,6.8,85.7,511.0,DANNY C,,WBE8593,70,0,22,7,,7,A
367199960,2021-06-14T16:06:59,33.88407,-119.56336,6.0,84.7,511.0,DANNY C,,WBE8593,70,0,22,7,,7,A
367199960,2021-06-14T16:08:08,33.88424,-119.56089,6.5,86.1,511.0,DANNY C,,WBE8593,70,0,22,7,,7,A
367199960,2021-06-14T16:09:19,33.88445,-119.55850,5.8,84.6,511.0,DANNY C,,WBE8593,70,0,22,7,,7,A
367199960,2021-06-14T20:05:18,33.89403,-119.55931,4.9,234.8,511.0,DANNY C,,WBE8593,70,0,22,7,,7,A
367199960,2021-06-14T20:25:28,33.88876,-119.57657,2.6,266.0,511.0,DANNY C,,WBE8593,70,0,22,7,,7,A
367199960,2021-06-14T20:28:08,33.88844,-119.57908,3.3,232.6,511.0,DANNY C,,WBE8593,70,0,22,7,,7,A
367199960,2021-06-14T20:33:28,33.88578,-119.57263,4.6,112.4,511.0,DANNY C,,WBE8593,70,0,22,7,,7,A
367199960,2021-06-14T20:40:38,33.88388,-119.56407,3.8,90.7,511.0,DANNY C,,WBE8593,70,0,22,7,,7,A
369970279,2021-07-21T19:48:44,33.88217,-119.58427,1.6,323.5,511.0,HOSTILE METHOD-08,,,90,0,,,,35,A
369970279,2021-07-21T19:49:54,33.88234,-119.58433,2.1,324.0,511.0,HOSTILE METHOD-08,,,90,0,,,,35,A
369970279,2021-07-21T19:51:03,33.88250,-119.58437,0.6,350.7,511.0,HOSTILE METHOD-08,,,90,0,,,,35,A
369970279,2021-07-21T19:52:24,33.88269,-119.58443,1.0,353.1,511.0,HOSTILE METHOD-08,,,90,0,,,,35,A
369970279,2021-07-21T19:53:34,33.88284,-119.58448,1.6,328.2,511.0,HOSTILE METHOD-08,,,90,0,,,,35,A
369970279,2021-07-21T19:54:54,33.88303,-119.58455,0.8,343.2,511.0,HOSTILE METHOD-08,,,90,0,,,,35,A
369970279,2021-07-21T19:56:03,33.88318,-119.58460,1.6,330.6,511.0,HOSTILE METHOD-08,,,90,0,,,,35,A
369970279,2021-07-21T19:57:13,33.88335,-119.58467,0.6,332.5,511.0,HOSTILE METHOD-08,,,90,0,,,,35,A
369970279,2021-07-21T19:58:25,33.88351,-119.58471,1.0,359.6,511.0,HOSTILE METHOD-08,,,90,0,,,,35,A
369970279,2021-07-21T19:59:33,33.88372,-119.58478,0.8,349.1,511.0,HOSTILE METHOD-08,,,90,0,,,,35,A
369970279,2021-07-21T20:00:25,33.88386,-119.58479,2.7,10.5,511.0,HOSTILE METHOD-08,,,90,0,,,,35,A
369970279,2021-07-21T20:01:33,33.88403,-119.58481,0.9,340.6,511.0,HOSTILE METHOD-08,,,90,0,,,,35,A
369970279,2021-07-21T20:02:43,33.88421,-119.58482,0.5,3.6,511.0,HOSTILE METHOD-08,,,90,0,,,,35,A
369970279,2021-07-21T20:03:54,33.88440,-119.58483,0.9,359.8,511.0,HOSTILE METHOD-08,,,90,0,,,,35,A
369970279,2021-07-21T20:04:55,33.88458,-119.58484,0.6,357.6,511.0,HOSTILE METHOD-08,,,90,0,,,,35,A
369970279,2021-07-21T20:06:04,33.88477,-119.58482,1.2,346.3,511.0,HOSTILE METHOD-08,,,90,0,,,,35,A
369970279,2021-07-21T20:07:14,33.88495,-119.58484,0.9,7.0,511.0,HOSTILE METHOD-08,,,90,0,,,,35,A
369970279,2021-07-21T20:08:23,33.88511,-119.58484,0.8,348.8,511.0,HOSTILE METHOD-08,,,90,0,,,,35,A
369970279,2021-07-21T20:09:34,33.88528,-119.58484,0.4,352.8,511.0,HOSTILE METHOD-08,,,90,0,,,,35,A
369970279,2021-07-21T20:10:43,33.88548,-119.58483,0.1,2.2,511.0,HOSTILE METHOD-08,,,90,0,,,,35,A
369970279,2021-07-21T20:11:44,33.88564,-119.58480,1.2,348.9,511.0,HOSTILE METHOD-08,,,90,0,,,,35,A
369970279,2021-07-21T20:12:53,33.88583,-119.58478,0.8,2.1,511.0,HOSTILE METHOD-08,,,90,0,,,,35,A
369970279,2021-07-21T20:13:54,33.88600,-119.58477,1.0,5.4,511.0,HOSTILE METHOD-08,,,90,0,,,,35,A
369970279,2021-07-21T20:15:03,33.88620,-119.58476,1.1,358.6,511.0,HOSTILE METHOD-08,,,90,0,,,,35,A
369970279,2021-07-21T20:16:04,33.88637,-119.58470,0.5,4.4,511.0,HOSTILE METHOD-08,,,90,0,,,,35,A
369970279,2021-07-21T20:17:14,33.88657,-119.58469,1.4,356.8,511.0,HOSTILE METHOD-08,,,90,0,,,,35,A
369970279,2021-07-21T20:18:24,33.88679,-119.58467,1.2,357.3,511.0,HOSTILE METHOD-08,,,90,0,,,,35,A
369970279,2021-07-21T20:19:25,33.88698,-119.58464,1.5,357.8,511.0,HOSTILE METHOD-08,,,90,0,,,,35,A
369970279,2021-07-21T20:20:33,33.88719,-119.58460,1.9,29.7,511.0,HOSTILE METHOD-08,,,90,0,,,,35,A
369970279,2021-07-21T20:21:44,33.88741,-119.58454,1.0,21.9,511.0,HOSTILE METHOD-08,,,90,0,,,,35,A
369970279,2021-07-21T20:22:53,33.88764,-119.58447,0.7,14.9,511.0,HOSTILE METHOD-08,,,90,0,,,,35,A
369970279,2021-07-21T20:24:03,33.88783,-119.58438,1.4,24.6,511.0,HOSTILE METHOD-08,,,90,0,,,,35,A
369970279,2021-07-21T20:25:13,33.88802,-119.58431,0.6,10.0,511.0,HOSTILE METHOD-08,,,90,0,,,,35,A
369970279,2021-07-21T20:26:14,33.88819,-119.58426,0.9,12.4,511.0,HOSTILE METHOD-08,,,90,0,,,,35,A
369970279,2021-07-21T20:27:23,33.88837,-119.58418,0.9,14.8,511.0,HOSTILE METHOD-08,,,90,0,,,,35,A
369970279,2021-07-21T20:28:34,33.88858,-119.58408,0.7,15.6,511.0,HOSTILE METHOD-08,,,90,0,,,,35,A
369970279,2021-07-21T20:29:43,33.88879,-119.58401,1.0,2.3,511.0,HOSTILE METHOD-08,,,90,0,,,,35,A
369970279,2021-07-21T20:30:54,33.88901,-119.58392,1.0,28.0,511.0,HOSTILE METHOD-08,,,90,0,,,,35,A
369970279,2021-07-21T20:32:04,33.88920,-119.58384,2.6,32.2,511.0,HOSTILE METHOD-08,,,90,0,,,,35,A
369970279,2021-07-21T20:33:24,33.88946,-119.58375,0.8,19.3,511.0,HOSTILE METHOD-08,,,90,0,,,,35,A
369970279,2021-07-21T20:34:33,33.88963,-119.58367,1.2,7.7,511.0,HOSTILE METHOD-08,,,90,0,,,,35,A
369970279,2021-07-21T20:35:43,33.88981,-119.58358,1.4,19.0,511.0,HOSTILE METHOD-08,,,90,0,,,,35,A
369970279,2021-07-21T20:36:53,33.88997,-119.58350,1.2,27.6,511.0,HOSTILE METHOD-08,,,90,0,,,,35,A
369970279,2021-07-21T20:38:04,33.89013,-119.58343,0.5,18.4,511.0,HOSTILE METHOD-08,,,90,0,,,,35,A
369970279,2021-07-21T20:39:14,33.89029,-119.58334,0.6,21.3,511.0,HOSTILE METHOD-08,,,90,0,,,,35,A
369970279,2021-07-21T20:40:23,33.89047,-119.58327,0.8,20.1,511.0,HOSTILE METHOD-08,,,90,0,,,,35,A
369970279,2021-07-21T20:41:34,33.89131,-119.58231,4.6,67.8,511.0,HOSTILE METHOD-08,,,90,0,,,,35,A
369970279,2021-07-21T20:42:35,33.89187,-119.58079,4.7,64.0,511.0,HOSTILE METHOD-08,,,90,0,,,,35,A
369970279,2021-07-21T20:43:44,33.89254,-119.57903,5.0,66.4,511.0,HOSTILE METHOD-08,,,90,0,,,,35,A
369970279,2021-07-21T20:44:54,33.89322,-119.57724,5.1,68.2,511.0,HOSTILE METHOD-08,,,90,0,,,,35,A
369970279,2021-07-21T20:46:04,33.89389,-119.57544,5.0,73.7,511.0,HOSTILE METHOD-08,,,90,0,,,,35,A
369970279,2021-07-21T20:47:13,33.89452,-119.57383,3.3,67.2,511.0,HOSTILE METHOD-08,,,90,0,,,,35,A
369970279,2021-07-21T20:48:24,33.89484,-119.57320,0.9,51.1,511.0,HOSTILE METHOD-08,,,90,0,,,,35,A
369970279,2021-07-21T21:15:46,33.89141,-119.56416,13.1,114.3,511.0,HOSTILE METHOD-08,,,90,0,,,,35,A
369970279,2021-07-21T21:16:51,33.89020,-119.56079,3.6,91.2,511.0,HOSTILE METHOD-08,,,90,0,,,,35,A
369970279,2021-07-21T21:17:52,33.89021,-119.56002,3.2,68.0,511.0,HOSTILE METHOD-08,,,90,0,,,,35,A
369970279,2021-07-21T21:18:57,33.89043,-119.55971,1.5,42.5,511.0,HOSTILE METHOD-08,,,90,0,,,,35,A
369970279,2021-07-21T21:20:01,33.89055,-119.55962,0.9,17.5,511.0,HOSTILE METHOD-08,,,90,0,,,,35,A
369970279,2021-07-21T21:21:12,33.89042,-119.55901,1.2,98.1,511.0,HOSTILE METHOD-08,,,90,0,,,,35,A
369970279,2021-07-21T21:22:23,33.89060,-119.55894,0.9,41.9,511.0,HOSTILE METHOD-08,,,90,0,,,,35,A
369970279,2021-07-21T21:23:31,33.89070,-119.55877,1.0,1.1,511.0,HOSTILE METHOD-08,,,90,0,,,,35,A
369970279,2021-07-21T21:24:42,33.89091,-119.55875,0.6,5.2,511.0,HOSTILE METHOD-08,,,90,0,,,,35,A
369970279,2021-07-21T21:25:52,33.89113,-119.55873,0.9,7.9,511.0,HOSTILE METHOD-08,,,90,0,,,,35,A
369970279,2021-07-21T21:27:02,33.89133,-119.55843,0.6,46.8,511.0,HOSTILE METHOD-08,,,90,0,,,,35,A
369970279,2021-07-21T21:54:01,33.89287,-119.55889,4.8,248.3,511.0,HOSTILE METHOD-08,,,90,0,,,,35,A
369970279,2021-07-21T21:55:12,33.89203,-119.56049,4.9,244.4,511.0,HOSTILE METHOD-08,,,90,0,,,,35,A
369970279,2021-07-21T21:56:13,33.89182,-119.56205,5.3,278.7,511.0,HOSTILE METHOD-08,,,90,0,,,,35,A
369970279,2021-07-21T21:57:22,33.89190,-119.56373,3.1,223.8,511.0,HOSTILE METHOD-08,,,90,0,,,,35,A
369970279,2021-07-21T21:58:42,33.89138,-119.56304,2.3,76.0,511.0,HOSTILE METHOD-08,,,90,0,,,,35,A
369970279,2021-07-21T21:59:43,33.89148,-119.56248,1.8,71.6,511.0,HOSTILE METHOD-08,,,90,0,,,,35,A
369970279,2021-07-21T22:00:02,33.89151,-119.56233,1.5,72.9,511.0,HOSTILE METHOD-08,,,90,0,,,,35,A
369970279,2021-07-21T22:01:13,33.89162,-119.56178,1.4,77.0,511.0,HOSTILE METHOD-08,,,90,0,,,,35,A
369970279,2021-07-21T22:02:23,33.89174,-119.56127,1.5,72.2,511.0,HOSTILE METHOD-08,,,90,0,,,,35,A
369970279,2021-07-21T22:03:31,33.89188,-119.56072,1.7,79.4,511.0,HOSTILE METHOD-08,,,90,0,,,,35,A
369970279,2021-07-21T22:04:41,33.89198,-119.56018,1.5,78.1,511.0,HOSTILE METHOD-08,,,90,0,,,,35,A
369970279,2021-07-21T22:05:52,33.89211,-119.55960,1.4,73.0,511.0,HOSTILE METHOD-08,,,90,0,,,,35,A
369970279,2021-07-21T22:06:53,33.89226,-119.55913,1.5,64.7,511.0,HOSTILE METHOD-08,,,90,0,,,,35,A
369970279,2021-07-21T22:08:02,33.89245,-119.55859,1.4,66.0,511.0,HOSTILE METHOD-08,,,90,0,,,,35,A
369970279,2021-07-21T22:37:23,33.89293,-119.55847,4.8,257.1,511.0,HOSTILE METHOD-08,,,90,0,,,,35,A
369970279,2021-07-21T22:38:31,33.89277,-119.56018,4.7,260.2,511.0,HOSTILE METHOD-08,,,90,0,,,,35,A
369970279,2021-07-21T22:39:42,33.89259,-119.56201,4.5,262.5,511.0,HOSTILE METHOD-08,,,90,0,,,,35,A
369970279,2021-07-21T22:40:51,33.89245,-119.56366,4.7,268.9,511.0,HOSTILE METHOD-08,,,90,0,,,,35,A
369970279,2021-07-21T22:42:01,33.89240,-119.56534,4.5,307.4,511.0,HOSTILE METHOD-08,,,90,0,,,,35,A
369970279,2021-07-21T22:43:02,33.89346,-119.56511,4.8,60.8,511.0,HOSTILE METHOD-08,,,90,0,,,,35,A
369970279,2021-07-21T22:44:11,33.89368,-119.56345,2.6,80.2,511.0,HOSTILE METHOD-08,,,90,0,,,,35,A
369970279,2021-07-21T22:46:02,33.89393,-119.56232,1.8,72.3,511.0,HOSTILE METHOD-08,,,90,0,,,,35,A
369970279,2021-07-21T22:47:11,33.89406,-119.56165,2.0,83.9,511.0,HOSTILE METHOD-08,,,90,0,,,,35,A
369970279,2021-07-21T22:48:22,33.89423,-119.56046,1.9,73.8,511.0,HOSTILE METHOD-08,,,90,0,,,,35,A
369970279,2021-07-21T22:49:32,33.89452,-119.55975,2.0,56.8,511.0,HOSTILE METHOD-08,,,90,0,,,,35,A
369970279,2021-07-21T22:50:42,33.89478,-119.55912,1.9,61.2,511.0,HOSTILE METHOD-08,,,90,0,,,,35,A
369970279,2021-07-21T20:49:33,33.89516,-119.57249,2.6,62.4,511.0,HOSTILE METHOD-08,,,90,0,,,,35,A
369970279,2021-07-21T20:50:44,33.89544,-119.57193,0.8,56.5,511.0,HOSTILE METHOD-08,,,90,0,,,,35,A
369970279,2021-07-21T20:51:54,33.89563,-119.57164,0.5,45.1,511.0,HOSTILE METHOD-08,,,90,0,,,,35,A
369970279,2021-07-21T20:53:04,33.89579,-119.57147,0.3,40.6,511.0,HOSTILE METHOD-08,,,90,0,,,,35,A
369970279,2021-07-21T20:54:14,33.89594,-119.57133,0.4,44.7,511.0,HOSTILE METHOD-08,,,90,0,,,,35,A
369970279,2021-07-21T20:55:24,33.89606,-119.57121,1.0,44.3,511.0,HOSTILE METHOD-08,,,90,0,,,,35,A
369970279,2021-07-21T20:56:33,33.89617,-119.57111,1.2,17.4,511.0,HOSTILE METHOD-08,,,90,0,,,,35,A
369970279,2021-07-21T20:57:44,33.89634,-119.57101,0.7,20.7,511.0,HOSTILE METHOD-08,,,90,0,,,,35,A
369970279,2021-07-21T20:58:54,33.89647,-119.57094,0.9,23.2,511.0,HOSTILE METHOD-08,,,90,0,,,,35,A
369970279,2021-07-21T21:00:03,33.89663,-119.57084,1.1,22.5,511.0,HOSTILE METHOD-08,,,90,0,,,,35,A
369970279,2021-07-21T21:01:04,33.89663,-119.57074,3.1,161.7,511.0,HOSTILE METHOD-08,,,90,0,,,,35,A
369970279,2021-07-21T21:02:14,33.89605,-119.57078,0.9,192.7,511.0,HOSTILE METHOD-08,,,90,0,,,,35,A
369970279,2021-07-21T21:03:23,33.89595,-119.57082,0.1,174.0,511.0,HOSTILE METHOD-08,,,90,0,,,,35,A
369970279,2021-07-21T21:04:24,33.89597,-119.57077,1.3,179.9,511.0,HOSTILE METHOD-08,,,90,0,,,,35,A
369970279,2021-07-21T21:05:34,33.89604,-119.57071,0.7,6.2,511.0,HOSTILE METHOD-08,,,90,0,,,,35,A
369970279,2021-07-21T21:06:35,33.89617,-119.57064,0.4,22.3,511.0,HOSTILE METHOD-08,,,90,0,,,,35,A
369970279,2021-07-21T21:07:44,33.89614,-119.57076,1.1,285.9,511.0,HOSTILE METHOD-08,,,90,0,,,,35,A
369970279,2021-07-21T21:08:53,33.89629,-119.57091,0.6,324.0,511.0,HOSTILE METHOD-08,,,90,0,,,,35,A
369970279,2021-07-21T21:10:04,33.89639,-119.57130,1.2,294.4,511.0,HOSTILE METHOD-08,,,90,0,,,,35,A
369970279,2021-07-21T21:11:14,33.89645,-119.57156,0.3,283.2,511.0,HOSTILE METHOD-08,,,90,0,,,,35,A
369970279,2021-07-21T21:12:24,33.89650,-119.57168,1.2,340.9,511.0,HOSTILE METHOD-08,,,90,0,,,,35,A
369970279,2021-07-21T21:13:34,33.89542,-119.57073,6.8,139.4,511.0,HOSTILE METHOD-08,,,90,0,,,,35,A
369970279,2021-07-21T21:14:44,33.89267,-119.56831,11.7,133.3,511.0,HOSTILE METHOD-08,,,90,0,,,,35,A
367199960,2021-08-15T11:17:32,33.91752,-119.57608,1.8,80.3,511.0,DANNY C,,WBE8593,70,0,22,7,,7,A
367199960,2021-08-15T11:18:41,33.91757,-119.57545,1.6,84.6,511.0,DANNY C,,WBE8593,70,0,22,7,,7,A
367199960,2021-08-15T11:20:02,33.91762,-119.57474,1.6,83.4,511.0,DANNY C,,WBE8593,70,0,22,7,,7,A
367199960,2021-08-15T11:21:12,33.91765,-119.57411,1.6,85.4,511.0,DANNY C,,WBE8593,70,0,22,7,,7,A
367199960,2021-08-15T11:22:21,33.91768,-119.57352,1.4,86.5,511.0,DANNY C,,WBE8593,70,0,22,7,,7,A
367199960,2021-08-15T11:23:33,33.91770,-119.57291,1.6,87.9,511.0,DANNY C,,WBE8593,70,0,22,7,,7,A
367199960,2021-08-15T11:24:43,33.91771,-119.57229,1.4,88.7,511.0,DANNY C,,WBE8593,70,0,22,7,,7,A
367199960,2021-08-15T11:25:52,33.91772,-119.57168,1.6,89.0,511.0,DANNY C,,WBE8593,70,0,22,7,,7,A
367199960,2021-08-15T11:27:01,33.91775,-119.57109,1.4,86.7,511.0,DANNY C,,WBE8593,70,0,22,7,,7,A
367199960,2021-08-15T11:28:22,33.91781,-119.57038,1.6,84.5,511.0,DANNY C,,WBE8593,70,0,22,7,,7,A
367199960,2021-08-15T11:29:32,33.91782,-119.56979,1.4,88.1,511.0,DANNY C,,WBE8593,70,0,22,7,,7,A
367199960,2021-08-15T11:30:42,33.91785,-119.56919,1.6,86.0,511.0,DANNY C,,WBE8593,70,0,22,7,,7,A
367199960,2021-08-15T11:31:52,33.91789,-119.56858,1.4,84.0,511.0,DANNY C,,WBE8593,70,0,22,7,,7,A
367199960,2021-08-15T11:33:03,33.91795,-119.56796,1.5,82.0,511.0,DANNY C,,WBE8593,70,0,22,7,,7,A
367199960,2021-08-15T11:56:32,33.91658,-119.55908,3.0,243.7,511.0,DANNY C,,WBE8593,70,0,22,7,,7,A
367199960,2021-08-15T11:57:42,33.91619,-119.56016,3.5,257.2,511.0,DANNY C,,WBE8593,70,0,22,7,,7,A
367199960,2021-08-15T11:59:01,33.91596,-119.56156,3.4,269.1,511.0,DANNY C,,WBE8593,70,0,22,7,,7,A
367199960,2021-08-15T12:00:01,33.91598,-119.56268,2.8,277.8,511.0,DANNY C,,WBE8593,70,0,22,7,,7,A
367199960,2021-08-15T12:01:02,33.91596,-119.56382,3.4,267.0,511.0,DANNY C,,WBE8593,70,0,22,7,,7,A
367199960,2021-08-15T12:02:03,33.91598,-119.56493,3.4,273.3,511.0,DANNY C,,WBE8593,70,0,22,7,,7,A
367199960,2021-08-15T12:03:12,33.91604,-119.56624,3.7,273.8,511.0,DANNY C,,WBE8593,70,0,22,7,,7,A
367199960,2021-08-15T12:04:41,33.91616,-119.56791,3.4,276.6,511.0,DANNY C,,WBE8593,70,0,22,7,,7,A
367199960,2021-08-15T12:05:52,33.91626,-119.56929,3.5,276.3,511.0,DANNY C,,WBE8593,70,0,22,7,,7,A
367199960,2021-08-15T12:07:01,33.91638,-119.57062,3.7,278.4,511.0,DANNY C,,WBE8593,70,0,22,7,,7,A
367199960,2021-08-15T12:08:13,33.91653,-119.57196,3.6,276.5,511.0,DANNY C,,WBE8593,70,0,22,7,,7,A
367199960,2021-08-15T12:09:31,33.91671,-119.57350,3.4,277.7,511.0,DANNY C,,WBE8593,70,0,22,7,,7,A
367199960,2021-08-15T12:10:41,33.91687,-119.57487,3.6,273.5,511.0,DANNY C,,WBE8593,70,0,22,7,,7,A
367199960,2021-08-15T12:11:42,33.91703,-119.57606,3.2,280.4,511.0,DANNY C,,WBE8593,70,0,22,7,,7,A
367199960,2021-08-15T02:41:51,33.88658,-119.57624,3.2,96.3,511.0,DANNY C,,WBE8593,70,0,22,7,,7,A
367199960,2021-08-15T02:43:03,33.88610,-119.57510,2.6,129.4,511.0,DANNY C,,WBE8593,70,0,22,7,,7,A
367199960,2021-08-15T02:44:04,33.88559,-119.57460,1.6,129.4,511.0,DANNY C,,WBE8593,70,0,22,7,,7,A
367199960,2021-08-15T02:45:11,33.88557,-119.57454,2.0,298.2,511.0,DANNY C,,WBE8593,70,0,22,7,,7,A
367199960,2021-08-15T02:46:31,33.88588,-119.57487,0.8,78.2,511.0,DANNY C,,WBE8593,70,0,22,7,,7,A
367199960,2021-08-15T02:47:41,33.88572,-119.57439,1.5,107.7,511.0,DANNY C,,WBE8593,70,0,22,7,,7,A
367199960,2021-08-15T02:48:51,33.88566,-119.57403,0.1,67.5,511.0,DANNY C,,WBE8593,70,0,22,7,,7,A
367199960,2021-08-15T02:50:03,33.88571,-119.57410,0.6,314.9,511.0,DANNY C,,WBE8593,70,0,22,7,,7,A
367199960,2021-08-15T02:51:12,33.88578,-119.57418,0.1,321.7,511.0,DANNY C,,WBE8593,70,0,22,7,,7,A
367199960,2021-08-15T02:52:13,33.88582,-119.57413,0.8,63.1,511.0,DANNY C,,WBE8593,70,0,22,7,,7,A
367199960,2021-08-15T02:53:22,33.88582,-119.57391,0.7,96.7,511.0,DANNY C,,WBE8593,70,0,22,7,,7,A
367199960,2021-08-15T02:54:32,33.88576,-119.57367,0.4,111.6,511.0,DANNY C,,WBE8593,70,0,22,7,,7,A
367199960,2021-08-15T02:55:33,33.88566,-119.57339,1.0,117.8,511.0,DANNY C,,WBE8593,70,0,22,7,,7,A
367199960,2021-08-15T02:56:41,33.88557,-119.57293,1.0,92.8,511.0,DANNY C,,WBE8593,70,0,22,7,,7,A
367199960,2021-08-15T02:57:42,33.88567,-119.57263,1.0,55.7,511.0,DANNY C,,WBE8593,70,0,22,7,,7,A
367199960,2021-08-15T02:58:43,33.88578,-119.57237,0.8,58.7,511.0,DANNY C,,WBE8593,70,0,22,7,,7,A
367199960,2021-08-15T02:59:52,33.88580,-119.57225,0.2,76.7,511.0,DANNY C,,WBE8593,70,0,22,7,,7,A
367199960,2021-08-15T03:00:01,33.88581,-119.57224,0.4,77.5,511.0,DANNY C,,WBE8593,70,0,22,7,,7,A
367199960,2021-08-15T03:01:11,33.88587,-119.57202,0.8,71.4,511.0,DANNY C,,WBE8593,70,0,22,7,,7,A
367199960,2021-08-15T03:02:12,33.88591,-119.57180,0.8,75.5,511.0,DANNY C,,WBE8593,70,0,22,7,,7,A
367199960,2021-08-15T03:03:21,33.88599,-119.57148,0.7,70.3,511.0,DANNY C,,WBE8593,70,0,22,7,,7,A
367199960,2021-08-15T03:04:32,33.88602,-119.57135,0.2,161.8,511.0,DANNY C,,WBE8593,70,0,22,7,,7,A
367199960,2021-08-15T03:05:41,33.88602,-119.57134,0.4,22.4,511.0,DANNY C,,WBE8593,70,0,22,7,,7,A
367199960,2021-08-15T03:06:53,33.88604,-119.57126,0.4,75.7,511.0,DANNY C,,WBE8593,70,0,22,7,,7,A
367199960,2021-08-15T03:08:03,33.88605,-119.57105,0.7,88.4,511.0,DANNY C,,WBE8593,70,0,22,7,,7,A
367199960,2021-08-15T03:09:13,33.88603,-119.57081,0.2,93.0,511.0,DANNY C,,WBE8593,70,0,22,7,,7,A
367199960,2021-08-15T03:10:31,33.88604,-119.57065,0.6,94.9,511.0,DANNY C,,WBE8593,70,0,22,7,,7,A
367199960,2021-08-15T03:11:41,33.88604,-119.57057,0.2,50.4,511.0,DANNY C,,WBE8593,70,0,22,7,,7,A
367199960,2021-08-15T03:12:51,33.88606,-119.57049,0.1,75.1,511.0,DANNY C,,WBE8593,70,0,22,7,,7,A
367199960,2021-08-15T03:14:02,33.88604,-119.57033,0.4,106.2,511.0,DANNY C,,WBE8593,70,0,22,7,,7,A
367199960,2021-08-15T03:15:12,33.88609,-119.57035,0.0,16.6,511.0,DANNY C,,WBE8593,70,0,22,7,,7,A
367199960,2021-08-15T03:16:22,33.88608,-119.57017,0.6,90.8,511.0,DANNY C,,WBE8593,70,0,22,7,,7,A
367199960,2021-08-15T03:17:23,33.88606,-119.57000,0.5,94.4,511.0,DANNY C,,WBE8593,70,0,22,7,,7,A
367199960,2021-08-15T03:18:31,33.88603,-119.56981,0.8,96.2,511.0,DANNY C,,WBE8593,70,0,22,7,,7,A
367199960,2021-08-15T03:19:42,33.88602,-119.56965,0.1,67.8,511.0,DANNY C,,WBE8593,70,0,22,7,,7,A
367199960,2021-08-15T03:20:51,33.88605,-119.56971,0.5,19.4,511.0,DANNY C,,WBE8593,70,0,22,7,,7,A
367199960,2021-08-15T03:22:13,33.88610,-119.56957,0.4,83.8,511.0,DANNY C,,WBE8593,70,0,22,7,,7,A
367199960,2021-08-15T03:23:22,33.88609,-119.56925,0.7,93.4,511.0,DANNY C,,WBE8593,70,0,22,7,,7,A
367199960,2021-08-15T03:24:31,33.88606,-119.56890,1.0,97.2,511.0,DANNY C,,WBE8593,70,0,22,7,,7,A
367199960,2021-08-15T03:25:42,33.88599,-119.56856,0.0,108.6,511.0,DANNY C,,WBE8593,70,0,22,7,,7,A
367199960,2021-08-15T03:26:43,33.88599,-119.56842,0.5,89.7,511.0,DANNY C,,WBE8593,70,0,22,7,,7,A
367199960,2021-08-15T03:27:52,33.88598,-119.56812,0.7,90.2,511.0,DANNY C,,WBE8593,70,0,22,7,,7,A
367199960,2021-08-15T03:29:02,33.88597,-119.56779,0.7,89.9,511.0,DANNY C,,WBE8593,70,0,22,7,,7,A
367199960,2021-08-15T03:30:12,33.88595,-119.56746,1.0,94.7,511.0,DANNY C,,WBE8593,70,0,22,7,,7,A
367199960,2021-08-15T03:31:13,33.88593,-119.56720,0.6,92.0,511.0,DANNY C,,WBE8593,70,0,22,7,,7,A
367199960,2021-08-15T03:32:21,33.88592,-119.56690,1.1,95.0,511.0,DANNY C,,WBE8593,70,0,22,7,,7,A
367199960,2021-08-15T03:33:31,33.88588,-119.56659,0.6,89.1,511.0,DANNY C,,WBE8593,70,0,22,7,,7,A
367199960,2021-08-15T03:34:42,33.88590,-119.56644,0.4,87.5,511.0,DANNY C,,WBE8593,70,0,22,7,,7,A
367199960,2021-08-15T03:35:52,33.88592,-119.56630,0.5,95.1,511.0,DANNY C,,WBE8593,70,0,22,7,,7,A
367199960,2021-08-15T03:37:01,33.88592,-119.56614,0.2,72.3,511.0,DANNY C,,WBE8593,70,0,22,7,,7,A
367199960,2021-08-15T03:38:11,33.88595,-119.56603,0.3,75.8,511.0,DANNY C,,WBE8593,70,0,22,7,,7,A
367199960,2021-08-15T03:39:22,33.88595,-119.56582,0.9,94.1,511.0,DANNY C,,WBE8593,70,0,22,7,,7,A
367199960,2021-08-15T03:40:32,33.88596,-119.56571,0.1,81.6,511.0,DANNY C,,WBE8593,70,0,22,7,,7,A
367199960,2021-08-15T03:41:42,33.88593,-119.56546,1.0,101.4,511.0,DANNY C,,WBE8593,70,0,22,7,,7,A
367199960,2021-08-15T03:42:52,33.88584,-119.56512,0.9,108.1,511.0,DANNY C,,WBE8593,70,0,22,7,,7,A
367199960,2021-08-15T03:44:02,33.88578,-119.56482,0.8,93.5,511.0,DANNY C,,WBE8593,70,0,22,7,,7,A
367199960,2021-08-15T03:45:03,33.88571,-119.56448,0.9,107.1,511.0,DANNY C,,WBE8593,70,0,22,7,,7,A
367199960,2021-08-15T03:46:13,33.88568,-119.56423,0.2,89.4,511.0,DANNY C,,WBE8593,70,0,22,7,,7,A
367199960,2021-08-15T03:47:22,33.88569,-119.56403,0.6,87.1,511.0,DANNY C,,WBE8593,70,0,22,7,,7,A
367199960,2021-08-15T03:48:32,33.88569,-119.56377,0.8,89.9,511.0,DANNY C,,WBE8593,70,0,22,7,,7,A
367199960,2021-08-15T03:49:42,33.88565,-119.56348,1.6,100.4,511.0,DANNY C,,WBE8593,70,0,22,7,,7,A
367199960,2021-08-15T03:50:51,33.88557,-119.56305,1.2,105.1,511.0,DANNY C,,WBE8593,70,0,22,7,,7,A
367199960,2021-08-15T03:52:01,33.88560,-119.56285,0.8,84.4,511.0,DANNY C,,WBE8593,70,0,22,7,,7,A
367199960,2021-08-15T03:53:12,33.88558,-119.56257,0.6,98.9,511.0,DANNY C,,WBE8593,70,0,22,7,,7,A
367199960,2021-08-15T03:54:22,33.88557,-119.56224,1.1,97.8,511.0,DANNY C,,WBE8593,70,0,22,7,,7,A
367199960,2021-08-15T03:55:31,33.88555,-119.56191,0.7,90.9,511.0,DANNY C,,WBE8593,70,0,22,7,,7,A
367199960,2021-08-15T03:56:32,33.88552,-119.56162,0.8,102.7,511.0,DANNY C,,WBE8593,70,0,22,7,,7,A
367199960,2021-08-15T03:57:42,33.88560,-119.56150,0.2,66.1,511.0,DANNY C,,WBE8593,70,0,22,7,,7,A
367199960,2021-08-15T03:58:51,33.88571,-119.56140,0.2,23.4,511.0,DANNY C,,WBE8593,70,0,22,7,,7,A
367199960,2021-08-15T03:59:52,33.88577,-119.56131,0.3,56.3,511.0,DANNY C,,WBE8593,70,0,22,7,,7,A
367199960,2021-08-15T04:00:03,33.88578,-119.56129,0.1,61.1,511.0,DANNY C,,WBE8593,70,0,22,7,,7,A
367199960,2021-08-15T04:01:12,33.88577,-119.56103,0.8,98.8,511.0,DANNY C,,WBE8593,70,0,22,7,,7,A
367199960,2021-08-15T04:02:21,33.88576,-119.56079,0.7,96.7,511.0,DANNY C,,WBE8593,70,0,22,7,,7,A
367199960,2021-08-15T04:03:42,33.88584,-119.56060,0.4,74.4,511.0,DANNY C,,WBE8593,70,0,22,7,,7,A
367199960,2021-08-15T04:04:51,33.88585,-119.56035,0.9,87.3,511.0,DANNY C,,WBE8593,70,0,22,7,,7,A
367199960,2021-08-15T04:06:02,33.88586,-119.56005,0.9,89.6,511.0,DANNY C,,WBE8593,70,0,22,7,,7,A
367199960,2021-08-15T04:07:11,33.88588,-119.55961,2.2,74.3,511.0,DANNY C,,WBE8593,70,0,22,7,,7,A
367199960,2021-08-15T04:08:21,33.88616,-119.55863,2.5,58.6,511.0,DANNY C,,WBE8593,70,0,22,7,,7,A
367199960,2021-08-15T04:43:31,33.88355,-119.55908,1.8,247.8,511.0,DANNY C,,WBE8593,70,0,22,7,,7,A
367199960,2021-08-15T04:44:42,33.88334,-119.55981,1.6,253.2,511.0,DANNY C,,WBE8593,70,0,22,7,,7,A
367199960,2021-08-15T04:45:52,33.88340,-119.56047,2.5,310.7,511.0,DANNY C,,WBE8593,70,0,22,7,,7,A
367199960,2021-08-15T04:47:12,33.88447,-119.56101,4.1,22.5,511.0,DANNY C,,WBE8593,70,0,22,7,,7,A
367199960,2021-08-15T04:48:22,33.88548,-119.55997,3.8,57.4,511.0,DANNY C,,WBE8593,70,0,22,7,,7,A
367199960,2021-08-15T04:49:31,33.88626,-119.55911,2.9,29.3,511.0,DANNY C,,WBE8593,70,0,22,7,,7,A
367199960,2021-08-15T04:50:32,33.88688,-119.55849,2.9,33.7,511.0,DANNY C,,WBE8593,70,0,22,7,,7,A
367199960,2021-08-15T07:14:53,33.88470,-119.55883,2.9,244.2,511.0,DANNY C,,WBE8593,70,0,22,7,,7,A
367199960,2021-08-15T07:16:02,33.88434,-119.55985,2.7,257.0,511.0,DANNY C,,WBE8593,70,0,22,7,,7,A
367199960,2021-08-15T07:17:03,33.88448,-119.56059,1.9,328.5,511.0,DANNY C,,WBE8593,70,0,22,7,,7,A
367199960,2021-08-15T07:18:21,33.88513,-119.56105,2.4,303.1,511.0,DANNY C,,WBE8593,70,0,22,7,,7,A
367199960,2021-08-15T07:19:32,33.88575,-119.56135,2.1,18.2,511.0,DANNY C,,WBE8593,70,0,22,7,,7,A
367199960,2021-08-15T07:20:41,33.88631,-119.56120,1.6,37.2,511.0,DANNY C,,WBE8593,70,0,22,7,,7,A
367199960,2021-08-15T07:21:52,33.88648,-119.56046,2.1,85.4,511.0,DANNY C,,WBE8593,70,0,22,7,,7,A
367199960,2021-08-15T07:23:02,33.88661,-119.55965,1.9,75.3,511.0,DANNY C,,WBE8593,70,0,22,7,,7,A
367199960,2021-08-15T07:24:12,33.88663,-119.55881,2.3,83.5,511.0,DANNY C,,WBE8593,70,0,22,7,,7,A
367199960,2021-08-15T10:35:21,33.91012,-119.58943,5.8,341.8,511.0,DANNY C,,WBE8593,70,0,22,7,,7,A
367199960,2021-08-15T10:36:32,33.91159,-119.58997,3.8,5.3,511.0,DANNY C,,WBE8593,70,0,22,7,,7,A
367199960,2021-08-15T10:37:52,33.91311,-119.59060,4.8,335.7,511.0,DANNY C,,WBE8593,70,0,22,7,,7,A
367199960,2021-08-15T10:39:02,33.91447,-119.59109,4.2,346.3,511.0,DANNY C,,WBE8593,70,0,22,7,,7,A
367199960,2021-08-15T10:40:12,33.91548,-119.59158,2.3,339.4,511.0,DANNY C,,WBE8593,70,0,22,7,,7,A
367199960,2021-08-15T10:41:22,33.91583,-119.59211,2.5,267.1,511.0,DANNY C,,WBE8593,70,0,22,7,,7,A
367199960,2021-08-15T10:42:42,33.91597,-119.59271,1.4,275.9,511.0,DANNY C,,WBE8593,70,0,22,7,,7,A
367199960,2021-08-15T10:43:43,33.91591,-119.59303,0.4,263.5,511.0,DANNY C,,WBE8593,70,0,22,7,,7,A
367199960,2021-08-15T10:44:52,33.91600,-119.59307,1.2,32.3,511.0,DANNY C,,WBE8593,70,0,22,7,,7,A
367199960,2021-08-15T10:46:01,33.91614,-119.59246,2.1,87.9,511.0,DANNY C,,WBE8593,70,0,22,7,,7,A
367199960,2021-08-15T10:47:02,33.91621,-119.59181,2.0,73.7,511.0,DANNY C,,WBE8593,70,0,22,7,,7,A
367199960,2021-08-15T10:48:12,33.91636,-119.59101,2.1,76.8,511.0,DANNY C,,WBE8593,70,0,22,7,,7,A
367199960,2021-08-15T10:49:22,33.91652,-119.59021,1.9,81.2,511.0,DANNY C,,WBE8593,70,0,22,7,,7,A
367199960,2021-08-15T10:50:32,33.91670,-119.58941,2.2,68.1,511.0,DANNY C,,WBE8593,70,0,22,7,,7,A
367199960,2021-08-15T10:51:42,33.91685,-119.58863,1.9,87.8,511.0,DANNY C,,WBE8593,70,0,22,7,,7,A
367199960,2021-08-15T10:52:52,33.91704,-119.58783,2.0,79.5,511.0,DANNY C,,WBE8593,70,0,22,7,,7,A
367199960,2021-08-15T10:54:13,33.91729,-119.58694,2.1,77.6,511.0,DANNY C,,WBE8593,70,0,22,7,,7,A
367199960,2021-08-15T10:55:21,33.91740,-119.58617,2.0,90.9,511.0,DANNY C,,WBE8593,70,0,22,7,,7,A
367199960,2021-08-15T10:56:32,33.91751,-119.58538,1.9,85.9,511.0,DANNY C,,WBE8593,70,0,22,7,,7,A
367199960,2021-08-15T10:57:41,33.91763,-119.58458,1.9,86.5,511.0,DANNY C,,WBE8593,70,0,22,7,,7,A
367199960,2021-08-15T10:58:51,33.91773,-119.58378,2.1,73.4,511.0,DANNY C,,WBE8593,70,0,22,7,,7,A
367199960,2021-08-15T11:00:02,33.91783,-119.58297,2.1,78.2,511.0,DANNY C,,WBE8593,70,0,22,7,,7,A
367199960,2021-08-15T11:01:03,33.91790,-119.58230,1.9,90.0,511.0,DANNY C,,WBE8593,70,0,22,7,,7,A
367199960,2021-08-15T11:09:31,33.91775,-119.58002,1.5,159.9,511.0,DANNY C,,WBE8593,70,0,22,7,,7,A
367199960,2021-08-15T11:10:42,33.91734,-119.57963,1.8,140.7,511.0,DANNY C,,WBE8593,70,0,22,7,,7,A
367199960,2021-08-15T11:11:52,33.91724,-119.57912,1.5,89.8,511.0,DANNY C,,WBE8593,70,0,22,7,,7,A
367199960,2021-08-15T11:13:01,33.91729,-119.57850,1.6,85.8,511.0,DANNY C,,WBE8593,70,0,22,7,,7,A
367199960,2021-08-15T11:14:02,33.91733,-119.57796,1.6,85.4,511.0,DANNY C,,WBE8593,70,0,22,7,,7,A
367199960,2021-08-15T11:15:11,33.91738,-119.57734,1.4,85.6,511.0,DANNY C,,WBE8593,70,0,22,7,,7,A
367199960,2021-08-15T11:16:12,33.91743,-119.57679,1.8,84.0,511.0,DANNY C,,WBE8593,70,0,22,7,,7,A
367199960,2021-08-15T12:13:01,33.91724,-119.57762,3.4,275.6,511.0,DANNY C,,WBE8593,70,0,22,7,,7,A
367199960,2021-08-15T12:14:12,33.91744,-119.57901,3.1,276.0,511.0,DANNY C,,WBE8593,70,0,22,7,,7,A
367199960,2021-08-15T12:15:13,33.91758,-119.58013,3.3,279.2,511.0,DANNY C,,WBE8593,70,0,22,7,,7,A
367199960,2021-08-15T12:16:22,33.91776,-119.58147,3.5,279.3,511.0,DANNY C,,WBE8593,70,0,22,7,,7,A
367199960,2021-08-15T12:17:42,33.91797,-119.58300,3.5,280.0,511.0,DANNY C,,WBE8593,70,0,22,7,,7,A
367199960,2021-08-15T12:24:51,33.91755,-119.58934,1.4,178.4,511.0,DANNY C,,WBE8593,70,0,22,7,,7,A
367199960,2021-08-15T12:26:12,33.91728,-119.58882,1.6,99.1,511.0,DANNY C,,WBE8593,70,0,22,7,,7,A
367199960,2021-08-15T12:27:21,33.91738,-119.58818,1.8,71.0,511.0,DANNY C,,WBE8593,70,0,22,7,,7,A
367199960,2021-08-15T12:28:32,33.91755,-119.58749,1.9,67.2,511.0,DANNY C,,WBE8593,70,0,22,7,,7,A
367199960,2021-08-15T12:29:41,33.91771,-119.58684,1.7,65.2,511.0,DANNY C,,WBE8593,70,0,22,7,,7,A
367199960,2021-08-15T12:30:52,33.91790,-119.58616,1.8,70.3,511.0,DANNY C,,WBE8593,70,0,22,7,,7,A
367199960,2021-08-15T02:37:51,33.88359,-119.57822,5.1,2.6,511.0,DANNY C,,WBE8593,70,0,22,7,,7,A
367199960,2021-08-15T02:39:22,33.88536,-119.57850,3.8,8.9,511.0,DANNY C,,WBE8593,70,0,22,7,,7,A
367199960,2021-08-15T02:40:41,33.88630,-119.57753,3.6,65.6,511.0,DANNY C,,WBE8593,70,0,22,7,,7,A
367199960,2021-08-15T10:22:41,33.88231,-119.58313,6.1,339.3,511.0,DANNY C,,WBE8593,70,0,22,7,,7,A
367199960,2021-08-15T10:25:01,33.88499,-119.58407,8.2,339.0,511.0,DANNY C,,WBE8593,70,0,22,7,,7,A
367199960,2021-08-15T10:26:13,33.88986,-119.58541,7.8,347.1,511.0,DANNY C,,WBE8593,70,0,22,7,,7,A
367199960,2021-08-15T10:27:23,33.89246,-119.58582,7.9,355.5,511.0,DANNY C,,WBE8593,70,0,22,7,,7,A
367199960,2021-08-15T10:28:32,33.89508,-119.58618,8.0,356.4,511.0,DANNY C,,WBE8593,70,0,22,7,,7,A
367199960,2021-08-15T10:29:41,33.89765,-119.58655,7.7,356.6,511.0,DANNY C,,WBE8593,70,0,22,7,,7,A
367199960,2021-08-15T10:30:42,33.89988,-119.58706,8.1,349.3,511.0,DANNY C,,WBE8593,70,0,22,7,,7,A
367199960,2021-08-15T10:32:02,33.90286,-119.58774,7.9,350.8,511.0,DANNY C,,WBE8593,70,0,22,7,,7,A
367199960,2021-08-15T10:33:12,33.90552,-119.58832,8.1,348.1,511.0,DANNY C,,WBE8593,70,0,22,7,,7,A
367199960,2021-08-15T10:34:13,33.90775,-119.58883,8.7,349.9,511.0,DANNY C,,WBE8593,70,0,22,7,,7,A
369970279,2021-05-04T17:46:47,33.88215,-119.57231,0.8,322.3,511.0,HOSTILE METHOD-08,,,90,0,,,,35,A
369970279,2021-05-04T17:47:56,33.88231,-119.57246,1.1,321.1,511.0,HOSTILE METHOD-08,,,90,0,,,,35,A
369970279,2021-05-04T17:49:06,33.88253,-119.57264,0.8,331.3,511.0,HOSTILE METHOD-08,,,90,0,,,,35,A
369970279,2021-05-04T17:50:18,33.88274,-119.57280,0.7,332.5,511.0,HOSTILE METHOD-08,,,90,0,,,,35,A
369970279,2021-05-04T17:51:26,33.88293,-119.57294,2.2,322.8,511.0,HOSTILE METHOD-08,,,90,0,,,,35,A
369970279,2021-05-04T17:52:27,33.88312,-119.57308,0.4,325.6,511.0,HOSTILE METHOD-08,,,90,0,,,,35,A
369970279,2021-05-04T17:53:47,33.88332,-119.57327,0.5,322.4,511.0,HOSTILE METHOD-08,,,90,0,,,,35,A
369970279,2021-05-04T17:54:58,33.88350,-119.57345,0.7,324.0,511.0,HOSTILE METHOD-08,,,90,0,,,,35,A
369970279,2021-05-04T17:56:06,33.88364,-119.57364,0.6,321.2,511.0,HOSTILE METHOD-08,,,90,0,,,,35,A
369970279,2021-05-04T17:57:18,33.88384,-119.57381,1.9,317.4,511.0,HOSTILE METHOD-08,,,90,0,,,,35,A
369970279,2021-05-04T17:58:26,33.88403,-119.57395,1.4,324.5,511.0,HOSTILE METHOD-08,,,90,0,,,,35,A
369970279,2021-05-04T17:59:38,33.88422,-119.57410,0.7,339.1,511.0,HOSTILE METHOD-08,,,90,0,,,,35,A
369970279,2021-05-04T18:00:08,33.88431,-119.57418,0.7,331.7,511.0,HOSTILE METHOD-08,,,90,0,,,,35,A
369970279,2021-05-04T18:01:17,33.88423,-119.57510,6.2,294.9,511.0,HOSTILE METHOD-08,,,90,0,,,,35,A
369970279,2021-05-04T18:02:26,33.88597,-119.57734,8.2,291.6,511.0,HOSTILE METHOD-08,,,90,0,,,,35,A
369970279,2021-05-04T18:03:37,33.88527,-119.58016,8.1,222.3,511.0,HOSTILE METHOD-08,,,90,0,,,,35,A
369970279,2021-05-04T18:04:38,33.88395,-119.58238,8.2,231.8,511.0,HOSTILE METHOD-08,,,90,0,,,,35,A
369970279,2021-05-04T18:05:47,33.88272,-119.58507,5.5,252.4,511.0,HOSTILE METHOD-08,,,90,0,,,,35,A
369970279,2021-05-04T18:06:56,33.88231,-119.58600,1.4,232.9,511.0,HOSTILE METHOD-08,,,90,0,,,,35,A
369970279,2021-05-04T18:08:06,33.88216,-119.58620,0.4,230.1,511.0,HOSTILE METHOD-08,,,90,0,,,,35,A
369970279,2021-05-04T18:09:17,33.88217,-119.58637,0.5,291.4,511.0,HOSTILE METHOD-08,,,90,0,,,,35,A
369970279,2021-05-04T18:10:28,33.88226,-119.58653,0.7,316.6,511.0,HOSTILE METHOD-08,,,90,0,,,,35,A
369970279,2021-05-04T19:46:37,33.88425,-119.60035,14.3,50.7,511.0,HOSTILE METHOD-08,,,90,0,,,,35,A
369970279,2021-05-04T19:47:43,33.88679,-119.59628,14.1,51.7,511.0,HOSTILE METHOD-08,,,90,0,,,,35,A
369970279,2021-05-04T19:48:49,33.88935,-119.59233,14.0,51.5,511.0,HOSTILE METHOD-08,,,90,0,,,,35,A
369970279,2021-05-04T19:49:55,33.89185,-119.58846,13.9,51.3,511.0,HOSTILE METHOD-08,,,90,0,,,,35,A
369970279,2021-05-04T19:51:07,33.89469,-119.58426,14.3,52.5,511.0,HOSTILE METHOD-08,,,90,0,,,,35,A
369970279,2021-05-04T19:52:13,33.89727,-119.58033,13.6,51.9,511.0,HOSTILE METHOD-08,,,90,0,,,,35,A
369970279,2021-05-04T19:53:19,33.89984,-119.57647,13.7,53.2,511.0,HOSTILE METHOD-08,,,90,0,,,,35,A
369970279,2021-05-04T19:54:25,33.90242,-119.57248,13.1,50.8,511.0,HOSTILE METHOD-08,,,90,0,,,,35,A
369970279,2021-05-04T19:55:31,33.90505,-119.56862,13.2,52.3,511.0,HOSTILE METHOD-08,,,90,0,,,,35,A
369970279,2021-05-04T19:56:38,33.90753,-119.56463,13.1,53.1,511.0,HOSTILE METHOD-08,,,90,0,,,,35,A
369970279,2021-05-04T19:57:43,33.91011,-119.56065,13.4,48.1,511.0,HOSTILE METHOD-08,,,90,0,,,,35,A
369970279,2021-11-30T18:31:14,33.88395,-119.57105,14.1,50.4,511.0,HOSTILE METHOD-08,,,90,0,,,,35,A
369970279,2021-11-30T18:32:20,33.88644,-119.56708,13.8,54.7,511.0,HOSTILE METHOD-08,,,90,0,,,,35,A
369970279,2021-11-30T18:33:25,33.88898,-119.56312,13.4,52.1,511.0,HOSTILE METHOD-08,,,90,0,,,,35,A
369970279,2021-11-30T23:29:14,33.89081,-119.56023,13.4,52.7,511.0,HOSTILE METHOD-08,,,90,0,,,,35,A
369970279,2021-03-11T19:26:20,33.90649,-119.59903,14.7,44.6,511.0,HOSTILE METHOD-08,,,90,0,,,11.5,80,A
369970279,2021-03-11T19:27:26,33.90972,-119.59527,14.1,43.8,511.0,HOSTILE METHOD-08,,,90,0,,,11.5,80,A
369970279,2021-03-11T19:28:33,33.91299,-119.59122,14.3,48.6,511.0,HOSTILE METHOD-08,,,90,0,,,11.5,80,A
369970279,2021-03-11T19:29:38,33.91601,-119.58721,14.9,46.8,511.0,HOSTILE METHOD-08,,,90,0,,,11.5,80,A
367542040,2021-09-12T11:00:02,33.89150,-119.57661,4.2,61.8,78.0,RELENTLESS,,WDG4979,37,,17,,,,B
367542040,2021-09-12T11:02:01,33.89253,-119.57442,3.9,55.4,75.0,RELENTLESS,,WDG4979,37,,17,,,,B
367542040,2021-09-12T11:03:31,33.89333,-119.57286,4.2,71.8,78.0,RELENTLESS,,WDG4979,37,,17,,,,B
367542040,2021-09-12T11:05:01,33.89419,-119.57096,5.1,63.2,77.0,RELENTLESS,,WDG4979,37,,17,,,,B
367542040,2021-09-12T11:06:31,33.89525,-119.56847,5.4,56.3,84.0,RELENTLESS,,WDG4979,37,,17,,,,B
367542040,2021-09-12T11:09:01,33.89712,-119.56418,5.7,73.6,79.0,RELENTLESS,,WDG4979,37,,17,,,,B
367542040,2021-09-12T11:10:36,33.89775,-119.56132,5.7,83.8,99.0,RELENTLESS,,WDG4979,37,,17,,,,B
367674950,2021-10-03T21:28:50,33.90150,-119.60069,7.3,100.7,511.0,GALENA II,,WDI2122,37,,14,4,,,B
367674950,2021-10-03T21:30:18,33.90099,-119.59720,7.2,98.8,511.0,GALENA II,,WDI2122,37,,14,4,,,B
367674950,2021-10-03T21:31:47,33.90047,-119.59364,6.8,98.5,511.0,GALENA II,,WDI2122,37,,14,4,,,B
367674950,2021-10-03T21:32:48,33.90013,-119.59124,6.6,100.4,511.0,GALENA II,,WDI2122,37,,14,4,,,B
367674950,2021-10-03T21:34:18,33.89952,-119.58768,6.8,99.2,511.0,GALENA II,,WDI2122,37,,14,4,,,B
367674950,2021-10-03T21:35:48,33.89896,-119.58417,7.3,96.8,511.0,GALENA II,,WDI2122,37,,14,4,,,B
367674950,2021-10-03T21:37:17,33.89836,-119.58060,7.8,99.6,511.0,GALENA II,,WDI2122,37,,14,4,,,B
367674950,2021-10-03T21:38:18,33.89795,-119.57816,7.5,98.8,511.0,GALENA II,,WDI2122,37,,14,4,,,B
367674950,2021-10-03T21:39:49,33.89732,-119.57457,6.9,102.7,511.0,GALENA II,,WDI2122,37,,14,4,,,B
367674950,2021-10-03T21:41:19,33.89672,-119.57101,7.6,103.3,511.0,GALENA II,,WDI2122,37,,14,4,,,B
367674950,2021-10-03T21:42:47,33.89609,-119.56753,7.3,100.7,511.0,GALENA II,,WDI2122,37,,14,4,,,B
367674950,2021-10-03T21:44:18,33.89548,-119.56393,6.6,98.9,511.0,GALENA II,,WDI2122,37,,14,4,,,B
367674950,2021-10-03T21:45:49,33.89485,-119.56023,6.9,104.3,511.0,GALENA II,,WDI2122,37,,14,4,,,B
369970279,2021-04-22T21:08:44,33.91307,-119.60007,12.4,56.1,511.0,HOSTILE METHOD-08,,,90,0,,,,35,A
369970279,2021-04-22T21:09:50,33.91595,-119.59669,13.3,38.3,511.0,HOSTILE METHOD-08,,,90,0,,,,35,A
369970279,2021-04-24T14:32:28,33.88332,-119.56021,13.3,221.7,511.0,HOSTILE METHOD-08,,,90,0,,,,35,A
366908460,2021-12-06T16:03:19,33.88911,-119.59702,13.8,74.5,511.0,TY WOODS,,WDB5332,60,0,28,6,,69,A
366908460,2021-12-06T16:04:23,33.88988,-119.59248,12.5,77.3,511.0,TY WOODS,,WDB5332,60,0,28,6,,69,A
366908460,2021-12-06T16:05:25,33.89067,-119.58797,13.0,73.7,511.0,TY WOODS,,WDB5332,60,0,28,6,,69,A
366908460,2021-12-06T16:07:14,33.89235,-119.58020,13.8,71.0,511.0,TY WOODS,,WDB5332,60,0,28,6,,69,A
366908460,2021-12-06T16:08:19,33.89353,-119.57562,13.5,74.5,511.0,TY WOODS,,WDB5332,60,0,28,6,,69,A
366908460,2021-12-06T16:09:25,33.89429,-119.57094,14.4,82.4,511.0,TY WOODS,,WDB5332,60,0,28,6,,69,A
366908460,2021-12-06T16:10:31,33.89535,-119.56626,13.1,72.1,511.0,TY WOODS,,WDB5332,60,0,28,6,,69,A
366908460,2021-12-06T16:11:43,33.89622,-119.56125,13.0,79.1,511.0,TY WOODS,,WDB5332,60,0,28,6,,69,A
366908460,2021-12-07T14:39:03,33.90374,-119.56020,11.2,248.4,511.0,TY WOODS,,WDB5332,60,0,28,6,,69,A
366908460,2021-12-07T14:40:04,33.90284,-119.56388,11.1,253.6,511.0,TY WOODS,,WDB5332,60,0,28,6,,69,A
366908460,2021-12-07T14:41:14,33.90174,-119.56805,11.3,252.8,511.0,TY WOODS,,WDB5332,60,0,28,6,,69,A
366908460,2021-12-07T14:42:23,33.90053,-119.57218,11.2,248.0,511.0,TY WOODS,,WDB5332,60,0,28,6,,69,A
366908460,2021-12-07T14:43:34,33.89916,-119.57628,11.3,249.4,511.0,TY WOODS,,WDB5332,60,0,28,6,,69,A
366908460,2021-12-07T14:44:42,33.89806,-119.58043,11.5,252.6,511.0,TY WOODS,,WDB5332,60,0,28,6,,69,A
366908460,2021-12-07T14:45:54,33.89686,-119.58467,11.5,246.6,511.0,TY WOODS,,WDB5332,60,0,28,6,,69,A
366908460,2021-12-07T14:47:03,33.89561,-119.58877,11.5,254.7,511.0,TY WOODS,,WDB5332,60,0,28,6,,69,A
366908460,2021-12-07T14:48:14,33.89449,-119.59298,11.4,248.7,511.0,TY WOODS,,WDB5332,60,0,28,6,,69,A
366908460,2021-12-07T14:49:23,33.89287,-119.59704,11.4,245.0,511.0,TY WOODS,,WDB5332,60,0,28,6,,69,A
366908460,2021-12-07T14:50:33,33.89136,-119.60108,11.4,250.8,511.0,TY WOODS,,WDB5332,60,0,28,6,,69,A
366908460,2021-12-07T15:33:32,33.88306,-119.57031,18.4,60.3,511.0,TY WOODS,,WDB5332,60,0,28,6,,69,A
366908460,2021-12-07T15:34:33,33.88591,-119.56523,17.1,66.2,511.0,TY WOODS,,WDB5332,60,0,28,6,,69,A
366908460,2021-12-07T15:35:39,33.88884,-119.55957,17.3,57.6,511.0,TY WOODS,,WDB5332,60,0,28,6,,69,A
366875820,2021-12-10T20:50:02,33.90917,-119.57162,16.4,15.5,17.0,SHEARWATER,,WDB2424,90,0,,,,90,A
366875820,2021-12-10T20:51:03,33.91348,-119.57012,16.2,14.7,10.0,SHEARWATER,,WDB2424,90,0,,,,90,A
366875820,2021-12-10T20:52:04,33.91678,-119.56884,3.9,36.0,59.0,SHEARWATER,,WDB2424,90,0,,,,90,A
366875820,2021-12-10T20:53:05,33.91658,-119.56858,3.0,142.9,127.0,SHEARWATER,,WDB2424,90,0,,,,90,A
366875820,2021-12-10T20:33:27,33.90079,-119.56307,14.4,276.0,273.0,SHEARWATER,,WDB2424,90,0,,,,90,A
366875820,2021-12-10T20:34:35,33.90071,-119.56849,14.6,269.6,267.0,SHEARWATER,,WDB2424,90,0,,,,90,A
366875820,2021-12-10T20:35:48,33.90058,-119.57406,9.0,269.8,267.0,SHEARWATER,,WDB2424,90,0,,,,90,A
366875820,2021-12-10T20:36:51,33.90043,-119.57463,0.5,189.0,185.0,SHEARWATER,,WDB2424,90,0,,,,90,A
366875820,2021-12-10T20:37:52,33.90037,-119.57467,0.1,248.6,175.0,SHEARWATER,,WDB2424,90,0,,,,90,A
366875820,2021-12-10T20:39:18,33.90037,-119.57472,0.2,288.4,179.0,SHEARWATER,,WDB2424,90,0,,,,90,A
366875820,2021-12-10T20:40:34,33.90039,-119.57480,0.2,292.8,185.0,SHEARWATER,,WDB2424,90,0,,,,90,A
366875820,2021-12-10T20:41:37,33.90040,-119.57486,0.2,263.5,186.0,SHEARWATER,,WDB2424,90,0,,,,90,A
366875820,2021-12-10T20:42:40,33.90040,-119.57493,0.2,259.8,189.0,SHEARWATER,,WDB2424,90,0,,,,90,A
366875820,2021-12-10T20:43:42,33.90041,-119.57499,0.1,311.2,178.0,SHEARWATER,,WDB2424,90,0,,,,90,A
366875820,2021-12-10T20:44:43,33.90042,-119.57506,0.2,332.1,190.0,SHEARWATER,,WDB2424,90,0,,,,90,A
366875820,2021-12-10T20:45:48,33.90046,-119.57511,0.1,311.6,193.0,SHEARWATER,,WDB2424,90,0,,,,90,A
366875820,2021-12-10T20:46:54,33.90048,-119.57514,0.1,251.4,179.0,SHEARWATER,,WDB2424,90,0,,,,90,A
366875820,2021-12-10T20:47:55,33.90052,-119.57338,10.1,38.5,13.0,SHEARWATER,,WDB2424,90,0,,,,90,A
366875820,2021-12-10T20:49:00,33.90469,-119.57280,15.7,8.1,8.0,SHEARWATER,,WDB2424,90,0,,,,90,A
369970279,2021-08-15T02:00:00,33.90178,-119.57627,5.9,267.0,511.0,HOSTILE METHOD-08,,,90,0,,,,35,A
369970279,2021-08-15T03:00:09,33.90951,-119.56519,0.3,198.1,511.0,HOSTILE METHOD-08,,,90,0,,,,35,A
369970279,2021-08-15T03:01:19,33.90965,-119.56516,0.9,21.5,511.0,HOSTILE METHOD-08,,,90,0,,,,35,A
369970279,2021-08-15T03:02:29,33.90985,-119.56507,1.2,22.2,511.0,HOSTILE METHOD-08,,,90,0,,,,35,A
369970279,2021-08-15T03:03:30,33.91002,-119.56495,1.9,10.9,511.0,HOSTILE METHOD-08,,,90,0,,,,35,A
369970279,2021-08-15T03:04:31,33.91027,-119.56485,1.8,23.6,511.0,HOSTILE METHOD-08,,,90,0,,,,35,A
369970279,2021-08-15T03:05:39,33.91049,-119.56476,1.0,15.9,511.0,HOSTILE METHOD-08,,,90,0,,,,35,A
369970279,2021-08-15T03:06:50,33.91049,-119.56470,1.1,169.7,511.0,HOSTILE METHOD-08,,,90,0,,,,35,A
369970279,2021-08-15T05:59:59,33.91303,-119.56268,5.8,118.7,511.0,HOSTILE METHOD-08,,,90,0,,,,35,A
369970279,2021-08-15T06:01:00,33.91220,-119.56099,5.8,124.5,511.0,HOSTILE METHOD-08,,,90,0,,,,35,A
369970279,2021-08-15T06:03:00,33.91129,-119.55940,5.9,123.6,511.0,HOSTILE METHOD-08,,,90,0,,,,35,A
369970279,2021-08-15T07:39:29,33.90045,-119.57012,4.3,62.5,511.0,HOSTILE METHOD-08,,,90,0,,,,35,A
369970279,2021-08-15T07:42:20,33.90081,-119.56803,2.8,263.4,511.0,HOSTILE METHOD-08,,,90,0,,,,35,A
369970279,2021-08-15T08:20:29,33.90475,-119.56935,5.9,108.5,511.0,HOSTILE METHOD-08,,,90,0,,,,35,A
369970279,2021-08-15T08:42:59,33.90949,-119.56519,0.1,171.8,511.0,HOSTILE METHOD-08,,,90,0,,,,35,A
369970279,2021-08-15T08:50:09,33.91058,-119.56436,0.2,27.3,511.0,HOSTILE METHOD-08,,,90,0,,,,35,A
369970279,2021-08-15T09:09:49,33.91481,-119.56230,1.1,358.3,511.0,HOSTILE METHOD-08,,,90,0,,,,35,A
369970279,2021-08-15T11:39:39,33.91551,-119.56708,5.4,228.2,511.0,HOSTILE METHOD-08,,,90,0,,,,35,A
369970279,2021-08-15T13:00:09,33.91476,-119.55970,9.0,177.8,511.0,HOSTILE METHOD-08,,,90,0,,,,35,A
369970279,2021-08-15T13:01:10,33.91225,-119.55922,9.0,172.8,511.0,HOSTILE METHOD-08,,,90,0,,,,35,A
369970279,2021-08-15T13:02:19,33.90938,-119.55860,9.1,162.1,511.0,HOSTILE METHOD-08,,,90,0,,,,35,A
369970279,2021-08-15T14:03:29,33.91165,-119.56023,1.8,270.4,511.0,HOSTILE METHOD-08,,,90,0,,,,35,A
369970279,2021-08-15T14:07:29,33.91159,-119.56244,1.7,275.3,511.0,HOSTILE METHOD-08,,,90,0,,,,35,A
369970279,2021-08-15T14:09:09,33.91155,-119.56399,1.8,270.3,511.0,HOSTILE METHOD-08,,,90,0,,,,35,A
369970279,2021-08-15T14:22:09,33.90660,-119.56617,1.4,206.1,511.0,HOSTILE METHOD-08,,,90,0,,,,35,A
369970279,2021-08-15T14:28:09,33.90590,-119.56596,0.7,312.0,511.0,HOSTILE METHOD-08,,,90,0,,,,35,A
369970279,2021-08-15T14:30:00,33.90584,-119.56615,2.4,248.9,511.0,HOSTILE METHOD-08,,,90,0,,,,35,A
369970279,2021-08-15T09:19:19,33.91643,-119.56187,0.7,348.9,511.0,HOSTILE METHOD-08,,,90,0,,,,35,A
369970279,2021-08-15T09:00:10,33.88333,-119.55981,1.0,95.9,511.0,HOSTILE METHOD-08,,,90,0,,,,35,A
369970279,2021-08-15T09:01:19,33.88249,-119.55925,4.9,131.5,511.0,HOSTILE METHOD-08,,,90,0,,,,35,A
369970279,2021-08-15T10:00:00,33.88606,-119.57548,1.0,110.2,511.0,HOSTILE METHOD-08,,,90,0,,,,35,A
369970279,2021-08-15T10:01:21,33.88588,-119.57553,0.5,233.3,511.0,HOSTILE METHOD-08,,,90,0,,,,35,A
369970279,2021-08-15T10:02:29,33.88570,-119.57581,0.5,252.1,511.0,HOSTILE METHOD-08,,,90,0,,,,35,A
369970279,2021-08-15T14:54:49,33.88411,-119.56847,0.3,255.5,511.0,HOSTILE METHOD-08,,,90,0,,,,35,A
369970279,2021-08-15T15:11:39,33.88519,-119.56920,1.0,181.4,511.0,HOSTILE METHOD-08,,,90,0,,,,35,A
369970279,2021-08-15T15:15:49,33.88443,-119.56868,2.0,168.4,511.0,HOSTILE METHOD-08,,,90,0,,,,35,A
369970279,2021-08-15T15:45:29,33.88570,-119.57581,0.5,252.1,511.0,HOSTILE METHOD-08,,,90,0,,,,35,A
369970279,2021-08-15T04:22:00,33.91778,-119.58092,5.3,258.3,511.0,HOSTILE METHOD-08,,,90,0,,,,35,A
369970279,2021-08-15T04:23:01,33.91738,-119.58442,5.1,269.1,511.0,HOSTILE METHOD-08,,,90,0,,,,35,A
369970279,2021-08-15T04:24:10,33.91726,-119.58638,4.5,296.8,511.0,HOSTILE METHOD-08,,,90,0,,,,35,A
369970279,2021-08-15T02:02:00,33.90166,-119.57811,5.7,272.7,511.0,HOSTILE METHOD-08,,,90,0,,,,35,A
369970279,2021-08-15T02:04:00,33.90156,-119.58172,5.4,280.4,511.0,HOSTILE METHOD-08,,,90,0,,,,35,A
369970279,2021-08-15T02:05:10,33.90271,-119.58473,4.8,32.5,511.0,HOSTILE METHOD-08,,,90,0,,,,35,A
369970279,2021-08-15T02:06:20,33.90317,-119.58371,1.7,62.4,511.0,HOSTILE METHOD-08,,,90,0,,,,35,A
369970279,2021-08-15T02:08:00,33.90327,-119.58343,1.5,63.4,511.0,HOSTILE METHOD-08,,,90,0,,,,35,A
369970279,2021-08-15T07:51:39,33.90353,-119.58281,1.2,72.3,511.0,HOSTILE METHOD-08,,,90,0,,,,35,A
369970279,2021-08-15T07:53:09,33.90384,-119.58197,1.0,64.3,511.0,HOSTILE METHOD-08,,,90,0,,,,35,A
369970279,2021-08-15T08:07:30,33.90506,-119.57755,1.4,67.1,511.0,HOSTILE METHOD-08,,,90,0,,,,35,A
369970279,2021-08-15T08:10:50,33.90571,-119.57647,1.1,43.1,511.0,HOSTILE METHOD-08,,,90,0,,,,35,A
369970279,2021-08-15T15:32:19,33.88884,-119.57752,1.6,288.1,511.0,HOSTILE METHOD-08,,,90,0,,,,35,A
369970279,2021-08-15T15:33:49,33.88897,-119.57794,3.9,287.1,511.0,HOSTILE METHOD-08,,,90,0,,,,35,A
369970279,2021-08-15T15:38:40,33.88617,-119.57820,1.7,197.9,511.0,HOSTILE METHOD-08,,,90,0,,,,35,A
369970279,2021-08-15T16:00:59,33.88414,-119.57867,0.7,61.3,511.0,HOSTILE METHOD-08,,,90,0,,,,35,A
369970279,2021-08-15T16:10:59,33.89869,-119.58254,7.5,358.7,511.0,HOSTILE METHOD-08,,,90,0,,,,35,A
369970304,2021-04-27T20:45:53,33.88432,-119.57143,16.4,53.8,511.0,FPC-8512,,,90,0,,,,0,A
369970304,2021-04-27T20:46:59,33.88689,-119.56692,15.1,57.6,511.0,FPC-8512,,,90,0,,,,0,A
369970304,2021-04-27T20:48:05,33.88961,-119.56228,16.1,62.3,511.0,FPC-8512,,,90,0,,,,0,A
367199960,2021-06-02T14:03:47,33.88674,-119.55891,4.5,231.1,511.0,DANNY C,,WBE8593,70,0,22,7,,7,A
367199960,2021-06-02T14:04:57,33.88598,-119.56033,4.2,241.3,511.0,DANNY C,,WBE8593,70,0,22,7,,7,A
367199960,2021-06-02T14:06:06,33.88524,-119.56169,4.0,231.2,511.0,DANNY C,,WBE8593,70,0,22,7,,7,A
367199960,2021-06-02T14:07:16,33.88449,-119.56306,4.2,231.3,511.0,DANNY C,,WBE8593,70,0,22,7,,7,A
367199960,2021-06-02T14:08:28,33.88362,-119.56434,3.9,218.2,511.0,DANNY C,,WBE8593,70,0,22,7,,7,A
367199960,2021-06-02T14:09:36,33.88251,-119.56494,3.7,186.9,511.0,DANNY C,,WBE8593,70,0,22,7,,7,A
367199960,2021-06-02T14:17:48,33.88256,-119.55920,4.1,13.2,511.0,DANNY C,,WBE8593,70,0,22,7,,7,A
367199960,2021-06-02T14:18:57,33.88389,-119.55915,3.9,352.6,511.0,DANNY C,,WBE8593,70,0,22,7,,7,A
367199960,2021-06-02T14:20:07,33.88524,-119.55959,4.3,336.5,511.0,DANNY C,,WBE8593,70,0,22,7,,7,A
367199960,2021-06-02T14:21:17,33.88652,-119.56051,4.5,323.5,511.0,DANNY C,,WBE8593,70,0,22,7,,7,A
367199960,2021-06-02T14:22:27,33.88759,-119.56179,4.7,312.5,511.0,DANNY C,,WBE8593,70,0,22,7,,7,A
367199960,2021-06-02T14:23:38,33.88834,-119.56337,4.8,287.2,511.0,DANNY C,,WBE8593,70,0,22,7,,7,A
367199960,2021-06-02T14:24:46,33.88870,-119.56510,4.4,277.0,511.0,DANNY C,,WBE8593,70,0,22,7,,7,A
367199960,2021-06-02T14:25:48,33.88863,-119.56661,4.1,260.1,511.0,DANNY C,,WBE8593,70,0,22,7,,7,A
367199960,2021-06-02T14:26:56,33.88810,-119.56810,4.1,232.6,511.0,DANNY C,,WBE8593,70,0,22,7,,7,A
367199960,2021-06-02T14:28:08,33.88712,-119.56914,3.8,213.2,511.0,DANNY C,,WBE8593,70,0,22,7,,7,A
367199960,2021-06-02T15:00:07,33.88874,-119.56677,3.6,302.4,511.0,DANNY C,,WBE8593,70,0,22,7,,7,A
367199960,2021-06-02T15:01:17,33.88939,-119.56794,3.6,295.1,511.0,DANNY C,,WBE8593,70,0,22,7,,7,A
367199960,2021-06-02T15:02:26,33.88989,-119.56916,3.4,290.7,511.0,DANNY C,,WBE8593,70,0,22,7,,7,A
367199960,2021-06-02T15:03:37,33.89022,-119.57043,3.2,287.4,511.0,DANNY C,,WBE8593,70,0,22,7,,7,A
367199960,2021-06-02T15:04:56,33.89018,-119.57186,3.2,250.9,511.0,DANNY C,,WBE8593,70,0,22,7,,7,A
367199960,2021-06-02T15:06:07,33.88965,-119.57286,2.9,222.3,511.0,DANNY C,,WBE8593,70,0,22,7,,7,A
367199960,2021-06-02T15:07:17,33.88888,-119.57324,2.5,193.4,511.0,DANNY C,,WBE8593,70,0,22,7,,7,A
367199960,2021-06-02T15:08:27,33.88808,-119.57330,2.5,184.7,511.0,DANNY C,,WBE8593,70,0,22,7,,7,A
367199960,2021-06-02T15:09:38,33.88729,-119.57317,2.6,165.0,511.0,DANNY C,,WBE8593,70,0,22,7,,7,A
367199960,2021-06-02T15:10:46,33.88656,-119.57291,2.3,149.4,511.0,DANNY C,,WBE8593,70,0,22,7,,7,A
367199960,2021-06-02T15:11:57,33.88619,-119.57219,2.0,92.4,511.0,DANNY C,,WBE8593,70,0,22,7,,7,A
367199960,2021-06-02T15:13:06,33.88636,-119.57163,0.1,36.1,511.0,DANNY C,,WBE8593,70,0,22,7,,7,A
367199960,2021-06-02T15:14:07,33.88647,-119.57183,0.6,298.5,511.0,DANNY C,,WBE8593,70,0,22,7,,7,A
367199960,2021-06-02T15:15:18,33.88664,-119.57189,0.7,341.6,511.0,DANNY C,,WBE8593,70,0,22,7,,7,A
367199960,2021-06-02T15:16:36,33.88681,-119.57193,0.9,340.8,511.0,DANNY C,,WBE8593,70,0,22,7,,7,A
367199960,2021-06-02T15:17:46,33.88696,-119.57198,0.3,338.7,511.0,DANNY C,,WBE8593,70,0,22,7,,7,A
367199960,2021-06-02T15:18:56,33.88710,-119.57201,0.4,335.5,511.0,DANNY C,,WBE8593,70,0,22,7,,7,A
367199960,2021-06-02T15:20:17,33.88725,-119.57209,0.4,329.0,511.0,DANNY C,,WBE8593,70,0,22,7,,7,A
367199960,2021-06-02T15:21:27,33.88741,-119.57217,0.6,330.2,511.0,DANNY C,,WBE8593,70,0,22,7,,7,A
367199960,2021-06-02T15:22:36,33.88758,-119.57228,0.7,330.3,511.0,DANNY C,,WBE8593,70,0,22,7,,7,A
367199960,2021-06-02T15:23:37,33.88773,-119.57237,0.7,334.7,511.0,DANNY C,,WBE8593,70,0,22,7,,7,A
367199960,2021-06-02T15:24:47,33.88791,-119.57247,1.0,337.0,511.0,DANNY C,,WBE8593,70,0,22,7,,7,A
367199960,2021-06-02T15:25:56,33.88810,-119.57256,0.7,336.2,511.0,DANNY C,,WBE8593,70,0,22,7,,7,A
367199960,2021-06-02T15:27:07,33.88830,-119.57267,0.7,335.2,511.0,DANNY C,,WBE8593,70,0,22,7,,7,A
367199960,2021-06-02T15:28:18,33.88849,-119.57277,0.7,338.8,511.0,DANNY C,,WBE8593,70,0,22,7,,7,A
367199960,2021-06-02T15:29:28,33.88867,-119.57286,1.1,340.7,511.0,DANNY C,,WBE8593,70,0,22,7,,7,A
367199960,2021-06-02T15:30:37,33.88885,-119.57295,0.7,332.5,511.0,DANNY C,,WBE8593,70,0,22,7,,7,A
367199960,2021-06-02T15:31:46,33.88904,-119.57303,0.6,343.0,511.0,DANNY C,,WBE8593,70,0,22,7,,7,A
367199960,2021-06-02T15:32:56,33.88923,-119.57311,0.8,337.9,511.0,DANNY C,,WBE8593,70,0,22,7,,7,A
367199960,2021-06-02T15:34:08,33.88942,-119.57319,0.8,340.1,511.0,DANNY C,,WBE8593,70,0,22,7,,7,A
367199960,2021-06-02T15:35:09,33.88958,-119.57326,0.4,334.9,511.0,DANNY C,,WBE8593,70,0,22,7,,7,A
367199960,2021-06-02T15:36:17,33.88978,-119.57333,0.4,332.9,511.0,DANNY C,,WBE8593,70,0,22,7,,7,A
367199960,2021-06-02T15:37:26,33.88997,-119.57341,0.3,338.5,511.0,DANNY C,,WBE8593,70,0,22,7,,7,A
367199960,2021-06-02T15:38:27,33.89013,-119.57349,0.9,335.0,511.0,DANNY C,,WBE8593,70,0,22,7,,7,A
367199960,2021-06-02T15:39:37,33.89031,-119.57357,1.0,335.3,511.0,DANNY C,,WBE8593,70,0,22,7,,7,A
367199960,2021-06-02T15:40:47,33.89048,-119.57363,0.7,338.2,511.0,DANNY C,,WBE8593,70,0,22,7,,7,A
367199960,2021-06-02T15:41:56,33.89065,-119.57372,0.7,333.5,511.0,DANNY C,,WBE8593,70,0,22,7,,7,A
367199960,2021-06-02T15:42:57,33.89079,-119.57378,0.7,336.2,511.0,DANNY C,,WBE8593,70,0,22,7,,7,A
367199960,2021-06-02T15:44:06,33.89097,-119.57387,0.7,335.2,511.0,DANNY C,,WBE8593,70,0,22,7,,7,A
367199960,2021-06-02T15:45:17,33.89115,-119.57395,0.6,339.5,511.0,DANNY C,,WBE8593,70,0,22,7,,7,A
367199960,2021-06-02T15:46:26,33.89132,-119.57403,0.5,333.1,511.0,DANNY C,,WBE8593,70,0,22,7,,7,A
367199960,2021-06-02T15:47:36,33.89151,-119.57412,0.7,338.7,511.0,DANNY C,,WBE8593,70,0,22,7,,7,A
367199960,2021-06-02T15:48:47,33.89169,-119.57420,0.6,336.2,511.0,DANNY C,,WBE8593,70,0,22,7,,7,A
367199960,2021-06-02T15:49:56,33.89188,-119.57430,0.8,335.3,511.0,DANNY C,,WBE8593,70,0,22,7,,7,A
367199960,2021-06-02T15:51:07,33.89205,-119.57439,0.5,334.8,511.0,DANNY C,,WBE8593,70,0,22,7,,7,A
367199960,2021-06-02T15:52:17,33.89222,-119.57448,0.8,329.6,511.0,DANNY C,,WBE8593,70,0,22,7,,7,A
367199960,2021-06-02T15:53:27,33.89238,-119.57457,0.6,338.0,511.0,DANNY C,,WBE8593,70,0,22,7,,7,A
367199960,2021-06-02T15:54:37,33.89253,-119.57464,0.5,339.8,511.0,DANNY C,,WBE8593,70,0,22,7,,7,A
367199960,2021-06-02T15:55:47,33.89270,-119.57471,0.6,338.2,511.0,DANNY C,,WBE8593,70,0,22,7,,7,A
367199960,2021-06-02T15:56:57,33.89287,-119.57477,0.8,341.4,511.0,DANNY C,,WBE8593,70,0,22,7,,7,A
367199960,2021-06-02T15:58:07,33.89303,-119.57483,0.8,338.5,511.0,DANNY C,,WBE8593,70,0,22,7,,7,A
367199960,2021-06-02T15:59:08,33.89317,-119.57489,0.3,344.5,511.0,DANNY C,,WBE8593,70,0,22,7,,7,A
367199960,2021-06-02T16:00:07,33.89332,-119.57492,0.9,345.6,511.0,DANNY C,,WBE8593,70,0,22,7,,7,A
367199960,2021-06-02T16:01:17,33.89351,-119.57497,0.8,347.8,511.0,DANNY C,,WBE8593,70,0,22,7,,7,A
367199960,2021-06-02T16:02:27,33.89370,-119.57503,0.6,338.7,511.0,DANNY C,,WBE8593,70,0,22,7,,7,A
367199960,2021-06-02T16:03:37,33.89387,-119.57510,1.0,345.4,511.0,DANNY C,,WBE8593,70,0,22,7,,7,A
367199960,2021-06-02T16:04:47,33.89384,-119.57495,1.4,108.5,511.0,DANNY C,,WBE8593,70,0,22,7,,7,A
367199960,2021-06-02T16:05:56,33.89350,-119.57452,1.3,133.3,511.0,DANNY C,,WBE8593,70,0,22,7,,7,A
367199960,2021-06-02T16:06:57,33.89327,-119.57416,1.9,130.2,511.0,DANNY C,,WBE8593,70,0,22,7,,7,A
367199960,2021-06-02T16:08:08,33.89287,-119.57379,0.9,142.3,511.0,DANNY C,,WBE8593,70,0,22,7,,7,A
367199960,2021-06-02T16:09:16,33.89260,-119.57350,2.0,147.6,511.0,DANNY C,,WBE8593,70,0,22,7,,7,A
367199960,2021-06-02T16:10:47,33.89194,-119.57285,2.2,149.0,511.0,DANNY C,,WBE8593,70,0,22,7,,7,A
367199960,2021-06-02T16:11:57,33.89127,-119.57247,2.2,143.7,511.0,DANNY C,,WBE8593,70,0,22,7,,7,A
367199960,2021-06-02T16:13:07,33.89062,-119.57207,2.1,154.6,511.0,DANNY C,,WBE8593,70,0,22,7,,7,A
367199960,2021-06-02T16:14:16,33.89009,-119.57149,2.2,134.5,511.0,DANNY C,,WBE8593,70,0,22,7,,7,A
367199960,2021-06-02T16:15:27,33.88957,-119.57084,2.4,136.3,511.0,DANNY C,,WBE8593,70,0,22,7,,7,A
367199960,2021-06-02T16:16:37,33.88904,-119.57019,2.2,128.3,511.0,DANNY C,,WBE8593,70,0,22,7,,7,A
367199960,2021-06-02T16:17:48,33.88855,-119.56977,1.2,148.4,511.0,DANNY C,,WBE8593,70,0,22,7,,7,A
367199960,2021-06-02T16:19:07,33.88836,-119.56955,0.4,124.7,511.0,DANNY C,,WBE8593,70,0,22,7,,7,A
367199960,2021-06-02T16:20:17,33.88835,-119.56943,0.0,100.0,511.0,DANNY C,,WBE8593,70,0,22,7,,7,A
367199960,2021-06-02T16:21:18,33.88838,-119.56936,0.4,78.5,511.0,DANNY C,,WBE8593,70,0,22,7,,7,A
367199960,2021-06-02T16:22:27,33.88844,-119.56933,0.3,1.6,511.0,DANNY C,,WBE8593,70,0,22,7,,7,A
367199960,2021-06-02T16:23:28,33.88851,-119.56933,0.4,346.8,511.0,DANNY C,,WBE8593,70,0,22,7,,7,A
367199960,2021-06-02T16:24:36,33.88862,-119.56934,0.5,344.0,511.0,DANNY C,,WBE8593,70,0,22,7,,7,A
367199960,2021-06-02T16:25:46,33.88875,-119.56936,0.6,342.5,511.0,DANNY C,,WBE8593,70,0,22,7,,7,A
367199960,2021-06-02T16:26:56,33.88891,-119.56938,0.8,345.7,511.0,DANNY C,,WBE8593,70,0,22,7,,7,A
367199960,2021-06-02T16:28:07,33.88906,-119.56940,0.6,350.5,511.0,DANNY C,,WBE8593,70,0,22,7,,7,A
367199960,2021-06-02T16:29:16,33.88920,-119.56943,0.7,350.0,511.0,DANNY C,,WBE8593,70,0,22,7,,7,A
367199960,2021-06-02T16:30:28,33.88935,-119.56946,0.5,350.2,511.0,DANNY C,,WBE8593,70,0,22,7,,7,A
367199960,2021-06-02T16:31:37,33.88949,-119.56948,0.6,352.0,511.0,DANNY C,,WBE8593,70,0,22,7,,7,A
367199960,2021-06-02T16:33:06,33.88970,-119.56950,0.7,356.6,511.0,DANNY C,,WBE8593,70,0,22,7,,7,A
367199960,2021-06-02T16:34:16,33.88987,-119.56951,0.7,353.4,511.0,DANNY C,,WBE8593,70,0,22,7,,7,A
367199960,2021-06-02T16:35:18,33.89001,-119.56953,1.0,349.2,511.0,DANNY C,,WBE8593,70,0,22,7,,7,A
367199960,2021-06-02T16:36:28,33.89018,-119.56956,0.8,349.3,511.0,DANNY C,,WBE8593,70,0,22,7,,7,A
367199960,2021-06-02T16:37:37,33.89035,-119.56958,0.8,350.5,511.0,DANNY C,,WBE8593,70,0,22,7,,7,A
367199960,2021-06-02T16:38:47,33.89055,-119.56960,0.8,351.5,511.0,DANNY C,,WBE8593,70,0,22,7,,7,A
367199960,2021-06-02T16:39:57,33.89073,-119.56964,0.6,352.2,511.0,DANNY C,,WBE8593,70,0,22,7,,7,A
367199960,2021-06-02T16:41:07,33.89091,-119.56966,0.7,350.6,511.0,DANNY C,,WBE8593,70,0,22,7,,7,A
367199960,2021-06-02T16:42:17,33.89076,-119.56942,2.1,141.7,511.0,DANNY C,,WBE8593,70,0,22,7,,7,A
367199960,2021-06-02T16:43:26,33.89019,-119.56897,1.5,151.4,511.0,DANNY C,,WBE8593,70,0,22,7,,7,A
367199960,2021-06-02T16:44:36,33.88991,-119.56875,0.7,139.4,511.0,DANNY C,,WBE8593,70,0,22,7,,7,A
367199960,2021-06-02T16:45:38,33.88982,-119.56862,0.8,129.3,511.0,DANNY C,,WBE8593,70,0,22,7,,7,A
367199960,2021-06-02T16:46:46,33.88983,-119.56851,0.3,84.5,511.0,DANNY C,,WBE8593,70,0,22,7,,7,A
367199960,2021-06-02T16:47:58,33.88991,-119.56840,0.1,38.5,511.0,DANNY C,,WBE8593,70,0,22,7,,7,A
367199960,2021-06-02T16:49:06,33.89003,-119.56832,0.6,10.1,511.0,DANNY C,,WBE8593,70,0,22,7,,7,A
367199960,2021-06-02T16:50:17,33.89018,-119.56825,0.4,11.6,511.0,DANNY C,,WBE8593,70,0,22,7,,7,A
367199960,2021-06-02T16:51:48,33.89038,-119.56818,0.2,357.2,511.0,DANNY C,,WBE8593,70,0,22,7,,7,A
367199960,2021-06-02T16:52:56,33.89013,-119.56810,2.5,169.4,511.0,DANNY C,,WBE8593,70,0,22,7,,7,A
367199960,2021-06-02T16:54:06,33.88945,-119.56762,1.5,123.3,511.0,DANNY C,,WBE8593,70,0,22,7,,7,A
367199960,2021-06-02T16:55:08,33.88932,-119.56725,0.9,97.5,511.0,DANNY C,,WBE8593,70,0,22,7,,7,A
367199960,2021-06-02T16:56:17,33.88939,-119.56694,1.1,74.3,511.0,DANNY C,,WBE8593,70,0,22,7,,7,A
367199960,2021-06-02T16:57:26,33.88933,-119.56672,1.5,135.8,511.0,DANNY C,,WBE8593,70,0,22,7,,7,A
367199960,2021-06-02T16:58:27,33.88898,-119.56648,0.8,144.7,511.0,DANNY C,,WBE8593,70,0,22,7,,7,A
367199960,2021-06-02T16:59:37,33.88886,-119.56627,0.9,119.3,511.0,DANNY C,,WBE8593,70,0,22,7,,7,A
367199960,2021-06-02T17:00:07,33.88885,-119.56620,0.4,109.0,511.0,DANNY C,,WBE8593,70,0,22,7,,7,A
367199960,2021-06-02T17:01:17,33.88889,-119.56605,0.8,92.2,511.0,DANNY C,,WBE8593,70,0,22,7,,7,A
367199960,2021-06-02T17:02:37,33.88900,-119.56592,0.4,40.2,511.0,DANNY C,,WBE8593,70,0,22,7,,7,A
367199960,2021-06-02T17:03:38,33.88909,-119.56582,0.8,21.2,511.0,DANNY C,,WBE8593,70,0,22,7,,7,A
367199960,2021-06-02T17:04:46,33.88922,-119.56573,0.4,38.6,511.0,DANNY C,,WBE8593,70,0,22,7,,7,A
367199960,2021-06-02T17:05:57,33.88937,-119.56564,0.3,9.0,511.0,DANNY C,,WBE8593,70,0,22,7,,7,A
367199960,2021-06-02T17:07:08,33.88952,-119.56556,0.8,15.0,511.0,DANNY C,,WBE8593,70,0,22,7,,7,A
367199960,2021-06-02T17:08:17,33.88948,-119.56545,1.2,120.3,511.0,DANNY C,,WBE8593,70,0,22,7,,7,A
367199960,2021-06-02T17:09:26,33.88897,-119.56509,2.2,138.6,511.0,DANNY C,,WBE8593,70,0,22,7,,7,A
367199960,2021-06-02T17:10:27,33.88862,-119.56478,1.1,138.7,511.0,DANNY C,,WBE8593,70,0,22,7,,7,A
367199960,2021-06-02T17:11:28,33.88846,-119.56457,0.7,137.3,511.0,DANNY C,,WBE8593,70,0,22,7,,7,A
367199960,2021-06-02T17:12:36,33.88808,-119.56433,1.4,149.1,511.0,DANNY C,,WBE8593,70,0,22,7,,7,A
367199960,2021-06-02T17:13:47,33.88793,-119.56407,0.4,113.1,511.0,DANNY C,,WBE8593,70,0,22,7,,7,A
367199960,2021-06-02T17:14:57,33.88799,-119.56382,0.4,71.0,511.0,DANNY C,,WBE8593,70,0,22,7,,7,A
367199960,2021-06-02T17:16:17,33.88814,-119.56359,1.1,45.2,511.0,DANNY C,,WBE8593,70,0,22,7,,7,A
367199960,2021-06-02T17:17:28,33.88831,-119.56344,0.2,31.8,511.0,DANNY C,,WBE8593,70,0,22,7,,7,A
367199960,2021-06-02T17:18:36,33.88851,-119.56329,0.4,26.2,511.0,DANNY C,,WBE8593,70,0,22,7,,7,A
367199960,2021-06-02T17:19:46,33.88871,-119.56315,0.5,28.4,511.0,DANNY C,,WBE8593,70,0,22,7,,7,A
367199960,2021-06-02T17:20:56,33.88892,-119.56302,0.7,24.9,511.0,DANNY C,,WBE8593,70,0,22,7,,7,A
367199960,2021-06-02T17:21:57,33.88912,-119.56291,0.7,22.2,511.0,DANNY C,,WBE8593,70,0,22,7,,7,A
367199960,2021-06-02T17:23:07,33.88937,-119.56279,1.0,18.7,511.0,DANNY C,,WBE8593,70,0,22,7,,7,A
367199960,2021-06-02T17:24:17,33.88962,-119.56269,1.1,16.0,511.0,DANNY C,,WBE8593,70,0,22,7,,7,A
367199960,2021-06-02T17:25:27,33.88986,-119.56260,1.3,12.6,511.0,DANNY C,,WBE8593,70,0,22,7,,7,A
367199960,2021-06-02T17:26:37,33.89011,-119.56250,1.0,13.3,511.0,DANNY C,,WBE8593,70,0,22,7,,7,A
367199960,2021-06-02T17:27:57,33.89041,-119.56239,1.0,14.8,511.0,DANNY C,,WBE8593,70,0,22,7,,7,A
367199960,2021-06-02T17:29:17,33.89069,-119.56229,0.6,11.5,511.0,DANNY C,,WBE8593,70,0,22,7,,7,A
367199960,2021-06-02T17:30:27,33.89095,-119.56221,0.8,11.6,511.0,DANNY C,,WBE8593,70,0,22,7,,7,A
367199960,2021-06-02T17:31:37,33.89122,-119.56213,0.3,16.2,511.0,DANNY C,,WBE8593,70,0,22,7,,7,A
367199960,2021-06-02T17:32:46,33.89146,-119.56203,0.6,19.1,511.0,DANNY C,,WBE8593,70,0,22,7,,7,A
367199960,2021-06-02T17:33:56,33.89171,-119.56193,1.1,11.6,511.0,DANNY C,,WBE8593,70,0,22,7,,7,A
367199960,2021-06-02T17:35:06,33.89194,-119.56183,1.1,15.0,511.0,DANNY C,,WBE8593,70,0,22,7,,7,A
367199960,2021-06-02T17:36:16,33.89210,-119.56172,0.4,56.1,511.0,DANNY C,,WBE8593,70,0,22,7,,7,A
367199960,2021-06-02T17:37:17,33.89209,-119.56169,0.7,121.2,511.0,DANNY C,,WBE8593,70,0,22,7,,7,A
367199960,2021-06-02T17:38:27,33.89166,-119.56206,2.1,208.3,511.0,DANNY C,,WBE8593,70,0,22,7,,7,A
367199960,2021-06-02T17:39:28,33.89110,-119.56233,1.9,213.2,511.0,DANNY C,,WBE8593,70,0,22,7,,7,A
367199960,2021-06-02T17:40:37,33.89080,-119.56222,0.9,142.5,511.0,DANNY C,,WBE8593,70,0,22,7,,7,A
367199960,2021-06-02T17:41:48,33.89076,-119.56196,0.9,97.6,511.0,DANNY C,,WBE8593,70,0,22,7,,7,A
367199960,2021-06-02T17:42:58,33.89081,-119.56174,0.4,76.4,511.0,DANNY C,,WBE8593,70,0,22,7,,7,A
367199960,2021-06-02T17:44:06,33.89089,-119.56154,0.7,71.7,511.0,DANNY C,,WBE8593,70,0,22,7,,7,A
367199960,2021-06-02T17:45:16,33.89097,-119.56140,0.5,48.6,511.0,DANNY C,,WBE8593,70,0,22,7,,7,A
367199960,2021-06-02T17:46:37,33.89109,-119.56126,0.1,35.8,511.0,DANNY C,,WBE8593,70,0,22,7,,7,A
367199960,2021-06-02T17:47:46,33.89118,-119.56116,0.6,42.2,511.0,DANNY C,,WBE8593,70,0,22,7,,7,A
367199960,2021-06-02T17:48:56,33.89121,-119.56108,0.2,24.4,511.0,DANNY C,,WBE8593,70,0,22,7,,7,A
367199960,2021-06-02T17:50:08,33.89102,-119.56114,1.9,191.8,511.0,DANNY C,,WBE8593,70,0,22,7,,7,A
367199960,2021-06-02T17:51:18,33.89042,-119.56136,1.8,180.7,511.0,DANNY C,,WBE8593,70,0,22,7,,7,A
367199960,2021-06-02T17:52:28,33.89011,-119.56133,0.6,159.2,511.0,DANNY C,,WBE8593,70,0,22,7,,7,A
367199960,2021-06-02T17:53:37,33.89000,-119.56114,0.6,122.4,511.0,DANNY C,,WBE8593,70,0,22,7,,7,A
367199960,2021-06-02T17:54:48,33.88999,-119.56094,0.4,104.9,511.0,DANNY C,,WBE8593,70,0,22,7,,7,A
367199960,2021-06-02T17:55:49,33.89000,-119.56080,0.9,94.7,511.0,DANNY C,,WBE8593,70,0,22,7,,7,A
367199960,2021-06-02T17:56:56,33.89005,-119.56065,0.0,62.6,511.0,DANNY C,,WBE8593,70,0,22,7,,7,A
367199960,2021-06-02T17:58:07,33.89011,-119.56050,1.0,49.3,511.0,DANNY C,,WBE8593,70,0,22,7,,7,A
367199960,2021-06-02T17:59:16,33.89019,-119.56036,1.2,40.3,511.0,DANNY C,,WBE8593,70,0,22,7,,7,A
367199960,2021-06-02T18:00:07,33.89026,-119.56026,0.8,43.5,511.0,DANNY C,,WBE8593,70,0,22,7,,7,A
367199960,2021-06-02T18:01:18,33.89036,-119.56014,0.2,34.7,511.0,DANNY C,,WBE8593,70,0,22,7,,7,A
367199960,2021-06-02T20:29:08,33.88712,-119.56914,3.8,213.2,511.0,DANNY C,,WBE8593,70,0,22,7,,7,A
367199960,2021-06-02T23:43:18,33.89046,-119.56003,0.5,34.6,511.0,DANNY C,,WBE8593,70,0,22,7,,7,A
367199960,2021-06-02T23:50:17,33.88929,-119.56051,0.8,185.3,511.0,DANNY C,,WBE8593,70,0,22,7,,7,A
367791340,2021-05-08T01:12:31,33.90177,-119.55876,11.3,280.0,280.0,HANA PA'A,,WDJ5791,37,,17,6,,,B
367791340,2021-05-08T01:14:00,33.90274,-119.56386,11.5,282.2,279.0,HANA PA'A,,WDJ5791,37,,17,6,,,B
367791340,2021-05-08T01:15:03,33.90339,-119.56748,10.5,280.0,278.0,HANA PA'A,,WDJ5791,37,,17,6,,,B
367791340,2021-05-08T01:16:31,33.90430,-119.57254,11.3,283.0,278.0,HANA PA'A,,WDJ5791,37,,17,6,,,B
367791340,2021-05-08T01:17:59,33.90507,-119.57766,10.7,278.3,275.0,HANA PA'A,,WDJ5791,37,,17,6,,,B
367791340,2021-05-08T01:19:32,33.90577,-119.58302,10.7,276.9,275.0,HANA PA'A,,WDJ5791,37,,17,6,,,B
367791340,2021-05-08T01:21:00,33.90648,-119.58815,10.2,279.6,277.0,HANA PA'A,,WDJ5791,37,,17,6,,,B
367791340,2021-05-08T01:22:01,33.90700,-119.59168,10.9,283.8,278.0,HANA PA'A,,WDJ5791,37,,17,6,,,B
367791340,2021-05-08T01:23:31,33.90787,-119.59679,10.7,282.8,279.0,HANA PA'A,,WDJ5791,37,,17,6,,,B
367346950,2021-06-23T09:48:05,33.91719,-119.59304,10.2,247.4,511.0,PACIFIC ISLANDER,,,30,,19,6,,,B
367346950,2021-06-23T09:49:36,33.91569,-119.59771,10.2,249.5,511.0,PACIFIC ISLANDER,,,30,,19,6,,,B
367791340,2021-07-01T17:18:50,33.91573,-119.58857,10.4,137.8,142.0,HANA PA'A,,WDJ5791,37,,17,6,,,B
367791340,2021-07-01T17:20:49,33.91120,-119.58416,11.1,144.6,148.0,HANA PA'A,,WDJ5791,37,,17,6,,,B
367791340,2021-07-01T17:21:50,33.90891,-119.58179,10.9,137.8,142.0,HANA PA'A,,WDJ5791,37,,17,6,,,B
367791340,2021-07-01T17:23:21,33.90554,-119.57819,10.8,140.7,143.0,HANA PA'A,,WDJ5791,37,,17,6,,,B
367791340,2021-07-01T17:24:49,33.90230,-119.57469,10.2,142.5,142.0,HANA PA'A,,WDJ5791,37,,17,6,,,B
367791340,2021-07-01T17:25:50,33.89991,-119.57237,10.3,143.6,142.0,HANA PA'A,,WDJ5791,37,,17,6,,,B
367791340,2021-07-01T17:27:49,33.89557,-119.56770,10.9,131.7,139.0,HANA PA'A,,WDJ5791,37,,17,6,,,B
367791340,2021-07-01T17:28:51,33.89324,-119.56531,10.1,141.8,139.0,HANA PA'A,,WDJ5791,37,,17,6,,,B
367791340,2021-07-01T17:30:20,33.88977,-119.56192,10.5,140.4,138.0,HANA PA'A,,WDJ5791,37,,17,6,,,B
367791340,2021-07-01T17:31:21,33.88752,-119.55957,10.2,139.3,140.0,HANA PA'A,,WDJ5791,37,,17,6,,,B
368117820,2021-07-13T08:44:57,33.88408,-119.55938,5.4,285.1,511.0,VOYAGER,,WDL3042,36,,13,4,,,B
368117820,2021-07-13T08:46:24,33.88459,-119.56194,5.7,286.9,511.0,VOYAGER,,WDL3042,36,,13,4,,,B
368117820,2021-07-13T08:47:55,33.88514,-119.56457,5.3,286.7,511.0,VOYAGER,,WDL3042,36,,13,4,,,B
368117820,2021-07-13T08:48:58,33.88556,-119.56645,5.3,284.9,511.0,VOYAGER,,WDL3042,36,,13,4,,,B
368117820,2021-07-13T08:50:26,33.88612,-119.56906,5.3,280.5,511.0,VOYAGER,,WDL3042,36,,13,4,,,B
368117820,2021-07-13T08:51:54,33.88660,-119.57171,5.7,284.1,511.0,VOYAGER,,WDL3042,36,,13,4,,,B
368117820,2021-07-13T08:52:56,33.88698,-119.57350,5.3,285.8,511.0,VOYAGER,,WDL3042,36,,13,4,,,B
368117820,2021-07-13T08:54:24,33.88745,-119.57609,5.7,286.3,511.0,VOYAGER,,WDL3042,36,,13,4,,,B
368117820,2021-07-13T08:55:55,33.88794,-119.57871,5.4,281.9,511.0,VOYAGER,,WDL3042,36,,13,4,,,B
368117820,2021-07-13T08:57:24,33.88837,-119.58126,4.7,279.4,511.0,VOYAGER,,WDL3042,36,,13,4,,,B
368117820,2021-07-13T08:58:55,33.88880,-119.58378,5.1,281.2,511.0,VOYAGER,,WDL3042,36,,13,4,,,B
368117820,2021-07-13T08:59:56,33.88907,-119.58552,5.3,280.3,511.0,VOYAGER,,WDL3042,36,,13,4,,,B
368117820,2021-07-13T09:00:25,33.88922,-119.58638,5.1,282.0,511.0,VOYAGER,,WDL3042,36,,13,4,,,B
368117820,2021-07-13T09:01:55,33.88967,-119.58890,4.9,282.8,511.0,VOYAGER,,WDL3042,36,,13,4,,,B
368117820,2021-07-13T09:03:24,33.88999,-119.59136,5.4,282.8,511.0,VOYAGER,,WDL3042,36,,13,4,,,B
368117820,2021-07-13T09:05:24,33.89044,-119.59460,5.1,280.2,511.0,VOYAGER,,WDL3042,36,,13,4,,,B
368117820,2021-07-13T09:06:25,33.89064,-119.59627,5.0,281.1,511.0,VOYAGER,,WDL3042,36,,13,4,,,B
368117820,2021-07-13T09:07:55,33.89096,-119.59880,5.0,278.5,511.0,VOYAGER,,WDL3042,36,,13,4,,,B
368117820,2021-07-13T09:09:26,33.89129,-119.60127,5.3,277.3,511.0,VOYAGER,,WDL3042,36,,13,4,,,B
338332399,2021-07-24T23:20:25,33.90486,-119.60121,6.9,285.2,511.0,CAROLINA,,,37,,16,5,,,B
338332399,2021-07-24T23:01:56,33.89903,-119.55846,6.7,273.2,511.0,CAROLINA,,,37,,16,5,,,B
338332399,2021-07-24T23:03:26,33.89932,-119.56198,7.4,274.7,511.0,CAROLINA,,,37,,16,5,,,B
338332399,2021-07-24T23:04:55,33.89976,-119.56549,6.8,274.4,511.0,CAROLINA,,,37,,16,5,,,B
338332399,2021-07-24T23:06:56,33.89981,-119.57012,6.7,277.4,511.0,CAROLINA,,,37,,16,5,,,B
338332399,2021-07-24T23:08:55,33.90044,-119.57470,7.0,289.9,511.0,CAROLINA,,,37,,16,5,,,B
338332399,2021-07-24T23:10:55,33.90108,-119.57926,7.2,286.3,511.0,CAROLINA,,,37,,16,5,,,B
338332399,2021-07-24T23:12:55,33.90198,-119.58387,7.0,278.6,511.0,CAROLINA,,,37,,16,5,,,B
338332399,2021-07-24T23:14:25,33.90260,-119.58734,6.9,279.4,511.0,CAROLINA,,,37,,16,5,,,B
338332399,2021-07-24T23:15:55,33.90301,-119.59084,7.0,282.4,511.0,CAROLINA,,,37,,16,5,,,B
338332399,2021-07-24T23:17:25,33.90378,-119.59424,6.7,282.3,511.0,CAROLINA,,,37,,16,5,,,B
338332399,2021-07-24T23:18:55,33.90437,-119.59771,7.1,280.6,511.0,CAROLINA,,,37,,16,5,,,B
368131250,2021-09-25T17:12:29,33.89443,-119.59591,5.7,131.4,511.0,AURYN,,WDL4421,37,,16,5,,,B
368131250,2021-09-25T17:13:59,33.89281,-119.59375,5.7,133.0,511.0,AURYN,,WDL4421,37,,16,5,,,B
368131250,2021-09-25T17:18:59,33.88734,-119.58643,5.4,132.8,511.0,AURYN,,WDL4421,37,,16,5,,,B
368131250,2021-09-25T17:20:56,33.88523,-119.58355,5.8,133.1,511.0,AURYN,,WDL4421,37,,16,5,,,B
368131250,2021-09-25T17:22:27,33.88368,-119.58131,6.1,129.6,511.0,AURYN,,WDL4421,37,,16,5,,,B
367521970,2021-06-19T01:03:37,33.91021,-119.59976,7.7,118.1,511.0,RHUMB RUNNER,,WDG3052,37,,14,,,,B
367521970,2021-06-19T01:05:37,33.90806,-119.59538,7.5,120.4,511.0,RHUMB RUNNER,,WDG3052,37,,14,,,,B
367521970,2021-06-19T01:07:37,33.90587,-119.59086,7.4,120.2,511.0,RHUMB RUNNER,,WDG3052,37,,14,,,,B
367521970,2021-06-19T01:09:07,33.90425,-119.58736,8.0,121.8,511.0,RHUMB RUNNER,,WDG3052,37,,14,,,,B
367521970,2021-06-19T01:11:37,33.90172,-119.58179,7.5,116.7,511.0,RHUMB RUNNER,,WDG3052,37,,14,,,,B
367521970,2021-06-19T01:13:06,33.90021,-119.57850,7.2,120.3,511.0,RHUMB RUNNER,,WDG3052,37,,14,,,,B
367521970,2021-06-19T01:15:06,33.89821,-119.57408,7.4,119.0,511.0,RHUMB RUNNER,,WDG3052,37,,14,,,,B
367521970,2021-06-19T01:16:36,33.89666,-119.57076,7.3,122.0,511.0,RHUMB RUNNER,,WDG3052,37,,14,,,,B
367521970,2021-06-19T01:18:06,33.89507,-119.56745,7.3,117.2,511.0,RHUMB RUNNER,,WDG3052,37,,14,,,,B
367521970,2021-06-19T01:19:36,33.89346,-119.56417,7.3,118.5,511.0,RHUMB RUNNER,,WDG3052,37,,14,,,,B
367521970,2021-06-19T01:20:38,33.89236,-119.56191,7.5,122.4,511.0,RHUMB RUNNER,,WDG3052,37,,14,,,,B
367521970,2021-06-19T01:22:07,33.89072,-119.55853,7.5,123.8,511.0,RHUMB RUNNER,,WDG3052,37,,14,,,,B
367777040,2021-06-22T13:50:45,33.91375,-119.59961,6.0,91.5,100.0,FREE SPIRIT,,WDJ4369,60,,14,,,,B
367777040,2021-06-22T13:52:13,33.91364,-119.59675,6.0,92.2,100.0,FREE SPIRIT,,WDJ4369,60,,14,,,,B
367777040,2021-06-22T13:53:15,33.91358,-119.59468,5.9,94.3,100.0,FREE SPIRIT,,WDJ4369,60,,14,,,,B
367777040,2021-06-22T13:54:43,33.91352,-119.59183,6.0,87.6,102.0,FREE SPIRIT,,WDJ4369,60,,14,,,,B
367777040,2021-06-22T13:56:43,33.91340,-119.58796,5.4,89.5,101.0,FREE SPIRIT,,WDJ4369,60,,14,,,,B
367777040,2021-06-22T13:59:12,33.91326,-119.58320,5.7,94.5,100.0,FREE SPIRIT,,WDJ4369,60,,14,,,,B
367777040,2021-06-22T14:00:12,33.91321,-119.58132,5.8,87.6,102.0,FREE SPIRIT,,WDJ4369,60,,14,,,,B
367777040,2021-06-22T14:02:14,33.91313,-119.57748,5.6,87.0,101.0,FREE SPIRIT,,WDJ4369,60,,14,,,,B
367777040,2021-06-22T14:04:12,33.91332,-119.57367,6.0,73.7,81.0,FREE SPIRIT,,WDJ4369,60,,14,,,,B
367777040,2021-06-22T14:05:42,33.91472,-119.57117,6.7,49.1,60.0,FREE SPIRIT,,WDJ4369,60,,14,,,,B
367777040,2021-06-22T14:07:43,33.91772,-119.56891,6.9,20.4,32.0,FREE SPIRIT,,WDJ4369,60,,14,,,,B
369970573,2021-01-26T16:01:12,33.90846,-119.60160,10.3,80.0,76.0,REUBEN LASKER,IMO9664988,WTEG,90,0,63,15,,22,A
369970573,2021-01-26T16:02:21,33.90906,-119.59778,10.3,79.8,77.0,REUBEN LASKER,IMO9664988,WTEG,90,0,63,15,,22,A
369970573,2021-01-26T16:03:22,33.90956,-119.59445,10.2,80.1,77.0,REUBEN LASKER,IMO9664988,WTEG,90,0,63,15,,22,A
369970573,2021-01-26T16:04:28,33.91011,-119.59070,10.2,79.9,77.0,REUBEN LASKER,IMO9664988,WTEG,90,0,63,15,,22,A
369970573,2021-01-26T16:05:29,33.91062,-119.58732,10.0,79.5,76.0,REUBEN LASKER,IMO9664988,WTEG,90,0,63,15,,22,A
369970573,2021-01-26T16:06:33,33.91116,-119.58377,10.2,80.5,77.0,REUBEN LASKER,IMO9664988,WTEG,90,0,63,15,,22,A
369970573,2021-01-26T16:07:43,33.91173,-119.58001,10.2,80.0,76.0,REUBEN LASKER,IMO9664988,WTEG,90,0,63,15,,22,A
369970573,2021-01-26T16:08:52,33.91231,-119.57612,10.2,80.0,77.0,REUBEN LASKER,IMO9664988,WTEG,90,0,63,15,,22,A
369970573,2021-01-26T16:09:53,33.91282,-119.57279,10.2,79.3,76.0,REUBEN LASKER,IMO9664988,WTEG,90,0,63,15,,22,A
369970573,2021-01-26T16:11:02,33.91341,-119.56885,10.1,79.3,76.0,REUBEN LASKER,IMO9664988,WTEG,90,0,63,15,,22,A
369970573,2021-01-26T16:12:05,33.91392,-119.56551,10.3,80.4,76.0,REUBEN LASKER,IMO9664988,WTEG,90,0,63,15,,22,A
369970573,2021-01-26T16:13:11,33.91448,-119.56171,10.1,79.7,76.0,REUBEN LASKER,IMO9664988,WTEG,90,0,63,15,,22,A
367625310,2021-11-04T22:25:52,33.88663,-119.56349,8.1,106.8,511.0,NINOSKA,,WDH5178,30,,20,,,,B
367625310,2021-11-04T22:27:21,33.88580,-119.55950,8.0,104.1,511.0,NINOSKA,,WDH5178,30,,20,,,,B
367625310,2021-11-04T22:11:21,33.89487,-119.60139,8.0,105.2,511.0,NINOSKA,,WDH5178,30,,20,,,,B
367625310,2021-11-04T22:12:22,33.89418,-119.59878,7.9,109.2,511.0,NINOSKA,,WDH5178,30,,20,,,,B
367625310,2021-11-04T22:13:53,33.89331,-119.59486,8.7,103.4,511.0,NINOSKA,,WDH5178,30,,20,,,,B
367625310,2021-11-04T22:15:22,33.89244,-119.59099,8.7,106.2,511.0,NINOSKA,,WDH5178,30,,20,,,,B
367625310,2021-11-04T22:17:21,33.89134,-119.58578,7.6,104.5,511.0,NINOSKA,,WDH5178,30,,20,,,,B
367625310,2021-11-04T22:18:51,33.89044,-119.58192,7.1,102.3,511.0,NINOSKA,,WDH5178,30,,20,,,,B
367625310,2021-11-04T22:19:52,33.88992,-119.57922,8.8,103.3,511.0,NINOSKA,,WDH5178,30,,20,,,,B
367625310,2021-11-04T22:21:22,33.88911,-119.57526,8.0,106.5,511.0,NINOSKA,,WDH5178,30,,20,,,,B
367625310,2021-11-04T22:22:52,33.88827,-119.57132,7.8,104.7,511.0,NINOSKA,,WDH5178,30,,20,,,,B
367625310,2021-11-04T22:24:21,33.88745,-119.56750,8.3,105.4,511.0,NINOSKA,,WDH5178,30,,20,,,,B
367394470,2021-08-10T22:37:33,33.90809,-119.59671,4.1,109.3,511.0,SEA BEAR,,WCZ2234,37,,10,4,,,B
367394470,2021-08-10T22:39:05,33.90850,-119.59399,7.8,68.3,511.0,SEA BEAR,,WCZ2234,37,,10,4,,,B
367394470,2021-08-10T22:40:35,33.90963,-119.59038,7.3,67.8,511.0,SEA BEAR,,WCZ2234,37,,10,4,,,B
367394470,2021-08-10T22:41:36,33.91052,-119.58816,7.3,51.9,511.0,SEA BEAR,,WCZ2234,37,,10,4,,,B
367394470,2021-08-10T22:43:04,33.91232,-119.58516,7.8,65.1,511.0,SEA BEAR,,WCZ2234,37,,10,4,,,B
367394470,2021-08-10T22:44:33,33.91357,-119.58179,7.2,67.7,511.0,SEA BEAR,,WCZ2234,37,,10,4,,,B
367394470,2021-08-10T22:45:34,33.91449,-119.57957,7.9,56.3,511.0,SEA BEAR,,WCZ2234,37,,10,4,,,B
367394470,2021-08-10T22:47:04,33.91623,-119.57636,7.4,57.5,511.0,SEA BEAR,,WCZ2234,37,,10,4,,,B
367394470,2021-08-10T22:48:33,33.91794,-119.57317,7.2,57.2,511.0,SEA BEAR,,WCZ2234,37,,10,4,,,B
367394470,2021-08-20T18:42:52,33.88250,-119.56476,6.4,222.0,511.0,SEA BEAR,,WCZ2234,37,,10,4,,,B
338090147,2021-09-07T14:10:28,33.91009,-119.56868,7.5,113.1,511.0,KEMIRA,,,37,5,14,4,,36,A
338090147,2021-09-07T14:06:59,33.91334,-119.57671,7.9,116.6,511.0,KEMIRA,,,37,5,14,4,,36,A
338090147,2021-09-07T14:09:18,33.91110,-119.57139,7.8,113.4,511.0,KEMIRA,,,37,5,14,4,,36,A
338090147,2021-09-07T14:11:38,33.90909,-119.56597,7.7,114.0,511.0,KEMIRA,,,37,5,14,4,,36,A
338090147,2021-09-07T14:12:58,33.90793,-119.56289,7.6,118.6,511.0,KEMIRA,,,37,5,14,4,,36,A
338090147,2021-09-07T14:14:09,33.90678,-119.56017,7.6,118.7,511.0,KEMIRA,,,37,5,14,4,,36,A
338090147,2021-09-07T14:08:09,33.91214,-119.57404,7.7,116.0,511.0,KEMIRA,,,37,5,14,4,,36,A
338090147,2021-09-07T14:02:17,33.91777,-119.58809,8.0,114.5,511.0,KEMIRA,,,37,5,14,4,,36,A
338090147,2021-09-07T14:03:29,33.91674,-119.58513,8.0,113.5,511.0,KEMIRA,,,37,5,14,4,,36,A
338090147,2021-09-07T14:04:39,33.91572,-119.58227,7.9,113.8,511.0,KEMIRA,,,37,5,14,4,,36,A
338090147,2021-09-07T14:05:49,33.91457,-119.57946,7.9,115.5,511.0,KEMIRA,,,37,5,14,4,,36,A
367579570,2021-10-08T12:08:31,33.91394,-119.59777,4.6,124.4,511.0,LORIEN,,WDG8634,37,,11,,,,B
367579570,2021-10-08T12:11:00,33.91209,-119.59425,5.0,127.0,511.0,LORIEN,,WDG8634,37,,11,,,,B
367579570,2021-10-08T12:12:31,33.91096,-119.59206,5.2,137.5,511.0,LORIEN,,WDG8634,37,,11,,,,B
367579570,2021-10-08T12:14:00,33.90979,-119.58990,5.4,121.3,511.0,LORIEN,,WDG8634,37,,11,,,,B
367579570,2021-10-08T12:15:30,33.90858,-119.58776,5.0,125.6,511.0,LORIEN,,WDG8634,37,,11,,,,B
367579570,2021-10-08T12:16:31,33.90779,-119.58632,4.8,132.6,511.0,LORIEN,,WDG8634,37,,11,,,,B
367579570,2021-10-08T12:18:00,33.90648,-119.58414,5.4,116.1,511.0,LORIEN,,WDG8634,37,,11,,,,B
367579570,2021-10-08T12:19:31,33.90541,-119.58189,5.1,129.7,511.0,LORIEN,,WDG8634,37,,11,,,,B
367579570,2021-10-08T12:21:00,33.90422,-119.57967,5.6,121.5,511.0,LORIEN,,WDG8634,37,,11,,,,B
367579570,2021-10-08T12:22:30,33.90298,-119.57733,5.7,120.1,511.0,LORIEN,,WDG8634,37,,11,,,,B
367579570,2021-10-08T12:24:01,33.90180,-119.57525,5.5,112.7,511.0,LORIEN,,WDG8634,37,,11,,,,B
367579570,2021-10-08T12:25:03,33.90104,-119.57379,5.1,130.0,511.0,LORIEN,,WDG8634,37,,11,,,,B
367579570,2021-10-08T12:27:00,33.89945,-119.57095,5.0,117.4,511.0,LORIEN,,WDG8634,37,,11,,,,B
367579570,2021-10-08T12:28:01,33.89866,-119.56948,5.1,120.3,511.0,LORIEN,,WDG8634,37,,11,,,,B
367579570,2021-10-08T12:29:30,33.89756,-119.56729,5.4,150.8,511.0,LORIEN,,WDG8634,37,,11,,,,B
367579570,2021-10-08T12:30:31,33.89670,-119.56580,5.6,115.3,511.0,LORIEN,,WDG8634,37,,11,,,,B
367579570,2021-10-08T12:32:00,33.89552,-119.56358,5.0,116.1,511.0,LORIEN,,WDG8634,37,,11,,,,B
367579570,2021-10-08T12:34:01,33.89397,-119.56088,4.7,138.5,511.0,LORIEN,,WDG8634,37,,11,,,,B
367579570,2021-10-08T12:35:30,33.89277,-119.55882,5.0,124.9,511.0,LORIEN,,WDG8634,37,,11,,,,B
369970278,2021-05-08T14:41:26,33.91556,-119.56398,14.6,199.0,198.0,SWISS LADDER 120,,,90,0,,,,35,A
369970278,2021-05-08T14:42:28,33.91139,-119.56465,14.4,178.2,177.0,SWISS LADDER 120,,,90,0,,,,35,A
369970278,2021-05-08T14:43:33,33.90751,-119.56434,11.4,174.3,175.0,SWISS LADDER 120,,,90,0,,,,35,A
369970278,2021-05-08T14:44:38,33.90429,-119.56406,10.4,177.2,176.0,SWISS LADDER 120,,,90,0,,,,35,A
369970278,2021-05-08T14:45:44,33.90115,-119.56377,10.3,177.0,176.0,SWISS LADDER 120,,,90,0,,,,35,A
369970278,2021-05-08T14:46:48,33.89811,-119.56346,10.3,175.5,175.0,SWISS LADDER 120,,,90,0,,,,35,A
369970278,2021-05-08T14:47:58,33.89477,-119.56321,10.2,174.6,176.0,SWISS LADDER 120,,,90,0,,,,35,A
369970278,2021-05-08T14:49:05,33.89255,-119.56299,3.8,166.9,165.0,SWISS LADDER 120,,,90,0,,,,35,A
369970278,2021-05-08T14:50:08,33.89199,-119.56286,0.1,190.1,157.0,SWISS LADDER 120,,,90,0,,,,35,A
369970278,2021-05-08T14:51:11,33.89247,-119.56318,2.2,328.4,168.0,SWISS LADDER 120,,,90,0,,,,35,A
369970278,2021-05-08T14:52:17,33.89246,-119.56318,1.5,159.7,150.0,SWISS LADDER 120,,,90,0,,,,35,A
369970278,2021-05-08T14:53:18,33.89224,-119.56301,0.5,142.3,131.0,SWISS LADDER 120,,,90,0,,,,35,A
369970278,2021-05-08T14:54:28,33.89217,-119.56291,0.4,146.4,142.0,SWISS LADDER 120,,,90,0,,,,35,A
369970278,2021-05-08T14:55:38,33.89214,-119.56287,0.6,141.9,157.0,SWISS LADDER 120,,,90,0,,,,35,A
369970278,2021-05-08T14:56:45,33.89214,-119.56288,0.3,163.7,177.0,SWISS LADDER 120,,,90,0,,,,35,A
369970278,2021-05-08T14:57:48,33.89217,-119.56289,0.4,171.6,185.0,SWISS LADDER 120,,,90,0,,,,35,A
369970278,2021-05-08T14:58:58,33.89218,-119.56290,0.2,204.4,186.0,SWISS LADDER 120,,,90,0,,,,35,A
369970278,2021-05-08T15:00:07,33.89222,-119.56288,0.1,190.5,186.0,SWISS LADDER 120,,,90,0,,,,35,A
369970278,2021-05-08T15:01:09,33.89226,-119.56288,0.1,203.9,184.0,SWISS LADDER 120,,,90,0,,,,35,A
369970278,2021-05-08T15:02:19,33.89233,-119.56289,0.7,315.2,187.0,SWISS LADDER 120,,,90,0,,,,35,A
369970278,2021-05-08T15:03:28,33.89239,-119.56290,0.5,2.7,186.0,SWISS LADDER 120,,,90,0,,,,35,A
369970278,2021-05-08T15:04:37,33.89243,-119.56294,0.1,343.3,186.0,SWISS LADDER 120,,,90,0,,,,35,A
369970278,2021-05-08T15:05:38,33.89247,-119.56296,0.5,353.0,187.0,SWISS LADDER 120,,,90,0,,,,35,A
369970278,2021-05-08T15:06:47,33.89254,-119.56294,0.5,359.1,185.0,SWISS LADDER 120,,,90,0,,,,35,A
369970278,2021-05-08T15:07:57,33.89257,-119.56298,0.1,0.7,189.0,SWISS LADDER 120,,,90,0,,,,35,A
369970278,2021-05-08T15:09:09,33.89259,-119.56299,0.2,9.3,192.0,SWISS LADDER 120,,,90,0,,,,35,A
369970278,2021-05-08T15:10:17,33.89263,-119.56299,0.1,6.4,190.0,SWISS LADDER 120,,,90,0,,,,35,A
369970278,2021-05-08T15:11:28,33.89265,-119.56298,0.2,7.1,192.0,SWISS LADDER 120,,,90,0,,,,35,A
369970278,2021-05-08T15:12:39,33.89268,-119.56297,0.8,14.1,191.0,SWISS LADDER 120,,,90,0,,,,35,A
369970278,2021-05-08T15:13:49,33.89269,-119.56296,0.3,10.6,192.0,SWISS LADDER 120,,,90,0,,,,35,A
369970278,2021-05-08T15:14:58,33.89270,-119.56298,0.6,2.6,191.0,SWISS LADDER 120,,,90,0,,,,35,A
369970278,2021-05-08T15:16:09,33.89270,-119.56303,0.3,339.7,184.0,SWISS LADDER 120,,,90,0,,,,35,A
369970278,2021-05-08T15:17:18,33.89272,-119.56302,0.2,351.8,180.0,SWISS LADDER 120,,,90,0,,,,35,A
369970278,2021-05-08T15:18:28,33.89273,-119.56305,0.2,327.5,175.0,SWISS LADDER 120,,,90,0,,,,35,A
369970278,2021-05-08T15:19:37,33.89274,-119.56307,0.2,336.4,182.0,SWISS LADDER 120,,,90,0,,,,35,A
369970278,2021-05-08T15:20:48,33.89274,-119.56307,0.1,350.8,182.0,SWISS LADDER 120,,,90,0,,,,35,A
369970278,2021-05-08T15:21:59,33.89275,-119.56310,1.0,340.1,183.0,SWISS LADDER 120,,,90,0,,,,35,A
369970278,2021-05-08T15:23:08,33.89278,-119.56312,0.1,342.8,189.0,SWISS LADDER 120,,,90,0,,,,35,A
369970278,2021-05-08T15:24:17,33.89281,-119.56314,0.5,352.9,188.0,SWISS LADDER 120,,,90,0,,,,35,A
369970278,2021-05-08T15:25:38,33.89285,-119.56314,0.2,351.2,183.0,SWISS LADDER 120,,,90,0,,,,35,A
369970278,2021-05-08T15:26:48,33.89287,-119.56319,0.3,354.3,186.0,SWISS LADDER 120,,,90,0,,,,35,A
369970278,2021-05-08T15:27:58,33.89288,-119.56325,0.3,335.9,186.0,SWISS LADDER 120,,,90,0,,,,35,A
369970278,2021-05-08T15:29:08,33.89290,-119.56329,0.6,321.3,186.0,SWISS LADDER 120,,,90,0,,,,35,A
369970278,2021-05-08T15:30:17,33.89292,-119.56332,0.2,332.0,184.0,SWISS LADDER 120,,,90,0,,,,35,A
369970278,2021-05-08T15:31:28,33.89295,-119.56332,0.4,345.9,185.0,SWISS LADDER 120,,,90,0,,,,35,A
369970278,2021-05-08T15:32:37,33.89299,-119.56337,0.4,328.0,182.0,SWISS LADDER 120,,,90,0,,,,35,A
369970278,2021-05-08T15:33:38,33.89302,-119.56341,0.7,319.5,187.0,SWISS LADDER 120,,,90,0,,,,35,A
369970278,2021-05-08T15:34:58,33.89303,-119.56346,0.5,343.3,187.0,SWISS LADDER 120,,,90,0,,,,35,A
369970278,2021-05-08T15:36:08,33.89305,-119.56349,0.5,340.4,185.0,SWISS LADDER 120,,,90,0,,,,35,A
369970278,2021-05-08T15:37:18,33.89308,-119.56353,1.1,323.6,178.0,SWISS LADDER 120,,,90,0,,,,35,A
369970278,2021-05-08T15:38:27,33.89310,-119.56356,0.4,339.0,175.0,SWISS LADDER 120,,,90,0,,,,35,A
369970278,2021-05-08T15:39:28,33.89311,-119.56356,0.7,343.5,179.0,SWISS LADDER 120,,,90,0,,,,35,A
369970278,2021-05-08T15:40:38,33.89312,-119.56358,0.4,339.0,187.0,SWISS LADDER 120,,,90,0,,,,35,A
369970278,2021-05-08T15:41:48,33.89312,-119.56360,0.1,349.9,192.0,SWISS LADDER 120,,,90,0,,,,35,A
369970278,2021-05-08T15:42:57,33.89310,-119.56360,0.3,19.7,193.0,SWISS LADDER 120,,,90,0,,,,35,A
369970278,2021-05-08T15:43:58,33.89310,-119.56359,0.5,11.0,192.0,SWISS LADDER 120,,,90,0,,,,35,A
369970278,2021-05-08T15:45:09,33.89311,-119.56359,0.3,356.6,188.0,SWISS LADDER 120,,,90,0,,,,35,A
369970278,2021-05-08T15:46:18,33.89312,-119.56360,0.2,348.2,188.0,SWISS LADDER 120,,,90,0,,,,35,A
369970278,2021-05-08T15:47:29,33.89314,-119.56362,0.3,325.0,185.0,SWISS LADDER 120,,,90,0,,,,35,A
369970278,2021-05-08T15:48:39,33.89315,-119.56364,0.2,335.3,177.0,SWISS LADDER 120,,,90,0,,,,35,A
369970278,2021-05-08T15:49:48,33.89316,-119.56370,0.4,326.5,176.0,SWISS LADDER 120,,,90,0,,,,35,A
369970278,2021-05-08T15:50:58,33.89317,-119.56377,0.3,302.1,180.0,SWISS LADDER 120,,,90,0,,,,35,A
369970278,2021-05-08T15:52:07,33.89318,-119.56387,0.4,300.2,191.0,SWISS LADDER 120,,,90,0,,,,35,A
369970278,2021-05-08T15:53:08,33.89316,-119.56395,0.4,255.7,195.0,SWISS LADDER 120,,,90,0,,,,35,A
369970278,2021-05-08T15:54:18,33.89314,-119.56405,0.2,215.2,188.0,SWISS LADDER 120,,,90,0,,,,35,A
369970278,2021-05-08T15:55:28,33.89312,-119.56413,0.8,256.4,179.0,SWISS LADDER 120,,,90,0,,,,35,A
369970278,2021-05-08T15:56:38,33.89309,-119.56425,0.6,250.6,184.0,SWISS LADDER 120,,,90,0,,,,35,A
369970278,2021-05-08T15:57:48,33.89308,-119.56437,0.3,232.1,177.0,SWISS LADDER 120,,,90,0,,,,35,A
369970278,2021-05-08T15:58:59,33.89307,-119.56447,0.9,199.3,179.0,SWISS LADDER 120,,,90,0,,,,35,A
369970278,2021-05-08T16:02:07,33.89299,-119.56483,0.7,254.9,201.0,SWISS LADDER 120,,,90,0,,,,35,A
369970278,2021-05-08T16:03:08,33.89295,-119.56494,0.3,247.9,196.0,SWISS LADDER 120,,,90,0,,,,35,A
369970278,2021-05-08T16:04:18,33.89292,-119.56509,0.8,254.4,190.0,SWISS LADDER 120,,,90,0,,,,35,A
369970278,2021-05-08T16:05:29,33.89291,-119.56524,0.6,202.7,183.0,SWISS LADDER 120,,,90,0,,,,35,A
369970278,2021-05-08T16:06:38,33.89290,-119.56534,0.7,254.3,176.0,SWISS LADDER 120,,,90,0,,,,35,A
369970278,2021-05-08T16:07:48,33.89292,-119.56549,0.2,247.6,181.0,SWISS LADDER 120,,,90,0,,,,35,A
369970278,2021-05-08T16:08:58,33.89292,-119.56560,0.0,271.8,185.0,SWISS LADDER 120,,,90,0,,,,35,A
369970278,2021-05-08T16:10:09,33.89296,-119.56572,0.2,281.4,173.0,SWISS LADDER 120,,,90,0,,,,35,A
369970278,2021-05-08T16:11:17,33.89295,-119.56585,0.3,283.4,172.0,SWISS LADDER 120,,,90,0,,,,35,A
369970278,2021-05-08T16:12:18,33.89295,-119.56595,0.1,290.7,177.0,SWISS LADDER 120,,,90,0,,,,35,A
369970278,2021-05-08T16:13:27,33.89297,-119.56608,0.6,290.9,173.0,SWISS LADDER 120,,,90,0,,,,35,A
369970278,2021-05-08T16:14:38,33.89301,-119.56621,0.3,294.0,172.0,SWISS LADDER 120,,,90,0,,,,35,A
369970278,2021-05-08T16:15:49,33.89302,-119.56628,0.1,309.6,178.0,SWISS LADDER 120,,,90,0,,,,35,A
369970278,2021-05-08T16:16:58,33.89306,-119.56635,0.8,308.1,184.0,SWISS LADDER 120,,,90,0,,,,35,A
369970278,2021-05-08T16:18:07,33.89308,-119.56643,0.8,318.5,183.0,SWISS LADDER 120,,,90,0,,,,35,A
369970278,2021-05-08T16:19:08,33.89309,-119.56651,1.1,304.4,189.0,SWISS LADDER 120,,,90,0,,,,35,A
369970278,2021-05-08T16:20:17,33.89309,-119.56660,0.5,253.6,189.0,SWISS LADDER 120,,,90,0,,,,35,A
369970278,2021-05-08T16:21:27,33.89307,-119.56675,0.6,256.0,189.0,SWISS LADDER 120,,,90,0,,,,35,A
369970278,2021-05-08T16:22:28,33.89306,-119.56689,0.8,252.8,182.0,SWISS LADDER 120,,,90,0,,,,35,A
369970278,2021-05-08T16:23:38,33.89304,-119.56704,0.8,251.9,182.0,SWISS LADDER 120,,,90,0,,,,35,A
369970278,2021-05-08T16:24:48,33.89301,-119.56718,1.3,242.3,183.0,SWISS LADDER 120,,,90,0,,,,35,A
369970278,2021-05-08T16:25:59,33.89297,-119.56732,0.1,253.9,179.0,SWISS LADDER 120,,,90,0,,,,35,A
369970278,2021-05-08T16:27:08,33.89296,-119.56747,0.5,256.1,172.0,SWISS LADDER 120,,,90,0,,,,35,A
369970278,2021-05-08T16:28:17,33.89291,-119.56767,0.2,245.6,175.0,SWISS LADDER 120,,,90,0,,,,35,A
369970278,2021-05-08T16:29:28,33.89286,-119.56786,0.9,254.4,175.0,SWISS LADDER 120,,,90,0,,,,35,A
369970278,2021-05-08T16:30:29,33.89186,-119.56802,7.2,194.8,195.0,SWISS LADDER 120,,,90,0,,,,35,A
369970278,2021-05-08T16:31:31,33.88971,-119.56842,9.1,158.2,155.0,SWISS LADDER 120,,,90,0,,,,35,A
369970278,2021-05-08T16:32:35,33.88669,-119.56844,13.3,211.1,211.0,SWISS LADDER 120,,,90,0,,,,35,A
369970278,2021-05-08T16:33:38,33.88457,-119.56962,6.7,171.4,167.0,SWISS LADDER 120,,,90,0,,,,35,A
369970278,2021-05-08T16:35:00,33.88387,-119.56917,8.3,132.4,126.0,SWISS LADDER 120,,,90,0,,,,35,A
369970278,2021-05-08T22:35:18,33.88422,-119.56676,1.1,67.7,67.0,SWISS LADDER 120,,,90,0,,,,35,A
367691060,2021-05-28T14:33:10,33.91762,-119.58778,6.8,108.7,511.0,MOON NAH MAH NA,,WDI3705,36,,14,4,,,B
367691060,2021-05-28T14:34:12,33.91675,-119.58556,6.3,110.2,511.0,MOON NAH MAH NA,,WDI3705,36,,14,4,,,B
367691060,2021-05-28T14:35:40,33.91557,-119.58249,6.9,113.6,511.0,MOON NAH MAH NA,,WDI3705,36,,14,4,,,B
367691060,2021-05-28T14:36:42,33.91472,-119.58034,7.0,115.5,511.0,MOON NAH MAH NA,,WDI3705,36,,14,4,,,B
367691060,2021-05-28T14:38:09,33.91352,-119.57734,6.0,117.1,511.0,MOON NAH MAH NA,,WDI3705,36,,14,4,,,B
367691060,2021-05-28T14:39:11,33.91266,-119.57524,7.1,115.0,511.0,MOON NAH MAH NA,,WDI3705,36,,14,4,,,B
367691060,2021-05-28T14:40:40,33.91142,-119.57221,7.6,113.3,511.0,MOON NAH MAH NA,,WDI3705,36,,14,4,,,B
367691060,2021-05-28T14:41:41,33.91058,-119.57012,6.8,114.9,511.0,MOON NAH MAH NA,,WDI3705,36,,14,4,,,B
367691060,2021-05-28T14:43:10,33.90935,-119.56707,7.2,114.7,511.0,MOON NAH MAH NA,,WDI3705,36,,14,4,,,B
367691060,2021-05-28T14:44:41,33.90816,-119.56390,7.4,115.0,511.0,MOON NAH MAH NA,,WDI3705,36,,14,4,,,B
367691060,2021-05-28T14:46:10,33.90700,-119.56078,6.5,115.3,511.0,MOON NAH MAH NA,,WDI3705,36,,14,4,,,B
368205830,2021-10-21T15:32:46,33.91388,-119.60066,6.4,116.5,511.0,FUNDANGO,,WDM4377,36,,14,4,,,B
368205830,2021-10-21T15:34:15,33.91259,-119.59759,7.2,117.2,511.0,FUNDANGO,,WDM4377,36,,14,4,,,B
368205830,2021-10-21T15:35:45,33.91136,-119.59451,6.0,118.0,511.0,FUNDANGO,,WDM4377,36,,14,4,,,B
368205830,2021-10-21T21:40:45,33.91136,-119.59451,6.0,118.0,511.0,FUNDANGO,,WDM4377,36,,14,4,,,B
369970278,2021-10-22T13:44:01,33.90862,-119.56012,15.7,162.3,164.0,SWISS LADDER 120,,,90,0,,,,35,A
369970278,2021-10-22T15:17:09,33.88363,-119.55975,4.9,267.2,272.0,SWISS LADDER 120,,,90,0,,,,35,A
369970278,2021-10-22T15:18:18,33.88356,-119.56164,4.8,275.0,272.0,SWISS LADDER 120,,,90,0,,,,35,A
369970278,2021-10-22T15:19:30,33.88350,-119.56357,4.9,269.6,272.0,SWISS LADDER 120,,,90,0,,,,35,A
369970278,2021-10-22T15:20:38,33.88341,-119.56549,4.9,263.1,273.0,SWISS LADDER 120,,,90,0,,,,35,A
369970278,2021-10-22T15:21:48,33.88330,-119.56741,5.4,263.0,271.0,SWISS LADDER 120,,,90,0,,,,35,A
369970278,2021-10-22T15:22:49,33.88318,-119.56908,4.9,267.1,271.0,SWISS LADDER 120,,,90,0,,,,35,A
369970278,2021-10-22T15:23:59,33.88305,-119.57094,4.4,270.3,273.0,SWISS LADDER 120,,,90,0,,,,35,A
369970278,2021-10-22T15:25:09,33.88295,-119.57281,5.2,265.4,272.0,SWISS LADDER 120,,,90,0,,,,35,A
369970278,2021-10-22T15:26:19,33.88285,-119.57482,5.1,266.9,272.0,SWISS LADDER 120,,,90,0,,,,35,A
369970278,2021-10-22T15:27:28,33.88277,-119.57664,4.5,270.6,273.0,SWISS LADDER 120,,,90,0,,,,35,A
369970278,2021-10-22T15:28:38,33.88267,-119.57848,4.6,269.7,273.0,SWISS LADDER 120,,,90,0,,,,35,A
369970278,2021-10-22T15:29:42,33.88217,-119.57994,5.8,193.7,180.0,SWISS LADDER 120,,,90,0,,,,35,A
369970278,2021-10-22T15:39:48,33.88207,-119.56848,3.4,83.3,79.0,SWISS LADDER 120,,,90,0,,,,35,A
369970278,2021-10-22T15:46:08,33.88267,-119.56193,3.7,87.0,79.0,SWISS LADDER 120,,,90,0,,,,35,A
369970278,2021-10-22T15:47:18,33.88278,-119.56073,3.3,84.4,79.0,SWISS LADDER 120,,,90,0,,,,35,A
369970278,2021-10-22T15:48:22,33.88303,-119.55984,0.8,63.4,37.0,SWISS LADDER 120,,,90,0,,,,35,A
369970278,2021-10-22T15:49:24,33.88313,-119.55965,0.5,38.4,0.0,SWISS LADDER 120,,,90,0,,,,35,A
369970278,2021-10-22T15:50:28,33.88314,-119.55953,0.3,78.9,340.0,SWISS LADDER 120,,,90,0,,,,35,A
369970278,2021-10-22T15:51:39,33.88312,-119.55934,0.5,104.4,333.0,SWISS LADDER 120,,,90,0,,,,35,A
369970278,2021-10-22T15:52:49,33.88308,-119.55914,0.7,113.2,339.0,SWISS LADDER 120,,,90,0,,,,35,A
369970278,2021-10-22T15:54:08,33.88302,-119.55892,1.9,122.8,333.0,SWISS LADDER 120,,,90,0,,,,35,A
369970278,2021-10-22T15:55:18,33.88301,-119.55871,0.4,101.6,333.0,SWISS LADDER 120,,,90,0,,,,35,A
369970278,2021-10-22T15:56:28,33.88300,-119.55851,0.7,97.0,336.0,SWISS LADDER 120,,,90,0,,,,35,A
369970278,2021-10-22T13:43:00,33.91690,-119.56328,15.5,162.3,164.0,SWISS LADDER 120,,,90,0,,,,35,A
369970278,2021-02-18T23:38:30,33.91782,-119.59853,3.7,139.3,135.0,SWISS LADDER 120,,,90,0,,,13.1,82,A
369970278,2021-02-18T23:39:39,33.91690,-119.59758,3.7,139.3,135.0,SWISS LADDER 120,,,90,0,,,13.1,82,A
369970278,2021-02-18T23:40:40,33.91612,-119.59674,3.8,136.8,135.0,SWISS LADDER 120,,,90,0,,,13.1,82,A
369970278,2021-02-18T23:41:48,33.91523,-119.59581,3.7,140.8,135.0,SWISS LADDER 120,,,90,0,,,13.1,82,A
369970278,2021-02-18T23:43:39,33.91456,-119.59510,3.8,139.7,136.0,SWISS LADDER 120,,,90,0,,,13.1,82,A
369970278,2021-02-18T23:44:49,33.91291,-119.59344,3.5,146.8,139.0,SWISS LADDER 120,,,90,0,,,13.1,82,A
369970278,2021-02-18T23:45:58,33.91191,-119.59261,3.9,144.0,136.0,SWISS LADDER 120,,,90,0,,,13.1,82,A
369970278,2021-02-18T23:46:59,33.91104,-119.59185,3.7,143.7,136.0,SWISS LADDER 120,,,90,0,,,13.1,82,A
369970278,2021-02-18T23:48:10,33.91004,-119.59092,3.8,140.4,135.0,SWISS LADDER 120,,,90,0,,,13.1,82,A
369970278,2021-02-18T23:49:19,33.90912,-119.58999,3.8,139.8,135.0,SWISS LADDER 120,,,90,0,,,13.1,82,A
369970278,2021-02-18T23:50:28,33.90823,-119.58900,3.8,136.5,135.0,SWISS LADDER 120,,,90,0,,,13.1,82,A
369970278,2021-02-18T23:51:49,33.90773,-119.58834,1.0,133.9,129.0,SWISS LADDER 120,,,90,0,,,13.1,82,A
369970278,2021-02-18T23:52:59,33.90736,-119.58766,8.5,121.8,122.0,SWISS LADDER 120,,,90,0,,,13.1,82,A
369970278,2021-02-18T23:54:00,33.90482,-119.58369,16.7,128.2,131.0,SWISS LADDER 120,,,90,0,,,13.1,82,A
369970278,2021-02-18T23:55:06,33.90155,-119.57887,16.7,129.1,132.0,SWISS LADDER 120,,,90,0,,,13.1,82,A
369970278,2021-02-18T23:56:12,33.89867,-119.57468,8.1,128.1,130.0,SWISS LADDER 120,,,90,0,,,13.1,82,A
369970278,2021-02-18T23:57:17,33.89798,-119.57360,2.1,129.1,131.0,SWISS LADDER 120,,,90,0,,,13.1,82,A
369970278,2021-02-18T23:58:18,33.89762,-119.57325,1.2,162.7,187.0,SWISS LADDER 120,,,90,0,,,13.1,82,A
369970278,2021-02-18T23:59:59,33.89746,-119.57317,0.8,159.1,193.0,SWISS LADDER 120,,,90,0,,,13.1,82,A
369970278,2021-02-19T00:00:06,33.89731,-119.57305,0.6,136.5,198.0,SWISS LADDER 120,,,90,0,,,13.1,82,A
369970278,2021-02-19T00:01:15,33.89723,-119.57288,0.4,127.7,200.0,SWISS LADDER 120,,,90,0,,,13.1,82,A
369970278,2021-02-19T00:02:25,33.89716,-119.57271,0.6,110.1,201.0,SWISS LADDER 120,,,90,0,,,13.1,82,A
369970278,2021-02-19T00:03:35,33.89713,-119.57252,0.5,92.5,195.0,SWISS LADDER 120,,,90,0,,,13.1,82,A
369970278,2021-02-19T00:04:46,33.89711,-119.57232,0.6,95.4,185.0,SWISS LADDER 120,,,90,0,,,13.1,82,A
369970278,2021-02-19T00:05:55,33.89711,-119.57210,0.5,88.9,181.0,SWISS LADDER 120,,,90,0,,,13.1,82,A
369970278,2021-02-19T00:07:04,33.89712,-119.57187,0.7,87.8,180.0,SWISS LADDER 120,,,90,0,,,13.1,82,A
369970278,2021-02-19T00:08:06,33.89714,-119.57167,0.5,85.1,179.0,SWISS LADDER 120,,,90,0,,,13.1,82,A
369970278,2021-02-19T00:09:15,33.89715,-119.57144,0.6,84.4,178.0,SWISS LADDER 120,,,90,0,,,13.1,82,A
369970278,2021-02-19T00:10:25,33.89716,-119.57123,0.6,86.2,175.0,SWISS LADDER 120,,,90,0,,,13.1,82,A
369970278,2021-02-19T00:11:35,33.89717,-119.57101,0.5,85.7,176.0,SWISS LADDER 120,,,90,0,,,13.1,82,A
369970278,2021-02-19T00:12:46,33.89718,-119.57077,0.5,93.0,177.0,SWISS LADDER 120,,,90,0,,,13.1,82,A
369970278,2021-02-19T00:13:49,33.89672,-119.57037,8.1,148.8,137.0,SWISS LADDER 120,,,90,0,,,13.1,82,A
369970278,2021-02-19T00:14:54,33.89622,-119.56786,4.9,91.3,94.0,SWISS LADDER 120,,,90,0,,,13.1,82,A
369970278,2021-02-19T00:16:06,33.89626,-119.56614,4.2,82.8,84.0,SWISS LADDER 120,,,90,0,,,13.1,82,A
369970278,2021-02-19T00:17:08,33.89657,-119.56500,5.0,60.7,63.0,SWISS LADDER 120,,,90,0,,,13.1,82,A
369970278,2021-02-19T05:54:19,33.89670,-119.56470,5.4,63.1,66.0,SWISS LADDER 120,,,90,0,,,13.1,82,A
369970278,2021-03-12T15:59:25,33.91496,-119.57278,11.9,188.3,190.0,SWISS LADDER 120,,,90,0,,,3.7,30,A
369970278,2021-03-12T16:00:01,33.91320,-119.57312,10.2,189.5,191.0,SWISS LADDER 120,,,90,0,,,3.7,30,A
369970278,2021-03-12T16:01:02,33.91044,-119.57368,10.3,190.7,191.0,SWISS LADDER 120,,,90,0,,,3.7,30,A
369970278,2021-03-12T16:02:03,33.90762,-119.57507,13.2,243.0,251.0,SWISS LADDER 120,,,90,0,,,3.7,30,A
369970278,2021-03-12T16:03:05,33.90983,-119.57789,13.4,339.9,342.0,SWISS LADDER 120,,,90,0,,,3.7,30,A
369970278,2021-03-12T16:04:09,33.91293,-119.57991,7.6,323.6,329.0,SWISS LADDER 120,,,90,0,,,3.7,30,A
369970278,2021-03-12T16:05:11,33.91437,-119.58095,3.3,335.4,335.0,SWISS LADDER 120,,,90,0,,,3.7,30,A
369970278,2021-03-12T16:06:17,33.91486,-119.58130,1.3,322.0,335.0,SWISS LADDER 120,,,90,0,,,3.7,30,A
369970278,2021-03-12T16:07:23,33.91507,-119.58149,0.8,309.5,319.0,SWISS LADDER 120,,,90,0,,,3.7,30,A
369970278,2021-03-12T16:08:34,33.91518,-119.58165,0.5,307.3,311.0,SWISS LADDER 120,,,90,0,,,3.7,30,A
369970278,2021-03-12T16:09:43,33.91522,-119.58176,0.7,303.8,308.0,SWISS LADDER 120,,,90,0,,,3.7,30,A
369970278,2021-03-12T16:10:44,33.91523,-119.58182,0.4,290.1,306.0,SWISS LADDER 120,,,90,0,,,3.7,30,A
369970278,2021-03-12T16:11:47,33.91516,-119.58173,1.0,134.4,321.0,SWISS LADDER 120,,,90,0,,,3.7,30,A
369970278,2021-03-12T16:12:53,33.91507,-119.58166,0.5,154.8,334.0,SWISS LADDER 120,,,90,0,,,3.7,30,A
369970278,2021-03-12T16:13:56,33.91495,-119.58164,1.2,176.7,358.0,SWISS LADDER 120,,,90,0,,,3.7,30,A
369970278,2021-03-12T16:15:04,33.91474,-119.58165,1.0,194.2,18.0,SWISS LADDER 120,,,90,0,,,3.7,30,A
369970278,2021-03-12T16:16:13,33.91461,-119.58170,0.5,203.1,29.0,SWISS LADDER 120,,,90,0,,,3.7,30,A
369970278,2021-03-12T16:17:24,33.91495,-119.58157,1.0,13.6,13.0,SWISS LADDER 120,,,90,0,,,3.7,30,A
369970278,2021-03-12T16:18:29,33.91525,-119.58153,0.8,1.2,358.0,SWISS LADDER 120,,,90,0,,,3.7,30,A
369970278,2021-03-12T16:19:32,33.91542,-119.58157,0.8,340.8,343.0,SWISS LADDER 120,,,90,0,,,3.7,30,A
369970278,2021-03-12T16:20:43,33.91552,-119.58158,0.5,342.9,330.0,SWISS LADDER 120,,,90,0,,,3.7,30,A
369970278,2021-03-12T16:21:53,33.91555,-119.58158,0.1,311.4,315.0,SWISS LADDER 120,,,90,0,,,3.7,30,A
369970278,2021-03-12T16:23:03,33.91555,-119.58163,0.0,300.1,303.0,SWISS LADDER 120,,,90,0,,,3.7,30,A
369970278,2021-03-12T16:24:12,33.91553,-119.58165,0.2,308.7,304.0,SWISS LADDER 120,,,90,0,,,3.7,30,A
369970278,2021-03-12T16:25:23,33.91555,-119.58164,0.4,294.5,307.0,SWISS LADDER 120,,,90,0,,,3.7,30,A
369970278,2021-03-12T16:26:32,33.91552,-119.58168,0.1,236.5,304.0,SWISS LADDER 120,,,90,0,,,3.7,30,A
369970278,2021-03-12T16:27:42,33.91546,-119.58170,0.1,183.6,305.0,SWISS LADDER 120,,,90,0,,,3.7,30,A
369970278,2021-03-12T16:28:44,33.91544,-119.58170,0.4,160.3,311.0,SWISS LADDER 120,,,90,0,,,3.7,30,A
369970278,2021-03-12T16:29:53,33.91540,-119.58165,0.3,162.3,317.0,SWISS LADDER 120,,,90,0,,,3.7,30,A
369970278,2021-03-12T16:31:04,33.91534,-119.58166,0.3,171.4,321.0,SWISS LADDER 120,,,90,0,,,3.7,30,A
369970278,2021-03-12T16:32:14,33.91530,-119.58164,0.2,157.3,324.0,SWISS LADDER 120,,,90,0,,,3.7,30,A
369970278,2021-03-12T16:33:23,33.91524,-119.58161,0.3,167.9,326.0,SWISS LADDER 120,,,90,0,,,3.7,30,A
369970278,2021-03-12T16:34:34,33.91518,-119.58160,0.3,150.7,330.0,SWISS LADDER 120,,,90,0,,,3.7,30,A
369970278,2021-03-12T16:35:44,33.91516,-119.58159,0.6,142.1,331.0,SWISS LADDER 120,,,90,0,,,3.7,30,A
369970278,2021-03-12T16:36:53,33.91512,-119.58159,0.2,161.3,330.0,SWISS LADDER 120,,,90,0,,,3.7,30,A
369970278,2021-03-12T16:38:03,33.91512,-119.58157,0.4,156.8,332.0,SWISS LADDER 120,,,90,0,,,3.7,30,A
369970278,2021-03-12T16:39:14,33.91509,-119.58156,0.5,149.5,334.0,SWISS LADDER 120,,,90,0,,,3.7,30,A
369970278,2021-03-12T16:40:15,33.91504,-119.58153,0.6,165.6,326.0,SWISS LADDER 120,,,90,0,,,3.7,30,A
369970278,2021-03-12T16:41:23,33.91502,-119.58154,0.3,170.0,317.0,SWISS LADDER 120,,,90,0,,,3.7,30,A
369970278,2021-03-12T16:42:33,33.91498,-119.58155,0.4,157.4,310.0,SWISS LADDER 120,,,90,0,,,3.7,30,A
369970278,2021-03-12T16:43:44,33.91496,-119.58156,0.3,137.7,313.0,SWISS LADDER 120,,,90,0,,,3.7,30,A
369970278,2021-03-12T16:44:53,33.91493,-119.58157,0.2,161.8,320.0,SWISS LADDER 120,,,90,0,,,3.7,30,A
369970278,2021-03-12T16:46:04,33.91491,-119.58159,0.6,162.7,325.0,SWISS LADDER 120,,,90,0,,,3.7,30,A
369970278,2021-03-12T16:47:13,33.91489,-119.58163,0.3,167.3,326.0,SWISS LADDER 120,,,90,0,,,3.7,30,A
369970278,2021-03-12T16:48:24,33.91488,-119.58165,0.8,181.4,329.0,SWISS LADDER 120,,,90,0,,,3.7,30,A
369970278,2021-03-12T16:49:34,33.91486,-119.58168,0.2,172.6,325.0,SWISS LADDER 120,,,90,0,,,3.7,30,A
369970278,2021-03-12T16:50:43,33.91485,-119.58170,0.5,157.7,320.0,SWISS LADDER 120,,,90,0,,,3.7,30,A
369970278,2021-03-12T16:51:53,33.91484,-119.58173,0.7,150.6,325.0,SWISS LADDER 120,,,90,0,,,3.7,30,A
369970278,2021-03-12T16:53:03,33.91484,-119.58175,0.4,175.6,328.0,SWISS LADDER 120,,,90,0,,,3.7,30,A
369970278,2021-03-12T16:54:12,33.91484,-119.58178,0.2,176.0,327.0,SWISS LADDER 120,,,90,0,,,3.7,30,A
369970278,2021-03-12T16:55:24,33.91484,-119.58181,0.3,216.4,328.0,SWISS LADDER 120,,,90,0,,,3.7,30,A
369970278,2021-03-12T16:56:34,33.91484,-119.58184,0.2,202.2,329.0,SWISS LADDER 120,,,90,0,,,3.7,30,A
369970278,2021-03-12T16:57:44,33.91484,-119.58186,0.6,159.0,327.0,SWISS LADDER 120,,,90,0,,,3.7,30,A
369970278,2021-03-12T16:58:52,33.91485,-119.58190,0.5,167.1,330.0,SWISS LADDER 120,,,90,0,,,3.7,30,A
369970278,2021-03-12T17:00:03,33.91485,-119.58193,0.2,179.7,332.0,SWISS LADDER 120,,,90,0,,,3.7,30,A
369970278,2021-03-12T17:01:13,33.91487,-119.58198,0.2,182.3,326.0,SWISS LADDER 120,,,90,0,,,3.7,30,A
369970278,2021-03-12T17:02:22,33.91487,-119.58204,0.2,273.8,324.0,SWISS LADDER 120,,,90,0,,,3.7,30,A
369970278,2021-03-12T17:03:34,33.91489,-119.58209,0.1,291.2,317.0,SWISS LADDER 120,,,90,0,,,3.7,30,A
369970278,2021-03-12T17:04:44,33.91491,-119.58216,0.1,313.1,321.0,SWISS LADDER 120,,,90,0,,,3.7,30,A
369970278,2021-03-12T17:05:54,33.91495,-119.58224,0.3,306.4,326.0,SWISS LADDER 120,,,90,0,,,3.7,30,A
369970278,2021-03-12T17:07:04,33.91497,-119.58231,0.4,308.3,332.0,SWISS LADDER 120,,,90,0,,,3.7,30,A
369970278,2021-03-12T17:08:14,33.91499,-119.58238,0.8,295.4,335.0,SWISS LADDER 120,,,90,0,,,3.7,30,A
369970278,2021-03-12T17:09:24,33.91502,-119.58244,0.6,306.6,335.0,SWISS LADDER 120,,,90,0,,,3.7,30,A
369970278,2021-03-12T17:10:32,33.91504,-119.58252,0.5,287.8,332.0,SWISS LADDER 120,,,90,0,,,3.7,30,A
369970278,2021-03-12T17:11:33,33.91507,-119.58257,0.6,315.9,330.0,SWISS LADDER 120,,,90,0,,,3.7,30,A
369970278,2021-03-12T17:12:44,33.91508,-119.58263,0.3,299.2,326.0,SWISS LADDER 120,,,90,0,,,3.7,30,A
369970278,2021-03-12T17:13:53,33.91511,-119.58270,0.2,307.2,322.0,SWISS LADDER 120,,,90,0,,,3.7,30,A
369970278,2021-03-12T17:15:03,33.91511,-119.58274,0.4,308.0,324.0,SWISS LADDER 120,,,90,0,,,3.7,30,A
369970278,2021-03-12T17:16:13,33.91513,-119.58279,0.6,301.7,319.0,SWISS LADDER 120,,,90,0,,,3.7,30,A
369970278,2021-03-12T17:17:22,33.91515,-119.58282,0.2,318.8,318.0,SWISS LADDER 120,,,90,0,,,3.7,30,A
369970278,2021-03-12T17:18:43,33.91519,-119.58286,0.5,324.1,323.0,SWISS LADDER 120,,,90,0,,,3.7,30,A
369970278,2021-03-12T17:19:52,33.91524,-119.58289,0.3,326.9,323.0,SWISS LADDER 120,,,90,0,,,3.7,30,A
369970278,2021-03-12T17:20:53,33.91527,-119.58291,0.4,316.9,323.0,SWISS LADDER 120,,,90,0,,,3.7,30,A
369970278,2021-03-12T17:22:03,33.91529,-119.58295,0.5,311.2,323.0,SWISS LADDER 120,,,90,0,,,3.7,30,A
369970278,2021-03-12T17:23:13,33.91531,-119.58300,0.1,310.7,324.0,SWISS LADDER 120,,,90,0,,,3.7,30,A
369970278,2021-03-12T17:24:23,33.91534,-119.58304,0.2,305.7,326.0,SWISS LADDER 120,,,90,0,,,3.7,30,A
369970278,2021-03-12T17:25:34,33.91536,-119.58309,0.5,310.4,328.0,SWISS LADDER 120,,,90,0,,,3.7,30,A
369970278,2021-03-12T17:26:42,33.91537,-119.58313,0.6,314.4,323.0,SWISS LADDER 120,,,90,0,,,3.7,30,A
369970278,2021-03-12T17:27:44,33.91540,-119.58316,0.2,319.2,325.0,SWISS LADDER 120,,,90,0,,,3.7,30,A
369970278,2021-03-12T17:28:54,33.91543,-119.58317,0.7,334.1,330.0,SWISS LADDER 120,,,90,0,,,3.7,30,A
369970278,2021-03-12T17:30:04,33.91546,-119.58319,0.8,336.0,333.0,SWISS LADDER 120,,,90,0,,,3.7,30,A
369970278,2021-03-12T17:31:13,33.91550,-119.58321,0.9,341.6,336.0,SWISS LADDER 120,,,90,0,,,3.7,30,A
369970278,2021-03-12T17:32:24,33.91557,-119.58325,0.3,338.8,331.0,SWISS LADDER 120,,,90,0,,,3.7,30,A
369970278,2021-03-12T17:33:33,33.91565,-119.58328,0.5,325.3,318.0,SWISS LADDER 120,,,90,0,,,3.7,30,A
369970278,2021-03-12T17:34:44,33.91572,-119.58330,0.6,329.3,315.0,SWISS LADDER 120,,,90,0,,,3.7,30,A
369970278,2021-03-12T17:35:52,33.91577,-119.58333,0.9,327.4,317.0,SWISS LADDER 120,,,90,0,,,3.7,30,A
369970278,2021-03-12T17:37:04,33.91585,-119.58336,0.3,332.3,323.0,SWISS LADDER 120,,,90,0,,,3.7,30,A
369970278,2021-03-12T17:38:09,33.91598,-119.58347,1.5,303.3,301.0,SWISS LADDER 120,,,90,0,,,3.7,30,A
369970278,2021-03-12T17:39:13,33.91613,-119.58458,3.3,271.8,268.0,SWISS LADDER 120,,,90,0,,,3.7,30,A
369970278,2021-03-12T17:40:17,33.91630,-119.58629,8.6,286.1,285.0,SWISS LADDER 120,,,90,0,,,3.7,30,A
369970278,2021-03-12T17:41:24,33.91659,-119.59196,19.5,271.2,272.0,SWISS LADDER 120,,,90,0,,,3.7,30,A
369970278,2021-03-12T17:42:25,33.91675,-119.59856,19.3,271.4,272.0,SWISS LADDER 120,,,90,0,,,3.7,30,A
369970278,2021-08-03T17:00:01,33.89035,-119.55917,1.3,357.8,339.0,SWISS LADDER 120,,,90,0,,,,35,A
369970278,2021-08-03T17:01:02,33.89049,-119.55910,0.8,14.7,343.0,SWISS LADDER 120,,,90,0,,,,35,A
369970278,2021-08-03T17:02:11,33.89065,-119.55903,0.2,28.3,341.0,SWISS LADDER 120,,,90,0,,,,35,A
369970278,2021-08-03T17:04:30,33.89094,-119.55891,0.4,359.4,511.0,SWISS LADDER 120,,,90,0,,,,35,A
369970278,2021-08-03T17:05:40,33.89106,-119.55885,1.2,21.9,353.0,SWISS LADDER 120,,,90,0,,,,35,A
369970278,2021-08-03T17:06:51,33.89119,-119.55880,1.3,14.3,350.0,SWISS LADDER 120,,,90,0,,,,35,A
369970278,2021-08-03T17:08:01,33.89135,-119.55874,1.0,358.1,346.0,SWISS LADDER 120,,,90,0,,,,35,A
369970278,2021-08-03T17:09:12,33.89152,-119.55867,1.7,19.3,343.0,SWISS LADDER 120,,,90,0,,,,35,A
369970278,2021-08-03T17:11:00,33.89162,-119.55866,2.2,10.5,341.0,SWISS LADDER 120,,,90,0,,,,35,A
369970278,2021-08-03T17:12:01,33.89186,-119.55856,0.6,11.5,345.0,SWISS LADDER 120,,,90,0,,,,35,A
369970278,2021-08-03T17:13:11,33.89200,-119.55852,0.3,359.9,346.0,SWISS LADDER 120,,,90,0,,,,35,A
369970278,2021-08-03T17:14:21,33.89215,-119.55846,0.6,16.3,349.0,SWISS LADDER 120,,,90,0,,,,35,A
369970278,2021-08-03T17:15:32,33.89230,-119.55841,0.4,14.7,349.0,SWISS LADDER 120,,,90,0,,,,35,A
369970278,2021-01-11T08:29:57,33.91572,-119.57606,11.4,195.6,193.0,SWISS LADDER 120,,,90,0,,,,52,A
369970278,2021-01-11T08:31:08,33.91209,-119.57719,11.4,194.7,193.0,SWISS LADDER 120,,,90,0,,,,52,A
369970278,2021-01-11T08:32:18,33.90856,-119.57828,11.3,194.7,192.0,SWISS LADDER 120,,,90,0,,,,52,A
369970278,2021-01-11T08:33:28,33.90496,-119.57944,11.4,195.2,193.0,SWISS LADDER 120,,,90,0,,,,52,A
369970278,2021-01-11T08:34:38,33.90140,-119.58056,11.3,193.8,193.0,SWISS LADDER 120,,,90,0,,,,52,A
369970278,2021-01-11T08:35:47,33.89789,-119.58171,11.4,195.0,193.0,SWISS LADDER 120,,,90,0,,,,52,A
369970278,2021-01-11T08:36:59,33.89427,-119.58288,11.3,195.6,192.0,SWISS LADDER 120,,,90,0,,,,52,A
369970278,2021-01-11T08:38:08,33.89083,-119.58399,11.2,193.6,192.0,SWISS LADDER 120,,,90,0,,,,52,A
369970278,2021-01-11T08:39:18,33.88727,-119.58517,11.2,195.7,193.0,SWISS LADDER 120,,,90,0,,,,52,A
369970278,2021-01-11T08:40:29,33.88374,-119.58634,11.1,195.8,193.0,SWISS LADDER 120,,,90,0,,,,52,A
369970278,2021-02-05T15:42:59,33.90067,-119.55895,15.6,202.0,202.0,SWISS LADDER 120,,,90,0,,,14.8,71,A
369970278,2021-02-05T15:44:05,33.89652,-119.56090,10.7,201.6,200.0,SWISS LADDER 120,,,90,0,,,14.8,71,A
369970278,2021-02-05T15:45:07,33.89524,-119.56142,2.2,180.3,168.0,SWISS LADDER 120,,,90,0,,,14.8,71,A
369970278,2021-02-05T15:46:09,33.89488,-119.56104,1.0,84.6,118.0,SWISS LADDER 120,,,90,0,,,14.8,71,A
369970278,2021-02-05T15:47:11,33.89505,-119.56090,0.7,3.6,117.0,SWISS LADDER 120,,,90,0,,,14.8,71,A
369970278,2021-02-05T15:48:16,33.89558,-119.56173,3.3,314.3,140.0,SWISS LADDER 120,,,90,0,,,14.8,71,A
369970278,2021-02-05T15:49:18,33.89588,-119.56200,1.0,210.4,195.0,SWISS LADDER 120,,,90,0,,,14.8,71,A
369970278,2021-02-05T15:50:22,33.89555,-119.56214,0.8,206.9,172.0,SWISS LADDER 120,,,90,0,,,14.8,71,A
369970278,2021-02-05T15:51:29,33.89550,-119.56214,0.2,303.1,167.0,SWISS LADDER 120,,,90,0,,,14.8,71,A
369970278,2021-02-05T15:52:39,33.89561,-119.56218,0.5,352.3,193.0,SWISS LADDER 120,,,90,0,,,14.8,71,A
369970278,2021-02-05T15:53:42,33.89580,-119.56226,0.8,342.7,217.0,SWISS LADDER 120,,,90,0,,,14.8,71,A
369970278,2021-02-05T15:54:49,33.89605,-119.56231,0.9,350.3,239.0,SWISS LADDER 120,,,90,0,,,14.8,71,A
369970278,2021-02-05T15:55:50,33.89629,-119.56235,0.9,353.1,260.0,SWISS LADDER 120,,,90,0,,,14.8,71,A
369970278,2021-02-05T15:57:00,33.89633,-119.56235,0.9,352.2,263.0,SWISS LADDER 120,,,90,0,,,14.8,71,A
369970278,2021-02-05T15:59:00,33.89682,-119.56242,0.9,351.4,284.0,SWISS LADDER 120,,,90,0,,,14.8,71,A
369970278,2021-02-05T16:00:09,33.89732,-119.56246,0.7,350.9,306.0,SWISS LADDER 120,,,90,0,,,14.8,71,A
369970278,2021-02-05T16:01:19,33.89759,-119.56248,0.8,355.7,314.0,SWISS LADDER 120,,,90,0,,,14.8,71,A
369970278,2021-02-05T16:02:39,33.89791,-119.56251,0.9,357.8,322.0,SWISS LADDER 120,,,90,0,,,14.8,71,A
369970278,2021-02-05T16:03:49,33.89820,-119.56255,0.9,354.6,326.0,SWISS LADDER 120,,,90,0,,,14.8,71,A
369970278,2021-02-05T16:04:50,33.89844,-119.56257,0.9,3.2,325.0,SWISS LADDER 120,,,90,0,,,14.8,71,A
369970278,2021-02-05T16:05:58,33.89871,-119.56258,0.9,359.2,326.0,SWISS LADDER 120,,,90,0,,,14.8,71,A
369970278,2021-02-05T16:07:09,33.89900,-119.56256,1.0,20.7,332.0,SWISS LADDER 120,,,90,0,,,14.8,71,A
369970278,2021-02-05T16:08:18,33.89927,-119.56254,0.8,354.6,338.0,SWISS LADDER 120,,,90,0,,,14.8,71,A
369970278,2021-02-05T16:09:23,33.89954,-119.56254,1.2,9.5,324.0,SWISS LADDER 120,,,90,0,,,14.8,71,A
369970278,2021-02-05T16:10:26,33.89980,-119.56292,1.0,345.9,204.0,SWISS LADDER 120,,,90,0,,,14.8,71,A
369970278,2021-02-05T16:11:28,33.90010,-119.56297,1.0,351.9,188.0,SWISS LADDER 120,,,90,0,,,14.8,71,A
369970278,2021-02-05T16:12:29,33.90037,-119.56301,0.8,2.2,215.0,SWISS LADDER 120,,,90,0,,,14.8,71,A
369970278,2021-02-05T16:13:49,33.90072,-119.56299,1.0,4.5,226.0,SWISS LADDER 120,,,90,0,,,14.8,71,A
369970278,2021-02-05T16:14:59,33.90102,-119.56295,0.9,0.7,226.0,SWISS LADDER 120,,,90,0,,,14.8,71,A
369970278,2021-02-05T16:16:09,33.90131,-119.56294,1.0,357.6,237.0,SWISS LADDER 120,,,90,0,,,14.8,71,A
369970278,2021-02-05T16:17:19,33.90162,-119.56294,0.9,0.7,260.0,SWISS LADDER 120,,,90,0,,,14.8,71,A
369970278,2021-02-05T16:18:29,33.90191,-119.56292,0.9,0.2,273.0,SWISS LADDER 120,,,90,0,,,14.8,71,A
369970278,2021-02-05T16:19:39,33.90221,-119.56292,0.9,355.4,282.0,SWISS LADDER 120,,,90,0,,,14.8,71,A
369970278,2021-02-05T16:20:49,33.90251,-119.56293,1.0,3.2,294.0,SWISS LADDER 120,,,90,0,,,14.8,71,A
369970278,2021-02-05T16:22:00,33.90283,-119.56290,1.0,6.6,306.0,SWISS LADDER 120,,,90,0,,,14.8,71,A
369970278,2021-02-05T16:23:08,33.90313,-119.56287,1.0,4.1,310.0,SWISS LADDER 120,,,90,0,,,14.8,71,A
369970278,2021-02-05T16:24:18,33.90344,-119.56285,0.9,355.2,312.0,SWISS LADDER 120,,,90,0,,,14.8,71,A
369970278,2021-02-05T16:25:28,33.90372,-119.56281,1.0,15.0,324.0,SWISS LADDER 120,,,90,0,,,14.8,71,A
369970278,2021-02-05T16:26:29,33.90396,-119.56277,0.8,358.3,329.0,SWISS LADDER 120,,,90,0,,,14.8,71,A
369970278,2021-02-05T16:27:38,33.90424,-119.56273,0.9,8.4,328.0,SWISS LADDER 120,,,90,0,,,14.8,71,A
369970278,2021-02-05T16:28:49,33.90451,-119.56270,0.8,0.0,327.0,SWISS LADDER 120,,,90,0,,,14.8,71,A
369970278,2021-02-05T16:29:59,33.90477,-119.56269,0.9,8.4,328.0,SWISS LADDER 120,,,90,0,,,14.8,71,A
369970278,2021-02-05T16:31:09,33.90503,-119.56263,0.9,15.0,330.0,SWISS LADDER 120,,,90,0,,,14.8,71,A
369970278,2021-02-05T16:32:19,33.90528,-119.56255,0.9,18.4,333.0,SWISS LADDER 120,,,90,0,,,14.8,71,A
369970278,2021-02-05T16:33:29,33.90554,-119.56251,1.0,15.5,328.0,SWISS LADDER 120,,,90,0,,,14.8,71,A
369970278,2021-02-05T16:34:39,33.90578,-119.56245,1.0,28.0,336.0,SWISS LADDER 120,,,90,0,,,14.8,71,A
369970278,2021-02-05T16:35:49,33.90601,-119.56238,0.8,15.7,340.0,SWISS LADDER 120,,,90,0,,,14.8,71,A
369970278,2021-02-05T16:36:59,33.90625,-119.56235,0.8,12.9,334.0,SWISS LADDER 120,,,90,0,,,14.8,71,A
369970278,2021-02-05T16:38:08,33.90649,-119.56230,0.7,9.7,332.0,SWISS LADDER 120,,,90,0,,,14.8,71,A
369970278,2021-02-05T16:39:19,33.90674,-119.56225,0.8,12.2,334.0,SWISS LADDER 120,,,90,0,,,14.8,71,A
369970278,2021-02-05T16:40:28,33.90697,-119.56217,0.9,20.7,332.0,SWISS LADDER 120,,,90,0,,,14.8,71,A
369970278,2021-02-05T16:41:39,33.90720,-119.56211,0.9,21.4,328.0,SWISS LADDER 120,,,90,0,,,14.8,71,A
369970278,2021-02-05T16:42:49,33.90742,-119.56206,0.7,8.1,334.0,SWISS LADDER 120,,,90,0,,,14.8,71,A
369970278,2021-02-05T16:43:59,33.90764,-119.56202,0.8,7.4,339.0,SWISS LADDER 120,,,90,0,,,14.8,71,A
369970278,2021-02-05T16:45:09,33.90788,-119.56198,0.6,2.5,335.0,SWISS LADDER 120,,,90,0,,,14.8,71,A
369970278,2021-02-05T16:46:18,33.90811,-119.56193,0.8,17.0,332.0,SWISS LADDER 120,,,90,0,,,14.8,71,A
369970278,2021-02-05T16:47:28,33.90834,-119.56185,0.8,23.8,334.0,SWISS LADDER 120,,,90,0,,,14.8,71,A
369970278,2021-02-05T16:48:39,33.90856,-119.56177,0.7,14.7,337.0,SWISS LADDER 120,,,90,0,,,14.8,71,A
369970278,2021-02-05T16:49:49,33.90877,-119.56171,0.6,7.9,337.0,SWISS LADDER 120,,,90,0,,,14.8,71,A
369970278,2021-02-05T16:51:00,33.90899,-119.56165,0.6,6.4,335.0,SWISS LADDER 120,,,90,0,,,14.8,71,A
369970278,2021-02-05T16:53:00,33.90918,-119.56161,0.9,25.2,333.0,SWISS LADDER 120,,,90,0,,,14.8,71,A
369970278,2021-02-05T16:54:08,33.90963,-119.56148,0.7,11.0,334.0,SWISS LADDER 120,,,90,0,,,14.8,71,A
369970278,2021-02-05T16:55:19,33.90986,-119.56141,0.9,24.7,338.0,SWISS LADDER 120,,,90,0,,,14.8,71,A
369970278,2021-02-05T16:56:30,33.91011,-119.56133,0.8,16.7,334.0,SWISS LADDER 120,,,90,0,,,14.8,71,A
369970278,2021-02-05T16:57:39,33.91036,-119.56124,0.9,20.9,334.0,SWISS LADDER 120,,,90,0,,,14.8,71,A
369970278,2021-02-05T16:58:50,33.91061,-119.56118,0.8,16.8,334.0,SWISS LADDER 120,,,90,0,,,14.8,71,A
369970278,2021-02-05T16:59:58,33.91086,-119.56113,0.9,12.8,328.0,SWISS LADDER 120,,,90,0,,,14.8,71,A
369970278,2021-02-05T17:00:08,33.91089,-119.56112,0.8,7.8,328.0,SWISS LADDER 120,,,90,0,,,14.8,71,A
369970278,2021-02-05T17:01:19,33.91115,-119.56104,0.7,13.9,328.0,SWISS LADDER 120,,,90,0,,,14.8,71,A
369970278,2021-02-05T17:02:29,33.91140,-119.56096,0.7,2.9,336.0,SWISS LADDER 120,,,90,0,,,14.8,71,A
369970278,2021-02-05T17:03:39,33.91165,-119.56089,0.9,22.1,333.0,SWISS LADDER 120,,,90,0,,,14.8,71,A
369970278,2021-02-05T17:05:00,33.91172,-119.56087,1.0,26.4,334.0,SWISS LADDER 120,,,90,0,,,14.8,71,A
369970278,2021-02-05T17:06:09,33.91219,-119.56073,0.7,2.0,329.0,SWISS LADDER 120,,,90,0,,,14.8,71,A
369970278,2021-02-05T17:07:19,33.91244,-119.56062,0.8,21.2,334.0,SWISS LADDER 120,,,90,0,,,14.8,71,A
369970278,2021-02-05T17:08:29,33.91268,-119.56052,0.7,13.9,331.0,SWISS LADDER 120,,,90,0,,,14.8,71,A
369970278,2021-02-05T17:09:40,33.91292,-119.56043,0.7,15.9,333.0,SWISS LADDER 120,,,90,0,,,14.8,71,A
369970278,2021-02-05T17:10:41,33.91312,-119.56036,0.8,21.5,336.0,SWISS LADDER 120,,,90,0,,,14.8,71,A
369970278,2021-02-05T17:11:49,33.91334,-119.56028,0.7,14.3,334.0,SWISS LADDER 120,,,90,0,,,14.8,71,A
369970278,2021-02-05T17:12:59,33.91358,-119.56019,0.7,9.0,332.0,SWISS LADDER 120,,,90,0,,,14.8,71,A
369970278,2021-02-05T17:14:10,33.91382,-119.56010,0.7,22.9,337.0,SWISS LADDER 120,,,90,0,,,14.8,71,A
369970278,2021-02-05T17:15:19,33.91406,-119.55999,0.7,8.4,331.0,SWISS LADDER 120,,,90,0,,,14.8,71,A
369970278,2021-02-05T17:16:28,33.91429,-119.55988,0.7,21.2,332.0,SWISS LADDER 120,,,90,0,,,14.8,71,A
369970278,2021-02-05T17:17:38,33.91451,-119.55977,0.7,9.1,333.0,SWISS LADDER 120,,,90,0,,,14.8,71,A
369970278,2021-02-05T17:18:39,33.91470,-119.55966,0.7,12.3,336.0,SWISS LADDER 120,,,90,0,,,14.8,71,A
369970278,2021-02-05T17:19:49,33.91492,-119.55957,0.7,16.4,333.0,SWISS LADDER 120,,,90,0,,,14.8,71,A
369970278,2021-02-05T17:20:59,33.91514,-119.55948,0.7,14.4,338.0,SWISS LADDER 120,,,90,0,,,14.8,71,A
369970278,2021-02-05T17:22:00,33.91533,-119.55940,0.7,15.0,339.0,SWISS LADDER 120,,,90,0,,,14.8,71,A
369970278,2021-02-05T17:23:09,33.91557,-119.55929,0.8,15.0,326.0,SWISS LADDER 120,,,90,0,,,14.8,71,A
369970278,2021-02-05T17:24:18,33.91579,-119.55919,0.7,26.9,333.0,SWISS LADDER 120,,,90,0,,,14.8,71,A
369970278,2021-02-05T17:25:28,33.91599,-119.55908,0.9,38.9,344.0,SWISS LADDER 120,,,90,0,,,14.8,71,A
369970278,2021-02-05T17:26:40,33.91619,-119.55895,0.8,31.9,347.0,SWISS LADDER 120,,,90,0,,,14.8,71,A
369970278,2021-02-05T17:27:49,33.91640,-119.55883,0.9,29.9,331.0,SWISS LADDER 120,,,90,0,,,14.8,71,A
369970278,2021-02-05T17:28:59,33.91660,-119.55868,1.0,41.7,339.0,SWISS LADDER 120,,,90,0,,,14.8,71,A
369970278,2021-02-05T17:30:08,33.91680,-119.55855,0.8,26.9,336.0,SWISS LADDER 120,,,90,0,,,14.8,71,A
369970278,2021-02-05T17:31:19,33.91701,-119.55843,0.9,34.6,334.0,SWISS LADDER 120,,,90,0,,,14.8,71,A
369970278,2021-02-05T20:49:08,33.88574,-119.55895,5.0,237.4,237.0,SWISS LADDER 120,,,90,0,,,14.8,71,A
369970278,2021-02-05T20:50:19,33.88484,-119.56061,4.9,236.2,236.0,SWISS LADDER 120,,,90,0,,,14.8,71,A
369970278,2021-02-05T20:52:00,33.88433,-119.56151,4.8,237.0,237.0,SWISS LADDER 120,,,90,0,,,14.8,71,A
369970278,2021-02-05T20:53:08,33.88331,-119.56366,1.3,259.5,247.0,SWISS LADDER 120,,,90,0,,,14.8,71,A
369970278,2021-02-05T20:54:19,33.88351,-119.56357,0.9,38.2,258.0,SWISS LADDER 120,,,90,0,,,14.8,71,A
369970278,2021-02-05T20:55:22,33.88341,-119.56422,2.2,248.1,228.0,SWISS LADDER 120,,,90,0,,,14.8,71,A
369970278,2021-02-05T20:56:23,33.88324,-119.56452,0.6,225.6,201.0,SWISS LADDER 120,,,90,0,,,14.8,71,A
369970278,2021-02-05T20:57:29,33.88318,-119.56449,0.3,113.2,177.0,SWISS LADDER 120,,,90,0,,,14.8,71,A
369970278,2021-02-05T20:58:39,33.88318,-119.56436,0.4,78.0,171.0,SWISS LADDER 120,,,90,0,,,14.8,71,A
369970278,2021-02-05T20:59:49,33.88324,-119.56422,0.6,59.2,168.0,SWISS LADDER 120,,,90,0,,,14.8,71,A
369970278,2021-02-05T21:00:09,33.88328,-119.56419,0.4,38.3,166.0,SWISS LADDER 120,,,90,0,,,14.8,71,A
369970278,2021-02-05T21:01:19,33.88339,-119.56403,0.4,33.8,155.0,SWISS LADDER 120,,,90,0,,,14.8,71,A
369970278,2021-02-05T21:02:29,33.88352,-119.56391,0.5,30.8,148.0,SWISS LADDER 120,,,90,0,,,14.8,71,A
369970278,2021-02-05T21:04:00,33.88357,-119.56386,0.4,23.3,144.0,SWISS LADDER 120,,,90,0,,,14.8,71,A
369970278,2021-02-05T21:05:09,33.88385,-119.56366,0.6,26.6,147.0,SWISS LADDER 120,,,90,0,,,14.8,71,A
369970278,2021-02-05T21:06:19,33.88397,-119.56355,0.4,32.9,150.0,SWISS LADDER 120,,,90,0,,,14.8,71,A
369970278,2021-02-05T21:07:29,33.88410,-119.56341,0.6,43.9,156.0,SWISS LADDER 120,,,90,0,,,14.8,71,A
369970278,2021-02-05T21:08:39,33.88425,-119.56328,0.4,20.6,154.0,SWISS LADDER 120,,,90,0,,,14.8,71,A
369970278,2021-02-05T21:09:49,33.88439,-119.56318,0.6,35.5,152.0,SWISS LADDER 120,,,90,0,,,14.8,71,A
369970278,2021-02-05T21:11:00,33.88453,-119.56304,0.5,33.8,149.0,SWISS LADDER 120,,,90,0,,,14.8,71,A
369970278,2021-02-05T21:12:09,33.88467,-119.56292,0.6,32.8,153.0,SWISS LADDER 120,,,90,0,,,14.8,71,A
369970278,2021-02-05T21:13:19,33.88481,-119.56279,0.6,32.4,152.0,SWISS LADDER 120,,,90,0,,,14.8,71,A
369970278,2021-02-05T21:15:00,33.88490,-119.56271,0.6,39.1,154.0,SWISS LADDER 120,,,90,0,,,14.8,71,A
369970278,2021-02-05T21:16:09,33.88517,-119.56244,0.5,41.3,156.0,SWISS LADDER 120,,,90,0,,,14.8,71,A
369970278,2021-02-05T21:17:19,33.88531,-119.56229,0.6,35.4,156.0,SWISS LADDER 120,,,90,0,,,14.8,71,A
369970278,2021-02-05T21:18:28,33.88545,-119.56215,0.7,50.4,159.0,SWISS LADDER 120,,,90,0,,,14.8,71,A
369970278,2021-02-05T21:19:29,33.88556,-119.56201,0.6,43.9,161.0,SWISS LADDER 120,,,90,0,,,14.8,71,A
369970278,2021-02-05T21:20:49,33.88572,-119.56185,0.7,45.8,162.0,SWISS LADDER 120,,,90,0,,,14.8,71,A
369970278,2021-02-05T21:21:59,33.88586,-119.56169,0.7,45.8,163.0,SWISS LADDER 120,,,90,0,,,14.8,71,A
369970278,2021-02-05T21:23:00,33.88598,-119.56155,0.6,44.6,165.0,SWISS LADDER 120,,,90,0,,,14.8,71,A
369970278,2021-02-05T21:24:10,33.88612,-119.56135,0.6,42.4,167.0,SWISS LADDER 120,,,90,0,,,14.8,71,A
369970278,2021-02-05T21:25:19,33.88625,-119.56118,0.7,50.6,168.0,SWISS LADDER 120,,,90,0,,,14.8,71,A
369970278,2021-02-05T21:26:29,33.88637,-119.56102,0.6,47.5,165.0,SWISS LADDER 120,,,90,0,,,14.8,71,A
369970278,2021-02-05T21:27:39,33.88650,-119.56083,0.9,60.3,168.0,SWISS LADDER 120,,,90,0,,,14.8,71,A
369970278,2021-02-05T21:28:50,33.88663,-119.56066,0.4,34.3,167.0,SWISS LADDER 120,,,90,0,,,14.8,71,A
369970278,2021-02-05T21:29:59,33.88675,-119.56049,0.5,43.8,163.0,SWISS LADDER 120,,,90,0,,,14.8,71,A
369970278,2021-02-05T21:31:10,33.88687,-119.56031,0.6,49.9,168.0,SWISS LADDER 120,,,90,0,,,14.8,71,A
369970278,2021-02-05T21:32:11,33.88697,-119.56015,0.5,48.2,165.0,SWISS LADDER 120,,,90,0,,,14.8,71,A
369970278,2021-02-05T21:33:19,33.88708,-119.55996,0.6,58.9,169.0,SWISS LADDER 120,,,90,0,,,14.8,71,A
369970278,2021-02-05T21:34:20,33.88719,-119.55978,0.8,60.0,172.0,SWISS LADDER 120,,,90,0,,,14.8,71,A
369970278,2021-02-05T21:35:28,33.88728,-119.55957,0.5,59.6,171.0,SWISS LADDER 120,,,90,0,,,14.8,71,A
369970278,2021-02-05T21:36:29,33.88628,-119.55875,6.5,141.4,130.0,SWISS LADDER 120,,,90,0,,,14.8,71,A
369970278,2021-02-05T22:19:15,33.88422,-119.55998,9.9,285.5,288.0,SWISS LADDER 120,,,90,0,,,14.8,71,A
369970278,2021-02-05T22:21:01,33.88428,-119.56113,2.5,255.2,243.0,SWISS LADDER 120,,,90,0,,,14.8,71,A
369970278,2021-02-05T22:22:02,33.88428,-119.56144,0.3,44.5,183.0,SWISS LADDER 120,,,90,0,,,14.8,71,A
369970278,2021-02-05T22:23:11,33.88437,-119.56135,0.7,54.1,176.0,SWISS LADDER 120,,,90,0,,,14.8,71,A
369970278,2021-02-05T22:24:21,33.88444,-119.56125,0.7,74.2,180.0,SWISS LADDER 120,,,90,0,,,14.8,71,A
369970278,2021-02-05T22:25:31,33.88448,-119.56112,0.2,44.3,184.0,SWISS LADDER 120,,,90,0,,,14.8,71,A
369970278,2021-02-05T22:26:32,33.88452,-119.56103,0.4,73.6,184.0,SWISS LADDER 120,,,90,0,,,14.8,71,A
369970278,2021-02-05T22:27:41,33.88457,-119.56092,0.9,80.4,181.0,SWISS LADDER 120,,,90,0,,,14.8,71,A
369970278,2021-02-05T22:28:50,33.88459,-119.56081,0.3,55.8,181.0,SWISS LADDER 120,,,90,0,,,14.8,71,A
369970278,2021-02-05T22:30:02,33.88463,-119.56068,0.1,331.0,180.0,SWISS LADDER 120,,,90,0,,,14.8,71,A
369970278,2021-02-05T22:31:12,33.88465,-119.56054,0.1,35.6,183.0,SWISS LADDER 120,,,90,0,,,14.8,71,A
369970278,2021-02-05T22:32:21,33.88466,-119.56042,0.5,83.7,186.0,SWISS LADDER 120,,,90,0,,,14.8,71,A
369970278,2021-02-05T22:33:31,33.88468,-119.56031,0.2,84.8,187.0,SWISS LADDER 120,,,90,0,,,14.8,71,A
369970278,2021-02-05T22:34:41,33.88469,-119.56019,0.4,85.1,186.0,SWISS LADDER 120,,,90,0,,,14.8,71,A
369970278,2021-02-05T22:35:51,33.88471,-119.56007,0.5,81.8,183.0,SWISS LADDER 120,,,90,0,,,14.8,71,A
369970278,2021-02-05T22:37:01,33.88473,-119.55995,0.9,82.7,181.0,SWISS LADDER 120,,,90,0,,,14.8,71,A
369970278,2021-02-05T22:38:12,33.88475,-119.55985,0.2,86.8,182.0,SWISS LADDER 120,,,90,0,,,14.8,71,A
369970278,2021-02-05T22:39:20,33.88477,-119.55975,0.3,75.5,181.0,SWISS LADDER 120,,,90,0,,,14.8,71,A
369970278,2021-02-05T22:40:21,33.88478,-119.55968,0.2,84.0,183.0,SWISS LADDER 120,,,90,0,,,14.8,71,A
369970278,2021-02-05T22:41:31,33.88478,-119.55957,0.2,78.1,183.0,SWISS LADDER 120,,,90,0,,,14.8,71,A
369970278,2021-02-05T22:42:42,33.88479,-119.55946,0.1,71.2,182.0,SWISS LADDER 120,,,90,0,,,14.8,71,A
369970278,2021-02-05T22:43:51,33.88481,-119.55934,0.3,84.0,183.0,SWISS LADDER 120,,,90,0,,,14.8,71,A
369970278,2021-02-05T22:45:01,33.88482,-119.55932,0.1,75.5,183.0,SWISS LADDER 120,,,90,0,,,14.8,71,A
369970278,2021-02-05T22:47:01,33.88485,-119.55910,0.4,88.9,189.0,SWISS LADDER 120,,,90,0,,,14.8,71,A
369970278,2021-02-05T22:48:02,33.88487,-119.55890,0.1,68.8,188.0,SWISS LADDER 120,,,90,0,,,14.8,71,A
369970278,2021-02-05T22:49:12,33.88489,-119.55878,0.4,82.3,197.0,SWISS LADDER 120,,,90,0,,,14.8,71,A
369970278,2021-02-05T22:50:21,33.88489,-119.55866,0.3,90.8,197.0,SWISS LADDER 120,,,90,0,,,14.8,71,A
369970278,2021-02-05T22:51:30,33.88490,-119.55855,0.3,94.9,192.0,SWISS LADDER 120,,,90,0,,,14.8,71,A
369970278,2021-02-05T22:52:42,33.88492,-119.55845,0.3,85.6,191.0,SWISS LADDER 120,,,90,0,,,14.8,71,A
367008990,2021-03-28T15:22:16,33.91187,-119.55848,8.7,277.6,511.0,EILEEN,IMO7201146,WDC3498,30,,24,6,0.0,31,B
367008990,2021-03-28T15:23:46,33.91242,-119.56272,8.7,273.9,511.0,EILEEN,IMO7201146,WDC3498,30,,24,6,0.0,31,B
367008990,2021-03-28T15:24:49,33.91273,-119.56567,8.7,276.7,511.0,EILEEN,IMO7201146,WDC3498,30,,24,6,0.0,31,B
367008990,2021-03-28T15:26:17,33.91314,-119.56984,8.7,274.0,511.0,EILEEN,IMO7201146,WDC3498,30,,24,6,0.0,31,B
367008990,2021-03-28T15:27:49,33.91372,-119.57427,8.8,280.7,511.0,EILEEN,IMO7201146,WDC3498,30,,24,6,0.0,31,B
367008990,2021-03-28T15:29:47,33.91434,-119.57981,8.7,284.0,511.0,EILEEN,IMO7201146,WDC3498,30,,24,6,0.0,31,B
367008990,2021-03-28T15:30:50,33.91474,-119.58282,8.5,272.6,511.0,EILEEN,IMO7201146,WDC3498,30,,24,6,0.0,31,B
367008990,2021-03-28T15:32:17,33.91520,-119.58692,8.7,277.9,511.0,EILEEN,IMO7201146,WDC3498,30,,24,6,0.0,31,B
367008990,2021-03-28T15:33:46,33.91576,-119.59113,8.4,276.4,511.0,EILEEN,IMO7201146,WDC3498,30,,24,6,0.0,31,B
367008990,2021-03-28T15:35:48,33.91640,-119.59700,8.6,280.3,511.0,EILEEN,IMO7201146,WDC3498,30,,24,6,0.0,31,B
367044250,2021-03-02T09:27:00,33.91688,-119.59173,8.8,229.0,511.0,RANGER 85,,WDJ3240,60,0,25,6,0.0,31,A
367044250,2021-03-02T09:28:02,33.91347,-119.59608,8.9,225.0,511.0,RANGER 85,,WDJ3240,60,0,25,6,0.0,31,A
367044250,2021-03-02T09:29:11,33.91150,-119.59861,9.0,224.2,511.0,RANGER 85,,WDJ3240,60,0,25,6,0.0,31,A
367044250,2021-03-02T09:31:01,33.91008,-119.60040,8.9,222.6,511.0,RANGER 85,,WDJ3240,60,0,25,6,0.0,31,A
369970278,2021-06-22T14:00:01,33.89566,-119.55929,6.9,225.1,219.0,SWISS LADDER 120,,,90,0,,,,35,A
369970278,2021-06-22T14:01:04,33.89402,-119.55931,6.0,149.4,142.0,SWISS LADDER 120,,,90,0,,,,35,A
369970278,2021-06-22T15:00:01,33.89164,-119.56103,1.1,291.5,182.0,SWISS LADDER 120,,,90,0,,,,35,A
369970278,2021-06-22T15:01:12,33.89174,-119.56126,0.5,291.7,179.0,SWISS LADDER 120,,,90,0,,,,35,A
369970278,2021-06-22T15:02:21,33.89181,-119.56152,0.6,291.3,179.0,SWISS LADDER 120,,,90,0,,,,35,A
369970278,2021-06-22T16:00:05,33.88464,-119.57661,12.8,50.5,55.0,SWISS LADDER 120,,,90,0,,,,35,A
369970278,2021-06-22T16:01:07,33.88701,-119.57372,10.3,38.3,43.0,SWISS LADDER 120,,,90,0,,,,35,A
369970278,2021-06-22T16:02:17,33.88983,-119.57153,11.0,25.8,33.0,SWISS LADDER 120,,,90,0,,,,35,A
369970278,2021-06-22T16:03:23,33.89179,-119.57148,4.5,342.4,354.0,SWISS LADDER 120,,,90,0,,,,35,A
369970278,2021-06-22T16:04:25,33.89269,-119.57181,1.3,319.2,21.0,SWISS LADDER 120,,,90,0,,,,35,A
369970278,2021-06-22T16:05:26,33.89281,-119.57216,0.8,284.3,47.0,SWISS LADDER 120,,,90,0,,,,35,A
369970278,2021-06-22T16:06:45,33.89284,-119.57279,1.3,265.2,41.0,SWISS LADDER 120,,,90,0,,,,35,A
369970278,2021-06-22T16:07:56,33.89284,-119.57323,1.1,278.9,38.0,SWISS LADDER 120,,,90,0,,,,35,A
369970278,2021-06-22T16:09:06,33.89285,-119.57358,0.6,256.4,23.0,SWISS LADDER 120,,,90,0,,,,35,A
369970278,2021-06-22T16:10:09,33.89267,-119.57390,1.3,230.6,354.0,SWISS LADDER 120,,,90,0,,,,35,A
369970278,2021-06-22T16:11:11,33.89274,-119.57408,0.5,316.9,310.0,SWISS LADDER 120,,,90,0,,,,35,A
369970278,2021-06-22T16:12:16,33.89286,-119.57398,1.6,73.1,278.0,SWISS LADDER 120,,,90,0,,,,35,A
369970278,2021-06-22T16:13:26,33.89304,-119.57371,1.0,19.8,273.0,SWISS LADDER 120,,,90,0,,,,35,A
369970278,2021-06-22T16:14:35,33.89322,-119.57375,0.7,318.4,281.0,SWISS LADDER 120,,,90,0,,,,35,A
369970278,2021-06-22T16:15:38,33.89345,-119.57400,0.9,339.2,262.0,SWISS LADDER 120,,,90,0,,,,35,A
369970278,2021-06-22T16:16:46,33.89368,-119.57422,0.8,328.8,240.0,SWISS LADDER 120,,,90,0,,,,35,A
369970278,2021-06-22T16:17:52,33.89384,-119.57445,0.7,315.1,210.0,SWISS LADDER 120,,,90,0,,,,35,A
369970278,2021-06-22T16:18:55,33.89398,-119.57461,0.9,308.9,199.0,SWISS LADDER 120,,,90,0,,,,35,A
369970278,2021-06-22T16:19:56,33.89412,-119.57476,1.1,320.3,194.0,SWISS LADDER 120,,,90,0,,,,35,A
369970278,2021-06-22T16:21:06,33.89427,-119.57495,0.8,319.7,194.0,SWISS LADDER 120,,,90,0,,,,35,A
369970278,2021-06-22T16:22:15,33.89444,-119.57513,0.6,320.4,188.0,SWISS LADDER 120,,,90,0,,,,35,A
369970278,2021-06-22T16:23:26,33.89460,-119.57535,0.7,314.6,185.0,SWISS LADDER 120,,,90,0,,,,35,A
369970278,2021-06-22T16:24:45,33.89477,-119.57557,0.4,314.6,180.0,SWISS LADDER 120,,,90,0,,,,35,A
369970278,2021-06-22T16:25:54,33.89491,-119.57581,0.9,307.6,182.0,SWISS LADDER 120,,,90,0,,,,35,A
369970278,2021-06-22T16:26:55,33.89505,-119.57599,0.3,305.7,184.0,SWISS LADDER 120,,,90,0,,,,35,A
369970278,2021-06-22T16:28:05,33.89521,-119.57620,0.5,320.2,185.0,SWISS LADDER 120,,,90,0,,,,35,A
369970278,2021-06-22T16:29:15,33.89535,-119.57644,0.3,301.3,189.0,SWISS LADDER 120,,,90,0,,,,35,A
369970278,2021-06-22T16:30:22,33.89480,-119.57865,9.6,299.4,305.0,SWISS LADDER 120,,,90,0,,,,35,A
369970278,2021-06-22T16:31:26,33.89654,-119.58172,9.1,293.0,285.0,SWISS LADDER 120,,,90,0,,,,35,A
369970278,2021-06-22T17:00:02,33.90061,-119.59528,4.6,271.5,270.0,SWISS LADDER 120,,,90,0,,,,35,A
369970278,2021-06-22T17:01:04,33.90117,-119.59666,4.6,312.5,303.0,SWISS LADDER 120,,,90,0,,,,35,A
369970278,2021-06-22T17:02:08,33.90165,-119.59765,3.5,284.3,264.0,SWISS LADDER 120,,,90,0,,,,35,A
369970278,2021-06-22T17:03:12,33.90164,-119.59842,0.9,308.5,190.0,SWISS LADDER 120,,,90,0,,,,35,A
369970278,2021-06-22T17:04:15,33.90185,-119.59858,0.9,347.5,169.0,SWISS LADDER 120,,,90,0,,,,35,A
369970278,2021-06-22T17:05:35,33.90211,-119.59870,0.3,346.5,182.0,SWISS LADDER 120,,,90,0,,,,35,A
369970278,2021-06-22T17:06:46,33.90234,-119.59880,0.7,347.6,187.0,SWISS LADDER 120,,,90,0,,,,35,A
369970278,2021-06-22T17:07:56,33.90266,-119.59887,1.5,341.2,187.0,SWISS LADDER 120,,,90,0,,,,35,A
369970278,2021-06-22T17:09:05,33.90291,-119.59895,1.5,341.8,188.0,SWISS LADDER 120,,,90,0,,,,35,A
369970278,2021-06-22T17:10:16,33.90315,-119.59903,0.4,332.1,190.0,SWISS LADDER 120,,,90,0,,,,35,A
369970278,2021-06-22T17:11:25,33.90301,-119.59918,2.4,191.1,174.0,SWISS LADDER 120,,,90,0,,,,35,A
369970278,2021-06-22T17:12:36,33.90235,-119.59908,1.1,173.7,156.0,SWISS LADDER 120,,,90,0,,,,35,A
369970278,2021-06-22T17:13:46,33.90229,-119.59910,0.3,293.5,177.0,SWISS LADDER 120,,,90,0,,,,35,A
369970278,2021-06-22T17:14:56,33.90218,-119.59927,3.0,193.1,178.0,SWISS LADDER 120,,,90,0,,,,35,A
369970278,2021-06-22T17:15:58,33.90157,-119.59885,1.3,116.5,113.0,SWISS LADDER 120,,,90,0,,,,35,A
369970278,2021-06-22T17:17:03,33.90167,-119.59849,1.8,62.3,81.0,SWISS LADDER 120,,,90,0,,,,35,A
369970278,2021-06-22T17:18:05,33.90209,-119.59762,4.1,53.0,67.0,SWISS LADDER 120,,,90,0,,,,35,A
369970278,2021-06-22T17:19:13,33.90280,-119.59652,4.8,60.0,77.0,SWISS LADDER 120,,,90,0,,,,35,A
369970278,2021-06-22T17:20:15,33.90350,-119.59505,4.9,50.3,63.0,SWISS LADDER 120,,,90,0,,,,35,A
369970278,2021-06-22T17:21:25,33.90451,-119.59345,5.0,60.3,70.0,SWISS LADDER 120,,,90,0,,,,35,A
369970278,2021-06-22T17:22:36,33.90537,-119.59178,5.0,56.3,69.0,SWISS LADDER 120,,,90,0,,,,35,A
369970278,2021-06-22T17:23:45,33.90619,-119.59010,5.1,59.5,69.0,SWISS LADDER 120,,,90,0,,,,35,A
369970278,2021-06-22T17:24:56,33.90737,-119.58761,9.5,61.6,68.0,SWISS LADDER 120,,,90,0,,,,35,A
369970278,2021-06-22T17:26:05,33.90904,-119.58362,11.7,63.8,68.0,SWISS LADDER 120,,,90,0,,,,35,A
369970278,2021-06-22T17:27:09,33.91081,-119.57916,18.3,63.1,68.0,SWISS LADDER 120,,,90,0,,,,35,A
369970278,2021-06-22T17:28:16,33.91363,-119.57311,19.2,63.5,66.0,SWISS LADDER 120,,,90,0,,,,35,A
369970278,2021-06-22T17:29:27,33.91660,-119.56647,19.0,59.7,66.0,SWISS LADDER 120,,,90,0,,,,35,A
369970278,2021-06-22T21:04:31,33.89183,-119.56155,0.6,298.9,178.0,SWISS LADDER 120,,,90,0,,,,35,A
369970278,2021-06-22T21:29:22,33.89468,-119.56690,0.8,305.4,180.0,SWISS LADDER 120,,,90,0,,,,35,A
369970278,2021-06-22T21:31:01,33.89490,-119.56723,0.3,297.7,176.0,SWISS LADDER 120,,,90,0,,,,35,A
369970278,2021-06-22T21:36:01,33.89557,-119.56829,1.4,301.5,178.0,SWISS LADDER 120,,,90,0,,,,35,A
369970278,2021-06-22T22:34:51,33.89670,-119.58251,3.2,281.1,251.0,SWISS LADDER 120,,,90,0,,,,35,A
369970278,2021-06-23T16:03:21,33.90019,-119.55842,0.7,334.9,336.0,SWISS LADDER 120,,,90,0,,,,35,A
369970278,2021-06-23T16:04:31,33.90034,-119.55852,1.3,340.3,334.0,SWISS LADDER 120,,,90,0,,,,35,A
369970278,2021-06-23T16:05:40,33.90047,-119.55858,0.4,339.5,334.0,SWISS LADDER 120,,,90,0,,,,35,A
369970278,2021-06-23T16:06:51,33.90062,-119.55866,0.5,339.0,335.0,SWISS LADDER 120,,,90,0,,,,35,A
369970278,2021-06-23T16:08:01,33.90074,-119.55873,0.4,334.8,336.0,SWISS LADDER 120,,,90,0,,,,35,A
369970278,2021-06-23T16:09:11,33.90088,-119.55883,0.4,324.6,335.0,SWISS LADDER 120,,,90,0,,,,35,A
369970278,2021-06-23T16:10:20,33.90103,-119.55887,1.5,342.9,335.0,SWISS LADDER 120,,,90,0,,,,35,A
369970278,2021-06-23T16:11:30,33.90116,-119.55894,0.6,330.1,330.0,SWISS LADDER 120,,,90,0,,,,35,A
369970278,2021-06-23T16:12:41,33.90129,-119.55903,0.8,339.4,333.0,SWISS LADDER 120,,,90,0,,,,35,A
369970278,2021-06-23T16:13:51,33.90141,-119.55912,1.3,341.1,335.0,SWISS LADDER 120,,,90,0,,,,35,A
369970278,2021-06-23T16:14:52,33.90151,-119.55921,2.2,317.4,334.0,SWISS LADDER 120,,,90,0,,,,35,A
369970278,2021-06-23T16:16:01,33.90153,-119.55921,0.7,338.0,333.0,SWISS LADDER 120,,,90,0,,,,35,A
369970278,2021-06-23T16:17:03,33.90182,-119.55950,1.2,227.4,6.0,SWISS LADDER 120,,,90,0,,,,35,A
369970278,2021-06-23T16:18:04,33.90150,-119.56003,2.0,259.3,76.0,SWISS LADDER 120,,,90,0,,,,35,A
369970278,2021-06-23T16:19:10,33.90149,-119.56038,1.8,79.6,100.0,SWISS LADDER 120,,,90,0,,,,35,A
369970278,2021-06-23T16:20:12,33.90152,-119.56003,0.9,73.4,89.0,SWISS LADDER 120,,,90,0,,,,35,A
369970278,2021-06-23T16:21:21,33.90164,-119.55995,1.2,17.8,77.0,SWISS LADDER 120,,,90,0,,,,35,A
369970278,2021-06-23T16:22:32,33.90178,-119.55995,0.5,345.0,79.0,SWISS LADDER 120,,,90,0,,,,35,A
369970278,2021-06-23T16:23:41,33.90192,-119.56002,0.4,321.7,86.0,SWISS LADDER 120,,,90,0,,,,35,A
369970278,2021-06-23T16:24:51,33.90200,-119.56009,0.3,307.0,102.0,SWISS LADDER 120,,,90,0,,,,35,A
369970278,2021-06-23T16:25:55,33.90115,-119.55924,9.8,152.7,149.0,SWISS LADDER 120,,,90,0,,,,35,A
369970278,2021-06-23T22:28:57,33.90107,-119.55919,9.6,146.1,145.0,SWISS LADDER 120,,,90,0,,,,35,A
369970147,2021-05-13T14:34:12,33.89240,-119.56159,10.5,245.5,243.0,BELL M SHIMADA,IMO9349069,WTED,90,0,63,15,5.9,98,A
369970147,2021-05-13T14:35:30,33.89084,-119.56585,10.5,246.9,244.0,BELL M SHIMADA,IMO9349069,WTED,90,0,63,15,5.9,98,A
369970147,2021-05-13T14:36:31,33.88968,-119.56912,10.6,246.1,244.0,BELL M SHIMADA,IMO9349069,WTED,90,0,63,15,5.9,98,A
369970147,2021-05-13T14:37:40,33.88832,-119.57291,10.6,246.5,244.0,BELL M SHIMADA,IMO9349069,WTED,90,0,63,15,5.9,98,A
369970147,2021-05-13T14:38:51,33.88694,-119.57672,10.6,246.8,244.0,BELL M SHIMADA,IMO9349069,WTED,90,0,63,15,5.9,98,A
369970147,2021-05-13T14:40:01,33.88553,-119.58063,10.8,247.3,244.0,BELL M SHIMADA,IMO9349069,WTED,90,0,63,15,5.9,98,A
369970147,2021-05-13T14:41:10,33.88412,-119.58448,10.8,247.7,244.0,BELL M SHIMADA,IMO9349069,WTED,90,0,63,15,5.9,98,A
369970147,2021-05-13T14:42:11,33.88289,-119.58783,10.7,247.2,245.0,BELL M SHIMADA,IMO9349069,WTED,90,0,63,15,5.9,98,A
369970278,2021-06-19T15:06:50,33.89946,-119.55836,0.4,307.6,332.0,SWISS LADDER 120,,,90,0,,,,35,A
369970278,2021-06-19T15:08:01,33.89956,-119.55851,0.8,303.7,334.0,SWISS LADDER 120,,,90,0,,,,35,A
369970278,2021-06-19T15:09:10,33.89967,-119.55867,0.5,313.4,337.0,SWISS LADDER 120,,,90,0,,,,35,A
369970278,2021-06-19T15:10:20,33.89978,-119.55884,0.5,311.0,336.0,SWISS LADDER 120,,,90,0,,,,35,A
369970278,2021-06-19T15:11:31,33.89990,-119.55901,1.1,306.2,335.0,SWISS LADDER 120,,,90,0,,,,35,A
369970278,2021-06-19T15:12:41,33.90003,-119.55916,0.6,312.5,334.0,SWISS LADDER 120,,,90,0,,,,35,A
369970278,2021-06-19T15:13:51,33.90016,-119.55933,0.9,309.3,334.0,SWISS LADDER 120,,,90,0,,,,35,A
369970278,2021-06-19T15:15:01,33.90027,-119.55949,0.5,312.8,337.0,SWISS LADDER 120,,,90,0,,,,35,A
369970278,2021-06-19T15:16:10,33.90037,-119.55962,0.7,308.3,339.0,SWISS LADDER 120,,,90,0,,,,35,A
369970278,2021-06-19T15:17:11,33.90048,-119.55976,0.6,308.8,343.0,SWISS LADDER 120,,,90,0,,,,35,A
369970278,2021-06-19T15:18:21,33.90057,-119.55990,0.7,307.4,345.0,SWISS LADDER 120,,,90,0,,,,35,A
369970278,2021-06-19T15:19:31,33.90068,-119.56006,0.2,311.8,343.0,SWISS LADDER 120,,,90,0,,,,35,A
369970278,2021-06-19T15:20:41,33.90077,-119.56022,0.7,312.0,342.0,SWISS LADDER 120,,,90,0,,,,35,A
369970278,2021-06-19T15:21:50,33.90087,-119.56036,0.6,311.2,339.0,SWISS LADDER 120,,,90,0,,,,35,A
369970278,2021-06-19T15:22:51,33.90095,-119.56050,0.9,303.4,343.0,SWISS LADDER 120,,,90,0,,,,35,A
369970278,2021-06-19T15:23:59,33.90103,-119.56066,0.7,304.8,347.0,SWISS LADDER 120,,,90,0,,,,35,A
369970278,2021-06-19T15:25:10,33.90114,-119.56079,0.5,311.9,347.0,SWISS LADDER 120,,,90,0,,,,35,A
369970278,2021-06-19T15:26:21,33.90125,-119.56095,0.4,310.8,343.0,SWISS LADDER 120,,,90,0,,,,35,A
369970278,2021-06-19T15:27:40,33.90137,-119.56110,0.4,319.3,343.0,SWISS LADDER 120,,,90,0,,,,35,A
369970278,2021-06-19T16:00:00,33.90464,-119.56445,0.5,327.1,349.0,SWISS LADDER 120,,,90,0,,,,35,A
369970278,2021-06-19T16:02:00,33.90475,-119.56454,0.5,323.2,345.0,SWISS LADDER 120,,,90,0,,,,35,A
369970278,2021-06-19T16:03:01,33.90497,-119.56476,0.5,328.5,338.0,SWISS LADDER 120,,,90,0,,,,35,A
369970278,2021-06-19T16:04:11,33.90508,-119.56487,0.4,326.4,340.0,SWISS LADDER 120,,,90,0,,,,35,A
369970278,2021-06-19T16:05:21,33.90519,-119.56497,1.1,320.0,343.0,SWISS LADDER 120,,,90,0,,,,35,A
369970278,2021-06-19T16:06:22,33.90527,-119.56505,0.7,329.3,348.0,SWISS LADDER 120,,,90,0,,,,35,A
369970278,2021-06-19T16:07:31,33.90540,-119.56516,0.3,323.3,353.0,SWISS LADDER 120,,,90,0,,,,35,A
369970278,2021-06-19T16:08:32,33.90549,-119.56527,0.3,323.6,353.0,SWISS LADDER 120,,,90,0,,,,35,A
369970278,2021-06-19T16:09:42,33.90560,-119.56538,0.6,324.8,350.0,SWISS LADDER 120,,,90,0,,,,35,A
369970278,2021-06-19T16:11:00,33.90574,-119.56551,0.6,315.1,348.0,SWISS LADDER 120,,,90,0,,,,35,A
369970278,2021-06-19T16:12:10,33.90583,-119.56561,0.6,311.0,350.0,SWISS LADDER 120,,,90,0,,,,35,A
369970278,2021-06-19T16:13:11,33.90591,-119.56571,0.3,323.0,354.0,SWISS LADDER 120,,,90,0,,,,35,A
369970278,2021-06-19T16:14:21,33.90600,-119.56580,0.6,324.4,0.0,SWISS LADDER 120,,,90,0,,,,35,A
369970278,2021-06-19T16:15:30,33.90608,-119.56591,0.6,316.0,358.0,SWISS LADDER 120,,,90,0,,,,35,A
369970278,2021-06-19T16:16:31,33.90615,-119.56601,0.4,309.7,354.0,SWISS LADDER 120,,,90,0,,,,35,A
369970278,2021-06-19T16:18:01,33.90619,-119.56606,0.7,319.0,353.0,SWISS LADDER 120,,,90,0,,,,35,A
369970278,2021-06-19T16:19:10,33.90633,-119.56627,0.2,317.6,347.0,SWISS LADDER 120,,,90,0,,,,35,A
369970278,2021-06-19T16:20:21,33.90641,-119.56636,0.5,310.0,342.0,SWISS LADDER 120,,,90,0,,,,35,A
369970278,2021-06-19T16:22:01,33.90644,-119.56644,1.0,301.9,342.0,SWISS LADDER 120,,,90,0,,,,35,A
369970278,2021-06-19T16:23:11,33.90663,-119.56665,0.5,317.6,349.0,SWISS LADDER 120,,,90,0,,,,35,A
369970278,2021-06-19T16:24:19,33.90669,-119.56677,0.4,318.2,350.0,SWISS LADDER 120,,,90,0,,,,35,A
369970278,2021-06-19T18:02:21,33.88972,-119.55835,0.4,314.0,340.0,SWISS LADDER 120,,,90,0,,,,35,A
369970278,2021-06-19T18:03:31,33.88980,-119.55842,0.3,325.9,340.0,SWISS LADDER 120,,,90,0,,,,35,A
369970278,2021-06-19T18:04:40,33.88986,-119.55844,0.6,332.9,335.0,SWISS LADDER 120,,,90,0,,,,35,A
369970278,2021-06-19T18:05:41,33.88993,-119.55845,0.4,321.8,337.0,SWISS LADDER 120,,,90,0,,,,35,A
369970278,2021-06-19T18:06:49,33.89000,-119.55853,0.6,320.8,340.0,SWISS LADDER 120,,,90,0,,,,35,A
369970278,2021-06-19T18:08:00,33.89002,-119.55855,0.6,326.8,341.0,SWISS LADDER 120,,,90,0,,,,35,A
369970278,2021-06-19T18:09:10,33.89018,-119.55867,0.6,316.1,334.0,SWISS LADDER 120,,,90,0,,,,35,A
369970278,2021-06-19T18:10:21,33.89027,-119.55872,0.4,326.9,340.0,SWISS LADDER 120,,,90,0,,,,35,A
369970278,2021-06-19T18:11:31,33.89033,-119.55881,0.9,330.2,337.0,SWISS LADDER 120,,,90,0,,,,35,A
369970278,2021-06-19T18:12:40,33.89041,-119.55887,0.7,318.1,338.0,SWISS LADDER 120,,,90,0,,,,35,A
369970278,2021-06-19T18:13:51,33.89048,-119.55896,0.3,320.7,338.0,SWISS LADDER 120,,,90,0,,,,35,A
369970278,2021-06-19T18:15:00,33.89056,-119.55902,1.0,335.2,340.0,SWISS LADDER 120,,,90,0,,,,35,A
369970278,2021-06-19T18:16:10,33.89064,-119.55906,0.4,334.5,339.0,SWISS LADDER 120,,,90,0,,,,35,A
369970278,2021-06-19T18:17:11,33.89069,-119.55912,0.3,327.6,341.0,SWISS LADDER 120,,,90,0,,,,35,A
369970278,2021-06-19T18:18:30,33.89077,-119.55917,0.3,322.8,342.0,SWISS LADDER 120,,,90,0,,,,35,A
369970278,2021-06-19T18:19:41,33.89083,-119.55922,0.5,327.7,341.0,SWISS LADDER 120,,,90,0,,,,35,A
369970278,2021-06-19T18:20:50,33.89088,-119.55926,0.3,330.4,340.0,SWISS LADDER 120,,,90,0,,,,35,A
369970278,2021-06-19T18:21:59,33.89092,-119.55930,0.1,324.5,341.0,SWISS LADDER 120,,,90,0,,,,35,A
369970278,2021-06-19T18:23:11,33.89097,-119.55934,1.1,328.1,346.0,SWISS LADDER 120,,,90,0,,,,35,A
369970278,2021-06-19T18:25:01,33.89101,-119.55938,0.3,337.8,345.0,SWISS LADDER 120,,,90,0,,,,35,A
369970278,2021-06-19T18:26:11,33.89110,-119.55948,0.8,312.5,346.0,SWISS LADDER 120,,,90,0,,,,35,A
369970278,2021-06-19T18:27:20,33.89116,-119.55953,0.3,328.2,345.0,SWISS LADDER 120,,,90,0,,,,35,A
369970278,2021-06-19T18:28:21,33.89121,-119.55957,0.5,321.3,344.0,SWISS LADDER 120,,,90,0,,,,35,A
369970278,2021-06-19T18:29:29,33.89128,-119.55962,0.3,327.0,345.0,SWISS LADDER 120,,,90,0,,,,35,A
369970278,2021-06-19T18:30:41,33.89135,-119.55969,0.2,326.7,345.0,SWISS LADDER 120,,,90,0,,,,35,A
369970278,2021-06-19T18:31:50,33.89142,-119.55975,0.4,327.2,343.0,SWISS LADDER 120,,,90,0,,,,35,A
369970278,2021-06-19T18:32:51,33.89148,-119.55979,0.6,339.7,341.0,SWISS LADDER 120,,,90,0,,,,35,A
369970278,2021-06-19T18:33:59,33.89155,-119.55983,0.2,330.9,338.0,SWISS LADDER 120,,,90,0,,,,35,A
369970278,2021-06-19T18:35:11,33.89162,-119.55986,0.3,339.8,339.0,SWISS LADDER 120,,,90,0,,,,35,A
369970278,2021-06-19T18:36:21,33.89168,-119.55987,0.3,344.8,344.0,SWISS LADDER 120,,,90,0,,,,35,A
369970278,2021-06-19T18:37:32,33.89173,-119.55987,0.4,332.9,349.0,SWISS LADDER 120,,,90,0,,,,35,A
369970278,2021-06-19T18:38:39,33.89179,-119.55991,0.7,344.2,356.0,SWISS LADDER 120,,,90,0,,,,35,A
369970278,2021-06-19T18:39:41,33.89182,-119.55994,0.2,331.6,356.0,SWISS LADDER 120,,,90,0,,,,35,A
369970278,2021-06-19T18:40:59,33.89187,-119.55996,0.5,345.6,352.0,SWISS LADDER 120,,,90,0,,,,35,A
369970278,2021-06-19T18:42:00,33.89247,-119.56033,6.3,316.1,314.0,SWISS LADDER 120,,,90,0,,,,35,A
369970278,2021-06-19T18:43:03,33.89205,-119.56281,10.6,202.2,197.0,SWISS LADDER 120,,,90,0,,,,35,A
369970278,2021-06-19T18:44:11,33.88930,-119.56337,7.1,189.2,182.0,SWISS LADDER 120,,,90,0,,,,35,A
369970278,2021-06-19T18:45:13,33.88737,-119.56402,7.1,203.8,203.0,SWISS LADDER 120,,,90,0,,,,35,A
369970278,2021-06-19T18:46:18,33.88555,-119.56378,6.6,143.5,146.0,SWISS LADDER 120,,,90,0,,,,35,A
369970278,2021-06-19T18:47:19,33.88422,-119.56281,4.3,151.2,150.0,SWISS LADDER 120,,,90,0,,,,35,A
369970278,2021-06-19T18:48:24,33.88305,-119.56112,6.4,106.2,109.0,SWISS LADDER 120,,,90,0,,,,35,A
369970278,2021-06-19T18:49:31,33.88276,-119.55872,6.5,94.1,97.0,SWISS LADDER 120,,,90,0,,,,35,A
369970278,2021-06-19T21:09:39,33.90137,-119.56110,0.4,319.3,343.0,SWISS LADDER 120,,,90,0,,,,35,A
369970278,2021-06-19T22:05:29,33.90671,-119.56678,0.5,313.1,350.0,SWISS LADDER 120,,,90,0,,,,35,A
369970278,2021-02-08T18:52:49,33.88480,-119.55843,0.5,300.4,186.0,SWISS LADDER 120,,,90,0,,,4.6,99,A
369970278,2021-02-08T18:53:58,33.88489,-119.55860,0.5,305.9,182.0,SWISS LADDER 120,,,90,0,,,4.6,99,A
369970278,2021-02-08T18:55:08,33.88498,-119.55876,0.5,305.0,184.0,SWISS LADDER 120,,,90,0,,,4.6,99,A
369970278,2021-02-08T18:56:18,33.88508,-119.55891,0.6,305.4,189.0,SWISS LADDER 120,,,90,0,,,4.6,99,A
369970278,2021-02-08T18:57:28,33.88519,-119.55904,0.6,312.0,193.0,SWISS LADDER 120,,,90,0,,,4.6,99,A
369970278,2021-02-08T18:58:38,33.88532,-119.55915,0.6,319.2,196.0,SWISS LADDER 120,,,90,0,,,4.6,99,A
369970278,2021-02-08T18:59:49,33.88547,-119.55929,0.7,318.5,204.0,SWISS LADDER 120,,,90,0,,,4.6,99,A
369970278,2021-02-08T19:00:07,33.88551,-119.55933,0.7,324.5,206.0,SWISS LADDER 120,,,90,0,,,4.6,99,A
369970278,2021-02-08T19:01:08,33.88566,-119.55947,0.8,319.8,218.0,SWISS LADDER 120,,,90,0,,,4.6,99,A
369970278,2021-02-08T19:02:19,33.88585,-119.55963,0.7,327.3,224.0,SWISS LADDER 120,,,90,0,,,4.6,99,A
369970278,2021-02-08T19:03:27,33.88604,-119.55980,0.8,325.0,234.0,SWISS LADDER 120,,,90,0,,,4.6,99,A
369970278,2021-02-08T19:04:38,33.88624,-119.55996,0.7,323.5,241.0,SWISS LADDER 120,,,90,0,,,4.6,99,A
369970278,2021-02-08T19:05:47,33.88642,-119.56013,0.7,320.6,241.0,SWISS LADDER 120,,,90,0,,,4.6,99,A
369970278,2021-02-08T19:06:49,33.88658,-119.56026,0.6,327.7,239.0,SWISS LADDER 120,,,90,0,,,4.6,99,A
369970278,2021-02-08T19:07:50,33.88673,-119.56039,0.7,325.9,239.0,SWISS LADDER 120,,,90,0,,,4.6,99,A
369970278,2021-02-08T19:08:58,33.88691,-119.56055,0.7,331.5,240.0,SWISS LADDER 120,,,90,0,,,4.6,99,A
369970278,2021-02-08T19:10:07,33.88712,-119.56072,0.8,324.3,243.0,SWISS LADDER 120,,,90,0,,,4.6,99,A
369970278,2021-02-08T19:11:08,33.88729,-119.56086,0.7,327.9,241.0,SWISS LADDER 120,,,90,0,,,4.6,99,A
369970278,2021-02-08T19:12:29,33.88753,-119.56104,0.8,327.9,245.0,SWISS LADDER 120,,,90,0,,,4.6,99,A
369970278,2021-02-08T19:13:39,33.88775,-119.56120,0.8,327.1,249.0,SWISS LADDER 120,,,90,0,,,4.6,99,A
369970278,2021-02-08T19:14:49,33.88796,-119.56136,0.8,324.4,249.0,SWISS LADDER 120,,,90,0,,,4.6,99,A
369970278,2021-02-08T19:15:58,33.88816,-119.56152,0.7,325.3,248.0,SWISS LADDER 120,,,90,0,,,4.6,99,A
369970278,2021-02-08T19:17:07,33.88836,-119.56170,0.8,325.7,245.0,SWISS LADDER 120,,,90,0,,,4.6,99,A
369970278,2021-02-08T19:18:17,33.88855,-119.56188,0.7,323.5,244.0,SWISS LADDER 120,,,90,0,,,4.6,99,A
369970278,2021-02-08T19:19:18,33.88871,-119.56201,0.7,326.6,243.0,SWISS LADDER 120,,,90,0,,,4.6,99,A
369970278,2021-02-08T19:20:28,33.88890,-119.56218,0.8,319.5,244.0,SWISS LADDER 120,,,90,0,,,4.6,99,A
369970278,2021-02-08T19:21:38,33.88905,-119.56235,0.7,320.6,239.0,SWISS LADDER 120,,,90,0,,,4.6,99,A
369970278,2021-02-08T19:22:48,33.88923,-119.56251,0.7,319.1,230.0,SWISS LADDER 120,,,90,0,,,4.6,99,A
369970278,2021-02-08T19:23:59,33.88941,-119.56270,0.7,317.8,228.0,SWISS LADDER 120,,,90,0,,,4.6,99,A
369970278,2021-02-08T19:25:17,33.88963,-119.56293,0.8,316.3,229.0,SWISS LADDER 120,,,90,0,,,4.6,99,A
369970278,2021-02-08T19:26:28,33.88983,-119.56313,0.8,317.8,226.0,SWISS LADDER 120,,,90,0,,,4.6,99,A
369970278,2021-02-08T19:27:29,33.89001,-119.56330,0.9,323.4,229.0,SWISS LADDER 120,,,90,0,,,4.6,99,A
369970278,2021-02-08T19:28:39,33.89022,-119.56348,0.8,326.7,231.0,SWISS LADDER 120,,,90,0,,,4.6,99,A
369970278,2021-02-08T19:29:48,33.89043,-119.56364,0.8,327.7,235.0,SWISS LADDER 120,,,90,0,,,4.6,99,A
369970278,2021-02-08T19:30:58,33.89066,-119.56380,0.8,323.3,240.0,SWISS LADDER 120,,,90,0,,,4.6,99,A
369970278,2021-02-08T19:32:08,33.89086,-119.56395,0.8,326.9,240.0,SWISS LADDER 120,,,90,0,,,4.6,99,A
369970278,2021-02-08T19:33:17,33.89107,-119.56412,0.8,322.8,240.0,SWISS LADDER 120,,,90,0,,,4.6,99,A
369970278,2021-02-08T19:34:29,33.89127,-119.56427,0.7,326.3,237.0,SWISS LADDER 120,,,90,0,,,4.6,99,A
369970278,2021-02-08T19:35:39,33.89148,-119.56442,0.7,321.6,239.0,SWISS LADDER 120,,,90,0,,,4.6,99,A
369970278,2021-02-08T19:36:48,33.89167,-119.56456,0.7,323.2,236.0,SWISS LADDER 120,,,90,0,,,4.6,99,A
369970278,2021-02-08T19:37:58,33.89185,-119.56472,0.6,323.1,232.0,SWISS LADDER 120,,,90,0,,,4.6,99,A
369970278,2021-02-08T19:38:59,33.89201,-119.56487,0.7,317.1,228.0,SWISS LADDER 120,,,90,0,,,4.6,99,A
369970278,2021-02-08T19:40:09,33.89219,-119.56504,0.6,322.6,221.0,SWISS LADDER 120,,,90,0,,,4.6,99,A
369970278,2021-02-08T19:41:19,33.89236,-119.56521,0.7,320.1,214.0,SWISS LADDER 120,,,90,0,,,4.6,99,A
369970278,2021-02-08T19:42:28,33.89253,-119.56536,0.7,323.2,210.0,SWISS LADDER 120,,,90,0,,,4.6,99,A
369970278,2021-02-08T19:43:38,33.89271,-119.56550,0.6,330.4,209.0,SWISS LADDER 120,,,90,0,,,4.6,99,A
369970278,2021-02-08T19:44:47,33.89289,-119.56564,0.8,324.5,216.0,SWISS LADDER 120,,,90,0,,,4.6,99,A
369970278,2021-02-08T19:45:58,33.89311,-119.56579,0.7,328.3,227.0,SWISS LADDER 120,,,90,0,,,4.6,99,A
369970278,2021-02-08T19:47:07,33.89330,-119.56592,0.7,331.2,227.0,SWISS LADDER 120,,,90,0,,,4.6,99,A
369970278,2021-02-08T19:48:18,33.89349,-119.56604,0.7,334.0,229.0,SWISS LADDER 120,,,90,0,,,4.6,99,A
369970278,2021-02-08T19:49:28,33.89369,-119.56616,0.6,335.2,233.0,SWISS LADDER 120,,,90,0,,,4.6,99,A
369970278,2021-02-08T19:50:39,33.89389,-119.56628,0.7,336.3,231.0,SWISS LADDER 120,,,90,0,,,4.6,99,A
369970278,2021-02-08T19:51:48,33.89408,-119.56639,0.7,334.0,231.0,SWISS LADDER 120,,,90,0,,,4.6,99,A
369970278,2021-02-08T19:52:58,33.89429,-119.56650,0.7,338.6,233.0,SWISS LADDER 120,,,90,0,,,4.6,99,A
369970278,2021-02-08T19:54:07,33.89448,-119.56662,0.7,330.0,237.0,SWISS LADDER 120,,,90,0,,,4.6,99,A
369970278,2021-02-08T19:55:09,33.89466,-119.56672,0.8,335.4,238.0,SWISS LADDER 120,,,90,0,,,4.6,99,A
369970278,2021-02-08T19:56:19,33.89487,-119.56684,0.6,337.6,236.0,SWISS LADDER 120,,,90,0,,,4.6,99,A
369970278,2021-02-08T19:57:29,33.89505,-119.56690,0.6,345.3,226.0,SWISS LADDER 120,,,90,0,,,4.6,99,A
369970278,2021-02-08T19:58:38,33.89525,-119.56698,0.7,345.1,230.0,SWISS LADDER 120,,,90,0,,,4.6,99,A
369970278,2021-02-08T19:59:48,33.89547,-119.56705,0.7,345.6,237.0,SWISS LADDER 120,,,90,0,,,4.6,99,A
369970278,2021-02-08T20:00:09,33.89553,-119.56707,0.7,350.2,237.0,SWISS LADDER 120,,,90,0,,,4.6,99,A
369970278,2021-02-08T20:01:18,33.89574,-119.56713,0.6,347.4,238.0,SWISS LADDER 120,,,90,0,,,4.6,99,A
369970278,2021-02-08T20:02:28,33.89595,-119.56720,0.7,342.0,242.0,SWISS LADDER 120,,,90,0,,,4.6,99,A
369970278,2021-02-08T20:03:29,33.89613,-119.56726,0.7,345.8,242.0,SWISS LADDER 120,,,90,0,,,4.6,99,A
369970278,2021-02-08T20:04:38,33.89635,-119.56734,0.7,344.3,247.0,SWISS LADDER 120,,,90,0,,,4.6,99,A
369970278,2021-02-08T20:05:39,33.89655,-119.56740,0.7,342.1,252.0,SWISS LADDER 120,,,90,0,,,4.6,99,A
369970278,2021-02-08T20:06:48,33.89675,-119.56749,0.7,339.9,253.0,SWISS LADDER 120,,,90,0,,,4.6,99,A
369970278,2021-02-08T20:07:58,33.89694,-119.56757,0.6,341.0,257.0,SWISS LADDER 120,,,90,0,,,4.6,99,A
369970278,2021-02-08T20:09:08,33.89714,-119.56762,0.6,344.4,267.0,SWISS LADDER 120,,,90,0,,,4.6,99,A
369970278,2021-02-08T20:10:18,33.89734,-119.56765,0.6,354.5,274.0,SWISS LADDER 120,,,90,0,,,4.6,99,A
369970278,2021-02-08T20:11:28,33.89754,-119.56769,0.6,347.5,277.0,SWISS LADDER 120,,,90,0,,,4.6,99,A
369970278,2021-02-08T20:12:37,33.89773,-119.56775,0.6,337.1,278.0,SWISS LADDER 120,,,90,0,,,4.6,99,A
369970278,2021-02-08T20:13:38,33.89791,-119.56784,0.7,334.7,275.0,SWISS LADDER 120,,,90,0,,,4.6,99,A
369970278,2021-02-08T20:14:48,33.89813,-119.56795,0.7,337.2,268.0,SWISS LADDER 120,,,90,0,,,4.6,99,A
369970278,2021-02-08T20:15:49,33.89831,-119.56804,0.7,334.2,263.0,SWISS LADDER 120,,,90,0,,,4.6,99,A
369970278,2021-02-08T20:16:59,33.89852,-119.56813,0.6,338.6,256.0,SWISS LADDER 120,,,90,0,,,4.6,99,A
369970278,2021-02-08T20:18:07,33.89873,-119.56820,0.7,346.3,256.0,SWISS LADDER 120,,,90,0,,,4.6,99,A
369970278,2021-02-08T20:19:18,33.89896,-119.56824,0.7,349.9,266.0,SWISS LADDER 120,,,90,0,,,4.6,99,A
369970278,2021-02-08T20:20:29,33.89918,-119.56827,0.7,354.1,274.0,SWISS LADDER 120,,,90,0,,,4.6,99,A
369970278,2021-02-08T20:21:39,33.89940,-119.56832,0.7,346.1,276.0,SWISS LADDER 120,,,90,0,,,4.6,99,A
369970278,2021-02-08T20:22:49,33.89960,-119.56837,0.7,345.0,280.0,SWISS LADDER 120,,,90,0,,,4.6,99,A
369970278,2021-02-08T20:23:58,33.89982,-119.56842,0.8,350.7,284.0,SWISS LADDER 120,,,90,0,,,4.6,99,A
369970278,2021-02-08T20:25:08,33.90004,-119.56847,0.7,346.4,286.0,SWISS LADDER 120,,,90,0,,,4.6,99,A
369970278,2021-02-08T20:26:29,33.90029,-119.56850,0.7,349.4,289.0,SWISS LADDER 120,,,90,0,,,4.6,99,A
369970278,2021-02-08T20:27:37,33.90050,-119.56852,0.7,358.3,292.0,SWISS LADDER 120,,,90,0,,,4.6,99,A
369970278,2021-02-08T20:28:48,33.90071,-119.56855,0.7,352.6,292.0,SWISS LADDER 120,,,90,0,,,4.6,99,A
369970278,2021-02-08T20:29:49,33.90090,-119.56856,0.6,350.2,298.0,SWISS LADDER 120,,,90,0,,,4.6,99,A
369970278,2021-02-08T20:30:57,33.90110,-119.56858,0.6,356.9,304.0,SWISS LADDER 120,,,90,0,,,4.6,99,A
369970278,2021-02-08T20:32:09,33.90126,-119.56864,0.5,331.4,310.0,SWISS LADDER 120,,,90,0,,,4.6,99,A
369970278,2021-02-08T20:33:19,33.90143,-119.56871,0.5,337.2,320.0,SWISS LADDER 120,,,90,0,,,4.6,99,A
369970278,2021-02-08T20:34:24,33.90244,-119.56961,8.7,312.7,299.0,SWISS LADDER 120,,,90,0,,,4.6,99,A
369970278,2021-02-08T20:35:25,33.90079,-119.57245,14.7,208.0,216.0,SWISS LADDER 120,,,90,0,,,4.6,99,A
369970278,2021-02-08T20:36:30,33.89638,-119.57153,17.5,140.5,143.0,SWISS LADDER 120,,,90,0,,,4.6,99,A
369970278,2021-02-08T20:37:31,33.89410,-119.56615,20.1,104.0,107.0,SWISS LADDER 120,,,90,0,,,4.6,99,A
369970278,2021-02-08T20:38:33,33.89198,-119.56114,9.1,148.7,157.0,SWISS LADDER 120,,,90,0,,,4.6,99,A
369970278,2021-02-08T20:39:36,33.89020,-119.56059,4.1,173.9,177.0,SWISS LADDER 120,,,90,0,,,4.6,99,A
369970278,2021-02-08T20:40:39,33.88783,-119.56232,16.5,217.4,218.0,SWISS LADDER 120,,,90,0,,,4.6,99,A
369970278,2021-02-08T20:41:42,33.88441,-119.56736,19.7,236.8,237.0,SWISS LADDER 120,,,90,0,,,4.6,99,A
369970278,2021-02-08T20:42:44,33.88276,-119.57006,4.9,234.1,232.0,SWISS LADDER 120,,,90,0,,,4.6,99,A
369970278,2021-02-08T20:43:47,33.88261,-119.57022,1.9,190.6,179.0,SWISS LADDER 120,,,90,0,,,4.6,99,A
369970278,2021-02-08T20:44:48,33.88259,-119.57031,0.3,36.0,248.0,SWISS LADDER 120,,,90,0,,,4.6,99,A
369970278,2021-02-08T20:45:54,33.88264,-119.57039,0.4,293.6,240.0,SWISS LADDER 120,,,90,0,,,4.6,99,A
369970278,2021-02-08T20:46:56,33.88278,-119.57039,0.9,18.0,241.0,SWISS LADDER 120,,,90,0,,,4.6,99,A
369970278,2021-02-08T20:48:06,33.88301,-119.57030,0.7,9.5,233.0,SWISS LADDER 120,,,90,0,,,4.6,99,A
369970278,2021-02-08T20:49:07,33.88302,-119.57040,0.5,324.7,150.0,SWISS LADDER 120,,,90,0,,,4.6,99,A
369970278,2021-02-08T20:50:09,33.88324,-119.57081,1.2,298.4,106.0,SWISS LADDER 120,,,90,0,,,4.6,99,A
369970278,2021-02-08T20:51:26,33.88344,-119.57083,0.9,298.7,65.0,SWISS LADDER 120,,,90,0,,,4.6,99,A
369970278,2021-02-08T20:52:36,33.88347,-119.57122,1.2,270.2,65.0,SWISS LADDER 120,,,90,0,,,4.6,99,A
369970278,2021-02-08T20:53:37,33.88358,-119.57131,0.5,333.8,76.0,SWISS LADDER 120,,,90,0,,,4.6,99,A
369970278,2021-02-08T20:54:40,33.88372,-119.57135,0.6,353.8,107.0,SWISS LADDER 120,,,90,0,,,4.6,99,A
369970278,2021-02-08T20:55:46,33.88365,-119.57003,7.0,98.3,100.0,SWISS LADDER 120,,,90,0,,,4.6,99,A
369970278,2021-02-08T20:56:53,33.88347,-119.56731,6.9,86.3,87.0,SWISS LADDER 120,,,90,0,,,4.6,99,A
369970278,2021-02-08T20:57:56,33.88391,-119.56493,6.9,75.4,75.0,SWISS LADDER 120,,,90,0,,,4.6,99,A
369970278,2021-02-08T20:59:06,33.88527,-119.56195,10.2,60.2,63.0,SWISS LADDER 120,,,90,0,,,4.6,99,A
369970278,2021-02-08T21:00:07,33.88670,-119.55896,10.2,59.8,64.0,SWISS LADDER 120,,,90,0,,,4.6,99,A
369970278,2021-02-14T16:34:26,33.91791,-119.57321,0.8,117.9,30.0,SWISS LADDER 120,,,90,0,,,15.5,71,A
369970278,2021-02-14T16:35:36,33.91780,-119.57290,0.7,112.7,25.0,SWISS LADDER 120,,,90,0,,,15.5,71,A
369970278,2021-02-14T16:36:46,33.91773,-119.57260,0.5,119.5,16.0,SWISS LADDER 120,,,90,0,,,15.5,71,A
369970278,2021-02-14T16:37:47,33.91766,-119.57233,1.3,107.5,16.0,SWISS LADDER 120,,,90,0,,,15.5,71,A
369970278,2021-02-14T16:38:57,33.91757,-119.57199,0.8,110.1,11.0,SWISS LADDER 120,,,90,0,,,15.5,71,A
369970278,2021-02-14T16:40:06,33.91748,-119.57166,0.9,111.2,14.0,SWISS LADDER 120,,,90,0,,,15.5,71,A
369970278,2021-02-14T16:41:07,33.91737,-119.57135,1.0,107.2,19.0,SWISS LADDER 120,,,90,0,,,15.5,71,A
369970278,2021-02-14T16:42:17,33.91726,-119.57097,1.0,111.1,12.0,SWISS LADDER 120,,,90,0,,,15.5,71,A
369970278,2021-02-14T16:43:26,33.91714,-119.57062,0.9,107.1,20.0,SWISS LADDER 120,,,90,0,,,15.5,71,A
369970278,2021-02-14T16:44:37,33.91702,-119.57025,0.9,112.8,17.0,SWISS LADDER 120,,,90,0,,,15.5,71,A
369970278,2021-02-14T16:45:38,33.91692,-119.56995,1.1,107.3,13.0,SWISS LADDER 120,,,90,0,,,15.5,71,A
369970278,2021-02-14T16:46:47,33.91681,-119.56962,0.9,109.1,16.0,SWISS LADDER 120,,,90,0,,,15.5,71,A
369970278,2021-02-14T16:47:57,33.91673,-119.56932,0.8,105.9,12.0,SWISS LADDER 120,,,90,0,,,15.5,71,A
369970278,2021-02-14T16:49:06,33.91666,-119.56901,0.8,106.5,8.0,SWISS LADDER 120,,,90,0,,,15.5,71,A
369970278,2021-02-14T16:50:17,33.91656,-119.56868,1.0,107.4,12.0,SWISS LADDER 120,,,90,0,,,15.5,71,A
369970278,2021-02-14T16:51:26,33.91647,-119.56836,0.9,111.6,19.0,SWISS LADDER 120,,,90,0,,,15.5,71,A
369970278,2021-02-14T16:52:37,33.91636,-119.56805,0.9,116.5,25.0,SWISS LADDER 120,,,90,0,,,15.5,71,A
369970278,2021-02-14T16:53:47,33.91623,-119.56776,0.7,123.2,26.0,SWISS LADDER 120,,,90,0,,,15.5,71,A
369970278,2021-02-14T16:54:56,33.91612,-119.56745,0.8,116.7,34.0,SWISS LADDER 120,,,90,0,,,15.5,71,A
369970278,2021-02-14T16:56:07,33.91603,-119.56711,1.0,107.3,34.0,SWISS LADDER 120,,,90,0,,,15.5,71,A
369970278,2021-02-14T16:57:16,33.91590,-119.56676,1.0,116.4,35.0,SWISS LADDER 120,,,90,0,,,15.5,71,A
369970278,2021-02-14T16:58:27,33.91575,-119.56642,0.9,122.8,42.0,SWISS LADDER 120,,,90,0,,,15.5,71,A
369970278,2021-02-14T16:59:37,33.91557,-119.56611,0.8,123.0,49.0,SWISS LADDER 120,,,90,0,,,15.5,71,A
369970278,2021-02-14T17:00:06,33.91551,-119.56598,0.9,125.5,49.0,SWISS LADDER 120,,,90,0,,,15.5,71,A
369970278,2021-02-14T17:01:16,33.91531,-119.56567,1.2,128.5,52.0,SWISS LADDER 120,,,90,0,,,15.5,71,A
369970278,2021-02-14T17:02:26,33.91513,-119.56534,1.0,119.6,55.0,SWISS LADDER 120,,,90,0,,,15.5,71,A
369970278,2021-02-14T17:03:38,33.91494,-119.56502,1.0,118.9,53.0,SWISS LADDER 120,,,90,0,,,15.5,71,A
369970278,2021-02-14T17:04:44,33.91535,-119.56374,6.8,69.8,71.0,SWISS LADDER 120,,,90,0,,,15.5,71,A
369970278,2021-02-14T17:05:47,33.91663,-119.56122,9.8,19.4,2.0,SWISS LADDER 120,,,90,0,,,15.5,71,A
369970278,2021-02-14T17:06:51,33.91792,-119.56378,11.0,276.9,284.0,SWISS LADDER 120,,,90,0,,,15.5,71,A
369970278,2021-08-11T15:18:24,33.89281,-119.55836,0.6,319.2,328.0,SWISS LADDER 120,,,90,0,,,,35,A
369970278,2021-08-11T15:19:34,33.89292,-119.55844,1.7,339.6,326.0,SWISS LADDER 120,,,90,0,,,,35,A
369970278,2021-08-11T15:20:44,33.89305,-119.55856,1.0,329.7,320.0,SWISS LADDER 120,,,90,0,,,,35,A
369970278,2021-08-11T15:21:54,33.89316,-119.55867,0.3,321.7,316.0,SWISS LADDER 120,,,90,0,,,,35,A
369970278,2021-08-11T15:23:04,33.89329,-119.55877,0.5,329.1,318.0,SWISS LADDER 120,,,90,0,,,,35,A
369970278,2021-08-11T15:24:15,33.89346,-119.55889,0.6,319.6,323.0,SWISS LADDER 120,,,90,0,,,,35,A
369970278,2021-08-11T15:25:24,33.89360,-119.55905,1.0,302.2,322.0,SWISS LADDER 120,,,90,0,,,,35,A
369970278,2021-08-11T15:26:34,33.89374,-119.55924,0.7,313.8,322.0,SWISS LADDER 120,,,90,0,,,,35,A
369970278,2021-08-11T15:27:45,33.89388,-119.55945,0.7,313.8,333.0,SWISS LADDER 120,,,90,0,,,,35,A
369970278,2021-08-11T15:28:54,33.89400,-119.55963,0.5,309.7,339.0,SWISS LADDER 120,,,90,0,,,,35,A
369970278,2021-08-11T15:30:03,33.89414,-119.55983,0.6,311.6,330.0,SWISS LADDER 120,,,90,0,,,,35,A
369970278,2021-08-11T15:31:15,33.89430,-119.56003,1.0,320.3,333.0,SWISS LADDER 120,,,90,0,,,,35,A
369970278,2021-08-11T15:32:24,33.89446,-119.56021,0.6,312.4,340.0,SWISS LADDER 120,,,90,0,,,,35,A
369970278,2021-08-11T15:33:34,33.89459,-119.56040,1.0,303.8,339.0,SWISS LADDER 120,,,90,0,,,,35,A
369970278,2021-08-11T15:34:35,33.89472,-119.56050,0.7,323.9,339.0,SWISS LADDER 120,,,90,0,,,,35,A
369970278,2021-08-11T15:35:44,33.89486,-119.56071,1.0,311.8,331.0,SWISS LADDER 120,,,90,0,,,,35,A
369970278,2021-08-11T15:36:54,33.89499,-119.56086,1.0,324.2,333.0,SWISS LADDER 120,,,90,0,,,,35,A
369970278,2021-08-11T15:38:04,33.89512,-119.56094,0.5,318.7,337.0,SWISS LADDER 120,,,90,0,,,,35,A
369970278,2021-08-11T15:39:14,33.89520,-119.56103,0.5,318.0,334.0,SWISS LADDER 120,,,90,0,,,,35,A
369970278,2021-08-11T15:40:25,33.89529,-119.56115,0.7,320.2,327.0,SWISS LADDER 120,,,90,0,,,,35,A
369970278,2021-08-11T15:41:34,33.89538,-119.56126,0.8,319.1,319.0,SWISS LADDER 120,,,90,0,,,,35,A
369970278,2021-08-11T15:42:44,33.89550,-119.56134,0.3,327.7,318.0,SWISS LADDER 120,,,90,0,,,,35,A
369970278,2021-08-11T15:43:54,33.89561,-119.56138,0.8,344.4,327.0,SWISS LADDER 120,,,90,0,,,,35,A
369970278,2021-08-11T15:45:04,33.89570,-119.56145,0.5,327.6,330.0,SWISS LADDER 120,,,90,0,,,,35,A
369970278,2021-08-11T15:46:14,33.89583,-119.56157,0.3,317.1,333.0,SWISS LADDER 120,,,90,0,,,,35,A
369970278,2021-08-11T15:47:24,33.89593,-119.56169,0.5,321.0,333.0,SWISS LADDER 120,,,90,0,,,,35,A
369970278,2021-08-11T15:48:34,33.89604,-119.56180,0.4,318.4,332.0,SWISS LADDER 120,,,90,0,,,,35,A
369970278,2021-08-11T15:49:43,33.89614,-119.56194,0.8,308.2,334.0,SWISS LADDER 120,,,90,0,,,,35,A
369970278,2021-08-11T15:50:53,33.89624,-119.56207,0.6,307.5,334.0,SWISS LADDER 120,,,90,0,,,,35,A
369970278,2021-08-11T15:52:04,33.89637,-119.56219,0.8,327.0,331.0,SWISS LADDER 120,,,90,0,,,,35,A
369970278,2021-08-11T15:53:14,33.89648,-119.56228,0.7,329.0,329.0,SWISS LADDER 120,,,90,0,,,,35,A
369970278,2021-08-11T15:54:25,33.89656,-119.56236,0.3,329.6,330.0,SWISS LADDER 120,,,90,0,,,,35,A
369970278,2021-08-11T15:55:33,33.89667,-119.56245,0.6,322.6,330.0,SWISS LADDER 120,,,90,0,,,,35,A
369970278,2021-08-11T15:56:44,33.89675,-119.56255,0.4,315.9,336.0,SWISS LADDER 120,,,90,0,,,,35,A
369970278,2021-08-11T15:57:55,33.89686,-119.56270,0.7,303.7,340.0,SWISS LADDER 120,,,90,0,,,,35,A
369970278,2021-08-11T15:59:04,33.89692,-119.56289,0.3,296.4,330.0,SWISS LADDER 120,,,90,0,,,,35,A
369970278,2021-08-11T16:00:04,33.89697,-119.56305,0.9,282.9,318.0,SWISS LADDER 120,,,90,0,,,,35,A
369970278,2021-08-11T16:01:15,33.89762,-119.56387,2.9,314.2,317.0,SWISS LADDER 120,,,90,0,,,,35,A
369970278,2021-08-11T16:02:24,33.89803,-119.56445,2.1,307.9,313.0,SWISS LADDER 120,,,90,0,,,,35,A
369970278,2021-08-11T16:03:34,33.89833,-119.56485,1.2,313.2,311.0,SWISS LADDER 120,,,90,0,,,,35,A
369970278,2021-08-11T16:04:44,33.89864,-119.56518,1.2,320.2,314.0,SWISS LADDER 120,,,90,0,,,,35,A
369970278,2021-08-11T16:05:54,33.89929,-119.56586,3.7,312.2,308.0,SWISS LADDER 120,,,90,0,,,,35,A
369970278,2021-08-11T16:07:04,33.89992,-119.56689,2.1,306.1,293.0,SWISS LADDER 120,,,90,0,,,,35,A
369970278,2021-08-11T16:08:12,33.89992,-119.56651,0.9,93.9,310.0,SWISS LADDER 120,,,90,0,,,,35,A
369970278,2021-08-11T16:09:14,33.89984,-119.56623,0.7,60.8,351.0,SWISS LADDER 120,,,90,0,,,,35,A
369970278,2021-08-11T16:10:18,33.90024,-119.56606,1.1,38.3,75.0,SWISS LADDER 120,,,90,0,,,,35,A
369970278,2021-08-11T16:11:24,33.90043,-119.56588,0.3,40.1,101.0,SWISS LADDER 120,,,90,0,,,,35,A
369970278,2021-08-11T16:12:25,33.90051,-119.56582,0.6,6.1,141.0,SWISS LADDER 120,,,90,0,,,,35,A
369970278,2021-08-11T16:13:34,33.90061,-119.56583,0.5,342.7,147.0,SWISS LADDER 120,,,90,0,,,,35,A
369970278,2021-08-11T16:14:45,33.90076,-119.56585,0.8,352.2,139.0,SWISS LADDER 120,,,90,0,,,,35,A
369970278,2021-08-11T16:15:54,33.90090,-119.56585,1.2,353.4,128.0,SWISS LADDER 120,,,90,0,,,,35,A
369970278,2021-08-11T16:17:03,33.90107,-119.56588,0.6,358.0,114.0,SWISS LADDER 120,,,90,0,,,,35,A
369970278,2021-08-11T16:18:15,33.90129,-119.56588,0.7,354.2,108.0,SWISS LADDER 120,,,90,0,,,,35,A
369970278,2021-08-11T16:19:25,33.90144,-119.56591,0.6,354.3,109.0,SWISS LADDER 120,,,90,0,,,,35,A
369970278,2021-08-11T16:20:35,33.90162,-119.56591,0.7,359.5,115.0,SWISS LADDER 120,,,90,0,,,,35,A
369970278,2021-08-11T16:21:43,33.90180,-119.56591,0.3,11.9,127.0,SWISS LADDER 120,,,90,0,,,,35,A
369970278,2021-08-11T16:22:53,33.90199,-119.56587,0.3,5.4,135.0,SWISS LADDER 120,,,90,0,,,,35,A
369970278,2021-08-11T16:24:05,33.90214,-119.56584,0.7,3.6,139.0,SWISS LADDER 120,,,90,0,,,,35,A
369970278,2021-08-11T16:25:14,33.90227,-119.56586,0.3,339.9,144.0,SWISS LADDER 120,,,90,0,,,,35,A
369970278,2021-08-11T16:26:15,33.90238,-119.56587,0.7,347.0,141.0,SWISS LADDER 120,,,90,0,,,,35,A
369970278,2021-08-11T16:27:25,33.90246,-119.56588,0.3,346.0,136.0,SWISS LADDER 120,,,90,0,,,,35,A
369970278,2021-08-11T16:28:34,33.90256,-119.56590,0.4,345.8,133.0,SWISS LADDER 120,,,90,0,,,,35,A
369970278,2021-08-11T16:29:43,33.90267,-119.56590,0.4,356.6,135.0,SWISS LADDER 120,,,90,0,,,,35,A
369970278,2021-08-11T16:30:54,33.90279,-119.56591,0.4,350.6,133.0,SWISS LADDER 120,,,90,0,,,,35,A
369970278,2021-08-11T16:32:04,33.90295,-119.56592,0.4,357.5,130.0,SWISS LADDER 120,,,90,0,,,,35,A
369970278,2021-08-11T16:33:15,33.90312,-119.56592,0.4,356.6,129.0,SWISS LADDER 120,,,90,0,,,,35,A
369970278,2021-08-11T16:34:23,33.90328,-119.56589,0.8,2.3,129.0,SWISS LADDER 120,,,90,0,,,,35,A
369970278,2021-08-11T16:35:24,33.90344,-119.56589,0.8,356.2,125.0,SWISS LADDER 120,,,90,0,,,,35,A
369970278,2021-08-11T16:36:34,33.90363,-119.56589,0.7,357.7,127.0,SWISS LADDER 120,,,90,0,,,,35,A
369970278,2021-08-11T16:37:35,33.90380,-119.56590,0.6,353.3,129.0,SWISS LADDER 120,,,90,0,,,,35,A
369970278,2021-08-11T16:38:45,33.90398,-119.56591,0.9,352.8,126.0,SWISS LADDER 120,,,90,0,,,,35,A
369970278,2021-08-11T16:39:55,33.90419,-119.56593,0.3,350.4,126.0,SWISS LADDER 120,,,90,0,,,,35,A
369970278,2021-08-11T16:41:05,33.90435,-119.56592,0.8,1.3,130.0,SWISS LADDER 120,,,90,0,,,,35,A
369970278,2021-08-11T16:42:15,33.90454,-119.56591,0.9,3.7,134.0,SWISS LADDER 120,,,90,0,,,,35,A
369970278,2021-08-11T16:43:25,33.90474,-119.56592,0.5,359.4,139.0,SWISS LADDER 120,,,90,0,,,,35,A
369970278,2021-08-11T16:44:34,33.90492,-119.56590,0.4,5.3,139.0,SWISS LADDER 120,,,90,0,,,,35,A
369970278,2021-08-11T16:45:44,33.90508,-119.56588,0.7,10.8,140.0,SWISS LADDER 120,,,90,0,,,,35,A
369970278,2021-08-11T16:46:53,33.90523,-119.56584,0.4,10.8,144.0,SWISS LADDER 120,,,90,0,,,,35,A
369970278,2021-08-11T16:48:04,33.90539,-119.56577,1.2,17.4,147.0,SWISS LADDER 120,,,90,0,,,,35,A
369970278,2021-08-11T16:49:15,33.90557,-119.56572,0.4,6.8,140.0,SWISS LADDER 120,,,90,0,,,,35,A
369970278,2021-08-11T16:50:24,33.90575,-119.56566,0.6,10.2,135.0,SWISS LADDER 120,,,90,0,,,,35,A
369970278,2021-08-11T16:51:34,33.90591,-119.56563,0.3,12.8,140.0,SWISS LADDER 120,,,90,0,,,,35,A
369970278,2021-08-11T16:52:43,33.90606,-119.56555,0.5,15.2,145.0,SWISS LADDER 120,,,90,0,,,,35,A
369970278,2021-08-11T16:53:44,33.90618,-119.56550,0.6,13.2,149.0,SWISS LADDER 120,,,90,0,,,,35,A
369970278,2021-08-11T16:54:55,33.90634,-119.56540,0.4,29.5,151.0,SWISS LADDER 120,,,90,0,,,,35,A
369970278,2021-08-11T17:00:04,33.90235,-119.56310,4.8,164.1,162.0,SWISS LADDER 120,,,90,0,,,,35,A
369970278,2021-08-11T17:01:15,33.90088,-119.56248,4.8,159.5,161.0,SWISS LADDER 120,,,90,0,,,,35,A
369970278,2021-08-11T17:02:25,33.89942,-119.56186,4.8,162.6,162.0,SWISS LADDER 120,,,90,0,,,,35,A
369970278,2021-08-11T17:03:35,33.89794,-119.56125,5.0,168.0,162.0,SWISS LADDER 120,,,90,0,,,,35,A
369970278,2021-08-11T17:04:44,33.89650,-119.56064,4.8,155.9,158.0,SWISS LADDER 120,,,90,0,,,,35,A
369970278,2021-08-11T17:05:54,33.89509,-119.55993,4.9,152.5,158.0,SWISS LADDER 120,,,90,0,,,,35,A
369970278,2021-08-11T17:07:04,33.89366,-119.55923,5.0,163.6,159.0,SWISS LADDER 120,,,90,0,,,,35,A
369970278,2021-08-11T17:08:14,33.89223,-119.55856,4.7,156.0,158.0,SWISS LADDER 120,,,90,0,,,,35,A
369970278,2021-08-11T22:38:43,33.90642,-119.56531,0.3,22.0,151.0,SWISS LADDER 120,,,90,0,,,,35,A
369970278,2021-08-11T23:09:00,33.88758,-119.56089,6.7,36.2,47.0,SWISS LADDER 120,,,90,0,,,,35,A
369970278,2021-08-11T20:18:33,33.88209,-119.56930,1.3,56.6,352.0,SWISS LADDER 120,,,90,0,,,,35,A
369970278,2021-08-11T20:19:43,33.88219,-119.56914,0.7,30.4,351.0,SWISS LADDER 120,,,90,0,,,,35,A
369970278,2021-08-11T20:20:55,33.88229,-119.56896,0.4,55.4,354.0,SWISS LADDER 120,,,90,0,,,,35,A
369970278,2021-08-11T20:22:05,33.88237,-119.56877,1.6,44.0,353.0,SWISS LADDER 120,,,90,0,,,,35,A
369970278,2021-08-11T20:23:08,33.88259,-119.56840,2.1,72.0,100.0,SWISS LADDER 120,,,90,0,,,,35,A
369970278,2021-08-11T20:24:14,33.88266,-119.56808,0.5,76.6,125.0,SWISS LADDER 120,,,90,0,,,,35,A
369970278,2021-08-11T20:25:20,33.88272,-119.56791,0.3,76.0,143.0,SWISS LADDER 120,,,90,0,,,,35,A
369970278,2021-08-11T20:26:25,33.88275,-119.56774,1.0,86.2,163.0,SWISS LADDER 120,,,90,0,,,,35,A
369970278,2021-08-11T20:27:34,33.88282,-119.56763,0.2,43.7,182.0,SWISS LADDER 120,,,90,0,,,,35,A
369970278,2021-08-11T20:28:43,33.88293,-119.56741,0.3,40.4,185.0,SWISS LADDER 120,,,90,0,,,,35,A
369970278,2021-08-11T22:09:49,33.88213,-119.56034,0.2,39.2,324.0,SWISS LADDER 120,,,90,0,,,,35,A
369970278,2021-08-11T22:10:59,33.88234,-119.56017,1.0,41.3,321.0,SWISS LADDER 120,,,90,0,,,,35,A
369970278,2021-08-11T22:12:08,33.88250,-119.55998,1.3,40.1,324.0,SWISS LADDER 120,,,90,0,,,,35,A
369970278,2021-08-11T22:13:17,33.88265,-119.55978,0.3,32.0,326.0,SWISS LADDER 120,,,90,0,,,,35,A
369970278,2021-08-11T22:14:38,33.88282,-119.55956,0.5,38.9,328.0,SWISS LADDER 120,,,90,0,,,,35,A
369970278,2021-08-11T22:15:48,33.88300,-119.55940,1.0,36.6,329.0,SWISS LADDER 120,,,90,0,,,,35,A
369970278,2021-08-11T22:16:58,33.88316,-119.55925,0.5,33.8,326.0,SWISS LADDER 120,,,90,0,,,,35,A
369970278,2021-08-11T22:18:09,33.88332,-119.55911,0.9,39.9,328.0,SWISS LADDER 120,,,90,0,,,,35,A
369970278,2021-08-11T22:19:17,33.88348,-119.55896,0.9,34.3,334.0,SWISS LADDER 120,,,90,0,,,,35,A
369970278,2021-08-11T22:20:18,33.88362,-119.55880,1.4,41.5,337.0,SWISS LADDER 120,,,90,0,,,,35,A
369970278,2021-08-11T22:21:27,33.88376,-119.55863,0.5,39.4,341.0,SWISS LADDER 120,,,90,0,,,,35,A
369970278,2021-08-11T22:22:28,33.88391,-119.55847,1.9,29.2,337.0,SWISS LADDER 120,,,90,0,,,,35,A
369970278,2021-08-11T23:02:04,33.88533,-119.56059,3.7,281.1,293.0,SWISS LADDER 120,,,90,0,,,,35,A
369970278,2021-08-11T23:03:06,33.88567,-119.56109,1.2,323.4,327.0,SWISS LADDER 120,,,90,0,,,,35,A
369970278,2021-08-11T23:04:08,33.88591,-119.56115,1.1,354.0,323.0,SWISS LADDER 120,,,90,0,,,,35,A
369970278,2021-08-11T23:05:14,33.88607,-119.56111,1.1,9.9,309.0,SWISS LADDER 120,,,90,0,,,,35,A
369970278,2021-08-11T23:06:15,33.88620,-119.56102,0.7,34.5,302.0,SWISS LADDER 120,,,90,0,,,,35,A
369970278,2021-08-11T23:07:23,33.88654,-119.56112,5.3,337.1,342.0,SWISS LADDER 120,,,90,0,,,,35,A
369970278,2021-02-02T15:50:08,33.88389,-119.58404,7.9,293.3,282.0,SWISS LADDER 120,,,90,0,,,,60,A
369970278,2021-02-02T15:51:12,33.88426,-119.58637,6.6,279.4,276.0,SWISS LADDER 120,,,90,0,,,,60,A
369970278,2021-02-02T15:52:18,33.88455,-119.58873,6.5,278.6,276.0,SWISS LADDER 120,,,90,0,,,,60,A
369970278,2021-02-02T15:53:24,33.88483,-119.59106,6.4,278.7,276.0,SWISS LADDER 120,,,90,0,,,,60,A
369970278,2021-02-02T15:54:34,33.88513,-119.59360,6.5,278.6,276.0,SWISS LADDER 120,,,90,0,,,,60,A
369970278,2021-02-02T15:55:35,33.88536,-119.59577,6.5,277.3,276.0,SWISS LADDER 120,,,90,0,,,,60,A
369970278,2021-02-02T15:56:41,33.88557,-119.59813,6.5,266.4,254.0,SWISS LADDER 120,,,90,0,,,,60,A
369970278,2021-02-02T16:00:15,33.88440,-119.59397,5.1,77.0,81.0,SWISS LADDER 120,,,90,0,,,,60,A
369970278,2021-02-02T16:01:24,33.88477,-119.59205,5.2,77.0,80.0,SWISS LADDER 120,,,90,0,,,,60,A
369970278,2021-02-02T16:02:35,33.88516,-119.59002,5.2,76.8,80.0,SWISS LADDER 120,,,90,0,,,,60,A
369970278,2021-02-02T16:03:38,33.88544,-119.58893,1.9,67.2,53.0,SWISS LADDER 120,,,90,0,,,,60,A
369970278,2021-02-02T16:04:40,33.88561,-119.58851,1.1,64.4,22.0,SWISS LADDER 120,,,90,0,,,,60,A
369970278,2021-02-02T16:05:42,33.88573,-119.58819,1.0,67.8,357.0,SWISS LADDER 120,,,90,0,,,,60,A
369970278,2021-02-02T16:06:45,33.88583,-119.58785,0.9,74.8,355.0,SWISS LADDER 120,,,90,0,,,,60,A
369970278,2021-02-02T16:07:55,33.88591,-119.58746,1.1,79.6,355.0,SWISS LADDER 120,,,90,0,,,,60,A
369970278,2021-02-02T16:09:04,33.88596,-119.58705,1.2,79.7,354.0,SWISS LADDER 120,,,90,0,,,,60,A
369970278,2021-02-02T16:10:14,33.88601,-119.58667,1.0,81.8,359.0,SWISS LADDER 120,,,90,0,,,,60,A
369970278,2021-02-02T16:11:25,33.88605,-119.58625,1.2,83.2,359.0,SWISS LADDER 120,,,90,0,,,,60,A
369970278,2021-02-02T16:12:35,33.88610,-119.58584,1.5,84.4,358.0,SWISS LADDER 120,,,90,0,,,,60,A
369970278,2021-02-02T16:13:45,33.88615,-119.58543,1.1,84.0,355.0,SWISS LADDER 120,,,90,0,,,,60,A
369970278,2021-02-02T16:14:46,33.88618,-119.58506,1.2,83.4,358.0,SWISS LADDER 120,,,90,0,,,,60,A
369970278,2021-02-02T16:15:54,33.88620,-119.58464,1.0,85.9,3.0,SWISS LADDER 120,,,90,0,,,,60,A
369970278,2021-02-02T16:17:05,33.88623,-119.58424,1.3,85.4,3.0,SWISS LADDER 120,,,90,0,,,,60,A
369970278,2021-02-02T16:18:13,33.88627,-119.58383,1.0,83.5,0.0,SWISS LADDER 120,,,90,0,,,,60,A
369970278,2021-02-02T16:19:35,33.88632,-119.58335,0.9,82.4,359.0,SWISS LADDER 120,,,90,0,,,,60,A
369970278,2021-02-02T16:20:45,33.88638,-119.58289,1.1,80.7,0.0,SWISS LADDER 120,,,90,0,,,,60,A
369970278,2021-02-02T16:21:54,33.88642,-119.58244,1.1,82.3,0.0,SWISS LADDER 120,,,90,0,,,,60,A
369970278,2021-02-02T16:23:03,33.88646,-119.58198,1.2,87.5,4.0,SWISS LADDER 120,,,90,0,,,,60,A
369970278,2021-02-02T16:24:14,33.88648,-119.58154,0.9,85.7,9.0,SWISS LADDER 120,,,90,0,,,,60,A
369970278,2021-02-02T16:25:25,33.88649,-119.58109,1.3,89.4,13.0,SWISS LADDER 120,,,90,0,,,,60,A
369970278,2021-02-02T16:26:34,33.88650,-119.58064,1.1,85.2,16.0,SWISS LADDER 120,,,90,0,,,,60,A
369970278,2021-02-02T16:27:44,33.88650,-119.58019,1.1,86.3,17.0,SWISS LADDER 120,,,90,0,,,,60,A
369970278,2021-02-02T16:28:55,33.88651,-119.57975,1.0,87.1,14.0,SWISS LADDER 120,,,90,0,,,,60,A
369970278,2021-02-02T16:30:04,33.88652,-119.57931,1.1,85.8,15.0,SWISS LADDER 120,,,90,0,,,,60,A
369970278,2021-02-02T16:31:15,33.88653,-119.57885,1.0,87.1,13.0,SWISS LADDER 120,,,90,0,,,,60,A
369970278,2021-02-02T16:32:24,33.88653,-119.57842,1.0,88.9,15.0,SWISS LADDER 120,,,90,0,,,,60,A
369970278,2021-02-02T16:33:35,33.88653,-119.57797,1.0,91.6,11.0,SWISS LADDER 120,,,90,0,,,,60,A
369970278,2021-02-02T16:34:54,33.88653,-119.57746,1.0,90.1,7.0,SWISS LADDER 120,,,90,0,,,,60,A
369970278,2021-02-02T16:36:15,33.88654,-119.57695,1.2,86.8,4.0,SWISS LADDER 120,,,90,0,,,,60,A
369970278,2021-02-02T16:37:24,33.88655,-119.57650,1.3,85.7,2.0,SWISS LADDER 120,,,90,0,,,,60,A
369970278,2021-02-02T16:38:25,33.88657,-119.57610,1.0,88.2,3.0,SWISS LADDER 120,,,90,0,,,,60,A
369970278,2021-02-02T16:39:34,33.88656,-119.57562,1.6,89.1,5.0,SWISS LADDER 120,,,90,0,,,,60,A
369970278,2021-02-02T16:41:05,33.88656,-119.57501,1.5,90.3,6.0,SWISS LADDER 120,,,90,0,,,,60,A
369970278,2021-02-02T16:42:06,33.88655,-119.57459,1.4,88.0,5.0,SWISS LADDER 120,,,90,0,,,,60,A
369970278,2021-02-02T16:43:25,33.88654,-119.57407,1.1,90.1,4.0,SWISS LADDER 120,,,90,0,,,,60,A
369970278,2021-02-02T16:44:35,33.88652,-119.57359,1.3,90.4,13.0,SWISS LADDER 120,,,90,0,,,,60,A
369970278,2021-02-02T16:45:44,33.88650,-119.57314,0.9,92.5,13.0,SWISS LADDER 120,,,90,0,,,,60,A
369970278,2021-02-02T16:46:54,33.88650,-119.57265,1.1,90.7,6.0,SWISS LADDER 120,,,90,0,,,,60,A
369970278,2021-02-02T16:48:03,33.88648,-119.57220,1.4,92.8,11.0,SWISS LADDER 120,,,90,0,,,,60,A
369970278,2021-02-02T16:49:25,33.88644,-119.57166,1.1,94.2,11.0,SWISS LADDER 120,,,90,0,,,,60,A
369970278,2021-02-02T16:50:35,33.88642,-119.57121,1.1,91.3,7.0,SWISS LADDER 120,,,90,0,,,,60,A
369970278,2021-02-02T16:51:44,33.88639,-119.57076,1.3,93.4,7.0,SWISS LADDER 120,,,90,0,,,,60,A
369970278,2021-02-02T16:52:55,33.88636,-119.57027,1.0,93.1,5.0,SWISS LADDER 120,,,90,0,,,,60,A
369970278,2021-02-02T16:54:04,33.88633,-119.56980,1.5,94.8,9.0,SWISS LADDER 120,,,90,0,,,,60,A
369970278,2021-02-02T16:55:14,33.88629,-119.56932,1.1,98.3,15.0,SWISS LADDER 120,,,90,0,,,,60,A
369970278,2021-02-02T16:56:24,33.88621,-119.56886,1.1,99.1,11.0,SWISS LADDER 120,,,90,0,,,,60,A
369970278,2021-02-02T16:57:33,33.88615,-119.56840,1.3,98.5,12.0,SWISS LADDER 120,,,90,0,,,,60,A
369970278,2021-02-02T16:58:34,33.88609,-119.56800,1.3,99.7,17.0,SWISS LADDER 120,,,90,0,,,,60,A
369970278,2021-02-02T16:59:43,33.88603,-119.56755,1.0,100.6,14.0,SWISS LADDER 120,,,90,0,,,,60,A
369970278,2021-02-02T17:00:04,33.88601,-119.56742,1.0,98.8,14.0,SWISS LADDER 120,,,90,0,,,,60,A
369970278,2021-02-02T17:01:14,33.88595,-119.56697,1.2,99.3,14.0,SWISS LADDER 120,,,90,0,,,,60,A
369970278,2021-02-02T17:02:24,33.88590,-119.56651,1.2,98.0,6.0,SWISS LADDER 120,,,90,0,,,,60,A
369970278,2021-02-02T17:03:34,33.88585,-119.56606,1.5,97.6,7.0,SWISS LADDER 120,,,90,0,,,,60,A
369970278,2021-02-02T17:04:43,33.88579,-119.56561,1.2,101.1,7.0,SWISS LADDER 120,,,90,0,,,,60,A
369970278,2021-02-02T17:05:54,33.88573,-119.56515,1.2,94.6,7.0,SWISS LADDER 120,,,90,0,,,,60,A
369970278,2021-02-02T17:07:05,33.88569,-119.56470,0.9,97.7,8.0,SWISS LADDER 120,,,90,0,,,,60,A
369970278,2021-02-02T17:08:15,33.88564,-119.56427,1.0,96.0,5.0,SWISS LADDER 120,,,90,0,,,,60,A
369970278,2021-02-02T17:09:25,33.88561,-119.56382,0.7,95.7,0.0,SWISS LADDER 120,,,90,0,,,,60,A
369970278,2021-02-02T17:10:34,33.88559,-119.56339,1.1,94.6,355.0,SWISS LADDER 120,,,90,0,,,,60,A
369970278,2021-02-02T17:11:45,33.88558,-119.56294,1.1,89.2,350.0,SWISS LADDER 120,,,90,0,,,,60,A
369970278,2021-02-02T17:12:54,33.88558,-119.56253,0.9,93.0,352.0,SWISS LADDER 120,,,90,0,,,,60,A
369970278,2021-02-02T17:14:03,33.88557,-119.56212,0.8,93.0,355.0,SWISS LADDER 120,,,90,0,,,,60,A
369970278,2021-02-02T17:15:04,33.88556,-119.56176,1.1,91.9,352.0,SWISS LADDER 120,,,90,0,,,,60,A
369970278,2021-02-02T17:16:05,33.88554,-119.56138,1.1,92.0,353.0,SWISS LADDER 120,,,90,0,,,,60,A
369970278,2021-02-02T17:17:15,33.88553,-119.56097,1.4,91.5,357.0,SWISS LADDER 120,,,90,0,,,,60,A
369970278,2021-02-02T17:18:24,33.88551,-119.56056,0.9,97.0,359.0,SWISS LADDER 120,,,90,0,,,,60,A
369970278,2021-02-02T17:19:35,33.88549,-119.56013,1.0,90.8,354.0,SWISS LADDER 120,,,90,0,,,,60,A
369970278,2021-02-02T17:20:55,33.88549,-119.55966,0.9,95.2,353.0,SWISS LADDER 120,,,90,0,,,,60,A
369970278,2021-02-02T17:21:56,33.88548,-119.55931,1.1,93.1,355.0,SWISS LADDER 120,,,90,0,,,,60,A
369970278,2021-02-02T17:23:14,33.88546,-119.55888,0.9,92.7,356.0,SWISS LADDER 120,,,90,0,,,,60,A
369970278,2021-02-02T17:24:25,33.88543,-119.55847,1.1,95.6,357.0,SWISS LADDER 120,,,90,0,,,,60,A
369970278,2021-02-02T19:57:15,33.89194,-119.56011,8.0,252.0,254.0,SWISS LADDER 120,,,90,0,,,,60,A
369970278,2021-02-02T19:58:25,33.89110,-119.56309,8.1,251.4,253.0,SWISS LADDER 120,,,90,0,,,,60,A
369970278,2021-02-02T19:59:35,33.89023,-119.56610,7.9,251.0,253.0,SWISS LADDER 120,,,90,0,,,,60,A
369970278,2021-02-02T20:00:04,33.88987,-119.56734,8.2,250.7,253.0,SWISS LADDER 120,,,90,0,,,,60,A
369970278,2021-02-02T20:01:15,33.88902,-119.57031,8.0,251.6,253.0,SWISS LADDER 120,,,90,0,,,,60,A
369970278,2021-02-02T20:02:25,33.88817,-119.57327,8.1,251.2,253.0,SWISS LADDER 120,,,90,0,,,,60,A
369970278,2021-02-02T20:03:35,33.88734,-119.57622,8.0,251.0,254.0,SWISS LADDER 120,,,90,0,,,,60,A
369970278,2021-02-02T20:04:44,33.88650,-119.57910,7.9,250.6,253.0,SWISS LADDER 120,,,90,0,,,,60,A
369970278,2021-02-02T20:05:54,33.88567,-119.58201,7.9,250.5,253.0,SWISS LADDER 120,,,90,0,,,,60,A
369970278,2021-02-02T20:07:05,33.88481,-119.58490,7.7,250.4,253.0,SWISS LADDER 120,,,90,0,,,,60,A
369970278,2021-02-02T20:08:15,33.88396,-119.58779,7.9,251.0,253.0,SWISS LADDER 120,,,90,0,,,,60,A
369970278,2021-02-02T20:09:23,33.88314,-119.59061,8.0,251.2,253.0,SWISS LADDER 120,,,90,0,,,,60,A
369970278,2021-02-02T20:10:34,33.88229,-119.59356,7.9,251.3,253.0,SWISS LADDER 120,,,90,0,,,,60,A
369970278,2021-02-02T21:33:41,33.88557,-119.59813,6.5,266.4,254.0,SWISS LADDER 120,,,90,0,,,,60,A
368926257,2021-01-30T11:31:53,33.91667,-119.56903,14.8,223.0,511.0,SDTS EDD-964,,,35,,172,16,,,B
368926257,2021-01-30T11:32:54,33.91358,-119.57245,14.8,222.2,511.0,SDTS EDD-964,,,35,,172,16,,,B
368926257,2021-01-30T11:34:23,33.90901,-119.57743,14.9,221.8,511.0,SDTS EDD-964,,,35,,172,16,,,B
368926257,2021-01-30T11:35:53,33.90447,-119.58236,14.7,221.8,511.0,SDTS EDD-964,,,35,,172,16,,,B
368926257,2021-01-30T11:37:24,33.89975,-119.58743,14.8,221.7,511.0,SDTS EDD-964,,,35,,172,16,,,B
368926257,2021-01-30T11:38:54,33.89512,-119.59239,14.9,222.4,511.0,SDTS EDD-964,,,35,,172,16,,,B
368926257,2021-01-30T11:39:56,33.89197,-119.59574,14.9,220.4,511.0,SDTS EDD-964,,,35,,172,16,,,B
368926257,2021-01-30T11:41:26,33.88735,-119.60060,14.9,220.8,511.0,SDTS EDD-964,,,35,,172,16,,,B
368926257,2021-01-31T01:33:23,33.90497,-119.60145,12.7,47.7,511.0,SDTS EDD-964,,,35,,172,16,,,B
368926257,2021-01-31T01:34:53,33.90829,-119.59707,11.6,45.3,511.0,SDTS EDD-964,,,35,,172,16,,,B
368926257,2021-01-31T01:35:57,33.91062,-119.59401,11.6,49.1,511.0,SDTS EDD-964,,,35,,172,16,,,B
368926257,2021-01-31T01:37:25,33.91382,-119.58975,11.8,48.1,511.0,SDTS EDD-964,,,35,,172,16,,,B
368926257,2021-04-06T11:23:17,33.91615,-119.56418,14.8,220.4,511.0,SDTS EDD-964,,,35,,172,16,,,B
368926257,2021-04-06T11:24:45,33.91161,-119.56899,14.8,221.6,511.0,SDTS EDD-964,,,35,,172,16,,,B
368926257,2021-04-06T11:26:15,33.90691,-119.57384,14.7,219.0,511.0,SDTS EDD-964,,,35,,172,16,,,B
368926257,2021-04-06T11:28:15,33.90068,-119.58034,14.7,220.3,511.0,SDTS EDD-964,,,35,,172,16,,,B
368926257,2021-04-06T11:29:45,33.89601,-119.58523,14.8,221.3,511.0,SDTS EDD-964,,,35,,172,16,,,B
368926257,2021-04-06T11:31:17,33.89122,-119.59022,14.8,221.0,511.0,SDTS EDD-964,,,35,,172,16,,,B
368926257,2021-04-06T11:32:45,33.88666,-119.59497,14.7,221.2,511.0,SDTS EDD-964,,,35,,172,16,,,B
368926257,2021-04-06T11:33:46,33.88351,-119.59824,14.8,221.1,511.0,SDTS EDD-964,,,35,,172,16,,,B
368926257,2021-04-06T19:05:14,33.91127,-119.59761,13.9,44.3,511.0,SDTS EDD-964,,,35,,172,16,,,B
368926257,2021-04-06T19:06:15,33.91405,-119.59436,14.0,43.2,511.0,SDTS EDD-964,,,35,,172,16,,,B
368926257,2021-06-08T11:12:25,33.91443,-119.57020,13.5,220.9,511.0,SDTS EDD-964,,,35,,172,16,,,B
368926257,2021-06-08T11:13:54,33.91021,-119.57462,13.5,222.1,511.0,SDTS EDD-964,,,35,,172,16,,,B
368926257,2021-06-08T11:15:25,33.90585,-119.57911,13.5,219.8,511.0,SDTS EDD-964,,,35,,172,16,,,B
368926257,2021-06-08T11:16:54,33.90143,-119.58337,13.4,218.0,511.0,SDTS EDD-964,,,35,,172,16,,,B
368926257,2021-06-08T11:17:55,33.89848,-119.58620,13.6,218.7,511.0,SDTS EDD-964,,,35,,172,16,,,B
368926257,2021-06-08T11:19:24,33.89410,-119.59044,13.6,217.9,511.0,SDTS EDD-964,,,35,,172,16,,,B
368926257,2021-06-08T11:20:27,33.89097,-119.59343,13.8,217.7,511.0,SDTS EDD-964,,,35,,172,16,,,B
368926257,2021-06-08T11:21:54,33.88662,-119.59764,13.6,219.2,511.0,SDTS EDD-964,,,35,,172,16,,,B
368926257,2021-06-08T22:34:54,33.91079,-119.59817,14.3,44.4,511.0,SDTS EDD-964,,,35,,172,16,,,B
368926257,2021-06-08T22:35:55,33.91377,-119.59475,14.4,42.9,511.0,SDTS EDD-964,,,35,,172,16,,,B
368926257,2021-06-09T10:28:55,33.91739,-119.57924,14.0,220.0,511.0,SDTS EDD-964,,,35,,172,16,,,B
368926257,2021-06-09T10:30:54,33.91154,-119.58527,13.8,221.6,511.0,SDTS EDD-964,,,35,,172,16,,,B
368926257,2021-06-09T10:33:24,33.90420,-119.59300,14.0,219.3,511.0,SDTS EDD-964,,,35,,172,16,,,B
368926257,2021-06-09T10:34:54,33.89985,-119.59764,13.9,220.7,511.0,SDTS EDD-964,,,35,,172,16,,,B
368926257,2021-06-09T10:35:55,33.89686,-119.60076,13.8,220.8,511.0,SDTS EDD-964,,,35,,172,16,,,B
368926257,2021-06-12T10:09:55,33.91468,-119.58850,14.9,220.6,511.0,SDTS EDD-964,,,35,,172,16,,,B
368926257,2021-06-12T10:11:27,33.90993,-119.59347,14.9,221.2,511.0,SDTS EDD-964,,,35,,172,16,,,B
368926257,2021-06-12T10:12:54,33.90533,-119.59825,14.9,221.2,511.0,SDTS EDD-964,,,35,,172,16,,,B
368926257,2021-06-12T10:13:55,33.90222,-119.60155,14.8,221.5,511.0,SDTS EDD-964,,,35,,172,16,,,B
368926257,2021-06-13T07:25:25,33.89502,-119.58255,14.4,42.3,511.0,SDTS EDD-964,,,35,,172,16,,,B
368926257,2021-06-28T18:34:05,33.88208,-119.60054,10.9,40.0,511.0,SDTS EDD-964,,,35,,172,16,,,B
368926257,2021-06-28T18:35:34,33.88558,-119.59727,10.8,37.5,511.0,SDTS EDD-964,,,35,,172,16,,,B
368926257,2021-06-28T18:36:35,33.88800,-119.59499,10.8,37.1,511.0,SDTS EDD-964,,,35,,172,16,,,B
368926257,2021-06-28T18:37:36,33.89042,-119.59277,10.7,37.1,511.0,SDTS EDD-964,,,35,,172,16,,,B
368926257,2021-06-28T18:39:35,33.89517,-119.58847,10.7,36.5,511.0,SDTS EDD-964,,,35,,172,16,,,B
368926257,2021-06-28T18:41:04,33.89866,-119.58528,10.8,37.1,511.0,SDTS EDD-964,,,35,,172,16,,,B
368926257,2021-06-28T18:42:05,33.90110,-119.58307,10.9,37.9,511.0,SDTS EDD-964,,,35,,172,16,,,B
368926257,2021-06-28T18:43:34,33.90465,-119.57980,10.7,36.9,511.0,SDTS EDD-964,,,35,,172,16,,,B
368926257,2021-06-28T18:44:35,33.90711,-119.57752,10.7,38.1,511.0,SDTS EDD-964,,,35,,172,16,,,B
368926257,2021-06-28T18:46:05,33.91069,-119.57417,11.0,35.9,511.0,SDTS EDD-964,,,35,,172,16,,,B
368926257,2021-06-28T18:47:34,33.91423,-119.57092,11.0,37.2,511.0,SDTS EDD-964,,,35,,172,16,,,B
368926257,2021-06-28T18:48:35,33.91670,-119.56867,10.9,35.2,511.0,SDTS EDD-964,,,35,,172,16,,,B
368926257,2021-06-29T10:04:07,33.91395,-119.58453,14.4,220.8,511.0,SDTS EDD-964,,,35,,172,16,,,B
368926257,2021-06-29T10:05:34,33.90957,-119.58929,14.5,221.6,511.0,SDTS EDD-964,,,35,,172,16,,,B
368926257,2021-06-29T10:06:35,33.90656,-119.59258,14.5,221.9,511.0,SDTS EDD-964,,,35,,172,16,,,B
368926257,2021-06-29T10:08:05,33.90199,-119.59750,14.5,221.2,511.0,SDTS EDD-964,,,35,,172,16,,,B
368926257,2021-06-29T10:09:06,33.89895,-119.60084,14.5,221.6,511.0,SDTS EDD-964,,,35,,172,16,,,B
368926257,2021-06-30T00:07:05,33.89996,-119.59896,12.3,42.3,511.0,SDTS EDD-964,,,35,,172,16,,,B
368926257,2021-06-30T00:08:35,33.90364,-119.59475,12.1,43.9,511.0,SDTS EDD-964,,,35,,172,16,,,B
368926257,2021-06-30T00:10:05,33.90723,-119.59048,12.3,45.2,511.0,SDTS EDD-964,,,35,,172,16,,,B
368926257,2021-06-30T00:11:35,33.91092,-119.58611,12.4,44.2,511.0,SDTS EDD-964,,,35,,172,16,,,B
368926257,2021-06-30T00:13:04,33.91455,-119.58186,12.4,44.8,511.0,SDTS EDD-964,,,35,,172,16,,,B
368926257,2021-06-30T00:14:05,33.91705,-119.57894,12.3,42.8,511.0,SDTS EDD-964,,,35,,172,16,,,B
367791820,2021-07-27T17:58:21,33.90955,-119.60089,19.3,101.1,511.0,SALTE,,WDJ5840,37,,23,6,,,B
367791820,2021-07-27T18:00:51,33.90689,-119.58511,19.0,102.6,511.0,SALTE,,WDJ5840,37,,23,6,,,B
367791820,2021-07-27T18:01:52,33.90581,-119.57880,18.8,102.1,511.0,SALTE,,WDJ5840,37,,23,6,,,B
367791820,2021-07-27T18:03:21,33.90423,-119.56956,18.7,101.6,511.0,SALTE,,WDJ5840,37,,23,6,,,B
368926257,2021-09-14T10:39:10,33.90719,-119.55967,14.9,227.0,511.0,SDTS EDD-964,,,35,,172,16,,,B
368926257,2021-09-14T10:40:40,33.90283,-119.56489,14.8,224.6,511.0,SDTS EDD-964,,,35,,172,16,,,B
368926257,2021-09-14T10:42:09,33.89831,-119.57024,15.1,224.5,511.0,SDTS EDD-964,,,35,,172,16,,,B
368926257,2021-09-14T10:43:39,33.89381,-119.57564,14.9,225.6,511.0,SDTS EDD-964,,,35,,172,16,,,B
368926257,2021-09-14T10:45:09,33.88938,-119.58106,15.3,224.2,511.0,SDTS EDD-964,,,35,,172,16,,,B
368926257,2021-09-14T10:46:38,33.88498,-119.58651,15.3,226.3,511.0,SDTS EDD-964,,,35,,172,16,,,B
368926257,2021-09-21T12:48:41,33.88713,-119.59916,18.7,216.1,511.0,SDTS EDD-964,,,35,,172,16,,,B
368926257,2021-09-21T12:44:14,33.90578,-119.58276,18.0,215.6,511.0,SDTS EDD-964,,,35,,172,16,,,B
368926257,2021-09-21T12:41:42,33.91636,-119.57346,18.8,216.0,511.0,SDTS EDD-964,,,35,,172,16,,,B
368926257,2021-09-21T12:43:13,33.90996,-119.57908,18.5,216.0,511.0,SDTS EDD-964,,,35,,172,16,,,B
368926257,2021-09-21T12:45:43,33.89952,-119.58827,18.5,215.9,511.0,SDTS EDD-964,,,35,,172,16,,,B
368926257,2021-09-21T12:47:14,33.89326,-119.59375,18.5,214.9,511.0,SDTS EDD-964,,,35,,172,16,,,B
368926257,2021-11-10T01:02:56,33.88280,-119.57170,15.8,33.7,511.0,SDTS EDD-964,,,35,,172,16,,,B
368926257,2021-11-10T01:04:26,33.88824,-119.56743,16.0,34.1,511.0,SDTS EDD-964,,,35,,172,16,,,B
368926257,2021-11-09T11:06:56,33.90460,-119.56053,19.0,210.5,511.0,SDTS EDD-964,,,35,,172,16,,,B
368926257,2021-11-09T11:07:58,33.89992,-119.56377,19.2,209.4,511.0,SDTS EDD-964,,,35,,172,16,,,B
368926257,2021-11-09T11:09:56,33.89538,-119.56692,19.2,210.0,511.0,SDTS EDD-964,,,35,,172,16,,,B
368926257,2021-11-10T01:05:56,33.89402,-119.56337,16.0,29.6,511.0,SDTS EDD-964,,,35,,172,16,,,B
368926257,2021-11-10T01:07:26,33.89967,-119.55943,15.8,30.4,511.0,SDTS EDD-964,,,35,,172,16,,,B
368926257,2021-11-19T02:27:54,33.88476,-119.59510,15.3,39.7,511.0,SDTS EDD-964,,,35,,172,16,,,B
368926257,2021-11-19T02:29:23,33.88961,-119.59020,15.0,40.3,511.0,SDTS EDD-964,,,35,,172,16,,,B
368926257,2021-11-19T02:30:24,33.89278,-119.58693,15.0,40.2,511.0,SDTS EDD-964,,,35,,172,16,,,B
368926257,2021-11-19T02:31:53,33.89756,-119.58226,15.0,37.3,511.0,SDTS EDD-964,,,35,,172,16,,,B
368926257,2021-11-19T02:33:25,33.90263,-119.57763,14.8,37.2,511.0,SDTS EDD-964,,,35,,172,16,,,B
368926257,2021-11-19T02:34:53,33.90748,-119.57318,14.8,37.7,511.0,SDTS EDD-964,,,35,,172,16,,,B
368926257,2021-11-19T02:36:23,33.91246,-119.56857,14.7,38.1,511.0,SDTS EDD-964,,,35,,172,16,,,B
368926257,2021-12-07T11:16:58,33.91784,-119.56015,13.7,217.8,511.0,SDTS EDD-964,,,35,,172,16,,,B
368926257,2021-12-07T11:18:27,33.91362,-119.56451,13.4,218.9,511.0,SDTS EDD-964,,,35,,172,16,,,B
368926257,2021-12-07T11:19:56,33.90926,-119.56875,13.6,219.3,511.0,SDTS EDD-964,,,35,,172,16,,,B
368926257,2021-12-07T11:20:57,33.90631,-119.57165,13.7,219.5,511.0,SDTS EDD-964,,,35,,172,16,,,B
368926257,2021-12-07T11:22:27,33.90185,-119.57593,13.6,218.6,511.0,SDTS EDD-964,,,35,,172,16,,,B
368926257,2021-12-07T11:23:57,33.89735,-119.58026,13.6,219.5,511.0,SDTS EDD-964,,,35,,172,16,,,B
368926257,2021-12-07T11:25:27,33.89297,-119.58463,13.7,219.6,511.0,SDTS EDD-964,,,35,,172,16,,,B
368926257,2021-12-07T11:26:58,33.88848,-119.58903,13.8,219.3,511.0,SDTS EDD-964,,,35,,172,16,,,B
368926257,2021-12-07T11:28:27,33.88408,-119.59339,13.5,219.9,511.0,SDTS EDD-964,,,35,,172,16,,,B
368926257,2021-12-08T02:28:41,33.89590,-119.60108,14.9,41.8,511.0,SDTS EDD-964,,,35,,172,16,,,B
368926257,2021-12-08T02:30:38,33.90201,-119.59461,15.0,41.9,511.0,SDTS EDD-964,,,35,,172,16,,,B
368926257,2021-12-08T02:31:39,33.90513,-119.59133,14.9,41.5,511.0,SDTS EDD-964,,,35,,172,16,,,B
368926257,2021-12-08T02:33:09,33.90974,-119.58645,14.5,41.7,511.0,SDTS EDD-964,,,35,,172,16,,,B
368926257,2021-12-08T02:34:38,33.91431,-119.58163,14.6,42.3,511.0,SDTS EDD-964,,,35,,172,16,,,B
367768350,2021-03-03T18:05:37,33.88468,-119.56099,18.0,14.6,511.0,SEADIPPER,,WDJ3480,37,,,,11.3,70,B
367768350,2021-03-03T18:07:07,33.89140,-119.55956,14.7,10.1,511.0,SEADIPPER,,WDJ3480,37,,,,11.3,70,B
369970281,2021-02-02T17:00:10,33.88733,-119.60017,3.7,97.9,103.0,DIANE G,,,90,0,,,,80,A
369970281,2021-02-02T17:01:22,33.88717,-119.59871,3.7,97.7,103.0,DIANE G,,,90,0,,,,80,A
369970281,2021-02-02T17:02:31,33.88702,-119.59727,3.7,97.0,102.0,DIANE G,,,90,0,,,,80,A
369970281,2021-02-02T17:03:42,33.88688,-119.59583,3.7,96.1,102.0,DIANE G,,,90,0,,,,80,A
369970281,2021-02-02T17:05:00,33.88684,-119.59547,3.7,96.6,101.0,DIANE G,,,90,0,,,,80,A
369970281,2021-02-02T17:06:10,33.88657,-119.59281,3.7,96.9,100.0,DIANE G,,,90,0,,,,80,A
369970281,2021-02-02T17:07:11,33.88645,-119.59158,3.7,97.1,101.0,DIANE G,,,90,0,,,,80,A
369970281,2021-02-02T17:08:21,33.88629,-119.59013,3.7,97.5,102.0,DIANE G,,,90,0,,,,80,A
369970281,2021-02-02T17:09:30,33.88614,-119.58872,3.7,97.5,101.0,DIANE G,,,90,0,,,,80,A
369970281,2021-02-02T17:10:31,33.88601,-119.58750,3.7,97.4,99.0,DIANE G,,,90,0,,,,80,A
369970281,2021-02-02T17:11:40,33.88586,-119.58608,3.7,97.9,100.0,DIANE G,,,90,0,,,,80,A
369970281,2021-02-02T22:49:01,33.88582,-119.58565,3.7,96.9,100.0,DIANE G,,,90,0,,,,80,A
369970281,2021-02-02T23:08:01,33.88334,-119.56207,3.8,101.9,104.0,DIANE G,,,90,0,,,,80,A
369970281,2021-06-22T15:00:02,33.89894,-119.57290,0.8,294.9,183.0,DIANE G,,,90,0,,,,39,A
369970281,2021-06-22T15:01:03,33.89903,-119.57313,0.8,298.0,179.0,DIANE G,,,90,0,,,,39,A
369970281,2021-06-22T15:02:12,33.89916,-119.57340,0.8,296.3,173.0,DIANE G,,,90,0,,,,39,A
369970281,2021-06-22T15:03:22,33.89929,-119.57368,0.8,302.8,167.0,DIANE G,,,90,0,,,,39,A
369970281,2021-06-22T15:04:32,33.89943,-119.57399,0.9,293.7,163.0,DIANE G,,,90,0,,,,39,A
369970281,2021-06-22T15:05:33,33.89955,-119.57425,0.9,299.2,163.0,DIANE G,,,90,0,,,,39,A
369970281,2021-06-22T15:06:43,33.89970,-119.57455,0.9,302.3,163.0,DIANE G,,,90,0,,,,39,A
369970281,2021-06-22T15:07:52,33.89985,-119.57485,1.0,301.1,162.0,DIANE G,,,90,0,,,,39,A
369970281,2021-06-22T15:09:02,33.90001,-119.57514,0.9,301.6,162.0,DIANE G,,,90,0,,,,39,A
369970281,2021-06-22T16:00:03,33.89346,-119.57071,2.8,139.1,147.0,DIANE G,,,90,0,,,,39,A
369970281,2021-06-22T16:01:12,33.89304,-119.57057,0.7,185.4,142.0,DIANE G,,,90,0,,,,39,A
369970281,2021-06-22T16:02:22,33.89308,-119.57087,0.8,279.0,156.0,DIANE G,,,90,0,,,,39,A
369970281,2021-06-22T16:03:32,33.89333,-119.57124,1.4,313.7,159.0,DIANE G,,,90,0,,,,39,A
369970281,2021-06-22T16:04:42,33.89364,-119.57163,1.4,314.7,146.0,DIANE G,,,90,0,,,,39,A
369970281,2021-06-22T16:05:51,33.89391,-119.57203,1.4,310.0,138.0,DIANE G,,,90,0,,,,39,A
369970281,2021-06-22T16:06:52,33.89412,-119.57237,1.3,306.8,134.0,DIANE G,,,90,0,,,,39,A
369970281,2021-06-22T16:08:03,33.89436,-119.57276,1.2,305.4,130.0,DIANE G,,,90,0,,,,39,A
369970281,2021-06-22T16:09:13,33.89460,-119.57313,1.2,308.7,126.0,DIANE G,,,90,0,,,,39,A
369970281,2021-06-22T16:10:20,33.89465,-119.57310,1.7,107.8,108.0,DIANE G,,,90,0,,,,39,A
369970281,2021-06-22T16:11:22,33.89547,-119.57198,4.6,28.4,34.0,DIANE G,,,90,0,,,,39,A
369970281,2021-06-22T16:12:27,33.89662,-119.57185,3.7,357.9,6.0,DIANE G,,,90,0,,,,39,A
369970281,2021-06-22T16:13:28,33.89734,-119.57287,3.3,290.4,261.0,DIANE G,,,90,0,,,,39,A
369970281,2021-06-22T16:14:29,33.89753,-119.57374,2.6,292.0,302.0,DIANE G,,,90,0,,,,39,A
369970281,2021-06-22T16:15:31,33.89788,-119.57430,1.8,310.3,339.0,DIANE G,,,90,0,,,,39,A
369970281,2021-06-22T16:16:32,33.89818,-119.57473,1.8,308.4,315.0,DIANE G,,,90,0,,,,39,A
369970281,2021-06-22T16:17:36,33.89843,-119.57526,1.6,298.6,279.0,DIANE G,,,90,0,,,,39,A
369970281,2021-06-22T16:18:42,33.89862,-119.57571,1.3,296.2,260.0,DIANE G,,,90,0,,,,39,A
369970281,2021-06-22T16:19:52,33.89879,-119.57613,1.1,298.5,245.0,DIANE G,,,90,0,,,,39,A
369970281,2021-06-22T16:21:03,33.89895,-119.57648,1.0,300.3,224.0,DIANE G,,,90,0,,,,39,A
369970281,2021-06-22T16:22:12,33.89912,-119.57679,1.0,303.9,203.0,DIANE G,,,90,0,,,,39,A
369970281,2021-06-22T16:23:13,33.89918,-119.57703,0.9,244.1,178.0,DIANE G,,,90,0,,,,39,A
369970281,2021-06-22T16:24:15,33.89876,-119.57588,5.2,81.3,58.0,DIANE G,,,90,0,,,,39,A
369970281,2021-06-22T16:25:22,33.90088,-119.57389,9.2,37.7,43.0,DIANE G,,,90,0,,,,39,A
369970281,2021-06-22T16:26:32,33.90343,-119.57178,9.5,36.4,47.0,DIANE G,,,90,0,,,,39,A
369970281,2021-06-22T16:27:33,33.90552,-119.56989,9.6,35.6,43.0,DIANE G,,,90,0,,,,39,A
369970281,2021-06-22T16:28:43,33.90768,-119.56815,6.2,31.5,46.0,DIANE G,,,90,0,,,,39,A
369970281,2021-06-22T16:29:52,33.90871,-119.56732,3.3,35.0,59.0,DIANE G,,,90,0,,,,39,A
369970281,2021-06-22T16:31:02,33.90931,-119.56685,1.9,30.1,68.0,DIANE G,,,90,0,,,,39,A
369970281,2021-06-22T16:32:12,33.90974,-119.56651,2.1,41.7,70.0,DIANE G,,,90,0,,,,39,A
369970281,2021-06-22T16:33:13,33.91107,-119.56515,7.6,34.3,40.0,DIANE G,,,90,0,,,,39,A
369970281,2021-06-22T16:34:21,33.91349,-119.56314,9.5,35.7,42.0,DIANE G,,,90,0,,,,39,A
369970281,2021-06-22T16:35:42,33.91638,-119.56053,9.7,36.3,44.0,DIANE G,,,90,0,,,,39,A
369970281,2021-06-22T20:26:11,33.90473,-119.57254,3.3,149.2,143.0,DIANE G,,,90,0,,,,39,A
369970281,2021-06-22T20:34:42,33.89878,-119.56848,2.7,138.6,129.0,DIANE G,,,90,0,,,,39,A
369970281,2021-06-22T21:00:12,33.89877,-119.57245,0.8,288.7,175.0,DIANE G,,,90,0,,,,39,A
369970281,2021-06-22T21:11:11,33.90004,-119.57518,0.9,308.0,161.0,DIANE G,,,90,0,,,,39,A
369970281,2021-06-22T21:36:01,33.89506,-119.57273,0.8,274.0,173.0,DIANE G,,,90,0,,,,39,A
369970281,2021-06-22T21:48:12,33.89598,-119.57638,1.2,277.9,249.0,DIANE G,,,90,0,,,,39,A
367664560,2021-10-07T17:30:07,33.90332,-119.60069,8.2,97.6,98.0,EXCALIBUR,,WDH9088,30,7,19,9,,30,A
367664560,2021-10-07T17:31:10,33.90302,-119.59788,8.2,97.6,97.0,EXCALIBUR,,WDH9088,30,7,19,9,,30,A
367664560,2021-10-07T17:32:16,33.90269,-119.59488,8.2,97.9,97.0,EXCALIBUR,,WDH9088,30,7,19,9,,30,A
367664560,2021-10-07T17:33:20,33.90234,-119.59200,8.2,97.8,97.0,EXCALIBUR,,WDH9088,30,7,19,9,,30,A
367664560,2021-10-07T17:34:23,33.90201,-119.58912,8.1,97.5,95.0,EXCALIBUR,,WDH9088,30,7,19,9,,30,A
367664560,2021-10-07T17:35:25,33.90168,-119.58635,8.1,98.8,97.0,EXCALIBUR,,WDH9088,30,7,19,9,,30,A
367664560,2021-10-07T17:36:28,33.90138,-119.58358,8.1,96.9,100.0,EXCALIBUR,,WDH9088,30,7,19,9,,30,A
367664560,2021-10-07T17:37:30,33.90111,-119.58081,8.0,96.7,100.0,EXCALIBUR,,WDH9088,30,7,19,9,,30,A
367664560,2021-10-07T17:38:36,33.90078,-119.57789,8.0,98.3,100.0,EXCALIBUR,,WDH9088,30,7,19,9,,30,A
367664560,2021-10-07T17:39:37,33.90050,-119.57514,8.1,97.9,99.0,EXCALIBUR,,WDH9088,30,7,19,9,,30,A
367664560,2021-10-07T17:40:41,33.90020,-119.57228,8.1,97.7,99.0,EXCALIBUR,,WDH9088,30,7,19,9,,30,A
367664560,2021-10-07T17:41:44,33.89990,-119.56951,8.1,97.8,98.0,EXCALIBUR,,WDH9088,30,7,19,9,,30,A
367664560,2021-10-07T17:42:46,33.89959,-119.56675,8.0,96.9,96.0,EXCALIBUR,,WDH9088,30,7,19,9,,30,A
367664560,2021-10-07T17:44:00,33.89953,-119.56613,8.0,98.1,96.0,EXCALIBUR,,WDH9088,30,7,19,9,,30,A
367664560,2021-10-07T17:45:04,33.89898,-119.56067,8.0,96.5,99.0,EXCALIBUR,,WDH9088,30,7,19,9,,30,A
369970281,2021-08-15T02:34:33,33.89299,-119.56775,7.7,340.5,340.0,DIANE G,,,90,0,,,,39,A
369970281,2021-08-15T02:35:38,33.89499,-119.56802,5.9,18.4,64.0,DIANE G,,,90,0,,,,39,A
369970281,2021-08-15T02:36:43,33.89483,-119.56654,3.6,107.5,114.0,DIANE G,,,90,0,,,,39,A
369970281,2021-08-15T02:37:53,33.89445,-119.56529,3.1,110.5,116.0,DIANE G,,,90,0,,,,39,A
369970281,2021-08-15T02:39:04,33.89426,-119.56459,1.2,104.9,125.0,DIANE G,,,90,0,,,,39,A
369970281,2021-08-15T02:40:08,33.89435,-119.56464,0.7,297.1,120.0,DIANE G,,,90,0,,,,39,A
369970281,2021-08-15T02:41:24,33.89429,-119.56446,1.1,120.5,140.0,DIANE G,,,90,0,,,,39,A
369970281,2021-08-15T02:42:27,33.89409,-119.56417,0.9,135.0,163.0,DIANE G,,,90,0,,,,39,A
369970281,2021-08-15T02:43:30,33.89395,-119.56406,0.5,139.4,194.0,DIANE G,,,90,0,,,,39,A
369970281,2021-08-15T02:44:34,33.89391,-119.56394,0.3,102.4,205.0,DIANE G,,,90,0,,,,39,A
369970281,2021-08-15T02:45:45,33.89392,-119.56377,0.5,81.3,203.0,DIANE G,,,90,0,,,,39,A
369970281,2021-08-15T02:46:54,33.89399,-119.56360,0.5,65.1,192.0,DIANE G,,,90,0,,,,39,A
369970281,2021-08-15T02:48:04,33.89410,-119.56340,0.6,54.2,184.0,DIANE G,,,90,0,,,,39,A
369970281,2021-08-15T02:49:23,33.89425,-119.56320,0.6,40.9,183.0,DIANE G,,,90,0,,,,39,A
369970281,2021-08-15T02:50:31,33.89431,-119.56304,0.4,111.3,195.0,DIANE G,,,90,0,,,,39,A
369970281,2021-08-15T02:51:33,33.89408,-119.56370,3.0,272.0,295.0,DIANE G,,,90,0,,,,39,A
369970281,2021-08-15T02:52:38,33.89447,-119.56488,3.9,283.5,277.0,DIANE G,,,90,0,,,,39,A
369970281,2021-08-15T02:53:41,33.89464,-119.56675,5.4,269.1,257.0,DIANE G,,,90,0,,,,39,A
369970281,2021-08-15T02:54:42,33.89421,-119.56724,1.4,194.6,165.0,DIANE G,,,90,0,,,,39,A
369970281,2021-08-15T02:55:45,33.89400,-119.56702,0.8,138.2,141.0,DIANE G,,,90,0,,,,39,A
369970281,2021-08-15T02:56:53,33.89387,-119.56682,0.6,133.5,164.0,DIANE G,,,90,0,,,,39,A
369970281,2021-08-15T02:57:57,33.89381,-119.56670,0.3,124.3,189.0,DIANE G,,,90,0,,,,39,A
369970281,2021-08-15T02:59:04,33.89382,-119.56656,0.3,79.8,206.0,DIANE G,,,90,0,,,,39,A
369970281,2021-08-15T03:00:04,33.89385,-119.56642,0.6,70.8,211.0,DIANE G,,,90,0,,,,39,A
369970281,2021-08-15T03:01:13,33.89392,-119.56623,0.6,69.1,196.0,DIANE G,,,90,0,,,,39,A
369970281,2021-08-15T03:02:24,33.89403,-119.56604,0.5,49.4,181.0,DIANE G,,,90,0,,,,39,A
369970281,2021-08-15T03:03:34,33.89417,-119.56586,0.6,49.1,180.0,DIANE G,,,90,0,,,,39,A
369970281,2021-08-15T03:04:43,33.89430,-119.56572,0.5,30.0,179.0,DIANE G,,,90,0,,,,39,A
369970281,2021-08-15T03:05:54,33.89445,-119.56556,0.6,37.0,183.0,DIANE G,,,90,0,,,,39,A
369970281,2021-08-15T03:07:03,33.89461,-119.56539,0.7,43.7,179.0,DIANE G,,,90,0,,,,39,A
369970281,2021-08-15T03:08:04,33.89474,-119.56525,0.6,40.5,174.0,DIANE G,,,90,0,,,,39,A
369970281,2021-08-15T03:09:14,33.89490,-119.56509,0.7,43.8,170.0,DIANE G,,,90,0,,,,39,A
369970281,2021-08-15T03:10:23,33.89505,-119.56490,0.8,46.0,167.0,DIANE G,,,90,0,,,,39,A
369970281,2021-08-15T03:11:24,33.89519,-119.56477,0.6,34.2,160.0,DIANE G,,,90,0,,,,39,A
369970281,2021-08-15T03:12:34,33.89535,-119.56463,0.6,29.9,169.0,DIANE G,,,90,0,,,,39,A
369970281,2021-08-15T03:13:43,33.89552,-119.56447,0.6,34.5,170.0,DIANE G,,,90,0,,,,39,A
369970281,2021-08-15T03:14:54,33.89570,-119.56431,0.7,37.3,161.0,DIANE G,,,90,0,,,,39,A
369970281,2021-08-15T03:16:03,33.89585,-119.56419,0.5,33.0,155.0,DIANE G,,,90,0,,,,39,A
369970281,2021-08-15T03:17:13,33.89600,-119.56405,0.5,36.2,147.0,DIANE G,,,90,0,,,,39,A
369970281,2021-08-15T03:18:23,33.89615,-119.56386,0.5,40.4,162.0,DIANE G,,,90,0,,,,39,A
369970281,2021-08-15T03:19:24,33.89627,-119.56372,0.6,42.4,157.0,DIANE G,,,90,0,,,,39,A
369970281,2021-08-15T03:20:33,33.89640,-119.56357,0.5,36.0,162.0,DIANE G,,,90,0,,,,39,A
369970281,2021-08-15T03:21:44,33.89655,-119.56342,0.6,32.2,181.0,DIANE G,,,90,0,,,,39,A
369970281,2021-08-15T03:22:53,33.89671,-119.56324,0.6,46.7,184.0,DIANE G,,,90,0,,,,39,A
369970281,2021-08-15T03:24:04,33.89688,-119.56306,0.7,40.6,178.0,DIANE G,,,90,0,,,,39,A
369970281,2021-08-15T03:25:13,33.89707,-119.56283,0.8,41.9,172.0,DIANE G,,,90,0,,,,39,A
369970281,2021-08-15T03:26:24,33.89727,-119.56263,0.7,31.5,163.0,DIANE G,,,90,0,,,,39,A
369970281,2021-08-15T03:27:33,33.89744,-119.56244,0.7,34.9,159.0,DIANE G,,,90,0,,,,39,A
369970281,2021-08-15T03:28:34,33.89758,-119.56230,0.7,41.4,154.0,DIANE G,,,90,0,,,,39,A
369970281,2021-08-15T03:29:44,33.89773,-119.56212,0.6,44.2,146.0,DIANE G,,,90,0,,,,39,A
369970281,2021-08-15T03:30:54,33.89786,-119.56195,0.6,49.2,151.0,DIANE G,,,90,0,,,,39,A
369970281,2021-08-15T03:32:03,33.89798,-119.56177,0.6,50.4,152.0,DIANE G,,,90,0,,,,39,A
369970281,2021-08-15T03:33:14,33.89810,-119.56159,0.5,52.9,160.0,DIANE G,,,90,0,,,,39,A
369970281,2021-08-15T03:34:24,33.89823,-119.56137,0.6,53.2,168.0,DIANE G,,,90,0,,,,39,A
369970281,2021-08-15T03:35:34,33.89836,-119.56118,0.7,49.0,184.0,DIANE G,,,90,0,,,,39,A
369970281,2021-08-15T03:36:44,33.89849,-119.56097,0.7,55.5,185.0,DIANE G,,,90,0,,,,39,A
369970281,2021-08-15T03:37:55,33.89864,-119.56075,0.8,56.2,183.0,DIANE G,,,90,0,,,,39,A
369970281,2021-08-15T03:39:03,33.89878,-119.56052,0.8,50.9,171.0,DIANE G,,,90,0,,,,39,A
369970281,2021-08-15T03:40:13,33.89894,-119.56031,0.8,50.8,174.0,DIANE G,,,90,0,,,,39,A
369970281,2021-08-15T03:41:23,33.89912,-119.56008,0.5,19.0,165.0,DIANE G,,,90,0,,,,39,A
369970281,2021-08-15T03:42:35,33.89929,-119.55989,0.6,44.2,155.0,DIANE G,,,90,0,,,,39,A
369970281,2021-08-15T03:43:45,33.89944,-119.55970,0.9,48.5,142.0,DIANE G,,,90,0,,,,39,A
369970281,2021-08-15T03:44:53,33.89954,-119.55952,0.7,59.6,145.0,DIANE G,,,90,0,,,,39,A
369970281,2021-08-15T03:46:03,33.89962,-119.55932,0.3,51.0,157.0,DIANE G,,,90,0,,,,39,A
369970281,2021-08-15T03:47:14,33.89973,-119.55911,0.6,53.8,179.0,DIANE G,,,90,0,,,,39,A
369970281,2021-08-15T03:48:24,33.89983,-119.55891,0.7,49.3,187.0,DIANE G,,,90,0,,,,39,A
369970281,2021-08-15T03:49:35,33.89998,-119.55869,0.6,41.7,191.0,DIANE G,,,90,0,,,,39,A
369970281,2021-08-15T03:50:45,33.90012,-119.55843,0.9,54.2,188.0,DIANE G,,,90,0,,,,39,A
369970281,2021-08-15T02:28:44,33.88285,-119.56342,8.4,339.5,342.0,DIANE G,,,90,0,,,,39,A
369970281,2021-08-15T02:29:54,33.88512,-119.56443,6.5,339.0,338.0,DIANE G,,,90,0,,,,39,A
369970281,2021-08-15T02:31:04,33.88648,-119.56497,4.5,341.6,341.0,DIANE G,,,90,0,,,,39,A
369970281,2021-08-15T02:32:14,33.88851,-119.56583,6.9,339.8,341.0,DIANE G,,,90,0,,,,39,A
369970281,2021-08-15T02:33:25,33.89072,-119.56675,7.4,340.7,340.0,DIANE G,,,90,0,,,,39,A
369970281,2021-08-15T08:19:34,33.88705,-119.55927,4.0,264.2,272.0,DIANE G,,,90,0,,,,39,A
369970281,2021-08-15T08:20:44,33.88692,-119.56078,3.9,264.1,271.0,DIANE G,,,90,0,,,,39,A
369970281,2021-08-15T08:21:53,33.88680,-119.56227,3.9,264.6,271.0,DIANE G,,,90,0,,,,39,A
369970281,2021-08-15T08:23:04,33.88666,-119.56382,4.0,264.6,272.0,DIANE G,,,90,0,,,,39,A
369970281,2021-08-15T08:24:14,33.88655,-119.56536,3.9,265.0,274.0,DIANE G,,,90,0,,,,39,A
369970281,2021-08-15T08:25:23,33.88645,-119.56683,3.9,265.1,273.0,DIANE G,,,90,0,,,,39,A
369970281,2021-08-15T08:26:34,33.88633,-119.56836,3.8,264.4,273.0,DIANE G,,,90,0,,,,39,A
369970281,2021-08-15T08:27:44,33.88622,-119.56983,3.8,265.2,273.0,DIANE G,,,90,0,,,,39,A
369970281,2021-08-15T08:28:53,33.88609,-119.57132,3.8,264.4,272.0,DIANE G,,,90,0,,,,39,A
369970281,2021-08-15T08:30:03,33.88596,-119.57277,3.8,264.1,272.0,DIANE G,,,90,0,,,,39,A
369970281,2021-08-15T08:31:13,33.88583,-119.57426,3.8,264.8,272.0,DIANE G,,,90,0,,,,39,A
369970281,2021-08-15T08:32:16,33.88578,-119.57557,3.7,273.0,293.0,DIANE G,,,90,0,,,,39,A
369970281,2021-08-15T14:14:19,33.88579,-119.57565,3.6,273.9,295.0,DIANE G,,,90,0,,,,39,A
369970281,2021-08-15T14:28:09,33.88633,-119.57018,5.5,121.9,125.0,DIANE G,,,90,0,,,,39,A
366892180,2021-03-09T04:04:37,33.91706,-119.60109,4.3,57.7,58.0,J M HIDALGO,,WDB3867,31,0,22,7,10.0,52,A
366892180,2021-03-09T04:05:47,33.91772,-119.59944,5.1,55.3,58.0,J M HIDALGO,,WDB3867,31,0,22,7,10.0,52,A
366892180,2021-08-15T03:00:08,33.89985,-119.57211,0.4,347.6,354.0,J M HIDALGO,,WDB3867,31,0,22,7,,32,A
366892180,2021-08-15T03:01:18,33.89995,-119.57200,0.6,50.5,344.0,J M HIDALGO,,WDB3867,31,0,22,7,,32,A
366892180,2021-08-15T03:02:29,33.90004,-119.57189,0.8,52.3,337.0,J M HIDALGO,,WDB3867,31,0,22,7,,32,A
366892180,2021-08-15T03:03:37,33.90013,-119.57178,0.5,50.6,337.0,J M HIDALGO,,WDB3867,31,0,22,7,,32,A
366892180,2021-08-15T03:04:47,33.90023,-119.57167,0.6,43.4,333.0,J M HIDALGO,,WDB3867,31,0,22,7,,32,A
366892180,2021-08-15T03:05:59,33.90034,-119.57156,0.3,29.0,332.0,J M HIDALGO,,WDB3867,31,0,22,7,,32,A
366892180,2021-08-15T03:07:07,33.90045,-119.57144,0.5,38.1,333.0,J M HIDALGO,,WDB3867,31,0,22,7,,32,A
366892180,2021-08-15T03:08:18,33.90056,-119.57133,0.9,57.8,335.0,J M HIDALGO,,WDB3867,31,0,22,7,,32,A
366892180,2021-08-15T03:09:27,33.90065,-119.57124,0.4,22.2,337.0,J M HIDALGO,,WDB3867,31,0,22,7,,32,A
366892180,2021-08-15T03:10:37,33.90073,-119.57114,0.2,84.4,344.0,J M HIDALGO,,WDB3867,31,0,22,7,,32,A
366892180,2021-08-15T03:11:38,33.90081,-119.57105,0.6,53.5,340.0,J M HIDALGO,,WDB3867,31,0,22,7,,32,A
366892180,2021-08-15T03:12:47,33.90090,-119.57094,0.3,45.8,338.0,J M HIDALGO,,WDB3867,31,0,22,7,,32,A
366892180,2021-08-15T03:13:58,33.90103,-119.57076,0.9,64.4,334.0,J M HIDALGO,,WDB3867,31,0,22,7,,32,A
366892180,2021-08-15T03:14:59,33.90109,-119.57067,0.1,103.0,341.0,J M HIDALGO,,WDB3867,31,0,22,7,,32,A
366892180,2021-08-15T03:16:08,33.90115,-119.57056,0.3,46.3,346.0,J M HIDALGO,,WDB3867,31,0,22,7,,32,A
366892180,2021-08-15T03:17:17,33.90123,-119.57043,0.5,50.9,341.0,J M HIDALGO,,WDB3867,31,0,22,7,,32,A
366892180,2021-08-15T03:18:18,33.90134,-119.57024,0.1,347.7,335.0,J M HIDALGO,,WDB3867,31,0,22,7,,32,A
366892180,2021-08-15T04:00:09,33.90445,-119.56487,0.3,84.8,346.0,J M HIDALGO,,WDB3867,31,15,22,7,,32,A
366892180,2021-08-15T04:01:28,33.90447,-119.56469,0.1,110.2,348.0,J M HIDALGO,,WDB3867,31,15,22,7,,32,A
366892180,2021-08-15T04:02:37,33.90450,-119.56448,0.5,80.3,358.0,J M HIDALGO,,WDB3867,31,15,22,7,,32,A
366892180,2021-08-15T04:03:47,33.90452,-119.56423,0.6,94.5,358.0,J M HIDALGO,,WDB3867,31,15,22,7,,32,A
366892180,2021-08-15T04:04:57,33.90455,-119.56403,0.4,86.4,359.0,J M HIDALGO,,WDB3867,31,15,22,7,,32,A
366892180,2021-08-15T04:06:07,33.90457,-119.56388,0.8,89.7,358.0,J M HIDALGO,,WDB3867,31,15,22,7,,32,A
366892180,2021-08-15T04:07:17,33.90460,-119.56368,0.3,80.3,347.0,J M HIDALGO,,WDB3867,31,15,22,7,,32,A
366892180,2021-08-15T04:08:27,33.90462,-119.56349,0.5,72.3,340.0,J M HIDALGO,,WDB3867,31,15,22,7,,32,A
366892180,2021-08-15T04:09:38,33.90463,-119.56334,1.1,68.3,334.0,J M HIDALGO,,WDB3867,31,15,22,7,,32,A
366892180,2021-08-15T04:10:48,33.90464,-119.56309,0.5,87.9,327.0,J M HIDALGO,,WDB3867,31,15,22,7,,32,A
366892180,2021-08-15T04:11:57,33.90464,-119.56294,0.4,118.3,327.0,J M HIDALGO,,WDB3867,31,15,22,7,,32,A
366892180,2021-08-15T04:13:07,33.90466,-119.56277,0.8,83.8,332.0,J M HIDALGO,,WDB3867,31,15,22,7,,32,A
366892180,2021-08-15T04:14:18,33.90466,-119.56244,0.5,134.8,337.0,J M HIDALGO,,WDB3867,31,15,22,7,,32,A
366892180,2021-08-15T04:15:28,33.90466,-119.56224,0.3,126.8,340.0,J M HIDALGO,,WDB3867,31,15,22,7,,32,A
366892180,2021-08-15T04:16:37,33.90465,-119.56201,0.6,68.8,345.0,J M HIDALGO,,WDB3867,31,15,22,7,,32,A
366892180,2021-08-15T04:17:47,33.90464,-119.56186,0.3,114.1,344.0,J M HIDALGO,,WDB3867,31,15,22,7,,32,A
366892180,2021-08-15T04:18:48,33.90462,-119.56164,0.3,153.2,346.0,J M HIDALGO,,WDB3867,31,15,22,7,,32,A
366892180,2021-08-15T04:19:58,33.90460,-119.56146,0.5,116.1,348.0,J M HIDALGO,,WDB3867,31,15,22,7,,32,A
366892180,2021-08-15T04:21:08,33.90456,-119.56128,0.9,90.1,356.0,J M HIDALGO,,WDB3867,31,15,22,7,,32,A
366892180,2021-08-15T04:22:18,33.90452,-119.56108,0.6,114.4,14.0,J M HIDALGO,,WDB3867,31,15,22,7,,32,A
366892180,2021-08-15T04:23:29,33.90447,-119.56087,0.4,104.5,23.0,J M HIDALGO,,WDB3867,31,15,22,7,,32,A
366892180,2021-08-15T04:24:39,33.90442,-119.56069,0.2,53.5,22.0,J M HIDALGO,,WDB3867,31,15,22,7,,32,A
366892180,2021-08-15T04:25:58,33.90435,-119.56042,0.4,87.8,18.0,J M HIDALGO,,WDB3867,31,15,22,7,,32,A
366892180,2021-08-15T04:27:18,33.90433,-119.56025,0.6,93.6,357.0,J M HIDALGO,,WDB3867,31,15,22,7,,32,A
366892180,2021-08-15T04:28:28,33.90430,-119.56008,0.8,95.2,342.0,J M HIDALGO,,WDB3867,31,15,22,7,,32,A
366892180,2021-08-15T04:29:37,33.90423,-119.55971,0.4,155.1,337.0,J M HIDALGO,,WDB3867,31,15,22,7,,32,A
366892180,2021-08-15T04:30:48,33.90420,-119.55960,0.3,121.3,337.0,J M HIDALGO,,WDB3867,31,15,22,7,,32,A
366892180,2021-08-15T04:31:58,33.90417,-119.55946,0.6,100.1,343.0,J M HIDALGO,,WDB3867,31,15,22,7,,32,A
366892180,2021-08-15T04:33:07,33.90412,-119.55930,0.6,106.8,347.0,J M HIDALGO,,WDB3867,31,15,22,7,,32,A
366892180,2021-08-15T04:34:18,33.90406,-119.55912,0.6,114.3,0.0,J M HIDALGO,,WDB3867,31,15,22,7,,32,A
366892180,2021-08-15T04:35:27,33.90398,-119.55893,0.6,130.3,3.0,J M HIDALGO,,WDB3867,31,15,22,7,,32,A
366892180,2021-08-15T04:36:58,33.90387,-119.55870,0.3,139.5,4.0,J M HIDALGO,,WDB3867,31,15,22,7,,32,A
366892180,2021-08-15T04:38:07,33.90378,-119.55855,0.3,146.0,0.0,J M HIDALGO,,WDB3867,31,15,22,7,,32,A
366892180,2021-08-15T04:39:09,33.90371,-119.55842,0.6,141.3,356.0,J M HIDALGO,,WDB3867,31,15,22,7,,32,A
366892180,2021-08-15T09:00:08,33.91388,-119.56567,3.5,183.6,165.0,J M HIDALGO,,WDB3867,31,15,22,7,,32,A
366892180,2021-08-15T09:01:19,33.91271,-119.56576,3.6,178.6,168.0,J M HIDALGO,,WDB3867,31,15,22,7,,32,A
366892180,2021-08-15T09:01:48,33.90137,-119.57018,1.0,60.3,332.0,J M HIDALGO,,WDB3867,31,0,22,7,,32,A
366892180,2021-08-15T09:02:27,33.91156,-119.56585,3.7,182.7,166.0,J M HIDALGO,,WDB3867,31,15,22,7,,32,A
366892180,2021-08-15T09:03:38,33.91037,-119.56591,3.5,176.8,167.0,J M HIDALGO,,WDB3867,31,15,22,7,,32,A
366892180,2021-08-15T09:04:39,33.90936,-119.56599,3.7,189.0,167.0,J M HIDALGO,,WDB3867,31,15,22,7,,32,A
366892180,2021-08-15T09:07:38,33.90172,-119.56941,0.2,34.4,350.0,J M HIDALGO,,WDB3867,31,0,22,7,,32,A
366892180,2021-08-15T10:00:07,33.89236,-119.56169,2.3,79.9,81.0,J M HIDALGO,,WDB3867,31,15,22,7,,32,A
366892180,2021-08-15T10:01:18,33.89258,-119.56076,2.5,76.8,78.0,J M HIDALGO,,WDB3867,31,15,22,7,,32,A
366892180,2021-08-15T10:02:29,33.89277,-119.55984,2.5,75.6,82.0,J M HIDALGO,,WDB3867,31,15,22,7,,32,A
366892180,2021-08-15T10:03:48,33.89297,-119.55877,2.5,77.9,79.0,J M HIDALGO,,WDB3867,31,15,22,7,,32,A
366892180,2021-08-15T14:47:08,33.90887,-119.56604,3.6,180.9,168.0,J M HIDALGO,,WDB3867,31,15,22,7,,32,A
366892180,2021-08-15T14:55:19,33.90664,-119.57545,4.6,274.3,271.0,J M HIDALGO,,WDB3867,31,15,22,7,,32,A
366892180,2021-08-15T15:33:48,33.89371,-119.56899,2.4,110.4,105.0,J M HIDALGO,,WDB3867,31,15,22,7,,32,A
366892180,2021-08-15T07:10:30,33.91768,-119.55852,4.0,250.7,248.0,J M HIDALGO,,WDB3867,31,15,22,7,,32,A
366892180,2021-08-15T07:11:38,33.91740,-119.55998,3.9,263.8,260.0,J M HIDALGO,,WDB3867,31,15,22,7,,32,A
366892180,2021-08-15T12:54:38,33.91740,-119.55998,3.9,263.8,260.0,J M HIDALGO,,WDB3867,31,15,22,7,,32,A
366892180,2021-08-15T12:56:28,33.91682,-119.56226,3.9,251.7,248.0,J M HIDALGO,,WDB3867,31,15,22,7,,32,A
366892180,2021-08-15T15:11:38,33.90180,-119.58371,2.9,121.8,110.0,J M HIDALGO,,WDB3867,31,15,22,7,,32,A
366892180,2021-08-15T15:17:38,33.89892,-119.57941,3.3,165.6,144.0,J M HIDALGO,,WDB3867,31,15,22,7,,32,A
369970281,2021-12-05T12:00:06,33.90516,-119.56943,8.9,238.2,234.0,DIANE G,,,90,0,,,,35,A
369970281,2021-12-05T12:01:15,33.90368,-119.57241,8.9,240.1,236.0,DIANE G,,,90,0,,,,35,A
369970281,2021-12-05T12:02:26,33.90217,-119.57541,8.9,238.7,234.0,DIANE G,,,90,0,,,,35,A
369970281,2021-12-05T12:03:35,33.90070,-119.57832,8.8,238.8,235.0,DIANE G,,,90,0,,,,35,A
369970281,2021-12-05T12:04:36,33.89947,-119.58087,8.9,239.6,234.0,DIANE G,,,90,0,,,,35,A
369970281,2021-12-05T12:05:45,33.89802,-119.58388,9.0,240.0,236.0,DIANE G,,,90,0,,,,35,A
369970281,2021-12-05T12:06:46,33.89678,-119.58647,9.0,240.4,234.0,DIANE G,,,90,0,,,,35,A
369970281,2021-12-05T12:07:55,33.89529,-119.58947,8.9,239.8,235.0,DIANE G,,,90,0,,,,35,A
369970281,2021-12-05T12:09:05,33.89384,-119.59242,8.9,239.9,236.0,DIANE G,,,90,0,,,,35,A
369970281,2021-12-05T12:10:15,33.89236,-119.59545,8.9,239.4,235.0,DIANE G,,,90,0,,,,35,A
369970281,2021-12-05T12:11:24,33.89094,-119.59844,9.0,240.2,236.0,DIANE G,,,90,0,,,,35,A
369970281,2021-12-05T12:12:35,33.88946,-119.60152,9.0,239.8,235.0,DIANE G,,,90,0,,,,35,A
369970284,2021-01-07T21:34:16,33.91201,-119.60142,0.5,90.7,511.0,SWISS LADDER 0501,,,90,0,,,5.2,60,A
369970284,2021-01-07T21:35:28,33.91202,-119.60110,1.1,90.9,511.0,SWISS LADDER 0501,,,90,0,,,5.2,60,A
369970284,2021-01-07T21:36:36,33.91201,-119.60081,0.7,93.6,511.0,SWISS LADDER 0501,,,90,0,,,5.2,60,A
369970284,2021-01-07T21:37:47,33.91201,-119.60051,0.9,87.3,511.0,SWISS LADDER 0501,,,90,0,,,5.2,60,A
369970284,2021-01-07T21:38:57,33.91200,-119.60016,1.3,92.3,511.0,SWISS LADDER 0501,,,90,0,,,5.2,60,A
369970284,2021-01-07T21:40:08,33.91199,-119.59988,0.8,94.3,511.0,SWISS LADDER 0501,,,90,0,,,5.2,60,A
369970284,2021-01-07T21:41:17,33.91197,-119.59956,0.6,95.2,511.0,SWISS LADDER 0501,,,90,0,,,5.2,60,A
369970284,2021-01-07T21:42:18,33.91195,-119.59931,0.6,98.1,511.0,SWISS LADDER 0501,,,90,0,,,5.2,60,A
369970284,2021-01-07T21:43:28,33.91193,-119.59901,0.7,94.6,511.0,SWISS LADDER 0501,,,90,0,,,5.2,60,A
369970284,2021-01-07T21:44:38,33.91191,-119.59869,1.1,92.0,511.0,SWISS LADDER 0501,,,90,0,,,5.2,60,A
369970284,2021-01-07T21:45:47,33.91189,-119.59842,0.8,92.7,511.0,SWISS LADDER 0501,,,90,0,,,5.2,60,A
369970284,2021-01-07T21:46:57,33.91187,-119.59811,0.8,98.2,511.0,SWISS LADDER 0501,,,90,0,,,5.2,60,A
369970284,2021-01-07T21:47:58,33.91185,-119.59787,1.1,93.0,511.0,SWISS LADDER 0501,,,90,0,,,5.2,60,A
369970284,2021-01-07T21:49:07,33.91183,-119.59759,0.9,96.8,511.0,SWISS LADDER 0501,,,90,0,,,5.2,60,A
369970284,2021-01-07T21:50:16,33.91181,-119.59731,1.1,92.7,511.0,SWISS LADDER 0501,,,90,0,,,5.2,60,A
369970284,2021-01-07T21:51:27,33.91180,-119.59705,0.9,94.0,511.0,SWISS LADDER 0501,,,90,0,,,5.2,60,A
369970284,2021-01-07T21:52:38,33.91178,-119.59677,1.0,95.9,511.0,SWISS LADDER 0501,,,90,0,,,5.2,60,A
369970284,2021-01-07T21:53:48,33.91177,-119.59649,0.6,94.8,511.0,SWISS LADDER 0501,,,90,0,,,5.2,60,A
369970284,2021-01-07T21:54:56,33.91177,-119.59623,0.5,89.6,511.0,SWISS LADDER 0501,,,90,0,,,5.2,60,A
369970284,2021-01-07T21:56:06,33.91177,-119.59593,0.6,95.4,511.0,SWISS LADDER 0501,,,90,0,,,5.2,60,A
369970284,2021-01-07T21:57:16,33.91175,-119.59562,0.6,98.0,511.0,SWISS LADDER 0501,,,90,0,,,5.2,60,A
369970284,2021-01-07T21:58:26,33.91174,-119.59534,0.9,91.5,511.0,SWISS LADDER 0501,,,90,0,,,5.2,60,A
369970284,2021-01-07T21:59:27,33.91173,-119.59509,0.9,94.0,511.0,SWISS LADDER 0501,,,90,0,,,5.2,60,A
369970284,2021-01-07T22:00:06,33.91172,-119.59493,0.7,95.5,511.0,SWISS LADDER 0501,,,90,0,,,5.2,60,A
369970284,2021-01-07T22:01:16,33.91172,-119.59465,1.1,94.8,511.0,SWISS LADDER 0501,,,90,0,,,5.2,60,A
369970284,2021-01-07T22:02:27,33.91170,-119.59436,0.5,93.9,511.0,SWISS LADDER 0501,,,90,0,,,5.2,60,A
369970284,2021-01-07T22:03:37,33.91168,-119.59407,0.9,97.4,511.0,SWISS LADDER 0501,,,90,0,,,5.2,60,A
369970284,2021-01-07T22:04:47,33.91166,-119.59380,1.0,92.1,511.0,SWISS LADDER 0501,,,90,0,,,5.2,60,A
369970284,2021-01-07T22:05:48,33.91163,-119.59354,0.6,91.3,511.0,SWISS LADDER 0501,,,90,0,,,5.2,60,A
369970284,2021-01-07T22:06:56,33.91162,-119.59328,0.9,96.0,511.0,SWISS LADDER 0501,,,90,0,,,5.2,60,A
369970284,2021-01-07T22:07:57,33.91162,-119.59304,0.9,90.3,511.0,SWISS LADDER 0501,,,90,0,,,5.2,60,A
369970284,2021-01-07T22:09:06,33.91160,-119.59276,0.6,93.9,511.0,SWISS LADDER 0501,,,90,0,,,5.2,60,A
369970284,2021-01-07T22:10:16,33.91156,-119.59248,0.7,96.9,511.0,SWISS LADDER 0501,,,90,0,,,5.2,60,A
369970284,2021-01-07T22:11:17,33.91154,-119.59224,0.9,94.3,511.0,SWISS LADDER 0501,,,90,0,,,5.2,60,A
369970284,2021-01-07T22:12:18,33.91152,-119.59201,1.0,94.5,511.0,SWISS LADDER 0501,,,90,0,,,5.2,60,A
369970284,2021-01-07T22:13:28,33.91151,-119.59174,1.0,95.6,511.0,SWISS LADDER 0501,,,90,0,,,5.2,60,A
369970284,2021-01-07T22:14:37,33.91149,-119.59148,0.3,95.3,511.0,SWISS LADDER 0501,,,90,0,,,5.2,60,A
369970284,2021-01-07T22:15:48,33.91147,-119.59121,0.4,95.0,511.0,SWISS LADDER 0501,,,90,0,,,5.2,60,A
369970284,2021-01-07T22:16:57,33.91144,-119.59093,0.4,98.0,511.0,SWISS LADDER 0501,,,90,0,,,5.2,60,A
369970284,2021-01-07T22:18:07,33.91142,-119.59068,0.4,98.4,511.0,SWISS LADDER 0501,,,90,0,,,5.2,60,A
369970284,2021-01-07T22:19:08,33.91141,-119.59045,0.6,94.4,511.0,SWISS LADDER 0501,,,90,0,,,5.2,60,A
369970284,2021-01-07T22:20:28,33.91139,-119.59017,0.5,97.6,511.0,SWISS LADDER 0501,,,90,0,,,5.2,60,A
369970284,2021-01-07T22:21:37,33.91138,-119.58989,0.7,92.4,511.0,SWISS LADDER 0501,,,90,0,,,5.2,60,A
369970284,2021-01-07T22:22:38,33.91135,-119.58964,0.4,102.4,511.0,SWISS LADDER 0501,,,90,0,,,5.2,60,A
369970284,2021-01-07T22:23:47,33.91130,-119.58936,0.5,97.7,511.0,SWISS LADDER 0501,,,90,0,,,5.2,60,A
369970284,2021-01-07T22:24:57,33.91130,-119.58932,0.7,96.3,511.0,SWISS LADDER 0501,,,90,0,,,5.2,60,A
369970284,2021-01-07T22:25:58,33.91128,-119.58885,1.0,94.1,511.0,SWISS LADDER 0501,,,90,0,,,5.2,60,A
369970284,2021-01-07T22:27:07,33.91124,-119.58856,0.3,102.9,511.0,SWISS LADDER 0501,,,90,0,,,5.2,60,A
369970284,2021-01-07T22:28:16,33.91121,-119.58829,0.8,99.6,511.0,SWISS LADDER 0501,,,90,0,,,5.2,60,A
369970284,2021-01-07T22:29:28,33.91117,-119.58800,0.9,101.7,511.0,SWISS LADDER 0501,,,90,0,,,5.2,60,A
369970284,2021-01-07T22:30:37,33.91113,-119.58774,0.6,102.7,511.0,SWISS LADDER 0501,,,90,0,,,5.2,60,A
369970284,2021-01-07T22:31:46,33.91110,-119.58746,0.6,94.7,511.0,SWISS LADDER 0501,,,90,0,,,5.2,60,A
369970284,2021-01-07T22:32:57,33.91106,-119.58720,0.4,99.3,511.0,SWISS LADDER 0501,,,90,0,,,5.2,60,A
369970284,2021-01-07T22:34:07,33.91103,-119.58692,1.1,97.1,511.0,SWISS LADDER 0501,,,90,0,,,5.2,60,A
369970284,2021-01-07T22:35:16,33.91126,-119.58655,4.4,43.1,511.0,SWISS LADDER 0501,,,90,0,,,5.2,60,A
369970284,2021-01-07T22:36:28,33.90990,-119.58610,7.8,180.3,511.0,SWISS LADDER 0501,,,90,0,,,5.2,60,A
369970284,2021-01-07T22:37:37,33.90703,-119.58611,9.4,176.4,511.0,SWISS LADDER 0501,,,90,0,,,5.2,60,A
369970284,2021-01-07T22:38:46,33.90351,-119.58595,11.2,178.4,511.0,SWISS LADDER 0501,,,90,0,,,5.2,60,A
369970284,2021-01-07T22:39:56,33.89997,-119.58605,11.1,183.1,511.0,SWISS LADDER 0501,,,90,0,,,5.2,60,A
369970284,2021-01-07T22:41:07,33.89633,-119.58627,11.1,177.6,511.0,SWISS LADDER 0501,,,90,0,,,5.2,60,A
369970284,2021-01-07T22:42:17,33.89208,-119.58572,17.4,168.8,511.0,SWISS LADDER 0501,,,90,0,,,5.2,60,A
369970284,2021-01-07T22:43:18,33.88482,-119.58327,28.7,165.9,511.0,SWISS LADDER 0501,,,90,0,,,5.2,60,A
338184343,2021-05-30T10:58:49,33.88243,-119.59363,5.4,297.3,511.0,GERONIMO,,,37,,10,,,,B
338184343,2021-05-30T11:00:20,33.88364,-119.59583,5.2,303.7,511.0,GERONIMO,,,37,,10,,,,B
338184343,2021-05-30T11:01:50,33.88455,-119.59826,5.4,277.1,511.0,GERONIMO,,,37,,10,,,,B
367565750,2021-08-26T20:50:40,33.91350,-119.56367,17.9,290.4,278.0,ISLAND EXPLORER,,WDG7285,60,0,19,,,60,A
367565750,2021-08-26T20:51:44,33.91583,-119.56950,18.8,297.3,284.0,ISLAND EXPLORER,,WDG7285,60,0,19,,,60,A
367565750,2021-08-26T20:52:46,33.91750,-119.57550,18.5,284.2,279.0,ISLAND EXPLORER,,WDG7285,60,0,19,,,60,A
338404000,2020-01-02T07:32:45,33.89673,-119.60151,7.9,102.7,511.0,,,,,8,,,,,A
338404000,2020-01-02T07:33:55,33.89631,-119.59865,7.5,100.4,511.0,,,,,8,,,,,A
338404000,2020-01-02T07:35:05,33.89571,-119.59586,8.2,96.0,511.0,,,,,8,,,,,A
338404000,2020-01-02T07:36:14,33.89541,-119.59287,8.7,96.7,511.0,,,,,8,,,,,A
338404000,2020-01-02T07:37:25,33.89506,-119.58982,7.8,95.2,511.0,,,,,8,,,,,A
338404000,2020-01-02T07:38:34,33.89462,-119.58692,7.9,103.4,511.0,,,,,8,,,,,A
338404000,2020-01-02T07:39:45,33.89433,-119.58408,6.6,110.5,511.0,,,,,8,,,,,A
338404000,2020-01-02T07:42:24,33.89334,-119.57759,8.1,95.4,511.0,,,,,8,,,,,A
338404000,2020-01-02T07:43:44,33.89301,-119.57427,7.8,98.3,511.0,,,,,8,,,,,A
338404000,2020-01-02T07:45:44,33.89235,-119.56971,6.6,92.8,511.0,,,,,8,,,,,A
338404000,2020-01-02T07:47:54,33.89173,-119.56545,6.2,87.0,511.0,,,,,8,,,,,A
338404000,2020-01-02T07:50:35,33.89105,-119.56018,6.1,110.1,511.0,,,,,8,,,,,A
379867543,2020-01-25T19:21:34,33.89416,-119.56678,0.3,356.5,323.0,RSC 1,,,35,0,36,10,2.5,39,A
379867543,2020-01-25T19:53:14,33.90163,-119.56755,0.4,2.9,325.0,RSC 1,,,35,0,36,10,2.5,39,A
379867543,2020-01-25T21:03:44,33.91013,-119.56667,0.4,10.6,336.0,RSC 1,,,35,0,36,10,2.5,35,A
379867543,2020-01-25T21:05:14,33.91029,-119.56661,0.4,21.3,330.0,RSC 1,,,35,0,36,10,2.5,35,A
379867543,2020-01-25T21:06:24,33.91042,-119.56655,0.4,6.8,331.0,RSC 1,,,35,0,36,10,2.5,35,A
379867543,2020-01-25T22:00:06,33.91537,-119.56355,2.7,155.1,157.0,RSC 1,,,35,0,36,10,2.5,35,A
379867543,2020-01-25T22:01:14,33.91454,-119.56291,3.2,143.8,145.0,RSC 1,,,35,0,36,10,2.5,35,A
379867543,2020-01-25T22:03:25,33.91317,-119.56184,1.8,161.0,170.0,RSC 1,,,35,0,36,10,2.5,35,A
379867543,2020-01-25T22:05:35,33.91271,-119.56178,0.4,191.3,198.0,RSC 1,,,35,0,36,10,2.5,35,A
379867543,2020-01-25T22:07:05,33.91269,-119.56185,0.1,279.8,214.0,RSC 1,,,35,0,36,10,2.5,35,A
379867543,2020-01-25T22:14:35,33.91355,-119.56149,0.7,19.2,175.0,RSC 1,,,35,0,36,10,2.5,35,A
379867543,2020-01-25T22:15:45,33.91376,-119.56141,0.7,19.6,166.0,RSC 1,,,35,0,36,10,2.5,35,A
379867543,2020-01-25T22:16:56,33.91396,-119.56133,0.7,16.9,163.0,RSC 1,,,35,0,36,10,2.5,35,A
379867543,2020-01-25T22:18:15,33.91419,-119.56125,0.7,18.1,159.0,RSC 1,,,35,0,36,10,2.5,35,A
379867543,2020-01-25T22:19:44,33.91444,-119.56114,0.7,24.5,152.0,RSC 1,,,35,0,36,10,2.5,35,A
379867543,2020-01-25T22:21:25,33.91471,-119.56104,0.6,11.2,158.0,RSC 1,,,35,0,36,10,2.5,35,A
379867543,2020-01-25T22:23:35,33.91508,-119.56091,0.6,16.7,153.0,RSC 1,,,35,0,36,10,2.5,35,A
338926430,2020-02-21T10:48:15,33.90226,-119.59881,8.9,83.4,82.0,,,,,0,,,,,A
338926430,2020-02-21T10:49:26,33.90263,-119.59520,9.0,83.2,81.0,,,,,0,,,,,A
338926430,2020-02-21T10:50:37,33.90299,-119.59167,9.0,82.6,82.0,,,,,0,,,,,A
338926430,2020-02-21T10:51:45,33.90334,-119.58818,9.1,82.2,81.0,,,,,0,,,,,A
338926430,2020-02-21T10:52:55,33.90368,-119.58465,9.2,82.2,82.0,,,,,0,,,,,A
338926430,2020-02-21T10:54:06,33.90404,-119.58111,9.1,82.9,82.0,,,,,0,,,,,A
338926430,2020-02-21T10:55:16,33.90441,-119.57755,9.1,82.9,82.0,,,,,0,,,,,A
338926430,2020-02-21T10:56:27,33.90475,-119.57403,9.1,83.3,81.0,,,,,0,,,,,A
338926430,2020-02-21T10:57:36,33.90511,-119.57052,8.9,82.8,82.0,,,,,0,,,,,A
338926430,2020-02-21T10:58:46,33.90546,-119.56701,9.0,83.2,82.0,,,,,0,,,,,A
338926430,2020-02-21T10:59:56,33.90581,-119.56351,9.4,81.7,83.0,,,,,0,,,,,A
338926430,2020-02-21T11:00:16,33.90590,-119.56255,9.4,82.7,83.0,,,,,0,,,,,A
338926430,2020-02-21T11:01:25,33.90625,-119.55901,9.1,83.3,83.0,,,,,0,,,,,A
338089000,2020-02-26T08:35:25,33.91787,-119.55838,0.8,253.8,268.0,M/Y MB3,,,37,0,30,7,,,A
338089000,2020-02-26T08:38:03,33.91771,-119.55896,0.7,253.1,274.0,M/Y MB3,,,37,0,30,7,,,A
338089000,2020-02-26T08:39:14,33.91764,-119.55921,0.6,254.0,274.0,M/Y MB3,,,37,0,30,7,,,A
338089000,2020-02-26T08:40:33,33.91756,-119.55949,0.7,249.5,272.0,M/Y MB3,,,37,0,30,7,,,A
338089000,2020-02-26T08:42:13,33.91743,-119.55983,0.6,251.7,270.0,M/Y MB3,,,37,0,30,7,,,A
338089000,2020-02-26T08:43:33,33.91736,-119.56011,0.5,251.4,267.0,M/Y MB3,,,37,0,30,7,,,A
338089000,2020-02-26T08:46:03,33.91722,-119.56064,0.7,253.5,268.0,M/Y MB3,,,37,0,30,7,,,A
338089000,2020-02-26T08:47:14,33.91715,-119.56090,0.6,254.4,271.0,M/Y MB3,,,37,0,30,7,,,A
338089000,2020-02-26T08:49:03,33.91705,-119.56132,0.8,253.3,276.0,M/Y MB3,,,37,0,30,7,,,A
338089000,2020-02-26T08:52:24,33.91686,-119.56219,0.8,258.6,282.0,M/Y MB3,,,37,0,30,7,,,A
338089000,2020-02-26T08:53:54,33.91679,-119.56258,0.8,255.8,282.0,M/Y MB3,,,37,0,30,7,,,A
338089000,2020-02-26T08:55:14,33.91670,-119.56292,0.9,255.0,282.0,M/Y MB3,,,37,0,30,7,,,A
338089000,2020-02-26T08:56:24,33.91662,-119.56324,0.8,257.4,282.0,M/Y MB3,,,37,0,30,7,,,A
338089000,2020-02-26T08:57:34,33.91654,-119.56356,1.0,256.8,285.0,M/Y MB3,,,37,0,30,7,,,A
338089000,2020-02-26T08:58:44,33.91647,-119.56389,0.9,255.1,283.0,M/Y MB3,,,37,0,30,7,,,A
338089000,2020-02-26T08:59:53,33.91639,-119.56421,0.8,253.9,281.0,M/Y MB3,,,37,0,30,7,,,A
338089000,2020-02-26T09:00:04,33.91638,-119.56426,0.8,254.9,281.0,M/Y MB3,,,37,0,30,7,,,A
338089000,2020-02-26T09:01:05,33.91631,-119.56453,0.7,254.2,280.0,M/Y MB3,,,37,0,30,7,,,A
338089000,2020-02-26T09:02:14,33.91624,-119.56483,0.6,255.5,274.0,M/Y MB3,,,37,0,30,7,,,A
338089000,2020-02-26T09:03:24,33.91616,-119.56514,0.8,254.3,271.0,M/Y MB3,,,37,0,30,7,,,A
338089000,2020-02-26T09:04:33,33.91608,-119.56543,0.6,255.8,268.0,M/Y MB3,,,37,0,30,7,,,A
338089000,2020-02-26T09:05:45,33.91599,-119.56573,1.0,255.7,266.0,M/Y MB3,,,37,0,30,7,,,A
338089000,2020-02-26T09:07:03,33.91593,-119.56609,0.7,258.4,268.0,M/Y MB3,,,37,0,30,7,,,A
338089000,2020-02-26T09:08:45,33.91587,-119.56654,0.9,260.3,273.0,M/Y MB3,,,37,0,30,7,,,A
338089000,2020-02-26T09:10:03,33.91579,-119.56688,0.9,258.6,276.0,M/Y MB3,,,37,0,30,7,,,A
338089000,2020-02-26T09:11:23,33.91574,-119.56720,0.5,260.8,277.0,M/Y MB3,,,37,0,30,7,,,A
338089000,2020-02-26T09:13:03,33.91567,-119.56764,0.8,261.9,272.0,M/Y MB3,,,37,0,30,7,,,A
338089000,2020-02-26T09:14:23,33.91561,-119.56799,0.7,263.3,274.0,M/Y MB3,,,37,0,30,7,,,A
338089000,2020-02-26T09:16:23,33.91553,-119.56855,0.8,260.4,275.0,M/Y MB3,,,37,0,30,7,,,A
338089000,2020-02-26T09:17:33,33.91547,-119.56882,0.9,258.4,274.0,M/Y MB3,,,37,0,30,7,,,A
338089000,2020-02-26T09:18:54,33.91539,-119.56918,0.8,259.9,270.0,M/Y MB3,,,37,0,30,7,,,A
338089000,2020-02-26T09:20:03,33.91534,-119.56947,0.7,261.1,268.0,M/Y MB3,,,37,0,30,7,,,A
338089000,2020-02-26T09:22:14,33.91524,-119.57004,0.7,262.1,270.0,M/Y MB3,,,37,0,30,7,,,A
338089000,2020-02-26T09:24:14,33.91517,-119.57057,0.9,264.3,267.0,M/Y MB3,,,37,0,30,7,,,A
338089000,2020-02-26T09:25:44,33.91512,-119.57095,0.8,264.8,269.0,M/Y MB3,,,37,0,30,7,,,A
338089000,2020-02-26T09:26:53,33.91509,-119.57124,0.7,265.8,271.0,M/Y MB3,,,37,0,30,7,,,A
338089000,2020-02-26T09:28:14,33.91506,-119.57159,0.7,265.4,270.0,M/Y MB3,,,37,0,30,7,,,A
338089000,2020-02-26T09:29:24,33.91503,-119.57187,0.7,264.8,269.0,M/Y MB3,,,37,0,30,7,,,A
338089000,2020-02-26T09:31:34,33.91499,-119.57239,0.7,268.2,271.0,M/Y MB3,,,37,0,30,7,,,A
338089000,2020-02-26T09:32:43,33.91497,-119.57268,0.7,269.8,271.0,M/Y MB3,,,37,0,30,7,,,A
338089000,2020-02-26T09:34:04,33.91496,-119.57300,0.8,268.0,269.0,M/Y MB3,,,37,0,30,7,,,A
338089000,2020-02-26T09:36:34,33.91493,-119.57361,0.6,268.8,269.0,M/Y MB3,,,37,0,30,7,,,A
338089000,2020-02-26T09:38:21,33.91494,-119.57405,0.6,272.6,276.0,M/Y MB3,,,37,0,30,7,,,A
338089000,2020-02-26T09:40:44,33.91492,-119.57467,0.7,267.9,279.0,M/Y MB3,,,37,0,30,7,,,A
338089000,2020-02-26T09:42:44,33.91491,-119.57517,0.8,268.0,279.0,M/Y MB3,,,37,0,30,7,,,A
338089000,2020-02-26T09:44:44,33.91488,-119.57567,0.7,266.7,276.0,M/Y MB3,,,37,0,30,7,,,A
338089000,2020-02-26T09:47:44,33.91484,-119.57638,0.7,269.8,272.0,M/Y MB3,,,37,0,30,7,,,A
338089000,2020-02-26T09:49:44,33.91485,-119.57688,0.9,271.5,278.0,M/Y MB3,,,37,0,30,7,,,A
338089000,2020-02-26T09:52:14,33.91487,-119.57751,0.6,270.7,279.0,M/Y MB3,,,37,0,30,7,,,A
338089000,2020-02-26T09:53:24,33.91486,-119.57780,0.7,269.4,277.0,M/Y MB3,,,37,0,30,7,,,A
338089000,2020-02-26T09:56:43,33.91486,-119.57862,0.8,274.0,276.0,M/Y MB3,,,37,0,30,7,,,A
338089000,2020-02-26T09:58:23,33.91487,-119.57904,0.7,272.0,275.0,M/Y MB3,,,37,0,30,7,,,A
338089000,2020-02-26T09:59:34,33.91490,-119.57932,0.8,274.8,274.0,M/Y MB3,,,37,0,30,7,,,A
338089000,2020-02-26T10:00:05,33.91490,-119.57944,0.7,276.1,274.0,M/Y MB3,,,37,0,30,7,,,A
338089000,2020-02-26T10:01:13,33.91493,-119.57971,0.7,276.5,274.0,M/Y MB3,,,37,0,30,7,,,A
338089000,2020-02-26T10:02:23,33.91495,-119.57998,0.6,277.6,274.0,M/Y MB3,,,37,0,30,7,,,A
338089000,2020-02-26T10:03:34,33.91498,-119.58025,0.7,278.1,274.0,M/Y MB3,,,37,0,30,7,,,A
338089000,2020-02-26T10:04:44,33.91500,-119.58052,0.6,277.7,275.0,M/Y MB3,,,37,0,30,7,,,A
338089000,2020-02-26T10:05:54,33.91503,-119.58076,0.7,278.8,275.0,M/Y MB3,,,37,0,30,7,,,A
338089000,2020-02-26T10:07:04,33.91507,-119.58102,0.7,281.8,275.0,M/Y MB3,,,37,0,30,7,,,A
338089000,2020-02-26T10:08:14,33.91511,-119.58128,0.6,281.2,273.0,M/Y MB3,,,37,0,30,7,,,A
338089000,2020-02-26T10:09:24,33.91515,-119.58153,0.5,282.9,274.0,M/Y MB3,,,37,0,30,7,,,A
338089000,2020-02-26T10:10:45,33.91521,-119.58181,0.6,285.4,272.0,M/Y MB3,,,37,0,30,7,,,A
338089000,2020-02-26T10:12:24,33.91528,-119.58218,0.5,285.7,272.0,M/Y MB3,,,37,0,30,7,,,A
338089000,2020-02-26T10:13:34,33.91534,-119.58242,0.6,284.6,273.0,M/Y MB3,,,37,0,30,7,,,A
338089000,2020-02-26T10:14:44,33.91539,-119.58267,0.7,284.9,276.0,M/Y MB3,,,37,0,30,7,,,A
338089000,2020-02-26T10:15:55,33.91545,-119.58292,0.6,287.3,277.0,M/Y MB3,,,37,0,30,7,,,A
338089000,2020-02-26T10:18:03,33.91556,-119.58339,0.6,286.6,278.0,M/Y MB3,,,37,0,30,7,,,A
338089000,2020-02-26T10:20:13,33.91566,-119.58384,0.5,284.4,272.0,M/Y MB3,,,37,0,30,7,,,A
338089000,2020-02-26T10:22:03,33.91576,-119.58420,0.7,290.5,272.0,M/Y MB3,,,37,0,30,7,,,A
338089000,2020-02-26T10:23:13,33.91584,-119.58443,0.6,291.1,274.0,M/Y MB3,,,37,0,30,7,,,A
338089000,2020-02-26T10:25:04,33.91595,-119.58478,0.6,291.4,277.0,M/Y MB3,,,37,0,30,7,,,A
338089000,2020-02-26T10:26:54,33.91606,-119.58513,0.7,290.5,277.0,M/Y MB3,,,37,0,30,7,,,A
338089000,2020-02-26T10:28:34,33.91616,-119.58546,0.6,289.9,275.0,M/Y MB3,,,37,0,30,7,,,A
338089000,2020-02-26T10:29:54,33.91623,-119.58572,0.7,290.7,276.0,M/Y MB3,,,37,0,30,7,,,A
338089000,2020-02-26T10:31:34,33.91633,-119.58604,0.6,288.4,277.0,M/Y MB3,,,37,0,30,7,,,A
338089000,2020-02-26T10:32:54,33.91641,-119.58629,0.6,290.8,275.0,M/Y MB3,,,37,0,30,7,,,A
338089000,2020-02-26T10:35:14,33.91654,-119.58670,0.5,289.9,275.0,M/Y MB3,,,37,0,30,7,,,A
338089000,2020-02-26T10:37:04,33.91664,-119.58701,0.5,288.7,273.0,M/Y MB3,,,37,0,30,7,,,A
338089000,2020-02-26T10:38:14,33.91671,-119.58719,0.5,296.7,271.0,M/Y MB3,,,37,0,30,7,,,A
338089000,2020-02-26T10:40:04,33.91681,-119.58746,0.5,291.9,272.0,M/Y MB3,,,37,0,30,7,,,A
338089000,2020-02-26T10:41:13,33.91688,-119.58763,0.5,294.9,273.0,M/Y MB3,,,37,0,30,7,,,A
338089000,2020-02-26T10:44:44,33.91708,-119.58824,0.5,283.4,280.0,M/Y MB3,,,37,0,30,7,,,A
338089000,2020-02-26T10:46:44,33.91718,-119.58860,0.5,286.5,279.0,M/Y MB3,,,37,0,30,7,,,A
338089000,2020-02-26T10:49:43,33.91736,-119.58916,0.6,292.1,282.0,M/Y MB3,,,37,0,30,7,,,A
338089000,2020-02-26T10:51:43,33.91748,-119.58950,0.5,298.2,280.0,M/Y MB3,,,37,0,30,7,,,A
338089000,2020-02-26T10:55:13,33.91780,-119.59003,0.4,306.4,281.0,M/Y MB3,,,37,0,30,7,,,A
338089000,2020-02-26T10:56:33,33.91793,-119.59023,0.6,309.2,287.0,M/Y MB3,,,37,0,30,7,,,A
338363908,2020-06-13T02:26:54,33.91731,-119.56865,5.5,236.4,511.0,HIBISCUS,,,36,,0,0,,,B
338363908,2020-06-13T02:27:55,33.91643,-119.57008,5.8,235.1,511.0,HIBISCUS,,,36,,0,0,,,B
338363908,2020-06-13T02:29:24,33.91509,-119.57228,5.5,231.8,511.0,HIBISCUS,,,36,,0,0,,,B
338363908,2020-06-13T02:30:27,33.91415,-119.57376,6.0,233.7,511.0,HIBISCUS,,,36,,0,0,,,B
338363908,2020-06-13T02:31:54,33.91287,-119.57569,4.6,234.2,511.0,HIBISCUS,,,36,,0,0,,,B
338363908,2020-06-13T02:33:26,33.91160,-119.57772,5.2,235.7,511.0,HIBISCUS,,,36,,0,0,,,B
338363908,2020-06-13T02:34:55,33.91037,-119.57984,5.8,235.0,511.0,HIBISCUS,,,36,,0,0,,,B
338363908,2020-06-13T02:36:27,33.90919,-119.58199,4.5,237.5,511.0,HIBISCUS,,,36,,0,0,,,B
338363908,2020-06-13T02:37:56,33.90787,-119.58403,2.7,243.8,511.0,HIBISCUS,,,36,,0,0,,,B
338363908,2020-06-13T02:39:25,33.90709,-119.58523,4.5,234.1,511.0,HIBISCUS,,,36,,0,0,,,B
338363908,2020-06-13T02:40:26,33.90608,-119.58625,4.8,218.6,511.0,HIBISCUS,,,36,,0,0,,,B
338363908,2020-06-13T02:41:56,33.90459,-119.58815,4.0,228.8,511.0,HIBISCUS,,,36,,0,0,,,B
338363908,2020-06-13T02:43:25,33.90365,-119.58913,2.2,204.7,511.0,HIBISCUS,,,36,,0,0,,,B
338363908,2020-06-13T02:44:57,33.90300,-119.58972,1.4,230.1,511.0,HIBISCUS,,,36,,0,0,,,B
338363908,2020-06-13T02:46:24,33.90223,-119.59071,3.6,231.5,511.0,HIBISCUS,,,36,,0,0,,,B
338363908,2020-06-13T02:49:24,33.90157,-119.59168,3.6,229.4,511.0,HIBISCUS,,,36,,0,0,,,B
338363908,2020-06-13T02:50:25,33.89946,-119.59475,4.0,221.8,511.0,HIBISCUS,,,36,,0,0,,,B
338363908,2020-06-13T02:51:55,33.89817,-119.59611,4.9,226.4,511.0,HIBISCUS,,,36,,0,0,,,B
338363908,2020-06-13T02:53:25,33.89704,-119.59791,5.4,220.5,511.0,HIBISCUS,,,36,,0,0,,,B
338363908,2020-06-13T02:54:56,33.89607,-119.59961,3.8,229.9,511.0,HIBISCUS,,,36,,0,0,,,B
338363908,2020-06-13T02:56:27,33.89499,-119.60137,4.4,233.5,511.0,HIBISCUS,,,36,,0,0,,,B
368132970,2020-08-04T19:00:19,33.90290,-119.57428,8.0,192.5,511.0,SERENITY NOW,,,37,,22,8,,,B
368132970,2020-08-04T19:01:20,33.90060,-119.57480,8.3,189.3,511.0,SERENITY NOW,,,37,,22,8,,,B
368132970,2020-08-04T19:02:49,33.89723,-119.57566,8.4,190.3,511.0,SERENITY NOW,,,37,,22,8,,,B
368132970,2020-08-04T19:03:50,33.89508,-119.57658,8.3,206.8,511.0,SERENITY NOW,,,37,,22,8,,,B
368132970,2020-08-04T19:05:18,33.89219,-119.57846,4.9,205.7,511.0,SERENITY NOW,,,37,,22,8,,,B
368132970,2020-08-04T19:07:19,33.89232,-119.57705,3.1,64.4,511.0,SERENITY NOW,,,37,,22,8,,,B
368132970,2020-08-04T19:09:18,33.89289,-119.57499,4.6,74.2,511.0,SERENITY NOW,,,37,,22,8,,,B
368132970,2020-08-04T19:10:19,33.89306,-119.57404,2.4,79.2,511.0,SERENITY NOW,,,37,,22,8,,,B
368132970,2020-08-04T19:11:20,33.89308,-119.57356,0.9,93.8,511.0,SERENITY NOW,,,37,,22,8,,,B
368132970,2020-08-04T19:12:50,33.89300,-119.57320,0.9,110.4,511.0,SERENITY NOW,,,37,,22,8,,,B
368132970,2020-08-04T19:16:49,33.89278,-119.57262,0.4,112.7,511.0,SERENITY NOW,,,37,,22,8,,,B
368132970,2020-08-04T19:19:49,33.89257,-119.57216,0.3,123.0,511.0,SERENITY NOW,,,37,,22,8,,,B
368132970,2020-08-04T19:22:50,33.89236,-119.57171,0.6,116.2,511.0,SERENITY NOW,,,37,,22,8,,,B
368132970,2020-08-04T19:25:49,33.89215,-119.57123,0.6,120.2,511.0,SERENITY NOW,,,37,,22,8,,,B
368132970,2020-08-04T19:28:49,33.89193,-119.57068,0.8,118.1,511.0,SERENITY NOW,,,37,,22,8,,,B
368132970,2020-08-04T19:31:48,33.89166,-119.57016,0.7,123.2,511.0,SERENITY NOW,,,37,,22,8,,,B
368132970,2020-08-04T19:34:48,33.89144,-119.56966,0.6,117.3,511.0,SERENITY NOW,,,37,,22,8,,,B
368132970,2020-08-04T19:37:49,33.89117,-119.56914,0.6,122.5,511.0,SERENITY NOW,,,37,,22,8,,,B
368132970,2020-08-04T19:43:49,33.89057,-119.56814,1.0,130.8,511.0,SERENITY NOW,,,37,,22,8,,,B
368132970,2020-08-04T19:46:49,33.89027,-119.56767,0.5,122.4,511.0,SERENITY NOW,,,37,,22,8,,,B
368132970,2020-08-04T19:49:49,33.88995,-119.56719,0.9,135.0,511.0,SERENITY NOW,,,37,,22,8,,,B
368132970,2020-08-04T19:52:50,33.88964,-119.56676,0.6,135.6,511.0,SERENITY NOW,,,37,,22,8,,,B
368132970,2020-08-04T19:55:49,33.88928,-119.56631,0.7,133.8,511.0,SERENITY NOW,,,37,,22,8,,,B
368132970,2020-08-04T19:58:52,33.88898,-119.56581,0.4,119.0,511.0,SERENITY NOW,,,37,,22,8,,,B
368132970,2020-08-04T20:01:49,33.88868,-119.56532,1.2,123.7,511.0,SERENITY NOW,,,37,,22,8,,,B
368132970,2020-08-04T20:04:49,33.88838,-119.56482,0.4,130.1,511.0,SERENITY NOW,,,37,,22,8,,,B
368132970,2020-08-04T20:07:49,33.88811,-119.56434,0.5,129.3,511.0,SERENITY NOW,,,37,,22,8,,,B
368132970,2020-08-04T20:10:50,33.88788,-119.56387,0.6,121.0,511.0,SERENITY NOW,,,37,,22,8,,,B
368132970,2020-08-04T20:13:50,33.88768,-119.56344,0.8,124.8,511.0,SERENITY NOW,,,37,,22,8,,,B
368132970,2020-08-04T20:19:49,33.88732,-119.56267,0.8,124.4,511.0,SERENITY NOW,,,37,,22,8,,,B
368132970,2020-08-04T20:25:50,33.88696,-119.56194,0.6,129.0,511.0,SERENITY NOW,,,37,,22,8,,,B
368132970,2020-08-04T20:28:48,33.88683,-119.56158,0.3,116.0,511.0,SERENITY NOW,,,37,,22,8,,,B
368132970,2020-08-04T20:34:50,33.88638,-119.56090,0.1,132.1,511.0,SERENITY NOW,,,37,,22,8,,,B
368132970,2020-08-04T20:37:49,33.88611,-119.56052,0.6,119.8,511.0,SERENITY NOW,,,37,,22,8,,,B
368132970,2020-08-04T20:43:49,33.88573,-119.55988,0.2,134.9,511.0,SERENITY NOW,,,37,,22,8,,,B
368132970,2020-08-04T20:49:49,33.88529,-119.55919,0.4,132.4,511.0,SERENITY NOW,,,37,,22,8,,,B
368132970,2020-08-04T20:51:41,33.88613,-119.55869,8.0,13.8,511.0,SERENITY NOW,,,37,,22,8,,,B
338138854,2020-08-21T00:00:25,33.90544,-119.56725,6.0,119.3,511.0,IMAGINE,,,37,,0,0,,,B
338138854,2020-08-21T01:45:25,33.91730,-119.59177,4.6,117.8,511.0,IMAGINE,,,37,,0,0,,,B
338138854,2020-08-21T01:46:54,33.91625,-119.58960,6.0,117.9,511.0,IMAGINE,,,37,,0,0,,,B
338138854,2020-08-21T01:49:25,33.91433,-119.58546,5.2,112.3,511.0,IMAGINE,,,37,,0,0,,,B
338138854,2020-08-21T01:50:55,33.91311,-119.58288,5.5,117.9,511.0,IMAGINE,,,37,,0,0,,,B
338138854,2020-08-21T01:52:25,33.91194,-119.58060,5.5,120.9,511.0,IMAGINE,,,37,,0,0,,,B
338138854,2020-08-21T01:53:55,33.91066,-119.57802,6.3,120.7,511.0,IMAGINE,,,37,,0,0,,,B
338138854,2020-08-21T01:55:25,33.90940,-119.57549,5.7,120.5,511.0,IMAGINE,,,37,,0,0,,,B
338138854,2020-08-21T01:56:26,33.90859,-119.57384,5.5,120.8,511.0,IMAGINE,,,37,,0,0,,,B
338138854,2020-08-21T02:00:25,33.90544,-119.56725,6.0,119.3,511.0,IMAGINE,,,37,,0,0,,,B
338138854,2020-08-21T02:01:55,33.90426,-119.56468,5.7,121.3,511.0,IMAGINE,,,37,,0,0,,,B
338138854,2020-08-21T02:03:24,33.90310,-119.56221,6.0,122.1,511.0,IMAGINE,,,37,,0,0,,,B
338138854,2020-08-21T02:04:25,33.90226,-119.56050,5.4,120.8,511.0,IMAGINE,,,37,,0,0,,,B
338138854,2020-08-21T12:12:25,33.90779,-119.57221,5.5,120.3,511.0,IMAGINE,,,37,,0,0,,,B
338336818,2020-09-11T14:00:16,33.91763,-119.59594,6.6,191.3,511.0,ISLAND FOX,,,37,,0,0,,,B
338336818,2020-09-11T14:01:17,33.91679,-119.59443,5.1,73.7,511.0,ISLAND FOX,,,37,,0,0,,,B
338336818,2020-09-11T14:02:46,33.91716,-119.59359,0.7,35.5,511.0,ISLAND FOX,,,37,,0,0,,,B
338336818,2020-09-11T14:04:16,33.91726,-119.59301,1.7,98.2,511.0,ISLAND FOX,,,37,,0,0,,,B
338336818,2020-09-11T14:05:45,33.91722,-119.59339,2.1,241.2,511.0,ISLAND FOX,,,37,,0,0,,,B
338336818,2020-09-11T14:07:17,33.91675,-119.59375,1.4,190.7,511.0,ISLAND FOX,,,37,,0,0,,,B
338336818,2020-09-11T14:08:46,33.91673,-119.59355,0.6,66.4,511.0,ISLAND FOX,,,37,,0,0,,,B
338336818,2020-09-11T14:10:15,33.91696,-119.59265,2.6,78.0,511.0,ISLAND FOX,,,37,,0,0,,,B
338336818,2020-09-11T14:12:17,33.91745,-119.59230,1.7,45.0,511.0,ISLAND FOX,,,37,,0,0,,,B
338336818,2020-09-11T15:17:05,33.91766,-119.59193,6.9,194.3,511.0,ISLAND FOX,,,37,,0,0,,,B
338336818,2020-09-11T16:13:06,33.91715,-119.59352,6.9,124.7,511.0,ISLAND FOX,,,37,,0,0,,,B
338336818,2020-09-11T16:14:36,33.91537,-119.59063,7.1,126.4,511.0,ISLAND FOX,,,37,,0,0,,,B
338336818,2020-09-11T16:16:04,33.91362,-119.58782,7.1,126.0,511.0,ISLAND FOX,,,37,,0,0,,,B
338336818,2020-09-11T16:17:34,33.91206,-119.58478,7.1,101.3,511.0,ISLAND FOX,,,37,,0,0,,,B
338336818,2020-09-11T16:19:05,33.91363,-119.58168,7.9,36.8,511.0,ISLAND FOX,,,37,,0,0,,,B
338336818,2020-09-11T16:20:07,33.91537,-119.57998,7.6,39.3,511.0,ISLAND FOX,,,37,,0,0,,,B
338336818,2020-09-11T20:19:15,33.91306,-119.60086,7.7,61.1,511.0,ISLAND FOX,,,37,,0,0,,,B
338336818,2020-09-11T23:02:45,33.91680,-119.56042,7.0,313.3,511.0,ISLAND FOX,,,37,,0,0,,,B
338336818,2020-09-11T23:24:46,33.91560,-119.57677,7.9,163.4,511.0,ISLAND FOX,,,37,,0,0,,,B
338336818,2020-09-11T23:26:16,33.91239,-119.57569,8.1,168.7,511.0,ISLAND FOX,,,37,,0,0,,,B
338336818,2020-09-11T23:27:46,33.90929,-119.57441,8.1,156.7,511.0,ISLAND FOX,,,37,,0,0,,,B
338336818,2020-09-11T23:29:16,33.90619,-119.57287,7.9,154.3,511.0,ISLAND FOX,,,37,,0,0,,,B
338336818,2020-09-11T23:30:45,33.90311,-119.57139,7.9,157.9,511.0,ISLAND FOX,,,37,,0,0,,,B
338336818,2020-09-11T23:31:46,33.90102,-119.57037,7.8,159.6,511.0,ISLAND FOX,,,37,,0,0,,,B
338336818,2020-09-11T23:33:17,33.89955,-119.57187,7.2,316.8,511.0,ISLAND FOX,,,37,,0,0,,,B
338336818,2020-09-11T23:35:15,33.90291,-119.57435,7.1,327.2,511.0,ISLAND FOX,,,37,,0,0,,,B
338336818,2020-09-11T23:36:17,33.90460,-119.57572,7.3,327.8,511.0,ISLAND FOX,,,37,,0,0,,,B
338336818,2020-09-11T23:38:46,33.90872,-119.57903,7.1,328.1,511.0,ISLAND FOX,,,37,,0,0,,,B
338336818,2020-09-11T23:40:46,33.91203,-119.58170,7.5,326.8,511.0,ISLAND FOX,,,37,,0,0,,,B
338336818,2020-09-11T23:42:46,33.91544,-119.58441,7.3,326.6,511.0,ISLAND FOX,,,37,,0,0,,,B
338336818,2020-09-12T13:52:03,33.91386,-119.59469,7.3,204.8,511.0,ISLAND FOX,,,37,,0,0,,,B
338336818,2020-09-12T14:03:03,33.89890,-119.60131,7.2,149.2,511.0,ISLAND FOX,,,37,,0,0,,,B
338336818,2020-09-12T14:04:33,33.89627,-119.59952,7.1,150.6,511.0,ISLAND FOX,,,37,,0,0,,,B
338336818,2020-09-12T14:06:02,33.89362,-119.59770,7.3,148.6,511.0,ISLAND FOX,,,37,,0,0,,,B
338336818,2020-09-12T14:07:03,33.89187,-119.59652,7.5,149.2,511.0,ISLAND FOX,,,37,,0,0,,,B
338336818,2020-09-12T14:08:33,33.88922,-119.59464,7.3,149.6,511.0,ISLAND FOX,,,37,,0,0,,,B
338336818,2020-09-12T14:10:02,33.88656,-119.59283,7.3,146.3,511.0,ISLAND FOX,,,37,,0,0,,,B
338336818,2020-09-12T14:11:03,33.88477,-119.59157,7.5,150.3,511.0,ISLAND FOX,,,37,,0,0,,,B
338336818,2020-09-12T14:12:05,33.88290,-119.59050,7.2,180.2,511.0,ISLAND FOX,,,37,,0,0,,,B
338336818,2020-09-12T14:13:35,33.88231,-119.59353,8.4,302.5,511.0,ISLAND FOX,,,37,,0,0,,,B
338336818,2020-09-12T14:15:33,33.88430,-119.59830,8.0,293.1,511.0,ISLAND FOX,,,37,,0,0,,,B
338336818,2020-09-12T15:44:33,33.91758,-119.56062,7.7,119.5,511.0,ISLAND FOX,,,37,,0,0,,,B
338336818,2020-09-12T22:45:03,33.91213,-119.59608,7.8,221.8,511.0,ISLAND FOX,,,37,,0,0,,,B
367299000,2020-09-29T17:39:51,33.88284,-119.59779,14.0,108.5,511.0,CG ALERT,,NZVE,90,0,64,10,,,A
338089000,2020-11-18T00:13:57,33.88461,-119.60076,3.8,34.6,36.0,M/Y MB3,,,37,0,30,7,,,A
338089000,2020-11-18T00:16:07,33.88638,-119.59904,3.8,39.3,35.0,M/Y MB3,,,37,0,30,7,,,A
338089000,2020-11-18T00:17:08,33.88719,-119.59821,3.8,39.4,35.0,M/Y MB3,,,37,0,30,7,,,A
338089000,2020-11-18T00:18:17,33.88813,-119.59727,3.8,38.5,34.0,M/Y MB3,,,37,0,30,7,,,A
338089000,2020-11-18T00:19:27,33.88910,-119.59629,3.7,41.3,34.0,M/Y MB3,,,37,0,30,7,,,A
338089000,2020-11-18T00:20:37,33.89008,-119.59534,3.8,44.4,33.0,M/Y MB3,,,37,0,30,7,,,A
338089000,2020-11-18T00:21:48,33.89102,-119.59440,3.8,34.8,35.0,M/Y MB3,,,37,0,30,7,,,A
338089000,2020-11-18T00:22:57,33.89192,-119.59351,3.4,45.2,35.0,M/Y MB3,,,37,0,30,7,,,A
338089000,2020-11-18T00:24:08,33.89284,-119.59262,3.3,40.1,36.0,M/Y MB3,,,37,0,30,7,,,A
338089000,2020-11-18T00:25:18,33.89367,-119.59176,3.1,41.5,35.0,M/Y MB3,,,37,0,30,7,,,A
338089000,2020-11-18T00:26:26,33.89451,-119.59095,3.2,34.9,33.0,M/Y MB3,,,37,0,30,7,,,A
338089000,2020-11-18T00:27:27,33.89522,-119.59022,3.5,38.8,36.0,M/Y MB3,,,37,0,30,7,,,A
338089000,2020-11-18T00:28:38,33.89607,-119.58938,3.3,42.7,32.0,M/Y MB3,,,37,0,30,7,,,A
338089000,2020-11-18T00:29:41,33.89676,-119.58867,2.7,48.2,38.0,M/Y MB3,,,37,0,30,7,,,A
338089000,2020-11-18T00:30:47,33.89735,-119.58797,2.5,37.2,36.0,M/Y MB3,,,37,0,30,7,,,A
338089000,2020-11-18T00:31:56,33.89794,-119.58736,2.1,51.3,35.0,M/Y MB3,,,37,0,30,7,,,A
338089000,2020-11-18T00:34:08,33.89906,-119.58622,2.4,39.6,35.0,M/Y MB3,,,37,0,30,7,,,A
338089000,2020-11-18T00:35:17,33.89965,-119.58562,2.5,33.5,34.0,M/Y MB3,,,37,0,30,7,,,A
338089000,2020-11-18T00:36:27,33.90026,-119.58505,2.2,42.2,35.0,M/Y MB3,,,37,0,30,7,,,A
338089000,2020-11-18T00:37:37,33.90087,-119.58448,2.2,35.7,35.0,M/Y MB3,,,37,0,30,7,,,A
338089000,2020-11-18T00:38:47,33.90148,-119.58389,2.4,35.9,34.0,M/Y MB3,,,37,0,30,7,,,A
338089000,2020-11-18T00:39:48,33.90202,-119.58339,2.6,34.2,34.0,M/Y MB3,,,37,0,30,7,,,A
338089000,2020-11-18T00:40:57,33.90265,-119.58282,2.5,45.0,35.0,M/Y MB3,,,37,0,30,7,,,A
338089000,2020-11-18T00:42:08,33.90327,-119.58222,2.3,46.7,36.0,M/Y MB3,,,37,0,30,7,,,A
338089000,2020-11-18T00:43:18,33.90388,-119.58166,2.3,41.4,34.0,M/Y MB3,,,37,0,30,7,,,A
338089000,2020-11-18T00:44:27,33.90448,-119.58109,2.5,43.6,35.0,M/Y MB3,,,37,0,30,7,,,A
338089000,2020-11-18T00:45:36,33.90506,-119.58051,2.5,42.1,35.0,M/Y MB3,,,37,0,30,7,,,A
338089000,2020-11-18T00:46:47,33.90564,-119.57992,2.2,40.5,35.0,M/Y MB3,,,37,0,30,7,,,A
338089000,2020-11-18T00:47:56,33.90620,-119.57932,2.3,37.8,35.0,M/Y MB3,,,37,0,30,7,,,A
338089000,2020-11-18T00:48:58,33.90673,-119.57880,2.4,38.1,33.0,M/Y MB3,,,37,0,30,7,,,A
338089000,2020-11-18T00:50:09,33.90729,-119.57826,2.4,44.2,34.0,M/Y MB3,,,37,0,30,7,,,A
338089000,2020-11-18T00:51:18,33.90789,-119.57769,2.5,46.1,34.0,M/Y MB3,,,37,0,30,7,,,A
338089000,2020-11-18T00:52:27,33.90847,-119.57713,2.1,35.5,36.0,M/Y MB3,,,37,0,30,7,,,A
338089000,2020-11-18T00:53:37,33.90904,-119.57655,2.4,36.7,35.0,M/Y MB3,,,37,0,30,7,,,A
338089000,2020-11-18T00:54:48,33.90964,-119.57598,2.3,30.8,33.0,M/Y MB3,,,37,0,30,7,,,A
338089000,2020-11-18T00:55:58,33.91025,-119.57543,2.3,44.1,34.0,M/Y MB3,,,37,0,30,7,,,A
338089000,2020-11-18T00:57:07,33.91082,-119.57489,2.2,30.9,35.0,M/Y MB3,,,37,0,30,7,,,A
338089000,2020-11-18T00:58:18,33.91141,-119.57432,2.3,35.6,35.0,M/Y MB3,,,37,0,30,7,,,A
338089000,2020-11-18T00:59:19,33.91189,-119.57384,2.3,35.7,35.0,M/Y MB3,,,37,0,30,7,,,A
338089000,2020-11-18T01:00:06,33.91231,-119.57345,2.3,37.8,33.0,M/Y MB3,,,37,0,30,7,,,A
338089000,2020-11-18T01:01:18,33.91290,-119.57289,2.5,32.0,36.0,M/Y MB3,,,37,0,30,7,,,A
338089000,2020-11-18T01:02:27,33.91346,-119.57233,2.5,48.6,36.0,M/Y MB3,,,37,0,30,7,,,A
338089000,2020-11-18T01:03:28,33.91397,-119.57182,2.2,41.0,35.0,M/Y MB3,,,37,0,30,7,,,A
338089000,2020-11-18T01:04:37,33.91456,-119.57128,2.3,36.6,33.0,M/Y MB3,,,37,0,30,7,,,A
338089000,2020-11-18T01:05:48,33.91513,-119.57070,2.1,48.0,35.0,M/Y MB3,,,37,0,30,7,,,A
338089000,2020-11-18T01:06:58,33.91567,-119.57012,2.1,47.9,35.0,M/Y MB3,,,37,0,30,7,,,A
338089000,2020-11-18T01:08:08,33.91621,-119.56953,2.1,46.7,36.0,M/Y MB3,,,37,0,30,7,,,A
338089000,2020-11-18T01:09:17,33.91675,-119.56894,2.1,50.6,36.0,M/Y MB3,,,37,0,30,7,,,A
338089000,2020-11-18T01:10:27,33.91729,-119.56836,2.2,39.6,33.0,M/Y MB3,,,37,0,30,7,,,A
338089000,2020-11-18T01:11:38,33.91783,-119.56775,2.2,34.3,34.0,M/Y MB3,,,37,0,30,7,,,A
338089000,2020-11-18T02:57:07,33.91787,-119.59597,2.1,258.5,255.0,M/Y MB3,,,37,0,30,7,,,A
338089000,2020-11-18T02:58:18,33.91766,-119.59674,1.9,249.8,254.0,M/Y MB3,,,37,0,30,7,,,A
338089000,2020-11-18T02:59:28,33.91747,-119.59752,2.0,257.4,255.0,M/Y MB3,,,37,0,30,7,,,A
338089000,2020-11-18T03:00:08,33.91735,-119.59795,2.1,247.5,254.0,M/Y MB3,,,37,0,30,7,,,A
338089000,2020-11-18T03:01:09,33.91720,-119.59860,2.0,260.2,256.0,M/Y MB3,,,37,0,30,7,,,A
338089000,2020-11-18T03:02:18,33.91705,-119.59934,1.9,243.9,255.0,M/Y MB3,,,37,0,30,7,,,A
338089000,2020-11-18T03:03:28,33.91687,-119.60012,2.1,262.8,253.0,M/Y MB3,,,37,0,30,7,,,A
338089000,2020-11-18T03:04:38,33.91668,-119.60088,2.0,250.7,252.0,M/Y MB3,,,37,0,30,7,,,A
338089000,2020-11-20T18:10:38,33.91025,-119.60152,2.3,69.5,66.0,M/Y MB3,,,37,3,30,7,,,A
338089000,2020-11-20T18:12:07,33.91061,-119.60075,1.8,52.6,56.0,M/Y MB3,,,37,3,30,7,,,A
338089000,2020-11-20T18:13:14,33.91091,-119.60006,2.8,74.0,75.0,M/Y MB3,,,37,3,30,7,,,A
338089000,2020-11-20T18:14:27,33.91124,-119.59901,2.6,62.4,64.0,M/Y MB3,,,37,3,30,7,,,A
338089000,2020-11-20T18:15:57,33.91179,-119.59798,2.1,63.1,64.0,M/Y MB3,,,37,3,30,7,,,A
338089000,2020-11-20T18:17:17,33.91214,-119.59709,2.3,73.5,75.0,M/Y MB3,,,37,3,30,7,,,A
338089000,2020-11-20T18:18:27,33.91245,-119.59630,2.3,59.4,67.0,M/Y MB3,,,37,3,30,7,,,A
338089000,2020-11-20T18:20:27,33.91310,-119.59495,2.2,57.2,62.0,M/Y MB3,,,37,3,30,7,,,A
338089000,2020-11-20T18:21:37,33.91343,-119.59416,2.2,64.4,65.0,M/Y MB3,,,37,3,30,7,,,A
338089000,2020-11-20T18:23:14,33.91387,-119.59304,2.4,63.0,68.0,M/Y MB3,,,37,3,30,7,,,A
338089000,2020-11-20T18:24:37,33.91425,-119.59208,2.0,58.6,66.0,M/Y MB3,,,37,3,30,7,,,A
338089000,2020-11-20T18:26:08,33.91463,-119.59103,2.3,65.8,70.0,M/Y MB3,,,37,3,30,7,,,A
338089000,2020-11-20T18:27:37,33.91500,-119.58997,2.3,61.3,71.0,M/Y MB3,,,37,3,30,7,,,A
338089000,2020-11-20T18:28:38,33.91526,-119.58925,2.2,62.8,69.0,M/Y MB3,,,37,3,30,7,,,A
338089000,2020-11-20T18:30:38,33.91577,-119.58782,2.3,65.5,68.0,M/Y MB3,,,37,3,30,7,,,A
338089000,2020-11-20T18:31:48,33.91608,-119.58698,2.3,70.2,66.0,M/Y MB3,,,37,3,30,7,,,A
338089000,2020-11-20T18:33:38,33.91661,-119.58566,2.2,62.5,67.0,M/Y MB3,,,37,3,30,7,,,A
338089000,2020-11-20T18:36:17,33.91731,-119.58381,2.0,73.2,68.0,M/Y MB3,,,37,3,30,7,,,A
338089000,2020-11-20T18:37:38,33.91766,-119.58288,2.2,62.3,65.0,M/Y MB3,,,37,3,30,7,,,A
338089000,2020-11-20T20:42:57,33.91796,-119.57912,1.7,270.1,261.0,M/Y MB3,,,37,3,30,7,,,A
338089000,2020-11-20T20:45:45,33.91787,-119.58069,1.6,267.4,270.0,M/Y MB3,,,37,3,30,7,,,A
338089000,2020-11-20T20:47:00,33.91787,-119.58084,1.7,269.9,272.0,M/Y MB3,,,37,3,30,7,,,A
338089000,2020-11-20T21:05:52,33.91796,-119.59253,1.6,264.9,267.0,M/Y MB3,,,37,3,30,7,,,A
338089000,2020-11-20T21:06:57,33.91794,-119.59318,1.7,266.7,266.0,M/Y MB3,,,37,3,30,7,,,A
338089000,2020-11-20T21:08:07,33.91792,-119.59391,2.0,267.4,268.0,M/Y MB3,,,37,3,30,7,,,A
338089000,2020-11-20T21:09:17,33.91789,-119.59461,1.6,279.4,270.0,M/Y MB3,,,37,3,30,7,,,A
338089000,2020-11-20T21:10:57,33.91787,-119.59562,1.9,250.6,267.0,M/Y MB3,,,37,3,30,7,,,A
338089000,2020-11-20T21:13:07,33.91780,-119.59697,1.7,262.1,266.0,M/Y MB3,,,37,3,30,7,,,A
338089000,2020-11-20T21:14:17,33.91776,-119.59770,1.7,262.9,266.0,M/Y MB3,,,37,3,30,7,,,A
338089000,2020-11-20T21:15:27,33.91771,-119.59845,1.7,262.0,268.0,M/Y MB3,,,37,3,30,7,,,A
338089000,2020-11-20T21:16:38,33.91768,-119.59919,1.9,262.6,265.0,M/Y MB3,,,37,3,30,7,,,A
338089000,2020-11-20T21:17:47,33.91761,-119.59993,1.7,250.2,266.0,M/Y MB3,,,37,3,30,7,,,A
338089000,2020-11-20T21:18:48,33.91755,-119.60056,1.9,253.2,267.0,M/Y MB3,,,37,3,30,7,,,A
338089000,2020-11-21T04:41:28,33.90812,-119.60134,1.6,83.7,74.0,M/Y MB3,,,37,3,30,7,,,A
338089000,2020-11-21T04:43:08,33.90820,-119.60045,1.5,85.0,75.0,M/Y MB3,,,37,3,30,7,,,A
338089000,2020-11-21T04:44:17,33.90825,-119.59985,1.7,83.6,75.0,M/Y MB3,,,37,3,30,7,,,A
338089000,2020-11-21T04:45:57,33.90832,-119.59897,1.8,84.7,75.0,M/Y MB3,,,37,3,30,7,,,A
338089000,2020-11-21T04:47:28,33.90841,-119.59817,1.7,82.2,74.0,M/Y MB3,,,37,3,30,7,,,A
338089000,2020-11-21T04:48:37,33.90844,-119.59758,1.4,84.8,75.0,M/Y MB3,,,37,3,30,7,,,A
338089000,2020-11-21T04:50:48,33.90851,-119.59643,1.3,86.2,74.0,M/Y MB3,,,37,3,30,7,,,A
338089000,2020-11-21T04:54:18,33.90856,-119.59459,1.7,87.9,75.0,M/Y MB3,,,37,3,30,7,,,A
338089000,2020-11-21T04:56:48,33.90861,-119.59330,1.5,86.2,74.0,M/Y MB3,,,37,3,30,7,,,A
338089000,2020-11-21T04:58:48,33.90866,-119.59227,1.4,86.1,74.0,M/Y MB3,,,37,3,30,7,,,A
338089000,2020-11-21T05:00:06,33.90868,-119.59160,1.5,88.1,75.0,M/Y MB3,,,37,3,30,7,,,A
338089000,2020-11-21T05:01:17,33.90869,-119.59099,1.3,88.9,75.0,M/Y MB3,,,37,3,30,7,,,A
338089000,2020-11-21T05:02:18,33.90870,-119.59049,1.6,89.2,75.0,M/Y MB3,,,37,3,30,7,,,A
338089000,2020-11-21T05:03:27,33.90871,-119.58991,1.4,89.8,76.0,M/Y MB3,,,37,3,30,7,,,A
338089000,2020-11-21T05:04:48,33.90870,-119.58924,1.4,91.0,75.0,M/Y MB3,,,37,3,30,7,,,A
338089000,2020-11-21T05:06:08,33.90869,-119.58858,1.4,90.5,74.0,M/Y MB3,,,37,3,30,7,,,A
338089000,2020-11-21T05:07:18,33.90871,-119.58802,1.3,88.7,74.0,M/Y MB3,,,37,3,30,7,,,A
338089000,2020-11-21T05:08:47,33.90874,-119.58727,1.4,85.0,73.0,M/Y MB3,,,37,3,30,7,,,A
338089000,2020-11-21T05:09:58,33.90877,-119.58672,1.6,86.4,75.0,M/Y MB3,,,37,3,30,7,,,A
338089000,2020-11-21T05:11:08,33.90879,-119.58614,1.3,88.0,74.0,M/Y MB3,,,37,3,30,7,,,A
338089000,2020-11-21T05:12:17,33.90880,-119.58560,1.4,88.9,75.0,M/Y MB3,,,37,3,30,7,,,A
338089000,2020-11-21T05:13:28,33.90882,-119.58503,1.3,87.9,75.0,M/Y MB3,,,37,3,30,7,,,A
338089000,2020-11-21T05:14:58,33.90882,-119.58430,1.6,89.7,75.0,M/Y MB3,,,37,3,30,7,,,A
338089000,2020-11-21T05:16:09,33.90883,-119.58376,1.5,89.1,74.0,M/Y MB3,,,37,3,30,7,,,A
338089000,2020-11-21T05:17:58,33.90886,-119.58289,1.4,88.4,75.0,M/Y MB3,,,37,3,30,7,,,A
338089000,2020-11-21T05:19:08,33.90887,-119.58235,1.4,89.1,74.0,M/Y MB3,,,37,3,30,7,,,A
338089000,2020-11-21T05:20:18,33.90887,-119.58179,1.4,90.2,75.0,M/Y MB3,,,37,3,30,7,,,A
338089000,2020-11-21T05:21:28,33.90886,-119.58123,1.7,90.8,75.0,M/Y MB3,,,37,3,30,7,,,A
338089000,2020-11-21T05:22:38,33.90886,-119.58068,1.4,89.9,74.0,M/Y MB3,,,37,3,30,7,,,A
338089000,2020-11-21T05:23:47,33.90887,-119.58012,1.4,89.3,74.0,M/Y MB3,,,37,3,30,7,,,A
338089000,2020-11-21T05:25:47,33.90888,-119.57917,1.3,90.3,76.0,M/Y MB3,,,37,3,30,7,,,A
338089000,2020-11-21T05:27:27,33.90890,-119.57838,1.4,88.9,73.0,M/Y MB3,,,37,3,30,7,,,A
338089000,2020-11-21T05:28:38,33.90892,-119.57780,1.6,87.5,73.0,M/Y MB3,,,37,3,30,7,,,A
338089000,2020-11-21T05:30:18,33.90898,-119.57702,1.3,87.5,75.0,M/Y MB3,,,37,3,30,7,,,A
338089000,2020-11-21T05:31:28,33.90900,-119.57646,1.6,87.7,75.0,M/Y MB3,,,37,3,30,7,,,A
338089000,2020-11-21T05:32:38,33.90902,-119.57591,1.4,86.9,74.0,M/Y MB3,,,37,3,30,7,,,A
338089000,2020-11-21T05:34:37,33.90905,-119.57496,1.5,90.0,75.0,M/Y MB3,,,37,3,30,7,,,A
338089000,2020-11-21T05:36:07,33.90908,-119.57426,1.2,88.9,75.0,M/Y MB3,,,37,3,30,7,,,A
338089000,2020-11-21T05:38:37,33.90914,-119.57307,1.4,85.1,73.0,M/Y MB3,,,37,3,30,7,,,A
338089000,2020-11-21T05:40:37,33.90921,-119.57209,1.6,87.0,76.0,M/Y MB3,,,37,3,30,7,,,A
338089000,2020-11-21T05:43:37,33.90932,-119.57055,1.6,86.7,73.0,M/Y MB3,,,37,3,30,7,,,A
338089000,2020-11-21T05:45:48,33.90934,-119.56938,1.6,88.7,77.0,M/Y MB3,,,37,3,30,7,,,A
338089000,2020-11-21T05:47:58,33.90943,-119.56824,1.6,84.8,74.0,M/Y MB3,,,37,3,30,7,,,A
338089000,2020-11-21T05:49:37,33.90946,-119.56734,1.7,88.1,76.0,M/Y MB3,,,37,3,30,7,,,A
338089000,2020-11-21T05:50:48,33.90949,-119.56668,1.6,88.4,75.0,M/Y MB3,,,37,3,30,7,,,A
338089000,2020-11-21T05:52:28,33.90954,-119.56577,1.6,85.7,73.0,M/Y MB3,,,37,3,30,7,,,A
338089000,2020-11-21T05:53:37,33.90959,-119.56513,1.4,84.9,74.0,M/Y MB3,,,37,3,30,7,,,A
338089000,2020-11-21T05:55:27,33.90968,-119.56415,1.7,85.9,74.0,M/Y MB3,,,37,3,30,7,,,A
338089000,2020-11-21T05:57:27,33.90976,-119.56308,1.4,86.1,75.0,M/Y MB3,,,37,3,30,7,,,A
338089000,2020-11-21T05:59:27,33.90981,-119.56199,1.7,86.8,75.0,M/Y MB3,,,37,3,30,7,,,A
338089000,2020-11-21T06:00:08,33.90983,-119.56161,1.7,85.8,74.0,M/Y MB3,,,37,3,30,7,,,A
338089000,2020-11-21T06:01:18,33.90988,-119.56100,1.5,83.9,74.0,M/Y MB3,,,37,3,30,7,,,A
338089000,2020-11-21T06:02:27,33.90993,-119.56037,1.7,84.3,76.0,M/Y MB3,,,37,3,30,7,,,A
338089000,2020-11-21T06:03:28,33.90997,-119.55983,1.6,85.8,74.0,M/Y MB3,,,37,3,30,7,,,A
338089000,2020-11-21T06:04:38,33.91003,-119.55920,1.6,82.5,74.0,M/Y MB3,,,37,3,30,7,,,A
338089000,2020-11-21T06:05:47,33.91008,-119.55859,1.7,85.2,75.0,M/Y MB3,,,37,3,30,7,,,A
338089000,2020-11-22T14:57:51,33.90880,-119.55915,1.7,297.0,267.0,M/Y MB3,,,37,3,30,7,,,A
338089000,2020-11-22T14:59:52,33.90916,-119.56030,2.0,298.0,268.0,M/Y MB3,,,37,3,30,7,,,A
338089000,2020-11-22T15:00:02,33.90918,-119.56040,2.0,292.9,269.0,M/Y MB3,,,37,3,30,7,,,A
338089000,2020-11-22T15:01:13,33.90942,-119.56110,1.9,291.9,270.0,M/Y MB3,,,37,3,30,7,,,A
338089000,2020-11-22T15:02:23,33.90965,-119.56179,2.0,296.0,269.0,M/Y MB3,,,37,3,30,7,,,A
338089000,2020-11-22T15:03:33,33.90987,-119.56246,1.9,300.1,270.0,M/Y MB3,,,37,3,30,7,,,A
338089000,2020-11-22T15:04:40,33.91010,-119.56308,2.1,305.1,273.0,M/Y MB3,,,37,3,30,7,,,A
338089000,2020-11-22T15:05:42,33.91033,-119.56367,1.9,286.9,269.0,M/Y MB3,,,37,3,30,7,,,A
338089000,2020-11-22T15:06:53,33.91060,-119.56436,1.9,300.1,271.0,M/Y MB3,,,37,3,30,7,,,A
338089000,2020-11-22T15:08:02,33.91084,-119.56506,1.9,293.3,273.0,M/Y MB3,,,37,3,30,7,,,A
338089000,2020-11-22T15:09:04,33.91110,-119.56559,2.1,319.4,275.0,M/Y MB3,,,37,3,30,7,,,A
338089000,2020-11-22T15:10:13,33.91140,-119.56620,1.9,315.5,274.0,M/Y MB3,,,37,3,30,7,,,A
338089000,2020-11-22T15:11:54,33.91180,-119.56713,2.0,295.7,275.0,M/Y MB3,,,37,3,30,7,,,A
338089000,2020-11-22T15:13:04,33.91208,-119.56781,2.1,290.9,273.0,M/Y MB3,,,37,3,30,7,,,A
338089000,2020-11-22T15:14:07,33.91235,-119.56837,1.7,305.9,277.0,M/Y MB3,,,37,3,30,7,,,A
338089000,2020-11-22T15:15:12,33.91263,-119.56896,1.9,289.5,274.0,M/Y MB3,,,37,3,30,7,,,A
338089000,2020-11-22T15:16:54,33.91306,-119.56991,1.9,301.3,274.0,M/Y MB3,,,37,3,30,7,,,A
338089000,2020-11-22T15:18:39,33.91354,-119.57088,1.8,296.4,275.0,M/Y MB3,,,37,3,30,7,,,A
338089000,2020-11-22T15:19:40,33.91381,-119.57143,1.7,309.3,277.0,M/Y MB3,,,37,3,30,7,,,A
338089000,2020-11-22T15:20:43,33.91410,-119.57200,1.9,298.8,274.0,M/Y MB3,,,37,3,30,7,,,A
338089000,2020-11-22T15:22:24,33.91452,-119.57297,2.0,297.4,274.0,M/Y MB3,,,37,3,30,7,,,A
338089000,2020-11-22T15:23:33,33.91482,-119.57361,2.0,295.8,274.0,M/Y MB3,,,37,3,30,7,,,A
338089000,2020-11-22T15:25:43,33.91533,-119.57482,2.1,296.3,272.0,M/Y MB3,,,37,3,30,7,,,A
338089000,2020-11-22T15:26:52,33.91560,-119.57549,2.0,289.5,260.0,M/Y MB3,,,37,3,30,7,,,A
338089000,2020-11-22T15:28:34,33.91578,-119.57641,1.6,283.1,251.0,M/Y MB3,,,37,3,30,7,,,A
338089000,2020-11-22T15:29:52,33.91588,-119.57713,1.5,278.1,248.0,M/Y MB3,,,37,3,30,7,,,A
338089000,2020-11-22T15:32:13,33.91600,-119.57852,1.8,284.4,250.0,M/Y MB3,,,37,3,30,7,,,A
338089000,2020-11-22T15:33:22,33.91607,-119.57920,1.6,282.6,248.0,M/Y MB3,,,37,3,30,7,,,A
338089000,2020-11-22T15:35:13,33.91618,-119.58028,1.6,282.9,251.0,M/Y MB3,,,37,3,30,7,,,A
338089000,2020-11-22T15:36:40,33.91629,-119.58108,1.8,279.3,250.0,M/Y MB3,,,37,3,30,7,,,A
338089000,2020-11-22T15:37:44,33.91639,-119.58170,1.7,281.2,249.0,M/Y MB3,,,37,3,30,7,,,A
338089000,2020-11-22T15:39:44,33.91656,-119.58281,1.6,282.5,250.0,M/Y MB3,,,37,3,30,7,,,A
338089000,2020-11-22T15:40:54,33.91666,-119.58348,2.0,292.8,252.0,M/Y MB3,,,37,3,30,7,,,A
338089000,2020-11-22T15:42:54,33.91687,-119.58462,1.8,288.4,255.0,M/Y MB3,,,37,3,30,7,,,A
338089000,2020-11-22T15:44:20,33.91716,-119.58546,1.8,293.4,267.0,M/Y MB3,,,37,3,30,7,,,A
338089000,2020-11-22T15:45:54,33.91754,-119.58641,2.0,295.0,271.0,M/Y MB3,,,37,3,30,7,,,A
338089000,2020-11-22T22:59:43,33.90364,-119.60105,1.8,82.1,77.0,M/Y MB3,,,37,3,30,7,,,A
338089000,2020-11-22T23:00:03,33.90366,-119.60084,2.0,86.7,77.0,M/Y MB3,,,37,3,30,7,,,A
338089000,2020-11-22T23:02:00,33.90370,-119.60021,2.0,81.3,81.0,M/Y MB3,,,37,3,30,7,,,A
338089000,2020-11-22T23:03:02,33.90378,-119.59887,1.7,86.3,77.0,M/Y MB3,,,37,3,30,7,,,A
338089000,2020-11-22T23:04:03,33.90383,-119.59820,1.8,85.2,81.0,M/Y MB3,,,37,3,30,7,,,A
338089000,2020-11-22T23:05:13,33.90388,-119.59742,1.9,92.8,81.0,M/Y MB3,,,37,3,30,7,,,A
338089000,2020-11-22T23:06:52,33.90397,-119.59633,2.0,82.5,79.0,M/Y MB3,,,37,3,30,7,,,A
338089000,2020-11-22T23:08:03,33.90404,-119.59554,2.1,81.5,81.0,M/Y MB3,,,37,3,30,7,,,A
338089000,2020-11-22T23:09:07,33.90408,-119.59484,2.0,86.6,84.0,M/Y MB3,,,37,3,30,7,,,A
338089000,2020-11-22T23:10:13,33.90410,-119.59410,2.0,87.9,79.0,M/Y MB3,,,37,3,30,7,,,A
338089000,2020-11-22T23:11:45,33.90420,-119.59309,2.1,73.9,81.0,M/Y MB3,,,37,3,30,7,,,A
338089000,2020-11-22T23:12:53,33.90428,-119.59235,2.1,79.1,78.0,M/Y MB3,,,37,3,30,7,,,A
338089000,2020-11-22T23:14:03,33.90436,-119.59160,2.1,85.2,78.0,M/Y MB3,,,37,3,30,7,,,A
338089000,2020-11-22T23:15:13,33.90445,-119.59085,2.1,83.3,82.0,M/Y MB3,,,37,3,30,7,,,A
338089000,2020-11-22T23:17:04,33.90461,-119.58962,1.9,82.2,76.0,M/Y MB3,,,37,3,30,7,,,A
338089000,2020-11-22T23:18:53,33.90478,-119.58844,2.1,85.0,83.0,M/Y MB3,,,37,3,30,7,,,A
338089000,2020-11-22T23:20:04,33.90486,-119.58767,2.1,85.2,82.0,M/Y MB3,,,37,3,30,7,,,A
338089000,2020-11-22T23:21:53,33.90497,-119.58647,1.9,85.2,83.0,M/Y MB3,,,37,3,30,7,,,A
338089000,2020-11-22T23:23:44,33.90509,-119.58524,2.0,87.1,82.0,M/Y MB3,,,37,3,30,7,,,A
338089000,2020-11-22T23:25:44,33.90523,-119.58392,2.0,91.4,84.0,M/Y MB3,,,37,3,30,7,,,A
338089000,2020-11-22T23:27:54,33.90540,-119.58252,2.0,78.8,78.0,M/Y MB3,,,37,3,30,7,,,A
338089000,2020-11-22T23:29:04,33.90546,-119.58176,1.9,80.4,80.0,M/Y MB3,,,37,3,30,7,,,A
338089000,2020-11-22T23:30:43,33.90552,-119.58068,1.9,83.7,86.0,M/Y MB3,,,37,3,30,7,,,A
338089000,2020-11-22T23:31:46,33.90554,-119.58000,1.9,84.7,83.0,M/Y MB3,,,37,3,30,7,,,A
338089000,2020-11-22T23:34:06,33.90565,-119.57847,1.9,88.5,84.0,M/Y MB3,,,37,3,30,7,,,A
338089000,2020-11-22T23:36:20,33.90568,-119.57699,2.0,81.7,88.0,M/Y MB3,,,37,3,30,7,,,A
338089000,2020-11-22T23:37:40,33.90576,-119.57618,1.8,73.1,61.0,M/Y MB3,,,37,3,30,7,,,A
338089000,2020-11-22T23:38:53,33.90591,-119.57546,1.7,79.3,79.0,M/Y MB3,,,37,3,30,7,,,A
338089000,2020-11-22T23:40:46,33.90604,-119.57426,1.9,81.1,76.0,M/Y MB3,,,37,3,30,7,,,A
338089000,2020-11-22T23:41:53,33.90615,-119.57354,2.0,77.4,77.0,M/Y MB3,,,37,3,30,7,,,A
338089000,2020-11-22T23:43:20,33.90629,-119.57261,1.8,79.9,69.0,M/Y MB3,,,37,3,30,7,,,A
338089000,2020-11-22T23:44:34,33.90642,-119.57182,1.9,73.8,76.0,M/Y MB3,,,37,3,30,7,,,A
338089000,2020-11-22T23:46:34,33.90657,-119.57052,2.2,81.6,77.0,M/Y MB3,,,37,3,30,7,,,A
338089000,2020-11-22T23:48:10,33.90665,-119.56946,2.1,83.8,81.0,M/Y MB3,,,37,3,30,7,,,A
338089000,2020-11-22T23:49:40,33.90676,-119.56849,1.8,83.4,76.0,M/Y MB3,,,37,3,30,7,,,A
338089000,2020-11-22T23:51:53,33.90690,-119.56706,2.0,91.3,80.0,M/Y MB3,,,37,3,30,7,,,A
338089000,2020-11-22T23:53:00,33.90696,-119.56635,2.0,81.7,78.0,M/Y MB3,,,37,3,30,7,,,A
338089000,2020-11-22T23:54:06,33.90704,-119.56564,1.9,87.1,79.0,M/Y MB3,,,37,3,30,7,,,A
338089000,2020-11-22T23:57:34,33.90728,-119.56340,1.7,75.3,74.0,M/Y MB3,,,37,3,30,7,,,A
338089000,2020-11-22T23:59:34,33.90743,-119.56210,2.1,80.0,77.0,M/Y MB3,,,37,3,30,7,,,A
338089000,2020-11-23T00:00:00,33.90745,-119.56184,2.0,86.6,78.0,M/Y MB3,,,37,3,30,7,,,A
338089000,2020-11-23T00:01:03,33.90752,-119.56115,2.2,83.1,74.0,M/Y MB3,,,37,3,30,7,,,A
338089000,2020-11-23T00:02:07,33.90757,-119.56046,2.1,81.1,74.0,M/Y MB3,,,37,3,30,7,,,A
338089000,2020-11-23T00:03:13,33.90764,-119.55973,1.9,82.3,75.0,M/Y MB3,,,37,3,30,7,,,A
338089000,2020-11-23T00:04:20,33.90772,-119.55900,2.0,78.9,76.0,M/Y MB3,,,37,3,30,7,,,A
368926530,2020-11-23T00:49:21,33.89653,-119.60087,2.7,76.4,70.0,,,,,0,,,,,A
368926530,2020-11-23T00:50:44,33.89679,-119.59961,2.8,76.9,70.0,,,,,0,,,,,A
368926530,2020-11-23T00:51:45,33.89701,-119.59868,2.8,76.4,69.0,,,,,0,,,,,A
368926530,2020-11-23T00:52:47,33.89721,-119.59776,2.9,75.5,69.0,,,,,0,,,,,A
368926530,2020-11-23T00:54:09,33.89745,-119.59650,2.9,75.2,69.0,,,,,0,,,,,A
368926530,2020-11-23T00:55:11,33.89767,-119.59553,2.9,73.6,70.0,,,,,0,,,,,A
368926530,2020-11-23T00:56:14,33.89787,-119.59457,2.8,76.1,70.0,,,,,0,,,,,A
368926530,2020-11-23T00:57:18,33.89809,-119.59358,2.9,76.4,69.0,,,,,0,,,,,A
368926530,2020-11-23T00:58:35,33.89835,-119.59232,3.0,73.7,70.0,,,,,0,,,,,A
368926530,2020-11-23T00:59:37,33.89856,-119.59136,2.9,76.1,69.0,,,,,0,,,,,A
368926530,2020-11-23T01:00:00,33.89863,-119.59101,2.9,75.8,69.0,,,,,0,,,,,A
368926530,2020-11-23T01:01:01,33.89883,-119.59006,2.9,75.2,70.0,,,,,0,,,,,A
368926530,2020-11-23T01:02:06,33.89903,-119.58904,3.1,76.4,70.0,,,,,0,,,,,A
368926530,2020-11-23T01:03:13,33.89926,-119.58797,2.9,74.8,70.0,,,,,0,,,,,A
368926530,2020-11-23T01:04:24,33.89951,-119.58685,2.9,75.1,69.0,,,,,0,,,,,A
368926530,2020-11-23T01:05:25,33.89969,-119.58592,3.0,73.0,69.0,,,,,0,,,,,A
368926530,2020-11-23T01:06:28,33.89996,-119.58491,3.0,73.1,69.0,,,,,0,,,,,A
368926530,2020-11-23T01:07:37,33.90024,-119.58376,3.0,76.2,69.0,,,,,0,,,,,A
368926530,2020-11-23T01:08:41,33.90045,-119.58274,3.1,74.7,70.0,,,,,0,,,,,A
368926530,2020-11-23T01:09:46,33.90073,-119.58160,3.2,73.2,70.0,,,,,0,,,,,A
368926530,2020-11-23T01:11:07,33.90103,-119.58025,3.1,75.0,69.0,,,,,0,,,,,A
368926530,2020-11-23T01:12:20,33.90129,-119.57907,3.1,73.7,69.0,,,,,0,,,,,A
368926530,2020-11-23T01:13:27,33.90158,-119.57798,3.0,74.4,70.0,,,,,0,,,,,A
368926530,2020-11-23T01:14:32,33.90177,-119.57693,3.0,73.7,70.0,,,,,0,,,,,A
368926530,2020-11-23T01:15:56,33.90214,-119.57553,3.1,74.0,70.0,,,,,0,,,,,A
368926530,2020-11-23T01:17:01,33.90239,-119.57447,3.0,72.8,70.0,,,,,0,,,,,A
368926530,2020-11-23T01:18:37,33.90279,-119.57290,3.0,73.8,70.0,,,,,0,,,,,A
368926530,2020-11-23T01:19:50,33.90306,-119.57171,3.0,73.9,69.0,,,,,0,,,,,A
368926530,2020-11-23T01:21:05,33.90334,-119.57050,3.0,75.4,70.0,,,,,0,,,,,A
368926530,2020-11-23T01:22:07,33.90359,-119.56952,3.1,73.6,69.0,,,,,0,,,,,A
368926530,2020-11-23T01:23:09,33.90385,-119.56850,3.1,74.0,70.0,,,,,0,,,,,A
368926530,2020-11-23T01:24:59,33.90430,-119.56669,3.0,72.7,69.0,,,,,0,,,,,A
368926530,2020-11-23T01:26:01,33.90451,-119.56568,3.0,76.4,69.0,,,,,0,,,,,A
368926530,2020-11-23T01:27:19,33.90481,-119.56444,3.0,73.8,69.0,,,,,0,,,,,A
368926530,2020-11-23T01:28:40,33.90511,-119.56314,3.0,76.0,69.0,,,,,0,,,,,A
368926530,2020-11-23T01:30:21,33.90550,-119.56154,2.9,74.6,73.0,,,,,0,,,,,A
368926530,2020-11-23T01:31:37,33.90566,-119.56034,2.9,79.6,78.0,,,,,0,,,,,A
368926530,2020-11-23T01:33:03,33.90582,-119.55894,2.9,82.8,80.0,,,,,0,,,,,A
368926530,2020-11-23T03:34:27,33.91727,-119.55923,4.2,262.2,262.0,,,,,0,,,,,A
368926530,2020-11-23T03:35:28,33.91710,-119.56062,4.2,259.2,259.0,,,,,0,,,,,A
368926530,2020-11-23T03:37:01,33.91682,-119.56276,4.2,261.8,261.0,,,,,0,,,,,A
368926530,2020-11-23T03:38:16,33.91655,-119.56447,4.1,260.3,262.0,,,,,0,,,,,A
368926530,2020-11-23T03:39:26,33.91633,-119.56609,4.2,259.6,259.0,,,,,0,,,,,A
368926530,2020-11-23T03:40:37,33.91611,-119.56772,4.2,262.4,262.0,,,,,0,,,,,A
368926530,2020-11-23T03:41:42,33.91589,-119.56923,4.3,258.6,260.0,,,,,0,,,,,A
368926530,2020-11-23T03:42:48,33.91569,-119.57075,4.2,260.3,261.0,,,,,0,,,,,A
368926530,2020-11-23T03:43:53,33.91545,-119.57227,4.0,257.6,260.0,,,,,0,,,,,A
368926530,2020-11-23T03:45:32,33.91518,-119.57450,4.1,261.4,260.0,,,,,0,,,,,A
368926530,2020-11-23T03:46:34,33.91496,-119.57589,4.1,258.9,261.0,,,,,0,,,,,A
368926530,2020-11-23T03:47:37,33.91477,-119.57737,4.2,260.1,260.0,,,,,0,,,,,A
368926530,2020-11-23T03:48:47,33.91454,-119.57899,4.3,261.1,261.0,,,,,0,,,,,A
368926530,2020-11-23T03:50:31,33.91407,-119.58141,4.1,250.6,252.0,,,,,0,,,,,A
368926530,2020-11-23T03:51:39,33.91365,-119.58293,4.2,250.4,249.0,,,,,0,,,,,A
368926530,2020-11-23T03:52:42,33.91325,-119.58426,4.2,252.7,253.0,,,,,0,,,,,A
368926530,2020-11-23T03:53:44,33.91286,-119.58566,4.3,251.0,250.0,,,,,0,,,,,A
368926530,2020-11-23T03:54:46,33.91245,-119.58703,4.2,250.1,253.0,,,,,0,,,,,A
368926530,2020-11-23T03:55:48,33.91206,-119.58842,4.3,251.0,250.0,,,,,0,,,,,A
368926530,2020-11-23T03:57:03,33.91158,-119.59010,4.3,251.5,253.0,,,,,0,,,,,A
368926530,2020-11-23T03:58:14,33.91111,-119.59170,4.3,250.4,251.0,,,,,0,,,,,A
368926530,2020-11-23T03:59:23,33.91068,-119.59330,4.3,252.1,251.0,,,,,0,,,,,A
368926530,2020-11-23T04:00:01,33.91041,-119.59416,4.3,249.6,250.0,,,,,0,,,,,A
368926530,2020-11-23T04:01:03,33.91004,-119.59551,4.2,251.2,253.0,,,,,0,,,,,A
368926530,2020-11-23T04:02:09,33.90961,-119.59694,4.2,250.1,251.0,,,,,0,,,,,A
368926530,2020-11-23T04:03:14,33.90922,-119.59846,4.4,252.5,251.0,,,,,0,,,,,A
368926530,2020-11-23T04:04:16,33.90880,-119.59992,4.4,251.0,252.0,,,,,0,,,,,A
368926530,2020-11-23T04:05:20,33.90840,-119.60135,4.3,251.6,251.0,,,,,0,,,,,A
368926530,2020-11-23T06:29:46,33.90696,-119.60037,4.4,73.4,70.0,,,,,0,,,,,A
368926530,2020-11-23T06:31:02,33.90743,-119.59860,4.5,74.3,71.0,,,,,0,,,,,A
368926530,2020-11-23T06:32:55,33.90807,-119.59593,4.3,74.4,73.0,,,,,0,,,,,A
368926530,2020-11-23T06:34:01,33.90843,-119.59444,4.2,73.1,71.0,,,,,0,,,,,A
368926530,2020-11-23T06:35:36,33.90893,-119.59228,4.2,73.4,71.0,,,,,0,,,,,A
368926530,2020-11-23T06:36:57,33.90938,-119.59041,4.4,73.3,70.0,,,,,0,,,,,A
368926530,2020-11-23T06:38:10,33.90978,-119.58875,4.4,73.8,72.0,,,,,0,,,,,A
368926530,2020-11-23T06:39:37,33.91028,-119.58672,4.4,73.7,72.0,,,,,0,,,,,A
368926530,2020-11-23T06:40:44,33.91067,-119.58513,4.3,73.1,71.0,,,,,0,,,,,A
368926530,2020-11-23T06:41:58,33.91108,-119.58346,4.2,74.5,72.0,,,,,0,,,,,A
368926530,2020-11-23T06:43:00,33.91138,-119.58207,4.2,73.6,71.0,,,,,0,,,,,A
368926530,2020-11-23T06:44:08,33.91177,-119.58050,4.2,75.1,73.0,,,,,0,,,,,A
368926530,2020-11-23T06:45:17,33.91213,-119.57891,4.2,73.6,71.0,,,,,0,,,,,A
368926530,2020-11-23T06:46:18,33.91248,-119.57753,4.3,74.2,72.0,,,,,0,,,,,A
368926530,2020-11-23T06:47:21,33.91283,-119.57608,4.5,72.5,71.0,,,,,0,,,,,A
368926530,2020-11-23T06:48:52,33.91334,-119.57393,4.5,73.7,70.0,,,,,0,,,,,A
368926530,2020-11-23T06:50:24,33.91389,-119.57180,4.4,73.7,72.0,,,,,0,,,,,A
368926530,2020-11-23T06:51:27,33.91425,-119.57035,4.3,72.6,71.0,,,,,0,,,,,A
368926530,2020-11-23T06:52:35,33.91462,-119.56876,4.3,74.1,73.0,,,,,0,,,,,A
368926530,2020-11-23T06:54:00,33.91512,-119.56684,4.3,72.3,71.0,,,,,0,,,,,A
368926530,2020-11-23T06:55:07,33.91550,-119.56531,4.4,72.4,71.0,,,,,0,,,,,A
368926530,2020-11-23T06:56:18,33.91594,-119.56362,4.4,72.8,71.0,,,,,0,,,,,A
368926530,2020-11-23T06:57:22,33.91632,-119.56215,4.3,73.1,71.0,,,,,0,,,,,A
368926530,2020-11-23T06:58:51,33.91686,-119.56012,4.3,72.8,71.0,,,,,0,,,,,A
368926530,2020-11-23T06:59:53,33.91724,-119.55868,4.3,73.9,74.0,,,,,0,,,,,A
368926530,2020-11-23T07:00:01,33.91728,-119.55849,4.3,74.5,74.0,,,,,0,,,,,A
368926530,2020-11-23T09:16:09,33.91743,-119.59384,4.8,243.5,242.0,,,,,0,,,,,A
368926530,2020-11-23T09:17:30,33.91656,-119.59574,4.9,240.2,240.0,,,,,0,,,,,A
368926530,2020-11-23T09:18:31,33.91591,-119.59720,4.8,242.6,241.0,,,,,0,,,,,A
368926530,2020-11-23T09:19:48,33.91506,-119.59903,4.8,238.4,238.0,,,,,0,,,,,A
368926530,2020-11-23T09:21:03,33.91426,-119.60078,4.8,242.2,240.0,,,,,0,,,,,A
368926530,2020-11-25T12:42:27,33.91558,-119.59528,20.0,72.7,72.0,,,,,0,,,,,A
379867543,2020-01-25T22:08:15,33.91273,-119.56188,0.2,352.6,223.0,RSC 1,,,35,0,36,10,2.5,39,A
379867543,2020-01-25T18:14:45,33.88906,-119.56444,0.4,319.8,312.0,RSC 1,,,35,0,36,10,2.5,35,A
379867543,2020-01-25T18:15:46,33.88917,-119.56453,0.5,319.2,313.0,RSC 1,,,35,0,36,10,2.5,35,A
379867543,2020-01-25T18:16:54,33.88928,-119.56466,0.5,320.6,308.0,RSC 1,,,35,0,36,10,2.5,35,A
379867543,2020-01-25T18:18:06,33.88940,-119.56479,0.5,320.0,297.0,RSC 1,,,35,0,36,10,2.5,35,A
379867543,2020-01-25T18:20:24,33.88964,-119.56496,0.5,328.6,298.0,RSC 1,,,35,0,36,10,2.5,35,A
379867543,2020-01-25T20:28:15,33.90605,-119.56767,0.5,350.7,303.0,RSC 1,,,35,0,36,10,2.5,39,A
379867543,2020-01-25T20:46:35,33.90840,-119.56732,0.5,9.7,310.0,RSC 1,,,35,0,36,10,2.5,39,A
379867543,2020-01-25T21:48:34,33.91513,-119.56410,0.5,24.7,305.0,RSC 1,,,35,0,36,10,2.5,35,A
379867543,2020-01-25T21:50:14,33.91533,-119.56395,0.5,34.0,321.0,RSC 1,,,35,0,36,10,2.5,35,A
379867543,2020-01-25T21:51:24,33.91545,-119.56383,0.5,38.5,333.0,RSC 1,,,35,0,36,10,2.5,35,A
379867543,2020-01-25T21:52:28,33.91556,-119.56378,0.5,13.7,312.0,RSC 1,,,35,0,36,10,2.5,35,A
379867543,2020-01-25T17:52:04,33.88736,-119.56258,0.6,256.9,225.0,RSC 1,,,35,0,36,10,2.5,35,A
379867543,2020-01-25T17:54:04,33.88733,-119.56291,0.5,276.7,218.0,RSC 1,,,35,0,36,10,2.5,35,A
379867543,2020-01-25T17:55:15,33.88737,-119.56306,0.4,295.5,220.0,RSC 1,,,35,0,36,10,2.5,35,A
379867543,2020-01-25T17:57:04,33.88749,-119.56326,0.4,316.0,228.0,RSC 1,,,35,0,36,10,2.5,35,A
379867543,2020-01-25T17:58:15,33.88761,-119.56334,0.4,327.0,231.0,RSC 1,,,35,0,36,10,2.5,35,A
379867543,2020-01-25T17:59:25,33.88774,-119.56341,0.4,331.5,247.0,RSC 1,,,35,0,36,10,2.5,35,A
379867543,2020-01-25T18:00:06,33.88782,-119.56345,0.5,334.1,256.0,RSC 1,,,35,0,36,10,2.5,35,A
379867543,2020-01-25T18:01:14,33.88794,-119.56349,0.4,342.5,265.0,RSC 1,,,35,0,36,10,2.5,35,A
379867543,2020-01-25T19:02:26,33.89260,-119.56644,0.3,8.0,336.0,RSC 1,,,35,0,36,10,2.5,39,A
379867543,2020-01-25T19:31:55,33.89857,-119.56711,1.0,5.4,25.0,RSC 1,,,35,0,36,10,2.5,39,A
379867543,2020-01-25T22:25:56,33.91548,-119.56076,0.6,13.6,152.0,RSC 1,,,35,0,36,10,2.5,39,A
379867543,2020-01-25T22:28:34,33.91593,-119.56060,0.6,16.6,147.0,RSC 1,,,35,0,36,10,2.5,39,A
379867543,2020-01-25T22:30:34,33.91608,-119.56036,1.3,127.7,135.0,RSC 1,,,35,0,36,10,2.5,39,A
379867543,2020-01-25T22:31:44,33.91690,-119.55880,7.0,45.8,48.0,RSC 1,,,35,0,36,10,2.5,39,A
367308610,2020-07-15T04:02:21,33.89163,-119.56000,4.6,252.8,254.0,SARAH C,,WDD9226,31,0,19,6,,32,A
367308610,2020-07-15T04:03:32,33.89095,-119.56161,4.7,238.2,236.0,SARAH C,,WDD9226,31,0,19,6,,32,A
367308610,2020-07-15T04:04:42,33.88994,-119.56301,5.1,224.2,221.0,SARAH C,,WDD9226,31,0,19,6,,32,A
367308610,2020-07-15T04:05:50,33.88866,-119.56410,4.9,211.5,212.0,SARAH C,,WDD9226,31,0,19,6,,32,A
367308610,2020-07-15T04:06:51,33.88752,-119.56481,4.9,203.2,202.0,SARAH C,,WDD9226,31,0,19,6,,32,A
367308610,2020-07-15T04:07:58,33.88611,-119.56519,4.9,183.9,179.0,SARAH C,,WDD9226,31,0,19,6,,32,A
367308610,2020-07-15T04:09:00,33.88468,-119.56489,5.1,159.6,160.0,SARAH C,,WDD9226,31,0,19,6,,32,A
367308610,2020-07-15T04:10:32,33.88273,-119.56383,5.0,149.0,148.0,SARAH C,,WDD9226,31,0,19,6,,32,A
379867543,2020-01-25T19:47:45,33.90106,-119.56758,0.4,2.4,326.0,RSC 1,,,35,0,36,10,2.5,35,A
379867543,2020-01-25T19:49:45,33.90125,-119.56756,0.4,7.0,326.0,RSC 1,,,35,0,36,10,2.5,35,A
379867543,2020-01-25T19:51:05,33.90139,-119.56756,0.4,9.7,326.0,RSC 1,,,35,0,36,10,2.5,35,A
379867543,2020-01-25T17:45:15,33.89004,-119.55888,3.7,223.5,220.0,RSC 1,,,35,0,36,10,2.5,35,A
379867543,2020-01-25T17:46:24,33.88922,-119.55985,3.6,225.0,222.0,RSC 1,,,35,0,36,10,2.5,35,A
379867543,2020-01-25T17:47:44,33.88828,-119.56093,3.4,224.0,221.0,RSC 1,,,35,0,36,10,2.5,35,A
379867543,2020-01-25T17:49:04,33.88772,-119.56170,1.9,233.6,228.0,RSC 1,,,35,0,36,10,2.5,35,A
379867543,2020-01-25T18:24:14,33.89000,-119.56518,0.3,334.9,314.0,RSC 1,,,35,0,36,10,2.5,35,A
379867543,2020-01-25T18:25:24,33.89008,-119.56523,0.3,348.5,321.0,RSC 1,,,35,0,36,10,2.5,35,A
379867543,2020-01-25T18:47:04,33.89159,-119.56608,0.2,329.8,329.0,RSC 1,,,35,0,36,10,2.5,39,A
379867543,2020-01-25T19:03:34,33.89267,-119.56645,0.3,338.7,341.0,RSC 1,,,35,0,36,10,2.5,35,A
379867543,2020-01-25T19:04:44,33.89276,-119.56647,0.3,344.4,343.0,RSC 1,,,35,0,36,10,2.5,35,A
379867543,2020-01-25T19:05:45,33.89284,-119.56650,0.3,333.3,341.0,RSC 1,,,35,0,36,10,2.5,35,A
379867543,2020-01-25T19:06:55,33.89294,-119.56653,0.3,341.2,334.0,RSC 1,,,35,0,36,10,2.5,35,A
379867543,2020-01-25T19:33:06,33.89887,-119.56710,0.9,2.3,25.0,RSC 1,,,35,0,36,10,2.5,35,A
379867543,2020-01-25T19:34:16,33.89913,-119.56709,0.8,359.2,19.0,RSC 1,,,35,0,36,10,2.5,35,A
379867543,2020-01-25T19:35:25,33.89938,-119.56712,0.8,349.9,12.0,RSC 1,,,35,0,36,10,2.5,35,A
379867543,2020-01-25T19:38:01,33.89988,-119.56728,0.7,331.6,337.0,RSC 1,,,35,0,36,10,2.5,35,A
379867543,2020-01-25T19:39:25,33.90009,-119.56741,0.5,327.6,316.0,RSC 1,,,35,0,36,10,2.5,35,A
379867543,2020-01-25T21:15:05,33.91132,-119.56618,0.3,12.0,306.0,RSC 1,,,35,0,36,10,2.5,39,A
379867543,2020-01-25T21:16:14,33.91145,-119.56611,0.4,24.7,303.0,RSC 1,,,35,0,36,10,2.5,39,A
379867543,2020-01-25T21:17:25,33.91157,-119.56602,0.4,23.2,302.0,RSC 1,,,35,0,36,10,2.5,39,A
379867543,2020-01-25T21:19:15,33.91179,-119.56591,0.5,24.0,303.0,RSC 1,,,35,0,36,10,2.5,39,A
379867543,2020-01-25T21:20:55,33.91199,-119.56579,0.5,31.4,319.0,RSC 1,,,35,0,36,10,2.5,39,A
379867543,2020-01-25T21:35:44,33.91355,-119.56486,0.4,22.5,332.0,RSC 1,,,35,0,36,10,2.5,35,A
379867543,2020-01-25T21:37:25,33.91377,-119.56475,0.5,17.3,337.0,RSC 1,,,35,0,36,10,2.5,35,A
379867543,2020-01-25T17:50:24,33.88749,-119.56218,1.0,243.1,231.0,RSC 1,,,35,0,36,10,2.5,39,A
379867543,2020-01-25T18:28:15,33.89027,-119.56536,0.3,322.9,330.0,RSC 1,,,35,0,36,10,2.5,39,A
379867543,2020-01-25T18:48:25,33.89169,-119.56612,0.3,331.9,325.0,RSC 1,,,35,0,36,10,2.5,35,A
379867543,2020-01-25T18:49:35,33.89177,-119.56615,0.3,343.8,327.0,RSC 1,,,35,0,36,10,2.5,35,A
379867543,2020-01-25T18:52:34,33.89198,-119.56627,0.3,350.2,326.0,RSC 1,,,35,0,36,10,2.5,35,A
379867543,2020-01-25T19:08:05,33.89301,-119.56657,0.3,351.5,323.0,RSC 1,,,35,0,36,10,2.5,39,A
379867543,2020-01-25T19:09:25,33.89311,-119.56660,0.2,353.2,323.0,RSC 1,,,35,0,36,10,2.5,39,A
379867543,2020-01-25T19:10:55,33.89322,-119.56662,0.3,332.9,322.0,RSC 1,,,35,0,36,10,2.5,39,A
379867543,2020-01-25T19:12:04,33.89332,-119.56664,0.3,358.9,326.0,RSC 1,,,35,0,36,10,2.5,39,A
379867543,2020-01-25T19:14:04,33.89349,-119.56668,0.3,338.8,318.0,RSC 1,,,35,0,36,10,2.5,39,A
379867543,2020-01-25T20:35:24,33.90697,-119.56754,0.4,2.9,312.0,RSC 1,,,35,0,36,10,2.5,39,A
379867543,2020-01-25T20:36:55,33.90715,-119.56752,0.4,7.1,310.0,RSC 1,,,35,0,36,10,2.5,39,A
379867543,2020-01-25T20:38:04,33.90730,-119.56750,0.4,4.9,313.0,RSC 1,,,35,0,36,10,2.5,39,A
379867543,2020-01-25T20:39:14,33.90747,-119.56745,0.5,8.7,323.0,RSC 1,,,35,0,36,10,2.5,39,A
338776000,2020-06-19T19:01:51,33.88345,-119.56791,8.7,32.0,511.0,HORIZON,,WDH3298,60,0,21,7,,,A
338776000,2020-06-19T19:03:01,33.88584,-119.56615,8.8,31.4,511.0,HORIZON,,WDH3298,60,0,21,7,,,A
338776000,2020-06-19T19:04:11,33.88826,-119.56437,8.6,31.4,511.0,HORIZON,,WDH3298,60,0,21,7,,,A
338776000,2020-06-19T19:05:21,33.89066,-119.56257,8.9,29.1,511.0,HORIZON,,WDH3298,60,0,21,7,,,A
338776000,2020-06-19T19:06:42,33.89343,-119.56053,8.9,32.8,511.0,HORIZON,,WDH3298,60,0,21,7,,,A
338776000,2020-06-19T19:08:01,33.89410,-119.56003,8.5,31.4,511.0,HORIZON,,WDH3298,60,0,21,7,,,A
379867543,2020-01-25T18:42:35,33.89126,-119.56590,0.3,337.3,347.0,RSC 1,,,35,0,36,10,2.5,35,A
379867543,2020-01-25T18:43:45,33.89135,-119.56594,0.3,342.1,345.0,RSC 1,,,35,0,36,10,2.5,35,A
379867543,2020-01-25T19:23:25,33.89433,-119.56684,0.3,333.8,329.0,RSC 1,,,35,0,36,10,2.5,35,A
379867543,2020-01-25T19:24:34,33.89443,-119.56686,0.4,340.5,333.0,RSC 1,,,35,0,36,10,2.5,35,A
379867543,2020-01-25T19:26:58,33.89606,-119.56735,3.3,356.4,19.0,RSC 1,,,35,0,36,10,2.5,35,A
379867543,2020-01-25T19:59:34,33.90242,-119.56760,0.5,0.8,293.0,RSC 1,,,35,0,36,10,2.5,39,A
379867543,2020-01-25T20:14:55,33.90431,-119.56772,0.4,352.1,327.0,RSC 1,,,35,0,36,10,2.5,35,A
379867543,2020-01-25T20:16:04,33.90444,-119.56770,0.4,353.5,328.0,RSC 1,,,35,0,36,10,2.5,35,A
379867543,2020-01-25T20:17:15,33.90459,-119.56770,0.4,3.0,321.0,RSC 1,,,35,0,36,10,2.5,35,A
379867543,2020-01-25T20:19:15,33.90484,-119.56769,0.5,3.2,319.0,RSC 1,,,35,0,36,10,2.5,35,A
379867543,2020-01-25T21:09:44,33.91077,-119.56640,0.4,19.5,330.0,RSC 1,,,35,0,36,10,2.5,35,A
379867543,2020-01-25T21:10:55,33.91090,-119.56636,0.4,10.9,327.0,RSC 1,,,35,0,36,10,2.5,35,A
379867543,2020-01-25T21:12:15,33.91105,-119.56631,0.4,21.0,328.0,RSC 1,,,35,0,36,10,2.5,35,A
379867543,2020-01-25T21:13:55,33.91120,-119.56623,0.3,19.2,316.0,RSC 1,,,35,0,36,10,2.5,35,A
379867543,2020-01-25T22:09:26,33.91283,-119.56186,0.3,10.3,221.0,RSC 1,,,35,0,36,10,2.5,35,A
379867543,2020-01-25T22:11:05,33.91300,-119.56178,0.4,17.7,209.0,RSC 1,,,35,0,36,10,2.5,35,A
379867543,2020-01-25T22:12:15,33.91317,-119.56169,0.6,31.8,202.0,RSC 1,,,35,0,36,10,2.5,35,A
379867543,2020-01-25T22:13:25,33.91335,-119.56158,0.7,27.4,185.0,RSC 1,,,35,0,36,10,2.5,35,A
367621160,2020-06-28T08:45:42,33.91657,-119.56287,10.0,101.6,511.0,FREEDOM,,WDH4766,60,0,24,7,,,A
379867543,2020-01-25T18:09:55,33.88862,-119.56406,0.4,319.3,310.0,RSC 1,,,35,0,36,10,2.5,35,A
379867543,2020-01-25T18:11:44,33.88876,-119.56421,0.4,321.7,308.0,RSC 1,,,35,0,36,10,2.5,35,A
379867543,2020-01-25T18:13:35,33.88893,-119.56436,0.5,320.2,308.0,RSC 1,,,35,0,36,10,2.5,35,A
379867543,2020-01-25T18:30:55,33.89046,-119.56549,0.3,330.8,334.0,RSC 1,,,35,0,36,10,2.5,35,A
379867543,2020-01-25T18:32:15,33.89056,-119.56555,0.3,332.0,332.0,RSC 1,,,35,0,36,10,2.5,35,A
379867543,2020-01-25T18:33:25,33.89063,-119.56563,0.4,302.2,326.0,RSC 1,,,35,0,36,10,2.5,35,A
379867543,2020-01-25T20:43:05,33.90797,-119.56740,0.4,6.7,318.0,RSC 1,,,35,0,36,10,2.5,35,A
379867543,2020-01-25T20:45:05,33.90821,-119.56735,0.4,12.0,315.0,RSC 1,,,35,0,36,10,2.5,35,A
379867543,2020-01-25T21:42:55,33.91447,-119.56442,0.4,28.3,329.0,RSC 1,,,35,0,36,10,2.5,35,A
379867543,2020-01-25T21:45:45,33.91480,-119.56425,0.6,24.7,319.0,RSC 1,,,35,0,36,10,2.5,35,A
379867543,2020-01-25T18:02:26,33.88807,-119.56355,0.4,340.0,275.0,RSC 1,,,35,0,36,10,2.5,39,A
379867543,2020-01-25T20:23:34,33.90541,-119.56766,0.5,357.0,318.0,RSC 1,,,35,0,36,10,2.5,35,A
379867543,2020-01-25T20:24:45,33.90557,-119.56765,0.6,3.9,315.0,RSC 1,,,35,0,36,10,2.5,35,A
379867543,2020-01-25T20:27:05,33.90590,-119.56766,0.5,359.9,309.0,RSC 1,,,35,0,36,10,2.5,35,A
379867543,2020-01-25T20:30:15,33.90633,-119.56765,0.5,2.4,297.0,RSC 1,,,35,0,36,10,2.5,35,A
379867543,2020-01-25T20:32:55,33.90669,-119.56759,0.5,12.6,311.0,RSC 1,,,35,0,36,10,2.5,35,A
379867543,2020-01-25T20:50:05,33.90880,-119.56726,0.4,11.9,304.0,RSC 1,,,35,0,36,10,2.5,35,A
379867543,2020-01-25T20:51:45,33.90900,-119.56718,0.4,14.8,312.0,RSC 1,,,35,0,36,10,2.5,35,A
379867543,2020-01-25T21:02:34,33.91002,-119.56671,0.3,11.6,335.0,RSC 1,,,35,0,36,10,2.5,39,A
379867543,2020-01-25T21:22:15,33.91214,-119.56570,0.4,23.2,329.0,RSC 1,,,35,0,36,10,2.5,35,A
379867543,2020-01-25T21:23:34,33.91227,-119.56565,0.3,10.0,326.0,RSC 1,,,35,0,36,10,2.5,35,A
379867543,2020-01-25T21:25:15,33.91243,-119.56558,0.3,4.8,329.0,RSC 1,,,35,0,36,10,2.5,35,A
379867543,2020-01-25T21:46:54,33.91493,-119.56420,0.5,20.8,315.0,RSC 1,,,35,0,36,10,2.5,39,A
338188519,2020-07-12T19:30:18,33.91491,-119.60023,6.3,38.9,37.0,SHARON G,,,30,,18,,,,B
338188519,2020-07-12T19:32:17,33.91774,-119.59768,6.3,40.4,35.0,SHARON G,,,30,,18,,,,B
338188519,2020-07-12T20:47:47,33.91759,-119.57204,7.4,97.7,97.0,SHARON G,,,30,,18,,,,B
338188519,2020-07-12T20:49:17,33.91697,-119.56851,7.2,103.2,102.0,SHARON G,,,30,,18,,,,B
338188519,2020-07-12T20:50:49,33.91629,-119.56493,7.3,100.0,99.0,SHARON G,,,30,,18,,,,B
338188519,2020-07-12T20:52:18,33.91564,-119.56144,7.1,102.2,100.0,SHARON G,,,30,,18,,,,B
338188519,2020-09-06T21:59:14,33.91767,-119.56571,7.5,252.9,249.0,SHARON G,,,30,,18,,,,B
338188519,2020-09-06T22:00:16,33.91700,-119.56816,7.3,254.1,250.0,SHARON G,,,30,,18,,,,B
338188519,2020-09-06T22:02:45,33.91539,-119.57399,7.7,249.0,249.0,SHARON G,,,30,,18,,,,B
338188519,2020-09-06T22:05:14,33.91366,-119.57992,8.0,249.3,249.0,SHARON G,,,30,,18,,,,B
338188519,2020-09-06T22:06:15,33.91296,-119.58239,7.9,250.1,248.0,SHARON G,,,30,,18,,,,B
338188519,2020-09-06T22:07:44,33.91188,-119.58597,7.6,250.3,249.0,SHARON G,,,30,,18,,,,B
338188519,2020-09-06T22:09:14,33.91080,-119.58958,7.5,247.5,248.0,SHARON G,,,30,,18,,,,B
338188519,2020-09-06T22:10:46,33.90966,-119.59327,7.7,250.2,248.0,SHARON G,,,30,,18,,,,B
338188519,2020-09-06T22:12:15,33.90855,-119.59689,8.1,246.1,248.0,SHARON G,,,30,,18,,,,B
338188519,2020-09-06T22:13:17,33.90778,-119.59939,7.2,253.3,250.0,SHARON G,,,30,,18,,,,B
338188519,2020-09-22T18:39:34,33.90317,-119.56195,9.0,307.1,305.0,SHARON G,,,30,,18,,,,B
338188519,2020-09-22T18:43:34,33.90843,-119.57166,8.6,299.4,303.0,SHARON G,,,30,,18,,,,B
338188519,2020-09-22T18:44:35,33.90972,-119.57421,8.8,302.6,306.0,SHARON G,,,30,,18,,,,B
338188519,2020-09-22T18:46:05,33.91166,-119.57796,8.8,300.7,305.0,SHARON G,,,30,,18,,,,B
338188519,2020-09-22T18:47:35,33.91361,-119.58171,8.8,300.6,305.0,SHARON G,,,30,,18,,,,B
338188519,2020-09-22T18:49:35,33.91620,-119.58663,8.6,302.2,304.0,SHARON G,,,30,,18,,,,B
338188519,2020-09-22T21:18:35,33.91519,-119.56883,8.3,185.1,185.0,SHARON G,,,30,,18,,,,B
338188519,2020-09-22T21:24:35,33.91025,-119.58207,8.1,263.4,261.0,SHARON G,,,30,,18,,,,B
338188519,2020-09-22T21:28:38,33.90850,-119.59354,8.9,260.7,259.0,SHARON G,,,30,,18,,,,B
338188519,2020-09-26T20:00:55,33.90687,-119.56131,8.3,45.2,47.0,SHARON G,,,30,,18,,,,B
338188519,2020-09-26T20:02:25,33.90933,-119.55838,8.1,42.0,46.0,SHARON G,,,30,,18,,,,B
379867543,2020-01-25T18:03:35,33.88818,-119.56362,0.4,332.3,282.0,RSC 1,,,35,0,36,10,2.5,35,A
379867543,2020-01-25T18:04:44,33.88826,-119.56367,0.3,325.7,290.0,RSC 1,,,35,0,36,10,2.5,35,A
379867543,2020-01-25T18:05:55,33.88835,-119.56375,0.3,319.5,302.0,RSC 1,,,35,0,36,10,2.5,35,A
379867543,2020-01-25T18:07:04,33.88843,-119.56383,0.3,319.8,311.0,RSC 1,,,35,0,36,10,2.5,35,A
338955000,2020-09-16T05:42:08,33.91683,-119.58421,7.1,231.9,234.0,INDEPENDENCE,IMO8507016,KBGR,70,0,55,12,4.1,,A
338955000,2020-09-16T05:43:57,33.91455,-119.58754,6.9,230.9,234.0,INDEPENDENCE,IMO8507016,KBGR,70,0,55,12,4.1,,A
338955000,2020-09-16T05:45:57,33.91200,-119.59121,7.2,228.7,233.0,INDEPENDENCE,IMO8507016,KBGR,70,0,55,12,4.1,,A
338955000,2020-09-16T05:47:08,33.91049,-119.59338,7.2,228.8,233.0,INDEPENDENCE,IMO8507016,KBGR,70,0,55,12,4.1,,A
338955000,2020-09-16T05:48:48,33.90839,-119.59647,7.1,229.8,234.0,INDEPENDENCE,IMO8507016,KBGR,70,0,55,12,4.1,,A
338955000,2020-09-16T05:49:57,33.90694,-119.59863,7.2,229.1,233.0,INDEPENDENCE,IMO8507016,KBGR,70,0,55,12,4.1,,A
379867543,2020-01-25T18:08:24,33.88852,-119.56393,0.4,316.1,315.0,RSC 1,,,35,0,36,10,2.5,39,A
379867543,2020-01-25T18:34:55,33.89074,-119.56568,0.3,334.8,312.0,RSC 1,,,35,0,36,10,2.5,35,A
379867543,2020-01-25T18:36:45,33.89087,-119.56574,0.3,347.2,315.0,RSC 1,,,35,0,36,10,2.5,35,A
379867543,2020-01-25T18:39:24,33.89105,-119.56580,0.3,344.2,337.0,RSC 1,,,35,0,36,10,2.5,35,A
379867543,2020-01-25T18:54:34,33.89212,-119.56633,0.3,317.6,328.0,RSC 1,,,35,0,36,10,2.5,35,A
379867543,2020-01-25T18:56:14,33.89222,-119.56633,0.3,6.3,336.0,RSC 1,,,35,0,36,10,2.5,35,A
379867543,2020-01-25T18:57:34,33.89230,-119.56635,0.2,353.7,342.0,RSC 1,,,35,0,36,10,2.5,35,A
379867543,2020-01-25T21:26:25,33.91255,-119.56556,0.3,2.3,321.0,RSC 1,,,35,0,36,10,2.5,39,A
379867543,2020-01-25T21:28:15,33.91274,-119.56547,0.4,25.6,309.0,RSC 1,,,35,0,36,10,2.5,39,A
379867543,2020-01-25T21:30:15,33.91295,-119.56530,0.4,31.6,318.0,RSC 1,,,35,0,36,10,2.5,39,A
379867543,2020-01-25T21:31:24,33.91307,-119.56520,0.4,35.3,318.0,RSC 1,,,35,0,36,10,2.5,39,A
379867543,2020-01-25T21:34:15,33.91337,-119.56497,0.4,26.4,324.0,RSC 1,,,35,0,36,10,2.5,39,A
379867543,2020-01-25T22:24:45,33.91528,-119.56083,0.7,16.1,152.0,RSC 1,,,35,0,36,10,2.5,39,A
379867543,2020-01-25T18:21:54,33.88978,-119.56506,0.5,342.1,304.0,RSC 1,,,35,0,36,10,2.5,39,A
379867543,2020-01-25T19:43:05,33.90053,-119.56757,0.4,352.3,304.0,RSC 1,,,35,0,36,10,2.5,35,A
379867543,2020-01-25T19:45:05,33.90077,-119.56757,0.5,9.4,323.0,RSC 1,,,35,0,36,10,2.5,35,A
379867543,2020-01-25T20:55:24,33.90939,-119.56703,0.4,22.6,319.0,RSC 1,,,35,0,36,10,2.5,35,A
379867543,2020-01-25T20:56:34,33.90948,-119.56697,0.3,27.5,321.0,RSC 1,,,35,0,36,10,2.5,35,A
379867543,2020-01-25T20:58:34,33.90966,-119.56686,0.3,22.7,332.0,RSC 1,,,35,0,36,10,2.5,35,A
379867543,2020-01-25T20:59:46,33.90977,-119.56681,0.4,21.4,333.0,RSC 1,,,35,0,36,10,2.5,35,A
379867543,2020-01-25T21:00:04,33.90980,-119.56680,0.3,13.7,333.0,RSC 1,,,35,0,36,10,2.5,35,A
379867543,2020-01-25T21:01:14,33.90990,-119.56674,0.4,25.9,333.0,RSC 1,,,35,0,36,10,2.5,35,A
379867543,2020-01-25T21:54:55,33.91572,-119.56399,0.3,320.6,221.0,RSC 1,,,35,0,36,10,2.5,35,A
379867543,2020-01-25T21:56:05,33.91581,-119.56403,0.3,353.9,197.0,RSC 1,,,35,0,36,10,2.5,35,A
379867543,2020-01-25T21:57:15,33.91594,-119.56402,0.4,13.2,179.0,RSC 1,,,35,0,36,10,2.5,35,A
379867543,2020-01-25T21:59:05,33.91602,-119.56389,1.0,145.1,163.0,RSC 1,,,35,0,36,10,2.5,35,A
379867543,2020-01-25T20:00:05,33.90248,-119.56761,0.5,0.3,292.0,RSC 1,,,35,0,36,10,2.5,35,A
379867543,2020-01-25T20:01:15,33.90263,-119.56764,0.4,347.8,288.0,RSC 1,,,35,0,36,10,2.5,35,A
379867543,2020-01-25T20:02:25,33.90279,-119.56765,0.5,359.6,288.0,RSC 1,,,35,0,36,10,2.5,35,A
379867543,2020-01-25T20:03:36,33.90294,-119.56769,0.5,352.4,289.0,RSC 1,,,35,0,36,10,2.5,35,A
379867543,2020-01-25T20:04:54,33.90310,-119.56772,0.4,350.4,286.0,RSC 1,,,35,0,36,10,2.5,35,A
379867543,2020-01-25T20:06:25,33.90331,-119.56773,0.5,357.3,289.0,RSC 1,,,35,0,36,10,2.5,35,A
379867543,2020-01-25T20:07:35,33.90347,-119.56774,0.5,0.0,298.0,RSC 1,,,35,0,36,10,2.5,35,A
379867543,2020-01-25T20:09:14,33.90369,-119.56772,0.5,9.1,316.0,RSC 1,,,35,0,36,10,2.5,35,A
379867543,2020-01-25T20:10:25,33.90383,-119.56771,0.4,9.3,321.0,RSC 1,,,35,0,36,10,2.5,35,A
379867543,2020-01-25T20:11:35,33.90395,-119.56770,0.4,7.9,322.0,RSC 1,,,35,0,36,10,2.5,35,A
379867543,2020-01-25T20:13:35,33.90416,-119.56771,0.5,17.7,321.0,RSC 1,,,35,0,36,10,2.5,35,A
367542040,2020-09-07T11:10:46,33.90543,-119.59969,6.4,83.2,97.0,RELENTLESS,,WDG4979,37,,17,,,,B
367542040,2020-09-07T11:12:46,33.90590,-119.59549,5.9,80.4,98.0,RELENTLESS,,WDG4979,37,,17,,,,B
367542040,2020-09-07T11:14:16,33.90628,-119.59241,6.4,87.0,98.0,RELENTLESS,,WDG4979,37,,17,,,,B
367542040,2020-09-07T11:15:45,33.90666,-119.58923,6.3,85.2,97.0,RELENTLESS,,WDG4979,37,,17,,,,B
367542040,2020-09-07T11:17:15,33.90706,-119.58602,6.6,87.2,98.0,RELENTLESS,,WDG4979,37,,17,,,,B
367542040,2020-09-07T11:19:45,33.90773,-119.58066,6.9,79.3,97.0,RELENTLESS,,WDG4979,37,,17,,,,B
367542040,2020-09-07T11:21:14,33.90814,-119.57735,6.8,82.0,97.0,RELENTLESS,,WDG4979,37,,17,,,,B
367542040,2020-09-07T11:22:45,33.90856,-119.57404,6.7,81.7,97.0,RELENTLESS,,WDG4979,37,,17,,,,B
367542040,2020-09-07T11:24:17,33.90902,-119.57062,6.6,83.4,95.0,RELENTLESS,,WDG4979,37,,17,,,,B
367542040,2020-09-07T11:25:45,33.90946,-119.56741,6.7,81.6,98.0,RELENTLESS,,WDG4979,37,,17,,,,B
367542040,2020-09-07T11:27:17,33.90996,-119.56392,6.6,75.2,96.0,RELENTLESS,,WDG4979,37,,17,,,,B
367542040,2020-09-07T11:28:44,33.91041,-119.56064,7.0,80.4,96.0,RELENTLESS,,WDG4979,37,,17,,,,B
367542040,2020-09-07T11:29:45,33.91072,-119.55839,6.5,78.8,97.0,RELENTLESS,,WDG4979,37,,17,,,,B
379867543,2020-01-25T19:15:44,33.89365,-119.56671,0.4,355.2,309.0,RSC 1,,,35,0,36,10,2.5,35,A
379867543,2020-01-25T19:17:04,33.89377,-119.56673,0.4,350.6,305.0,RSC 1,,,35,0,36,10,2.5,35,A
379867543,2020-01-25T19:18:35,33.89391,-119.56673,0.3,2.8,310.0,RSC 1,,,35,0,36,10,2.5,35,A
379867543,2020-01-25T19:20:25,33.89406,-119.56676,0.3,346.3,316.0,RSC 1,,,35,0,36,10,2.5,35,A
379867543,2020-01-25T19:55:05,33.90186,-119.56755,0.5,1.6,327.0,RSC 1,,,35,0,36,10,2.5,35,A
379867543,2020-01-25T19:56:34,33.90204,-119.56756,0.5,353.1,322.0,RSC 1,,,35,0,36,10,2.5,35,A
379867543,2020-01-25T19:58:05,33.90224,-119.56760,0.4,347.7,305.0,RSC 1,,,35,0,36,10,2.5,35,A
379867543,2020-01-25T20:52:54,33.90914,-119.56713,0.5,20.9,320.0,RSC 1,,,35,0,36,10,2.5,39,A
379867543,2020-01-25T21:40:14,33.91413,-119.56460,0.4,22.3,324.0,RSC 1,,,35,0,36,10,2.5,39,A
379867543,2020-01-25T18:59:14,33.89240,-119.56638,0.2,356.8,343.0,RSC 1,,,35,0,36,10,2.5,39,A
379867543,2020-01-25T19:00:05,33.89245,-119.56641,0.2,336.7,338.0,RSC 1,,,35,0,36,10,2.5,35,A
379867543,2020-01-25T19:01:15,33.89253,-119.56644,0.2,324.8,333.0,RSC 1,,,35,0,36,10,2.5,35,A
379867543,2020-01-25T19:28:34,33.89733,-119.56719,2.3,1.3,12.0,RSC 1,,,35,0,36,10,2.5,35,A
379867543,2020-01-25T19:29:44,33.89789,-119.56717,1.5,3.1,19.0,RSC 1,,,35,0,36,10,2.5,35,A
379867543,2020-01-25T19:30:54,33.89829,-119.56714,1.1,5.2,24.0,RSC 1,,,35,0,36,10,2.5,35,A
379867543,2020-01-25T20:21:05,33.90508,-119.56766,0.5,10.0,323.0,RSC 1,,,35,0,36,10,2.5,39,A
379867543,2020-01-25T21:08:35,33.91065,-119.56647,0.4,15.2,326.0,RSC 1,,,35,0,36,10,2.5,39,A
379867543,2020-01-25T22:02:18,33.91380,-119.56218,3.2,145.8,156.0,RSC 1,,,35,0,36,10,2.5,39,A
338188519,2020-10-06T21:04:27,33.91640,-119.60070,8.8,207.5,208.0,SHARON G,,,30,,18,,,,B
338188519,2020-10-31T20:06:03,33.90099,-119.56117,5.8,250.9,250.0,SHARON G,,,30,,18,,,,B
338188519,2020-10-31T20:07:32,33.90005,-119.56425,6.3,246.8,250.0,SHARON G,,,30,,18,,,,B
338188519,2020-10-31T20:09:01,33.89830,-119.56647,6.4,214.7,216.0,SHARON G,,,30,,18,,,,B
338188519,2020-10-31T20:10:31,33.89616,-119.56841,6.3,219.0,218.0,SHARON G,,,30,,18,,,,B
338188519,2020-10-31T20:12:01,33.89402,-119.57033,6.5,217.7,218.0,SHARON G,,,30,,18,,,,B
338188519,2020-10-31T20:13:02,33.89262,-119.57171,6.5,238.6,243.0,SHARON G,,,30,,18,,,,B
338188519,2020-10-31T20:15:01,33.89195,-119.57591,7.3,262.2,261.0,SHARON G,,,30,,18,,,,B
338188519,2020-10-31T20:17:01,33.89132,-119.58021,6.7,262.1,262.0,SHARON G,,,30,,18,,,,B
338188519,2020-10-31T20:18:03,33.89095,-119.58243,6.8,260.0,259.0,SHARON G,,,30,,18,,,,B
338188519,2020-10-31T20:19:31,33.89068,-119.58549,6.9,260.6,261.0,SHARON G,,,30,,18,,,,B
338188519,2020-10-31T20:20:32,33.89035,-119.58764,6.4,258.5,259.0,SHARON G,,,30,,18,,,,B
338188519,2020-10-31T20:22:32,33.89064,-119.59188,7.1,281.7,282.0,SHARON G,,,30,,18,,,,B
338188519,2020-10-31T20:24:01,33.89120,-119.59503,7.6,278.8,279.0,SHARON G,,,30,,18,,,,B
338188519,2020-10-31T20:26:03,33.89199,-119.59933,6.0,285.4,284.0,SHARON G,,,30,,18,,,,B
369970281,2020-06-02T15:35:53,33.90488,-119.56042,7.7,301.6,306.0,DIANE G,,,90,0,,,,38,A
369970281,2020-06-02T15:37:02,33.90617,-119.56294,7.8,301.2,306.0,DIANE G,,,90,0,,,,38,A
369970281,2020-06-02T15:38:05,33.90618,-119.56471,4.0,223.8,162.0,DIANE G,,,90,0,,,,38,A
369970281,2020-06-02T15:39:13,33.90464,-119.56377,6.1,150.6,145.0,DIANE G,,,90,0,,,,38,A
369970281,2020-06-02T15:40:17,33.90332,-119.56275,4.2,142.5,131.0,DIANE G,,,90,0,,,,38,A
369970281,2020-06-02T15:41:23,33.90260,-119.56209,2.8,136.8,132.0,DIANE G,,,90,0,,,,38,A
369970281,2020-06-02T15:42:33,33.90208,-119.56143,2.3,128.4,120.0,DIANE G,,,90,0,,,,38,A
369970281,2020-06-02T15:43:43,33.90163,-119.56069,2.3,127.0,119.0,DIANE G,,,90,0,,,,38,A
369970281,2020-06-02T15:44:53,33.90118,-119.55995,2.3,124.3,119.0,DIANE G,,,90,0,,,,38,A
369970281,2020-06-02T15:46:02,33.90078,-119.55923,2.2,124.9,120.0,DIANE G,,,90,0,,,,38,A
369970281,2020-06-02T15:47:03,33.90043,-119.55861,2.3,123.5,120.0,DIANE G,,,90,0,,,,38,A
369970281,2020-06-02T16:58:43,33.89332,-119.55852,0.8,308.6,144.0,DIANE G,,,90,0,,,,38,A
369970281,2020-06-02T16:59:52,33.89348,-119.55874,0.8,306.0,151.0,DIANE G,,,90,0,,,,38,A
369970281,2020-06-02T17:00:03,33.89351,-119.55878,0.8,309.1,153.0,DIANE G,,,90,0,,,,38,A
369970281,2020-06-02T17:01:04,33.89366,-119.55898,0.8,310.5,156.0,DIANE G,,,90,0,,,,38,A
369970281,2020-06-02T17:02:13,33.89382,-119.55923,0.8,312.2,172.0,DIANE G,,,90,0,,,,38,A
369970281,2020-06-02T17:03:22,33.89403,-119.55944,0.9,318.7,171.0,DIANE G,,,90,0,,,,38,A
369970281,2020-06-02T17:04:43,33.89427,-119.55968,0.9,319.1,161.0,DIANE G,,,90,0,,,,38,A
369970281,2020-06-02T17:06:02,33.89451,-119.55995,0.9,318.4,159.0,DIANE G,,,90,0,,,,38,A
369970281,2020-06-02T17:07:12,33.89474,-119.56015,0.9,325.9,157.0,DIANE G,,,90,0,,,,38,A
369970281,2020-06-02T17:08:22,33.89498,-119.56037,0.9,322.5,146.0,DIANE G,,,90,0,,,,38,A
369970281,2020-06-02T17:09:32,33.89520,-119.56060,0.9,317.9,135.0,DIANE G,,,90,0,,,,38,A
369970281,2020-06-02T17:10:42,33.89538,-119.56082,0.8,314.1,139.0,DIANE G,,,90,0,,,,38,A
369970281,2020-06-02T17:11:43,33.89553,-119.56101,0.8,323.1,162.0,DIANE G,,,90,0,,,,38,A
369970281,2020-06-02T17:13:03,33.89576,-119.56128,1.0,315.9,179.0,DIANE G,,,90,0,,,,38,A
369970281,2020-06-02T17:14:12,33.89600,-119.56150,1.0,320.1,181.0,DIANE G,,,90,0,,,,38,A
369970281,2020-06-02T17:15:24,33.89626,-119.56172,1.0,322.8,173.0,DIANE G,,,90,0,,,,38,A
369970281,2020-06-02T17:16:33,33.89650,-119.56192,1.0,329.0,170.0,DIANE G,,,90,0,,,,38,A
369970281,2020-06-02T17:17:42,33.89676,-119.56215,1.0,324.5,165.0,DIANE G,,,90,0,,,,38,A
369970281,2020-06-02T17:18:54,33.89703,-119.56239,1.0,326.6,150.0,DIANE G,,,90,0,,,,38,A
369970281,2020-06-02T17:20:02,33.89730,-119.56262,1.0,320.6,143.0,DIANE G,,,90,0,,,,38,A
369970281,2020-06-02T17:21:23,33.89757,-119.56291,1.0,314.4,153.0,DIANE G,,,90,0,,,,38,A
369970281,2020-06-02T17:22:33,33.89779,-119.56314,0.9,316.1,154.0,DIANE G,,,90,0,,,,38,A
369970281,2020-06-02T17:23:43,33.89803,-119.56337,1.0,317.8,164.0,DIANE G,,,90,0,,,,38,A
369970281,2020-06-02T17:24:52,33.89826,-119.56360,1.0,320.1,165.0,DIANE G,,,90,0,,,,38,A
369970281,2020-06-02T17:26:02,33.89850,-119.56381,1.0,322.5,171.0,DIANE G,,,90,0,,,,38,A
369970281,2020-06-02T17:27:03,33.89870,-119.56401,0.9,325.3,168.0,DIANE G,,,90,0,,,,38,A
369970281,2020-06-02T17:28:13,33.89896,-119.56421,0.9,327.8,168.0,DIANE G,,,90,0,,,,38,A
369970281,2020-06-02T17:29:23,33.89922,-119.56445,1.0,324.8,169.0,DIANE G,,,90,0,,,,38,A
369970281,2020-06-02T17:30:32,33.89950,-119.56468,1.1,325.2,172.0,DIANE G,,,90,0,,,,38,A
369970281,2020-06-02T17:31:33,33.89973,-119.56486,1.0,332.5,168.0,DIANE G,,,90,0,,,,38,A
369970281,2020-06-02T17:32:44,33.90002,-119.56507,1.0,327.6,157.0,DIANE G,,,90,0,,,,38,A
369970281,2020-06-02T17:33:52,33.90029,-119.56530,1.0,324.8,142.0,DIANE G,,,90,0,,,,38,A
369970281,2020-06-02T17:35:02,33.90054,-119.56554,1.0,320.5,131.0,DIANE G,,,90,0,,,,38,A
369970281,2020-06-02T17:36:14,33.90078,-119.56578,0.9,322.2,130.0,DIANE G,,,90,0,,,,38,A
369970281,2020-06-02T17:37:15,33.90097,-119.56599,1.0,316.6,132.0,DIANE G,,,90,0,,,,38,A
369970281,2020-06-02T17:38:23,33.90120,-119.56622,0.9,321.4,140.0,DIANE G,,,90,0,,,,38,A
369970281,2020-06-02T17:39:32,33.90142,-119.56645,0.9,322.2,151.0,DIANE G,,,90,0,,,,38,A
369970281,2020-06-02T17:40:44,33.90165,-119.56668,0.9,326.2,161.0,DIANE G,,,90,0,,,,38,A
369970281,2020-06-02T17:41:53,33.90191,-119.56688,0.9,335.6,166.0,DIANE G,,,90,0,,,,38,A
369970281,2020-06-02T17:43:13,33.90223,-119.56708,1.0,333.2,160.0,DIANE G,,,90,0,,,,38,A
369970281,2020-06-02T17:44:23,33.90250,-119.56727,1.0,331.2,150.0,DIANE G,,,90,0,,,,38,A
369970281,2020-06-02T17:45:44,33.90281,-119.56751,1.0,328.7,149.0,DIANE G,,,90,0,,,,38,A
369970281,2020-06-02T17:46:52,33.90308,-119.56773,1.1,324.8,144.0,DIANE G,,,90,0,,,,38,A
369970281,2020-06-02T17:48:02,33.90336,-119.56795,1.0,330.1,141.0,DIANE G,,,90,0,,,,38,A
369970281,2020-06-02T17:49:03,33.90358,-119.56814,1.0,319.4,149.0,DIANE G,,,90,0,,,,38,A
369970281,2020-06-02T17:50:13,33.90387,-119.56837,1.1,323.6,164.0,DIANE G,,,90,0,,,,38,A
369970281,2020-06-02T17:51:23,33.90416,-119.56859,1.1,330.5,168.0,DIANE G,,,90,0,,,,38,A
369970281,2020-06-02T17:52:33,33.90446,-119.56879,1.1,331.1,165.0,DIANE G,,,90,0,,,,38,A
369970281,2020-06-02T17:53:43,33.90476,-119.56899,1.1,331.4,155.0,DIANE G,,,90,0,,,,38,A
369970281,2020-06-02T17:54:53,33.90505,-119.56921,1.0,329.1,145.0,DIANE G,,,90,0,,,,38,A
369970281,2020-06-02T17:56:04,33.90532,-119.56941,1.0,326.5,151.0,DIANE G,,,90,0,,,,38,A
369970281,2020-06-02T17:57:12,33.90558,-119.56962,1.0,324.4,169.0,DIANE G,,,90,0,,,,38,A
369970281,2020-06-02T17:58:23,33.90588,-119.56984,1.1,327.8,179.0,DIANE G,,,90,0,,,,38,A
369970281,2020-06-02T17:59:24,33.90614,-119.57001,1.0,336.9,178.0,DIANE G,,,90,0,,,,38,A
369970281,2020-06-02T18:00:03,33.90632,-119.57013,1.1,333.2,175.0,DIANE G,,,90,0,,,,38,A
369970281,2020-06-02T18:01:12,33.90662,-119.57034,1.1,330.8,166.0,DIANE G,,,90,0,,,,38,A
369970281,2020-06-02T18:02:24,33.90695,-119.57054,1.1,332.9,155.0,DIANE G,,,90,0,,,,38,A
369970281,2020-06-02T18:03:34,33.90727,-119.57076,1.1,327.9,140.0,DIANE G,,,90,0,,,,38,A
369970281,2020-06-02T18:04:43,33.90757,-119.57097,1.1,333.8,139.0,DIANE G,,,90,0,,,,38,A
369970281,2020-06-02T18:05:54,33.90783,-119.57119,1.0,321.5,155.0,DIANE G,,,90,0,,,,38,A
369970281,2020-06-02T18:07:03,33.90811,-119.57142,1.1,324.1,172.0,DIANE G,,,90,0,,,,38,A
369970281,2020-06-02T18:08:04,33.90826,-119.57156,0.2,303.4,175.0,DIANE G,,,90,0,,,,38,A
369970281,2020-06-02T18:09:06,33.90812,-119.57153,0.6,126.0,108.0,DIANE G,,,90,0,,,,38,A
369970281,2020-06-02T18:10:09,33.90841,-119.57099,2.3,63.4,92.0,DIANE G,,,90,0,,,,38,A
369970281,2020-06-02T18:12:00,33.90828,-119.56968,5.3,101.4,110.0,DIANE G,,,90,0,,,,38,A
369970281,2020-06-02T18:13:04,33.90592,-119.56604,7.1,134.9,138.0,DIANE G,,,90,0,,,,38,A
369970281,2020-06-02T18:14:12,33.90424,-119.56423,6.8,139.2,142.0,DIANE G,,,90,0,,,,38,A
369970281,2020-06-02T18:15:23,33.90256,-119.56252,6.6,139.0,141.0,DIANE G,,,90,0,,,,38,A
369970281,2020-06-02T18:16:33,33.90090,-119.56084,6.7,141.6,148.0,DIANE G,,,90,0,,,,38,A
369970281,2020-06-02T18:17:42,33.89903,-119.55952,6.7,149.2,150.0,DIANE G,,,90,0,,,,38,A
369970281,2020-06-02T19:03:33,33.88208,-119.55885,1.9,203.8,161.0,DIANE G,,,90,0,,,,38,A
369970281,2020-06-02T20:03:34,33.88555,-119.55841,2.8,238.5,237.0,DIANE G,,,90,0,,,,38,A
369970281,2020-06-02T20:04:43,33.88509,-119.55932,2.7,237.7,233.0,DIANE G,,,90,0,,,,38,A
369970281,2020-06-02T20:05:54,33.88462,-119.56027,2.9,237.9,234.0,DIANE G,,,90,0,,,,38,A
369970281,2020-06-02T20:06:57,33.88406,-119.56111,3.2,220.5,188.0,DIANE G,,,90,0,,,,38,A
369970281,2020-06-02T20:08:00,33.88406,-119.56016,3.7,53.8,55.0,DIANE G,,,90,0,,,,38,A
369970281,2020-06-02T20:09:03,33.88479,-119.55918,3.7,46.9,52.0,DIANE G,,,90,0,,,,38,A
367754970,2020-08-30T13:04:14,33.90847,-119.60028,13.0,124.9,511.0,EMMA RAY,,WDJ2072,30,,10,4,,,B
367754970,2020-08-30T13:05:27,33.90573,-119.59581,13.9,123.4,511.0,EMMA RAY,,WDJ2072,30,,10,4,,,B
367754970,2020-08-30T13:06:44,33.90285,-119.59110,13.9,125.6,511.0,EMMA RAY,,WDJ2072,30,,10,4,,,B
367754970,2020-08-30T13:07:58,33.90006,-119.58656,13.6,125.2,511.0,EMMA RAY,,WDJ2072,30,,10,4,,,B
367754970,2020-08-30T13:09:13,33.89727,-119.58202,13.9,126.7,511.0,EMMA RAY,,WDJ2072,30,,10,4,,,B
367754970,2020-08-30T13:10:44,33.89627,-119.57549,13.0,89.9,511.0,EMMA RAY,,WDJ2072,30,,10,4,,,B
367754970,2020-08-30T13:11:58,33.89613,-119.57102,6.0,96.9,511.0,EMMA RAY,,WDJ2072,30,,10,4,,,B
367754970,2020-08-30T13:13:13,33.89382,-119.57118,8.8,197.4,511.0,EMMA RAY,,WDJ2072,30,,10,4,,,B
367754970,2020-08-30T13:14:14,33.89246,-119.57182,2.6,204.8,511.0,EMMA RAY,,WDJ2072,30,,10,4,,,B
367754970,2020-08-30T13:15:44,33.89192,-119.57227,1.2,236.3,511.0,EMMA RAY,,WDJ2072,30,,10,4,,,B
367754970,2020-08-30T13:17:13,33.89169,-119.57272,1.0,250.5,511.0,EMMA RAY,,WDJ2072,30,,10,4,,,B
367754970,2020-08-30T13:18:43,33.89154,-119.57313,0.9,254.2,511.0,EMMA RAY,,WDJ2072,30,,10,4,,,B
367754970,2020-08-30T13:27:11,33.89095,-119.57522,0.4,360.0,511.0,EMMA RAY,,WDJ2072,30,,10,4,,,B
367754970,2020-08-30T13:30:11,33.89080,-119.57602,0.8,266.5,511.0,EMMA RAY,,WDJ2072,30,,10,4,,,B
367754970,2020-08-30T13:33:11,33.89067,-119.57683,0.6,279.9,511.0,EMMA RAY,,WDJ2072,30,,10,4,,,B
367754970,2020-08-30T13:36:11,33.89053,-119.57765,0.9,268.2,511.0,EMMA RAY,,WDJ2072,30,,10,4,,,B
367754970,2020-08-30T13:38:10,33.89017,-119.57808,1.3,203.2,511.0,EMMA RAY,,WDJ2072,30,,10,4,,,B
367754970,2020-08-30T13:40:41,33.88981,-119.57866,0.8,269.4,511.0,EMMA RAY,,WDJ2072,30,,10,4,,,B
367754970,2020-08-30T13:47:12,33.88974,-119.58019,1.3,284.9,511.0,EMMA RAY,,WDJ2072,30,,10,4,,,B
367754970,2020-08-30T13:48:38,33.88944,-119.58018,4.6,194.3,511.0,EMMA RAY,,WDJ2072,30,,10,4,,,B
367754970,2020-08-30T13:50:08,33.88925,-119.58269,4.5,279.7,511.0,EMMA RAY,,WDJ2072,30,,10,4,,,B
367754970,2020-08-30T13:52:08,33.88915,-119.58501,2.0,264.0,511.0,EMMA RAY,,WDJ2072,30,,10,4,,,B
367754970,2020-08-30T13:53:39,33.88902,-119.58569,1.0,259.4,511.0,EMMA RAY,,WDJ2072,30,,10,4,,,B
367754970,2020-08-30T13:55:08,33.88893,-119.58611,0.7,246.3,511.0,EMMA RAY,,WDJ2072,30,,10,4,,,B
367754970,2020-08-30T13:58:07,33.88885,-119.58701,1.2,296.0,511.0,EMMA RAY,,WDJ2072,30,,10,4,,,B
367754970,2020-08-30T13:59:39,33.88904,-119.58771,1.8,282.7,511.0,EMMA RAY,,WDJ2072,30,,10,4,,,B
367754970,2020-08-30T14:00:07,33.88908,-119.58793,1.3,276.3,511.0,EMMA RAY,,WDJ2072,30,,10,4,,,B
367754970,2020-08-30T14:01:39,33.88905,-119.58847,0.8,260.3,511.0,EMMA RAY,,WDJ2072,30,,10,4,,,B
367754970,2020-08-30T14:05:39,33.88866,-119.58954,0.9,246.7,511.0,EMMA RAY,,WDJ2072,30,,10,4,,,B
367754970,2020-08-30T14:08:07,33.88851,-119.59119,5.9,254.6,511.0,EMMA RAY,,WDJ2072,30,,10,4,,,B
367754970,2020-08-30T14:09:39,33.88780,-119.59414,5.9,255.3,511.0,EMMA RAY,,WDJ2072,30,,10,4,,,B
367754970,2020-08-30T14:11:07,33.88733,-119.59635,2.7,270.9,511.0,EMMA RAY,,WDJ2072,30,,10,4,,,B
367754970,2020-08-30T14:12:41,33.88731,-119.59734,2.1,264.9,511.0,EMMA RAY,,WDJ2072,30,,10,4,,,B
367754970,2020-08-30T14:14:07,33.88723,-119.59805,1.2,263.5,511.0,EMMA RAY,,WDJ2072,30,,10,4,,,B
367754970,2020-08-30T14:15:41,33.88711,-119.59860,1.1,247.8,511.0,EMMA RAY,,WDJ2072,30,,10,4,,,B
367754970,2020-08-30T14:17:11,33.88700,-119.59929,1.6,257.6,511.0,EMMA RAY,,WDJ2072,30,,10,4,,,B
367754970,2020-08-30T14:18:42,33.88688,-119.59987,1.2,245.1,511.0,EMMA RAY,,WDJ2072,30,,10,4,,,B
367754970,2020-08-30T14:20:10,33.88676,-119.60028,0.8,262.2,511.0,EMMA RAY,,WDJ2072,30,,10,4,,,B
367754970,2020-08-30T14:22:42,33.88648,-119.60095,1.0,266.1,511.0,EMMA RAY,,WDJ2072,30,,10,4,,,B
367754970,2020-08-30T15:54:40,33.88692,-119.59341,6.9,81.8,511.0,EMMA RAY,,WDJ2072,30,,10,4,,,B
367754970,2020-08-30T15:55:43,33.88725,-119.59088,7.1,81.3,511.0,EMMA RAY,,WDJ2072,30,,10,4,,,B
367754970,2020-08-30T15:58:43,33.88790,-119.58622,0.6,68.8,511.0,EMMA RAY,,WDJ2072,30,,10,4,,,B
367754970,2020-08-30T16:00:12,33.88791,-119.58626,0.5,267.3,511.0,EMMA RAY,,WDJ2072,30,,10,4,,,B
367754970,2020-08-30T16:01:43,33.88793,-119.58653,0.8,282.6,511.0,EMMA RAY,,WDJ2072,30,,10,4,,,B
367754970,2020-08-30T16:07:13,33.88801,-119.58793,0.7,279.9,511.0,EMMA RAY,,WDJ2072,30,,10,4,,,B
367754970,2020-08-30T16:13:13,33.88814,-119.58948,1.1,267.5,511.0,EMMA RAY,,WDJ2072,30,,10,4,,,B
367754970,2020-08-30T16:25:14,33.88832,-119.59258,0.9,255.9,511.0,EMMA RAY,,WDJ2072,30,,10,4,,,B
367754970,2020-08-30T16:31:13,33.88836,-119.59415,0.7,273.5,511.0,EMMA RAY,,WDJ2072,30,,10,4,,,B
367754970,2020-08-30T16:34:13,33.88835,-119.59483,0.7,263.0,511.0,EMMA RAY,,WDJ2072,30,,10,4,,,B
367754970,2020-08-30T16:37:13,33.88842,-119.59550,0.7,266.0,511.0,EMMA RAY,,WDJ2072,30,,10,4,,,B
367754970,2020-08-30T16:40:12,33.88850,-119.59625,0.8,296.3,511.0,EMMA RAY,,WDJ2072,30,,10,4,,,B
367754970,2020-08-30T16:43:11,33.88860,-119.59698,1.0,297.6,511.0,EMMA RAY,,WDJ2072,30,,10,4,,,B
368011010,2020-08-30T16:45:52,33.91761,-119.57152,6.7,111.0,511.0,HATTENUFF,,WDJ7882,37,,15,5,,,B
367754970,2020-08-30T16:46:11,33.88863,-119.59765,0.8,262.8,511.0,EMMA RAY,,WDJ2072,30,,10,4,,,B
368011010,2020-08-30T16:48:21,33.91593,-119.56640,6.4,111.2,511.0,HATTENUFF,,WDJ7882,37,,15,5,,,B
368011010,2020-08-30T16:49:52,33.91493,-119.56331,6.6,105.8,511.0,HATTENUFF,,WDJ7882,37,,15,5,,,B
368011010,2020-08-30T16:51:21,33.91417,-119.56019,6.7,111.2,511.0,HATTENUFF,,WDJ7882,37,,15,5,,,B
367754970,2020-08-30T16:53:10,33.88766,-119.60014,6.4,231.3,511.0,EMMA RAY,,WDJ2072,30,,10,4,,,B
367754970,2020-08-30T23:34:51,33.90473,-119.60001,12.3,67.5,511.0,EMMA RAY,,WDJ2072,30,,10,4,,,B
367754970,2020-08-30T23:36:19,33.90660,-119.59414,11.5,70.9,511.0,EMMA RAY,,WDJ2072,30,,10,4,,,B
367754970,2020-08-30T23:38:19,33.90913,-119.58629,11.9,67.0,511.0,EMMA RAY,,WDJ2072,30,,10,4,,,B
367754970,2020-08-30T23:39:47,33.91101,-119.58041,12.0,68.3,511.0,EMMA RAY,,WDJ2072,30,,10,4,,,B
367754970,2020-08-30T23:40:48,33.91224,-119.57651,11.8,70.9,511.0,EMMA RAY,,WDJ2072,30,,10,4,,,B
367754970,2020-08-30T23:42:18,33.91412,-119.57059,12.4,70.5,511.0,EMMA RAY,,WDJ2072,30,,10,4,,,B
367754970,2020-08-30T23:44:18,33.91657,-119.56279,11.7,68.4,511.0,EMMA RAY,,WDJ2072,30,,10,4,,,B
367754970,2020-08-30T23:45:21,33.91784,-119.55877,12.4,70.0,511.0,EMMA RAY,,WDJ2072,30,,10,4,,,B
338108493,2020-09-11T15:12:35,33.91723,-119.59302,6.3,223.4,511.0,CHARISMA,,,37,,12,5,,,B
338108493,2020-09-11T15:14:05,33.91525,-119.59505,6.4,223.8,511.0,CHARISMA,,,37,,12,5,,,B
338108493,2020-09-11T16:09:35,33.91461,-119.59577,6.3,219.9,511.0,CHARISMA,,,37,,12,5,,,B
338318377,2020-09-11T19:35:31,33.90235,-119.60101,7.4,0.6,511.0,MAGELLAN,,,37,,13,6,,,B
338108493,2020-09-11T21:46:04,33.89551,-119.59969,7.5,87.0,511.0,CHARISMA,,,37,,12,5,,,B
338108493,2020-09-11T21:47:05,33.89551,-119.59744,6.7,97.0,511.0,CHARISMA,,,37,,12,5,,,B
338108493,2020-09-11T21:49:35,33.89429,-119.59196,6.3,112.2,511.0,CHARISMA,,,37,,12,5,,,B
338108493,2020-09-11T21:52:04,33.89282,-119.58658,6.2,110.6,511.0,CHARISMA,,,37,,12,5,,,B
338108493,2020-09-11T21:53:05,33.89291,-119.58447,6.8,62.6,511.0,CHARISMA,,,37,,12,5,,,B
338108493,2020-09-11T21:56:06,33.89533,-119.57835,7.0,62.5,511.0,CHARISMA,,,37,,12,5,,,B
338108493,2020-09-11T21:58:04,33.89763,-119.57523,6.7,28.9,511.0,CHARISMA,,,37,,12,5,,,B
338108493,2020-09-11T21:59:34,33.89999,-119.57361,7.1,33.5,511.0,CHARISMA,,,37,,12,5,,,B
338108493,2020-09-11T22:00:06,33.90080,-119.57300,6.6,26.6,511.0,CHARISMA,,,37,,12,5,,,B
338108493,2020-09-11T22:01:35,33.90315,-119.57146,6.6,31.9,511.0,CHARISMA,,,37,,12,5,,,B
338108493,2020-09-11T22:02:36,33.90486,-119.57057,6.7,26.6,511.0,CHARISMA,,,37,,12,5,,,B
338108493,2020-09-11T22:04:05,33.90602,-119.57173,5.9,254.7,511.0,CHARISMA,,,37,,12,5,,,B
338108493,2020-09-11T22:05:07,33.90580,-119.57376,6.0,260.9,511.0,CHARISMA,,,37,,12,5,,,B
338108493,2020-09-11T22:06:34,33.90540,-119.57663,6.4,257.3,511.0,CHARISMA,,,37,,12,5,,,B
338108493,2020-09-11T22:08:36,33.90492,-119.58073,6.3,261.9,511.0,CHARISMA,,,37,,12,5,,,B
338318377,2020-09-11T22:09:01,33.88816,-119.60017,8.3,96.4,511.0,MAGELLAN,,,37,,13,6,,,B
338108493,2020-09-11T22:10:04,33.90453,-119.58368,5.8,265.9,511.0,CHARISMA,,,37,,12,5,,,B
338318377,2020-09-11T22:10:34,33.88771,-119.59628,7.4,91.9,511.0,MAGELLAN,,,37,,13,6,,,B
338108493,2020-09-11T22:11:05,33.90441,-119.58569,6.1,268.3,511.0,CHARISMA,,,37,,12,5,,,B
338318377,2020-09-11T22:12:01,33.88739,-119.59272,7.5,100.4,511.0,MAGELLAN,,,37,,13,6,,,B
338108493,2020-09-11T22:13:05,33.90406,-119.58975,6.0,260.2,511.0,CHARISMA,,,37,,12,5,,,B
338318377,2020-09-11T22:13:32,33.88624,-119.58939,7.5,156.5,511.0,MAGELLAN,,,37,,13,6,,,B
338108493,2020-09-11T22:14:38,33.90382,-119.59294,6.3,253.1,511.0,CHARISMA,,,37,,12,5,,,B
338318377,2020-09-11T22:15:01,33.88328,-119.58852,7.2,194.5,511.0,MAGELLAN,,,37,,13,6,,,B
338108493,2020-09-11T22:16:04,33.90355,-119.59588,6.2,265.9,511.0,CHARISMA,,,37,,12,5,,,B
338108493,2020-09-11T22:17:35,33.90338,-119.59897,6.0,268.0,511.0,CHARISMA,,,37,,12,5,,,B
338108493,2020-09-11T22:19:05,33.90156,-119.60091,6.2,205.9,511.0,CHARISMA,,,37,,12,5,,,B
338318377,2020-09-11T23:26:01,33.91496,-119.56059,6.7,187.9,511.0,MAGELLAN,,,37,,13,6,,,B
338318377,2020-09-11T23:27:31,33.91186,-119.56079,8.0,177.8,511.0,MAGELLAN,,,37,,13,6,,,B
338318377,2020-09-11T23:29:02,33.90867,-119.56095,8.2,182.9,511.0,MAGELLAN,,,37,,13,6,,,B
338318377,2020-09-11T23:31:01,33.90454,-119.56123,7.8,180.2,511.0,MAGELLAN,,,37,,13,6,,,B
338318377,2020-09-11T23:32:03,33.90246,-119.56142,7.6,178.7,511.0,MAGELLAN,,,37,,13,6,,,B
338318377,2020-09-11T23:33:34,33.89933,-119.56170,7.3,187.5,511.0,MAGELLAN,,,37,,13,6,,,B
338318377,2020-09-11T23:35:32,33.89635,-119.56400,8.0,250.4,511.0,MAGELLAN,,,37,,13,6,,,B
338318377,2020-09-11T23:37:01,33.89598,-119.56503,7.7,243.7,511.0,MAGELLAN,,,37,,13,6,,,B
338318377,2020-09-11T23:39:33,33.89341,-119.57260,6.6,292.0,511.0,MAGELLAN,,,37,,13,6,,,B
338318377,2020-09-11T23:41:02,33.89521,-119.57534,6.8,304.0,511.0,MAGELLAN,,,37,,13,6,,,B
338318377,2020-09-11T23:42:03,33.89659,-119.57705,7.2,318.7,511.0,MAGELLAN,,,37,,13,6,,,B
338318377,2020-09-11T23:43:31,33.89865,-119.57939,7.2,324.4,511.0,MAGELLAN,,,37,,13,6,,,B
338318377,2020-09-11T23:44:33,33.90012,-119.58096,7.1,320.4,511.0,MAGELLAN,,,37,,13,6,,,B
338318377,2020-09-11T23:48:01,33.90487,-119.58640,7.1,319.6,511.0,MAGELLAN,,,37,,13,6,,,B
338318377,2020-09-11T23:50:02,33.90765,-119.58957,6.7,304.0,511.0,MAGELLAN,,,37,,13,6,,,B
338318377,2020-09-11T23:51:31,33.90971,-119.59191,7.2,321.2,511.0,MAGELLAN,,,37,,13,6,,,B
338318377,2020-09-11T23:52:32,33.91113,-119.59347,7.3,300.0,511.0,MAGELLAN,,,37,,13,6,,,B
338318377,2020-09-11T23:55:31,33.91545,-119.59820,7.4,316.8,511.0,MAGELLAN,,,37,,13,6,,,B
338108493,2020-09-12T00:30:35,33.88312,-119.57610,6.8,37.8,511.0,CHARISMA,,,37,,12,5,,,B
338108493,2020-09-12T00:31:36,33.88479,-119.57497,7.5,26.8,511.0,CHARISMA,,,37,,12,5,,,B
338108493,2020-09-12T00:33:35,33.88799,-119.57263,7.8,29.7,511.0,CHARISMA,,,37,,12,5,,,B
338108493,2020-09-12T00:36:05,33.89169,-119.56906,7.1,47.5,511.0,CHARISMA,,,37,,12,5,,,B
338108493,2020-09-12T00:37:07,33.89312,-119.56745,7.7,53.0,511.0,CHARISMA,,,37,,12,5,,,B
338108493,2020-09-12T00:38:35,33.89526,-119.56532,7.2,41.2,511.0,CHARISMA,,,37,,12,5,,,B
338108493,2020-09-12T00:40:05,33.89761,-119.56349,7.0,38.5,511.0,CHARISMA,,,37,,12,5,,,B
338108493,2020-09-12T00:41:35,33.89985,-119.56145,6.7,33.0,511.0,CHARISMA,,,37,,12,5,,,B
338108493,2020-09-12T00:42:36,33.90141,-119.56015,6.8,33.7,511.0,CHARISMA,,,37,,12,5,,,B
338108493,2020-09-12T13:42:07,33.91703,-119.58215,6.5,212.7,511.0,CHARISMA,,,37,,12,5,,,B
338108493,2020-09-12T13:43:09,33.91543,-119.58325,6.6,205.9,511.0,CHARISMA,,,37,,12,5,,,B
338108493,2020-09-12T14:00:09,33.89581,-119.56514,6.1,142.0,511.0,CHARISMA,,,37,,12,5,,,B
338108493,2020-09-12T14:01:39,33.89367,-119.56320,6.2,140.4,511.0,CHARISMA,,,37,,12,5,,,B
338108493,2020-09-12T14:03:07,33.89166,-119.56128,5.9,135.0,511.0,CHARISMA,,,37,,12,5,,,B
338108493,2020-09-12T14:04:09,33.89026,-119.56001,6.3,144.6,511.0,CHARISMA,,,37,,12,5,,,B
338108493,2020-09-12T14:38:37,33.91467,-119.58379,6.4,208.9,511.0,CHARISMA,,,37,,12,5,,,B
338108493,2020-09-12T14:45:37,33.90564,-119.58116,6.1,119.9,511.0,CHARISMA,,,37,,12,5,,,B
338318377,2020-09-12T16:18:49,33.91361,-119.59342,8.1,331.0,511.0,MAGELLAN,,,37,,13,6,,,B
338318377,2020-09-12T16:31:18,33.91713,-119.58657,7.2,115.9,511.0,MAGELLAN,,,37,,13,6,,,B
338318377,2020-09-12T16:32:49,33.91571,-119.58329,7.2,121.8,511.0,MAGELLAN,,,37,,13,6,,,B
338318377,2020-09-12T16:34:20,33.91296,-119.58277,7.5,205.9,511.0,MAGELLAN,,,37,,13,6,,,B
338318377,2020-09-12T16:36:49,33.90855,-119.58556,7.1,214.7,511.0,MAGELLAN,,,37,,13,6,,,B
338318377,2020-09-12T16:37:51,33.90702,-119.58721,7.3,221.1,511.0,MAGELLAN,,,37,,13,6,,,B
338318377,2020-09-12T16:39:49,33.90450,-119.59095,7.8,234.7,511.0,MAGELLAN,,,37,,13,6,,,B
338318377,2020-09-12T16:42:18,33.90194,-119.59625,7.6,242.2,511.0,MAGELLAN,,,37,,13,6,,,B
338318377,2020-09-12T16:43:19,33.90101,-119.59856,7.5,244.8,511.0,MAGELLAN,,,37,,13,6,,,B
338108493,2020-09-12T20:14:10,33.88266,-119.56877,7.1,42.6,511.0,CHARISMA,,,37,,12,5,,,B
338108493,2020-09-12T21:08:39,33.88238,-119.56422,7.2,51.0,511.0,CHARISMA,,,37,,12,5,,,B
338108493,2020-09-12T21:09:38,33.88336,-119.56804,7.0,41.7,511.0,CHARISMA,,,37,,12,5,,,B
338108493,2020-09-12T21:10:08,33.88413,-119.56143,7.6,51.0,511.0,CHARISMA,,,37,,12,5,,,B
338108493,2020-09-12T21:11:10,33.88525,-119.55940,7.7,53.5,511.0,CHARISMA,,,37,,12,5,,,B
368117820,2020-10-14T20:45:03,33.88601,-119.58766,7.7,313.4,511.0,VOYAGER,,WDL3042,36,,13,4,,,B
368117820,2020-10-14T20:49:01,33.89184,-119.59534,7.6,311.6,511.0,VOYAGER,,WDL3042,36,,13,4,,,B
368117820,2020-10-14T20:51:32,33.89559,-119.60017,7.7,311.8,511.0,VOYAGER,,WDL3042,36,,13,4,,,B
338304801,2020-11-11T18:11:49,33.90903,-119.60144,36.1,16.9,511.0,VENTURA H. PTRL19,,,51,,9,4,,,B
367654020,2020-12-04T15:21:42,33.91566,-119.60129,3.9,114.2,511.0,BEMA,,WDH8034,36,,10,2,,,B
367654020,2020-12-04T15:23:11,33.91499,-119.59960,4.0,118.7,511.0,BEMA,,WDH8034,36,,10,2,,,B
367654020,2020-12-04T15:24:12,33.91443,-119.59833,4.6,113.0,511.0,BEMA,,WDH8034,36,,10,2,,,B
367654020,2020-12-04T15:25:41,33.91361,-119.59647,4.5,115.9,511.0,BEMA,,WDH8034,36,,10,2,,,B
367654020,2020-12-04T15:26:42,33.91313,-119.59524,3.9,115.1,511.0,BEMA,,WDH8034,36,,10,2,,,B
367654020,2020-12-04T15:28:12,33.91240,-119.59335,4.6,113.0,511.0,BEMA,,WDH8034,36,,10,2,,,B
367654020,2020-12-04T15:29:13,33.91189,-119.59201,4.6,117.5,511.0,BEMA,,WDH8034,36,,10,2,,,B
367654020,2020-12-04T15:31:13,33.91066,-119.58915,4.8,105.1,511.0,BEMA,,WDH8034,36,,10,2,,,B
367654020,2020-12-04T15:33:41,33.90927,-119.58585,4.1,122.4,511.0,BEMA,,WDH8034,36,,10,2,,,B
367654020,2020-12-04T15:34:42,33.90869,-119.58458,4.4,114.3,511.0,BEMA,,WDH8034,36,,10,2,,,B
367654020,2020-12-04T15:36:41,33.90766,-119.58243,4.1,119.1,511.0,BEMA,,WDH8034,36,,10,2,,,B
367654020,2020-12-04T15:37:42,33.90707,-119.58135,3.6,117.7,511.0,BEMA,,WDH8034,36,,10,2,,,B
367654020,2020-12-04T15:40:11,33.90547,-119.57863,3.9,124.0,511.0,BEMA,,WDH8034,36,,10,2,,,B
367654020,2020-12-04T15:41:42,33.90450,-119.57687,4.0,121.4,511.0,BEMA,,WDH8034,36,,10,2,,,B
367654020,2020-12-04T15:42:43,33.90386,-119.57572,4.5,126.6,511.0,BEMA,,WDH8034,36,,10,2,,,B
367654020,2020-12-04T15:44:42,33.90280,-119.57349,4.3,118.4,511.0,BEMA,,WDH8034,36,,10,2,,,B
367654020,2020-12-04T15:46:11,33.90203,-119.57160,4.4,108.0,511.0,BEMA,,WDH8034,36,,10,2,,,B
367654020,2020-12-04T15:47:13,33.90163,-119.57034,4.5,105.1,511.0,BEMA,,WDH8034,36,,10,2,,,B
367654020,2020-12-04T15:48:41,33.90108,-119.56842,4.1,114.0,511.0,BEMA,,WDH8034,36,,10,2,,,B
367654020,2020-12-04T15:49:42,33.90061,-119.56714,4.3,107.7,511.0,BEMA,,WDH8034,36,,10,2,,,B
367654020,2020-12-04T15:52:13,33.89940,-119.56403,3.3,110.4,511.0,BEMA,,WDH8034,36,,10,2,,,B
367654020,2020-12-04T15:54:43,33.89799,-119.56090,4.1,118.8,511.0,BEMA,,WDH8034,36,,10,2,,,B
367654020,2020-12-04T15:56:12,33.89722,-119.55901,4.3,116.7,511.0,BEMA,,WDH8034,36,,10,2,,,B
369169000,2020-11-21T03:54:31,33.90965,-119.60009,2.7,87.2,82.0,MICHAEL UHL,,WXAR,60,0,26,7,,0,A
369169000,2020-11-21T03:55:40,33.90972,-119.59909,2.7,82.9,82.0,MICHAEL UHL,,WXAR,60,0,26,7,,0,A
369169000,2020-11-21T03:56:50,33.90976,-119.59808,2.7,85.5,82.0,MICHAEL UHL,,WXAR,60,0,26,7,,0,A
369169000,2020-11-21T03:58:19,33.90981,-119.59682,2.5,87.3,82.0,MICHAEL UHL,,WXAR,60,0,26,7,,0,A
369169000,2020-11-21T03:59:30,33.90987,-119.59578,2.8,82.1,82.0,MICHAEL UHL,,WXAR,60,0,26,7,,0,A
369169000,2020-11-21T04:00:00,33.90988,-119.59537,2.5,88.5,83.0,MICHAEL UHL,,WXAR,60,0,26,7,,0,A
369169000,2020-11-21T04:02:00,33.90992,-119.59449,2.6,94.0,83.0,MICHAEL UHL,,WXAR,60,0,26,7,,0,A
369169000,2020-11-21T04:03:01,33.91002,-119.59271,2.8,88.8,83.0,MICHAEL UHL,,WXAR,60,0,26,7,,0,A
369169000,2020-11-21T04:04:09,33.91006,-119.59172,2.6,89.2,83.0,MICHAEL UHL,,WXAR,60,0,26,7,,0,A
369169000,2020-11-21T04:06:01,33.91008,-119.59097,2.6,92.7,82.0,MICHAEL UHL,,WXAR,60,0,26,7,,0,A
369169000,2020-11-21T04:07:29,33.91016,-119.58878,2.7,88.7,82.0,MICHAEL UHL,,WXAR,60,0,26,7,,0,A
369169000,2020-11-21T04:08:39,33.91018,-119.58776,2.6,84.6,82.0,MICHAEL UHL,,WXAR,60,0,26,7,,0,A
369169000,2020-11-21T04:09:50,33.91018,-119.58672,2.7,91.2,83.0,MICHAEL UHL,,WXAR,60,0,26,7,,0,A
369169000,2020-11-21T04:11:00,33.91021,-119.58569,2.6,86.9,81.0,MICHAEL UHL,,WXAR,60,0,26,7,,0,A
369169000,2020-11-21T04:13:00,33.91033,-119.58475,2.5,79.5,73.0,MICHAEL UHL,,WXAR,60,0,26,7,,0,A
369169000,2020-11-21T04:14:49,33.91079,-119.58213,2.7,78.9,74.0,MICHAEL UHL,,WXAR,60,0,26,7,,0,A
369169000,2020-11-21T04:16:00,33.91096,-119.58100,3.0,81.7,74.0,MICHAEL UHL,,WXAR,60,0,26,7,,0,A
369169000,2020-11-21T04:17:10,33.91112,-119.57991,2.7,81.1,74.0,MICHAEL UHL,,WXAR,60,0,26,7,,0,A
369169000,2020-11-21T04:18:20,33.91130,-119.57879,2.8,79.7,74.0,MICHAEL UHL,,WXAR,60,0,26,7,,0,A
369169000,2020-11-21T04:19:50,33.91152,-119.57739,2.7,80.6,74.0,MICHAEL UHL,,WXAR,60,0,26,7,,0,A
369169000,2020-11-21T04:21:00,33.91153,-119.57725,2.7,80.8,73.0,MICHAEL UHL,,WXAR,60,0,26,7,,0,A
369169000,2020-11-21T04:22:10,33.91181,-119.57526,2.8,84.0,73.0,MICHAEL UHL,,WXAR,60,0,26,7,,0,A
369169000,2020-11-21T04:23:20,33.91197,-119.57420,2.7,78.9,74.0,MICHAEL UHL,,WXAR,60,0,26,7,,0,A
369169000,2020-11-21T04:26:00,33.91219,-119.57267,3.0,78.1,73.0,MICHAEL UHL,,WXAR,60,0,26,7,,0,A
369169000,2020-11-21T04:27:19,33.91248,-119.57058,2.5,84.5,74.0,MICHAEL UHL,,WXAR,60,0,26,7,,0,A
369169000,2020-11-21T04:28:30,33.91263,-119.56952,2.6,84.4,74.0,MICHAEL UHL,,WXAR,60,0,26,7,,0,A
369169000,2020-11-21T04:30:00,33.91282,-119.56817,2.8,80.0,74.0,MICHAEL UHL,,WXAR,60,0,26,7,,0,A
369169000,2020-11-21T04:31:09,33.91298,-119.56713,2.7,79.0,74.0,MICHAEL UHL,,WXAR,60,0,26,7,,0,A
369169000,2020-11-21T04:32:49,33.91321,-119.56568,2.8,71.3,73.0,MICHAEL UHL,,WXAR,60,0,26,7,,0,A
369169000,2020-11-21T04:34:00,33.91337,-119.56463,2.6,80.5,74.0,MICHAEL UHL,,WXAR,60,0,26,7,,0,A
369169000,2020-11-21T04:36:00,33.91366,-119.56289,2.6,78.9,74.0,MICHAEL UHL,,WXAR,60,0,26,7,,0,A
369169000,2020-11-21T04:38:00,33.91393,-119.56113,2.5,79.2,73.0,MICHAEL UHL,,WXAR,60,0,26,7,,0,A
369169000,2020-11-21T04:39:19,33.91413,-119.55995,2.7,81.1,73.0,MICHAEL UHL,,WXAR,60,0,26,7,,0,A
369169000,2020-11-21T04:40:30,33.91428,-119.55895,2.7,78.3,73.0,MICHAEL UHL,,WXAR,60,0,26,7,,0,A
369169000,2020-11-21T10:25:49,33.91653,-119.55897,2.8,249.1,230.0,MICHAEL UHL,,WXAR,60,0,26,7,,0,A
369169000,2020-11-21T10:27:00,33.91647,-119.55915,2.5,245.6,230.0,MICHAEL UHL,,WXAR,60,0,26,7,,0,A
369169000,2020-11-21T10:28:49,33.91547,-119.56168,2.4,243.8,226.0,MICHAEL UHL,,WXAR,60,0,26,7,,0,A
369169000,2020-11-21T10:30:29,33.91493,-119.56322,3.3,254.3,236.0,MICHAEL UHL,,WXAR,60,0,26,7,,0,A
369169000,2020-11-21T10:31:40,33.91475,-119.56440,3.7,266.5,253.0,MICHAEL UHL,,WXAR,60,0,26,7,,0,A
369169000,2020-11-21T10:32:49,33.91477,-119.56568,3.0,284.6,272.0,MICHAEL UHL,,WXAR,60,0,26,7,,0,A
369169000,2020-11-21T10:34:50,33.91520,-119.56785,3.4,284.4,275.0,MICHAEL UHL,,WXAR,60,0,26,7,,0,A
369169000,2020-11-21T10:36:31,33.91546,-119.56967,3.4,273.3,266.0,MICHAEL UHL,,WXAR,60,0,26,7,,0,A
369169000,2020-11-21T10:37:39,33.91551,-119.57087,3.3,272.4,258.0,MICHAEL UHL,,WXAR,60,0,26,7,,0,A
369169000,2020-11-21T10:39:00,33.91542,-119.57228,2.4,263.8,248.0,MICHAEL UHL,,WXAR,60,0,26,7,,0,A
369169000,2020-11-21T10:41:29,33.91505,-119.57477,2.9,252.8,244.0,MICHAEL UHL,,WXAR,60,0,26,7,,0,A
369169000,2020-11-21T10:43:19,33.91470,-119.57664,3.1,261.8,245.0,MICHAEL UHL,,WXAR,60,0,26,7,,0,A
369169000,2020-11-21T10:44:29,33.91445,-119.57784,2.9,260.1,245.0,MICHAEL UHL,,WXAR,60,0,26,7,,0,A
369169000,2020-11-21T10:46:20,33.91411,-119.57970,2.7,255.4,245.0,MICHAEL UHL,,WXAR,60,0,26,7,,0,A
369169000,2020-11-21T10:48:20,33.91368,-119.58180,3.5,260.1,245.0,MICHAEL UHL,,WXAR,60,0,26,7,,0,A
369169000,2020-11-21T10:50:30,33.91319,-119.58404,3.4,255.2,243.0,MICHAEL UHL,,WXAR,60,0,26,7,,0,A
369169000,2020-11-21T10:53:10,33.91253,-119.58684,3.0,255.4,242.0,MICHAEL UHL,,WXAR,60,0,26,7,,0,A
369169000,2020-11-21T10:54:29,33.91219,-119.58819,3.0,250.0,241.0,MICHAEL UHL,,WXAR,60,0,26,7,,0,A
369169000,2020-11-21T10:56:10,33.91172,-119.58991,3.6,253.5,239.0,MICHAEL UHL,,WXAR,60,0,26,7,,0,A
369169000,2020-11-21T10:58:19,33.91107,-119.59204,3.3,246.1,237.0,MICHAEL UHL,,WXAR,60,0,26,7,,0,A
369169000,2020-11-21T10:59:29,33.91066,-119.59318,2.9,245.4,236.0,MICHAEL UHL,,WXAR,60,0,26,7,,0,A
369169000,2020-11-21T10:59:59,33.91048,-119.59367,3.1,247.4,236.0,MICHAEL UHL,,WXAR,60,0,26,7,,0,A
369169000,2020-11-21T11:01:19,33.91002,-119.59498,3.1,249.5,237.0,MICHAEL UHL,,WXAR,60,0,26,7,,0,A
369169000,2020-11-21T11:02:29,33.90962,-119.59611,3.6,248.3,238.0,MICHAEL UHL,,WXAR,60,0,26,7,,0,A
369169000,2020-11-21T11:03:41,33.90924,-119.59728,2.9,250.6,239.0,MICHAEL UHL,,WXAR,60,0,26,7,,0,A
369169000,2020-11-21T11:04:50,33.90887,-119.59843,3.4,253.9,238.0,MICHAEL UHL,,WXAR,60,0,26,7,,0,A
369169000,2020-11-21T11:05:51,33.90855,-119.59941,2.9,244.0,238.0,MICHAEL UHL,,WXAR,60,0,26,7,,0,A
369169000,2020-11-21T11:07:00,33.90850,-119.59958,3.1,247.6,238.0,MICHAEL UHL,,WXAR,60,0,26,7,,0,A
369169000,2020-11-22T11:48:40,33.91794,-119.55964,2.7,266.9,254.0,MICHAEL UHL,,WXAR,60,0,26,7,,0,A
369169000,2020-11-22T14:01:01,33.91192,-119.55887,1.1,260.3,239.0,MICHAEL UHL,,WXAR,60,0,26,7,,0,A
369169000,2020-11-22T14:02:10,33.91183,-119.55956,1.8,267.8,240.0,MICHAEL UHL,,WXAR,60,0,26,7,,0,A
369169000,2020-11-22T14:03:20,33.91175,-119.56028,1.9,260.2,239.0,MICHAEL UHL,,WXAR,60,0,26,7,,0,A
369169000,2020-11-22T14:04:30,33.91166,-119.56097,2.3,259.9,239.0,MICHAEL UHL,,WXAR,60,0,26,7,,0,A
369169000,2020-11-22T14:05:41,33.91158,-119.56164,2.0,267.1,239.0,MICHAEL UHL,,WXAR,60,0,26,7,,0,A
369169000,2020-11-22T14:06:50,33.91148,-119.56234,1.6,270.1,241.0,MICHAEL UHL,,WXAR,60,0,26,7,,0,A
369169000,2020-11-22T14:08:00,33.91143,-119.56308,1.4,261.5,239.0,MICHAEL UHL,,WXAR,60,0,26,7,,0,A
369169000,2020-11-22T14:09:09,33.91134,-119.56384,2.1,262.8,239.0,MICHAEL UHL,,WXAR,60,0,26,7,,0,A
369169000,2020-11-22T14:10:30,33.91124,-119.56474,2.4,271.7,241.0,MICHAEL UHL,,WXAR,60,0,26,7,,0,A
369169000,2020-11-22T14:12:01,33.91103,-119.56578,2.4,244.1,215.0,MICHAEL UHL,,WXAR,60,0,26,7,,0,A
369169000,2020-11-22T14:13:06,33.91055,-119.56625,2.2,202.9,178.0,MICHAEL UHL,,WXAR,60,0,26,7,,0,A
369169000,2020-11-22T14:14:16,33.90992,-119.56619,2.2,154.7,142.0,MICHAEL UHL,,WXAR,60,0,26,7,,0,A
369169000,2020-11-22T14:15:23,33.90957,-119.56561,1.9,98.4,107.0,MICHAEL UHL,,WXAR,60,0,26,7,,0,A
369169000,2020-11-22T14:16:33,33.90973,-119.56477,2.4,57.0,65.0,MICHAEL UHL,,WXAR,60,0,26,7,,0,A
369169000,2020-11-22T14:17:39,33.91017,-119.56397,2.5,64.1,74.0,MICHAEL UHL,,WXAR,60,0,26,7,,0,A
369169000,2020-11-22T14:18:50,33.91049,-119.56304,2.5,67.2,77.0,MICHAEL UHL,,WXAR,60,0,26,7,,0,A
369169000,2020-11-22T14:20:10,33.91092,-119.56198,2.9,60.1,72.0,MICHAEL UHL,,WXAR,60,0,26,7,,0,A
369169000,2020-11-22T14:22:10,33.91148,-119.56036,2.5,70.1,80.0,MICHAEL UHL,,WXAR,60,0,26,7,,0,A
369169000,2020-11-22T14:23:31,33.91179,-119.55925,2.8,65.6,79.0,MICHAEL UHL,,WXAR,60,0,26,7,,0,A
369169000,2020-11-22T14:54:31,33.91273,-119.55869,2.1,276.8,244.0,MICHAEL UHL,,WXAR,60,0,26,7,,0,A
369169000,2020-11-22T14:55:59,33.91278,-119.55957,1.7,276.2,248.0,MICHAEL UHL,,WXAR,60,0,26,7,,0,A
369169000,2020-11-22T14:58:29,33.91301,-119.56114,2.3,286.5,271.0,MICHAEL UHL,,WXAR,60,0,26,7,,0,A
369169000,2020-11-22T14:59:59,33.91345,-119.56205,2.0,296.2,287.0,MICHAEL UHL,,WXAR,60,0,26,7,,0,A
369169000,2020-11-22T14:59:59,33.91345,-119.56205,2.0,296.2,287.0,MICHAEL UHL,,WXAR,60,0,26,7,,0,A
369169000,2020-11-22T15:01:10,33.91385,-119.56274,2.2,309.8,286.0,MICHAEL UHL,,WXAR,60,0,26,7,,0,A
369169000,2020-11-22T15:02:20,33.91425,-119.56340,1.9,301.1,281.0,MICHAEL UHL,,WXAR,60,0,26,7,,0,A
369169000,2020-11-22T15:03:29,33.91461,-119.56403,1.6,302.1,286.0,MICHAEL UHL,,WXAR,60,0,26,7,,0,A
369169000,2020-11-22T15:04:40,33.91506,-119.56463,2.2,307.7,288.0,MICHAEL UHL,,WXAR,60,0,26,7,,0,A
369169000,2020-11-22T15:05:51,33.91548,-119.56522,2.9,310.0,284.0,MICHAEL UHL,,WXAR,60,0,26,7,,0,A
369169000,2020-11-22T15:06:52,33.91579,-119.56570,2.2,306.5,279.0,MICHAEL UHL,,WXAR,60,0,26,7,,0,A
369169000,2020-11-22T15:08:01,33.91615,-119.56638,2.6,304.2,283.0,MICHAEL UHL,,WXAR,60,0,26,7,,0,A
369169000,2020-11-22T15:09:29,33.91667,-119.56717,1.4,305.3,285.0,MICHAEL UHL,,WXAR,60,0,26,7,,0,A
369169000,2020-11-22T15:10:40,33.91707,-119.56787,1.8,302.9,281.0,MICHAEL UHL,,WXAR,60,0,26,7,,0,A
369169000,2020-11-22T15:12:00,33.91750,-119.56867,1.5,298.4,282.0,MICHAEL UHL,,WXAR,60,0,26,7,,0,A
369169000,2020-11-22T15:14:00,33.91786,-119.56926,1.7,301.7,284.0,MICHAEL UHL,,WXAR,60,0,26,7,,0,A
369169000,2020-11-22T22:56:20,33.90373,-119.60117,2.0,87.5,85.0,MICHAEL UHL,,WXAR,60,0,26,7,,0,A
369169000,2020-11-22T22:58:01,33.90377,-119.60007,2.2,84.6,85.0,MICHAEL UHL,,WXAR,60,0,26,7,,0,A
369169000,2020-11-22T22:59:20,33.90379,-119.59920,1.8,89.1,85.0,MICHAEL UHL,,WXAR,60,0,26,7,,0,A
369169000,2020-11-22T23:00:01,33.90380,-119.59876,1.8,87.9,83.0,MICHAEL UHL,,WXAR,60,0,26,7,,0,A
369169000,2020-11-22T23:02:01,33.90384,-119.59811,2.1,87.1,84.0,MICHAEL UHL,,WXAR,60,0,26,7,,0,A
369169000,2020-11-22T23:03:10,33.90390,-119.59671,2.0,81.3,84.0,MICHAEL UHL,,WXAR,60,0,26,7,,0,A
369169000,2020-11-22T23:04:20,33.90396,-119.59594,1.6,83.4,85.0,MICHAEL UHL,,WXAR,60,0,26,7,,0,A
369169000,2020-11-22T23:06:00,33.90398,-119.59552,2.0,87.8,84.0,MICHAEL UHL,,WXAR,60,0,26,7,,0,A
369169000,2020-11-22T23:07:10,33.90408,-119.59410,2.2,82.1,85.0,MICHAEL UHL,,WXAR,60,0,26,7,,0,A
369169000,2020-11-22T23:08:29,33.90415,-119.59324,1.6,88.6,84.0,MICHAEL UHL,,WXAR,60,0,26,7,,0,A
369169000,2020-11-22T23:09:50,33.90423,-119.59236,2.5,83.4,84.0,MICHAEL UHL,,WXAR,60,0,26,7,,0,A
369169000,2020-11-22T23:11:31,33.90434,-119.59127,2.1,86.6,85.0,MICHAEL UHL,,WXAR,60,0,26,7,,0,A
369169000,2020-11-22T23:12:49,33.90442,-119.59041,2.0,86.9,86.0,MICHAEL UHL,,WXAR,60,0,26,7,,0,A
369169000,2020-11-22T23:14:31,33.90455,-119.58932,1.9,81.0,83.0,MICHAEL UHL,,WXAR,60,0,26,7,,0,A
369169000,2020-11-22T23:16:19,33.90468,-119.58812,2.3,78.2,85.0,MICHAEL UHL,,WXAR,60,0,26,7,,0,A
369169000,2020-11-22T23:18:19,33.90480,-119.58682,2.1,75.0,84.0,MICHAEL UHL,,WXAR,60,0,26,7,,0,A
369169000,2020-11-22T23:19:59,33.90492,-119.58573,2.2,79.4,83.0,MICHAEL UHL,,WXAR,60,0,26,7,,0,A
369169000,2020-11-22T23:21:30,33.90504,-119.58472,1.8,81.3,86.0,MICHAEL UHL,,WXAR,60,0,26,7,,0,A
369169000,2020-11-22T23:22:59,33.90514,-119.58377,1.9,89.4,84.0,MICHAEL UHL,,WXAR,60,0,26,7,,0,A
369169000,2020-11-22T23:24:30,33.90524,-119.58276,2.1,82.3,85.0,MICHAEL UHL,,WXAR,60,0,26,7,,0,A
369169000,2020-11-22T23:25:59,33.90533,-119.58178,2.0,83.5,84.0,MICHAEL UHL,,WXAR,60,0,26,7,,0,A
369169000,2020-11-22T23:28:30,33.90549,-119.58012,2.1,77.9,84.0,MICHAEL UHL,,WXAR,60,0,26,7,,0,A
369169000,2020-11-22T23:30:50,33.90562,-119.57860,2.1,86.9,85.0,MICHAEL UHL,,WXAR,60,0,26,7,,0,A
369169000,2020-11-22T23:32:40,33.90570,-119.57741,2.1,83.3,85.0,MICHAEL UHL,,WXAR,60,0,26,7,,0,A
369169000,2020-11-22T23:33:50,33.90572,-119.57651,2.4,87.7,83.0,MICHAEL UHL,,WXAR,60,0,26,7,,0,A
369169000,2020-11-22T23:35:40,33.90592,-119.57493,2.2,81.2,77.0,MICHAEL UHL,,WXAR,60,0,26,7,,0,A
369169000,2020-11-22T23:36:50,33.90606,-119.57413,2.2,75.1,79.0,MICHAEL UHL,,WXAR,60,0,26,7,,0,A
369169000,2020-11-22T23:38:20,33.90617,-119.57315,1.9,79.6,80.0,MICHAEL UHL,,WXAR,60,0,26,7,,0,A
369169000,2020-11-22T23:41:10,33.90642,-119.57132,1.6,81.6,80.0,MICHAEL UHL,,WXAR,60,0,26,7,,0,A
369169000,2020-11-22T23:43:30,33.90661,-119.56981,2.1,78.9,80.0,MICHAEL UHL,,WXAR,60,0,26,7,,0,A
369169000,2020-11-22T23:44:31,33.90670,-119.56916,2.0,81.6,79.0,MICHAEL UHL,,WXAR,60,0,26,7,,0,A
369169000,2020-11-22T23:46:21,33.90682,-119.56796,1.9,87.4,80.0,MICHAEL UHL,,WXAR,60,0,26,7,,0,A
369169000,2020-11-22T23:48:30,33.90701,-119.56657,1.8,76.9,80.0,MICHAEL UHL,,WXAR,60,0,26,7,,0,A
369169000,2020-11-22T23:49:50,33.90709,-119.56571,2.0,81.8,78.0,MICHAEL UHL,,WXAR,60,0,26,7,,0,A
369169000,2020-11-22T23:51:30,33.90723,-119.56462,2.3,84.1,81.0,MICHAEL UHL,,WXAR,60,0,26,7,,0,A
369169000,2020-11-22T23:52:59,33.90733,-119.56365,1.7,80.0,79.0,MICHAEL UHL,,WXAR,60,0,26,7,,0,A
369169000,2020-11-22T23:54:00,33.90742,-119.56300,2.1,78.6,80.0,MICHAEL UHL,,WXAR,60,0,26,7,,0,A
369169000,2020-11-22T23:55:49,33.90752,-119.56182,1.9,84.0,79.0,MICHAEL UHL,,WXAR,60,0,26,7,,0,A
369169000,2020-11-22T23:56:59,33.90758,-119.56107,1.8,86.4,80.0,MICHAEL UHL,,WXAR,60,0,26,7,,0,A
369169000,2020-11-22T23:59:49,33.90773,-119.55928,1.9,80.7,79.0,MICHAEL UHL,,WXAR,60,0,26,7,,0,A
369169000,2020-11-23T00:00:19,33.90778,-119.55894,2.0,82.2,77.0,MICHAEL UHL,,WXAR,60,0,26,7,,0,A
369169000,2020-11-23T00:02:00,33.90785,-119.55851,2.0,81.6,78.0,MICHAEL UHL,,WXAR,60,0,26,7,,0,A
367565750,2020-07-12T17:45:38,33.91000,-119.57633,15.6,214.4,202.0,ISLAND EXPLORER,,WDG7285,60,0,19,,,,A
369970304,2020-09-17T20:00:02,33.90713,-119.60116,19.9,50.1,511.0,FPC-8512,,,90,0,,,,0,A
369970304,2020-09-17T20:01:03,33.91098,-119.59606,21.2,45.3,511.0,FPC-8512,,,90,0,,,,0,A
369970304,2020-09-17T20:02:26,33.91649,-119.58870,20.8,49.1,511.0,FPC-8512,,,90,0,,,,0,A
369169000,2020-11-20T18:07:29,33.90999,-119.60125,3.3,60.8,65.0,MICHAEL UHL,,WXAR,60,0,26,7,,0,A
369169000,2020-11-20T18:08:41,33.91048,-119.60014,3.4,65.4,65.0,MICHAEL UHL,,WXAR,60,0,26,7,,0,A
369169000,2020-11-20T18:09:49,33.91092,-119.59909,3.4,57.2,65.0,MICHAEL UHL,,WXAR,60,0,26,7,,0,A
369169000,2020-11-20T18:11:00,33.91137,-119.59802,2.7,64.0,67.0,MICHAEL UHL,,WXAR,60,0,26,7,,0,A
369169000,2020-11-20T18:12:09,33.91173,-119.59718,2.3,65.0,65.0,MICHAEL UHL,,WXAR,60,0,26,7,,0,A
369169000,2020-11-20T18:13:40,33.91218,-119.59613,2.4,59.3,65.0,MICHAEL UHL,,WXAR,60,0,26,7,,0,A
369169000,2020-11-20T18:14:50,33.91253,-119.59535,2.3,61.6,64.0,MICHAEL UHL,,WXAR,60,0,26,7,,0,A
369169000,2020-11-20T18:16:21,33.91296,-119.59433,2.6,61.2,64.0,MICHAEL UHL,,WXAR,60,0,26,7,,0,A
369169000,2020-11-20T18:17:49,33.91339,-119.59332,2.6,60.0,64.0,MICHAEL UHL,,WXAR,60,0,26,7,,0,A
369169000,2020-11-20T18:19:49,33.91395,-119.59198,2.1,61.8,64.0,MICHAEL UHL,,WXAR,60,0,26,7,,0,A
369169000,2020-11-20T18:20:59,33.91428,-119.59118,2.3,66.0,65.0,MICHAEL UHL,,WXAR,60,0,26,7,,0,A
369169000,2020-11-20T18:22:49,33.91479,-119.58995,2.2,65.2,64.0,MICHAEL UHL,,WXAR,60,0,26,7,,0,A
369169000,2020-11-20T18:24:11,33.91515,-119.58900,2.3,67.5,64.0,MICHAEL UHL,,WXAR,60,0,26,7,,0,A
369169000,2020-11-20T18:26:20,33.91573,-119.58753,2.1,64.1,64.0,MICHAEL UHL,,WXAR,60,0,26,7,,0,A
369169000,2020-11-20T18:28:11,33.91620,-119.58630,1.9,66.6,64.0,MICHAEL UHL,,WXAR,60,0,26,7,,0,A
369169000,2020-11-20T18:30:11,33.91672,-119.58495,1.8,68.8,65.0,MICHAEL UHL,,WXAR,60,0,26,7,,0,A
369169000,2020-11-20T18:31:20,33.91701,-119.58416,2.3,60.7,64.0,MICHAEL UHL,,WXAR,60,0,26,7,,0,A
369169000,2020-11-20T18:32:31,33.91731,-119.58337,2.3,67.4,64.0,MICHAEL UHL,,WXAR,60,0,26,7,,0,A
369169000,2020-11-20T18:33:39,33.91763,-119.58259,2.0,67.9,65.0,MICHAEL UHL,,WXAR,60,0,26,7,,0,A
369169000,2020-11-20T18:35:00,33.91771,-119.58236,2.3,68.1,64.0,MICHAEL UHL,,WXAR,60,0,26,7,,0,A
369169000,2020-11-20T20:39:40,33.91794,-119.57958,1.4,264.8,261.0,MICHAEL UHL,,WXAR,60,0,26,7,,0,A
369169000,2020-11-20T20:40:59,33.91795,-119.58029,1.8,267.3,266.0,MICHAEL UHL,,WXAR,60,0,26,7,,0,A
369169000,2020-11-20T21:05:29,33.91796,-119.59407,1.5,268.7,267.0,MICHAEL UHL,,WXAR,60,0,26,7,,0,A
369169000,2020-11-20T21:06:40,33.91796,-119.59477,1.9,273.7,268.0,MICHAEL UHL,,WXAR,60,0,26,7,,0,A
369169000,2020-11-20T21:07:59,33.91792,-119.59554,2.2,264.7,268.0,MICHAEL UHL,,WXAR,60,0,26,7,,0,A
369169000,2020-11-20T21:09:29,33.91786,-119.59642,2.0,258.8,268.0,MICHAEL UHL,,WXAR,60,0,26,7,,0,A
369169000,2020-11-20T21:10:30,33.91786,-119.59703,2.2,265.3,267.0,MICHAEL UHL,,WXAR,60,0,26,7,,0,A
369169000,2020-11-20T21:11:31,33.91783,-119.59764,1.5,269.8,267.0,MICHAEL UHL,,WXAR,60,0,26,7,,0,A
369169000,2020-11-20T21:12:40,33.91779,-119.59836,1.5,263.4,268.0,MICHAEL UHL,,WXAR,60,0,26,7,,0,A
369169000,2020-11-20T21:14:00,33.91778,-119.59857,2.2,266.7,267.0,MICHAEL UHL,,WXAR,60,0,26,7,,0,A
369169000,2020-11-20T21:15:40,33.91770,-119.60017,2.1,263.9,267.0,MICHAEL UHL,,WXAR,60,0,26,7,,0,A
369169000,2020-11-20T21:17:00,33.91768,-119.60037,2.2,260.5,268.0,MICHAEL UHL,,WXAR,60,0,26,7,,0,A
338145512,2020-09-06T16:38:39,33.91743,-119.57771,7.5,238.8,511.0,THERAPY,,,37,,11,4,,,B
338145512,2020-09-06T16:39:40,33.91618,-119.57972,6.5,233.8,511.0,THERAPY,,,37,,11,4,,,B
338145512,2020-09-06T16:41:10,33.91556,-119.58337,7.1,250.5,511.0,THERAPY,,,37,,11,4,,,B
338145512,2020-09-06T16:43:11,33.91224,-119.58598,7.1,190.9,511.0,THERAPY,,,37,,11,4,,,B
338145512,2020-09-06T16:44:41,33.90936,-119.58553,7.2,155.5,511.0,THERAPY,,,37,,11,4,,,B
338145512,2020-09-06T16:46:14,33.90647,-119.58592,7.5,191.9,511.0,THERAPY,,,37,,11,4,,,B
338145512,2020-09-06T16:48:40,33.90211,-119.58416,6.8,145.1,511.0,THERAPY,,,37,,11,4,,,B
338145512,2020-09-06T16:50:09,33.90004,-119.58190,7.3,126.0,511.0,THERAPY,,,37,,11,4,,,B
338145512,2020-09-06T16:51:12,33.89884,-119.57990,6.7,128.1,511.0,THERAPY,,,37,,11,4,,,B
338145512,2020-09-06T16:53:11,33.89672,-119.57614,7.8,119.9,511.0,THERAPY,,,37,,11,4,,,B
338145512,2020-09-06T16:54:40,33.89538,-119.57304,7.4,109.9,511.0,THERAPY,,,37,,11,4,,,B
338145512,2020-09-06T16:55:41,33.89505,-119.57067,6.9,101.2,511.0,THERAPY,,,37,,11,4,,,B
338145512,2020-09-06T16:58:41,33.89350,-119.56385,7.4,98.8,511.0,THERAPY,,,37,,11,4,,,B
338145512,2020-09-06T16:59:42,33.89314,-119.56145,7.4,103.2,511.0,THERAPY,,,37,,11,4,,,B
338145512,2020-09-06T17:00:10,33.89296,-119.56059,5.2,101.9,511.0,THERAPY,,,37,,11,4,,,B
338145512,2020-09-06T17:01:12,33.89270,-119.55920,1.4,93.0,511.0,THERAPY,,,37,,11,4,,,B
338145512,2020-09-12T17:53:23,33.89977,-119.55904,8.0,292.3,511.0,THERAPY,,,37,,11,4,,,B
338145512,2020-09-12T17:54:54,33.90107,-119.56259,7.7,299.1,511.0,THERAPY,,,37,,11,4,,,B
338145512,2020-09-12T17:56:24,33.90238,-119.56611,7.8,292.4,511.0,THERAPY,,,37,,11,4,,,B
338145512,2020-09-12T17:57:53,33.90366,-119.56958,7.6,298.8,511.0,THERAPY,,,37,,11,4,,,B
338145512,2020-09-12T17:59:23,33.90497,-119.57307,7.5,292.9,511.0,THERAPY,,,37,,11,4,,,B
338145512,2020-09-12T18:00:23,33.90584,-119.57541,7.9,292.9,511.0,THERAPY,,,37,,11,4,,,B
338145512,2020-09-12T18:01:53,33.90715,-119.57891,7.7,294.2,511.0,THERAPY,,,37,,11,4,,,B
338145512,2020-09-12T18:03:23,33.90844,-119.58241,7.1,290.6,511.0,THERAPY,,,37,,11,4,,,B
338145512,2020-09-12T18:04:53,33.90979,-119.58592,7.8,290.1,511.0,THERAPY,,,37,,11,4,,,B
338145512,2020-09-12T18:06:24,33.91108,-119.58949,7.8,297.0,511.0,THERAPY,,,37,,11,4,,,B
338145512,2020-09-12T18:07:53,33.91234,-119.59290,7.7,296.4,511.0,THERAPY,,,37,,11,4,,,B
338145512,2020-09-12T18:08:54,33.91319,-119.59525,7.9,293.0,511.0,THERAPY,,,37,,11,4,,,B
338145512,2020-09-12T18:10:25,33.91445,-119.59873,7.6,293.2,511.0,THERAPY,,,37,,11,4,,,B
338145512,2020-09-13T18:49:02,33.90237,-119.60096,7.2,86.2,511.0,THERAPY,,,37,,11,4,,,B
338145512,2020-09-13T18:50:33,33.90253,-119.59735,6.7,95.8,511.0,THERAPY,,,37,,11,4,,,B
338145512,2020-09-13T18:53:04,33.90182,-119.60113,7.7,285.3,511.0,THERAPY,,,37,,11,4,,,B
338145512,2020-09-13T19:02:33,33.89757,-119.60055,7.2,105.4,511.0,THERAPY,,,37,,11,4,,,B
338145512,2020-09-13T19:04:01,33.89731,-119.59709,7.2,92.8,511.0,THERAPY,,,37,,11,4,,,B
338145512,2020-09-13T19:05:02,33.89720,-119.59466,7.2,92.6,511.0,THERAPY,,,37,,11,4,,,B
338145512,2020-09-13T19:06:04,33.89705,-119.59222,7.2,96.3,511.0,THERAPY,,,37,,11,4,,,B
338145512,2020-09-13T19:07:32,33.89657,-119.58881,7.0,99.6,511.0,THERAPY,,,37,,11,4,,,B
338145512,2020-09-13T19:09:02,33.89637,-119.58526,6.7,91.7,511.0,THERAPY,,,37,,11,4,,,B
338145512,2020-09-13T19:10:03,33.89628,-119.58285,7.1,95.5,511.0,THERAPY,,,37,,11,4,,,B
338145512,2020-09-13T19:11:05,33.89619,-119.58040,7.1,94.5,511.0,THERAPY,,,37,,11,4,,,B
338145512,2020-09-13T19:12:31,33.89596,-119.57703,7.0,93.7,511.0,THERAPY,,,37,,11,4,,,B
338145512,2020-09-13T19:15:01,33.89576,-119.57349,7.5,92.8,511.0,THERAPY,,,37,,11,4,,,B
338145512,2020-09-13T19:16:03,33.89547,-119.56873,7.4,93.2,511.0,THERAPY,,,37,,11,4,,,B
338145512,2020-09-13T19:17:33,33.89526,-119.56515,7.1,97.7,511.0,THERAPY,,,37,,11,4,,,B
338145512,2020-09-13T19:19:01,33.89510,-119.56161,7.0,89.2,511.0,THERAPY,,,37,,11,4,,,B
338145512,2020-09-13T20:41:01,33.89834,-119.56262,7.1,282.1,511.0,THERAPY,,,37,,11,4,,,B
338145512,2020-09-13T20:42:33,33.89864,-119.56634,7.3,276.9,511.0,THERAPY,,,37,,11,4,,,B
338145512,2020-09-13T20:45:03,33.89943,-119.57232,7.2,286.5,511.0,THERAPY,,,37,,11,4,,,B
338145512,2020-09-13T20:46:33,33.90017,-119.57597,7.1,284.5,511.0,THERAPY,,,37,,11,4,,,B
338145512,2020-09-13T20:48:02,33.90061,-119.57956,8.4,278.8,511.0,THERAPY,,,37,,11,4,,,B
338145512,2020-09-13T20:50:31,33.90137,-119.58567,7.9,279.8,511.0,THERAPY,,,37,,11,4,,,B
338145512,2020-09-13T20:51:32,33.90171,-119.58816,7.4,279.0,511.0,THERAPY,,,37,,11,4,,,B
338145512,2020-09-13T20:55:01,33.90287,-119.59668,7.1,280.5,511.0,THERAPY,,,37,,11,4,,,B
338145512,2020-09-13T20:56:32,33.90370,-119.60029,7.8,285.6,511.0,THERAPY,,,37,,11,4,,,B
369970281,2020-12-15T14:51:44,33.88301,-119.55837,6.4,238.4,245.0,DIANE G,,,90,0,,,,39,A
369970281,2020-12-15T20:10:04,33.91054,-119.55983,6.7,212.4,217.0,DIANE G,,,90,0,,,,39,A
369970281,2020-12-15T20:11:15,33.90870,-119.56132,6.8,213.2,216.0,DIANE G,,,90,0,,,,39,A
369970281,2020-12-15T20:12:25,33.90692,-119.56280,6.7,214.3,217.0,DIANE G,,,90,0,,,,39,A
369970281,2020-12-15T20:14:04,33.90434,-119.56484,6.8,214.2,218.0,DIANE G,,,90,0,,,,39,A
369970281,2020-12-15T20:15:14,33.90251,-119.56626,6.7,213.5,215.0,DIANE G,,,90,0,,,,39,A
369970281,2020-12-15T20:16:23,33.90069,-119.56766,6.8,212.1,214.0,DIANE G,,,90,0,,,,39,A
369970281,2020-12-15T20:17:24,33.89908,-119.56887,6.9,213.1,217.0,DIANE G,,,90,0,,,,39,A
369970281,2020-12-15T20:19:34,33.89554,-119.57153,6.8,212.4,214.0,DIANE G,,,90,0,,,,39,A
369970281,2020-12-15T20:20:54,33.89407,-119.57264,4.2,214.6,215.0,DIANE G,,,90,0,,,,39,A
369970281,2020-12-15T20:22:04,33.89301,-119.57348,3.9,213.3,215.0,DIANE G,,,90,0,,,,39,A
369970281,2020-12-15T20:24:14,33.89109,-119.57500,3.8,212.6,215.0,DIANE G,,,90,0,,,,39,A
369970281,2020-12-15T20:26:14,33.88938,-119.57645,3.8,214.9,216.0,DIANE G,,,90,0,,,,39,A
369970281,2020-12-15T20:27:15,33.88853,-119.57719,3.7,217.4,225.0,DIANE G,,,90,0,,,,39,A
369970281,2020-12-15T20:28:27,33.88780,-119.57832,3.6,237.6,246.0,DIANE G,,,90,0,,,,39,A
369970281,2020-12-15T20:30:05,33.88695,-119.58005,3.7,240.3,245.0,DIANE G,,,90,0,,,,39,A
369970281,2020-12-15T20:31:15,33.88634,-119.58127,3.7,239.4,246.0,DIANE G,,,90,0,,,,39,A
369970281,2020-12-15T20:32:23,33.88577,-119.58250,3.7,242.3,247.0,DIANE G,,,90,0,,,,39,A
369970281,2020-12-15T20:33:24,33.88526,-119.58358,3.7,241.0,248.0,DIANE G,,,90,0,,,,39,A
369970281,2020-12-15T20:36:25,33.88368,-119.58689,3.7,239.8,246.0,DIANE G,,,90,0,,,,39,A
369970281,2020-12-15T20:37:42,33.88266,-119.58836,5.2,213.2,174.0,DIANE G,,,90,0,,,,39,A
369970281,2020-11-06T00:45:59,33.89259,-119.58047,8.9,41.1,43.0,DIANE G,,,90,0,,,,39,A
369970281,2020-11-06T00:50:20,33.90071,-119.57190,8.9,40.5,42.0,DIANE G,,,90,0,,,,39,A
369970281,2020-11-06T00:54:20,33.90807,-119.56376,8.9,44.1,47.0,DIANE G,,,90,0,,,,39,A
369970281,2020-11-06T00:55:39,33.91040,-119.56094,9.0,45.1,46.0,DIANE G,,,90,0,,,,39,A
369970304,2020-10-06T21:01:04,33.89326,-119.59999,17.8,44.3,511.0,FPC-8512,,,90,0,,,,0,A
369970304,2020-10-06T21:02:08,33.89694,-119.59548,17.9,46.0,511.0,FPC-8512,,,90,0,,,,0,A
369970304,2020-10-06T21:03:15,33.90073,-119.59102,17.9,44.6,511.0,FPC-8512,,,90,0,,,,0,A
369970304,2020-10-06T21:04:21,33.90446,-119.58647,17.6,45.2,511.0,FPC-8512,,,90,0,,,,0,A
369970304,2020-10-06T21:05:27,33.90812,-119.58207,17.2,44.3,511.0,FPC-8512,,,90,0,,,,0,A
369970304,2020-10-06T21:06:32,33.91179,-119.57762,16.6,44.8,511.0,FPC-8512,,,90,0,,,,0,A
369970304,2020-10-06T21:07:33,33.91530,-119.57359,17.1,45.3,511.0,FPC-8512,,,90,0,,,,0,A
369970304,2020-10-06T22:03:09,33.91729,-119.57113,16.8,45.0,511.0,FPC-8512,,,90,0,,,,0,A
367166820,2020-10-12T19:26:11,33.88319,-119.56044,8.5,328.6,511.0,PILIKIA,,WDD5989,30,,21,6,,,B
367166820,2020-10-12T19:27:43,33.88628,-119.56266,8.6,329.6,511.0,PILIKIA,,WDD5989,30,,21,6,,,B
367166820,2020-10-12T19:29:10,33.88903,-119.56495,8.6,322.7,511.0,PILIKIA,,WDD5989,30,,21,6,,,B
367166820,2020-10-12T19:30:11,33.89097,-119.56663,8.5,322.7,511.0,PILIKIA,,WDD5989,30,,21,6,,,B
367166820,2020-10-12T19:31:39,33.89369,-119.56896,8.5,326.8,511.0,PILIKIA,,WDD5989,30,,21,6,,,B
367166820,2020-10-12T19:33:41,33.89782,-119.57191,8.4,330.1,511.0,PILIKIA,,WDD5989,30,,21,6,,,B
367166820,2020-10-12T19:35:10,33.90079,-119.57402,8.3,327.1,511.0,PILIKIA,,WDD5989,30,,21,6,,,B
367166820,2020-10-12T19:37:11,33.90453,-119.57727,8.4,324.4,511.0,PILIKIA,,WDD5989,30,,21,6,,,B
367166820,2020-10-12T19:38:42,33.90733,-119.57973,8.1,323.3,511.0,PILIKIA,,WDD5989,30,,21,6,,,B
367166820,2020-10-12T19:40:11,33.91034,-119.58192,8.5,329.6,511.0,PILIKIA,,WDD5989,30,,21,6,,,B
367166820,2020-10-12T19:41:40,33.91327,-119.58402,8.6,328.2,511.0,PILIKIA,,WDD5989,30,,21,6,,,B
367166820,2020-10-14T20:52:25,33.91687,-119.59660,13.1,72.6,511.0,PILIKIA,,WDD5989,30,,21,6,,,B
369970304,2020-02-27T01:20:39,33.90170,-119.60059,19.7,61.2,511.0,FPC-8512,,,90,0,,,,0,A
369970304,2020-02-27T01:22:15,33.90580,-119.59130,19.6,61.4,511.0,FPC-8512,,,90,0,,,,0,A
369970304,2020-02-27T01:23:33,33.90910,-119.58368,19.7,64.7,511.0,FPC-8512,,,90,0,,,,0,A
369970304,2020-02-27T01:25:10,33.91339,-119.57415,19.7,61.6,511.0,FPC-8512,,,90,0,,,,0,A
369970304,2020-02-27T01:26:45,33.91767,-119.56460,20.1,61.9,511.0,FPC-8512,,,90,0,,,,0,A
369970281,2020-05-18T22:32:35,33.88248,-119.56092,2.6,305.4,287.0,DIANE G,,,90,0,,,,38,A
369970281,2020-05-18T22:33:42,33.88277,-119.56179,2.6,292.3,285.0,DIANE G,,,90,0,,,,38,A
369970281,2020-05-18T22:34:52,33.88306,-119.56275,2.7,288.5,284.0,DIANE G,,,90,0,,,,38,A
369970281,2020-05-18T22:35:58,33.88332,-119.56366,2.6,289.3,273.0,DIANE G,,,90,0,,,,38,A
369970281,2020-05-18T22:37:02,33.88324,-119.56449,2.4,260.8,265.0,DIANE G,,,90,0,,,,38,A
369970281,2020-05-18T22:38:12,33.88324,-119.56549,2.6,275.0,271.0,DIANE G,,,90,0,,,,38,A
369970281,2020-05-18T22:39:21,33.88321,-119.56652,2.6,268.4,271.0,DIANE G,,,90,0,,,,38,A
369970281,2020-05-18T22:40:32,33.88320,-119.56757,2.7,269.2,268.0,DIANE G,,,90,0,,,,38,A
369970281,2020-05-18T22:41:41,33.88319,-119.56861,2.7,269.2,269.0,DIANE G,,,90,0,,,,38,A
369970281,2020-05-18T22:42:50,33.88320,-119.56964,2.7,270.6,269.0,DIANE G,,,90,0,,,,38,A
369970281,2020-05-18T22:44:02,33.88316,-119.57069,2.7,270.0,272.0,DIANE G,,,90,0,,,,38,A
369970281,2020-05-18T22:45:12,33.88316,-119.57174,2.7,269.2,269.0,DIANE G,,,90,0,,,,38,A
369970281,2020-05-18T22:46:22,33.88312,-119.57282,2.8,267.8,270.0,DIANE G,,,90,0,,,,38,A
369970281,2020-05-18T22:47:30,33.88311,-119.57393,2.9,270.1,272.0,DIANE G,,,90,0,,,,38,A
369970281,2020-05-18T22:48:40,33.88311,-119.57502,2.8,270.0,270.0,DIANE G,,,90,0,,,,38,A
369970281,2020-05-18T22:49:52,33.88308,-119.57614,2.9,269.1,270.0,DIANE G,,,90,0,,,,38,A
369970281,2020-05-18T22:51:02,33.88308,-119.57726,2.9,269.4,270.0,DIANE G,,,90,0,,,,38,A
369970281,2020-05-18T22:52:12,33.88307,-119.57838,2.9,270.3,271.0,DIANE G,,,90,0,,,,38,A
369970281,2020-05-18T22:53:14,33.88277,-119.57906,2.0,210.3,184.0,DIANE G,,,90,0,,,,38,A
369970281,2020-05-18T22:54:15,33.88230,-119.57854,2.5,121.9,107.0,DIANE G,,,90,0,,,,38,A
369970281,2020-05-18T22:55:17,33.88229,-119.57750,3.1,83.0,78.0,DIANE G,,,90,0,,,,38,A
369970281,2020-05-18T22:56:21,33.88252,-119.57633,3.3,76.1,75.0,DIANE G,,,90,0,,,,38,A
369970281,2020-05-18T22:57:30,33.88279,-119.57502,3.5,76.3,79.0,DIANE G,,,90,0,,,,38,A
369970281,2020-05-18T22:58:41,33.88304,-119.57366,3.6,77.5,78.0,DIANE G,,,90,0,,,,38,A
369970281,2020-05-18T22:59:51,33.88330,-119.57229,3.6,77.1,77.0,DIANE G,,,90,0,,,,38,A
369970281,2020-05-18T23:00:20,33.88342,-119.57171,3.6,77.7,77.0,DIANE G,,,90,0,,,,38,A
369970281,2020-05-18T23:01:21,33.88364,-119.57054,3.6,77.9,78.0,DIANE G,,,90,0,,,,38,A
369970281,2020-05-18T23:02:31,33.88391,-119.56916,3.6,76.0,77.0,DIANE G,,,90,0,,,,38,A
369970281,2020-05-18T23:03:41,33.88416,-119.56778,3.6,77.6,77.0,DIANE G,,,90,0,,,,38,A
369970281,2020-05-18T23:04:52,33.88443,-119.56639,3.6,78.7,77.0,DIANE G,,,90,0,,,,38,A
369970281,2020-05-18T23:06:01,33.88469,-119.56502,3.6,77.6,77.0,DIANE G,,,90,0,,,,38,A
369970281,2020-05-18T23:07:11,33.88496,-119.56364,3.6,77.6,78.0,DIANE G,,,90,0,,,,38,A
369970281,2020-05-18T23:08:21,33.88522,-119.56227,3.6,76.8,77.0,DIANE G,,,90,0,,,,38,A
369970281,2020-05-18T23:09:32,33.88548,-119.56087,3.6,77.2,78.0,DIANE G,,,90,0,,,,38,A
369970281,2020-05-18T23:10:40,33.88573,-119.55953,3.6,77.2,76.0,DIANE G,,,90,0,,,,38,A
367612650,2020-12-05T11:45:33,33.91392,-119.56244,7.4,139.4,511.0,ENDURANCE,,WDH3952,30,,14,4,,,B
367612650,2020-12-05T11:46:34,33.91223,-119.56079,7.5,141.3,511.0,ENDURANCE,,WDH3952,30,,14,4,,,B
368061880,2020-09-03T15:40:09,33.91562,-119.58854,6.2,116.1,511.0,ONE WORLD,,WDK5117,36,,18,4,,,B
368061880,2020-09-03T15:43:39,33.91264,-119.58205,6.1,118.5,511.0,ONE WORLD,,WDK5117,36,,18,4,,,B
368061880,2020-09-03T15:47:39,33.90962,-119.57450,6.6,113.6,511.0,ONE WORLD,,WDK5117,36,,18,4,,,B
368061880,2020-09-03T15:49:10,33.90852,-119.57165,5.9,116.3,511.0,ONE WORLD,,WDK5117,36,,18,4,,,B
368061880,2020-09-03T15:51:09,33.90704,-119.56787,6.3,113.7,511.0,ONE WORLD,,WDK5117,36,,18,4,,,B
368061880,2020-09-03T15:52:10,33.90628,-119.56598,6.0,117.4,511.0,ONE WORLD,,WDK5117,36,,18,4,,,B
369970279,2020-06-15T15:42:52,33.90050,-119.56161,13.7,230.5,511.0,HOSTILE METHOD-08,,,90,0,,,,35,A
369970279,2020-06-15T15:43:56,33.89759,-119.56521,13.6,224.4,511.0,HOSTILE METHOD-08,,,90,0,,,,35,A
369970279,2020-06-15T15:45:02,33.89467,-119.56887,13.9,228.9,511.0,HOSTILE METHOD-08,,,90,0,,,,35,A
369970279,2020-06-15T15:46:08,33.89188,-119.57266,13.6,228.9,511.0,HOSTILE METHOD-08,,,90,0,,,,35,A
369970279,2020-06-15T15:47:15,33.88898,-119.57624,13.4,223.2,511.0,HOSTILE METHOD-08,,,90,0,,,,35,A
369970279,2020-06-15T15:48:21,33.88604,-119.57982,13.9,233.6,511.0,HOSTILE METHOD-08,,,90,0,,,,35,A
369970279,2020-06-15T15:49:27,33.88323,-119.58350,13.2,222.3,511.0,HOSTILE METHOD-08,,,90,0,,,,35,A
369970279,2020-06-15T17:34:09,33.88772,-119.56176,5.7,277.6,511.0,HOSTILE METHOD-08,,,90,0,,,,35,A
369970279,2020-06-15T17:35:29,33.88801,-119.56412,5.4,275.0,511.0,HOSTILE METHOD-08,,,90,0,,,,35,A
369970279,2020-06-15T17:36:39,33.88819,-119.56615,5.4,273.6,511.0,HOSTILE METHOD-08,,,90,0,,,,35,A
369970279,2020-06-15T17:37:48,33.88842,-119.56812,5.4,275.0,511.0,HOSTILE METHOD-08,,,90,0,,,,35,A
369970279,2020-06-15T17:38:59,33.88866,-119.57018,5.5,272.9,511.0,HOSTILE METHOD-08,,,90,0,,,,35,A
369970279,2020-06-15T17:40:10,33.88889,-119.57224,5.0,281.0,511.0,HOSTILE METHOD-08,,,90,0,,,,35,A
369970279,2020-06-15T17:41:19,33.88916,-119.57423,5.2,284.6,511.0,HOSTILE METHOD-08,,,90,0,,,,35,A
369970279,2020-06-15T17:42:29,33.88940,-119.57630,5.1,278.3,511.0,HOSTILE METHOD-08,,,90,0,,,,35,A
369970279,2020-06-15T17:43:39,33.88962,-119.57833,5.3,276.0,511.0,HOSTILE METHOD-08,,,90,0,,,,35,A
369970279,2020-06-15T17:44:49,33.88982,-119.58043,5.6,279.6,511.0,HOSTILE METHOD-08,,,90,0,,,,35,A
369970279,2020-06-15T17:45:58,33.89002,-119.58241,5.1,275.3,511.0,HOSTILE METHOD-08,,,90,0,,,,35,A
369970279,2020-06-15T17:47:09,33.89025,-119.58450,5.2,284.5,511.0,HOSTILE METHOD-08,,,90,0,,,,35,A
369970279,2020-06-15T17:48:10,33.89045,-119.58622,5.3,282.4,511.0,HOSTILE METHOD-08,,,90,0,,,,35,A
369970279,2020-06-15T17:49:18,33.89068,-119.58817,4.9,277.9,511.0,HOSTILE METHOD-08,,,90,0,,,,35,A
369970279,2020-06-15T17:50:29,33.89094,-119.59021,5.1,278.1,511.0,HOSTILE METHOD-08,,,90,0,,,,35,A
369970279,2020-06-15T17:51:38,33.89115,-119.59218,4.9,275.4,511.0,HOSTILE METHOD-08,,,90,0,,,,35,A
369970279,2020-06-15T17:52:49,33.89134,-119.59418,5.5,275.6,511.0,HOSTILE METHOD-08,,,90,0,,,,35,A
369970279,2020-06-15T17:53:58,33.89158,-119.59620,5.2,271.3,511.0,HOSTILE METHOD-08,,,90,0,,,,35,A
369970279,2020-06-15T17:54:59,33.89174,-119.59787,4.9,271.1,511.0,HOSTILE METHOD-08,,,90,0,,,,35,A
369970279,2020-06-15T17:56:08,33.89193,-119.59986,4.7,277.9,511.0,HOSTILE METHOD-08,,,90,0,,,,35,A
369970279,2020-06-15T17:57:09,33.89212,-119.60158,5.1,277.0,511.0,HOSTILE METHOD-08,,,90,0,,,,35,A
369970279,2020-05-19T00:47:30,33.90552,-119.60103,16.6,58.5,511.0,HOSTILE METHOD-08,,,90,0,,,,35,A
369970279,2020-05-19T00:48:36,33.90771,-119.59585,15.6,62.6,511.0,HOSTILE METHOD-08,,,90,0,,,,35,A
369970279,2020-05-19T00:49:42,33.90991,-119.59079,15.9,62.1,511.0,HOSTILE METHOD-08,,,90,0,,,,35,A
369970279,2020-05-19T00:50:48,33.91216,-119.58566,15.6,59.0,511.0,HOSTILE METHOD-08,,,90,0,,,,35,A
369970279,2020-05-19T00:51:55,33.91448,-119.58052,14.3,65.0,511.0,HOSTILE METHOD-08,,,90,0,,,,35,A
369970279,2020-05-19T00:53:00,33.91705,-119.57587,15.3,57.7,511.0,HOSTILE METHOD-08,,,90,0,,,,35,A
369970279,2020-09-24T15:37:32,33.88318,-119.59013,12.0,1.8,511.0,HOSTILE METHOD-08,,,90,0,,,,35,A
369970279,2020-09-24T15:41:02,33.89493,-119.58908,12.5,2.6,511.0,HOSTILE METHOD-08,,,90,0,,,,35,A
369970279,2020-09-24T15:44:03,33.90306,-119.58849,5.7,9.6,511.0,HOSTILE METHOD-08,,,90,0,,,,35,A
369970279,2020-09-24T15:45:12,33.90493,-119.58838,5.8,358.9,511.0,HOSTILE METHOD-08,,,90,0,,,,35,A
369970279,2020-09-24T15:46:42,33.90681,-119.58926,5.1,293.9,511.0,HOSTILE METHOD-08,,,90,0,,,,35,A
369970279,2020-09-24T15:47:53,33.90733,-119.59128,5.6,289.7,511.0,HOSTILE METHOD-08,,,90,0,,,,35,A
369970279,2020-09-24T15:49:13,33.90778,-119.59364,5.4,287.6,511.0,HOSTILE METHOD-08,,,90,0,,,,35,A
369970279,2020-09-24T15:51:13,33.90853,-119.59714,5.7,286.9,511.0,HOSTILE METHOD-08,,,90,0,,,,35,A
369970279,2020-09-24T15:52:42,33.90908,-119.59969,5.3,285.9,511.0,HOSTILE METHOD-08,,,90,0,,,,35,A
369970279,2020-09-24T15:53:43,33.90945,-119.60137,5.2,293.2,511.0,HOSTILE METHOD-08,,,90,0,,,,35,A
369970279,2020-09-24T20:29:52,33.89622,-119.59541,14.3,94.0,511.0,HOSTILE METHOD-08,,,90,0,,,,35,A
369970279,2020-09-24T20:31:52,33.89486,-119.58626,14.4,100.6,511.0,HOSTILE METHOD-08,,,90,0,,,,35,A
369970279,2020-09-24T20:32:53,33.89395,-119.58174,13.8,108.4,511.0,HOSTILE METHOD-08,,,90,0,,,,35,A
369970279,2020-09-24T20:34:04,33.89285,-119.57635,13.8,101.9,511.0,HOSTILE METHOD-08,,,90,0,,,,35,A
369970279,2020-09-24T20:35:40,33.89147,-119.56922,14.5,109.5,511.0,HOSTILE METHOD-08,,,90,0,,,,35,A
369970279,2020-09-24T20:37:04,33.88977,-119.56297,14.0,108.6,511.0,HOSTILE METHOD-08,,,90,0,,,,35,A
369970279,2020-05-21T16:22:55,33.91366,-119.55881,12.0,214.8,511.0,HOSTILE METHOD-08,,,90,0,,,,35,A
369970279,2020-05-21T16:24:05,33.91032,-119.56141,12.2,214.1,511.0,HOSTILE METHOD-08,,,90,0,,,,35,A
369970279,2020-05-21T16:25:13,33.90716,-119.56415,12.6,214.9,511.0,HOSTILE METHOD-08,,,90,0,,,,35,A
369970279,2020-05-21T16:26:25,33.90402,-119.56724,12.5,217.0,511.0,HOSTILE METHOD-08,,,90,0,,,,35,A
369970279,2020-05-21T16:27:34,33.90052,-119.56950,12.1,206.6,511.0,HOSTILE METHOD-08,,,90,0,,,,35,A
369970279,2020-05-21T16:28:45,33.89687,-119.57176,12.6,204.9,511.0,HOSTILE METHOD-08,,,90,0,,,,35,A
369970279,2020-05-21T16:29:53,33.89330,-119.57388,12.4,207.6,511.0,HOSTILE METHOD-08,,,90,0,,,,35,A
369970279,2020-05-21T16:30:54,33.89026,-119.57584,12.3,208.4,511.0,HOSTILE METHOD-08,,,90,0,,,,35,A
369970279,2020-05-21T16:32:05,33.88671,-119.57835,12.7,210.8,511.0,HOSTILE METHOD-08,,,90,0,,,,35,A
369970279,2020-05-21T16:33:14,33.88314,-119.58072,12.4,209.8,511.0,HOSTILE METHOD-08,,,90,0,,,,35,A
369970279,2020-05-21T18:32:05,33.88480,-119.58114,11.3,35.0,511.0,HOSTILE METHOD-08,,,90,0,,,,35,A
369970279,2020-05-21T18:33:14,33.88776,-119.57866,11.7,34.6,511.0,HOSTILE METHOD-08,,,90,0,,,,35,A
369970279,2020-05-21T18:34:24,33.89066,-119.57600,11.4,37.5,511.0,HOSTILE METHOD-08,,,90,0,,,,35,A
369970279,2020-05-21T18:35:33,33.89353,-119.57333,11.0,38.0,511.0,HOSTILE METHOD-08,,,90,0,,,,35,A
369970279,2020-05-21T18:36:44,33.89650,-119.57057,11.0,37.9,511.0,HOSTILE METHOD-08,,,90,0,,,,35,A
369970279,2020-05-21T18:37:45,33.89927,-119.56788,14.2,44.1,511.0,HOSTILE METHOD-08,,,90,0,,,,35,A
369970279,2020-05-21T18:38:46,33.90274,-119.56506,14.8,28.6,511.0,HOSTILE METHOD-08,,,90,0,,,,35,A
369970279,2020-05-21T18:39:52,33.90680,-119.56238,14.9,32.5,511.0,HOSTILE METHOD-08,,,90,0,,,,35,A
369970279,2020-05-21T18:40:58,33.91075,-119.55930,16.4,31.3,511.0,HOSTILE METHOD-08,,,90,0,,,,35,A
369970279,2020-06-25T20:31:35,33.88461,-119.57462,13.4,49.0,511.0,HOSTILE METHOD-08,,,90,0,,,,35,A
369970279,2020-06-25T20:33:05,33.88817,-119.56945,13.8,51.4,511.0,HOSTILE METHOD-08,,,90,0,,,,35,A
369970279,2020-06-25T20:34:11,33.89065,-119.56559,13.3,52.2,511.0,HOSTILE METHOD-08,,,90,0,,,,35,A
369970279,2020-06-25T20:35:17,33.89329,-119.56172,12.9,57.5,511.0,HOSTILE METHOD-08,,,90,0,,,,35,A
369970279,2020-08-06T17:04:44,33.88537,-119.59116,11.6,352.6,511.0,HOSTILE METHOD-08,,,90,0,,,,35,A
369970279,2020-08-06T17:05:54,33.88893,-119.59237,11.4,342.4,511.0,HOSTILE METHOD-08,,,90,0,,,,35,A
369970279,2020-08-06T17:07:04,33.89255,-119.59354,11.2,349.2,511.0,HOSTILE METHOD-08,,,90,0,,,,35,A
369970279,2020-08-06T17:08:14,33.89613,-119.59457,10.6,342.1,511.0,HOSTILE METHOD-08,,,90,0,,,,35,A
369970279,2020-08-06T17:09:35,33.89991,-119.59541,10.1,352.7,511.0,HOSTILE METHOD-08,,,90,0,,,,35,A
369970279,2020-08-06T17:10:44,33.90233,-119.59556,4.2,1.8,511.0,HOSTILE METHOD-08,,,90,0,,,,35,A
369970279,2020-08-06T17:11:53,33.90317,-119.59547,1.2,358.9,511.0,HOSTILE METHOD-08,,,90,0,,,,35,A
369970279,2020-08-06T17:13:04,33.90339,-119.59555,1.6,323.4,511.0,HOSTILE METHOD-08,,,90,0,,,,35,A
369970279,2020-08-06T17:14:14,33.90346,-119.59569,1.1,339.9,511.0,HOSTILE METHOD-08,,,90,0,,,,35,A
369970279,2020-08-06T17:15:35,33.90347,-119.59583,1.5,297.7,511.0,HOSTILE METHOD-08,,,90,0,,,,35,A
369970279,2020-08-06T17:16:44,33.90346,-119.59595,2.7,295.1,511.0,HOSTILE METHOD-08,,,90,0,,,,35,A
369970279,2020-08-06T17:18:04,33.90340,-119.59604,0.3,271.3,511.0,HOSTILE METHOD-08,,,90,0,,,,35,A
369970279,2020-08-06T17:19:23,33.90334,-119.59614,0.4,169.4,511.0,HOSTILE METHOD-08,,,90,0,,,,35,A
369970279,2020-08-06T17:20:34,33.90327,-119.59624,0.4,185.5,511.0,HOSTILE METHOD-08,,,90,0,,,,35,A
369970279,2020-08-06T17:22:04,33.90313,-119.59631,0.6,186.2,511.0,HOSTILE METHOD-08,,,90,0,,,,35,A
369970279,2020-08-06T17:23:34,33.90304,-119.59644,0.2,200.0,511.0,HOSTILE METHOD-08,,,90,0,,,,35,A
369970279,2020-08-06T17:25:24,33.90294,-119.59658,1.1,209.8,511.0,HOSTILE METHOD-08,,,90,0,,,,35,A
369970279,2020-08-06T17:26:34,33.90288,-119.59668,1.5,204.9,511.0,HOSTILE METHOD-08,,,90,0,,,,35,A
369970279,2020-08-06T17:28:34,33.90279,-119.59685,1.7,209.3,511.0,HOSTILE METHOD-08,,,90,0,,,,35,A
369970279,2020-08-06T17:29:44,33.90276,-119.59693,0.9,203.8,511.0,HOSTILE METHOD-08,,,90,0,,,,35,A
369970279,2020-08-06T17:32:03,33.90265,-119.59709,0.7,202.5,511.0,HOSTILE METHOD-08,,,90,0,,,,35,A
369970279,2020-08-06T17:34:03,33.90253,-119.59719,1.0,192.2,511.0,HOSTILE METHOD-08,,,90,0,,,,35,A
369970279,2020-08-06T17:35:24,33.90248,-119.59727,1.3,191.4,511.0,HOSTILE METHOD-08,,,90,0,,,,35,A
369970279,2020-08-06T17:37:34,33.90236,-119.59739,1.5,178.6,511.0,HOSTILE METHOD-08,,,90,0,,,,35,A
369970279,2020-08-06T17:38:53,33.90228,-119.59743,2.7,147.3,511.0,HOSTILE METHOD-08,,,90,0,,,,35,A
369970279,2020-08-06T17:39:54,33.90220,-119.59749,2.3,205.6,511.0,HOSTILE METHOD-08,,,90,0,,,,35,A
369970279,2020-08-06T17:41:44,33.90205,-119.59759,0.7,184.3,511.0,HOSTILE METHOD-08,,,90,0,,,,35,A
369970279,2020-08-06T17:42:54,33.90199,-119.59765,0.3,199.6,511.0,HOSTILE METHOD-08,,,90,0,,,,35,A
369970279,2020-08-06T17:44:54,33.90201,-119.59783,2.7,331.7,511.0,HOSTILE METHOD-08,,,90,0,,,,35,A
369970279,2020-08-06T17:46:24,33.90241,-119.59798,0.9,356.8,511.0,HOSTILE METHOD-08,,,90,0,,,,35,A
369970279,2020-08-06T17:47:33,33.90256,-119.59806,0.3,339.5,511.0,HOSTILE METHOD-08,,,90,0,,,,35,A
369970279,2020-08-06T17:48:53,33.90267,-119.59814,1.2,324.6,511.0,HOSTILE METHOD-08,,,90,0,,,,35,A
369970279,2020-08-06T17:50:03,33.90268,-119.59817,0.4,317.8,511.0,HOSTILE METHOD-08,,,90,0,,,,35,A
369970279,2020-08-06T17:51:24,33.90260,-119.59820,1.7,206.8,511.0,HOSTILE METHOD-08,,,90,0,,,,35,A
369970279,2020-08-06T17:52:34,33.90255,-119.59822,0.3,191.4,511.0,HOSTILE METHOD-08,,,90,0,,,,35,A
369970279,2020-08-06T17:54:03,33.90243,-119.59826,0.7,188.8,511.0,HOSTILE METHOD-08,,,90,0,,,,35,A
369970279,2020-08-06T17:55:14,33.90236,-119.59830,0.8,212.9,511.0,HOSTILE METHOD-08,,,90,0,,,,35,A
369970279,2020-08-06T17:56:24,33.90228,-119.59835,1.2,205.9,511.0,HOSTILE METHOD-08,,,90,0,,,,35,A
369970279,2020-08-06T17:57:44,33.90221,-119.59842,1.5,201.1,511.0,HOSTILE METHOD-08,,,90,0,,,,35,A
369970279,2020-08-06T17:59:24,33.90214,-119.59846,0.7,189.4,511.0,HOSTILE METHOD-08,,,90,0,,,,35,A
369970279,2020-08-06T18:00:04,33.90209,-119.59848,0.7,187.6,511.0,HOSTILE METHOD-08,,,90,0,,,,35,A
369970279,2020-08-06T18:01:14,33.90204,-119.59850,1.7,203.7,511.0,HOSTILE METHOD-08,,,90,0,,,,35,A
369970279,2020-08-06T18:02:25,33.90199,-119.59853,1.0,176.7,511.0,HOSTILE METHOD-08,,,90,0,,,,35,A
369970279,2020-08-06T18:03:34,33.90188,-119.59855,1.7,192.7,511.0,HOSTILE METHOD-08,,,90,0,,,,35,A
369970279,2020-08-06T18:04:53,33.90178,-119.59855,1.2,173.7,511.0,HOSTILE METHOD-08,,,90,0,,,,35,A
369970279,2020-08-06T18:06:04,33.90170,-119.59854,1.8,164.4,511.0,HOSTILE METHOD-08,,,90,0,,,,35,A
369970279,2020-08-06T18:07:24,33.90161,-119.59858,0.4,190.4,511.0,HOSTILE METHOD-08,,,90,0,,,,35,A
369970279,2020-08-06T18:08:34,33.90154,-119.59859,1.2,174.6,511.0,HOSTILE METHOD-08,,,90,0,,,,35,A
369970279,2020-08-06T18:09:44,33.90147,-119.59860,1.4,198.8,511.0,HOSTILE METHOD-08,,,90,0,,,,35,A
369970279,2020-08-06T18:10:54,33.90140,-119.59863,0.7,182.6,511.0,HOSTILE METHOD-08,,,90,0,,,,35,A
369970279,2020-08-06T18:12:14,33.90135,-119.59863,0.8,165.1,511.0,HOSTILE METHOD-08,,,90,0,,,,35,A
369970279,2020-08-06T18:13:23,33.90128,-119.59865,1.9,203.7,511.0,HOSTILE METHOD-08,,,90,0,,,,35,A
369970279,2020-08-06T18:14:34,33.90121,-119.59867,0.6,196.9,511.0,HOSTILE METHOD-08,,,90,0,,,,35,A
369970279,2020-08-06T18:16:03,33.90113,-119.59867,1.1,167.8,511.0,HOSTILE METHOD-08,,,90,0,,,,35,A
369970279,2020-08-06T18:17:33,33.90103,-119.59870,0.1,188.9,511.0,HOSTILE METHOD-08,,,90,0,,,,35,A
369970279,2020-08-06T18:18:54,33.90114,-119.59872,2.4,10.8,511.0,HOSTILE METHOD-08,,,90,0,,,,35,A
369970279,2020-08-06T18:20:33,33.90132,-119.59884,0.2,260.6,511.0,HOSTILE METHOD-08,,,90,0,,,,35,A
369970279,2020-08-06T18:21:44,33.90145,-119.59849,0.6,66.5,511.0,HOSTILE METHOD-08,,,90,0,,,,35,A
369970279,2020-08-06T18:23:03,33.90161,-119.59776,2.3,87.0,511.0,HOSTILE METHOD-08,,,90,0,,,,35,A
369970279,2020-08-06T18:24:24,33.90110,-119.59662,2.8,152.6,511.0,HOSTILE METHOD-08,,,90,0,,,,35,A
369970279,2020-08-06T18:25:43,33.90053,-119.59650,2.6,200.9,511.0,HOSTILE METHOD-08,,,90,0,,,,35,A
369970279,2020-08-06T18:28:04,33.89884,-119.59626,1.0,169.7,511.0,HOSTILE METHOD-08,,,90,0,,,,35,A
369970279,2020-08-06T18:29:13,33.89857,-119.59622,1.1,173.7,511.0,HOSTILE METHOD-08,,,90,0,,,,35,A
369970279,2020-08-06T18:31:14,33.89811,-119.59621,1.3,156.0,511.0,HOSTILE METHOD-08,,,90,0,,,,35,A
369970279,2020-08-06T18:32:33,33.89788,-119.59601,0.5,145.6,511.0,HOSTILE METHOD-08,,,90,0,,,,35,A
369970279,2020-08-06T18:33:43,33.89773,-119.59599,0.3,171.3,511.0,HOSTILE METHOD-08,,,90,0,,,,35,A
369970279,2020-08-06T18:35:43,33.89750,-119.59583,0.6,142.7,511.0,HOSTILE METHOD-08,,,90,0,,,,35,A
369970279,2020-08-06T18:37:03,33.89533,-119.59548,11.3,139.6,511.0,HOSTILE METHOD-08,,,90,0,,,,35,A
369970279,2020-08-06T18:38:13,33.89167,-119.59275,14.9,152.2,511.0,HOSTILE METHOD-08,,,90,0,,,,35,A
369970279,2020-08-06T18:39:23,33.88717,-119.59020,14.6,158.3,511.0,HOSTILE METHOD-08,,,90,0,,,,35,A
369970279,2020-08-06T18:40:36,33.88383,-119.58889,3.8,172.9,511.0,HOSTILE METHOD-08,,,90,0,,,,35,A
369970279,2020-08-06T18:42:36,33.88328,-119.58899,0.6,185.6,511.0,HOSTILE METHOD-08,,,90,0,,,,35,A
369970279,2020-08-06T18:44:22,33.88312,-119.58985,3.1,265.5,511.0,HOSTILE METHOD-08,,,90,0,,,,35,A
369970279,2020-08-06T18:45:32,33.88310,-119.59039,1.2,261.4,511.0,HOSTILE METHOD-08,,,90,0,,,,35,A
369970279,2020-08-06T18:47:23,33.88311,-119.59058,0.1,298.6,511.0,HOSTILE METHOD-08,,,90,0,,,,35,A
369970279,2020-08-06T18:49:31,33.88304,-119.59116,0.6,255.6,511.0,HOSTILE METHOD-08,,,90,0,,,,35,A
369970279,2020-08-06T18:50:51,33.88301,-119.59129,2.5,266.5,511.0,HOSTILE METHOD-08,,,90,0,,,,35,A
369970279,2020-08-06T18:52:12,33.88294,-119.59184,0.6,259.0,511.0,HOSTILE METHOD-08,,,90,0,,,,35,A
369970279,2020-08-06T18:53:32,33.88292,-119.59202,0.3,249.6,511.0,HOSTILE METHOD-08,,,90,0,,,,35,A
369970279,2020-08-06T18:55:32,33.88290,-119.59212,0.3,271.6,511.0,HOSTILE METHOD-08,,,90,0,,,,35,A
369970279,2020-08-06T18:56:43,33.88292,-119.59224,1.4,255.7,511.0,HOSTILE METHOD-08,,,90,0,,,,35,A
369970279,2020-08-06T18:57:52,33.88282,-119.59276,1.7,256.8,511.0,HOSTILE METHOD-08,,,90,0,,,,35,A
369970279,2020-08-06T18:59:01,33.88276,-119.59309,1.4,263.0,511.0,HOSTILE METHOD-08,,,90,0,,,,35,A
369970279,2020-08-06T19:00:01,33.88273,-119.59345,1.1,274.6,511.0,HOSTILE METHOD-08,,,90,0,,,,35,A
369970279,2020-08-06T19:01:11,33.88271,-119.59359,1.9,119.6,511.0,HOSTILE METHOD-08,,,90,0,,,,35,A
369970279,2020-08-06T19:02:22,33.88272,-119.59294,1.1,90.8,511.0,HOSTILE METHOD-08,,,90,0,,,,35,A
369970279,2020-08-06T19:03:32,33.88267,-119.59211,3.0,81.1,511.0,HOSTILE METHOD-08,,,90,0,,,,35,A
369970279,2020-08-06T19:04:43,33.88289,-119.59145,3.1,61.4,511.0,HOSTILE METHOD-08,,,90,0,,,,35,A
369970279,2020-08-06T19:05:52,33.88330,-119.59053,3.5,52.5,511.0,HOSTILE METHOD-08,,,90,0,,,,35,A
369970279,2020-08-06T19:07:12,33.88550,-119.58882,9.9,33.5,511.0,HOSTILE METHOD-08,,,90,0,,,,35,A
369970279,2020-08-06T19:08:13,33.88773,-119.58695,9.7,33.1,511.0,HOSTILE METHOD-08,,,90,0,,,,35,A
369970279,2020-08-06T19:09:21,33.89039,-119.58478,9.8,35.0,511.0,HOSTILE METHOD-08,,,90,0,,,,35,A
369970279,2020-08-06T19:10:51,33.89431,-119.58157,11.2,33.9,511.0,HOSTILE METHOD-08,,,90,0,,,,35,A
369970279,2020-08-06T19:12:02,33.89757,-119.57892,11.8,36.5,511.0,HOSTILE METHOD-08,,,90,0,,,,35,A
369970279,2020-08-06T19:13:11,33.90068,-119.57642,11.8,32.7,511.0,HOSTILE METHOD-08,,,90,0,,,,35,A
369970279,2020-08-06T19:14:12,33.90327,-119.57400,12.0,34.0,511.0,HOSTILE METHOD-08,,,90,0,,,,35,A
369970279,2020-08-06T19:15:21,33.90633,-119.57128,11.7,35.6,511.0,HOSTILE METHOD-08,,,90,0,,,,35,A
369970279,2020-08-06T19:16:41,33.90975,-119.56804,11.8,37.9,511.0,HOSTILE METHOD-08,,,90,0,,,,35,A
369970279,2020-08-06T19:17:51,33.91285,-119.56531,11.3,38.4,511.0,HOSTILE METHOD-08,,,90,0,,,,35,A
369970279,2020-10-06T14:32:23,33.91672,-119.59496,11.7,225.9,511.0,HOSTILE METHOD-08,,,90,0,,,,35,A
369970279,2020-10-06T14:33:32,33.91420,-119.59829,11.7,225.3,511.0,HOSTILE METHOD-08,,,90,0,,,,35,A
369970279,2020-10-06T14:34:44,33.91158,-119.60162,12.1,225.6,511.0,HOSTILE METHOD-08,,,90,0,,,,35,A
369970279,2020-10-06T19:28:42,33.89454,-119.60135,13.0,50.2,511.0,HOSTILE METHOD-08,,,90,0,,,,35,A
369970279,2020-10-06T19:30:33,33.89892,-119.59593,12.1,47.5,511.0,HOSTILE METHOD-08,,,90,0,,,,35,A
369970279,2020-10-06T19:31:43,33.90168,-119.59244,12.4,49.9,511.0,HOSTILE METHOD-08,,,90,0,,,,35,A
369970279,2020-10-06T19:32:52,33.90443,-119.58903,12.6,48.9,511.0,HOSTILE METHOD-08,,,90,0,,,,35,A
369970279,2020-10-06T19:34:23,33.90804,-119.58450,12.5,50.3,511.0,HOSTILE METHOD-08,,,90,0,,,,35,A
369970279,2020-10-06T19:35:52,33.91147,-119.58011,12.6,45.8,511.0,HOSTILE METHOD-08,,,90,0,,,,35,A
369970279,2020-10-06T19:37:04,33.91446,-119.57677,12.4,43.6,511.0,HOSTILE METHOD-08,,,90,0,,,,35,A
369970279,2020-10-06T19:38:13,33.91735,-119.57349,11.7,39.8,511.0,HOSTILE METHOD-08,,,90,0,,,,35,A
368926257,2020-01-30T11:09:44,33.88730,-119.56143,18.5,209.1,511.0,SDTS EDD-964,,,35,,172,16,,,B
368926257,2020-01-30T22:13:44,33.88616,-119.55916,18.4,20.9,511.0,SDTS EDD-964,,,35,,172,16,,,B
368926257,2020-01-31T11:09:44,33.89348,-119.55980,18.8,209.8,511.0,SDTS EDD-964,,,35,,172,16,,,B
368926257,2020-01-31T11:10:46,33.88886,-119.56308,18.8,210.3,511.0,SDTS EDD-964,,,35,,172,16,,,B
368926257,2020-01-31T11:12:14,33.88221,-119.56783,18.8,211.3,511.0,SDTS EDD-964,,,35,,172,16,,,B
368926257,2020-02-01T03:27:14,33.88378,-119.58812,18.4,37.5,511.0,SDTS EDD-964,,,35,,172,16,,,B
368926257,2020-02-01T03:28:15,33.88786,-119.58432,18.6,37.4,511.0,SDTS EDD-964,,,35,,172,16,,,B
368926257,2020-02-01T03:29:18,33.89215,-119.58031,18.5,38.0,511.0,SDTS EDD-964,,,35,,172,16,,,B
368926257,2020-02-01T03:32:15,33.90412,-119.56906,18.6,37.8,511.0,SDTS EDD-964,,,35,,172,16,,,B
368926257,2020-02-01T03:33:16,33.90821,-119.56522,18.4,37.7,511.0,SDTS EDD-964,,,35,,172,16,,,B
368926257,2020-03-24T08:34:56,33.88939,-119.56530,14.2,222.9,511.0,SDTS EDD-964,,,35,,172,16,,,B
368926257,2020-03-24T08:35:58,33.88648,-119.56861,14.0,223.8,511.0,SDTS EDD-964,,,35,,172,16,,,B
338328528,2020-04-13T21:00:11,33.88241,-119.59204,5.3,315.9,511.0,TAMARACK,,,37,,13,4,,,B
338328528,2020-04-13T21:01:41,33.88402,-119.59409,5.9,315.1,511.0,TAMARACK,,,37,,13,4,,,B
338328528,2020-04-13T21:03:11,33.88558,-119.59611,5.6,312.2,511.0,TAMARACK,,,37,,13,4,,,B
338328528,2020-04-13T21:04:42,33.88726,-119.59829,5.7,314.7,511.0,TAMARACK,,,37,,13,4,,,B
338328528,2020-04-13T21:06:11,33.88884,-119.60039,5.7,316.2,511.0,TAMARACK,,,37,,13,4,,,B
368926257,2020-05-21T22:59:20,33.88523,-119.59942,13.2,39.3,511.0,SDTS EDD-964,,,35,,172,16,,,B
368926257,2020-05-21T23:00:20,33.88770,-119.59705,10.2,40.2,511.0,SDTS EDD-964,,,35,,172,16,,,B
368926257,2020-05-21T23:01:50,33.89077,-119.59413,8.9,36.8,511.0,SDTS EDD-964,,,35,,172,16,,,B
368926257,2020-05-21T23:02:51,33.89275,-119.59230,8.8,37.4,511.0,SDTS EDD-964,,,35,,172,16,,,B
368926257,2020-05-21T23:04:20,33.89639,-119.58886,13.6,41.0,511.0,SDTS EDD-964,,,35,,172,16,,,B
368926257,2020-05-21T23:05:51,33.90105,-119.58427,14.3,38.7,511.0,SDTS EDD-964,,,35,,172,16,,,B
368926257,2020-05-21T23:07:19,33.90575,-119.57974,14.5,38.6,511.0,SDTS EDD-964,,,35,,172,16,,,B
368926257,2020-05-21T23:08:22,33.90903,-119.57656,14.4,38.9,511.0,SDTS EDD-964,,,35,,172,16,,,B
368926257,2020-05-21T23:10:50,33.91679,-119.56904,14.8,39.3,511.0,SDTS EDD-964,,,35,,172,16,,,B
368926257,2020-06-15T10:12:02,33.91707,-119.57763,14.8,221.8,511.0,SDTS EDD-964,,,35,,172,16,,,B
368926257,2020-06-15T10:13:04,33.91385,-119.58107,15.0,221.3,511.0,SDTS EDD-964,,,35,,172,16,,,B
368926257,2020-06-15T10:14:33,33.90916,-119.58609,15.0,220.6,511.0,SDTS EDD-964,,,35,,172,16,,,B
368926257,2020-06-15T10:16:03,33.90453,-119.59103,14.8,221.9,511.0,SDTS EDD-964,,,35,,172,16,,,B
368926257,2020-06-15T10:17:05,33.90130,-119.59446,15.0,221.5,511.0,SDTS EDD-964,,,35,,172,16,,,B
368926257,2020-06-15T10:18:32,33.89669,-119.59933,15.0,220.6,511.0,SDTS EDD-964,,,35,,172,16,,,B
368926257,2020-06-25T10:28:07,33.91612,-119.57698,14.7,220.6,511.0,SDTS EDD-964,,,35,,172,16,,,B
368926257,2020-06-25T10:30:05,33.91001,-119.58348,14.7,221.7,511.0,SDTS EDD-964,,,35,,172,16,,,B
368926257,2020-06-25T10:31:35,33.90538,-119.58837,14.6,221.6,511.0,SDTS EDD-964,,,35,,172,16,,,B
368926257,2020-06-25T10:33:05,33.90075,-119.59322,14.6,221.0,511.0,SDTS EDD-964,,,35,,172,16,,,B
368926257,2020-06-25T10:34:07,33.89758,-119.59653,14.6,222.1,511.0,SDTS EDD-964,,,35,,172,16,,,B
368926257,2020-06-25T10:35:36,33.89298,-119.60150,14.8,221.1,511.0,SDTS EDD-964,,,35,,172,16,,,B
368926257,2020-06-26T00:15:38,33.90781,-119.60115,12.2,45.5,511.0,SDTS EDD-964,,,35,,172,16,,,B
368926257,2020-06-26T00:17:05,33.91133,-119.59699,12.1,44.6,511.0,SDTS EDD-964,,,35,,172,16,,,B
368926257,2020-06-26T00:18:06,33.91372,-119.59404,12.1,46.0,511.0,SDTS EDD-964,,,35,,172,16,,,B
368926257,2020-06-26T00:19:36,33.91725,-119.58972,12.0,45.3,511.0,SDTS EDD-964,,,35,,172,16,,,B
368926257,2020-06-27T10:20:40,33.91271,-119.57775,12.2,216.6,511.0,SDTS EDD-964,,,35,,172,16,,,B
368926257,2020-06-27T10:22:37,33.90701,-119.58308,14.8,217.9,511.0,SDTS EDD-964,,,35,,172,16,,,B
368926257,2020-06-27T10:24:07,33.90201,-119.58780,15.2,217.8,511.0,SDTS EDD-964,,,35,,172,16,,,B
368926257,2020-06-27T10:27:07,33.89189,-119.59720,15.3,217.7,511.0,SDTS EDD-964,,,35,,172,16,,,B
368926257,2020-06-28T01:22:38,33.90116,-119.59873,14.8,43.0,511.0,SDTS EDD-964,,,35,,172,16,,,B
368926257,2020-06-28T01:24:06,33.90563,-119.59370,14.9,43.8,511.0,SDTS EDD-964,,,35,,172,16,,,B
368926257,2020-06-28T01:25:08,33.90869,-119.59022,15.0,43.0,511.0,SDTS EDD-964,,,35,,172,16,,,B
368926257,2020-06-28T01:26:36,33.91316,-119.58517,15.0,42.7,511.0,SDTS EDD-964,,,35,,172,16,,,B
368926257,2020-06-28T01:27:37,33.91623,-119.58170,15.2,43.7,511.0,SDTS EDD-964,,,35,,172,16,,,B
338230906,2020-07-03T17:46:22,33.88542,-119.56096,9.2,309.1,511.0,JOLLY RODGER,,,37,,0,0,,,B
338230906,2020-07-03T17:47:48,33.88680,-119.56383,6.0,296.1,511.0,JOLLY RODGER,,,37,,0,0,,,B
338230906,2020-07-03T17:49:18,33.88866,-119.56704,6.2,298.1,511.0,JOLLY RODGER,,,37,,0,0,,,B
338230906,2020-07-03T17:50:48,33.89027,-119.57007,6.2,303.1,511.0,JOLLY RODGER,,,37,,0,0,,,B
338230906,2020-07-03T17:52:22,33.89200,-119.57330,7.2,300.7,511.0,JOLLY RODGER,,,37,,0,0,,,B
338230906,2020-07-03T17:53:48,33.89362,-119.57628,8.3,303.5,511.0,JOLLY RODGER,,,37,,0,0,,,B
338230906,2020-07-03T17:54:49,33.89464,-119.57837,7.1,299.6,511.0,JOLLY RODGER,,,37,,0,0,,,B
338230906,2020-07-03T17:57:19,33.89727,-119.58343,6.6,295.5,511.0,JOLLY RODGER,,,37,,0,0,,,B
338230906,2020-07-03T17:58:48,33.89908,-119.58661,8.2,304.5,511.0,JOLLY RODGER,,,37,,0,0,,,B
338230906,2020-07-03T18:00:50,33.90122,-119.59072,7.3,303.3,511.0,JOLLY RODGER,,,37,,0,0,,,B
338230906,2020-07-03T18:02:49,33.90339,-119.59480,7.7,306.0,511.0,JOLLY RODGER,,,37,,0,0,,,B
338230906,2020-07-03T18:04:18,33.90487,-119.59775,6.6,296.9,511.0,JOLLY RODGER,,,37,,0,0,,,B
368076970,2020-07-18T00:30:39,33.91139,-119.60052,5.2,121.1,511.0,WHISKEY BUSINESS,,WDK6682,37,,14,4,,,B
368076970,2020-07-18T00:32:07,33.91014,-119.59808,6.2,120.4,511.0,WHISKEY BUSINESS,,WDK6682,37,,14,4,,,B
368076970,2020-07-18T00:33:36,33.90889,-119.59563,5.9,120.0,511.0,WHISKEY BUSINESS,,WDK6682,37,,14,4,,,B
368076970,2020-07-18T00:35:05,33.90772,-119.59332,5.0,119.4,511.0,WHISKEY BUSINESS,,WDK6682,37,,14,4,,,B
368076970,2020-07-18T00:36:06,33.90693,-119.59178,5.2,121.4,511.0,WHISKEY BUSINESS,,WDK6682,37,,14,4,,,B
368076970,2020-07-18T00:37:36,33.90579,-119.58957,5.6,121.7,511.0,WHISKEY BUSINESS,,WDK6682,37,,14,4,,,B
368076970,2020-07-18T00:39:05,33.90462,-119.58731,5.3,121.5,511.0,WHISKEY BUSINESS,,WDK6682,37,,14,4,,,B
368076970,2020-07-18T00:40:07,33.90378,-119.58570,5.7,122.6,511.0,WHISKEY BUSINESS,,WDK6682,37,,14,4,,,B
368076970,2020-07-18T00:41:36,33.90254,-119.58328,6.3,121.0,511.0,WHISKEY BUSINESS,,WDK6682,37,,14,4,,,B
368076970,2020-07-18T00:43:05,33.90132,-119.58086,5.4,120.4,511.0,WHISKEY BUSINESS,,WDK6682,37,,14,4,,,B
368076970,2020-07-18T00:44:35,33.90011,-119.57852,5.8,120.0,511.0,WHISKEY BUSINESS,,WDK6682,37,,14,4,,,B
368076970,2020-07-18T00:45:36,33.89932,-119.57696,5.2,121.3,511.0,WHISKEY BUSINESS,,WDK6682,37,,14,4,,,B
368076970,2020-07-18T00:47:05,33.89826,-119.57488,4.9,121.1,511.0,WHISKEY BUSINESS,,WDK6682,37,,14,4,,,B
368076970,2020-07-18T00:48:06,33.89753,-119.57344,5.0,118.4,511.0,WHISKEY BUSINESS,,WDK6682,37,,14,4,,,B
368076970,2020-07-18T00:49:08,33.89677,-119.57196,4.5,121.7,511.0,WHISKEY BUSINESS,,WDK6682,37,,14,4,,,B
368076970,2020-07-18T00:50:35,33.89567,-119.56976,5.6,119.6,511.0,WHISKEY BUSINESS,,WDK6682,37,,14,4,,,B
368076970,2020-07-18T00:52:06,33.89454,-119.56754,5.0,122.6,511.0,WHISKEY BUSINESS,,WDK6682,37,,14,4,,,B
368076970,2020-07-18T00:53:36,33.89342,-119.56531,5.2,120.5,511.0,WHISKEY BUSINESS,,WDK6682,37,,14,4,,,B
368076970,2020-07-18T00:55:05,33.89233,-119.56316,5.4,120.1,511.0,WHISKEY BUSINESS,,WDK6682,37,,14,4,,,B
368076970,2020-07-18T00:56:06,33.89158,-119.56169,5.0,118.9,511.0,WHISKEY BUSINESS,,WDK6682,37,,14,4,,,B
368076970,2020-07-18T00:57:36,33.89045,-119.55947,5.1,122.2,511.0,WHISKEY BUSINESS,,WDK6682,37,,14,4,,,B
369970278,2020-07-28T14:46:49,33.90779,-119.55904,15.4,232.1,231.0,SWISS LADDER 120,,,90,0,,,,35,A
369970278,2020-07-28T14:47:51,33.90610,-119.56169,3.8,227.7,208.0,SWISS LADDER 120,,,90,0,,,,35,A
369970278,2020-07-28T15:00:04,33.90689,-119.56299,0.6,326.0,203.0,SWISS LADDER 120,,,90,0,,,,35,A
369970278,2020-07-28T15:01:15,33.90705,-119.56310,0.5,338.3,202.0,SWISS LADDER 120,,,90,0,,,,35,A
369970278,2020-07-28T15:02:24,33.90720,-119.56317,0.5,336.1,202.0,SWISS LADDER 120,,,90,0,,,,35,A
369970278,2020-07-28T15:03:34,33.90737,-119.56324,0.6,328.1,197.0,SWISS LADDER 120,,,90,0,,,,35,A
369970278,2020-07-28T15:04:45,33.90756,-119.56332,0.7,330.2,188.0,SWISS LADDER 120,,,90,0,,,,35,A
369970278,2020-07-28T15:05:54,33.90775,-119.56342,0.6,357.7,190.0,SWISS LADDER 120,,,90,0,,,,35,A
369970278,2020-07-28T15:07:04,33.90792,-119.56348,0.6,341.5,194.0,SWISS LADDER 120,,,90,0,,,,35,A
369970278,2020-07-28T15:08:13,33.90811,-119.56357,0.6,338.9,190.0,SWISS LADDER 120,,,90,0,,,,35,A
369970278,2020-07-28T15:09:23,33.90830,-119.56364,0.6,341.0,194.0,SWISS LADDER 120,,,90,0,,,,35,A
369970278,2020-07-28T15:10:34,33.90848,-119.56370,0.5,1.9,197.0,SWISS LADDER 120,,,90,0,,,,35,A
369970278,2020-07-28T15:11:44,33.90867,-119.56374,0.6,344.7,197.0,SWISS LADDER 120,,,90,0,,,,35,A
369970278,2020-07-28T15:13:05,33.90888,-119.56380,0.6,340.7,195.0,SWISS LADDER 120,,,90,0,,,,35,A
369970278,2020-07-28T15:14:15,33.90907,-119.56384,0.6,349.8,190.0,SWISS LADDER 120,,,90,0,,,,35,A
369970278,2020-07-28T15:15:24,33.90926,-119.56388,0.6,352.7,191.0,SWISS LADDER 120,,,90,0,,,,35,A
369970278,2020-07-28T15:16:35,33.90947,-119.56391,0.6,16.6,191.0,SWISS LADDER 120,,,90,0,,,,35,A
369970278,2020-07-28T15:17:45,33.90968,-119.56392,0.7,346.9,186.0,SWISS LADDER 120,,,90,0,,,,35,A
369970278,2020-07-28T15:18:54,33.90987,-119.56396,0.7,345.5,182.0,SWISS LADDER 120,,,90,0,,,,35,A
369970278,2020-07-28T15:20:05,33.91009,-119.56400,0.7,349.9,179.0,SWISS LADDER 120,,,90,0,,,,35,A
369970278,2020-07-28T15:21:14,33.91030,-119.56402,0.6,358.4,187.0,SWISS LADDER 120,,,90,0,,,,35,A
369970278,2020-07-28T15:22:25,33.91053,-119.56407,0.7,346.2,179.0,SWISS LADDER 120,,,90,0,,,,35,A
369970278,2020-07-28T15:23:45,33.91079,-119.56412,0.7,348.0,184.0,SWISS LADDER 120,,,90,0,,,,35,A
369970278,2020-07-28T15:24:53,33.91099,-119.56416,0.6,350.9,181.0,SWISS LADDER 120,,,90,0,,,,35,A
369970278,2020-07-28T15:26:05,33.91123,-119.56418,0.7,339.4,180.0,SWISS LADDER 120,,,90,0,,,,35,A
369970278,2020-07-28T15:27:14,33.91146,-119.56420,0.7,1.4,178.0,SWISS LADDER 120,,,90,0,,,,35,A
369970278,2020-07-28T15:28:25,33.91170,-119.56424,0.7,354.4,179.0,SWISS LADDER 120,,,90,0,,,,35,A
369970278,2020-07-28T15:29:34,33.91195,-119.56426,0.7,355.6,178.0,SWISS LADDER 120,,,90,0,,,,35,A
369970278,2020-07-28T15:30:45,33.91220,-119.56427,0.7,356.3,182.0,SWISS LADDER 120,,,90,0,,,,35,A
369970278,2020-07-28T15:31:55,33.91246,-119.56428,0.8,12.6,180.0,SWISS LADDER 120,,,90,0,,,,35,A
369970278,2020-07-28T15:33:04,33.91270,-119.56429,0.8,359.9,176.0,SWISS LADDER 120,,,90,0,,,,35,A
369970278,2020-07-28T15:34:05,33.91293,-119.56431,0.8,0.7,175.0,SWISS LADDER 120,,,90,0,,,,35,A
369970278,2020-07-28T15:35:14,33.91319,-119.56431,0.8,350.8,174.0,SWISS LADDER 120,,,90,0,,,,35,A
369970278,2020-07-28T16:00:05,33.90353,-119.56017,15.4,167.9,166.0,SWISS LADDER 120,,,90,0,,,,35,A
369970278,2020-07-28T16:01:16,33.89762,-119.55850,18.4,165.7,158.0,SWISS LADDER 120,,,90,0,,,,35,A
369970278,2020-07-28T16:29:55,33.91333,-119.56432,0.8,0.0,174.0,SWISS LADDER 120,,,90,0,,,,35,A
369970278,2020-07-28T16:43:25,33.91670,-119.56423,0.8,350.4,167.0,SWISS LADDER 120,,,90,0,,,,35,A
369970278,2020-07-28T21:44:58,33.90603,-119.56177,3.1,224.2,203.0,SWISS LADDER 120,,,90,0,,,,35,A
368926257,2020-08-06T10:34:19,33.91515,-119.56189,14.4,219.4,511.0,SDTS EDD-964,,,35,,172,16,,,B
368926257,2020-08-06T10:35:50,33.91048,-119.56660,14.3,220.1,511.0,SDTS EDD-964,,,35,,172,16,,,B
368926257,2020-08-06T10:37:49,33.90443,-119.57278,14.5,220.4,511.0,SDTS EDD-964,,,35,,172,16,,,B
368926257,2020-08-06T10:39:18,33.89979,-119.57753,14.6,220.7,511.0,SDTS EDD-964,,,35,,172,16,,,B
368926257,2020-08-06T10:41:20,33.89350,-119.58392,14.6,220.2,511.0,SDTS EDD-964,,,35,,172,16,,,B
368926257,2020-08-06T10:42:49,33.88884,-119.58866,14.6,220.4,511.0,SDTS EDD-964,,,35,,172,16,,,B
368926257,2020-08-06T10:43:50,33.88570,-119.59191,14.6,220.5,511.0,SDTS EDD-964,,,35,,172,16,,,B
369970278,2020-08-14T20:00:10,33.88712,-119.56883,0.7,14.9,323.0,SWISS LADDER 120,,,90,0,,,,35,A
369970278,2020-08-14T20:39:50,33.88347,-119.56939,0.5,5.1,316.0,SWISS LADDER 120,,,90,0,,,,35,A
369970278,2020-08-14T20:50:59,33.88544,-119.56918,0.7,4.8,302.0,SWISS LADDER 120,,,90,0,,,,35,A
369970278,2020-08-14T20:53:29,33.88590,-119.56911,0.7,7.4,308.0,SWISS LADDER 120,,,90,0,,,,35,A
369970278,2020-08-14T21:00:18,33.88714,-119.56882,0.6,6.5,323.0,SWISS LADDER 120,,,90,0,,,,35,A
369970278,2020-08-14T21:16:29,33.89143,-119.56866,7.0,23.9,40.0,SWISS LADDER 120,,,90,0,,,,35,A
369970278,2020-08-18T01:07:37,33.90051,-119.60149,20.7,46.0,47.0,SWISS LADDER 120,,,90,0,,,,35,A
369970278,2020-08-18T01:08:43,33.90490,-119.59607,20.4,44.6,46.0,SWISS LADDER 120,,,90,0,,,,35,A
369970278,2020-08-18T01:09:49,33.90919,-119.59082,20.8,44.0,45.0,SWISS LADDER 120,,,90,0,,,,35,A
369970278,2020-08-18T01:10:55,33.91364,-119.58548,20.4,46.6,46.0,SWISS LADDER 120,,,90,0,,,,35,A
368152530,2020-08-29T18:17:24,33.88913,-119.55993,7.4,292.4,295.0,EMMY ROSE,,WDL6624,30,,27,6,,,B
368152530,2020-08-29T18:18:27,33.88988,-119.56214,6.8,290.8,295.0,EMMY ROSE,,WDL6624,30,,27,6,,,B
368152530,2020-08-29T18:19:54,33.89092,-119.56525,7.0,291.6,293.0,EMMY ROSE,,WDL6624,30,,27,6,,,B
368152530,2020-08-29T18:21:27,33.89202,-119.56857,6.6,290.6,294.0,EMMY ROSE,,WDL6624,30,,27,6,,,B
368152530,2020-08-29T18:22:54,33.89309,-119.57170,7.2,291.3,293.0,EMMY ROSE,,WDL6624,30,,27,6,,,B
368152530,2020-08-29T18:24:54,33.89461,-119.57593,6.9,295.6,295.0,EMMY ROSE,,WDL6624,30,,27,6,,,B
368152530,2020-08-29T18:26:54,33.89615,-119.58013,6.8,292.9,293.0,EMMY ROSE,,WDL6624,30,,27,6,,,B
368152530,2020-08-29T18:28:26,33.89729,-119.58333,6.9,291.9,295.0,EMMY ROSE,,WDL6624,30,,27,6,,,B
368152530,2020-08-29T18:29:54,33.89839,-119.58634,6.9,293.7,293.0,EMMY ROSE,,WDL6624,30,,27,6,,,B
368152530,2020-08-29T18:31:26,33.89955,-119.58956,6.5,294.0,295.0,EMMY ROSE,,WDL6624,30,,27,6,,,B
368152530,2020-08-29T18:32:56,33.90071,-119.59263,6.7,292.6,294.0,EMMY ROSE,,WDL6624,30,,27,6,,,B
368152530,2020-08-29T18:34:56,33.90222,-119.59675,6.9,293.6,293.0,EMMY ROSE,,WDL6624,30,,27,6,,,B
338355995,2020-08-31T23:49:29,33.91537,-119.60093,6.2,186.9,511.0,WOJO,,,36,,12,4,,,B
368152530,2020-09-13T10:38:29,33.90461,-119.59906,6.0,114.1,116.0,EMMY ROSE,,WDL6624,30,,27,6,,,B
368152530,2020-09-13T10:40:32,33.90338,-119.59526,6.4,111.1,111.0,EMMY ROSE,,WDL6624,30,,27,6,,,B
368152530,2020-09-13T10:42:32,33.90222,-119.59152,5.9,110.6,115.0,EMMY ROSE,,WDL6624,30,,27,6,,,B
368152530,2020-09-13T10:44:32,33.90092,-119.58787,6.1,114.0,116.0,EMMY ROSE,,WDL6624,30,,27,6,,,B
368152530,2020-09-13T10:46:30,33.89961,-119.58435,6.1,109.2,112.0,EMMY ROSE,,WDL6624,30,,27,6,,,B
368152530,2020-09-13T10:48:29,33.89841,-119.58063,6.0,111.9,114.0,EMMY ROSE,,WDL6624,30,,27,6,,,B
368152530,2020-09-13T10:51:30,33.89641,-119.57510,6.2,115.1,116.0,EMMY ROSE,,WDL6624,30,,27,6,,,B
368152530,2020-09-13T10:53:02,33.89538,-119.57231,5.7,115.2,118.0,EMMY ROSE,,WDL6624,30,,27,6,,,B
368152530,2020-09-13T10:55:02,33.89397,-119.56867,6.3,110.7,115.0,EMMY ROSE,,WDL6624,30,,27,6,,,B
368152530,2020-09-13T10:58:02,33.89202,-119.56326,6.0,112.9,117.0,EMMY ROSE,,WDL6624,30,,27,6,,,B
368152530,2020-09-13T10:59:31,33.89103,-119.56062,5.6,119.0,122.0,EMMY ROSE,,WDL6624,30,,27,6,,,B
368152530,2020-09-13T11:00:02,33.89066,-119.55969,6.0,110.5,113.0,EMMY ROSE,,WDL6624,30,,27,6,,,B
368094210,2020-09-14T16:09:40,33.90621,-119.57711,8.0,218.3,511.0,TUNANATOR,,WDK8443,37,,21,7,,,B
368926257,2020-09-23T10:47:34,33.91231,-119.57507,10.3,214.9,511.0,SDTS EDD-964,,,35,,172,16,,,B
368926257,2020-09-23T10:49:38,33.90744,-119.57955,10.6,218.0,511.0,SDTS EDD-964,,,35,,172,16,,,B
368926257,2020-09-23T10:51:04,33.90397,-119.58283,10.6,218.9,511.0,SDTS EDD-964,,,35,,172,16,,,B
368926257,2020-09-23T10:52:05,33.90167,-119.58507,10.7,219.7,511.0,SDTS EDD-964,,,35,,172,16,,,B
368926257,2020-09-23T10:55:08,33.89467,-119.59208,10.6,220.7,511.0,SDTS EDD-964,,,35,,172,16,,,B
368926257,2020-09-23T10:56:35,33.89136,-119.59547,10.8,220.4,511.0,SDTS EDD-964,,,35,,172,16,,,B
368926257,2020-09-23T10:58:05,33.88797,-119.59901,10.7,220.9,511.0,SDTS EDD-964,,,35,,172,16,,,B
368065540,2020-09-23T17:00:11,33.90786,-119.57151,6.9,119.0,116.0,TASI,,WDK5511,37,,11,2,,,B
368065540,2020-09-23T17:01:12,33.90688,-119.56950,7.1,120.8,118.0,TASI,,WDK5511,37,,11,2,,,B
368065540,2020-09-23T17:02:41,33.90546,-119.56657,6.8,119.5,117.0,TASI,,WDK5511,37,,11,2,,,B
368065540,2020-09-23T17:05:11,33.90328,-119.56167,6.3,116.9,113.0,TASI,,WDK5511,37,,11,2,,,B
368065540,2020-09-23T17:06:12,33.90251,-119.55971,6.9,110.8,114.0,TASI,,WDK5511,37,,11,2,,,B
368926257,2020-09-25T10:27:38,33.91355,-119.56978,11.9,216.0,511.0,SDTS EDD-964,,,35,,172,16,,,B
368926257,2020-09-25T10:32:38,33.89973,-119.58123,12.3,213.1,511.0,SDTS EDD-964,,,35,,172,16,,,B
368926257,2020-09-25T10:35:08,33.89256,-119.58684,11.9,212.2,511.0,SDTS EDD-964,,,35,,172,16,,,B
368926257,2020-09-25T19:47:08,33.88949,-119.57716,11.9,41.6,511.0,SDTS EDD-964,,,35,,172,16,,,B
368926257,2020-09-25T19:51:08,33.89966,-119.56655,12.2,40.9,511.0,SDTS EDD-964,,,35,,172,16,,,B
366762330,2020-10-18T07:41:43,33.90670,-119.59903,4.5,124.2,511.0,'IMI LOA,,WCY9061,36,,13,9,,,B
366762330,2020-10-18T07:50:43,33.90140,-119.58834,3.9,118.2,511.0,'IMI LOA,,WCY9061,36,,13,9,,,B
366762330,2020-10-18T07:59:43,33.89601,-119.57849,4.3,122.6,511.0,'IMI LOA,,WCY9061,36,,13,9,,,B
366762330,2020-10-18T08:00:13,33.89571,-119.57791,4.2,123.2,511.0,'IMI LOA,,WCY9061,36,,13,9,,,B
366762330,2020-10-18T08:01:43,33.89480,-119.57620,4.0,117.4,511.0,'IMI LOA,,WCY9061,36,,13,9,,,B
366762330,2020-10-18T08:03:12,33.89389,-119.57450,4.0,121.8,511.0,'IMI LOA,,WCY9061,36,,13,9,,,B
366762330,2020-10-18T08:05:12,33.89269,-119.57225,3.7,128.0,511.0,'IMI LOA,,WCY9061,36,,13,9,,,B
366762330,2020-10-18T08:06:42,33.89181,-119.57056,4.0,117.9,511.0,'IMI LOA,,WCY9061,36,,13,9,,,B
366762330,2020-10-18T08:10:12,33.88975,-119.56675,4.1,123.5,511.0,'IMI LOA,,WCY9061,36,,13,9,,,B
366762330,2020-10-18T08:14:41,33.88736,-119.56189,4.2,110.3,511.0,'IMI LOA,,WCY9061,36,,13,9,,,B
368926257,2020-10-23T10:21:58,33.91687,-119.57817,14.6,216.5,511.0,SDTS EDD-964,,,35,,172,16,,,B
368926257,2020-10-23T10:22:59,33.91352,-119.58115,14.8,215.7,511.0,SDTS EDD-964,,,35,,172,16,,,B
368926257,2020-10-23T10:27:59,33.89703,-119.59597,14.9,216.6,511.0,SDTS EDD-964,,,35,,172,16,,,B
368926257,2020-10-24T13:10:59,33.88486,-119.56191,19.1,219.4,511.0,SDTS EDD-964,,,35,,172,16,,,B
368926257,2020-10-25T00:58:29,33.88544,-119.58301,19.5,37.8,511.0,SDTS EDD-964,,,35,,172,16,,,B
368926257,2020-10-25T00:59:31,33.88977,-119.57893,19.8,38.4,511.0,SDTS EDD-964,,,35,,172,16,,,B
368926257,2020-10-25T01:00:30,33.89411,-119.57484,19.8,38.7,511.0,SDTS EDD-964,,,35,,172,16,,,B
368926257,2020-10-25T01:02:00,33.90062,-119.56874,19.6,38.1,511.0,SDTS EDD-964,,,35,,172,16,,,B
368926257,2020-10-25T01:03:31,33.90715,-119.56261,19.9,37.9,511.0,SDTS EDD-964,,,35,,172,16,,,B
368926257,2020-10-27T10:17:30,33.91024,-119.58196,14.9,221.9,511.0,SDTS EDD-964,,,35,,172,16,,,B
368926257,2020-10-27T10:20:00,33.90262,-119.59029,15.2,221.3,511.0,SDTS EDD-964,,,35,,172,16,,,B
368926257,2020-10-27T10:22:30,33.89498,-119.59871,15.0,221.3,511.0,SDTS EDD-964,,,35,,172,16,,,B
368926257,2020-10-28T01:21:02,33.91583,-119.58986,19.1,50.7,511.0,SDTS EDD-964,,,35,,172,16,,,B
368926257,2020-12-16T11:28:36,33.91223,-119.56885,14.0,214.5,511.0,SDTS EDD-964,,,35,,172,16,,,B
368926257,2020-12-16T11:30:05,33.90739,-119.57285,14.0,214.0,511.0,SDTS EDD-964,,,35,,172,16,,,B
368926257,2020-12-16T11:31:35,33.90263,-119.57682,14.0,215.0,511.0,SDTS EDD-964,,,35,,172,16,,,B
368926257,2020-12-16T11:33:04,33.89790,-119.58082,14.1,214.8,511.0,SDTS EDD-964,,,35,,172,16,,,B
368926257,2020-12-16T11:34:35,33.89302,-119.58495,14.0,215.3,511.0,SDTS EDD-964,,,35,,172,16,,,B
368926257,2020-12-18T11:10:36,33.91359,-119.57431,15.0,219.5,511.0,SDTS EDD-964,,,35,,172,16,,,B
368926257,2020-12-18T11:13:07,33.90552,-119.58231,14.5,219.4,511.0,SDTS EDD-964,,,35,,172,16,,,B
368926257,2020-12-18T11:14:37,33.90084,-119.58699,14.8,220.5,511.0,SDTS EDD-964,,,35,,172,16,,,B
368926257,2020-12-18T11:16:36,33.89465,-119.59320,14.6,220.5,511.0,SDTS EDD-964,,,35,,172,16,,,B
368926257,2020-12-18T11:17:39,33.89145,-119.59643,14.6,219.8,511.0,SDTS EDD-964,,,35,,172,16,,,B
369970278,2020-07-07T16:00:02,33.88519,-119.55973,6.4,247.0,248.0,SWISS LADDER 120,,,90,0,,,,35,A
369970278,2020-07-07T16:01:12,33.88445,-119.56202,6.3,249.4,248.0,SWISS LADDER 120,,,90,0,,,,35,A
369970278,2020-07-07T16:02:20,33.88372,-119.56429,6.4,248.5,248.0,SWISS LADDER 120,,,90,0,,,,35,A
369970278,2020-07-07T16:03:32,33.88293,-119.56675,6.6,248.7,248.0,SWISS LADDER 120,,,90,0,,,,35,A
369970278,2020-07-07T16:04:33,33.88225,-119.56879,6.6,248.3,248.0,SWISS LADDER 120,,,90,0,,,,35,A
369970278,2020-07-07T16:19:11,33.88292,-119.58697,3.9,357.0,0.0,SWISS LADDER 120,,,90,0,,,,35,A
369970278,2020-07-07T16:20:12,33.88373,-119.58701,1.7,346.7,356.0,SWISS LADDER 120,,,90,0,,,,35,A
369970278,2020-07-07T16:21:22,33.88408,-119.58700,0.9,20.2,344.0,SWISS LADDER 120,,,90,0,,,,35,A
369970278,2020-07-07T16:22:32,33.88425,-119.58695,0.4,17.2,326.0,SWISS LADDER 120,,,90,0,,,,35,A
369970278,2020-07-07T16:23:42,33.88525,-119.58753,7.8,332.8,335.0,SWISS LADDER 120,,,90,0,,,,35,A
369970278,2020-07-07T16:24:51,33.88755,-119.58893,8.2,331.0,334.0,SWISS LADDER 120,,,90,0,,,,35,A
369970278,2020-07-07T16:25:55,33.88977,-119.58996,8.0,348.4,353.0,SWISS LADDER 120,,,90,0,,,,35,A
369970278,2020-07-07T16:27:01,33.89222,-119.58982,8.1,3.6,5.0,SWISS LADDER 120,,,90,0,,,,35,A
369970278,2020-07-07T16:28:02,33.89447,-119.58962,8.1,3.5,7.0,SWISS LADDER 120,,,90,0,,,,35,A
369970278,2020-07-07T16:29:11,33.89712,-119.58940,8.2,3.6,5.0,SWISS LADDER 120,,,90,0,,,,35,A
369970278,2020-07-07T16:30:12,33.89940,-119.58920,8.2,4.7,6.0,SWISS LADDER 120,,,90,0,,,,35,A
369970278,2020-07-07T16:31:22,33.90214,-119.58896,8.4,3.4,7.0,SWISS LADDER 120,,,90,0,,,,35,A
369970278,2020-07-07T16:32:31,33.90381,-119.58879,2.7,4.7,5.0,SWISS LADDER 120,,,90,0,,,,35,A
369970278,2020-07-07T16:33:41,33.90435,-119.58875,1.3,1.9,352.0,SWISS LADDER 120,,,90,0,,,,35,A
369970278,2020-07-07T16:34:52,33.90469,-119.58872,0.9,5.0,333.0,SWISS LADDER 120,,,90,0,,,,35,A
369970278,2020-07-07T16:35:53,33.90491,-119.58869,0.7,8.1,324.0,SWISS LADDER 120,,,90,0,,,,35,A
369970278,2020-07-07T16:37:02,33.90514,-119.58860,0.9,30.0,323.0,SWISS LADDER 120,,,90,0,,,,35,A
369970278,2020-07-07T16:38:11,33.90533,-119.58851,0.5,8.8,321.0,SWISS LADDER 120,,,90,0,,,,35,A
369970278,2020-07-07T16:39:22,33.90552,-119.58838,0.6,25.4,325.0,SWISS LADDER 120,,,90,0,,,,35,A
369970278,2020-10-14T15:20:02,33.89577,-119.55839,0.6,274.9,318.0,SWISS LADDER 120,,,90,0,,,,35,A
369970278,2020-10-14T15:21:13,33.89577,-119.55862,0.5,277.6,316.0,SWISS LADDER 120,,,90,0,,,,35,A
369970278,2020-10-14T15:22:43,33.89572,-119.55883,0.5,252.2,303.0,SWISS LADDER 120,,,90,0,,,,35,A
369970278,2020-10-14T15:25:13,33.89560,-119.55912,0.4,238.2,292.0,SWISS LADDER 120,,,90,0,,,,35,A
369970278,2020-10-14T15:26:23,33.89555,-119.55923,0.3,243.8,287.0,SWISS LADDER 120,,,90,0,,,,35,A
369970278,2020-10-14T15:27:34,33.89550,-119.55934,0.3,247.3,289.0,SWISS LADDER 120,,,90,0,,,,35,A
369970278,2020-10-14T15:30:02,33.89541,-119.55957,0.3,257.0,290.0,SWISS LADDER 120,,,90,0,,,,35,A
369970278,2020-10-14T15:31:53,33.89535,-119.55978,0.4,250.5,295.0,SWISS LADDER 120,,,90,0,,,,35,A
369970278,2020-10-14T15:33:02,33.89532,-119.55992,0.3,258.1,298.0,SWISS LADDER 120,,,90,0,,,,35,A
369970278,2020-10-14T15:34:53,33.89527,-119.56011,0.3,257.7,303.0,SWISS LADDER 120,,,90,0,,,,35,A
369970278,2020-10-14T15:36:23,33.89524,-119.56026,0.3,266.4,304.0,SWISS LADDER 120,,,90,0,,,,35,A
369970278,2020-10-14T15:37:53,33.89523,-119.56041,0.4,256.6,309.0,SWISS LADDER 120,,,90,0,,,,35,A
369970278,2020-10-14T15:39:23,33.89521,-119.56057,0.4,258.2,308.0,SWISS LADDER 120,,,90,0,,,,35,A
369970278,2020-10-14T15:41:03,33.89520,-119.56074,0.2,273.2,313.0,SWISS LADDER 120,,,90,0,,,,35,A
369970278,2020-10-14T15:42:12,33.89519,-119.56085,0.4,247.1,312.0,SWISS LADDER 120,,,90,0,,,,35,A
369970278,2020-10-14T15:43:23,33.89517,-119.56098,0.5,250.6,311.0,SWISS LADDER 120,,,90,0,,,,35,A
369970278,2020-10-14T15:45:12,33.89513,-119.56117,0.3,267.8,307.0,SWISS LADDER 120,,,90,0,,,,35,A
369970278,2020-10-14T15:46:13,33.89511,-119.56127,0.2,267.7,305.0,SWISS LADDER 120,,,90,0,,,,35,A
369970278,2020-10-14T15:47:23,33.89510,-119.56138,0.3,259.8,307.0,SWISS LADDER 120,,,90,0,,,,35,A
369970278,2020-10-14T15:48:42,33.89508,-119.56151,0.2,274.3,305.0,SWISS LADDER 120,,,90,0,,,,35,A
369970278,2020-10-14T15:49:43,33.89507,-119.56158,0.3,266.4,303.0,SWISS LADDER 120,,,90,0,,,,35,A
369970278,2020-10-14T15:53:13,33.89502,-119.56180,0.2,243.9,302.0,SWISS LADDER 120,,,90,0,,,,35,A
369970278,2020-10-14T15:55:04,33.89499,-119.56193,0.2,271.7,307.0,SWISS LADDER 120,,,90,0,,,,35,A
369970278,2020-10-14T15:56:12,33.89498,-119.56201,0.2,267.2,305.0,SWISS LADDER 120,,,90,0,,,,35,A
369970278,2020-10-14T15:58:12,33.89498,-119.56216,0.3,260.2,306.0,SWISS LADDER 120,,,90,0,,,,35,A
369970278,2020-10-14T15:59:13,33.89497,-119.56223,0.2,261.3,307.0,SWISS LADDER 120,,,90,0,,,,35,A
369970278,2020-10-14T16:00:04,33.89496,-119.56228,0.3,278.9,307.0,SWISS LADDER 120,,,90,0,,,,35,A
369970278,2020-10-14T16:01:13,33.89496,-119.56236,0.3,259.0,307.0,SWISS LADDER 120,,,90,0,,,,35,A
369970278,2020-10-14T16:02:22,33.89497,-119.56244,0.2,297.1,311.0,SWISS LADDER 120,,,90,0,,,,35,A
369970278,2020-10-14T16:03:23,33.89499,-119.56251,0.2,284.6,313.0,SWISS LADDER 120,,,90,0,,,,35,A
369970278,2020-10-14T16:04:33,33.89502,-119.56260,0.2,298.2,318.0,SWISS LADDER 120,,,90,0,,,,35,A
369970278,2020-10-14T16:05:42,33.89505,-119.56271,0.3,334.8,320.0,SWISS LADDER 120,,,90,0,,,,35,A
369970278,2020-10-14T16:06:43,33.89509,-119.56280,0.3,285.1,322.0,SWISS LADDER 120,,,90,0,,,,35,A
369970278,2020-10-14T16:08:13,33.89512,-119.56294,0.3,260.5,323.0,SWISS LADDER 120,,,90,0,,,,35,A
369970278,2020-10-14T16:09:33,33.89515,-119.56306,0.3,276.1,322.0,SWISS LADDER 120,,,90,0,,,,35,A
369970278,2020-10-14T16:11:12,33.89519,-119.56321,0.3,297.6,316.0,SWISS LADDER 120,,,90,0,,,,35,A
369970278,2020-10-14T16:12:43,33.89524,-119.56334,0.3,285.4,319.0,SWISS LADDER 120,,,90,0,,,,35,A
369970278,2020-10-14T16:13:45,33.89528,-119.56341,0.3,357.9,322.0,SWISS LADDER 120,,,90,0,,,,35,A
369970278,2020-10-14T16:15:04,33.89533,-119.56350,0.6,268.0,326.0,SWISS LADDER 120,,,90,0,,,,35,A
369970278,2020-10-14T16:16:14,33.89537,-119.56357,0.3,292.2,326.0,SWISS LADDER 120,,,90,0,,,,35,A
369970278,2020-10-14T16:18:04,33.89543,-119.56368,0.2,301.3,317.0,SWISS LADDER 120,,,90,0,,,,35,A
369970278,2020-10-14T16:19:53,33.89549,-119.56379,0.3,285.5,312.0,SWISS LADDER 120,,,90,0,,,,35,A
369970278,2020-10-14T16:21:54,33.89556,-119.56389,0.2,311.2,314.0,SWISS LADDER 120,,,90,0,,,,35,A
369970278,2020-10-14T16:23:04,33.89560,-119.56395,0.2,305.5,313.0,SWISS LADDER 120,,,90,0,,,,35,A
369970278,2020-10-14T16:24:13,33.89563,-119.56401,0.2,284.0,307.0,SWISS LADDER 120,,,90,0,,,,35,A
369970278,2020-10-14T16:26:33,33.89570,-119.56412,0.2,311.3,302.0,SWISS LADDER 120,,,90,0,,,,35,A
369970278,2020-10-14T16:29:12,33.89577,-119.56422,0.1,270.3,305.0,SWISS LADDER 120,,,90,0,,,,35,A
369970278,2020-10-14T16:30:23,33.89580,-119.56426,0.2,316.5,305.0,SWISS LADDER 120,,,90,0,,,,35,A
369970278,2020-10-14T16:33:12,33.89588,-119.56435,0.2,311.1,300.0,SWISS LADDER 120,,,90,0,,,,35,A
369970278,2020-10-14T16:35:03,33.89595,-119.56441,0.2,295.2,303.0,SWISS LADDER 120,,,90,0,,,,35,A
369970278,2020-10-14T16:37:03,33.89602,-119.56446,0.2,323.1,308.0,SWISS LADDER 120,,,90,0,,,,35,A
369970278,2020-10-14T16:38:13,33.89605,-119.56447,0.2,2.5,308.0,SWISS LADDER 120,,,90,0,,,,35,A
369970278,2020-10-14T16:40:13,33.89609,-119.56451,0.1,241.2,301.0,SWISS LADDER 120,,,90,0,,,,35,A
369970278,2020-10-14T16:42:13,33.89615,-119.56455,0.1,2.7,298.0,SWISS LADDER 120,,,90,0,,,,35,A
369970278,2020-10-14T16:44:13,33.89620,-119.56460,0.2,330.7,303.0,SWISS LADDER 120,,,90,0,,,,35,A
369970278,2020-10-14T16:45:22,33.89623,-119.56465,0.3,268.1,304.0,SWISS LADDER 120,,,90,0,,,,35,A
369970278,2020-10-14T16:47:53,33.89631,-119.56478,0.2,292.9,305.0,SWISS LADDER 120,,,90,0,,,,35,A
369970278,2020-10-14T16:49:53,33.89636,-119.56488,0.2,320.3,307.0,SWISS LADDER 120,,,90,0,,,,35,A
369970278,2020-10-14T16:51:13,33.89639,-119.56495,0.2,291.1,307.0,SWISS LADDER 120,,,90,0,,,,35,A
369970278,2020-10-14T16:54:43,33.89649,-119.56514,0.8,306.8,300.0,SWISS LADDER 120,,,90,0,,,,35,A
369970278,2020-10-14T16:56:10,33.89681,-119.56521,0.9,6.9,43.0,SWISS LADDER 120,,,90,0,,,,35,A
369970278,2020-10-14T16:57:12,33.89754,-119.56478,4.5,27.5,35.0,SWISS LADDER 120,,,90,0,,,,35,A
369970278,2020-10-14T16:58:43,33.89950,-119.56284,7.7,27.6,23.0,SWISS LADDER 120,,,90,0,,,,35,A
369970278,2020-10-14T16:59:53,33.90207,-119.56102,9.6,39.1,45.0,SWISS LADDER 120,,,90,0,,,,35,A
369970278,2020-10-14T17:00:01,33.90234,-119.56073,9.6,41.6,49.0,SWISS LADDER 120,,,90,0,,,,35,A
369970278,2020-11-20T14:45:09,33.91124,-119.56000,15.0,195.6,193.0,SWISS LADDER 120,,,90,0,,,,35,A
369970278,2020-11-20T14:46:14,33.90671,-119.56062,15.0,185.7,185.0,SWISS LADDER 120,,,90,0,,,,35,A
369970278,2020-11-20T14:47:56,33.89969,-119.56099,15.1,176.2,176.0,SWISS LADDER 120,,,90,0,,,,35,A
369970278,2020-11-20T14:49:02,33.89565,-119.56055,9.9,174.6,175.0,SWISS LADDER 120,,,90,0,,,,35,A
369970278,2020-11-20T14:50:08,33.89356,-119.56034,4.8,178.6,175.0,SWISS LADDER 120,,,90,0,,,,35,A
369970278,2020-11-20T14:51:15,33.89212,-119.56022,4.6,177.2,175.0,SWISS LADDER 120,,,90,0,,,,35,A
369970278,2020-11-20T14:54:35,33.89218,-119.56053,0.8,185.7,168.0,SWISS LADDER 120,,,90,0,,,,35,A
369970278,2020-11-20T14:55:45,33.89215,-119.56051,0.4,39.0,158.0,SWISS LADDER 120,,,90,0,,,,35,A
369970278,2020-11-20T14:59:25,33.89266,-119.56060,0.6,348.9,190.0,SWISS LADDER 120,,,90,0,,,,35,A
369970278,2020-11-20T15:00:04,33.89278,-119.56064,0.7,340.5,193.0,SWISS LADDER 120,,,90,0,,,,35,A
369970278,2020-11-20T15:01:25,33.89305,-119.56066,0.8,353.7,189.0,SWISS LADDER 120,,,90,0,,,,35,A
369970278,2020-11-20T15:02:34,33.89328,-119.56065,0.7,353.8,187.0,SWISS LADDER 120,,,90,0,,,,35,A
369970278,2020-11-20T15:03:45,33.89353,-119.56064,0.8,3.0,189.0,SWISS LADDER 120,,,90,0,,,,35,A
369970278,2020-11-20T15:05:05,33.89381,-119.56062,0.8,8.1,187.0,SWISS LADDER 120,,,90,0,,,,35,A
369970278,2020-11-20T15:06:15,33.89406,-119.56059,0.7,0.7,182.0,SWISS LADDER 120,,,90,0,,,,35,A
369970278,2020-11-20T15:07:24,33.89430,-119.56058,0.9,18.8,179.0,SWISS LADDER 120,,,90,0,,,,35,A
369970278,2020-11-20T15:08:25,33.89450,-119.56058,0.8,335.2,180.0,SWISS LADDER 120,,,90,0,,,,35,A
369970278,2020-11-20T15:09:35,33.89472,-119.56060,0.7,1.6,186.0,SWISS LADDER 120,,,90,0,,,,35,A
369970278,2020-11-20T15:10:45,33.89494,-119.56061,0.7,6.1,185.0,SWISS LADDER 120,,,90,0,,,,35,A
369970278,2020-11-20T15:11:54,33.89515,-119.56064,0.6,351.5,186.0,SWISS LADDER 120,,,90,0,,,,35,A
369970278,2020-11-20T15:13:34,33.89545,-119.56068,0.6,6.4,187.0,SWISS LADDER 120,,,90,0,,,,35,A
369970278,2020-11-20T15:14:44,33.89567,-119.56072,0.7,355.4,185.0,SWISS LADDER 120,,,90,0,,,,35,A
369970278,2020-11-20T15:15:55,33.89589,-119.56077,0.7,18.7,188.0,SWISS LADDER 120,,,90,0,,,,35,A
369970278,2020-11-20T15:17:14,33.89615,-119.56085,0.8,342.0,197.0,SWISS LADDER 120,,,90,0,,,,35,A
369970278,2020-11-20T15:19:14,33.89657,-119.56093,0.8,349.6,189.0,SWISS LADDER 120,,,90,0,,,,35,A
369970278,2020-11-20T15:20:44,33.89690,-119.56096,0.8,4.8,190.0,SWISS LADDER 120,,,90,0,,,,35,A
369970278,2020-11-20T15:22:14,33.89724,-119.56096,0.8,358.2,188.0,SWISS LADDER 120,,,90,0,,,,35,A
369970278,2020-11-20T15:23:35,33.89754,-119.56091,0.8,0.0,183.0,SWISS LADDER 120,,,90,0,,,,35,A
369970278,2020-11-20T15:24:44,33.89780,-119.56085,0.9,22.3,181.0,SWISS LADDER 120,,,90,0,,,,35,A
369970278,2020-11-20T15:26:35,33.89822,-119.56073,0.9,22.1,183.0,SWISS LADDER 120,,,90,0,,,,35,A
369970278,2020-11-20T15:27:45,33.89847,-119.56064,0.8,15.6,185.0,SWISS LADDER 120,,,90,0,,,,35,A
369970278,2020-11-20T15:29:45,33.89888,-119.56054,0.8,19.6,184.0,SWISS LADDER 120,,,90,0,,,,35,A
369970278,2020-11-20T15:32:25,33.89944,-119.56041,0.7,25.2,181.0,SWISS LADDER 120,,,90,0,,,,35,A
369970278,2020-11-20T15:34:25,33.89985,-119.56029,1.1,43.2,183.0,SWISS LADDER 120,,,90,0,,,,35,A
369970278,2020-11-20T15:35:45,33.90012,-119.56021,0.8,347.3,185.0,SWISS LADDER 120,,,90,0,,,,35,A
369970278,2020-11-20T15:37:25,33.90048,-119.56009,0.7,24.0,184.0,SWISS LADDER 120,,,90,0,,,,35,A
369970278,2020-11-20T15:38:35,33.90073,-119.56001,1.0,32.2,188.0,SWISS LADDER 120,,,90,0,,,,35,A
369970278,2020-11-20T15:39:45,33.90098,-119.55991,0.8,16.4,184.0,SWISS LADDER 120,,,90,0,,,,35,A
369970278,2020-11-20T15:42:05,33.90148,-119.55972,0.8,352.4,184.0,SWISS LADDER 120,,,90,0,,,,35,A
369970278,2020-11-20T15:43:25,33.90175,-119.55963,0.7,18.3,192.0,SWISS LADDER 120,,,90,0,,,,35,A
369970278,2020-11-20T15:44:34,33.90200,-119.55958,0.8,1.9,196.0,SWISS LADDER 120,,,90,0,,,,35,A
369970278,2020-11-20T15:47:24,33.90258,-119.55943,0.8,24.4,184.0,SWISS LADDER 120,,,90,0,,,,35,A
369970278,2020-11-20T15:49:24,33.90301,-119.55932,0.8,14.9,185.0,SWISS LADDER 120,,,90,0,,,,35,A
369970278,2020-11-20T15:51:15,33.90341,-119.55918,0.8,19.1,189.0,SWISS LADDER 120,,,90,0,,,,35,A
369970278,2020-11-20T15:53:25,33.90385,-119.55901,0.7,8.4,176.0,SWISS LADDER 120,,,90,0,,,,35,A
369970278,2020-11-20T15:55:24,33.90426,-119.55883,0.8,20.8,174.0,SWISS LADDER 120,,,90,0,,,,35,A
369970278,2020-11-20T15:56:34,33.90450,-119.55872,0.8,17.7,182.0,SWISS LADDER 120,,,90,0,,,,35,A
369970278,2020-11-20T15:59:24,33.90508,-119.55853,0.8,14.4,189.0,SWISS LADDER 120,,,90,0,,,,35,A
369970278,2020-11-20T16:00:05,33.90523,-119.55848,0.8,16.1,188.0,SWISS LADDER 120,,,90,0,,,,35,A
369970278,2020-11-20T16:01:15,33.90548,-119.55840,0.8,8.6,184.0,SWISS LADDER 120,,,90,0,,,,35,A
369970278,2020-02-26T17:51:43,33.90425,-119.57255,15.9,212.1,214.0,SWISS LADDER 120,,,90,0,,,,35,A
369970278,2020-02-26T17:52:51,33.90125,-119.57605,11.6,258.4,271.0,SWISS LADDER 120,,,90,0,,,,35,A
369970278,2020-02-26T17:54:43,33.90562,-119.58029,11.7,333.3,334.0,SWISS LADDER 120,,,90,0,,,,35,A
369970278,2020-02-26T17:56:40,33.91006,-119.58297,4.6,333.8,334.0,SWISS LADDER 120,,,90,0,,,,35,A
369970278,2020-02-26T17:58:40,33.91038,-119.58305,1.7,143.7,331.0,SWISS LADDER 120,,,90,0,,,,35,A
369970278,2020-02-26T17:59:50,33.91035,-119.58305,0.8,337.4,343.0,SWISS LADDER 120,,,90,0,,,,35,A
369970278,2020-02-26T18:00:09,33.91041,-119.58309,0.7,330.2,345.0,SWISS LADDER 120,,,90,0,,,,35,A
369970278,2020-02-26T18:01:19,33.91058,-119.58318,0.5,330.6,354.0,SWISS LADDER 120,,,90,0,,,,35,A
369970278,2020-02-26T18:02:29,33.91069,-119.58327,0.4,331.5,7.0,SWISS LADDER 120,,,90,0,,,,35,A
369970278,2020-02-26T18:03:39,33.91077,-119.58332,0.3,331.0,14.0,SWISS LADDER 120,,,90,0,,,,35,A
369970278,2020-02-26T18:04:48,33.91083,-119.58336,0.2,332.9,12.0,SWISS LADDER 120,,,90,0,,,,35,A
369970278,2020-02-26T18:06:00,33.91089,-119.58342,0.2,328.7,6.0,SWISS LADDER 120,,,90,0,,,,35,A
369970278,2020-02-26T18:07:09,33.91094,-119.58349,0.3,298.5,357.0,SWISS LADDER 120,,,90,0,,,,35,A
369970278,2020-02-26T18:08:29,33.91098,-119.58354,0.2,296.6,352.0,SWISS LADDER 120,,,90,0,,,,35,A
369970278,2020-02-26T18:09:59,33.91100,-119.58362,0.2,258.9,346.0,SWISS LADDER 120,,,90,0,,,,35,A
369970278,2020-02-26T18:11:29,33.91100,-119.58369,0.0,25.5,343.0,SWISS LADDER 120,,,90,0,,,,35,A
369970278,2020-02-26T18:12:59,33.91098,-119.58376,0.1,255.8,339.0,SWISS LADDER 120,,,90,0,,,,35,A
369970278,2020-02-26T18:14:29,33.91096,-119.58381,0.1,246.4,334.0,SWISS LADDER 120,,,90,0,,,,35,A
369970278,2020-02-26T18:15:40,33.91093,-119.58385,0.1,198.8,334.0,SWISS LADDER 120,,,90,0,,,,35,A
369970278,2020-02-26T18:17:28,33.91088,-119.58394,0.1,217.0,336.0,SWISS LADDER 120,,,90,0,,,,35,A
369970278,2020-02-26T18:19:10,33.91084,-119.58403,0.1,217.3,339.0,SWISS LADDER 120,,,90,0,,,,35,A
369970278,2020-02-26T18:20:28,33.91081,-119.58410,0.1,268.2,343.0,SWISS LADDER 120,,,90,0,,,,35,A
369970278,2020-02-26T18:22:49,33.91076,-119.58423,0.1,267.6,347.0,SWISS LADDER 120,,,90,0,,,,35,A
369970278,2020-02-26T18:23:59,33.91073,-119.58430,0.3,244.1,350.0,SWISS LADDER 120,,,90,0,,,,35,A
369970278,2020-02-26T18:25:09,33.91069,-119.58438,0.3,233.0,350.0,SWISS LADDER 120,,,90,0,,,,35,A
369970278,2020-02-26T18:27:09,33.91063,-119.58451,0.3,232.7,349.0,SWISS LADDER 120,,,90,0,,,,35,A
369970278,2020-02-26T18:29:39,33.91053,-119.58468,0.3,230.4,347.0,SWISS LADDER 120,,,90,0,,,,35,A
369970278,2020-02-26T18:31:19,33.91046,-119.58479,0.2,232.3,352.0,SWISS LADDER 120,,,90,0,,,,35,A
369970278,2020-02-26T18:33:29,33.91040,-119.58494,0.4,235.8,348.0,SWISS LADDER 120,,,90,0,,,,35,A
369970278,2020-02-26T18:35:19,33.91031,-119.58507,0.3,233.6,348.0,SWISS LADDER 120,,,90,0,,,,35,A
369970278,2020-02-26T18:39:09,33.91008,-119.58535,0.4,231.7,349.0,SWISS LADDER 120,,,90,0,,,,35,A
369970278,2020-02-26T18:40:19,33.91002,-119.58542,0.3,229.4,347.0,SWISS LADDER 120,,,90,0,,,,35,A
369970278,2020-02-26T18:41:30,33.90994,-119.58550,0.4,231.5,345.0,SWISS LADDER 120,,,90,0,,,,35,A
369970278,2020-02-26T18:44:50,33.90973,-119.58576,0.3,207.0,344.0,SWISS LADDER 120,,,90,0,,,,35,A
369970278,2020-02-26T18:47:00,33.90961,-119.58592,0.3,229.0,349.0,SWISS LADDER 120,,,90,0,,,,35,A
369970278,2020-02-26T18:48:39,33.90951,-119.58603,0.2,211.0,346.0,SWISS LADDER 120,,,90,0,,,,35,A
369970278,2020-02-26T18:50:39,33.90940,-119.58617,0.2,219.4,346.0,SWISS LADDER 120,,,90,0,,,,35,A
369970278,2020-02-26T18:53:09,33.90927,-119.58632,0.3,227.5,351.0,SWISS LADDER 120,,,90,0,,,,35,A
369970278,2020-02-26T18:55:10,33.90918,-119.58639,0.3,231.8,347.0,SWISS LADDER 120,,,90,0,,,,35,A
369970278,2020-02-26T18:56:39,33.90909,-119.58645,0.2,193.8,348.0,SWISS LADDER 120,,,90,0,,,,35,A
369970278,2020-02-26T18:58:39,33.90896,-119.58659,0.5,229.9,350.0,SWISS LADDER 120,,,90,0,,,,35,A
369970278,2020-02-26T18:59:40,33.90889,-119.58666,0.3,232.6,356.0,SWISS LADDER 120,,,90,0,,,,35,A
369970278,2020-02-26T19:00:00,33.90887,-119.58668,0.2,220.2,357.0,SWISS LADDER 120,,,90,0,,,,35,A
369970278,2020-02-26T19:01:10,33.90882,-119.58675,0.2,219.3,355.0,SWISS LADDER 120,,,90,0,,,,35,A
369970278,2020-02-26T19:02:19,33.90875,-119.58686,0.5,245.3,356.0,SWISS LADDER 120,,,90,0,,,,35,A
369970278,2020-02-26T19:03:30,33.90868,-119.58698,0.5,243.3,0.0,SWISS LADDER 120,,,90,0,,,,35,A
369970278,2020-02-26T19:04:40,33.90862,-119.58708,0.3,221.7,358.0,SWISS LADDER 120,,,90,0,,,,35,A
369970278,2020-02-26T19:05:49,33.90857,-119.58716,0.3,247.3,351.0,SWISS LADDER 120,,,90,0,,,,35,A
369970278,2020-02-26T19:07:19,33.90849,-119.58727,0.5,241.5,352.0,SWISS LADDER 120,,,90,0,,,,35,A
369970278,2020-02-26T19:08:30,33.90843,-119.58736,0.3,224.2,357.0,SWISS LADDER 120,,,90,0,,,,35,A
369970278,2020-02-26T19:09:59,33.90835,-119.58748,0.4,239.8,359.0,SWISS LADDER 120,,,90,0,,,,35,A
369970278,2020-02-26T19:11:10,33.90829,-119.58758,0.3,227.0,0.0,SWISS LADDER 120,,,90,0,,,,35,A
369970278,2020-02-26T19:12:18,33.90821,-119.58768,0.5,247.0,0.0,SWISS LADDER 120,,,90,0,,,,35,A
369970278,2020-02-26T19:14:10,33.90813,-119.58782,0.2,218.4,8.0,SWISS LADDER 120,,,90,0,,,,35,A
369970278,2020-02-26T19:15:18,33.90809,-119.58791,0.3,239.8,3.0,SWISS LADDER 120,,,90,0,,,,35,A
369970278,2020-02-26T19:17:10,33.90801,-119.58803,0.3,235.2,1.0,SWISS LADDER 120,,,90,0,,,,35,A
369970278,2020-02-26T19:18:29,33.90794,-119.58811,0.3,232.2,358.0,SWISS LADDER 120,,,90,0,,,,35,A
369970278,2020-02-26T19:20:29,33.90784,-119.58822,0.3,221.4,2.0,SWISS LADDER 120,,,90,0,,,,35,A
369970278,2020-02-26T19:21:39,33.90777,-119.58827,0.2,211.6,1.0,SWISS LADDER 120,,,90,0,,,,35,A
369970278,2020-02-26T19:23:39,33.90766,-119.58829,0.2,206.1,355.0,SWISS LADDER 120,,,90,0,,,,35,A
369970278,2020-02-26T19:25:50,33.90753,-119.58838,0.3,221.9,6.0,SWISS LADDER 120,,,90,0,,,,35,A
369970278,2020-02-26T19:27:39,33.90745,-119.58846,0.2,226.2,11.0,SWISS LADDER 120,,,90,0,,,,35,A
369970278,2020-02-26T19:28:49,33.90741,-119.58850,0.1,189.1,8.0,SWISS LADDER 120,,,90,0,,,,35,A
369970278,2020-02-26T19:29:59,33.90738,-119.58856,0.1,202.1,5.0,SWISS LADDER 120,,,90,0,,,,35,A
369970278,2020-02-26T19:31:00,33.90735,-119.58862,0.2,241.6,2.0,SWISS LADDER 120,,,90,0,,,,35,A
369970278,2020-02-26T19:32:08,33.90732,-119.58866,0.2,225.6,4.0,SWISS LADDER 120,,,90,0,,,,35,A
369970278,2020-02-26T19:35:29,33.90721,-119.58879,0.2,214.7,7.0,SWISS LADDER 120,,,90,0,,,,35,A
369970278,2020-02-26T19:36:40,33.90715,-119.58882,0.2,193.9,11.0,SWISS LADDER 120,,,90,0,,,,35,A
369970278,2020-02-26T19:39:29,33.90698,-119.58890,0.2,186.5,9.0,SWISS LADDER 120,,,90,0,,,,35,A
369970278,2020-02-26T19:41:10,33.90687,-119.58894,0.4,235.6,6.0,SWISS LADDER 120,,,90,0,,,,35,A
369970278,2020-02-26T19:43:29,33.90670,-119.58904,0.3,196.6,4.0,SWISS LADDER 120,,,90,0,,,,35,A
369970278,2020-02-26T19:45:49,33.90657,-119.58914,0.2,188.3,10.0,SWISS LADDER 120,,,90,0,,,,35,A
369970278,2020-02-26T19:49:30,33.90638,-119.58931,0.2,192.4,6.0,SWISS LADDER 120,,,90,0,,,,35,A
369970278,2020-02-26T19:50:40,33.90631,-119.58935,0.2,201.6,4.0,SWISS LADDER 120,,,90,0,,,,35,A
369970278,2020-02-26T19:53:30,33.90616,-119.58948,0.3,224.7,2.0,SWISS LADDER 120,,,90,0,,,,35,A
369970278,2020-02-26T19:54:40,33.90608,-119.58953,0.2,190.6,4.0,SWISS LADDER 120,,,90,0,,,,35,A
369970278,2020-02-26T19:59:09,33.90562,-119.58959,0.5,186.2,359.0,SWISS LADDER 120,,,90,0,,,,35,A
369970278,2020-02-26T19:59:58,33.90551,-119.58961,0.4,174.5,0.0,SWISS LADDER 120,,,90,0,,,,35,A
369970278,2020-02-26T20:01:09,33.90537,-119.58964,0.4,197.5,4.0,SWISS LADDER 120,,,90,0,,,,35,A
369970278,2020-02-26T20:02:19,33.90525,-119.58968,0.4,181.9,6.0,SWISS LADDER 120,,,90,0,,,,35,A
369970278,2020-02-26T20:03:29,33.90513,-119.58971,0.4,204.3,4.0,SWISS LADDER 120,,,90,0,,,,35,A
369970278,2020-02-26T20:04:39,33.90502,-119.58975,0.4,172.5,2.0,SWISS LADDER 120,,,90,0,,,,35,A
369970278,2020-02-26T20:05:40,33.90491,-119.58980,0.4,198.8,2.0,SWISS LADDER 120,,,90,0,,,,35,A
369970278,2020-02-26T20:06:50,33.90477,-119.58982,0.5,178.1,9.0,SWISS LADDER 120,,,90,0,,,,35,A
369970278,2020-02-26T20:07:58,33.90461,-119.58979,0.5,166.1,22.0,SWISS LADDER 120,,,90,0,,,,35,A
369970278,2020-02-26T20:09:30,33.90442,-119.58971,0.5,157.2,43.0,SWISS LADDER 120,,,90,0,,,,35,A
369970278,2020-02-26T20:10:40,33.90427,-119.58967,0.5,166.8,56.0,SWISS LADDER 120,,,90,0,,,,35,A
369970278,2020-02-26T20:11:50,33.90415,-119.58965,0.4,176.3,64.0,SWISS LADDER 120,,,90,0,,,,35,A
369970278,2020-02-26T20:12:58,33.90405,-119.58963,0.3,168.1,70.0,SWISS LADDER 120,,,90,0,,,,35,A
369970278,2020-02-26T20:15:09,33.90385,-119.58957,0.3,167.8,91.0,SWISS LADDER 120,,,90,0,,,,35,A
369970278,2020-02-26T20:16:59,33.90365,-119.58956,0.5,186.9,110.0,SWISS LADDER 120,,,90,0,,,,35,A
369970278,2020-02-26T20:19:30,33.90333,-119.58955,0.4,178.4,119.0,SWISS LADDER 120,,,90,0,,,,35,A
369970278,2020-02-26T20:20:49,33.90316,-119.58952,0.5,175.9,118.0,SWISS LADDER 120,,,90,0,,,,35,A
369970278,2020-02-26T20:22:09,33.90299,-119.58951,0.4,177.7,118.0,SWISS LADDER 120,,,90,0,,,,35,A
369970278,2020-02-26T20:23:19,33.90285,-119.58951,0.5,178.8,113.0,SWISS LADDER 120,,,90,0,,,,35,A
369970278,2020-02-26T20:24:49,33.90270,-119.58951,0.4,186.3,110.0,SWISS LADDER 120,,,90,0,,,,35,A
369970278,2020-02-26T20:25:59,33.90258,-119.58951,0.4,182.5,113.0,SWISS LADDER 120,,,90,0,,,,35,A
369970278,2020-02-26T20:27:28,33.90242,-119.58951,0.3,167.6,120.0,SWISS LADDER 120,,,90,0,,,,35,A
369970278,2020-02-26T20:28:39,33.90229,-119.58949,0.4,175.5,120.0,SWISS LADDER 120,,,90,0,,,,35,A
369970278,2020-02-26T20:29:49,33.90215,-119.58948,0.6,186.9,122.0,SWISS LADDER 120,,,90,0,,,,35,A
369970278,2020-02-26T20:30:59,33.90200,-119.58945,0.4,158.8,119.0,SWISS LADDER 120,,,90,0,,,,35,A
369970278,2020-02-26T20:32:10,33.90184,-119.58939,0.5,154.5,118.0,SWISS LADDER 120,,,90,0,,,,35,A
369970278,2020-02-26T20:33:20,33.90169,-119.58930,0.6,160.3,120.0,SWISS LADDER 120,,,90,0,,,,35,A
369970278,2020-02-26T20:35:10,33.90145,-119.58912,0.6,154.3,112.0,SWISS LADDER 120,,,90,0,,,,35,A
369970278,2020-02-26T20:36:20,33.90131,-119.58900,0.5,143.3,108.0,SWISS LADDER 120,,,90,0,,,,35,A
369970278,2020-02-26T20:37:59,33.90111,-119.58880,0.6,147.4,105.0,SWISS LADDER 120,,,90,0,,,,35,A
369970278,2020-02-26T20:39:29,33.90096,-119.58863,0.5,136.2,106.0,SWISS LADDER 120,,,90,0,,,,35,A
369970278,2020-02-26T20:42:58,33.90058,-119.58826,0.5,134.3,121.0,SWISS LADDER 120,,,90,0,,,,35,A
369970278,2020-02-26T20:44:09,33.90044,-119.58815,0.4,142.7,132.0,SWISS LADDER 120,,,90,0,,,,35,A
369970278,2020-02-26T20:45:39,33.90028,-119.58802,0.5,148.8,143.0,SWISS LADDER 120,,,90,0,,,,35,A
369970278,2020-02-26T20:47:56,33.89986,-119.58763,2.7,136.2,134.0,SWISS LADDER 120,,,90,0,,,,35,A
369970278,2020-02-26T20:48:57,33.89941,-119.58672,3.2,109.2,98.0,SWISS LADDER 120,,,90,0,,,,35,A
369970278,2020-02-26T20:49:59,33.89937,-119.58552,3.7,90.9,94.0,SWISS LADDER 120,,,90,0,,,,35,A
369970278,2020-02-26T20:51:39,33.89903,-119.58344,3.9,109.8,115.0,SWISS LADDER 120,,,90,0,,,,35,A
369970278,2020-02-26T20:53:19,33.89850,-119.58137,3.8,97.4,97.0,SWISS LADDER 120,,,90,0,,,,35,A
369970278,2020-02-26T20:56:09,33.89840,-119.57781,3.8,101.3,106.0,SWISS LADDER 120,,,90,0,,,,35,A
369970278,2020-02-26T20:57:30,33.89794,-119.57619,3.8,113.6,120.0,SWISS LADDER 120,,,90,0,,,,35,A
369970278,2020-02-26T20:58:49,33.89720,-119.57476,3.8,127.8,134.0,SWISS LADDER 120,,,90,0,,,,35,A
369970278,2020-02-26T20:59:59,33.89637,-119.57372,3.8,138.1,146.0,SWISS LADDER 120,,,90,0,,,,35,A
369970278,2020-02-26T21:00:09,33.89624,-119.57359,3.7,138.5,147.0,SWISS LADDER 120,,,90,0,,,,35,A
369970278,2020-02-26T21:01:19,33.89524,-119.57276,3.8,148.5,157.0,SWISS LADDER 120,,,90,0,,,,35,A
369970278,2020-02-26T21:02:30,33.89411,-119.57206,3.9,154.3,159.0,SWISS LADDER 120,,,90,0,,,,35,A
369970278,2020-02-26T21:03:39,33.89302,-119.57131,3.9,146.6,150.0,SWISS LADDER 120,,,90,0,,,,35,A
369970278,2020-02-26T21:05:00,33.89188,-119.57019,4.0,136.8,138.0,SWISS LADDER 120,,,90,0,,,,35,A
369970278,2020-02-26T21:06:08,33.89106,-119.56906,3.9,129.1,131.0,SWISS LADDER 120,,,90,0,,,,35,A
369970278,2020-02-26T21:07:30,33.89021,-119.56758,4.0,120.5,123.0,SWISS LADDER 120,,,90,0,,,,35,A
369970278,2020-02-26T21:08:40,33.88961,-119.56622,3.9,115.5,118.0,SWISS LADDER 120,,,90,0,,,,35,A
369970278,2020-02-26T21:09:48,33.88912,-119.56483,3.9,111.5,114.0,SWISS LADDER 120,,,90,0,,,,35,A
369970278,2020-02-26T21:11:00,33.88871,-119.56339,3.0,108.2,111.0,SWISS LADDER 120,,,90,0,,,,35,A
369970278,2020-02-26T21:12:10,33.88856,-119.56277,1.2,101.1,111.0,SWISS LADDER 120,,,90,0,,,,35,A
369970278,2020-02-26T21:13:20,33.88849,-119.56243,0.8,105.8,111.0,SWISS LADDER 120,,,90,0,,,,35,A
369970278,2020-02-26T21:14:39,33.88843,-119.56213,0.6,108.1,112.0,SWISS LADDER 120,,,90,0,,,,35,A
369970278,2020-02-26T21:15:48,33.88839,-119.56191,0.6,97.7,113.0,SWISS LADDER 120,,,90,0,,,,35,A
369970278,2020-02-26T21:17:09,33.88836,-119.56166,0.5,97.1,114.0,SWISS LADDER 120,,,90,0,,,,35,A
369970278,2020-02-26T21:19:20,33.88830,-119.56127,0.5,105.2,122.0,SWISS LADDER 120,,,90,0,,,,35,A
369970278,2020-02-26T21:20:49,33.88827,-119.56103,0.4,117.5,131.0,SWISS LADDER 120,,,90,0,,,,35,A
369970278,2020-02-26T21:23:20,33.88819,-119.56066,0.5,103.6,139.0,SWISS LADDER 120,,,90,0,,,,35,A
369970278,2020-02-26T21:24:30,33.88816,-119.56049,0.4,98.3,145.0,SWISS LADDER 120,,,90,0,,,,35,A
369970278,2020-02-26T21:26:09,33.88812,-119.56027,0.4,105.8,156.0,SWISS LADDER 120,,,90,0,,,,35,A
369970278,2020-02-26T21:27:28,33.88808,-119.56012,0.4,108.5,161.0,SWISS LADDER 120,,,90,0,,,,35,A
369970278,2020-02-26T21:29:40,33.88798,-119.55987,0.3,111.3,153.0,SWISS LADDER 120,,,90,0,,,,35,A
369970278,2020-02-26T21:31:40,33.88790,-119.55965,0.4,135.5,154.0,SWISS LADDER 120,,,90,0,,,,35,A
369970278,2020-02-26T21:33:50,33.88780,-119.55943,0.3,126.1,153.0,SWISS LADDER 120,,,90,0,,,,35,A
369970278,2020-02-26T21:35:20,33.88774,-119.55928,0.4,101.7,152.0,SWISS LADDER 120,,,90,0,,,,35,A
369970278,2020-02-26T21:36:59,33.88766,-119.55912,0.4,111.7,155.0,SWISS LADDER 120,,,90,0,,,,35,A
369970278,2020-02-26T21:38:10,33.88759,-119.55901,0.4,128.7,155.0,SWISS LADDER 120,,,90,0,,,,35,A
369970278,2020-02-26T21:40:20,33.88749,-119.55879,0.3,124.9,149.0,SWISS LADDER 120,,,90,0,,,,35,A
369970278,2020-02-26T21:41:48,33.88742,-119.55862,0.4,103.3,148.0,SWISS LADDER 120,,,90,0,,,,35,A
369970278,2020-02-26T21:42:59,33.88737,-119.55847,0.3,126.6,151.0,SWISS LADDER 120,,,90,0,,,,35,A
369970278,2020-05-07T16:14:25,33.91262,-119.57594,21.1,212.3,213.0,SWISS LADDER 120,,,90,0,,,,35,A
369970278,2020-05-07T16:15:31,33.90715,-119.58005,21.1,212.6,214.0,SWISS LADDER 120,,,90,0,,,,35,A
369970278,2020-05-07T16:16:38,33.90158,-119.58427,21.3,212.4,214.0,SWISS LADDER 120,,,90,0,,,,35,A
369970278,2020-05-07T16:17:44,33.89614,-119.58846,21.1,213.4,215.0,SWISS LADDER 120,,,90,0,,,,35,A
369970278,2020-05-07T16:18:49,33.89083,-119.59267,21.2,213.6,215.0,SWISS LADDER 120,,,90,0,,,,35,A
369970278,2020-05-07T16:19:56,33.88532,-119.59700,21.3,213.3,214.0,SWISS LADDER 120,,,90,0,,,,35,A
367770910,2020-08-15T13:06:43,33.91725,-119.59925,6.4,118.9,511.0,GONE WITH THE WIND,,WDJ3741,37,,,,,,B
367770910,2020-08-15T13:08:12,33.91605,-119.59657,6.4,120.0,511.0,GONE WITH THE WIND,,WDJ3741,37,,,,,,B
367770910,2020-08-15T13:09:14,33.91529,-119.59474,6.1,116.1,511.0,GONE WITH THE WIND,,WDJ3741,37,,,,,,B
367770910,2020-08-15T13:10:41,33.91415,-119.59208,7.2,112.2,511.0,GONE WITH THE WIND,,WDJ3741,37,,,,,,B
367770910,2020-08-15T13:11:42,33.91337,-119.59024,6.2,116.0,511.0,GONE WITH THE WIND,,WDJ3741,37,,,,,,B
367770910,2020-08-15T13:13:12,33.91214,-119.58757,5.6,122.5,511.0,GONE WITH THE WIND,,WDJ3741,37,,,,,,B
367770910,2020-08-15T13:14:42,33.91075,-119.58499,6.1,120.5,511.0,GONE WITH THE WIND,,WDJ3741,37,,,,,,B
367770910,2020-08-15T13:15:46,33.90976,-119.58315,5.7,122.8,511.0,GONE WITH THE WIND,,WDJ3741,37,,,,,,B
367770910,2020-08-15T13:17:12,33.90850,-119.58070,6.5,115.2,511.0,GONE WITH THE WIND,,WDJ3741,37,,,,,,B
367770910,2020-08-15T13:19:42,33.90703,-119.57585,6.6,108.3,511.0,GONE WITH THE WIND,,WDJ3741,37,,,,,,B
367770910,2020-08-15T13:21:12,33.90621,-119.57289,5.7,109.5,511.0,GONE WITH THE WIND,,WDJ3741,37,,,,,,B
367770910,2020-08-15T13:22:42,33.90537,-119.56995,6.7,109.3,511.0,GONE WITH THE WIND,,WDJ3741,37,,,,,,B
367770910,2020-08-15T13:24:12,33.90455,-119.56703,6.1,103.3,511.0,GONE WITH THE WIND,,WDJ3741,37,,,,,,B
367770910,2020-08-15T13:25:42,33.90366,-119.56406,6.4,109.6,511.0,GONE WITH THE WIND,,WDJ3741,37,,,,,,B
367770910,2020-08-15T13:27:12,33.90282,-119.56107,6.2,109.2,511.0,GONE WITH THE WIND,,WDJ3741,37,,,,,,B
367770910,2020-08-15T13:28:13,33.90227,-119.55906,6.4,107.6,511.0,GONE WITH THE WIND,,WDJ3741,37,,,,,,B
369970278,2020-08-20T20:45:40,33.89453,-119.56250,10.5,260.5,262.0,SWISS LADDER 120,,,90,0,,,,35,A
369970278,2020-08-20T20:47:28,33.89366,-119.56867,10.3,261.3,260.0,SWISS LADDER 120,,,90,0,,,,35,A
369970278,2020-08-20T20:49:11,33.89282,-119.57436,10.2,260.9,262.0,SWISS LADDER 120,,,90,0,,,,35,A
369970278,2020-08-20T20:50:59,33.89196,-119.58064,10.4,260.5,260.0,SWISS LADDER 120,,,90,0,,,,35,A
369970278,2020-08-20T20:52:10,33.89140,-119.58462,10.3,260.6,259.0,SWISS LADDER 120,,,90,0,,,,35,A
369970278,2020-08-20T20:53:28,33.89074,-119.58913,10.7,260.4,261.0,SWISS LADDER 120,,,90,0,,,,35,A
369970278,2020-08-20T20:55:10,33.88992,-119.59502,10.5,260.7,262.0,SWISS LADDER 120,,,90,0,,,,35,A
369970278,2020-08-20T21:21:09,33.88807,-119.60045,10.5,79.7,83.0,SWISS LADDER 120,,,90,0,,,,35,A
369970278,2020-08-20T21:22:30,33.88876,-119.59580,10.4,80.2,83.0,SWISS LADDER 120,,,90,0,,,,35,A
369970278,2020-08-20T21:23:59,33.88954,-119.59064,10.8,80.3,85.0,SWISS LADDER 120,,,90,0,,,,35,A
369970278,2020-08-20T21:26:08,33.89068,-119.58292,11.1,79.4,83.0,SWISS LADDER 120,,,90,0,,,,35,A
369970278,2020-08-20T21:27:19,33.89133,-119.57862,10.9,80.0,83.0,SWISS LADDER 120,,,90,0,,,,35,A
369970278,2020-08-20T21:28:29,33.89197,-119.57449,10.9,79.8,83.0,SWISS LADDER 120,,,90,0,,,,35,A
369970278,2020-08-20T21:29:40,33.89254,-119.57070,8.6,79.5,84.0,SWISS LADDER 120,,,90,0,,,,35,A
369970278,2020-08-20T21:31:19,33.89337,-119.56500,10.6,79.2,82.0,SWISS LADDER 120,,,90,0,,,,35,A
369970278,2020-08-20T21:32:50,33.89417,-119.55979,10.5,80.2,83.0,SWISS LADDER 120,,,90,0,,,,35,A
369970278,2020-08-20T23:19:30,33.89492,-119.56132,10.2,260.1,257.0,SWISS LADDER 120,,,90,0,,,,35,A
369970278,2020-08-20T23:20:32,33.89471,-119.56471,9.6,289.3,289.0,SWISS LADDER 120,,,90,0,,,,35,A
369970278,2020-08-20T23:21:46,33.89308,-119.56607,9.0,135.8,120.0,SWISS LADDER 120,,,90,0,,,,35,A
369970278,2020-08-20T23:23:20,33.89382,-119.56090,10.6,73.9,77.0,SWISS LADDER 120,,,90,0,,,,35,A
369970278,2020-08-21T21:35:37,33.88866,-119.59063,22.2,39.1,41.0,SWISS LADDER 120,,,90,0,,,,35,A
369970278,2020-08-21T21:36:44,33.89401,-119.58550,21.8,38.4,38.0,SWISS LADDER 120,,,90,0,,,,35,A
369970278,2020-08-21T21:38:20,33.90160,-119.57820,22.0,39.4,40.0,SWISS LADDER 120,,,90,0,,,,35,A
369970278,2020-08-21T21:39:25,33.90674,-119.57316,22.3,40.0,39.0,SWISS LADDER 120,,,90,0,,,,35,A
369970278,2020-08-21T21:41:25,33.91632,-119.56390,21.4,40.4,42.0,SWISS LADDER 120,,,90,0,,,,35,A
369970278,2020-07-29T15:34:34,33.89820,-119.55842,0.4,287.7,182.0,SWISS LADDER 120,,,90,0,,,,35,A
369970278,2020-07-29T15:35:53,33.89825,-119.55851,0.1,348.0,183.0,SWISS LADDER 120,,,90,0,,,,35,A
369970278,2020-07-29T15:37:05,33.89832,-119.55857,0.3,317.5,194.0,SWISS LADDER 120,,,90,0,,,,35,A
369970278,2020-07-29T15:38:14,33.89837,-119.55865,0.5,300.1,201.0,SWISS LADDER 120,,,90,0,,,,35,A
369970278,2020-07-29T15:39:23,33.89843,-119.55873,0.4,294.7,198.0,SWISS LADDER 120,,,90,0,,,,35,A
369970278,2020-07-29T15:40:33,33.89848,-119.55885,0.4,295.1,189.0,SWISS LADDER 120,,,90,0,,,,35,A
369970278,2020-07-29T15:41:43,33.89854,-119.55897,0.4,295.8,181.0,SWISS LADDER 120,,,90,0,,,,35,A
369970278,2020-07-29T15:42:44,33.89860,-119.55912,0.7,283.9,181.0,SWISS LADDER 120,,,90,0,,,,35,A
369970278,2020-07-29T15:43:55,33.89867,-119.55924,0.2,314.8,191.0,SWISS LADDER 120,,,90,0,,,,35,A
369970278,2020-07-29T15:45:03,33.89854,-119.55933,2.8,188.6,183.0,SWISS LADDER 120,,,90,0,,,,35,A
369970278,2020-07-29T15:46:04,33.89742,-119.55867,5.5,120.7,107.0,SWISS LADDER 120,,,90,0,,,,35,A
369970278,2020-07-29T15:50:15,33.90519,-119.55863,8.9,349.1,354.0,SWISS LADDER 120,,,90,0,,,,35,A
369970278,2020-07-29T15:51:24,33.90801,-119.55930,8.9,348.7,353.0,SWISS LADDER 120,,,90,0,,,,35,A
369970278,2020-07-29T15:52:34,33.91089,-119.56002,8.9,347.8,353.0,SWISS LADDER 120,,,90,0,,,,35,A
369970278,2020-07-29T15:53:35,33.91334,-119.56065,8.9,348.0,353.0,SWISS LADDER 120,,,90,0,,,,35,A
369970278,2020-07-29T15:54:44,33.91608,-119.56135,8.8,347.0,353.0,SWISS LADDER 120,,,90,0,,,,35,A
369970278,2020-07-29T18:20:35,33.91789,-119.57522,0.8,171.5,168.0,SWISS LADDER 120,,,90,0,,,,35,A
369970278,2020-07-29T18:21:44,33.91775,-119.57519,0.4,149.5,179.0,SWISS LADDER 120,,,90,0,,,,35,A
369970278,2020-07-29T18:22:54,33.91771,-119.57520,0.1,234.6,195.0,SWISS LADDER 120,,,90,0,,,,35,A
369970278,2020-07-29T18:24:03,33.91772,-119.57521,0.0,316.5,203.0,SWISS LADDER 120,,,90,0,,,,35,A
369970278,2020-07-29T18:25:04,33.91776,-119.57521,0.1,328.6,207.0,SWISS LADDER 120,,,90,0,,,,35,A
369970278,2020-07-29T18:26:14,33.91782,-119.57517,0.2,10.4,204.0,SWISS LADDER 120,,,90,0,,,,35,A
369970278,2020-07-29T18:27:24,33.91790,-119.57514,0.3,5.2,201.0,SWISS LADDER 120,,,90,0,,,,35,A
369970278,2020-07-29T18:40:15,33.91756,-119.57456,4.9,169.6,171.0,SWISS LADDER 120,,,90,0,,,,35,A
369970278,2020-07-29T18:41:23,33.91600,-119.57427,4.9,171.9,172.0,SWISS LADDER 120,,,90,0,,,,35,A
369970278,2020-07-29T18:42:24,33.91461,-119.57403,5.0,173.0,172.0,SWISS LADDER 120,,,90,0,,,,35,A
369970278,2020-07-29T18:43:33,33.91303,-119.57378,5.0,173.9,172.0,SWISS LADDER 120,,,90,0,,,,35,A
369970278,2020-07-29T18:44:34,33.91171,-119.57354,4.3,171.0,171.0,SWISS LADDER 120,,,90,0,,,,35,A
369970278,2020-07-29T18:45:44,33.91050,-119.57332,3.6,170.7,170.0,SWISS LADDER 120,,,90,0,,,,35,A
369970278,2020-07-29T18:47:04,33.90930,-119.57280,3.5,158.9,158.0,SWISS LADDER 120,,,90,0,,,,35,A
369970278,2020-07-29T18:48:15,33.90826,-119.57224,3.4,156.4,158.0,SWISS LADDER 120,,,90,0,,,,35,A
369970278,2020-07-29T18:49:24,33.90724,-119.57168,3.5,155.2,159.0,SWISS LADDER 120,,,90,0,,,,35,A
369970278,2020-07-29T18:50:35,33.90619,-119.57113,3.5,156.1,158.0,SWISS LADDER 120,,,90,0,,,,35,A
369970278,2020-07-29T18:51:44,33.90517,-119.57056,3.5,153.3,158.0,SWISS LADDER 120,,,90,0,,,,35,A
369970278,2020-07-29T18:52:55,33.90414,-119.56998,3.4,158.8,160.0,SWISS LADDER 120,,,90,0,,,,35,A
369970278,2020-07-29T18:54:04,33.90314,-119.56944,3.5,158.2,159.0,SWISS LADDER 120,,,90,0,,,,35,A
369970278,2020-07-29T18:55:14,33.90213,-119.56887,3.4,154.7,159.0,SWISS LADDER 120,,,90,0,,,,35,A
369970278,2020-07-29T18:56:25,33.90110,-119.56828,3.5,153.9,159.0,SWISS LADDER 120,,,90,0,,,,35,A
369970278,2020-07-29T18:57:35,33.90009,-119.56766,3.5,151.7,159.0,SWISS LADDER 120,,,90,0,,,,35,A
369970278,2020-07-29T18:58:44,33.89907,-119.56708,3.6,154.5,159.0,SWISS LADDER 120,,,90,0,,,,35,A
369970278,2020-07-29T18:59:54,33.89804,-119.56647,3.5,154.2,161.0,SWISS LADDER 120,,,90,0,,,,35,A
369970278,2020-07-29T19:00:05,33.89790,-119.56639,3.5,157.1,161.0,SWISS LADDER 120,,,90,0,,,,35,A
369970278,2020-07-29T19:01:14,33.89689,-119.56580,3.5,154.2,160.0,SWISS LADDER 120,,,90,0,,,,35,A
369970278,2020-07-29T19:02:15,33.89601,-119.56526,3.5,151.8,159.0,SWISS LADDER 120,,,90,0,,,,35,A
369970278,2020-07-29T19:03:24,33.89503,-119.56465,3.5,155.5,160.0,SWISS LADDER 120,,,90,0,,,,35,A
369970278,2020-07-29T19:04:35,33.89399,-119.56403,3.4,158.3,160.0,SWISS LADDER 120,,,90,0,,,,35,A
369970278,2020-07-29T19:05:36,33.89349,-119.56371,1.0,148.4,166.0,SWISS LADDER 120,,,90,0,,,,35,A
369970278,2020-07-29T19:06:44,33.89336,-119.56356,0.2,133.3,184.0,SWISS LADDER 120,,,90,0,,,,35,A
369970278,2020-07-29T19:07:53,33.89337,-119.56343,0.5,69.1,193.0,SWISS LADDER 120,,,90,0,,,,35,A
369970278,2020-07-29T19:09:04,33.89344,-119.56327,0.5,51.3,194.0,SWISS LADDER 120,,,90,0,,,,35,A
369970278,2020-07-29T19:10:14,33.89357,-119.56312,0.5,32.8,192.0,SWISS LADDER 120,,,90,0,,,,35,A
369970278,2020-07-29T19:11:23,33.89370,-119.56295,0.5,37.5,186.0,SWISS LADDER 120,,,90,0,,,,35,A
369970278,2020-07-29T19:12:35,33.89383,-119.56278,0.6,43.3,185.0,SWISS LADDER 120,,,90,0,,,,35,A
369970278,2020-07-29T19:13:44,33.89398,-119.56259,0.6,42.1,183.0,SWISS LADDER 120,,,90,0,,,,35,A
369970278,2020-07-29T19:14:54,33.89415,-119.56238,0.8,48.9,181.0,SWISS LADDER 120,,,90,0,,,,35,A
369970278,2020-07-29T19:16:05,33.89434,-119.56218,0.6,30.3,174.0,SWISS LADDER 120,,,90,0,,,,35,A
369970278,2020-07-29T19:17:34,33.89457,-119.56192,0.6,31.9,173.0,SWISS LADDER 120,,,90,0,,,,35,A
369970278,2020-07-29T19:18:44,33.89475,-119.56171,0.9,51.4,172.0,SWISS LADDER 120,,,90,0,,,,35,A
369970278,2020-07-29T19:19:45,33.89490,-119.56152,1.0,54.0,174.0,SWISS LADDER 120,,,90,0,,,,35,A
369970278,2020-07-29T19:21:05,33.89512,-119.56127,1.0,46.7,173.0,SWISS LADDER 120,,,90,0,,,,35,A
369970278,2020-07-29T19:22:14,33.89530,-119.56107,0.8,42.1,172.0,SWISS LADDER 120,,,90,0,,,,35,A
369970278,2020-07-29T19:23:24,33.89550,-119.56088,0.8,42.7,170.0,SWISS LADDER 120,,,90,0,,,,35,A
369970278,2020-07-29T19:24:25,33.89565,-119.56072,0.7,42.3,172.0,SWISS LADDER 120,,,90,0,,,,35,A
369970278,2020-07-29T19:25:34,33.89582,-119.56052,0.8,50.2,177.0,SWISS LADDER 120,,,90,0,,,,35,A
369970278,2020-07-29T19:27:34,33.89610,-119.56017,0.7,43.5,174.0,SWISS LADDER 120,,,90,0,,,,35,A
369970278,2020-07-29T19:28:54,33.89629,-119.55992,0.7,43.1,174.0,SWISS LADDER 120,,,90,0,,,,35,A
369970278,2020-07-29T19:30:34,33.89655,-119.55959,0.9,54.5,174.0,SWISS LADDER 120,,,90,0,,,,35,A
369970278,2020-07-29T19:31:54,33.89673,-119.55932,0.6,40.0,172.0,SWISS LADDER 120,,,90,0,,,,35,A
369970278,2020-07-29T19:32:55,33.89688,-119.55914,0.7,46.4,171.0,SWISS LADDER 120,,,90,0,,,,35,A
369970278,2020-07-29T19:34:04,33.89705,-119.55893,0.8,49.1,168.0,SWISS LADDER 120,,,90,0,,,,35,A
369970278,2020-07-29T19:36:04,33.89736,-119.55852,0.7,38.7,171.0,SWISS LADDER 120,,,90,0,,,,35,A
369970278,2020-07-29T21:28:05,33.88602,-119.55927,4.9,232.3,237.0,SWISS LADDER 120,,,90,0,,,,35,A
369970278,2020-07-29T21:29:13,33.88506,-119.56078,5.0,232.7,237.0,SWISS LADDER 120,,,90,0,,,,35,A
369970278,2020-07-29T21:31:05,33.88320,-119.56247,4.5,167.8,173.0,SWISS LADDER 120,,,90,0,,,,35,A
369970278,2020-07-29T21:32:34,33.88248,-119.56197,1.1,126.1,173.0,SWISS LADDER 120,,,90,0,,,,35,A
369970278,2020-07-29T21:33:44,33.88237,-119.56168,0.9,101.7,188.0,SWISS LADDER 120,,,90,0,,,,35,A
369970278,2020-01-22T15:52:58,33.88549,-119.56049,5.1,253.1,257.0,SWISS LADDER 120,,,90,0,,,,35,A
369970278,2020-01-22T15:56:28,33.88403,-119.56626,5.1,254.2,257.0,SWISS LADDER 120,,,90,0,,,,35,A
369970278,2020-01-22T15:58:58,33.88302,-119.57028,5.2,254.5,256.0,SWISS LADDER 120,,,90,0,,,,35,A
369970278,2020-01-22T16:00:09,33.88251,-119.57223,5.0,251.4,256.0,SWISS LADDER 120,,,90,0,,,,35,A
369970278,2020-01-22T18:06:44,33.88681,-119.59984,14.8,26.2,34.0,SWISS LADDER 120,,,90,0,,,,35,A
369970278,2020-01-22T18:07:46,33.89112,-119.59757,17.4,13.7,14.0,SWISS LADDER 120,,,90,0,,,,35,A
369970278,2020-01-22T18:08:51,33.89647,-119.59630,19.7,8.2,14.0,SWISS LADDER 120,,,90,0,,,,35,A
369970278,2020-01-22T18:09:54,33.90211,-119.59506,18.9,17.8,27.0,SWISS LADDER 120,,,90,0,,,,35,A
369970278,2020-01-22T18:10:56,33.90453,-119.59038,14.7,72.2,77.0,SWISS LADDER 120,,,90,0,,,,35,A
369970278,2020-01-22T18:12:02,33.90577,-119.58559,12.3,73.7,77.0,SWISS LADDER 120,,,90,0,,,,35,A
369970278,2020-01-22T18:13:08,33.90686,-119.58157,11.0,71.5,76.0,SWISS LADDER 120,,,90,0,,,,35,A
369970278,2020-01-22T18:14:15,33.90791,-119.57798,10.3,71.3,74.0,SWISS LADDER 120,,,90,0,,,,35,A
369970278,2020-01-22T18:15:26,33.90889,-119.57459,6.6,70.9,74.0,SWISS LADDER 120,,,90,0,,,,35,A
369970278,2020-01-22T18:16:27,33.90941,-119.57277,5.5,69.9,73.0,SWISS LADDER 120,,,90,0,,,,35,A
369970278,2020-01-22T18:17:36,33.90984,-119.57114,3.9,73.4,75.0,SWISS LADDER 120,,,90,0,,,,35,A
369970278,2020-01-22T18:18:46,33.91019,-119.56971,3.7,73.6,74.0,SWISS LADDER 120,,,90,0,,,,35,A
369970278,2020-01-22T18:19:56,33.91054,-119.56830,3.8,73.8,75.0,SWISS LADDER 120,,,90,0,,,,35,A
369970278,2020-01-22T18:21:07,33.91086,-119.56690,3.7,73.9,75.0,SWISS LADDER 120,,,90,0,,,,35,A
369970278,2020-01-22T18:22:15,33.91118,-119.56550,3.8,75.0,74.0,SWISS LADDER 120,,,90,0,,,,35,A
369970278,2020-01-22T18:23:26,33.91135,-119.56409,3.7,85.7,85.0,SWISS LADDER 120,,,90,0,,,,35,A
369970278,2020-01-22T18:24:30,33.91129,-119.56280,3.7,99.9,110.0,SWISS LADDER 120,,,90,0,,,,35,A
369970278,2020-01-22T18:25:56,33.91095,-119.56109,3.6,103.1,109.0,SWISS LADDER 120,,,90,0,,,,35,A
369970278,2020-01-22T18:27:06,33.91071,-119.55971,3.7,99.4,110.0,SWISS LADDER 120,,,90,0,,,,35,A
369970278,2020-01-22T18:28:10,33.90940,-119.55850,7.8,188.2,204.0,SWISS LADDER 120,,,90,0,,,,35,A
369970278,2020-01-22T18:29:19,33.90809,-119.56044,5.5,254.5,263.0,SWISS LADDER 120,,,90,0,,,,35,A
369970278,2020-01-22T18:30:24,33.90774,-119.56181,2.8,241.4,255.0,SWISS LADDER 120,,,90,0,,,,35,A
369970278,2020-01-22T18:31:46,33.90717,-119.56357,4.9,250.7,257.0,SWISS LADDER 120,,,90,0,,,,35,A
369970278,2020-01-22T18:32:56,33.90669,-119.56541,5.0,253.8,258.0,SWISS LADDER 120,,,90,0,,,,35,A
369970278,2020-01-22T18:34:16,33.90616,-119.56752,5.1,254.4,259.0,SWISS LADDER 120,,,90,0,,,,35,A
369970278,2020-01-22T18:35:26,33.90575,-119.56943,4.9,257.8,259.0,SWISS LADDER 120,,,90,0,,,,35,A
369970278,2020-01-22T18:36:37,33.90538,-119.57129,4.8,257.6,259.0,SWISS LADDER 120,,,90,0,,,,35,A
369970278,2020-01-22T18:37:46,33.90505,-119.57307,5.0,257.5,258.0,SWISS LADDER 120,,,90,0,,,,35,A
369970278,2020-01-22T18:39:07,33.90467,-119.57518,4.6,259.9,259.0,SWISS LADDER 120,,,90,0,,,,35,A
369970278,2020-01-22T18:40:16,33.90436,-119.57686,4.5,256.8,257.0,SWISS LADDER 120,,,90,0,,,,35,A
369970278,2020-01-22T18:41:26,33.90402,-119.57865,5.2,257.2,258.0,SWISS LADDER 120,,,90,0,,,,35,A
369970278,2020-01-22T18:42:47,33.90361,-119.58081,5.2,257.5,258.0,SWISS LADDER 120,,,90,0,,,,35,A
369970278,2020-01-22T18:43:55,33.90327,-119.58266,4.9,256.7,258.0,SWISS LADDER 120,,,90,0,,,,35,A
369970278,2020-01-22T18:45:06,33.90288,-119.58464,5.2,255.0,257.0,SWISS LADDER 120,,,90,0,,,,35,A
369970278,2020-01-22T18:46:16,33.90248,-119.58696,8.2,269.0,282.0,SWISS LADDER 120,,,90,0,,,,35,A
369970278,2020-01-22T18:48:06,33.90452,-119.58581,5.5,88.6,93.0,SWISS LADDER 120,,,90,0,,,,35,A
369970278,2020-01-22T18:49:16,33.90449,-119.58500,1.0,266.0,88.0,SWISS LADDER 120,,,90,0,,,,35,A
369970278,2020-01-22T18:50:26,33.90452,-119.58539,0.8,66.6,85.0,SWISS LADDER 120,,,90,0,,,,35,A
369970278,2020-01-22T18:51:29,33.90462,-119.58452,3.3,86.3,95.0,SWISS LADDER 120,,,90,0,,,,35,A
369970278,2020-01-22T18:53:30,33.90471,-119.58340,1.5,83.7,71.0,SWISS LADDER 120,,,90,0,,,,35,A
369970278,2020-01-22T18:54:42,33.90480,-119.58145,9.9,118.1,135.0,SWISS LADDER 120,,,90,0,,,,35,A
369970278,2020-01-22T18:56:00,33.90086,-119.57628,19.1,127.7,127.0,SWISS LADDER 120,,,90,0,,,,35,A
369970278,2020-01-22T18:57:12,33.89664,-119.56975,21.0,126.0,125.0,SWISS LADDER 120,,,90,0,,,,35,A
369970278,2020-01-22T18:58:42,33.89180,-119.56145,20.3,124.7,125.0,SWISS LADDER 120,,,90,0,,,,35,A
369970278,2020-01-22T20:28:59,33.90425,-119.56127,10.5,264.3,265.0,SWISS LADDER 120,,,90,0,,,,35,A
369970278,2020-01-22T20:30:30,33.90380,-119.56665,10.8,264.7,265.0,SWISS LADDER 120,,,90,0,,,,35,A
369970278,2020-01-22T20:31:33,33.90478,-119.56934,9.8,1.0,20.0,SWISS LADDER 120,,,90,0,,,,35,A
369970278,2020-01-22T20:33:30,33.90595,-119.56581,4.8,81.8,83.0,SWISS LADDER 120,,,90,0,,,,35,A
369970278,2020-01-22T20:35:29,33.90622,-119.56352,4.1,83.8,88.0,SWISS LADDER 120,,,90,0,,,,35,A
369970278,2020-01-22T20:36:51,33.90627,-119.56163,4.1,87.3,89.0,SWISS LADDER 120,,,90,0,,,,35,A
369970278,2020-01-22T20:38:51,33.90647,-119.55883,4.4,82.4,81.0,SWISS LADDER 120,,,90,0,,,,35,A
369970278,2020-01-22T20:44:10,33.90700,-119.55894,9.8,308.7,305.0,SWISS LADDER 120,,,90,0,,,,35,A
369970278,2020-01-22T20:45:13,33.90813,-119.56206,11.4,271.2,263.0,SWISS LADDER 120,,,90,0,,,,35,A
369970278,2020-01-22T20:47:29,33.90457,-119.56950,11.6,238.1,240.0,SWISS LADDER 120,,,90,0,,,,35,A
369970278,2020-01-22T20:50:08,33.89974,-119.57882,13.9,238.0,240.0,SWISS LADDER 120,,,90,0,,,,35,A
369970278,2020-01-22T20:51:15,33.89743,-119.58312,14.1,238.6,241.0,SWISS LADDER 120,,,90,0,,,,35,A
369970278,2020-01-22T20:53:04,33.89381,-119.59035,13.3,253.8,272.0,SWISS LADDER 120,,,90,0,,,,35,A
369970278,2020-01-22T20:54:22,33.89748,-119.59436,17.6,344.9,347.0,SWISS LADDER 120,,,90,0,,,,35,A
369970278,2020-01-22T20:56:08,33.90629,-119.59421,17.6,2.2,3.0,SWISS LADDER 120,,,90,0,,,,35,A
369970278,2020-01-22T20:57:56,33.91586,-119.59402,19.4,355.2,357.0,SWISS LADDER 120,,,90,0,,,,35,A
369970278,2020-01-22T22:17:25,33.91791,-119.56971,17.5,159.6,163.0,SWISS LADDER 120,,,90,0,,,,35,A
369970278,2020-01-22T22:19:04,33.91139,-119.56653,10.5,143.5,129.0,SWISS LADDER 120,,,90,0,,,,35,A
369970278,2020-01-22T22:20:18,33.91037,-119.56419,5.2,114.5,116.0,SWISS LADDER 120,,,90,0,,,,35,A
369970278,2020-01-22T22:22:32,33.90911,-119.56056,5.3,114.8,116.0,SWISS LADDER 120,,,90,0,,,,35,A
369970278,2020-01-22T22:23:51,33.90832,-119.55840,5.4,113.9,117.0,SWISS LADDER 120,,,90,0,,,,35,A
369970278,2020-01-24T17:11:26,33.90945,-119.55847,7.3,260.3,251.0,SWISS LADDER 120,,,90,0,,,,35,A
369970278,2020-01-24T17:12:29,33.90805,-119.56024,7.6,210.1,210.0,SWISS LADDER 120,,,90,0,,,,35,A
369970278,2020-01-24T17:14:26,33.90447,-119.56264,7.6,216.3,218.0,SWISS LADDER 120,,,90,0,,,,35,A
369970278,2020-01-24T17:15:27,33.90294,-119.56428,7.5,227.5,230.0,SWISS LADDER 120,,,90,0,,,,35,A
369970278,2020-01-24T17:17:17,33.90050,-119.56786,7.7,232.1,231.0,SWISS LADDER 120,,,90,0,,,,35,A
369970278,2020-01-24T17:18:26,33.89900,-119.57007,7.6,230.5,231.0,SWISS LADDER 120,,,90,0,,,,35,A
369970278,2020-01-24T17:20:36,33.89612,-119.57440,7.8,231.7,232.0,SWISS LADDER 120,,,90,0,,,,35,A
369970278,2020-01-24T17:21:47,33.89454,-119.57672,7.7,231.1,230.0,SWISS LADDER 120,,,90,0,,,,35,A
369970278,2020-01-24T17:24:17,33.89114,-119.58163,6.8,230.0,230.0,SWISS LADDER 120,,,90,0,,,,35,A
369970278,2020-01-24T17:25:30,33.89072,-119.58294,3.4,272.7,280.0,SWISS LADDER 120,,,90,0,,,,35,A
369970278,2020-01-24T17:26:33,33.89119,-119.58397,3.6,315.1,324.0,SWISS LADDER 120,,,90,0,,,,35,A
369970278,2020-01-24T17:27:36,33.89214,-119.58449,3.2,344.9,350.0,SWISS LADDER 120,,,90,0,,,,35,A
369970278,2020-01-24T17:28:56,33.89270,-119.58470,0.9,343.4,347.0,SWISS LADDER 120,,,90,0,,,,35,A
369970278,2020-01-24T17:30:47,33.89303,-119.58486,0.6,358.6,332.0,SWISS LADDER 120,,,90,0,,,,35,A
369970278,2020-01-24T17:33:56,33.89342,-119.58504,0.4,335.6,319.0,SWISS LADDER 120,,,90,0,,,,35,A
369970278,2020-01-24T17:35:16,33.89356,-119.58510,0.5,355.0,315.0,SWISS LADDER 120,,,90,0,,,,35,A
369970278,2020-01-24T17:37:26,33.89376,-119.58518,0.3,310.8,312.0,SWISS LADDER 120,,,90,0,,,,35,A
369970278,2020-01-24T17:38:56,33.89391,-119.58520,0.4,0.5,321.0,SWISS LADDER 120,,,90,0,,,,35,A
369970278,2020-01-24T17:40:16,33.89402,-119.58522,0.3,306.3,319.0,SWISS LADDER 120,,,90,0,,,,35,A
369970278,2020-01-24T17:41:26,33.89411,-119.58523,0.3,350.2,318.0,SWISS LADDER 120,,,90,0,,,,35,A
369970278,2020-01-24T17:42:56,33.89422,-119.58524,0.3,359.0,319.0,SWISS LADDER 120,,,90,0,,,,35,A
369970278,2020-01-24T17:46:16,33.89423,-119.58518,1.8,176.5,8.0,SWISS LADDER 120,,,90,0,,,,35,A
369970278,2020-01-24T17:47:24,33.89382,-119.58542,0.4,222.4,79.0,SWISS LADDER 120,,,90,0,,,,35,A
369970278,2020-01-24T17:49:27,33.89397,-119.58516,0.6,37.5,29.0,SWISS LADDER 120,,,90,0,,,,35,A
369970278,2020-01-24T17:51:27,33.89420,-119.58506,0.3,346.7,359.0,SWISS LADDER 120,,,90,0,,,,35,A
369970278,2020-01-24T17:53:47,33.89441,-119.58501,0.4,18.2,330.0,SWISS LADDER 120,,,90,0,,,,35,A
369970278,2020-01-24T17:55:02,33.89462,-119.58532,3.4,293.2,284.0,SWISS LADDER 120,,,90,0,,,,35,A
369970278,2020-01-24T17:56:07,33.89395,-119.58776,8.3,245.8,253.0,SWISS LADDER 120,,,90,0,,,,35,A
369970278,2020-01-24T17:57:13,33.89291,-119.59132,12.1,246.3,249.0,SWISS LADDER 120,,,90,0,,,,35,A
369970278,2020-01-24T17:58:27,33.89145,-119.59668,13.6,229.0,215.0,SWISS LADDER 120,,,90,0,,,,35,A
369970278,2020-01-24T17:59:32,33.88654,-119.59633,17.6,150.5,148.0,SWISS LADDER 120,,,90,0,,,,35,A
369970278,2020-01-24T18:00:00,33.88531,-119.59492,9.7,127.7,124.0,SWISS LADDER 120,,,90,0,,,,35,A
369970278,2020-01-24T18:01:02,33.88450,-119.59314,3.7,117.4,121.0,SWISS LADDER 120,,,90,0,,,,35,A
369970278,2020-01-24T18:02:08,33.88430,-119.59252,1.1,101.8,116.0,SWISS LADDER 120,,,90,0,,,,35,A
369970278,2020-01-24T18:03:15,33.88431,-119.59228,0.4,335.0,114.0,SWISS LADDER 120,,,90,0,,,,35,A
369970278,2020-01-24T18:04:30,33.88425,-119.59206,4.7,126.6,150.0,SWISS LADDER 120,,,90,0,,,,35,A
369970278,2020-01-24T18:05:42,33.88400,-119.59195,0.5,253.6,98.0,SWISS LADDER 120,,,90,0,,,,35,A
369970278,2020-01-24T18:06:57,33.88393,-119.59197,0.7,241.8,77.0,SWISS LADDER 120,,,90,0,,,,35,A
369970278,2020-01-24T18:08:10,33.88388,-119.59217,0.4,234.2,25.0,SWISS LADDER 120,,,90,0,,,,35,A
369970278,2020-01-24T18:09:17,33.88355,-119.59222,1.0,179.7,359.0,SWISS LADDER 120,,,90,0,,,,35,A
369970278,2020-01-24T18:10:37,33.88280,-119.59236,0.4,186.9,67.0,SWISS LADDER 120,,,90,0,,,,35,A
369970278,2020-01-24T18:11:46,33.88284,-119.59232,0.4,51.5,90.0,SWISS LADDER 120,,,90,0,,,,35,A
369970278,2020-01-24T18:13:39,33.88304,-119.59195,3.3,63.4,63.0,SWISS LADDER 120,,,90,0,,,,35,A
369970278,2020-01-24T18:15:07,33.88451,-119.59133,2.9,9.4,26.0,SWISS LADDER 120,,,90,0,,,,35,A
369970278,2020-01-24T18:16:09,33.88465,-119.59158,1.8,259.6,65.0,SWISS LADDER 120,,,90,0,,,,35,A
369970278,2020-01-24T18:17:27,33.88452,-119.59215,0.6,274.8,51.0,SWISS LADDER 120,,,90,0,,,,35,A
369970278,2020-01-24T18:18:36,33.88462,-119.59211,0.5,27.1,55.0,SWISS LADDER 120,,,90,0,,,,35,A
369970278,2020-01-24T18:19:49,33.88503,-119.59180,6.7,32.0,31.0,SWISS LADDER 120,,,90,0,,,,35,A
369970278,2020-01-24T18:22:06,33.88751,-119.59235,1.1,2.6,1.0,SWISS LADDER 120,,,90,0,,,,35,A
369970278,2020-01-24T18:23:19,33.88782,-119.59227,1.0,22.7,53.0,SWISS LADDER 120,,,90,0,,,,35,A
369970278,2020-01-24T18:25:36,33.88813,-119.59203,0.9,81.2,104.0,SWISS LADDER 120,,,90,0,,,,35,A
369970278,2020-01-24T18:26:59,33.88571,-119.59212,10.0,221.8,225.0,SWISS LADDER 120,,,90,0,,,,35,A
369970278,2020-01-24T18:28:01,33.88394,-119.59291,3.1,150.5,136.0,SWISS LADDER 120,,,90,0,,,,35,A
369970278,2020-01-24T18:29:16,33.88389,-119.59193,1.4,52.2,40.0,SWISS LADDER 120,,,90,0,,,,35,A
369970278,2020-01-24T18:31:30,33.88458,-119.59177,3.4,349.4,3.0,SWISS LADDER 120,,,90,0,,,,35,A
369970278,2020-01-24T18:32:34,33.88469,-119.59193,0.6,329.5,67.0,SWISS LADDER 120,,,90,0,,,,35,A
369970278,2020-01-24T18:33:49,33.88486,-119.59191,0.2,8.7,354.0,SWISS LADDER 120,,,90,0,,,,35,A
369970278,2020-01-24T18:35:10,33.88512,-119.59220,0.1,220.4,309.0,SWISS LADDER 120,,,90,0,,,,35,A
369970278,2020-01-24T18:36:24,33.88513,-119.59225,0.6,327.0,34.0,SWISS LADDER 120,,,90,0,,,,35,A
369970278,2020-01-24T18:38:07,33.88536,-119.59216,0.7,40.9,71.0,SWISS LADDER 120,,,90,0,,,,35,A
369970278,2020-01-24T18:39:23,33.88546,-119.59199,0.4,82.7,72.0,SWISS LADDER 120,,,90,0,,,,35,A
369970278,2020-01-24T18:40:36,33.88546,-119.59184,0.6,87.6,110.0,SWISS LADDER 120,,,90,0,,,,35,A
369970278,2020-01-24T18:41:40,33.88552,-119.59140,2.1,69.2,65.0,SWISS LADDER 120,,,90,0,,,,35,A
369970278,2020-01-24T18:42:43,33.88591,-119.59086,2.0,29.8,30.0,SWISS LADDER 120,,,90,0,,,,35,A
369970278,2020-01-24T18:43:52,33.88657,-119.59072,1.2,352.9,343.0,SWISS LADDER 120,,,90,0,,,,35,A
369970278,2020-01-24T18:46:27,33.88704,-119.59076,0.4,340.4,329.0,SWISS LADDER 120,,,90,0,,,,35,A
369970278,2020-01-24T18:48:36,33.88725,-119.59070,0.4,44.7,337.0,SWISS LADDER 120,,,90,0,,,,35,A
369970278,2020-01-24T18:50:17,33.88734,-119.59059,0.2,46.3,342.0,SWISS LADDER 120,,,90,0,,,,35,A
369970278,2020-01-24T18:53:17,33.88748,-119.59033,0.3,46.5,345.0,SWISS LADDER 120,,,90,0,,,,35,A
369970278,2020-01-24T18:54:46,33.88755,-119.59023,0.1,338.4,338.0,SWISS LADDER 120,,,90,0,,,,35,A
369970278,2020-01-24T18:56:26,33.88763,-119.59009,0.5,53.7,335.0,SWISS LADDER 120,,,90,0,,,,35,A
369970278,2020-01-24T18:57:56,33.88770,-119.59000,0.3,53.7,329.0,SWISS LADDER 120,,,90,0,,,,35,A
369970278,2020-01-24T18:58:57,33.88774,-119.58994,0.5,59.9,334.0,SWISS LADDER 120,,,90,0,,,,35,A
369970278,2020-01-24T19:00:07,33.88780,-119.58986,0.2,42.6,335.0,SWISS LADDER 120,,,90,0,,,,35,A
369970278,2020-01-24T19:01:17,33.88784,-119.58979,0.0,354.2,332.0,SWISS LADDER 120,,,90,0,,,,35,A
369970278,2020-01-24T19:02:26,33.88790,-119.58972,0.2,49.8,329.0,SWISS LADDER 120,,,90,0,,,,35,A
369970278,2020-01-24T19:03:37,33.88794,-119.58965,0.1,25.2,331.0,SWISS LADDER 120,,,90,0,,,,35,A
369970278,2020-01-24T19:04:57,33.88799,-119.58958,0.4,58.0,334.0,SWISS LADDER 120,,,90,0,,,,35,A
369970278,2020-01-24T19:06:06,33.88804,-119.58952,0.4,52.2,334.0,SWISS LADDER 120,,,90,0,,,,35,A
369970278,2020-01-24T19:07:16,33.88811,-119.58945,0.2,41.4,333.0,SWISS LADDER 120,,,90,0,,,,35,A
369970278,2020-01-24T19:08:36,33.88818,-119.58938,0.1,333.5,333.0,SWISS LADDER 120,,,90,0,,,,35,A
369970278,2020-01-24T19:09:37,33.88823,-119.58933,0.1,29.5,336.0,SWISS LADDER 120,,,90,0,,,,35,A
369970278,2020-01-24T19:10:47,33.88829,-119.58929,0.3,28.3,330.0,SWISS LADDER 120,,,90,0,,,,35,A
369970278,2020-01-24T19:12:17,33.88838,-119.58923,0.2,9.6,333.0,SWISS LADDER 120,,,90,0,,,,35,A
369970278,2020-01-24T19:13:27,33.88846,-119.58916,0.5,50.5,332.0,SWISS LADDER 120,,,90,0,,,,35,A
369970278,2020-01-24T19:14:47,33.88854,-119.58910,0.4,33.3,329.0,SWISS LADDER 120,,,90,0,,,,35,A
369970278,2020-01-24T19:16:06,33.88862,-119.58905,0.2,15.8,326.0,SWISS LADDER 120,,,90,0,,,,35,A
369970278,2020-01-24T19:17:17,33.88868,-119.58900,0.2,20.4,329.0,SWISS LADDER 120,,,90,0,,,,35,A
369970278,2020-01-24T19:19:17,33.88880,-119.58889,0.1,331.9,334.0,SWISS LADDER 120,,,90,0,,,,35,A
369970278,2020-01-24T19:21:17,33.88892,-119.58880,0.2,359.2,331.0,SWISS LADDER 120,,,90,0,,,,35,A
369970278,2020-01-24T19:22:26,33.88898,-119.58875,0.4,51.7,333.0,SWISS LADDER 120,,,90,0,,,,35,A
369970278,2020-01-24T19:24:37,33.88909,-119.58862,0.4,60.2,339.0,SWISS LADDER 120,,,90,0,,,,35,A
369970278,2020-01-24T19:25:47,33.88914,-119.58857,0.3,44.1,335.0,SWISS LADDER 120,,,90,0,,,,35,A
369970278,2020-01-24T19:27:37,33.88922,-119.58848,0.2,35.3,341.0,SWISS LADDER 120,,,90,0,,,,35,A
369970278,2020-01-24T19:28:57,33.88926,-119.58842,0.3,55.1,338.0,SWISS LADDER 120,,,90,0,,,,35,A
369970278,2020-01-24T19:30:06,33.88931,-119.58837,0.2,48.9,334.0,SWISS LADDER 120,,,90,0,,,,35,A
369970278,2020-01-24T19:31:57,33.88941,-119.58830,0.4,48.3,330.0,SWISS LADDER 120,,,90,0,,,,35,A
369970278,2020-01-24T19:33:07,33.88948,-119.58827,0.3,28.4,331.0,SWISS LADDER 120,,,90,0,,,,35,A
369970278,2020-01-24T19:34:16,33.88955,-119.58824,0.3,25.1,328.0,SWISS LADDER 120,,,90,0,,,,35,A
369970278,2020-01-24T19:35:25,33.88963,-119.58822,0.5,47.0,332.0,SWISS LADDER 120,,,90,0,,,,35,A
369970278,2020-01-24T19:38:46,33.88982,-119.58810,0.4,29.8,329.0,SWISS LADDER 120,,,90,0,,,,35,A
369970278,2020-01-24T19:40:26,33.88994,-119.58806,0.2,354.9,325.0,SWISS LADDER 120,,,90,0,,,,35,A
369970278,2020-01-24T19:41:46,33.89003,-119.58803,0.2,346.8,323.0,SWISS LADDER 120,,,90,0,,,,35,A
369970278,2020-01-24T19:44:26,33.89021,-119.58794,0.2,8.8,332.0,SWISS LADDER 120,,,90,0,,,,35,A
369970278,2020-01-24T19:47:17,33.89042,-119.58789,0.3,25.2,325.0,SWISS LADDER 120,,,90,0,,,,35,A
369970278,2020-01-24T19:48:27,33.89050,-119.58785,0.2,6.5,323.0,SWISS LADDER 120,,,90,0,,,,35,A
369970278,2020-01-24T19:49:46,33.89060,-119.58780,0.3,20.3,327.0,SWISS LADDER 120,,,90,0,,,,35,A
369970278,2020-01-24T19:54:26,33.89099,-119.58760,0.3,19.3,330.0,SWISS LADDER 120,,,90,0,,,,35,A
369970278,2020-01-24T19:55:37,33.89109,-119.58753,0.5,41.9,334.0,SWISS LADDER 120,,,90,0,,,,35,A
369970278,2020-01-24T19:56:47,33.89118,-119.58746,0.3,32.0,327.0,SWISS LADDER 120,,,90,0,,,,35,A
369970278,2020-01-24T19:58:16,33.89130,-119.58739,0.4,38.3,323.0,SWISS LADDER 120,,,90,0,,,,35,A
369970278,2020-01-24T19:59:36,33.89141,-119.58732,0.2,9.2,330.0,SWISS LADDER 120,,,90,0,,,,35,A
369970278,2020-01-24T20:00:07,33.89146,-119.58729,0.4,30.2,329.0,SWISS LADDER 120,,,90,0,,,,35,A
369970278,2020-01-24T20:01:16,33.89156,-119.58722,0.4,33.2,329.0,SWISS LADDER 120,,,90,0,,,,35,A
369970278,2020-01-24T20:02:27,33.89166,-119.58715,0.3,15.2,329.0,SWISS LADDER 120,,,90,0,,,,35,A
369970278,2020-01-24T20:03:36,33.89174,-119.58709,0.4,33.6,330.0,SWISS LADDER 120,,,90,0,,,,35,A
369970278,2020-01-24T20:04:37,33.89182,-119.58703,0.3,10.4,328.0,SWISS LADDER 120,,,90,0,,,,35,A
369970278,2020-01-24T20:05:46,33.89191,-119.58695,0.4,37.7,330.0,SWISS LADDER 120,,,90,0,,,,35,A
369970278,2020-01-24T20:07:26,33.89204,-119.58688,0.5,38.9,330.0,SWISS LADDER 120,,,90,0,,,,35,A
369970278,2020-01-24T20:08:37,33.89213,-119.58681,0.4,35.0,329.0,SWISS LADDER 120,,,90,0,,,,35,A
369970278,2020-01-24T20:09:46,33.89223,-119.58676,0.3,22.6,328.0,SWISS LADDER 120,,,90,0,,,,35,A
369970278,2020-01-24T20:11:17,33.89237,-119.58667,0.1,8.0,325.0,SWISS LADDER 120,,,90,0,,,,35,A
369970278,2020-01-24T20:12:56,33.89252,-119.58651,0.7,47.9,332.0,SWISS LADDER 120,,,90,0,,,,35,A
369970278,2020-01-24T20:14:46,33.89267,-119.58640,0.3,14.9,324.0,SWISS LADDER 120,,,90,0,,,,35,A
369970278,2020-01-24T20:16:07,33.89279,-119.58630,0.5,48.9,328.0,SWISS LADDER 120,,,90,0,,,,35,A
369970278,2020-01-24T20:17:17,33.89288,-119.58620,0.4,48.8,337.0,SWISS LADDER 120,,,90,0,,,,35,A
369970278,2020-01-24T20:18:47,33.89298,-119.58607,0.4,45.6,333.0,SWISS LADDER 120,,,90,0,,,,35,A
369970278,2020-01-24T20:20:07,33.89309,-119.58600,0.5,34.0,324.0,SWISS LADDER 120,,,90,0,,,,35,A
369970278,2020-01-24T20:22:47,33.89333,-119.58578,0.4,35.4,331.0,SWISS LADDER 120,,,90,0,,,,35,A
369970278,2020-01-24T20:24:06,33.89344,-119.58567,0.5,41.1,334.0,SWISS LADDER 120,,,90,0,,,,35,A
369970278,2020-01-24T20:25:36,33.89357,-119.58557,0.4,45.1,334.0,SWISS LADDER 120,,,90,0,,,,35,A
369970278,2020-01-24T20:26:46,33.89368,-119.58548,0.5,36.9,335.0,SWISS LADDER 120,,,90,0,,,,35,A
369970278,2020-01-24T20:28:37,33.89387,-119.58535,0.6,36.4,331.0,SWISS LADDER 120,,,90,0,,,,35,A
369970278,2020-01-24T20:29:57,33.89401,-119.58526,0.5,31.9,334.0,SWISS LADDER 120,,,90,0,,,,35,A
369970278,2020-01-24T20:31:07,33.89414,-119.58517,0.3,359.9,336.0,SWISS LADDER 120,,,90,0,,,,35,A
369970278,2020-01-24T20:32:17,33.89426,-119.58508,0.6,38.8,337.0,SWISS LADDER 120,,,90,0,,,,35,A
369970278,2020-01-24T20:35:07,33.89455,-119.58484,0.4,27.5,332.0,SWISS LADDER 120,,,90,0,,,,35,A
369970278,2020-01-24T20:36:56,33.89476,-119.58467,0.5,34.3,331.0,SWISS LADDER 120,,,90,0,,,,35,A
369970278,2020-01-24T20:39:27,33.89500,-119.58444,0.3,19.7,331.0,SWISS LADDER 120,,,90,0,,,,35,A
369970278,2020-01-24T20:43:26,33.89541,-119.58406,0.5,50.8,330.0,SWISS LADDER 120,,,90,0,,,,35,A
369970278,2020-01-24T20:44:57,33.89554,-119.58390,0.8,50.0,334.0,SWISS LADDER 120,,,90,0,,,,35,A
369970278,2020-01-24T20:46:26,33.89572,-119.58375,0.5,27.1,327.0,SWISS LADDER 120,,,90,0,,,,35,A
369970278,2020-01-24T20:50:26,33.89612,-119.58331,0.6,53.9,332.0,SWISS LADDER 120,,,90,0,,,,35,A
369970278,2020-01-24T20:53:27,33.89635,-119.58298,0.2,31.4,325.0,SWISS LADDER 120,,,90,0,,,,35,A
369970278,2020-01-24T20:54:29,33.89642,-119.58285,0.4,47.9,337.0,SWISS LADDER 120,,,90,0,,,,35,A
369970278,2020-01-24T20:55:37,33.89649,-119.58274,0.2,40.0,336.0,SWISS LADDER 120,,,90,0,,,,35,A
369970278,2020-01-24T20:57:07,33.89661,-119.58255,0.6,53.4,334.0,SWISS LADDER 120,,,90,0,,,,35,A
369970278,2020-01-24T20:58:57,33.89677,-119.58236,0.4,43.4,330.0,SWISS LADDER 120,,,90,0,,,,35,A
369970278,2020-01-24T21:00:07,33.89687,-119.58225,0.3,28.9,331.0,SWISS LADDER 120,,,90,0,,,,35,A
369970278,2020-01-24T21:01:17,33.89696,-119.58215,0.1,49.8,334.0,SWISS LADDER 120,,,90,0,,,,35,A
369970278,2020-01-24T21:02:26,33.89702,-119.58203,0.7,67.7,330.0,SWISS LADDER 120,,,90,0,,,,35,A
369970278,2020-01-24T21:03:36,33.89707,-119.58189,0.6,65.4,326.0,SWISS LADDER 120,,,90,0,,,,35,A
369970278,2020-01-24T21:04:47,33.89711,-119.58177,0.3,69.2,333.0,SWISS LADDER 120,,,90,0,,,,35,A
369970278,2020-01-24T21:05:56,33.89713,-119.58164,0.2,89.2,335.0,SWISS LADDER 120,,,90,0,,,,35,A
369970278,2020-01-24T21:07:06,33.89735,-119.58156,3.0,346.0,340.0,SWISS LADDER 120,,,90,0,,,,35,A
369970278,2020-01-24T21:08:13,33.89883,-119.58199,5.2,357.7,10.0,SWISS LADDER 120,,,90,0,,,,35,A
369970278,2020-01-24T21:09:16,33.90039,-119.58199,5.4,351.0,352.0,SWISS LADDER 120,,,90,0,,,,35,A
369970278,2020-01-24T21:10:56,33.90284,-119.58273,5.9,351.7,359.0,SWISS LADDER 120,,,90,0,,,,35,A
369970278,2020-01-24T21:12:00,33.90550,-119.58180,10.7,30.1,27.0,SWISS LADDER 120,,,90,0,,,,35,A
369970278,2020-01-24T21:13:18,33.91110,-119.58068,18.1,359.0,357.0,SWISS LADDER 120,,,90,0,,,,35,A
369970278,2020-01-25T00:02:24,33.88247,-119.56769,7.1,297.5,295.0,SWISS LADDER 120,,,90,0,,,,35,A
369970278,2020-01-25T00:03:34,33.88501,-119.56890,14.2,25.9,36.0,SWISS LADDER 120,,,90,0,,,,35,A
369970278,2020-01-25T00:04:38,33.88939,-119.56510,20.0,33.2,34.0,SWISS LADDER 120,,,90,0,,,,35,A
369970278,2020-01-25T00:05:45,33.89464,-119.56100,19.3,35.5,36.0,SWISS LADDER 120,,,90,0,,,,35,A
369970278,2020-01-25T18:12:23,33.88219,-119.56164,0.8,314.2,215.0,SWISS LADDER 120,,,90,0,,,,35,A
369970278,2020-01-25T18:14:14,33.88243,-119.56196,0.7,312.6,221.0,SWISS LADDER 120,,,90,0,,,,35,A
369970278,2020-01-25T18:15:34,33.88261,-119.56215,0.7,318.9,221.0,SWISS LADDER 120,,,90,0,,,,35,A
369970278,2020-01-25T18:16:54,33.88278,-119.56234,0.7,312.5,223.0,SWISS LADDER 120,,,90,0,,,,35,A
369970278,2020-01-25T18:18:14,33.88296,-119.56253,0.6,315.8,227.0,SWISS LADDER 120,,,90,0,,,,35,A
369970278,2020-01-25T18:19:35,33.88313,-119.56267,0.6,320.4,224.0,SWISS LADDER 120,,,90,0,,,,35,A
369970278,2020-01-25T18:20:54,33.88329,-119.56282,0.6,321.7,223.0,SWISS LADDER 120,,,90,0,,,,35,A
369970278,2020-01-25T18:22:35,33.88349,-119.56299,0.5,322.1,215.0,SWISS LADDER 120,,,90,0,,,,35,A
369970278,2020-01-25T18:23:44,33.88363,-119.56311,0.5,329.5,209.0,SWISS LADDER 120,,,90,0,,,,35,A
369970278,2020-01-25T18:25:45,33.88384,-119.56328,0.5,334.2,205.0,SWISS LADDER 120,,,90,0,,,,35,A
369970278,2020-01-25T18:27:34,33.88405,-119.56338,0.4,6.4,187.0,SWISS LADDER 120,,,90,0,,,,35,A
369970278,2020-01-25T18:28:45,33.88418,-119.56344,0.4,347.9,183.0,SWISS LADDER 120,,,90,0,,,,35,A
369970278,2020-01-25T18:30:34,33.88439,-119.56351,0.5,339.8,173.0,SWISS LADDER 120,,,90,0,,,,35,A
369970278,2020-01-25T18:33:25,33.88472,-119.56370,0.5,326.2,159.0,SWISS LADDER 120,,,90,0,,,,35,A
369970278,2020-01-25T18:35:03,33.88491,-119.56379,0.4,334.0,161.0,SWISS LADDER 120,,,90,0,,,,35,A
369970278,2020-01-25T18:38:03,33.88526,-119.56395,0.5,355.7,161.0,SWISS LADDER 120,,,90,0,,,,35,A
369970278,2020-01-25T18:41:14,33.88569,-119.56410,0.5,331.8,162.0,SWISS LADDER 120,,,90,0,,,,35,A
369970278,2020-01-25T18:42:35,33.88585,-119.56417,0.5,335.0,165.0,SWISS LADDER 120,,,90,0,,,,35,A
369970278,2020-01-25T18:43:53,33.88601,-119.56423,0.4,347.7,164.0,SWISS LADDER 120,,,90,0,,,,35,A
369970278,2020-01-25T18:45:35,33.88623,-119.56428,0.5,338.7,160.0,SWISS LADDER 120,,,90,0,,,,35,A
369970278,2020-01-25T18:47:35,33.88647,-119.56434,0.5,355.6,155.0,SWISS LADDER 120,,,90,0,,,,35,A
369970278,2020-01-25T18:48:44,33.88659,-119.56439,0.4,337.2,158.0,SWISS LADDER 120,,,90,0,,,,35,A
369970278,2020-01-25T18:50:04,33.88672,-119.56445,0.4,356.4,167.0,SWISS LADDER 120,,,90,0,,,,35,A
369970278,2020-01-25T18:53:04,33.88705,-119.56456,0.5,352.9,171.0,SWISS LADDER 120,,,90,0,,,,35,A
369970278,2020-01-25T18:56:34,33.88755,-119.56471,0.4,16.7,169.0,SWISS LADDER 120,,,90,0,,,,35,A
369970278,2020-01-25T18:58:34,33.88775,-119.56478,0.5,344.9,160.0,SWISS LADDER 120,,,90,0,,,,35,A
369970278,2020-01-25T18:59:53,33.88790,-119.56481,0.4,358.1,159.0,SWISS LADDER 120,,,90,0,,,,35,A
369970278,2020-01-25T19:00:04,33.88792,-119.56481,0.4,353.5,159.0,SWISS LADDER 120,,,90,0,,,,35,A
369970278,2020-01-25T19:01:13,33.88804,-119.56483,0.4,352.8,160.0,SWISS LADDER 120,,,90,0,,,,35,A
369970278,2020-01-25T19:02:23,33.88816,-119.56484,0.4,20.4,161.0,SWISS LADDER 120,,,90,0,,,,35,A
369970278,2020-01-25T19:03:43,33.88830,-119.56487,0.4,329.6,163.0,SWISS LADDER 120,,,90,0,,,,35,A
369970278,2020-01-25T19:04:54,33.88843,-119.56490,0.4,339.0,158.0,SWISS LADDER 120,,,90,0,,,,35,A
369970278,2020-01-25T19:06:05,33.88858,-119.56495,0.5,324.9,154.0,SWISS LADDER 120,,,90,0,,,,35,A
369970278,2020-01-25T19:07:34,33.88877,-119.56497,0.5,341.2,154.0,SWISS LADDER 120,,,90,0,,,,35,A
369970278,2020-01-25T19:08:54,33.88897,-119.56499,0.6,14.9,152.0,SWISS LADDER 120,,,90,0,,,,35,A
369970278,2020-01-25T19:10:34,33.88921,-119.56502,0.6,9.8,149.0,SWISS LADDER 120,,,90,0,,,,35,A
369970278,2020-01-25T19:11:54,33.88941,-119.56504,0.7,13.5,144.0,SWISS LADDER 120,,,90,0,,,,35,A
369970278,2020-01-25T19:13:04,33.88960,-119.56504,0.5,343.0,139.0,SWISS LADDER 120,,,90,0,,,,35,A
369970278,2020-01-25T19:14:34,33.88981,-119.56504,0.5,355.0,139.0,SWISS LADDER 120,,,90,0,,,,35,A
369970278,2020-01-25T19:15:45,33.88995,-119.56506,0.4,349.1,150.0,SWISS LADDER 120,,,90,0,,,,35,A
369970278,2020-01-25T19:17:55,33.89020,-119.56510,0.5,14.0,156.0,SWISS LADDER 120,,,90,0,,,,35,A
369970278,2020-01-25T19:19:04,33.89035,-119.56510,0.5,12.5,155.0,SWISS LADDER 120,,,90,0,,,,35,A
369970278,2020-01-25T19:20:14,33.89050,-119.56512,0.5,338.1,155.0,SWISS LADDER 120,,,90,0,,,,35,A
369970278,2020-01-25T19:22:43,33.89085,-119.56513,0.5,356.2,155.0,SWISS LADDER 120,,,90,0,,,,35,A
369970278,2020-01-25T19:24:13,33.89106,-119.56511,0.5,12.7,159.0,SWISS LADDER 120,,,90,0,,,,35,A
369970278,2020-01-25T19:25:43,33.89128,-119.56509,0.7,22.6,148.0,SWISS LADDER 120,,,90,0,,,,35,A
369970278,2020-01-25T19:27:44,33.89158,-119.56507,0.6,9.1,141.0,SWISS LADDER 120,,,90,0,,,,35,A
369970278,2020-01-25T19:29:34,33.89186,-119.56504,0.6,356.1,139.0,SWISS LADDER 120,,,90,0,,,,35,A
369970278,2020-01-25T19:31:14,33.89211,-119.56504,0.5,0.7,144.0,SWISS LADDER 120,,,90,0,,,,35,A
369970278,2020-01-25T19:33:14,33.89242,-119.56500,0.5,0.8,147.0,SWISS LADDER 120,,,90,0,,,,35,A
369970278,2020-01-25T19:35:14,33.89272,-119.56495,0.6,11.0,147.0,SWISS LADDER 120,,,90,0,,,,35,A
369970278,2020-01-25T19:36:34,33.89292,-119.56497,0.5,5.7,144.0,SWISS LADDER 120,,,90,0,,,,35,A
369970278,2020-01-25T19:38:23,33.89319,-119.56496,0.7,13.7,143.0,SWISS LADDER 120,,,90,0,,,,35,A
369970278,2020-01-25T19:40:35,33.89353,-119.56493,0.7,14.9,138.0,SWISS LADDER 120,,,90,0,,,,35,A
369970278,2020-01-25T19:41:53,33.89376,-119.56489,0.7,8.7,128.0,SWISS LADDER 120,,,90,0,,,,35,A
369970278,2020-01-25T19:43:53,33.89410,-119.56484,0.6,19.7,138.0,SWISS LADDER 120,,,90,0,,,,35,A
369970278,2020-01-25T19:47:04,33.89461,-119.56487,0.6,6.4,150.0,SWISS LADDER 120,,,90,0,,,,35,A
369970278,2020-01-25T19:48:13,33.89479,-119.56488,0.6,6.3,156.0,SWISS LADDER 120,,,90,0,,,,35,A
369970278,2020-01-25T19:49:14,33.89495,-119.56489,0.6,351.9,158.0,SWISS LADDER 120,,,90,0,,,,35,A
369970278,2020-01-25T19:50:24,33.89514,-119.56490,0.5,342.5,156.0,SWISS LADDER 120,,,90,0,,,,35,A
369970278,2020-01-25T19:51:34,33.89533,-119.56492,0.6,347.0,154.0,SWISS LADDER 120,,,90,0,,,,35,A
369970278,2020-01-25T19:56:04,33.89610,-119.56486,0.7,4.2,144.0,SWISS LADDER 120,,,90,0,,,,35,A
369970278,2020-01-25T19:58:23,33.89655,-119.56492,0.7,358.0,138.0,SWISS LADDER 120,,,90,0,,,,35,A
369970278,2020-01-25T19:59:34,33.89675,-119.56494,0.6,3.3,141.0,SWISS LADDER 120,,,90,0,,,,35,A
369970278,2020-01-25T20:00:04,33.89684,-119.56495,0.6,345.5,140.0,SWISS LADDER 120,,,90,0,,,,35,A
369970278,2020-01-25T20:01:15,33.89706,-119.56496,0.7,12.6,142.0,SWISS LADDER 120,,,90,0,,,,35,A
369970278,2020-01-25T20:02:23,33.89724,-119.56496,0.6,351.9,146.0,SWISS LADDER 120,,,90,0,,,,35,A
369970278,2020-01-25T20:03:35,33.89744,-119.56496,0.6,2.9,151.0,SWISS LADDER 120,,,90,0,,,,35,A
369970278,2020-01-25T20:04:45,33.89764,-119.56495,0.7,15.1,150.0,SWISS LADDER 120,,,90,0,,,,35,A
369970278,2020-01-25T20:06:05,33.89786,-119.56494,0.5,1.2,146.0,SWISS LADDER 120,,,90,0,,,,35,A
369970278,2020-01-25T20:07:15,33.89805,-119.56490,0.6,3.4,145.0,SWISS LADDER 120,,,90,0,,,,35,A
369970278,2020-01-25T20:08:25,33.89826,-119.56485,0.6,3.6,144.0,SWISS LADDER 120,,,90,0,,,,35,A
369970278,2020-01-25T20:09:35,33.89847,-119.56483,0.6,355.5,138.0,SWISS LADDER 120,,,90,0,,,,35,A
369970278,2020-01-25T20:10:43,33.89866,-119.56478,0.7,16.7,139.0,SWISS LADDER 120,,,90,0,,,,35,A
369970278,2020-01-25T20:11:54,33.89885,-119.56475,0.6,8.9,140.0,SWISS LADDER 120,,,90,0,,,,35,A
369970278,2020-01-25T20:13:34,33.89913,-119.56474,0.6,341.1,143.0,SWISS LADDER 120,,,90,0,,,,35,A
369970278,2020-01-25T20:14:45,33.89934,-119.56474,0.7,353.2,144.0,SWISS LADDER 120,,,90,0,,,,35,A
369970278,2020-01-25T20:15:54,33.89954,-119.56472,0.6,4.8,142.0,SWISS LADDER 120,,,90,0,,,,35,A
369970278,2020-01-25T20:17:04,33.89975,-119.56469,0.6,17.4,137.0,SWISS LADDER 120,,,90,0,,,,35,A
369970278,2020-01-25T20:18:15,33.89994,-119.56468,0.5,2.4,145.0,SWISS LADDER 120,,,90,0,,,,35,A
369970278,2020-01-25T20:19:24,33.90012,-119.56466,0.6,2.9,146.0,SWISS LADDER 120,,,90,0,,,,35,A
369970278,2020-01-25T20:20:45,33.90035,-119.56463,0.7,17.2,149.0,SWISS LADDER 120,,,90,0,,,,35,A
369970278,2020-01-25T20:22:45,33.90069,-119.56454,0.7,12.2,154.0,SWISS LADDER 120,,,90,0,,,,35,A
369970278,2020-01-25T20:24:14,33.90096,-119.56453,0.7,7.4,151.0,SWISS LADDER 120,,,90,0,,,,35,A
369970278,2020-01-25T20:25:34,33.90120,-119.56454,0.7,14.8,159.0,SWISS LADDER 120,,,90,0,,,,35,A
369970278,2020-01-25T20:26:53,33.90144,-119.56450,0.6,6.3,149.0,SWISS LADDER 120,,,90,0,,,,35,A
369970278,2020-01-25T20:29:53,33.90195,-119.56433,0.7,17.0,146.0,SWISS LADDER 120,,,90,0,,,,35,A
369970278,2020-01-25T20:32:03,33.90229,-119.56423,0.7,21.6,150.0,SWISS LADDER 120,,,90,0,,,,35,A
369970278,2020-01-25T20:34:03,33.90266,-119.56410,0.7,19.0,148.0,SWISS LADDER 120,,,90,0,,,,35,A
369970278,2020-01-25T20:36:03,33.90303,-119.56399,0.7,6.3,147.0,SWISS LADDER 120,,,90,0,,,,35,A
369970278,2020-01-25T20:37:33,33.90330,-119.56389,0.7,21.7,147.0,SWISS LADDER 120,,,90,0,,,,35,A
369970278,2020-01-25T20:38:55,33.90355,-119.56383,0.7,20.6,156.0,SWISS LADDER 120,,,90,0,,,,35,A
369970278,2020-01-25T20:40:33,33.90385,-119.56377,0.6,0.2,159.0,SWISS LADDER 120,,,90,0,,,,35,A
369970278,2020-01-25T20:44:24,33.90454,-119.56360,0.6,2.2,153.0,SWISS LADDER 120,,,90,0,,,,35,A
369970278,2020-01-25T20:47:24,33.90507,-119.56345,0.9,32.4,152.0,SWISS LADDER 120,,,90,0,,,,35,A
369970278,2020-01-25T20:49:14,33.90537,-119.56334,0.7,19.8,148.0,SWISS LADDER 120,,,90,0,,,,35,A
369970278,2020-01-25T20:51:14,33.90570,-119.56323,0.7,17.7,152.0,SWISS LADDER 120,,,90,0,,,,35,A
369970278,2020-01-25T20:52:34,33.90594,-119.56317,0.7,23.0,159.0,SWISS LADDER 120,,,90,0,,,,35,A
369970278,2020-01-25T20:54:34,33.90629,-119.56311,0.6,7.9,165.0,SWISS LADDER 120,,,90,0,,,,35,A
369970278,2020-01-25T20:56:34,33.90668,-119.56302,0.8,10.6,161.0,SWISS LADDER 120,,,90,0,,,,35,A
369970278,2020-01-25T20:59:24,33.90724,-119.56290,0.8,18.7,158.0,SWISS LADDER 120,,,90,0,,,,35,A
369970278,2020-01-25T21:00:04,33.90737,-119.56288,0.7,8.9,163.0,SWISS LADDER 120,,,90,0,,,,35,A
369970278,2020-01-25T21:01:15,33.90759,-119.56284,0.8,19.5,168.0,SWISS LADDER 120,,,90,0,,,,35,A
369970278,2020-01-25T21:02:24,33.90782,-119.56279,0.8,17.6,170.0,SWISS LADDER 120,,,90,0,,,,35,A
369970278,2020-01-25T21:03:33,33.90804,-119.56275,0.7,8.9,170.0,SWISS LADDER 120,,,90,0,,,,35,A
369970278,2020-01-25T21:04:34,33.90822,-119.56271,0.6,353.0,169.0,SWISS LADDER 120,,,90,0,,,,35,A
369970278,2020-01-25T21:05:45,33.90843,-119.56266,0.7,23.5,174.0,SWISS LADDER 120,,,90,0,,,,35,A
369970278,2020-01-25T21:06:53,33.90864,-119.56263,0.6,357.1,174.0,SWISS LADDER 120,,,90,0,,,,35,A
369970278,2020-01-25T21:08:03,33.90885,-119.56256,0.7,13.9,168.0,SWISS LADDER 120,,,90,0,,,,35,A
369970278,2020-01-25T21:09:13,33.90906,-119.56249,0.7,11.1,165.0,SWISS LADDER 120,,,90,0,,,,35,A
369970278,2020-01-25T21:10:33,33.90930,-119.56244,0.6,348.4,165.0,SWISS LADDER 120,,,90,0,,,,35,A
369970278,2020-01-25T21:11:45,33.90950,-119.56239,0.7,16.8,167.0,SWISS LADDER 120,,,90,0,,,,35,A
369970278,2020-01-25T21:12:53,33.90968,-119.56233,0.6,14.8,171.0,SWISS LADDER 120,,,90,0,,,,35,A
369970278,2020-01-25T21:14:45,33.90997,-119.56223,0.6,29.5,174.0,SWISS LADDER 120,,,90,0,,,,35,A
369970278,2020-01-25T21:15:55,33.91014,-119.56217,0.5,12.3,176.0,SWISS LADDER 120,,,90,0,,,,35,A
369970278,2020-01-25T21:17:15,33.91032,-119.56210,0.4,344.4,170.0,SWISS LADDER 120,,,90,0,,,,35,A
369970278,2020-01-25T21:19:24,33.91060,-119.56197,0.5,18.7,172.0,SWISS LADDER 120,,,90,0,,,,35,A
369970278,2020-01-25T21:20:34,33.91078,-119.56190,0.8,37.2,171.0,SWISS LADDER 120,,,90,0,,,,35,A
369970278,2020-01-25T21:22:13,33.91103,-119.56184,0.6,25.2,173.0,SWISS LADDER 120,,,90,0,,,,35,A
369970278,2020-01-25T21:23:23,33.91122,-119.56181,0.6,1.6,176.0,SWISS LADDER 120,,,90,0,,,,35,A
369970278,2020-01-25T21:25:13,33.91147,-119.56174,0.5,349.3,170.0,SWISS LADDER 120,,,90,0,,,,35,A
369970278,2020-01-25T21:26:23,33.91163,-119.56169,0.6,21.1,163.0,SWISS LADDER 120,,,90,0,,,,35,A
369970278,2020-01-25T21:27:34,33.91180,-119.56164,0.6,25.3,163.0,SWISS LADDER 120,,,90,0,,,,35,A
369970278,2020-01-25T21:29:23,33.91210,-119.56157,0.7,10.8,171.0,SWISS LADDER 120,,,90,0,,,,35,A
369970278,2020-01-25T21:30:34,33.91232,-119.56150,0.6,12.9,170.0,SWISS LADDER 120,,,90,0,,,,35,A
369970278,2020-01-25T21:31:43,33.91252,-119.56144,0.6,2.4,170.0,SWISS LADDER 120,,,90,0,,,,35,A
369970278,2020-01-25T21:32:54,33.91272,-119.56138,0.7,17.0,171.0,SWISS LADDER 120,,,90,0,,,,35,A
369970278,2020-01-25T21:34:05,33.91292,-119.56129,0.6,31.7,168.0,SWISS LADDER 120,,,90,0,,,,35,A
369970278,2020-01-25T21:36:44,33.91330,-119.56111,0.6,33.7,160.0,SWISS LADDER 120,,,90,0,,,,35,A
369970278,2020-01-25T21:38:04,33.91350,-119.56102,0.6,10.0,164.0,SWISS LADDER 120,,,90,0,,,,35,A
369970278,2020-01-25T21:39:14,33.91367,-119.56091,0.4,8.8,165.0,SWISS LADDER 120,,,90,0,,,,35,A
369970278,2020-01-25T21:42:04,33.91404,-119.56068,0.4,19.4,176.0,SWISS LADDER 120,,,90,0,,,,35,A
369970278,2020-01-25T21:44:55,33.91442,-119.56044,0.5,22.9,170.0,SWISS LADDER 120,,,90,0,,,,35,A
369970278,2020-01-25T21:46:05,33.91458,-119.56034,0.6,33.1,169.0,SWISS LADDER 120,,,90,0,,,,35,A
369970278,2020-01-25T21:49:35,33.91508,-119.56006,0.6,17.4,164.0,SWISS LADDER 120,,,90,0,,,,35,A
369970278,2020-01-25T21:50:44,33.91526,-119.55996,0.7,32.6,162.0,SWISS LADDER 120,,,90,0,,,,35,A
369970278,2020-01-25T21:53:44,33.91434,-119.55932,12.3,164.5,165.0,SWISS LADDER 120,,,90,0,,,,35,A
369970278,2020-01-25T21:54:54,33.91059,-119.56025,13.5,227.9,214.0,SWISS LADDER 120,,,90,0,,,,35,A
369970278,2020-01-25T21:56:22,33.90760,-119.55847,12.2,93.7,79.0,SWISS LADDER 120,,,90,0,,,,35,A
369970278,2020-01-25T21:59:16,33.91028,-119.55906,12.5,179.3,181.0,SWISS LADDER 120,,,90,0,,,,35,A
369970278,2020-01-25T22:00:02,33.90857,-119.55897,9.4,179.2,184.0,SWISS LADDER 120,,,90,0,,,,35,A
369970278,2020-01-25T22:01:04,33.90682,-119.55878,5.4,177.1,179.0,SWISS LADDER 120,,,90,0,,,,35,A
367593450,2020-02-23T13:02:34,33.88306,-119.56007,6.2,254.3,511.0,SEA QUEEN IIA,IMO8970304,WDH2007,30,,25,7,,,B
367593450,2020-02-23T13:03:36,33.88258,-119.56194,4.8,254.7,511.0,SEA QUEEN IIA,IMO8970304,WDH2007,30,,25,7,,,B
369970278,2020-07-07T16:40:31,33.90569,-119.58824,0.6,31.1,330.0,SWISS LADDER 120,,,90,0,,,,35,A
369970278,2020-07-07T16:41:42,33.90583,-119.58809,0.7,45.2,336.0,SWISS LADDER 120,,,90,0,,,,35,A
369970278,2020-07-07T16:42:51,33.90596,-119.58795,0.7,40.1,340.0,SWISS LADDER 120,,,90,0,,,,35,A
369970278,2020-07-07T16:44:01,33.90610,-119.58779,0.6,43.0,336.0,SWISS LADDER 120,,,90,0,,,,35,A
369970278,2020-07-07T16:45:12,33.90622,-119.58765,0.5,47.2,333.0,SWISS LADDER 120,,,90,0,,,,35,A
369970278,2020-07-07T16:46:21,33.90634,-119.58752,0.4,46.2,334.0,SWISS LADDER 120,,,90,0,,,,35,A
369970278,2020-07-07T16:47:32,33.90645,-119.58741,0.4,47.8,333.0,SWISS LADDER 120,,,90,0,,,,35,A
369970278,2020-07-07T16:48:42,33.90655,-119.58728,0.3,34.8,331.0,SWISS LADDER 120,,,90,0,,,,35,A
369970278,2020-07-07T16:49:52,33.90667,-119.58713,0.5,40.2,331.0,SWISS LADDER 120,,,90,0,,,,35,A
369970278,2020-07-07T16:50:53,33.90677,-119.58701,0.3,39.4,334.0,SWISS LADDER 120,,,90,0,,,,35,A
369970278,2020-07-07T16:52:12,33.90690,-119.58683,0.6,45.1,336.0,SWISS LADDER 120,,,90,0,,,,35,A
369970278,2020-07-07T16:53:22,33.90701,-119.58667,0.5,55.0,332.0,SWISS LADDER 120,,,90,0,,,,35,A
369970278,2020-07-07T16:54:32,33.90711,-119.58654,0.4,55.7,331.0,SWISS LADDER 120,,,90,0,,,,35,A
369970278,2020-07-07T16:55:33,33.90719,-119.58641,0.5,49.3,328.0,SWISS LADDER 120,,,90,0,,,,35,A
369970278,2020-07-07T16:56:41,33.90728,-119.58626,0.3,55.7,332.0,SWISS LADDER 120,,,90,0,,,,35,A
369970278,2020-07-07T16:57:42,33.90735,-119.58613,0.4,50.7,333.0,SWISS LADDER 120,,,90,0,,,,35,A
369970278,2020-07-07T16:58:51,33.90744,-119.58600,0.5,55.3,335.0,SWISS LADDER 120,,,90,0,,,,35,A
369970278,2020-07-07T17:00:01,33.90753,-119.58583,0.5,66.1,336.0,SWISS LADDER 120,,,90,0,,,,35,A
369970278,2020-07-07T17:01:21,33.90763,-119.58566,0.5,50.0,338.0,SWISS LADDER 120,,,90,0,,,,35,A
369970278,2020-07-07T17:02:32,33.90773,-119.58550,0.8,54.0,339.0,SWISS LADDER 120,,,90,0,,,,35,A
369970278,2020-07-07T17:03:41,33.90783,-119.58534,0.6,50.8,332.0,SWISS LADDER 120,,,90,0,,,,35,A
369970278,2020-07-07T17:04:42,33.90792,-119.58521,0.2,43.3,327.0,SWISS LADDER 120,,,90,0,,,,35,A
369970278,2020-07-07T17:06:00,33.90795,-119.58517,0.6,48.1,327.0,SWISS LADDER 120,,,90,0,,,,35,A
369970278,2020-07-07T17:58:40,33.90802,-119.58508,0.5,42.9,329.0,SWISS LADDER 120,,,90,0,,,,35,A
369970278,2020-07-07T18:00:02,33.91350,-119.57949,0.4,50.1,338.0,SWISS LADDER 120,,,90,0,,,,35,A
369970278,2020-07-07T18:01:11,33.91360,-119.57940,0.4,50.5,342.0,SWISS LADDER 120,,,90,0,,,,35,A
369970278,2020-07-07T18:02:22,33.91369,-119.57928,0.4,47.3,342.0,SWISS LADDER 120,,,90,0,,,,35,A
369970278,2020-07-07T18:03:30,33.91378,-119.57918,0.4,44.3,345.0,SWISS LADDER 120,,,90,0,,,,35,A
369970278,2020-07-07T18:04:31,33.91385,-119.57907,0.3,31.2,348.0,SWISS LADDER 120,,,90,0,,,,35,A
369970278,2020-07-07T18:05:41,33.91394,-119.57896,0.4,43.0,347.0,SWISS LADDER 120,,,90,0,,,,35,A
369970278,2020-07-07T18:06:51,33.91404,-119.57885,0.4,45.0,344.0,SWISS LADDER 120,,,90,0,,,,35,A
369970278,2020-07-07T18:08:02,33.91413,-119.57875,0.5,50.2,347.0,SWISS LADDER 120,,,90,0,,,,35,A
369970278,2020-07-07T18:09:11,33.91422,-119.57864,0.4,42.5,344.0,SWISS LADDER 120,,,90,0,,,,35,A
369970278,2020-07-07T18:10:21,33.91432,-119.57852,0.4,41.6,344.0,SWISS LADDER 120,,,90,0,,,,35,A
369970278,2020-07-07T18:11:22,33.91440,-119.57841,0.3,33.2,339.0,SWISS LADDER 120,,,90,0,,,,35,A
369970278,2020-07-07T18:12:31,33.91451,-119.57828,0.4,23.1,338.0,SWISS LADDER 120,,,90,0,,,,35,A
369970278,2020-07-07T18:13:32,33.91460,-119.57819,0.4,43.0,339.0,SWISS LADDER 120,,,90,0,,,,35,A
369970278,2020-07-07T18:14:42,33.91470,-119.57808,0.3,37.0,338.0,SWISS LADDER 120,,,90,0,,,,35,A
369970278,2020-07-07T18:15:52,33.91481,-119.57794,0.5,47.3,341.0,SWISS LADDER 120,,,90,0,,,,35,A
369970278,2020-07-07T18:17:02,33.91492,-119.57780,0.4,48.9,341.0,SWISS LADDER 120,,,90,0,,,,35,A
369970278,2020-07-07T18:18:11,33.91501,-119.57768,0.4,48.7,343.0,SWISS LADDER 120,,,90,0,,,,35,A
369970278,2020-07-07T18:19:22,33.91510,-119.57754,0.5,54.4,344.0,SWISS LADDER 120,,,90,0,,,,35,A
369970278,2020-07-07T18:20:32,33.91519,-119.57740,0.3,50.5,344.0,SWISS LADDER 120,,,90,0,,,,35,A
369970278,2020-07-07T18:21:41,33.91528,-119.57728,0.4,51.7,343.0,SWISS LADDER 120,,,90,0,,,,35,A
369970278,2020-07-07T18:22:51,33.91536,-119.57717,0.6,51.8,342.0,SWISS LADDER 120,,,90,0,,,,35,A
369970278,2020-07-07T18:24:51,33.91554,-119.57698,0.5,47.0,340.0,SWISS LADDER 120,,,90,0,,,,35,A
369970278,2020-07-07T18:26:00,33.91562,-119.57687,0.4,36.3,341.0,SWISS LADDER 120,,,90,0,,,,35,A
369970278,2020-07-07T18:26:41,33.91090,-119.58207,0.2,26.4,332.0,SWISS LADDER 120,,,90,0,,,,35,A
369970278,2020-07-07T18:27:11,33.91572,-119.57675,0.6,50.8,340.0,SWISS LADDER 120,,,90,0,,,,35,A
369970278,2020-07-07T18:29:00,33.91579,-119.57667,0.4,41.8,343.0,SWISS LADDER 120,,,90,0,,,,35,A
369970278,2020-07-07T18:30:11,33.91594,-119.57643,0.8,60.5,344.0,SWISS LADDER 120,,,90,0,,,,35,A
369970278,2020-07-07T18:32:00,33.91602,-119.57634,0.5,42.7,339.0,SWISS LADDER 120,,,90,0,,,,35,A
369970278,2020-07-07T18:33:02,33.91618,-119.57610,0.5,51.3,340.0,SWISS LADDER 120,,,90,0,,,,35,A
369970278,2020-07-07T18:34:03,33.91624,-119.57597,0.5,62.7,343.0,SWISS LADDER 120,,,90,0,,,,35,A
369970278,2020-07-07T18:35:32,33.91632,-119.57580,0.4,67.3,345.0,SWISS LADDER 120,,,90,0,,,,35,A
369970278,2020-07-07T18:36:41,33.91639,-119.57567,0.4,52.8,343.0,SWISS LADDER 120,,,90,0,,,,35,A
369970278,2020-07-07T18:37:52,33.91647,-119.57554,0.3,37.7,344.0,SWISS LADDER 120,,,90,0,,,,35,A
369970278,2020-07-07T18:39:22,33.91657,-119.57537,0.7,57.8,339.0,SWISS LADDER 120,,,90,0,,,,35,A
369970278,2020-07-07T18:40:23,33.91664,-119.57524,0.7,59.1,340.0,SWISS LADDER 120,,,90,0,,,,35,A
369970278,2020-07-07T18:41:30,33.91672,-119.57508,0.3,49.0,339.0,SWISS LADDER 120,,,90,0,,,,35,A
369970278,2020-07-07T18:42:31,33.91678,-119.57496,0.4,65.4,340.0,SWISS LADDER 120,,,90,0,,,,35,A
369970278,2020-07-07T18:43:41,33.91685,-119.57481,0.4,40.0,342.0,SWISS LADDER 120,,,90,0,,,,35,A
369970278,2020-07-07T18:44:42,33.91693,-119.57467,0.6,61.6,342.0,SWISS LADDER 120,,,90,0,,,,35,A
369970278,2020-07-07T18:45:50,33.91701,-119.57452,0.3,58.0,341.0,SWISS LADDER 120,,,90,0,,,,35,A
369970278,2020-07-07T18:46:51,33.91708,-119.57439,0.5,62.5,343.0,SWISS LADDER 120,,,90,0,,,,35,A
369970278,2020-07-07T18:48:01,33.91708,-119.57437,0.3,49.6,343.0,SWISS LADDER 120,,,90,0,,,,35,A
369970278,2020-07-07T18:50:11,33.91730,-119.57403,0.6,60.4,337.0,SWISS LADDER 120,,,90,0,,,,35,A
369970278,2020-07-07T18:51:22,33.91738,-119.57389,0.5,60.8,336.0,SWISS LADDER 120,,,90,0,,,,35,A
369970278,2020-07-07T18:52:32,33.91746,-119.57375,0.6,54.3,334.0,SWISS LADDER 120,,,90,0,,,,35,A
369970278,2020-07-07T18:53:42,33.91755,-119.57361,0.6,49.1,333.0,SWISS LADDER 120,,,90,0,,,,35,A
369970278,2020-07-07T18:54:52,33.91763,-119.57348,0.2,33.4,335.0,SWISS LADDER 120,,,90,0,,,,35,A
369970278,2020-07-07T18:55:53,33.91770,-119.57338,0.5,52.0,335.0,SWISS LADDER 120,,,90,0,,,,35,A
369970278,2020-07-07T18:57:02,33.91779,-119.57325,0.4,50.8,337.0,SWISS LADDER 120,,,90,0,,,,35,A
369970278,2020-07-07T18:58:03,33.91787,-119.57314,0.3,46.1,336.0,SWISS LADDER 120,,,90,0,,,,35,A
369970278,2020-07-07T19:05:28,33.91707,-119.57100,9.0,161.2,161.0,SWISS LADDER 120,,,90,0,,,,35,A
369970278,2020-07-07T19:06:31,33.91461,-119.56979,9.1,158.1,161.0,SWISS LADDER 120,,,90,0,,,,35,A
369970278,2020-07-07T19:07:41,33.91185,-119.56847,9.2,157.4,161.0,SWISS LADDER 120,,,90,0,,,,35,A
369970278,2020-07-07T19:08:50,33.90911,-119.56716,9.3,158.7,160.0,SWISS LADDER 120,,,90,0,,,,35,A
369970278,2020-07-07T19:09:52,33.90666,-119.56602,9.2,157.8,161.0,SWISS LADDER 120,,,90,0,,,,35,A
369970278,2020-07-07T19:11:02,33.90386,-119.56474,9.2,159.6,160.0,SWISS LADDER 120,,,90,0,,,,35,A
369970278,2020-07-07T19:12:12,33.90106,-119.56348,9.2,160.0,161.0,SWISS LADDER 120,,,90,0,,,,35,A
369970278,2020-07-07T19:13:22,33.89828,-119.56218,9.1,158.0,160.0,SWISS LADDER 120,,,90,0,,,,35,A
369970278,2020-07-07T19:14:32,33.89584,-119.56103,5.0,159.7,159.0,SWISS LADDER 120,,,90,0,,,,35,A
369970278,2020-07-07T19:15:41,33.89521,-119.56060,1.3,139.2,148.0,SWISS LADDER 120,,,90,0,,,,35,A
369970278,2020-07-07T19:16:45,33.89504,-119.56042,0.5,137.5,172.0,SWISS LADDER 120,,,90,0,,,,35,A
369970278,2020-07-07T19:17:52,33.89496,-119.56033,0.7,110.8,181.0,SWISS LADDER 120,,,90,0,,,,35,A
369970278,2020-07-07T19:18:53,33.89493,-119.56021,0.4,106.3,182.0,SWISS LADDER 120,,,90,0,,,,35,A
369970278,2020-07-07T19:20:02,33.89493,-119.56008,0.3,97.9,180.0,SWISS LADDER 120,,,90,0,,,,35,A
369970278,2020-07-07T19:21:03,33.89493,-119.55997,0.1,97.0,178.0,SWISS LADDER 120,,,90,0,,,,35,A
369970278,2020-07-07T19:22:21,33.89494,-119.55982,0.5,80.5,173.0,SWISS LADDER 120,,,90,0,,,,35,A
369970278,2020-07-07T19:23:22,33.89495,-119.55974,0.4,74.7,176.0,SWISS LADDER 120,,,90,0,,,,35,A
369970278,2020-07-07T19:24:31,33.89499,-119.55961,0.2,49.1,176.0,SWISS LADDER 120,,,90,0,,,,35,A
369970278,2020-07-07T19:25:41,33.89503,-119.55951,0.3,52.3,169.0,SWISS LADDER 120,,,90,0,,,,35,A
369970278,2020-07-07T19:27:21,33.89509,-119.55935,0.1,40.4,167.0,SWISS LADDER 120,,,90,0,,,,35,A
369970278,2020-07-07T19:29:01,33.89517,-119.55917,0.2,72.1,172.0,SWISS LADDER 120,,,90,0,,,,35,A
369970278,2020-07-07T19:30:31,33.89520,-119.55904,0.3,69.8,178.0,SWISS LADDER 120,,,90,0,,,,35,A
369970278,2020-07-07T19:31:52,33.89523,-119.55894,0.2,48.4,180.0,SWISS LADDER 120,,,90,0,,,,35,A
369970278,2020-07-07T19:33:11,33.89526,-119.55884,0.4,71.6,177.0,SWISS LADDER 120,,,90,0,,,,35,A
369970278,2020-07-07T19:34:12,33.89528,-119.55877,0.1,283.4,177.0,SWISS LADDER 120,,,90,0,,,,35,A
369970278,2020-07-07T19:35:22,33.89530,-119.55871,0.0,333.9,174.0,SWISS LADDER 120,,,90,0,,,,35,A
369970278,2020-07-07T19:36:23,33.89533,-119.55864,0.1,12.9,173.0,SWISS LADDER 120,,,90,0,,,,35,A
369970278,2020-07-07T19:37:31,33.89537,-119.55860,0.2,70.3,177.0,SWISS LADDER 120,,,90,0,,,,35,A
369970278,2020-07-07T19:38:42,33.89540,-119.55855,0.0,49.1,179.0,SWISS LADDER 120,,,90,0,,,,35,A
369970278,2020-07-07T19:39:51,33.89543,-119.55852,0.1,289.3,184.0,SWISS LADDER 120,,,90,0,,,,35,A
369970278,2020-07-07T19:41:00,33.89546,-119.55851,0.3,60.5,182.0,SWISS LADDER 120,,,90,0,,,,35,A
369970278,2020-07-07T19:42:08,33.89468,-119.55838,3.1,149.4,132.0,SWISS LADDER 120,,,90,0,,,,35,A
369970278,2020-07-07T19:44:22,33.89464,-119.55848,2.8,287.1,118.0,SWISS LADDER 120,,,90,0,,,,35,A
369970278,2020-07-07T19:45:44,33.89468,-119.55856,0.2,0.8,122.0,SWISS LADDER 120,,,90,0,,,,35,A
369970278,2020-07-07T20:07:01,33.89641,-119.55838,0.5,313.2,317.0,SWISS LADDER 120,,,90,0,,,,35,A
369970278,2020-07-07T20:08:11,33.89655,-119.55843,0.4,330.2,327.0,SWISS LADDER 120,,,90,0,,,,35,A
369970278,2020-07-07T20:09:12,33.89667,-119.55849,0.6,332.4,321.0,SWISS LADDER 120,,,90,0,,,,35,A
369970278,2020-07-07T20:11:00,33.89678,-119.55852,0.5,339.0,326.0,SWISS LADDER 120,,,90,0,,,,35,A
369970278,2020-07-07T20:12:02,33.89705,-119.55859,0.7,7.6,324.0,SWISS LADDER 120,,,90,0,,,,35,A
369970278,2020-07-07T20:13:32,33.89724,-119.55866,0.6,323.0,318.0,SWISS LADDER 120,,,90,0,,,,35,A
369970278,2020-07-07T20:14:33,33.89738,-119.55871,0.5,331.1,322.0,SWISS LADDER 120,,,90,0,,,,35,A
369970278,2020-07-07T20:15:41,33.89753,-119.55874,0.5,346.4,325.0,SWISS LADDER 120,,,90,0,,,,35,A
369970278,2020-07-07T20:16:52,33.89768,-119.55878,0.5,352.2,322.0,SWISS LADDER 120,,,90,0,,,,35,A
369970278,2020-07-07T20:18:01,33.89784,-119.55880,0.8,17.9,321.0,SWISS LADDER 120,,,90,0,,,,35,A
369970278,2020-07-07T20:19:12,33.89801,-119.55885,0.6,346.1,318.0,SWISS LADDER 120,,,90,0,,,,35,A
369970278,2020-07-07T20:20:21,33.89817,-119.55890,0.6,352.6,321.0,SWISS LADDER 120,,,90,0,,,,35,A
369970278,2020-07-07T20:21:32,33.89833,-119.55895,0.7,10.8,321.0,SWISS LADDER 120,,,90,0,,,,35,A
369970278,2020-07-07T20:22:33,33.89849,-119.55899,0.5,314.7,315.0,SWISS LADDER 120,,,90,0,,,,35,A
369970278,2020-07-07T20:23:35,33.89894,-119.56034,5.5,271.7,257.0,SWISS LADDER 120,,,90,0,,,,35,A
369970278,2020-07-07T20:24:39,33.89833,-119.56197,5.4,236.1,232.0,SWISS LADDER 120,,,90,0,,,,35,A
369970278,2020-07-07T20:25:41,33.89730,-119.56335,5.2,224.8,223.0,SWISS LADDER 120,,,90,0,,,,35,A
369970278,2020-07-07T20:26:51,33.89607,-119.56486,5.7,225.7,223.0,SWISS LADDER 120,,,90,0,,,,35,A
369970278,2020-07-07T20:28:01,33.89490,-119.56638,4.5,227.9,224.0,SWISS LADDER 120,,,90,0,,,,35,A
369970278,2020-07-07T20:29:12,33.89401,-119.56757,4.2,229.9,225.0,SWISS LADDER 120,,,90,0,,,,35,A
369970278,2020-07-07T20:30:21,33.89318,-119.56875,4.0,232.0,223.0,SWISS LADDER 120,,,90,0,,,,35,A
369970278,2020-07-07T20:31:28,33.89088,-119.56888,11.2,161.4,149.0,SWISS LADDER 120,,,90,0,,,,35,A
369970278,2020-07-07T20:32:31,33.88789,-119.56628,13.2,139.2,137.0,SWISS LADDER 120,,,90,0,,,,35,A
369970278,2020-07-07T20:33:32,33.88506,-119.56285,14.7,144.0,151.0,SWISS LADDER 120,,,90,0,,,,35,A
369970278,2020-07-07T20:34:33,33.88230,-119.55953,15.9,112.2,113.0,SWISS LADDER 120,,,90,0,,,,35,A
369970278,2020-07-07T21:00:01,33.88893,-119.56832,0.5,333.1,183.0,SWISS LADDER 120,,,90,0,,,,35,A
369970278,2020-07-07T21:08:58,33.88772,-119.56622,0.5,28.8,127.0,SWISS LADDER 120,,,90,0,,,,35,A
369970278,2020-07-07T21:10:02,33.88781,-119.56619,0.5,17.0,161.0,SWISS LADDER 120,,,90,0,,,,35,A
369970278,2020-07-07T21:45:38,33.88643,-119.56662,4.5,306.3,304.0,SWISS LADDER 120,,,90,0,,,,35,A
369970278,2020-07-07T21:54:56,33.88915,-119.56837,0.5,285.3,130.0,SWISS LADDER 120,,,90,0,,,,35,A
369970278,2020-07-07T22:00:01,33.89491,-119.57214,0.8,21.2,182.0,SWISS LADDER 120,,,90,0,,,,35,A
369970278,2020-07-07T22:01:02,33.89512,-119.57202,0.7,22.2,182.0,SWISS LADDER 120,,,90,0,,,,35,A
369970278,2020-07-07T22:02:21,33.89537,-119.57187,0.8,33.8,186.0,SWISS LADDER 120,,,90,0,,,,35,A
369970278,2020-07-07T22:03:31,33.89560,-119.57173,0.7,22.0,187.0,SWISS LADDER 120,,,90,0,,,,35,A
369970278,2020-07-07T22:03:47,33.88793,-119.56620,0.6,336.4,183.0,SWISS LADDER 120,,,90,0,,,,35,A
369970278,2020-07-07T22:04:41,33.89580,-119.57161,0.6,20.6,187.0,SWISS LADDER 120,,,90,0,,,,35,A
369970278,2020-07-07T22:05:50,33.89600,-119.57146,0.8,41.5,188.0,SWISS LADDER 120,,,90,0,,,,35,A
369970278,2020-07-07T22:07:02,33.89621,-119.57133,0.7,28.8,192.0,SWISS LADDER 120,,,90,0,,,,35,A
369970278,2020-07-07T22:08:03,33.89638,-119.57124,0.7,21.0,193.0,SWISS LADDER 120,,,90,0,,,,35,A
369970278,2020-07-07T22:09:12,33.89657,-119.57112,0.7,29.7,193.0,SWISS LADDER 120,,,90,0,,,,35,A
369970278,2020-07-07T22:10:22,33.89676,-119.57098,0.7,34.1,191.0,SWISS LADDER 120,,,90,0,,,,35,A
369970278,2020-07-07T22:11:32,33.89696,-119.57089,0.7,353.1,188.0,SWISS LADDER 120,,,90,0,,,,35,A
369970278,2020-07-07T22:12:33,33.89714,-119.57077,0.6,357.5,186.0,SWISS LADDER 120,,,90,0,,,,35,A
369970278,2020-07-07T22:13:41,33.89734,-119.57066,0.8,40.5,184.0,SWISS LADDER 120,,,90,0,,,,35,A
369970278,2020-07-07T22:14:52,33.89755,-119.57054,0.8,15.8,182.0,SWISS LADDER 120,,,90,0,,,,35,A
369970278,2020-07-07T22:16:11,33.89780,-119.57042,0.7,17.1,195.0,SWISS LADDER 120,,,90,0,,,,35,A
369970278,2020-07-07T22:17:21,33.89799,-119.57028,0.6,9.2,192.0,SWISS LADDER 120,,,90,0,,,,35,A
369970278,2020-07-07T22:18:32,33.89817,-119.57016,0.6,17.1,189.0,SWISS LADDER 120,,,90,0,,,,35,A
369970278,2020-07-07T22:19:51,33.89840,-119.57002,0.7,21.5,181.0,SWISS LADDER 120,,,90,0,,,,35,A
369970278,2020-07-07T22:21:02,33.89833,-119.56994,2.8,176.3,172.0,SWISS LADDER 120,,,90,0,,,,35,A
369970278,2020-07-07T22:22:05,33.89743,-119.56863,9.0,90.3,84.0,SWISS LADDER 120,,,90,0,,,,35,A
369970278,2020-07-07T22:23:06,33.89842,-119.56490,14.8,69.1,72.0,SWISS LADDER 120,,,90,0,,,,35,A
369970278,2020-07-07T22:24:20,33.89885,-119.56367,16.1,65.9,67.0,SWISS LADDER 120,,,90,0,,,,35,A
369970277,2020-08-21T18:57:21,33.89167,-119.56045,10.0,259.7,511.0,MST 9301,,,90,2,,,,35,A
369970277,2020-08-21T18:59:21,33.89059,-119.56694,9.8,259.5,511.0,MST 9301,,,90,2,,,,35,A
369970277,2020-08-21T19:01:00,33.89028,-119.56899,9.7,259.3,511.0,MST 9301,,,90,2,,,,35,A
369970277,2020-08-21T19:02:02,33.88975,-119.57534,9.7,264.2,511.0,MST 9301,,,90,2,,,,35,A
369970277,2020-08-21T19:03:11,33.88953,-119.57899,9.4,265.7,511.0,MST 9301,,,90,2,,,,35,A
369970277,2020-08-21T19:04:30,33.89041,-119.58230,7.1,347.8,511.0,MST 9301,,,90,2,,,,35,A
369970277,2020-08-21T19:05:31,33.89200,-119.58106,7.8,75.5,511.0,MST 9301,,,90,2,,,,35,A
369970277,2020-08-21T19:06:40,33.89236,-119.57782,8.8,64.9,511.0,MST 9301,,,90,2,,,,35,A
369970277,2020-08-21T19:07:50,33.89339,-119.57453,8.4,68.8,511.0,MST 9301,,,90,2,,,,35,A
369970277,2020-08-21T19:09:00,33.89428,-119.57200,5.6,68.6,511.0,MST 9301,,,90,2,,,,35,A
369970277,2020-08-21T19:10:21,33.89476,-119.56990,4.0,79.1,511.0,MST 9301,,,90,2,,,,35,A
369970277,2020-08-21T19:11:22,33.89487,-119.56869,3.3,88.4,511.0,MST 9301,,,90,2,,,,35,A
369970277,2020-08-21T19:12:31,33.89488,-119.56754,2.7,94.4,511.0,MST 9301,,,90,2,,,,35,A
369970277,2020-08-21T19:14:26,33.89455,-119.56601,2.1,108.2,511.0,MST 9301,,,90,2,,,,35,A
369970277,2020-08-21T19:17:26,33.89379,-119.56434,1.6,120.0,511.0,MST 9301,,,90,2,,,,35,A
369970277,2020-08-21T19:20:26,33.89300,-119.56317,1.5,126.1,511.0,MST 9301,,,90,2,,,,35,A
369970277,2020-08-21T19:23:26,33.89227,-119.56230,1.5,137.0,511.0,MST 9301,,,90,2,,,,35,A
369970277,2020-08-21T19:26:26,33.89164,-119.56160,1.0,132.7,511.0,MST 9301,,,90,2,,,,35,A
369970277,2020-08-21T19:29:27,33.89114,-119.56090,0.8,127.9,511.0,MST 9301,,,90,2,,,,35,A
369970277,2020-08-21T19:32:26,33.89071,-119.56026,0.8,129.6,511.0,MST 9301,,,90,2,,,,35,A
369970277,2020-08-21T19:35:26,33.89038,-119.55973,0.7,124.5,511.0,MST 9301,,,90,2,,,,35,A
369970277,2020-08-21T19:38:26,33.89008,-119.55924,0.6,125.9,511.0,MST 9301,,,90,2,,,,35,A
369970277,2020-08-21T19:41:27,33.88969,-119.55881,0.4,138.2,511.0,MST 9301,,,90,2,,,,35,A
369970277,2020-08-21T19:44:26,33.88935,-119.55842,0.6,135.8,511.0,MST 9301,,,90,2,,,,35,A
369970278,2020-11-16T17:43:31,33.89497,-119.55991,11.3,327.0,329.0,SWISS LADDER 120,,,90,0,,,,35,A
369970278,2020-11-16T17:44:40,33.89796,-119.56230,11.2,326.8,329.0,SWISS LADDER 120,,,90,0,,,,35,A
369970278,2020-11-16T17:45:50,33.90098,-119.56474,11.3,326.3,329.0,SWISS LADDER 120,,,90,0,,,,35,A
369970278,2020-11-16T17:47:50,33.90435,-119.56764,2.7,317.1,325.0,SWISS LADDER 120,,,90,0,,,,35,A
369970278,2020-11-16T17:49:29,33.90471,-119.56832,0.8,280.6,315.0,SWISS LADDER 120,,,90,0,,,,35,A
369970278,2020-11-16T17:50:36,33.90414,-119.56787,1.9,159.5,336.0,SWISS LADDER 120,,,90,0,,,,35,A
369970278,2020-11-16T17:51:54,33.90421,-119.56813,1.0,335.3,14.0,SWISS LADDER 120,,,90,0,,,,35,A
369970278,2020-11-16T17:53:20,33.90430,-119.56820,0.3,254.5,110.0,SWISS LADDER 120,,,90,0,,,,35,A
369970278,2020-11-16T17:54:21,33.90428,-119.56834,0.4,262.9,133.0,SWISS LADDER 120,,,90,0,,,,35,A
369970278,2020-11-16T17:56:20,33.90424,-119.56870,0.5,268.0,161.0,SWISS LADDER 120,,,90,0,,,,35,A
369970278,2020-11-16T17:58:39,33.90415,-119.56917,0.7,256.4,163.0,SWISS LADDER 120,,,90,0,,,,35,A
369970278,2020-11-16T17:59:51,33.90410,-119.56941,0.6,250.8,166.0,SWISS LADDER 120,,,90,0,,,,35,A
369970278,2020-11-16T18:00:00,33.90409,-119.56944,0.7,253.6,166.0,SWISS LADDER 120,,,90,0,,,,35,A
369970278,2020-11-16T18:01:30,33.90401,-119.56972,0.6,254.6,168.0,SWISS LADDER 120,,,90,0,,,,35,A
369970278,2020-11-16T18:03:30,33.90388,-119.57010,0.6,247.3,169.0,SWISS LADDER 120,,,90,0,,,,35,A
369970278,2020-11-16T18:05:20,33.90376,-119.57042,0.5,246.0,159.0,SWISS LADDER 120,,,90,0,,,,35,A
369970278,2020-11-16T18:06:41,33.90368,-119.57064,0.6,248.3,158.0,SWISS LADDER 120,,,90,0,,,,35,A
369970278,2020-11-16T18:07:50,33.90362,-119.57084,0.6,250.6,161.0,SWISS LADDER 120,,,90,0,,,,35,A
369970278,2020-11-16T18:08:59,33.90356,-119.57105,0.6,257.9,165.0,SWISS LADDER 120,,,90,0,,,,35,A
369970278,2020-11-16T18:10:21,33.90349,-119.57130,0.6,258.1,169.0,SWISS LADDER 120,,,90,0,,,,35,A
369970278,2020-11-16T18:11:51,33.90343,-119.57156,0.6,260.2,172.0,SWISS LADDER 120,,,90,0,,,,35,A
369970278,2020-11-16T18:12:59,33.90339,-119.57176,0.6,256.7,173.0,SWISS LADDER 120,,,90,0,,,,35,A
369970278,2020-11-16T18:14:30,33.90334,-119.57204,0.5,255.8,179.0,SWISS LADDER 120,,,90,0,,,,35,A
369970278,2020-11-16T18:16:20,33.90326,-119.57239,0.5,252.6,185.0,SWISS LADDER 120,,,90,0,,,,35,A
369970278,2020-11-16T18:17:31,33.90321,-119.57261,0.6,257.0,185.0,SWISS LADDER 120,,,90,0,,,,35,A
369970278,2020-11-16T18:19:00,33.90320,-119.57269,0.7,259.4,185.0,SWISS LADDER 120,,,90,0,,,,35,A
369970278,2020-11-16T18:20:11,33.90313,-119.57305,0.5,261.0,183.0,SWISS LADDER 120,,,90,0,,,,35,A
369970278,2020-11-16T18:21:31,33.90310,-119.57327,0.5,265.5,186.0,SWISS LADDER 120,,,90,0,,,,35,A
369970278,2020-11-16T18:22:40,33.90308,-119.57343,0.5,263.3,186.0,SWISS LADDER 120,,,90,0,,,,35,A
369970278,2020-11-16T18:23:49,33.90306,-119.57359,0.4,263.4,182.0,SWISS LADDER 120,,,90,0,,,,35,A
369970278,2020-11-16T18:25:01,33.90305,-119.57375,0.4,261.4,180.0,SWISS LADDER 120,,,90,0,,,,35,A
369970278,2020-11-16T18:27:00,33.90302,-119.57389,0.4,260.1,179.0,SWISS LADDER 120,,,90,0,,,,35,A
369970278,2020-11-16T18:28:11,33.90299,-119.57416,0.4,261.8,180.0,SWISS LADDER 120,,,90,0,,,,35,A
369970278,2020-11-16T18:29:20,33.90297,-119.57431,0.5,266.4,182.0,SWISS LADDER 120,,,90,0,,,,35,A
369970278,2020-11-16T18:30:21,33.90296,-119.57444,0.4,262.5,180.0,SWISS LADDER 120,,,90,0,,,,35,A
369970278,2020-11-16T18:31:29,33.90295,-119.57459,0.3,266.7,177.0,SWISS LADDER 120,,,90,0,,,,35,A
369970278,2020-11-16T18:32:41,33.90293,-119.57474,0.4,275.0,173.0,SWISS LADDER 120,,,90,0,,,,35,A
369970278,2020-11-16T18:34:01,33.90293,-119.57491,0.4,264.5,168.0,SWISS LADDER 120,,,90,0,,,,35,A
369970278,2020-11-16T18:35:11,33.90290,-119.57504,0.4,266.2,162.0,SWISS LADDER 120,,,90,0,,,,35,A
369970278,2020-11-16T18:36:21,33.90289,-119.57517,0.4,261.3,158.0,SWISS LADDER 120,,,90,0,,,,35,A
369970278,2020-11-16T18:38:01,33.90287,-119.57523,0.4,260.0,156.0,SWISS LADDER 120,,,90,0,,,,35,A
369970278,2020-11-16T18:39:10,33.90280,-119.57544,0.3,252.1,152.0,SWISS LADDER 120,,,90,0,,,,35,A
369970278,2020-11-16T18:40:20,33.90277,-119.57555,0.3,249.4,148.0,SWISS LADDER 120,,,90,0,,,,35,A
369970278,2020-11-16T18:42:10,33.90272,-119.57572,0.3,259.5,145.0,SWISS LADDER 120,,,90,0,,,,35,A
369970278,2020-11-16T18:46:10,33.90229,-119.57567,2.9,135.3,133.0,SWISS LADDER 120,,,90,0,,,,35,A
369970278,2020-11-16T18:48:10,33.90114,-119.57397,3.4,133.4,138.0,SWISS LADDER 120,,,90,0,,,,35,A
369970278,2020-11-16T18:49:50,33.89975,-119.57299,3.5,168.3,172.0,SWISS LADDER 120,,,90,0,,,,35,A
369970278,2020-11-16T18:57:31,33.89301,-119.56893,3.7,133.1,140.0,SWISS LADDER 120,,,90,0,,,,35,A
369970278,2020-11-16T18:59:01,33.89105,-119.56699,3.6,131.8,135.0,SWISS LADDER 120,,,90,0,,,,35,A
369970278,2020-11-16T18:59:41,33.89128,-119.56726,3.6,139.2,140.0,SWISS LADDER 120,,,90,0,,,,35,A
369970278,2020-11-16T19:00:11,33.89093,-119.56683,3.6,130.6,133.0,SWISS LADDER 120,,,90,0,,,,35,A
369970278,2020-11-16T19:01:20,33.89026,-119.56567,3.6,124.6,131.0,SWISS LADDER 120,,,90,0,,,,35,A
369970278,2020-11-16T19:02:29,33.88949,-119.56461,3.7,135.0,142.0,SWISS LADDER 120,,,90,0,,,,35,A
369970278,2020-11-16T19:04:41,33.88808,-119.56258,3.6,114.9,119.0,SWISS LADDER 120,,,90,0,,,,35,A
369970278,2020-11-16T19:07:20,33.88741,-119.55980,1.5,98.0,117.0,SWISS LADDER 120,,,90,0,,,,35,A
369970278,2020-11-16T19:08:51,33.88727,-119.55844,2.5,97.9,115.0,SWISS LADDER 120,,,90,0,,,,35,A
369970278,2020-11-16T19:26:01,33.88888,-119.55858,0.6,337.6,29.0,SWISS LADDER 120,,,90,0,,,,35,A
369970278,2020-11-16T19:28:31,33.88927,-119.55876,0.6,343.5,21.0,SWISS LADDER 120,,,90,0,,,,35,A
369970278,2020-11-16T19:29:40,33.88946,-119.55883,0.7,343.0,20.0,SWISS LADDER 120,,,90,0,,,,35,A
369970278,2020-11-16T19:30:50,33.88966,-119.55892,0.7,338.8,23.0,SWISS LADDER 120,,,90,0,,,,35,A
369970278,2020-11-16T19:32:10,33.88988,-119.55902,0.7,337.0,25.0,SWISS LADDER 120,,,90,0,,,,35,A
369970278,2020-11-16T19:34:21,33.89024,-119.55920,0.6,337.8,26.0,SWISS LADDER 120,,,90,0,,,,35,A
369970278,2020-11-16T19:35:41,33.89047,-119.55932,0.7,334.0,26.0,SWISS LADDER 120,,,90,0,,,,35,A
369970278,2020-11-16T19:37:41,33.89080,-119.55948,0.7,331.5,20.0,SWISS LADDER 120,,,90,0,,,,35,A
369970278,2020-11-16T19:40:22,33.89123,-119.55975,0.6,333.1,17.0,SWISS LADDER 120,,,90,0,,,,35,A
369970278,2020-11-16T19:41:50,33.89149,-119.55989,0.7,331.6,14.0,SWISS LADDER 120,,,90,0,,,,35,A
369970278,2020-11-16T19:43:40,33.89180,-119.56006,0.6,336.6,15.0,SWISS LADDER 120,,,90,0,,,,35,A
369970278,2020-11-16T19:45:40,33.89213,-119.56021,0.6,340.7,20.0,SWISS LADDER 120,,,90,0,,,,35,A
369970278,2020-11-16T19:47:21,33.89240,-119.56032,0.6,340.8,24.0,SWISS LADDER 120,,,90,0,,,,35,A
369970278,2020-11-16T19:48:40,33.89260,-119.56039,0.6,346.4,27.0,SWISS LADDER 120,,,90,0,,,,35,A
369970278,2020-11-16T19:50:22,33.89288,-119.56046,0.6,345.1,29.0,SWISS LADDER 120,,,90,0,,,,35,A
369970278,2020-11-16T19:51:41,33.89311,-119.56051,0.6,349.2,26.0,SWISS LADDER 120,,,90,0,,,,35,A
369970278,2020-11-16T19:53:41,33.89345,-119.56057,0.6,358.1,26.0,SWISS LADDER 120,,,90,0,,,,35,A
369970278,2020-11-16T19:55:01,33.89366,-119.56064,0.6,343.6,25.0,SWISS LADDER 120,,,90,0,,,,35,A
369970278,2020-11-16T19:57:40,33.89407,-119.56078,0.6,338.2,28.0,SWISS LADDER 120,,,90,0,,,,35,A
369970278,2020-11-16T19:58:51,33.89426,-119.56082,0.6,346.7,28.0,SWISS LADDER 120,,,90,0,,,,35,A
369970278,2020-11-16T19:59:59,33.89445,-119.56087,0.6,346.1,29.0,SWISS LADDER 120,,,90,0,,,,35,A
369970278,2020-11-16T20:01:59,33.89480,-119.56091,0.6,355.8,35.0,SWISS LADDER 120,,,90,0,,,,35,A
369970278,2020-11-16T20:03:19,33.89503,-119.56092,0.6,2.8,37.0,SWISS LADDER 120,,,90,0,,,,35,A
369970278,2020-11-16T20:05:01,33.89560,-119.56067,5.1,35.1,43.0,SWISS LADDER 120,,,90,0,,,,35,A
369970278,2020-11-16T20:07:50,33.89160,-119.56042,13.1,213.1,213.0,SWISS LADDER 120,,,90,0,,,,35,A
369970278,2020-11-16T20:09:24,33.88685,-119.56429,12.4,228.9,248.0,SWISS LADDER 120,,,90,0,,,,35,A
369970278,2020-11-16T20:10:26,33.88729,-119.56930,20.1,281.8,295.0,SWISS LADDER 120,,,90,0,,,,35,A
369970278,2020-11-16T20:11:28,33.89254,-119.57330,20.1,347.3,3.0,SWISS LADDER 120,,,90,0,,,,35,A
369970278,2020-11-16T20:12:34,33.89416,-119.56902,16.3,130.0,151.0,SWISS LADDER 120,,,90,0,,,,35,A
369970278,2020-11-16T20:13:36,33.89123,-119.57195,17.3,256.9,260.0,SWISS LADDER 120,,,90,0,,,,35,A
369970278,2020-11-16T20:14:40,33.89117,-119.57898,19.6,271.6,272.0,SWISS LADDER 120,,,90,0,,,,35,A
369970278,2020-11-16T20:16:02,33.89114,-119.58550,8.7,250.9,233.0,SWISS LADDER 120,,,90,0,,,,35,A
369970278,2020-11-16T20:17:12,33.89069,-119.58627,2.9,328.5,154.0,SWISS LADDER 120,,,90,0,,,,35,A
369970278,2020-11-16T20:18:47,33.89168,-119.58667,1.3,352.7,190.0,SWISS LADDER 120,,,90,0,,,,35,A
369970278,2020-11-16T20:20:16,33.89208,-119.58673,0.8,350.3,189.0,SWISS LADDER 120,,,90,0,,,,35,A
369970278,2020-11-16T20:21:47,33.89273,-119.58720,0.9,283.5,50.0,SWISS LADDER 120,,,90,0,,,,35,A
369970278,2020-11-16T20:23:47,33.89390,-119.58675,6.0,23.5,26.0,SWISS LADDER 120,,,90,0,,,,35,A
369970278,2020-11-16T20:25:16,33.89546,-119.58615,2.8,13.0,19.0,SWISS LADDER 120,,,90,0,,,,35,A
369970278,2020-11-16T20:27:50,33.89713,-119.58576,3.7,15.7,28.0,SWISS LADDER 120,,,90,0,,,,35,A
369970278,2020-11-16T20:29:45,33.90194,-119.58151,20.4,34.4,39.0,SWISS LADDER 120,,,90,0,,,,35,A
369970278,2020-11-16T20:32:16,33.91232,-119.57071,19.8,38.2,42.0,SWISS LADDER 120,,,90,0,,,,35,A
369970278,2020-10-07T15:44:06,33.89692,-119.55860,5.1,343.4,344.0,SWISS LADDER 120,,,90,0,,,,35,A
369970278,2020-10-07T15:45:16,33.89843,-119.55915,4.1,345.7,348.0,SWISS LADDER 120,,,90,0,,,,35,A
369970278,2020-10-07T15:46:37,33.89885,-119.55927,0.3,291.6,74.0,SWISS LADDER 120,,,90,0,,,,35,A
369970278,2020-10-07T15:48:05,33.89902,-119.55932,0.5,347.2,75.0,SWISS LADDER 120,,,90,0,,,,35,A
369970278,2020-10-07T15:49:06,33.89915,-119.55934,0.4,352.6,65.0,SWISS LADDER 120,,,90,0,,,,35,A
369970278,2020-10-07T15:50:35,33.89930,-119.55932,0.3,18.4,62.0,SWISS LADDER 120,,,90,0,,,,35,A
369970278,2020-10-07T15:52:05,33.89941,-119.55926,0.3,31.4,71.0,SWISS LADDER 120,,,90,0,,,,35,A
369970278,2020-10-07T15:53:46,33.89953,-119.55920,0.2,20.8,98.0,SWISS LADDER 120,,,90,0,,,,35,A
369970278,2020-10-07T15:55:05,33.89960,-119.55918,0.3,3.4,132.0,SWISS LADDER 120,,,90,0,,,,35,A
369970278,2020-10-07T15:57:17,33.89977,-119.55916,0.3,37.6,177.0,SWISS LADDER 120,,,90,0,,,,35,A
369970278,2020-10-07T15:58:36,33.89986,-119.55905,0.4,57.8,182.0,SWISS LADDER 120,,,90,0,,,,35,A
369970278,2020-10-07T15:59:46,33.89994,-119.55898,0.3,34.3,180.0,SWISS LADDER 120,,,90,0,,,,35,A
369970278,2020-10-07T16:00:06,33.89996,-119.55896,0.2,20.1,179.0,SWISS LADDER 120,,,90,0,,,,35,A
369970278,2020-10-07T16:01:17,33.90003,-119.55890,0.3,36.6,179.0,SWISS LADDER 120,,,90,0,,,,35,A
369970278,2020-10-07T16:02:26,33.90011,-119.55885,0.3,13.0,189.0,SWISS LADDER 120,,,90,0,,,,35,A
369970278,2020-10-07T16:03:27,33.90017,-119.55877,0.2,344.1,183.0,SWISS LADDER 120,,,90,0,,,,35,A
369970278,2020-10-07T16:04:37,33.90025,-119.55871,0.2,21.6,175.0,SWISS LADDER 120,,,90,0,,,,35,A
369970278,2020-10-07T16:05:47,33.90032,-119.55863,0.2,27.3,174.0,SWISS LADDER 120,,,90,0,,,,35,A
369970278,2020-10-07T16:06:56,33.90038,-119.55854,0.2,38.7,175.0,SWISS LADDER 120,,,90,0,,,,35,A
369970278,2020-10-07T16:08:06,33.90042,-119.55847,0.1,10.8,179.0,SWISS LADDER 120,,,90,0,,,,35,A
369970278,2020-10-07T16:09:07,33.90046,-119.55838,0.3,71.1,179.0,SWISS LADDER 120,,,90,0,,,,35,A
369970278,2020-10-07T20:36:56,33.89014,-119.56077,5.9,225.1,225.0,SWISS LADDER 120,,,90,0,,,,35,A
369970278,2020-10-07T20:38:36,33.88819,-119.56309,5.9,225.0,224.0,SWISS LADDER 120,,,90,0,,,,35,A
369970278,2020-10-07T20:39:47,33.88685,-119.56471,5.9,225.7,224.0,SWISS LADDER 120,,,90,0,,,,35,A
369970278,2020-10-07T20:42:16,33.88396,-119.56815,5.9,224.0,224.0,SWISS LADDER 120,,,90,0,,,,35,A
369970278,2020-10-07T20:43:35,33.88244,-119.56998,5.8,224.9,224.0,SWISS LADDER 120,,,90,0,,,,35,A
369970278,2020-11-17T15:05:58,33.89174,-119.56022,8.8,263.1,263.0,SWISS LADDER 120,,,90,0,,,,35,A
369970278,2020-11-17T15:07:07,33.89139,-119.56425,11.2,265.1,265.0,SWISS LADDER 120,,,90,0,,,,35,A
369970278,2020-11-17T15:08:08,33.89110,-119.56808,11.4,265.4,267.0,SWISS LADDER 120,,,90,0,,,,35,A
369970278,2020-11-17T15:09:18,33.89080,-119.57253,11.4,268.2,269.0,SWISS LADDER 120,,,90,0,,,,35,A
369970278,2020-11-17T15:10:27,33.89081,-119.57690,11.3,269.6,269.0,SWISS LADDER 120,,,90,0,,,,35,A
369970278,2020-11-17T15:11:28,33.89064,-119.58062,10.3,266.4,268.0,SWISS LADDER 120,,,90,0,,,,35,A
369970278,2020-11-17T15:12:38,33.89063,-119.58248,1.9,275.9,264.0,SWISS LADDER 120,,,90,0,,,,35,A
369970278,2020-11-17T15:13:48,33.89072,-119.58278,0.5,316.1,261.0,SWISS LADDER 120,,,90,0,,,,35,A
369970278,2020-11-17T15:14:58,33.89084,-119.58282,0.4,2.8,248.0,SWISS LADDER 120,,,90,0,,,,35,A
369970278,2020-11-17T15:16:07,33.89099,-119.58277,0.5,18.9,240.0,SWISS LADDER 120,,,90,0,,,,35,A
369970278,2020-11-17T15:17:17,33.89113,-119.58267,0.5,32.3,227.0,SWISS LADDER 120,,,90,0,,,,35,A
369970278,2020-11-17T15:18:28,33.89127,-119.58256,0.5,19.1,220.0,SWISS LADDER 120,,,90,0,,,,35,A
369970278,2020-11-17T15:19:39,33.89141,-119.58248,0.5,21.8,222.0,SWISS LADDER 120,,,90,0,,,,35,A
369970278,2020-11-17T15:20:48,33.89155,-119.58241,0.5,19.7,225.0,SWISS LADDER 120,,,90,0,,,,35,A
369970278,2020-11-17T15:22:07,33.89173,-119.58227,0.6,35.8,228.0,SWISS LADDER 120,,,90,0,,,,35,A
369970278,2020-11-17T15:23:19,33.89191,-119.58217,0.7,23.9,230.0,SWISS LADDER 120,,,90,0,,,,35,A
369970278,2020-11-17T15:24:28,33.89210,-119.58208,0.7,23.1,242.0,SWISS LADDER 120,,,90,0,,,,35,A
369970278,2020-11-17T15:25:38,33.89229,-119.58196,0.6,34.7,248.0,SWISS LADDER 120,,,90,0,,,,35,A
369970278,2020-11-17T15:26:48,33.89247,-119.58180,0.7,29.5,257.0,SWISS LADDER 120,,,90,0,,,,35,A
369970278,2020-11-17T15:27:58,33.89267,-119.58167,0.7,28.6,258.0,SWISS LADDER 120,,,90,0,,,,35,A
369970278,2020-11-17T15:28:59,33.89284,-119.58153,0.6,36.3,258.0,SWISS LADDER 120,,,90,0,,,,35,A
369970278,2020-11-17T15:30:07,33.89300,-119.58137,0.6,33.9,259.0,SWISS LADDER 120,,,90,0,,,,35,A
369970278,2020-11-17T15:31:18,33.89319,-119.58124,0.8,27.4,260.0,SWISS LADDER 120,,,90,0,,,,35,A
369970278,2020-11-17T15:32:28,33.89338,-119.58110,0.8,27.8,263.0,SWISS LADDER 120,,,90,0,,,,35,A
369970278,2020-11-17T15:33:29,33.89354,-119.58097,0.6,33.9,266.0,SWISS LADDER 120,,,90,0,,,,35,A
369970278,2020-11-17T15:34:38,33.89372,-119.58083,0.6,33.1,266.0,SWISS LADDER 120,,,90,0,,,,35,A
369970278,2020-11-17T15:35:47,33.89390,-119.58070,0.7,28.2,262.0,SWISS LADDER 120,,,90,0,,,,35,A
369970278,2020-11-17T15:36:58,33.89411,-119.58057,0.7,22.4,259.0,SWISS LADDER 120,,,90,0,,,,35,A
369970278,2020-11-17T15:38:08,33.89431,-119.58046,0.7,28.1,249.0,SWISS LADDER 120,,,90,0,,,,35,A
369970278,2020-11-17T15:39:17,33.89451,-119.58036,0.7,21.0,242.0,SWISS LADDER 120,,,90,0,,,,35,A
369970278,2020-11-17T15:40:18,33.89468,-119.58028,0.6,20.0,243.0,SWISS LADDER 120,,,90,0,,,,35,A
369970278,2020-11-17T15:41:37,33.89492,-119.58017,0.7,25.1,243.0,SWISS LADDER 120,,,90,0,,,,35,A
369970278,2020-11-17T15:42:48,33.89514,-119.58006,0.7,22.5,243.0,SWISS LADDER 120,,,90,0,,,,35,A
369970278,2020-11-17T15:43:58,33.89534,-119.57997,0.7,16.6,241.0,SWISS LADDER 120,,,90,0,,,,35,A
369970278,2020-11-17T15:45:18,33.89554,-119.57984,0.7,20.9,241.0,SWISS LADDER 120,,,90,0,,,,35,A
369970278,2020-11-17T15:46:29,33.89572,-119.57974,0.5,30.6,239.0,SWISS LADDER 120,,,90,0,,,,35,A
369970278,2020-11-17T15:47:38,33.89587,-119.57964,0.5,28.5,237.0,SWISS LADDER 120,,,90,0,,,,35,A
369970278,2020-11-17T15:48:48,33.89604,-119.57955,0.6,25.6,236.0,SWISS LADDER 120,,,90,0,,,,35,A
369970278,2020-11-17T15:49:57,33.89620,-119.57946,0.6,31.9,237.0,SWISS LADDER 120,,,90,0,,,,35,A
369970278,2020-11-17T15:51:08,33.89637,-119.57936,0.5,22.2,237.0,SWISS LADDER 120,,,90,0,,,,35,A
369970278,2020-11-17T15:52:17,33.89652,-119.57927,0.5,22.4,237.0,SWISS LADDER 120,,,90,0,,,,35,A
369970278,2020-11-17T15:53:27,33.89667,-119.57918,0.5,31.8,236.0,SWISS LADDER 120,,,90,0,,,,35,A
369970278,2020-11-17T15:54:39,33.89682,-119.57911,0.4,36.0,238.0,SWISS LADDER 120,,,90,0,,,,35,A
369970278,2020-11-17T15:55:48,33.89695,-119.57903,0.4,27.0,238.0,SWISS LADDER 120,,,90,0,,,,35,A
369970278,2020-11-17T15:56:57,33.89708,-119.57896,0.4,31.7,243.0,SWISS LADDER 120,,,90,0,,,,35,A
369970278,2020-11-17T15:58:08,33.89723,-119.57887,0.5,30.2,247.0,SWISS LADDER 120,,,90,0,,,,35,A
369970278,2020-11-17T15:59:17,33.89736,-119.57876,0.5,37.5,249.0,SWISS LADDER 120,,,90,0,,,,35,A
369970278,2020-11-17T16:00:08,33.89745,-119.57867,0.6,30.4,248.0,SWISS LADDER 120,,,90,0,,,,35,A
369970278,2020-11-17T16:01:17,33.89759,-119.57855,0.6,26.2,248.0,SWISS LADDER 120,,,90,0,,,,35,A
369970278,2020-11-17T16:02:27,33.89771,-119.57844,0.5,24.9,239.0,SWISS LADDER 120,,,90,0,,,,35,A
369970278,2020-11-17T16:03:38,33.89786,-119.57833,0.6,35.8,241.0,SWISS LADDER 120,,,90,0,,,,35,A
369970278,2020-11-17T16:04:49,33.89800,-119.57819,0.6,30.3,248.0,SWISS LADDER 120,,,90,0,,,,35,A
369970278,2020-11-17T16:05:58,33.89812,-119.57806,0.5,41.1,249.0,SWISS LADDER 120,,,90,0,,,,35,A
369970278,2020-11-17T16:07:08,33.89825,-119.57794,0.5,43.0,241.0,SWISS LADDER 120,,,90,0,,,,35,A
369970278,2020-11-17T16:08:17,33.89840,-119.57783,0.5,25.7,236.0,SWISS LADDER 120,,,90,0,,,,35,A
369970278,2020-11-17T16:09:19,33.89851,-119.57773,0.4,42.9,236.0,SWISS LADDER 120,,,90,0,,,,35,A
369970278,2020-11-17T16:10:28,33.89863,-119.57762,0.5,33.2,240.0,SWISS LADDER 120,,,90,0,,,,35,A
369970278,2020-11-17T16:11:39,33.89877,-119.57751,0.5,31.2,239.0,SWISS LADDER 120,,,90,0,,,,35,A
369970278,2020-11-17T16:12:49,33.89890,-119.57740,0.5,25.7,235.0,SWISS LADDER 120,,,90,0,,,,35,A
369970278,2020-11-17T16:13:57,33.89901,-119.57727,0.4,44.6,239.0,SWISS LADDER 120,,,90,0,,,,35,A
369970278,2020-11-17T16:15:17,33.89915,-119.57712,0.6,38.2,249.0,SWISS LADDER 120,,,90,0,,,,35,A
369970278,2020-11-17T16:16:28,33.89928,-119.57697,0.5,40.4,255.0,SWISS LADDER 120,,,90,0,,,,35,A
369970278,2020-11-17T16:17:39,33.89941,-119.57682,0.5,55.5,262.0,SWISS LADDER 120,,,90,0,,,,35,A
369970278,2020-11-17T16:18:48,33.89954,-119.57667,0.5,51.7,266.0,SWISS LADDER 120,,,90,0,,,,35,A
369970278,2020-11-17T16:19:59,33.89965,-119.57650,0.5,53.4,269.0,SWISS LADDER 120,,,90,0,,,,35,A
369970278,2020-11-17T16:21:08,33.89975,-119.57634,0.5,53.8,270.0,SWISS LADDER 120,,,90,0,,,,35,A
369970278,2020-11-17T16:22:17,33.89987,-119.57618,0.5,51.7,264.0,SWISS LADDER 120,,,90,0,,,,35,A
369970278,2020-11-17T16:23:29,33.89999,-119.57601,0.5,52.4,261.0,SWISS LADDER 120,,,90,0,,,,35,A
369970278,2020-11-17T16:24:37,33.90011,-119.57586,0.5,49.4,258.0,SWISS LADDER 120,,,90,0,,,,35,A
369970278,2020-11-17T16:25:38,33.90020,-119.57572,0.5,56.7,259.0,SWISS LADDER 120,,,90,0,,,,35,A
369970278,2020-11-17T16:26:48,33.90033,-119.57557,0.6,39.0,258.0,SWISS LADDER 120,,,90,0,,,,35,A
369970278,2020-11-17T16:27:59,33.90045,-119.57541,0.6,43.4,261.0,SWISS LADDER 120,,,90,0,,,,35,A
369970278,2020-11-17T16:29:08,33.90056,-119.57524,0.6,49.0,265.0,SWISS LADDER 120,,,90,0,,,,35,A
369970278,2020-11-17T16:30:18,33.90068,-119.57507,0.5,55.0,271.0,SWISS LADDER 120,,,90,0,,,,35,A
369970278,2020-11-17T16:31:28,33.90078,-119.57491,0.5,51.7,274.0,SWISS LADDER 120,,,90,0,,,,35,A
369970278,2020-11-17T16:32:38,33.90089,-119.57475,0.4,56.1,278.0,SWISS LADDER 120,,,90,0,,,,35,A
369970278,2020-11-17T16:33:48,33.90101,-119.57460,0.5,46.4,275.0,SWISS LADDER 120,,,90,0,,,,35,A
369970278,2020-11-17T16:34:57,33.90113,-119.57445,0.5,50.1,274.0,SWISS LADDER 120,,,90,0,,,,35,A
369970278,2020-11-17T16:36:07,33.90124,-119.57430,0.5,47.5,272.0,SWISS LADDER 120,,,90,0,,,,35,A
369970278,2020-11-17T16:37:18,33.90138,-119.57412,0.6,50.0,268.0,SWISS LADDER 120,,,90,0,,,,35,A
369970278,2020-11-17T16:38:39,33.90152,-119.57392,0.6,43.6,264.0,SWISS LADDER 120,,,90,0,,,,35,A
369970278,2020-11-17T16:39:48,33.90164,-119.57376,0.6,42.2,256.0,SWISS LADDER 120,,,90,0,,,,35,A
369970278,2020-11-17T16:40:57,33.90177,-119.57362,0.5,43.1,252.0,SWISS LADDER 120,,,90,0,,,,35,A
369970278,2020-11-17T16:41:59,33.90188,-119.57348,0.6,46.4,254.0,SWISS LADDER 120,,,90,0,,,,35,A
369970278,2020-11-17T16:43:08,33.90201,-119.57333,0.6,50.1,259.0,SWISS LADDER 120,,,90,0,,,,35,A
369970278,2020-11-17T16:44:19,33.90215,-119.57315,0.6,48.8,257.0,SWISS LADDER 120,,,90,0,,,,35,A
369970278,2020-11-17T16:45:27,33.90226,-119.57300,0.5,52.4,255.0,SWISS LADDER 120,,,90,0,,,,35,A
369970278,2020-11-17T16:46:39,33.90239,-119.57286,0.5,43.1,257.0,SWISS LADDER 120,,,90,0,,,,35,A
369970278,2020-11-17T16:47:47,33.90252,-119.57273,0.5,44.0,260.0,SWISS LADDER 120,,,90,0,,,,35,A
369970278,2020-11-17T16:48:57,33.90266,-119.57259,0.5,36.9,259.0,SWISS LADDER 120,,,90,0,,,,35,A
369970278,2020-11-17T16:50:17,33.90279,-119.57245,0.5,44.7,258.0,SWISS LADDER 120,,,90,0,,,,35,A
369970278,2020-11-17T16:51:27,33.90290,-119.57232,0.4,50.4,259.0,SWISS LADDER 120,,,90,0,,,,35,A
369970278,2020-11-17T16:52:37,33.90300,-119.57219,0.5,47.9,264.0,SWISS LADDER 120,,,90,0,,,,35,A
369970278,2020-11-17T16:53:47,33.90311,-119.57206,0.5,38.3,269.0,SWISS LADDER 120,,,90,0,,,,35,A
369970278,2020-11-17T16:54:57,33.90321,-119.57191,0.4,62.3,273.0,SWISS LADDER 120,,,90,0,,,,35,A
369970278,2020-11-17T16:56:08,33.90330,-119.57176,0.5,49.0,272.0,SWISS LADDER 120,,,90,0,,,,35,A
369970278,2020-11-17T16:57:17,33.90340,-119.57163,0.4,55.2,265.0,SWISS LADDER 120,,,90,0,,,,35,A
369970278,2020-11-17T16:58:29,33.90349,-119.57151,0.3,45.0,264.0,SWISS LADDER 120,,,90,0,,,,35,A
369970278,2020-11-17T16:59:39,33.90359,-119.57141,0.4,39.0,261.0,SWISS LADDER 120,,,90,0,,,,35,A
369970278,2020-11-17T17:00:08,33.90362,-119.57136,0.4,45.7,260.0,SWISS LADDER 120,,,90,0,,,,35,A
369970278,2020-11-17T17:01:17,33.90371,-119.57126,0.4,40.7,261.0,SWISS LADDER 120,,,90,0,,,,35,A
369970278,2020-11-17T17:02:28,33.90381,-119.57116,0.4,32.6,256.0,SWISS LADDER 120,,,90,0,,,,35,A
369970278,2020-11-17T17:03:39,33.90391,-119.57107,0.4,12.6,253.0,SWISS LADDER 120,,,90,0,,,,35,A
369970278,2020-11-17T17:04:47,33.90400,-119.57098,0.3,55.6,253.0,SWISS LADDER 120,,,90,0,,,,35,A
369970278,2020-11-17T17:05:57,33.90410,-119.57088,0.3,41.1,257.0,SWISS LADDER 120,,,90,0,,,,35,A
369970278,2020-11-17T17:07:09,33.90421,-119.57077,0.5,33.8,258.0,SWISS LADDER 120,,,90,0,,,,35,A
369970278,2020-11-17T17:08:19,33.90432,-119.57067,0.4,44.0,255.0,SWISS LADDER 120,,,90,0,,,,35,A
369970278,2020-11-17T17:09:28,33.90441,-119.57057,0.4,43.6,252.0,SWISS LADDER 120,,,90,0,,,,35,A
369970278,2020-11-17T17:10:38,33.90449,-119.57048,0.3,61.5,248.0,SWISS LADDER 120,,,90,0,,,,35,A
369970278,2020-11-17T17:11:39,33.90454,-119.57041,0.3,60.7,249.0,SWISS LADDER 120,,,90,0,,,,35,A
369970278,2020-11-17T17:12:48,33.90462,-119.57033,0.3,45.0,254.0,SWISS LADDER 120,,,90,0,,,,35,A
369970278,2020-11-17T17:13:57,33.90469,-119.57026,0.4,34.1,255.0,SWISS LADDER 120,,,90,0,,,,35,A
369970278,2020-11-17T17:15:08,33.90477,-119.57017,0.3,39.2,256.0,SWISS LADDER 120,,,90,0,,,,35,A
369970278,2020-11-17T17:16:17,33.90484,-119.57008,0.3,44.6,260.0,SWISS LADDER 120,,,90,0,,,,35,A
369970278,2020-11-17T17:17:18,33.90489,-119.57011,1.7,267.3,264.0,SWISS LADDER 120,,,90,0,,,,35,A
369970278,2020-11-17T17:18:22,33.90450,-119.57184,6.9,245.2,244.0,SWISS LADDER 120,,,90,0,,,,35,A
369970278,2020-11-17T17:19:24,33.90302,-119.57361,7.5,208.9,206.0,SWISS LADDER 120,,,90,0,,,,35,A
369970278,2020-11-17T17:20:25,33.90093,-119.57381,8.0,165.0,163.0,SWISS LADDER 120,,,90,0,,,,35,A
369970278,2020-11-17T17:21:28,33.89881,-119.57244,8.2,145.7,147.0,SWISS LADDER 120,,,90,0,,,,35,A
369970278,2020-11-17T17:22:39,33.89665,-119.57061,8.1,143.8,146.0,SWISS LADDER 120,,,90,0,,,,35,A
369970278,2020-11-17T17:23:48,33.89449,-119.56877,8.1,145.5,147.0,SWISS LADDER 120,,,90,0,,,,35,A
369970278,2020-11-17T17:24:58,33.89233,-119.56698,8.1,145.4,147.0,SWISS LADDER 120,,,90,0,,,,35,A
369970278,2020-11-17T17:25:59,33.89053,-119.56538,7.9,134.4,131.0,SWISS LADDER 120,,,90,0,,,,35,A
369970278,2020-11-17T17:27:08,33.88900,-119.56282,8.1,123.6,126.0,SWISS LADDER 120,,,90,0,,,,35,A
369970278,2020-11-17T17:28:18,33.88753,-119.56022,8.1,123.7,127.0,SWISS LADDER 120,,,90,0,,,,35,A
369970278,2020-09-28T15:45:25,33.89199,-119.55838,0.2,300.5,309.0,SWISS LADDER 120,,,90,0,,,,35,A
369970278,2020-09-28T15:46:36,33.89204,-119.55840,0.2,0.9,312.0,SWISS LADDER 120,,,90,0,,,,35,A
369970278,2020-09-28T15:47:46,33.89210,-119.55842,0.2,356.5,312.0,SWISS LADDER 120,,,90,0,,,,35,A
369970278,2020-09-28T15:49:56,33.89223,-119.55845,0.3,358.9,314.0,SWISS LADDER 120,,,90,0,,,,35,A
369970278,2020-09-28T15:51:06,33.89230,-119.55845,0.2,338.5,316.0,SWISS LADDER 120,,,90,0,,,,35,A
369970278,2020-09-28T15:52:16,33.89237,-119.55847,0.2,342.1,316.0,SWISS LADDER 120,,,90,0,,,,35,A
369970278,2020-09-28T15:54:16,33.89248,-119.55847,0.3,349.2,315.0,SWISS LADDER 120,,,90,0,,,,35,A
369970278,2020-09-28T15:56:16,33.89258,-119.55849,0.2,0.9,313.0,SWISS LADDER 120,,,90,0,,,,35,A
369970278,2020-09-28T15:58:15,33.89268,-119.55853,0.2,327.7,312.0,SWISS LADDER 120,,,90,0,,,,35,A
369970278,2020-09-28T15:59:36,33.89275,-119.55856,0.3,357.7,310.0,SWISS LADDER 120,,,90,0,,,,35,A
369970278,2020-09-28T16:00:06,33.89278,-119.55857,0.2,343.7,308.0,SWISS LADDER 120,,,90,0,,,,35,A
369970278,2020-09-28T16:01:15,33.89284,-119.55860,0.2,351.3,306.0,SWISS LADDER 120,,,90,0,,,,35,A
369970278,2020-09-28T16:02:17,33.89290,-119.55864,0.2,331.0,305.0,SWISS LADDER 120,,,90,0,,,,35,A
369970278,2020-09-28T16:03:26,33.89295,-119.55867,0.2,346.2,305.0,SWISS LADDER 120,,,90,0,,,,35,A
369970278,2020-09-28T16:04:36,33.89301,-119.55870,0.2,323.9,306.0,SWISS LADDER 120,,,90,0,,,,35,A
369970278,2020-09-28T16:05:46,33.89307,-119.55874,0.2,321.7,307.0,SWISS LADDER 120,,,90,0,,,,35,A
369970278,2020-09-28T16:06:55,33.89312,-119.55876,0.1,335.5,309.0,SWISS LADDER 120,,,90,0,,,,35,A
369970278,2020-09-28T16:08:06,33.89317,-119.55879,0.2,342.5,312.0,SWISS LADDER 120,,,90,0,,,,35,A
369970278,2020-09-28T16:09:16,33.89322,-119.55882,0.2,297.9,313.0,SWISS LADDER 120,,,90,0,,,,35,A
369970278,2020-09-28T16:10:26,33.89329,-119.55884,0.2,346.8,312.0,SWISS LADDER 120,,,90,0,,,,35,A
369970278,2020-09-28T16:11:27,33.89333,-119.55887,0.2,347.3,312.0,SWISS LADDER 120,,,90,0,,,,35,A
369970278,2020-09-28T16:13:06,33.89340,-119.55892,0.2,338.1,312.0,SWISS LADDER 120,,,90,0,,,,35,A
369970278,2020-09-28T16:14:16,33.89345,-119.55895,0.1,322.3,313.0,SWISS LADDER 120,,,90,0,,,,35,A
369970278,2020-09-28T16:15:45,33.89352,-119.55898,0.1,314.7,316.0,SWISS LADDER 120,,,90,0,,,,35,A
369970278,2020-09-28T16:17:26,33.89360,-119.55898,0.3,24.6,326.0,SWISS LADDER 120,,,90,0,,,,35,A
369970278,2020-09-28T16:18:45,33.89366,-119.55895,0.2,3.6,333.0,SWISS LADDER 120,,,90,0,,,,35,A
369970278,2020-09-28T16:19:57,33.89372,-119.55895,0.2,12.3,334.0,SWISS LADDER 120,,,90,0,,,,35,A
369970278,2020-09-28T16:21:26,33.89380,-119.55897,0.2,330.3,334.0,SWISS LADDER 120,,,90,0,,,,35,A
369970278,2020-09-28T16:22:36,33.89385,-119.55898,0.3,14.9,335.0,SWISS LADDER 120,,,90,0,,,,35,A
369970278,2020-09-28T16:24:36,33.89394,-119.55901,0.2,354.3,329.0,SWISS LADDER 120,,,90,0,,,,35,A
369970278,2020-09-28T16:25:45,33.89400,-119.55903,0.2,313.2,325.0,SWISS LADDER 120,,,90,0,,,,35,A
369970278,2020-09-28T16:27:16,33.89407,-119.55904,0.2,326.0,319.0,SWISS LADDER 120,,,90,0,,,,35,A
369970278,2020-09-28T16:28:25,33.89413,-119.55906,0.2,351.9,317.0,SWISS LADDER 120,,,90,0,,,,35,A
369970278,2020-09-28T16:30:16,33.89423,-119.55908,0.3,2.9,320.0,SWISS LADDER 120,,,90,0,,,,35,A
369970278,2020-09-28T16:31:25,33.89432,-119.55909,0.2,355.7,321.0,SWISS LADDER 120,,,90,0,,,,35,A
369970278,2020-09-28T16:32:36,33.89439,-119.55910,0.2,336.8,321.0,SWISS LADDER 120,,,90,0,,,,35,A
369970278,2020-09-28T16:34:16,33.89450,-119.55912,0.2,330.5,320.0,SWISS LADDER 120,,,90,0,,,,35,A
369970278,2020-09-28T16:35:25,33.89457,-119.55914,0.2,338.6,318.0,SWISS LADDER 120,,,90,0,,,,35,A
369970278,2020-09-28T16:36:26,33.89461,-119.55914,0.1,345.0,319.0,SWISS LADDER 120,,,90,0,,,,35,A
369970278,2020-09-28T16:37:46,33.89468,-119.55913,0.2,7.1,322.0,SWISS LADDER 120,,,90,0,,,,35,A
369970278,2020-09-28T16:38:57,33.89473,-119.55911,0.2,1.1,326.0,SWISS LADDER 120,,,90,0,,,,35,A
369970278,2020-09-28T16:41:45,33.89487,-119.55906,0.3,23.6,331.0,SWISS LADDER 120,,,90,0,,,,35,A
369970278,2020-09-28T16:43:45,33.89498,-119.55905,0.2,19.5,329.0,SWISS LADDER 120,,,90,0,,,,35,A
369970278,2020-09-28T16:44:55,33.89503,-119.55904,0.1,359.7,329.0,SWISS LADDER 120,,,90,0,,,,35,A
369970278,2020-09-28T16:47:26,33.89518,-119.55901,0.2,8.2,329.0,SWISS LADDER 120,,,90,0,,,,35,A
369970278,2020-09-28T16:48:55,33.89527,-119.55899,0.1,6.1,324.0,SWISS LADDER 120,,,90,0,,,,35,A
369970278,2020-09-28T16:50:07,33.89535,-119.55899,0.2,13.7,319.0,SWISS LADDER 120,,,90,0,,,,35,A
369970278,2020-09-28T16:51:56,33.89548,-119.55898,0.2,347.1,317.0,SWISS LADDER 120,,,90,0,,,,35,A
369970278,2020-09-28T16:54:05,33.89564,-119.55896,0.2,353.3,318.0,SWISS LADDER 120,,,90,0,,,,35,A
369970278,2020-09-28T16:56:05,33.89577,-119.55893,0.2,5.9,318.0,SWISS LADDER 120,,,90,0,,,,35,A
369970278,2020-09-28T16:58:16,33.89592,-119.55890,0.3,2.3,323.0,SWISS LADDER 120,,,90,0,,,,35,A
369970278,2020-09-28T16:59:25,33.89601,-119.55889,0.3,359.5,325.0,SWISS LADDER 120,,,90,0,,,,35,A
369970278,2020-09-28T17:00:07,33.89607,-119.55889,0.4,10.9,324.0,SWISS LADDER 120,,,90,0,,,,35,A
369970278,2020-09-28T17:01:15,33.89617,-119.55888,0.4,5.6,322.0,SWISS LADDER 120,,,90,0,,,,35,A
369970278,2020-09-28T17:02:26,33.89627,-119.55887,0.3,6.9,321.0,SWISS LADDER 120,,,90,0,,,,35,A
369970278,2020-09-28T17:03:36,33.89638,-119.55886,0.3,3.9,321.0,SWISS LADDER 120,,,90,0,,,,35,A
369970278,2020-09-28T17:04:46,33.89649,-119.55884,0.4,12.2,319.0,SWISS LADDER 120,,,90,0,,,,35,A
369970278,2020-09-28T17:05:47,33.89658,-119.55883,0.4,12.2,321.0,SWISS LADDER 120,,,90,0,,,,35,A
369970278,2020-09-28T17:07:05,33.89671,-119.55880,0.4,13.9,326.0,SWISS LADDER 120,,,90,0,,,,35,A
369970278,2020-09-28T17:08:06,33.89681,-119.55878,0.3,358.1,326.0,SWISS LADDER 120,,,90,0,,,,35,A
369970278,2020-09-28T17:09:25,33.89695,-119.55873,0.4,13.6,329.0,SWISS LADDER 120,,,90,0,,,,35,A
369970278,2020-09-28T17:10:55,33.89710,-119.55870,0.3,0.1,330.0,SWISS LADDER 120,,,90,0,,,,35,A
369970278,2020-09-28T17:12:25,33.89725,-119.55865,0.4,29.2,332.0,SWISS LADDER 120,,,90,0,,,,35,A
369970278,2020-09-28T17:13:35,33.89735,-119.55861,0.4,20.4,332.0,SWISS LADDER 120,,,90,0,,,,35,A
369970278,2020-09-28T17:14:46,33.89745,-119.55856,0.3,21.5,335.0,SWISS LADDER 120,,,90,0,,,,35,A
369970278,2020-09-28T17:15:55,33.89753,-119.55851,0.4,29.9,335.0,SWISS LADDER 120,,,90,0,,,,35,A
369970278,2020-09-28T17:17:35,33.89765,-119.55843,0.3,19.7,335.0,SWISS LADDER 120,,,90,0,,,,35,A
369970278,2020-09-28T17:18:55,33.89774,-119.55837,0.3,27.5,332.0,SWISS LADDER 120,,,90,0,,,,35,A
369970278,2020-04-14T15:06:57,33.88940,-119.56049,9.8,268.1,281.0,SWISS LADDER 120,,,90,0,,,,35,A
369970278,2020-04-14T15:08:02,33.89058,-119.56266,6.1,319.0,319.0,SWISS LADDER 120,,,90,0,,,,35,A
369970278,2020-04-14T15:09:24,33.89256,-119.56403,5.9,328.4,322.0,SWISS LADDER 120,,,90,0,,,,35,A
369970278,2020-04-14T15:10:34,33.89419,-119.56521,6.1,333.9,334.0,SWISS LADDER 120,,,90,0,,,,35,A
369970278,2020-04-14T15:11:35,33.89577,-119.56610,6.1,331.9,329.0,SWISS LADDER 120,,,90,0,,,,35,A
369970278,2020-04-14T15:12:44,33.89697,-119.56671,2.5,341.2,338.0,SWISS LADDER 120,,,90,0,,,,35,A
369970278,2020-04-14T15:13:54,33.89753,-119.56682,1.5,359.1,342.0,SWISS LADDER 120,,,90,0,,,,35,A
369970278,2020-04-14T15:15:04,33.89795,-119.56682,1.1,0.7,332.0,SWISS LADDER 120,,,90,0,,,,35,A
369970278,2020-04-14T15:16:15,33.89830,-119.56681,1.0,0.4,320.0,SWISS LADDER 120,,,90,0,,,,35,A
369970278,2020-04-14T15:17:25,33.89860,-119.56678,1.0,14.6,311.0,SWISS LADDER 120,,,90,0,,,,35,A
369970278,2020-04-14T15:18:35,33.89894,-119.56679,1.2,353.9,311.0,SWISS LADDER 120,,,90,0,,,,35,A
369970278,2020-04-14T15:20:34,33.89954,-119.56686,1.2,0.8,319.0,SWISS LADDER 120,,,90,0,,,,35,A
369970278,2020-04-14T15:22:34,33.90013,-119.56698,1.0,341.3,310.0,SWISS LADDER 120,,,90,0,,,,35,A
369970278,2020-04-14T15:23:44,33.90047,-119.56707,1.1,345.9,318.0,SWISS LADDER 120,,,90,0,,,,35,A
369970278,2020-04-14T15:25:35,33.90103,-119.56721,1.2,358.5,320.0,SWISS LADDER 120,,,90,0,,,,35,A
369970278,2020-04-14T15:27:14,33.90155,-119.56733,1.1,342.4,314.0,SWISS LADDER 120,,,90,0,,,,35,A
369970278,2020-04-14T15:28:24,33.90192,-119.56743,1.1,342.1,314.0,SWISS LADDER 120,,,90,0,,,,35,A
369970278,2020-04-14T15:29:35,33.90229,-119.56751,1.2,350.2,309.0,SWISS LADDER 120,,,90,0,,,,35,A
369970278,2020-04-14T15:30:45,33.90266,-119.56761,1.1,338.9,311.0,SWISS LADDER 120,,,90,0,,,,35,A
369970278,2020-04-14T15:31:54,33.90303,-119.56768,1.2,354.2,317.0,SWISS LADDER 120,,,90,0,,,,35,A
369970278,2020-04-14T15:33:04,33.90341,-119.56775,1.1,343.4,318.0,SWISS LADDER 120,,,90,0,,,,35,A
369970278,2020-04-14T15:34:15,33.90378,-119.56781,1.1,349.0,316.0,SWISS LADDER 120,,,90,0,,,,35,A
369970278,2020-04-14T15:35:25,33.90415,-119.56788,1.2,353.6,314.0,SWISS LADDER 120,,,90,0,,,,35,A
369970278,2020-04-14T15:36:34,33.90451,-119.56794,1.2,0.1,316.0,SWISS LADDER 120,,,90,0,,,,35,A
369970278,2020-04-14T15:37:44,33.90489,-119.56798,1.2,355.9,319.0,SWISS LADDER 120,,,90,0,,,,35,A
369970278,2020-04-14T15:39:47,33.90611,-119.56914,5.5,294.4,280.0,SWISS LADDER 120,,,90,0,,,,35,A
369970278,2020-04-14T15:40:50,33.90580,-119.57086,5.8,227.0,215.0,SWISS LADDER 120,,,90,0,,,,35,A
369970278,2020-04-14T15:41:58,33.90401,-119.57073,5.4,135.4,131.0,SWISS LADDER 120,,,90,0,,,,35,A
369970278,2020-04-14T15:43:01,33.90380,-119.56981,1.8,85.3,104.0,SWISS LADDER 120,,,90,0,,,,35,A
369970278,2020-04-14T15:45:05,33.90403,-119.56891,1.2,65.2,108.0,SWISS LADDER 120,,,90,0,,,,35,A
369970278,2020-04-14T15:46:34,33.90421,-119.56837,1.2,64.0,113.0,SWISS LADDER 120,,,90,0,,,,35,A
369970278,2020-04-14T15:48:05,33.90436,-119.56784,1.1,71.2,127.0,SWISS LADDER 120,,,90,0,,,,35,A
369970278,2020-04-14T15:49:44,33.90447,-119.56729,0.9,81.0,132.0,SWISS LADDER 120,,,90,0,,,,35,A
369970278,2020-04-14T15:52:14,33.90459,-119.56649,1.1,80.0,134.0,SWISS LADDER 120,,,90,0,,,,35,A
369970278,2020-04-14T15:54:05,33.90465,-119.56586,0.9,87.2,143.0,SWISS LADDER 120,,,90,0,,,,35,A
369970278,2020-04-14T15:55:14,33.90468,-119.56549,1.0,87.5,147.0,SWISS LADDER 120,,,90,0,,,,35,A
369970278,2020-04-14T15:57:05,33.90467,-119.56493,1.0,94.7,156.0,SWISS LADDER 120,,,90,0,,,,35,A
369970278,2020-04-14T15:58:15,33.90464,-119.56460,0.7,105.1,160.0,SWISS LADDER 120,,,90,0,,,,35,A
369970278,2020-04-14T15:59:25,33.90461,-119.56427,0.8,98.1,166.0,SWISS LADDER 120,,,90,0,,,,35,A
369970278,2020-04-14T16:00:05,33.90460,-119.56409,0.6,101.3,167.0,SWISS LADDER 120,,,90,0,,,,35,A
369970278,2020-04-14T16:01:15,33.90455,-119.56379,0.6,110.1,168.0,SWISS LADDER 120,,,90,0,,,,35,A
369970278,2020-04-14T16:02:24,33.90450,-119.56352,0.9,100.8,167.0,SWISS LADDER 120,,,90,0,,,,35,A
369970278,2020-04-14T16:03:35,33.90444,-119.56322,0.9,97.6,169.0,SWISS LADDER 120,,,90,0,,,,35,A
369970278,2020-04-14T16:04:45,33.90438,-119.56294,0.9,101.2,169.0,SWISS LADDER 120,,,90,0,,,,35,A
369970278,2020-04-14T16:05:54,33.90432,-119.56264,0.8,103.1,163.0,SWISS LADDER 120,,,90,0,,,,35,A
369970278,2020-04-14T16:07:05,33.90427,-119.56232,0.7,105.5,166.0,SWISS LADDER 120,,,90,0,,,,35,A
369970278,2020-04-14T16:08:14,33.90423,-119.56204,0.8,100.6,168.0,SWISS LADDER 120,,,90,0,,,,35,A
369970278,2020-04-14T16:09:24,33.90419,-119.56175,0.9,99.9,170.0,SWISS LADDER 120,,,90,0,,,,35,A
369970278,2020-04-14T16:10:35,33.90414,-119.56145,0.6,105.9,170.0,SWISS LADDER 120,,,90,0,,,,35,A
369970278,2020-04-14T16:11:44,33.90411,-119.56116,0.8,96.7,173.0,SWISS LADDER 120,,,90,0,,,,35,A
369970278,2020-04-14T16:13:14,33.90407,-119.56079,0.8,97.7,175.0,SWISS LADDER 120,,,90,0,,,,35,A
369970278,2020-04-14T16:14:54,33.90403,-119.56040,0.9,95.3,173.0,SWISS LADDER 120,,,90,0,,,,35,A
369970278,2020-04-14T16:15:55,33.90400,-119.56015,0.8,100.0,170.0,SWISS LADDER 120,,,90,0,,,,35,A
369970278,2020-04-14T16:17:44,33.90396,-119.55967,0.7,97.9,171.0,SWISS LADDER 120,,,90,0,,,,35,A
369970278,2020-04-14T16:19:25,33.90389,-119.55925,0.7,106.5,172.0,SWISS LADDER 120,,,90,0,,,,35,A
369970278,2020-04-14T16:20:55,33.90383,-119.55887,0.7,102.7,175.0,SWISS LADDER 120,,,90,0,,,,35,A
369970278,2020-04-14T16:22:04,33.90378,-119.55858,0.7,107.1,177.0,SWISS LADDER 120,,,90,0,,,,35,A
369970278,2020-04-14T18:13:28,33.88221,-119.55865,1.2,66.4,160.0,SWISS LADDER 120,,,90,0,,,,35,A
369970278,2020-04-14T19:46:06,33.88640,-119.55896,1.3,124.3,165.0,SWISS LADDER 120,,,90,0,,,,35,A
369970278,2020-04-14T19:47:12,33.88628,-119.55848,1.3,100.6,165.0,SWISS LADDER 120,,,90,0,,,,35,A
369970278,2020-01-27T16:30:04,33.91697,-119.57355,5.4,128.9,132.0,SWISS LADDER 120,,,90,0,,,,35,A
369970278,2020-01-27T16:31:34,33.91558,-119.57142,5.3,128.8,132.0,SWISS LADDER 120,,,90,0,,,,35,A
369970278,2020-01-27T16:32:45,33.91446,-119.56972,5.4,128.4,132.0,SWISS LADDER 120,,,90,0,,,,35,A
369970278,2020-01-27T16:33:54,33.91343,-119.56808,5.4,127.9,132.0,SWISS LADDER 120,,,90,0,,,,35,A
369970278,2020-01-27T16:37:15,33.91023,-119.56330,5.6,129.5,133.0,SWISS LADDER 120,,,90,0,,,,35,A
369970278,2020-01-27T16:39:15,33.90834,-119.56045,5.2,128.7,131.0,SWISS LADDER 120,,,90,0,,,,35,A
369970278,2020-01-27T17:06:25,33.88705,-119.56111,7.8,259.1,260.0,SWISS LADDER 120,,,90,0,,,,35,A
369970278,2020-01-27T17:07:36,33.88655,-119.56410,7.7,259.2,260.0,SWISS LADDER 120,,,90,0,,,,35,A
369970278,2020-01-27T17:08:45,33.88607,-119.56704,8.0,258.3,260.0,SWISS LADDER 120,,,90,0,,,,35,A
369970278,2020-01-27T17:09:54,33.88558,-119.56993,7.7,259.9,261.0,SWISS LADDER 120,,,90,0,,,,35,A
369970278,2020-01-27T17:11:45,33.88481,-119.57473,8.0,258.2,259.0,SWISS LADDER 120,,,90,0,,,,35,A
369970278,2020-01-27T17:13:19,33.88453,-119.57857,6.3,307.2,329.0,SWISS LADDER 120,,,90,0,,,,35,A
369970278,2020-01-27T17:14:31,33.88590,-119.57717,6.2,79.5,82.0,SWISS LADDER 120,,,90,0,,,,35,A
369970278,2020-01-27T17:15:35,33.88621,-119.57526,5.3,78.8,81.0,SWISS LADDER 120,,,90,0,,,,35,A
369970278,2020-01-27T17:16:44,33.88654,-119.57325,5.5,79.2,82.0,SWISS LADDER 120,,,90,0,,,,35,A
369970278,2020-01-27T17:18:44,33.88711,-119.56972,5.4,80.4,82.0,SWISS LADDER 120,,,90,0,,,,35,A
369970278,2020-01-27T17:20:45,33.88770,-119.56612,5.4,77.9,81.0,SWISS LADDER 120,,,90,0,,,,35,A
369970278,2020-01-27T17:21:55,33.88804,-119.56410,5.3,79.3,81.0,SWISS LADDER 120,,,90,0,,,,35,A
369970278,2020-01-27T17:23:05,33.88840,-119.56200,5.5,79.7,81.0,SWISS LADDER 120,,,90,0,,,,35,A
369970278,2020-01-27T17:24:45,33.88890,-119.55905,5.4,79.3,80.0,SWISS LADDER 120,,,90,0,,,,35,A
369970278,2020-01-27T18:03:45,33.89374,-119.56003,6.2,265.9,267.0,SWISS LADDER 120,,,90,0,,,,35,A
369970278,2020-01-27T18:04:55,33.89363,-119.56254,6.2,268.9,269.0,SWISS LADDER 120,,,90,0,,,,35,A
369970278,2020-01-27T18:06:15,33.89309,-119.56490,5.7,251.7,253.0,SWISS LADDER 120,,,90,0,,,,35,A
369970278,2020-01-27T18:07:24,33.89251,-119.56698,5.7,250.4,252.0,SWISS LADDER 120,,,90,0,,,,35,A
369970278,2020-01-27T18:08:34,33.89192,-119.56902,5.4,250.8,252.0,SWISS LADDER 120,,,90,0,,,,35,A
369970278,2020-01-27T18:09:45,33.89135,-119.57110,5.6,251.8,253.0,SWISS LADDER 120,,,90,0,,,,35,A
369970278,2020-01-27T18:10:55,33.89077,-119.57316,5.6,252.3,253.0,SWISS LADDER 120,,,90,0,,,,35,A
369970278,2020-01-27T18:12:34,33.88990,-119.57614,5.6,248.9,252.0,SWISS LADDER 120,,,90,0,,,,35,A
369970278,2020-01-27T18:13:45,33.88930,-119.57822,5.7,250.7,253.0,SWISS LADDER 120,,,90,0,,,,35,A
369970278,2020-01-27T18:15:39,33.88792,-119.57584,10.7,50.8,53.0,SWISS LADDER 120,,,90,0,,,,35,A
369970278,2020-01-27T18:16:49,33.88845,-119.57485,1.2,214.0,51.0,SWISS LADDER 120,,,90,0,,,,35,A
369970278,2020-01-27T18:18:34,33.88819,-119.57487,3.3,87.2,86.0,SWISS LADDER 120,,,90,0,,,,35,A
369970278,2020-01-27T18:19:45,33.88867,-119.57372,2.5,44.2,32.0,SWISS LADDER 120,,,90,0,,,,35,A
369970278,2020-01-27T18:20:52,33.89027,-119.57458,7.9,289.8,273.0,SWISS LADDER 120,,,90,0,,,,35,A
369970278,2020-01-27T18:22:37,33.88832,-119.57913,10.2,221.9,213.0,SWISS LADDER 120,,,90,0,,,,35,A
369970278,2020-01-27T18:23:45,33.88388,-119.57951,15.9,182.7,185.0,SWISS LADDER 120,,,90,0,,,,35,A
369970278,2020-01-27T19:02:29,33.88220,-119.56630,19.6,31.8,36.0,SWISS LADDER 120,,,90,0,,,,35,A
369970278,2020-01-27T19:03:35,33.88731,-119.56259,19.4,26.1,26.0,SWISS LADDER 120,,,90,0,,,,35,A
369970278,2020-01-27T19:04:41,33.89246,-119.55912,19.6,29.8,29.0,SWISS LADDER 120,,,90,0,,,,35,A
376404000,2020-10-16T04:15:57,33.88502,-119.56018,11.0,245.0,246.0,NAUTILUS,IMO6711883,J8B3605,90,0,64,10,5.0,90,A
376404000,2020-10-16T04:16:58,33.88373,-119.56357,10.9,245.0,246.0,NAUTILUS,IMO6711883,J8B3605,90,0,64,10,5.0,90,A
376404000,2020-10-16T04:18:07,33.88228,-119.56737,10.8,245.0,247.0,NAUTILUS,IMO6711883,J8B3605,90,0,64,10,5.0,90,A
338172203,2020-10-12T18:48:32,33.90793,-119.59986,19.6,279.3,511.0,MADISON THERESE,,,37,,,,,,B
366875820,2019-12-19T21:44:50,33.89562,-119.55961,3.1,69.2,511.0,SHEARWATER,,WDB2424,90,0,,,,0,A
366875820,2019-12-19T21:43:31,33.89534,-119.56099,3.3,83.1,511.0,SHEARWATER,,WDB2424,90,0,,,,0,A
366875820,2019-12-19T21:40:22,33.89498,-119.56417,2.5,85.4,511.0,SHEARWATER,,WDB2424,90,0,,,,0,A
366875820,2019-12-19T21:37:41,33.89473,-119.56641,1.9,66.0,511.0,SHEARWATER,,WDB2424,90,0,,,,0,A
366875820,2019-12-19T21:36:22,33.89456,-119.56694,1.0,54.7,511.0,SHEARWATER,,WDB2424,90,0,,,,0,A
366875820,2019-12-19T21:33:42,33.89438,-119.56723,0.8,43.7,511.0,SHEARWATER,,WDB2424,90,0,,,,0,A
366875820,2019-12-19T21:32:31,33.89428,-119.56734,0.5,70.0,511.0,SHEARWATER,,WDB2424,90,0,,,,0,A
366875820,2019-12-19T21:31:11,33.89427,-119.56740,0.3,14.9,511.0,SHEARWATER,,WDB2424,90,0,,,,0,A
366875820,2019-12-19T21:29:11,33.89424,-119.56747,0.8,60.2,511.0,SHEARWATER,,WDB2424,90,0,,,,0,A
366875820,2019-12-19T21:28:02,33.89411,-119.56769,1.1,55.7,511.0,SHEARWATER,,WDB2424,90,0,,,,0,A
366875820,2019-12-19T21:25:02,33.89373,-119.56838,0.9,48.0,511.0,SHEARWATER,,WDB2424,90,0,,,,0,A
366875820,2019-12-19T21:23:51,33.89351,-119.56879,0.8,75.1,511.0,SHEARWATER,,WDB2424,90,0,,,,0,A
366875820,2019-12-19T21:22:00,33.89343,-119.56890,0.3,65.1,511.0,SHEARWATER,,WDB2424,90,0,,,,0,A
366875820,2019-12-19T21:20:42,33.89340,-119.56897,0.2,195.7,511.0,SHEARWATER,,WDB2424,90,0,,,,0,A
366875820,2019-12-19T21:19:01,33.89342,-119.56896,0.5,62.7,511.0,SHEARWATER,,WDB2424,90,0,,,,0,A
366875820,2019-12-19T21:17:41,33.89323,-119.56936,1.8,63.6,511.0,SHEARWATER,,WDB2424,90,0,,,,0,A
366875820,2019-12-19T21:15:30,33.89302,-119.56981,1.1,60.4,511.0,SHEARWATER,,WDB2424,90,0,,,,0,A
366875820,2019-12-19T21:14:22,33.89287,-119.57019,0.6,62.4,511.0,SHEARWATER,,WDB2424,90,0,,,,0,A
366875820,2019-12-19T21:12:22,33.89260,-119.57106,0.8,55.5,511.0,SHEARWATER,,WDB2424,90,0,,,,0,A
366875820,2019-12-19T21:11:21,33.89258,-119.57111,0.2,66.5,511.0,SHEARWATER,,WDB2424,90,0,,,,0,A
366875820,2019-12-19T21:09:31,33.89256,-119.57121,0.6,352.4,511.0,SHEARWATER,,WDB2424,90,0,,,,0,A
366875820,2019-12-19T21:08:21,33.89254,-119.57125,0.3,24.5,511.0,SHEARWATER,,WDB2424,90,0,,,,0,A
366875820,2019-12-19T21:07:02,33.89240,-119.57156,1.8,67.0,511.0,SHEARWATER,,WDB2424,90,0,,,,0,A
366875820,2019-12-19T21:05:51,33.89223,-119.57201,1.7,64.3,511.0,SHEARWATER,,WDB2424,90,0,,,,0,A
366875820,2019-12-19T21:04:41,33.89204,-119.57249,1.2,59.4,511.0,SHEARWATER,,WDB2424,90,0,,,,0,A
366875820,2019-12-19T21:03:31,33.89179,-119.57307,1.4,61.6,511.0,SHEARWATER,,WDB2424,90,0,,,,0,A
366875820,2019-12-19T21:02:21,33.89167,-119.57332,0.2,21.8,511.0,SHEARWATER,,WDB2424,90,0,,,,0,A
366875820,2019-12-19T21:01:12,33.89165,-119.57335,0.2,200.4,511.0,SHEARWATER,,WDB2424,90,0,,,,0,A
366875820,2019-12-19T21:00:00,33.89169,-119.57331,0.4,240.9,511.0,SHEARWATER,,WDB2424,90,0,,,,0,A
366875820,2019-12-19T20:59:01,33.89173,-119.57318,0.1,165.0,511.0,SHEARWATER,,WDB2424,90,0,,,,0,A
366875820,2019-12-19T20:57:42,33.89179,-119.57315,0.2,218.5,511.0,SHEARWATER,,WDB2424,90,0,,,,0,A
366875820,2019-12-19T20:56:11,33.89186,-119.57307,0.4,226.6,511.0,SHEARWATER,,WDB2424,90,0,,,,0,A
366875820,2019-12-19T20:54:21,33.89197,-119.57287,0.8,235.5,511.0,SHEARWATER,,WDB2424,90,0,,,,0,A
366875820,2019-12-19T20:53:01,33.89205,-119.57266,0.3,187.8,511.0,SHEARWATER,,WDB2424,90,0,,,,0,A
366875820,2019-12-19T20:51:51,33.89212,-119.57265,0.5,171.7,511.0,SHEARWATER,,WDB2424,90,0,,,,0,A
366875820,2019-12-19T20:50:41,33.89222,-119.57270,0.1,149.3,511.0,SHEARWATER,,WDB2424,90,0,,,,0,A
366875820,2019-12-19T20:47:41,33.89209,-119.57321,3.4,64.9,511.0,SHEARWATER,,WDB2424,90,0,,,,0,A
366875820,2019-12-19T20:45:30,33.89311,-119.57397,3.8,329.9,511.0,SHEARWATER,,WDB2424,90,0,,,,0,A
366875820,2019-12-19T20:43:30,33.89402,-119.57132,9.5,230.1,511.0,SHEARWATER,,WDB2424,90,0,,,,0,A
366875820,2019-12-19T20:41:42,33.89476,-119.56853,4.0,263.3,511.0,SHEARWATER,,WDB2424,90,0,,,,0,A
366875820,2019-12-19T20:40:21,33.89489,-119.56663,4.1,263.4,511.0,SHEARWATER,,WDB2424,90,0,,,,0,A
366875820,2019-12-19T20:38:42,33.89496,-119.56423,4.2,272.0,511.0,SHEARWATER,,WDB2424,90,0,,,,0,A
366875820,2019-12-19T20:37:31,33.89500,-119.56255,4.5,262.2,511.0,SHEARWATER,,WDB2424,90,0,,,,0,A
366875820,2019-12-19T20:35:41,33.89556,-119.56015,3.4,254.1,511.0,SHEARWATER,,WDB2424,90,0,,,,0,A
366875820,2019-12-19T20:34:20,33.89562,-119.55904,0.0,194.5,511.0,SHEARWATER,,WDB2424,90,0,,,,0,A
366875820,2019-12-19T20:33:01,33.89566,-119.55896,0.3,257.6,511.0,SHEARWATER,,WDB2424,90,0,,,,0,A
366875820,2019-12-19T20:31:31,33.89570,-119.55882,0.7,247.5,511.0,SHEARWATER,,WDB2424,90,0,,,,0,A
368926257,2019-12-20T10:06:18,33.88355,-119.56406,19.1,207.7,511.0,SDTS EDD-964,,,35,,172,16,,,B
368926257,2019-12-20T10:04:48,33.89053,-119.55955,18.8,207.8,511.0,SDTS EDD-964,,,35,,172,16,,,B
367621160,2019-12-18T07:17:26,33.89675,-119.56085,8.5,101.5,511.0,FREEDOM,,WDH4766,60,0,24,7,,,A
367621160,2019-12-18T07:16:25,33.89718,-119.56376,8.5,105.1,511.0,FREEDOM,,WDH4766,60,0,24,7,,,A
367621160,2019-12-18T07:15:16,33.89771,-119.56704,8.7,99.7,511.0,FREEDOM,,WDH4766,60,0,24,7,,,A
367621160,2019-12-18T07:14:04,33.89824,-119.57048,8.7,101.5,511.0,FREEDOM,,WDH4766,60,0,24,7,,,A
367621160,2019-12-18T07:12:55,33.89873,-119.57379,8.9,101.4,511.0,FREEDOM,,WDH4766,60,0,24,7,,,A
367621160,2019-12-18T07:11:45,33.89927,-119.57712,8.8,97.0,511.0,FREEDOM,,WDH4766,60,0,24,7,,,A
367621160,2019-12-18T07:10:34,33.89982,-119.58047,8.9,100.3,511.0,FREEDOM,,WDH4766,60,0,24,7,,,A
367621160,2019-12-18T07:09:24,33.90034,-119.58384,8.6,100.5,511.0,FREEDOM,,WDH4766,60,0,24,7,,,A
367621160,2019-12-18T07:08:15,33.90086,-119.58713,9.0,101.7,511.0,FREEDOM,,WDH4766,60,0,24,7,,,A
367621160,2019-12-18T07:07:05,33.90132,-119.59055,9.0,94.4,511.0,FREEDOM,,WDH4766,60,0,24,7,,,A
367621160,2019-12-18T07:05:55,33.90193,-119.59384,8.4,100.4,511.0,FREEDOM,,WDH4766,60,0,24,7,,,A
367621160,2019-12-18T07:04:45,33.90248,-119.59717,8.8,100.1,511.0,FREEDOM,,WDH4766,60,0,24,7,,,A
367621160,2019-12-18T07:03:35,33.90304,-119.60057,8.6,98.7,511.0,FREEDOM,,WDH4766,60,0,24,7,,,A
